method,config,edge_mae,ler_mae,lwr_mae,seed
seg-only,"(1.5, 8.0, 0.3, 0.0)",0.8522188663482666,0.4163915514945984,0.5537556409835815,0
seg-only,"(1.5, 8.0, 0.3, 0.0)",0.8065310716629028,0.3649481534957886,0.45818209648132324,0
seg-only,"(1.5, 8.0, 0.3, 0.0)",0.8606002926826477,0.3937839865684509,0.6596221923828125,0
seg-only,"(1.5, 8.0, 0.3, 0.0)",0.8348998725414276,0.4124554991722107,0.5265966653823853,0
seg-only,"(1.5, 8.0, 0.3, 0.0)",0.8255645334720612,0.43061256408691406,0.5427259206771851,0
seg-only,"(1.5, 8.0, 0.3, 0.0)",0.8510110080242157,0.5000677406787872,0.6517868041992188,0
seg-only,"(1.5, 8.0, 0.3, 0.0)",0.824334442615509,0.43571364879608154,0.6101926565170288,0
seg-only,"(1.5, 8.0, 0.3, 0.0)",0.8320392370223999,0.3786619305610657,0.5756080150604248,0
seg-only,"(1.5, 8.0, 0.3, 0.0)",0.839320719242096,0.3856314420700073,0.5481610298156738,0
seg-only,"(1.5, 8.0, 0.3, 0.0)",0.8466091752052307,0.4048979878425598,0.5343281030654907,0
seg-only,"(1.5, 8.0, 0.3, 0.0)",0.8209308385848999,0.35894590616226196,0.6151129007339478,0
seg-only,"(1.5, 8.0, 0.3, 0.0)",0.8216037750244141,0.4219610095024109,0.6822640895843506,0
seg-only,"(1.5, 8.0, 0.3, 0.0)",0.8030356168746948,0.3894573450088501,0.5442780256271362,0
seg-only,"(1.5, 8.0, 0.3, 0.0)",0.821593165397644,0.4521524906158447,0.6410644054412842,0
seg-only,"(1.5, 8.0, 0.3, 0.0)",0.8240095973014832,0.38728392124176025,0.5398099422454834,0
seg-only,"(1.5, 8.0, 0.3, 0.3)",0.8228248655796051,0.42920005321502686,0.48348677158355713,0
seg-only,"(1.5, 8.0, 0.3, 0.3)",0.8001374006271362,0.40618008375167847,0.3162877559661865,0
seg-only,"(1.5, 8.0, 0.3, 0.3)",0.8086262345314026,0.29341769218444824,0.3637521266937256,0
seg-only,"(1.5, 8.0, 0.3, 0.3)",0.7675585150718689,0.3290354013442993,0.3836325407028198,0
seg-only,"(1.5, 8.0, 0.3, 0.3)",0.8100979030132294,0.3597262501716614,0.4670107364654541,0
seg-only,"(1.5, 8.0, 0.3, 0.3)",0.8164683878421783,0.4495982527732849,0.5832903385162354,0
seg-only,"(1.5, 8.0, 0.3, 0.3)",0.827892392873764,0.4149406850337982,0.44880175590515137,0
seg-only,"(1.5, 8.0, 0.3, 0.3)",0.7891651391983032,0.38386380672454834,0.5253677368164062,0
seg-only,"(1.5, 8.0, 0.3, 0.3)",0.8529039323329926,0.48648273944854736,0.4575974941253662,0
seg-only,"(1.5, 8.0, 0.3, 0.3)",0.8246937394142151,0.4052909016609192,0.5210678577423096,0
seg-only,"(1.5, 8.0, 0.3, 0.3)",0.8601738810539246,0.46119141578674316,0.5344243049621582,0
seg-only,"(1.5, 8.0, 0.3, 0.3)",0.8093400299549103,0.3992964029312134,0.41126346588134766,0
seg-only,"(1.5, 8.0, 0.3, 0.3)",0.8107815086841583,0.37154918909072876,0.30539989471435547,0
seg-only,"(1.5, 8.0, 0.3, 0.3)",0.8088605403900146,0.4626004695892334,0.6403727531433105,0
seg-only,"(1.5, 8.0, 0.3, 0.3)",0.83235102891922,0.46471378207206726,0.4917799234390259,0
seg-only,"(1.5, 8.0, 0.3, 0.6)",0.8092294633388519,0.43797656893730164,0.3214282989501953,0
seg-only,"(1.5, 8.0, 0.3, 0.6)",0.8083512187004089,0.43877875804901123,0.31972038745880127,0
seg-only,"(1.5, 8.0, 0.3, 0.6)",0.8448324501514435,0.4126952886581421,0.37193238735198975,0
seg-only,"(1.5, 8.0, 0.3, 0.6)",0.8021381199359894,0.3773890733718872,0.11684060096740723,0
seg-only,"(1.5, 8.0, 0.3, 0.6)",0.8590021133422852,0.38908982276916504,0.20886719226837158,0
seg-only,"(1.5, 8.0, 0.3, 0.6)",0.8384124338626862,0.45030149817466736,0.34433144330978394,0
seg-only,"(1.5, 8.0, 0.3, 0.6)",0.8323999047279358,0.43633899092674255,0.2905435562133789,0
seg-only,"(1.5, 8.0, 0.3, 0.6)",0.8352397978305817,0.3922279477119446,0.4335397481918335,0
seg-only,"(1.5, 8.0, 0.3, 0.6)",0.8806681334972382,0.47303342819213867,0.194754958152771,0
seg-only,"(1.5, 8.0, 0.3, 0.6)",0.8489938378334045,0.38209307193756104,0.24940574169158936,0
seg-only,"(1.5, 8.0, 0.3, 0.6)",0.8448983430862427,0.4495268762111664,0.25680649280548096,0
seg-only,"(1.5, 8.0, 0.3, 0.6)",0.8208822011947632,0.43695756793022156,0.3514772653579712,0
seg-only,"(1.5, 8.0, 0.3, 0.6)",0.7896111607551575,0.3518909811973572,0.2079787254333496,0
seg-only,"(1.5, 8.0, 0.3, 0.6)",0.843866616487503,0.40399861335754395,0.2673696279525757,0
seg-only,"(1.5, 8.0, 0.3, 0.6)",0.7891482710838318,0.44809186458587646,0.33689987659454346,0
seg-only,"(1.5, 8.0, 0.3, -0.3)",0.8734767138957977,0.432002991437912,0.7041172981262207,0
seg-only,"(1.5, 8.0, 0.3, -0.3)",0.8438197374343872,0.37631046772003174,0.6522262096405029,0
seg-only,"(1.5, 8.0, 0.3, -0.3)",0.7894484102725983,0.40399426221847534,0.7105108499526978,0
seg-only,"(1.5, 8.0, 0.3, -0.3)",0.8614952564239502,0.4629356265068054,0.7348672151565552,0
seg-only,"(1.5, 8.0, 0.3, -0.3)",0.8549997210502625,0.429205060005188,0.7045066356658936,0
seg-only,"(1.5, 8.0, 0.3, -0.3)",0.8619888126850128,0.36180323362350464,0.6844199895858765,0
seg-only,"(1.5, 8.0, 0.3, -0.3)",0.805000901222229,0.4325813055038452,0.749748706817627,0
seg-only,"(1.5, 8.0, 0.3, -0.3)",0.8210729658603668,0.4060095548629761,0.659019947052002,0
seg-only,"(1.5, 8.0, 0.3, -0.3)",0.9006531834602356,0.5060701668262482,0.9085361957550049,0
seg-only,"(1.5, 8.0, 0.3, -0.3)",0.8153803646564484,0.38916242122650146,0.6188734769821167,0
seg-only,"(1.5, 8.0, 0.3, -0.3)",0.8638448417186737,0.453891396522522,0.754991888999939,0
seg-only,"(1.5, 8.0, 0.3, -0.3)",0.8292141556739807,0.43350404500961304,0.7365403175354004,0
seg-only,"(1.5, 8.0, 0.3, -0.3)",0.8317247331142426,0.4414765238761902,0.7714351415634155,0
seg-only,"(1.5, 8.0, 0.3, -0.3)",0.8553649187088013,0.45038607716560364,0.8433862924575806,0
seg-only,"(1.5, 8.0, 0.3, -0.3)",0.8489888310432434,0.3871087431907654,0.5622808933258057,0
seg-only,"(1.5, 8.0, 0.7, 0.0)",0.6115416586399078,0.2544260621070862,0.3625425100326538,0
seg-only,"(1.5, 8.0, 0.7, 0.0)",0.5957102477550507,0.18392479419708252,0.28687477111816406,0
seg-only,"(1.5, 8.0, 0.7, 0.0)",0.6371254920959473,0.2294548749923706,0.3884347677230835,0
seg-only,"(1.5, 8.0, 0.7, 0.0)",0.6595959663391113,0.2753504514694214,0.41683077812194824,0
seg-only,"(1.5, 8.0, 0.7, 0.0)",0.589433491230011,0.2547123432159424,0.35285770893096924,0
seg-only,"(1.5, 8.0, 0.7, 0.0)",0.6213679611682892,0.18806737661361694,0.3524458408355713,0
seg-only,"(1.5, 8.0, 0.7, 0.0)",0.6365581750869751,0.2681308388710022,0.4217411279678345,0
seg-only,"(1.5, 8.0, 0.7, 0.0)",0.6054688692092896,0.1627662181854248,0.2229022979736328,0
seg-only,"(1.5, 8.0, 0.7, 0.0)",0.603479415178299,0.18369638919830322,0.32797396183013916,0
seg-only,"(1.5, 8.0, 0.7, 0.0)",0.6115607619285583,0.17511272430419922,0.16324734687805176,0
seg-only,"(1.5, 8.0, 0.7, 0.0)",0.611244797706604,0.19702929258346558,0.19530034065246582,0
seg-only,"(1.5, 8.0, 0.7, 0.0)",0.623278945684433,0.19904249906539917,0.29855966567993164,0
seg-only,"(1.5, 8.0, 0.7, 0.0)",0.6109315752983093,0.2209671139717102,0.24134624004364014,0
seg-only,"(1.5, 8.0, 0.7, 0.0)",0.5941456854343414,0.24985897541046143,0.2988007068634033,0
seg-only,"(1.5, 8.0, 0.7, 0.0)",0.6344811022281647,0.17563515901565552,0.2892632484436035,0
seg-only,"(1.5, 8.0, 0.7, 0.3)",0.6215817332267761,0.2900920510292053,0.29306304454803467,0
seg-only,"(1.5, 8.0, 0.7, 0.3)",0.584791511297226,0.15539270639419556,0.13788020610809326,0
seg-only,"(1.5, 8.0, 0.7, 0.3)",0.5838128626346588,0.14646202325820923,0.21744287014007568,0
seg-only,"(1.5, 8.0, 0.7, 0.3)",0.628215491771698,0.20851892232894897,0.14866220951080322,0
seg-only,"(1.5, 8.0, 0.7, 0.3)",0.6269610822200775,0.20262819528579712,0.3507688045501709,0
seg-only,"(1.5, 8.0, 0.7, 0.3)",0.6703373193740845,0.2548264265060425,0.23643279075622559,0
seg-only,"(1.5, 8.0, 0.7, 0.3)",0.5999480187892914,0.17810994386672974,0.19952261447906494,0
seg-only,"(1.5, 8.0, 0.7, 0.3)",0.6010830402374268,0.2048509120941162,0.19935500621795654,0
seg-only,"(1.5, 8.0, 0.7, 0.3)",0.6280394792556763,0.18629831075668335,0.2537388801574707,0
seg-only,"(1.5, 8.0, 0.7, 0.3)",0.6363752782344818,0.22659170627593994,0.29672157764434814,0
seg-only,"(1.5, 8.0, 0.7, 0.3)",0.6078546345233917,0.16896694898605347,0.14320409297943115,0
seg-only,"(1.5, 8.0, 0.7, 0.3)",0.6089067161083221,0.20254004001617432,0.24080109596252441,0
seg-only,"(1.5, 8.0, 0.7, 0.3)",0.5874854326248169,0.16197967529296875,0.199928879737854,0
seg-only,"(1.5, 8.0, 0.7, 0.3)",0.6487943232059479,0.17643004655838013,0.18043220043182373,0
seg-only,"(1.5, 8.0, 0.7, 0.3)",0.5888012051582336,0.19062542915344238,0.22259342670440674,0
seg-only,"(1.5, 8.0, 0.7, 0.6)",0.6010409891605377,0.18878591060638428,0.026064515113830566,0
seg-only,"(1.5, 8.0, 0.7, 0.6)",0.6257469356060028,0.24348032474517822,0.17465543746948242,0
seg-only,"(1.5, 8.0, 0.7, 0.6)",0.5736846029758453,0.17097455263137817,0.12578463554382324,0
seg-only,"(1.5, 8.0, 0.7, 0.6)",0.6463714838027954,0.23895186185836792,0.13685476779937744,0
seg-only,"(1.5, 8.0, 0.7, 0.6)",0.6463485658168793,0.25218719244003296,0.10878050327301025,0
seg-only,"(1.5, 8.0, 0.7, 0.6)",0.6608637869358063,0.1962352991104126,0.05074632167816162,0
seg-only,"(1.5, 8.0, 0.7, 0.6)",0.6134770512580872,0.16233593225479126,0.2286388874053955,0
seg-only,"(1.5, 8.0, 0.7, 0.6)",0.6573127508163452,0.30209606885910034,0.21913981437683105,0
seg-only,"(1.5, 8.0, 0.7, 0.6)",0.625663161277771,0.2074744701385498,0.11862242221832275,0
seg-only,"(1.5, 8.0, 0.7, 0.6)",0.6415213048458099,0.19689464569091797,0.05842876434326172,0
seg-only,"(1.5, 8.0, 0.7, 0.6)",0.617590606212616,0.24686843156814575,0.16915953159332275,0
seg-only,"(1.5, 8.0, 0.7, 0.6)",0.6294961869716644,0.14550405740737915,0.11142635345458984,0
seg-only,"(1.5, 8.0, 0.7, 0.6)",0.6444703340530396,0.21794134378433228,0.1670140027999878,0
seg-only,"(1.5, 8.0, 0.7, 0.6)",0.6795055568218231,0.25967901945114136,0.08283591270446777,0
seg-only,"(1.5, 8.0, 0.7, 0.6)",0.6334132850170135,0.24467360973358154,0.21873235702514648,0
seg-only,"(1.5, 8.0, 0.7, -0.3)",0.6250787973403931,0.19345533847808838,0.47408246994018555,0
seg-only,"(1.5, 8.0, 0.7, -0.3)",0.6222447156906128,0.15431088209152222,0.16623187065124512,0
seg-only,"(1.5, 8.0, 0.7, -0.3)",0.6253328025341034,0.21890854835510254,0.3935738801956177,0
seg-only,"(1.5, 8.0, 0.7, -0.3)",0.610360711812973,0.21335041522979736,0.35642504692077637,0
seg-only,"(1.5, 8.0, 0.7, -0.3)",0.6242828667163849,0.20207905769348145,0.3889871835708618,0
seg-only,"(1.5, 8.0, 0.7, -0.3)",0.6141355335712433,0.24742233753204346,0.4173319339752197,0
seg-only,"(1.5, 8.0, 0.7, -0.3)",0.6224838495254517,0.20732462406158447,0.40663576126098633,0
seg-only,"(1.5, 8.0, 0.7, -0.3)",0.5520210266113281,0.1432287096977234,0.27622151374816895,0
seg-only,"(1.5, 8.0, 0.7, -0.3)",0.6014778316020966,0.24150323867797852,0.41852593421936035,0
seg-only,"(1.5, 8.0, 0.7, -0.3)",0.6056925058364868,0.17759740352630615,0.2842066287994385,0
seg-only,"(1.5, 8.0, 0.7, -0.3)",0.6169588565826416,0.25282758474349976,0.4069603681564331,0
seg-only,"(1.5, 8.0, 0.7, -0.3)",0.6251517534255981,0.27115046977996826,0.5754622220993042,0
seg-only,"(1.5, 8.0, 0.7, -0.3)",0.6062994301319122,0.22057759761810303,0.3954836130142212,0
seg-only,"(1.5, 8.0, 0.7, -0.3)",0.648872971534729,0.34307795763015747,0.6329877376556396,0
seg-only,"(1.5, 8.0, 0.7, -0.3)",0.6526831984519958,0.23215752840042114,0.35900235176086426,0
seg-only,"(1.5, 20.0, 0.3, 0.0)",0.6856733560562134,0.24763387441635132,0.39437317848205566,0
seg-only,"(1.5, 20.0, 0.3, 0.0)",0.6603258550167084,0.264467716217041,0.32065844535827637,0
seg-only,"(1.5, 20.0, 0.3, 0.0)",0.7057141959667206,0.23539859056472778,0.3777815103530884,0
seg-only,"(1.5, 20.0, 0.3, 0.0)",0.6602700650691986,0.2186814546585083,0.3297097682952881,0
seg-only,"(1.5, 20.0, 0.3, 0.0)",0.6783480942249298,0.28359824419021606,0.4245821237564087,0
seg-only,"(1.5, 20.0, 0.3, 0.0)",0.6268216371536255,0.2324211597442627,0.23380613327026367,0
seg-only,"(1.5, 20.0, 0.3, 0.0)",0.6796676814556122,0.2414059042930603,0.3744407892227173,0
seg-only,"(1.5, 20.0, 0.3, 0.0)",0.6912032961845398,0.32735300064086914,0.42563843727111816,0
seg-only,"(1.5, 20.0, 0.3, 0.0)",0.6936599314212799,0.25360381603240967,0.3664398193359375,0
seg-only,"(1.5, 20.0, 0.3, 0.0)",0.6991015374660492,0.24520152807235718,0.37066805362701416,0
seg-only,"(1.5, 20.0, 0.3, 0.0)",0.6694319844245911,0.2501288056373596,0.3144986629486084,0
seg-only,"(1.5, 20.0, 0.3, 0.0)",0.7035917639732361,0.3074638843536377,0.42094898223876953,0
seg-only,"(1.5, 20.0, 0.3, 0.0)",0.6674332916736603,0.22436821460723877,0.27969658374786377,0
seg-only,"(1.5, 20.0, 0.3, 0.0)",0.6747455298900604,0.19896453619003296,0.33480751514434814,0
seg-only,"(1.5, 20.0, 0.3, 0.0)",0.6867881417274475,0.2796764373779297,0.47592318058013916,0
seg-only,"(1.5, 20.0, 0.3, 0.3)",0.667181670665741,0.2743186354637146,0.2688918113708496,0
seg-only,"(1.5, 20.0, 0.3, 0.3)",0.6972432732582092,0.23377364873886108,0.18421828746795654,0
seg-only,"(1.5, 20.0, 0.3, 0.3)",0.6710816025733948,0.23275834321975708,0.3230926990509033,0
seg-only,"(1.5, 20.0, 0.3, 0.3)",0.6831527650356293,0.28002017736434937,0.3094097375869751,0
seg-only,"(1.5, 20.0, 0.3, 0.3)",0.7142124176025391,0.26341599225997925,0.26460516452789307,0
seg-only,"(1.5, 20.0, 0.3, 0.3)",0.6575744152069092,0.2154172658920288,0.2720290422439575,0
seg-only,"(1.5, 20.0, 0.3, 0.3)",0.6752969622612,0.241161048412323,0.38806629180908203,0
seg-only,"(1.5, 20.0, 0.3, 0.3)",0.665338397026062,0.24408185482025146,0.23285651206970215,0
seg-only,"(1.5, 20.0, 0.3, 0.3)",0.6455225944519043,0.15076035261154175,0.0731053352355957,0
seg-only,"(1.5, 20.0, 0.3, 0.3)",0.6859701871871948,0.20904433727264404,0.2666970491409302,0
seg-only,"(1.5, 20.0, 0.3, 0.3)",0.652073472738266,0.2254098653793335,0.30781102180480957,0
seg-only,"(1.5, 20.0, 0.3, 0.3)",0.6756126880645752,0.29147034883499146,0.3189319372177124,0
seg-only,"(1.5, 20.0, 0.3, 0.3)",0.652494341135025,0.22566282749176025,0.23374414443969727,0
seg-only,"(1.5, 20.0, 0.3, 0.3)",0.6568492650985718,0.20346319675445557,0.3603479862213135,0
seg-only,"(1.5, 20.0, 0.3, 0.3)",0.6766709387302399,0.2403501272201538,0.3224308490753174,0
seg-only,"(1.5, 20.0, 0.3, 0.6)",0.7229698002338409,0.1715269684791565,0.07150018215179443,0
seg-only,"(1.5, 20.0, 0.3, 0.6)",0.6665363609790802,0.26653921604156494,0.02726006507873535,0
seg-only,"(1.5, 20.0, 0.3, 0.6)",0.6949042975902557,0.15026849508285522,0.18640673160552979,0
seg-only,"(1.5, 20.0, 0.3, 0.6)",0.6523221433162689,0.30145224928855896,0.21614325046539307,0
seg-only,"(1.5, 20.0, 0.3, 0.6)",0.6992949843406677,0.2733244299888611,0.19654548168182373,0
seg-only,"(1.5, 20.0, 0.3, 0.6)",0.6909191906452179,0.3045461177825928,0.06452763080596924,0
seg-only,"(1.5, 20.0, 0.3, 0.6)",0.7255874872207642,0.2524781823158264,0.2001703977584839,0
seg-only,"(1.5, 20.0, 0.3, 0.6)",0.67866051197052,0.23460844159126282,0.12917959690093994,0
seg-only,"(1.5, 20.0, 0.3, 0.6)",0.7065869271755219,0.3060634136199951,0.16531431674957275,0
seg-only,"(1.5, 20.0, 0.3, 0.6)",0.6821995079517365,0.25172239542007446,0.07209038734436035,0
seg-only,"(1.5, 20.0, 0.3, 0.6)",0.6968017816543579,0.2217574119567871,0.1983170509338379,0
seg-only,"(1.5, 20.0, 0.3, 0.6)",0.6808291375637054,0.3139866590499878,0.25835084915161133,0
seg-only,"(1.5, 20.0, 0.3, 0.6)",0.6636851727962494,0.20614475011825562,0.17673766613006592,0
seg-only,"(1.5, 20.0, 0.3, 0.6)",0.6675513982772827,0.23758864402770996,0.20328044891357422,0
seg-only,"(1.5, 20.0, 0.3, 0.6)",0.6747464239597321,0.22647356986999512,0.16753017902374268,0
seg-only,"(1.5, 20.0, 0.3, -0.3)",0.6847959756851196,0.2274739146232605,0.4000509977340698,0
seg-only,"(1.5, 20.0, 0.3, -0.3)",0.682129442691803,0.27840811014175415,0.4453078508377075,0
seg-only,"(1.5, 20.0, 0.3, -0.3)",0.64840167760849,0.18451011180877686,0.2928791046142578,0
seg-only,"(1.5, 20.0, 0.3, -0.3)",0.6783510744571686,0.29073840379714966,0.452986478805542,0
seg-only,"(1.5, 20.0, 0.3, -0.3)",0.6987959444522858,0.2697938084602356,0.4650038480758667,0
seg-only,"(1.5, 20.0, 0.3, -0.3)",0.6722070276737213,0.2638236880302429,0.49217844009399414,0
seg-only,"(1.5, 20.0, 0.3, -0.3)",0.7094725966453552,0.19892585277557373,0.3362196683883667,0
seg-only,"(1.5, 20.0, 0.3, -0.3)",0.6544273793697357,0.1819922924041748,0.3053147792816162,0
seg-only,"(1.5, 20.0, 0.3, -0.3)",0.6477183699607849,0.17789030075073242,0.34296178817749023,0
seg-only,"(1.5, 20.0, 0.3, -0.3)",0.6510764360427856,0.2219160795211792,0.3315087556838989,0
seg-only,"(1.5, 20.0, 0.3, -0.3)",0.6717480719089508,0.2747945189476013,0.4482457637786865,0
seg-only,"(1.5, 20.0, 0.3, -0.3)",0.6408608257770538,0.17984157800674438,0.2901756763458252,0
seg-only,"(1.5, 20.0, 0.3, -0.3)",0.6491455435752869,0.24898183345794678,0.4047372341156006,0
seg-only,"(1.5, 20.0, 0.3, -0.3)",0.6874333620071411,0.2439028024673462,0.3907134532928467,0
seg-only,"(1.5, 20.0, 0.3, -0.3)",0.6984712183475494,0.26749640703201294,0.4655489921569824,0
seg-only,"(1.5, 20.0, 0.7, 0.0)",0.4190276712179184,0.05480086803436279,0.046294450759887695,0
seg-only,"(1.5, 20.0, 0.7, 0.0)",0.43168093264102936,0.032778918743133545,0.002741694450378418,0
seg-only,"(1.5, 20.0, 0.7, 0.0)",0.43292689323425293,0.04435986280441284,0.01985645294189453,0
seg-only,"(1.5, 20.0, 0.7, 0.0)",0.4616554081439972,0.08589410781860352,0.17219674587249756,0
seg-only,"(1.5, 20.0, 0.7, 0.0)",0.43941807746887207,0.08780670166015625,0.0752866268157959,0
seg-only,"(1.5, 20.0, 0.7, 0.0)",0.4648505747318268,0.1047099232673645,0.15826416015625,0
seg-only,"(1.5, 20.0, 0.7, 0.0)",0.44008730351924896,0.049921512603759766,0.012084007263183594,0
seg-only,"(1.5, 20.0, 0.7, 0.0)",0.43559467792510986,0.06689101457595825,0.01645636558532715,0
seg-only,"(1.5, 20.0, 0.7, 0.0)",0.4567206799983978,0.03116220235824585,0.08282470703125,0
seg-only,"(1.5, 20.0, 0.7, 0.0)",0.4489539563655853,0.070309579372406,0.04027557373046875,0
seg-only,"(1.5, 20.0, 0.7, 0.0)",0.4842248558998108,0.14174401760101318,0.1412208080291748,0
seg-only,"(1.5, 20.0, 0.7, 0.0)",0.46001090109348297,0.11197972297668457,0.11774396896362305,0
seg-only,"(1.5, 20.0, 0.7, 0.0)",0.4678674042224884,0.09171342849731445,0.10074865818023682,0
seg-only,"(1.5, 20.0, 0.7, 0.0)",0.3887379914522171,0.09438586235046387,0.09339427947998047,0
seg-only,"(1.5, 20.0, 0.7, 0.0)",0.4531628340482712,0.10834288597106934,0.12929630279541016,0
seg-only,"(1.5, 20.0, 0.7, 0.3)",0.4100780338048935,0.07002031803131104,0.007291436195373535,0
seg-only,"(1.5, 20.0, 0.7, 0.3)",0.4335302710533142,0.07573968172073364,0.16273236274719238,0
seg-only,"(1.5, 20.0, 0.7, 0.3)",0.4330613613128662,0.06219792366027832,0.02372455596923828,0
seg-only,"(1.5, 20.0, 0.7, 0.3)",0.4338582158088684,0.04880779981613159,0.034121155738830566,0
seg-only,"(1.5, 20.0, 0.7, 0.3)",0.4440212547779083,0.03508812189102173,0.04429018497467041,0
seg-only,"(1.5, 20.0, 0.7, 0.3)",0.44223520159721375,0.12669575214385986,0.11543011665344238,0
seg-only,"(1.5, 20.0, 0.7, 0.3)",0.41856181621551514,0.09445184469223022,0.13709449768066406,0
seg-only,"(1.5, 20.0, 0.7, 0.3)",0.43625912070274353,0.09943497180938721,0.12779927253723145,0
seg-only,"(1.5, 20.0, 0.7, 0.3)",0.45839473605155945,0.029685676097869873,0.021491408348083496,0
seg-only,"(1.5, 20.0, 0.7, 0.3)",0.4088214188814163,0.09705305099487305,0.10291361808776855,0
seg-only,"(1.5, 20.0, 0.7, 0.3)",0.42744387686252594,0.10494369268417358,0.10016560554504395,0
seg-only,"(1.5, 20.0, 0.7, 0.3)",0.46237874031066895,0.01492375135421753,0.008736729621887207,0
seg-only,"(1.5, 20.0, 0.7, 0.3)",0.4453962594270706,0.08741027116775513,0.09104633331298828,0
seg-only,"(1.5, 20.0, 0.7, 0.3)",0.4451223462820053,0.06177443265914917,0.016654610633850098,0
seg-only,"(1.5, 20.0, 0.7, 0.3)",0.45649994909763336,0.06797158718109131,0.0515061616897583,0
seg-only,"(1.5, 20.0, 0.7, 0.6)",0.41340379416942596,0.11026710271835327,0.01851940155029297,0
seg-only,"(1.5, 20.0, 0.7, 0.6)",0.4232582747936249,0.08793085813522339,0.06361854076385498,0
seg-only,"(1.5, 20.0, 0.7, 0.6)",0.4567525088787079,0.06048506498336792,0.0004886388778686523,0
seg-only,"(1.5, 20.0, 0.7, 0.6)",0.4050528109073639,0.07289505004882812,0.013926148414611816,0
seg-only,"(1.5, 20.0, 0.7, 0.6)",0.4346083998680115,0.031190991401672363,0.0540165901184082,0
seg-only,"(1.5, 20.0, 0.7, 0.6)",0.4259392023086548,0.07366806268692017,0.007110595703125,0
seg-only,"(1.5, 20.0, 0.7, 0.6)",0.43405964970588684,0.12341487407684326,0.025240302085876465,0
seg-only,"(1.5, 20.0, 0.7, 0.6)",0.5363662242889404,0.08127474784851074,0.10656845569610596,0
seg-only,"(1.5, 20.0, 0.7, 0.6)",0.45192675292491913,0.07695412635803223,0.05449199676513672,0
seg-only,"(1.5, 20.0, 0.7, 0.6)",0.43720869719982147,0.04424518346786499,0.10907495021820068,0
seg-only,"(1.5, 20.0, 0.7, 0.6)",0.46751561760902405,0.06312906742095947,0.05296003818511963,0
seg-only,"(1.5, 20.0, 0.7, 0.6)",0.4604858458042145,0.04266554117202759,0.029204726219177246,0
seg-only,"(1.5, 20.0, 0.7, 0.6)",0.43375495076179504,0.08629453182220459,0.0320744514465332,0
seg-only,"(1.5, 20.0, 0.7, 0.6)",0.45462070405483246,0.10989254713058472,0.023403167724609375,0
seg-only,"(1.5, 20.0, 0.7, 0.6)",0.4681551605463028,0.08909720182418823,0.06558942794799805,0
seg-only,"(1.5, 20.0, 0.7, -0.3)",0.4538831412792206,0.08362478017807007,0.176255464553833,0
seg-only,"(1.5, 20.0, 0.7, -0.3)",0.42332959175109863,0.040106117725372314,0.04988837242126465,0
seg-only,"(1.5, 20.0, 0.7, -0.3)",0.4532240927219391,0.07261925935745239,0.09382486343383789,0
seg-only,"(1.5, 20.0, 0.7, -0.3)",0.4819779396057129,0.1033446192741394,0.24064230918884277,0
seg-only,"(1.5, 20.0, 0.7, -0.3)",0.4463662803173065,0.05566662549972534,0.12267160415649414,0
seg-only,"(1.5, 20.0, 0.7, -0.3)",0.456140473484993,0.0736013650894165,0.0390317440032959,0
seg-only,"(1.5, 20.0, 0.7, -0.3)",0.4362056404352188,0.007636845111846924,0.06348514556884766,0
seg-only,"(1.5, 20.0, 0.7, -0.3)",0.42830565571784973,0.046872735023498535,0.009085416793823242,0
seg-only,"(1.5, 20.0, 0.7, -0.3)",0.3922615796327591,0.0915302038192749,0.10461342334747314,0
seg-only,"(1.5, 20.0, 0.7, -0.3)",0.44754649698734283,0.1102977991104126,0.18586206436157227,0
seg-only,"(1.5, 20.0, 0.7, -0.3)",0.4693014323711395,0.10103434324264526,0.19503045082092285,0
seg-only,"(1.5, 20.0, 0.7, -0.3)",0.42168305814266205,0.0337713360786438,0.012615203857421875,0
seg-only,"(1.5, 20.0, 0.7, -0.3)",0.4170484244823456,0.085976243019104,0.15639245510101318,0
seg-only,"(1.5, 20.0, 0.7, -0.3)",0.44955992698669434,0.03247100114822388,0.03943061828613281,0
seg-only,"(1.5, 20.0, 0.7, -0.3)",0.4365560710430145,0.07190823554992676,0.02541661262512207,0
seg-only,"(3.0, 8.0, 0.3, 0.0)",1.518149733543396,0.7584596872329712,0.9665987491607666,0
seg-only,"(3.0, 8.0, 0.3, 0.0)",1.5491441488265991,0.8193367719650269,1.096339464187622,0
seg-only,"(3.0, 8.0, 0.3, 0.0)",1.5251732468605042,0.8126829862594604,1.2424440383911133,0
seg-only,"(3.0, 8.0, 0.3, 0.0)",1.500934362411499,0.7820135354995728,1.2194833755493164,0
seg-only,"(3.0, 8.0, 0.3, 0.0)",1.6111322045326233,0.824658989906311,1.0686366558074951,0
seg-only,"(3.0, 8.0, 0.3, 0.0)",1.5662782192230225,0.8495392799377441,1.1518988609313965,0
seg-only,"(3.0, 8.0, 0.3, 0.0)",1.5256800651550293,0.8018087148666382,1.3203444480895996,0
seg-only,"(3.0, 8.0, 0.3, 0.0)",1.5402979850769043,0.8489667177200317,1.5024473667144775,0
seg-only,"(3.0, 8.0, 0.3, 0.0)",1.5405316352844238,0.7962160110473633,1.0491888523101807,0
seg-only,"(3.0, 8.0, 0.3, 0.0)",1.5296766757965088,0.7209358215332031,1.0636730194091797,0
seg-only,"(3.0, 8.0, 0.3, 0.0)",1.522268533706665,0.8102599382400513,1.0701968669891357,0
seg-only,"(3.0, 8.0, 0.3, 0.0)",1.5101187825202942,0.7578608989715576,0.847357988357544,0
seg-only,"(3.0, 8.0, 0.3, 0.0)",1.5616745352745056,0.7971168756484985,1.0085909366607666,0
seg-only,"(3.0, 8.0, 0.3, 0.0)",1.5997039675712585,0.8037285804748535,1.153775691986084,0
seg-only,"(3.0, 8.0, 0.3, 0.0)",1.5736970901489258,0.8273715972900391,1.1865499019622803,0
seg-only,"(3.0, 8.0, 0.3, 0.3)",1.6035138368606567,0.8977411985397339,0.9515681266784668,0
seg-only,"(3.0, 8.0, 0.3, 0.3)",1.6052513718605042,0.812650203704834,1.1884291172027588,0
seg-only,"(3.0, 8.0, 0.3, 0.3)",1.5219995379447937,0.728843092918396,0.8941357135772705,0
seg-only,"(3.0, 8.0, 0.3, 0.3)",1.5420910716056824,0.8411003947257996,0.9134602546691895,0
seg-only,"(3.0, 8.0, 0.3, 0.3)",1.5474491715431213,0.8275996446609497,0.8563110828399658,0
seg-only,"(3.0, 8.0, 0.3, 0.3)",1.4923319816589355,0.6651068925857544,0.8732929229736328,0
seg-only,"(3.0, 8.0, 0.3, 0.3)",1.602557361125946,0.8571445941925049,0.738006591796875,0
seg-only,"(3.0, 8.0, 0.3, 0.3)",1.492441475391388,0.7482516765594482,1.1231520175933838,0
seg-only,"(3.0, 8.0, 0.3, 0.3)",1.5340888500213623,0.760483980178833,0.733731746673584,0
seg-only,"(3.0, 8.0, 0.3, 0.3)",1.502919852733612,0.6205178499221802,0.8852424621582031,0
seg-only,"(3.0, 8.0, 0.3, 0.3)",1.5514678359031677,0.8593968152999878,0.9728295803070068,0
seg-only,"(3.0, 8.0, 0.3, 0.3)",1.5570221543312073,0.7849072217941284,0.8254306316375732,0
seg-only,"(3.0, 8.0, 0.3, 0.3)",1.6140373349189758,0.7995178699493408,0.9007782936096191,0
seg-only,"(3.0, 8.0, 0.3, 0.3)",1.4936412572860718,0.7997108697891235,0.7288076877593994,0
seg-only,"(3.0, 8.0, 0.3, 0.3)",1.5021719336509705,0.730664849281311,1.0103881359100342,0
seg-only,"(3.0, 8.0, 0.3, 0.6)",1.5131301879882812,0.7826422452926636,0.5427513122558594,0
seg-only,"(3.0, 8.0, 0.3, 0.6)",1.5084069967269897,0.8335873484611511,0.6033463478088379,0
seg-only,"(3.0, 8.0, 0.3, 0.6)",1.5345563888549805,0.7244704961776733,0.5990097522735596,0
seg-only,"(3.0, 8.0, 0.3, 0.6)",1.5347451567649841,0.7878055572509766,0.7554173469543457,0
seg-only,"(3.0, 8.0, 0.3, 0.6)",1.5499857664108276,0.7311571836471558,0.5342562198638916,0
seg-only,"(3.0, 8.0, 0.3, 0.6)",1.5319734811782837,0.8172256946563721,0.8244601488113403,0
seg-only,"(3.0, 8.0, 0.3, 0.6)",1.5727658867835999,0.8123495578765869,0.5958859920501709,0
seg-only,"(3.0, 8.0, 0.3, 0.6)",1.4870129227638245,0.711138129234314,0.7303248643875122,0
seg-only,"(3.0, 8.0, 0.3, 0.6)",1.507712185382843,0.7917020320892334,0.7647536993026733,0
seg-only,"(3.0, 8.0, 0.3, 0.6)",1.5797839760780334,0.7724630832672119,0.5597677230834961,0
seg-only,"(3.0, 8.0, 0.3, 0.6)",1.6229292154312134,0.7916079759597778,0.7591942548751831,0
seg-only,"(3.0, 8.0, 0.3, 0.6)",1.537947416305542,0.8943564295768738,0.7195608615875244,0
seg-only,"(3.0, 8.0, 0.3, 0.6)",1.5820554494857788,0.8764997720718384,0.638887882232666,0
seg-only,"(3.0, 8.0, 0.3, 0.6)",1.6061124801635742,0.9161177277565002,0.721926212310791,0
seg-only,"(3.0, 8.0, 0.3, 0.6)",1.5521219968795776,0.8190803527832031,0.5437610149383545,0
seg-only,"(3.0, 8.0, 0.3, -0.3)",1.5134938955307007,0.7001322507858276,1.1309585571289062,0
seg-only,"(3.0, 8.0, 0.3, -0.3)",1.582510530948639,0.8773531913757324,1.5474913120269775,0
seg-only,"(3.0, 8.0, 0.3, -0.3)",1.5171124935150146,0.7867312431335449,1.2963168621063232,0
seg-only,"(3.0, 8.0, 0.3, -0.3)",1.6023608446121216,0.7637602090835571,1.2051095962524414,0
seg-only,"(3.0, 8.0, 0.3, -0.3)",1.4813077449798584,0.7938154339790344,1.3759105205535889,0
seg-only,"(3.0, 8.0, 0.3, -0.3)",1.5666515231132507,0.8816577196121216,1.393235683441162,0
seg-only,"(3.0, 8.0, 0.3, -0.3)",1.5884370803833008,0.8227004408836365,1.2397761344909668,0
seg-only,"(3.0, 8.0, 0.3, -0.3)",1.5577422976493835,0.8063079118728638,1.28546142578125,0
seg-only,"(3.0, 8.0, 0.3, -0.3)",1.5140849351882935,0.9491947293281555,1.6626136302947998,0
seg-only,"(3.0, 8.0, 0.3, -0.3)",1.5261062383651733,0.7572304010391235,1.175807237625122,0
seg-only,"(3.0, 8.0, 0.3, -0.3)",1.590710461139679,0.8527209758758545,1.4485142230987549,0
seg-only,"(3.0, 8.0, 0.3, -0.3)",1.5204837918281555,0.7529467344284058,1.1680188179016113,0
seg-only,"(3.0, 8.0, 0.3, -0.3)",1.6251370906829834,0.8772732019424438,1.446718692779541,0
seg-only,"(3.0, 8.0, 0.3, -0.3)",1.5001856684684753,0.7771421670913696,1.215876579284668,0
seg-only,"(3.0, 8.0, 0.3, -0.3)",1.5509265661239624,0.9018709659576416,1.3798208236694336,0
seg-only,"(3.0, 8.0, 0.7, 0.0)",1.100199580192566,0.37097108364105225,0.5366699695587158,0
seg-only,"(3.0, 8.0, 0.7, 0.0)",1.0677125453948975,0.37294769287109375,0.43156981468200684,0
seg-only,"(3.0, 8.0, 0.7, 0.0)",1.1180332899093628,0.4458448886871338,0.5933775901794434,0
seg-only,"(3.0, 8.0, 0.7, 0.0)",1.115853488445282,0.3586791753768921,0.5504543781280518,0
seg-only,"(3.0, 8.0, 0.7, 0.0)",1.0695923566818237,0.33508193492889404,0.25551462173461914,0
seg-only,"(3.0, 8.0, 0.7, 0.0)",1.0923817157745361,0.3335608243942261,0.3752422332763672,0
seg-only,"(3.0, 8.0, 0.7, 0.0)",1.1096359491348267,0.4682365655899048,0.8540339469909668,0
seg-only,"(3.0, 8.0, 0.7, 0.0)",1.1216716766357422,0.3499959707260132,0.6773760318756104,0
seg-only,"(3.0, 8.0, 0.7, 0.0)",1.0739771723747253,0.37757885456085205,0.5238626003265381,0
seg-only,"(3.0, 8.0, 0.7, 0.0)",1.0708737969398499,0.40772926807403564,0.5046627521514893,0
seg-only,"(3.0, 8.0, 0.7, 0.0)",1.1120434403419495,0.402734637260437,0.5352685451507568,0
seg-only,"(3.0, 8.0, 0.7, 0.0)",1.0834645628929138,0.39036619663238525,0.6419804096221924,0
seg-only,"(3.0, 8.0, 0.7, 0.0)",1.0482910871505737,0.4018733501434326,0.47234249114990234,0
seg-only,"(3.0, 8.0, 0.7, 0.0)",1.0910053849220276,0.370752215385437,0.5411033630371094,0
seg-only,"(3.0, 8.0, 0.7, 0.0)",1.0261591076850891,0.3560672998428345,0.699958086013794,0
seg-only,"(3.0, 8.0, 0.7, 0.3)",1.0202977061271667,0.3446800708770752,0.37941884994506836,0
seg-only,"(3.0, 8.0, 0.7, 0.3)",1.045939862728119,0.38730335235595703,0.5047459602355957,0
seg-only,"(3.0, 8.0, 0.7, 0.3)",1.093502402305603,0.3989865779876709,0.5046665668487549,0
seg-only,"(3.0, 8.0, 0.7, 0.3)",1.1092044115066528,0.45473992824554443,0.5535721778869629,0
seg-only,"(3.0, 8.0, 0.7, 0.3)",1.1236543655395508,0.37311267852783203,0.3247401714324951,0
seg-only,"(3.0, 8.0, 0.7, 0.3)",1.0930352210998535,0.43411457538604736,0.3841283321380615,0
seg-only,"(3.0, 8.0, 0.7, 0.3)",1.0998429656028748,0.3079352378845215,0.35982203483581543,0
seg-only,"(3.0, 8.0, 0.7, 0.3)",1.1294163465499878,0.3955765962600708,0.32457590103149414,0
seg-only,"(3.0, 8.0, 0.7, 0.3)",1.081756353378296,0.44205403327941895,0.6317183971405029,0
seg-only,"(3.0, 8.0, 0.7, 0.3)",1.1218244433403015,0.38652288913726807,0.4407029151916504,0
seg-only,"(3.0, 8.0, 0.7, 0.3)",1.1361035108566284,0.474398136138916,0.3603975772857666,0
seg-only,"(3.0, 8.0, 0.7, 0.3)",1.0711685419082642,0.4153038263320923,0.4731588363647461,0
seg-only,"(3.0, 8.0, 0.7, 0.3)",1.135023593902588,0.4094109535217285,0.4530637264251709,0
seg-only,"(3.0, 8.0, 0.7, 0.3)",1.0658551454544067,0.3456692695617676,0.33132433891296387,0
seg-only,"(3.0, 8.0, 0.7, 0.3)",1.0832249522209167,0.3555246591567993,0.5449650287628174,0
seg-only,"(3.0, 8.0, 0.7, 0.6)",1.071625292301178,0.29562604427337646,0.26613521575927734,0
seg-only,"(3.0, 8.0, 0.7, 0.6)",1.1203770637512207,0.42914891242980957,0.3670470714569092,0
seg-only,"(3.0, 8.0, 0.7, 0.6)",1.0821073055267334,0.4006303548812866,0.23897075653076172,0
seg-only,"(3.0, 8.0, 0.7, 0.6)",1.1270753145217896,0.43422019481658936,0.23234772682189941,0
seg-only,"(3.0, 8.0, 0.7, 0.6)",1.1343505382537842,0.4000488519668579,0.017399311065673828,0
seg-only,"(3.0, 8.0, 0.7, 0.6)",1.1686549186706543,0.5191476345062256,0.3704831600189209,0
seg-only,"(3.0, 8.0, 0.7, 0.6)",1.045329511165619,0.2756286859512329,0.25899529457092285,0
seg-only,"(3.0, 8.0, 0.7, 0.6)",1.145401120185852,0.3954397439956665,0.18966937065124512,0
seg-only,"(3.0, 8.0, 0.7, 0.6)",1.142874300479889,0.33022212982177734,0.24844098091125488,0
seg-only,"(3.0, 8.0, 0.7, 0.6)",1.1170327067375183,0.3779648542404175,0.5601177215576172,0
seg-only,"(3.0, 8.0, 0.7, 0.6)",1.1523406505584717,0.48979651927948,0.4790780544281006,0
seg-only,"(3.0, 8.0, 0.7, 0.6)",1.0631986856460571,0.42497944831848145,0.2422189712524414,0
seg-only,"(3.0, 8.0, 0.7, 0.6)",1.0317676067352295,0.2830134630203247,0.0924830436706543,0
seg-only,"(3.0, 8.0, 0.7, 0.6)",1.1381468176841736,0.4295235872268677,0.3851203918457031,0
seg-only,"(3.0, 8.0, 0.7, 0.6)",1.1065226197242737,0.3409610986709595,0.32469797134399414,0
seg-only,"(3.0, 8.0, 0.7, -0.3)",1.0597199201583862,0.4211432933807373,0.7730953693389893,0
seg-only,"(3.0, 8.0, 0.7, -0.3)",1.091665506362915,0.4021780490875244,0.6786618232727051,0
seg-only,"(3.0, 8.0, 0.7, -0.3)",1.0619233846664429,0.320080041885376,0.3492131233215332,0
seg-only,"(3.0, 8.0, 0.7, -0.3)",1.1038663983345032,0.3942753076553345,0.6713600158691406,0
seg-only,"(3.0, 8.0, 0.7, -0.3)",1.0805624723434448,0.3701484203338623,0.553363561630249,0
seg-only,"(3.0, 8.0, 0.7, -0.3)",1.1549620628356934,0.4182736873626709,0.6815195083618164,0
seg-only,"(3.0, 8.0, 0.7, -0.3)",1.0747120380401611,0.3703441619873047,0.583014965057373,0
seg-only,"(3.0, 8.0, 0.7, -0.3)",1.103062391281128,0.39309120178222656,0.6320834159851074,0
seg-only,"(3.0, 8.0, 0.7, -0.3)",1.0902243852615356,0.33623671531677246,0.5108087062835693,0
seg-only,"(3.0, 8.0, 0.7, -0.3)",1.064531922340393,0.3320884704589844,0.5476493835449219,0
seg-only,"(3.0, 8.0, 0.7, -0.3)",1.1200823187828064,0.3627372980117798,0.5924720764160156,0
seg-only,"(3.0, 8.0, 0.7, -0.3)",1.0599408745765686,0.3286207914352417,0.42974233627319336,0
seg-only,"(3.0, 8.0, 0.7, -0.3)",1.075463056564331,0.3530299663543701,0.6654417514801025,0
seg-only,"(3.0, 8.0, 0.7, -0.3)",1.1144450902938843,0.32984745502471924,0.4900197982788086,0
seg-only,"(3.0, 8.0, 0.7, -0.3)",1.1308587193489075,0.41052913665771484,0.6457452774047852,0
seg-only,"(3.0, 20.0, 0.3, 0.0)",1.2253254652023315,0.4417182207107544,0.57798171043396,0
seg-only,"(3.0, 20.0, 0.3, 0.0)",1.2588447332382202,0.46208274364471436,0.6942570209503174,0
seg-only,"(3.0, 20.0, 0.3, 0.0)",1.2160560488700867,0.5636193752288818,0.8991000652313232,0
seg-only,"(3.0, 20.0, 0.3, 0.0)",1.2258108258247375,0.5140821933746338,0.7989096641540527,0
seg-only,"(3.0, 20.0, 0.3, 0.0)",1.2558473348617554,0.43876779079437256,0.733483076095581,0
seg-only,"(3.0, 20.0, 0.3, 0.0)",1.247113287448883,0.3867201805114746,0.5052042007446289,0
seg-only,"(3.0, 20.0, 0.3, 0.0)",1.2462968826293945,0.4017735719680786,0.7125096321105957,0
seg-only,"(3.0, 20.0, 0.3, 0.0)",1.2365368604660034,0.4309743642807007,0.5551886558532715,0
seg-only,"(3.0, 20.0, 0.3, 0.0)",1.2542322874069214,0.4618419408798218,0.6524689197540283,0
seg-only,"(3.0, 20.0, 0.3, 0.0)",1.24449622631073,0.4151543378829956,0.47411251068115234,0
seg-only,"(3.0, 20.0, 0.3, 0.0)",1.2363495826721191,0.4246954917907715,0.43401145935058594,0
seg-only,"(3.0, 20.0, 0.3, 0.0)",1.1736301183700562,0.43132221698760986,0.6831471920013428,0
seg-only,"(3.0, 20.0, 0.3, 0.0)",1.1794881224632263,0.41755497455596924,0.5696389675140381,0
seg-only,"(3.0, 20.0, 0.3, 0.0)",1.2614349722862244,0.4706995487213135,0.6439268589019775,0
seg-only,"(3.0, 20.0, 0.3, 0.0)",1.1908192038536072,0.38981544971466064,0.6962795257568359,0
seg-only,"(3.0, 20.0, 0.3, 0.3)",1.2922346591949463,0.44716477394104004,0.4894547462463379,0
seg-only,"(3.0, 20.0, 0.3, 0.3)",1.1529157161712646,0.321197509765625,0.38289737701416016,0
seg-only,"(3.0, 20.0, 0.3, 0.3)",1.25492262840271,0.49337100982666016,0.5158090591430664,0
seg-only,"(3.0, 20.0, 0.3, 0.3)",1.2160601615905762,0.34369444847106934,0.5627479553222656,0
seg-only,"(3.0, 20.0, 0.3, 0.3)",1.1992168426513672,0.3821622133255005,0.4617316722869873,0
seg-only,"(3.0, 20.0, 0.3, 0.3)",1.1668848395347595,0.3867528438568115,0.3429074287414551,0
seg-only,"(3.0, 20.0, 0.3, 0.3)",1.201364517211914,0.3618509769439697,0.34664082527160645,0
seg-only,"(3.0, 20.0, 0.3, 0.3)",1.165903925895691,0.481797456741333,0.5392715930938721,0
seg-only,"(3.0, 20.0, 0.3, 0.3)",1.2605886459350586,0.4712144136428833,0.48897337913513184,0
seg-only,"(3.0, 20.0, 0.3, 0.3)",1.1948375701904297,0.46048831939697266,0.5401883125305176,0
seg-only,"(3.0, 20.0, 0.3, 0.3)",1.2188163995742798,0.41771650314331055,0.45456600189208984,0
seg-only,"(3.0, 20.0, 0.3, 0.3)",1.2865561246871948,0.4212758541107178,0.44754743576049805,0
seg-only,"(3.0, 20.0, 0.3, 0.3)",1.1964200139045715,0.44008004665374756,0.6755251884460449,0
seg-only,"(3.0, 20.0, 0.3, 0.3)",1.251675009727478,0.512946605682373,0.6403181552886963,0
seg-only,"(3.0, 20.0, 0.3, 0.3)",1.2728217840194702,0.4777812957763672,0.571502685546875,0
seg-only,"(3.0, 20.0, 0.3, 0.6)",1.296991229057312,0.5289949178695679,0.33377981185913086,0
seg-only,"(3.0, 20.0, 0.3, 0.6)",1.1957017183303833,0.399946928024292,0.17353534698486328,0
seg-only,"(3.0, 20.0, 0.3, 0.6)",1.2031412720680237,0.47456157207489014,0.43134450912475586,0
seg-only,"(3.0, 20.0, 0.3, 0.6)",1.197554111480713,0.3804020881652832,0.1686103343963623,0
seg-only,"(3.0, 20.0, 0.3, 0.6)",1.18934166431427,0.42092275619506836,0.5411950349807739,0
seg-only,"(3.0, 20.0, 0.3, 0.6)",1.1947243809700012,0.3911851644515991,0.3583035469055176,0
seg-only,"(3.0, 20.0, 0.3, 0.6)",1.1921854615211487,0.4127023220062256,0.36750102043151855,0
seg-only,"(3.0, 20.0, 0.3, 0.6)",1.1718733310699463,0.45541417598724365,0.3568425178527832,0
seg-only,"(3.0, 20.0, 0.3, 0.6)",1.3553056716918945,0.6587256193161011,0.603487491607666,0
seg-only,"(3.0, 20.0, 0.3, 0.6)",1.2048494815826416,0.40507054328918457,0.24281978607177734,0
seg-only,"(3.0, 20.0, 0.3, 0.6)",1.2151217460632324,0.46318984031677246,0.3861532211303711,0
seg-only,"(3.0, 20.0, 0.3, 0.6)",1.3153724670410156,0.6109991073608398,0.27082276344299316,0
seg-only,"(3.0, 20.0, 0.3, 0.6)",1.2675307393074036,0.5021506547927856,0.4771256446838379,0
seg-only,"(3.0, 20.0, 0.3, 0.6)",1.1839890480041504,0.48311030864715576,0.45687341690063477,0
seg-only,"(3.0, 20.0, 0.3, 0.6)",1.2241107821464539,0.4369821548461914,0.26276540756225586,0
seg-only,"(3.0, 20.0, 0.3, -0.3)",1.228861689567566,0.516133189201355,0.8884308338165283,0
seg-only,"(3.0, 20.0, 0.3, -0.3)",1.2172508835792542,0.4566197395324707,0.8371024131774902,0
seg-only,"(3.0, 20.0, 0.3, -0.3)",1.1872330904006958,0.4873753786087036,0.7441709041595459,0
seg-only,"(3.0, 20.0, 0.3, -0.3)",1.2480679750442505,0.5148441791534424,1.0195417404174805,0
seg-only,"(3.0, 20.0, 0.3, -0.3)",1.2368897199630737,0.4839465618133545,0.8054051399230957,0
seg-only,"(3.0, 20.0, 0.3, -0.3)",1.2268689274787903,0.4878596067428589,0.8174829483032227,0
seg-only,"(3.0, 20.0, 0.3, -0.3)",1.2191408276557922,0.5440224409103394,0.8945443630218506,0
seg-only,"(3.0, 20.0, 0.3, -0.3)",1.2276402711868286,0.468105673789978,0.7961616516113281,0
seg-only,"(3.0, 20.0, 0.3, -0.3)",1.2664151191711426,0.5283117890357971,0.7895307540893555,0
seg-only,"(3.0, 20.0, 0.3, -0.3)",1.228705644607544,0.45255279541015625,0.7602717876434326,0
seg-only,"(3.0, 20.0, 0.3, -0.3)",1.2011078596115112,0.35672616958618164,0.6946249008178711,0
seg-only,"(3.0, 20.0, 0.3, -0.3)",1.2527201771736145,0.4154167175292969,0.6599092483520508,0
seg-only,"(3.0, 20.0, 0.3, -0.3)",1.3100266456604004,0.5297689437866211,0.8336920738220215,0
seg-only,"(3.0, 20.0, 0.3, -0.3)",1.2309094071388245,0.416548490524292,0.7836103439331055,0
seg-only,"(3.0, 20.0, 0.3, -0.3)",1.2037578225135803,0.568120539188385,0.9808340072631836,0
seg-only,"(3.0, 20.0, 0.7, 0.0)",0.6998553276062012,0.11235487461090088,0.1509397029876709,0
seg-only,"(3.0, 20.0, 0.7, 0.0)",0.7080041170120239,0.08715927600860596,0.16054368019104004,0
seg-only,"(3.0, 20.0, 0.7, 0.0)",0.6956631541252136,0.08452200889587402,0.17210721969604492,0
seg-only,"(3.0, 20.0, 0.7, 0.0)",0.7094643115997314,0.1216275691986084,0.1723613739013672,0
seg-only,"(3.0, 20.0, 0.7, 0.0)",0.6899645328521729,0.11476683616638184,0.11841893196105957,0
seg-only,"(3.0, 20.0, 0.7, 0.0)",0.6875329613685608,0.14250290393829346,0.14657974243164062,0
seg-only,"(3.0, 20.0, 0.7, 0.0)",0.7045637667179108,0.1153116226196289,0.16108131408691406,0
seg-only,"(3.0, 20.0, 0.7, 0.0)",0.6601916551589966,0.09783482551574707,0.13195323944091797,0
seg-only,"(3.0, 20.0, 0.7, 0.0)",0.7029209136962891,0.20675218105316162,0.2380657196044922,0
seg-only,"(3.0, 20.0, 0.7, 0.0)",0.6985184550285339,0.15402936935424805,0.2375655174255371,0
seg-only,"(3.0, 20.0, 0.7, 0.0)",0.6953598856925964,0.07599568367004395,0.05050539970397949,0
seg-only,"(3.0, 20.0, 0.7, 0.0)",0.7310743629932404,0.09576094150543213,0.09319305419921875,0
seg-only,"(3.0, 20.0, 0.7, 0.0)",0.7482856512069702,0.16331470012664795,0.34501075744628906,0
seg-only,"(3.0, 20.0, 0.7, 0.0)",0.6697236597537994,0.13219618797302246,0.28562092781066895,0
seg-only,"(3.0, 20.0, 0.7, 0.0)",0.7016393542289734,0.11134350299835205,0.14221429824829102,0
seg-only,"(3.0, 20.0, 0.7, 0.3)",0.6981511116027832,0.12710142135620117,0.21533608436584473,0
seg-only,"(3.0, 20.0, 0.7, 0.3)",0.724056601524353,0.1630162000656128,0.08770394325256348,0
seg-only,"(3.0, 20.0, 0.7, 0.3)",0.6846376061439514,0.12269985675811768,0.24473237991333008,0
seg-only,"(3.0, 20.0, 0.7, 0.3)",0.7021237313747406,0.09269440174102783,0.0911264419555664,0
seg-only,"(3.0, 20.0, 0.7, 0.3)",0.7291484177112579,0.13300752639770508,0.19099020957946777,0
seg-only,"(3.0, 20.0, 0.7, 0.3)",0.725936770439148,0.13787734508514404,0.15820717811584473,0
seg-only,"(3.0, 20.0, 0.7, 0.3)",0.6938542425632477,0.08062613010406494,0.11711883544921875,0
seg-only,"(3.0, 20.0, 0.7, 0.3)",0.771083265542984,0.19637799263000488,0.16582036018371582,0
seg-only,"(3.0, 20.0, 0.7, 0.3)",0.7181486487388611,0.17140936851501465,0.10799503326416016,0
seg-only,"(3.0, 20.0, 0.7, 0.3)",0.6757237017154694,0.1244809627532959,0.19755840301513672,0
seg-only,"(3.0, 20.0, 0.7, 0.3)",0.6860771775245667,0.10695242881774902,0.21562790870666504,0
seg-only,"(3.0, 20.0, 0.7, 0.3)",0.6852524876594543,0.11674308776855469,0.13086724281311035,0
seg-only,"(3.0, 20.0, 0.7, 0.3)",0.7148459553718567,0.10896778106689453,0.21465182304382324,0
seg-only,"(3.0, 20.0, 0.7, 0.3)",0.7194395363330841,0.1412895917892456,0.10207939147949219,0
seg-only,"(3.0, 20.0, 0.7, 0.3)",0.7075314819812775,0.1493387222290039,0.08320307731628418,0
seg-only,"(3.0, 20.0, 0.7, 0.6)",0.7046787142753601,0.04926943778991699,0.06894540786743164,0
seg-only,"(3.0, 20.0, 0.7, 0.6)",0.7138074934482574,0.12048590183258057,0.017594099044799805,0
seg-only,"(3.0, 20.0, 0.7, 0.6)",0.7085534036159515,0.13139379024505615,0.20855712890625,0
seg-only,"(3.0, 20.0, 0.7, 0.6)",0.7211370766162872,0.08861649036407471,0.0051593780517578125,0
seg-only,"(3.0, 20.0, 0.7, 0.6)",0.7255118489265442,0.20022225379943848,0.01169443130493164,0
seg-only,"(3.0, 20.0, 0.7, 0.6)",0.6831201016902924,0.10560548305511475,0.05544638633728027,0
seg-only,"(3.0, 20.0, 0.7, 0.6)",0.6468814015388489,0.1626347303390503,0.14414632320404053,0
seg-only,"(3.0, 20.0, 0.7, 0.6)",0.690983921289444,0.1442553997039795,0.03960013389587402,0
seg-only,"(3.0, 20.0, 0.7, 0.6)",0.7349867224693298,0.0824669599533081,0.09471273422241211,0
seg-only,"(3.0, 20.0, 0.7, 0.6)",0.6753760576248169,0.09848713874816895,0.06542825698852539,0
seg-only,"(3.0, 20.0, 0.7, 0.6)",0.6842025518417358,0.09657692909240723,0.022716522216796875,0
seg-only,"(3.0, 20.0, 0.7, 0.6)",0.7810325026512146,0.23679471015930176,0.023299455642700195,0
seg-only,"(3.0, 20.0, 0.7, 0.6)",0.6884894371032715,0.12746083736419678,0.002527952194213867,0
seg-only,"(3.0, 20.0, 0.7, 0.6)",0.6578502058982849,0.10766005516052246,0.09758186340332031,0
seg-only,"(3.0, 20.0, 0.7, 0.6)",0.6671117842197418,0.06331241130828857,0.06427216529846191,0
seg-only,"(3.0, 20.0, 0.7, -0.3)",0.7452165484428406,0.1514592170715332,0.26199913024902344,0
seg-only,"(3.0, 20.0, 0.7, -0.3)",0.7474498748779297,0.1515209674835205,0.29035186767578125,0
seg-only,"(3.0, 20.0, 0.7, -0.3)",0.6857337951660156,0.15425431728363037,0.2608976364135742,0
seg-only,"(3.0, 20.0, 0.7, -0.3)",0.6772890686988831,0.1353447437286377,0.18280410766601562,0
seg-only,"(3.0, 20.0, 0.7, -0.3)",0.7632034718990326,0.10421299934387207,0.24609994888305664,0
seg-only,"(3.0, 20.0, 0.7, -0.3)",0.7021581828594208,0.1617974042892456,0.20677852630615234,0
seg-only,"(3.0, 20.0, 0.7, -0.3)",0.6612662374973297,0.061031460762023926,0.08184194564819336,0
seg-only,"(3.0, 20.0, 0.7, -0.3)",0.7564579248428345,0.16512608528137207,0.3251678943634033,0
seg-only,"(3.0, 20.0, 0.7, -0.3)",0.6918109655380249,0.16820025444030762,0.2702302932739258,0
seg-only,"(3.0, 20.0, 0.7, -0.3)",0.7214683294296265,0.12850046157836914,0.18718671798706055,0
seg-only,"(3.0, 20.0, 0.7, -0.3)",0.6438100039958954,0.10896241664886475,0.25008726119995117,0
seg-only,"(3.0, 20.0, 0.7, -0.3)",0.682968407869339,0.08947646617889404,0.13711214065551758,0
seg-only,"(3.0, 20.0, 0.7, -0.3)",0.6895729601383209,0.08177304267883301,0.08541584014892578,0
seg-only,"(3.0, 20.0, 0.7, -0.3)",0.6843583881855011,0.11288142204284668,0.17920637130737305,0
seg-only,"(3.0, 20.0, 0.7, -0.3)",0.7029979228973389,0.12590110301971436,0.27919745445251465,0
seg-only,"(1.5, 8.0, 0.3, 0.0)",0.8200962543487549,0.3524799942970276,0.4243133068084717,1
seg-only,"(1.5, 8.0, 0.3, 0.0)",0.8050980269908905,0.3759075999259949,0.5814952850341797,1
seg-only,"(1.5, 8.0, 0.3, 0.0)",0.8198274672031403,0.3552895784378052,0.4924846887588501,1
seg-only,"(1.5, 8.0, 0.3, 0.0)",0.8401019275188446,0.372575044631958,0.5042656660079956,1
seg-only,"(1.5, 8.0, 0.3, 0.0)",0.8240355253219604,0.389712929725647,0.6239969730377197,1
seg-only,"(1.5, 8.0, 0.3, 0.0)",0.8169285953044891,0.38121193647384644,0.5212056636810303,1
seg-only,"(1.5, 8.0, 0.3, 0.0)",0.7945616543292999,0.37035149335861206,0.5060919523239136,1
seg-only,"(1.5, 8.0, 0.3, 0.0)",0.8494952321052551,0.4119172692298889,0.6661638021469116,1
seg-only,"(1.5, 8.0, 0.3, 0.0)",0.828558087348938,0.3418769836425781,0.539283037185669,1
seg-only,"(1.5, 8.0, 0.3, 0.0)",0.8165009617805481,0.31782764196395874,0.45684194564819336,1
seg-only,"(1.5, 8.0, 0.3, 0.0)",0.8276880979537964,0.3525462746620178,0.4050629138946533,1
seg-only,"(1.5, 8.0, 0.3, 0.0)",0.8257952630519867,0.3475809693336487,0.48581933975219727,1
seg-only,"(1.5, 8.0, 0.3, 0.0)",0.8604877889156342,0.42092400789260864,0.5298962593078613,1
seg-only,"(1.5, 8.0, 0.3, 0.0)",0.7920472621917725,0.33771222829818726,0.5177773237228394,1
seg-only,"(1.5, 8.0, 0.3, 0.0)",0.7930604517459869,0.42570292949676514,0.5442036390304565,1
seg-only,"(1.5, 8.0, 0.3, 0.3)",0.8174068629741669,0.3679898977279663,0.42616188526153564,1
seg-only,"(1.5, 8.0, 0.3, 0.3)",0.8449936509132385,0.40280014276504517,0.6073504686355591,1
seg-only,"(1.5, 8.0, 0.3, 0.3)",0.820807546377182,0.3662382960319519,0.4204977750778198,1
seg-only,"(1.5, 8.0, 0.3, 0.3)",0.8556280434131622,0.38910025358200073,0.42986810207366943,1
seg-only,"(1.5, 8.0, 0.3, 0.3)",0.830093264579773,0.388388454914093,0.4439730644226074,1
seg-only,"(1.5, 8.0, 0.3, 0.3)",0.8193989992141724,0.37110430002212524,0.4500488042831421,1
seg-only,"(1.5, 8.0, 0.3, 0.3)",0.7927893400192261,0.400163471698761,0.43212318420410156,1
seg-only,"(1.5, 8.0, 0.3, 0.3)",0.8374395370483398,0.44342923164367676,0.626495361328125,1
seg-only,"(1.5, 8.0, 0.3, 0.3)",0.7781722545623779,0.40718284249305725,0.44811034202575684,1
seg-only,"(1.5, 8.0, 0.3, 0.3)",0.8397734463214874,0.38296782970428467,0.4078406095504761,1
seg-only,"(1.5, 8.0, 0.3, 0.3)",0.827984631061554,0.3981870412826538,0.3775120973587036,1
seg-only,"(1.5, 8.0, 0.3, 0.3)",0.9090351462364197,0.42054417729377747,0.36492693424224854,1
seg-only,"(1.5, 8.0, 0.3, 0.3)",0.8174238502979279,0.3626905679702759,0.3318805694580078,1
seg-only,"(1.5, 8.0, 0.3, 0.3)",0.8355050683021545,0.4288914203643799,0.5303142070770264,1
seg-only,"(1.5, 8.0, 0.3, 0.3)",0.8182186186313629,0.3952319622039795,0.48713207244873047,1
seg-only,"(1.5, 8.0, 0.3, 0.6)",0.8103238046169281,0.40764784812927246,0.32396745681762695,1
seg-only,"(1.5, 8.0, 0.3, 0.6)",0.8212460279464722,0.3792848587036133,0.2301105260848999,1
seg-only,"(1.5, 8.0, 0.3, 0.6)",0.8434450328350067,0.40497368574142456,0.2148287296295166,1
seg-only,"(1.5, 8.0, 0.3, 0.6)",0.7880057692527771,0.37403398752212524,0.20511960983276367,1
seg-only,"(1.5, 8.0, 0.3, 0.6)",0.8196476101875305,0.4114159345626831,0.39415180683135986,1
seg-only,"(1.5, 8.0, 0.3, 0.6)",0.7903768420219421,0.3124304413795471,0.17499852180480957,1
seg-only,"(1.5, 8.0, 0.3, 0.6)",0.8368310332298279,0.4260687828063965,0.2657886743545532,1
seg-only,"(1.5, 8.0, 0.3, 0.6)",0.8339556753635406,0.3058347702026367,0.21314013004302979,1
seg-only,"(1.5, 8.0, 0.3, 0.6)",0.8010791540145874,0.4673601984977722,0.25668978691101074,1
seg-only,"(1.5, 8.0, 0.3, 0.6)",0.8603425621986389,0.42177116870880127,0.2812901735305786,1
seg-only,"(1.5, 8.0, 0.3, 0.6)",0.7916284799575806,0.36023980379104614,0.27864158153533936,1
seg-only,"(1.5, 8.0, 0.3, 0.6)",0.8495027422904968,0.4769764840602875,0.3729937672615051,1
seg-only,"(1.5, 8.0, 0.3, 0.6)",0.8397744596004486,0.3741401433944702,0.2773369550704956,1
seg-only,"(1.5, 8.0, 0.3, 0.6)",0.8575444221496582,0.3140683174133301,0.21943914890289307,1
seg-only,"(1.5, 8.0, 0.3, 0.6)",0.8303197026252747,0.4613701403141022,0.34360969066619873,1
seg-only,"(1.5, 8.0, 0.3, -0.3)",0.8059179782867432,0.38064074516296387,0.6851359605789185,1
seg-only,"(1.5, 8.0, 0.3, -0.3)",0.8146386444568634,0.3949635624885559,0.5665897130966187,1
seg-only,"(1.5, 8.0, 0.3, -0.3)",0.8107651174068451,0.3381974697113037,0.5625588893890381,1
seg-only,"(1.5, 8.0, 0.3, -0.3)",0.8466939330101013,0.4434823989868164,0.7054159641265869,1
seg-only,"(1.5, 8.0, 0.3, -0.3)",0.8456601500511169,0.38875406980514526,0.6578550338745117,1
seg-only,"(1.5, 8.0, 0.3, -0.3)",0.8259297013282776,0.44733983278274536,0.6961122751235962,1
seg-only,"(1.5, 8.0, 0.3, -0.3)",0.804963618516922,0.3138428330421448,0.6158678531646729,1
seg-only,"(1.5, 8.0, 0.3, -0.3)",0.8149306178092957,0.3965914249420166,0.702558159828186,1
seg-only,"(1.5, 8.0, 0.3, -0.3)",0.8490579128265381,0.35111987590789795,0.5770034790039062,1
seg-only,"(1.5, 8.0, 0.3, -0.3)",0.8461630940437317,0.38373783230781555,0.6374561786651611,1
seg-only,"(1.5, 8.0, 0.3, -0.3)",0.8133028745651245,0.3821328580379486,0.6135925054550171,1
seg-only,"(1.5, 8.0, 0.3, -0.3)",0.8521440029144287,0.37011611461639404,0.6089224815368652,1
seg-only,"(1.5, 8.0, 0.3, -0.3)",0.7884843349456787,0.3664395809173584,0.6039296388626099,1
seg-only,"(1.5, 8.0, 0.3, -0.3)",0.8686879873275757,0.41521313786506653,0.6391990184783936,1
seg-only,"(1.5, 8.0, 0.3, -0.3)",0.803659588098526,0.3469119071960449,0.568162202835083,1
seg-only,"(1.5, 8.0, 0.7, 0.0)",0.5982972979545593,0.1995641589164734,0.3173278570175171,1
seg-only,"(1.5, 8.0, 0.7, 0.0)",0.6148282289505005,0.16241681575775146,0.3328261375427246,1
seg-only,"(1.5, 8.0, 0.7, 0.0)",0.564219206571579,0.20678281784057617,0.3725407123565674,1
seg-only,"(1.5, 8.0, 0.7, 0.0)",0.6210866272449493,0.21070605516433716,0.3209061622619629,1
seg-only,"(1.5, 8.0, 0.7, 0.0)",0.6362111270427704,0.1727423071861267,0.18921494483947754,1
seg-only,"(1.5, 8.0, 0.7, 0.0)",0.6327665448188782,0.19543462991714478,0.2659730911254883,1
seg-only,"(1.5, 8.0, 0.7, 0.0)",0.5817337930202484,0.20455533266067505,0.35037267208099365,1
seg-only,"(1.5, 8.0, 0.7, 0.0)",0.6125893890857697,0.1857219934463501,0.2712554931640625,1
seg-only,"(1.5, 8.0, 0.7, 0.0)",0.5863804221153259,0.18824398517608643,0.34738337993621826,1
seg-only,"(1.5, 8.0, 0.7, 0.0)",0.638376921415329,0.24185574054718018,0.2916604280471802,1
seg-only,"(1.5, 8.0, 0.7, 0.0)",0.6364625692367554,0.16023284196853638,0.2506072521209717,1
seg-only,"(1.5, 8.0, 0.7, 0.0)",0.641251802444458,0.1798582673072815,0.23917317390441895,1
seg-only,"(1.5, 8.0, 0.7, 0.0)",0.6686525344848633,0.1845489740371704,0.1645737886428833,1
seg-only,"(1.5, 8.0, 0.7, 0.0)",0.63348388671875,0.2508556842803955,0.2763354778289795,1
seg-only,"(1.5, 8.0, 0.7, 0.0)",0.6395650207996368,0.18658852577209473,0.3299294710159302,1
seg-only,"(1.5, 8.0, 0.7, 0.3)",0.6221183240413666,0.15130013227462769,0.22448575496673584,1
seg-only,"(1.5, 8.0, 0.7, 0.3)",0.6271912455558777,0.20559537410736084,0.1901087760925293,1
seg-only,"(1.5, 8.0, 0.7, 0.3)",0.6425171494483948,0.1160004734992981,0.004747271537780762,1
seg-only,"(1.5, 8.0, 0.7, 0.3)",0.6553328931331635,0.28762733936309814,0.25604450702667236,1
seg-only,"(1.5, 8.0, 0.7, 0.3)",0.5867265164852142,0.16884809732437134,0.1663980484008789,1
seg-only,"(1.5, 8.0, 0.7, 0.3)",0.586567759513855,0.17153608798980713,0.17374145984649658,1
seg-only,"(1.5, 8.0, 0.7, 0.3)",0.6038292050361633,0.20863103866577148,0.1924576759338379,1
seg-only,"(1.5, 8.0, 0.7, 0.3)",0.6459480822086334,0.2482331395149231,0.17637968063354492,1
seg-only,"(1.5, 8.0, 0.7, 0.3)",0.5608868598937988,0.14895761013031006,0.14492738246917725,1
seg-only,"(1.5, 8.0, 0.7, 0.3)",0.6294134557247162,0.21575236320495605,0.14179134368896484,1
seg-only,"(1.5, 8.0, 0.7, 0.3)",0.6428214311599731,0.15553975105285645,0.1534353494644165,1
seg-only,"(1.5, 8.0, 0.7, 0.3)",0.606056809425354,0.20354360342025757,0.23840093612670898,1
seg-only,"(1.5, 8.0, 0.7, 0.3)",0.5809889435768127,0.17332333326339722,0.24788177013397217,1
seg-only,"(1.5, 8.0, 0.7, 0.3)",0.5757423043251038,0.20371854305267334,0.35024404525756836,1
seg-only,"(1.5, 8.0, 0.7, 0.3)",0.5719080567359924,0.16161656379699707,0.2603187561035156,1
seg-only,"(1.5, 8.0, 0.7, 0.6)",0.625866025686264,0.17148905992507935,0.03782641887664795,1
seg-only,"(1.5, 8.0, 0.7, 0.6)",0.636892557144165,0.24022895097732544,0.022461533546447754,1
seg-only,"(1.5, 8.0, 0.7, 0.6)",0.65603968501091,0.15101176500320435,0.05833446979522705,1
seg-only,"(1.5, 8.0, 0.7, 0.6)",0.6159864664077759,0.19070929288864136,0.14702749252319336,1
seg-only,"(1.5, 8.0, 0.7, 0.6)",0.6589775383472443,0.23658829927444458,0.06227612495422363,1
seg-only,"(1.5, 8.0, 0.7, 0.6)",0.6036610305309296,0.16111725568771362,0.11552858352661133,1
seg-only,"(1.5, 8.0, 0.7, 0.6)",0.6408126950263977,0.2038021683692932,0.05519461631774902,1
seg-only,"(1.5, 8.0, 0.7, 0.6)",0.6437019407749176,0.27261364459991455,0.14873170852661133,1
seg-only,"(1.5, 8.0, 0.7, 0.6)",0.6149612367153168,0.20937561988830566,0.14920496940612793,1
seg-only,"(1.5, 8.0, 0.7, 0.6)",0.6527190208435059,0.2113872766494751,0.014823675155639648,1
seg-only,"(1.5, 8.0, 0.7, 0.6)",0.6367921531200409,0.2159934639930725,0.05033516883850098,1
seg-only,"(1.5, 8.0, 0.7, 0.6)",0.6287529766559601,0.15222245454788208,0.15673041343688965,1
seg-only,"(1.5, 8.0, 0.7, 0.6)",0.6057762503623962,0.16888487339019775,0.10574352741241455,1
seg-only,"(1.5, 8.0, 0.7, 0.6)",0.5828947722911835,0.15554970502853394,0.09617030620574951,1
seg-only,"(1.5, 8.0, 0.7, 0.6)",0.6125011742115021,0.17091333866119385,0.010778069496154785,1
seg-only,"(1.5, 8.0, 0.7, -0.3)",0.6535851657390594,0.22948944568634033,0.4513751268386841,1
seg-only,"(1.5, 8.0, 0.7, -0.3)",0.6105901300907135,0.21367818117141724,0.3809659481048584,1
seg-only,"(1.5, 8.0, 0.7, -0.3)",0.5842606127262115,0.1483883261680603,0.2852470874786377,1
seg-only,"(1.5, 8.0, 0.7, -0.3)",0.5879509747028351,0.20650917291641235,0.3293633460998535,1
seg-only,"(1.5, 8.0, 0.7, -0.3)",0.6338623464107513,0.22887283563613892,0.39475083351135254,1
seg-only,"(1.5, 8.0, 0.7, -0.3)",0.6486974060535431,0.2072635293006897,0.3840780258178711,1
seg-only,"(1.5, 8.0, 0.7, -0.3)",0.5699416995048523,0.18779873847961426,0.22736883163452148,1
seg-only,"(1.5, 8.0, 0.7, -0.3)",0.6102555990219116,0.20568376779556274,0.3916717767715454,1
seg-only,"(1.5, 8.0, 0.7, -0.3)",0.5997699797153473,0.12313884496688843,0.12948060035705566,1
seg-only,"(1.5, 8.0, 0.7, -0.3)",0.5626717507839203,0.17939555644989014,0.33298182487487793,1
seg-only,"(1.5, 8.0, 0.7, -0.3)",0.6135134994983673,0.17415708303451538,0.29839062690734863,1
seg-only,"(1.5, 8.0, 0.7, -0.3)",0.6480019986629486,0.17246121168136597,0.2667694091796875,1
seg-only,"(1.5, 8.0, 0.7, -0.3)",0.5912007093429565,0.1745867133140564,0.36275553703308105,1
seg-only,"(1.5, 8.0, 0.7, -0.3)",0.6361317932605743,0.17110633850097656,0.31097543239593506,1
seg-only,"(1.5, 8.0, 0.7, -0.3)",0.5839324295520782,0.1698293685913086,0.26478052139282227,1
seg-only,"(1.5, 20.0, 0.3, 0.0)",0.6636472940444946,0.25368696451187134,0.3612074851989746,1
seg-only,"(1.5, 20.0, 0.3, 0.0)",0.690649688243866,0.24670261144638062,0.3594183921813965,1
seg-only,"(1.5, 20.0, 0.3, 0.0)",0.6551995873451233,0.2074241042137146,0.25019359588623047,1
seg-only,"(1.5, 20.0, 0.3, 0.0)",0.6670696139335632,0.22406327724456787,0.3406636714935303,1
seg-only,"(1.5, 20.0, 0.3, 0.0)",0.7168420553207397,0.2622181177139282,0.39669108390808105,1
seg-only,"(1.5, 20.0, 0.3, 0.0)",0.649444580078125,0.13071435689926147,0.14623939990997314,1
seg-only,"(1.5, 20.0, 0.3, 0.0)",0.6759940385818481,0.20991921424865723,0.2792017459869385,1
seg-only,"(1.5, 20.0, 0.3, 0.0)",0.6379703283309937,0.21136921644210815,0.21616172790527344,1
seg-only,"(1.5, 20.0, 0.3, 0.0)",0.6687986850738525,0.26658719778060913,0.36025428771972656,1
seg-only,"(1.5, 20.0, 0.3, 0.0)",0.7002945244312286,0.21028518676757812,0.3024892807006836,1
seg-only,"(1.5, 20.0, 0.3, 0.0)",0.7004822194576263,0.20126694440841675,0.25352609157562256,1
seg-only,"(1.5, 20.0, 0.3, 0.0)",0.6879613995552063,0.24203842878341675,0.34089183807373047,1
seg-only,"(1.5, 20.0, 0.3, 0.0)",0.7173447012901306,0.19091874361038208,0.16404783725738525,1
seg-only,"(1.5, 20.0, 0.3, 0.0)",0.6578149199485779,0.24151206016540527,0.2700763940811157,1
seg-only,"(1.5, 20.0, 0.3, 0.0)",0.6725195944309235,0.2056177854537964,0.3333017826080322,1
seg-only,"(1.5, 20.0, 0.3, 0.3)",0.6854549944400787,0.2840333580970764,0.3429553508758545,1
seg-only,"(1.5, 20.0, 0.3, 0.3)",0.6911336779594421,0.25807321071624756,0.27899861335754395,1
seg-only,"(1.5, 20.0, 0.3, 0.3)",0.6743797063827515,0.2527576684951782,0.28573596477508545,1
seg-only,"(1.5, 20.0, 0.3, 0.3)",0.6642656326293945,0.24682843685150146,0.26370537281036377,1
seg-only,"(1.5, 20.0, 0.3, 0.3)",0.6880621612071991,0.22205513715744019,0.20608723163604736,1
seg-only,"(1.5, 20.0, 0.3, 0.3)",0.6515259742736816,0.2442724108695984,0.344915509223938,1
seg-only,"(1.5, 20.0, 0.3, 0.3)",0.6498066186904907,0.19216424226760864,0.18761467933654785,1
seg-only,"(1.5, 20.0, 0.3, 0.3)",0.6918807923793793,0.20542144775390625,0.18603932857513428,1
seg-only,"(1.5, 20.0, 0.3, 0.3)",0.7023432552814484,0.22758328914642334,0.2771265506744385,1
seg-only,"(1.5, 20.0, 0.3, 0.3)",0.7222565412521362,0.22949522733688354,0.29784631729125977,1
seg-only,"(1.5, 20.0, 0.3, 0.3)",0.7077482342720032,0.23103177547454834,0.24049603939056396,1
seg-only,"(1.5, 20.0, 0.3, 0.3)",0.7217610776424408,0.159865140914917,0.1907874345779419,1
seg-only,"(1.5, 20.0, 0.3, 0.3)",0.6935654282569885,0.18157923221588135,0.19732439517974854,1
seg-only,"(1.5, 20.0, 0.3, 0.3)",0.6757582426071167,0.16830116510391235,0.29700779914855957,1
seg-only,"(1.5, 20.0, 0.3, 0.3)",0.7010790109634399,0.1790650486946106,0.21395552158355713,1
seg-only,"(1.5, 20.0, 0.3, 0.6)",0.680824488401413,0.24634915590286255,0.23572790622711182,1
seg-only,"(1.5, 20.0, 0.3, 0.6)",0.6800096929073334,0.21942102909088135,0.05586874485015869,1
seg-only,"(1.5, 20.0, 0.3, 0.6)",0.669225424528122,0.2734813690185547,0.2139415740966797,1
seg-only,"(1.5, 20.0, 0.3, 0.6)",0.6763288974761963,0.1878526210784912,0.10407483577728271,1
seg-only,"(1.5, 20.0, 0.3, 0.6)",0.6348682045936584,0.1531962752342224,0.06193649768829346,1
seg-only,"(1.5, 20.0, 0.3, 0.6)",0.6581597030162811,0.22415852546691895,0.13296997547149658,1
seg-only,"(1.5, 20.0, 0.3, 0.6)",0.6611738204956055,0.18915331363677979,0.1272425651550293,1
seg-only,"(1.5, 20.0, 0.3, 0.6)",0.6818232834339142,0.2770082354545593,0.2512470483779907,1
seg-only,"(1.5, 20.0, 0.3, 0.6)",0.6679461002349854,0.18178021907806396,0.14740610122680664,1
seg-only,"(1.5, 20.0, 0.3, 0.6)",0.6467941999435425,0.21492087841033936,0.06951618194580078,1
seg-only,"(1.5, 20.0, 0.3, 0.6)",0.6644240319728851,0.17912572622299194,0.08982229232788086,1
seg-only,"(1.5, 20.0, 0.3, 0.6)",0.6808692514896393,0.13039445877075195,0.06708908081054688,1
seg-only,"(1.5, 20.0, 0.3, 0.6)",0.699207067489624,0.2211790680885315,0.14911246299743652,1
seg-only,"(1.5, 20.0, 0.3, 0.6)",0.6840859651565552,0.23249179124832153,0.29266035556793213,1
seg-only,"(1.5, 20.0, 0.3, 0.6)",0.6834904849529266,0.26159167289733887,0.12357938289642334,1
seg-only,"(1.5, 20.0, 0.3, -0.3)",0.6429306268692017,0.18322837352752686,0.36554622650146484,1
seg-only,"(1.5, 20.0, 0.3, -0.3)",0.6776117384433746,0.20396733283996582,0.29579710960388184,1
seg-only,"(1.5, 20.0, 0.3, -0.3)",0.660476565361023,0.12854653596878052,0.2188570499420166,1
seg-only,"(1.5, 20.0, 0.3, -0.3)",0.6858838200569153,0.2699316740036011,0.4663275480270386,1
seg-only,"(1.5, 20.0, 0.3, -0.3)",0.6674387753009796,0.2777869701385498,0.5195556879043579,1
seg-only,"(1.5, 20.0, 0.3, -0.3)",0.6529208719730377,0.18189656734466553,0.3729681968688965,1
seg-only,"(1.5, 20.0, 0.3, -0.3)",0.6154887080192566,0.18974179029464722,0.32540953159332275,1
seg-only,"(1.5, 20.0, 0.3, -0.3)",0.6461308598518372,0.2415817379951477,0.47956204414367676,1
seg-only,"(1.5, 20.0, 0.3, -0.3)",0.7152191400527954,0.23772233724594116,0.3915750980377197,1
seg-only,"(1.5, 20.0, 0.3, -0.3)",0.6432207524776459,0.10173839330673218,0.2382972240447998,1
seg-only,"(1.5, 20.0, 0.3, -0.3)",0.7355988323688507,0.1573101282119751,0.33718132972717285,1
seg-only,"(1.5, 20.0, 0.3, -0.3)",0.6833108067512512,0.22101736068725586,0.32494306564331055,1
seg-only,"(1.5, 20.0, 0.3, -0.3)",0.7453563213348389,0.25468510389328003,0.39676618576049805,1
seg-only,"(1.5, 20.0, 0.3, -0.3)",0.6635739207267761,0.18619579076766968,0.306380033493042,1
seg-only,"(1.5, 20.0, 0.3, -0.3)",0.7162540853023529,0.19322001934051514,0.3703758716583252,1
seg-only,"(1.5, 20.0, 0.7, 0.0)",0.4650780260562897,0.07414257526397705,0.12917864322662354,1
seg-only,"(1.5, 20.0, 0.7, 0.0)",0.42768317461013794,0.019336223602294922,0.07688164710998535,1
seg-only,"(1.5, 20.0, 0.7, 0.0)",0.41105686128139496,0.0365561842918396,0.04011034965515137,1
seg-only,"(1.5, 20.0, 0.7, 0.0)",0.46584489941596985,0.022623658180236816,0.03889894485473633,1
seg-only,"(1.5, 20.0, 0.7, 0.0)",0.4532385617494583,0.03691291809082031,0.013669967651367188,1
seg-only,"(1.5, 20.0, 0.7, 0.0)",0.43713416159152985,0.015336096286773682,0.01520991325378418,1
seg-only,"(1.5, 20.0, 0.7, 0.0)",0.4348756819963455,0.05906820297241211,0.07064878940582275,1
seg-only,"(1.5, 20.0, 0.7, 0.0)",0.4711695909500122,0.08841687440872192,0.018213748931884766,1
seg-only,"(1.5, 20.0, 0.7, 0.0)",0.44543321430683136,0.10788828134536743,0.06129336357116699,1
seg-only,"(1.5, 20.0, 0.7, 0.0)",0.4237394779920578,0.03420150279998779,0.02519059181213379,1
seg-only,"(1.5, 20.0, 0.7, 0.0)",0.41867218911647797,0.0474892258644104,0.026637554168701172,1
seg-only,"(1.5, 20.0, 0.7, 0.0)",0.42435476183891296,0.019057393074035645,0.01749265193939209,1
seg-only,"(1.5, 20.0, 0.7, 0.0)",0.47826196253299713,0.05308014154434204,0.020975112915039062,1
seg-only,"(1.5, 20.0, 0.7, 0.0)",0.43688368797302246,0.054527461528778076,0.029276132583618164,1
seg-only,"(1.5, 20.0, 0.7, 0.0)",0.4529300332069397,0.05972200632095337,0.0433955192565918,1
seg-only,"(1.5, 20.0, 0.7, 0.3)",0.44789257645606995,0.05930513143539429,0.0725717544555664,1
seg-only,"(1.5, 20.0, 0.7, 0.3)",0.45070023834705353,0.0549432635307312,0.05451178550720215,1
seg-only,"(1.5, 20.0, 0.7, 0.3)",0.4672023057937622,0.03429228067398071,0.10789453983306885,1
seg-only,"(1.5, 20.0, 0.7, 0.3)",0.44981804490089417,0.029118895530700684,0.04941439628601074,1
seg-only,"(1.5, 20.0, 0.7, 0.3)",0.4154742360115051,0.038897573947906494,0.027297019958496094,1
seg-only,"(1.5, 20.0, 0.7, 0.3)",0.42719289660453796,0.08491343259811401,0.02196645736694336,1
seg-only,"(1.5, 20.0, 0.7, 0.3)",0.4891907572746277,0.08107173442840576,0.08583271503448486,1
seg-only,"(1.5, 20.0, 0.7, 0.3)",0.4299880564212799,0.06430059671401978,0.09197497367858887,1
seg-only,"(1.5, 20.0, 0.7, 0.3)",0.464704692363739,0.07038205862045288,0.0019276142120361328,1
seg-only,"(1.5, 20.0, 0.7, 0.3)",0.4013902097940445,0.031017661094665527,0.02303171157836914,1
seg-only,"(1.5, 20.0, 0.7, 0.3)",0.46184322237968445,0.05440974235534668,0.0495830774307251,1
seg-only,"(1.5, 20.0, 0.7, 0.3)",0.45442552864551544,0.07833689451217651,0.02228522300720215,1
seg-only,"(1.5, 20.0, 0.7, 0.3)",0.4344214200973511,0.0367085337638855,0.019923686981201172,1
seg-only,"(1.5, 20.0, 0.7, 0.3)",0.49167443811893463,0.025859951972961426,0.04409134387969971,1
seg-only,"(1.5, 20.0, 0.7, 0.3)",0.407071590423584,0.04577136039733887,0.01817011833190918,1
seg-only,"(1.5, 20.0, 0.7, 0.6)",0.4247700423002243,0.06453877687454224,0.01260066032409668,1
seg-only,"(1.5, 20.0, 0.7, 0.6)",0.4514424800872803,0.054598093032836914,0.016486167907714844,1
seg-only,"(1.5, 20.0, 0.7, 0.6)",0.46894344687461853,0.010214269161224365,0.039714694023132324,1
seg-only,"(1.5, 20.0, 0.7, 0.6)",0.4968893826007843,0.046782732009887695,0.053225040435791016,1
seg-only,"(1.5, 20.0, 0.7, 0.6)",0.48115450143814087,0.04627537727355957,0.05550992488861084,1
seg-only,"(1.5, 20.0, 0.7, 0.6)",0.4377344697713852,0.03025376796722412,0.07661926746368408,1
seg-only,"(1.5, 20.0, 0.7, 0.6)",0.46479231119155884,0.02268826961517334,0.08543276786804199,1
seg-only,"(1.5, 20.0, 0.7, 0.6)",0.42865610122680664,0.06927978992462158,0.06766176223754883,1
seg-only,"(1.5, 20.0, 0.7, 0.6)",0.4758402705192566,0.03410983085632324,0.016908645629882812,1
seg-only,"(1.5, 20.0, 0.7, 0.6)",0.43328218162059784,0.07758194208145142,0.019223809242248535,1
seg-only,"(1.5, 20.0, 0.7, 0.6)",0.4279545843601227,0.03793710470199585,0.00851130485534668,1
seg-only,"(1.5, 20.0, 0.7, 0.6)",0.46594011783599854,0.08384722471237183,0.0515362024307251,1
seg-only,"(1.5, 20.0, 0.7, 0.6)",0.45631861686706543,0.05961120128631592,0.04594099521636963,1
seg-only,"(1.5, 20.0, 0.7, 0.6)",0.4664572477340698,0.039528846740722656,0.08341431617736816,1
seg-only,"(1.5, 20.0, 0.7, 0.6)",0.47338128089904785,0.032307565212249756,0.015030384063720703,1
seg-only,"(1.5, 20.0, 0.7, -0.3)",0.4624423235654831,0.11193245649337769,0.015164375305175781,1
seg-only,"(1.5, 20.0, 0.7, -0.3)",0.48194916546344757,0.07847011089324951,0.09895086288452148,1
seg-only,"(1.5, 20.0, 0.7, -0.3)",0.4728953242301941,0.03977912664413452,0.056978702545166016,1
seg-only,"(1.5, 20.0, 0.7, -0.3)",0.44672325253486633,0.039710044860839844,0.09441685676574707,1
seg-only,"(1.5, 20.0, 0.7, -0.3)",0.4632898271083832,0.04329115152359009,0.05110025405883789,1
seg-only,"(1.5, 20.0, 0.7, -0.3)",0.44633862376213074,0.05009263753890991,0.0782921314239502,1
seg-only,"(1.5, 20.0, 0.7, -0.3)",0.49887219071388245,0.09239059686660767,0.18816351890563965,1
seg-only,"(1.5, 20.0, 0.7, -0.3)",0.420698419213295,0.031771838665008545,0.039186954498291016,1
seg-only,"(1.5, 20.0, 0.7, -0.3)",0.4576568603515625,0.025712907314300537,0.015486717224121094,1
seg-only,"(1.5, 20.0, 0.7, -0.3)",0.422581285238266,0.024691760540008545,0.07489514350891113,1
seg-only,"(1.5, 20.0, 0.7, -0.3)",0.4595556706190109,0.025948643684387207,0.01864933967590332,1
seg-only,"(1.5, 20.0, 0.7, -0.3)",0.4560607522726059,0.043586790561676025,0.08701944351196289,1
seg-only,"(1.5, 20.0, 0.7, -0.3)",0.4339703619480133,0.05720645189285278,0.12085771560668945,1
seg-only,"(1.5, 20.0, 0.7, -0.3)",0.47265949845314026,0.06581920385360718,0.24577009677886963,1
seg-only,"(1.5, 20.0, 0.7, -0.3)",0.4604928195476532,0.008074283599853516,0.010386943817138672,1
seg-only,"(3.0, 8.0, 0.3, 0.0)",1.5838465094566345,0.7626152038574219,0.9307577610015869,1
seg-only,"(3.0, 8.0, 0.3, 0.0)",1.5373228192329407,0.7699544429779053,1.0126395225524902,1
seg-only,"(3.0, 8.0, 0.3, 0.0)",1.5179758667945862,0.6468578577041626,1.0280320644378662,1
seg-only,"(3.0, 8.0, 0.3, 0.0)",1.5408891439437866,0.7468578815460205,1.0068960189819336,1
seg-only,"(3.0, 8.0, 0.3, 0.0)",1.5203924179077148,0.6926534175872803,0.9844269752502441,1
seg-only,"(3.0, 8.0, 0.3, 0.0)",1.5064745545387268,0.7472707033157349,1.0607450008392334,1
seg-only,"(3.0, 8.0, 0.3, 0.0)",1.565033733844757,0.7153481245040894,1.1521530151367188,1
seg-only,"(3.0, 8.0, 0.3, 0.0)",1.5347102880477905,0.7243970632553101,0.8365309238433838,1
seg-only,"(3.0, 8.0, 0.3, 0.0)",1.5158071517944336,0.7292284965515137,1.1390080451965332,1
seg-only,"(3.0, 8.0, 0.3, 0.0)",1.5319914817810059,0.7653770446777344,1.2176010608673096,1
seg-only,"(3.0, 8.0, 0.3, 0.0)",1.5709769129753113,0.7990106344223022,1.1513195037841797,1
seg-only,"(3.0, 8.0, 0.3, 0.0)",1.5646998286247253,0.7157975435256958,1.00453519821167,1
seg-only,"(3.0, 8.0, 0.3, 0.0)",1.5252512097358704,0.7443035840988159,1.0915119647979736,1
seg-only,"(3.0, 8.0, 0.3, 0.0)",1.5626814365386963,0.7543644905090332,1.093928575515747,1
seg-only,"(3.0, 8.0, 0.3, 0.0)",1.5493088364601135,0.6694871187210083,0.9000637531280518,1
seg-only,"(3.0, 8.0, 0.3, 0.3)",1.5581560134887695,0.8947478532791138,0.7673327922821045,1
seg-only,"(3.0, 8.0, 0.3, 0.3)",1.561897337436676,0.7793241739273071,0.608790397644043,1
seg-only,"(3.0, 8.0, 0.3, 0.3)",1.476947009563446,0.7329471111297607,0.9353287220001221,1
seg-only,"(3.0, 8.0, 0.3, 0.3)",1.5503365993499756,0.7971174716949463,0.7969663143157959,1
seg-only,"(3.0, 8.0, 0.3, 0.3)",1.538374900817871,0.8529620170593262,1.0931096076965332,1
seg-only,"(3.0, 8.0, 0.3, 0.3)",1.564649760723114,0.7778855562210083,0.8489766120910645,1
seg-only,"(3.0, 8.0, 0.3, 0.3)",1.500824213027954,0.7615803480148315,0.783379316329956,1
seg-only,"(3.0, 8.0, 0.3, 0.3)",1.5445913076400757,0.6963920593261719,0.6639502048492432,1
seg-only,"(3.0, 8.0, 0.3, 0.3)",1.484766662120819,0.585787296295166,0.6129884719848633,1
seg-only,"(3.0, 8.0, 0.3, 0.3)",1.5276105403900146,0.7686465978622437,0.7857298851013184,1
seg-only,"(3.0, 8.0, 0.3, 0.3)",1.5242778062820435,0.7188149690628052,0.920478105545044,1
seg-only,"(3.0, 8.0, 0.3, 0.3)",1.5419814586639404,0.8001598119735718,0.9061079025268555,1
seg-only,"(3.0, 8.0, 0.3, 0.3)",1.4622599482536316,0.6092538833618164,0.9077579975128174,1
seg-only,"(3.0, 8.0, 0.3, 0.3)",1.5600504875183105,0.8335711359977722,0.807248592376709,1
seg-only,"(3.0, 8.0, 0.3, 0.3)",1.5739411115646362,0.6903702020645142,0.9345767498016357,1
seg-only,"(3.0, 8.0, 0.3, 0.6)",1.5547271370887756,0.7670904397964478,0.6517646312713623,1
seg-only,"(3.0, 8.0, 0.3, 0.6)",1.565701961517334,0.7911748886108398,0.6267269849777222,1
seg-only,"(3.0, 8.0, 0.3, 0.6)",1.492871642112732,0.7297208309173584,0.7169176340103149,1
seg-only,"(3.0, 8.0, 0.3, 0.6)",1.6270695924758911,0.8762067556381226,0.7073156833648682,1
seg-only,"(3.0, 8.0, 0.3, 0.6)",1.5159512162208557,0.6463308334350586,0.6476883888244629,1
seg-only,"(3.0, 8.0, 0.3, 0.6)",1.4759194254875183,0.7456282377243042,0.6911337375640869,1
seg-only,"(3.0, 8.0, 0.3, 0.6)",1.553148090839386,0.7364034652709961,0.6011524200439453,1
seg-only,"(3.0, 8.0, 0.3, 0.6)",1.5897865295410156,0.9217382073402405,0.7030489444732666,1
seg-only,"(3.0, 8.0, 0.3, 0.6)",1.4918500185012817,0.7799935340881348,0.7470792531967163,1
seg-only,"(3.0, 8.0, 0.3, 0.6)",1.530278503894806,0.79426109790802,0.6121864318847656,1
seg-only,"(3.0, 8.0, 0.3, 0.6)",1.4983843564987183,0.6198592185974121,0.5332512855529785,1
seg-only,"(3.0, 8.0, 0.3, 0.6)",1.5407085418701172,0.7611844539642334,0.6045036315917969,1
seg-only,"(3.0, 8.0, 0.3, 0.6)",1.5838481187820435,0.7364518642425537,0.5808210372924805,1
seg-only,"(3.0, 8.0, 0.3, 0.6)",1.5457976460456848,0.8704667091369629,0.6946843862533569,1
seg-only,"(3.0, 8.0, 0.3, 0.6)",1.5226962566375732,0.6981738805770874,0.49992799758911133,1
seg-only,"(3.0, 8.0, 0.3, -0.3)",1.5561049580574036,0.7692877650260925,1.3399465084075928,1
seg-only,"(3.0, 8.0, 0.3, -0.3)",1.5498020648956299,0.8403971791267395,1.5694644451141357,1
seg-only,"(3.0, 8.0, 0.3, -0.3)",1.540076732635498,0.7352609634399414,1.280928611755371,1
seg-only,"(3.0, 8.0, 0.3, -0.3)",1.4971560835838318,0.725199818611145,1.2331757545471191,1
seg-only,"(3.0, 8.0, 0.3, -0.3)",1.5351691842079163,0.7455902099609375,1.2335505485534668,1
seg-only,"(3.0, 8.0, 0.3, -0.3)",1.6004078388214111,0.7641236782073975,1.2475943565368652,1
seg-only,"(3.0, 8.0, 0.3, -0.3)",1.5646723508834839,0.791223406791687,1.3185474872589111,1
seg-only,"(3.0, 8.0, 0.3, -0.3)",1.572609782218933,0.8941563367843628,1.6017160415649414,1
seg-only,"(3.0, 8.0, 0.3, -0.3)",1.4900624752044678,0.7467619180679321,1.0732409954071045,1
seg-only,"(3.0, 8.0, 0.3, -0.3)",1.5860161781311035,0.8671656847000122,1.2868452072143555,1
seg-only,"(3.0, 8.0, 0.3, -0.3)",1.5296209454536438,0.6998575925827026,1.148843765258789,1
seg-only,"(3.0, 8.0, 0.3, -0.3)",1.54166179895401,0.7474669218063354,1.093829870223999,1
seg-only,"(3.0, 8.0, 0.3, -0.3)",1.5204442739486694,0.7670416831970215,1.2724018096923828,1
seg-only,"(3.0, 8.0, 0.3, -0.3)",1.5601563453674316,0.6222175359725952,1.0145604610443115,1
seg-only,"(3.0, 8.0, 0.3, -0.3)",1.5607454180717468,0.8168812990188599,1.3659393787384033,1
seg-only,"(3.0, 8.0, 0.7, 0.0)",1.101869285106659,0.3413909673690796,0.5093650817871094,1
seg-only,"(3.0, 8.0, 0.7, 0.0)",1.1100252270698547,0.3661845922470093,0.5769360065460205,1
seg-only,"(3.0, 8.0, 0.7, 0.0)",1.0958310961723328,0.3113666772842407,0.27324676513671875,1
seg-only,"(3.0, 8.0, 0.7, 0.0)",1.1112706661224365,0.3229728937149048,0.6404769420623779,1
seg-only,"(3.0, 8.0, 0.7, 0.0)",1.09892737865448,0.33761727809906006,0.3949713706970215,1
seg-only,"(3.0, 8.0, 0.7, 0.0)",1.0826359391212463,0.333251953125,0.452465295791626,1
seg-only,"(3.0, 8.0, 0.7, 0.0)",1.0282773971557617,0.34860074520111084,0.596705436706543,1
seg-only,"(3.0, 8.0, 0.7, 0.0)",1.0722991228103638,0.3142662048339844,0.48546409606933594,1
seg-only,"(3.0, 8.0, 0.7, 0.0)",1.0908443331718445,0.32040655612945557,0.5083987712860107,1
seg-only,"(3.0, 8.0, 0.7, 0.0)",1.108798623085022,0.3288363218307495,0.6382472515106201,1
seg-only,"(3.0, 8.0, 0.7, 0.0)",1.051268756389618,0.3049798011779785,0.7695436477661133,1
seg-only,"(3.0, 8.0, 0.7, 0.0)",1.1470001935958862,0.3852297067642212,0.7710685729980469,1
seg-only,"(3.0, 8.0, 0.7, 0.0)",1.0853865146636963,0.2537466287612915,0.38299989700317383,1
seg-only,"(3.0, 8.0, 0.7, 0.0)",1.0497483015060425,0.2681518793106079,0.21871376037597656,1
seg-only,"(3.0, 8.0, 0.7, 0.0)",1.0680750608444214,0.3081810474395752,0.3317232131958008,1
seg-only,"(3.0, 8.0, 0.7, 0.3)",1.0910156965255737,0.46310901641845703,0.48331189155578613,1
seg-only,"(3.0, 8.0, 0.7, 0.3)",1.120401680469513,0.2868072986602783,0.4449293613433838,1
seg-only,"(3.0, 8.0, 0.7, 0.3)",1.1307408809661865,0.2837480306625366,0.14571261405944824,1
seg-only,"(3.0, 8.0, 0.7, 0.3)",1.0751240849494934,0.2958720922470093,0.27897024154663086,1
seg-only,"(3.0, 8.0, 0.7, 0.3)",1.0346354246139526,0.34753692150115967,0.4671480655670166,1
seg-only,"(3.0, 8.0, 0.7, 0.3)",1.0485115051269531,0.3235969543457031,0.3581209182739258,1
seg-only,"(3.0, 8.0, 0.7, 0.3)",1.0655822157859802,0.3171055316925049,0.2260570526123047,1
seg-only,"(3.0, 8.0, 0.7, 0.3)",1.1167659163475037,0.4205878973007202,0.4662621021270752,1
seg-only,"(3.0, 8.0, 0.7, 0.3)",1.1066564321517944,0.40242087841033936,0.4262819290161133,1
seg-only,"(3.0, 8.0, 0.7, 0.3)",1.1381222009658813,0.4002399444580078,0.5353982448577881,1
seg-only,"(3.0, 8.0, 0.7, 0.3)",1.055107831954956,0.24279773235321045,0.26871538162231445,1
seg-only,"(3.0, 8.0, 0.7, 0.3)",1.0718580186367035,0.35614097118377686,0.40787744522094727,1
seg-only,"(3.0, 8.0, 0.7, 0.3)",1.0156998932361603,0.3001410961151123,0.44698524475097656,1
seg-only,"(3.0, 8.0, 0.7, 0.3)",1.0694715976715088,0.384116530418396,0.4859757423400879,1
seg-only,"(3.0, 8.0, 0.7, 0.3)",1.0755724906921387,0.3744828701019287,0.4413032531738281,1
seg-only,"(3.0, 8.0, 0.7, 0.6)",1.140272080898285,0.2666816711425781,0.08998870849609375,1
seg-only,"(3.0, 8.0, 0.7, 0.6)",1.137939453125,0.3349642753601074,0.27773284912109375,1
seg-only,"(3.0, 8.0, 0.7, 0.6)",1.07587069272995,0.4050365686416626,0.3585996627807617,1
seg-only,"(3.0, 8.0, 0.7, 0.6)",1.1824710965156555,0.3606295585632324,0.20617413520812988,1
seg-only,"(3.0, 8.0, 0.7, 0.6)",1.084065556526184,0.3885011672973633,0.3165132999420166,1
seg-only,"(3.0, 8.0, 0.7, 0.6)",1.1015931367874146,0.3694467544555664,0.37082815170288086,1
seg-only,"(3.0, 8.0, 0.7, 0.6)",1.085261583328247,0.4171876907348633,0.5120692253112793,1
seg-only,"(3.0, 8.0, 0.7, 0.6)",1.1301143169403076,0.32629597187042236,0.3329646587371826,1
seg-only,"(3.0, 8.0, 0.7, 0.6)",1.035708725452423,0.20687127113342285,0.17409229278564453,1
seg-only,"(3.0, 8.0, 0.7, 0.6)",1.0632447004318237,0.3132498264312744,0.263324499130249,1
seg-only,"(3.0, 8.0, 0.7, 0.6)",1.0284870862960815,0.3030068874359131,0.19025564193725586,1
seg-only,"(3.0, 8.0, 0.7, 0.6)",1.0947173237800598,0.4321255683898926,0.37624049186706543,1
seg-only,"(3.0, 8.0, 0.7, 0.6)",0.9911789298057556,0.33193790912628174,0.39636993408203125,1
seg-only,"(3.0, 8.0, 0.7, 0.6)",1.1101815700531006,0.36392390727996826,0.26698970794677734,1
seg-only,"(3.0, 8.0, 0.7, 0.6)",1.0705504417419434,0.2909334897994995,0.3295106887817383,1
seg-only,"(3.0, 8.0, 0.7, -0.3)",1.0977383852005005,0.37205827236175537,0.798471212387085,1
seg-only,"(3.0, 8.0, 0.7, -0.3)",1.1590455174446106,0.4081897735595703,0.7449359893798828,1
seg-only,"(3.0, 8.0, 0.7, -0.3)",1.0252569913864136,0.2287578582763672,0.38507604598999023,1
seg-only,"(3.0, 8.0, 0.7, -0.3)",1.1128551959991455,0.439876914024353,0.7465639114379883,1
seg-only,"(3.0, 8.0, 0.7, -0.3)",1.0725604891777039,0.4136676788330078,0.7205603122711182,1
seg-only,"(3.0, 8.0, 0.7, -0.3)",1.0046618580818176,0.29591941833496094,0.47004175186157227,1
seg-only,"(3.0, 8.0, 0.7, -0.3)",1.0566954612731934,0.335624098777771,0.5107221603393555,1
seg-only,"(3.0, 8.0, 0.7, -0.3)",1.0577417612075806,0.3267744779586792,0.5534720420837402,1
seg-only,"(3.0, 8.0, 0.7, -0.3)",1.1120513081550598,0.36248779296875,0.5464110374450684,1
seg-only,"(3.0, 8.0, 0.7, -0.3)",1.1005200743675232,0.2988377809524536,0.45803213119506836,1
seg-only,"(3.0, 8.0, 0.7, -0.3)",1.0875158309936523,0.32066428661346436,0.5611512660980225,1
seg-only,"(3.0, 8.0, 0.7, -0.3)",1.0743061900138855,0.41181468963623047,0.7145123481750488,1
seg-only,"(3.0, 8.0, 0.7, -0.3)",1.1431243419647217,0.3620082139968872,0.6854219436645508,1
seg-only,"(3.0, 8.0, 0.7, -0.3)",1.0578628182411194,0.3034980297088623,0.4325861930847168,1
seg-only,"(3.0, 8.0, 0.7, -0.3)",1.085425615310669,0.39100801944732666,0.7109055519104004,1
seg-only,"(3.0, 20.0, 0.3, 0.0)",1.225228726863861,0.4025263786315918,0.4791898727416992,1
seg-only,"(3.0, 20.0, 0.3, 0.0)",1.217181921005249,0.41783833503723145,0.5965836048126221,1
seg-only,"(3.0, 20.0, 0.3, 0.0)",1.2368857264518738,0.3645963668823242,0.5057685375213623,1
seg-only,"(3.0, 20.0, 0.3, 0.0)",1.2996014952659607,0.4466726779937744,0.6358592510223389,1
seg-only,"(3.0, 20.0, 0.3, 0.0)",1.193192481994629,0.38024675846099854,0.6060190200805664,1
seg-only,"(3.0, 20.0, 0.3, 0.0)",1.2247047424316406,0.38805854320526123,0.6213328838348389,1
seg-only,"(3.0, 20.0, 0.3, 0.0)",1.2274362444877625,0.4409068822860718,0.6073999404907227,1
seg-only,"(3.0, 20.0, 0.3, 0.0)",1.2060741782188416,0.4330836534500122,0.7038094997406006,1
seg-only,"(3.0, 20.0, 0.3, 0.0)",1.2734070420265198,0.38409221172332764,0.6190166473388672,1
seg-only,"(3.0, 20.0, 0.3, 0.0)",1.2157006859779358,0.42340826988220215,0.5220842361450195,1
seg-only,"(3.0, 20.0, 0.3, 0.0)",1.1939233541488647,0.41620969772338867,0.7947311401367188,1
seg-only,"(3.0, 20.0, 0.3, 0.0)",1.2459750771522522,0.5147695541381836,0.6137969493865967,1
seg-only,"(3.0, 20.0, 0.3, 0.0)",1.2006912231445312,0.35490405559539795,0.7948226928710938,1
seg-only,"(3.0, 20.0, 0.3, 0.0)",1.1944805979728699,0.43589091300964355,0.6111361980438232,1
seg-only,"(3.0, 20.0, 0.3, 0.0)",1.260945439338684,0.3906005620956421,0.5299258232116699,1
seg-only,"(3.0, 20.0, 0.3, 0.3)",1.2269284129142761,0.45790576934814453,0.4936518669128418,1
seg-only,"(3.0, 20.0, 0.3, 0.3)",1.1684982776641846,0.4206051826477051,0.5230495929718018,1
seg-only,"(3.0, 20.0, 0.3, 0.3)",1.3177531361579895,0.318619966506958,0.3126227855682373,1
seg-only,"(3.0, 20.0, 0.3, 0.3)",1.2165802717208862,0.3883596658706665,0.5756769180297852,1
seg-only,"(3.0, 20.0, 0.3, 0.3)",1.1677502393722534,0.33076202869415283,0.3627903461456299,1
seg-only,"(3.0, 20.0, 0.3, 0.3)",1.2204564809799194,0.42401039600372314,0.391284704208374,1
seg-only,"(3.0, 20.0, 0.3, 0.3)",1.2030568718910217,0.377608060836792,0.26279234886169434,1
seg-only,"(3.0, 20.0, 0.3, 0.3)",1.1616185903549194,0.40221524238586426,0.5873644351959229,1
seg-only,"(3.0, 20.0, 0.3, 0.3)",1.3039465546607971,0.4229404926300049,0.46291351318359375,1
seg-only,"(3.0, 20.0, 0.3, 0.3)",1.203467309474945,0.3793175220489502,0.5669033527374268,1
seg-only,"(3.0, 20.0, 0.3, 0.3)",1.2384929656982422,0.41260695457458496,0.3502678871154785,1
seg-only,"(3.0, 20.0, 0.3, 0.3)",1.1975803971290588,0.3998771905899048,0.5252277851104736,1
seg-only,"(3.0, 20.0, 0.3, 0.3)",1.2688932418823242,0.5134850740432739,0.4563300609588623,1
seg-only,"(3.0, 20.0, 0.3, 0.3)",1.1869024634361267,0.38566887378692627,0.43521881103515625,1
seg-only,"(3.0, 20.0, 0.3, 0.3)",1.220818817615509,0.3885972499847412,0.45029497146606445,1
seg-only,"(3.0, 20.0, 0.3, 0.6)",1.1945382356643677,0.4196460247039795,0.21036767959594727,1
seg-only,"(3.0, 20.0, 0.3, 0.6)",1.1964668035507202,0.43720459938049316,0.259049654006958,1
seg-only,"(3.0, 20.0, 0.3, 0.6)",1.2437203526496887,0.3977217674255371,0.15214228630065918,1
seg-only,"(3.0, 20.0, 0.3, 0.6)",1.2002863883972168,0.3652639389038086,0.3715016841888428,1
seg-only,"(3.0, 20.0, 0.3, 0.6)",1.304314374923706,0.5020326375961304,0.33729004859924316,1
seg-only,"(3.0, 20.0, 0.3, 0.6)",1.2230309844017029,0.4163479804992676,0.3105020523071289,1
seg-only,"(3.0, 20.0, 0.3, 0.6)",1.1690793633460999,0.29273486137390137,0.3998067378997803,1
seg-only,"(3.0, 20.0, 0.3, 0.6)",1.25851309299469,0.5090110301971436,0.3096499443054199,1
seg-only,"(3.0, 20.0, 0.3, 0.6)",1.1994216442108154,0.48332321643829346,0.385756254196167,1
seg-only,"(3.0, 20.0, 0.3, 0.6)",1.191229522228241,0.44746267795562744,0.3435244560241699,1
seg-only,"(3.0, 20.0, 0.3, 0.6)",1.1959816813468933,0.4389345645904541,0.30356311798095703,1
seg-only,"(3.0, 20.0, 0.3, 0.6)",1.2540252208709717,0.47734248638153076,0.3371303081512451,1
seg-only,"(3.0, 20.0, 0.3, 0.6)",1.2531655430793762,0.5369518995285034,0.5594755411148071,1
seg-only,"(3.0, 20.0, 0.3, 0.6)",1.1714015007019043,0.3146488666534424,0.2781391143798828,1
seg-only,"(3.0, 20.0, 0.3, 0.6)",1.2320998907089233,0.3981058597564697,0.3321657180786133,1
seg-only,"(3.0, 20.0, 0.3, -0.3)",1.1744108200073242,0.44528186321258545,0.6532790660858154,1
seg-only,"(3.0, 20.0, 0.3, -0.3)",1.2152956128120422,0.3448375463485718,0.4422922134399414,1
seg-only,"(3.0, 20.0, 0.3, -0.3)",1.1835501194000244,0.4074188470840454,0.5636720657348633,1
seg-only,"(3.0, 20.0, 0.3, -0.3)",1.2329803705215454,0.38445985317230225,0.543358325958252,1
seg-only,"(3.0, 20.0, 0.3, -0.3)",1.3240023255348206,0.5186765193939209,0.8819169998168945,1
seg-only,"(3.0, 20.0, 0.3, -0.3)",1.2389511466026306,0.5324780941009521,0.8798243999481201,1
seg-only,"(3.0, 20.0, 0.3, -0.3)",1.226768434047699,0.38983190059661865,0.6299557685852051,1
seg-only,"(3.0, 20.0, 0.3, -0.3)",1.1982790231704712,0.3389335870742798,0.62261962890625,1
seg-only,"(3.0, 20.0, 0.3, -0.3)",1.2058175802230835,0.34120213985443115,0.5374131202697754,1
seg-only,"(3.0, 20.0, 0.3, -0.3)",1.1528609991073608,0.305599570274353,0.39151954650878906,1
seg-only,"(3.0, 20.0, 0.3, -0.3)",1.2466225624084473,0.4213908910751343,0.6953034400939941,1
seg-only,"(3.0, 20.0, 0.3, -0.3)",1.19190514087677,0.4322042465209961,0.6177206039428711,1
seg-only,"(3.0, 20.0, 0.3, -0.3)",1.2548131942749023,0.4304877519607544,0.5680375099182129,1
seg-only,"(3.0, 20.0, 0.3, -0.3)",1.2483913898468018,0.41267871856689453,0.7096118927001953,1
seg-only,"(3.0, 20.0, 0.3, -0.3)",1.2431254386901855,0.4517000913619995,0.6871552467346191,1
seg-only,"(3.0, 20.0, 0.7, 0.0)",0.6902577877044678,0.06394541263580322,0.09889888763427734,1
seg-only,"(3.0, 20.0, 0.7, 0.0)",0.7155652940273285,0.10969340801239014,0.10738992691040039,1
seg-only,"(3.0, 20.0, 0.7, 0.0)",0.7069329917430878,0.10605216026306152,0.043741703033447266,1
seg-only,"(3.0, 20.0, 0.7, 0.0)",0.6689914464950562,0.10698080062866211,0.20488739013671875,1
seg-only,"(3.0, 20.0, 0.7, 0.0)",0.7059125006198883,0.08407771587371826,0.0975809097290039,1
seg-only,"(3.0, 20.0, 0.7, 0.0)",0.6580181121826172,0.09395802021026611,0.059499263763427734,1
seg-only,"(3.0, 20.0, 0.7, 0.0)",0.700033038854599,0.08440780639648438,0.2130570411682129,1
seg-only,"(3.0, 20.0, 0.7, 0.0)",0.6721539199352264,0.0866478681564331,0.17161989212036133,1
seg-only,"(3.0, 20.0, 0.7, 0.0)",0.6596005856990814,0.1022942066192627,0.08544492721557617,1
seg-only,"(3.0, 20.0, 0.7, 0.0)",0.6494294106960297,0.09246087074279785,0.07673263549804688,1
seg-only,"(3.0, 20.0, 0.7, 0.0)",0.6717402338981628,0.0834343433380127,0.18671369552612305,1
seg-only,"(3.0, 20.0, 0.7, 0.0)",0.7353218197822571,0.021973729133605957,0.010471820831298828,1
seg-only,"(3.0, 20.0, 0.7, 0.0)",0.7024430334568024,0.09006094932556152,0.12690210342407227,1
seg-only,"(3.0, 20.0, 0.7, 0.0)",0.7267283201217651,0.06469118595123291,0.0029735565185546875,1
seg-only,"(3.0, 20.0, 0.7, 0.0)",0.732281893491745,0.06563389301300049,0.10856246948242188,1
seg-only,"(3.0, 20.0, 0.7, 0.3)",0.674661248922348,0.028782367706298828,0.04234910011291504,1
seg-only,"(3.0, 20.0, 0.7, 0.3)",0.7056779563426971,0.05382359027862549,0.083160400390625,1
seg-only,"(3.0, 20.0, 0.7, 0.3)",0.7121503353118896,0.18765568733215332,0.20358848571777344,1
seg-only,"(3.0, 20.0, 0.7, 0.3)",0.6759096086025238,0.06353235244750977,0.04322338104248047,1
seg-only,"(3.0, 20.0, 0.7, 0.3)",0.6435620784759521,0.05153226852416992,0.027081012725830078,1
seg-only,"(3.0, 20.0, 0.7, 0.3)",0.7015241086483002,0.09611618518829346,0.05419778823852539,1
seg-only,"(3.0, 20.0, 0.7, 0.3)",0.6541474461555481,0.07223176956176758,0.003645658493041992,1
seg-only,"(3.0, 20.0, 0.7, 0.3)",0.6762051284313202,0.08379673957824707,0.10807657241821289,1
seg-only,"(3.0, 20.0, 0.7, 0.3)",0.6862652897834778,0.0709618330001831,0.12040925025939941,1
seg-only,"(3.0, 20.0, 0.7, 0.3)",0.6925920844078064,0.068808913230896,0.15250110626220703,1
seg-only,"(3.0, 20.0, 0.7, 0.3)",0.7124465107917786,0.11917996406555176,0.04984021186828613,1
seg-only,"(3.0, 20.0, 0.7, 0.3)",0.6737470328807831,0.0772939920425415,0.00324249267578125,1
seg-only,"(3.0, 20.0, 0.7, 0.3)",0.6682683229446411,0.08668136596679688,0.08892345428466797,1
seg-only,"(3.0, 20.0, 0.7, 0.3)",0.7337722182273865,0.13973355293273926,0.3023242950439453,1
seg-only,"(3.0, 20.0, 0.7, 0.3)",0.7593240737915039,0.11578774452209473,0.03784751892089844,1
seg-only,"(3.0, 20.0, 0.7, 0.6)",0.6694422960281372,0.0072612762451171875,0.030852079391479492,1
seg-only,"(3.0, 20.0, 0.7, 0.6)",0.708046168088913,0.09473574161529541,0.07827639579772949,1
seg-only,"(3.0, 20.0, 0.7, 0.6)",0.7196839451789856,0.16339564323425293,0.044486284255981445,1
seg-only,"(3.0, 20.0, 0.7, 0.6)",0.6832353174686432,0.04811370372772217,0.15870344638824463,1
seg-only,"(3.0, 20.0, 0.7, 0.6)",0.666579395532608,0.1500701904296875,0.1725163459777832,1
seg-only,"(3.0, 20.0, 0.7, 0.6)",0.6642734706401825,0.09589219093322754,0.08178448677062988,1
seg-only,"(3.0, 20.0, 0.7, 0.6)",0.7090545892715454,0.11131119728088379,0.06090569496154785,1
seg-only,"(3.0, 20.0, 0.7, 0.6)",0.7572038173675537,0.14039826393127441,0.07874178886413574,1
seg-only,"(3.0, 20.0, 0.7, 0.6)",0.7533622980117798,0.027361631393432617,0.05933547019958496,1
seg-only,"(3.0, 20.0, 0.7, 0.6)",0.6563235521316528,0.07395040988922119,0.0016236305236816406,1
seg-only,"(3.0, 20.0, 0.7, 0.6)",0.6718482077121735,0.07422125339508057,0.04615306854248047,1
seg-only,"(3.0, 20.0, 0.7, 0.6)",0.7020890712738037,0.1500992774963379,0.07723498344421387,1
seg-only,"(3.0, 20.0, 0.7, 0.6)",0.6421573162078857,0.07035374641418457,0.010428428649902344,1
seg-only,"(3.0, 20.0, 0.7, 0.6)",0.7320427894592285,0.1145329475402832,0.10313892364501953,1
seg-only,"(3.0, 20.0, 0.7, 0.6)",0.7730369567871094,0.0965033769607544,0.11235523223876953,1
seg-only,"(3.0, 20.0, 0.7, -0.3)",0.7384952008724213,0.10317158699035645,0.22861194610595703,1
seg-only,"(3.0, 20.0, 0.7, -0.3)",0.6962227821350098,0.04326486587524414,0.15126752853393555,1
seg-only,"(3.0, 20.0, 0.7, -0.3)",0.7059127688407898,0.06291449069976807,0.1073598861694336,1
seg-only,"(3.0, 20.0, 0.7, -0.3)",0.6755727529525757,0.11452913284301758,0.17041349411010742,1
seg-only,"(3.0, 20.0, 0.7, -0.3)",0.7008335590362549,0.07162213325500488,0.11508369445800781,1
seg-only,"(3.0, 20.0, 0.7, -0.3)",0.6718904078006744,0.10275065898895264,0.2449500560760498,1
seg-only,"(3.0, 20.0, 0.7, -0.3)",0.7638959884643555,0.11266946792602539,0.11093568801879883,1
seg-only,"(3.0, 20.0, 0.7, -0.3)",0.772610604763031,0.05020260810852051,0.08655691146850586,1
seg-only,"(3.0, 20.0, 0.7, -0.3)",0.6792161762714386,0.06182289123535156,0.1626911163330078,1
seg-only,"(3.0, 20.0, 0.7, -0.3)",0.6844451129436493,0.008280754089355469,0.0011363029479980469,1
seg-only,"(3.0, 20.0, 0.7, -0.3)",0.7173998057842255,0.10132730007171631,0.11552572250366211,1
seg-only,"(3.0, 20.0, 0.7, -0.3)",0.6818396151065826,0.11506390571594238,0.23013639450073242,1
seg-only,"(3.0, 20.0, 0.7, -0.3)",0.6665840744972229,0.07722747325897217,0.14536619186401367,1
seg-only,"(3.0, 20.0, 0.7, -0.3)",0.7109917402267456,0.06316721439361572,0.07662630081176758,1
seg-only,"(3.0, 20.0, 0.7, -0.3)",0.731382817029953,0.12219488620758057,0.19732999801635742,1
seg-only,"(1.5, 8.0, 0.3, 0.0)",0.8536365926265717,0.410754919052124,0.557488203048706,2
seg-only,"(1.5, 8.0, 0.3, 0.0)",0.8335607945919037,0.40707921981811523,0.511150598526001,2
seg-only,"(1.5, 8.0, 0.3, 0.0)",0.8086394667625427,0.39413172006607056,0.49518799781799316,2
seg-only,"(1.5, 8.0, 0.3, 0.0)",0.8437494337558746,0.45490989089012146,0.5676252841949463,2
seg-only,"(1.5, 8.0, 0.3, 0.0)",0.8209117352962494,0.41404861211776733,0.7684311866760254,2
seg-only,"(1.5, 8.0, 0.3, 0.0)",0.7986392974853516,0.4098149538040161,0.49159395694732666,2
seg-only,"(1.5, 8.0, 0.3, 0.0)",0.8595390319824219,0.48245668411254883,0.6102582216262817,2
seg-only,"(1.5, 8.0, 0.3, 0.0)",0.8817312717437744,0.4057179093360901,0.5315700769424438,2
seg-only,"(1.5, 8.0, 0.3, 0.0)",0.8316936492919922,0.3966591954231262,0.4992859363555908,2
seg-only,"(1.5, 8.0, 0.3, 0.0)",0.8046547770500183,0.4265903830528259,0.5510157346725464,2
seg-only,"(1.5, 8.0, 0.3, 0.0)",0.8323342204093933,0.46563491225242615,0.6514967679977417,2
seg-only,"(1.5, 8.0, 0.3, 0.0)",0.8085957169532776,0.4112340807914734,0.5033903121948242,2
seg-only,"(1.5, 8.0, 0.3, 0.0)",0.8538554906845093,0.38976722955703735,0.5883113145828247,2
seg-only,"(1.5, 8.0, 0.3, 0.0)",0.837123453617096,0.40588897466659546,0.563398003578186,2
seg-only,"(1.5, 8.0, 0.3, 0.0)",0.8361963033676147,0.4217396378517151,0.5567126274108887,2
seg-only,"(1.5, 8.0, 0.3, 0.3)",0.8499493598937988,0.4714805483818054,0.5023273229598999,2
seg-only,"(1.5, 8.0, 0.3, 0.3)",0.8248882293701172,0.4403422474861145,0.5326541662216187,2
seg-only,"(1.5, 8.0, 0.3, 0.3)",0.8094225823879242,0.35373562574386597,0.34104347229003906,2
seg-only,"(1.5, 8.0, 0.3, 0.3)",0.8249230980873108,0.3475378155708313,0.5105791091918945,2
seg-only,"(1.5, 8.0, 0.3, 0.3)",0.8479653894901276,0.3644034266471863,0.27595973014831543,2
seg-only,"(1.5, 8.0, 0.3, 0.3)",0.8320355415344238,0.34070146083831787,0.405828595161438,2
seg-only,"(1.5, 8.0, 0.3, 0.3)",0.849697470664978,0.46320560574531555,0.426521897315979,2
seg-only,"(1.5, 8.0, 0.3, 0.3)",0.8083471059799194,0.34251463413238525,0.31484532356262207,2
seg-only,"(1.5, 8.0, 0.3, 0.3)",0.8404669463634491,0.3848443031311035,0.5261179208755493,2
seg-only,"(1.5, 8.0, 0.3, 0.3)",0.803927481174469,0.3947598934173584,0.5427170991897583,2
seg-only,"(1.5, 8.0, 0.3, 0.3)",0.8201112151145935,0.39903420209884644,0.44096577167510986,2
seg-only,"(1.5, 8.0, 0.3, 0.3)",0.8521059155464172,0.3886367082595825,0.4556187391281128,2
seg-only,"(1.5, 8.0, 0.3, 0.3)",0.7757859230041504,0.38126200437545776,0.43756425380706787,2
seg-only,"(1.5, 8.0, 0.3, 0.3)",0.8433229625225067,0.35703709721565247,0.4303957223892212,2
seg-only,"(1.5, 8.0, 0.3, 0.3)",0.7858554720878601,0.41850894689559937,0.49049150943756104,2
seg-only,"(1.5, 8.0, 0.3, 0.6)",0.8096279799938202,0.3910422921180725,0.4075043797492981,2
seg-only,"(1.5, 8.0, 0.3, 0.6)",0.8301695585250854,0.3966370224952698,0.3359696865081787,2
seg-only,"(1.5, 8.0, 0.3, 0.6)",0.8487171530723572,0.417157918214798,0.18355143070220947,2
seg-only,"(1.5, 8.0, 0.3, 0.6)",0.8073744475841522,0.37125545740127563,0.32110142707824707,2
seg-only,"(1.5, 8.0, 0.3, 0.6)",0.8384754359722137,0.47228720784187317,0.29869771003723145,2
seg-only,"(1.5, 8.0, 0.3, 0.6)",0.7968815565109253,0.36601918935775757,0.31673258543014526,2
seg-only,"(1.5, 8.0, 0.3, 0.6)",0.8585430383682251,0.41033828258514404,0.3061422109603882,2
seg-only,"(1.5, 8.0, 0.3, 0.6)",0.8426524102687836,0.3714701533317566,0.14240014553070068,2
seg-only,"(1.5, 8.0, 0.3, 0.6)",0.8544808030128479,0.4296915829181671,0.15084195137023926,2
seg-only,"(1.5, 8.0, 0.3, 0.6)",0.7911513447761536,0.3538879454135895,0.2893115282058716,2
seg-only,"(1.5, 8.0, 0.3, 0.6)",0.8160361647605896,0.38127797842025757,0.14261305332183838,2
seg-only,"(1.5, 8.0, 0.3, 0.6)",0.8346658945083618,0.3861500024795532,0.3014439344406128,2
seg-only,"(1.5, 8.0, 0.3, 0.6)",0.8203833997249603,0.36982637643814087,0.3384077548980713,2
seg-only,"(1.5, 8.0, 0.3, 0.6)",0.8230588436126709,0.4430815279483795,0.3365563154220581,2
seg-only,"(1.5, 8.0, 0.3, 0.6)",0.8155565857887268,0.3916894197463989,0.3035165071487427,2
seg-only,"(1.5, 8.0, 0.3, -0.3)",0.8638260364532471,0.37453189492225647,0.6403111219406128,2
seg-only,"(1.5, 8.0, 0.3, -0.3)",0.8647754788398743,0.43187838792800903,0.7010936737060547,2
seg-only,"(1.5, 8.0, 0.3, -0.3)",0.8480089604854584,0.37441229820251465,0.6041381359100342,2
seg-only,"(1.5, 8.0, 0.3, -0.3)",0.7961076498031616,0.37232452630996704,0.5116733312606812,2
seg-only,"(1.5, 8.0, 0.3, -0.3)",0.837241142988205,0.37890738248825073,0.684615969657898,2
seg-only,"(1.5, 8.0, 0.3, -0.3)",0.7862336337566376,0.40889066457748413,0.6419203281402588,2
seg-only,"(1.5, 8.0, 0.3, -0.3)",0.8466699421405792,0.39161795377731323,0.6802774667739868,2
seg-only,"(1.5, 8.0, 0.3, -0.3)",0.8721420168876648,0.4714626371860504,0.8056098222732544,2
seg-only,"(1.5, 8.0, 0.3, -0.3)",0.8329464793205261,0.4204152822494507,0.6596235036849976,2
seg-only,"(1.5, 8.0, 0.3, -0.3)",0.8382987678050995,0.4697701334953308,0.8426145315170288,2
seg-only,"(1.5, 8.0, 0.3, -0.3)",0.8436779975891113,0.41295868158340454,0.6600393056869507,2
seg-only,"(1.5, 8.0, 0.3, -0.3)",0.8706324100494385,0.44732072949409485,0.7651954889297485,2
seg-only,"(1.5, 8.0, 0.3, -0.3)",0.8211181461811066,0.3794405460357666,0.6147134304046631,2
seg-only,"(1.5, 8.0, 0.3, -0.3)",0.7768549919128418,0.4459604024887085,0.7833799123764038,2
seg-only,"(1.5, 8.0, 0.3, -0.3)",0.8412641882896423,0.469150573015213,0.828359842300415,2
seg-only,"(1.5, 8.0, 0.7, 0.0)",0.6373928487300873,0.1589270830154419,0.2443227767944336,2
seg-only,"(1.5, 8.0, 0.7, 0.0)",0.6386495232582092,0.1986495852470398,0.292502760887146,2
seg-only,"(1.5, 8.0, 0.7, 0.0)",0.6170117557048798,0.23321115970611572,0.4287688732147217,2
seg-only,"(1.5, 8.0, 0.7, 0.0)",0.6298017203807831,0.2269359827041626,0.26416337490081787,2
seg-only,"(1.5, 8.0, 0.7, 0.0)",0.6593895852565765,0.21202003955841064,0.2941986322402954,2
seg-only,"(1.5, 8.0, 0.7, 0.0)",0.5905623435974121,0.16426140069961548,0.21214890480041504,2
seg-only,"(1.5, 8.0, 0.7, 0.0)",0.5945936441421509,0.19958823919296265,0.3320035934448242,2
seg-only,"(1.5, 8.0, 0.7, 0.0)",0.6053939163684845,0.1978723406791687,0.25214600563049316,2
seg-only,"(1.5, 8.0, 0.7, 0.0)",0.6076044142246246,0.0944872498512268,0.08195042610168457,2
seg-only,"(1.5, 8.0, 0.7, 0.0)",0.6353377103805542,0.24656885862350464,0.4205031394958496,2
seg-only,"(1.5, 8.0, 0.7, 0.0)",0.61887326836586,0.17475473880767822,0.29437804222106934,2
seg-only,"(1.5, 8.0, 0.7, 0.0)",0.6208527684211731,0.24463248252868652,0.3062906265258789,2
seg-only,"(1.5, 8.0, 0.7, 0.0)",0.5914336740970612,0.20092815160751343,0.36211884021759033,2
seg-only,"(1.5, 8.0, 0.7, 0.0)",0.6314319968223572,0.24273526668548584,0.36915767192840576,2
seg-only,"(1.5, 8.0, 0.7, 0.0)",0.6172315776348114,0.22820651531219482,0.28737330436706543,2
seg-only,"(1.5, 8.0, 0.7, 0.3)",0.6059399247169495,0.18377315998077393,0.20156633853912354,2
seg-only,"(1.5, 8.0, 0.7, 0.3)",0.5923559963703156,0.14419031143188477,0.20870733261108398,2
seg-only,"(1.5, 8.0, 0.7, 0.3)",0.6468577682971954,0.23045653104782104,0.18272018432617188,2
seg-only,"(1.5, 8.0, 0.7, 0.3)",0.630085676908493,0.141018807888031,0.21834707260131836,2
seg-only,"(1.5, 8.0, 0.7, 0.3)",0.6114111542701721,0.22688663005828857,0.2623511552810669,2
seg-only,"(1.5, 8.0, 0.7, 0.3)",0.5935177505016327,0.14856523275375366,0.12138867378234863,2
seg-only,"(1.5, 8.0, 0.7, 0.3)",0.6489918828010559,0.22860747575759888,0.22934699058532715,2
seg-only,"(1.5, 8.0, 0.7, 0.3)",0.6625041365623474,0.16592293977737427,0.16167473793029785,2
seg-only,"(1.5, 8.0, 0.7, 0.3)",0.6313581764698029,0.10378587245941162,0.1047440767288208,2
seg-only,"(1.5, 8.0, 0.7, 0.3)",0.6090872883796692,0.169308602809906,0.21563589572906494,2
seg-only,"(1.5, 8.0, 0.7, 0.3)",0.6081942319869995,0.23732030391693115,0.3034331798553467,2
seg-only,"(1.5, 8.0, 0.7, 0.3)",0.6411554515361786,0.22505056858062744,0.15906918048858643,2
seg-only,"(1.5, 8.0, 0.7, 0.3)",0.6066629588603973,0.20234733819961548,0.15201032161712646,2
seg-only,"(1.5, 8.0, 0.7, 0.3)",0.608347088098526,0.1390959620475769,0.11751878261566162,2
seg-only,"(1.5, 8.0, 0.7, 0.3)",0.6154978275299072,0.1739005446434021,0.24661874771118164,2
seg-only,"(1.5, 8.0, 0.7, 0.6)",0.5942563712596893,0.1373058557510376,0.11911237239837646,2
seg-only,"(1.5, 8.0, 0.7, 0.6)",0.6090254485607147,0.15934908390045166,0.0980757474899292,2
seg-only,"(1.5, 8.0, 0.7, 0.6)",0.6483356058597565,0.23357540369033813,0.14074409008026123,2
seg-only,"(1.5, 8.0, 0.7, 0.6)",0.6667794585227966,0.21808850765228271,0.10560643672943115,2
seg-only,"(1.5, 8.0, 0.7, 0.6)",0.6374301314353943,0.22649544477462769,0.07648253440856934,2
seg-only,"(1.5, 8.0, 0.7, 0.6)",0.6644160151481628,0.19558781385421753,0.01490485668182373,2
seg-only,"(1.5, 8.0, 0.7, 0.6)",0.661923348903656,0.16386663913726807,0.0067827701568603516,2
seg-only,"(1.5, 8.0, 0.7, 0.6)",0.6028019785881042,0.19431757926940918,0.15176105499267578,2
seg-only,"(1.5, 8.0, 0.7, 0.6)",0.6110115051269531,0.20299005508422852,0.07006692886352539,2
seg-only,"(1.5, 8.0, 0.7, 0.6)",0.6307252645492554,0.23441869020462036,0.05867922306060791,2
seg-only,"(1.5, 8.0, 0.7, 0.6)",0.6017434597015381,0.21592360734939575,0.11529791355133057,2
seg-only,"(1.5, 8.0, 0.7, 0.6)",0.6320716738700867,0.18133920431137085,0.11561155319213867,2
seg-only,"(1.5, 8.0, 0.7, 0.6)",0.6176035702228546,0.2000645399093628,0.12036854028701782,2
seg-only,"(1.5, 8.0, 0.7, 0.6)",0.6302909553050995,0.16331136226654053,0.13761651515960693,2
seg-only,"(1.5, 8.0, 0.7, 0.6)",0.609635055065155,0.16191810369491577,0.22554278373718262,2
seg-only,"(1.5, 8.0, 0.7, -0.3)",0.6445345878601074,0.19816434383392334,0.30426740646362305,2
seg-only,"(1.5, 8.0, 0.7, -0.3)",0.6172145009040833,0.20774894952774048,0.3370065689086914,2
seg-only,"(1.5, 8.0, 0.7, -0.3)",0.5934721827507019,0.1998910903930664,0.35823988914489746,2
seg-only,"(1.5, 8.0, 0.7, -0.3)",0.648685872554779,0.18075811862945557,0.31214189529418945,2
seg-only,"(1.5, 8.0, 0.7, -0.3)",0.6186775267124176,0.14220070838928223,0.25007569789886475,2
seg-only,"(1.5, 8.0, 0.7, -0.3)",0.6195766925811768,0.17941337823867798,0.268552303314209,2
seg-only,"(1.5, 8.0, 0.7, -0.3)",0.6288948655128479,0.12957876920700073,0.22815513610839844,2
seg-only,"(1.5, 8.0, 0.7, -0.3)",0.591262698173523,0.1823771595954895,0.27155983448028564,2
seg-only,"(1.5, 8.0, 0.7, -0.3)",0.6446957290172577,0.19558048248291016,0.31580352783203125,2
seg-only,"(1.5, 8.0, 0.7, -0.3)",0.5894854664802551,0.1306021809577942,0.17349767684936523,2
seg-only,"(1.5, 8.0, 0.7, -0.3)",0.6303874850273132,0.16508769989013672,0.2495877742767334,2
seg-only,"(1.5, 8.0, 0.7, -0.3)",0.6259113550186157,0.2566145658493042,0.5048531293869019,2
seg-only,"(1.5, 8.0, 0.7, -0.3)",0.6218890845775604,0.17389965057373047,0.35428643226623535,2
seg-only,"(1.5, 8.0, 0.7, -0.3)",0.6060793995857239,0.2569599747657776,0.4576418399810791,2
seg-only,"(1.5, 8.0, 0.7, -0.3)",0.6093065738677979,0.2864190936088562,0.45131826400756836,2
seg-only,"(1.5, 20.0, 0.3, 0.0)",0.7019466757774353,0.26006853580474854,0.42570316791534424,2
seg-only,"(1.5, 20.0, 0.3, 0.0)",0.662288248538971,0.2125217318534851,0.3665738105773926,2
seg-only,"(1.5, 20.0, 0.3, 0.0)",0.6517921984195709,0.24032121896743774,0.3363382816314697,2
seg-only,"(1.5, 20.0, 0.3, 0.0)",0.7094340622425079,0.27725285291671753,0.3565784692764282,2
seg-only,"(1.5, 20.0, 0.3, 0.0)",0.723110169172287,0.2338557243347168,0.40981364250183105,2
seg-only,"(1.5, 20.0, 0.3, 0.0)",0.631178230047226,0.17609179019927979,0.38732433319091797,2
seg-only,"(1.5, 20.0, 0.3, 0.0)",0.6572133004665375,0.2355143427848816,0.32483744621276855,2
seg-only,"(1.5, 20.0, 0.3, 0.0)",0.6879768967628479,0.23078125715255737,0.355962872505188,2
seg-only,"(1.5, 20.0, 0.3, 0.0)",0.6815939247608185,0.14556288719177246,0.1876964569091797,2
seg-only,"(1.5, 20.0, 0.3, 0.0)",0.6757177114486694,0.19737398624420166,0.2988649606704712,2
seg-only,"(1.5, 20.0, 0.3, 0.0)",0.6897088289260864,0.2458706498146057,0.30252230167388916,2
seg-only,"(1.5, 20.0, 0.3, 0.0)",0.7333762347698212,0.2754315137863159,0.43532776832580566,2
seg-only,"(1.5, 20.0, 0.3, 0.0)",0.7082292437553406,0.22863298654556274,0.46406328678131104,2
seg-only,"(1.5, 20.0, 0.3, 0.0)",0.6793973445892334,0.23611301183700562,0.3530540466308594,2
seg-only,"(1.5, 20.0, 0.3, 0.0)",0.6474917531013489,0.2747074365615845,0.3652244806289673,2
seg-only,"(1.5, 20.0, 0.3, 0.3)",0.6651768982410431,0.21868228912353516,0.20689010620117188,2
seg-only,"(1.5, 20.0, 0.3, 0.3)",0.6667343378067017,0.2532956600189209,0.14594042301177979,2
seg-only,"(1.5, 20.0, 0.3, 0.3)",0.680422842502594,0.22228825092315674,0.23288989067077637,2
seg-only,"(1.5, 20.0, 0.3, 0.3)",0.6933662295341492,0.2897619605064392,0.25148749351501465,2
seg-only,"(1.5, 20.0, 0.3, 0.3)",0.6843523383140564,0.24534988403320312,0.2299177646636963,2
seg-only,"(1.5, 20.0, 0.3, 0.3)",0.6388674974441528,0.19317060708999634,0.20469069480895996,2
seg-only,"(1.5, 20.0, 0.3, 0.3)",0.6657126843929291,0.22885656356811523,0.27618885040283203,2
seg-only,"(1.5, 20.0, 0.3, 0.3)",0.6756697595119476,0.23586267232894897,0.24308204650878906,2
seg-only,"(1.5, 20.0, 0.3, 0.3)",0.7475044429302216,0.17811274528503418,0.11048257350921631,2
seg-only,"(1.5, 20.0, 0.3, 0.3)",0.6903732419013977,0.34516441822052,0.383273720741272,2
seg-only,"(1.5, 20.0, 0.3, 0.3)",0.660451203584671,0.1729080080986023,0.309187114238739,2
seg-only,"(1.5, 20.0, 0.3, 0.3)",0.7367218732833862,0.23914742469787598,0.13597023487091064,2
seg-only,"(1.5, 20.0, 0.3, 0.3)",0.6743837594985962,0.18947237730026245,0.18511855602264404,2
seg-only,"(1.5, 20.0, 0.3, 0.3)",0.7053032517433167,0.2474651336669922,0.16166234016418457,2
seg-only,"(1.5, 20.0, 0.3, 0.3)",0.6720947027206421,0.2811894416809082,0.34811556339263916,2
seg-only,"(1.5, 20.0, 0.3, 0.6)",0.6581540703773499,0.19976842403411865,0.03219425678253174,2
seg-only,"(1.5, 20.0, 0.3, 0.6)",0.7025140523910522,0.20685088634490967,0.029200434684753418,2
seg-only,"(1.5, 20.0, 0.3, 0.6)",0.6699706315994263,0.2717292904853821,0.1284409761428833,2
seg-only,"(1.5, 20.0, 0.3, 0.6)",0.655613362789154,0.27578800916671753,0.22568464279174805,2
seg-only,"(1.5, 20.0, 0.3, 0.6)",0.6748414635658264,0.19378137588500977,0.03534138202667236,2
seg-only,"(1.5, 20.0, 0.3, 0.6)",0.6682472825050354,0.18443769216537476,0.08659005165100098,2
seg-only,"(1.5, 20.0, 0.3, 0.6)",0.6508389711380005,0.23786985874176025,0.09721791744232178,2
seg-only,"(1.5, 20.0, 0.3, 0.6)",0.6291994154453278,0.22018635272979736,0.12013983726501465,2
seg-only,"(1.5, 20.0, 0.3, 0.6)",0.7293227910995483,0.2975383400917053,0.13579440116882324,2
seg-only,"(1.5, 20.0, 0.3, 0.6)",0.6544029116630554,0.26256263256073,0.1269921064376831,2
seg-only,"(1.5, 20.0, 0.3, 0.6)",0.6868855655193329,0.20229452848434448,0.10193371772766113,2
seg-only,"(1.5, 20.0, 0.3, 0.6)",0.6613866984844208,0.1864134669303894,0.11372232437133789,2
seg-only,"(1.5, 20.0, 0.3, 0.6)",0.7046075165271759,0.2571306824684143,0.2023862600326538,2
seg-only,"(1.5, 20.0, 0.3, 0.6)",0.6901321411132812,0.24044108390808105,0.15784335136413574,2
seg-only,"(1.5, 20.0, 0.3, 0.6)",0.6886034309864044,0.26638245582580566,0.201371431350708,2
seg-only,"(1.5, 20.0, 0.3, -0.3)",0.6603544056415558,0.25710535049438477,0.40719902515411377,2
seg-only,"(1.5, 20.0, 0.3, -0.3)",0.7069986462593079,0.19721394777297974,0.29576539993286133,2
seg-only,"(1.5, 20.0, 0.3, -0.3)",0.6894871592521667,0.17626190185546875,0.3173370361328125,2
seg-only,"(1.5, 20.0, 0.3, -0.3)",0.7090620398521423,0.2797517776489258,0.5042643547058105,2
seg-only,"(1.5, 20.0, 0.3, -0.3)",0.6801481544971466,0.3313596844673157,0.6300723552703857,2
seg-only,"(1.5, 20.0, 0.3, -0.3)",0.6912840604782104,0.24848783016204834,0.49516236782073975,2
seg-only,"(1.5, 20.0, 0.3, -0.3)",0.7135824263095856,0.2653382420539856,0.5221003293991089,2
seg-only,"(1.5, 20.0, 0.3, -0.3)",0.6541184484958649,0.21613800525665283,0.37882065773010254,2
seg-only,"(1.5, 20.0, 0.3, -0.3)",0.6705041229724884,0.18918919563293457,0.28416919708251953,2
seg-only,"(1.5, 20.0, 0.3, -0.3)",0.6220438480377197,0.12141627073287964,0.2519291639328003,2
seg-only,"(1.5, 20.0, 0.3, -0.3)",0.6789801120758057,0.20818877220153809,0.32310938835144043,2
seg-only,"(1.5, 20.0, 0.3, -0.3)",0.6846719980239868,0.2219158411026001,0.34349560737609863,2
seg-only,"(1.5, 20.0, 0.3, -0.3)",0.6380721926689148,0.18430417776107788,0.32375264167785645,2
seg-only,"(1.5, 20.0, 0.3, -0.3)",0.6613285839557648,0.24231606721878052,0.418079137802124,2
seg-only,"(1.5, 20.0, 0.3, -0.3)",0.6475768983364105,0.283896267414093,0.46917665004730225,2
seg-only,"(1.5, 20.0, 0.7, 0.0)",0.47330784797668457,0.031453490257263184,0.014249801635742188,2
seg-only,"(1.5, 20.0, 0.7, 0.0)",0.4443186968564987,0.096149742603302,0.19862937927246094,2
seg-only,"(1.5, 20.0, 0.7, 0.0)",0.46260203421115875,0.03200268745422363,0.025324344635009766,2
seg-only,"(1.5, 20.0, 0.7, 0.0)",0.4706726223230362,0.08118999004364014,0.12675893306732178,2
seg-only,"(1.5, 20.0, 0.7, 0.0)",0.45179082453250885,0.06037473678588867,0.07323884963989258,2
seg-only,"(1.5, 20.0, 0.7, 0.0)",0.492920458316803,0.060325562953948975,0.046827077865600586,2
seg-only,"(1.5, 20.0, 0.7, 0.0)",0.4372543692588806,0.06406557559967041,0.025086164474487305,2
seg-only,"(1.5, 20.0, 0.7, 0.0)",0.45960186421871185,0.09842944145202637,0.11546564102172852,2
seg-only,"(1.5, 20.0, 0.7, 0.0)",0.44359250366687775,0.056388914585113525,0.10244965553283691,2
seg-only,"(1.5, 20.0, 0.7, 0.0)",0.45166684687137604,0.014091730117797852,0.0311126708984375,2
seg-only,"(1.5, 20.0, 0.7, 0.0)",0.4834423065185547,0.060745060443878174,0.02972412109375,2
seg-only,"(1.5, 20.0, 0.7, 0.0)",0.4377564489841461,0.03124082088470459,0.06528234481811523,2
seg-only,"(1.5, 20.0, 0.7, 0.0)",0.44785213470458984,0.10374337434768677,0.18272995948791504,2
seg-only,"(1.5, 20.0, 0.7, 0.0)",0.45934876799583435,0.10672199726104736,0.21876788139343262,2
seg-only,"(1.5, 20.0, 0.7, 0.0)",0.44918859004974365,0.07194024324417114,0.049185991287231445,2
seg-only,"(1.5, 20.0, 0.7, 0.3)",0.48273903131484985,0.06016123294830322,0.0749213695526123,2
seg-only,"(1.5, 20.0, 0.7, 0.3)",0.4604495018720627,0.06318062543869019,0.10465335845947266,2
seg-only,"(1.5, 20.0, 0.7, 0.3)",0.4175909757614136,0.05397707223892212,0.07084786891937256,2
seg-only,"(1.5, 20.0, 0.7, 0.3)",0.4467889368534088,0.02284097671508789,0.0015516281127929688,2
seg-only,"(1.5, 20.0, 0.7, 0.3)",0.41482648253440857,0.09291219711303711,0.15838444232940674,2
seg-only,"(1.5, 20.0, 0.7, 0.3)",0.4158173203468323,0.06357944011688232,0.10247039794921875,2
seg-only,"(1.5, 20.0, 0.7, 0.3)",0.4453900456428528,0.09652715921401978,0.07018399238586426,2
seg-only,"(1.5, 20.0, 0.7, 0.3)",0.44809889793395996,0.055145978927612305,0.07099616527557373,2
seg-only,"(1.5, 20.0, 0.7, 0.3)",0.4053073227405548,0.10665661096572876,0.11285662651062012,2
seg-only,"(1.5, 20.0, 0.7, 0.3)",0.4193335175514221,0.06618952751159668,0.0020360946655273438,2
seg-only,"(1.5, 20.0, 0.7, 0.3)",0.4785965234041214,0.040069520473480225,0.012531518936157227,2
seg-only,"(1.5, 20.0, 0.7, 0.3)",0.4920976012945175,0.04081606864929199,0.04264330863952637,2
seg-only,"(1.5, 20.0, 0.7, 0.3)",0.4426448494195938,0.023582398891448975,0.02424168586730957,2
seg-only,"(1.5, 20.0, 0.7, 0.3)",0.4730675369501114,0.06612902879714966,0.0935291051864624,2
seg-only,"(1.5, 20.0, 0.7, 0.3)",0.3973739743232727,0.04925644397735596,0.09791958332061768,2
seg-only,"(1.5, 20.0, 0.7, 0.6)",0.4503536820411682,0.07902514934539795,0.020389556884765625,2
seg-only,"(1.5, 20.0, 0.7, 0.6)",0.4727019667625427,0.06814074516296387,0.057630181312561035,2
seg-only,"(1.5, 20.0, 0.7, 0.6)",0.4747540056705475,0.04982948303222656,0.10940706729888916,2
seg-only,"(1.5, 20.0, 0.7, 0.6)",0.4502347558736801,0.05268162488937378,0.006763458251953125,2
seg-only,"(1.5, 20.0, 0.7, 0.6)",0.4956889748573303,0.08504021167755127,0.025079727172851562,2
seg-only,"(1.5, 20.0, 0.7, 0.6)",0.4320480674505234,0.06118994951248169,0.07110190391540527,2
seg-only,"(1.5, 20.0, 0.7, 0.6)",0.43382948637008667,0.06418949365615845,0.021164655685424805,2
seg-only,"(1.5, 20.0, 0.7, 0.6)",0.4970637708902359,0.07609933614730835,0.015384793281555176,2
seg-only,"(1.5, 20.0, 0.7, 0.6)",0.44954364001750946,0.041748106479644775,0.03586685657501221,2
seg-only,"(1.5, 20.0, 0.7, 0.6)",0.4526801109313965,0.09861522912979126,0.130357027053833,2
seg-only,"(1.5, 20.0, 0.7, 0.6)",0.4425494968891144,0.07072991132736206,0.0028954744338989258,2
seg-only,"(1.5, 20.0, 0.7, 0.6)",0.44567596912384033,0.040896058082580566,0.06573057174682617,2
seg-only,"(1.5, 20.0, 0.7, 0.6)",0.451383113861084,0.03693282604217529,0.0582728385925293,2
seg-only,"(1.5, 20.0, 0.7, 0.6)",0.47544437646865845,0.08108729124069214,0.011499524116516113,2
seg-only,"(1.5, 20.0, 0.7, 0.6)",0.40172263979911804,0.01758664846420288,0.04127204418182373,2
seg-only,"(1.5, 20.0, 0.7, -0.3)",0.4843273162841797,0.015585899353027344,0.11214971542358398,2
seg-only,"(1.5, 20.0, 0.7, -0.3)",0.4679301977157593,0.09326213598251343,0.18126392364501953,2
seg-only,"(1.5, 20.0, 0.7, -0.3)",0.449638769030571,0.04241013526916504,0.05982160568237305,2
seg-only,"(1.5, 20.0, 0.7, -0.3)",0.4359624534845352,0.10303455591201782,0.15166664123535156,2
seg-only,"(1.5, 20.0, 0.7, -0.3)",0.4704369753599167,0.034287333488464355,0.03635072708129883,2
seg-only,"(1.5, 20.0, 0.7, -0.3)",0.4571259915828705,0.09235364198684692,0.13921725749969482,2
seg-only,"(1.5, 20.0, 0.7, -0.3)",0.44141876697540283,0.10300636291503906,0.19235515594482422,2
seg-only,"(1.5, 20.0, 0.7, -0.3)",0.48327016830444336,0.06444799900054932,0.14616131782531738,2
seg-only,"(1.5, 20.0, 0.7, -0.3)",0.4705325663089752,0.03417998552322388,0.05529212951660156,2
seg-only,"(1.5, 20.0, 0.7, -0.3)",0.41184425354003906,0.06312203407287598,0.09222829341888428,2
seg-only,"(1.5, 20.0, 0.7, -0.3)",0.4812968969345093,0.05395364761352539,0.15782701969146729,2
seg-only,"(1.5, 20.0, 0.7, -0.3)",0.44073937833309174,0.03836846351623535,0.02393341064453125,2
seg-only,"(1.5, 20.0, 0.7, -0.3)",0.43457767367362976,0.04414927959442139,0.05327200889587402,2
seg-only,"(1.5, 20.0, 0.7, -0.3)",0.44664473831653595,0.09632080793380737,0.19138312339782715,2
seg-only,"(1.5, 20.0, 0.7, -0.3)",0.4799700528383255,0.1007617712020874,0.1581871509552002,2
seg-only,"(3.0, 8.0, 0.3, 0.0)",1.5708171725273132,0.7176390886306763,1.2124042510986328,2
seg-only,"(3.0, 8.0, 0.3, 0.0)",1.5117360353469849,0.7443530559539795,0.9293901920318604,2
seg-only,"(3.0, 8.0, 0.3, 0.0)",1.5114436745643616,0.7380068302154541,1.0159416198730469,2
seg-only,"(3.0, 8.0, 0.3, 0.0)",1.54132479429245,0.7266499996185303,1.2358393669128418,2
seg-only,"(3.0, 8.0, 0.3, 0.0)",1.5212430953979492,0.6781117916107178,1.0232229232788086,2
seg-only,"(3.0, 8.0, 0.3, 0.0)",1.5582790970802307,0.7675983905792236,1.0616955757141113,2
seg-only,"(3.0, 8.0, 0.3, 0.0)",1.5868791341781616,0.7170673608779907,1.0942165851593018,2
seg-only,"(3.0, 8.0, 0.3, 0.0)",1.5301092267036438,0.7526814937591553,1.064645767211914,2
seg-only,"(3.0, 8.0, 0.3, 0.0)",1.551828384399414,0.785988450050354,1.174398422241211,2
seg-only,"(3.0, 8.0, 0.3, 0.0)",1.5264620780944824,0.7631880044937134,0.8954801559448242,2
seg-only,"(3.0, 8.0, 0.3, 0.0)",1.581465721130371,0.7302954196929932,1.0758485794067383,2
seg-only,"(3.0, 8.0, 0.3, 0.0)",1.5294480323791504,0.7015864849090576,1.1291515827178955,2
seg-only,"(3.0, 8.0, 0.3, 0.0)",1.497201144695282,0.6434597969055176,0.8321382999420166,2
seg-only,"(3.0, 8.0, 0.3, 0.0)",1.5181362628936768,0.8192527294158936,1.025968074798584,2
seg-only,"(3.0, 8.0, 0.3, 0.0)",1.5381278991699219,0.7245453596115112,1.0137526988983154,2
seg-only,"(3.0, 8.0, 0.3, 0.3)",1.5217950344085693,0.639134407043457,0.7948601245880127,2
seg-only,"(3.0, 8.0, 0.3, 0.3)",1.4868757724761963,0.6812341213226318,0.8489763736724854,2
seg-only,"(3.0, 8.0, 0.3, 0.3)",1.5912818312644958,0.9738175272941589,1.0140960216522217,2
seg-only,"(3.0, 8.0, 0.3, 0.3)",1.4516396522521973,0.5985623598098755,0.848595380783081,2
seg-only,"(3.0, 8.0, 0.3, 0.3)",1.5664783716201782,0.8306179642677307,0.9979548454284668,2
seg-only,"(3.0, 8.0, 0.3, 0.3)",1.477793276309967,0.623215913772583,0.8262255191802979,2
seg-only,"(3.0, 8.0, 0.3, 0.3)",1.6140827536582947,0.8810269236564636,0.8915276527404785,2
seg-only,"(3.0, 8.0, 0.3, 0.3)",1.496069073677063,0.6928451061248779,0.9106497764587402,2
seg-only,"(3.0, 8.0, 0.3, 0.3)",1.513358235359192,0.6584091186523438,0.9322834014892578,2
seg-only,"(3.0, 8.0, 0.3, 0.3)",1.522870421409607,0.743915319442749,0.8818140029907227,2
seg-only,"(3.0, 8.0, 0.3, 0.3)",1.5238529443740845,0.6636098623275757,0.8513143062591553,2
seg-only,"(3.0, 8.0, 0.3, 0.3)",1.5447279810905457,0.852010190486908,0.9320766925811768,2
seg-only,"(3.0, 8.0, 0.3, 0.3)",1.5381467938423157,0.744337797164917,0.9614245891571045,2
seg-only,"(3.0, 8.0, 0.3, 0.3)",1.5756054520606995,0.6836823225021362,0.8151042461395264,2
seg-only,"(3.0, 8.0, 0.3, 0.3)",1.5548473596572876,0.8511872887611389,0.8530762195587158,2
seg-only,"(3.0, 8.0, 0.3, 0.6)",1.5872949361801147,0.7935760021209717,0.5472700595855713,2
seg-only,"(3.0, 8.0, 0.3, 0.6)",1.5482803583145142,0.696334958076477,0.5245027542114258,2
seg-only,"(3.0, 8.0, 0.3, 0.6)",1.5550602674484253,0.7235993146896362,0.5425045490264893,2
seg-only,"(3.0, 8.0, 0.3, 0.6)",1.5263282656669617,0.5699219703674316,0.6972780227661133,2
seg-only,"(3.0, 8.0, 0.3, 0.6)",1.6102645993232727,0.9422692060470581,0.783259391784668,2
seg-only,"(3.0, 8.0, 0.3, 0.6)",1.5796299576759338,0.7804033756256104,0.6147079467773438,2
seg-only,"(3.0, 8.0, 0.3, 0.6)",1.545836627483368,0.7321712970733643,0.692164421081543,2
seg-only,"(3.0, 8.0, 0.3, 0.6)",1.5422518849372864,0.8527683615684509,0.6384440660476685,2
seg-only,"(3.0, 8.0, 0.3, 0.6)",1.532868206501007,0.7934491038322449,0.6426558494567871,2
seg-only,"(3.0, 8.0, 0.3, 0.6)",1.5116272568702698,0.7172244787216187,0.6592096090316772,2
seg-only,"(3.0, 8.0, 0.3, 0.6)",1.541650652885437,0.6734966039657593,0.5393426418304443,2
seg-only,"(3.0, 8.0, 0.3, 0.6)",1.49809068441391,0.7344422340393066,0.6910892724990845,2
seg-only,"(3.0, 8.0, 0.3, 0.6)",1.5157121419906616,0.6841013431549072,0.6883968114852905,2
seg-only,"(3.0, 8.0, 0.3, 0.6)",1.6010507345199585,0.7429529428482056,0.3242666721343994,2
seg-only,"(3.0, 8.0, 0.3, 0.6)",1.558627188205719,0.7103033065795898,0.5344493389129639,2
seg-only,"(3.0, 8.0, 0.3, -0.3)",1.5001894235610962,0.7611702680587769,1.2810461521148682,2
seg-only,"(3.0, 8.0, 0.3, -0.3)",1.5859302282333374,0.6844360828399658,1.07222580909729,2
seg-only,"(3.0, 8.0, 0.3, -0.3)",1.5023826956748962,0.757266104221344,1.1807963848114014,2
seg-only,"(3.0, 8.0, 0.3, -0.3)",1.4874082207679749,0.726315975189209,1.2710685729980469,2
seg-only,"(3.0, 8.0, 0.3, -0.3)",1.5353956818580627,0.7542004585266113,1.167041301727295,2
seg-only,"(3.0, 8.0, 0.3, -0.3)",1.5308130383491516,0.7965593338012695,1.179983139038086,2
seg-only,"(3.0, 8.0, 0.3, -0.3)",1.578954041004181,0.780959963798523,1.3634047508239746,2
seg-only,"(3.0, 8.0, 0.3, -0.3)",1.5411969423294067,0.7366501092910767,1.0390186309814453,2
seg-only,"(3.0, 8.0, 0.3, -0.3)",1.4886640310287476,0.7411985993385315,1.2051236629486084,2
seg-only,"(3.0, 8.0, 0.3, -0.3)",1.5308171510696411,0.879827618598938,1.6347417831420898,2
seg-only,"(3.0, 8.0, 0.3, -0.3)",1.5987099409103394,0.8089742660522461,1.3374266624450684,2
seg-only,"(3.0, 8.0, 0.3, -0.3)",1.4939724206924438,0.7120444774627686,1.1631338596343994,2
seg-only,"(3.0, 8.0, 0.3, -0.3)",1.5031483173370361,0.8182711601257324,1.2771704196929932,2
seg-only,"(3.0, 8.0, 0.3, -0.3)",1.6009562015533447,0.8473933935165405,1.5243926048278809,2
seg-only,"(3.0, 8.0, 0.3, -0.3)",1.5203418731689453,0.6454752683639526,1.2215046882629395,2
seg-only,"(3.0, 8.0, 0.7, 0.0)",1.0768725872039795,0.36564064025878906,0.461453914642334,2
seg-only,"(3.0, 8.0, 0.7, 0.0)",1.0987114310264587,0.3035835027694702,0.4771382808685303,2
seg-only,"(3.0, 8.0, 0.7, 0.0)",1.0662142634391785,0.39326024055480957,0.5129411220550537,2
seg-only,"(3.0, 8.0, 0.7, 0.0)",1.156249463558197,0.47490060329437256,0.5591263771057129,2
seg-only,"(3.0, 8.0, 0.7, 0.0)",1.1562647819519043,0.392484188079834,0.3775978088378906,2
seg-only,"(3.0, 8.0, 0.7, 0.0)",1.086867868900299,0.3567495346069336,0.5902242660522461,2
seg-only,"(3.0, 8.0, 0.7, 0.0)",1.0858999490737915,0.3980553150177002,0.5430819988250732,2
seg-only,"(3.0, 8.0, 0.7, 0.0)",1.0792964100837708,0.34528064727783203,0.5627684593200684,2
seg-only,"(3.0, 8.0, 0.7, 0.0)",1.0857690572738647,0.40617191791534424,0.5162782669067383,2
seg-only,"(3.0, 8.0, 0.7, 0.0)",1.0471689105033875,0.3381589651107788,0.547997236251831,2
seg-only,"(3.0, 8.0, 0.7, 0.0)",1.0961713790893555,0.3371361494064331,0.5085916519165039,2
seg-only,"(3.0, 8.0, 0.7, 0.0)",1.1103957891464233,0.3625532388687134,0.8173832893371582,2
seg-only,"(3.0, 8.0, 0.7, 0.0)",1.0869994759559631,0.3731191158294678,0.5017712116241455,2
seg-only,"(3.0, 8.0, 0.7, 0.0)",1.0653856992721558,0.3188565969467163,0.3337526321411133,2
seg-only,"(3.0, 8.0, 0.7, 0.0)",1.0845776200294495,0.3996847867965698,0.7013461589813232,2
seg-only,"(3.0, 8.0, 0.7, 0.3)",1.0185028910636902,0.3251134157180786,0.42807650566101074,2
seg-only,"(3.0, 8.0, 0.7, 0.3)",1.0796316862106323,0.35119807720184326,0.3526616096496582,2
seg-only,"(3.0, 8.0, 0.7, 0.3)",1.062812864780426,0.34505248069763184,0.49294304847717285,2
seg-only,"(3.0, 8.0, 0.7, 0.3)",1.1102492809295654,0.3039816617965698,0.32125353813171387,2
seg-only,"(3.0, 8.0, 0.7, 0.3)",1.059449553489685,0.29562199115753174,0.2758944034576416,2
seg-only,"(3.0, 8.0, 0.7, 0.3)",1.0951512455940247,0.34759533405303955,0.3197014331817627,2
seg-only,"(3.0, 8.0, 0.7, 0.3)",1.1532834768295288,0.34977948665618896,0.4381241798400879,2
seg-only,"(3.0, 8.0, 0.7, 0.3)",1.0386326313018799,0.3139594793319702,0.3559451103210449,2
seg-only,"(3.0, 8.0, 0.7, 0.3)",1.1691611409187317,0.4611417055130005,0.3700876235961914,2
seg-only,"(3.0, 8.0, 0.7, 0.3)",1.0447269678115845,0.29442334175109863,0.296018123626709,2
seg-only,"(3.0, 8.0, 0.7, 0.3)",1.0955674052238464,0.31395959854125977,0.511451005935669,2
seg-only,"(3.0, 8.0, 0.7, 0.3)",1.0276950597763062,0.3510228395462036,0.43033933639526367,2
seg-only,"(3.0, 8.0, 0.7, 0.3)",1.0878273248672485,0.2921772003173828,0.33542394638061523,2
seg-only,"(3.0, 8.0, 0.7, 0.3)",1.043155461549759,0.3457949161529541,0.4426875114440918,2
seg-only,"(3.0, 8.0, 0.7, 0.3)",1.138369619846344,0.40029966831207275,0.3070681095123291,2
seg-only,"(3.0, 8.0, 0.7, 0.6)",1.1765797138214111,0.2654762268066406,0.1448972225189209,2
seg-only,"(3.0, 8.0, 0.7, 0.6)",1.067753255367279,0.4194291830062866,0.2301313877105713,2
seg-only,"(3.0, 8.0, 0.7, 0.6)",1.1401294469833374,0.33346009254455566,0.17662334442138672,2
seg-only,"(3.0, 8.0, 0.7, 0.6)",1.0430854558944702,0.31579887866973877,0.1857283115386963,2
seg-only,"(3.0, 8.0, 0.7, 0.6)",1.0903584361076355,0.3327786922454834,0.1702730655670166,2
seg-only,"(3.0, 8.0, 0.7, 0.6)",1.0723594427108765,0.321452260017395,0.22116494178771973,2
seg-only,"(3.0, 8.0, 0.7, 0.6)",1.0611596703529358,0.2899506092071533,0.18408465385437012,2
seg-only,"(3.0, 8.0, 0.7, 0.6)",1.1686711311340332,0.32016968727111816,0.15477299690246582,2
seg-only,"(3.0, 8.0, 0.7, 0.6)",1.07103431224823,0.28723418712615967,0.15340757369995117,2
seg-only,"(3.0, 8.0, 0.7, 0.6)",0.9777117073535919,0.27907776832580566,0.16863608360290527,2
seg-only,"(3.0, 8.0, 0.7, 0.6)",1.1582555174827576,0.3559828996658325,0.4021899700164795,2
seg-only,"(3.0, 8.0, 0.7, 0.6)",1.0262438654899597,0.26600706577301025,0.2531015872955322,2
seg-only,"(3.0, 8.0, 0.7, 0.6)",1.1334521770477295,0.2957277297973633,0.16455745697021484,2
seg-only,"(3.0, 8.0, 0.7, 0.6)",1.0790125131607056,0.31286489963531494,0.296079158782959,2
seg-only,"(3.0, 8.0, 0.7, 0.6)",1.1295884251594543,0.4693784713745117,0.2761983871459961,2
seg-only,"(3.0, 8.0, 0.7, -0.3)",1.0460582375526428,0.3360956907272339,0.7297048568725586,2
seg-only,"(3.0, 8.0, 0.7, -0.3)",1.0167642831802368,0.2675889730453491,0.37537384033203125,2
seg-only,"(3.0, 8.0, 0.7, -0.3)",1.0191689729690552,0.25516366958618164,0.29718780517578125,2
seg-only,"(3.0, 8.0, 0.7, -0.3)",1.1084620952606201,0.30240345001220703,0.6035990715026855,2
seg-only,"(3.0, 8.0, 0.7, -0.3)",1.071541666984558,0.38161957263946533,0.6947367191314697,2
seg-only,"(3.0, 8.0, 0.7, -0.3)",1.0685983896255493,0.30012404918670654,0.5531277656555176,2
seg-only,"(3.0, 8.0, 0.7, -0.3)",1.1283037066459656,0.3671715259552002,0.49768924713134766,2
seg-only,"(3.0, 8.0, 0.7, -0.3)",1.059203863143921,0.3001059293746948,0.44719362258911133,2
seg-only,"(3.0, 8.0, 0.7, -0.3)",1.1211591958999634,0.3986467123031616,0.7425062656402588,2
seg-only,"(3.0, 8.0, 0.7, -0.3)",1.0856863260269165,0.3807525634765625,0.5989079475402832,2
seg-only,"(3.0, 8.0, 0.7, -0.3)",1.1173996329307556,0.3564532995223999,0.5336241722106934,2
seg-only,"(3.0, 8.0, 0.7, -0.3)",1.104419767856598,0.31990504264831543,0.4642148017883301,2
seg-only,"(3.0, 8.0, 0.7, -0.3)",1.0663403868675232,0.4093494415283203,0.7172300815582275,2
seg-only,"(3.0, 8.0, 0.7, -0.3)",1.013440579175949,0.3865635395050049,0.7186346054077148,2
seg-only,"(3.0, 8.0, 0.7, -0.3)",1.0716315507888794,0.2292701005935669,0.2918562889099121,2
seg-only,"(3.0, 20.0, 0.3, 0.0)",1.207726776599884,0.37373948097229004,0.5341241359710693,2
seg-only,"(3.0, 20.0, 0.3, 0.0)",1.238685965538025,0.40335941314697266,0.5506396293640137,2
seg-only,"(3.0, 20.0, 0.3, 0.0)",1.2910804748535156,0.44975388050079346,0.6523823738098145,2
seg-only,"(3.0, 20.0, 0.3, 0.0)",1.2607265710830688,0.43994855880737305,0.6618514060974121,2
seg-only,"(3.0, 20.0, 0.3, 0.0)",1.2019087076187134,0.37558043003082275,0.6201636791229248,2
seg-only,"(3.0, 20.0, 0.3, 0.0)",1.173433542251587,0.3822110891342163,0.500922679901123,2
seg-only,"(3.0, 20.0, 0.3, 0.0)",1.1999386548995972,0.41141366958618164,0.6997911930084229,2
seg-only,"(3.0, 20.0, 0.3, 0.0)",1.2738782167434692,0.3911776542663574,0.5711448192596436,2
seg-only,"(3.0, 20.0, 0.3, 0.0)",1.2408055067062378,0.4909912347793579,0.5889697074890137,2
seg-only,"(3.0, 20.0, 0.3, 0.0)",1.2023171782493591,0.4479635953903198,0.6669168472290039,2
seg-only,"(3.0, 20.0, 0.3, 0.0)",1.224501132965088,0.41376781463623047,0.7445144653320312,2
seg-only,"(3.0, 20.0, 0.3, 0.0)",1.2965583801269531,0.49719250202178955,0.596381664276123,2
seg-only,"(3.0, 20.0, 0.3, 0.0)",1.2372903227806091,0.4124835729598999,0.5641953945159912,2
seg-only,"(3.0, 20.0, 0.3, 0.0)",1.2619044184684753,0.45404505729675293,0.7511768341064453,2
seg-only,"(3.0, 20.0, 0.3, 0.0)",1.2474004030227661,0.48298633098602295,0.6567370891571045,2
seg-only,"(3.0, 20.0, 0.3, 0.3)",1.2599039673805237,0.5097453594207764,0.6631622314453125,2
seg-only,"(3.0, 20.0, 0.3, 0.3)",1.2655274868011475,0.48064208030700684,0.49198317527770996,2
seg-only,"(3.0, 20.0, 0.3, 0.3)",1.17779541015625,0.5191653966903687,0.5427641868591309,2
seg-only,"(3.0, 20.0, 0.3, 0.3)",1.2457619309425354,0.6018425822257996,0.49559521675109863,2
seg-only,"(3.0, 20.0, 0.3, 0.3)",1.219630479812622,0.4688478708267212,0.5481164455413818,2
seg-only,"(3.0, 20.0, 0.3, 0.3)",1.2568053007125854,0.48584163188934326,0.556058406829834,2
seg-only,"(3.0, 20.0, 0.3, 0.3)",1.2629276514053345,0.4070131778717041,0.4624161720275879,2
seg-only,"(3.0, 20.0, 0.3, 0.3)",1.2011229395866394,0.3990018367767334,0.5952789783477783,2
seg-only,"(3.0, 20.0, 0.3, 0.3)",1.1853801608085632,0.3508262634277344,0.44465112686157227,2
seg-only,"(3.0, 20.0, 0.3, 0.3)",1.1801168322563171,0.368017315864563,0.5808882713317871,2
seg-only,"(3.0, 20.0, 0.3, 0.3)",1.2371918559074402,0.4550483226776123,0.3783864974975586,2
seg-only,"(3.0, 20.0, 0.3, 0.3)",1.274273157119751,0.4190402030944824,0.5630369186401367,2
seg-only,"(3.0, 20.0, 0.3, 0.3)",1.2680929899215698,0.42357921600341797,0.5035960674285889,2
seg-only,"(3.0, 20.0, 0.3, 0.3)",1.2317188382148743,0.48401761054992676,0.5161221027374268,2
seg-only,"(3.0, 20.0, 0.3, 0.3)",1.2052716612815857,0.45867764949798584,0.3433558940887451,2
seg-only,"(3.0, 20.0, 0.3, 0.6)",1.1545085310935974,0.2996913194656372,0.21006441116333008,2
seg-only,"(3.0, 20.0, 0.3, 0.6)",1.2584397792816162,0.45043325424194336,0.22142529487609863,2
seg-only,"(3.0, 20.0, 0.3, 0.6)",1.1913844347000122,0.38752496242523193,0.30121946334838867,2
seg-only,"(3.0, 20.0, 0.3, 0.6)",1.257398247718811,0.5020732879638672,0.40408897399902344,2
seg-only,"(3.0, 20.0, 0.3, 0.6)",1.1572091579437256,0.4171682596206665,0.5115280151367188,2
seg-only,"(3.0, 20.0, 0.3, 0.6)",1.1779399514198303,0.40804386138916016,0.3573646545410156,2
seg-only,"(3.0, 20.0, 0.3, 0.6)",1.2003389596939087,0.4524723291397095,0.42375922203063965,2
seg-only,"(3.0, 20.0, 0.3, 0.6)",1.2113902568817139,0.4076664447784424,0.3064756393432617,2
seg-only,"(3.0, 20.0, 0.3, 0.6)",1.3020102381706238,0.5174127221107483,0.3891174793243408,2
seg-only,"(3.0, 20.0, 0.3, 0.6)",1.2081580758094788,0.3499094247817993,0.2202897071838379,2
seg-only,"(3.0, 20.0, 0.3, 0.6)",1.217882752418518,0.43893682956695557,0.18695592880249023,2
seg-only,"(3.0, 20.0, 0.3, 0.6)",1.264674723148346,0.41723573207855225,0.31524133682250977,2
seg-only,"(3.0, 20.0, 0.3, 0.6)",1.2262948751449585,0.47417688369750977,0.3151059150695801,2
seg-only,"(3.0, 20.0, 0.3, 0.6)",1.2103203535079956,0.49126970767974854,0.3804776668548584,2
seg-only,"(3.0, 20.0, 0.3, 0.6)",1.201978862285614,0.4379631280899048,0.29299283027648926,2
seg-only,"(3.0, 20.0, 0.3, -0.3)",1.175577700138092,0.3657325506210327,0.5473480224609375,2
seg-only,"(3.0, 20.0, 0.3, -0.3)",1.2833542227745056,0.48827898502349854,0.95660400390625,2
seg-only,"(3.0, 20.0, 0.3, -0.3)",1.2053201794624329,0.42594289779663086,0.745572566986084,2
seg-only,"(3.0, 20.0, 0.3, -0.3)",1.1704609990119934,0.37701380252838135,0.6160931587219238,2
seg-only,"(3.0, 20.0, 0.3, -0.3)",1.2599986791610718,0.34154582023620605,0.4829072952270508,2
seg-only,"(3.0, 20.0, 0.3, -0.3)",1.2373579144477844,0.46856069564819336,0.8392353057861328,2
seg-only,"(3.0, 20.0, 0.3, -0.3)",1.1923025846481323,0.41447019577026367,0.6030983924865723,2
seg-only,"(3.0, 20.0, 0.3, -0.3)",1.2752121090888977,0.44748353958129883,0.7820661067962646,2
seg-only,"(3.0, 20.0, 0.3, -0.3)",1.1904579997062683,0.32380223274230957,0.4996933937072754,2
seg-only,"(3.0, 20.0, 0.3, -0.3)",1.2331013083457947,0.45058131217956543,0.7470955848693848,2
seg-only,"(3.0, 20.0, 0.3, -0.3)",1.2513793110847473,0.4150794744491577,0.7571568489074707,2
seg-only,"(3.0, 20.0, 0.3, -0.3)",1.193382203578949,0.3966217041015625,0.8759479522705078,2
seg-only,"(3.0, 20.0, 0.3, -0.3)",1.2712302803993225,0.43110227584838867,0.7796263694763184,2
seg-only,"(3.0, 20.0, 0.3, -0.3)",1.2460260391235352,0.3959695100784302,0.6985554695129395,2
seg-only,"(3.0, 20.0, 0.3, -0.3)",1.1994248628616333,0.42011141777038574,0.7852878570556641,2
seg-only,"(3.0, 20.0, 0.7, 0.0)",0.7307795286178589,0.08922779560089111,0.281146764755249,2
seg-only,"(3.0, 20.0, 0.7, 0.0)",0.7681818604469299,0.14550352096557617,0.14742565155029297,2
seg-only,"(3.0, 20.0, 0.7, 0.0)",0.7090238034725189,0.0797111988067627,0.12170886993408203,2
seg-only,"(3.0, 20.0, 0.7, 0.0)",0.6796109080314636,0.06184697151184082,0.0856332778930664,2
seg-only,"(3.0, 20.0, 0.7, 0.0)",0.7080896496772766,0.11897897720336914,0.19027042388916016,2
seg-only,"(3.0, 20.0, 0.7, 0.0)",0.703981339931488,0.10003602504730225,0.15801572799682617,2
seg-only,"(3.0, 20.0, 0.7, 0.0)",0.7675435543060303,0.13801515102386475,0.21999263763427734,2
seg-only,"(3.0, 20.0, 0.7, 0.0)",0.6944140493869781,0.07358002662658691,0.059844970703125,2
seg-only,"(3.0, 20.0, 0.7, 0.0)",0.68918177485466,0.0685722827911377,0.33325934410095215,2
seg-only,"(3.0, 20.0, 0.7, 0.0)",0.6772524118423462,0.11175751686096191,0.145094633102417,2
seg-only,"(3.0, 20.0, 0.7, 0.0)",0.6964208781719208,0.07089698314666748,0.12749910354614258,2
seg-only,"(3.0, 20.0, 0.7, 0.0)",0.6861106753349304,0.07419586181640625,0.02723217010498047,2
seg-only,"(3.0, 20.0, 0.7, 0.0)",0.663791835308075,0.11250102519989014,0.15744733810424805,2
seg-only,"(3.0, 20.0, 0.7, 0.0)",0.733353853225708,0.07242727279663086,0.11798763275146484,2
seg-only,"(3.0, 20.0, 0.7, 0.0)",0.7263101637363434,0.1163938045501709,0.12757301330566406,2
seg-only,"(3.0, 20.0, 0.7, 0.3)",0.6953862011432648,0.14675533771514893,0.17143797874450684,2
seg-only,"(3.0, 20.0, 0.7, 0.3)",0.7400800585746765,0.07535576820373535,0.012773990631103516,2
seg-only,"(3.0, 20.0, 0.7, 0.3)",0.7296586334705353,0.10751426219940186,0.08595013618469238,2
seg-only,"(3.0, 20.0, 0.7, 0.3)",0.7663801908493042,0.13543426990509033,0.12147855758666992,2
seg-only,"(3.0, 20.0, 0.7, 0.3)",0.7130602300167084,0.14141666889190674,0.18336248397827148,2
seg-only,"(3.0, 20.0, 0.7, 0.3)",0.7189118266105652,0.0972815752029419,0.21830320358276367,2
seg-only,"(3.0, 20.0, 0.7, 0.3)",0.7298341989517212,0.10878944396972656,0.12755608558654785,2
seg-only,"(3.0, 20.0, 0.7, 0.3)",0.6626102924346924,0.1176910400390625,0.10142302513122559,2
seg-only,"(3.0, 20.0, 0.7, 0.3)",0.7395405769348145,0.06495165824890137,0.08572554588317871,2
seg-only,"(3.0, 20.0, 0.7, 0.3)",0.7106545865535736,0.04851853847503662,0.174774169921875,2
seg-only,"(3.0, 20.0, 0.7, 0.3)",0.6726181507110596,0.10464322566986084,0.04999184608459473,2
seg-only,"(3.0, 20.0, 0.7, 0.3)",0.7443468570709229,0.11968886852264404,0.05412006378173828,2
seg-only,"(3.0, 20.0, 0.7, 0.3)",0.7047365009784698,0.06012773513793945,0.022406816482543945,2
seg-only,"(3.0, 20.0, 0.7, 0.3)",0.7044253647327423,0.10003113746643066,0.07256007194519043,2
seg-only,"(3.0, 20.0, 0.7, 0.3)",0.6869788467884064,0.08595561981201172,0.17606186866760254,2
seg-only,"(3.0, 20.0, 0.7, 0.6)",0.6854152381420135,0.0921400785446167,0.04212594032287598,2
seg-only,"(3.0, 20.0, 0.7, 0.6)",0.6705654263496399,0.09653639793395996,0.0052356719970703125,2
seg-only,"(3.0, 20.0, 0.7, 0.6)",0.6925176978111267,0.03703010082244873,0.060945749282836914,2
seg-only,"(3.0, 20.0, 0.7, 0.6)",0.5876612663269043,0.09005308151245117,0.075225830078125,2
seg-only,"(3.0, 20.0, 0.7, 0.6)",0.6959407329559326,0.07918715476989746,0.04476284980773926,2
seg-only,"(3.0, 20.0, 0.7, 0.6)",0.7160940766334534,0.10394752025604248,0.2421567440032959,2
seg-only,"(3.0, 20.0, 0.7, 0.6)",0.6697954833507538,0.07632231712341309,0.03587198257446289,2
seg-only,"(3.0, 20.0, 0.7, 0.6)",0.7276550829410553,0.17012333869934082,0.2715139389038086,2
seg-only,"(3.0, 20.0, 0.7, 0.6)",0.7423676550388336,0.1219937801361084,0.032517194747924805,2
seg-only,"(3.0, 20.0, 0.7, 0.6)",0.7048017680644989,0.06459081172943115,0.04928445816040039,2
seg-only,"(3.0, 20.0, 0.7, 0.6)",0.6947456002235413,0.0911940336227417,0.10509324073791504,2
seg-only,"(3.0, 20.0, 0.7, 0.6)",0.6875380873680115,0.09886479377746582,0.13207650184631348,2
seg-only,"(3.0, 20.0, 0.7, 0.6)",0.72658371925354,0.10451197624206543,0.09094381332397461,2
seg-only,"(3.0, 20.0, 0.7, 0.6)",0.7521543800830841,0.0551375150680542,0.013924837112426758,2
seg-only,"(3.0, 20.0, 0.7, 0.6)",0.701498806476593,0.11681044101715088,0.11067676544189453,2
seg-only,"(3.0, 20.0, 0.7, -0.3)",0.7211188971996307,0.10891139507293701,0.1708383560180664,2
seg-only,"(3.0, 20.0, 0.7, -0.3)",0.6973151564598083,0.048616647720336914,0.17830276489257812,2
seg-only,"(3.0, 20.0, 0.7, -0.3)",0.7155188322067261,0.14864134788513184,0.23781204223632812,2
seg-only,"(3.0, 20.0, 0.7, -0.3)",0.7243987321853638,0.09980881214141846,0.17975330352783203,2
seg-only,"(3.0, 20.0, 0.7, -0.3)",0.7107107639312744,0.08235013484954834,0.13982295989990234,2
seg-only,"(3.0, 20.0, 0.7, -0.3)",0.6879770159721375,0.11736178398132324,0.16396045684814453,2
seg-only,"(3.0, 20.0, 0.7, -0.3)",0.6885369718074799,0.10976195335388184,0.1913290023803711,2
seg-only,"(3.0, 20.0, 0.7, -0.3)",0.7053677439689636,0.17021191120147705,0.38220691680908203,2
seg-only,"(3.0, 20.0, 0.7, -0.3)",0.657802402973175,0.0758969783782959,0.07074308395385742,2
seg-only,"(3.0, 20.0, 0.7, -0.3)",0.6667190194129944,0.0644218921661377,0.11307144165039062,2
seg-only,"(3.0, 20.0, 0.7, -0.3)",0.6447979807853699,0.026160597801208496,0.01491403579711914,2
seg-only,"(3.0, 20.0, 0.7, -0.3)",0.7691460847854614,0.0849161148071289,0.14269495010375977,2
seg-only,"(3.0, 20.0, 0.7, -0.3)",0.7006936967372894,0.1349424123764038,0.24642181396484375,2
seg-only,"(3.0, 20.0, 0.7, -0.3)",0.7230424880981445,0.09433341026306152,0.14223003387451172,2
seg-only,"(3.0, 20.0, 0.7, -0.3)",0.6814419031143188,0.1132127046585083,0.18181896209716797,2
seg+pos,"(1.5, 8.0, 0.3, 0.0)",0.8515180349349976,0.3980486989021301,0.5160633325576782,0
seg+pos,"(1.5, 8.0, 0.3, 0.0)",0.8043593168258667,0.34166330099105835,0.4283956289291382,0
seg+pos,"(1.5, 8.0, 0.3, 0.0)",0.8574810326099396,0.3807445764541626,0.6507813930511475,0
seg+pos,"(1.5, 8.0, 0.3, 0.0)",0.842773050069809,0.40095555782318115,0.5149713754653931,0
seg+pos,"(1.5, 8.0, 0.3, 0.0)",0.8260603547096252,0.4132765531539917,0.5177253484725952,0
seg+pos,"(1.5, 8.0, 0.3, 0.0)",0.8511776626110077,0.49117034673690796,0.6351609230041504,0
seg+pos,"(1.5, 8.0, 0.3, 0.0)",0.8240290582180023,0.40969741344451904,0.5644426345825195,0
seg+pos,"(1.5, 8.0, 0.3, 0.0)",0.8265787661075592,0.37181276082992554,0.5648918151855469,0
seg+pos,"(1.5, 8.0, 0.3, 0.0)",0.8421976864337921,0.374417781829834,0.527083158493042,0
seg+pos,"(1.5, 8.0, 0.3, 0.0)",0.8572038412094116,0.38393670320510864,0.4963517189025879,0
seg+pos,"(1.5, 8.0, 0.3, 0.0)",0.8133397400379181,0.34875762462615967,0.5902973413467407,0
seg+pos,"(1.5, 8.0, 0.3, 0.0)",0.8344811499118805,0.3908402919769287,0.6463391780853271,0
seg+pos,"(1.5, 8.0, 0.3, 0.0)",0.7954748868942261,0.3671695590019226,0.5007091760635376,0
seg+pos,"(1.5, 8.0, 0.3, 0.0)",0.8254523873329163,0.43221890926361084,0.6186643838882446,0
seg+pos,"(1.5, 8.0, 0.3, 0.0)",0.825923353433609,0.37305670976638794,0.5216333866119385,0
seg+pos,"(1.5, 8.0, 0.3, 0.3)",0.8196108639240265,0.4095895290374756,0.4534348249435425,0
seg+pos,"(1.5, 8.0, 0.3, 0.3)",0.7977783679962158,0.3946731686592102,0.31708431243896484,0
seg+pos,"(1.5, 8.0, 0.3, 0.3)",0.808859795331955,0.27555322647094727,0.36080729961395264,0
seg+pos,"(1.5, 8.0, 0.3, 0.3)",0.7753254175186157,0.30836355686187744,0.3746577501296997,0
seg+pos,"(1.5, 8.0, 0.3, 0.3)",0.8076705932617188,0.34701693058013916,0.44302988052368164,0
seg+pos,"(1.5, 8.0, 0.3, 0.3)",0.8128251433372498,0.43259671330451965,0.5655605792999268,0
seg+pos,"(1.5, 8.0, 0.3, 0.3)",0.8316814601421356,0.39746490120887756,0.42870330810546875,0
seg+pos,"(1.5, 8.0, 0.3, 0.3)",0.7895249724388123,0.3606497049331665,0.5004556179046631,0
seg+pos,"(1.5, 8.0, 0.3, 0.3)",0.8528080582618713,0.47329601645469666,0.46590256690979004,0
seg+pos,"(1.5, 8.0, 0.3, 0.3)",0.8255488574504852,0.394203782081604,0.49706876277923584,0
seg+pos,"(1.5, 8.0, 0.3, 0.3)",0.8550392687320709,0.4535984694957733,0.5144532918930054,0
seg+pos,"(1.5, 8.0, 0.3, 0.3)",0.8084763288497925,0.3800651431083679,0.37330496311187744,0
seg+pos,"(1.5, 8.0, 0.3, 0.3)",0.8160505592823029,0.3609805107116699,0.2978935241699219,0
seg+pos,"(1.5, 8.0, 0.3, 0.3)",0.808846652507782,0.4485169053077698,0.6216393709182739,0
seg+pos,"(1.5, 8.0, 0.3, 0.3)",0.8331200778484344,0.46066200733184814,0.46559083461761475,0
seg+pos,"(1.5, 8.0, 0.3, 0.6)",0.8121961057186127,0.42970889806747437,0.3068949580192566,0
seg+pos,"(1.5, 8.0, 0.3, 0.6)",0.8060088753700256,0.41901636123657227,0.31314706802368164,0
seg+pos,"(1.5, 8.0, 0.3, 0.6)",0.8408516645431519,0.39357054233551025,0.3685375452041626,0
seg+pos,"(1.5, 8.0, 0.3, 0.6)",0.8085476160049438,0.3540163040161133,0.08958566188812256,0
seg+pos,"(1.5, 8.0, 0.3, 0.6)",0.8654025495052338,0.3579337000846863,0.1761237382888794,0
seg+pos,"(1.5, 8.0, 0.3, 0.6)",0.8334446847438812,0.44784706830978394,0.3519476652145386,0
seg+pos,"(1.5, 8.0, 0.3, 0.6)",0.8309996724128723,0.426948606967926,0.29595351219177246,0
seg+pos,"(1.5, 8.0, 0.3, 0.6)",0.8359317779541016,0.38266101479530334,0.41995126008987427,0
seg+pos,"(1.5, 8.0, 0.3, 0.6)",0.8712020814418793,0.4686267375946045,0.1747046709060669,0
seg+pos,"(1.5, 8.0, 0.3, 0.6)",0.8493964076042175,0.36820149421691895,0.23407185077667236,0
seg+pos,"(1.5, 8.0, 0.3, 0.6)",0.8420107364654541,0.4455491304397583,0.261676549911499,0
seg+pos,"(1.5, 8.0, 0.3, 0.6)",0.8185957968235016,0.4191465377807617,0.32081687450408936,0
seg+pos,"(1.5, 8.0, 0.3, 0.6)",0.799489289522171,0.32429540157318115,0.2000192403793335,0
seg+pos,"(1.5, 8.0, 0.3, 0.6)",0.8352686166763306,0.38424885272979736,0.25368404388427734,0
seg+pos,"(1.5, 8.0, 0.3, 0.6)",0.7950603663921356,0.43785393238067627,0.3522987365722656,0
seg+pos,"(1.5, 8.0, 0.3, -0.3)",0.8705927133560181,0.4176865518093109,0.6722934246063232,0
seg+pos,"(1.5, 8.0, 0.3, -0.3)",0.8446161150932312,0.3705486059188843,0.6399264335632324,0
seg+pos,"(1.5, 8.0, 0.3, -0.3)",0.7851802110671997,0.38524556159973145,0.6861832141876221,0
seg+pos,"(1.5, 8.0, 0.3, -0.3)",0.8626537919044495,0.4370347857475281,0.6907941102981567,0
seg+pos,"(1.5, 8.0, 0.3, -0.3)",0.8576632142066956,0.4053698778152466,0.6759634017944336,0
seg+pos,"(1.5, 8.0, 0.3, -0.3)",0.8636294603347778,0.3297339081764221,0.6343313455581665,0
seg+pos,"(1.5, 8.0, 0.3, -0.3)",0.8075463473796844,0.41473156213760376,0.7244279384613037,0
seg+pos,"(1.5, 8.0, 0.3, -0.3)",0.8149577975273132,0.39381468296051025,0.6307827234268188,0
seg+pos,"(1.5, 8.0, 0.3, -0.3)",0.8966959714889526,0.48653969168663025,0.8909590244293213,0
seg+pos,"(1.5, 8.0, 0.3, -0.3)",0.8194526731967926,0.3707508444786072,0.5924891233444214,0
seg+pos,"(1.5, 8.0, 0.3, -0.3)",0.8599362969398499,0.44721847772598267,0.736657977104187,0
seg+pos,"(1.5, 8.0, 0.3, -0.3)",0.8297726809978485,0.4059780240058899,0.6876007318496704,0
seg+pos,"(1.5, 8.0, 0.3, -0.3)",0.8354634940624237,0.431632399559021,0.7553857564926147,0
seg+pos,"(1.5, 8.0, 0.3, -0.3)",0.85731041431427,0.43301787972450256,0.8068685531616211,0
seg+pos,"(1.5, 8.0, 0.3, -0.3)",0.854346513748169,0.37028825283050537,0.5273351669311523,0
seg+pos,"(1.5, 8.0, 0.7, 0.0)",0.6088864505290985,0.22323012351989746,0.3269670009613037,0
seg+pos,"(1.5, 8.0, 0.7, 0.0)",0.5910216271877289,0.17068839073181152,0.254915714263916,0
seg+pos,"(1.5, 8.0, 0.7, 0.0)",0.6376528739929199,0.21067965030670166,0.3611745834350586,0
seg+pos,"(1.5, 8.0, 0.7, 0.0)",0.6622263491153717,0.25374019145965576,0.3854207992553711,0
seg+pos,"(1.5, 8.0, 0.7, 0.0)",0.5909613966941833,0.23330247402191162,0.31098389625549316,0
seg+pos,"(1.5, 8.0, 0.7, 0.0)",0.6271646618843079,0.1853659749031067,0.34408748149871826,0
seg+pos,"(1.5, 8.0, 0.7, 0.0)",0.6295784711837769,0.23543816804885864,0.3861960172653198,0
seg+pos,"(1.5, 8.0, 0.7, 0.0)",0.6058449149131775,0.14976686239242554,0.1800236701965332,0
seg+pos,"(1.5, 8.0, 0.7, 0.0)",0.5912886559963226,0.17642253637313843,0.31636154651641846,0
seg+pos,"(1.5, 8.0, 0.7, 0.0)",0.6158269345760345,0.16266530752182007,0.15487194061279297,0
seg+pos,"(1.5, 8.0, 0.7, 0.0)",0.6182980537414551,0.19294428825378418,0.2034447193145752,0
seg+pos,"(1.5, 8.0, 0.7, 0.0)",0.6319923996925354,0.1812266707420349,0.26935338973999023,0
seg+pos,"(1.5, 8.0, 0.7, 0.0)",0.6238826811313629,0.19537198543548584,0.19960558414459229,0
seg+pos,"(1.5, 8.0, 0.7, 0.0)",0.5870097279548645,0.23879104852676392,0.2833583354949951,0
seg+pos,"(1.5, 8.0, 0.7, 0.0)",0.6359680593013763,0.16677099466323853,0.28176701068878174,0
seg+pos,"(1.5, 8.0, 0.7, 0.3)",0.6144601702690125,0.28123408555984497,0.2927234172821045,0
seg+pos,"(1.5, 8.0, 0.7, 0.3)",0.5882448554039001,0.12943565845489502,0.11527204513549805,0
seg+pos,"(1.5, 8.0, 0.7, 0.3)",0.5851669013500214,0.12139320373535156,0.17493808269500732,0
seg+pos,"(1.5, 8.0, 0.7, 0.3)",0.6194443106651306,0.17852407693862915,0.12566041946411133,0
seg+pos,"(1.5, 8.0, 0.7, 0.3)",0.6340156197547913,0.1948758363723755,0.3386746644973755,0
seg+pos,"(1.5, 8.0, 0.7, 0.3)",0.6678580045700073,0.23370134830474854,0.2040168046951294,0
seg+pos,"(1.5, 8.0, 0.7, 0.3)",0.5955535173416138,0.1574518084526062,0.1758030652999878,0
seg+pos,"(1.5, 8.0, 0.7, 0.3)",0.6134270131587982,0.19650429487228394,0.18754029273986816,0
seg+pos,"(1.5, 8.0, 0.7, 0.3)",0.6339562833309174,0.17390203475952148,0.22860407829284668,0
seg+pos,"(1.5, 8.0, 0.7, 0.3)",0.637479156255722,0.22554075717926025,0.2949364185333252,0
seg+pos,"(1.5, 8.0, 0.7, 0.3)",0.5966908931732178,0.16650807857513428,0.13091003894805908,0
seg+pos,"(1.5, 8.0, 0.7, 0.3)",0.6099001169204712,0.19244080781936646,0.246146559715271,0
seg+pos,"(1.5, 8.0, 0.7, 0.3)",0.5837609171867371,0.1510036587715149,0.17857742309570312,0
seg+pos,"(1.5, 8.0, 0.7, 0.3)",0.6486182510852814,0.16582626104354858,0.16827619075775146,0
seg+pos,"(1.5, 8.0, 0.7, 0.3)",0.5881656408309937,0.17974340915679932,0.20153367519378662,0
seg+pos,"(1.5, 8.0, 0.7, 0.6)",0.5969880521297455,0.1752050518989563,0.012197017669677734,0
seg+pos,"(1.5, 8.0, 0.7, 0.6)",0.6225985884666443,0.20606762170791626,0.1471771001815796,0
seg+pos,"(1.5, 8.0, 0.7, 0.6)",0.5817976593971252,0.1646323800086975,0.13391005992889404,0
seg+pos,"(1.5, 8.0, 0.7, 0.6)",0.6466257274150848,0.22430795431137085,0.11709702014923096,0
seg+pos,"(1.5, 8.0, 0.7, 0.6)",0.6491459310054779,0.2440098524093628,0.11781191825866699,0
seg+pos,"(1.5, 8.0, 0.7, 0.6)",0.653338760137558,0.19940316677093506,0.08809506893157959,0
seg+pos,"(1.5, 8.0, 0.7, 0.6)",0.6101777255535126,0.15186220407485962,0.2093590497970581,0
seg+pos,"(1.5, 8.0, 0.7, 0.6)",0.6653696596622467,0.29443854093551636,0.2186671495437622,0
seg+pos,"(1.5, 8.0, 0.7, 0.6)",0.6354960203170776,0.19943851232528687,0.09515488147735596,0
seg+pos,"(1.5, 8.0, 0.7, 0.6)",0.6460971534252167,0.18057990074157715,0.04220271110534668,0
seg+pos,"(1.5, 8.0, 0.7, 0.6)",0.599164605140686,0.2275083065032959,0.1400141716003418,0
seg+pos,"(1.5, 8.0, 0.7, 0.6)",0.6269620358943939,0.13116765022277832,0.08657276630401611,0
seg+pos,"(1.5, 8.0, 0.7, 0.6)",0.6430581510066986,0.21355444192886353,0.17938852310180664,0
seg+pos,"(1.5, 8.0, 0.7, 0.6)",0.6647841036319733,0.23391252756118774,0.08497750759124756,0
seg+pos,"(1.5, 8.0, 0.7, 0.6)",0.6214669644832611,0.21158182621002197,0.16984891891479492,0
seg+pos,"(1.5, 8.0, 0.7, -0.3)",0.6230402886867523,0.1790097951889038,0.46477389335632324,0
seg+pos,"(1.5, 8.0, 0.7, -0.3)",0.6265824139118195,0.1438964605331421,0.15131521224975586,0
seg+pos,"(1.5, 8.0, 0.7, -0.3)",0.6296842098236084,0.20055228471755981,0.3677802085876465,0
seg+pos,"(1.5, 8.0, 0.7, -0.3)",0.6101279556751251,0.19720613956451416,0.32901811599731445,0
seg+pos,"(1.5, 8.0, 0.7, -0.3)",0.6269145309925079,0.19668430089950562,0.3802328109741211,0
seg+pos,"(1.5, 8.0, 0.7, -0.3)",0.6070929169654846,0.2420465350151062,0.4121512174606323,0
seg+pos,"(1.5, 8.0, 0.7, -0.3)",0.6206255555152893,0.1971951127052307,0.40082240104675293,0
seg+pos,"(1.5, 8.0, 0.7, -0.3)",0.5468783378601074,0.12144428491592407,0.25875425338745117,0
seg+pos,"(1.5, 8.0, 0.7, -0.3)",0.6062247455120087,0.23256564140319824,0.40777647495269775,0
seg+pos,"(1.5, 8.0, 0.7, -0.3)",0.6056792438030243,0.1777680516242981,0.30295658111572266,0
seg+pos,"(1.5, 8.0, 0.7, -0.3)",0.6226681172847748,0.2372872233390808,0.3789489269256592,0
seg+pos,"(1.5, 8.0, 0.7, -0.3)",0.6244930922985077,0.2627372741699219,0.5831344127655029,0
seg+pos,"(1.5, 8.0, 0.7, -0.3)",0.6058822870254517,0.1957951784133911,0.35935819149017334,0
seg+pos,"(1.5, 8.0, 0.7, -0.3)",0.6525022089481354,0.33121585845947266,0.6233376264572144,0
seg+pos,"(1.5, 8.0, 0.7, -0.3)",0.6429305076599121,0.20216232538223267,0.31420254707336426,0
seg+pos,"(1.5, 20.0, 0.3, 0.0)",0.6852496862411499,0.23575258255004883,0.3705946207046509,0
seg+pos,"(1.5, 20.0, 0.3, 0.0)",0.6603742837905884,0.2580817937850952,0.2834089994430542,0
seg+pos,"(1.5, 20.0, 0.3, 0.0)",0.7118803560733795,0.22975105047225952,0.3784675598144531,0
seg+pos,"(1.5, 20.0, 0.3, 0.0)",0.6668079197406769,0.2080630660057068,0.325376033782959,0
seg+pos,"(1.5, 20.0, 0.3, 0.0)",0.6810608506202698,0.2577301263809204,0.4028052091598511,0
seg+pos,"(1.5, 20.0, 0.3, 0.0)",0.6309583783149719,0.23109060525894165,0.22638154029846191,0
seg+pos,"(1.5, 20.0, 0.3, 0.0)",0.6898956298828125,0.23143506050109863,0.3468930721282959,0
seg+pos,"(1.5, 20.0, 0.3, 0.0)",0.6866419315338135,0.32765519618988037,0.4319009780883789,0
seg+pos,"(1.5, 20.0, 0.3, 0.0)",0.6964864730834961,0.23578256368637085,0.34296703338623047,0
seg+pos,"(1.5, 20.0, 0.3, 0.0)",0.7046964168548584,0.24488329887390137,0.3684961795806885,0
seg+pos,"(1.5, 20.0, 0.3, 0.0)",0.6633783876895905,0.2579283118247986,0.3347669839859009,0
seg+pos,"(1.5, 20.0, 0.3, 0.0)",0.7026451826095581,0.29456549882888794,0.40528976917266846,0
seg+pos,"(1.5, 20.0, 0.3, 0.0)",0.6715817451477051,0.22281336784362793,0.27590227127075195,0
seg+pos,"(1.5, 20.0, 0.3, 0.0)",0.6776039004325867,0.2013174295425415,0.32995522022247314,0
seg+pos,"(1.5, 20.0, 0.3, 0.0)",0.6874214708805084,0.2717136740684509,0.4483025074005127,0
seg+pos,"(1.5, 20.0, 0.3, 0.3)",0.6655538380146027,0.252960205078125,0.23562395572662354,0
seg+pos,"(1.5, 20.0, 0.3, 0.3)",0.7068339586257935,0.23046046495437622,0.18290579319000244,0
seg+pos,"(1.5, 20.0, 0.3, 0.3)",0.6717099547386169,0.2182159423828125,0.32277345657348633,0
seg+pos,"(1.5, 20.0, 0.3, 0.3)",0.6793898940086365,0.26556020975112915,0.2994992733001709,0
seg+pos,"(1.5, 20.0, 0.3, 0.3)",0.7058912813663483,0.25149744749069214,0.23341047763824463,0
seg+pos,"(1.5, 20.0, 0.3, 0.3)",0.6583652794361115,0.20562392473220825,0.2581062316894531,0
seg+pos,"(1.5, 20.0, 0.3, 0.3)",0.6795554757118225,0.22497498989105225,0.350166916847229,0
seg+pos,"(1.5, 20.0, 0.3, 0.3)",0.6638187766075134,0.22938108444213867,0.18606221675872803,0
seg+pos,"(1.5, 20.0, 0.3, 0.3)",0.6506911814212799,0.1415589451789856,0.0391850471496582,0
seg+pos,"(1.5, 20.0, 0.3, 0.3)",0.681506484746933,0.2044709324836731,0.26974916458129883,0
seg+pos,"(1.5, 20.0, 0.3, 0.3)",0.6558121144771576,0.2232418656349182,0.30846261978149414,0
seg+pos,"(1.5, 20.0, 0.3, 0.3)",0.6792655885219574,0.2801330089569092,0.29742372035980225,0
seg+pos,"(1.5, 20.0, 0.3, 0.3)",0.6546988487243652,0.2126566767692566,0.22499597072601318,0
seg+pos,"(1.5, 20.0, 0.3, 0.3)",0.657140702009201,0.1942352056503296,0.35732126235961914,0
seg+pos,"(1.5, 20.0, 0.3, 0.3)",0.6816901564598083,0.23306572437286377,0.32811856269836426,0
seg+pos,"(1.5, 20.0, 0.3, 0.6)",0.7276155948638916,0.16558659076690674,0.06020987033843994,0
seg+pos,"(1.5, 20.0, 0.3, 0.6)",0.6579082608222961,0.2535325884819031,0.016147375106811523,0
seg+pos,"(1.5, 20.0, 0.3, 0.6)",0.7053044438362122,0.13656169176101685,0.17059028148651123,0
seg+pos,"(1.5, 20.0, 0.3, 0.6)",0.6566821336746216,0.28690120577812195,0.19730746746063232,0
seg+pos,"(1.5, 20.0, 0.3, 0.6)",0.6976291835308075,0.2564460039138794,0.18572020530700684,0
seg+pos,"(1.5, 20.0, 0.3, 0.6)",0.6804730892181396,0.2936176657676697,0.051390767097473145,0
seg+pos,"(1.5, 20.0, 0.3, 0.6)",0.7206613123416901,0.24464184045791626,0.19901418685913086,0
seg+pos,"(1.5, 20.0, 0.3, 0.6)",0.6862609386444092,0.22565484046936035,0.11743283271789551,0
seg+pos,"(1.5, 20.0, 0.3, 0.6)",0.7119883298873901,0.2978799343109131,0.16109752655029297,0
seg+pos,"(1.5, 20.0, 0.3, 0.6)",0.6716516315937042,0.2427288293838501,0.06773042678833008,0
seg+pos,"(1.5, 20.0, 0.3, 0.6)",0.6962949633598328,0.21831393241882324,0.18342232704162598,0
seg+pos,"(1.5, 20.0, 0.3, 0.6)",0.6856458187103271,0.3075861632823944,0.2565048933029175,0
seg+pos,"(1.5, 20.0, 0.3, 0.6)",0.6786965131759644,0.18497174978256226,0.158117413520813,0
seg+pos,"(1.5, 20.0, 0.3, 0.6)",0.6714831590652466,0.22125577926635742,0.19348788261413574,0
seg+pos,"(1.5, 20.0, 0.3, 0.6)",0.6846596598625183,0.21384239196777344,0.12859892845153809,0
seg+pos,"(1.5, 20.0, 0.3, -0.3)",0.6919924914836884,0.21309703588485718,0.3851630687713623,0
seg+pos,"(1.5, 20.0, 0.3, -0.3)",0.6825275719165802,0.2510133385658264,0.4148145914077759,0
seg+pos,"(1.5, 20.0, 0.3, -0.3)",0.6436648666858673,0.17362964153289795,0.26711416244506836,0
seg+pos,"(1.5, 20.0, 0.3, -0.3)",0.6800291240215302,0.28676122426986694,0.4325087070465088,0
seg+pos,"(1.5, 20.0, 0.3, -0.3)",0.7041443586349487,0.268873393535614,0.46767497062683105,0
seg+pos,"(1.5, 20.0, 0.3, -0.3)",0.6742974519729614,0.26173293590545654,0.4876580238342285,0
seg+pos,"(1.5, 20.0, 0.3, -0.3)",0.7060750126838684,0.19022107124328613,0.33143043518066406,0
seg+pos,"(1.5, 20.0, 0.3, -0.3)",0.6594415903091431,0.163288414478302,0.28315460681915283,0
seg+pos,"(1.5, 20.0, 0.3, -0.3)",0.6446207165718079,0.1686922311782837,0.31580638885498047,0
seg+pos,"(1.5, 20.0, 0.3, -0.3)",0.6515317559242249,0.22285717725753784,0.3348653316497803,0
seg+pos,"(1.5, 20.0, 0.3, -0.3)",0.6710635721683502,0.27474212646484375,0.43217670917510986,0
seg+pos,"(1.5, 20.0, 0.3, -0.3)",0.6527571678161621,0.15588873624801636,0.242889404296875,0
seg+pos,"(1.5, 20.0, 0.3, -0.3)",0.6411706805229187,0.2408464550971985,0.39119601249694824,0
seg+pos,"(1.5, 20.0, 0.3, -0.3)",0.6907056272029877,0.23117351531982422,0.36589574813842773,0
seg+pos,"(1.5, 20.0, 0.3, -0.3)",0.7040672600269318,0.2588765621185303,0.4441859722137451,0
seg+pos,"(1.5, 20.0, 0.7, 0.0)",0.42396683990955353,0.028674602508544922,0.058175086975097656,0
seg+pos,"(1.5, 20.0, 0.7, 0.0)",0.4320376217365265,0.02463710308074951,0.0010285377502441406,0
seg+pos,"(1.5, 20.0, 0.7, 0.0)",0.43501392006874084,0.04154253005981445,0.0038118362426757812,0
seg+pos,"(1.5, 20.0, 0.7, 0.0)",0.4645818918943405,0.06886035203933716,0.1434006690979004,0
seg+pos,"(1.5, 20.0, 0.7, 0.0)",0.4475322514772415,0.07636630535125732,0.06944918632507324,0
seg+pos,"(1.5, 20.0, 0.7, 0.0)",0.47209668159484863,0.08679062128067017,0.12105560302734375,0
seg+pos,"(1.5, 20.0, 0.7, 0.0)",0.43088723719120026,0.05123007297515869,0.011704683303833008,0
seg+pos,"(1.5, 20.0, 0.7, 0.0)",0.4406697750091553,0.06328493356704712,0.016155242919921875,0
seg+pos,"(1.5, 20.0, 0.7, 0.0)",0.4651505649089813,0.020496726036071777,0.09134364128112793,0
seg+pos,"(1.5, 20.0, 0.7, 0.0)",0.455039918422699,0.05997955799102783,0.02223801612854004,0
seg+pos,"(1.5, 20.0, 0.7, 0.0)",0.4878431558609009,0.13792091608047485,0.13628482818603516,0
seg+pos,"(1.5, 20.0, 0.7, 0.0)",0.458822637796402,0.10239672660827637,0.10500645637512207,0
seg+pos,"(1.5, 20.0, 0.7, 0.0)",0.4693813621997833,0.09883791208267212,0.10020291805267334,0
seg+pos,"(1.5, 20.0, 0.7, 0.0)",0.3906659930944443,0.09591066837310791,0.0843350887298584,0
seg+pos,"(1.5, 20.0, 0.7, 0.0)",0.4528668224811554,0.08092659711837769,0.10778284072875977,0
seg+pos,"(1.5, 20.0, 0.7, 0.3)",0.4145716577768326,0.048519670963287354,0.026142120361328125,0
seg+pos,"(1.5, 20.0, 0.7, 0.3)",0.4314959943294525,0.06791925430297852,0.13776087760925293,0
seg+pos,"(1.5, 20.0, 0.7, 0.3)",0.4400378167629242,0.08128678798675537,0.02491128444671631,0
seg+pos,"(1.5, 20.0, 0.7, 0.3)",0.43566836416721344,0.042946696281433105,0.041637420654296875,0
seg+pos,"(1.5, 20.0, 0.7, 0.3)",0.44732609391212463,0.020841598510742188,0.0475308895111084,0
seg+pos,"(1.5, 20.0, 0.7, 0.3)",0.4439053535461426,0.12052732706069946,0.0819387435913086,0
seg+pos,"(1.5, 20.0, 0.7, 0.3)",0.4315149337053299,0.09604865312576294,0.13759052753448486,0
seg+pos,"(1.5, 20.0, 0.7, 0.3)",0.43150515854358673,0.09075051546096802,0.1280878782272339,0
seg+pos,"(1.5, 20.0, 0.7, 0.3)",0.45356300473213196,0.022075533866882324,0.0031363964080810547,0
seg+pos,"(1.5, 20.0, 0.7, 0.3)",0.41686369478702545,0.09467148780822754,0.09197616577148438,0
seg+pos,"(1.5, 20.0, 0.7, 0.3)",0.42960500717163086,0.09312522411346436,0.09456467628479004,0
seg+pos,"(1.5, 20.0, 0.7, 0.3)",0.45622847974300385,0.04429435729980469,0.01924729347229004,0
seg+pos,"(1.5, 20.0, 0.7, 0.3)",0.44370265305042267,0.08231604099273682,0.07836008071899414,0
seg+pos,"(1.5, 20.0, 0.7, 0.3)",0.4485958218574524,0.06372517347335815,0.021741032600402832,0
seg+pos,"(1.5, 20.0, 0.7, 0.3)",0.4520992934703827,0.06086939573287964,0.05071723461151123,0
seg+pos,"(1.5, 20.0, 0.7, 0.6)",0.42292580008506775,0.10591411590576172,0.005258917808532715,0
seg+pos,"(1.5, 20.0, 0.7, 0.6)",0.4319770336151123,0.07469558715820312,0.08106458187103271,0
seg+pos,"(1.5, 20.0, 0.7, 0.6)",0.4510296881198883,0.05325239896774292,0.02026677131652832,0
seg+pos,"(1.5, 20.0, 0.7, 0.6)",0.3928779810667038,0.0733218789100647,0.00930631160736084,0
seg+pos,"(1.5, 20.0, 0.7, 0.6)",0.43047599494457245,0.027721107006072998,0.055333614349365234,0
seg+pos,"(1.5, 20.0, 0.7, 0.6)",0.4194871783256531,0.061555564403533936,0.00595402717590332,0
seg+pos,"(1.5, 20.0, 0.7, 0.6)",0.44059841334819794,0.10648226737976074,0.03172290325164795,0
seg+pos,"(1.5, 20.0, 0.7, 0.6)",0.5241465866565704,0.06611073017120361,0.12806689739227295,0
seg+pos,"(1.5, 20.0, 0.7, 0.6)",0.45100994408130646,0.08414804935455322,0.03706395626068115,0
seg+pos,"(1.5, 20.0, 0.7, 0.6)",0.443976953625679,0.028613626956939697,0.09762811660766602,0
seg+pos,"(1.5, 20.0, 0.7, 0.6)",0.47299526631832123,0.04952198266983032,0.05578124523162842,0
seg+pos,"(1.5, 20.0, 0.7, 0.6)",0.46284741163253784,0.04311484098434448,0.015860438346862793,0
seg+pos,"(1.5, 20.0, 0.7, 0.6)",0.4356158375740051,0.06435441970825195,0.01538383960723877,0
seg+pos,"(1.5, 20.0, 0.7, 0.6)",0.4488106071949005,0.09705245494842529,0.021051645278930664,0
seg+pos,"(1.5, 20.0, 0.7, 0.6)",0.4723516255617142,0.0814775824546814,0.06774628162384033,0
seg+pos,"(1.5, 20.0, 0.7, -0.3)",0.4561300575733185,0.07664799690246582,0.1582343578338623,0
seg+pos,"(1.5, 20.0, 0.7, -0.3)",0.418300598859787,0.038105905055999756,0.049695730209350586,0
seg+pos,"(1.5, 20.0, 0.7, -0.3)",0.4542182832956314,0.056498050689697266,0.06638407707214355,0
seg+pos,"(1.5, 20.0, 0.7, -0.3)",0.4810904264450073,0.10061365365982056,0.258608341217041,0
seg+pos,"(1.5, 20.0, 0.7, -0.3)",0.451500728726387,0.05123049020767212,0.1092597246170044,0
seg+pos,"(1.5, 20.0, 0.7, -0.3)",0.4614779055118561,0.06750226020812988,0.04283547401428223,0
seg+pos,"(1.5, 20.0, 0.7, -0.3)",0.44641536474227905,0.012867271900177002,0.0646364688873291,0
seg+pos,"(1.5, 20.0, 0.7, -0.3)",0.4346900135278702,0.06539827585220337,0.018684864044189453,0
seg+pos,"(1.5, 20.0, 0.7, -0.3)",0.386601984500885,0.08653151988983154,0.08710873126983643,0
seg+pos,"(1.5, 20.0, 0.7, -0.3)",0.45199862122535706,0.08761107921600342,0.15579819679260254,0
seg+pos,"(1.5, 20.0, 0.7, -0.3)",0.4750947952270508,0.09577161073684692,0.1913003921508789,0
seg+pos,"(1.5, 20.0, 0.7, -0.3)",0.4231620281934738,0.03314942121505737,0.021117210388183594,0
seg+pos,"(1.5, 20.0, 0.7, -0.3)",0.4285154789686203,0.07621175050735474,0.1474987268447876,0
seg+pos,"(1.5, 20.0, 0.7, -0.3)",0.45685426890850067,0.02221524715423584,0.031366586685180664,0
seg+pos,"(1.5, 20.0, 0.7, -0.3)",0.4508651942014694,0.0635145902633667,0.03383493423461914,0
seg+pos,"(3.0, 8.0, 0.3, 0.0)",1.5205098986625671,0.7279162406921387,0.9187071323394775,0
seg+pos,"(3.0, 8.0, 0.3, 0.0)",1.5479254722595215,0.7951798439025879,1.074310064315796,0
seg+pos,"(3.0, 8.0, 0.3, 0.0)",1.5215073227882385,0.7740392684936523,1.1854057312011719,0
seg+pos,"(3.0, 8.0, 0.3, 0.0)",1.49702787399292,0.7544033527374268,1.2253201007843018,0
seg+pos,"(3.0, 8.0, 0.3, 0.0)",1.6072588562965393,0.8032405376434326,1.0270650386810303,0
seg+pos,"(3.0, 8.0, 0.3, 0.0)",1.5577616095542908,0.7878248691558838,1.0739045143127441,0
seg+pos,"(3.0, 8.0, 0.3, 0.0)",1.5120524168014526,0.7575526237487793,1.2677001953125,0
seg+pos,"(3.0, 8.0, 0.3, 0.0)",1.528807520866394,0.8128410577774048,1.4674561023712158,0
seg+pos,"(3.0, 8.0, 0.3, 0.0)",1.5355745553970337,0.7491898536682129,0.9654285907745361,0
seg+pos,"(3.0, 8.0, 0.3, 0.0)",1.5378443002700806,0.6887450218200684,1.0222959518432617,0
seg+pos,"(3.0, 8.0, 0.3, 0.0)",1.5077990889549255,0.7406795024871826,0.9820554256439209,0
seg+pos,"(3.0, 8.0, 0.3, 0.0)",1.509288489818573,0.7160619497299194,0.7692844867706299,0
seg+pos,"(3.0, 8.0, 0.3, 0.0)",1.5633000135421753,0.7593065500259399,0.9761617183685303,0
seg+pos,"(3.0, 8.0, 0.3, 0.0)",1.5966598987579346,0.7595852613449097,1.1142232418060303,0
seg+pos,"(3.0, 8.0, 0.3, 0.0)",1.5710361003875732,0.7731468677520752,1.0961103439331055,0
seg+pos,"(3.0, 8.0, 0.3, 0.3)",1.5998556017875671,0.8517683744430542,0.8985240459442139,0
seg+pos,"(3.0, 8.0, 0.3, 0.3)",1.600880742073059,0.7892062664031982,1.171170711517334,0
seg+pos,"(3.0, 8.0, 0.3, 0.3)",1.5232652425765991,0.6831517219543457,0.8284318447113037,0
seg+pos,"(3.0, 8.0, 0.3, 0.3)",1.5392683744430542,0.804196298122406,0.8827114105224609,0
seg+pos,"(3.0, 8.0, 0.3, 0.3)",1.531039297580719,0.78339684009552,0.7968897819519043,0
seg+pos,"(3.0, 8.0, 0.3, 0.3)",1.4856868386268616,0.6355565786361694,0.8205273151397705,0
seg+pos,"(3.0, 8.0, 0.3, 0.3)",1.5986360311508179,0.799179196357727,0.6959784030914307,0
seg+pos,"(3.0, 8.0, 0.3, 0.3)",1.487351894378662,0.7158187627792358,1.0584759712219238,0
seg+pos,"(3.0, 8.0, 0.3, 0.3)",1.522637963294983,0.7122870683670044,0.6823539733886719,0
seg+pos,"(3.0, 8.0, 0.3, 0.3)",1.5099040269851685,0.5682289600372314,0.8073248863220215,0
seg+pos,"(3.0, 8.0, 0.3, 0.3)",1.5501190423965454,0.8476947546005249,0.9360218048095703,0
seg+pos,"(3.0, 8.0, 0.3, 0.3)",1.5429076552391052,0.7579214572906494,0.7865886688232422,0
seg+pos,"(3.0, 8.0, 0.3, 0.3)",1.6093677878379822,0.7454491853713989,0.8386080265045166,0
seg+pos,"(3.0, 8.0, 0.3, 0.3)",1.4826428890228271,0.7574608325958252,0.6879775524139404,0
seg+pos,"(3.0, 8.0, 0.3, 0.3)",1.50796639919281,0.6947200298309326,0.9828770160675049,0
seg+pos,"(3.0, 8.0, 0.3, 0.6)",1.4969432950019836,0.7289085388183594,0.4889559745788574,0
seg+pos,"(3.0, 8.0, 0.3, 0.6)",1.4981470108032227,0.7898310422897339,0.562596321105957,0
seg+pos,"(3.0, 8.0, 0.3, 0.6)",1.5225785970687866,0.6702837944030762,0.5373833179473877,0
seg+pos,"(3.0, 8.0, 0.3, 0.6)",1.5374837517738342,0.7320932149887085,0.708264946937561,0
seg+pos,"(3.0, 8.0, 0.3, 0.6)",1.5576508045196533,0.685295820236206,0.4568042755126953,0
seg+pos,"(3.0, 8.0, 0.3, 0.6)",1.5223389267921448,0.7722654342651367,0.7898660898208618,0
seg+pos,"(3.0, 8.0, 0.3, 0.6)",1.5606728792190552,0.765201210975647,0.5705740451812744,0
seg+pos,"(3.0, 8.0, 0.3, 0.6)",1.482100009918213,0.685692310333252,0.6931552886962891,0
seg+pos,"(3.0, 8.0, 0.3, 0.6)",1.5051045417785645,0.7450282573699951,0.6733863353729248,0
seg+pos,"(3.0, 8.0, 0.3, 0.6)",1.574858009815216,0.7354395389556885,0.4946861267089844,0
seg+pos,"(3.0, 8.0, 0.3, 0.6)",1.6024066805839539,0.7427905797958374,0.7257130146026611,0
seg+pos,"(3.0, 8.0, 0.3, 0.6)",1.5367279648780823,0.8535317182540894,0.6889760494232178,0
seg+pos,"(3.0, 8.0, 0.3, 0.6)",1.5685081481933594,0.8271467089653015,0.5770096778869629,0
seg+pos,"(3.0, 8.0, 0.3, 0.6)",1.6037826538085938,0.8852061629295349,0.682178258895874,0
seg+pos,"(3.0, 8.0, 0.3, 0.6)",1.5444663166999817,0.7635220289230347,0.47247838973999023,0
seg+pos,"(3.0, 8.0, 0.3, -0.3)",1.5141101479530334,0.6612317562103271,1.0876474380493164,0
seg+pos,"(3.0, 8.0, 0.3, -0.3)",1.574816107749939,0.8253030776977539,1.434457778930664,0
seg+pos,"(3.0, 8.0, 0.3, -0.3)",1.5132620334625244,0.7466620206832886,1.2550678253173828,0
seg+pos,"(3.0, 8.0, 0.3, -0.3)",1.5996884107589722,0.7183761596679688,1.130993366241455,0
seg+pos,"(3.0, 8.0, 0.3, -0.3)",1.4764015674591064,0.7489498853683472,1.316746711730957,0
seg+pos,"(3.0, 8.0, 0.3, -0.3)",1.5684772729873657,0.8210022449493408,1.2776155471801758,0
seg+pos,"(3.0, 8.0, 0.3, -0.3)",1.5796061754226685,0.7908221483230591,1.18143892288208,0
seg+pos,"(3.0, 8.0, 0.3, -0.3)",1.565499722957611,0.7787892818450928,1.2403669357299805,0
seg+pos,"(3.0, 8.0, 0.3, -0.3)",1.508151650428772,0.9047842025756836,1.6011676788330078,0
seg+pos,"(3.0, 8.0, 0.3, -0.3)",1.5248003005981445,0.6951879262924194,1.0693752765655518,0
seg+pos,"(3.0, 8.0, 0.3, -0.3)",1.5921009182929993,0.7928845882415771,1.3320350646972656,0
seg+pos,"(3.0, 8.0, 0.3, -0.3)",1.501953125,0.6980249881744385,1.0633721351623535,0
seg+pos,"(3.0, 8.0, 0.3, -0.3)",1.6125099062919617,0.8241404294967651,1.3291420936584473,0
seg+pos,"(3.0, 8.0, 0.3, -0.3)",1.4940740466117859,0.7204358577728271,1.1135880947113037,0
seg+pos,"(3.0, 8.0, 0.3, -0.3)",1.538820207118988,0.8604143261909485,1.3019824028015137,0
seg+pos,"(3.0, 8.0, 0.7, 0.0)",1.1006192564964294,0.337383508682251,0.5280089378356934,0
seg+pos,"(3.0, 8.0, 0.7, 0.0)",1.0676401853561401,0.3284562826156616,0.38555431365966797,0
seg+pos,"(3.0, 8.0, 0.7, 0.0)",1.1086347103118896,0.4085514545440674,0.5457777976989746,0
seg+pos,"(3.0, 8.0, 0.7, 0.0)",1.1135612726211548,0.32728898525238037,0.5266332626342773,0
seg+pos,"(3.0, 8.0, 0.7, 0.0)",1.0636073350906372,0.3054013252258301,0.21930217742919922,0
seg+pos,"(3.0, 8.0, 0.7, 0.0)",1.0833011865615845,0.3243141174316406,0.3647899627685547,0
seg+pos,"(3.0, 8.0, 0.7, 0.0)",1.098361313343048,0.4019906520843506,0.7524697780609131,0
seg+pos,"(3.0, 8.0, 0.7, 0.0)",1.0954993963241577,0.3158913850784302,0.6020216941833496,0
seg+pos,"(3.0, 8.0, 0.7, 0.0)",1.0693886876106262,0.32964813709259033,0.458477258682251,0
seg+pos,"(3.0, 8.0, 0.7, 0.0)",1.0701664090156555,0.36143434047698975,0.45078158378601074,0
seg+pos,"(3.0, 8.0, 0.7, 0.0)",1.114912986755371,0.35454225540161133,0.43558597564697266,0
seg+pos,"(3.0, 8.0, 0.7, 0.0)",1.083414614200592,0.3426797389984131,0.5800507068634033,0
seg+pos,"(3.0, 8.0, 0.7, 0.0)",1.0499609112739563,0.3736759424209595,0.4248166084289551,0
seg+pos,"(3.0, 8.0, 0.7, 0.0)",1.0992160439491272,0.3332641124725342,0.4860239028930664,0
seg+pos,"(3.0, 8.0, 0.7, 0.0)",1.0221010446548462,0.30880165100097656,0.6196608543395996,0
seg+pos,"(3.0, 8.0, 0.7, 0.3)",1.0242518186569214,0.2761039733886719,0.2711446285247803,0
seg+pos,"(3.0, 8.0, 0.7, 0.3)",1.0521011054515839,0.3451862335205078,0.4559032917022705,0
seg+pos,"(3.0, 8.0, 0.7, 0.3)",1.079706847667694,0.35871946811676025,0.4557483196258545,0
seg+pos,"(3.0, 8.0, 0.7, 0.3)",1.1241096258163452,0.43112778663635254,0.537799596786499,0
seg+pos,"(3.0, 8.0, 0.7, 0.3)",1.1122615337371826,0.3448164463043213,0.2647104263305664,0
seg+pos,"(3.0, 8.0, 0.7, 0.3)",1.0988407135009766,0.3953179121017456,0.3336663246154785,0
seg+pos,"(3.0, 8.0, 0.7, 0.3)",1.1034518480300903,0.26378917694091797,0.29091548919677734,0
seg+pos,"(3.0, 8.0, 0.7, 0.3)",1.1275081038475037,0.35387909412384033,0.24373269081115723,0
seg+pos,"(3.0, 8.0, 0.7, 0.3)",1.080588459968567,0.4068417549133301,0.5811517238616943,0
seg+pos,"(3.0, 8.0, 0.7, 0.3)",1.121267020702362,0.34697020053863525,0.40718698501586914,0
seg+pos,"(3.0, 8.0, 0.7, 0.3)",1.1175653338432312,0.43647170066833496,0.34214067459106445,0
seg+pos,"(3.0, 8.0, 0.7, 0.3)",1.0698733925819397,0.36777305603027344,0.3920578956604004,0
seg+pos,"(3.0, 8.0, 0.7, 0.3)",1.1194194555282593,0.35564517974853516,0.36748552322387695,0
seg+pos,"(3.0, 8.0, 0.7, 0.3)",1.0461069345474243,0.30949926376342773,0.288250207901001,0
seg+pos,"(3.0, 8.0, 0.7, 0.3)",1.0834185481071472,0.3035959005355835,0.4799325466156006,0
seg+pos,"(3.0, 8.0, 0.7, 0.6)",1.058009147644043,0.25370168685913086,0.22844982147216797,0
seg+pos,"(3.0, 8.0, 0.7, 0.6)",1.0990031957626343,0.39026570320129395,0.323885440826416,0
seg+pos,"(3.0, 8.0, 0.7, 0.6)",1.0656849145889282,0.36757147312164307,0.2201993465423584,0
seg+pos,"(3.0, 8.0, 0.7, 0.6)",1.1103190183639526,0.3864537477493286,0.16730117797851562,0
seg+pos,"(3.0, 8.0, 0.7, 0.6)",1.1294521689414978,0.3628058433532715,0.011312484741210938,0
seg+pos,"(3.0, 8.0, 0.7, 0.6)",1.1493984460830688,0.46661996841430664,0.308422327041626,0
seg+pos,"(3.0, 8.0, 0.7, 0.6)",1.0471978783607483,0.21330952644348145,0.20139646530151367,0
seg+pos,"(3.0, 8.0, 0.7, 0.6)",1.143439769744873,0.3443974256515503,0.1447911262512207,0
seg+pos,"(3.0, 8.0, 0.7, 0.6)",1.137751042842865,0.2983546257019043,0.25790858268737793,0
seg+pos,"(3.0, 8.0, 0.7, 0.6)",1.1106796264648438,0.31881749629974365,0.5177068710327148,0
seg+pos,"(3.0, 8.0, 0.7, 0.6)",1.1443617939949036,0.44803380966186523,0.42066049575805664,0
seg+pos,"(3.0, 8.0, 0.7, 0.6)",1.0556578040122986,0.37327563762664795,0.18455982208251953,0
seg+pos,"(3.0, 8.0, 0.7, 0.6)",1.0314981341362,0.24806702136993408,0.0853419303894043,0
seg+pos,"(3.0, 8.0, 0.7, 0.6)",1.142838478088379,0.37184274196624756,0.31815075874328613,0
seg+pos,"(3.0, 8.0, 0.7, 0.6)",1.110788106918335,0.2917128801345825,0.25913119316101074,0
seg+pos,"(3.0, 8.0, 0.7, -0.3)",1.0504261255264282,0.3746342062950134,0.7154459953308105,0
seg+pos,"(3.0, 8.0, 0.7, -0.3)",1.094200849533081,0.3638261556625366,0.5924849510192871,0
seg+pos,"(3.0, 8.0, 0.7, -0.3)",1.0587171614170074,0.2922213077545166,0.29949283599853516,0
seg+pos,"(3.0, 8.0, 0.7, -0.3)",1.0913351774215698,0.3384007215499878,0.5683197975158691,0
seg+pos,"(3.0, 8.0, 0.7, -0.3)",1.0676286220550537,0.324226975440979,0.4578256607055664,0
seg+pos,"(3.0, 8.0, 0.7, -0.3)",1.1442466974258423,0.3752070665359497,0.606285572052002,0
seg+pos,"(3.0, 8.0, 0.7, -0.3)",1.062852144241333,0.3041374683380127,0.4911465644836426,0
seg+pos,"(3.0, 8.0, 0.7, -0.3)",1.102342963218689,0.3476518392562866,0.5693068504333496,0
seg+pos,"(3.0, 8.0, 0.7, -0.3)",1.0874409079551697,0.29832684993743896,0.47065043449401855,0
seg+pos,"(3.0, 8.0, 0.7, -0.3)",1.0551465153694153,0.2826833724975586,0.45526933670043945,0
seg+pos,"(3.0, 8.0, 0.7, -0.3)",1.1056069731712341,0.3057212829589844,0.5012979507446289,0
seg+pos,"(3.0, 8.0, 0.7, -0.3)",1.0556844472885132,0.2673758268356323,0.349456787109375,0
seg+pos,"(3.0, 8.0, 0.7, -0.3)",1.0599300861358643,0.311942458152771,0.6023800373077393,0
seg+pos,"(3.0, 8.0, 0.7, -0.3)",1.1075817346572876,0.2907848358154297,0.4317512512207031,0
seg+pos,"(3.0, 8.0, 0.7, -0.3)",1.1183122396469116,0.3696216344833374,0.5898408889770508,0
seg+pos,"(3.0, 20.0, 0.3, 0.0)",1.2205910682678223,0.4221787452697754,0.5727298259735107,0
seg+pos,"(3.0, 20.0, 0.3, 0.0)",1.254976511001587,0.43605315685272217,0.6515023708343506,0
seg+pos,"(3.0, 20.0, 0.3, 0.0)",1.2170993089675903,0.5238574743270874,0.862515926361084,0
seg+pos,"(3.0, 20.0, 0.3, 0.0)",1.221950113773346,0.4568401575088501,0.7223711013793945,0
seg+pos,"(3.0, 20.0, 0.3, 0.0)",1.2506605982780457,0.4074922800064087,0.6961073875427246,0
seg+pos,"(3.0, 20.0, 0.3, 0.0)",1.2509122490882874,0.3325382471084595,0.42877888679504395,0
seg+pos,"(3.0, 20.0, 0.3, 0.0)",1.2395633459091187,0.382318377494812,0.6854526996612549,0
seg+pos,"(3.0, 20.0, 0.3, 0.0)",1.240207016468048,0.39121294021606445,0.48887109756469727,0
seg+pos,"(3.0, 20.0, 0.3, 0.0)",1.2485104203224182,0.4344003200531006,0.6227586269378662,0
seg+pos,"(3.0, 20.0, 0.3, 0.0)",1.2419952750205994,0.38229286670684814,0.44000959396362305,0
seg+pos,"(3.0, 20.0, 0.3, 0.0)",1.2345284819602966,0.3911478519439697,0.38836002349853516,0
seg+pos,"(3.0, 20.0, 0.3, 0.0)",1.1742734909057617,0.4096815586090088,0.6540966033935547,0
seg+pos,"(3.0, 20.0, 0.3, 0.0)",1.1786916851997375,0.38412630558013916,0.5331637859344482,0
seg+pos,"(3.0, 20.0, 0.3, 0.0)",1.266935110092163,0.43762338161468506,0.6134347915649414,0
seg+pos,"(3.0, 20.0, 0.3, 0.0)",1.1897860765457153,0.3569546937942505,0.6560943126678467,0
seg+pos,"(3.0, 20.0, 0.3, 0.3)",1.2981173992156982,0.4208110570907593,0.4681661128997803,0
seg+pos,"(3.0, 20.0, 0.3, 0.3)",1.1567054986953735,0.2781100273132324,0.32375407218933105,0
seg+pos,"(3.0, 20.0, 0.3, 0.3)",1.2457317113876343,0.4535224437713623,0.45964550971984863,0
seg+pos,"(3.0, 20.0, 0.3, 0.3)",1.207481324672699,0.30637693405151367,0.5324828624725342,0
seg+pos,"(3.0, 20.0, 0.3, 0.3)",1.194677710533142,0.336734414100647,0.4156167507171631,0
seg+pos,"(3.0, 20.0, 0.3, 0.3)",1.1494938135147095,0.35332679748535156,0.3094818592071533,0
seg+pos,"(3.0, 20.0, 0.3, 0.3)",1.2052019834518433,0.3295634984970093,0.3015308380126953,0
seg+pos,"(3.0, 20.0, 0.3, 0.3)",1.164699673652649,0.45810651779174805,0.5487351417541504,0
seg+pos,"(3.0, 20.0, 0.3, 0.3)",1.2544897198677063,0.43530428409576416,0.47960472106933594,0
seg+pos,"(3.0, 20.0, 0.3, 0.3)",1.1857731342315674,0.42981696128845215,0.5034995079040527,0
seg+pos,"(3.0, 20.0, 0.3, 0.3)",1.2150073647499084,0.39971840381622314,0.410336971282959,0
seg+pos,"(3.0, 20.0, 0.3, 0.3)",1.2817559838294983,0.38590729236602783,0.4081103801727295,0
seg+pos,"(3.0, 20.0, 0.3, 0.3)",1.1898167729377747,0.39435768127441406,0.6083536148071289,0
seg+pos,"(3.0, 20.0, 0.3, 0.3)",1.2441595196723938,0.4697301387786865,0.5715353488922119,0
seg+pos,"(3.0, 20.0, 0.3, 0.3)",1.2758936285972595,0.45617592334747314,0.5250084400177002,0
seg+pos,"(3.0, 20.0, 0.3, 0.6)",1.2922531962394714,0.4816204309463501,0.27407383918762207,0
seg+pos,"(3.0, 20.0, 0.3, 0.6)",1.1966086030006409,0.34984397888183594,0.12830042839050293,0
seg+pos,"(3.0, 20.0, 0.3, 0.6)",1.1970333456993103,0.4518324136734009,0.4065265655517578,0
seg+pos,"(3.0, 20.0, 0.3, 0.6)",1.1954385638237,0.36204254627227783,0.16354632377624512,0
seg+pos,"(3.0, 20.0, 0.3, 0.6)",1.1779414415359497,0.3913778066635132,0.5189026594161987,0
seg+pos,"(3.0, 20.0, 0.3, 0.6)",1.194472074508667,0.37639951705932617,0.3215451240539551,0
seg+pos,"(3.0, 20.0, 0.3, 0.6)",1.1994706988334656,0.36949729919433594,0.352222204208374,0
seg+pos,"(3.0, 20.0, 0.3, 0.6)",1.1707101464271545,0.41288089752197266,0.3307929039001465,0
seg+pos,"(3.0, 20.0, 0.3, 0.6)",1.3445592522621155,0.6092410087585449,0.5405550003051758,0
seg+pos,"(3.0, 20.0, 0.3, 0.6)",1.1984921097755432,0.3616797924041748,0.22473812103271484,0
seg+pos,"(3.0, 20.0, 0.3, 0.6)",1.2078017592430115,0.41772890090942383,0.3513925075531006,0
seg+pos,"(3.0, 20.0, 0.3, 0.6)",1.3095396161079407,0.5734591484069824,0.24591302871704102,0
seg+pos,"(3.0, 20.0, 0.3, 0.6)",1.2580643892288208,0.4750242233276367,0.45328330993652344,0
seg+pos,"(3.0, 20.0, 0.3, 0.6)",1.1811030507087708,0.4418522119522095,0.4201841354370117,0
seg+pos,"(3.0, 20.0, 0.3, 0.6)",1.225506603717804,0.41195428371429443,0.2560434341430664,0
seg+pos,"(3.0, 20.0, 0.3, -0.3)",1.228290617465973,0.4963597059249878,0.8417725563049316,0
seg+pos,"(3.0, 20.0, 0.3, -0.3)",1.2151702642440796,0.4187955856323242,0.7692413330078125,0
seg+pos,"(3.0, 20.0, 0.3, -0.3)",1.1855538487434387,0.463204026222229,0.7094383239746094,0
seg+pos,"(3.0, 20.0, 0.3, -0.3)",1.2398069500923157,0.48567092418670654,0.9904072284698486,0
seg+pos,"(3.0, 20.0, 0.3, -0.3)",1.2360159754753113,0.44034862518310547,0.7344760894775391,0
seg+pos,"(3.0, 20.0, 0.3, -0.3)",1.2229214906692505,0.45970284938812256,0.762749195098877,0
seg+pos,"(3.0, 20.0, 0.3, -0.3)",1.2147327661514282,0.5109065771102905,0.8316864967346191,0
seg+pos,"(3.0, 20.0, 0.3, -0.3)",1.2176290154457092,0.44578492641448975,0.7563962936401367,0
seg+pos,"(3.0, 20.0, 0.3, -0.3)",1.2653047442436218,0.5021465420722961,0.7508945465087891,0
seg+pos,"(3.0, 20.0, 0.3, -0.3)",1.2259657979011536,0.40997767448425293,0.6841902732849121,0
seg+pos,"(3.0, 20.0, 0.3, -0.3)",1.198258101940155,0.32171499729156494,0.6619937419891357,0
seg+pos,"(3.0, 20.0, 0.3, -0.3)",1.2545060515403748,0.38050639629364014,0.6189966201782227,0
seg+pos,"(3.0, 20.0, 0.3, -0.3)",1.3040974736213684,0.4757575988769531,0.733527660369873,0
seg+pos,"(3.0, 20.0, 0.3, -0.3)",1.2257367372512817,0.38133931159973145,0.7291579246520996,0
seg+pos,"(3.0, 20.0, 0.3, -0.3)",1.1963377594947815,0.5362786054611206,0.9292261600494385,0
seg+pos,"(3.0, 20.0, 0.7, 0.0)",0.7052478194236755,0.08483898639678955,0.08361005783081055,0
seg+pos,"(3.0, 20.0, 0.7, 0.0)",0.7089855372905731,0.06498599052429199,0.1285855770111084,0
seg+pos,"(3.0, 20.0, 0.7, 0.0)",0.6857005953788757,0.07352232933044434,0.16541147232055664,0
seg+pos,"(3.0, 20.0, 0.7, 0.0)",0.7239119112491608,0.08951032161712646,0.13596153259277344,0
seg+pos,"(3.0, 20.0, 0.7, 0.0)",0.6880456209182739,0.09581625461578369,0.09125709533691406,0
seg+pos,"(3.0, 20.0, 0.7, 0.0)",0.6912908554077148,0.11897778511047363,0.09336137771606445,0
seg+pos,"(3.0, 20.0, 0.7, 0.0)",0.7039460241794586,0.0875694751739502,0.12037897109985352,0
seg+pos,"(3.0, 20.0, 0.7, 0.0)",0.6641834378242493,0.07777225971221924,0.09996509552001953,0
seg+pos,"(3.0, 20.0, 0.7, 0.0)",0.7031809985637665,0.1805863380432129,0.18586301803588867,0
seg+pos,"(3.0, 20.0, 0.7, 0.0)",0.6989794373512268,0.1329425573348999,0.21064186096191406,0
seg+pos,"(3.0, 20.0, 0.7, 0.0)",0.6961501240730286,0.06868517398834229,0.00045943260192871094,0
seg+pos,"(3.0, 20.0, 0.7, 0.0)",0.727925032377243,0.06784236431121826,0.05555582046508789,0
seg+pos,"(3.0, 20.0, 0.7, 0.0)",0.7438349425792694,0.12620651721954346,0.26923227310180664,0
seg+pos,"(3.0, 20.0, 0.7, 0.0)",0.6694886088371277,0.11957657337188721,0.2544999122619629,0
seg+pos,"(3.0, 20.0, 0.7, 0.0)",0.7038522958755493,0.09181761741638184,0.12817716598510742,0
seg+pos,"(3.0, 20.0, 0.7, 0.3)",0.6987080872058868,0.10662460327148438,0.20761775970458984,0
seg+pos,"(3.0, 20.0, 0.7, 0.3)",0.7148806154727936,0.14367592334747314,0.09761548042297363,0
seg+pos,"(3.0, 20.0, 0.7, 0.3)",0.6922015249729156,0.10957026481628418,0.23238563537597656,0
seg+pos,"(3.0, 20.0, 0.7, 0.3)",0.713238924741745,0.0590670108795166,0.04223442077636719,0
seg+pos,"(3.0, 20.0, 0.7, 0.3)",0.7238975167274475,0.11552059650421143,0.15562748908996582,0
seg+pos,"(3.0, 20.0, 0.7, 0.3)",0.7187429070472717,0.12378120422363281,0.13653326034545898,0
seg+pos,"(3.0, 20.0, 0.7, 0.3)",0.7114778459072113,0.04900622367858887,0.10055780410766602,0
seg+pos,"(3.0, 20.0, 0.7, 0.3)",0.7644185423851013,0.17854595184326172,0.1327800750732422,0
seg+pos,"(3.0, 20.0, 0.7, 0.3)",0.7126997113227844,0.15477240085601807,0.0776357650756836,0
seg+pos,"(3.0, 20.0, 0.7, 0.3)",0.675540566444397,0.1000208854675293,0.15427041053771973,0
seg+pos,"(3.0, 20.0, 0.7, 0.3)",0.6894840896129608,0.07891237735748291,0.17613506317138672,0
seg+pos,"(3.0, 20.0, 0.7, 0.3)",0.6927093863487244,0.10365235805511475,0.09335136413574219,0
seg+pos,"(3.0, 20.0, 0.7, 0.3)",0.7231191992759705,0.0817030668258667,0.18849849700927734,0
seg+pos,"(3.0, 20.0, 0.7, 0.3)",0.7313501834869385,0.11892235279083252,0.07483887672424316,0
seg+pos,"(3.0, 20.0, 0.7, 0.3)",0.7105095684528351,0.11363422870635986,0.04163932800292969,0
seg+pos,"(3.0, 20.0, 0.7, 0.6)",0.6981354057788849,0.024835705757141113,0.0918123722076416,0
seg+pos,"(3.0, 20.0, 0.7, 0.6)",0.7100725769996643,0.08342742919921875,0.06140708923339844,0
seg+pos,"(3.0, 20.0, 0.7, 0.6)",0.7149573862552643,0.09863853454589844,0.17853379249572754,0
seg+pos,"(3.0, 20.0, 0.7, 0.6)",0.7114316821098328,0.06115317344665527,0.030145883560180664,0
seg+pos,"(3.0, 20.0, 0.7, 0.6)",0.7277610898017883,0.17638397216796875,0.03282356262207031,0
seg+pos,"(3.0, 20.0, 0.7, 0.6)",0.6884791851043701,0.08797454833984375,0.039444684982299805,0
seg+pos,"(3.0, 20.0, 0.7, 0.6)",0.6450316607952118,0.133864164352417,0.1144559383392334,0
seg+pos,"(3.0, 20.0, 0.7, 0.6)",0.6897943615913391,0.11269378662109375,0.02357316017150879,0
seg+pos,"(3.0, 20.0, 0.7, 0.6)",0.7150762677192688,0.06854534149169922,0.08597493171691895,0
seg+pos,"(3.0, 20.0, 0.7, 0.6)",0.6734052002429962,0.0725470781326294,0.01780557632446289,0
seg+pos,"(3.0, 20.0, 0.7, 0.6)",0.6914343535900116,0.06059622764587402,0.057450294494628906,0
seg+pos,"(3.0, 20.0, 0.7, 0.6)",0.7820340096950531,0.2075728178024292,0.027218103408813477,0
seg+pos,"(3.0, 20.0, 0.7, 0.6)",0.6872785091400146,0.10342252254486084,0.046065568923950195,0
seg+pos,"(3.0, 20.0, 0.7, 0.6)",0.65053591132164,0.08282327651977539,0.09158194065093994,0
seg+pos,"(3.0, 20.0, 0.7, 0.6)",0.6643931567668915,0.06516587734222412,0.03973388671875,0
seg+pos,"(3.0, 20.0, 0.7, -0.3)",0.7498424351215363,0.11252152919769287,0.20165443420410156,0
seg+pos,"(3.0, 20.0, 0.7, -0.3)",0.7310148477554321,0.13553917407989502,0.256009578704834,0
seg+pos,"(3.0, 20.0, 0.7, -0.3)",0.6958268880844116,0.12858808040618896,0.23859047889709473,0
seg+pos,"(3.0, 20.0, 0.7, -0.3)",0.6845405101776123,0.11743772029876709,0.14956235885620117,0
seg+pos,"(3.0, 20.0, 0.7, -0.3)",0.7566384673118591,0.08002865314483643,0.1923065185546875,0
seg+pos,"(3.0, 20.0, 0.7, -0.3)",0.6987887024879456,0.13989794254302979,0.1748971939086914,0
seg+pos,"(3.0, 20.0, 0.7, -0.3)",0.6616178154945374,0.05441844463348389,0.07970190048217773,0
seg+pos,"(3.0, 20.0, 0.7, -0.3)",0.762337863445282,0.14772987365722656,0.3070540428161621,0
seg+pos,"(3.0, 20.0, 0.7, -0.3)",0.6808609068393707,0.14382290840148926,0.23511171340942383,0
seg+pos,"(3.0, 20.0, 0.7, -0.3)",0.7201448082923889,0.08583855628967285,0.11121654510498047,0
seg+pos,"(3.0, 20.0, 0.7, -0.3)",0.6478520333766937,0.07434535026550293,0.21116304397583008,0
seg+pos,"(3.0, 20.0, 0.7, -0.3)",0.675731360912323,0.07557272911071777,0.12414836883544922,0
seg+pos,"(3.0, 20.0, 0.7, -0.3)",0.688099592924118,0.05660271644592285,0.03969526290893555,0
seg+pos,"(3.0, 20.0, 0.7, -0.3)",0.6913803815841675,0.0785597562789917,0.10720252990722656,0
seg+pos,"(3.0, 20.0, 0.7, -0.3)",0.7141876220703125,0.09958553314208984,0.23052620887756348,0
seg+pos,"(1.5, 8.0, 0.3, 0.0)",0.8174103796482086,0.3484278917312622,0.43250584602355957,1
seg+pos,"(1.5, 8.0, 0.3, 0.0)",0.8015435039997101,0.38778436183929443,0.6064023971557617,1
seg+pos,"(1.5, 8.0, 0.3, 0.0)",0.8207567930221558,0.3657665252685547,0.5028871297836304,1
seg+pos,"(1.5, 8.0, 0.3, 0.0)",0.8392340540885925,0.3719246983528137,0.5015709400177002,1
seg+pos,"(1.5, 8.0, 0.3, 0.0)",0.8176862001419067,0.39754796028137207,0.6355917453765869,1
seg+pos,"(1.5, 8.0, 0.3, 0.0)",0.8156095445156097,0.3898427486419678,0.5391254425048828,1
seg+pos,"(1.5, 8.0, 0.3, 0.0)",0.796857625246048,0.37369728088378906,0.5095694065093994,1
seg+pos,"(1.5, 8.0, 0.3, 0.0)",0.8556870818138123,0.4181639552116394,0.665565013885498,1
seg+pos,"(1.5, 8.0, 0.3, 0.0)",0.8301737606525421,0.3514927625656128,0.5437220335006714,1
seg+pos,"(1.5, 8.0, 0.3, 0.0)",0.816659152507782,0.3331224322319031,0.4776618480682373,1
seg+pos,"(1.5, 8.0, 0.3, 0.0)",0.8292536437511444,0.3515494465827942,0.4076725244522095,1
seg+pos,"(1.5, 8.0, 0.3, 0.0)",0.8216195404529572,0.3602336049079895,0.4932394027709961,1
seg+pos,"(1.5, 8.0, 0.3, 0.0)",0.8678353130817413,0.4329901933670044,0.5512768030166626,1
seg+pos,"(1.5, 8.0, 0.3, 0.0)",0.792244017124176,0.3482598662376404,0.5413093566894531,1
seg+pos,"(1.5, 8.0, 0.3, 0.0)",0.7961474657058716,0.4286259412765503,0.5546747446060181,1
seg+pos,"(1.5, 8.0, 0.3, 0.3)",0.8173341155052185,0.3713427186012268,0.41383445262908936,1
seg+pos,"(1.5, 8.0, 0.3, 0.3)",0.8457317352294922,0.40906113386154175,0.5977542400360107,1
seg+pos,"(1.5, 8.0, 0.3, 0.3)",0.820631593465805,0.3752879202365875,0.43583154678344727,1
seg+pos,"(1.5, 8.0, 0.3, 0.3)",0.8556136786937714,0.37793147563934326,0.4084528684616089,1
seg+pos,"(1.5, 8.0, 0.3, 0.3)",0.8306893110275269,0.392963707447052,0.46797633171081543,1
seg+pos,"(1.5, 8.0, 0.3, 0.3)",0.8187873065471649,0.3697061538696289,0.4520115852355957,1
seg+pos,"(1.5, 8.0, 0.3, 0.3)",0.7986854612827301,0.40975964069366455,0.4276190996170044,1
seg+pos,"(1.5, 8.0, 0.3, 0.3)",0.8365341424942017,0.4405902028083801,0.6099643707275391,1
seg+pos,"(1.5, 8.0, 0.3, 0.3)",0.7868760228157043,0.40886297821998596,0.45671534538269043,1
seg+pos,"(1.5, 8.0, 0.3, 0.3)",0.8401244878768921,0.39454931020736694,0.4217590093612671,1
seg+pos,"(1.5, 8.0, 0.3, 0.3)",0.8275206089019775,0.4039459228515625,0.3850834369659424,1
seg+pos,"(1.5, 8.0, 0.3, 0.3)",0.9068664312362671,0.4287027418613434,0.3814122676849365,1
seg+pos,"(1.5, 8.0, 0.3, 0.3)",0.8213582038879395,0.3699991703033447,0.3378030061721802,1
seg+pos,"(1.5, 8.0, 0.3, 0.3)",0.8330913484096527,0.43656766414642334,0.5627647638320923,1
seg+pos,"(1.5, 8.0, 0.3, 0.3)",0.8215411901473999,0.382673442363739,0.4675992727279663,1
seg+pos,"(1.5, 8.0, 0.3, 0.6)",0.8132964968681335,0.4186583161354065,0.3231525421142578,1
seg+pos,"(1.5, 8.0, 0.3, 0.6)",0.8249703645706177,0.39328986406326294,0.23324406147003174,1
seg+pos,"(1.5, 8.0, 0.3, 0.6)",0.8386380970478058,0.4123495817184448,0.2267059087753296,1
seg+pos,"(1.5, 8.0, 0.3, 0.6)",0.7937201261520386,0.3832215368747711,0.2301642894744873,1
seg+pos,"(1.5, 8.0, 0.3, 0.6)",0.822612076997757,0.42591428756713867,0.42202186584472656,1
seg+pos,"(1.5, 8.0, 0.3, 0.6)",0.7973978519439697,0.31858301162719727,0.178114652633667,1
seg+pos,"(1.5, 8.0, 0.3, 0.6)",0.8341670632362366,0.42830467224121094,0.25136446952819824,1
seg+pos,"(1.5, 8.0, 0.3, 0.6)",0.8275123238563538,0.3112165927886963,0.21979033946990967,1
seg+pos,"(1.5, 8.0, 0.3, 0.6)",0.8097248077392578,0.4667164385318756,0.24084925651550293,1
seg+pos,"(1.5, 8.0, 0.3, 0.6)",0.8573484420776367,0.42536723613739014,0.2773261070251465,1
seg+pos,"(1.5, 8.0, 0.3, 0.6)",0.7919567227363586,0.36769068241119385,0.28823184967041016,1
seg+pos,"(1.5, 8.0, 0.3, 0.6)",0.8501409888267517,0.4766915440559387,0.36852943897247314,1
seg+pos,"(1.5, 8.0, 0.3, 0.6)",0.8371800482273102,0.37238043546676636,0.2683511972427368,1
seg+pos,"(1.5, 8.0, 0.3, 0.6)",0.8590109348297119,0.3182893395423889,0.22068548202514648,1
seg+pos,"(1.5, 8.0, 0.3, 0.6)",0.8313896358013153,0.46882766485214233,0.35176336765289307,1
seg+pos,"(1.5, 8.0, 0.3, -0.3)",0.8067764639854431,0.3891984522342682,0.699042558670044,1
seg+pos,"(1.5, 8.0, 0.3, -0.3)",0.8240273892879486,0.41069459915161133,0.5991698503494263,1
seg+pos,"(1.5, 8.0, 0.3, -0.3)",0.8097887635231018,0.34229493141174316,0.5743962526321411,1
seg+pos,"(1.5, 8.0, 0.3, -0.3)",0.8487370908260345,0.4370110332965851,0.6945255994796753,1
seg+pos,"(1.5, 8.0, 0.3, -0.3)",0.845559149980545,0.3855615258216858,0.6539276838302612,1
seg+pos,"(1.5, 8.0, 0.3, -0.3)",0.8218320906162262,0.4497637152671814,0.713869571685791,1
seg+pos,"(1.5, 8.0, 0.3, -0.3)",0.8105192184448242,0.313940167427063,0.6128349304199219,1
seg+pos,"(1.5, 8.0, 0.3, -0.3)",0.8152289688587189,0.4088872969150543,0.7178267240524292,1
seg+pos,"(1.5, 8.0, 0.3, -0.3)",0.8515084385871887,0.3640727996826172,0.6032307147979736,1
seg+pos,"(1.5, 8.0, 0.3, -0.3)",0.8417896628379822,0.39550817012786865,0.6576206684112549,1
seg+pos,"(1.5, 8.0, 0.3, -0.3)",0.8146156072616577,0.3868441581726074,0.6132287979125977,1
seg+pos,"(1.5, 8.0, 0.3, -0.3)",0.8497650027275085,0.36743712425231934,0.6055161952972412,1
seg+pos,"(1.5, 8.0, 0.3, -0.3)",0.7867372930049896,0.3629927635192871,0.6064728498458862,1
seg+pos,"(1.5, 8.0, 0.3, -0.3)",0.8765457570552826,0.4134027361869812,0.6389518976211548,1
seg+pos,"(1.5, 8.0, 0.3, -0.3)",0.8016271591186523,0.34800201654434204,0.5722379684448242,1
seg+pos,"(1.5, 8.0, 0.7, 0.0)",0.5955781936645508,0.2056412696838379,0.3301963806152344,1
seg+pos,"(1.5, 8.0, 0.7, 0.0)",0.6123645901679993,0.17249029874801636,0.338071346282959,1
seg+pos,"(1.5, 8.0, 0.7, 0.0)",0.5716296434402466,0.20467764139175415,0.37289535999298096,1
seg+pos,"(1.5, 8.0, 0.7, 0.0)",0.6350429654121399,0.21715551614761353,0.3453989028930664,1
seg+pos,"(1.5, 8.0, 0.7, 0.0)",0.6338898241519928,0.1662192940711975,0.17926239967346191,1
seg+pos,"(1.5, 8.0, 0.7, 0.0)",0.6318469345569611,0.19516849517822266,0.266369104385376,1
seg+pos,"(1.5, 8.0, 0.7, 0.0)",0.5911238789558411,0.20409512519836426,0.3465917110443115,1
seg+pos,"(1.5, 8.0, 0.7, 0.0)",0.624809205532074,0.19067871570587158,0.27951979637145996,1
seg+pos,"(1.5, 8.0, 0.7, 0.0)",0.5944876372814178,0.19041627645492554,0.35524892807006836,1
seg+pos,"(1.5, 8.0, 0.7, 0.0)",0.647798091173172,0.26025813817977905,0.31599390506744385,1
seg+pos,"(1.5, 8.0, 0.7, 0.0)",0.6329836249351501,0.16086024045944214,0.24713850021362305,1
seg+pos,"(1.5, 8.0, 0.7, 0.0)",0.6448115110397339,0.17347049713134766,0.23101043701171875,1
seg+pos,"(1.5, 8.0, 0.7, 0.0)",0.667931854724884,0.19209891557693481,0.1856447458267212,1
seg+pos,"(1.5, 8.0, 0.7, 0.0)",0.6290161311626434,0.24702471494674683,0.26508522033691406,1
seg+pos,"(1.5, 8.0, 0.7, 0.0)",0.6404501795768738,0.18351566791534424,0.3328232765197754,1
seg+pos,"(1.5, 8.0, 0.7, 0.3)",0.6143638491630554,0.15876227617263794,0.2353595495223999,1
seg+pos,"(1.5, 8.0, 0.7, 0.3)",0.6272086203098297,0.2053900957107544,0.18808984756469727,1
seg+pos,"(1.5, 8.0, 0.7, 0.3)",0.6465364694595337,0.11784875392913818,0.016375422477722168,1
seg+pos,"(1.5, 8.0, 0.7, 0.3)",0.6596032977104187,0.2942315340042114,0.26127052307128906,1
seg+pos,"(1.5, 8.0, 0.7, 0.3)",0.5819281041622162,0.17669105529785156,0.17683684825897217,1
seg+pos,"(1.5, 8.0, 0.7, 0.3)",0.5851524472236633,0.1723034381866455,0.16965651512145996,1
seg+pos,"(1.5, 8.0, 0.7, 0.3)",0.6013498604297638,0.21064317226409912,0.19498467445373535,1
seg+pos,"(1.5, 8.0, 0.7, 0.3)",0.645336925983429,0.24146157503128052,0.17665481567382812,1
seg+pos,"(1.5, 8.0, 0.7, 0.3)",0.5621552765369415,0.1512089967727661,0.1431419849395752,1
seg+pos,"(1.5, 8.0, 0.7, 0.3)",0.628809243440628,0.22326970100402832,0.14894700050354004,1
seg+pos,"(1.5, 8.0, 0.7, 0.3)",0.6336567103862762,0.15422731637954712,0.14608359336853027,1
seg+pos,"(1.5, 8.0, 0.7, 0.3)",0.6062433123588562,0.2113269567489624,0.2611069679260254,1
seg+pos,"(1.5, 8.0, 0.7, 0.3)",0.5904255509376526,0.17506009340286255,0.2597470283508301,1
seg+pos,"(1.5, 8.0, 0.7, 0.3)",0.5746259987354279,0.1986178755760193,0.3326762914657593,1
seg+pos,"(1.5, 8.0, 0.7, 0.3)",0.5627351403236389,0.16309994459152222,0.27458369731903076,1
seg+pos,"(1.5, 8.0, 0.7, 0.6)",0.6231181621551514,0.1868346929550171,0.05058693885803223,1
seg+pos,"(1.5, 8.0, 0.7, 0.6)",0.6326213479042053,0.23593473434448242,0.009767651557922363,1
seg+pos,"(1.5, 8.0, 0.7, 0.6)",0.6640272736549377,0.15386611223220825,0.0575028657913208,1
seg+pos,"(1.5, 8.0, 0.7, 0.6)",0.6208718717098236,0.2094794511795044,0.17248225212097168,1
seg+pos,"(1.5, 8.0, 0.7, 0.6)",0.661737322807312,0.2323504090309143,0.04573321342468262,1
seg+pos,"(1.5, 8.0, 0.7, 0.6)",0.6085883975028992,0.16265344619750977,0.13394522666931152,1
seg+pos,"(1.5, 8.0, 0.7, 0.6)",0.6410757303237915,0.21010422706604004,0.06492042541503906,1
seg+pos,"(1.5, 8.0, 0.7, 0.6)",0.656417727470398,0.2874201536178589,0.1570366621017456,1
seg+pos,"(1.5, 8.0, 0.7, 0.6)",0.6142787933349609,0.2038135528564453,0.14979708194732666,1
seg+pos,"(1.5, 8.0, 0.7, 0.6)",0.6548872590065002,0.21055102348327637,0.0026721954345703125,1
seg+pos,"(1.5, 8.0, 0.7, 0.6)",0.6369096338748932,0.22299569845199585,0.05104172229766846,1
seg+pos,"(1.5, 8.0, 0.7, 0.6)",0.6307644248008728,0.1639561653137207,0.16190588474273682,1
seg+pos,"(1.5, 8.0, 0.7, 0.6)",0.6127753257751465,0.16575586795806885,0.09826767444610596,1
seg+pos,"(1.5, 8.0, 0.7, 0.6)",0.5876276195049286,0.14913487434387207,0.09408366680145264,1
seg+pos,"(1.5, 8.0, 0.7, 0.6)",0.6094169616699219,0.16667068004608154,0.024540185928344727,1
seg+pos,"(1.5, 8.0, 0.7, -0.3)",0.6496986150741577,0.2382710576057434,0.46399450302124023,1
seg+pos,"(1.5, 8.0, 0.7, -0.3)",0.6136458814144135,0.219432532787323,0.3916628360748291,1
seg+pos,"(1.5, 8.0, 0.7, -0.3)",0.5883795320987701,0.16047930717468262,0.3134737014770508,1
seg+pos,"(1.5, 8.0, 0.7, -0.3)",0.5879980623722076,0.2114771008491516,0.3428823947906494,1
seg+pos,"(1.5, 8.0, 0.7, -0.3)",0.6332163512706757,0.23742669820785522,0.4040834903717041,1
seg+pos,"(1.5, 8.0, 0.7, -0.3)",0.6503268182277679,0.21374106407165527,0.3952453136444092,1
seg+pos,"(1.5, 8.0, 0.7, -0.3)",0.5709076821804047,0.19488459825515747,0.23562359809875488,1
seg+pos,"(1.5, 8.0, 0.7, -0.3)",0.6137512624263763,0.2044428586959839,0.39099621772766113,1
seg+pos,"(1.5, 8.0, 0.7, -0.3)",0.5984177589416504,0.12827932834625244,0.1507558822631836,1
seg+pos,"(1.5, 8.0, 0.7, -0.3)",0.5693114399909973,0.18918681144714355,0.34967660903930664,1
seg+pos,"(1.5, 8.0, 0.7, -0.3)",0.6086376011371613,0.17711126804351807,0.28881144523620605,1
seg+pos,"(1.5, 8.0, 0.7, -0.3)",0.6530781686306,0.1824204921722412,0.28064441680908203,1
seg+pos,"(1.5, 8.0, 0.7, -0.3)",0.5927371978759766,0.17910337448120117,0.3614131212234497,1
seg+pos,"(1.5, 8.0, 0.7, -0.3)",0.6354362368583679,0.17410773038864136,0.30940043926239014,1
seg+pos,"(1.5, 8.0, 0.7, -0.3)",0.5807397961616516,0.17779755592346191,0.27933263778686523,1
seg+pos,"(1.5, 20.0, 0.3, 0.0)",0.6720635890960693,0.25211137533187866,0.3629915714263916,1
seg+pos,"(1.5, 20.0, 0.3, 0.0)",0.6937459409236908,0.2438245415687561,0.3547811508178711,1
seg+pos,"(1.5, 20.0, 0.3, 0.0)",0.6549476385116577,0.21156954765319824,0.255856990814209,1
seg+pos,"(1.5, 20.0, 0.3, 0.0)",0.6608732044696808,0.22821921110153198,0.3479217290878296,1
seg+pos,"(1.5, 20.0, 0.3, 0.0)",0.7153868079185486,0.2675144672393799,0.3974205255508423,1
seg+pos,"(1.5, 20.0, 0.3, 0.0)",0.6548227667808533,0.1355016827583313,0.14757931232452393,1
seg+pos,"(1.5, 20.0, 0.3, 0.0)",0.6838721930980682,0.2131441831588745,0.28160548210144043,1
seg+pos,"(1.5, 20.0, 0.3, 0.0)",0.6311759948730469,0.21986353397369385,0.24057340621948242,1
seg+pos,"(1.5, 20.0, 0.3, 0.0)",0.6664255261421204,0.26813608407974243,0.34378111362457275,1
seg+pos,"(1.5, 20.0, 0.3, 0.0)",0.6965214610099792,0.21187138557434082,0.30404138565063477,1
seg+pos,"(1.5, 20.0, 0.3, 0.0)",0.7001895904541016,0.1975613832473755,0.247977614402771,1
seg+pos,"(1.5, 20.0, 0.3, 0.0)",0.6825896799564362,0.2491113543510437,0.33698952198028564,1
seg+pos,"(1.5, 20.0, 0.3, 0.0)",0.7170993089675903,0.19634240865707397,0.1689603328704834,1
seg+pos,"(1.5, 20.0, 0.3, 0.0)",0.6568110883235931,0.24353617429733276,0.2625749111175537,1
seg+pos,"(1.5, 20.0, 0.3, 0.0)",0.6736235618591309,0.2037608027458191,0.32595527172088623,1
seg+pos,"(1.5, 20.0, 0.3, 0.3)",0.6820160150527954,0.2884939908981323,0.35111844539642334,1
seg+pos,"(1.5, 20.0, 0.3, 0.3)",0.6860310435295105,0.2517040967941284,0.26430344581604004,1
seg+pos,"(1.5, 20.0, 0.3, 0.3)",0.675552636384964,0.2668929696083069,0.3010072708129883,1
seg+pos,"(1.5, 20.0, 0.3, 0.3)",0.6672458648681641,0.25650203227996826,0.2726529836654663,1
seg+pos,"(1.5, 20.0, 0.3, 0.3)",0.6840852200984955,0.21243906021118164,0.19729828834533691,1
seg+pos,"(1.5, 20.0, 0.3, 0.3)",0.6541102528572083,0.2377491593360901,0.3313624858856201,1
seg+pos,"(1.5, 20.0, 0.3, 0.3)",0.6495669484138489,0.20299893617630005,0.20776867866516113,1
seg+pos,"(1.5, 20.0, 0.3, 0.3)",0.6944130063056946,0.21841371059417725,0.1933833360671997,1
seg+pos,"(1.5, 20.0, 0.3, 0.3)",0.7105133235454559,0.2294444441795349,0.279945969581604,1
seg+pos,"(1.5, 20.0, 0.3, 0.3)",0.7186278402805328,0.23722755908966064,0.30524230003356934,1
seg+pos,"(1.5, 20.0, 0.3, 0.3)",0.7076130509376526,0.2388366460800171,0.2504497766494751,1
seg+pos,"(1.5, 20.0, 0.3, 0.3)",0.7213552594184875,0.15565556287765503,0.1837902069091797,1
seg+pos,"(1.5, 20.0, 0.3, 0.3)",0.6908399760723114,0.18314826488494873,0.18912851810455322,1
seg+pos,"(1.5, 20.0, 0.3, 0.3)",0.6721755862236023,0.17443370819091797,0.30171775817871094,1
seg+pos,"(1.5, 20.0, 0.3, 0.3)",0.707046389579773,0.16664475202560425,0.18646454811096191,1
seg+pos,"(1.5, 20.0, 0.3, 0.6)",0.6796964406967163,0.2644413709640503,0.25609302520751953,1
seg+pos,"(1.5, 20.0, 0.3, 0.6)",0.6796206831932068,0.22491443157196045,0.07059717178344727,1
seg+pos,"(1.5, 20.0, 0.3, 0.6)",0.6701191663742065,0.2636301517486572,0.20465302467346191,1
seg+pos,"(1.5, 20.0, 0.3, 0.6)",0.6771837174892426,0.19079750776290894,0.08571875095367432,1
seg+pos,"(1.5, 20.0, 0.3, 0.6)",0.634652316570282,0.15459060668945312,0.07922482490539551,1
seg+pos,"(1.5, 20.0, 0.3, 0.6)",0.6637810468673706,0.2164524793624878,0.11043596267700195,1
seg+pos,"(1.5, 20.0, 0.3, 0.6)",0.6573504209518433,0.1924709677696228,0.11801576614379883,1
seg+pos,"(1.5, 20.0, 0.3, 0.6)",0.6858182549476624,0.27405887842178345,0.24078357219696045,1
seg+pos,"(1.5, 20.0, 0.3, 0.6)",0.6646090447902679,0.18470197916030884,0.1422332525253296,1
seg+pos,"(1.5, 20.0, 0.3, 0.6)",0.6474645137786865,0.21363967657089233,0.07066714763641357,1
seg+pos,"(1.5, 20.0, 0.3, 0.6)",0.6638306975364685,0.18153917789459229,0.0865936279296875,1
seg+pos,"(1.5, 20.0, 0.3, 0.6)",0.6808784008026123,0.13270848989486694,0.07295715808868408,1
seg+pos,"(1.5, 20.0, 0.3, 0.6)",0.6973907351493835,0.2191290557384491,0.14652478694915771,1
seg+pos,"(1.5, 20.0, 0.3, 0.6)",0.682731032371521,0.2355021834373474,0.2882359027862549,1
seg+pos,"(1.5, 20.0, 0.3, 0.6)",0.6905321180820465,0.2643859386444092,0.11658751964569092,1
seg+pos,"(1.5, 20.0, 0.3, -0.3)",0.6449103951454163,0.18413972854614258,0.35332798957824707,1
seg+pos,"(1.5, 20.0, 0.3, -0.3)",0.6758327782154083,0.2060796618461609,0.30109691619873047,1
seg+pos,"(1.5, 20.0, 0.3, -0.3)",0.6620358824729919,0.13999450206756592,0.2386767864227295,1
seg+pos,"(1.5, 20.0, 0.3, -0.3)",0.6824305057525635,0.2702733278274536,0.4656766653060913,1
seg+pos,"(1.5, 20.0, 0.3, -0.3)",0.6618907153606415,0.2765052318572998,0.5184056758880615,1
seg+pos,"(1.5, 20.0, 0.3, -0.3)",0.6476211845874786,0.17843443155288696,0.3693571090698242,1
seg+pos,"(1.5, 20.0, 0.3, -0.3)",0.6177266240119934,0.1984647512435913,0.338146448135376,1
seg+pos,"(1.5, 20.0, 0.3, -0.3)",0.646332323551178,0.24594968557357788,0.4928927421569824,1
seg+pos,"(1.5, 20.0, 0.3, -0.3)",0.7189034819602966,0.24444079399108887,0.4057176113128662,1
seg+pos,"(1.5, 20.0, 0.3, -0.3)",0.641676664352417,0.10694408416748047,0.24026966094970703,1
seg+pos,"(1.5, 20.0, 0.3, -0.3)",0.7404476702213287,0.1644412875175476,0.34217000007629395,1
seg+pos,"(1.5, 20.0, 0.3, -0.3)",0.6933694779872894,0.22245532274246216,0.3238945007324219,1
seg+pos,"(1.5, 20.0, 0.3, -0.3)",0.7415955066680908,0.2655317783355713,0.4181349277496338,1
seg+pos,"(1.5, 20.0, 0.3, -0.3)",0.668906569480896,0.20211243629455566,0.33571720123291016,1
seg+pos,"(1.5, 20.0, 0.3, -0.3)",0.7193579375743866,0.19549906253814697,0.3665931224822998,1
seg+pos,"(1.5, 20.0, 0.7, 0.0)",0.46701015532016754,0.08364307880401611,0.11697220802307129,1
seg+pos,"(1.5, 20.0, 0.7, 0.0)",0.4371221959590912,0.01801961660385132,0.07783865928649902,1
seg+pos,"(1.5, 20.0, 0.7, 0.0)",0.41694606840610504,0.03462231159210205,0.032529354095458984,1
seg+pos,"(1.5, 20.0, 0.7, 0.0)",0.47065213322639465,0.027432918548583984,0.053811073303222656,1
seg+pos,"(1.5, 20.0, 0.7, 0.0)",0.4504763185977936,0.0431063175201416,0.009455323219299316,1
seg+pos,"(1.5, 20.0, 0.7, 0.0)",0.4344152510166168,0.023777902126312256,0.02279055118560791,1
seg+pos,"(1.5, 20.0, 0.7, 0.0)",0.4369317442178726,0.0539395809173584,0.07327878475189209,1
seg+pos,"(1.5, 20.0, 0.7, 0.0)",0.46454504132270813,0.08824074268341064,0.006135702133178711,1
seg+pos,"(1.5, 20.0, 0.7, 0.0)",0.44939789175987244,0.10620272159576416,0.05657148361206055,1
seg+pos,"(1.5, 20.0, 0.7, 0.0)",0.42727212607860565,0.02313077449798584,0.03547358512878418,1
seg+pos,"(1.5, 20.0, 0.7, 0.0)",0.41500961780548096,0.05158817768096924,0.0425264835357666,1
seg+pos,"(1.5, 20.0, 0.7, 0.0)",0.42552776634693146,0.009681403636932373,0.004249095916748047,1
seg+pos,"(1.5, 20.0, 0.7, 0.0)",0.48350512981414795,0.049996912479400635,0.009422063827514648,1
seg+pos,"(1.5, 20.0, 0.7, 0.0)",0.4404023587703705,0.05095857381820679,0.015864133834838867,1
seg+pos,"(1.5, 20.0, 0.7, 0.0)",0.4499879479408264,0.04880648851394653,0.04733633995056152,1
seg+pos,"(1.5, 20.0, 0.7, 0.3)",0.4504357576370239,0.0543440580368042,0.07570195198059082,1
seg+pos,"(1.5, 20.0, 0.7, 0.3)",0.4377884715795517,0.05623072385787964,0.05959904193878174,1
seg+pos,"(1.5, 20.0, 0.7, 0.3)",0.4681027978658676,0.035683393478393555,0.10333800315856934,1
seg+pos,"(1.5, 20.0, 0.7, 0.3)",0.4503922760486603,0.046739161014556885,0.04741811752319336,1
seg+pos,"(1.5, 20.0, 0.7, 0.3)",0.41653019189834595,0.036803364753723145,0.037172555923461914,1
seg+pos,"(1.5, 20.0, 0.7, 0.3)",0.43564777076244354,0.08874505758285522,0.022978901863098145,1
seg+pos,"(1.5, 20.0, 0.7, 0.3)",0.4980037808418274,0.08388268947601318,0.08709001541137695,1
seg+pos,"(1.5, 20.0, 0.7, 0.3)",0.43860873579978943,0.06033581495285034,0.0996403694152832,1
seg+pos,"(1.5, 20.0, 0.7, 0.3)",0.471333384513855,0.07095247507095337,0.02012324333190918,1
seg+pos,"(1.5, 20.0, 0.7, 0.3)",0.40323227643966675,0.016423404216766357,0.04870271682739258,1
seg+pos,"(1.5, 20.0, 0.7, 0.3)",0.45376770198345184,0.050353288650512695,0.04784083366394043,1
seg+pos,"(1.5, 20.0, 0.7, 0.3)",0.4497505724430084,0.0821913480758667,0.025466322898864746,1
seg+pos,"(1.5, 20.0, 0.7, 0.3)",0.42959651350975037,0.042259156703948975,0.03095090389251709,1
seg+pos,"(1.5, 20.0, 0.7, 0.3)",0.4952550232410431,0.014173924922943115,0.01631462574005127,1
seg+pos,"(1.5, 20.0, 0.7, 0.3)",0.40647345781326294,0.05388075113296509,0.02632737159729004,1
seg+pos,"(1.5, 20.0, 0.7, 0.6)",0.4213656634092331,0.05351191759109497,0.009642720222473145,1
seg+pos,"(1.5, 20.0, 0.7, 0.6)",0.46228206157684326,0.05492657423019409,0.02314770221710205,1
seg+pos,"(1.5, 20.0, 0.7, 0.6)",0.46631719172000885,0.0070133209228515625,0.03452003002166748,1
seg+pos,"(1.5, 20.0, 0.7, 0.6)",0.5026665776968002,0.05686706304550171,0.032358765602111816,1
seg+pos,"(1.5, 20.0, 0.7, 0.6)",0.4732603132724762,0.04360431432723999,0.057326436042785645,1
seg+pos,"(1.5, 20.0, 0.7, 0.6)",0.43305128812789917,0.03127342462539673,0.0569072961807251,1
seg+pos,"(1.5, 20.0, 0.7, 0.6)",0.45569486916065216,0.03346371650695801,0.06540882587432861,1
seg+pos,"(1.5, 20.0, 0.7, 0.6)",0.4278039187192917,0.07396501302719116,0.0738753080368042,1
seg+pos,"(1.5, 20.0, 0.7, 0.6)",0.4674299955368042,0.04329550266265869,0.022971630096435547,1
seg+pos,"(1.5, 20.0, 0.7, 0.6)",0.43619145452976227,0.06672722101211548,0.029846549034118652,1
seg+pos,"(1.5, 20.0, 0.7, 0.6)",0.4243643283843994,0.04801368713378906,0.022704720497131348,1
seg+pos,"(1.5, 20.0, 0.7, 0.6)",0.4597712457180023,0.07829350233078003,0.04183673858642578,1
seg+pos,"(1.5, 20.0, 0.7, 0.6)",0.45799390971660614,0.057583749294281006,0.061957478523254395,1
seg+pos,"(1.5, 20.0, 0.7, 0.6)",0.4739602506160736,0.045773983001708984,0.09140264987945557,1
seg+pos,"(1.5, 20.0, 0.7, 0.6)",0.46867021918296814,0.023782789707183838,0.01859116554260254,1
seg+pos,"(1.5, 20.0, 0.7, -0.3)",0.46010883152484894,0.11843931674957275,0.025745630264282227,1
seg+pos,"(1.5, 20.0, 0.7, -0.3)",0.48116233944892883,0.07793378829956055,0.10510468482971191,1
seg+pos,"(1.5, 20.0, 0.7, -0.3)",0.47976499795913696,0.04363369941711426,0.055938005447387695,1
seg+pos,"(1.5, 20.0, 0.7, -0.3)",0.452821746468544,0.03756070137023926,0.09989619255065918,1
seg+pos,"(1.5, 20.0, 0.7, -0.3)",0.4588959962129593,0.049041807651519775,0.07184314727783203,1
seg+pos,"(1.5, 20.0, 0.7, -0.3)",0.4468294084072113,0.05245715379714966,0.08317208290100098,1
seg+pos,"(1.5, 20.0, 0.7, -0.3)",0.4905044436454773,0.09869581460952759,0.1958911418914795,1
seg+pos,"(1.5, 20.0, 0.7, -0.3)",0.4286964237689972,0.029287099838256836,0.031041383743286133,1
seg+pos,"(1.5, 20.0, 0.7, -0.3)",0.4576165974140167,0.02864152193069458,0.020055770874023438,1
seg+pos,"(1.5, 20.0, 0.7, -0.3)",0.4251014292240143,0.019430816173553467,0.07365536689758301,1
seg+pos,"(1.5, 20.0, 0.7, -0.3)",0.4604158401489258,0.02356564998626709,0.004276275634765625,1
seg+pos,"(1.5, 20.0, 0.7, -0.3)",0.45270366966724396,0.055884599685668945,0.1108771562576294,1
seg+pos,"(1.5, 20.0, 0.7, -0.3)",0.4366607367992401,0.05247074365615845,0.11078643798828125,1
seg+pos,"(1.5, 20.0, 0.7, -0.3)",0.4728803336620331,0.07605469226837158,0.2602177858352661,1
seg+pos,"(1.5, 20.0, 0.7, -0.3)",0.47154416143894196,0.011893391609191895,0.014000654220581055,1
seg+pos,"(3.0, 8.0, 0.3, 0.0)",1.5885552167892456,0.7781383991241455,0.9568901062011719,1
seg+pos,"(3.0, 8.0, 0.3, 0.0)",1.537654995918274,0.7823445796966553,1.0273702144622803,1
seg+pos,"(3.0, 8.0, 0.3, 0.0)",1.5179955959320068,0.6688870191574097,1.063584566116333,1
seg+pos,"(3.0, 8.0, 0.3, 0.0)",1.5438705086708069,0.7597699165344238,1.0352177619934082,1
seg+pos,"(3.0, 8.0, 0.3, 0.0)",1.52533620595932,0.7187595367431641,1.015491008758545,1
seg+pos,"(3.0, 8.0, 0.3, 0.0)",1.5144704580307007,0.738620400428772,1.0750925540924072,1
seg+pos,"(3.0, 8.0, 0.3, 0.0)",1.5727343559265137,0.7275508642196655,1.143397331237793,1
seg+pos,"(3.0, 8.0, 0.3, 0.0)",1.5339919924736023,0.7224370241165161,0.8411922454833984,1
seg+pos,"(3.0, 8.0, 0.3, 0.0)",1.5204517245292664,0.7339351177215576,1.1746327877044678,1
seg+pos,"(3.0, 8.0, 0.3, 0.0)",1.5331932306289673,0.7697223424911499,1.2292306423187256,1
seg+pos,"(3.0, 8.0, 0.3, 0.0)",1.573428452014923,0.8018206357955933,1.1649353504180908,1
seg+pos,"(3.0, 8.0, 0.3, 0.0)",1.559948205947876,0.7187881469726562,1.016918659210205,1
seg+pos,"(3.0, 8.0, 0.3, 0.0)",1.5276545882225037,0.7565768957138062,1.1065342426300049,1
seg+pos,"(3.0, 8.0, 0.3, 0.0)",1.5699298977851868,0.7565525770187378,1.1040434837341309,1
seg+pos,"(3.0, 8.0, 0.3, 0.0)",1.5488518476486206,0.6944758892059326,0.9474823474884033,1
seg+pos,"(3.0, 8.0, 0.3, 0.3)",1.561924934387207,0.8987431526184082,0.7729818820953369,1
seg+pos,"(3.0, 8.0, 0.3, 0.3)",1.56917804479599,0.7967429161071777,0.5959796905517578,1
seg+pos,"(3.0, 8.0, 0.3, 0.3)",1.477890133857727,0.7476351261138916,0.9274470806121826,1
seg+pos,"(3.0, 8.0, 0.3, 0.3)",1.5515873432159424,0.8237932920455933,0.8257982730865479,1
seg+pos,"(3.0, 8.0, 0.3, 0.3)",1.5512492060661316,0.8726104497909546,1.0974647998809814,1
seg+pos,"(3.0, 8.0, 0.3, 0.3)",1.5723565816879272,0.7963831424713135,0.8749735355377197,1
seg+pos,"(3.0, 8.0, 0.3, 0.3)",1.4986730813980103,0.7778673768043518,0.8099143505096436,1
seg+pos,"(3.0, 8.0, 0.3, 0.3)",1.5464972257614136,0.70662522315979,0.6788029670715332,1
seg+pos,"(3.0, 8.0, 0.3, 0.3)",1.4850701093673706,0.5828977823257446,0.5988235473632812,1
seg+pos,"(3.0, 8.0, 0.3, 0.3)",1.5248077511787415,0.7639511823654175,0.7783215045928955,1
seg+pos,"(3.0, 8.0, 0.3, 0.3)",1.5201427936553955,0.7260500192642212,0.9368472099304199,1
seg+pos,"(3.0, 8.0, 0.3, 0.3)",1.54343980550766,0.8185986280441284,0.9142584800720215,1
seg+pos,"(3.0, 8.0, 0.3, 0.3)",1.4631087183952332,0.6171281337738037,0.9400429725646973,1
seg+pos,"(3.0, 8.0, 0.3, 0.3)",1.555678367614746,0.8394759893417358,0.8203184604644775,1
seg+pos,"(3.0, 8.0, 0.3, 0.3)",1.5675675868988037,0.6944992542266846,0.9140548706054688,1
seg+pos,"(3.0, 8.0, 0.3, 0.6)",1.5543628931045532,0.7824749946594238,0.6961514949798584,1
seg+pos,"(3.0, 8.0, 0.3, 0.6)",1.5693484544754028,0.8000106811523438,0.628446102142334,1
seg+pos,"(3.0, 8.0, 0.3, 0.6)",1.5005556344985962,0.7403737306594849,0.735675573348999,1
seg+pos,"(3.0, 8.0, 0.3, 0.6)",1.6344237327575684,0.9006661176681519,0.7500615119934082,1
seg+pos,"(3.0, 8.0, 0.3, 0.6)",1.5172275304794312,0.647230863571167,0.6452360153198242,1
seg+pos,"(3.0, 8.0, 0.3, 0.6)",1.47636079788208,0.7490427494049072,0.6869953870773315,1
seg+pos,"(3.0, 8.0, 0.3, 0.6)",1.5552772879600525,0.753028154373169,0.6196284294128418,1
seg+pos,"(3.0, 8.0, 0.3, 0.6)",1.5867568850517273,0.9369361996650696,0.7212870121002197,1
seg+pos,"(3.0, 8.0, 0.3, 0.6)",1.4992984533309937,0.7911113500595093,0.765905499458313,1
seg+pos,"(3.0, 8.0, 0.3, 0.6)",1.5302490592002869,0.8014206886291504,0.6144881248474121,1
seg+pos,"(3.0, 8.0, 0.3, 0.6)",1.5050100088119507,0.6487364768981934,0.5663464069366455,1
seg+pos,"(3.0, 8.0, 0.3, 0.6)",1.5373321771621704,0.7736899852752686,0.6104545593261719,1
seg+pos,"(3.0, 8.0, 0.3, 0.6)",1.5792200565338135,0.7464936375617981,0.579636812210083,1
seg+pos,"(3.0, 8.0, 0.3, 0.6)",1.5469493865966797,0.8838435411453247,0.6999746561050415,1
seg+pos,"(3.0, 8.0, 0.3, 0.6)",1.5212932229042053,0.7242217063903809,0.5359368324279785,1
seg+pos,"(3.0, 8.0, 0.3, -0.3)",1.5466234683990479,0.7970871329307556,1.3744633197784424,1
seg+pos,"(3.0, 8.0, 0.3, -0.3)",1.543177843093872,0.8472629189491272,1.5819365978240967,1
seg+pos,"(3.0, 8.0, 0.3, -0.3)",1.5458101630210876,0.7455518245697021,1.3048369884490967,1
seg+pos,"(3.0, 8.0, 0.3, -0.3)",1.4977082014083862,0.7340565919876099,1.2439067363739014,1
seg+pos,"(3.0, 8.0, 0.3, -0.3)",1.5389675498008728,0.744091272354126,1.2397816181182861,1
seg+pos,"(3.0, 8.0, 0.3, -0.3)",1.604378342628479,0.79273521900177,1.296433448791504,1
seg+pos,"(3.0, 8.0, 0.3, -0.3)",1.564988374710083,0.8071252107620239,1.3414103984832764,1
seg+pos,"(3.0, 8.0, 0.3, -0.3)",1.5688170790672302,0.8912025690078735,1.5969491004943848,1
seg+pos,"(3.0, 8.0, 0.3, -0.3)",1.4895597100257874,0.7670290470123291,1.1136841773986816,1
seg+pos,"(3.0, 8.0, 0.3, -0.3)",1.5853108763694763,0.8779747486114502,1.302295446395874,1
seg+pos,"(3.0, 8.0, 0.3, -0.3)",1.5339751243591309,0.7167446613311768,1.1740508079528809,1
seg+pos,"(3.0, 8.0, 0.3, -0.3)",1.540453851222992,0.7569009065628052,1.1066045761108398,1
seg+pos,"(3.0, 8.0, 0.3, -0.3)",1.5287393927574158,0.7852896451950073,1.3042387962341309,1
seg+pos,"(3.0, 8.0, 0.3, -0.3)",1.5680286884307861,0.6602834463119507,1.0704364776611328,1
seg+pos,"(3.0, 8.0, 0.3, -0.3)",1.553835153579712,0.8271335363388062,1.3972835540771484,1
seg+pos,"(3.0, 8.0, 0.7, 0.0)",1.110338032245636,0.3642275333404541,0.5560460090637207,1
seg+pos,"(3.0, 8.0, 0.7, 0.0)",1.1083096265792847,0.3859444856643677,0.6072649955749512,1
seg+pos,"(3.0, 8.0, 0.7, 0.0)",1.1040222644805908,0.3179764747619629,0.2718210220336914,1
seg+pos,"(3.0, 8.0, 0.7, 0.0)",1.112302303314209,0.3359414339065552,0.6554594039916992,1
seg+pos,"(3.0, 8.0, 0.7, 0.0)",1.1009149551391602,0.34677577018737793,0.41052865982055664,1
seg+pos,"(3.0, 8.0, 0.7, 0.0)",1.085395097732544,0.34965431690216064,0.4856100082397461,1
seg+pos,"(3.0, 8.0, 0.7, 0.0)",1.0452904105186462,0.3597906827926636,0.6082360744476318,1
seg+pos,"(3.0, 8.0, 0.7, 0.0)",1.0760356187820435,0.33553826808929443,0.5127592086791992,1
seg+pos,"(3.0, 8.0, 0.7, 0.0)",1.095039427280426,0.34853100776672363,0.5411534309387207,1
seg+pos,"(3.0, 8.0, 0.7, 0.0)",1.1200398206710815,0.33334994316101074,0.6433653831481934,1
seg+pos,"(3.0, 8.0, 0.7, 0.0)",1.0502732396125793,0.3221956491470337,0.7966153621673584,1
seg+pos,"(3.0, 8.0, 0.7, 0.0)",1.1496347784996033,0.4050476551055908,0.787431001663208,1
seg+pos,"(3.0, 8.0, 0.7, 0.0)",1.0904152393341064,0.26178181171417236,0.41130757331848145,1
seg+pos,"(3.0, 8.0, 0.7, 0.0)",1.0554382801055908,0.2641946077346802,0.21628904342651367,1
seg+pos,"(3.0, 8.0, 0.7, 0.0)",1.0674850940704346,0.3179593086242676,0.35967350006103516,1
seg+pos,"(3.0, 8.0, 0.7, 0.3)",1.0857951641082764,0.4683574438095093,0.5096774101257324,1
seg+pos,"(3.0, 8.0, 0.7, 0.3)",1.121753990650177,0.3001840114593506,0.4658362865447998,1
seg+pos,"(3.0, 8.0, 0.7, 0.3)",1.1269724369049072,0.2833751440048218,0.1516733169555664,1
seg+pos,"(3.0, 8.0, 0.7, 0.3)",1.0884544253349304,0.31965088844299316,0.3003690242767334,1
seg+pos,"(3.0, 8.0, 0.7, 0.3)",1.041938304901123,0.37022221088409424,0.47534799575805664,1
seg+pos,"(3.0, 8.0, 0.7, 0.3)",1.0470173358917236,0.32551002502441406,0.3377876281738281,1
seg+pos,"(3.0, 8.0, 0.7, 0.3)",1.0665452480316162,0.3305121660232544,0.24008488655090332,1
seg+pos,"(3.0, 8.0, 0.7, 0.3)",1.1185239553451538,0.43188297748565674,0.46880388259887695,1
seg+pos,"(3.0, 8.0, 0.7, 0.3)",1.114721655845642,0.40071237087249756,0.41140151023864746,1
seg+pos,"(3.0, 8.0, 0.7, 0.3)",1.1422947645187378,0.4059417247772217,0.5303318500518799,1
seg+pos,"(3.0, 8.0, 0.7, 0.3)",1.0607423782348633,0.23741352558135986,0.26288437843322754,1
seg+pos,"(3.0, 8.0, 0.7, 0.3)",1.0813844799995422,0.37005317211151123,0.4075145721435547,1
seg+pos,"(3.0, 8.0, 0.7, 0.3)",1.016351044178009,0.3056199550628662,0.45339202880859375,1
seg+pos,"(3.0, 8.0, 0.7, 0.3)",1.0716304183006287,0.3938329219818115,0.499114990234375,1
seg+pos,"(3.0, 8.0, 0.7, 0.3)",1.080518364906311,0.37378764152526855,0.46701931953430176,1
seg+pos,"(3.0, 8.0, 0.7, 0.6)",1.1421074867248535,0.29512524604797363,0.12296199798583984,1
seg+pos,"(3.0, 8.0, 0.7, 0.6)",1.1412862539291382,0.34659385681152344,0.30057263374328613,1
seg+pos,"(3.0, 8.0, 0.7, 0.6)",1.075709581375122,0.41405582427978516,0.3752419948577881,1
seg+pos,"(3.0, 8.0, 0.7, 0.6)",1.177041232585907,0.37114107608795166,0.22340035438537598,1
seg+pos,"(3.0, 8.0, 0.7, 0.6)",1.0795929431915283,0.3903545141220093,0.31595945358276367,1
seg+pos,"(3.0, 8.0, 0.7, 0.6)",1.1129204034805298,0.3751411437988281,0.3809044361114502,1
seg+pos,"(3.0, 8.0, 0.7, 0.6)",1.0800998210906982,0.4272996187210083,0.5049939155578613,1
seg+pos,"(3.0, 8.0, 0.7, 0.6)",1.1294721364974976,0.3406796455383301,0.33851099014282227,1
seg+pos,"(3.0, 8.0, 0.7, 0.6)",1.0434070229530334,0.2090362310409546,0.18612289428710938,1
seg+pos,"(3.0, 8.0, 0.7, 0.6)",1.0681636333465576,0.32528817653656006,0.3030507564544678,1
seg+pos,"(3.0, 8.0, 0.7, 0.6)",1.0254217982292175,0.30656862258911133,0.19527411460876465,1
seg+pos,"(3.0, 8.0, 0.7, 0.6)",1.0974664688110352,0.43611693382263184,0.39861488342285156,1
seg+pos,"(3.0, 8.0, 0.7, 0.6)",0.9810876250267029,0.34157347679138184,0.408524751663208,1
seg+pos,"(3.0, 8.0, 0.7, 0.6)",1.1154057383537292,0.38382935523986816,0.3061373233795166,1
seg+pos,"(3.0, 8.0, 0.7, 0.6)",1.075588583946228,0.30786728858947754,0.32808399200439453,1
seg+pos,"(3.0, 8.0, 0.7, -0.3)",1.0952845811843872,0.3786972761154175,0.8267483711242676,1
seg+pos,"(3.0, 8.0, 0.7, -0.3)",1.1589303612709045,0.4153482913970947,0.7623507976531982,1
seg+pos,"(3.0, 8.0, 0.7, -0.3)",1.0284818410873413,0.22568881511688232,0.3759331703186035,1
seg+pos,"(3.0, 8.0, 0.7, -0.3)",1.123477816581726,0.46359729766845703,0.7568159103393555,1
seg+pos,"(3.0, 8.0, 0.7, -0.3)",1.0720321536064148,0.4183393716812134,0.7300958633422852,1
seg+pos,"(3.0, 8.0, 0.7, -0.3)",0.9974015057086945,0.30431532859802246,0.4769153594970703,1
seg+pos,"(3.0, 8.0, 0.7, -0.3)",1.0731297731399536,0.3426632881164551,0.5155291557312012,1
seg+pos,"(3.0, 8.0, 0.7, -0.3)",1.0613836646080017,0.33747267723083496,0.568932056427002,1
seg+pos,"(3.0, 8.0, 0.7, -0.3)",1.1144247651100159,0.37110304832458496,0.5702133178710938,1
seg+pos,"(3.0, 8.0, 0.7, -0.3)",1.1017831563949585,0.3095930814743042,0.4773378372192383,1
seg+pos,"(3.0, 8.0, 0.7, -0.3)",1.0907220244407654,0.3254508972167969,0.5502159595489502,1
seg+pos,"(3.0, 8.0, 0.7, -0.3)",1.080216646194458,0.40127110481262207,0.7091445922851562,1
seg+pos,"(3.0, 8.0, 0.7, -0.3)",1.1423267722129822,0.37929439544677734,0.6941514015197754,1
seg+pos,"(3.0, 8.0, 0.7, -0.3)",1.058975487947464,0.31924891471862793,0.4519972801208496,1
seg+pos,"(3.0, 8.0, 0.7, -0.3)",1.0946642756462097,0.40025079250335693,0.7464084625244141,1
seg+pos,"(3.0, 20.0, 0.3, 0.0)",1.2366868257522583,0.4077974557876587,0.4783358573913574,1
seg+pos,"(3.0, 20.0, 0.3, 0.0)",1.2147088050842285,0.4173992872238159,0.6031413078308105,1
seg+pos,"(3.0, 20.0, 0.3, 0.0)",1.2403526306152344,0.3598989248275757,0.49679064750671387,1
seg+pos,"(3.0, 20.0, 0.3, 0.0)",1.3103556632995605,0.45059800148010254,0.6375110149383545,1
seg+pos,"(3.0, 20.0, 0.3, 0.0)",1.1906139254570007,0.3873831033706665,0.633089542388916,1
seg+pos,"(3.0, 20.0, 0.3, 0.0)",1.2308319211006165,0.38133931159973145,0.5992996692657471,1
seg+pos,"(3.0, 20.0, 0.3, 0.0)",1.2284565567970276,0.4396144151687622,0.6191763877868652,1
seg+pos,"(3.0, 20.0, 0.3, 0.0)",1.206917643547058,0.4325045347213745,0.7030763626098633,1
seg+pos,"(3.0, 20.0, 0.3, 0.0)",1.2724088430404663,0.3980600833892822,0.6399393081665039,1
seg+pos,"(3.0, 20.0, 0.3, 0.0)",1.217600703239441,0.4277768135070801,0.5187103748321533,1
seg+pos,"(3.0, 20.0, 0.3, 0.0)",1.1991790533065796,0.43273818492889404,0.8233776092529297,1
seg+pos,"(3.0, 20.0, 0.3, 0.0)",1.2440202832221985,0.5115591287612915,0.6030056476593018,1
seg+pos,"(3.0, 20.0, 0.3, 0.0)",1.2030574083328247,0.35563337802886963,0.7936069965362549,1
seg+pos,"(3.0, 20.0, 0.3, 0.0)",1.194547414779663,0.4328124523162842,0.6069653034210205,1
seg+pos,"(3.0, 20.0, 0.3, 0.0)",1.2614713907241821,0.4072176218032837,0.565406084060669,1
seg+pos,"(3.0, 20.0, 0.3, 0.3)",1.2280048727989197,0.44943416118621826,0.49036240577697754,1
seg+pos,"(3.0, 20.0, 0.3, 0.3)",1.1685381531715393,0.4195683002471924,0.5396044254302979,1
seg+pos,"(3.0, 20.0, 0.3, 0.3)",1.322041094303131,0.32174158096313477,0.3062875270843506,1
seg+pos,"(3.0, 20.0, 0.3, 0.3)",1.2160484790802002,0.4023725986480713,0.59035325050354,1
seg+pos,"(3.0, 20.0, 0.3, 0.3)",1.1676743030548096,0.3496847152709961,0.3870973587036133,1
seg+pos,"(3.0, 20.0, 0.3, 0.3)",1.2118923664093018,0.44861412048339844,0.4352123737335205,1
seg+pos,"(3.0, 20.0, 0.3, 0.3)",1.200802981853485,0.399738073348999,0.2917008399963379,1
seg+pos,"(3.0, 20.0, 0.3, 0.3)",1.1617801189422607,0.41521155834198,0.5918750762939453,1
seg+pos,"(3.0, 20.0, 0.3, 0.3)",1.2974578142166138,0.4300992488861084,0.4716062545776367,1
seg+pos,"(3.0, 20.0, 0.3, 0.3)",1.2077054977416992,0.3862086534500122,0.5859205722808838,1
seg+pos,"(3.0, 20.0, 0.3, 0.3)",1.240789771080017,0.4142005443572998,0.3452751636505127,1
seg+pos,"(3.0, 20.0, 0.3, 0.3)",1.1949517130851746,0.4035181999206543,0.5384492874145508,1
seg+pos,"(3.0, 20.0, 0.3, 0.3)",1.2673988342285156,0.5050390958786011,0.4458019733428955,1
seg+pos,"(3.0, 20.0, 0.3, 0.3)",1.1884678602218628,0.3849066495895386,0.42709779739379883,1
seg+pos,"(3.0, 20.0, 0.3, 0.3)",1.2209157943725586,0.3954296112060547,0.44911885261535645,1
seg+pos,"(3.0, 20.0, 0.3, 0.6)",1.1864184737205505,0.43146800994873047,0.21791911125183105,1
seg+pos,"(3.0, 20.0, 0.3, 0.6)",1.1952413320541382,0.44559645652770996,0.2785511016845703,1
seg+pos,"(3.0, 20.0, 0.3, 0.6)",1.2336790561676025,0.4055856466293335,0.1817760467529297,1
seg+pos,"(3.0, 20.0, 0.3, 0.6)",1.1983668804168701,0.3700718879699707,0.3751852512359619,1
seg+pos,"(3.0, 20.0, 0.3, 0.6)",1.301135241985321,0.503817081451416,0.3481943607330322,1
seg+pos,"(3.0, 20.0, 0.3, 0.6)",1.2161782383918762,0.42669689655303955,0.3385188579559326,1
seg+pos,"(3.0, 20.0, 0.3, 0.6)",1.1679158210754395,0.3081170320510864,0.40136146545410156,1
seg+pos,"(3.0, 20.0, 0.3, 0.6)",1.2600539922714233,0.521673321723938,0.3022270202636719,1
seg+pos,"(3.0, 20.0, 0.3, 0.6)",1.2034727334976196,0.4860430955886841,0.3962843418121338,1
seg+pos,"(3.0, 20.0, 0.3, 0.6)",1.1902053356170654,0.4582021236419678,0.34007930755615234,1
seg+pos,"(3.0, 20.0, 0.3, 0.6)",1.1971303820610046,0.4442870616912842,0.3168611526489258,1
seg+pos,"(3.0, 20.0, 0.3, 0.6)",1.253493070602417,0.48032522201538086,0.3057537078857422,1
seg+pos,"(3.0, 20.0, 0.3, 0.6)",1.2633332014083862,0.5626267194747925,0.5719890594482422,1
seg+pos,"(3.0, 20.0, 0.3, 0.6)",1.1674091219902039,0.31597375869750977,0.27745795249938965,1
seg+pos,"(3.0, 20.0, 0.3, 0.6)",1.2340224981307983,0.3989686965942383,0.34271860122680664,1
seg+pos,"(3.0, 20.0, 0.3, -0.3)",1.1837729215621948,0.46174442768096924,0.7047488689422607,1
seg+pos,"(3.0, 20.0, 0.3, -0.3)",1.2180795669555664,0.36036181449890137,0.45293426513671875,1
seg+pos,"(3.0, 20.0, 0.3, -0.3)",1.1866767406463623,0.4300013780593872,0.6106648445129395,1
seg+pos,"(3.0, 20.0, 0.3, -0.3)",1.2345982789993286,0.42154979705810547,0.6004343032836914,1
seg+pos,"(3.0, 20.0, 0.3, -0.3)",1.3230745196342468,0.5416543483734131,0.9048657417297363,1
seg+pos,"(3.0, 20.0, 0.3, -0.3)",1.2367314100265503,0.5427641868591309,0.8975780010223389,1
seg+pos,"(3.0, 20.0, 0.3, -0.3)",1.228641927242279,0.3980826139450073,0.6457710266113281,1
seg+pos,"(3.0, 20.0, 0.3, -0.3)",1.201525092124939,0.3327687978744507,0.6169471740722656,1
seg+pos,"(3.0, 20.0, 0.3, -0.3)",1.2052953243255615,0.363877534866333,0.5810813903808594,1
seg+pos,"(3.0, 20.0, 0.3, -0.3)",1.1591999530792236,0.29566490650177,0.38692235946655273,1
seg+pos,"(3.0, 20.0, 0.3, -0.3)",1.245672345161438,0.43545079231262207,0.7110795974731445,1
seg+pos,"(3.0, 20.0, 0.3, -0.3)",1.2010600566864014,0.4369906187057495,0.629908561706543,1
seg+pos,"(3.0, 20.0, 0.3, -0.3)",1.2613683342933655,0.43241846561431885,0.5776882171630859,1
seg+pos,"(3.0, 20.0, 0.3, -0.3)",1.2505825757980347,0.4145709276199341,0.7016420364379883,1
seg+pos,"(3.0, 20.0, 0.3, -0.3)",1.2483415007591248,0.4802588224411011,0.7326159477233887,1
seg+pos,"(3.0, 20.0, 0.7, 0.0)",0.6873631179332733,0.06760120391845703,0.1033625602722168,1
seg+pos,"(3.0, 20.0, 0.7, 0.0)",0.718406081199646,0.10596716403961182,0.09594345092773438,1
seg+pos,"(3.0, 20.0, 0.7, 0.0)",0.7086739838123322,0.1006624698638916,0.03263425827026367,1
seg+pos,"(3.0, 20.0, 0.7, 0.0)",0.6694223880767822,0.10671758651733398,0.20276832580566406,1
seg+pos,"(3.0, 20.0, 0.7, 0.0)",0.7137432396411896,0.08456230163574219,0.08207368850708008,1
seg+pos,"(3.0, 20.0, 0.7, 0.0)",0.6574286818504333,0.09878730773925781,0.07229757308959961,1
seg+pos,"(3.0, 20.0, 0.7, 0.0)",0.7104215621948242,0.09107673168182373,0.20700979232788086,1
seg+pos,"(3.0, 20.0, 0.7, 0.0)",0.6692306995391846,0.07611238956451416,0.15840625762939453,1
seg+pos,"(3.0, 20.0, 0.7, 0.0)",0.6638780236244202,0.09728562831878662,0.06887292861938477,1
seg+pos,"(3.0, 20.0, 0.7, 0.0)",0.6566147804260254,0.09555017948150635,0.08647394180297852,1
seg+pos,"(3.0, 20.0, 0.7, 0.0)",0.6752910614013672,0.07655322551727295,0.1875624656677246,1
seg+pos,"(3.0, 20.0, 0.7, 0.0)",0.7365757822990417,0.020637035369873047,0.028882980346679688,1
seg+pos,"(3.0, 20.0, 0.7, 0.0)",0.7122388482093811,0.09865128993988037,0.14945220947265625,1
seg+pos,"(3.0, 20.0, 0.7, 0.0)",0.7298291921615601,0.06724262237548828,0.0011141300201416016,1
seg+pos,"(3.0, 20.0, 0.7, 0.0)",0.7324386835098267,0.06527209281921387,0.1006467342376709,1
seg+pos,"(3.0, 20.0, 0.7, 0.3)",0.6793941557407379,0.027095913887023926,0.040125131607055664,1
seg+pos,"(3.0, 20.0, 0.7, 0.3)",0.7088386416435242,0.04979979991912842,0.06915521621704102,1
seg+pos,"(3.0, 20.0, 0.7, 0.3)",0.7154300510883331,0.20974290370941162,0.21799921989440918,1
seg+pos,"(3.0, 20.0, 0.7, 0.3)",0.6740146577358246,0.07192707061767578,0.0629277229309082,1
seg+pos,"(3.0, 20.0, 0.7, 0.3)",0.6497855484485626,0.054619669914245605,0.014513731002807617,1
seg+pos,"(3.0, 20.0, 0.7, 0.3)",0.7023844122886658,0.1091454029083252,0.0739738941192627,1
seg+pos,"(3.0, 20.0, 0.7, 0.3)",0.6587697565555573,0.07322728633880615,0.028170108795166016,1
seg+pos,"(3.0, 20.0, 0.7, 0.3)",0.6711457073688507,0.08264279365539551,0.09721946716308594,1
seg+pos,"(3.0, 20.0, 0.7, 0.3)",0.688807487487793,0.08189225196838379,0.13513851165771484,1
seg+pos,"(3.0, 20.0, 0.7, 0.3)",0.6896294951438904,0.07795703411102295,0.14186406135559082,1
seg+pos,"(3.0, 20.0, 0.7, 0.3)",0.7054607570171356,0.1315549612045288,0.05965852737426758,1
seg+pos,"(3.0, 20.0, 0.7, 0.3)",0.6770763397216797,0.0784686803817749,0.00042366981506347656,1
seg+pos,"(3.0, 20.0, 0.7, 0.3)",0.665956050157547,0.08182573318481445,0.07640480995178223,1
seg+pos,"(3.0, 20.0, 0.7, 0.3)",0.7335979044437408,0.14421868324279785,0.3050210475921631,1
seg+pos,"(3.0, 20.0, 0.7, 0.3)",0.7801654040813446,0.12118148803710938,0.05670499801635742,1
seg+pos,"(3.0, 20.0, 0.7, 0.6)",0.667177140712738,0.02208125591278076,0.018996000289916992,1
seg+pos,"(3.0, 20.0, 0.7, 0.6)",0.7020622193813324,0.091011643409729,0.06717205047607422,1
seg+pos,"(3.0, 20.0, 0.7, 0.6)",0.7113356292247772,0.16164100170135498,0.033068180084228516,1
seg+pos,"(3.0, 20.0, 0.7, 0.6)",0.688658595085144,0.05289304256439209,0.13322997093200684,1
seg+pos,"(3.0, 20.0, 0.7, 0.6)",0.6839354634284973,0.15159308910369873,0.1693708896636963,1
seg+pos,"(3.0, 20.0, 0.7, 0.6)",0.6605212688446045,0.09484386444091797,0.09943866729736328,1
seg+pos,"(3.0, 20.0, 0.7, 0.6)",0.7096937298774719,0.1148298978805542,0.07450532913208008,1
seg+pos,"(3.0, 20.0, 0.7, 0.6)",0.7561719417572021,0.14841818809509277,0.08008241653442383,1
seg+pos,"(3.0, 20.0, 0.7, 0.6)",0.7450071275234222,0.03918635845184326,0.04958009719848633,1
seg+pos,"(3.0, 20.0, 0.7, 0.6)",0.6536051034927368,0.06833052635192871,0.015162467956542969,1
seg+pos,"(3.0, 20.0, 0.7, 0.6)",0.6695244908332825,0.07697105407714844,0.03301572799682617,1
seg+pos,"(3.0, 20.0, 0.7, 0.6)",0.6984677314758301,0.15082967281341553,0.07771801948547363,1
seg+pos,"(3.0, 20.0, 0.7, 0.6)",0.6306624114513397,0.07614827156066895,0.00273895263671875,1
seg+pos,"(3.0, 20.0, 0.7, 0.6)",0.7293597459793091,0.1313951015472412,0.10168981552124023,1
seg+pos,"(3.0, 20.0, 0.7, 0.6)",0.7715051174163818,0.09092569351196289,0.11440682411193848,1
seg+pos,"(3.0, 20.0, 0.7, -0.3)",0.7289825081825256,0.10222017765045166,0.2243356704711914,1
seg+pos,"(3.0, 20.0, 0.7, -0.3)",0.694397509098053,0.05003154277801514,0.16054153442382812,1
seg+pos,"(3.0, 20.0, 0.7, -0.3)",0.701826274394989,0.04996299743652344,0.09345531463623047,1
seg+pos,"(3.0, 20.0, 0.7, -0.3)",0.6765844523906708,0.11932957172393799,0.17573022842407227,1
seg+pos,"(3.0, 20.0, 0.7, -0.3)",0.7063046395778656,0.07897400856018066,0.12132978439331055,1
seg+pos,"(3.0, 20.0, 0.7, -0.3)",0.6778248846530914,0.10088217258453369,0.23259401321411133,1
seg+pos,"(3.0, 20.0, 0.7, -0.3)",0.7599856555461884,0.10527646541595459,0.08430767059326172,1
seg+pos,"(3.0, 20.0, 0.7, -0.3)",0.7811850011348724,0.057048678398132324,0.06488895416259766,1
seg+pos,"(3.0, 20.0, 0.7, -0.3)",0.690185546875,0.06639468669891357,0.16683483123779297,1
seg+pos,"(3.0, 20.0, 0.7, -0.3)",0.6921385824680328,0.012342572212219238,0.0082244873046875,1
seg+pos,"(3.0, 20.0, 0.7, -0.3)",0.7158007323741913,0.10824501514434814,0.12697505950927734,1
seg+pos,"(3.0, 20.0, 0.7, -0.3)",0.6769126355648041,0.11614084243774414,0.22190332412719727,1
seg+pos,"(3.0, 20.0, 0.7, -0.3)",0.6669842004776001,0.08317720890045166,0.16502714157104492,1
seg+pos,"(3.0, 20.0, 0.7, -0.3)",0.7069942653179169,0.062249183654785156,0.06142282485961914,1
seg+pos,"(3.0, 20.0, 0.7, -0.3)",0.7333607971668243,0.12122476100921631,0.18420171737670898,1
seg+pos,"(1.5, 8.0, 0.3, 0.0)",0.8494963645935059,0.40656185150146484,0.547459602355957,2
seg+pos,"(1.5, 8.0, 0.3, 0.0)",0.8284517526626587,0.3999022841453552,0.5033832788467407,2
seg+pos,"(1.5, 8.0, 0.3, 0.0)",0.8099618554115295,0.3839606046676636,0.46710383892059326,2
seg+pos,"(1.5, 8.0, 0.3, 0.0)",0.8287257850170135,0.4465444087982178,0.5558364391326904,2
seg+pos,"(1.5, 8.0, 0.3, 0.0)",0.8061166107654572,0.404693603515625,0.7580934762954712,2
seg+pos,"(1.5, 8.0, 0.3, 0.0)",0.7991689443588257,0.3918032646179199,0.47801482677459717,2
seg+pos,"(1.5, 8.0, 0.3, 0.0)",0.855890303850174,0.46816614270210266,0.5771551132202148,2
seg+pos,"(1.5, 8.0, 0.3, 0.0)",0.8794349133968353,0.39469796419143677,0.5242105722427368,2
seg+pos,"(1.5, 8.0, 0.3, 0.0)",0.820223331451416,0.3804994821548462,0.49696552753448486,2
seg+pos,"(1.5, 8.0, 0.3, 0.0)",0.7928857207298279,0.4265342950820923,0.5564854145050049,2
seg+pos,"(1.5, 8.0, 0.3, 0.0)",0.827812522649765,0.45989203453063965,0.6394953727722168,2
seg+pos,"(1.5, 8.0, 0.3, 0.0)",0.8074825406074524,0.4043285846710205,0.5012320280075073,2
seg+pos,"(1.5, 8.0, 0.3, 0.0)",0.8484200239181519,0.36866694688796997,0.5480343103408813,2
seg+pos,"(1.5, 8.0, 0.3, 0.0)",0.8257189989089966,0.39757776260375977,0.561261773109436,2
seg+pos,"(1.5, 8.0, 0.3, 0.0)",0.8247141242027283,0.39466285705566406,0.5248651504516602,2
seg+pos,"(1.5, 8.0, 0.3, 0.3)",0.8410713970661163,0.4650338888168335,0.47543537616729736,2
seg+pos,"(1.5, 8.0, 0.3, 0.3)",0.8273827433586121,0.4318711459636688,0.5204781293869019,2
seg+pos,"(1.5, 8.0, 0.3, 0.3)",0.8133849501609802,0.341677188873291,0.3284534215927124,2
seg+pos,"(1.5, 8.0, 0.3, 0.3)",0.8216101825237274,0.3446594476699829,0.48898816108703613,2
seg+pos,"(1.5, 8.0, 0.3, 0.3)",0.8347320556640625,0.3495531678199768,0.255409836769104,2
seg+pos,"(1.5, 8.0, 0.3, 0.3)",0.8213276267051697,0.32825911045074463,0.3930397033691406,2
seg+pos,"(1.5, 8.0, 0.3, 0.3)",0.8389651775360107,0.4671193063259125,0.4349147081375122,2
seg+pos,"(1.5, 8.0, 0.3, 0.3)",0.8030745685100555,0.3331260085105896,0.311581015586853,2
seg+pos,"(1.5, 8.0, 0.3, 0.3)",0.8317114114761353,0.37963736057281494,0.5214507579803467,2
seg+pos,"(1.5, 8.0, 0.3, 0.3)",0.8087965250015259,0.3793189525604248,0.5394995212554932,2
seg+pos,"(1.5, 8.0, 0.3, 0.3)",0.8159084916114807,0.3908747434616089,0.4248398542404175,2
seg+pos,"(1.5, 8.0, 0.3, 0.3)",0.8523223102092743,0.3689340353012085,0.43314075469970703,2
seg+pos,"(1.5, 8.0, 0.3, 0.3)",0.7822729051113129,0.3735197186470032,0.411312460899353,2
seg+pos,"(1.5, 8.0, 0.3, 0.3)",0.8390889465808868,0.3404664397239685,0.41065728664398193,2
seg+pos,"(1.5, 8.0, 0.3, 0.3)",0.7831316590309143,0.40736690163612366,0.4773139953613281,2
seg+pos,"(1.5, 8.0, 0.3, 0.6)",0.7999215424060822,0.381237268447876,0.4029671549797058,2
seg+pos,"(1.5, 8.0, 0.3, 0.6)",0.8260065913200378,0.38922417163848877,0.34995579719543457,2
seg+pos,"(1.5, 8.0, 0.3, 0.6)",0.8440169394016266,0.41166025400161743,0.16582441329956055,2
seg+pos,"(1.5, 8.0, 0.3, 0.6)",0.8089675605297089,0.3651771545410156,0.304473876953125,2
seg+pos,"(1.5, 8.0, 0.3, 0.6)",0.828303188085556,0.45926737785339355,0.2935922145843506,2
seg+pos,"(1.5, 8.0, 0.3, 0.6)",0.7891916036605835,0.3492974638938904,0.26320040225982666,2
seg+pos,"(1.5, 8.0, 0.3, 0.6)",0.849765807390213,0.4196223020553589,0.3301807641983032,2
seg+pos,"(1.5, 8.0, 0.3, 0.6)",0.8435961604118347,0.359782874584198,0.13264453411102295,2
seg+pos,"(1.5, 8.0, 0.3, 0.6)",0.8449933230876923,0.41964152455329895,0.15211796760559082,2
seg+pos,"(1.5, 8.0, 0.3, 0.6)",0.7774097919464111,0.3355136513710022,0.2864208221435547,2
seg+pos,"(1.5, 8.0, 0.3, 0.6)",0.8085751831531525,0.3750508427619934,0.13483107089996338,2
seg+pos,"(1.5, 8.0, 0.3, 0.6)",0.8284689486026764,0.37256038188934326,0.2647041082382202,2
seg+pos,"(1.5, 8.0, 0.3, 0.6)",0.8190548717975616,0.36388731002807617,0.32276177406311035,2
seg+pos,"(1.5, 8.0, 0.3, 0.6)",0.821247786283493,0.4438077211380005,0.34076768159866333,2
seg+pos,"(1.5, 8.0, 0.3, 0.6)",0.8136244714260101,0.381405770778656,0.31402862071990967,2
seg+pos,"(1.5, 8.0, 0.3, -0.3)",0.8569936156272888,0.35846972465515137,0.6114118099212646,2
seg+pos,"(1.5, 8.0, 0.3, -0.3)",0.8542262315750122,0.4277868866920471,0.6882315874099731,2
seg+pos,"(1.5, 8.0, 0.3, -0.3)",0.8404196798801422,0.3603479862213135,0.5772604942321777,2
seg+pos,"(1.5, 8.0, 0.3, -0.3)",0.7843151390552521,0.3676912188529968,0.4962860345840454,2
seg+pos,"(1.5, 8.0, 0.3, -0.3)",0.8373342156410217,0.3721587061882019,0.6855775117874146,2
seg+pos,"(1.5, 8.0, 0.3, -0.3)",0.7872848212718964,0.404937744140625,0.6221861839294434,2
seg+pos,"(1.5, 8.0, 0.3, -0.3)",0.8395456075668335,0.3686180114746094,0.6457607746124268,2
seg+pos,"(1.5, 8.0, 0.3, -0.3)",0.868000328540802,0.4653371274471283,0.7860488891601562,2
seg+pos,"(1.5, 8.0, 0.3, -0.3)",0.835076242685318,0.4056825041770935,0.6458262205123901,2
seg+pos,"(1.5, 8.0, 0.3, -0.3)",0.8391560316085815,0.45555004477500916,0.8251326084136963,2
seg+pos,"(1.5, 8.0, 0.3, -0.3)",0.848210871219635,0.3952086567878723,0.6262314319610596,2
seg+pos,"(1.5, 8.0, 0.3, -0.3)",0.8528994023799896,0.439083069562912,0.7496094703674316,2
seg+pos,"(1.5, 8.0, 0.3, -0.3)",0.8214418292045593,0.37537121772766113,0.6103169918060303,2
seg+pos,"(1.5, 8.0, 0.3, -0.3)",0.774878203868866,0.43752139806747437,0.7754815816879272,2
seg+pos,"(1.5, 8.0, 0.3, -0.3)",0.8386667668819427,0.4696347415447235,0.8228874206542969,2
seg+pos,"(1.5, 8.0, 0.7, 0.0)",0.6234522461891174,0.15355414152145386,0.23289060592651367,2
seg+pos,"(1.5, 8.0, 0.7, 0.0)",0.640154629945755,0.181097149848938,0.26006078720092773,2
seg+pos,"(1.5, 8.0, 0.7, 0.0)",0.6087715327739716,0.2254408597946167,0.41599416732788086,2
seg+pos,"(1.5, 8.0, 0.7, 0.0)",0.6259554028511047,0.2235521674156189,0.25503766536712646,2
seg+pos,"(1.5, 8.0, 0.7, 0.0)",0.650178462266922,0.20483505725860596,0.2805595397949219,2
seg+pos,"(1.5, 8.0, 0.7, 0.0)",0.584465742111206,0.1435069441795349,0.17940878868103027,2
seg+pos,"(1.5, 8.0, 0.7, 0.0)",0.5915607511997223,0.19409865140914917,0.32762229442596436,2
seg+pos,"(1.5, 8.0, 0.7, 0.0)",0.5935879349708557,0.18955731391906738,0.25095856189727783,2
seg+pos,"(1.5, 8.0, 0.7, 0.0)",0.6054145097732544,0.074543297290802,0.03980410099029541,2
seg+pos,"(1.5, 8.0, 0.7, 0.0)",0.6228518486022949,0.22637856006622314,0.3737294673919678,2
seg+pos,"(1.5, 8.0, 0.7, 0.0)",0.6093180477619171,0.172369122505188,0.2987699508666992,2
seg+pos,"(1.5, 8.0, 0.7, 0.0)",0.6108385920524597,0.22843414545059204,0.28960323333740234,2
seg+pos,"(1.5, 8.0, 0.7, 0.0)",0.5939090847969055,0.19715780019760132,0.35179269313812256,2
seg+pos,"(1.5, 8.0, 0.7, 0.0)",0.6306915283203125,0.23467755317687988,0.3476231098175049,2
seg+pos,"(1.5, 8.0, 0.7, 0.0)",0.6004506647586823,0.2099316120147705,0.25294220447540283,2
seg+pos,"(1.5, 8.0, 0.7, 0.3)",0.6049435436725616,0.17471712827682495,0.18716776371002197,2
seg+pos,"(1.5, 8.0, 0.7, 0.3)",0.5923740267753601,0.13613921403884888,0.1972883939743042,2
seg+pos,"(1.5, 8.0, 0.7, 0.3)",0.6468327939510345,0.2272297739982605,0.16867351531982422,2
seg+pos,"(1.5, 8.0, 0.7, 0.3)",0.6111615896224976,0.13519638776779175,0.21705174446105957,2
seg+pos,"(1.5, 8.0, 0.7, 0.3)",0.6087902784347534,0.21039742231369019,0.24817943572998047,2
seg+pos,"(1.5, 8.0, 0.7, 0.3)",0.5938754975795746,0.12996381521224976,0.12247860431671143,2
seg+pos,"(1.5, 8.0, 0.7, 0.3)",0.6446719169616699,0.2151247262954712,0.20246517658233643,2
seg+pos,"(1.5, 8.0, 0.7, 0.3)",0.6537314057350159,0.14637023210525513,0.13579940795898438,2
seg+pos,"(1.5, 8.0, 0.7, 0.3)",0.6336785852909088,0.07430875301361084,0.07346498966217041,2
seg+pos,"(1.5, 8.0, 0.7, 0.3)",0.6069108843803406,0.14599847793579102,0.17236530780792236,2
seg+pos,"(1.5, 8.0, 0.7, 0.3)",0.6005241274833679,0.23244577646255493,0.30349719524383545,2
seg+pos,"(1.5, 8.0, 0.7, 0.3)",0.6300595700740814,0.2100934386253357,0.11539340019226074,2
seg+pos,"(1.5, 8.0, 0.7, 0.3)",0.6007636189460754,0.1815090775489807,0.134010910987854,2
seg+pos,"(1.5, 8.0, 0.7, 0.3)",0.5925243198871613,0.13379645347595215,0.11658835411071777,2
seg+pos,"(1.5, 8.0, 0.7, 0.3)",0.6144726872444153,0.1591373085975647,0.2101757526397705,2
seg+pos,"(1.5, 8.0, 0.7, 0.6)",0.5815531611442566,0.11909854412078857,0.08393263816833496,2
seg+pos,"(1.5, 8.0, 0.7, 0.6)",0.5924268960952759,0.1612536907196045,0.11179101467132568,2
seg+pos,"(1.5, 8.0, 0.7, 0.6)",0.6357783079147339,0.2264726161956787,0.14597570896148682,2
seg+pos,"(1.5, 8.0, 0.7, 0.6)",0.6603648960590363,0.2007591724395752,0.09269487857818604,2
seg+pos,"(1.5, 8.0, 0.7, 0.6)",0.6311424970626831,0.22392278909683228,0.07506918907165527,2
seg+pos,"(1.5, 8.0, 0.7, 0.6)",0.6581124663352966,0.17168068885803223,0.011059880256652832,2
seg+pos,"(1.5, 8.0, 0.7, 0.6)",0.6504930555820465,0.1518651843070984,0.020701050758361816,2
seg+pos,"(1.5, 8.0, 0.7, 0.6)",0.5977497100830078,0.18286973237991333,0.14128899574279785,2
seg+pos,"(1.5, 8.0, 0.7, 0.6)",0.6063036024570465,0.19161832332611084,0.050621986389160156,2
seg+pos,"(1.5, 8.0, 0.7, 0.6)",0.6188135147094727,0.22864782810211182,0.07065951824188232,2
seg+pos,"(1.5, 8.0, 0.7, 0.6)",0.594805896282196,0.20319688320159912,0.08947086334228516,2
seg+pos,"(1.5, 8.0, 0.7, 0.6)",0.6305526196956635,0.1660841703414917,0.12101531028747559,2
seg+pos,"(1.5, 8.0, 0.7, 0.6)",0.6105012595653534,0.1860644817352295,0.12203091382980347,2
seg+pos,"(1.5, 8.0, 0.7, 0.6)",0.623622715473175,0.15293723344802856,0.1372079849243164,2
seg+pos,"(1.5, 8.0, 0.7, 0.6)",0.5992856621742249,0.1469452977180481,0.21738672256469727,2
seg+pos,"(1.5, 8.0, 0.7, -0.3)",0.6401914060115814,0.1987382173538208,0.30805468559265137,2
seg+pos,"(1.5, 8.0, 0.7, -0.3)",0.605128824710846,0.19397276639938354,0.3005831241607666,2
seg+pos,"(1.5, 8.0, 0.7, -0.3)",0.5964890420436859,0.19090723991394043,0.33661532402038574,2
seg+pos,"(1.5, 8.0, 0.7, -0.3)",0.6319589912891388,0.1701819896697998,0.3027307987213135,2
seg+pos,"(1.5, 8.0, 0.7, -0.3)",0.6185891926288605,0.1325255036354065,0.2282264232635498,2
seg+pos,"(1.5, 8.0, 0.7, -0.3)",0.6085802018642426,0.17228233814239502,0.25068092346191406,2
seg+pos,"(1.5, 8.0, 0.7, -0.3)",0.6263629198074341,0.10863357782363892,0.19476866722106934,2
seg+pos,"(1.5, 8.0, 0.7, -0.3)",0.5733895301818848,0.1683363914489746,0.24548423290252686,2
seg+pos,"(1.5, 8.0, 0.7, -0.3)",0.6272764205932617,0.19710445404052734,0.313277006149292,2
seg+pos,"(1.5, 8.0, 0.7, -0.3)",0.5918948650360107,0.12142568826675415,0.16245675086975098,2
seg+pos,"(1.5, 8.0, 0.7, -0.3)",0.634377509355545,0.14744973182678223,0.23041439056396484,2
seg+pos,"(1.5, 8.0, 0.7, -0.3)",0.6209824979305267,0.2547440528869629,0.4987410306930542,2
seg+pos,"(1.5, 8.0, 0.7, -0.3)",0.6114535331726074,0.16501057147979736,0.3439788818359375,2
seg+pos,"(1.5, 8.0, 0.7, -0.3)",0.596993625164032,0.24531489610671997,0.4512627124786377,2
seg+pos,"(1.5, 8.0, 0.7, -0.3)",0.601686954498291,0.27076202630996704,0.430988073348999,2
seg+pos,"(1.5, 20.0, 0.3, 0.0)",0.6930819153785706,0.24416190385818481,0.4074850082397461,2
seg+pos,"(1.5, 20.0, 0.3, 0.0)",0.6489532589912415,0.2042953372001648,0.3540318012237549,2
seg+pos,"(1.5, 20.0, 0.3, 0.0)",0.6458242833614349,0.21903884410858154,0.3028383255004883,2
seg+pos,"(1.5, 20.0, 0.3, 0.0)",0.6977365612983704,0.261945903301239,0.33245038986206055,2
seg+pos,"(1.5, 20.0, 0.3, 0.0)",0.7113933265209198,0.23627859354019165,0.408716082572937,2
seg+pos,"(1.5, 20.0, 0.3, 0.0)",0.628845751285553,0.16594600677490234,0.3598252534866333,2
seg+pos,"(1.5, 20.0, 0.3, 0.0)",0.645464688539505,0.22669166326522827,0.3058716058731079,2
seg+pos,"(1.5, 20.0, 0.3, 0.0)",0.6827895045280457,0.2239001989364624,0.35911452770233154,2
seg+pos,"(1.5, 20.0, 0.3, 0.0)",0.670704185962677,0.13225114345550537,0.16575384140014648,2
seg+pos,"(1.5, 20.0, 0.3, 0.0)",0.668296217918396,0.19063925743103027,0.2870476245880127,2
seg+pos,"(1.5, 20.0, 0.3, 0.0)",0.6752244532108307,0.2308114767074585,0.27158987522125244,2
seg+pos,"(1.5, 20.0, 0.3, 0.0)",0.7208515107631683,0.2639113664627075,0.40954720973968506,2
seg+pos,"(1.5, 20.0, 0.3, 0.0)",0.6955162882804871,0.20706522464752197,0.46013200283050537,2
seg+pos,"(1.5, 20.0, 0.3, 0.0)",0.676243931055069,0.2267385721206665,0.33920419216156006,2
seg+pos,"(1.5, 20.0, 0.3, 0.0)",0.6446449160575867,0.2616676688194275,0.35019707679748535,2
seg+pos,"(1.5, 20.0, 0.3, 0.3)",0.6468841433525085,0.2094617486000061,0.19586682319641113,2
seg+pos,"(1.5, 20.0, 0.3, 0.3)",0.6634297370910645,0.24702680110931396,0.13122642040252686,2
seg+pos,"(1.5, 20.0, 0.3, 0.3)",0.6773234903812408,0.21169185638427734,0.21684706211090088,2
seg+pos,"(1.5, 20.0, 0.3, 0.3)",0.6940633952617645,0.2800530791282654,0.2552379369735718,2
seg+pos,"(1.5, 20.0, 0.3, 0.3)",0.6740063428878784,0.2375493049621582,0.2385314702987671,2
seg+pos,"(1.5, 20.0, 0.3, 0.3)",0.6325880587100983,0.18721145391464233,0.19271743297576904,2
seg+pos,"(1.5, 20.0, 0.3, 0.3)",0.664257287979126,0.21782439947128296,0.27077925205230713,2
seg+pos,"(1.5, 20.0, 0.3, 0.3)",0.6628349423408508,0.21629822254180908,0.2359553575515747,2
seg+pos,"(1.5, 20.0, 0.3, 0.3)",0.737199455499649,0.1616382598876953,0.08797717094421387,2
seg+pos,"(1.5, 20.0, 0.3, 0.3)",0.6701709032058716,0.3364320695400238,0.36365723609924316,2
seg+pos,"(1.5, 20.0, 0.3, 0.3)",0.6579565703868866,0.17236173152923584,0.3025389313697815,2
seg+pos,"(1.5, 20.0, 0.3, 0.3)",0.7312739491462708,0.22450220584869385,0.12175428867340088,2
seg+pos,"(1.5, 20.0, 0.3, 0.3)",0.6664922833442688,0.16781330108642578,0.16199064254760742,2
seg+pos,"(1.5, 20.0, 0.3, 0.3)",0.6999061703681946,0.22852519154548645,0.14577043056488037,2
seg+pos,"(1.5, 20.0, 0.3, 0.3)",0.6582907736301422,0.2806905508041382,0.35000765323638916,2
seg+pos,"(1.5, 20.0, 0.3, 0.6)",0.6514003872871399,0.19418460130691528,0.042517900466918945,2
seg+pos,"(1.5, 20.0, 0.3, 0.6)",0.6968283951282501,0.19492107629776,0.025854945182800293,2
seg+pos,"(1.5, 20.0, 0.3, 0.6)",0.6611642837524414,0.26229357719421387,0.12021565437316895,2
seg+pos,"(1.5, 20.0, 0.3, 0.6)",0.6490259766578674,0.2611808776855469,0.21123182773590088,2
seg+pos,"(1.5, 20.0, 0.3, 0.6)",0.6712128520011902,0.1755349040031433,0.017863750457763672,2
seg+pos,"(1.5, 20.0, 0.3, 0.6)",0.6681594550609589,0.16923558712005615,0.0775918960571289,2
seg+pos,"(1.5, 20.0, 0.3, 0.6)",0.652827650308609,0.21967697143554688,0.07590889930725098,2
seg+pos,"(1.5, 20.0, 0.3, 0.6)",0.631362795829773,0.20935773849487305,0.10125744342803955,2
seg+pos,"(1.5, 20.0, 0.3, 0.6)",0.7257994115352631,0.2851693034172058,0.13089168071746826,2
seg+pos,"(1.5, 20.0, 0.3, 0.6)",0.6538261771202087,0.2550428509712219,0.11340868473052979,2
seg+pos,"(1.5, 20.0, 0.3, 0.6)",0.6827383041381836,0.194421648979187,0.08793127536773682,2
seg+pos,"(1.5, 20.0, 0.3, 0.6)",0.655930370092392,0.17600053548812866,0.09367501735687256,2
seg+pos,"(1.5, 20.0, 0.3, 0.6)",0.6994610726833344,0.2541418671607971,0.2078760862350464,2
seg+pos,"(1.5, 20.0, 0.3, 0.6)",0.6855023205280304,0.23199927806854248,0.15040481090545654,2
seg+pos,"(1.5, 20.0, 0.3, 0.6)",0.681303858757019,0.2566383481025696,0.18545448780059814,2
seg+pos,"(1.5, 20.0, 0.3, -0.3)",0.6489823460578918,0.24968934059143066,0.39146602153778076,2
seg+pos,"(1.5, 20.0, 0.3, -0.3)",0.7086627185344696,0.18890690803527832,0.2805662155151367,2
seg+pos,"(1.5, 20.0, 0.3, -0.3)",0.6822253167629242,0.17062008380889893,0.29637980461120605,2
seg+pos,"(1.5, 20.0, 0.3, -0.3)",0.7015182375907898,0.2721853256225586,0.49091100692749023,2
seg+pos,"(1.5, 20.0, 0.3, -0.3)",0.673940122127533,0.3109118342399597,0.5932666063308716,2
seg+pos,"(1.5, 20.0, 0.3, -0.3)",0.6852907240390778,0.2372201681137085,0.4758305549621582,2
seg+pos,"(1.5, 20.0, 0.3, -0.3)",0.6988877356052399,0.24779528379440308,0.4987882375717163,2
seg+pos,"(1.5, 20.0, 0.3, -0.3)",0.638868510723114,0.20183342695236206,0.3490159511566162,2
seg+pos,"(1.5, 20.0, 0.3, -0.3)",0.6747680008411407,0.1773926019668579,0.26732683181762695,2
seg+pos,"(1.5, 20.0, 0.3, -0.3)",0.6155581176280975,0.12258416414260864,0.2526376247406006,2
seg+pos,"(1.5, 20.0, 0.3, -0.3)",0.6654266119003296,0.19498580694198608,0.3052558898925781,2
seg+pos,"(1.5, 20.0, 0.3, -0.3)",0.6808047592639923,0.21131783723831177,0.32471299171447754,2
seg+pos,"(1.5, 20.0, 0.3, -0.3)",0.6308075189590454,0.1771068572998047,0.3099198341369629,2
seg+pos,"(1.5, 20.0, 0.3, -0.3)",0.6519949436187744,0.2340260148048401,0.40971946716308594,2
seg+pos,"(1.5, 20.0, 0.3, -0.3)",0.6426807641983032,0.2754397392272949,0.4488644599914551,2
seg+pos,"(1.5, 20.0, 0.7, 0.0)",0.4625750035047531,0.02297842502593994,0.00024080276489257812,2
seg+pos,"(1.5, 20.0, 0.7, 0.0)",0.4250985085964203,0.08967220783233643,0.1833481788635254,2
seg+pos,"(1.5, 20.0, 0.7, 0.0)",0.447787806391716,0.040491461753845215,0.02442145347595215,2
seg+pos,"(1.5, 20.0, 0.7, 0.0)",0.4568750560283661,0.0822371244430542,0.13132786750793457,2
seg+pos,"(1.5, 20.0, 0.7, 0.0)",0.42726635932922363,0.06422317028045654,0.09424567222595215,2
seg+pos,"(1.5, 20.0, 0.7, 0.0)",0.47811514139175415,0.05213648080825806,0.027701377868652344,2
seg+pos,"(1.5, 20.0, 0.7, 0.0)",0.43338899314403534,0.05880993604660034,0.010776519775390625,2
seg+pos,"(1.5, 20.0, 0.7, 0.0)",0.44361063838005066,0.08554297685623169,0.1024935245513916,2
seg+pos,"(1.5, 20.0, 0.7, 0.0)",0.4154103100299835,0.0547788143157959,0.10547637939453125,2
seg+pos,"(1.5, 20.0, 0.7, 0.0)",0.43105483055114746,0.01278907060623169,0.04833841323852539,2
seg+pos,"(1.5, 20.0, 0.7, 0.0)",0.4682070016860962,0.06212550401687622,0.018712520599365234,2
seg+pos,"(1.5, 20.0, 0.7, 0.0)",0.4463271498680115,0.044404566287994385,0.05711781978607178,2
seg+pos,"(1.5, 20.0, 0.7, 0.0)",0.4269869327545166,0.09487926959991455,0.17147254943847656,2
seg+pos,"(1.5, 20.0, 0.7, 0.0)",0.4520523101091385,0.10660070180892944,0.2092585563659668,2
seg+pos,"(1.5, 20.0, 0.7, 0.0)",0.4371766448020935,0.0656745433807373,0.02505970001220703,2
seg+pos,"(1.5, 20.0, 0.7, 0.3)",0.46427373588085175,0.049549877643585205,0.08716118335723877,2
seg+pos,"(1.5, 20.0, 0.7, 0.3)",0.45089708268642426,0.05691885948181152,0.10494041442871094,2
seg+pos,"(1.5, 20.0, 0.7, 0.3)",0.4281172752380371,0.04933500289916992,0.05274200439453125,2
seg+pos,"(1.5, 20.0, 0.7, 0.3)",0.4442790150642395,0.028343677520751953,0.006931185722351074,2
seg+pos,"(1.5, 20.0, 0.7, 0.3)",0.40690357983112335,0.07950419187545776,0.1518932580947876,2
seg+pos,"(1.5, 20.0, 0.7, 0.3)",0.4004725068807602,0.05360829830169678,0.09742879867553711,2
seg+pos,"(1.5, 20.0, 0.7, 0.3)",0.44064080715179443,0.08543723821640015,0.0566408634185791,2
seg+pos,"(1.5, 20.0, 0.7, 0.3)",0.44853833317756653,0.0498386025428772,0.07269823551177979,2
seg+pos,"(1.5, 20.0, 0.7, 0.3)",0.39786945283412933,0.10255855321884155,0.11289310455322266,2
seg+pos,"(1.5, 20.0, 0.7, 0.3)",0.43192674219608307,0.06785070896148682,0.014585137367248535,2
seg+pos,"(1.5, 20.0, 0.7, 0.3)",0.4589032828807831,0.038857102394104004,0.03135848045349121,2
seg+pos,"(1.5, 20.0, 0.7, 0.3)",0.47290676832199097,0.028574109077453613,0.05762481689453125,2
seg+pos,"(1.5, 20.0, 0.7, 0.3)",0.44372254610061646,0.02075183391571045,0.03825414180755615,2
seg+pos,"(1.5, 20.0, 0.7, 0.3)",0.46363377571105957,0.066517174243927,0.1075659990310669,2
seg+pos,"(1.5, 20.0, 0.7, 0.3)",0.378217875957489,0.0444948673248291,0.09894490242004395,2
seg+pos,"(1.5, 20.0, 0.7, 0.6)",0.4442704916000366,0.07709389925003052,0.029339075088500977,2
seg+pos,"(1.5, 20.0, 0.7, 0.6)",0.45677897334098816,0.062004804611206055,0.06797671318054199,2
seg+pos,"(1.5, 20.0, 0.7, 0.6)",0.45454129576683044,0.04061603546142578,0.10642671585083008,2
seg+pos,"(1.5, 20.0, 0.7, 0.6)",0.4381992071866989,0.03401625156402588,0.03247940540313721,2
seg+pos,"(1.5, 20.0, 0.7, 0.6)",0.47330915927886963,0.08328795433044434,0.0353316068649292,2
seg+pos,"(1.5, 20.0, 0.7, 0.6)",0.4207065999507904,0.05854612588882446,0.06623661518096924,2
seg+pos,"(1.5, 20.0, 0.7, 0.6)",0.44829873740673065,0.0600053071975708,0.025281190872192383,2
seg+pos,"(1.5, 20.0, 0.7, 0.6)",0.49510557949543,0.07016754150390625,0.00935351848602295,2
seg+pos,"(1.5, 20.0, 0.7, 0.6)",0.4382958263158798,0.023250281810760498,0.007462739944458008,2
seg+pos,"(1.5, 20.0, 0.7, 0.6)",0.42844635248184204,0.0787431001663208,0.09711194038391113,2
seg+pos,"(1.5, 20.0, 0.7, 0.6)",0.440419539809227,0.06741708517074585,0.010483622550964355,2
seg+pos,"(1.5, 20.0, 0.7, 0.6)",0.4524322599172592,0.03230118751525879,0.07606160640716553,2
seg+pos,"(1.5, 20.0, 0.7, 0.6)",0.4534001797437668,0.035003602504730225,0.0579143762588501,2
seg+pos,"(1.5, 20.0, 0.7, 0.6)",0.4592525064945221,0.06719934940338135,0.00932931900024414,2
seg+pos,"(1.5, 20.0, 0.7, 0.6)",0.3999183773994446,0.012871325016021729,0.05784142017364502,2
seg+pos,"(1.5, 20.0, 0.7, -0.3)",0.4719897657632828,0.015477180480957031,0.10299015045166016,2
seg+pos,"(1.5, 20.0, 0.7, -0.3)",0.4495008736848831,0.09393453598022461,0.18436408042907715,2
seg+pos,"(1.5, 20.0, 0.7, -0.3)",0.4457268565893173,0.03854602575302124,0.05623459815979004,2
seg+pos,"(1.5, 20.0, 0.7, -0.3)",0.43391484022140503,0.0997469425201416,0.15244817733764648,2
seg+pos,"(1.5, 20.0, 0.7, -0.3)",0.4695528447628021,0.021290481090545654,0.018613338470458984,2
seg+pos,"(1.5, 20.0, 0.7, -0.3)",0.4425684064626694,0.08571982383728027,0.11624038219451904,2
seg+pos,"(1.5, 20.0, 0.7, -0.3)",0.42577795684337616,0.09445255994796753,0.18706297874450684,2
seg+pos,"(1.5, 20.0, 0.7, -0.3)",0.4781807065010071,0.05388551950454712,0.08230829238891602,2
seg+pos,"(1.5, 20.0, 0.7, -0.3)",0.46464014053344727,0.02438300848007202,0.041373491287231445,2
seg+pos,"(1.5, 20.0, 0.7, -0.3)",0.4007614552974701,0.0600549578666687,0.05614340305328369,2
seg+pos,"(1.5, 20.0, 0.7, -0.3)",0.46334607899188995,0.03902047872543335,0.1478111743927002,2
seg+pos,"(1.5, 20.0, 0.7, -0.3)",0.43512842059135437,0.03360182046890259,0.020007610321044922,2
seg+pos,"(1.5, 20.0, 0.7, -0.3)",0.4203290641307831,0.034398555755615234,0.02545332908630371,2
seg+pos,"(1.5, 20.0, 0.7, -0.3)",0.4432854950428009,0.08030587434768677,0.16947507858276367,2
seg+pos,"(1.5, 20.0, 0.7, -0.3)",0.47166571021080017,0.09394985437393188,0.14011812210083008,2
seg+pos,"(3.0, 8.0, 0.3, 0.0)",1.5592981576919556,0.7014780044555664,1.1754441261291504,2
seg+pos,"(3.0, 8.0, 0.3, 0.0)",1.511722981929779,0.7160289287567139,0.9031593799591064,2
seg+pos,"(3.0, 8.0, 0.3, 0.0)",1.5082623958587646,0.7276312112808228,1.0167169570922852,2
seg+pos,"(3.0, 8.0, 0.3, 0.0)",1.5466429591178894,0.7282555103302002,1.2404301166534424,2
seg+pos,"(3.0, 8.0, 0.3, 0.0)",1.520425796508789,0.6713964939117432,1.026261806488037,2
seg+pos,"(3.0, 8.0, 0.3, 0.0)",1.5572170615196228,0.7299987077713013,1.0125441551208496,2
seg+pos,"(3.0, 8.0, 0.3, 0.0)",1.5806952714920044,0.6928645372390747,1.052245855331421,2
seg+pos,"(3.0, 8.0, 0.3, 0.0)",1.5282395482063293,0.7359052896499634,1.0659728050231934,2
seg+pos,"(3.0, 8.0, 0.3, 0.0)",1.559018611907959,0.7695543766021729,1.146768569946289,2
seg+pos,"(3.0, 8.0, 0.3, 0.0)",1.5115904808044434,0.73576819896698,0.853416919708252,2
seg+pos,"(3.0, 8.0, 0.3, 0.0)",1.5742207169532776,0.6957237720489502,1.0355017185211182,2
seg+pos,"(3.0, 8.0, 0.3, 0.0)",1.516144037246704,0.6743215322494507,1.0840351581573486,2
seg+pos,"(3.0, 8.0, 0.3, 0.0)",1.4877041578292847,0.6222819089889526,0.7911357879638672,2
seg+pos,"(3.0, 8.0, 0.3, 0.0)",1.5173841714859009,0.8006731271743774,1.0052297115325928,2
seg+pos,"(3.0, 8.0, 0.3, 0.0)",1.5407156348228455,0.7191454172134399,1.0041306018829346,2
seg+pos,"(3.0, 8.0, 0.3, 0.3)",1.535220444202423,0.6024669408798218,0.743131160736084,2
seg+pos,"(3.0, 8.0, 0.3, 0.3)",1.486121654510498,0.6628185510635376,0.8167357444763184,2
seg+pos,"(3.0, 8.0, 0.3, 0.3)",1.5898824334144592,0.9419280886650085,0.9544188976287842,2
seg+pos,"(3.0, 8.0, 0.3, 0.3)",1.4501366019248962,0.5766675472259521,0.8394854068756104,2
seg+pos,"(3.0, 8.0, 0.3, 0.3)",1.5620164275169373,0.8172776103019714,0.9877645969390869,2
seg+pos,"(3.0, 8.0, 0.3, 0.3)",1.4635636806488037,0.6042031049728394,0.8219141960144043,2
seg+pos,"(3.0, 8.0, 0.3, 0.3)",1.60370671749115,0.8710594773292542,0.8837389945983887,2
seg+pos,"(3.0, 8.0, 0.3, 0.3)",1.4874358177185059,0.6930371522903442,0.912426233291626,2
seg+pos,"(3.0, 8.0, 0.3, 0.3)",1.508264422416687,0.6240013837814331,0.8735284805297852,2
seg+pos,"(3.0, 8.0, 0.3, 0.3)",1.5394154787063599,0.7323000431060791,0.8342053890228271,2
seg+pos,"(3.0, 8.0, 0.3, 0.3)",1.520228624343872,0.6426222324371338,0.8111045360565186,2
seg+pos,"(3.0, 8.0, 0.3, 0.3)",1.5355194211006165,0.8395765423774719,0.9056823253631592,2
seg+pos,"(3.0, 8.0, 0.3, 0.3)",1.5351062417030334,0.707566499710083,0.8771779537200928,2
seg+pos,"(3.0, 8.0, 0.3, 0.3)",1.5654650926589966,0.6368628740310669,0.7756357192993164,2
seg+pos,"(3.0, 8.0, 0.3, 0.3)",1.5614233016967773,0.8373469710350037,0.8378851413726807,2
seg+pos,"(3.0, 8.0, 0.3, 0.6)",1.5712806582450867,0.7636667490005493,0.5237464904785156,2
seg+pos,"(3.0, 8.0, 0.3, 0.6)",1.5611782670021057,0.6651102304458618,0.477062463760376,2
seg+pos,"(3.0, 8.0, 0.3, 0.6)",1.5584153532981873,0.6923182010650635,0.5101819038391113,2
seg+pos,"(3.0, 8.0, 0.3, 0.6)",1.5147185325622559,0.5558509826660156,0.6828696727752686,2
seg+pos,"(3.0, 8.0, 0.3, 0.6)",1.607277274131775,0.9204666614532471,0.7725898027420044,2
seg+pos,"(3.0, 8.0, 0.3, 0.6)",1.5664746761322021,0.7613948583602905,0.6181070804595947,2
seg+pos,"(3.0, 8.0, 0.3, 0.6)",1.53860604763031,0.6884751319885254,0.6555695533752441,2
seg+pos,"(3.0, 8.0, 0.3, 0.6)",1.5372375845909119,0.8162339329719543,0.5833351612091064,2
seg+pos,"(3.0, 8.0, 0.3, 0.6)",1.5238528847694397,0.7768591046333313,0.64156174659729,2
seg+pos,"(3.0, 8.0, 0.3, 0.6)",1.508023202419281,0.6842265129089355,0.6219232082366943,2
seg+pos,"(3.0, 8.0, 0.3, 0.6)",1.5399569272994995,0.6462452411651611,0.5214629173278809,2
seg+pos,"(3.0, 8.0, 0.3, 0.6)",1.497913420200348,0.7229443788528442,0.6723251342773438,2
seg+pos,"(3.0, 8.0, 0.3, 0.6)",1.5166682600975037,0.6745040416717529,0.6945422887802124,2
seg+pos,"(3.0, 8.0, 0.3, 0.6)",1.6081794500350952,0.7216155529022217,0.2951653003692627,2
seg+pos,"(3.0, 8.0, 0.3, 0.6)",1.5528106093406677,0.6813353300094604,0.5247256755828857,2
seg+pos,"(3.0, 8.0, 0.3, -0.3)",1.4917726516723633,0.725776195526123,1.24055814743042,2
seg+pos,"(3.0, 8.0, 0.3, -0.3)",1.5800533890724182,0.6641608476638794,1.0447540283203125,2
seg+pos,"(3.0, 8.0, 0.3, -0.3)",1.4948174953460693,0.7424039840698242,1.160001516342163,2
seg+pos,"(3.0, 8.0, 0.3, -0.3)",1.4790860414505005,0.7238271236419678,1.2513213157653809,2
seg+pos,"(3.0, 8.0, 0.3, -0.3)",1.5235365629196167,0.7303569316864014,1.128655195236206,2
seg+pos,"(3.0, 8.0, 0.3, -0.3)",1.5346492528915405,0.7766989469528198,1.138258695602417,2
seg+pos,"(3.0, 8.0, 0.3, -0.3)",1.5860309600830078,0.7485804557800293,1.3111443519592285,2
seg+pos,"(3.0, 8.0, 0.3, -0.3)",1.549813985824585,0.7069193124771118,0.9865245819091797,2
seg+pos,"(3.0, 8.0, 0.3, -0.3)",1.5010231733322144,0.7106479406356812,1.1590654850006104,2
seg+pos,"(3.0, 8.0, 0.3, -0.3)",1.5289375185966492,0.8682142496109009,1.6102104187011719,2
seg+pos,"(3.0, 8.0, 0.3, -0.3)",1.5912433862686157,0.7836813926696777,1.2838966846466064,2
seg+pos,"(3.0, 8.0, 0.3, -0.3)",1.4939624667167664,0.7005890607833862,1.137059211730957,2
seg+pos,"(3.0, 8.0, 0.3, -0.3)",1.5036422610282898,0.7787789106369019,1.2058193683624268,2
seg+pos,"(3.0, 8.0, 0.3, -0.3)",1.6100201606750488,0.8225261569023132,1.4754672050476074,2
seg+pos,"(3.0, 8.0, 0.3, -0.3)",1.516196846961975,0.6098510026931763,1.1803314685821533,2
seg+pos,"(3.0, 8.0, 0.7, 0.0)",1.0592983961105347,0.3314148187637329,0.4114089012145996,2
seg+pos,"(3.0, 8.0, 0.7, 0.0)",1.0932244062423706,0.28994739055633545,0.46070241928100586,2
seg+pos,"(3.0, 8.0, 0.7, 0.0)",1.0572181940078735,0.36021292209625244,0.48882269859313965,2
seg+pos,"(3.0, 8.0, 0.7, 0.0)",1.1425750255584717,0.460837721824646,0.5436625480651855,2
seg+pos,"(3.0, 8.0, 0.7, 0.0)",1.1575708985328674,0.3769645690917969,0.35430479049682617,2
seg+pos,"(3.0, 8.0, 0.7, 0.0)",1.0911540985107422,0.3500603437423706,0.5766167640686035,2
seg+pos,"(3.0, 8.0, 0.7, 0.0)",1.0761134028434753,0.3626314401626587,0.48566389083862305,2
seg+pos,"(3.0, 8.0, 0.7, 0.0)",1.0682978630065918,0.3335150480270386,0.5264363288879395,2
seg+pos,"(3.0, 8.0, 0.7, 0.0)",1.090275526046753,0.3833465576171875,0.5022368431091309,2
seg+pos,"(3.0, 8.0, 0.7, 0.0)",1.0350559949874878,0.32055413722991943,0.5175256729125977,2
seg+pos,"(3.0, 8.0, 0.7, 0.0)",1.082187533378601,0.3257046937942505,0.4815678596496582,2
seg+pos,"(3.0, 8.0, 0.7, 0.0)",1.1131279468536377,0.32933735847473145,0.7620961666107178,2
seg+pos,"(3.0, 8.0, 0.7, 0.0)",1.0746915340423584,0.328405499458313,0.4344313144683838,2
seg+pos,"(3.0, 8.0, 0.7, 0.0)",1.0743381977081299,0.2916303873062134,0.28094005584716797,2
seg+pos,"(3.0, 8.0, 0.7, 0.0)",1.0663319826126099,0.3746047019958496,0.6418843269348145,2
seg+pos,"(3.0, 8.0, 0.7, 0.3)",1.0051544904708862,0.3167077302932739,0.404355525970459,2
seg+pos,"(3.0, 8.0, 0.7, 0.3)",1.0751264691352844,0.3311476707458496,0.3366677761077881,2
seg+pos,"(3.0, 8.0, 0.7, 0.3)",1.05208820104599,0.3201112747192383,0.48406171798706055,2
seg+pos,"(3.0, 8.0, 0.7, 0.3)",1.1094514727592468,0.27873170375823975,0.28969430923461914,2
seg+pos,"(3.0, 8.0, 0.7, 0.3)",1.0586674809455872,0.24799418449401855,0.23197627067565918,2
seg+pos,"(3.0, 8.0, 0.7, 0.3)",1.0958902835845947,0.3393498659133911,0.3009946346282959,2
seg+pos,"(3.0, 8.0, 0.7, 0.3)",1.154950737953186,0.3236827850341797,0.39913058280944824,2
seg+pos,"(3.0, 8.0, 0.7, 0.3)",1.0379614233970642,0.292100191116333,0.3299131393432617,2
seg+pos,"(3.0, 8.0, 0.7, 0.3)",1.1586135625839233,0.4345543384552002,0.36007094383239746,2
seg+pos,"(3.0, 8.0, 0.7, 0.3)",1.0304110050201416,0.2771366834640503,0.30133843421936035,2
seg+pos,"(3.0, 8.0, 0.7, 0.3)",1.0947973728179932,0.28994274139404297,0.4893527030944824,2
seg+pos,"(3.0, 8.0, 0.7, 0.3)",1.0265536904335022,0.33215904235839844,0.3992044925689697,2
seg+pos,"(3.0, 8.0, 0.7, 0.3)",1.0722443461418152,0.27585840225219727,0.337017297744751,2
seg+pos,"(3.0, 8.0, 0.7, 0.3)",1.0449552834033966,0.31513941287994385,0.42069149017333984,2
seg+pos,"(3.0, 8.0, 0.7, 0.3)",1.1350974440574646,0.37389087677001953,0.2994537353515625,2
seg+pos,"(3.0, 8.0, 0.7, 0.6)",1.1684861183166504,0.2483457326889038,0.13977932929992676,2
seg+pos,"(3.0, 8.0, 0.7, 0.6)",1.0587060451507568,0.38432979583740234,0.1802501678466797,2
seg+pos,"(3.0, 8.0, 0.7, 0.6)",1.132926106452942,0.27974236011505127,0.15024161338806152,2
seg+pos,"(3.0, 8.0, 0.7, 0.6)",1.026499092578888,0.2891291379928589,0.1429300308227539,2
seg+pos,"(3.0, 8.0, 0.7, 0.6)",1.0879475474357605,0.3185720443725586,0.16665410995483398,2
seg+pos,"(3.0, 8.0, 0.7, 0.6)",1.0675432682037354,0.29705584049224854,0.1878819465637207,2
seg+pos,"(3.0, 8.0, 0.7, 0.6)",1.0560890436172485,0.2686796188354492,0.15915298461914062,2
seg+pos,"(3.0, 8.0, 0.7, 0.6)",1.1656306982040405,0.2784419059753418,0.13761329650878906,2
seg+pos,"(3.0, 8.0, 0.7, 0.6)",1.062837302684784,0.2818082571029663,0.15735268592834473,2
seg+pos,"(3.0, 8.0, 0.7, 0.6)",0.9729890823364258,0.2477508783340454,0.17280292510986328,2
seg+pos,"(3.0, 8.0, 0.7, 0.6)",1.160849153995514,0.32700157165527344,0.36708712577819824,2
seg+pos,"(3.0, 8.0, 0.7, 0.6)",1.0221854448318481,0.23450100421905518,0.258439302444458,2
seg+pos,"(3.0, 8.0, 0.7, 0.6)",1.1219686269760132,0.27046823501586914,0.15798425674438477,2
seg+pos,"(3.0, 8.0, 0.7, 0.6)",1.0823971629142761,0.3183404207229614,0.2911539077758789,2
seg+pos,"(3.0, 8.0, 0.7, 0.6)",1.1310613751411438,0.41674232482910156,0.22960400581359863,2
seg+pos,"(3.0, 8.0, 0.7, -0.3)",1.0565463304519653,0.31300055980682373,0.6965386867523193,2
seg+pos,"(3.0, 8.0, 0.7, -0.3)",1.0092494189739227,0.2429424524307251,0.3501863479614258,2
seg+pos,"(3.0, 8.0, 0.7, -0.3)",1.0255232453346252,0.23562300205230713,0.2640972137451172,2
seg+pos,"(3.0, 8.0, 0.7, -0.3)",1.113239347934723,0.2980508804321289,0.6090912818908691,2
seg+pos,"(3.0, 8.0, 0.7, -0.3)",1.0692697763442993,0.35950732231140137,0.651836633682251,2
seg+pos,"(3.0, 8.0, 0.7, -0.3)",1.0613903999328613,0.2842611074447632,0.5061769485473633,2
seg+pos,"(3.0, 8.0, 0.7, -0.3)",1.1194601655006409,0.33084702491760254,0.4146890640258789,2
seg+pos,"(3.0, 8.0, 0.7, -0.3)",1.0516316294670105,0.27085256576538086,0.3939933776855469,2
seg+pos,"(3.0, 8.0, 0.7, -0.3)",1.1234251260757446,0.3921213150024414,0.7438926696777344,2
seg+pos,"(3.0, 8.0, 0.7, -0.3)",1.0802428722381592,0.35028505325317383,0.5629868507385254,2
seg+pos,"(3.0, 8.0, 0.7, -0.3)",1.1279121041297913,0.3077423572540283,0.4537806510925293,2
seg+pos,"(3.0, 8.0, 0.7, -0.3)",1.0839715003967285,0.3037228584289551,0.42928409576416016,2
seg+pos,"(3.0, 8.0, 0.7, -0.3)",1.0677798986434937,0.38573288917541504,0.6674516201019287,2
seg+pos,"(3.0, 8.0, 0.7, -0.3)",1.0108073949813843,0.3738807439804077,0.6831026077270508,2
seg+pos,"(3.0, 8.0, 0.7, -0.3)",1.0803182125091553,0.2123328447341919,0.2686805725097656,2
seg+pos,"(3.0, 20.0, 0.3, 0.0)",1.210063099861145,0.33762025833129883,0.4779179096221924,2
seg+pos,"(3.0, 20.0, 0.3, 0.0)",1.2368462681770325,0.38680005073547363,0.523329496383667,2
seg+pos,"(3.0, 20.0, 0.3, 0.0)",1.288767158985138,0.43768739700317383,0.6319875717163086,2
seg+pos,"(3.0, 20.0, 0.3, 0.0)",1.2649223804473877,0.4298563003540039,0.6486356258392334,2
seg+pos,"(3.0, 20.0, 0.3, 0.0)",1.2009266018867493,0.3527865409851074,0.5904066562652588,2
seg+pos,"(3.0, 20.0, 0.3, 0.0)",1.1752440929412842,0.35494697093963623,0.4430820941925049,2
seg+pos,"(3.0, 20.0, 0.3, 0.0)",1.1949000358581543,0.3786574602127075,0.6485702991485596,2
seg+pos,"(3.0, 20.0, 0.3, 0.0)",1.2798377871513367,0.3647090196609497,0.5044310092926025,2
seg+pos,"(3.0, 20.0, 0.3, 0.0)",1.2305527329444885,0.47119247913360596,0.5663976669311523,2
seg+pos,"(3.0, 20.0, 0.3, 0.0)",1.2067486643791199,0.4274864196777344,0.6288533210754395,2
seg+pos,"(3.0, 20.0, 0.3, 0.0)",1.2310243844985962,0.38320600986480713,0.7244720458984375,2
seg+pos,"(3.0, 20.0, 0.3, 0.0)",1.286263883113861,0.48906123638153076,0.5961055755615234,2
seg+pos,"(3.0, 20.0, 0.3, 0.0)",1.236093282699585,0.39424312114715576,0.5252418518066406,2
seg+pos,"(3.0, 20.0, 0.3, 0.0)",1.2679424285888672,0.4253948926925659,0.7145204544067383,2
seg+pos,"(3.0, 20.0, 0.3, 0.0)",1.247499406337738,0.44575774669647217,0.6244080066680908,2
seg+pos,"(3.0, 20.0, 0.3, 0.3)",1.2524443864822388,0.489505410194397,0.6755244731903076,2
seg+pos,"(3.0, 20.0, 0.3, 0.3)",1.2623001337051392,0.47242212295532227,0.4986991882324219,2
seg+pos,"(3.0, 20.0, 0.3, 0.3)",1.189868986606598,0.515883207321167,0.5426223278045654,2
seg+pos,"(3.0, 20.0, 0.3, 0.3)",1.2326401472091675,0.5825401544570923,0.47600817680358887,2
seg+pos,"(3.0, 20.0, 0.3, 0.3)",1.2165902853012085,0.4227496385574341,0.48435473442077637,2
seg+pos,"(3.0, 20.0, 0.3, 0.3)",1.251964271068573,0.4618213176727295,0.5177686214447021,2
seg+pos,"(3.0, 20.0, 0.3, 0.3)",1.2595725059509277,0.39595913887023926,0.43202710151672363,2
seg+pos,"(3.0, 20.0, 0.3, 0.3)",1.2090733051300049,0.3677382469177246,0.5335023403167725,2
seg+pos,"(3.0, 20.0, 0.3, 0.3)",1.177856981754303,0.30434131622314453,0.37901949882507324,2
seg+pos,"(3.0, 20.0, 0.3, 0.3)",1.1790680885314941,0.3574960231781006,0.5505337715148926,2
seg+pos,"(3.0, 20.0, 0.3, 0.3)",1.235522985458374,0.4252253770828247,0.3292734622955322,2
seg+pos,"(3.0, 20.0, 0.3, 0.3)",1.2675159573554993,0.4057912826538086,0.5580019950866699,2
seg+pos,"(3.0, 20.0, 0.3, 0.3)",1.2700474858283997,0.39321208000183105,0.44980692863464355,2
seg+pos,"(3.0, 20.0, 0.3, 0.3)",1.2142767310142517,0.4583207368850708,0.4912731647491455,2
seg+pos,"(3.0, 20.0, 0.3, 0.3)",1.205798625946045,0.4244496822357178,0.3150956630706787,2
seg+pos,"(3.0, 20.0, 0.3, 0.6)",1.1519716382026672,0.27575135231018066,0.19044756889343262,2
seg+pos,"(3.0, 20.0, 0.3, 0.6)",1.2519496083259583,0.42309582233428955,0.20964884757995605,2
seg+pos,"(3.0, 20.0, 0.3, 0.6)",1.1822254061698914,0.37056243419647217,0.29949402809143066,2
seg+pos,"(3.0, 20.0, 0.3, 0.6)",1.2442576885223389,0.47436487674713135,0.37125468254089355,2
seg+pos,"(3.0, 20.0, 0.3, 0.6)",1.1541779041290283,0.4065462350845337,0.4959847927093506,2
seg+pos,"(3.0, 20.0, 0.3, 0.6)",1.1720234751701355,0.3937220573425293,0.3398780822753906,2
seg+pos,"(3.0, 20.0, 0.3, 0.6)",1.186280071735382,0.40808165073394775,0.3765392303466797,2
seg+pos,"(3.0, 20.0, 0.3, 0.6)",1.2093552350997925,0.3731405735015869,0.2767043113708496,2
seg+pos,"(3.0, 20.0, 0.3, 0.6)",1.2925889492034912,0.49170053005218506,0.36608195304870605,2
seg+pos,"(3.0, 20.0, 0.3, 0.6)",1.2053848505020142,0.3326338529586792,0.20339465141296387,2
seg+pos,"(3.0, 20.0, 0.3, 0.6)",1.2062323093414307,0.4275698661804199,0.17400574684143066,2
seg+pos,"(3.0, 20.0, 0.3, 0.6)",1.2595269680023193,0.3892056941986084,0.30507850646972656,2
seg+pos,"(3.0, 20.0, 0.3, 0.6)",1.2193748950958252,0.4470311403274536,0.2863461971282959,2
seg+pos,"(3.0, 20.0, 0.3, 0.6)",1.2018508911132812,0.4822758436203003,0.34956789016723633,2
seg+pos,"(3.0, 20.0, 0.3, 0.6)",1.2048672437667847,0.4108703136444092,0.2597005367279053,2
seg+pos,"(3.0, 20.0, 0.3, -0.3)",1.172998309135437,0.34248876571655273,0.5194258689880371,2
seg+pos,"(3.0, 20.0, 0.3, -0.3)",1.2773086428642273,0.4511028528213501,0.8911898136138916,2
seg+pos,"(3.0, 20.0, 0.3, -0.3)",1.1974334716796875,0.4116448163986206,0.718752384185791,2
seg+pos,"(3.0, 20.0, 0.3, -0.3)",1.1783255338668823,0.3614264726638794,0.5963559150695801,2
seg+pos,"(3.0, 20.0, 0.3, -0.3)",1.2516582012176514,0.31123268604278564,0.4410886764526367,2
seg+pos,"(3.0, 20.0, 0.3, -0.3)",1.2272973656654358,0.4512655735015869,0.8117709159851074,2
seg+pos,"(3.0, 20.0, 0.3, -0.3)",1.196319818496704,0.3879880905151367,0.5630810260772705,2
seg+pos,"(3.0, 20.0, 0.3, -0.3)",1.2720713019371033,0.4147759675979614,0.7411758899688721,2
seg+pos,"(3.0, 20.0, 0.3, -0.3)",1.1903458833694458,0.293695330619812,0.44922351837158203,2
seg+pos,"(3.0, 20.0, 0.3, -0.3)",1.2344318628311157,0.4171088933944702,0.6815342903137207,2
seg+pos,"(3.0, 20.0, 0.3, -0.3)",1.2498740553855896,0.4177631139755249,0.7611789703369141,2
seg+pos,"(3.0, 20.0, 0.3, -0.3)",1.186302661895752,0.3803507089614868,0.846782922744751,2
seg+pos,"(3.0, 20.0, 0.3, -0.3)",1.2671502232551575,0.40804243087768555,0.7427806854248047,2
seg+pos,"(3.0, 20.0, 0.3, -0.3)",1.2421866059303284,0.3773432970046997,0.6605396270751953,2
seg+pos,"(3.0, 20.0, 0.3, -0.3)",1.199767827987671,0.39762377738952637,0.7457118034362793,2
seg+pos,"(3.0, 20.0, 0.7, 0.0)",0.7122648656368256,0.07193279266357422,0.24579906463623047,2
seg+pos,"(3.0, 20.0, 0.7, 0.0)",0.7543034553527832,0.11070454120635986,0.10821771621704102,2
seg+pos,"(3.0, 20.0, 0.7, 0.0)",0.7122881412506104,0.04788923263549805,0.07665777206420898,2
seg+pos,"(3.0, 20.0, 0.7, 0.0)",0.6731624901294708,0.048166751861572266,0.07622528076171875,2
seg+pos,"(3.0, 20.0, 0.7, 0.0)",0.6953403353691101,0.10695993900299072,0.1674365997314453,2
seg+pos,"(3.0, 20.0, 0.7, 0.0)",0.6915668249130249,0.08612728118896484,0.1490011215209961,2
seg+pos,"(3.0, 20.0, 0.7, 0.0)",0.7657587826251984,0.10382270812988281,0.17691993713378906,2
seg+pos,"(3.0, 20.0, 0.7, 0.0)",0.6981228590011597,0.06776297092437744,0.07708358764648438,2
seg+pos,"(3.0, 20.0, 0.7, 0.0)",0.6863874197006226,0.048822641372680664,0.3205394744873047,2
seg+pos,"(3.0, 20.0, 0.7, 0.0)",0.6791796088218689,0.10305941104888916,0.1434926986694336,2
seg+pos,"(3.0, 20.0, 0.7, 0.0)",0.7035267651081085,0.05233919620513916,0.10734224319458008,2
seg+pos,"(3.0, 20.0, 0.7, 0.0)",0.6828076243400574,0.06516027450561523,0.023506641387939453,2
seg+pos,"(3.0, 20.0, 0.7, 0.0)",0.6663051545619965,0.10294973850250244,0.13922500610351562,2
seg+pos,"(3.0, 20.0, 0.7, 0.0)",0.7208758890628815,0.05411064624786377,0.10998058319091797,2
seg+pos,"(3.0, 20.0, 0.7, 0.0)",0.718325138092041,0.09326410293579102,0.07997560501098633,2
seg+pos,"(3.0, 20.0, 0.7, 0.3)",0.6815401017665863,0.13127458095550537,0.14994335174560547,2
seg+pos,"(3.0, 20.0, 0.7, 0.3)",0.7159048616886139,0.06119692325592041,0.04041552543640137,2
seg+pos,"(3.0, 20.0, 0.7, 0.3)",0.7219604253768921,0.08062922954559326,0.05535125732421875,2
seg+pos,"(3.0, 20.0, 0.7, 0.3)",0.7585935890674591,0.12752628326416016,0.10769987106323242,2
seg+pos,"(3.0, 20.0, 0.7, 0.3)",0.7098276615142822,0.10270345211029053,0.12546515464782715,2
seg+pos,"(3.0, 20.0, 0.7, 0.3)",0.7103066146373749,0.0867997407913208,0.21081280708312988,2
seg+pos,"(3.0, 20.0, 0.7, 0.3)",0.7322422564029694,0.07762598991394043,0.08729410171508789,2
seg+pos,"(3.0, 20.0, 0.7, 0.3)",0.6720981001853943,0.10333597660064697,0.07324814796447754,2
seg+pos,"(3.0, 20.0, 0.7, 0.3)",0.7282337546348572,0.06036198139190674,0.09585094451904297,2
seg+pos,"(3.0, 20.0, 0.7, 0.3)",0.7067614197731018,0.030435919761657715,0.1446394920349121,2
seg+pos,"(3.0, 20.0, 0.7, 0.3)",0.6757337152957916,0.09359776973724365,0.04829239845275879,2
seg+pos,"(3.0, 20.0, 0.7, 0.3)",0.7433474063873291,0.09417665004730225,0.028119802474975586,2
seg+pos,"(3.0, 20.0, 0.7, 0.3)",0.7029569447040558,0.051110267639160156,0.013341188430786133,2
seg+pos,"(3.0, 20.0, 0.7, 0.3)",0.6963850557804108,0.09011399745941162,0.09191250801086426,2
seg+pos,"(3.0, 20.0, 0.7, 0.3)",0.679487407207489,0.07023918628692627,0.16006135940551758,2
seg+pos,"(3.0, 20.0, 0.7, 0.6)",0.68741574883461,0.06511390209197998,0.003027200698852539,2
seg+pos,"(3.0, 20.0, 0.7, 0.6)",0.6665555536746979,0.05318474769592285,0.013798236846923828,2
seg+pos,"(3.0, 20.0, 0.7, 0.6)",0.682399570941925,0.03750002384185791,0.0266268253326416,2
seg+pos,"(3.0, 20.0, 0.7, 0.6)",0.586313009262085,0.07758450508117676,0.0724174976348877,2
seg+pos,"(3.0, 20.0, 0.7, 0.6)",0.6867537498474121,0.059050679206848145,0.03734946250915527,2
seg+pos,"(3.0, 20.0, 0.7, 0.6)",0.7159434258937836,0.08966267108917236,0.20424890518188477,2
seg+pos,"(3.0, 20.0, 0.7, 0.6)",0.6647221744060516,0.05829787254333496,0.05784773826599121,2
seg+pos,"(3.0, 20.0, 0.7, 0.6)",0.7143722772598267,0.16386640071868896,0.269207239151001,2
seg+pos,"(3.0, 20.0, 0.7, 0.6)",0.7343291938304901,0.10372340679168701,0.03286409378051758,2
seg+pos,"(3.0, 20.0, 0.7, 0.6)",0.6949087679386139,0.05075407028198242,0.03208184242248535,2
seg+pos,"(3.0, 20.0, 0.7, 0.6)",0.6813296377658844,0.07424962520599365,0.0675346851348877,2
seg+pos,"(3.0, 20.0, 0.7, 0.6)",0.6783921718597412,0.08344078063964844,0.11528444290161133,2
seg+pos,"(3.0, 20.0, 0.7, 0.6)",0.7206594347953796,0.10255289077758789,0.10451602935791016,2
seg+pos,"(3.0, 20.0, 0.7, 0.6)",0.7341826558113098,0.041651368141174316,0.00035119056701660156,2
seg+pos,"(3.0, 20.0, 0.7, 0.6)",0.6988676488399506,0.10275673866271973,0.11565470695495605,2
seg+pos,"(3.0, 20.0, 0.7, -0.3)",0.7059817612171173,0.09564554691314697,0.1456165313720703,2
seg+pos,"(3.0, 20.0, 0.7, -0.3)",0.6905377805233002,0.03717374801635742,0.14373016357421875,2
seg+pos,"(3.0, 20.0, 0.7, -0.3)",0.7107018530368805,0.14492082595825195,0.2331695556640625,2
seg+pos,"(3.0, 20.0, 0.7, -0.3)",0.7171372175216675,0.09362566471099854,0.17398309707641602,2
seg+pos,"(3.0, 20.0, 0.7, -0.3)",0.6944764256477356,0.056765198707580566,0.09454917907714844,2
seg+pos,"(3.0, 20.0, 0.7, -0.3)",0.6686206459999084,0.10395312309265137,0.15076875686645508,2
seg+pos,"(3.0, 20.0, 0.7, -0.3)",0.677090972661972,0.10533261299133301,0.1772146224975586,2
seg+pos,"(3.0, 20.0, 0.7, -0.3)",0.6909496486186981,0.14222562313079834,0.35298824310302734,2
seg+pos,"(3.0, 20.0, 0.7, -0.3)",0.6629137396812439,0.062322020530700684,0.047183990478515625,2
seg+pos,"(3.0, 20.0, 0.7, -0.3)",0.6597690284252167,0.053938865661621094,0.09227180480957031,2
seg+pos,"(3.0, 20.0, 0.7, -0.3)",0.6319535374641418,0.008594274520874023,0.05114126205444336,2
seg+pos,"(3.0, 20.0, 0.7, -0.3)",0.7506328821182251,0.05632376670837402,0.10679769515991211,2
seg+pos,"(3.0, 20.0, 0.7, -0.3)",0.6878219246864319,0.1180257797241211,0.2139730453491211,2
seg+pos,"(3.0, 20.0, 0.7, -0.3)",0.7189079821109772,0.06599032878875732,0.10220146179199219,2
seg+pos,"(3.0, 20.0, 0.7, -0.3)",0.679183840751648,0.10107409954071045,0.16348838806152344,2
seg+pos+rms,"(1.5, 8.0, 0.3, 0.0)",0.846361517906189,0.27473652362823486,0.3450695276260376,0
seg+pos+rms,"(1.5, 8.0, 0.3, 0.0)",0.8105865716934204,0.22803527116775513,0.28444766998291016,0
seg+pos+rms,"(1.5, 8.0, 0.3, 0.0)",0.8666033446788788,0.2617869973182678,0.4767873287200928,0
seg+pos+rms,"(1.5, 8.0, 0.3, 0.0)",0.84871706366539,0.3110765814781189,0.37148547172546387,0
seg+pos+rms,"(1.5, 8.0, 0.3, 0.0)",0.8273555338382721,0.30493175983428955,0.34477508068084717,0
seg+pos+rms,"(1.5, 8.0, 0.3, 0.0)",0.8608847856521606,0.34642869234085083,0.44107985496520996,0
seg+pos+rms,"(1.5, 8.0, 0.3, 0.0)",0.8178173005580902,0.31525200605392456,0.4247790575027466,0
seg+pos+rms,"(1.5, 8.0, 0.3, 0.0)",0.8300474882125854,0.27668339014053345,0.420668363571167,0
seg+pos+rms,"(1.5, 8.0, 0.3, 0.0)",0.8464471101760864,0.23964017629623413,0.3533627986907959,0
seg+pos+rms,"(1.5, 8.0, 0.3, 0.0)",0.8748711347579956,0.2643285393714905,0.28244638442993164,0
seg+pos+rms,"(1.5, 8.0, 0.3, 0.0)",0.8384271264076233,0.2271391749382019,0.46303296089172363,0
seg+pos+rms,"(1.5, 8.0, 0.3, 0.0)",0.8348811864852905,0.27971017360687256,0.5220227241516113,0
seg+pos+rms,"(1.5, 8.0, 0.3, 0.0)",0.8107351362705231,0.258711576461792,0.34951353073120117,0
seg+pos+rms,"(1.5, 8.0, 0.3, 0.0)",0.8145554065704346,0.3263047933578491,0.5266554355621338,0
seg+pos+rms,"(1.5, 8.0, 0.3, 0.0)",0.8360249996185303,0.27196216583251953,0.3731633424758911,0
seg+pos+rms,"(1.5, 8.0, 0.3, 0.3)",0.8281187415122986,0.2912282943725586,0.28648221492767334,0
seg+pos+rms,"(1.5, 8.0, 0.3, 0.3)",0.8037112355232239,0.2796308398246765,0.1507200002670288,0
seg+pos+rms,"(1.5, 8.0, 0.3, 0.3)",0.83017697930336,0.16445869207382202,0.2531472444534302,0
seg+pos+rms,"(1.5, 8.0, 0.3, 0.3)",0.7816020250320435,0.19652217626571655,0.23873496055603027,0
seg+pos+rms,"(1.5, 8.0, 0.3, 0.3)",0.8146904408931732,0.23605751991271973,0.3398284912109375,0
seg+pos+rms,"(1.5, 8.0, 0.3, 0.3)",0.8114383220672607,0.34364694356918335,0.48392534255981445,0
seg+pos+rms,"(1.5, 8.0, 0.3, 0.3)",0.8419032096862793,0.277502179145813,0.2596246004104614,0
seg+pos+rms,"(1.5, 8.0, 0.3, 0.3)",0.8013927936553955,0.2394391894340515,0.3433654308319092,0
seg+pos+rms,"(1.5, 8.0, 0.3, 0.3)",0.8578724563121796,0.36585116386413574,0.3600860834121704,0
seg+pos+rms,"(1.5, 8.0, 0.3, 0.3)",0.8408104777336121,0.289031445980072,0.40468740463256836,0
seg+pos+rms,"(1.5, 8.0, 0.3, 0.3)",0.8656421899795532,0.3253994584083557,0.3475884199142456,0
seg+pos+rms,"(1.5, 8.0, 0.3, 0.3)",0.804499626159668,0.2751023769378662,0.29813170433044434,0
seg+pos+rms,"(1.5, 8.0, 0.3, 0.3)",0.8268942534923553,0.24173623323440552,0.16706347465515137,0
seg+pos+rms,"(1.5, 8.0, 0.3, 0.3)",0.8014350831508636,0.33802247047424316,0.4640047550201416,0
seg+pos+rms,"(1.5, 8.0, 0.3, 0.3)",0.844617635011673,0.3279857635498047,0.2740898132324219,0
seg+pos+rms,"(1.5, 8.0, 0.3, 0.6)",0.8179402649402618,0.2926597595214844,0.19050204753875732,0
seg+pos+rms,"(1.5, 8.0, 0.3, 0.6)",0.8065410852432251,0.31253498792648315,0.18737006187438965,0
seg+pos+rms,"(1.5, 8.0, 0.3, 0.6)",0.8491873741149902,0.28212398290634155,0.25047731399536133,0
seg+pos+rms,"(1.5, 8.0, 0.3, 0.6)",0.8171072006225586,0.22702407836914062,0.03538095951080322,0
seg+pos+rms,"(1.5, 8.0, 0.3, 0.6)",0.8704963624477386,0.2645469903945923,0.0741434097290039,0
seg+pos+rms,"(1.5, 8.0, 0.3, 0.6)",0.8311505615711212,0.35185158252716064,0.26573073863983154,0
seg+pos+rms,"(1.5, 8.0, 0.3, 0.6)",0.8497128188610077,0.3156096935272217,0.16219937801361084,0
seg+pos+rms,"(1.5, 8.0, 0.3, 0.6)",0.8566716909408569,0.23499023914337158,0.33501774072647095,0
seg+pos+rms,"(1.5, 8.0, 0.3, 0.6)",0.8919937014579773,0.3370777368545532,0.0191342830657959,0
seg+pos+rms,"(1.5, 8.0, 0.3, 0.6)",0.8571864366531372,0.2639317512512207,0.14278221130371094,0
seg+pos+rms,"(1.5, 8.0, 0.3, 0.6)",0.8519187569618225,0.2966477870941162,0.1315537691116333,0
seg+pos+rms,"(1.5, 8.0, 0.3, 0.6)",0.8400217890739441,0.2880880832672119,0.19129955768585205,0
seg+pos+rms,"(1.5, 8.0, 0.3, 0.6)",0.8128681480884552,0.2213558554649353,0.05093801021575928,0
seg+pos+rms,"(1.5, 8.0, 0.3, 0.6)",0.8370790481567383,0.2662361264228821,0.15464472770690918,0
seg+pos+rms,"(1.5, 8.0, 0.3, 0.6)",0.7893787622451782,0.3250499367713928,0.21942627429962158,0
seg+pos+rms,"(1.5, 8.0, 0.3, -0.3)",0.8792018294334412,0.28296172618865967,0.43601393699645996,0
seg+pos+rms,"(1.5, 8.0, 0.3, -0.3)",0.8540374338626862,0.25527530908584595,0.45780158042907715,0
seg+pos+rms,"(1.5, 8.0, 0.3, -0.3)",0.7935777902603149,0.2912296652793884,0.5200289487838745,0
seg+pos+rms,"(1.5, 8.0, 0.3, -0.3)",0.8610976338386536,0.35207605361938477,0.5681129693984985,0
seg+pos+rms,"(1.5, 8.0, 0.3, -0.3)",0.8686359822750092,0.31144458055496216,0.4948437213897705,0
seg+pos+rms,"(1.5, 8.0, 0.3, -0.3)",0.8770955801010132,0.21370738744735718,0.4458298683166504,0
seg+pos+rms,"(1.5, 8.0, 0.3, -0.3)",0.8117522299289703,0.3003370761871338,0.5495377779006958,0
seg+pos+rms,"(1.5, 8.0, 0.3, -0.3)",0.8271650075912476,0.28080683946609497,0.43170809745788574,0
seg+pos+rms,"(1.5, 8.0, 0.3, -0.3)",0.8980526030063629,0.3836420178413391,0.7067484855651855,0
seg+pos+rms,"(1.5, 8.0, 0.3, -0.3)",0.8317460715770721,0.26106542348861694,0.4549316167831421,0
seg+pos+rms,"(1.5, 8.0, 0.3, -0.3)",0.8782021701335907,0.36033493280410767,0.5949124097824097,0
seg+pos+rms,"(1.5, 8.0, 0.3, -0.3)",0.8425320684909821,0.29172593355178833,0.4706287384033203,0
seg+pos+rms,"(1.5, 8.0, 0.3, -0.3)",0.8473571240901947,0.29361891746520996,0.546660304069519,0
seg+pos+rms,"(1.5, 8.0, 0.3, -0.3)",0.8586621582508087,0.313567578792572,0.6696505546569824,0
seg+pos+rms,"(1.5, 8.0, 0.3, -0.3)",0.858625739812851,0.2503657937049866,0.3597904443740845,0
seg+pos+rms,"(1.5, 8.0, 0.7, 0.0)",0.6242765784263611,0.13584387302398682,0.19102168083190918,0
seg+pos+rms,"(1.5, 8.0, 0.7, 0.0)",0.6144388318061829,0.06725752353668213,0.08616328239440918,0
seg+pos+rms,"(1.5, 8.0, 0.7, 0.0)",0.6500988602638245,0.09519588947296143,0.2086954116821289,0
seg+pos+rms,"(1.5, 8.0, 0.7, 0.0)",0.6659765839576721,0.12888967990875244,0.19280529022216797,0
seg+pos+rms,"(1.5, 8.0, 0.7, 0.0)",0.590133547782898,0.14102411270141602,0.14881515502929688,0
seg+pos+rms,"(1.5, 8.0, 0.7, 0.0)",0.6256780624389648,0.0953722596168518,0.22661042213439941,0
seg+pos+rms,"(1.5, 8.0, 0.7, 0.0)",0.6274442970752716,0.15045106410980225,0.2951655387878418,0
seg+pos+rms,"(1.5, 8.0, 0.7, 0.0)",0.6149559617042542,0.051564812660217285,0.0694739818572998,0
seg+pos+rms,"(1.5, 8.0, 0.7, 0.0)",0.6142543256282806,0.0870814323425293,0.19462692737579346,0
seg+pos+rms,"(1.5, 8.0, 0.7, 0.0)",0.6184046566486359,0.04579955339431763,0.018884658813476562,0
seg+pos+rms,"(1.5, 8.0, 0.7, 0.0)",0.6197932660579681,0.11046034097671509,0.10016870498657227,0
seg+pos+rms,"(1.5, 8.0, 0.7, 0.0)",0.6165709793567657,0.08443772792816162,0.13281488418579102,0
seg+pos+rms,"(1.5, 8.0, 0.7, 0.0)",0.623202919960022,0.12009340524673462,0.1164999008178711,0
seg+pos+rms,"(1.5, 8.0, 0.7, 0.0)",0.5792074203491211,0.14570385217666626,0.18300604820251465,0
seg+pos+rms,"(1.5, 8.0, 0.7, 0.0)",0.6525408625602722,0.05165266990661621,0.1015629768371582,0
seg+pos+rms,"(1.5, 8.0, 0.7, 0.3)",0.6242254376411438,0.16655349731445312,0.12812399864196777,0
seg+pos+rms,"(1.5, 8.0, 0.7, 0.3)",0.6070491075515747,0.04059189558029175,0.014959573745727539,0
seg+pos+rms,"(1.5, 8.0, 0.7, 0.3)",0.6095229685306549,0.06131327152252197,0.12222540378570557,0
seg+pos+rms,"(1.5, 8.0, 0.7, 0.3)",0.6446313261985779,0.09498065710067749,0.024402618408203125,0
seg+pos+rms,"(1.5, 8.0, 0.7, 0.3)",0.6454526484012604,0.08796542882919312,0.21457123756408691,0
seg+pos+rms,"(1.5, 8.0, 0.7, 0.3)",0.6682190895080566,0.13327401876449585,0.09487342834472656,0
seg+pos+rms,"(1.5, 8.0, 0.7, 0.3)",0.6116169393062592,0.0595548152923584,0.04168379306793213,0
seg+pos+rms,"(1.5, 8.0, 0.7, 0.3)",0.6502826511859894,0.07690459489822388,0.0061109066009521484,0
seg+pos+rms,"(1.5, 8.0, 0.7, 0.3)",0.6402702033519745,0.06595867872238159,0.10960543155670166,0
seg+pos+rms,"(1.5, 8.0, 0.7, 0.3)",0.6553123891353607,0.1246519684791565,0.16720128059387207,0
seg+pos+rms,"(1.5, 8.0, 0.7, 0.3)",0.6129712164402008,0.05532073974609375,0.004999995231628418,0
seg+pos+rms,"(1.5, 8.0, 0.7, 0.3)",0.6229990124702454,0.07581561803817749,0.08358240127563477,0
seg+pos+rms,"(1.5, 8.0, 0.7, 0.3)",0.5914084613323212,0.057228684425354004,0.06890249252319336,0
seg+pos+rms,"(1.5, 8.0, 0.7, 0.3)",0.6532658040523529,0.06876540184020996,0.05377089977264404,0
seg+pos+rms,"(1.5, 8.0, 0.7, 0.3)",0.6035109162330627,0.10336899757385254,0.10672199726104736,0
seg+pos+rms,"(1.5, 8.0, 0.7, 0.6)",0.6141579151153564,0.08639746904373169,0.09738528728485107,0
seg+pos+rms,"(1.5, 8.0, 0.7, 0.6)",0.6342539489269257,0.11366826295852661,0.006737232208251953,0
seg+pos+rms,"(1.5, 8.0, 0.7, 0.6)",0.6000847816467285,0.06859999895095825,0.025061607360839844,0
seg+pos+rms,"(1.5, 8.0, 0.7, 0.6)",0.6418713927268982,0.11309713125228882,0.008845210075378418,0
seg+pos+rms,"(1.5, 8.0, 0.7, 0.6)",0.6448356211185455,0.1292019486427307,0.055697083473205566,0
seg+pos+rms,"(1.5, 8.0, 0.7, 0.6)",0.6551403999328613,0.11248844861984253,0.01258385181427002,0
seg+pos+rms,"(1.5, 8.0, 0.7, 0.6)",0.6184666156768799,0.06573629379272461,0.14403676986694336,0
seg+pos+rms,"(1.5, 8.0, 0.7, 0.6)",0.6532557010650635,0.18257582187652588,0.12866830825805664,0
seg+pos+rms,"(1.5, 8.0, 0.7, 0.6)",0.646988183259964,0.0790402889251709,0.03438413143157959,0
seg+pos+rms,"(1.5, 8.0, 0.7, 0.6)",0.6591428220272064,0.07694089412689209,0.0318981409072876,0
seg+pos+rms,"(1.5, 8.0, 0.7, 0.6)",0.6090583503246307,0.13435375690460205,0.05306243896484375,0
seg+pos+rms,"(1.5, 8.0, 0.7, 0.6)",0.6329798996448517,0.03350716829299927,0.026470065116882324,0
seg+pos+rms,"(1.5, 8.0, 0.7, 0.6)",0.6472146809101105,0.10151565074920654,0.08209812641143799,0
seg+pos+rms,"(1.5, 8.0, 0.7, 0.6)",0.6861101388931274,0.14249545335769653,0.02238595485687256,0
seg+pos+rms,"(1.5, 8.0, 0.7, 0.6)",0.6217557787895203,0.14026445150375366,0.13587474822998047,0
seg+pos+rms,"(1.5, 8.0, 0.7, -0.3)",0.6386050879955292,0.091927170753479,0.35030198097229004,0
seg+pos+rms,"(1.5, 8.0, 0.7, -0.3)",0.647177517414093,0.033843159675598145,0.03427267074584961,0
seg+pos+rms,"(1.5, 8.0, 0.7, -0.3)",0.6478427052497864,0.08884859085083008,0.20782876014709473,0
seg+pos+rms,"(1.5, 8.0, 0.7, -0.3)",0.6097403466701508,0.10448700189590454,0.1579580307006836,0
seg+pos+rms,"(1.5, 8.0, 0.7, -0.3)",0.6374786794185638,0.09392374753952026,0.20151102542877197,0
seg+pos+rms,"(1.5, 8.0, 0.7, -0.3)",0.6220569610595703,0.13058477640151978,0.2504422664642334,0
seg+pos+rms,"(1.5, 8.0, 0.7, -0.3)",0.6299963891506195,0.10091686248779297,0.24901890754699707,0
seg+pos+rms,"(1.5, 8.0, 0.7, -0.3)",0.5604034960269928,0.1055459976196289,0.09048223495483398,0
seg+pos+rms,"(1.5, 8.0, 0.7, -0.3)",0.6111302971839905,0.1302729845046997,0.2539517879486084,0
seg+pos+rms,"(1.5, 8.0, 0.7, -0.3)",0.609364926815033,0.09061586856842041,0.14833784103393555,0
seg+pos+rms,"(1.5, 8.0, 0.7, -0.3)",0.6159719824790955,0.1318044662475586,0.19848179817199707,0
seg+pos+rms,"(1.5, 8.0, 0.7, -0.3)",0.6161434054374695,0.15498101711273193,0.42462611198425293,0
seg+pos+rms,"(1.5, 8.0, 0.7, -0.3)",0.6287344098091125,0.09238642454147339,0.2169710397720337,0
seg+pos+rms,"(1.5, 8.0, 0.7, -0.3)",0.6508229076862335,0.20820099115371704,0.43571317195892334,0
seg+pos+rms,"(1.5, 8.0, 0.7, -0.3)",0.6452949345111847,0.08188700675964355,0.1016380786895752,0
seg+pos+rms,"(1.5, 20.0, 0.3, 0.0)",0.6940149068832397,0.1548062562942505,0.24200284481048584,0
seg+pos+rms,"(1.5, 20.0, 0.3, 0.0)",0.6610794365406036,0.15473854541778564,0.12329745292663574,0
seg+pos+rms,"(1.5, 20.0, 0.3, 0.0)",0.7128228545188904,0.11504638195037842,0.2663288116455078,0
seg+pos+rms,"(1.5, 20.0, 0.3, 0.0)",0.6795468330383301,0.13735365867614746,0.1944293975830078,0
seg+pos+rms,"(1.5, 20.0, 0.3, 0.0)",0.6812549233436584,0.15074461698532104,0.26028215885162354,0
seg+pos+rms,"(1.5, 20.0, 0.3, 0.0)",0.6381819248199463,0.1426457166671753,0.11732220649719238,0
seg+pos+rms,"(1.5, 20.0, 0.3, 0.0)",0.6996859908103943,0.11955243349075317,0.15270137786865234,0
seg+pos+rms,"(1.5, 20.0, 0.3, 0.0)",0.6881439685821533,0.20752620697021484,0.27236413955688477,0
seg+pos+rms,"(1.5, 20.0, 0.3, 0.0)",0.7111915051937103,0.14812326431274414,0.20105087757110596,0
seg+pos+rms,"(1.5, 20.0, 0.3, 0.0)",0.7189635932445526,0.15801352262496948,0.24438023567199707,0
seg+pos+rms,"(1.5, 20.0, 0.3, 0.0)",0.6742873191833496,0.145352303981781,0.23166108131408691,0
seg+pos+rms,"(1.5, 20.0, 0.3, 0.0)",0.7069858312606812,0.20345723628997803,0.321552038192749,0
seg+pos+rms,"(1.5, 20.0, 0.3, 0.0)",0.675003170967102,0.14074796438217163,0.14812254905700684,0
seg+pos+rms,"(1.5, 20.0, 0.3, 0.0)",0.6899438500404358,0.10493004322052002,0.19665992259979248,0
seg+pos+rms,"(1.5, 20.0, 0.3, 0.0)",0.7052800059318542,0.155969500541687,0.2655601501464844,0
seg+pos+rms,"(1.5, 20.0, 0.3, 0.3)",0.6664577722549438,0.1315588355064392,0.10018646717071533,0
seg+pos+rms,"(1.5, 20.0, 0.3, 0.3)",0.7162981033325195,0.12489348649978638,0.05374860763549805,0
seg+pos+rms,"(1.5, 20.0, 0.3, 0.3)",0.6859678328037262,0.15114259719848633,0.23807168006896973,0
seg+pos+rms,"(1.5, 20.0, 0.3, 0.3)",0.6865802705287933,0.17772424221038818,0.21894240379333496,0
seg+pos+rms,"(1.5, 20.0, 0.3, 0.3)",0.7024924457073212,0.16268116235733032,0.12169897556304932,0
seg+pos+rms,"(1.5, 20.0, 0.3, 0.3)",0.6761657893657684,0.1010899543762207,0.11036694049835205,0
seg+pos+rms,"(1.5, 20.0, 0.3, 0.3)",0.6845846772193909,0.13953429460525513,0.23833751678466797,0
seg+pos+rms,"(1.5, 20.0, 0.3, 0.3)",0.65984046459198,0.14112424850463867,0.08553016185760498,0
seg+pos+rms,"(1.5, 20.0, 0.3, 0.3)",0.6590800583362579,0.042287468910217285,0.04729008674621582,0
seg+pos+rms,"(1.5, 20.0, 0.3, 0.3)",0.7073496282100677,0.10681426525115967,0.14808928966522217,0
seg+pos+rms,"(1.5, 20.0, 0.3, 0.3)",0.6538034677505493,0.15068137645721436,0.2381647825241089,0
seg+pos+rms,"(1.5, 20.0, 0.3, 0.3)",0.6768301129341125,0.19062691926956177,0.20653486251831055,0
seg+pos+rms,"(1.5, 20.0, 0.3, 0.3)",0.6700349748134613,0.111996591091156,0.1168292760848999,0
seg+pos+rms,"(1.5, 20.0, 0.3, 0.3)",0.6572096347808838,0.13302963972091675,0.33403992652893066,0
seg+pos+rms,"(1.5, 20.0, 0.3, 0.3)",0.6859441995620728,0.1430012583732605,0.2572747468948364,0
seg+pos+rms,"(1.5, 20.0, 0.3, 0.6)",0.7389191389083862,0.07907438278198242,0.07391071319580078,0
seg+pos+rms,"(1.5, 20.0, 0.3, 0.6)",0.6885530352592468,0.17336368560791016,0.0739365816116333,0
seg+pos+rms,"(1.5, 20.0, 0.3, 0.6)",0.7095601558685303,0.05980175733566284,0.039983153343200684,0
seg+pos+rms,"(1.5, 20.0, 0.3, 0.6)",0.669285237789154,0.16782045364379883,0.053040385246276855,0
seg+pos+rms,"(1.5, 20.0, 0.3, 0.6)",0.7094817161560059,0.15514540672302246,0.0892871618270874,0
seg+pos+rms,"(1.5, 20.0, 0.3, 0.6)",0.6890129446983337,0.17096704244613647,0.1120980978012085,0
seg+pos+rms,"(1.5, 20.0, 0.3, 0.6)",0.7313011586666107,0.16347664594650269,0.1003108024597168,0
seg+pos+rms,"(1.5, 20.0, 0.3, 0.6)",0.7022252976894379,0.13788139820098877,0.006840825080871582,0
seg+pos+rms,"(1.5, 20.0, 0.3, 0.6)",0.7157264947891235,0.19185751676559448,0.0809926986694336,0
seg+pos+rms,"(1.5, 20.0, 0.3, 0.6)",0.6816920042037964,0.14058196544647217,0.0010353326797485352,0
seg+pos+rms,"(1.5, 20.0, 0.3, 0.6)",0.7067504823207855,0.15011131763458252,0.16587555408477783,0
seg+pos+rms,"(1.5, 20.0, 0.3, 0.6)",0.6763277053833008,0.1781519055366516,0.1286717653274536,0
seg+pos+rms,"(1.5, 20.0, 0.3, 0.6)",0.6892810761928558,0.09667867422103882,0.08171522617340088,0
seg+pos+rms,"(1.5, 20.0, 0.3, 0.6)",0.6860655248165131,0.12388324737548828,0.14333772659301758,0
seg+pos+rms,"(1.5, 20.0, 0.3, 0.6)",0.6998761594295502,0.1198464035987854,0.032711148262023926,0
seg+pos+rms,"(1.5, 20.0, 0.3, -0.3)",0.6993950605392456,0.10382950305938721,0.2010209560394287,0
seg+pos+rms,"(1.5, 20.0, 0.3, -0.3)",0.7122112512588501,0.12698394060134888,0.21605610847473145,0
seg+pos+rms,"(1.5, 20.0, 0.3, -0.3)",0.6593695282936096,0.08466917276382446,0.10664749145507812,0
seg+pos+rms,"(1.5, 20.0, 0.3, -0.3)",0.6913586258888245,0.1985154151916504,0.2919650077819824,0
seg+pos+rms,"(1.5, 20.0, 0.3, -0.3)",0.7136850357055664,0.1814005970954895,0.35809874534606934,0
seg+pos+rms,"(1.5, 20.0, 0.3, -0.3)",0.7008722722530365,0.18647688627243042,0.37926816940307617,0
seg+pos+rms,"(1.5, 20.0, 0.3, -0.3)",0.7104322612285614,0.09415340423583984,0.1691265106201172,0
seg+pos+rms,"(1.5, 20.0, 0.3, -0.3)",0.6856057941913605,0.06863051652908325,0.15143179893493652,0
seg+pos+rms,"(1.5, 20.0, 0.3, -0.3)",0.6653594374656677,0.06150650978088379,0.14605140686035156,0
seg+pos+rms,"(1.5, 20.0, 0.3, -0.3)",0.658973217010498,0.10286217927932739,0.15735268592834473,0
seg+pos+rms,"(1.5, 20.0, 0.3, -0.3)",0.6906786262989044,0.16073620319366455,0.27287209033966064,0
seg+pos+rms,"(1.5, 20.0, 0.3, -0.3)",0.6677383184432983,0.0826718807220459,0.05126214027404785,0
seg+pos+rms,"(1.5, 20.0, 0.3, -0.3)",0.6581858396530151,0.13199639320373535,0.20710086822509766,0
seg+pos+rms,"(1.5, 20.0, 0.3, -0.3)",0.692791610956192,0.15150463581085205,0.2449474334716797,0
seg+pos+rms,"(1.5, 20.0, 0.3, -0.3)",0.7027688324451447,0.15584343671798706,0.30970191955566406,0
seg+pos+rms,"(1.5, 20.0, 0.7, 0.0)",0.43148939311504364,0.035853803157806396,0.03037428855895996,0
seg+pos+rms,"(1.5, 20.0, 0.7, 0.0)",0.46279871463775635,0.03976285457611084,0.07118594646453857,0
seg+pos+rms,"(1.5, 20.0, 0.7, 0.0)",0.4608925133943558,0.05490845441818237,0.05608201026916504,0
seg+pos+rms,"(1.5, 20.0, 0.7, 0.0)",0.48091430962085724,0.015449285507202148,0.09100747108459473,0
seg+pos+rms,"(1.5, 20.0, 0.7, 0.0)",0.46395711600780487,0.03284811973571777,0.04942631721496582,0
seg+pos+rms,"(1.5, 20.0, 0.7, 0.0)",0.4770584851503372,0.025858521461486816,0.007689952850341797,0
seg+pos+rms,"(1.5, 20.0, 0.7, 0.0)",0.45269908010959625,0.04419076442718506,0.11608767509460449,0
seg+pos+rms,"(1.5, 20.0, 0.7, 0.0)",0.4587453752756119,0.006081938743591309,0.07831048965454102,0
seg+pos+rms,"(1.5, 20.0, 0.7, 0.0)",0.4800577163696289,0.0806649923324585,0.19646120071411133,0
seg+pos+rms,"(1.5, 20.0, 0.7, 0.0)",0.43487977981567383,0.024808406829833984,0.0034880638122558594,0
seg+pos+rms,"(1.5, 20.0, 0.7, 0.0)",0.5002170950174332,0.05072915554046631,0.011148691177368164,0
seg+pos+rms,"(1.5, 20.0, 0.7, 0.0)",0.4835365116596222,0.05268782377243042,0.03722238540649414,0
seg+pos+rms,"(1.5, 20.0, 0.7, 0.0)",0.48654904961586,0.027175426483154297,0.022088050842285156,0
seg+pos+rms,"(1.5, 20.0, 0.7, 0.0)",0.41007813811302185,0.02035742998123169,0.001269221305847168,0
seg+pos+rms,"(1.5, 20.0, 0.7, 0.0)",0.4770727753639221,0.018786311149597168,0.04400038719177246,0
seg+pos+rms,"(1.5, 20.0, 0.7, 0.3)",0.43525707721710205,0.04780292510986328,0.051381587982177734,0
seg+pos+rms,"(1.5, 20.0, 0.7, 0.3)",0.45523227751255035,0.056754887104034424,0.06244802474975586,0
seg+pos+rms,"(1.5, 20.0, 0.7, 0.3)",0.4615885615348816,0.08502769470214844,0.08476400375366211,0
seg+pos+rms,"(1.5, 20.0, 0.7, 0.3)",0.4662228226661682,0.04389911890029907,0.1426769495010376,0
seg+pos+rms,"(1.5, 20.0, 0.7, 0.3)",0.46052026748657227,0.07096368074417114,0.1942281723022461,0
seg+pos+rms,"(1.5, 20.0, 0.7, 0.3)",0.4399995803833008,0.07383430004119873,0.0010251998901367188,0
seg+pos+rms,"(1.5, 20.0, 0.7, 0.3)",0.4627314954996109,0.020533502101898193,0.030482888221740723,0
seg+pos+rms,"(1.5, 20.0, 0.7, 0.3)",0.443889856338501,0.044541001319885254,0.04206728935241699,0
seg+pos+rms,"(1.5, 20.0, 0.7, 0.3)",0.4545014500617981,0.04770249128341675,0.046935081481933594,0
seg+pos+rms,"(1.5, 20.0, 0.7, 0.3)",0.4252314567565918,0.025171875953674316,0.02491176128387451,0
seg+pos+rms,"(1.5, 20.0, 0.7, 0.3)",0.45790810883045197,0.018352150917053223,0.0006541013717651367,0
seg+pos+rms,"(1.5, 20.0, 0.7, 0.3)",0.46518397331237793,0.030032873153686523,0.04045593738555908,0
seg+pos+rms,"(1.5, 20.0, 0.7, 0.3)",0.4508291482925415,0.03463101387023926,0.020814895629882812,0
seg+pos+rms,"(1.5, 20.0, 0.7, 0.3)",0.46813182532787323,0.060586392879486084,0.14118194580078125,0
seg+pos+rms,"(1.5, 20.0, 0.7, 0.3)",0.47332853078842163,0.04503476619720459,0.12009584903717041,0
seg+pos+rms,"(1.5, 20.0, 0.7, 0.6)",0.41986966133117676,0.025798261165618896,0.09743630886077881,0
seg+pos+rms,"(1.5, 20.0, 0.7, 0.6)",0.434964120388031,0.0383610725402832,0.1530376672744751,0
seg+pos+rms,"(1.5, 20.0, 0.7, 0.6)",0.4632708728313446,0.054917871952056885,0.11492514610290527,0
seg+pos+rms,"(1.5, 20.0, 0.7, 0.6)",0.399604007601738,0.03908872604370117,0.08890938758850098,0
seg+pos+rms,"(1.5, 20.0, 0.7, 0.6)",0.44095273315906525,0.026770412921905518,0.15486395359039307,0
seg+pos+rms,"(1.5, 20.0, 0.7, 0.6)",0.4483920633792877,0.005923628807067871,0.01816880702972412,0
seg+pos+rms,"(1.5, 20.0, 0.7, 0.6)",0.45346881449222565,0.042250216007232666,0.1404181718826294,0
seg+pos+rms,"(1.5, 20.0, 0.7, 0.6)",0.5273827612400055,0.006352603435516357,0.1923133134841919,0
seg+pos+rms,"(1.5, 20.0, 0.7, 0.6)",0.4787289500236511,0.08953630924224854,0.0323108434677124,0
seg+pos+rms,"(1.5, 20.0, 0.7, 0.6)",0.46313683688640594,0.03603118658065796,0.17064201831817627,0
seg+pos+rms,"(1.5, 20.0, 0.7, 0.6)",0.5013446807861328,0.030763447284698486,0.11042428016662598,0
seg+pos+rms,"(1.5, 20.0, 0.7, 0.6)",0.48470696806907654,0.04105985164642334,0.12143361568450928,0
seg+pos+rms,"(1.5, 20.0, 0.7, 0.6)",0.4685985594987869,0.029023468494415283,0.05656933784484863,0
seg+pos+rms,"(1.5, 20.0, 0.7, 0.6)",0.46728044748306274,0.024017035961151123,0.07977640628814697,0
seg+pos+rms,"(1.5, 20.0, 0.7, 0.6)",0.4912154823541641,0.03786909580230713,0.15241515636444092,0
seg+pos+rms,"(1.5, 20.0, 0.7, -0.3)",0.46362242102622986,0.046694159507751465,0.04941105842590332,0
seg+pos+rms,"(1.5, 20.0, 0.7, -0.3)",0.43822914361953735,0.022485196590423584,0.04541444778442383,0
seg+pos+rms,"(1.5, 20.0, 0.7, -0.3)",0.46239693462848663,0.031814634799957275,0.0197601318359375,0
seg+pos+rms,"(1.5, 20.0, 0.7, -0.3)",0.4930287301540375,0.07097214460372925,0.1363687515258789,0
seg+pos+rms,"(1.5, 20.0, 0.7, -0.3)",0.4787614047527313,0.04401010274887085,0.043591856956481934,0
seg+pos+rms,"(1.5, 20.0, 0.7, -0.3)",0.4685408025979996,0.05106276273727417,0.07169604301452637,0
seg+pos+rms,"(1.5, 20.0, 0.7, -0.3)",0.46314413845539093,0.08453607559204102,0.0565950870513916,0
seg+pos+rms,"(1.5, 20.0, 0.7, -0.3)",0.45889559388160706,0.07571136951446533,0.10352158546447754,0
seg+pos+rms,"(1.5, 20.0, 0.7, -0.3)",0.4095870852470398,0.00726628303527832,0.03591442108154297,0
seg+pos+rms,"(1.5, 20.0, 0.7, -0.3)",0.4637792855501175,0.05730414390563965,0.10973405838012695,0
seg+pos+rms,"(1.5, 20.0, 0.7, -0.3)",0.4731272757053375,0.053036630153656006,0.07975435256958008,0
seg+pos+rms,"(1.5, 20.0, 0.7, -0.3)",0.44050584733486176,0.010970532894134521,0.09460020065307617,0
seg+pos+rms,"(1.5, 20.0, 0.7, -0.3)",0.4477735608816147,0.016270041465759277,0.015529036521911621,0
seg+pos+rms,"(1.5, 20.0, 0.7, -0.3)",0.4831553250551224,0.029252171516418457,0.022348642349243164,0
seg+pos+rms,"(1.5, 20.0, 0.7, -0.3)",0.46565017104148865,0.08093863725662231,0.022992372512817383,0
seg+pos+rms,"(3.0, 8.0, 0.3, 0.0)",1.524594783782959,0.5980923175811768,0.6902599334716797,0
seg+pos+rms,"(3.0, 8.0, 0.3, 0.0)",1.545984923839569,0.7007633447647095,0.8795645236968994,0
seg+pos+rms,"(3.0, 8.0, 0.3, 0.0)",1.5175551772117615,0.6794682741165161,1.0421535968780518,0
seg+pos+rms,"(3.0, 8.0, 0.3, 0.0)",1.490195095539093,0.6346850395202637,1.149763584136963,0
seg+pos+rms,"(3.0, 8.0, 0.3, 0.0)",1.614764392375946,0.7219748497009277,0.8911294937133789,0
seg+pos+rms,"(3.0, 8.0, 0.3, 0.0)",1.5546715259552002,0.7432279586791992,1.0166442394256592,0
seg+pos+rms,"(3.0, 8.0, 0.3, 0.0)",1.5059857964515686,0.649551272392273,1.0826139450073242,0
seg+pos+rms,"(3.0, 8.0, 0.3, 0.0)",1.5398690104484558,0.7158941030502319,1.361135482788086,0
seg+pos+rms,"(3.0, 8.0, 0.3, 0.0)",1.5387547612190247,0.6778182983398438,0.8752436637878418,0
seg+pos+rms,"(3.0, 8.0, 0.3, 0.0)",1.5362002849578857,0.5714634656906128,0.908743143081665,0
seg+pos+rms,"(3.0, 8.0, 0.3, 0.0)",1.5162875652313232,0.6261897087097168,0.7747776508331299,0
seg+pos+rms,"(3.0, 8.0, 0.3, 0.0)",1.4987761974334717,0.6270459890365601,0.6644420623779297,0
seg+pos+rms,"(3.0, 8.0, 0.3, 0.0)",1.565998375415802,0.6132354736328125,0.7849421501159668,0
seg+pos+rms,"(3.0, 8.0, 0.3, 0.0)",1.589656949043274,0.6862562894821167,1.0602929592132568,0
seg+pos+rms,"(3.0, 8.0, 0.3, 0.0)",1.5831556916236877,0.6838786602020264,0.9419701099395752,0
seg+pos+rms,"(3.0, 8.0, 0.3, 0.3)",1.5996682047843933,0.7342000007629395,0.7262327671051025,0
seg+pos+rms,"(3.0, 8.0, 0.3, 0.3)",1.5986424088478088,0.6845128536224365,1.0508694648742676,0
seg+pos+rms,"(3.0, 8.0, 0.3, 0.3)",1.5374544858932495,0.5778648853302002,0.7176070213317871,0
seg+pos+rms,"(3.0, 8.0, 0.3, 0.3)",1.5338013768196106,0.7417685985565186,0.7499721050262451,0
seg+pos+rms,"(3.0, 8.0, 0.3, 0.3)",1.5400608777999878,0.6514064073562622,0.6406128406524658,0
seg+pos+rms,"(3.0, 8.0, 0.3, 0.3)",1.494046688079834,0.5084991455078125,0.6550881862640381,0
seg+pos+rms,"(3.0, 8.0, 0.3, 0.3)",1.5971981287002563,0.6793932914733887,0.569005012512207,0
seg+pos+rms,"(3.0, 8.0, 0.3, 0.3)",1.500455379486084,0.6290050745010376,0.9839038848876953,0
seg+pos+rms,"(3.0, 8.0, 0.3, 0.3)",1.5306878685951233,0.63594651222229,0.5990755558013916,0
seg+pos+rms,"(3.0, 8.0, 0.3, 0.3)",1.5206098556518555,0.47938072681427,0.7470295429229736,0
seg+pos+rms,"(3.0, 8.0, 0.3, 0.3)",1.5646825432777405,0.7579274773597717,0.8548071384429932,0
seg+pos+rms,"(3.0, 8.0, 0.3, 0.3)",1.5550953149795532,0.6451371908187866,0.6104116439819336,0
seg+pos+rms,"(3.0, 8.0, 0.3, 0.3)",1.614687442779541,0.6387835741043091,0.7274377346038818,0
seg+pos+rms,"(3.0, 8.0, 0.3, 0.3)",1.4803229570388794,0.6390364170074463,0.5288314819335938,0
seg+pos+rms,"(3.0, 8.0, 0.3, 0.3)",1.5156898498535156,0.5857095718383789,0.8696227073669434,0
seg+pos+rms,"(3.0, 8.0, 0.3, 0.6)",1.498757004737854,0.6176624298095703,0.40411901473999023,0
seg+pos+rms,"(3.0, 8.0, 0.3, 0.6)",1.5081440210342407,0.688951849937439,0.48649120330810547,0
seg+pos+rms,"(3.0, 8.0, 0.3, 0.6)",1.536453366279602,0.5750483274459839,0.4414706230163574,0
seg+pos+rms,"(3.0, 8.0, 0.3, 0.6)",1.548837661743164,0.6727966070175171,0.6174741983413696,0
seg+pos+rms,"(3.0, 8.0, 0.3, 0.6)",1.5525903105735779,0.5775028467178345,0.3636348247528076,0
seg+pos+rms,"(3.0, 8.0, 0.3, 0.6)",1.5245267152786255,0.6699175834655762,0.7052534818649292,0
seg+pos+rms,"(3.0, 8.0, 0.3, 0.6)",1.557556390762329,0.6742324829101562,0.39062929153442383,0
seg+pos+rms,"(3.0, 8.0, 0.3, 0.6)",1.4749438166618347,0.5774964094161987,0.5775351524353027,0
seg+pos+rms,"(3.0, 8.0, 0.3, 0.6)",1.509797215461731,0.6932495832443237,0.5810339450836182,0
seg+pos+rms,"(3.0, 8.0, 0.3, 0.6)",1.5772829055786133,0.6872167587280273,0.39098644256591797,0
seg+pos+rms,"(3.0, 8.0, 0.3, 0.6)",1.6176255345344543,0.664993166923523,0.6217132806777954,0
seg+pos+rms,"(3.0, 8.0, 0.3, 0.6)",1.5329830050468445,0.7317332029342651,0.5853404998779297,0
seg+pos+rms,"(3.0, 8.0, 0.3, 0.6)",1.5731011033058167,0.6964322328567505,0.47379279136657715,0
seg+pos+rms,"(3.0, 8.0, 0.3, 0.6)",1.6126356720924377,0.7795494794845581,0.5807828903198242,0
seg+pos+rms,"(3.0, 8.0, 0.3, 0.6)",1.5637840032577515,0.6816296577453613,0.36643147468566895,0
seg+pos+rms,"(3.0, 8.0, 0.3, -0.3)",1.5241289138793945,0.5721787214279175,0.9568836688995361,0
seg+pos+rms,"(3.0, 8.0, 0.3, -0.3)",1.5667362213134766,0.7511298656463623,1.3115153312683105,0
seg+pos+rms,"(3.0, 8.0, 0.3, -0.3)",1.5089938640594482,0.6815147399902344,1.1553688049316406,0
seg+pos+rms,"(3.0, 8.0, 0.3, -0.3)",1.6051799654960632,0.5674121379852295,0.9003677368164062,0
seg+pos+rms,"(3.0, 8.0, 0.3, -0.3)",1.468613624572754,0.6429554224014282,1.1428587436676025,0
seg+pos+rms,"(3.0, 8.0, 0.3, -0.3)",1.5677782893180847,0.6830266714096069,1.046605110168457,0
seg+pos+rms,"(3.0, 8.0, 0.3, -0.3)",1.5794109106063843,0.7085611820220947,1.0167911052703857,0
seg+pos+rms,"(3.0, 8.0, 0.3, -0.3)",1.5712686777114868,0.6626219749450684,1.0462024211883545,0
seg+pos+rms,"(3.0, 8.0, 0.3, -0.3)",1.5099540948867798,0.8273958563804626,1.5260872840881348,0
seg+pos+rms,"(3.0, 8.0, 0.3, -0.3)",1.5316290855407715,0.6370151042938232,0.9891567230224609,0
seg+pos+rms,"(3.0, 8.0, 0.3, -0.3)",1.5875850915908813,0.6789799928665161,1.155153751373291,0
seg+pos+rms,"(3.0, 8.0, 0.3, -0.3)",1.5170854926109314,0.6405906677246094,0.9640765190124512,0
seg+pos+rms,"(3.0, 8.0, 0.3, -0.3)",1.619996190071106,0.7394819259643555,1.1894447803497314,0
seg+pos+rms,"(3.0, 8.0, 0.3, -0.3)",1.5041941404342651,0.6134170293807983,0.9639835357666016,0
seg+pos+rms,"(3.0, 8.0, 0.3, -0.3)",1.534944474697113,0.7247931361198425,1.058075189590454,0
seg+pos+rms,"(3.0, 8.0, 0.7, 0.0)",1.0909980535507202,0.23197484016418457,0.37992358207702637,0
seg+pos+rms,"(3.0, 8.0, 0.7, 0.0)",1.0725140571594238,0.23175466060638428,0.2636733055114746,0
seg+pos+rms,"(3.0, 8.0, 0.7, 0.0)",1.1322481632232666,0.28366923332214355,0.4011244773864746,0
seg+pos+rms,"(3.0, 8.0, 0.7, 0.0)",1.115559458732605,0.2352520227432251,0.3833022117614746,0
seg+pos+rms,"(3.0, 8.0, 0.7, 0.0)",1.0683873891830444,0.22133350372314453,0.06737327575683594,0
seg+pos+rms,"(3.0, 8.0, 0.7, 0.0)",1.0852408409118652,0.2072603702545166,0.19686031341552734,0
seg+pos+rms,"(3.0, 8.0, 0.7, 0.0)",1.0868697762489319,0.30553412437438965,0.6332759857177734,0
seg+pos+rms,"(3.0, 8.0, 0.7, 0.0)",1.1061177849769592,0.23825418949127197,0.5120120048522949,0
seg+pos+rms,"(3.0, 8.0, 0.7, 0.0)",1.0567418932914734,0.262752890586853,0.3043820858001709,0
seg+pos+rms,"(3.0, 8.0, 0.7, 0.0)",1.072486162185669,0.26364994049072266,0.24198532104492188,0
seg+pos+rms,"(3.0, 8.0, 0.7, 0.0)",1.1155912280082703,0.2735300064086914,0.2741260528564453,0
seg+pos+rms,"(3.0, 8.0, 0.7, 0.0)",1.078329086303711,0.20770037174224854,0.43656015396118164,0
seg+pos+rms,"(3.0, 8.0, 0.7, 0.0)",1.0394065380096436,0.25812602043151855,0.2471003532409668,0
seg+pos+rms,"(3.0, 8.0, 0.7, 0.0)",1.1009429097175598,0.21450567245483398,0.2772831916809082,0
seg+pos+rms,"(3.0, 8.0, 0.7, 0.0)",1.0416589379310608,0.2000732421875,0.4441688060760498,0
seg+pos+rms,"(3.0, 8.0, 0.7, 0.3)",1.0414717197418213,0.1958242654800415,0.14322233200073242,0
seg+pos+rms,"(3.0, 8.0, 0.7, 0.3)",1.0448350310325623,0.24333512783050537,0.3214752674102783,0
seg+pos+rms,"(3.0, 8.0, 0.7, 0.3)",1.096801996231079,0.21038055419921875,0.2949206829071045,0
seg+pos+rms,"(3.0, 8.0, 0.7, 0.3)",1.1221452951431274,0.31506121158599854,0.3477292060852051,0
seg+pos+rms,"(3.0, 8.0, 0.7, 0.3)",1.1189579963684082,0.2595254182815552,0.09011673927307129,0
seg+pos+rms,"(3.0, 8.0, 0.7, 0.3)",1.088917076587677,0.2898745536804199,0.2002553939819336,0
seg+pos+rms,"(3.0, 8.0, 0.7, 0.3)",1.1185707449913025,0.17029941082000732,0.21773672103881836,0
seg+pos+rms,"(3.0, 8.0, 0.7, 0.3)",1.1289088726043701,0.2338716983795166,0.12258243560791016,0
seg+pos+rms,"(3.0, 8.0, 0.7, 0.3)",1.0660812854766846,0.351162314414978,0.4749462604522705,0
seg+pos+rms,"(3.0, 8.0, 0.7, 0.3)",1.1232939958572388,0.2775394916534424,0.3228123188018799,0
seg+pos+rms,"(3.0, 8.0, 0.7, 0.3)",1.105249047279358,0.3581804037094116,0.2588653564453125,0
seg+pos+rms,"(3.0, 8.0, 0.7, 0.3)",1.0650154948234558,0.26664233207702637,0.2581965923309326,0
seg+pos+rms,"(3.0, 8.0, 0.7, 0.3)",1.1157360672950745,0.2678511142730713,0.2748725414276123,0
seg+pos+rms,"(3.0, 8.0, 0.7, 0.3)",1.0541521906852722,0.16396093368530273,0.1012718677520752,0
seg+pos+rms,"(3.0, 8.0, 0.7, 0.3)",1.0784897208213806,0.21914100646972656,0.3662381172180176,0
seg+pos+rms,"(3.0, 8.0, 0.7, 0.6)",1.0531718134880066,0.14668357372283936,0.13442277908325195,0
seg+pos+rms,"(3.0, 8.0, 0.7, 0.6)",1.1201284527778625,0.2868868112564087,0.2540700435638428,0
seg+pos+rms,"(3.0, 8.0, 0.7, 0.6)",1.0637746453285217,0.2748122215270996,0.08682823181152344,0
seg+pos+rms,"(3.0, 8.0, 0.7, 0.6)",1.1024467945098877,0.3168741464614868,0.06040215492248535,0
seg+pos+rms,"(3.0, 8.0, 0.7, 0.6)",1.143504559993744,0.27141427993774414,0.09610939025878906,0
seg+pos+rms,"(3.0, 8.0, 0.7, 0.6)",1.1685659289360046,0.3955570459365845,0.22173166275024414,0
seg+pos+rms,"(3.0, 8.0, 0.7, 0.6)",1.0553473234176636,0.09122192859649658,0.03874707221984863,0
seg+pos+rms,"(3.0, 8.0, 0.7, 0.6)",1.1450360417366028,0.21651983261108398,0.025195598602294922,0
seg+pos+rms,"(3.0, 8.0, 0.7, 0.6)",1.1524322032928467,0.19291234016418457,0.08330392837524414,0
seg+pos+rms,"(3.0, 8.0, 0.7, 0.6)",1.1152189373970032,0.24787938594818115,0.46932733058929443,0
seg+pos+rms,"(3.0, 8.0, 0.7, 0.6)",1.1493846774101257,0.3834249973297119,0.3202981948852539,0
seg+pos+rms,"(3.0, 8.0, 0.7, 0.6)",1.0659677982330322,0.29188406467437744,0.1542346477508545,0
seg+pos+rms,"(3.0, 8.0, 0.7, 0.6)",1.0361118912696838,0.1593555212020874,0.0024356842041015625,0
seg+pos+rms,"(3.0, 8.0, 0.7, 0.6)",1.1320574879646301,0.2919282913208008,0.2671656608581543,0
seg+pos+rms,"(3.0, 8.0, 0.7, 0.6)",1.102309226989746,0.20124077796936035,0.20869016647338867,0
seg+pos+rms,"(3.0, 8.0, 0.7, -0.3)",1.0732585191726685,0.2818821668624878,0.6238620281219482,0
seg+pos+rms,"(3.0, 8.0, 0.7, -0.3)",1.078368604183197,0.22861647605895996,0.37452268600463867,0
seg+pos+rms,"(3.0, 8.0, 0.7, -0.3)",1.0509884357452393,0.23135554790496826,0.21987104415893555,0
seg+pos+rms,"(3.0, 8.0, 0.7, -0.3)",1.0915998220443726,0.21959221363067627,0.3584566116333008,0
seg+pos+rms,"(3.0, 8.0, 0.7, -0.3)",1.0751216411590576,0.20892930030822754,0.27036118507385254,0
seg+pos+rms,"(3.0, 8.0, 0.7, -0.3)",1.1508615016937256,0.2877767086029053,0.4723625183105469,0
seg+pos+rms,"(3.0, 8.0, 0.7, -0.3)",1.0850203037261963,0.24073922634124756,0.3718395233154297,0
seg+pos+rms,"(3.0, 8.0, 0.7, -0.3)",1.0804479718208313,0.2524142265319824,0.43576955795288086,0
seg+pos+rms,"(3.0, 8.0, 0.7, -0.3)",1.104977309703827,0.19305026531219482,0.3045814037322998,0
seg+pos+rms,"(3.0, 8.0, 0.7, -0.3)",1.0591957569122314,0.20493066310882568,0.3203244209289551,0
seg+pos+rms,"(3.0, 8.0, 0.7, -0.3)",1.1076868772506714,0.23444414138793945,0.4147629737854004,0
seg+pos+rms,"(3.0, 8.0, 0.7, -0.3)",1.0628846883773804,0.19860470294952393,0.2545433044433594,0
seg+pos+rms,"(3.0, 8.0, 0.7, -0.3)",1.0818893909454346,0.22628724575042725,0.49504566192626953,0
seg+pos+rms,"(3.0, 8.0, 0.7, -0.3)",1.1030280590057373,0.19522356986999512,0.2845134735107422,0
seg+pos+rms,"(3.0, 8.0, 0.7, -0.3)",1.128605842590332,0.26050519943237305,0.36591339111328125,0
seg+pos+rms,"(3.0, 20.0, 0.3, 0.0)",1.223027229309082,0.3663557767868042,0.47942423820495605,0
seg+pos+rms,"(3.0, 20.0, 0.3, 0.0)",1.2583624124526978,0.3556053638458252,0.5486998558044434,0
seg+pos+rms,"(3.0, 20.0, 0.3, 0.0)",1.2166067361831665,0.4447319507598877,0.7424540519714355,0
seg+pos+rms,"(3.0, 20.0, 0.3, 0.0)",1.2393532991409302,0.35699427127838135,0.5511698722839355,0
seg+pos+rms,"(3.0, 20.0, 0.3, 0.0)",1.256001591682434,0.33195555210113525,0.553274393081665,0
seg+pos+rms,"(3.0, 20.0, 0.3, 0.0)",1.2460583448410034,0.2859213352203369,0.37152624130249023,0
seg+pos+rms,"(3.0, 20.0, 0.3, 0.0)",1.2491537928581238,0.3213531970977783,0.6139328479766846,0
seg+pos+rms,"(3.0, 20.0, 0.3, 0.0)",1.2376841306686401,0.3252619504928589,0.38805675506591797,0
seg+pos+rms,"(3.0, 20.0, 0.3, 0.0)",1.237873136997223,0.3659597635269165,0.5626983642578125,0
seg+pos+rms,"(3.0, 20.0, 0.3, 0.0)",1.2463918328285217,0.33494770526885986,0.34214210510253906,0
seg+pos+rms,"(3.0, 20.0, 0.3, 0.0)",1.2366713285446167,0.3142033815383911,0.2492985725402832,0
seg+pos+rms,"(3.0, 20.0, 0.3, 0.0)",1.1752271056175232,0.33601808547973633,0.5412547588348389,0
seg+pos+rms,"(3.0, 20.0, 0.3, 0.0)",1.1864267587661743,0.3509427309036255,0.5033118724822998,0
seg+pos+rms,"(3.0, 20.0, 0.3, 0.0)",1.2693630456924438,0.38358044624328613,0.5623056888580322,0
seg+pos+rms,"(3.0, 20.0, 0.3, 0.0)",1.1897104382514954,0.2946655750274658,0.5020155906677246,0
seg+pos+rms,"(3.0, 20.0, 0.3, 0.3)",1.3187800645828247,0.355513334274292,0.42139244079589844,0
seg+pos+rms,"(3.0, 20.0, 0.3, 0.3)",1.168276071548462,0.2093585729598999,0.22446346282958984,0
seg+pos+rms,"(3.0, 20.0, 0.3, 0.3)",1.2536258697509766,0.3807278871536255,0.4103260040283203,0
seg+pos+rms,"(3.0, 20.0, 0.3, 0.3)",1.2112323641777039,0.2518129348754883,0.4506537914276123,0
seg+pos+rms,"(3.0, 20.0, 0.3, 0.3)",1.201272189617157,0.2534257173538208,0.3235163688659668,0
seg+pos+rms,"(3.0, 20.0, 0.3, 0.3)",1.1619282364845276,0.2840672731399536,0.24747681617736816,0
seg+pos+rms,"(3.0, 20.0, 0.3, 0.3)",1.2159649729728699,0.24115431308746338,0.18042469024658203,0
seg+pos+rms,"(3.0, 20.0, 0.3, 0.3)",1.1632978320121765,0.40090441703796387,0.4679877758026123,0
seg+pos+rms,"(3.0, 20.0, 0.3, 0.3)",1.2622528076171875,0.3576982021331787,0.430645227432251,0
seg+pos+rms,"(3.0, 20.0, 0.3, 0.3)",1.203388512134552,0.3781852722167969,0.4474782943725586,0
seg+pos+rms,"(3.0, 20.0, 0.3, 0.3)",1.226372480392456,0.3312925100326538,0.33333611488342285,0
seg+pos+rms,"(3.0, 20.0, 0.3, 0.3)",1.2901108860969543,0.30276691913604736,0.2824275493621826,0
seg+pos+rms,"(3.0, 20.0, 0.3, 0.3)",1.2031304240226746,0.26738429069519043,0.46080946922302246,0
seg+pos+rms,"(3.0, 20.0, 0.3, 0.3)",1.2359886169433594,0.410778284072876,0.47078752517700195,0
seg+pos+rms,"(3.0, 20.0, 0.3, 0.3)",1.2676787972450256,0.36652863025665283,0.37938380241394043,0
seg+pos+rms,"(3.0, 20.0, 0.3, 0.6)",1.284995973110199,0.4149221181869507,0.23708534240722656,0
seg+pos+rms,"(3.0, 20.0, 0.3, 0.6)",1.1836605072021484,0.3173692226409912,0.10690617561340332,0
seg+pos+rms,"(3.0, 20.0, 0.3, 0.6)",1.183737576007843,0.4047865867614746,0.34908175468444824,0
seg+pos+rms,"(3.0, 20.0, 0.3, 0.6)",1.1851112842559814,0.28213655948638916,0.07689142227172852,0
seg+pos+rms,"(3.0, 20.0, 0.3, 0.6)",1.1846964359283447,0.2846173048019409,0.38739967346191406,0
seg+pos+rms,"(3.0, 20.0, 0.3, 0.6)",1.1820091009140015,0.27978217601776123,0.21713042259216309,0
seg+pos+rms,"(3.0, 20.0, 0.3, 0.6)",1.1944398283958435,0.294036865234375,0.2947995662689209,0
seg+pos+rms,"(3.0, 20.0, 0.3, 0.6)",1.1762364506721497,0.36254310607910156,0.2336423397064209,0
seg+pos+rms,"(3.0, 20.0, 0.3, 0.6)",1.3313457369804382,0.5261210203170776,0.4766826629638672,0
seg+pos+rms,"(3.0, 20.0, 0.3, 0.6)",1.2196811437606812,0.2667520046234131,0.16758012771606445,0
seg+pos+rms,"(3.0, 20.0, 0.3, 0.6)",1.2231192588806152,0.3341856002807617,0.2981984615325928,0
seg+pos+rms,"(3.0, 20.0, 0.3, 0.6)",1.3271657228469849,0.4732210636138916,0.15442228317260742,0
seg+pos+rms,"(3.0, 20.0, 0.3, 0.6)",1.2712220549583435,0.4065335988998413,0.3670787811279297,0
seg+pos+rms,"(3.0, 20.0, 0.3, 0.6)",1.1692031621932983,0.37258660793304443,0.37013840675354004,0
seg+pos+rms,"(3.0, 20.0, 0.3, 0.6)",1.2295724153518677,0.33492517471313477,0.16919994354248047,0
seg+pos+rms,"(3.0, 20.0, 0.3, -0.3)",1.226118564605713,0.4121525287628174,0.701326847076416,0
seg+pos+rms,"(3.0, 20.0, 0.3, -0.3)",1.217379868030548,0.3300621509552002,0.6868257522583008,0
seg+pos+rms,"(3.0, 20.0, 0.3, -0.3)",1.1871776580810547,0.3854541778564453,0.5997252464294434,0
seg+pos+rms,"(3.0, 20.0, 0.3, -0.3)",1.236396610736847,0.396320104598999,0.8360326290130615,0
seg+pos+rms,"(3.0, 20.0, 0.3, -0.3)",1.2537720799446106,0.3503333330154419,0.5520801544189453,0
seg+pos+rms,"(3.0, 20.0, 0.3, -0.3)",1.227054476737976,0.3902534246444702,0.6441342830657959,0
seg+pos+rms,"(3.0, 20.0, 0.3, -0.3)",1.223805546760559,0.41179823875427246,0.6658339500427246,0
seg+pos+rms,"(3.0, 20.0, 0.3, -0.3)",1.2188871502876282,0.39329326152801514,0.6816329956054688,0
seg+pos+rms,"(3.0, 20.0, 0.3, -0.3)",1.2761898040771484,0.38361406326293945,0.5291337966918945,0
seg+pos+rms,"(3.0, 20.0, 0.3, -0.3)",1.224425494670868,0.35157549381256104,0.5732645988464355,0
seg+pos+rms,"(3.0, 20.0, 0.3, -0.3)",1.2101949453353882,0.20646333694458008,0.4831387996673584,0
seg+pos+rms,"(3.0, 20.0, 0.3, -0.3)",1.2632147073745728,0.2984623908996582,0.505683422088623,0
seg+pos+rms,"(3.0, 20.0, 0.3, -0.3)",1.3117653131484985,0.3836674690246582,0.563511848449707,0
seg+pos+rms,"(3.0, 20.0, 0.3, -0.3)",1.2291401624679565,0.3550065755844116,0.6836085319519043,0
seg+pos+rms,"(3.0, 20.0, 0.3, -0.3)",1.216817855834961,0.45772600173950195,0.8191206455230713,0
seg+pos+rms,"(3.0, 20.0, 0.7, 0.0)",0.7089696824550629,0.051094770431518555,0.033215999603271484,0
seg+pos+rms,"(3.0, 20.0, 0.7, 0.0)",0.7240118980407715,0.017882108688354492,0.033350467681884766,0
seg+pos+rms,"(3.0, 20.0, 0.7, 0.0)",0.6847484707832336,0.007796883583068848,0.07751607894897461,0
seg+pos+rms,"(3.0, 20.0, 0.7, 0.0)",0.7256706953048706,0.05774211883544922,0.038587331771850586,0
seg+pos+rms,"(3.0, 20.0, 0.7, 0.0)",0.6999059915542603,0.042336344718933105,0.01699519157409668,0
seg+pos+rms,"(3.0, 20.0, 0.7, 0.0)",0.6874969601631165,0.06371104717254639,0.01721668243408203,0
seg+pos+rms,"(3.0, 20.0, 0.7, 0.0)",0.7218934297561646,0.038459181785583496,0.0628659725189209,0
seg+pos+rms,"(3.0, 20.0, 0.7, 0.0)",0.6819892227649689,0.04902458190917969,0.033902645111083984,0
seg+pos+rms,"(3.0, 20.0, 0.7, 0.0)",0.690676748752594,0.1004723310470581,0.06519269943237305,0
seg+pos+rms,"(3.0, 20.0, 0.7, 0.0)",0.6985263526439667,0.06735765933990479,0.10995864868164062,0
seg+pos+rms,"(3.0, 20.0, 0.7, 0.0)",0.7123129069805145,0.05276322364807129,0.030793190002441406,0
seg+pos+rms,"(3.0, 20.0, 0.7, 0.0)",0.7400835156440735,0.013318181037902832,0.030319690704345703,0
seg+pos+rms,"(3.0, 20.0, 0.7, 0.0)",0.7461782991886139,0.06236553192138672,0.12825250625610352,0
seg+pos+rms,"(3.0, 20.0, 0.7, 0.0)",0.6589080989360809,0.07631814479827881,0.16503167152404785,0
seg+pos+rms,"(3.0, 20.0, 0.7, 0.0)",0.7043097019195557,0.033876895904541016,0.05903959274291992,0
seg+pos+rms,"(3.0, 20.0, 0.7, 0.3)",0.6940343379974365,0.05146825313568115,0.10385251045227051,0
seg+pos+rms,"(3.0, 20.0, 0.7, 0.3)",0.7199169099330902,0.08719611167907715,0.026839256286621094,0
seg+pos+rms,"(3.0, 20.0, 0.7, 0.3)",0.704780101776123,0.07896912097930908,0.17811965942382812,0
seg+pos+rms,"(3.0, 20.0, 0.7, 0.3)",0.7105699777603149,0.0093153715133667,0.036174774169921875,0
seg+pos+rms,"(3.0, 20.0, 0.7, 0.3)",0.721914529800415,0.0799950361251831,0.08627200126647949,0
seg+pos+rms,"(3.0, 20.0, 0.7, 0.3)",0.717765748500824,0.14034342765808105,0.11233139038085938,0
seg+pos+rms,"(3.0, 20.0, 0.7, 0.3)",0.7311167120933533,0.04748237133026123,0.00709223747253418,0
seg+pos+rms,"(3.0, 20.0, 0.7, 0.3)",0.7602583765983582,0.12818706035614014,0.03783082962036133,0
seg+pos+rms,"(3.0, 20.0, 0.7, 0.3)",0.7298343777656555,0.09316933155059814,0.015330314636230469,0
seg+pos+rms,"(3.0, 20.0, 0.7, 0.3)",0.6783441603183746,0.058155059814453125,0.06104636192321777,0
seg+pos+rms,"(3.0, 20.0, 0.7, 0.3)",0.705550491809845,0.026279568672180176,0.10848069190979004,0
seg+pos+rms,"(3.0, 20.0, 0.7, 0.3)",0.7118061780929565,0.07665586471557617,0.05426764488220215,0
seg+pos+rms,"(3.0, 20.0, 0.7, 0.3)",0.71562659740448,0.0829840898513794,0.14220905303955078,0
seg+pos+rms,"(3.0, 20.0, 0.7, 0.3)",0.7194840312004089,0.06905984878540039,0.019581079483032227,0
seg+pos+rms,"(3.0, 20.0, 0.7, 0.3)",0.7158063054084778,0.061614274978637695,0.024439096450805664,0
seg+pos+rms,"(3.0, 20.0, 0.7, 0.6)",0.7144032120704651,0.03478503227233887,0.1776738166809082,0
seg+pos+rms,"(3.0, 20.0, 0.7, 0.6)",0.717644453048706,0.03408467769622803,0.09848356246948242,0
seg+pos+rms,"(3.0, 20.0, 0.7, 0.6)",0.6972179710865021,0.046196937561035156,0.1459510326385498,0
seg+pos+rms,"(3.0, 20.0, 0.7, 0.6)",0.7217389345169067,0.02535414695739746,0.12275838851928711,0
seg+pos+rms,"(3.0, 20.0, 0.7, 0.6)",0.7294450998306274,0.13163304328918457,0.059627532958984375,0
seg+pos+rms,"(3.0, 20.0, 0.7, 0.6)",0.6951870322227478,0.07107675075531006,0.01946258544921875,0
seg+pos+rms,"(3.0, 20.0, 0.7, 0.6)",0.6422967910766602,0.08594024181365967,0.08883535861968994,0
seg+pos+rms,"(3.0, 20.0, 0.7, 0.6)",0.7002079486846924,0.049651384353637695,0.06046414375305176,0
seg+pos+rms,"(3.0, 20.0, 0.7, 0.6)",0.7477111518383026,0.04325878620147705,0.0042629241943359375,0
seg+pos+rms,"(3.0, 20.0, 0.7, 0.6)",0.6845021545886993,0.04666757583618164,0.03288149833679199,0
seg+pos+rms,"(3.0, 20.0, 0.7, 0.6)",0.6964461505413055,0.031249523162841797,0.10212016105651855,0
seg+pos+rms,"(3.0, 20.0, 0.7, 0.6)",0.7713060677051544,0.14945101737976074,0.04228568077087402,0
seg+pos+rms,"(3.0, 20.0, 0.7, 0.6)",0.7013264298439026,0.08518147468566895,0.024684906005859375,0
seg+pos+rms,"(3.0, 20.0, 0.7, 0.6)",0.6757909059524536,0.03870677947998047,0.05245089530944824,0
seg+pos+rms,"(3.0, 20.0, 0.7, 0.6)",0.6711533665657043,0.036170363426208496,0.007235288619995117,0
seg+pos+rms,"(3.0, 20.0, 0.7, -0.3)",0.7542279958724976,0.08125078678131104,0.14699459075927734,0
seg+pos+rms,"(3.0, 20.0, 0.7, -0.3)",0.7525659203529358,0.10194933414459229,0.2276010513305664,0
seg+pos+rms,"(3.0, 20.0, 0.7, -0.3)",0.7084711194038391,0.08324635028839111,0.185560941696167,0
seg+pos+rms,"(3.0, 20.0, 0.7, -0.3)",0.6984686553478241,0.10459327697753906,0.14127397537231445,0
seg+pos+rms,"(3.0, 20.0, 0.7, -0.3)",0.7670278549194336,0.05454099178314209,0.07906246185302734,0
seg+pos+rms,"(3.0, 20.0, 0.7, -0.3)",0.7068028450012207,0.09218692779541016,0.13691949844360352,0
seg+pos+rms,"(3.0, 20.0, 0.7, -0.3)",0.6714865565299988,0.009603738784790039,0.03819131851196289,0
seg+pos+rms,"(3.0, 20.0, 0.7, -0.3)",0.7608928680419922,0.11327886581420898,0.23439240455627441,0
seg+pos+rms,"(3.0, 20.0, 0.7, -0.3)",0.6671525835990906,0.09168589115142822,0.15614891052246094,0
seg+pos+rms,"(3.0, 20.0, 0.7, -0.3)",0.7257117331027985,0.06049704551696777,0.049329280853271484,0
seg+pos+rms,"(3.0, 20.0, 0.7, -0.3)",0.6465969085693359,0.046553730964660645,0.11835718154907227,0
seg+pos+rms,"(3.0, 20.0, 0.7, -0.3)",0.6916186809539795,0.012401700019836426,0.019227981567382812,0
seg+pos+rms,"(3.0, 20.0, 0.7, -0.3)",0.6921489536762238,0.024219036102294922,0.057324886322021484,0
seg+pos+rms,"(3.0, 20.0, 0.7, -0.3)",0.6928507387638092,0.023361563682556152,0.03146553039550781,0
seg+pos+rms,"(3.0, 20.0, 0.7, -0.3)",0.7210561037063599,0.06559538841247559,0.11089324951171875,0
seg+pos+rms,"(1.5, 8.0, 0.3, 0.0)",0.8479256927967072,0.25057411193847656,0.2848796844482422,1
seg+pos+rms,"(1.5, 8.0, 0.3, 0.0)",0.8143539726734161,0.2317410707473755,0.36781299114227295,1
seg+pos+rms,"(1.5, 8.0, 0.3, 0.0)",0.8432436287403107,0.2425215244293213,0.30764448642730713,1
seg+pos+rms,"(1.5, 8.0, 0.3, 0.0)",0.8451596796512604,0.24536150693893433,0.34222114086151123,1
seg+pos+rms,"(1.5, 8.0, 0.3, 0.0)",0.8428640961647034,0.2599644064903259,0.42950868606567383,1
seg+pos+rms,"(1.5, 8.0, 0.3, 0.0)",0.8328945934772491,0.2706831693649292,0.37903404235839844,1
seg+pos+rms,"(1.5, 8.0, 0.3, 0.0)",0.8105985522270203,0.23601865768432617,0.3242107629776001,1
seg+pos+rms,"(1.5, 8.0, 0.3, 0.0)",0.8532146215438843,0.29471153020858765,0.4784872531890869,1
seg+pos+rms,"(1.5, 8.0, 0.3, 0.0)",0.8535721302032471,0.2433735728263855,0.3773914575576782,1
seg+pos+rms,"(1.5, 8.0, 0.3, 0.0)",0.8601664006710052,0.17440557479858398,0.2163604497909546,1
seg+pos+rms,"(1.5, 8.0, 0.3, 0.0)",0.85350102186203,0.23013067245483398,0.2209721803665161,1
seg+pos+rms,"(1.5, 8.0, 0.3, 0.0)",0.8403021097183228,0.2137666940689087,0.26366615295410156,1
seg+pos+rms,"(1.5, 8.0, 0.3, 0.0)",0.8859445452690125,0.3184214234352112,0.3548882007598877,1
seg+pos+rms,"(1.5, 8.0, 0.3, 0.0)",0.816799521446228,0.21507412195205688,0.3353393077850342,1
seg+pos+rms,"(1.5, 8.0, 0.3, 0.0)",0.8139047622680664,0.3121933341026306,0.35686349868774414,1
seg+pos+rms,"(1.5, 8.0, 0.3, 0.3)",0.8270741701126099,0.2585300803184509,0.3042631149291992,1
seg+pos+rms,"(1.5, 8.0, 0.3, 0.3)",0.858868420124054,0.26466333866119385,0.4430924654006958,1
seg+pos+rms,"(1.5, 8.0, 0.3, 0.3)",0.8256896436214447,0.2552778720855713,0.33828413486480713,1
seg+pos+rms,"(1.5, 8.0, 0.3, 0.3)",0.8740785419940948,0.2843049168586731,0.30522942543029785,1
seg+pos+rms,"(1.5, 8.0, 0.3, 0.3)",0.8455869555473328,0.2659419775009155,0.3525974750518799,1
seg+pos+rms,"(1.5, 8.0, 0.3, 0.3)",0.8398616909980774,0.2391698956489563,0.28640198707580566,1
seg+pos+rms,"(1.5, 8.0, 0.3, 0.3)",0.8018403053283691,0.30466800928115845,0.25626957416534424,1
seg+pos+rms,"(1.5, 8.0, 0.3, 0.3)",0.8523861169815063,0.31832659244537354,0.5323257446289062,1
seg+pos+rms,"(1.5, 8.0, 0.3, 0.3)",0.7965689301490784,0.27979981899261475,0.2803316116333008,1
seg+pos+rms,"(1.5, 8.0, 0.3, 0.3)",0.8597520589828491,0.24054312705993652,0.24218440055847168,1
seg+pos+rms,"(1.5, 8.0, 0.3, 0.3)",0.8222939670085907,0.2879190444946289,0.22931790351867676,1
seg+pos+rms,"(1.5, 8.0, 0.3, 0.3)",0.926597386598587,0.28844064474105835,0.1544208526611328,1
seg+pos+rms,"(1.5, 8.0, 0.3, 0.3)",0.8403661549091339,0.2381366491317749,0.1661900281906128,1
seg+pos+rms,"(1.5, 8.0, 0.3, 0.3)",0.838439404964447,0.30889570713043213,0.4080359935760498,1
seg+pos+rms,"(1.5, 8.0, 0.3, 0.3)",0.8312610387802124,0.2538145184516907,0.28035974502563477,1
seg+pos+rms,"(1.5, 8.0, 0.3, 0.6)",0.8271077275276184,0.29180288314819336,0.1672513484954834,1
seg+pos+rms,"(1.5, 8.0, 0.3, 0.6)",0.8312409520149231,0.2629508972167969,0.12795579433441162,1
seg+pos+rms,"(1.5, 8.0, 0.3, 0.6)",0.855294942855835,0.2909139394760132,0.12380588054656982,1
seg+pos+rms,"(1.5, 8.0, 0.3, 0.6)",0.820343405008316,0.2528141140937805,0.043512940406799316,1
seg+pos+rms,"(1.5, 8.0, 0.3, 0.6)",0.8353499174118042,0.3091052174568176,0.266681432723999,1
seg+pos+rms,"(1.5, 8.0, 0.3, 0.6)",0.825916588306427,0.20064914226531982,0.05482602119445801,1
seg+pos+rms,"(1.5, 8.0, 0.3, 0.6)",0.841708779335022,0.30227404832839966,0.12776589393615723,1
seg+pos+rms,"(1.5, 8.0, 0.3, 0.6)",0.8570961356163025,0.18902981281280518,0.11236870288848877,1
seg+pos+rms,"(1.5, 8.0, 0.3, 0.6)",0.8239919245243073,0.32688426971435547,0.0670391321182251,1
seg+pos+rms,"(1.5, 8.0, 0.3, 0.6)",0.867008775472641,0.2971360683441162,0.11289823055267334,1
seg+pos+rms,"(1.5, 8.0, 0.3, 0.6)",0.8089163601398468,0.23318755626678467,0.14869630336761475,1
seg+pos+rms,"(1.5, 8.0, 0.3, 0.6)",0.876503974199295,0.3536807596683502,0.2001267671585083,1
seg+pos+rms,"(1.5, 8.0, 0.3, 0.6)",0.8676801323890686,0.22767871618270874,0.18795204162597656,1
seg+pos+rms,"(1.5, 8.0, 0.3, 0.6)",0.8849354684352875,0.21077680587768555,0.15142619609832764,1
seg+pos+rms,"(1.5, 8.0, 0.3, 0.6)",0.8512889444828033,0.31993138790130615,0.1440434455871582,1
seg+pos+rms,"(1.5, 8.0, 0.3, -0.3)",0.8240363001823425,0.2420433759689331,0.4532630443572998,1
seg+pos+rms,"(1.5, 8.0, 0.3, -0.3)",0.8500232994556427,0.263411283493042,0.3612351417541504,1
seg+pos+rms,"(1.5, 8.0, 0.3, -0.3)",0.8326804339885712,0.21699708700180054,0.3792048692703247,1
seg+pos+rms,"(1.5, 8.0, 0.3, -0.3)",0.8505480289459229,0.2897658348083496,0.4790983200073242,1
seg+pos+rms,"(1.5, 8.0, 0.3, -0.3)",0.8648645877838135,0.2523579001426697,0.42930078506469727,1
seg+pos+rms,"(1.5, 8.0, 0.3, -0.3)",0.8454459309577942,0.30831897258758545,0.48092198371887207,1
seg+pos+rms,"(1.5, 8.0, 0.3, -0.3)",0.8371412456035614,0.18092554807662964,0.3829939365386963,1
seg+pos+rms,"(1.5, 8.0, 0.3, -0.3)",0.8353199064731598,0.2838481068611145,0.5603008270263672,1
seg+pos+rms,"(1.5, 8.0, 0.3, -0.3)",0.8565157949924469,0.22818726301193237,0.3552696704864502,1
seg+pos+rms,"(1.5, 8.0, 0.3, -0.3)",0.8616982698440552,0.25163519382476807,0.4069885015487671,1
seg+pos+rms,"(1.5, 8.0, 0.3, -0.3)",0.8449098169803619,0.26493287086486816,0.426605224609375,1
seg+pos+rms,"(1.5, 8.0, 0.3, -0.3)",0.8680502772331238,0.23150843381881714,0.394611120223999,1
seg+pos+rms,"(1.5, 8.0, 0.3, -0.3)",0.7976496517658234,0.2389078140258789,0.3974170684814453,1
seg+pos+rms,"(1.5, 8.0, 0.3, -0.3)",0.8669841289520264,0.2904672622680664,0.4372682571411133,1
seg+pos+rms,"(1.5, 8.0, 0.3, -0.3)",0.8279148638248444,0.19910132884979248,0.36244678497314453,1
seg+pos+rms,"(1.5, 8.0, 0.7, 0.0)",0.5986127257347107,0.07753300666809082,0.1378878355026245,1
seg+pos+rms,"(1.5, 8.0, 0.7, 0.0)",0.6417518556118011,0.06942659616470337,0.2256244421005249,1
seg+pos+rms,"(1.5, 8.0, 0.7, 0.0)",0.5839686095714569,0.07974463701248169,0.17247700691223145,1
seg+pos+rms,"(1.5, 8.0, 0.7, 0.0)",0.6471294462680817,0.08581030368804932,0.13681268692016602,1
seg+pos+rms,"(1.5, 8.0, 0.7, 0.0)",0.6591260731220245,0.06852036714553833,0.01636052131652832,1
seg+pos+rms,"(1.5, 8.0, 0.7, 0.0)",0.6438861191272736,0.08029615879058838,0.11602640151977539,1
seg+pos+rms,"(1.5, 8.0, 0.7, 0.0)",0.6201342344284058,0.09109765291213989,0.15861618518829346,1
seg+pos+rms,"(1.5, 8.0, 0.7, 0.0)",0.655707448720932,0.07885593175888062,0.06635880470275879,1
seg+pos+rms,"(1.5, 8.0, 0.7, 0.0)",0.6059535145759583,0.098358154296875,0.22745561599731445,1
seg+pos+rms,"(1.5, 8.0, 0.7, 0.0)",0.6786992847919464,0.12755590677261353,0.14539778232574463,1
seg+pos+rms,"(1.5, 8.0, 0.7, 0.0)",0.6722441017627716,0.09975320100784302,0.08180546760559082,1
seg+pos+rms,"(1.5, 8.0, 0.7, 0.0)",0.6556415557861328,0.05940288305282593,0.08674430847167969,1
seg+pos+rms,"(1.5, 8.0, 0.7, 0.0)",0.6882050335407257,0.0521162748336792,0.018673181533813477,1
seg+pos+rms,"(1.5, 8.0, 0.7, 0.0)",0.6555095911026001,0.13958120346069336,0.12994909286499023,1
seg+pos+rms,"(1.5, 8.0, 0.7, 0.0)",0.6811418831348419,0.07038301229476929,0.19296979904174805,1
seg+pos+rms,"(1.5, 8.0, 0.7, 0.3)",0.6491369307041168,0.08095896244049072,0.08281612396240234,1
seg+pos+rms,"(1.5, 8.0, 0.7, 0.3)",0.6623833775520325,0.0426175594329834,0.005844473838806152,1
seg+pos+rms,"(1.5, 8.0, 0.7, 0.3)",0.6601457595825195,0.038457632064819336,0.12259876728057861,1
seg+pos+rms,"(1.5, 8.0, 0.7, 0.3)",0.6793801188468933,0.16949141025543213,0.12299025058746338,1
seg+pos+rms,"(1.5, 8.0, 0.7, 0.3)",0.6011401116847992,0.04016900062561035,0.015470266342163086,1
seg+pos+rms,"(1.5, 8.0, 0.7, 0.3)",0.619817852973938,0.02425473928451538,0.026346206665039062,1
seg+pos+rms,"(1.5, 8.0, 0.7, 0.3)",0.6181329488754272,0.09623169898986816,0.028731465339660645,1
seg+pos+rms,"(1.5, 8.0, 0.7, 0.3)",0.666118860244751,0.11567860841751099,0.00988757610321045,1
seg+pos+rms,"(1.5, 8.0, 0.7, 0.3)",0.5978513360023499,0.016872704029083252,0.048784613609313965,1
seg+pos+rms,"(1.5, 8.0, 0.7, 0.3)",0.6483584940433502,0.09104949235916138,0.03468930721282959,1
seg+pos+rms,"(1.5, 8.0, 0.7, 0.3)",0.6623642146587372,0.03864973783493042,0.03491687774658203,1
seg+pos+rms,"(1.5, 8.0, 0.7, 0.3)",0.6141554117202759,0.10989761352539062,0.14616191387176514,1
seg+pos+rms,"(1.5, 8.0, 0.7, 0.3)",0.6059779822826385,0.07530474662780762,0.13121271133422852,1
seg+pos+rms,"(1.5, 8.0, 0.7, 0.3)",0.5898756980895996,0.07490259408950806,0.17802107334136963,1
seg+pos+rms,"(1.5, 8.0, 0.7, 0.3)",0.5979287326335907,0.04886668920516968,0.13530433177947998,1
seg+pos+rms,"(1.5, 8.0, 0.7, 0.6)",0.6481514573097229,0.0839623212814331,0.12123250961303711,1
seg+pos+rms,"(1.5, 8.0, 0.7, 0.6)",0.6569882333278656,0.08714556694030762,0.11192989349365234,1
seg+pos+rms,"(1.5, 8.0, 0.7, 0.6)",0.6834783852100372,0.04702109098434448,0.0611950159072876,1
seg+pos+rms,"(1.5, 8.0, 0.7, 0.6)",0.6464657485485077,0.06251132488250732,0.01508188247680664,1
seg+pos+rms,"(1.5, 8.0, 0.7, 0.6)",0.6937028169631958,0.12429147958755493,0.045491695404052734,1
seg+pos+rms,"(1.5, 8.0, 0.7, 0.6)",0.6232695281505585,0.08340144157409668,0.027508974075317383,1
seg+pos+rms,"(1.5, 8.0, 0.7, 0.6)",0.6725858151912689,0.08260369300842285,0.08173847198486328,1
seg+pos+rms,"(1.5, 8.0, 0.7, 0.6)",0.677849143743515,0.13502150774002075,0.027001500129699707,1
seg+pos+rms,"(1.5, 8.0, 0.7, 0.6)",0.6318629384040833,0.08331531286239624,0.00016498565673828125,1
seg+pos+rms,"(1.5, 8.0, 0.7, 0.6)",0.673211008310318,0.08477658033370972,0.11594021320343018,1
seg+pos+rms,"(1.5, 8.0, 0.7, 0.6)",0.6614169180393219,0.09906500577926636,0.05659520626068115,1
seg+pos+rms,"(1.5, 8.0, 0.7, 0.6)",0.6535016596317291,0.05920988321304321,0.05852842330932617,1
seg+pos+rms,"(1.5, 8.0, 0.7, 0.6)",0.6375766396522522,0.05971020460128784,0.024483799934387207,1
seg+pos+rms,"(1.5, 8.0, 0.7, 0.6)",0.6111961305141449,0.036757588386535645,0.006381392478942871,1
seg+pos+rms,"(1.5, 8.0, 0.7, 0.6)",0.6348763704299927,0.06180661916732788,0.11031651496887207,1
seg+pos+rms,"(1.5, 8.0, 0.7, -0.3)",0.6584529280662537,0.12233370542526245,0.2797694206237793,1
seg+pos+rms,"(1.5, 8.0, 0.7, -0.3)",0.6380474269390106,0.1109355092048645,0.17859458923339844,1
seg+pos+rms,"(1.5, 8.0, 0.7, -0.3)",0.5971384346485138,0.03761780261993408,0.09692716598510742,1
seg+pos+rms,"(1.5, 8.0, 0.7, -0.3)",0.5965370535850525,0.08008897304534912,0.1412501335144043,1
seg+pos+rms,"(1.5, 8.0, 0.7, -0.3)",0.643079400062561,0.12213289737701416,0.2260434627532959,1
seg+pos+rms,"(1.5, 8.0, 0.7, -0.3)",0.6635148823261261,0.10999155044555664,0.2131366729736328,1
seg+pos+rms,"(1.5, 8.0, 0.7, -0.3)",0.5867757499217987,0.09252601861953735,0.052228689193725586,1
seg+pos+rms,"(1.5, 8.0, 0.7, -0.3)",0.6452935934066772,0.08880424499511719,0.2178664207458496,1
seg+pos+rms,"(1.5, 8.0, 0.7, -0.3)",0.6369178295135498,0.03193026781082153,0.04773688316345215,1
seg+pos+rms,"(1.5, 8.0, 0.7, -0.3)",0.5801632702350616,0.0628402829170227,0.12012863159179688,1
seg+pos+rms,"(1.5, 8.0, 0.7, -0.3)",0.6384215652942657,0.049021899700164795,0.06600236892700195,1
seg+pos+rms,"(1.5, 8.0, 0.7, -0.3)",0.6963897347450256,0.07556062936782837,0.05585074424743652,1
seg+pos+rms,"(1.5, 8.0, 0.7, -0.3)",0.6063737869262695,0.07392805814743042,0.2257927656173706,1
seg+pos+rms,"(1.5, 8.0, 0.7, -0.3)",0.6716234087944031,0.08061647415161133,0.1768181324005127,1
seg+pos+rms,"(1.5, 8.0, 0.7, -0.3)",0.6132163405418396,0.0797501802444458,0.12110137939453125,1
seg+pos+rms,"(1.5, 20.0, 0.3, 0.0)",0.6817928850650787,0.1561126708984375,0.2173004150390625,1
seg+pos+rms,"(1.5, 20.0, 0.3, 0.0)",0.7161644995212555,0.14939647912979126,0.25605928897857666,1
seg+pos+rms,"(1.5, 20.0, 0.3, 0.0)",0.6788553297519684,0.10499119758605957,0.12256145477294922,1
seg+pos+rms,"(1.5, 20.0, 0.3, 0.0)",0.6811293959617615,0.1316138505935669,0.20403075218200684,1
seg+pos+rms,"(1.5, 20.0, 0.3, 0.0)",0.7306203842163086,0.16818493604660034,0.23662090301513672,1
seg+pos+rms,"(1.5, 20.0, 0.3, 0.0)",0.6835171282291412,0.008238673210144043,0.04575240612030029,1
seg+pos+rms,"(1.5, 20.0, 0.3, 0.0)",0.7098336219787598,0.11386686563491821,0.12533307075500488,1
seg+pos+rms,"(1.5, 20.0, 0.3, 0.0)",0.6747751832008362,0.1108657717704773,0.04992389678955078,1
seg+pos+rms,"(1.5, 20.0, 0.3, 0.0)",0.6939214468002319,0.18776017427444458,0.23452842235565186,1
seg+pos+rms,"(1.5, 20.0, 0.3, 0.0)",0.7240344882011414,0.11997872591018677,0.16493463516235352,1
seg+pos+rms,"(1.5, 20.0, 0.3, 0.0)",0.7222537994384766,0.11636191606521606,0.12964510917663574,1
seg+pos+rms,"(1.5, 20.0, 0.3, 0.0)",0.7083341181278229,0.1602988839149475,0.2733055353164673,1
seg+pos+rms,"(1.5, 20.0, 0.3, 0.0)",0.735595315694809,0.07712090015411377,0.05160808563232422,1
seg+pos+rms,"(1.5, 20.0, 0.3, 0.0)",0.6733933687210083,0.15815085172653198,0.15223395824432373,1
seg+pos+rms,"(1.5, 20.0, 0.3, 0.0)",0.6861043274402618,0.11741799116134644,0.23885929584503174,1
seg+pos+rms,"(1.5, 20.0, 0.3, 0.3)",0.7000149786472321,0.17044484615325928,0.1796208620071411,1
seg+pos+rms,"(1.5, 20.0, 0.3, 0.3)",0.7190553545951843,0.15147191286087036,0.17614948749542236,1
seg+pos+rms,"(1.5, 20.0, 0.3, 0.3)",0.6994510293006897,0.1437915563583374,0.13086509704589844,1
seg+pos+rms,"(1.5, 20.0, 0.3, 0.3)",0.6864688992500305,0.1581798791885376,0.18207025527954102,1
seg+pos+rms,"(1.5, 20.0, 0.3, 0.3)",0.7024166584014893,0.12639224529266357,0.06914281845092773,1
seg+pos+rms,"(1.5, 20.0, 0.3, 0.3)",0.6803191006183624,0.14200669527053833,0.26773011684417725,1
seg+pos+rms,"(1.5, 20.0, 0.3, 0.3)",0.6718307733535767,0.10650432109832764,0.08985865116119385,1
seg+pos+rms,"(1.5, 20.0, 0.3, 0.3)",0.7250405251979828,0.10277080535888672,0.04054570198059082,1
seg+pos+rms,"(1.5, 20.0, 0.3, 0.3)",0.7341160476207733,0.11782431602478027,0.1607351303100586,1
seg+pos+rms,"(1.5, 20.0, 0.3, 0.3)",0.7470927536487579,0.14350134134292603,0.22550439834594727,1
seg+pos+rms,"(1.5, 20.0, 0.3, 0.3)",0.7128233015537262,0.12798166275024414,0.13074934482574463,1
seg+pos+rms,"(1.5, 20.0, 0.3, 0.3)",0.7416490614414215,0.061400771141052246,0.09863746166229248,1
seg+pos+rms,"(1.5, 20.0, 0.3, 0.3)",0.7212015092372894,0.1104772686958313,0.05327105522155762,1
seg+pos+rms,"(1.5, 20.0, 0.3, 0.3)",0.6954742670059204,0.07017046213150024,0.1759786605834961,1
seg+pos+rms,"(1.5, 20.0, 0.3, 0.3)",0.725665271282196,0.07627111673355103,0.05852353572845459,1
seg+pos+rms,"(1.5, 20.0, 0.3, 0.6)",0.6878853738307953,0.15026414394378662,0.11692821979522705,1
seg+pos+rms,"(1.5, 20.0, 0.3, 0.6)",0.7001164555549622,0.12012165784835815,0.02812016010284424,1
seg+pos+rms,"(1.5, 20.0, 0.3, 0.6)",0.6930935382843018,0.15690159797668457,0.07373940944671631,1
seg+pos+rms,"(1.5, 20.0, 0.3, 0.6)",0.7050131857395172,0.09599930047988892,0.006451606750488281,1
seg+pos+rms,"(1.5, 20.0, 0.3, 0.6)",0.6516872346401215,0.0664139986038208,0.04072904586791992,1
seg+pos+rms,"(1.5, 20.0, 0.3, 0.6)",0.6746216714382172,0.15352940559387207,0.024788498878479004,1
seg+pos+rms,"(1.5, 20.0, 0.3, 0.6)",0.6806070804595947,0.09814780950546265,0.0316845178604126,1
seg+pos+rms,"(1.5, 20.0, 0.3, 0.6)",0.7084087431430817,0.19219201803207397,0.20343530178070068,1
seg+pos+rms,"(1.5, 20.0, 0.3, 0.6)",0.7039605975151062,0.08504664897918701,0.06605494022369385,1
seg+pos+rms,"(1.5, 20.0, 0.3, 0.6)",0.667346328496933,0.11525189876556396,0.06407344341278076,1
seg+pos+rms,"(1.5, 20.0, 0.3, 0.6)",0.6779480576515198,0.1128683090209961,0.005705356597900391,1
seg+pos+rms,"(1.5, 20.0, 0.3, 0.6)",0.713314563035965,0.03251904249191284,0.04139220714569092,1
seg+pos+rms,"(1.5, 20.0, 0.3, 0.6)",0.7130411565303802,0.10299825668334961,0.018714070320129395,1
seg+pos+rms,"(1.5, 20.0, 0.3, 0.6)",0.7040426433086395,0.136591374874115,0.1742309331893921,1
seg+pos+rms,"(1.5, 20.0, 0.3, 0.6)",0.6982208788394928,0.18202096223831177,0.03843879699707031,1
seg+pos+rms,"(1.5, 20.0, 0.3, -0.3)",0.6662685573101044,0.09413188695907593,0.22334933280944824,1
seg+pos+rms,"(1.5, 20.0, 0.3, -0.3)",0.6972665786743164,0.11668014526367188,0.1636648178100586,1
seg+pos+rms,"(1.5, 20.0, 0.3, -0.3)",0.6834836006164551,0.06748318672180176,0.023407459259033203,1
seg+pos+rms,"(1.5, 20.0, 0.3, -0.3)",0.675987035036087,0.1740957498550415,0.33587646484375,1
seg+pos+rms,"(1.5, 20.0, 0.3, -0.3)",0.6855316758155823,0.17382913827896118,0.35644233226776123,1
seg+pos+rms,"(1.5, 20.0, 0.3, -0.3)",0.6759628057479858,0.07659196853637695,0.22093939781188965,1
seg+pos+rms,"(1.5, 20.0, 0.3, -0.3)",0.6336618363857269,0.09402400255203247,0.19665348529815674,1
seg+pos+rms,"(1.5, 20.0, 0.3, -0.3)",0.6766580939292908,0.13793891668319702,0.3226367235183716,1
seg+pos+rms,"(1.5, 20.0, 0.3, -0.3)",0.7495670914649963,0.142042338848114,0.24098873138427734,1
seg+pos+rms,"(1.5, 20.0, 0.3, -0.3)",0.6691168248653412,0.011940956115722656,0.09163713455200195,1
seg+pos+rms,"(1.5, 20.0, 0.3, -0.3)",0.7679359912872314,0.053078293800354004,0.19335508346557617,1
seg+pos+rms,"(1.5, 20.0, 0.3, -0.3)",0.701164960861206,0.14041560888290405,0.17533302307128906,1
seg+pos+rms,"(1.5, 20.0, 0.3, -0.3)",0.7760041654109955,0.17483681440353394,0.2450871467590332,1
seg+pos+rms,"(1.5, 20.0, 0.3, -0.3)",0.6835375428199768,0.08040207624435425,0.12858176231384277,1
seg+pos+rms,"(1.5, 20.0, 0.3, -0.3)",0.7477146983146667,0.09063160419464111,0.21636581420898438,1
seg+pos+rms,"(1.5, 20.0, 0.7, 0.0)",0.49250495433807373,0.007615149021148682,0.028599143028259277,1
seg+pos+rms,"(1.5, 20.0, 0.7, 0.0)",0.4697396457195282,0.05298340320587158,0.017743349075317383,1
seg+pos+rms,"(1.5, 20.0, 0.7, 0.0)",0.44315674901008606,0.05001175403594971,0.14382266998291016,1
seg+pos+rms,"(1.5, 20.0, 0.7, 0.0)",0.5168322026729584,0.058019936084747314,0.10139155387878418,1
seg+pos+rms,"(1.5, 20.0, 0.7, 0.0)",0.5016267597675323,0.05931270122528076,0.14419770240783691,1
seg+pos+rms,"(1.5, 20.0, 0.7, 0.0)",0.467218816280365,0.06672793626785278,0.059913039207458496,1
seg+pos+rms,"(1.5, 20.0, 0.7, 0.0)",0.49518272280693054,0.04278343915939331,0.06262803077697754,1
seg+pos+rms,"(1.5, 20.0, 0.7, 0.0)",0.5279610753059387,0.07814395427703857,0.19722604751586914,1
seg+pos+rms,"(1.5, 20.0, 0.7, 0.0)",0.4781511723995209,0.11769247055053711,0.06991910934448242,1
seg+pos+rms,"(1.5, 20.0, 0.7, 0.0)",0.4697885811328888,0.07796096801757812,0.11445260047912598,1
seg+pos+rms,"(1.5, 20.0, 0.7, 0.0)",0.4502425938844681,0.05733436346054077,0.05769205093383789,1
seg+pos+rms,"(1.5, 20.0, 0.7, 0.0)",0.460146501660347,0.05856138467788696,0.13367843627929688,1
seg+pos+rms,"(1.5, 20.0, 0.7, 0.0)",0.5044894367456436,0.03775578737258911,0.1374199390411377,1
seg+pos+rms,"(1.5, 20.0, 0.7, 0.0)",0.45955121517181396,0.038085758686065674,0.07293105125427246,1
seg+pos+rms,"(1.5, 20.0, 0.7, 0.0)",0.4774462580680847,0.06678467988967896,0.059126853942871094,1
seg+pos+rms,"(1.5, 20.0, 0.7, 0.3)",0.4726361185312271,0.03938335180282593,0.042661190032958984,1
seg+pos+rms,"(1.5, 20.0, 0.7, 0.3)",0.47942593693733215,0.0655098557472229,0.14676332473754883,1
seg+pos+rms,"(1.5, 20.0, 0.7, 0.3)",0.5104262977838516,0.10647481679916382,0.20674049854278564,1
seg+pos+rms,"(1.5, 20.0, 0.7, 0.3)",0.4800146222114563,0.048805415630340576,0.13170123100280762,1
seg+pos+rms,"(1.5, 20.0, 0.7, 0.3)",0.44826172292232513,0.0652010440826416,0.13527846336364746,1
seg+pos+rms,"(1.5, 20.0, 0.7, 0.3)",0.4601627588272095,0.038813650608062744,0.12908685207366943,1
seg+pos+rms,"(1.5, 20.0, 0.7, 0.3)",0.5247249603271484,0.09135264158248901,0.13599789142608643,1
seg+pos+rms,"(1.5, 20.0, 0.7, 0.3)",0.4857371896505356,0.02083534002304077,0.03716433048248291,1
seg+pos+rms,"(1.5, 20.0, 0.7, 0.3)",0.49684464931488037,0.046495020389556885,0.1661088466644287,1
seg+pos+rms,"(1.5, 20.0, 0.7, 0.3)",0.41808752715587616,0.057722389698028564,0.1401216983795166,1
seg+pos+rms,"(1.5, 20.0, 0.7, 0.3)",0.4878813326358795,0.06383788585662842,0.10186600685119629,1
seg+pos+rms,"(1.5, 20.0, 0.7, 0.3)",0.4803437888622284,0.029169797897338867,0.09614276885986328,1
seg+pos+rms,"(1.5, 20.0, 0.7, 0.3)",0.463069885969162,0.058163464069366455,0.12141215801239014,1
seg+pos+rms,"(1.5, 20.0, 0.7, 0.3)",0.5389009416103363,0.07428133487701416,0.0938875675201416,1
seg+pos+rms,"(1.5, 20.0, 0.7, 0.3)",0.44961389899253845,0.03990614414215088,0.05288493633270264,1
seg+pos+rms,"(1.5, 20.0, 0.7, 0.6)",0.46726909279823303,0.04281872510910034,0.13293743133544922,1
seg+pos+rms,"(1.5, 20.0, 0.7, 0.6)",0.49191728234291077,0.05408453941345215,0.1460866928100586,1
seg+pos+rms,"(1.5, 20.0, 0.7, 0.6)",0.49758280813694,0.03983694314956665,0.12183976173400879,1
seg+pos+rms,"(1.5, 20.0, 0.7, 0.6)",0.5441994071006775,0.06613034009933472,0.17303049564361572,1
seg+pos+rms,"(1.5, 20.0, 0.7, 0.6)",0.5078046321868896,0.04144108295440674,0.011188745498657227,1
seg+pos+rms,"(1.5, 20.0, 0.7, 0.6)",0.4812815487384796,0.05154842138290405,0.252949595451355,1
seg+pos+rms,"(1.5, 20.0, 0.7, 0.6)",0.5069347620010376,0.08741819858551025,0.21198761463165283,1
seg+pos+rms,"(1.5, 20.0, 0.7, 0.6)",0.47613781690597534,0.05266672372817993,0.05741417407989502,1
seg+pos+rms,"(1.5, 20.0, 0.7, 0.6)",0.5075808316469193,0.05393862724304199,0.12625718116760254,1
seg+pos+rms,"(1.5, 20.0, 0.7, 0.6)",0.47746458649635315,0.03202182054519653,0.14719951152801514,1
seg+pos+rms,"(1.5, 20.0, 0.7, 0.6)",0.46133953332901,0.04123145341873169,0.08849382400512695,1
seg+pos+rms,"(1.5, 20.0, 0.7, 0.6)",0.48405538499355316,0.030899345874786377,0.03406989574432373,1
seg+pos+rms,"(1.5, 20.0, 0.7, 0.6)",0.5101146697998047,0.038558125495910645,0.14291882514953613,1
seg+pos+rms,"(1.5, 20.0, 0.7, 0.6)",0.5169432759284973,0.06728839874267578,0.015083074569702148,1
seg+pos+rms,"(1.5, 20.0, 0.7, 0.6)",0.5071707665920258,0.07471132278442383,0.06907868385314941,1
seg+pos+rms,"(1.5, 20.0, 0.7, -0.3)",0.5040639787912369,0.10573607683181763,0.08185601234436035,1
seg+pos+rms,"(1.5, 20.0, 0.7, -0.3)",0.5274651050567627,0.01845383644104004,0.006373167037963867,1
seg+pos+rms,"(1.5, 20.0, 0.7, -0.3)",0.5176821351051331,0.12255072593688965,0.21280169486999512,1
seg+pos+rms,"(1.5, 20.0, 0.7, -0.3)",0.4646076411008835,0.042594730854034424,0.009929895401000977,1
seg+pos+rms,"(1.5, 20.0, 0.7, -0.3)",0.5110750198364258,0.02142888307571411,0.03145575523376465,1
seg+pos+rms,"(1.5, 20.0, 0.7, -0.3)",0.47590096294879913,0.04328155517578125,0.07732653617858887,1
seg+pos+rms,"(1.5, 20.0, 0.7, -0.3)",0.5430545508861542,0.01233583688735962,0.05875897407531738,1
seg+pos+rms,"(1.5, 20.0, 0.7, -0.3)",0.454776868224144,0.05648207664489746,0.11637568473815918,1
seg+pos+rms,"(1.5, 20.0, 0.7, -0.3)",0.510559618473053,0.1193392276763916,0.1486494541168213,1
seg+pos+rms,"(1.5, 20.0, 0.7, -0.3)",0.4743613302707672,0.048735976219177246,0.028631925582885742,1
seg+pos+rms,"(1.5, 20.0, 0.7, -0.3)",0.5010959208011627,0.06256985664367676,0.12400245666503906,1
seg+pos+rms,"(1.5, 20.0, 0.7, -0.3)",0.48716501891613007,0.03437322378158569,0.05027341842651367,1
seg+pos+rms,"(1.5, 20.0, 0.7, -0.3)",0.4762735813856125,0.007766842842102051,0.06314206123352051,1
seg+pos+rms,"(1.5, 20.0, 0.7, -0.3)",0.49731263518333435,0.045418500900268555,0.16534423828125,1
seg+pos+rms,"(1.5, 20.0, 0.7, -0.3)",0.49862201511859894,0.05622154474258423,0.08812594413757324,1
seg+pos+rms,"(3.0, 8.0, 0.3, 0.0)",1.5799977779388428,0.5709463357925415,0.6665136814117432,1
seg+pos+rms,"(3.0, 8.0, 0.3, 0.0)",1.5438767075538635,0.5835486650466919,0.7693581581115723,1
seg+pos+rms,"(3.0, 8.0, 0.3, 0.0)",1.5412355661392212,0.4375934600830078,0.7050220966339111,1
seg+pos+rms,"(3.0, 8.0, 0.3, 0.0)",1.5532799363136292,0.5722818374633789,0.772392988204956,1
seg+pos+rms,"(3.0, 8.0, 0.3, 0.0)",1.53341144323349,0.5066583156585693,0.7403683662414551,1
seg+pos+rms,"(3.0, 8.0, 0.3, 0.0)",1.530979037284851,0.589993953704834,0.8529660701751709,1
seg+pos+rms,"(3.0, 8.0, 0.3, 0.0)",1.5762985944747925,0.5718731880187988,0.999392032623291,1
seg+pos+rms,"(3.0, 8.0, 0.3, 0.0)",1.5204975008964539,0.5619924068450928,0.5915100574493408,1
seg+pos+rms,"(3.0, 8.0, 0.3, 0.0)",1.5358707904815674,0.5850526094436646,0.8792693614959717,1
seg+pos+rms,"(3.0, 8.0, 0.3, 0.0)",1.5521953701972961,0.5981993675231934,1.0163671970367432,1
seg+pos+rms,"(3.0, 8.0, 0.3, 0.0)",1.568959891796112,0.6420552730560303,0.9631946086883545,1
seg+pos+rms,"(3.0, 8.0, 0.3, 0.0)",1.5738263130187988,0.5269590616226196,0.6838505268096924,1
seg+pos+rms,"(3.0, 8.0, 0.3, 0.0)",1.5354833602905273,0.5426957607269287,0.7682790756225586,1
seg+pos+rms,"(3.0, 8.0, 0.3, 0.0)",1.566598117351532,0.5679973363876343,0.7871243953704834,1
seg+pos+rms,"(3.0, 8.0, 0.3, 0.0)",1.5659955143928528,0.500090479850769,0.6592607498168945,1
seg+pos+rms,"(3.0, 8.0, 0.3, 0.3)",1.5606789588928223,0.7154890298843384,0.47500085830688477,1
seg+pos+rms,"(3.0, 8.0, 0.3, 0.3)",1.5791131258010864,0.6061570644378662,0.40976738929748535,1
seg+pos+rms,"(3.0, 8.0, 0.3, 0.3)",1.4778901934623718,0.6287988424301147,0.8436896800994873,1
seg+pos+rms,"(3.0, 8.0, 0.3, 0.3)",1.5487830638885498,0.6508562564849854,0.5680088996887207,1
seg+pos+rms,"(3.0, 8.0, 0.3, 0.3)",1.530340552330017,0.7151912450790405,0.9256875514984131,1
seg+pos+rms,"(3.0, 8.0, 0.3, 0.3)",1.584502398967743,0.5762510299682617,0.5849311351776123,1
seg+pos+rms,"(3.0, 8.0, 0.3, 0.3)",1.516940414905548,0.58475661277771,0.566439151763916,1
seg+pos+rms,"(3.0, 8.0, 0.3, 0.3)",1.5610392689704895,0.4804847240447998,0.3806006908416748,1
seg+pos+rms,"(3.0, 8.0, 0.3, 0.3)",1.5034435987472534,0.3766673803329468,0.40862369537353516,1
seg+pos+rms,"(3.0, 8.0, 0.3, 0.3)",1.5260172486305237,0.5583466291427612,0.5312433242797852,1
seg+pos+rms,"(3.0, 8.0, 0.3, 0.3)",1.5378199815750122,0.5666553974151611,0.7032959461212158,1
seg+pos+rms,"(3.0, 8.0, 0.3, 0.3)",1.521686851978302,0.5996874570846558,0.6354765892028809,1
seg+pos+rms,"(3.0, 8.0, 0.3, 0.3)",1.483090579509735,0.409501314163208,0.6464550495147705,1
seg+pos+rms,"(3.0, 8.0, 0.3, 0.3)",1.5540146231651306,0.6685068607330322,0.5859179496765137,1
seg+pos+rms,"(3.0, 8.0, 0.3, 0.3)",1.5854650139808655,0.4632183313369751,0.594205379486084,1
seg+pos+rms,"(3.0, 8.0, 0.3, 0.6)",1.5622567534446716,0.5936106443405151,0.48751163482666016,1
seg+pos+rms,"(3.0, 8.0, 0.3, 0.6)",1.5476024746894836,0.6228064298629761,0.4428598880767822,1
seg+pos+rms,"(3.0, 8.0, 0.3, 0.6)",1.5067599415779114,0.5230962038040161,0.5827362537384033,1
seg+pos+rms,"(3.0, 8.0, 0.3, 0.6)",1.6401094198226929,0.6661719083786011,0.5064246654510498,1
seg+pos+rms,"(3.0, 8.0, 0.3, 0.6)",1.526186466217041,0.4245166778564453,0.4355654716491699,1
seg+pos+rms,"(3.0, 8.0, 0.3, 0.6)",1.4675769209861755,0.5988224744796753,0.46117734909057617,1
seg+pos+rms,"(3.0, 8.0, 0.3, 0.6)",1.5629435777664185,0.5350651741027832,0.41440534591674805,1
seg+pos+rms,"(3.0, 8.0, 0.3, 0.6)",1.596198320388794,0.7840145826339722,0.5780336856842041,1
seg+pos+rms,"(3.0, 8.0, 0.3, 0.6)",1.4801077842712402,0.5981763601303101,0.5817844867706299,1
seg+pos+rms,"(3.0, 8.0, 0.3, 0.6)",1.533592402935028,0.5655051469802856,0.40938448905944824,1
seg+pos+rms,"(3.0, 8.0, 0.3, 0.6)",1.5069839358329773,0.4413602352142334,0.3268270492553711,1
seg+pos+rms,"(3.0, 8.0, 0.3, 0.6)",1.5305202007293701,0.5650029182434082,0.44844627380371094,1
seg+pos+rms,"(3.0, 8.0, 0.3, 0.6)",1.599528193473816,0.5533571243286133,0.3423616886138916,1
seg+pos+rms,"(3.0, 8.0, 0.3, 0.6)",1.5507420301437378,0.6862528324127197,0.5226912498474121,1
seg+pos+rms,"(3.0, 8.0, 0.3, 0.6)",1.5391363501548767,0.4719107151031494,0.3375725746154785,1
seg+pos+rms,"(3.0, 8.0, 0.3, -0.3)",1.5583410263061523,0.5660789012908936,1.0135726928710938,1
seg+pos+rms,"(3.0, 8.0, 0.3, -0.3)",1.5523898601531982,0.7182718515396118,1.4134247303009033,1
seg+pos+rms,"(3.0, 8.0, 0.3, -0.3)",1.553726851940155,0.5054097175598145,0.8931293487548828,1
seg+pos+rms,"(3.0, 8.0, 0.3, -0.3)",1.5189368724822998,0.5396312475204468,0.915330171585083,1
seg+pos+rms,"(3.0, 8.0, 0.3, -0.3)",1.5252519249916077,0.5879524946212769,0.9816997051239014,1
seg+pos+rms,"(3.0, 8.0, 0.3, -0.3)",1.6050453186035156,0.5677374601364136,0.9418544769287109,1
seg+pos+rms,"(3.0, 8.0, 0.3, -0.3)",1.5602003931999207,0.5523802042007446,0.9421286582946777,1
seg+pos+rms,"(3.0, 8.0, 0.3, -0.3)",1.5605504512786865,0.7218890190124512,1.3555028438568115,1
seg+pos+rms,"(3.0, 8.0, 0.3, -0.3)",1.5300925374031067,0.5923447608947754,0.8235335350036621,1
seg+pos+rms,"(3.0, 8.0, 0.3, -0.3)",1.5760028958320618,0.7385653853416443,1.0765140056610107,1
seg+pos+rms,"(3.0, 8.0, 0.3, -0.3)",1.5324879884719849,0.5324289798736572,0.8784375190734863,1
seg+pos+rms,"(3.0, 8.0, 0.3, -0.3)",1.5367707014083862,0.5509785413742065,0.7932555675506592,1
seg+pos+rms,"(3.0, 8.0, 0.3, -0.3)",1.5468897223472595,0.5845999717712402,0.9746518135070801,1
seg+pos+rms,"(3.0, 8.0, 0.3, -0.3)",1.5823112726211548,0.3937876224517822,0.6836497783660889,1
seg+pos+rms,"(3.0, 8.0, 0.3, -0.3)",1.559286653995514,0.6232764720916748,1.0886917114257812,1
seg+pos+rms,"(3.0, 8.0, 0.7, 0.0)",1.1282811164855957,0.13902485370635986,0.2605133056640625,1
seg+pos+rms,"(3.0, 8.0, 0.7, 0.0)",1.1321722269058228,0.14114773273468018,0.27289819717407227,1
seg+pos+rms,"(3.0, 8.0, 0.7, 0.0)",1.0966944694519043,0.11481356620788574,0.05286550521850586,1
seg+pos+rms,"(3.0, 8.0, 0.7, 0.0)",1.1432964205741882,0.13772046566009521,0.409548282623291,1
seg+pos+rms,"(3.0, 8.0, 0.7, 0.0)",1.103830635547638,0.16429150104522705,0.13361883163452148,1
seg+pos+rms,"(3.0, 8.0, 0.7, 0.0)",1.0884617567062378,0.14453637599945068,0.15033388137817383,1
seg+pos+rms,"(3.0, 8.0, 0.7, 0.0)",1.0548452138900757,0.16307032108306885,0.2803609371185303,1
seg+pos+rms,"(3.0, 8.0, 0.7, 0.0)",1.0875975489616394,0.11385524272918701,0.21448993682861328,1
seg+pos+rms,"(3.0, 8.0, 0.7, 0.0)",1.1171923279762268,0.15088295936584473,0.23703861236572266,1
seg+pos+rms,"(3.0, 8.0, 0.7, 0.0)",1.1162748336791992,0.14621496200561523,0.3613905906677246,1
seg+pos+rms,"(3.0, 8.0, 0.7, 0.0)",1.0813890099525452,0.11181604862213135,0.5682790279388428,1
seg+pos+rms,"(3.0, 8.0, 0.7, 0.0)",1.1590142846107483,0.17967045307159424,0.4870107173919678,1
seg+pos+rms,"(3.0, 8.0, 0.7, 0.0)",1.109974205493927,0.09244823455810547,0.19797635078430176,1
seg+pos+rms,"(3.0, 8.0, 0.7, 0.0)",1.0962767601013184,0.06608200073242188,0.13810300827026367,1
seg+pos+rms,"(3.0, 8.0, 0.7, 0.0)",1.092350423336029,0.13716697692871094,0.03345298767089844,1
seg+pos+rms,"(3.0, 8.0, 0.7, 0.3)",1.1082541942596436,0.26517248153686523,0.17768144607543945,1
seg+pos+rms,"(3.0, 8.0, 0.7, 0.3)",1.1447643041610718,0.12119495868682861,0.21383261680603027,1
seg+pos+rms,"(3.0, 8.0, 0.7, 0.3)",1.151975691318512,0.11189937591552734,0.08373308181762695,1
seg+pos+rms,"(3.0, 8.0, 0.7, 0.3)",1.0991492867469788,0.07975912094116211,0.07492804527282715,1
seg+pos+rms,"(3.0, 8.0, 0.7, 0.3)",1.0164223909378052,0.17989623546600342,0.23927092552185059,1
seg+pos+rms,"(3.0, 8.0, 0.7, 0.3)",1.066158652305603,0.14711689949035645,0.07112932205200195,1
seg+pos+rms,"(3.0, 8.0, 0.7, 0.3)",1.0877349376678467,0.08531761169433594,0.1477358341217041,1
seg+pos+rms,"(3.0, 8.0, 0.7, 0.3)",1.1054643392562866,0.2385423183441162,0.32554006576538086,1
seg+pos+rms,"(3.0, 8.0, 0.7, 0.3)",1.1235979199409485,0.2636772394180298,0.27322936058044434,1
seg+pos+rms,"(3.0, 8.0, 0.7, 0.3)",1.1649413704872131,0.23483121395111084,0.3473527431488037,1
seg+pos+rms,"(3.0, 8.0, 0.7, 0.3)",1.0696273446083069,0.06662905216217041,0.044089317321777344,1
seg+pos+rms,"(3.0, 8.0, 0.7, 0.3)",1.0929264426231384,0.16493332386016846,0.22790932655334473,1
seg+pos+rms,"(3.0, 8.0, 0.7, 0.3)",1.0361847281455994,0.05332517623901367,0.18341302871704102,1
seg+pos+rms,"(3.0, 8.0, 0.7, 0.3)",1.0625025629997253,0.2030559778213501,0.2852592468261719,1
seg+pos+rms,"(3.0, 8.0, 0.7, 0.3)",1.0829151272773743,0.22107470035552979,0.23027896881103516,1
seg+pos+rms,"(3.0, 8.0, 0.7, 0.6)",1.173948585987091,0.09543085098266602,0.09256958961486816,1
seg+pos+rms,"(3.0, 8.0, 0.7, 0.6)",1.146746277809143,0.1460270881652832,0.1491703987121582,1
seg+pos+rms,"(3.0, 8.0, 0.7, 0.6)",1.0878952145576477,0.2047055959701538,0.13085460662841797,1
seg+pos+rms,"(3.0, 8.0, 0.7, 0.6)",1.1960806250572205,0.1518927812576294,0.08384537696838379,1
seg+pos+rms,"(3.0, 8.0, 0.7, 0.6)",1.0807269215583801,0.23371803760528564,0.11584639549255371,1
seg+pos+rms,"(3.0, 8.0, 0.7, 0.6)",1.1092860698699951,0.19263195991516113,0.22300362586975098,1
seg+pos+rms,"(3.0, 8.0, 0.7, 0.6)",1.0982127785682678,0.19361519813537598,0.38475990295410156,1
seg+pos+rms,"(3.0, 8.0, 0.7, 0.6)",1.1320334672927856,0.16983461380004883,0.15556120872497559,1
seg+pos+rms,"(3.0, 8.0, 0.7, 0.6)",1.0805256366729736,0.0712047815322876,0.01590704917907715,1
seg+pos+rms,"(3.0, 8.0, 0.7, 0.6)",1.0793945789337158,0.14026618003845215,0.0729982852935791,1
seg+pos+rms,"(3.0, 8.0, 0.7, 0.6)",1.0358135104179382,0.12123358249664307,0.04345250129699707,1
seg+pos+rms,"(3.0, 8.0, 0.7, 0.6)",1.098783254623413,0.264721155166626,0.2314317226409912,1
seg+pos+rms,"(3.0, 8.0, 0.7, 0.6)",1.0158254504203796,0.14163076877593994,0.23234200477600098,1
seg+pos+rms,"(3.0, 8.0, 0.7, 0.6)",1.1231289505958557,0.17496740818023682,0.1046762466430664,1
seg+pos+rms,"(3.0, 8.0, 0.7, 0.6)",1.1180251836776733,0.06534326076507568,0.1442580223083496,1
seg+pos+rms,"(3.0, 8.0, 0.7, -0.3)",1.1178712248802185,0.1759939193725586,0.46112847328186035,1
seg+pos+rms,"(3.0, 8.0, 0.7, -0.3)",1.1732611060142517,0.23866236209869385,0.4828836917877197,1
seg+pos+rms,"(3.0, 8.0, 0.7, -0.3)",1.071368396282196,0.04110217094421387,0.012980937957763672,1
seg+pos+rms,"(3.0, 8.0, 0.7, -0.3)",1.1220518350601196,0.2943211793899536,0.489260196685791,1
seg+pos+rms,"(3.0, 8.0, 0.7, -0.3)",1.0749133825302124,0.24660921096801758,0.4309558868408203,1
seg+pos+rms,"(3.0, 8.0, 0.7, -0.3)",1.0038021504878998,0.15159475803375244,0.23882150650024414,1
seg+pos+rms,"(3.0, 8.0, 0.7, -0.3)",1.053676724433899,0.2004406452178955,0.3319244384765625,1
seg+pos+rms,"(3.0, 8.0, 0.7, -0.3)",1.054729402065277,0.08965957164764404,0.12928295135498047,1
seg+pos+rms,"(3.0, 8.0, 0.7, -0.3)",1.1264246106147766,0.23315775394439697,0.3362455368041992,1
seg+pos+rms,"(3.0, 8.0, 0.7, -0.3)",1.1042392253875732,0.10717177391052246,0.13034725189208984,1
seg+pos+rms,"(3.0, 8.0, 0.7, -0.3)",1.1120697259902954,0.10834729671478271,0.3010284900665283,1
seg+pos+rms,"(3.0, 8.0, 0.7, -0.3)",1.107504427433014,0.2132192850112915,0.36815452575683594,1
seg+pos+rms,"(3.0, 8.0, 0.7, -0.3)",1.1512947082519531,0.22255945205688477,0.44130945205688477,1
seg+pos+rms,"(3.0, 8.0, 0.7, -0.3)",1.0745744109153748,0.14325416088104248,0.18681907653808594,1
seg+pos+rms,"(3.0, 8.0, 0.7, -0.3)",1.125875174999237,0.1967456340789795,0.40340137481689453,1
seg+pos+rms,"(3.0, 20.0, 0.3, 0.0)",1.2388776540756226,0.2571057081222534,0.23438501358032227,1
seg+pos+rms,"(3.0, 20.0, 0.3, 0.0)",1.22651869058609,0.2572213411331177,0.37250423431396484,1
seg+pos+rms,"(3.0, 20.0, 0.3, 0.0)",1.251120924949646,0.2163769006729126,0.3396608829498291,1
seg+pos+rms,"(3.0, 20.0, 0.3, 0.0)",1.3286889791488647,0.32033979892730713,0.3864250183105469,1
seg+pos+rms,"(3.0, 20.0, 0.3, 0.0)",1.2202162146568298,0.25588881969451904,0.4612917900085449,1
seg+pos+rms,"(3.0, 20.0, 0.3, 0.0)",1.2616955041885376,0.20807039737701416,0.4591381549835205,1
seg+pos+rms,"(3.0, 20.0, 0.3, 0.0)",1.2246617674827576,0.30836284160614014,0.47336339950561523,1
seg+pos+rms,"(3.0, 20.0, 0.3, 0.0)",1.2009718418121338,0.30092620849609375,0.5396919250488281,1
seg+pos+rms,"(3.0, 20.0, 0.3, 0.0)",1.2968782186508179,0.2370978593826294,0.40660595893859863,1
seg+pos+rms,"(3.0, 20.0, 0.3, 0.0)",1.2191617488861084,0.2537837028503418,0.30777955055236816,1
seg+pos+rms,"(3.0, 20.0, 0.3, 0.0)",1.1888594031333923,0.2905203104019165,0.5188450813293457,1
seg+pos+rms,"(3.0, 20.0, 0.3, 0.0)",1.2535637617111206,0.4125509262084961,0.46879076957702637,1
seg+pos+rms,"(3.0, 20.0, 0.3, 0.0)",1.2193991541862488,0.1950981616973877,0.5814883708953857,1
seg+pos+rms,"(3.0, 20.0, 0.3, 0.0)",1.2173652052879333,0.30518174171447754,0.430147647857666,1
seg+pos+rms,"(3.0, 20.0, 0.3, 0.0)",1.2802136540412903,0.20475542545318604,0.3136470317840576,1
seg+pos+rms,"(3.0, 20.0, 0.3, 0.3)",1.2508686780929565,0.285752534866333,0.21673893928527832,1
seg+pos+rms,"(3.0, 20.0, 0.3, 0.3)",1.1903148889541626,0.27367472648620605,0.2944760322570801,1
seg+pos+rms,"(3.0, 20.0, 0.3, 0.3)",1.3488126993179321,0.1784759759902954,0.11339497566223145,1
seg+pos+rms,"(3.0, 20.0, 0.3, 0.3)",1.224639117717743,0.2227720022201538,0.39514589309692383,1
seg+pos+rms,"(3.0, 20.0, 0.3, 0.3)",1.2004976272583008,0.14567625522613525,0.10799527168273926,1
seg+pos+rms,"(3.0, 20.0, 0.3, 0.3)",1.2413614392280579,0.2506140470504761,0.16694974899291992,1
seg+pos+rms,"(3.0, 20.0, 0.3, 0.3)",1.2398826479911804,0.20058906078338623,0.026058673858642578,1
seg+pos+rms,"(3.0, 20.0, 0.3, 0.3)",1.1909050345420837,0.27571308612823486,0.4188575744628906,1
seg+pos+rms,"(3.0, 20.0, 0.3, 0.3)",1.3168494701385498,0.24614214897155762,0.24149036407470703,1
seg+pos+rms,"(3.0, 20.0, 0.3, 0.3)",1.2258368730545044,0.2847933769226074,0.38944149017333984,1
seg+pos+rms,"(3.0, 20.0, 0.3, 0.3)",1.2640089392662048,0.2420027256011963,0.18431687355041504,1
seg+pos+rms,"(3.0, 20.0, 0.3, 0.3)",1.192060947418213,0.28978896141052246,0.4104123115539551,1
seg+pos+rms,"(3.0, 20.0, 0.3, 0.3)",1.2699952721595764,0.39702343940734863,0.30799341201782227,1
seg+pos+rms,"(3.0, 20.0, 0.3, 0.3)",1.218563973903656,0.20803892612457275,0.1752476692199707,1
seg+pos+rms,"(3.0, 20.0, 0.3, 0.3)",1.2478951215744019,0.23968005180358887,0.3233144283294678,1
seg+pos+rms,"(3.0, 20.0, 0.3, 0.6)",1.193114995956421,0.29765963554382324,0.12180161476135254,1
seg+pos+rms,"(3.0, 20.0, 0.3, 0.6)",1.1982327699661255,0.26865947246551514,0.09906983375549316,1
seg+pos+rms,"(3.0, 20.0, 0.3, 0.6)",1.2541013956069946,0.25936222076416016,0.0040514469146728516,1
seg+pos+rms,"(3.0, 20.0, 0.3, 0.6)",1.2199901342391968,0.2481147050857544,0.23216652870178223,1
seg+pos+rms,"(3.0, 20.0, 0.3, 0.6)",1.30863356590271,0.32449162006378174,0.2037663459777832,1
seg+pos+rms,"(3.0, 20.0, 0.3, 0.6)",1.270402729511261,0.2695502042770386,0.12355518341064453,1
seg+pos+rms,"(3.0, 20.0, 0.3, 0.6)",1.2029200792312622,0.11651849746704102,0.2193312644958496,1
seg+pos+rms,"(3.0, 20.0, 0.3, 0.6)",1.2718893885612488,0.3722144365310669,0.16771578788757324,1
seg+pos+rms,"(3.0, 20.0, 0.3, 0.6)",1.2011292576789856,0.3421112298965454,0.21684670448303223,1
seg+pos+rms,"(3.0, 20.0, 0.3, 0.6)",1.1931536197662354,0.2942730188369751,0.21829438209533691,1
seg+pos+rms,"(3.0, 20.0, 0.3, 0.6)",1.2074629068374634,0.29594886302948,0.13573193550109863,1
seg+pos+rms,"(3.0, 20.0, 0.3, 0.6)",1.2634474039077759,0.35413920879364014,0.29161906242370605,1
seg+pos+rms,"(3.0, 20.0, 0.3, 0.6)",1.257773756980896,0.37597477436065674,0.44646501541137695,1
seg+pos+rms,"(3.0, 20.0, 0.3, 0.6)",1.189280390739441,0.18719935417175293,0.1970527172088623,1
seg+pos+rms,"(3.0, 20.0, 0.3, 0.6)",1.2541679739952087,0.22253286838531494,0.14554643630981445,1
seg+pos+rms,"(3.0, 20.0, 0.3, -0.3)",1.1820574402809143,0.32697415351867676,0.43949365615844727,1
seg+pos+rms,"(3.0, 20.0, 0.3, -0.3)",1.2308547496795654,0.2049868106842041,0.22159862518310547,1
seg+pos+rms,"(3.0, 20.0, 0.3, -0.3)",1.1891990303993225,0.22073125839233398,0.2751889228820801,1
seg+pos+rms,"(3.0, 20.0, 0.3, -0.3)",1.2356716394424438,0.25030434131622314,0.35198068618774414,1
seg+pos+rms,"(3.0, 20.0, 0.3, -0.3)",1.3192314505577087,0.3517237901687622,0.6085205078125,1
seg+pos+rms,"(3.0, 20.0, 0.3, -0.3)",1.248548984527588,0.3805748224258423,0.6426799297332764,1
seg+pos+rms,"(3.0, 20.0, 0.3, -0.3)",1.227112054824829,0.2779761552810669,0.4597930908203125,1
seg+pos+rms,"(3.0, 20.0, 0.3, -0.3)",1.2115218043327332,0.1688835620880127,0.3679184913635254,1
seg+pos+rms,"(3.0, 20.0, 0.3, -0.3)",1.207719087600708,0.2444913387298584,0.38874149322509766,1
seg+pos+rms,"(3.0, 20.0, 0.3, -0.3)",1.1819641590118408,0.15793204307556152,0.1753091812133789,1
seg+pos+rms,"(3.0, 20.0, 0.3, -0.3)",1.2487629055976868,0.2630925178527832,0.478912353515625,1
seg+pos+rms,"(3.0, 20.0, 0.3, -0.3)",1.2153884768486023,0.2282184362411499,0.21266937255859375,1
seg+pos+rms,"(3.0, 20.0, 0.3, -0.3)",1.2719644904136658,0.3220874071121216,0.42612600326538086,1
seg+pos+rms,"(3.0, 20.0, 0.3, -0.3)",1.2582889199256897,0.24331450462341309,0.41372013092041016,1
seg+pos+rms,"(3.0, 20.0, 0.3, -0.3)",1.2508937120437622,0.2625662088394165,0.378232479095459,1
seg+pos+rms,"(3.0, 20.0, 0.7, 0.0)",0.7092760503292084,0.042462944984436035,0.024437427520751953,1
seg+pos+rms,"(3.0, 20.0, 0.7, 0.0)",0.7493261098861694,0.020899176597595215,0.06467151641845703,1
seg+pos+rms,"(3.0, 20.0, 0.7, 0.0)",0.7296698689460754,0.03164076805114746,0.11427879333496094,1
seg+pos+rms,"(3.0, 20.0, 0.7, 0.0)",0.695393830537796,0.017658591270446777,0.06914377212524414,1
seg+pos+rms,"(3.0, 20.0, 0.7, 0.0)",0.7354922294616699,0.014124870300292969,0.021303653717041016,1
seg+pos+rms,"(3.0, 20.0, 0.7, 0.0)",0.6996636092662811,0.05701577663421631,0.06958818435668945,1
seg+pos+rms,"(3.0, 20.0, 0.7, 0.0)",0.7438276410102844,0.0442584753036499,0.07021379470825195,1
seg+pos+rms,"(3.0, 20.0, 0.7, 0.0)",0.6918646991252899,0.0530400276184082,0.003418445587158203,1
seg+pos+rms,"(3.0, 20.0, 0.7, 0.0)",0.662790060043335,0.0337291955947876,0.07956361770629883,1
seg+pos+rms,"(3.0, 20.0, 0.7, 0.0)",0.6595735847949982,0.033185601234436035,0.08764028549194336,1
seg+pos+rms,"(3.0, 20.0, 0.7, 0.0)",0.6939772069454193,0.04877912998199463,0.05961799621582031,1
seg+pos+rms,"(3.0, 20.0, 0.7, 0.0)",0.7705674767494202,0.08254694938659668,0.16497039794921875,1
seg+pos+rms,"(3.0, 20.0, 0.7, 0.0)",0.7386512160301208,0.02805197238922119,0.028937101364135742,1
seg+pos+rms,"(3.0, 20.0, 0.7, 0.0)",0.7599018514156342,0.0836801528930664,0.19776129722595215,1
seg+pos+rms,"(3.0, 20.0, 0.7, 0.0)",0.7513682842254639,0.09884357452392578,0.09882402420043945,1
seg+pos+rms,"(3.0, 20.0, 0.7, 0.3)",0.6987128853797913,0.059069156646728516,0.05457806587219238,1
seg+pos+rms,"(3.0, 20.0, 0.7, 0.3)",0.7274646162986755,0.054874300956726074,0.04837989807128906,1
seg+pos+rms,"(3.0, 20.0, 0.7, 0.3)",0.748036652803421,0.04777812957763672,0.02853846549987793,1
seg+pos+rms,"(3.0, 20.0, 0.7, 0.3)",0.7101273536682129,0.038402676582336426,0.02411937713623047,1
seg+pos+rms,"(3.0, 20.0, 0.7, 0.3)",0.6791232228279114,0.07960736751556396,0.14706659317016602,1
seg+pos+rms,"(3.0, 20.0, 0.7, 0.3)",0.7325201630592346,0.10376465320587158,0.1058497428894043,1
seg+pos+rms,"(3.0, 20.0, 0.7, 0.3)",0.6983115375041962,0.09560954570770264,0.16732025146484375,1
seg+pos+rms,"(3.0, 20.0, 0.7, 0.3)",0.7113307118415833,0.02784430980682373,0.03035593032836914,1
seg+pos+rms,"(3.0, 20.0, 0.7, 0.3)",0.7055380046367645,0.06465399265289307,0.03433537483215332,1
seg+pos+rms,"(3.0, 20.0, 0.7, 0.3)",0.7204743027687073,0.06444263458251953,0.01914191246032715,1
seg+pos+rms,"(3.0, 20.0, 0.7, 0.3)",0.737385094165802,0.056011199951171875,0.11524558067321777,1
seg+pos+rms,"(3.0, 20.0, 0.7, 0.3)",0.7111490070819855,0.02985203266143799,0.052968502044677734,1
seg+pos+rms,"(3.0, 20.0, 0.7, 0.3)",0.6864288449287415,0.043770790100097656,0.009485006332397461,1
seg+pos+rms,"(3.0, 20.0, 0.7, 0.3)",0.7623916864395142,0.020192742347717285,0.14517617225646973,1
seg+pos+rms,"(3.0, 20.0, 0.7, 0.3)",0.8048127591609955,0.05606245994567871,0.15716934204101562,1
seg+pos+rms,"(3.0, 20.0, 0.7, 0.6)",0.7085174322128296,0.10690486431121826,0.13631868362426758,1
seg+pos+rms,"(3.0, 20.0, 0.7, 0.6)",0.7615951299667358,0.02862870693206787,0.012806415557861328,1
seg+pos+rms,"(3.0, 20.0, 0.7, 0.6)",0.7326491475105286,0.08159017562866211,0.021563053131103516,1
seg+pos+rms,"(3.0, 20.0, 0.7, 0.6)",0.7327210903167725,0.06246590614318848,0.0570831298828125,1
seg+pos+rms,"(3.0, 20.0, 0.7, 0.6)",0.7124208807945251,0.059903860092163086,0.025936365127563477,1
seg+pos+rms,"(3.0, 20.0, 0.7, 0.6)",0.6794602870941162,0.025084376335144043,0.027317285537719727,1
seg+pos+rms,"(3.0, 20.0, 0.7, 0.6)",0.706830233335495,0.02567601203918457,0.026482582092285156,1
seg+pos+rms,"(3.0, 20.0, 0.7, 0.6)",0.791544646024704,0.03449547290802002,0.08394575119018555,1
seg+pos+rms,"(3.0, 20.0, 0.7, 0.6)",0.7925362586975098,0.12022864818572998,0.2043917179107666,1
seg+pos+rms,"(3.0, 20.0, 0.7, 0.6)",0.6581621170043945,0.02079141139984131,0.053789615631103516,1
seg+pos+rms,"(3.0, 20.0, 0.7, 0.6)",0.687638521194458,0.043347835540771484,0.023238182067871094,1
seg+pos+rms,"(3.0, 20.0, 0.7, 0.6)",0.7329042553901672,0.07235002517700195,0.05907464027404785,1
seg+pos+rms,"(3.0, 20.0, 0.7, 0.6)",0.6678657233715057,0.05427539348602295,0.09128975868225098,1
seg+pos+rms,"(3.0, 20.0, 0.7, 0.6)",0.7558571994304657,0.04226279258728027,0.09668874740600586,1
seg+pos+rms,"(3.0, 20.0, 0.7, 0.6)",0.7805067896842957,0.015947699546813965,0.0007853507995605469,1
seg+pos+rms,"(3.0, 20.0, 0.7, -0.3)",0.7680629789829254,0.0366741418838501,0.1011972427368164,1
seg+pos+rms,"(3.0, 20.0, 0.7, -0.3)",0.7357273399829865,0.024593234062194824,0.051691532135009766,1
seg+pos+rms,"(3.0, 20.0, 0.7, -0.3)",0.7445834577083588,0.06085526943206787,0.08311653137207031,1
seg+pos+rms,"(3.0, 20.0, 0.7, -0.3)",0.7017422020435333,0.020944833755493164,0.032273292541503906,1
seg+pos+rms,"(3.0, 20.0, 0.7, -0.3)",0.7192070484161377,0.020121097564697266,0.006134510040283203,1
seg+pos+rms,"(3.0, 20.0, 0.7, -0.3)",0.7170523703098297,0.03511190414428711,0.02133917808532715,1
seg+pos+rms,"(3.0, 20.0, 0.7, -0.3)",0.7751805186271667,0.023181796073913574,0.0420832633972168,1
seg+pos+rms,"(3.0, 20.0, 0.7, -0.3)",0.8014639914035797,0.048403382301330566,0.04065990447998047,1
seg+pos+rms,"(3.0, 20.0, 0.7, -0.3)",0.7127469778060913,0.027863502502441406,0.04915046691894531,1
seg+pos+rms,"(3.0, 20.0, 0.7, -0.3)",0.7278847992420197,0.10000967979431152,0.17144298553466797,1
seg+pos+rms,"(3.0, 20.0, 0.7, -0.3)",0.7540701031684875,0.02123725414276123,0.03502988815307617,1
seg+pos+rms,"(3.0, 20.0, 0.7, -0.3)",0.7010319232940674,0.023408055305480957,0.09250926971435547,1
seg+pos+rms,"(3.0, 20.0, 0.7, -0.3)",0.6932966113090515,0.04877603054046631,0.029559612274169922,1
seg+pos+rms,"(3.0, 20.0, 0.7, -0.3)",0.750182181596756,0.07613062858581543,0.1324310302734375,1
seg+pos+rms,"(3.0, 20.0, 0.7, -0.3)",0.7735621929168701,0.058603525161743164,0.00847482681274414,1
seg+pos+rms,"(1.5, 8.0, 0.3, 0.0)",0.8745089769363403,0.23285609483718872,0.31175684928894043,2
seg+pos+rms,"(1.5, 8.0, 0.3, 0.0)",0.8492929041385651,0.252935528755188,0.2968400716781616,2
seg+pos+rms,"(1.5, 8.0, 0.3, 0.0)",0.8162284195423126,0.2588886618614197,0.346185564994812,2
seg+pos+rms,"(1.5, 8.0, 0.3, 0.0)",0.8511788547039032,0.2874469757080078,0.30692780017852783,2
seg+pos+rms,"(1.5, 8.0, 0.3, 0.0)",0.8247886896133423,0.24725288152694702,0.5465047359466553,2
seg+pos+rms,"(1.5, 8.0, 0.3, 0.0)",0.8166361153125763,0.2436733841896057,0.22010493278503418,2
seg+pos+rms,"(1.5, 8.0, 0.3, 0.0)",0.8723856508731842,0.3124694228172302,0.3491300344467163,2
seg+pos+rms,"(1.5, 8.0, 0.3, 0.0)",0.8973261415958405,0.2458387017250061,0.3027627468109131,2
seg+pos+rms,"(1.5, 8.0, 0.3, 0.0)",0.8468200862407684,0.2285727858543396,0.26774322986602783,2
seg+pos+rms,"(1.5, 8.0, 0.3, 0.0)",0.8064355552196503,0.27011990547180176,0.2868828773498535,2
seg+pos+rms,"(1.5, 8.0, 0.3, 0.0)",0.8457280993461609,0.2906337380409241,0.36738526821136475,2
seg+pos+rms,"(1.5, 8.0, 0.3, 0.0)",0.818662703037262,0.24328291416168213,0.29130661487579346,2
seg+pos+rms,"(1.5, 8.0, 0.3, 0.0)",0.8787253499031067,0.21894174814224243,0.3339482545852661,2
seg+pos+rms,"(1.5, 8.0, 0.3, 0.0)",0.8500570952892303,0.23860973119735718,0.35796403884887695,2
seg+pos+rms,"(1.5, 8.0, 0.3, 0.0)",0.8418888747692108,0.2127230167388916,0.23816251754760742,2
seg+pos+rms,"(1.5, 8.0, 0.3, 0.3)",0.8572938442230225,0.2881680727005005,0.2401142120361328,2
seg+pos+rms,"(1.5, 8.0, 0.3, 0.3)",0.8392539024353027,0.264690637588501,0.3213850259780884,2
seg+pos+rms,"(1.5, 8.0, 0.3, 0.3)",0.8393098711967468,0.17661815881729126,0.13981640338897705,2
seg+pos+rms,"(1.5, 8.0, 0.3, 0.3)",0.8426830172538757,0.17425501346588135,0.27310121059417725,2
seg+pos+rms,"(1.5, 8.0, 0.3, 0.3)",0.8502183556556702,0.22193562984466553,0.0788036584854126,2
seg+pos+rms,"(1.5, 8.0, 0.3, 0.3)",0.84716796875,0.15846014022827148,0.23268914222717285,2
seg+pos+rms,"(1.5, 8.0, 0.3, 0.3)",0.865037739276886,0.2913530468940735,0.1562960147857666,2
seg+pos+rms,"(1.5, 8.0, 0.3, 0.3)",0.8276098072528839,0.18443399667739868,0.11684012413024902,2
seg+pos+rms,"(1.5, 8.0, 0.3, 0.3)",0.8565829992294312,0.1915687918663025,0.2810631990432739,2
seg+pos+rms,"(1.5, 8.0, 0.3, 0.3)",0.818437933921814,0.23801928758621216,0.3651388883590698,2
seg+pos+rms,"(1.5, 8.0, 0.3, 0.3)",0.8443257510662079,0.23782730102539062,0.16356098651885986,2
seg+pos+rms,"(1.5, 8.0, 0.3, 0.3)",0.8779308497905731,0.2027568221092224,0.24346256256103516,2
seg+pos+rms,"(1.5, 8.0, 0.3, 0.3)",0.805463433265686,0.21525561809539795,0.215867280960083,2
seg+pos+rms,"(1.5, 8.0, 0.3, 0.3)",0.8871129155158997,0.15528464317321777,0.19378387928009033,2
seg+pos+rms,"(1.5, 8.0, 0.3, 0.3)",0.7984737455844879,0.2678757905960083,0.2939847707748413,2
seg+pos+rms,"(1.5, 8.0, 0.3, 0.6)",0.8160175383090973,0.21234363317489624,0.23779535293579102,2
seg+pos+rms,"(1.5, 8.0, 0.3, 0.6)",0.8259762525558472,0.23343151807785034,0.21346378326416016,2
seg+pos+rms,"(1.5, 8.0, 0.3, 0.6)",0.8658463060855865,0.22952938079833984,0.07692849636077881,2
seg+pos+rms,"(1.5, 8.0, 0.3, 0.6)",0.8216651380062103,0.22540444135665894,0.13965928554534912,2
seg+pos+rms,"(1.5, 8.0, 0.3, 0.6)",0.8430826961994171,0.2912794351577759,0.12818968296051025,2
seg+pos+rms,"(1.5, 8.0, 0.3, 0.6)",0.8068104982376099,0.1615472435951233,0.13592910766601562,2
seg+pos+rms,"(1.5, 8.0, 0.3, 0.6)",0.8762686252593994,0.264411985874176,0.17644000053405762,2
seg+pos+rms,"(1.5, 8.0, 0.3, 0.6)",0.8758865892887115,0.20694082975387573,0.061159729957580566,2
seg+pos+rms,"(1.5, 8.0, 0.3, 0.6)",0.8592877984046936,0.2418144941329956,0.0533442497253418,2
seg+pos+rms,"(1.5, 8.0, 0.3, 0.6)",0.7952223420143127,0.1827746033668518,0.055325984954833984,2
seg+pos+rms,"(1.5, 8.0, 0.3, 0.6)",0.8359356224536896,0.21809756755828857,0.06109011173248291,2
seg+pos+rms,"(1.5, 8.0, 0.3, 0.6)",0.8562654256820679,0.22563529014587402,0.1319504976272583,2
seg+pos+rms,"(1.5, 8.0, 0.3, 0.6)",0.8445223569869995,0.18374645709991455,0.12450027465820312,2
seg+pos+rms,"(1.5, 8.0, 0.3, 0.6)",0.8232401013374329,0.28759950399398804,0.1685734987258911,2
seg+pos+rms,"(1.5, 8.0, 0.3, 0.6)",0.8326630592346191,0.19285714626312256,0.1431971788406372,2
seg+pos+rms,"(1.5, 8.0, 0.3, -0.3)",0.8985159397125244,0.18028271198272705,0.357342004776001,2
seg+pos+rms,"(1.5, 8.0, 0.3, -0.3)",0.8676933944225311,0.270297110080719,0.43576252460479736,2
seg+pos+rms,"(1.5, 8.0, 0.3, -0.3)",0.874663382768631,0.2134559154510498,0.3445754051208496,2
seg+pos+rms,"(1.5, 8.0, 0.3, -0.3)",0.794885516166687,0.2004604935646057,0.22565579414367676,2
seg+pos+rms,"(1.5, 8.0, 0.3, -0.3)",0.8640174269676208,0.18893694877624512,0.4255340099334717,2
seg+pos+rms,"(1.5, 8.0, 0.3, -0.3)",0.8037348985671997,0.2660893201828003,0.39994215965270996,2
seg+pos+rms,"(1.5, 8.0, 0.3, -0.3)",0.8575130999088287,0.2221919298171997,0.4235224723815918,2
seg+pos+rms,"(1.5, 8.0, 0.3, -0.3)",0.8704000115394592,0.3214278817176819,0.5694400072097778,2
seg+pos+rms,"(1.5, 8.0, 0.3, -0.3)",0.8529689908027649,0.24675947427749634,0.4011942148208618,2
seg+pos+rms,"(1.5, 8.0, 0.3, -0.3)",0.8579740524291992,0.3021083474159241,0.6201550960540771,2
seg+pos+rms,"(1.5, 8.0, 0.3, -0.3)",0.8656387329101562,0.227819561958313,0.3743785619735718,2
seg+pos+rms,"(1.5, 8.0, 0.3, -0.3)",0.8632581830024719,0.27387261390686035,0.49757230281829834,2
seg+pos+rms,"(1.5, 8.0, 0.3, -0.3)",0.8446707129478455,0.19968879222869873,0.32351160049438477,2
seg+pos+rms,"(1.5, 8.0, 0.3, -0.3)",0.7958861589431763,0.26489734649658203,0.4996471405029297,2
seg+pos+rms,"(1.5, 8.0, 0.3, -0.3)",0.851507842540741,0.30295616388320923,0.5612235069274902,2
seg+pos+rms,"(1.5, 8.0, 0.7, 0.0)",0.6248737871646881,0.0331573486328125,0.035089731216430664,2
seg+pos+rms,"(1.5, 8.0, 0.7, 0.0)",0.6624596118927002,0.054790496826171875,0.03092360496520996,2
seg+pos+rms,"(1.5, 8.0, 0.7, 0.0)",0.6276139914989471,0.086239755153656,0.22718453407287598,2
seg+pos+rms,"(1.5, 8.0, 0.7, 0.0)",0.6606544256210327,0.08410978317260742,0.06611347198486328,2
seg+pos+rms,"(1.5, 8.0, 0.7, 0.0)",0.6662495136260986,0.06194639205932617,0.11127936840057373,2
seg+pos+rms,"(1.5, 8.0, 0.7, 0.0)",0.6217191219329834,0.016519248485565186,0.020854949951171875,2
seg+pos+rms,"(1.5, 8.0, 0.7, 0.0)",0.6196281909942627,0.034854114055633545,0.14881110191345215,2
seg+pos+rms,"(1.5, 8.0, 0.7, 0.0)",0.6060464382171631,0.07067340612411499,0.041043996810913086,2
seg+pos+rms,"(1.5, 8.0, 0.7, 0.0)",0.6447120010852814,0.070220947265625,0.12696242332458496,2
seg+pos+rms,"(1.5, 8.0, 0.7, 0.0)",0.6410189270973206,0.10451370477676392,0.23128736019134521,2
seg+pos+rms,"(1.5, 8.0, 0.7, 0.0)",0.6443029344081879,0.04279172420501709,0.09610867500305176,2
seg+pos+rms,"(1.5, 8.0, 0.7, 0.0)",0.6200549304485321,0.09038752317428589,0.06625771522521973,2
seg+pos+rms,"(1.5, 8.0, 0.7, 0.0)",0.608872264623642,0.0448949933052063,0.1468980312347412,2
seg+pos+rms,"(1.5, 8.0, 0.7, 0.0)",0.6454046070575714,0.0917673110961914,0.14369702339172363,2
seg+pos+rms,"(1.5, 8.0, 0.7, 0.0)",0.6335206627845764,0.04919058084487915,0.061037540435791016,2
seg+pos+rms,"(1.5, 8.0, 0.7, 0.3)",0.6295365989208221,0.04152882099151611,0.023008108139038086,2
seg+pos+rms,"(1.5, 8.0, 0.7, 0.3)",0.6212394535541534,0.02449190616607666,0.016914844512939453,2
seg+pos+rms,"(1.5, 8.0, 0.7, 0.3)",0.6767431497573853,0.05169159173965454,0.020161747932434082,2
seg+pos+rms,"(1.5, 8.0, 0.7, 0.3)",0.6319180130958557,0.043376922607421875,0.01765155792236328,2
seg+pos+rms,"(1.5, 8.0, 0.7, 0.3)",0.6374752223491669,0.0559697151184082,0.02388632297515869,2
seg+pos+rms,"(1.5, 8.0, 0.7, 0.3)",0.6129021644592285,0.025803804397583008,0.042534589767456055,2
seg+pos+rms,"(1.5, 8.0, 0.7, 0.3)",0.6532995700836182,0.0807155966758728,0.05020713806152344,2
seg+pos+rms,"(1.5, 8.0, 0.7, 0.3)",0.6894442737102509,0.0399245023727417,0.042075276374816895,2
seg+pos+rms,"(1.5, 8.0, 0.7, 0.3)",0.6574727296829224,0.07381361722946167,0.13678157329559326,2
seg+pos+rms,"(1.5, 8.0, 0.7, 0.3)",0.6380482912063599,0.01888597011566162,0.021528244018554688,2
seg+pos+rms,"(1.5, 8.0, 0.7, 0.3)",0.6000984311103821,0.06698954105377197,0.10783636569976807,2
seg+pos+rms,"(1.5, 8.0, 0.7, 0.3)",0.6527902483940125,0.06290954351425171,0.021345973014831543,2
seg+pos+rms,"(1.5, 8.0, 0.7, 0.3)",0.6147151291370392,0.05585753917694092,0.0011222362518310547,2
seg+pos+rms,"(1.5, 8.0, 0.7, 0.3)",0.6321299970149994,0.028302788734436035,0.036374688148498535,2
seg+pos+rms,"(1.5, 8.0, 0.7, 0.3)",0.6440296173095703,0.04720151424407959,0.007827997207641602,2
seg+pos+rms,"(1.5, 8.0, 0.7, 0.6)",0.6092071235179901,0.036461472511291504,0.039456844329833984,2
seg+pos+rms,"(1.5, 8.0, 0.7, 0.6)",0.6098487675189972,0.047759294509887695,0.029784679412841797,2
seg+pos+rms,"(1.5, 8.0, 0.7, 0.6)",0.6541752219200134,0.06755650043487549,0.0012334585189819336,2
seg+pos+rms,"(1.5, 8.0, 0.7, 0.6)",0.6904319226741791,0.040056705474853516,0.07715845108032227,2
seg+pos+rms,"(1.5, 8.0, 0.7, 0.6)",0.6632919311523438,0.04915201663970947,0.09962785243988037,2
seg+pos+rms,"(1.5, 8.0, 0.7, 0.6)",0.6838114857673645,0.04593992233276367,0.18559050559997559,2
seg+pos+rms,"(1.5, 8.0, 0.7, 0.6)",0.6889225244522095,0.006615102291107178,0.19228386878967285,2
seg+pos+rms,"(1.5, 8.0, 0.7, 0.6)",0.6309688091278076,0.013208746910095215,0.010495901107788086,2
seg+pos+rms,"(1.5, 8.0, 0.7, 0.6)",0.6480715572834015,0.04177570343017578,0.08168601989746094,2
seg+pos+rms,"(1.5, 8.0, 0.7, 0.6)",0.6428523659706116,0.06841713190078735,0.13091182708740234,2
seg+pos+rms,"(1.5, 8.0, 0.7, 0.6)",0.6099467873573303,0.08255141973495483,0.05753648281097412,2
seg+pos+rms,"(1.5, 8.0, 0.7, 0.6)",0.6703912019729614,0.06453484296798706,0.03261399269104004,2
seg+pos+rms,"(1.5, 8.0, 0.7, 0.6)",0.6293138265609741,0.07963788509368896,0.022347092628479004,2
seg+pos+rms,"(1.5, 8.0, 0.7, 0.6)",0.6608661115169525,0.016263484954833984,0.04226827621459961,2
seg+pos+rms,"(1.5, 8.0, 0.7, 0.6)",0.6348594427108765,0.02882969379425049,0.16241919994354248,2
seg+pos+rms,"(1.5, 8.0, 0.7, -0.3)",0.6529417037963867,0.06653052568435669,0.08136224746704102,2
seg+pos+rms,"(1.5, 8.0, 0.7, -0.3)",0.6306015253067017,0.06226396560668945,0.0872645378112793,2
seg+pos+rms,"(1.5, 8.0, 0.7, -0.3)",0.6233924031257629,0.04450702667236328,0.11256718635559082,2
seg+pos+rms,"(1.5, 8.0, 0.7, -0.3)",0.6615530848503113,0.03188997507095337,0.11510419845581055,2
seg+pos+rms,"(1.5, 8.0, 0.7, -0.3)",0.6550893485546112,0.025290608406066895,0.01517629623413086,2
seg+pos+rms,"(1.5, 8.0, 0.7, -0.3)",0.6331067681312561,0.028161227703094482,0.01761651039123535,2
seg+pos+rms,"(1.5, 8.0, 0.7, -0.3)",0.6682983040809631,0.06110483407974243,0.026250362396240234,2
seg+pos+rms,"(1.5, 8.0, 0.7, -0.3)",0.5968106985092163,0.029281675815582275,0.013474464416503906,2
seg+pos+rms,"(1.5, 8.0, 0.7, -0.3)",0.6577595174312592,0.04056441783905029,0.06678056716918945,2
seg+pos+rms,"(1.5, 8.0, 0.7, -0.3)",0.6230999231338501,0.017409026622772217,0.04832005500793457,2
seg+pos+rms,"(1.5, 8.0, 0.7, -0.3)",0.659787118434906,0.027182161808013916,0.02485823631286621,2
seg+pos+rms,"(1.5, 8.0, 0.7, -0.3)",0.6214229464530945,0.08363807201385498,0.3135714530944824,2
seg+pos+rms,"(1.5, 8.0, 0.7, -0.3)",0.6303022503852844,0.034651219844818115,0.11288070678710938,2
seg+pos+rms,"(1.5, 8.0, 0.7, -0.3)",0.624352753162384,0.1046915054321289,0.23482728004455566,2
seg+pos+rms,"(1.5, 8.0, 0.7, -0.3)",0.6111689507961273,0.11028856039047241,0.1624288558959961,2
seg+pos+rms,"(1.5, 20.0, 0.3, 0.0)",0.7147351801395416,0.1272990107536316,0.21679377555847168,2
seg+pos+rms,"(1.5, 20.0, 0.3, 0.0)",0.6870900988578796,0.056750714778900146,0.18316853046417236,2
seg+pos+rms,"(1.5, 20.0, 0.3, 0.0)",0.6688440144062042,0.09694886207580566,0.1444467306137085,2
seg+pos+rms,"(1.5, 20.0, 0.3, 0.0)",0.7096407413482666,0.12385237216949463,0.14334511756896973,2
seg+pos+rms,"(1.5, 20.0, 0.3, 0.0)",0.7309063076972961,0.08668690919876099,0.1949244737625122,2
seg+pos+rms,"(1.5, 20.0, 0.3, 0.0)",0.651816725730896,0.05721777677536011,0.2208002805709839,2
seg+pos+rms,"(1.5, 20.0, 0.3, 0.0)",0.6571060717105865,0.09381872415542603,0.06736040115356445,2
seg+pos+rms,"(1.5, 20.0, 0.3, 0.0)",0.7027313113212585,0.1258167028427124,0.20206046104431152,2
seg+pos+rms,"(1.5, 20.0, 0.3, 0.0)",0.6960099935531616,0.038027167320251465,0.013597488403320312,2
seg+pos+rms,"(1.5, 20.0, 0.3, 0.0)",0.6863341927528381,0.0771295428276062,0.11159825325012207,2
seg+pos+rms,"(1.5, 20.0, 0.3, 0.0)",0.6950874924659729,0.11588668823242188,0.07121872901916504,2
seg+pos+rms,"(1.5, 20.0, 0.3, 0.0)",0.7343021929264069,0.152887225151062,0.25604796409606934,2
seg+pos+rms,"(1.5, 20.0, 0.3, 0.0)",0.7248535454273224,0.08276021480560303,0.2762342691421509,2
seg+pos+rms,"(1.5, 20.0, 0.3, 0.0)",0.7076375484466553,0.10441994667053223,0.16765189170837402,2
seg+pos+rms,"(1.5, 20.0, 0.3, 0.0)",0.6681843996047974,0.13367491960525513,0.16138744354248047,2
seg+pos+rms,"(1.5, 20.0, 0.3, 0.3)",0.6766239106655121,0.08139234781265259,0.05455470085144043,2
seg+pos+rms,"(1.5, 20.0, 0.3, 0.3)",0.6845041215419769,0.10999757051467896,0.0475238561630249,2
seg+pos+rms,"(1.5, 20.0, 0.3, 0.3)",0.714177131652832,0.056517958641052246,0.0159456729888916,2
seg+pos+rms,"(1.5, 20.0, 0.3, 0.3)",0.7091493904590607,0.12539607286453247,0.026272296905517578,2
seg+pos+rms,"(1.5, 20.0, 0.3, 0.3)",0.7146175503730774,0.0898100733757019,0.013060688972473145,2
seg+pos+rms,"(1.5, 20.0, 0.3, 0.3)",0.6619260907173157,0.05002021789550781,0.009139299392700195,2
seg+pos+rms,"(1.5, 20.0, 0.3, 0.3)",0.6797575056552887,0.08152151107788086,0.1131216287612915,2
seg+pos+rms,"(1.5, 20.0, 0.3, 0.3)",0.6662634909152985,0.12833362817764282,0.1221475601196289,2
seg+pos+rms,"(1.5, 20.0, 0.3, 0.3)",0.7672863602638245,0.07392627000808716,0.03565394878387451,2
seg+pos+rms,"(1.5, 20.0, 0.3, 0.3)",0.6790120601654053,0.19504547119140625,0.1919078826904297,2
seg+pos+rms,"(1.5, 20.0, 0.3, 0.3)",0.6713822782039642,0.04447382688522339,0.21059167385101318,2
seg+pos+rms,"(1.5, 20.0, 0.3, 0.3)",0.7536041736602783,0.09665048122406006,0.05212712287902832,2
seg+pos+rms,"(1.5, 20.0, 0.3, 0.3)",0.6894468069076538,0.08391731977462769,0.03317737579345703,2
seg+pos+rms,"(1.5, 20.0, 0.3, 0.3)",0.7138944864273071,0.10612142086029053,0.032314419746398926,2
seg+pos+rms,"(1.5, 20.0, 0.3, 0.3)",0.6625653505325317,0.1406669020652771,0.16200745105743408,2
seg+pos+rms,"(1.5, 20.0, 0.3, 0.6)",0.6699249148368835,0.06005734205245972,0.09323084354400635,2
seg+pos+rms,"(1.5, 20.0, 0.3, 0.6)",0.7085241973400116,0.044658005237579346,0.16753149032592773,2
seg+pos+rms,"(1.5, 20.0, 0.3, 0.6)",0.6784932613372803,0.1169583797454834,0.05435514450073242,2
seg+pos+rms,"(1.5, 20.0, 0.3, 0.6)",0.6811979115009308,0.0996016263961792,0.04369306564331055,2
seg+pos+rms,"(1.5, 20.0, 0.3, 0.6)",0.7178484499454498,0.04832428693771362,0.13044095039367676,2
seg+pos+rms,"(1.5, 20.0, 0.3, 0.6)",0.6987705826759338,0.0472865104675293,0.03621387481689453,2
seg+pos+rms,"(1.5, 20.0, 0.3, 0.6)",0.6663980185985565,0.07874923944473267,0.0531541109085083,2
seg+pos+rms,"(1.5, 20.0, 0.3, 0.6)",0.6600512564182281,0.1001705527305603,0.04578554630279541,2
seg+pos+rms,"(1.5, 20.0, 0.3, 0.6)",0.7375294268131256,0.11706733703613281,0.02844703197479248,2
seg+pos+rms,"(1.5, 20.0, 0.3, 0.6)",0.6605052351951599,0.11045795679092407,0.06189918518066406,2
seg+pos+rms,"(1.5, 20.0, 0.3, 0.6)",0.7138579785823822,0.07000553607940674,0.061521053314208984,2
seg+pos+rms,"(1.5, 20.0, 0.3, 0.6)",0.6741855144500732,0.04638856649398804,0.042655110359191895,2
seg+pos+rms,"(1.5, 20.0, 0.3, 0.6)",0.7041443288326263,0.08842313289642334,0.019457578659057617,2
seg+pos+rms,"(1.5, 20.0, 0.3, 0.6)",0.7114807367324829,0.0993279218673706,0.02992403507232666,2
seg+pos+rms,"(1.5, 20.0, 0.3, 0.6)",0.6900767087936401,0.11484843492507935,0.07953107357025146,2
seg+pos+rms,"(1.5, 20.0, 0.3, -0.3)",0.6672473251819611,0.12052243947982788,0.18570947647094727,2
seg+pos+rms,"(1.5, 20.0, 0.3, -0.3)",0.7213305830955505,0.08210021257400513,0.10889434814453125,2
seg+pos+rms,"(1.5, 20.0, 0.3, -0.3)",0.6970527172088623,0.071605384349823,0.12795710563659668,2
seg+pos+rms,"(1.5, 20.0, 0.3, -0.3)",0.722918689250946,0.10123616456985474,0.21497845649719238,2
seg+pos+rms,"(1.5, 20.0, 0.3, -0.3)",0.6906772553920746,0.16241532564163208,0.36898279190063477,2
seg+pos+rms,"(1.5, 20.0, 0.3, -0.3)",0.704483300447464,0.09984910488128662,0.2715566158294678,2
seg+pos+rms,"(1.5, 20.0, 0.3, -0.3)",0.7226011455059052,0.12655609846115112,0.29528260231018066,2
seg+pos+rms,"(1.5, 20.0, 0.3, -0.3)",0.6697013080120087,0.08882033824920654,0.1788628101348877,2
seg+pos+rms,"(1.5, 20.0, 0.3, -0.3)",0.6731765270233154,0.0814010500907898,0.12323570251464844,2
seg+pos+rms,"(1.5, 20.0, 0.3, -0.3)",0.6588281989097595,0.023756980895996094,0.03791618347167969,2
seg+pos+rms,"(1.5, 20.0, 0.3, -0.3)",0.699106752872467,0.06961315870285034,0.09594178199768066,2
seg+pos+rms,"(1.5, 20.0, 0.3, -0.3)",0.7039673030376434,0.10403376817703247,0.12107133865356445,2
seg+pos+rms,"(1.5, 20.0, 0.3, -0.3)",0.6565601229667664,0.057400524616241455,0.14135050773620605,2
seg+pos+rms,"(1.5, 20.0, 0.3, -0.3)",0.6618024706840515,0.09609758853912354,0.20736980438232422,2
seg+pos+rms,"(1.5, 20.0, 0.3, -0.3)",0.6485210657119751,0.13353878259658813,0.23196005821228027,2
seg+pos+rms,"(1.5, 20.0, 0.7, 0.0)",0.4906381070613861,0.07570397853851318,0.1383190155029297,2
seg+pos+rms,"(1.5, 20.0, 0.7, 0.0)",0.46351122856140137,0.018366456031799316,0.07596409320831299,2
seg+pos+rms,"(1.5, 20.0, 0.7, 0.0)",0.4972769021987915,0.07605922222137451,0.12419700622558594,2
seg+pos+rms,"(1.5, 20.0, 0.7, 0.0)",0.49801403284072876,0.02445930242538452,0.02124190330505371,2
seg+pos+rms,"(1.5, 20.0, 0.7, 0.0)",0.4536917060613632,0.08750998973846436,0.22326040267944336,2
seg+pos+rms,"(1.5, 20.0, 0.7, 0.0)",0.5104819536209106,0.060209453105926514,0.056090354919433594,2
seg+pos+rms,"(1.5, 20.0, 0.7, 0.0)",0.4911508113145828,0.07699090242385864,0.21584296226501465,2
seg+pos+rms,"(1.5, 20.0, 0.7, 0.0)",0.470177099108696,0.09617596864700317,0.008513450622558594,2
seg+pos+rms,"(1.5, 20.0, 0.7, 0.0)",0.4503377377986908,0.03981524705886841,0.033919572830200195,2
seg+pos+rms,"(1.5, 20.0, 0.7, 0.0)",0.4826391339302063,0.11128699779510498,0.21801185607910156,2
seg+pos+rms,"(1.5, 20.0, 0.7, 0.0)",0.5029867738485336,0.06865513324737549,0.2050609588623047,2
seg+pos+rms,"(1.5, 20.0, 0.7, 0.0)",0.5102701783180237,0.10966837406158447,0.12343895435333252,2
seg+pos+rms,"(1.5, 20.0, 0.7, 0.0)",0.4623625576496124,0.031140804290771484,0.0010635852813720703,2
seg+pos+rms,"(1.5, 20.0, 0.7, 0.0)",0.48307640850543976,0.06192982196807861,0.09221982955932617,2
seg+pos+rms,"(1.5, 20.0, 0.7, 0.0)",0.47451385855674744,0.07618707418441772,0.11861228942871094,2
seg+pos+rms,"(1.5, 20.0, 0.7, 0.3)",0.4892987906932831,0.062006235122680664,0.21507298946380615,2
seg+pos+rms,"(1.5, 20.0, 0.7, 0.3)",0.4805731028318405,0.04649710655212402,0.01325082778930664,2
seg+pos+rms,"(1.5, 20.0, 0.7, 0.3)",0.46521082520484924,0.05858445167541504,0.03249204158782959,2
seg+pos+rms,"(1.5, 20.0, 0.7, 0.3)",0.4932084083557129,0.11871010065078735,0.16744768619537354,2
seg+pos+rms,"(1.5, 20.0, 0.7, 0.3)",0.43907174468040466,0.00429379940032959,0.0030035972595214844,2
seg+pos+rms,"(1.5, 20.0, 0.7, 0.3)",0.4478535056114197,0.06241345405578613,0.07876217365264893,2
seg+pos+rms,"(1.5, 20.0, 0.7, 0.3)",0.4642423540353775,0.01000821590423584,0.048159241676330566,2
seg+pos+rms,"(1.5, 20.0, 0.7, 0.3)",0.47235554456710815,0.05327349901199341,0.04840397834777832,2
seg+pos+rms,"(1.5, 20.0, 0.7, 0.3)",0.4261287897825241,0.01585143804550171,0.026507019996643066,2
seg+pos+rms,"(1.5, 20.0, 0.7, 0.3)",0.45592330396175385,0.06569254398345947,0.11182677745819092,2
seg+pos+rms,"(1.5, 20.0, 0.7, 0.3)",0.507377028465271,0.103260338306427,0.16164159774780273,2
seg+pos+rms,"(1.5, 20.0, 0.7, 0.3)",0.5383050739765167,0.10628277063369751,0.18181991577148438,2
seg+pos+rms,"(1.5, 20.0, 0.7, 0.3)",0.5006504505872726,0.10840755701065063,0.16054117679595947,2
seg+pos+rms,"(1.5, 20.0, 0.7, 0.3)",0.5042886883020401,0.03228121995925903,0.05328869819641113,2
seg+pos+rms,"(1.5, 20.0, 0.7, 0.3)",0.411725178360939,0.07483875751495361,0.07239151000976562,2
seg+pos+rms,"(1.5, 20.0, 0.7, 0.6)",0.48526032269001007,0.04011178016662598,0.04998195171356201,2
seg+pos+rms,"(1.5, 20.0, 0.7, 0.6)",0.49142932891845703,0.04547029733657837,0.15487265586853027,2
seg+pos+rms,"(1.5, 20.0, 0.7, 0.6)",0.4749271720647812,0.06379050016403198,0.18558275699615479,2
seg+pos+rms,"(1.5, 20.0, 0.7, 0.6)",0.46943801641464233,0.07112032175064087,0.06631016731262207,2
seg+pos+rms,"(1.5, 20.0, 0.7, 0.6)",0.5093546807765961,0.0933648943901062,0.07725751399993896,2
seg+pos+rms,"(1.5, 20.0, 0.7, 0.6)",0.46813319623470306,0.07255351543426514,0.2545973062515259,2
seg+pos+rms,"(1.5, 20.0, 0.7, 0.6)",0.4889231324195862,0.04778146743774414,0.14124536514282227,2
seg+pos+rms,"(1.5, 20.0, 0.7, 0.6)",0.5237444341182709,0.05861741304397583,0.12560665607452393,2
seg+pos+rms,"(1.5, 20.0, 0.7, 0.6)",0.4828907698392868,0.04910850524902344,0.06375539302825928,2
seg+pos+rms,"(1.5, 20.0, 0.7, 0.6)",0.4689795672893524,0.024111807346343994,0.04343223571777344,2
seg+pos+rms,"(1.5, 20.0, 0.7, 0.6)",0.4917526841163635,0.029327034950256348,0.035370826721191406,2
seg+pos+rms,"(1.5, 20.0, 0.7, 0.6)",0.4832661598920822,0.09289360046386719,0.1696631908416748,2
seg+pos+rms,"(1.5, 20.0, 0.7, 0.6)",0.48819059133529663,0.056452155113220215,0.1366943120956421,2
seg+pos+rms,"(1.5, 20.0, 0.7, 0.6)",0.5099673271179199,0.04116559028625488,0.14489758014678955,2
seg+pos+rms,"(1.5, 20.0, 0.7, 0.6)",0.44883398711681366,0.10447627305984497,0.18303680419921875,2
seg+pos+rms,"(1.5, 20.0, 0.7, -0.3)",0.5201244354248047,0.10565149784088135,0.04882359504699707,2
seg+pos+rms,"(1.5, 20.0, 0.7, -0.3)",0.4913121163845062,0.038642942905426025,0.058966636657714844,2
seg+pos+rms,"(1.5, 20.0, 0.7, -0.3)",0.5095795392990112,0.06392866373062134,0.10040402412414551,2
seg+pos+rms,"(1.5, 20.0, 0.7, -0.3)",0.4568408131599426,0.056928813457489014,0.048662662506103516,2
seg+pos+rms,"(1.5, 20.0, 0.7, -0.3)",0.5052556842565536,0.06165248155593872,0.10955405235290527,2
seg+pos+rms,"(1.5, 20.0, 0.7, -0.3)",0.4799329489469528,0.038311898708343506,0.04290437698364258,2
seg+pos+rms,"(1.5, 20.0, 0.7, -0.3)",0.467728853225708,0.01799952983856201,0.018399477005004883,2
seg+pos+rms,"(1.5, 20.0, 0.7, -0.3)",0.5155515670776367,0.047925710678100586,0.05529904365539551,2
seg+pos+rms,"(1.5, 20.0, 0.7, -0.3)",0.5146720111370087,0.08665019273757935,0.10512852668762207,2
seg+pos+rms,"(1.5, 20.0, 0.7, -0.3)",0.4321228861808777,0.08146369457244873,0.10091805458068848,2
seg+pos+rms,"(1.5, 20.0, 0.7, -0.3)",0.5180491209030151,0.12553781270980835,0.10880398750305176,2
seg+pos+rms,"(1.5, 20.0, 0.7, -0.3)",0.47038397192955017,0.06626832485198975,0.1425919532775879,2
seg+pos+rms,"(1.5, 20.0, 0.7, -0.3)",0.47249603271484375,0.0815160870552063,0.13097858428955078,2
seg+pos+rms,"(1.5, 20.0, 0.7, -0.3)",0.4954139292240143,0.026404917240142822,0.018318891525268555,2
seg+pos+rms,"(1.5, 20.0, 0.7, -0.3)",0.5091717839241028,0.007182717323303223,0.005722999572753906,2
seg+pos+rms,"(3.0, 8.0, 0.3, 0.0)",1.5809744596481323,0.40778112411499023,0.76491379737854,2
seg+pos+rms,"(3.0, 8.0, 0.3, 0.0)",1.5182721614837646,0.5060219764709473,0.6109182834625244,2
seg+pos+rms,"(3.0, 8.0, 0.3, 0.0)",1.5309460759162903,0.4229224920272827,0.5633153915405273,2
seg+pos+rms,"(3.0, 8.0, 0.3, 0.0)",1.5502374172210693,0.5118871927261353,0.9725520610809326,2
seg+pos+rms,"(3.0, 8.0, 0.3, 0.0)",1.5210833549499512,0.4447396993637085,0.6681668758392334,2
seg+pos+rms,"(3.0, 8.0, 0.3, 0.0)",1.561936378479004,0.5567857027053833,0.7589519023895264,2
seg+pos+rms,"(3.0, 8.0, 0.3, 0.0)",1.609314203262329,0.45563483238220215,0.6914918422698975,2
seg+pos+rms,"(3.0, 8.0, 0.3, 0.0)",1.543731689453125,0.5474368333816528,0.7778027057647705,2
seg+pos+rms,"(3.0, 8.0, 0.3, 0.0)",1.5492636561393738,0.5664311647415161,0.8590452671051025,2
seg+pos+rms,"(3.0, 8.0, 0.3, 0.0)",1.5391474962234497,0.4344785213470459,0.35186004638671875,2
seg+pos+rms,"(3.0, 8.0, 0.3, 0.0)",1.5678033828735352,0.4795701503753662,0.7729434967041016,2
seg+pos+rms,"(3.0, 8.0, 0.3, 0.0)",1.5268186926841736,0.43632662296295166,0.7551791667938232,2
seg+pos+rms,"(3.0, 8.0, 0.3, 0.0)",1.5016632080078125,0.42029500007629395,0.5588772296905518,2
seg+pos+rms,"(3.0, 8.0, 0.3, 0.0)",1.512971043586731,0.6310839653015137,0.7272782325744629,2
seg+pos+rms,"(3.0, 8.0, 0.3, 0.0)",1.5383395552635193,0.4625668525695801,0.7354245185852051,2
seg+pos+rms,"(3.0, 8.0, 0.3, 0.3)",1.5285718441009521,0.44110560417175293,0.5611057281494141,2
seg+pos+rms,"(3.0, 8.0, 0.3, 0.3)",1.5224093794822693,0.40311765670776367,0.48462343215942383,2
seg+pos+rms,"(3.0, 8.0, 0.3, 0.3)",1.591543436050415,0.7064098715782166,0.6142904758453369,2
seg+pos+rms,"(3.0, 8.0, 0.3, 0.3)",1.454699993133545,0.3447531461715698,0.6333014965057373,2
seg+pos+rms,"(3.0, 8.0, 0.3, 0.3)",1.5765542387962341,0.6198956966400146,0.7367856502532959,2
seg+pos+rms,"(3.0, 8.0, 0.3, 0.3)",1.4817491173744202,0.41002845764160156,0.6072821617126465,2
seg+pos+rms,"(3.0, 8.0, 0.3, 0.3)",1.599372148513794,0.6384270191192627,0.584181547164917,2
seg+pos+rms,"(3.0, 8.0, 0.3, 0.3)",1.4830473065376282,0.47085142135620117,0.5478024482727051,2
seg+pos+rms,"(3.0, 8.0, 0.3, 0.3)",1.5385565161705017,0.3697885274887085,0.6161203384399414,2
seg+pos+rms,"(3.0, 8.0, 0.3, 0.3)",1.5653245449066162,0.5080792903900146,0.5400631427764893,2
seg+pos+rms,"(3.0, 8.0, 0.3, 0.3)",1.5621549487113953,0.39044344425201416,0.40235280990600586,2
seg+pos+rms,"(3.0, 8.0, 0.3, 0.3)",1.5289011597633362,0.6508921384811401,0.6869428157806396,2
seg+pos+rms,"(3.0, 8.0, 0.3, 0.3)",1.5405652523040771,0.46912336349487305,0.5977206230163574,2
seg+pos+rms,"(3.0, 8.0, 0.3, 0.3)",1.5626718997955322,0.44386351108551025,0.6009721755981445,2
seg+pos+rms,"(3.0, 8.0, 0.3, 0.3)",1.573784589767456,0.6419925689697266,0.6442091464996338,2
seg+pos+rms,"(3.0, 8.0, 0.3, 0.6)",1.5674318075180054,0.6132564544677734,0.36487841606140137,2
seg+pos+rms,"(3.0, 8.0, 0.3, 0.6)",1.5717543363571167,0.4808931350708008,0.30216264724731445,2
seg+pos+rms,"(3.0, 8.0, 0.3, 0.6)",1.5968161225318909,0.5112545490264893,0.29699158668518066,2
seg+pos+rms,"(3.0, 8.0, 0.3, 0.6)",1.5330160856246948,0.40172064304351807,0.43174171447753906,2
seg+pos+rms,"(3.0, 8.0, 0.3, 0.6)",1.5912570357322693,0.7737225294113159,0.5806009769439697,2
seg+pos+rms,"(3.0, 8.0, 0.3, 0.6)",1.5679110288619995,0.5958106517791748,0.39444971084594727,2
seg+pos+rms,"(3.0, 8.0, 0.3, 0.6)",1.5432116389274597,0.5343081951141357,0.5365579128265381,2
seg+pos+rms,"(3.0, 8.0, 0.3, 0.6)",1.532004177570343,0.6518934965133667,0.3959667682647705,2
seg+pos+rms,"(3.0, 8.0, 0.3, 0.6)",1.5239722728729248,0.5904273986816406,0.46649169921875,2
seg+pos+rms,"(3.0, 8.0, 0.3, 0.6)",1.4897000789642334,0.4516960382461548,0.2966728210449219,2
seg+pos+rms,"(3.0, 8.0, 0.3, 0.6)",1.5643253326416016,0.38751327991485596,0.36155223846435547,2
seg+pos+rms,"(3.0, 8.0, 0.3, 0.6)",1.5126458406448364,0.4960075616836548,0.49692797660827637,2
seg+pos+rms,"(3.0, 8.0, 0.3, 0.6)",1.5059676766395569,0.4259517192840576,0.5171198844909668,2
seg+pos+rms,"(3.0, 8.0, 0.3, 0.6)",1.5918519496917725,0.5472366809844971,0.0952920913696289,2
seg+pos+rms,"(3.0, 8.0, 0.3, 0.6)",1.5542824864387512,0.3961491584777832,0.29523587226867676,2
seg+pos+rms,"(3.0, 8.0, 0.3, -0.3)",1.4963420033454895,0.5618914365768433,0.9658269882202148,2
seg+pos+rms,"(3.0, 8.0, 0.3, -0.3)",1.5869092345237732,0.4499850273132324,0.6865410804748535,2
seg+pos+rms,"(3.0, 8.0, 0.3, -0.3)",1.4917623400688171,0.538992166519165,0.8120560646057129,2
seg+pos+rms,"(3.0, 8.0, 0.3, -0.3)",1.4926039576530457,0.5277078151702881,0.983832597732544,2
seg+pos+rms,"(3.0, 8.0, 0.3, -0.3)",1.5297642350196838,0.522592306137085,0.770296573638916,2
seg+pos+rms,"(3.0, 8.0, 0.3, -0.3)",1.5237044095993042,0.5363086462020874,0.7811403274536133,2
seg+pos+rms,"(3.0, 8.0, 0.3, -0.3)",1.6148957014083862,0.48096954822540283,0.8399524688720703,2
seg+pos+rms,"(3.0, 8.0, 0.3, -0.3)",1.5673713684082031,0.4916858673095703,0.6405801773071289,2
seg+pos+rms,"(3.0, 8.0, 0.3, -0.3)",1.5314014554023743,0.41549229621887207,0.6913914680480957,2
seg+pos+rms,"(3.0, 8.0, 0.3, -0.3)",1.5169821381568909,0.7337729930877686,1.3727169036865234,2
seg+pos+rms,"(3.0, 8.0, 0.3, -0.3)",1.599454641342163,0.5148599147796631,0.8422660827636719,2
seg+pos+rms,"(3.0, 8.0, 0.3, -0.3)",1.5164732933044434,0.47012782096862793,0.7899327278137207,2
seg+pos+rms,"(3.0, 8.0, 0.3, -0.3)",1.5250496864318848,0.5373607873916626,0.7891628742218018,2
seg+pos+rms,"(3.0, 8.0, 0.3, -0.3)",1.6143261194229126,0.583754301071167,1.0841286182403564,2
seg+pos+rms,"(3.0, 8.0, 0.3, -0.3)",1.5422373414039612,0.4086810350418091,0.8629639148712158,2
seg+pos+rms,"(3.0, 8.0, 0.7, 0.0)",1.0679758787155151,0.13845014572143555,0.20206165313720703,2
seg+pos+rms,"(3.0, 8.0, 0.7, 0.0)",1.0963187217712402,0.0765305757522583,0.12628698348999023,2
seg+pos+rms,"(3.0, 8.0, 0.7, 0.0)",1.065014123916626,0.159043550491333,0.25562214851379395,2
seg+pos+rms,"(3.0, 8.0, 0.7, 0.0)",1.1343265175819397,0.3017737865447998,0.29323911666870117,2
seg+pos+rms,"(3.0, 8.0, 0.7, 0.0)",1.1559876203536987,0.15859031677246094,0.07086801528930664,2
seg+pos+rms,"(3.0, 8.0, 0.7, 0.0)",1.1002402305603027,0.12595081329345703,0.2536659240722656,2
seg+pos+rms,"(3.0, 8.0, 0.7, 0.0)",1.0517314076423645,0.20234227180480957,0.2904331684112549,2
seg+pos+rms,"(3.0, 8.0, 0.7, 0.0)",1.099577784538269,0.08964037895202637,0.14913129806518555,2
seg+pos+rms,"(3.0, 8.0, 0.7, 0.0)",1.116409420967102,0.18177902698516846,0.18906259536743164,2
seg+pos+rms,"(3.0, 8.0, 0.7, 0.0)",1.0474039316177368,0.07721209526062012,0.1306595802307129,2
seg+pos+rms,"(3.0, 8.0, 0.7, 0.0)",1.1007131934165955,0.06780171394348145,0.0838155746459961,2
seg+pos+rms,"(3.0, 8.0, 0.7, 0.0)",1.1400123834609985,0.12647056579589844,0.4835796356201172,2
seg+pos+rms,"(3.0, 8.0, 0.7, 0.0)",1.1070700287818909,0.09619438648223877,0.18100905418395996,2
seg+pos+rms,"(3.0, 8.0, 0.7, 0.0)",1.105997920036316,0.04337668418884277,0.1178750991821289,2
seg+pos+rms,"(3.0, 8.0, 0.7, 0.0)",1.0642814636230469,0.2244657278060913,0.4125399589538574,2
seg+pos+rms,"(3.0, 8.0, 0.7, 0.3)",1.056344747543335,0.09927499294281006,0.0982046127319336,2
seg+pos+rms,"(3.0, 8.0, 0.7, 0.3)",1.1375832557678223,0.0915384292602539,0.022764921188354492,2
seg+pos+rms,"(3.0, 8.0, 0.7, 0.3)",1.0595184564590454,0.12237811088562012,0.23706674575805664,2
seg+pos+rms,"(3.0, 8.0, 0.7, 0.3)",1.134734869003296,0.09201955795288086,0.015429496765136719,2
seg+pos+rms,"(3.0, 8.0, 0.7, 0.3)",1.052993893623352,0.06326162815093994,0.034441232681274414,2
seg+pos+rms,"(3.0, 8.0, 0.7, 0.3)",1.1112274527549744,0.1539473533630371,0.08643269538879395,2
seg+pos+rms,"(3.0, 8.0, 0.7, 0.3)",1.1871646046638489,0.13323712348937988,0.1845099925994873,2
seg+pos+rms,"(3.0, 8.0, 0.7, 0.3)",1.0635850429534912,0.06277799606323242,0.14667868614196777,2
seg+pos+rms,"(3.0, 8.0, 0.7, 0.3)",1.1604321002960205,0.19554543495178223,0.07861328125,2
seg+pos+rms,"(3.0, 8.0, 0.7, 0.3)",1.0717129111289978,0.03520333766937256,0.02503800392150879,2
seg+pos+rms,"(3.0, 8.0, 0.7, 0.3)",1.1188559532165527,0.1016768217086792,0.23099660873413086,2
seg+pos+rms,"(3.0, 8.0, 0.7, 0.3)",1.0461075901985168,0.17055726051330566,0.22203540802001953,2
seg+pos+rms,"(3.0, 8.0, 0.7, 0.3)",1.0979492664337158,0.026585936546325684,0.017836332321166992,2
seg+pos+rms,"(3.0, 8.0, 0.7, 0.3)",1.0640043020248413,0.1180729866027832,0.19387364387512207,2
seg+pos+rms,"(3.0, 8.0, 0.7, 0.3)",1.1535107493400574,0.12143826484680176,0.003932476043701172,2
seg+pos+rms,"(3.0, 8.0, 0.7, 0.6)",1.1877221465110779,0.0070122480392456055,0.025417327880859375,2
seg+pos+rms,"(3.0, 8.0, 0.7, 0.6)",1.0668428242206573,0.19709444046020508,0.022658824920654297,2
seg+pos+rms,"(3.0, 8.0, 0.7, 0.6)",1.1478208303451538,0.04533982276916504,0.06613302230834961,2
seg+pos+rms,"(3.0, 8.0, 0.7, 0.6)",1.069753646850586,0.05908536911010742,0.10631012916564941,2
seg+pos+rms,"(3.0, 8.0, 0.7, 0.6)",1.1026681661605835,0.1541808843612671,0.009101629257202148,2
seg+pos+rms,"(3.0, 8.0, 0.7, 0.6)",1.0980893969535828,0.07779848575592041,0.10871338844299316,2
seg+pos+rms,"(3.0, 8.0, 0.7, 0.6)",1.0679023265838623,0.13815629482269287,0.06938600540161133,2
seg+pos+rms,"(3.0, 8.0, 0.7, 0.6)",1.2019882798194885,0.04325413703918457,0.029085636138916016,2
seg+pos+rms,"(3.0, 8.0, 0.7, 0.6)",1.0711739659309387,0.05238628387451172,0.05309772491455078,2
seg+pos+rms,"(3.0, 8.0, 0.7, 0.6)",0.9785093367099762,0.034046173095703125,0.06490087509155273,2
seg+pos+rms,"(3.0, 8.0, 0.7, 0.6)",1.1613836288452148,0.1267225742340088,0.1844484806060791,2
seg+pos+rms,"(3.0, 8.0, 0.7, 0.6)",1.0447542071342468,0.05479311943054199,0.06834077835083008,2
seg+pos+rms,"(3.0, 8.0, 0.7, 0.6)",1.1533644199371338,0.048097968101501465,0.06868410110473633,2
seg+pos+rms,"(3.0, 8.0, 0.7, 0.6)",1.099501609802246,0.14793121814727783,0.025821685791015625,2
seg+pos+rms,"(3.0, 8.0, 0.7, 0.6)",1.146406888961792,0.15851986408233643,0.08273863792419434,2
seg+pos+rms,"(3.0, 8.0, 0.7, -0.3)",1.071551501750946,0.10505485534667969,0.33461880683898926,2
seg+pos+rms,"(3.0, 8.0, 0.7, -0.3)",1.022562563419342,0.09237432479858398,0.13409900665283203,2
seg+pos+rms,"(3.0, 8.0, 0.7, -0.3)",1.065076231956482,0.05854833126068115,0.0060291290283203125,2
seg+pos+rms,"(3.0, 8.0, 0.7, -0.3)",1.1581157445907593,0.15245985984802246,0.02529144287109375,2
seg+pos+rms,"(3.0, 8.0, 0.7, -0.3)",1.0715471804141998,0.16623425483703613,0.4149484634399414,2
seg+pos+rms,"(3.0, 8.0, 0.7, -0.3)",1.1161025762557983,0.05746030807495117,0.07157468795776367,2
seg+pos+rms,"(3.0, 8.0, 0.7, -0.3)",1.1303520202636719,0.13130509853363037,0.009953975677490234,2
seg+pos+rms,"(3.0, 8.0, 0.7, -0.3)",1.0941874980926514,0.014584183692932129,0.02682018280029297,2
seg+pos+rms,"(3.0, 8.0, 0.7, -0.3)",1.1198351383209229,0.17344772815704346,0.414398193359375,2
seg+pos+rms,"(3.0, 8.0, 0.7, -0.3)",1.085706114768982,0.16758620738983154,0.3069162368774414,2
seg+pos+rms,"(3.0, 8.0, 0.7, -0.3)",1.1187835931777954,0.06497204303741455,0.018224716186523438,2
seg+pos+rms,"(3.0, 8.0, 0.7, -0.3)",1.1066035032272339,0.05309498310089111,0.029558181762695312,2
seg+pos+rms,"(3.0, 8.0, 0.7, -0.3)",1.0753679871559143,0.15741467475891113,0.27988195419311523,2
seg+pos+rms,"(3.0, 8.0, 0.7, -0.3)",1.0211814045906067,0.19499480724334717,0.41149210929870605,2
seg+pos+rms,"(3.0, 8.0, 0.7, -0.3)",1.1072782278060913,0.02967047691345215,0.14825916290283203,2
seg+pos+rms,"(3.0, 20.0, 0.3, 0.0)",1.2206143140792847,0.18043673038482666,0.24750709533691406,2
seg+pos+rms,"(3.0, 20.0, 0.3, 0.0)",1.2367690801620483,0.2027873992919922,0.25719165802001953,2
seg+pos+rms,"(3.0, 20.0, 0.3, 0.0)",1.2907937169075012,0.31963253021240234,0.4870738983154297,2
seg+pos+rms,"(3.0, 20.0, 0.3, 0.0)",1.281775712966919,0.23833560943603516,0.38404321670532227,2
seg+pos+rms,"(3.0, 20.0, 0.3, 0.0)",1.2264947295188904,0.16508829593658447,0.2921631336212158,2
seg+pos+rms,"(3.0, 20.0, 0.3, 0.0)",1.1811560988426208,0.24948525428771973,0.2940101623535156,2
seg+pos+rms,"(3.0, 20.0, 0.3, 0.0)",1.2291066646575928,0.1910407543182373,0.43082523345947266,2
seg+pos+rms,"(3.0, 20.0, 0.3, 0.0)",1.2915239334106445,0.1540766954421997,0.12628889083862305,2
seg+pos+rms,"(3.0, 20.0, 0.3, 0.0)",1.2228244543075562,0.3249753713607788,0.3779478073120117,2
seg+pos+rms,"(3.0, 20.0, 0.3, 0.0)",1.2254729270935059,0.22736680507659912,0.33171820640563965,2
seg+pos+rms,"(3.0, 20.0, 0.3, 0.0)",1.2255220413208008,0.23369228839874268,0.5710766315460205,2
seg+pos+rms,"(3.0, 20.0, 0.3, 0.0)",1.3087003827095032,0.29559826850891113,0.29540491104125977,2
seg+pos+rms,"(3.0, 20.0, 0.3, 0.0)",1.2330317497253418,0.25232458114624023,0.33062124252319336,2
seg+pos+rms,"(3.0, 20.0, 0.3, 0.0)",1.276982307434082,0.22477996349334717,0.4335627555847168,2
seg+pos+rms,"(3.0, 20.0, 0.3, 0.0)",1.2540605068206787,0.3589383363723755,0.4697749614715576,2
seg+pos+rms,"(3.0, 20.0, 0.3, 0.3)",1.2691457271575928,0.34999120235443115,0.5099420547485352,2
seg+pos+rms,"(3.0, 20.0, 0.3, 0.3)",1.2530571222305298,0.2947969436645508,0.3120286464691162,2
seg+pos+rms,"(3.0, 20.0, 0.3, 0.3)",1.193569540977478,0.31133008003234863,0.29259181022644043,2
seg+pos+rms,"(3.0, 20.0, 0.3, 0.3)",1.2403555512428284,0.4689486026763916,0.34346771240234375,2
seg+pos+rms,"(3.0, 20.0, 0.3, 0.3)",1.2322958111763,0.272538423538208,0.272749662399292,2
seg+pos+rms,"(3.0, 20.0, 0.3, 0.3)",1.2654667496681213,0.30789732933044434,0.24975204467773438,2
seg+pos+rms,"(3.0, 20.0, 0.3, 0.3)",1.3049601316452026,0.20408284664154053,0.20267891883850098,2
seg+pos+rms,"(3.0, 20.0, 0.3, 0.3)",1.219078004360199,0.2485283613204956,0.33112263679504395,2
seg+pos+rms,"(3.0, 20.0, 0.3, 0.3)",1.2023704051971436,0.12946343421936035,0.19804668426513672,2
seg+pos+rms,"(3.0, 20.0, 0.3, 0.3)",1.1967011094093323,0.2346113920211792,0.3703951835632324,2
seg+pos+rms,"(3.0, 20.0, 0.3, 0.3)",1.2465187907218933,0.23538243770599365,0.10019278526306152,2
seg+pos+rms,"(3.0, 20.0, 0.3, 0.3)",1.2988392114639282,0.21580219268798828,0.317777156829834,2
seg+pos+rms,"(3.0, 20.0, 0.3, 0.3)",1.2767260074615479,0.27165544033050537,0.2538785934448242,2
seg+pos+rms,"(3.0, 20.0, 0.3, 0.3)",1.2226330041885376,0.3307054042816162,0.32661986351013184,2
seg+pos+rms,"(3.0, 20.0, 0.3, 0.3)",1.2255475521087646,0.2909836769104004,0.10834765434265137,2
seg+pos+rms,"(3.0, 20.0, 0.3, 0.6)",1.176283597946167,0.1838740110397339,0.15220260620117188,2
seg+pos+rms,"(3.0, 20.0, 0.3, 0.6)",1.2680796384811401,0.23532307147979736,0.05924797058105469,2
seg+pos+rms,"(3.0, 20.0, 0.3, 0.6)",1.1946399807929993,0.25395917892456055,0.07459306716918945,2
seg+pos+rms,"(3.0, 20.0, 0.3, 0.6)",1.2714182138442993,0.2815357446670532,0.14627861976623535,2
seg+pos+rms,"(3.0, 20.0, 0.3, 0.6)",1.167827844619751,0.2640620470046997,0.3328096866607666,2
seg+pos+rms,"(3.0, 20.0, 0.3, 0.6)",1.1808222532272339,0.278580904006958,0.23514318466186523,2
seg+pos+rms,"(3.0, 20.0, 0.3, 0.6)",1.1901955604553223,0.28640544414520264,0.24692749977111816,2
seg+pos+rms,"(3.0, 20.0, 0.3, 0.6)",1.2046267986297607,0.24287819862365723,0.1299757957458496,2
seg+pos+rms,"(3.0, 20.0, 0.3, 0.6)",1.2996076345443726,0.35276615619659424,0.21123552322387695,2
seg+pos+rms,"(3.0, 20.0, 0.3, 0.6)",1.2380743622779846,0.1715604066848755,0.05805158615112305,2
seg+pos+rms,"(3.0, 20.0, 0.3, 0.6)",1.2181200981140137,0.2369842529296875,0.05029773712158203,2
seg+pos+rms,"(3.0, 20.0, 0.3, 0.6)",1.2818520069122314,0.29896414279937744,0.19376850128173828,2
seg+pos+rms,"(3.0, 20.0, 0.3, 0.6)",1.238078236579895,0.25815045833587646,0.12602519989013672,2
seg+pos+rms,"(3.0, 20.0, 0.3, 0.6)",1.1971838474273682,0.31427037715911865,0.20425152778625488,2
seg+pos+rms,"(3.0, 20.0, 0.3, 0.6)",1.1919575929641724,0.21395611763000488,0.1403062343597412,2
seg+pos+rms,"(3.0, 20.0, 0.3, -0.3)",1.2229865789413452,0.1880396604537964,0.10650157928466797,2
seg+pos+rms,"(3.0, 20.0, 0.3, -0.3)",1.2830883860588074,0.3075474500656128,0.7278566360473633,2
seg+pos+rms,"(3.0, 20.0, 0.3, -0.3)",1.212858498096466,0.2583804130554199,0.4587130546569824,2
seg+pos+rms,"(3.0, 20.0, 0.3, -0.3)",1.1861827969551086,0.21918082237243652,0.361328125,2
seg+pos+rms,"(3.0, 20.0, 0.3, -0.3)",1.2587528228759766,0.17541444301605225,0.24215126037597656,2
seg+pos+rms,"(3.0, 20.0, 0.3, -0.3)",1.2393651604652405,0.268937349319458,0.4921860694885254,2
seg+pos+rms,"(3.0, 20.0, 0.3, -0.3)",1.2085416316986084,0.16774559020996094,0.17044544219970703,2
seg+pos+rms,"(3.0, 20.0, 0.3, -0.3)",1.310058832168579,0.27335262298583984,0.509641170501709,2
seg+pos+rms,"(3.0, 20.0, 0.3, -0.3)",1.1987045407295227,0.16351699829101562,0.2235260009765625,2
seg+pos+rms,"(3.0, 20.0, 0.3, -0.3)",1.2294473052024841,0.25601494312286377,0.41141176223754883,2
seg+pos+rms,"(3.0, 20.0, 0.3, -0.3)",1.2570237517356873,0.24534928798675537,0.5182099342346191,2
seg+pos+rms,"(3.0, 20.0, 0.3, -0.3)",1.1941675543785095,0.24504327774047852,0.6427333354949951,2
seg+pos+rms,"(3.0, 20.0, 0.3, -0.3)",1.2777706980705261,0.310762882232666,0.5844788551330566,2
seg+pos+rms,"(3.0, 20.0, 0.3, -0.3)",1.2568070888519287,0.24387907981872559,0.47283506393432617,2
seg+pos+rms,"(3.0, 20.0, 0.3, -0.3)",1.2238906621932983,0.16133809089660645,0.32309627532958984,2
seg+pos+rms,"(3.0, 20.0, 0.7, 0.0)",0.7284919321537018,0.0201265811920166,0.15384578704833984,2
seg+pos+rms,"(3.0, 20.0, 0.7, 0.0)",0.8067490756511688,0.08039510250091553,0.15661239624023438,2
seg+pos+rms,"(3.0, 20.0, 0.7, 0.0)",0.740066409111023,0.05003046989440918,0.03699493408203125,2
seg+pos+rms,"(3.0, 20.0, 0.7, 0.0)",0.7046040296554565,0.06475543975830078,0.09486913681030273,2
seg+pos+rms,"(3.0, 20.0, 0.7, 0.0)",0.7405568063259125,0.04443252086639404,0.06303596496582031,2
seg+pos+rms,"(3.0, 20.0, 0.7, 0.0)",0.7165451943874359,0.024738073348999023,0.016522884368896484,2
seg+pos+rms,"(3.0, 20.0, 0.7, 0.0)",0.7656616568565369,0.03501760959625244,0.04040718078613281,2
seg+pos+rms,"(3.0, 20.0, 0.7, 0.0)",0.7206053733825684,0.04243481159210205,0.05647563934326172,2
seg+pos+rms,"(3.0, 20.0, 0.7, 0.0)",0.7195369303226471,0.061241865158081055,0.09494972229003906,2
seg+pos+rms,"(3.0, 20.0, 0.7, 0.0)",0.7310595512390137,0.04198276996612549,0.07384109497070312,2
seg+pos+rms,"(3.0, 20.0, 0.7, 0.0)",0.7440188825130463,0.054805755615234375,0.014136791229248047,2
seg+pos+rms,"(3.0, 20.0, 0.7, 0.0)",0.6968478560447693,0.07846379280090332,0.23083734512329102,2
seg+pos+rms,"(3.0, 20.0, 0.7, 0.0)",0.6750420928001404,0.06711292266845703,0.061719417572021484,2
seg+pos+rms,"(3.0, 20.0, 0.7, 0.0)",0.7758800983428955,0.06776618957519531,0.05828237533569336,2
seg+pos+rms,"(3.0, 20.0, 0.7, 0.0)",0.7403611540794373,0.05515241622924805,0.02692556381225586,2
seg+pos+rms,"(3.0, 20.0, 0.7, 0.3)",0.7041242122650146,0.0708773136138916,0.021433591842651367,2
seg+pos+rms,"(3.0, 20.0, 0.7, 0.3)",0.7551148533821106,0.10575950145721436,0.29131388664245605,2
seg+pos+rms,"(3.0, 20.0, 0.7, 0.3)",0.7311665415763855,0.05432915687561035,0.0372159481048584,2
seg+pos+rms,"(3.0, 20.0, 0.7, 0.3)",0.7896443605422974,0.04174089431762695,0.056197166442871094,2
seg+pos+rms,"(3.0, 20.0, 0.7, 0.3)",0.7483959794044495,0.05530691146850586,0.006087779998779297,2
seg+pos+rms,"(3.0, 20.0, 0.7, 0.3)",0.7174871563911438,0.0297471284866333,0.04158520698547363,2
seg+pos+rms,"(3.0, 20.0, 0.7, 0.3)",0.7421756386756897,0.04849374294281006,0.07235383987426758,2
seg+pos+rms,"(3.0, 20.0, 0.7, 0.3)",0.694411426782608,0.10200858116149902,0.08492422103881836,2
seg+pos+rms,"(3.0, 20.0, 0.7, 0.3)",0.7598372995853424,0.07543134689331055,0.04202532768249512,2
seg+pos+rms,"(3.0, 20.0, 0.7, 0.3)",0.7258780002593994,0.06778967380523682,0.022101640701293945,2
seg+pos+rms,"(3.0, 20.0, 0.7, 0.3)",0.7030108869075775,0.0934438705444336,0.07103490829467773,2
seg+pos+rms,"(3.0, 20.0, 0.7, 0.3)",0.7751337289810181,0.12823939323425293,0.19963765144348145,2
seg+pos+rms,"(3.0, 20.0, 0.7, 0.3)",0.7235892415046692,0.07829952239990234,0.08966827392578125,2
seg+pos+rms,"(3.0, 20.0, 0.7, 0.3)",0.7127622067928314,0.01752495765686035,0.07368183135986328,2
seg+pos+rms,"(3.0, 20.0, 0.7, 0.3)",0.705934464931488,0.0522691011428833,0.017175674438476562,2
seg+pos+rms,"(3.0, 20.0, 0.7, 0.6)",0.7125771641731262,0.0966498851776123,0.11649060249328613,2
seg+pos+rms,"(3.0, 20.0, 0.7, 0.6)",0.7009063363075256,0.1066427230834961,0.13483071327209473,2
seg+pos+rms,"(3.0, 20.0, 0.7, 0.6)",0.7227663695812225,0.08580410480499268,0.058152198791503906,2
seg+pos+rms,"(3.0, 20.0, 0.7, 0.6)",0.6005912721157074,0.041584014892578125,0.02410411834716797,2
seg+pos+rms,"(3.0, 20.0, 0.7, 0.6)",0.7331413328647614,0.07938265800476074,0.12515854835510254,2
seg+pos+rms,"(3.0, 20.0, 0.7, 0.6)",0.7303019762039185,0.027877330780029297,0.1414344310760498,2
seg+pos+rms,"(3.0, 20.0, 0.7, 0.6)",0.7069797515869141,0.12634313106536865,0.06276106834411621,2
seg+pos+rms,"(3.0, 20.0, 0.7, 0.6)",0.7093429863452911,0.03706860542297363,0.15759992599487305,2
seg+pos+rms,"(3.0, 20.0, 0.7, 0.6)",0.7712191045284271,0.03418707847595215,0.1604142189025879,2
seg+pos+rms,"(3.0, 20.0, 0.7, 0.6)",0.717777669429779,0.0777510404586792,0.08815312385559082,2
seg+pos+rms,"(3.0, 20.0, 0.7, 0.6)",0.7008949220180511,0.058057427406311035,0.027757883071899414,2
seg+pos+rms,"(3.0, 20.0, 0.7, 0.6)",0.7221686840057373,0.1204831600189209,0.10380053520202637,2
seg+pos+rms,"(3.0, 20.0, 0.7, 0.6)",0.7528379559516907,0.09384512901306152,0.07426333427429199,2
seg+pos+rms,"(3.0, 20.0, 0.7, 0.6)",0.7974700629711151,0.1476447582244873,0.0909423828125,2
seg+pos+rms,"(3.0, 20.0, 0.7, 0.6)",0.7231178283691406,0.08682906627655029,0.023970842361450195,2
seg+pos+rms,"(3.0, 20.0, 0.7, -0.3)",0.7348340153694153,0.05171310901641846,0.08809232711791992,2
seg+pos+rms,"(3.0, 20.0, 0.7, -0.3)",0.701984167098999,0.08711850643157959,0.08009481430053711,2
seg+pos+rms,"(3.0, 20.0, 0.7, -0.3)",0.729934573173523,0.02364969253540039,0.050714969635009766,2
seg+pos+rms,"(3.0, 20.0, 0.7, -0.3)",0.7421942055225372,0.04339420795440674,0.044539451599121094,2
seg+pos+rms,"(3.0, 20.0, 0.7, -0.3)",0.7370698153972626,0.06138718128204346,0.08969306945800781,2
seg+pos+rms,"(3.0, 20.0, 0.7, -0.3)",0.7000606954097748,0.04909789562225342,0.06196022033691406,2
seg+pos+rms,"(3.0, 20.0, 0.7, -0.3)",0.6997028589248657,0.03052842617034912,0.07255744934082031,2
seg+pos+rms,"(3.0, 20.0, 0.7, -0.3)",0.7168936133384705,0.02458477020263672,0.11847114562988281,2
seg+pos+rms,"(3.0, 20.0, 0.7, -0.3)",0.6840642392635345,0.059009552001953125,0.16942930221557617,2
seg+pos+rms,"(3.0, 20.0, 0.7, -0.3)",0.6945382654666901,0.0731351375579834,0.08472204208374023,2
seg+pos+rms,"(3.0, 20.0, 0.7, -0.3)",0.7030997276306152,0.16793596744537354,0.3384132385253906,2
seg+pos+rms,"(3.0, 20.0, 0.7, -0.3)",0.8204399943351746,0.12604153156280518,0.15508556365966797,2
seg+pos+rms,"(3.0, 20.0, 0.7, -0.3)",0.716262936592102,0.06203019618988037,0.002426624298095703,2
seg+pos+rms,"(3.0, 20.0, 0.7, -0.3)",0.7428925037384033,0.06507384777069092,0.09819555282592773,2
seg+pos+rms,"(3.0, 20.0, 0.7, -0.3)",0.6927165985107422,0.024944305419921875,0.10874557495117188,2
seg+pos+rms+psd,"(1.5, 8.0, 0.3, 0.0)",0.8829019367694855,0.22998666763305664,0.28456246852874756,0
seg+pos+rms+psd,"(1.5, 8.0, 0.3, 0.0)",0.8817539811134338,0.1216428279876709,0.14419376850128174,0
seg+pos+rms+psd,"(1.5, 8.0, 0.3, 0.0)",0.9472321271896362,0.22435402870178223,0.38752710819244385,0
seg+pos+rms+psd,"(1.5, 8.0, 0.3, 0.0)",0.9114811420440674,0.20891022682189941,0.23788988590240479,0
seg+pos+rms+psd,"(1.5, 8.0, 0.3, 0.0)",0.882805198431015,0.26826995611190796,0.29890573024749756,0
seg+pos+rms+psd,"(1.5, 8.0, 0.3, 0.0)",0.926407128572464,0.2971498370170593,0.34460949897766113,0
seg+pos+rms+psd,"(1.5, 8.0, 0.3, 0.0)",0.9133107662200928,0.11199212074279785,0.1329665184020996,0
seg+pos+rms+psd,"(1.5, 8.0, 0.3, 0.0)",0.8931635916233063,0.24991732835769653,0.39071547985076904,0
seg+pos+rms+psd,"(1.5, 8.0, 0.3, 0.0)",0.9265044629573822,0.2784345746040344,0.08518409729003906,0
seg+pos+rms+psd,"(1.5, 8.0, 0.3, 0.0)",0.91607666015625,0.3058953881263733,0.38272929191589355,0
seg+pos+rms+psd,"(1.5, 8.0, 0.3, 0.0)",0.9096596837043762,0.17785239219665527,0.3461291790008545,0
seg+pos+rms+psd,"(1.5, 8.0, 0.3, 0.0)",0.935603678226471,0.1253756880760193,0.1658186912536621,0
seg+pos+rms+psd,"(1.5, 8.0, 0.3, 0.0)",0.8903196752071381,0.15638887882232666,0.16213476657867432,0
seg+pos+rms+psd,"(1.5, 8.0, 0.3, 0.0)",0.8867030441761017,0.24213272333145142,0.3327068090438843,0
seg+pos+rms+psd,"(1.5, 8.0, 0.3, 0.0)",0.8819759488105774,0.19542503356933594,0.17768549919128418,0
seg+pos+rms+psd,"(1.5, 8.0, 0.3, 0.3)",0.8857287466526031,0.15920031070709229,0.07519054412841797,0
seg+pos+rms+psd,"(1.5, 8.0, 0.3, 0.3)",0.9028676748275757,0.14776241779327393,0.013403534889221191,0
seg+pos+rms+psd,"(1.5, 8.0, 0.3, 0.3)",0.8873692452907562,0.12765276432037354,0.035617947578430176,0
seg+pos+rms+psd,"(1.5, 8.0, 0.3, 0.3)",0.8319913446903229,0.11952316761016846,0.014686107635498047,0
seg+pos+rms+psd,"(1.5, 8.0, 0.3, 0.3)",0.8752049207687378,0.19064146280288696,0.1804262399673462,0
seg+pos+rms+psd,"(1.5, 8.0, 0.3, 0.3)",0.8916603028774261,0.1481088399887085,0.24746191501617432,0
seg+pos+rms+psd,"(1.5, 8.0, 0.3, 0.3)",0.8867627084255219,0.23835384845733643,0.22859537601470947,0
seg+pos+rms+psd,"(1.5, 8.0, 0.3, 0.3)",0.8708329498767853,0.12840551137924194,0.1885315179824829,0
seg+pos+rms+psd,"(1.5, 8.0, 0.3, 0.3)",0.9103565514087677,0.31583404541015625,0.1788616180419922,0
seg+pos+rms+psd,"(1.5, 8.0, 0.3, 0.3)",0.8816550374031067,0.25814664363861084,0.2734318971633911,0
seg+pos+rms+psd,"(1.5, 8.0, 0.3, 0.3)",0.9359138607978821,0.3216785788536072,0.3449063301086426,0
seg+pos+rms+psd,"(1.5, 8.0, 0.3, 0.3)",0.9219239950180054,0.1190561056137085,0.2169041633605957,0
seg+pos+rms+psd,"(1.5, 8.0, 0.3, 0.3)",0.9023904204368591,0.23026180267333984,0.1067352294921875,0
seg+pos+rms+psd,"(1.5, 8.0, 0.3, 0.3)",0.8432762622833252,0.36062121391296387,0.47547948360443115,0
seg+pos+rms+psd,"(1.5, 8.0, 0.3, 0.3)",0.87454754114151,0.2839573621749878,0.19952845573425293,0
seg+pos+rms+psd,"(1.5, 8.0, 0.3, 0.6)",0.8840002417564392,0.2408510446548462,0.013869047164916992,0
seg+pos+rms+psd,"(1.5, 8.0, 0.3, 0.6)",0.8671774566173553,0.278317928314209,0.05839872360229492,0
seg+pos+rms+psd,"(1.5, 8.0, 0.3, 0.6)",0.912381649017334,0.2703590393066406,0.2231607437133789,0
seg+pos+rms+psd,"(1.5, 8.0, 0.3, 0.6)",0.925430178642273,0.1438666582107544,0.6476131677627563,0
seg+pos+rms+psd,"(1.5, 8.0, 0.3, 0.6)",1.0018230676651,0.21088242530822754,0.3842123746871948,0
seg+pos+rms+psd,"(1.5, 8.0, 0.3, 0.6)",0.9194249212741852,0.33761829137802124,0.15727567672729492,0
seg+pos+rms+psd,"(1.5, 8.0, 0.3, 0.6)",0.9351754188537598,0.19502472877502441,0.16982638835906982,0
seg+pos+rms+psd,"(1.5, 8.0, 0.3, 0.6)",0.951286256313324,0.16242355108261108,0.06864511966705322,0
seg+pos+rms+psd,"(1.5, 8.0, 0.3, 0.6)",0.9205826818943024,0.37100619077682495,0.051755428314208984,0
seg+pos+rms+psd,"(1.5, 8.0, 0.3, 0.6)",0.926015168428421,0.28808969259262085,0.11466777324676514,0
seg+pos+rms+psd,"(1.5, 8.0, 0.3, 0.6)",0.8897222280502319,0.2933396100997925,0.12570703029632568,0
seg+pos+rms+psd,"(1.5, 8.0, 0.3, 0.6)",0.9252707064151764,0.20965707302093506,0.031290531158447266,0
seg+pos+rms+psd,"(1.5, 8.0, 0.3, 0.6)",0.8858877420425415,0.14058470726013184,0.0975341796875,0
seg+pos+rms+psd,"(1.5, 8.0, 0.3, 0.6)",0.9102783203125,0.17228788137435913,0.06673812866210938,0
seg+pos+rms+psd,"(1.5, 8.0, 0.3, 0.6)",0.8721741139888763,0.23071271181106567,0.01657843589782715,0
seg+pos+rms+psd,"(1.5, 8.0, 0.3, -0.3)",0.9261417984962463,0.29062169790267944,0.4742884635925293,0
seg+pos+rms+psd,"(1.5, 8.0, 0.3, -0.3)",0.9416899383068085,0.16605257987976074,0.3178272247314453,0
seg+pos+rms+psd,"(1.5, 8.0, 0.3, -0.3)",0.8793857395648956,0.09631258249282837,0.31682324409484863,0
seg+pos+rms+psd,"(1.5, 8.0, 0.3, -0.3)",0.9118376970291138,0.2576906681060791,0.4300386905670166,0
seg+pos+rms+psd,"(1.5, 8.0, 0.3, -0.3)",0.902447372674942,0.26099061965942383,0.47593259811401367,0
seg+pos+rms+psd,"(1.5, 8.0, 0.3, -0.3)",0.9155715703964233,0.20263761281967163,0.4646618366241455,0
seg+pos+rms+psd,"(1.5, 8.0, 0.3, -0.3)",0.8616744875907898,0.23645317554473877,0.5149409770965576,0
seg+pos+rms+psd,"(1.5, 8.0, 0.3, -0.3)",0.8765043020248413,0.28692924976348877,0.4535207748413086,0
seg+pos+rms+psd,"(1.5, 8.0, 0.3, -0.3)",0.9291104376316071,0.36941176652908325,0.7033020257949829,0
seg+pos+rms+psd,"(1.5, 8.0, 0.3, -0.3)",0.8812556266784668,0.2828383445739746,0.4802536964416504,0
seg+pos+rms+psd,"(1.5, 8.0, 0.3, -0.3)",0.9350870847702026,0.2025182843208313,0.38646459579467773,0
seg+pos+rms+psd,"(1.5, 8.0, 0.3, -0.3)",0.874671459197998,0.29334956407546997,0.5041122436523438,0
seg+pos+rms+psd,"(1.5, 8.0, 0.3, -0.3)",0.8649299740791321,0.285073459148407,0.5138322114944458,0
seg+pos+rms+psd,"(1.5, 8.0, 0.3, -0.3)",0.9506655037403107,0.23489916324615479,0.24630939960479736,0
seg+pos+rms+psd,"(1.5, 8.0, 0.3, -0.3)",0.9442091286182404,0.0972367525100708,0.1492464542388916,0
seg+pos+rms+psd,"(1.5, 8.0, 0.7, 0.0)",0.7036901116371155,0.09387713670730591,0.13553524017333984,0
seg+pos+rms+psd,"(1.5, 8.0, 0.7, 0.0)",0.7308066487312317,0.06699341535568237,0.10474610328674316,0
seg+pos+rms+psd,"(1.5, 8.0, 0.7, 0.0)",0.7238107919692993,0.06501644849777222,0.17149043083190918,0
seg+pos+rms+psd,"(1.5, 8.0, 0.7, 0.0)",0.8008607923984528,0.27337658405303955,0.09218621253967285,0
seg+pos+rms+psd,"(1.5, 8.0, 0.7, 0.0)",0.6841835975646973,0.11046701669692993,0.053958892822265625,0
seg+pos+rms+psd,"(1.5, 8.0, 0.7, 0.0)",0.7096180617809296,0.0739818811416626,0.08515048027038574,0
seg+pos+rms+psd,"(1.5, 8.0, 0.7, 0.0)",0.719385415315628,0.0906141996383667,0.1084129810333252,0
seg+pos+rms+psd,"(1.5, 8.0, 0.7, 0.0)",0.6625224947929382,0.05886942148208618,0.06697440147399902,0
seg+pos+rms+psd,"(1.5, 8.0, 0.7, 0.0)",0.6482212841510773,0.08131742477416992,0.18376660346984863,0
seg+pos+rms+psd,"(1.5, 8.0, 0.7, 0.0)",0.7269102931022644,0.1571144461631775,0.2161273956298828,0
seg+pos+rms+psd,"(1.5, 8.0, 0.7, 0.0)",0.7097744345664978,0.07397586107254028,0.02861499786376953,0
seg+pos+rms+psd,"(1.5, 8.0, 0.7, 0.0)",0.677969217300415,0.09972357749938965,0.14782869815826416,0
seg+pos+rms+psd,"(1.5, 8.0, 0.7, 0.0)",0.6973703503608704,0.13569915294647217,0.10094714164733887,0
seg+pos+rms+psd,"(1.5, 8.0, 0.7, 0.0)",0.7116077840328217,0.13122183084487915,0.12819159030914307,0
seg+pos+rms+psd,"(1.5, 8.0, 0.7, 0.0)",0.7373876869678497,0.14800328016281128,0.016221284866333008,0
seg+pos+rms+psd,"(1.5, 8.0, 0.7, 0.3)",0.6992444694042206,0.14185166358947754,0.08881282806396484,0
seg+pos+rms+psd,"(1.5, 8.0, 0.7, 0.3)",0.7197873890399933,0.013653457164764404,0.06258189678192139,0
seg+pos+rms+psd,"(1.5, 8.0, 0.7, 0.3)",0.6651045978069305,0.059249818325042725,0.07254183292388916,0
seg+pos+rms+psd,"(1.5, 8.0, 0.7, 0.3)",0.7088450789451599,0.08649706840515137,0.20202207565307617,0
seg+pos+rms+psd,"(1.5, 8.0, 0.7, 0.3)",0.7179945111274719,0.08950603008270264,0.024268031120300293,0
seg+pos+rms+psd,"(1.5, 8.0, 0.7, 0.3)",0.7346046566963196,0.1413179636001587,0.07724308967590332,0
seg+pos+rms+psd,"(1.5, 8.0, 0.7, 0.3)",0.7080501317977905,0.11292678117752075,0.13229048252105713,0
seg+pos+rms+psd,"(1.5, 8.0, 0.7, 0.3)",0.7126362025737762,0.08061027526855469,0.021306157112121582,0
seg+pos+rms+psd,"(1.5, 8.0, 0.7, 0.3)",0.7100752294063568,0.09222054481506348,0.12752246856689453,0
seg+pos+rms+psd,"(1.5, 8.0, 0.7, 0.3)",0.7187539935112,0.08316951990127563,0.11754310131072998,0
seg+pos+rms+psd,"(1.5, 8.0, 0.7, 0.3)",0.6851545572280884,0.04166543483734131,0.05511271953582764,0
seg+pos+rms+psd,"(1.5, 8.0, 0.7, 0.3)",0.7164993584156036,0.09847867488861084,0.10760498046875,0
seg+pos+rms+psd,"(1.5, 8.0, 0.7, 0.3)",0.6847662925720215,0.0653238296508789,0.07580840587615967,0
seg+pos+rms+psd,"(1.5, 8.0, 0.7, 0.3)",0.7143259942531586,0.09775888919830322,0.11952030658721924,0
seg+pos+rms+psd,"(1.5, 8.0, 0.7, 0.3)",0.6751339733600616,0.05416452884674072,0.014702081680297852,0
seg+pos+rms+psd,"(1.5, 8.0, 0.7, 0.6)",0.6855164766311646,0.09330666065216064,0.18121910095214844,0
seg+pos+rms+psd,"(1.5, 8.0, 0.7, 0.6)",0.7139768898487091,0.07967972755432129,0.10100603103637695,0
seg+pos+rms+psd,"(1.5, 8.0, 0.7, 0.6)",0.6811431646347046,0.11801302433013916,0.18541157245635986,0
seg+pos+rms+psd,"(1.5, 8.0, 0.7, 0.6)",0.7146947681903839,0.1209912896156311,0.03703796863555908,0
seg+pos+rms+psd,"(1.5, 8.0, 0.7, 0.6)",0.7287485301494598,0.14110660552978516,0.02925288677215576,0
seg+pos+rms+psd,"(1.5, 8.0, 0.7, 0.6)",0.7278336882591248,0.058948397636413574,0.15068495273590088,0
seg+pos+rms+psd,"(1.5, 8.0, 0.7, 0.6)",0.6947068572044373,0.06337672472000122,0.0007727146148681641,0
seg+pos+rms+psd,"(1.5, 8.0, 0.7, 0.6)",0.7620545923709869,0.18396884202957153,0.07676994800567627,0
seg+pos+rms+psd,"(1.5, 8.0, 0.7, 0.6)",0.6810675859451294,0.05669492483139038,0.190443754196167,0
seg+pos+rms+psd,"(1.5, 8.0, 0.7, 0.6)",0.7765306532382965,0.16919565200805664,0.3925846815109253,0
seg+pos+rms+psd,"(1.5, 8.0, 0.7, 0.6)",0.6940694153308868,0.0760880708694458,0.10594892501831055,0
seg+pos+rms+psd,"(1.5, 8.0, 0.7, 0.6)",0.742953360080719,0.018384337425231934,0.11925339698791504,0
seg+pos+rms+psd,"(1.5, 8.0, 0.7, 0.6)",0.70753014087677,0.10898315906524658,0.014378666877746582,0
seg+pos+rms+psd,"(1.5, 8.0, 0.7, 0.6)",0.7927921414375305,0.09498739242553711,0.16227805614471436,0
seg+pos+rms+psd,"(1.5, 8.0, 0.7, 0.6)",0.6888994574546814,0.09675014019012451,0.01811671257019043,0
seg+pos+rms+psd,"(1.5, 8.0, 0.7, -0.3)",0.7191552519798279,0.04249227046966553,0.2558174133300781,0
seg+pos+rms+psd,"(1.5, 8.0, 0.7, -0.3)",0.701644092798233,0.02763187885284424,0.023583650588989258,0
seg+pos+rms+psd,"(1.5, 8.0, 0.7, -0.3)",0.7025417685508728,0.11442935466766357,0.2597463130950928,0
seg+pos+rms+psd,"(1.5, 8.0, 0.7, -0.3)",0.7170205116271973,0.14909636974334717,0.026978731155395508,0
seg+pos+rms+psd,"(1.5, 8.0, 0.7, -0.3)",0.679358571767807,0.09367406368255615,0.22672367095947266,0
seg+pos+rms+psd,"(1.5, 8.0, 0.7, -0.3)",0.648312509059906,0.11229932308197021,0.2319028377532959,0
seg+pos+rms+psd,"(1.5, 8.0, 0.7, -0.3)",0.747372955083847,0.1483432650566101,0.17728161811828613,0
seg+pos+rms+psd,"(1.5, 8.0, 0.7, -0.3)",0.6647970676422119,0.2109363079071045,0.08913397789001465,0
seg+pos+rms+psd,"(1.5, 8.0, 0.7, -0.3)",0.6686341762542725,0.1243295669555664,0.28908205032348633,0
seg+pos+rms+psd,"(1.5, 8.0, 0.7, -0.3)",0.6975612640380859,0.05759584903717041,0.1414027214050293,0
seg+pos+rms+psd,"(1.5, 8.0, 0.7, -0.3)",0.7065739333629608,0.06039905548095703,0.056329965591430664,0
seg+pos+rms+psd,"(1.5, 8.0, 0.7, -0.3)",0.7287279665470123,0.08816027641296387,0.2743583917617798,0
seg+pos+rms+psd,"(1.5, 8.0, 0.7, -0.3)",0.6711494624614716,0.08629351854324341,0.22771108150482178,0
seg+pos+rms+psd,"(1.5, 8.0, 0.7, -0.3)",0.6985440254211426,0.1472482681274414,0.37242627143859863,0
seg+pos+rms+psd,"(1.5, 8.0, 0.7, -0.3)",0.7338759899139404,0.09410125017166138,0.10441040992736816,0
seg+pos+rms+psd,"(1.5, 20.0, 0.3, 0.0)",0.7531933784484863,0.12954068183898926,0.22811877727508545,0
seg+pos+rms+psd,"(1.5, 20.0, 0.3, 0.0)",0.7191613614559174,0.17184299230575562,0.16215002536773682,0
seg+pos+rms+psd,"(1.5, 20.0, 0.3, 0.0)",0.7930822968482971,0.1530657410621643,0.26714301109313965,0
seg+pos+rms+psd,"(1.5, 20.0, 0.3, 0.0)",0.747649759054184,0.19584327936172485,0.026822328567504883,0
seg+pos+rms+psd,"(1.5, 20.0, 0.3, 0.0)",0.7377795279026031,0.13083410263061523,0.21758723258972168,0
seg+pos+rms+psd,"(1.5, 20.0, 0.3, 0.0)",0.7199764549732208,0.08267372846603394,0.036237478256225586,0
seg+pos+rms+psd,"(1.5, 20.0, 0.3, 0.0)",0.7688482701778412,0.12115210294723511,0.14808380603790283,0
seg+pos+rms+psd,"(1.5, 20.0, 0.3, 0.0)",0.7383137941360474,0.20813512802124023,0.2635915279388428,0
seg+pos+rms+psd,"(1.5, 20.0, 0.3, 0.0)",0.7495662271976471,0.15894341468811035,0.21917426586151123,0
seg+pos+rms+psd,"(1.5, 20.0, 0.3, 0.0)",0.7544992566108704,0.13407307863235474,0.23110878467559814,0
seg+pos+rms+psd,"(1.5, 20.0, 0.3, 0.0)",0.7613268196582794,0.11483317613601685,0.1152946949005127,0
seg+pos+rms+psd,"(1.5, 20.0, 0.3, 0.0)",0.7709118127822876,0.2280433177947998,0.3260246515274048,0
seg+pos+rms+psd,"(1.5, 20.0, 0.3, 0.0)",0.7635223269462585,0.13984209299087524,0.14347171783447266,0
seg+pos+rms+psd,"(1.5, 20.0, 0.3, 0.0)",0.7491205930709839,0.13072168827056885,0.05875420570373535,0
seg+pos+rms+psd,"(1.5, 20.0, 0.3, 0.0)",0.7451027631759644,0.1473516821861267,0.22754526138305664,0
seg+pos+rms+psd,"(1.5, 20.0, 0.3, 0.3)",0.7391902804374695,0.09554660320281982,0.028922557830810547,0
seg+pos+rms+psd,"(1.5, 20.0, 0.3, 0.3)",0.7839332520961761,0.030721008777618408,0.19007349014282227,0
seg+pos+rms+psd,"(1.5, 20.0, 0.3, 0.3)",0.7347561120986938,0.1310330033302307,0.17710363864898682,0
seg+pos+rms+psd,"(1.5, 20.0, 0.3, 0.3)",0.7423370778560638,0.15618205070495605,0.17361092567443848,0
seg+pos+rms+psd,"(1.5, 20.0, 0.3, 0.3)",0.7471712529659271,0.17417562007904053,0.11328005790710449,0
seg+pos+rms+psd,"(1.5, 20.0, 0.3, 0.3)",0.8402655124664307,0.10692691802978516,0.2234055995941162,0
seg+pos+rms+psd,"(1.5, 20.0, 0.3, 0.3)",0.7483641505241394,0.14578652381896973,0.2664682865142822,0
seg+pos+rms+psd,"(1.5, 20.0, 0.3, 0.3)",0.7497451305389404,0.1398068070411682,0.06954693794250488,0
seg+pos+rms+psd,"(1.5, 20.0, 0.3, 0.3)",0.726302444934845,0.05469459295272827,0.117392897605896,0
seg+pos+rms+psd,"(1.5, 20.0, 0.3, 0.3)",0.7565264999866486,0.08930373191833496,0.09430766105651855,0
seg+pos+rms+psd,"(1.5, 20.0, 0.3, 0.3)",0.741287350654602,0.11297720670700073,0.1401582956314087,0
seg+pos+rms+psd,"(1.5, 20.0, 0.3, 0.3)",0.7362402677536011,0.16933351755142212,0.15669214725494385,0
seg+pos+rms+psd,"(1.5, 20.0, 0.3, 0.3)",0.7128176689147949,0.14189600944519043,0.06948280334472656,0
seg+pos+rms+psd,"(1.5, 20.0, 0.3, 0.3)",0.7552785873413086,0.11649066209793091,0.24228239059448242,0
seg+pos+rms+psd,"(1.5, 20.0, 0.3, 0.3)",0.7548593878746033,0.0667838454246521,0.16125857830047607,0
seg+pos+rms+psd,"(1.5, 20.0, 0.3, 0.6)",0.7768421769142151,0.040994346141815186,0.12354326248168945,0
seg+pos+rms+psd,"(1.5, 20.0, 0.3, 0.6)",0.7554545402526855,0.15759962797164917,0.16020119190216064,0
seg+pos+rms+psd,"(1.5, 20.0, 0.3, 0.6)",0.776561826467514,0.059509456157684326,0.04250693321228027,0
seg+pos+rms+psd,"(1.5, 20.0, 0.3, 0.6)",0.7446731925010681,0.11610430479049683,0.02618420124053955,0
seg+pos+rms+psd,"(1.5, 20.0, 0.3, 0.6)",0.7421665191650391,0.13513875007629395,0.0174868106842041,0
seg+pos+rms+psd,"(1.5, 20.0, 0.3, 0.6)",0.7742890417575836,0.12132340669631958,0.22797071933746338,0
seg+pos+rms+psd,"(1.5, 20.0, 0.3, 0.6)",0.8050430417060852,0.07412344217300415,0.12928283214569092,0
seg+pos+rms+psd,"(1.5, 20.0, 0.3, 0.6)",0.7541859745979309,0.12517476081848145,0.046138644218444824,0
seg+pos+rms+psd,"(1.5, 20.0, 0.3, 0.6)",0.8365823328495026,0.1276073455810547,0.34000658988952637,0
seg+pos+rms+psd,"(1.5, 20.0, 0.3, 0.6)",0.7381292581558228,0.08779770135879517,0.1608877182006836,0
seg+pos+rms+psd,"(1.5, 20.0, 0.3, 0.6)",0.7793645262718201,0.15982580184936523,0.09910440444946289,0
seg+pos+rms+psd,"(1.5, 20.0, 0.3, 0.6)",0.7367479503154755,0.1969572901725769,0.0929023027420044,0
seg+pos+rms+psd,"(1.5, 20.0, 0.3, 0.6)",0.7562207579612732,0.03956383466720581,0.06422877311706543,0
seg+pos+rms+psd,"(1.5, 20.0, 0.3, 0.6)",0.7413179278373718,0.1327947974205017,0.06287682056427002,0
seg+pos+rms+psd,"(1.5, 20.0, 0.3, 0.6)",0.78355672955513,0.08045357465744019,0.003124833106994629,0
seg+pos+rms+psd,"(1.5, 20.0, 0.3, -0.3)",0.8028213083744049,0.09227341413497925,0.0250241756439209,0
seg+pos+rms+psd,"(1.5, 20.0, 0.3, -0.3)",0.7523414194583893,0.12811678647994995,0.2306368350982666,0
seg+pos+rms+psd,"(1.5, 20.0, 0.3, -0.3)",0.7407739758491516,0.06090289354324341,0.052910804748535156,0
seg+pos+rms+psd,"(1.5, 20.0, 0.3, -0.3)",0.7551510632038116,0.14673537015914917,0.19773244857788086,0
seg+pos+rms+psd,"(1.5, 20.0, 0.3, -0.3)",0.7722931206226349,0.1581888198852539,0.299854040145874,0
seg+pos+rms+psd,"(1.5, 20.0, 0.3, -0.3)",0.772982120513916,0.18660199642181396,0.39716410636901855,0
seg+pos+rms+psd,"(1.5, 20.0, 0.3, -0.3)",0.8070016503334045,0.09784591197967529,0.19783830642700195,0
seg+pos+rms+psd,"(1.5, 20.0, 0.3, -0.3)",0.7522584199905396,0.06424069404602051,0.01169133186340332,0
seg+pos+rms+psd,"(1.5, 20.0, 0.3, -0.3)",0.7164690494537354,0.08547312021255493,0.197188138961792,0
seg+pos+rms+psd,"(1.5, 20.0, 0.3, -0.3)",0.7304676473140717,0.06762486696243286,0.0547032356262207,0
seg+pos+rms+psd,"(1.5, 20.0, 0.3, -0.3)",0.7763786315917969,0.12351775169372559,0.19352293014526367,0
seg+pos+rms+psd,"(1.5, 20.0, 0.3, -0.3)",0.7460739314556122,0.09209883213043213,0.010236263275146484,0
seg+pos+rms+psd,"(1.5, 20.0, 0.3, -0.3)",0.7148580849170685,0.11129158735275269,0.18776774406433105,0
seg+pos+rms+psd,"(1.5, 20.0, 0.3, -0.3)",0.7736549079418182,0.09248745441436768,0.13926434516906738,0
seg+pos+rms+psd,"(1.5, 20.0, 0.3, -0.3)",0.8216177821159363,0.14722883701324463,0.06431174278259277,0
seg+pos+rms+psd,"(1.5, 20.0, 0.7, 0.0)",0.54309943318367,0.11087387800216675,0.11802530288696289,0
seg+pos+rms+psd,"(1.5, 20.0, 0.7, 0.0)",0.5626673400402069,0.09062212705612183,0.19242095947265625,0
seg+pos+rms+psd,"(1.5, 20.0, 0.7, 0.0)",0.5929267108440399,0.08388757705688477,0.14310050010681152,0
seg+pos+rms+psd,"(1.5, 20.0, 0.7, 0.0)",0.5998585224151611,0.07676947116851807,0.07726001739501953,0
seg+pos+rms+psd,"(1.5, 20.0, 0.7, 0.0)",0.5635071992874146,0.0403178334236145,0.027483224868774414,0
seg+pos+rms+psd,"(1.5, 20.0, 0.7, 0.0)",0.5330147743225098,0.015278279781341553,0.010826349258422852,0
seg+pos+rms+psd,"(1.5, 20.0, 0.7, 0.0)",0.5532112121582031,0.06171870231628418,0.1795814037322998,0
seg+pos+rms+psd,"(1.5, 20.0, 0.7, 0.0)",0.5444138050079346,0.0220220685005188,0.18332815170288086,0
seg+pos+rms+psd,"(1.5, 20.0, 0.7, 0.0)",0.5555179715156555,0.08179551362991333,0.1664423942565918,0
seg+pos+rms+psd,"(1.5, 20.0, 0.7, 0.0)",0.5519631505012512,0.06364816427230835,0.10770750045776367,0
seg+pos+rms+psd,"(1.5, 20.0, 0.7, 0.0)",0.5947906076908112,0.11427420377731323,0.033541202545166016,0
seg+pos+rms+psd,"(1.5, 20.0, 0.7, 0.0)",0.520950436592102,0.04995012283325195,0.04677152633666992,0
seg+pos+rms+psd,"(1.5, 20.0, 0.7, 0.0)",0.5789677500724792,0.03280007839202881,0.06685352325439453,0
seg+pos+rms+psd,"(1.5, 20.0, 0.7, 0.0)",0.4891050010919571,0.01879948377609253,0.03331589698791504,0
seg+pos+rms+psd,"(1.5, 20.0, 0.7, 0.0)",0.5618431270122528,0.03726094961166382,0.027939558029174805,0
seg+pos+rms+psd,"(1.5, 20.0, 0.7, 0.3)",0.5148016810417175,0.049759864807128906,0.0799487829208374,0
seg+pos+rms+psd,"(1.5, 20.0, 0.7, 0.3)",0.5246594995260239,0.06646615266799927,0.058743953704833984,0
seg+pos+rms+psd,"(1.5, 20.0, 0.7, 0.3)",0.6007923781871796,0.17339032888412476,0.27777099609375,0
seg+pos+rms+psd,"(1.5, 20.0, 0.7, 0.3)",0.5464304685592651,0.027433276176452637,0.14605772495269775,0
seg+pos+rms+psd,"(1.5, 20.0, 0.7, 0.3)",0.5564131140708923,0.18244820833206177,0.35639727115631104,0
seg+pos+rms+psd,"(1.5, 20.0, 0.7, 0.3)",0.5544503927230835,0.028311073780059814,0.08907890319824219,0
seg+pos+rms+psd,"(1.5, 20.0, 0.7, 0.3)",0.48282818496227264,0.0572170615196228,0.08052778244018555,0
seg+pos+rms+psd,"(1.5, 20.0, 0.7, 0.3)",0.516516387462616,0.03166496753692627,0.04025101661682129,0
seg+pos+rms+psd,"(1.5, 20.0, 0.7, 0.3)",0.5511402189731598,0.0823705792427063,0.13078904151916504,0
seg+pos+rms+psd,"(1.5, 20.0, 0.7, 0.3)",0.5387355089187622,0.1527422070503235,0.1746814250946045,0
seg+pos+rms+psd,"(1.5, 20.0, 0.7, 0.3)",0.5754494667053223,0.12930649518966675,0.18421757221221924,0
seg+pos+rms+psd,"(1.5, 20.0, 0.7, 0.3)",0.6115756034851074,0.16073912382125854,0.3229331970214844,0
seg+pos+rms+psd,"(1.5, 20.0, 0.7, 0.3)",0.5463421046733856,0.03665518760681152,0.0012922286987304688,0
seg+pos+rms+psd,"(1.5, 20.0, 0.7, 0.3)",0.5548482239246368,0.10354787111282349,0.22794437408447266,0
seg+pos+rms+psd,"(1.5, 20.0, 0.7, 0.3)",0.5209585726261139,0.03628593683242798,0.11605417728424072,0
seg+pos+rms+psd,"(1.5, 20.0, 0.7, 0.6)",0.4975741505622864,0.0875275731086731,0.2408829927444458,0
seg+pos+rms+psd,"(1.5, 20.0, 0.7, 0.6)",0.5317854881286621,0.02399587631225586,0.2199268341064453,0
seg+pos+rms+psd,"(1.5, 20.0, 0.7, 0.6)",0.5335666537284851,0.08012670278549194,0.18603229522705078,0
seg+pos+rms+psd,"(1.5, 20.0, 0.7, 0.6)",0.49669697880744934,0.03150695562362671,0.11533033847808838,0
seg+pos+rms+psd,"(1.5, 20.0, 0.7, 0.6)",0.5399947166442871,0.0755125880241394,0.23181235790252686,0
seg+pos+rms+psd,"(1.5, 20.0, 0.7, 0.6)",0.5653064548969269,0.08950686454772949,0.1813976764678955,0
seg+pos+rms+psd,"(1.5, 20.0, 0.7, 0.6)",0.5255902409553528,0.02839815616607666,0.17100679874420166,0
seg+pos+rms+psd,"(1.5, 20.0, 0.7, 0.6)",0.6309979557991028,0.019350111484527588,0.25630199909210205,0
seg+pos+rms+psd,"(1.5, 20.0, 0.7, 0.6)",0.5359487235546112,0.07819229364395142,0.12989592552185059,0
seg+pos+rms+psd,"(1.5, 20.0, 0.7, 0.6)",0.5930297374725342,0.1649065613746643,0.47988617420196533,0
seg+pos+rms+psd,"(1.5, 20.0, 0.7, 0.6)",0.5789333283901215,0.03032064437866211,0.1801776885986328,0
seg+pos+rms+psd,"(1.5, 20.0, 0.7, 0.6)",0.5998627841472626,0.16561359167099,0.36008918285369873,0
seg+pos+rms+psd,"(1.5, 20.0, 0.7, 0.6)",0.5310657620429993,0.032505929470062256,0.09881746768951416,0
seg+pos+rms+psd,"(1.5, 20.0, 0.7, 0.6)",0.5534001886844635,0.021760523319244385,0.14210176467895508,0
seg+pos+rms+psd,"(1.5, 20.0, 0.7, 0.6)",0.5407106429338455,0.050776004791259766,0.19682419300079346,0
seg+pos+rms+psd,"(1.5, 20.0, 0.7, -0.3)",0.5351533889770508,0.024751484394073486,0.05837512016296387,0
seg+pos+rms+psd,"(1.5, 20.0, 0.7, -0.3)",0.533632680773735,0.027728557586669922,0.010386466979980469,0
seg+pos+rms+psd,"(1.5, 20.0, 0.7, -0.3)",0.5429135262966156,0.06265789270401001,0.01952195167541504,0
seg+pos+rms+psd,"(1.5, 20.0, 0.7, -0.3)",0.5419210344552994,0.06874483823776245,0.14485740661621094,0
seg+pos+rms+psd,"(1.5, 20.0, 0.7, -0.3)",0.5711154639720917,0.1488715410232544,0.1888129711151123,0
seg+pos+rms+psd,"(1.5, 20.0, 0.7, -0.3)",0.5274985730648041,0.05235844850540161,0.0827937126159668,0
seg+pos+rms+psd,"(1.5, 20.0, 0.7, -0.3)",0.5540252923965454,0.09713131189346313,0.03964805603027344,0
seg+pos+rms+psd,"(1.5, 20.0, 0.7, -0.3)",0.5259758234024048,0.07159698009490967,0.12604475021362305,0
seg+pos+rms+psd,"(1.5, 20.0, 0.7, -0.3)",0.5261017680168152,0.015114963054656982,0.0018025636672973633,0
seg+pos+rms+psd,"(1.5, 20.0, 0.7, -0.3)",0.5484444499015808,0.03274965286254883,0.03849172592163086,0
seg+pos+rms+psd,"(1.5, 20.0, 0.7, -0.3)",0.6006006002426147,0.030780673027038574,0.028313636779785156,0
seg+pos+rms+psd,"(1.5, 20.0, 0.7, -0.3)",0.5641020834445953,0.03945744037628174,0.10557174682617188,0
seg+pos+rms+psd,"(1.5, 20.0, 0.7, -0.3)",0.5694875121116638,0.05437421798706055,0.038013339042663574,0
seg+pos+rms+psd,"(1.5, 20.0, 0.7, -0.3)",0.6119435429573059,0.14463114738464355,0.2243194580078125,0
seg+pos+rms+psd,"(1.5, 20.0, 0.7, -0.3)",0.5656566023826599,0.1160544753074646,0.05312037467956543,0
seg+pos+rms+psd,"(3.0, 8.0, 0.3, 0.0)",1.65688818693161,0.4230625629425049,0.5376336574554443,0
seg+pos+rms+psd,"(3.0, 8.0, 0.3, 0.0)",1.6920881867408752,0.3162233829498291,0.3043246269226074,0
seg+pos+rms+psd,"(3.0, 8.0, 0.3, 0.0)",1.6360580325126648,0.3826735019683838,0.5829041004180908,0
seg+pos+rms+psd,"(3.0, 8.0, 0.3, 0.0)",1.6410208344459534,0.23504889011383057,0.7537627220153809,0
seg+pos+rms+psd,"(3.0, 8.0, 0.3, 0.0)",1.810808002948761,0.3402583599090576,0.12254905700683594,0
seg+pos+rms+psd,"(3.0, 8.0, 0.3, 0.0)",1.7009126543998718,0.3941539525985718,0.5588009357452393,0
seg+pos+rms+psd,"(3.0, 8.0, 0.3, 0.0)",1.7418569922447205,0.4121028184890747,0.4466123580932617,0
seg+pos+rms+psd,"(3.0, 8.0, 0.3, 0.0)",1.633518099784851,0.5517289638519287,1.0207197666168213,0
seg+pos+rms+psd,"(3.0, 8.0, 0.3, 0.0)",1.7053333520889282,0.30035197734832764,0.32354259490966797,0
seg+pos+rms+psd,"(3.0, 8.0, 0.3, 0.0)",1.8101307153701782,0.37973880767822266,0.12139129638671875,0
seg+pos+rms+psd,"(3.0, 8.0, 0.3, 0.0)",1.687652349472046,0.2596246004104614,0.331453800201416,0
seg+pos+rms+psd,"(3.0, 8.0, 0.3, 0.0)",1.6771717071533203,0.2460566759109497,0.07395553588867188,0
seg+pos+rms+psd,"(3.0, 8.0, 0.3, 0.0)",1.6668907403945923,0.3985600471496582,0.35727858543395996,0
seg+pos+rms+psd,"(3.0, 8.0, 0.3, 0.0)",1.7583292722702026,0.32902824878692627,0.47890591621398926,0
seg+pos+rms+psd,"(3.0, 8.0, 0.3, 0.0)",1.7054574489593506,0.380190372467041,0.43334150314331055,0
seg+pos+rms+psd,"(3.0, 8.0, 0.3, 0.3)",1.7013778686523438,0.5809134244918823,0.5491592884063721,0
seg+pos+rms+psd,"(3.0, 8.0, 0.3, 0.3)",1.75308758020401,0.32832205295562744,0.4036440849304199,0
seg+pos+rms+psd,"(3.0, 8.0, 0.3, 0.3)",1.7340145707130432,0.1923201084136963,0.06741762161254883,0
seg+pos+rms+psd,"(3.0, 8.0, 0.3, 0.3)",1.663306176662445,0.581967830657959,0.5840389728546143,0
seg+pos+rms+psd,"(3.0, 8.0, 0.3, 0.3)",1.6705453395843506,0.3148512840270996,0.0527348518371582,0
seg+pos+rms+psd,"(3.0, 8.0, 0.3, 0.3)",1.6103496551513672,0.3287285566329956,0.2885162830352783,0
seg+pos+rms+psd,"(3.0, 8.0, 0.3, 0.3)",1.7961457967758179,0.2974057197570801,0.037717342376708984,0
seg+pos+rms+psd,"(3.0, 8.0, 0.3, 0.3)",1.6023028492927551,0.43481504917144775,0.639049768447876,0
seg+pos+rms+psd,"(3.0, 8.0, 0.3, 0.3)",1.7370496988296509,0.22567486763000488,0.1493823528289795,0
seg+pos+rms+psd,"(3.0, 8.0, 0.3, 0.3)",1.705221951007843,0.19066691398620605,0.020812034606933594,0
seg+pos+rms+psd,"(3.0, 8.0, 0.3, 0.3)",1.6888628602027893,0.36603009700775146,0.13348126411437988,0
seg+pos+rms+psd,"(3.0, 8.0, 0.3, 0.3)",1.7510753273963928,0.28984665870666504,0.17789030075073242,0
seg+pos+rms+psd,"(3.0, 8.0, 0.3, 0.3)",1.8119237422943115,0.3795161247253418,0.2883923053741455,0
seg+pos+rms+psd,"(3.0, 8.0, 0.3, 0.3)",1.598610281944275,0.5139411687850952,0.3510603904724121,0
seg+pos+rms+psd,"(3.0, 8.0, 0.3, 0.3)",1.5537710189819336,0.5845346450805664,0.7851276397705078,0
seg+pos+rms+psd,"(3.0, 8.0, 0.3, 0.6)",1.6617550253868103,0.3926759958267212,0.027550697326660156,0
seg+pos+rms+psd,"(3.0, 8.0, 0.3, 0.6)",1.6643202900886536,0.2515580654144287,0.3375394344329834,0
seg+pos+rms+psd,"(3.0, 8.0, 0.3, 0.6)",1.730096697807312,0.33092260360717773,0.4183652400970459,0
seg+pos+rms+psd,"(3.0, 8.0, 0.3, 0.6)",1.627816379070282,0.5895200967788696,0.2794179916381836,0
seg+pos+rms+psd,"(3.0, 8.0, 0.3, 0.6)",1.7501490712165833,0.2225724458694458,0.18877553939819336,0
seg+pos+rms+psd,"(3.0, 8.0, 0.3, 0.6)",1.734732985496521,0.17811191082000732,0.013814210891723633,0
seg+pos+rms+psd,"(3.0, 8.0, 0.3, 0.6)",1.6946997046470642,0.5070602893829346,0.018175601959228516,0
seg+pos+rms+psd,"(3.0, 8.0, 0.3, 0.6)",1.572563648223877,0.3992125988006592,0.023557424545288086,0
seg+pos+rms+psd,"(3.0, 8.0, 0.3, 0.6)",1.6144688725471497,0.3987147808074951,0.0939779281616211,0
seg+pos+rms+psd,"(3.0, 8.0, 0.3, 0.6)",1.7423572540283203,0.34785211086273193,0.09592366218566895,0
seg+pos+rms+psd,"(3.0, 8.0, 0.3, 0.6)",1.7310948967933655,0.3996175527572632,0.20909929275512695,0
seg+pos+rms+psd,"(3.0, 8.0, 0.3, 0.6)",1.6946012377738953,0.3234316110610962,0.23589849472045898,0
seg+pos+rms+psd,"(3.0, 8.0, 0.3, 0.6)",1.671126127243042,0.45901715755462646,0.11900591850280762,0
seg+pos+rms+psd,"(3.0, 8.0, 0.3, 0.6)",1.722694218158722,0.5360766649246216,0.08889079093933105,0
seg+pos+rms+psd,"(3.0, 8.0, 0.3, 0.6)",1.7575034499168396,0.24700450897216797,0.3633744716644287,0
seg+pos+rms+psd,"(3.0, 8.0, 0.3, -0.3)",1.6299195289611816,0.28294384479522705,0.6129140853881836,0
seg+pos+rms+psd,"(3.0, 8.0, 0.3, -0.3)",1.686454713344574,0.3675445318222046,0.8595175743103027,0
seg+pos+rms+psd,"(3.0, 8.0, 0.3, -0.3)",1.6529830694198608,0.3028392791748047,0.7185993194580078,0
seg+pos+rms+psd,"(3.0, 8.0, 0.3, -0.3)",1.7799555659294128,0.2994488477706909,0.5519752502441406,0
seg+pos+rms+psd,"(3.0, 8.0, 0.3, -0.3)",1.5665574073791504,0.3729541301727295,0.7562673091888428,0
seg+pos+rms+psd,"(3.0, 8.0, 0.3, -0.3)",1.7582144737243652,0.39437222480773926,0.5354204177856445,0
seg+pos+rms+psd,"(3.0, 8.0, 0.3, -0.3)",1.7448096871376038,0.3345400094985962,0.5942482948303223,0
seg+pos+rms+psd,"(3.0, 8.0, 0.3, -0.3)",1.736539602279663,0.2652524709701538,0.5407304763793945,0
seg+pos+rms+psd,"(3.0, 8.0, 0.3, -0.3)",1.6467185616493225,0.37815022468566895,0.8517444133758545,0
seg+pos+rms+psd,"(3.0, 8.0, 0.3, -0.3)",1.6828243732452393,0.2582896947860718,0.4882645606994629,0
seg+pos+rms+psd,"(3.0, 8.0, 0.3, -0.3)",1.6950539350509644,0.504822850227356,0.9680981636047363,0
seg+pos+rms+psd,"(3.0, 8.0, 0.3, -0.3)",1.7233188152313232,0.2208155393600464,0.5516390800476074,0
seg+pos+rms+psd,"(3.0, 8.0, 0.3, -0.3)",1.821528673171997,0.3977701663970947,0.7605400085449219,0
seg+pos+rms+psd,"(3.0, 8.0, 0.3, -0.3)",1.6557103395462036,0.1183466911315918,0.1894841194152832,0
seg+pos+rms+psd,"(3.0, 8.0, 0.3, -0.3)",1.7152429223060608,0.3519566059112549,0.5328369140625,0
seg+pos+rms+psd,"(3.0, 8.0, 0.7, 0.0)",1.2750297784805298,0.22239255905151367,0.05967259407043457,0
seg+pos+rms+psd,"(3.0, 8.0, 0.7, 0.0)",1.2073308825492859,0.07873082160949707,0.17549419403076172,0
seg+pos+rms+psd,"(3.0, 8.0, 0.7, 0.0)",1.3186185956001282,0.25193989276885986,0.06482982635498047,0
seg+pos+rms+psd,"(3.0, 8.0, 0.7, 0.0)",1.2443547248840332,0.09604287147521973,0.14836788177490234,0
seg+pos+rms+psd,"(3.0, 8.0, 0.7, 0.0)",1.2034624814987183,0.04959559440612793,0.18520069122314453,0
seg+pos+rms+psd,"(3.0, 8.0, 0.7, 0.0)",1.297370195388794,0.02019476890563965,0.03669166564941406,0
seg+pos+rms+psd,"(3.0, 8.0, 0.7, 0.0)",1.294601023197174,0.04582250118255615,0.2061619758605957,0
seg+pos+rms+psd,"(3.0, 8.0, 0.7, 0.0)",1.258270025253296,0.0438462495803833,0.09540271759033203,0
seg+pos+rms+psd,"(3.0, 8.0, 0.7, 0.0)",1.1734749674797058,0.06186854839324951,0.03956270217895508,0
seg+pos+rms+psd,"(3.0, 8.0, 0.7, 0.0)",1.2180435061454773,0.18649518489837646,0.12365436553955078,0
seg+pos+rms+psd,"(3.0, 8.0, 0.7, 0.0)",1.2317634224891663,0.1613103151321411,0.13033723831176758,0
seg+pos+rms+psd,"(3.0, 8.0, 0.7, 0.0)",1.2865551114082336,0.2910515069961548,0.17575883865356445,0
seg+pos+rms+psd,"(3.0, 8.0, 0.7, 0.0)",1.1875753998756409,0.21501588821411133,0.04063081741333008,0
seg+pos+rms+psd,"(3.0, 8.0, 0.7, 0.0)",1.297442615032196,0.17981863021850586,0.12405252456665039,0
seg+pos+rms+psd,"(3.0, 8.0, 0.7, 0.0)",1.2435504794120789,0.180220365524292,0.024000167846679688,0
seg+pos+rms+psd,"(3.0, 8.0, 0.7, 0.3)",1.2011123299598694,0.0438694953918457,0.15263938903808594,0
seg+pos+rms+psd,"(3.0, 8.0, 0.7, 0.3)",1.2246031761169434,0.0762258768081665,0.04515886306762695,0
seg+pos+rms+psd,"(3.0, 8.0, 0.7, 0.3)",1.3113495111465454,0.02013540267944336,0.14665651321411133,0
seg+pos+rms+psd,"(3.0, 8.0, 0.7, 0.3)",1.3941832780838013,0.35402464866638184,0.6299154758453369,0
seg+pos+rms+psd,"(3.0, 8.0, 0.7, 0.3)",1.2303217649459839,0.10114264488220215,0.21086883544921875,0
seg+pos+rms+psd,"(3.0, 8.0, 0.7, 0.3)",1.2275854349136353,0.20512592792510986,0.09269213676452637,0
seg+pos+rms+psd,"(3.0, 8.0, 0.7, 0.3)",1.240996539592743,0.10874474048614502,0.31738972663879395,0
seg+pos+rms+psd,"(3.0, 8.0, 0.7, 0.3)",1.2724938988685608,0.2776299715042114,0.4136993885040283,0
seg+pos+rms+psd,"(3.0, 8.0, 0.7, 0.3)",1.2194361686706543,0.25179123878479004,0.08084559440612793,0
seg+pos+rms+psd,"(3.0, 8.0, 0.7, 0.3)",1.2886182069778442,0.11994409561157227,0.07323074340820312,0
seg+pos+rms+psd,"(3.0, 8.0, 0.7, 0.3)",1.2748935222625732,0.19133663177490234,0.05078005790710449,0
seg+pos+rms+psd,"(3.0, 8.0, 0.7, 0.3)",1.308499813079834,0.12572407722473145,0.2727944850921631,0
seg+pos+rms+psd,"(3.0, 8.0, 0.7, 0.3)",1.3199583292007446,0.3077082633972168,0.5782871246337891,0
seg+pos+rms+psd,"(3.0, 8.0, 0.7, 0.3)",1.239134669303894,0.06360459327697754,0.13595962524414062,0
seg+pos+rms+psd,"(3.0, 8.0, 0.7, 0.3)",1.2759042382240295,0.24436593055725098,0.30786991119384766,0
seg+pos+rms+psd,"(3.0, 8.0, 0.7, 0.6)",1.3032822608947754,0.32258379459381104,0.6013836860656738,0
seg+pos+rms+psd,"(3.0, 8.0, 0.7, 0.6)",1.245986819267273,0.16048681735992432,0.04474020004272461,0
seg+pos+rms+psd,"(3.0, 8.0, 0.7, 0.6)",1.2445258498191833,0.20533454418182373,0.46762800216674805,0
seg+pos+rms+psd,"(3.0, 8.0, 0.7, 0.6)",1.291140854358673,0.08004927635192871,0.38057470321655273,0
seg+pos+rms+psd,"(3.0, 8.0, 0.7, 0.6)",1.3631397485733032,0.08432865142822266,0.7848987579345703,0
seg+pos+rms+psd,"(3.0, 8.0, 0.7, 0.6)",1.2506310939788818,0.17089998722076416,0.3031017780303955,0
seg+pos+rms+psd,"(3.0, 8.0, 0.7, 0.6)",1.2220772504806519,0.10427987575531006,0.29163432121276855,0
seg+pos+rms+psd,"(3.0, 8.0, 0.7, 0.6)",1.3523516058921814,0.31560778617858887,0.5806927680969238,0
seg+pos+rms+psd,"(3.0, 8.0, 0.7, 0.6)",1.29142427444458,0.15230000019073486,0.13975787162780762,0
seg+pos+rms+psd,"(3.0, 8.0, 0.7, 0.6)",1.2038066387176514,0.1287165880203247,0.0868992805480957,0
seg+pos+rms+psd,"(3.0, 8.0, 0.7, 0.6)",1.2501096725463867,0.22537052631378174,0.07492804527282715,0
seg+pos+rms+psd,"(3.0, 8.0, 0.7, 0.6)",1.3000560998916626,0.10174334049224854,0.5891163349151611,0
seg+pos+rms+psd,"(3.0, 8.0, 0.7, 0.6)",1.2692694067955017,0.22411131858825684,0.8335545063018799,0
seg+pos+rms+psd,"(3.0, 8.0, 0.7, 0.6)",1.3283501863479614,0.1832524538040161,0.3728163242340088,0
seg+pos+rms+psd,"(3.0, 8.0, 0.7, 0.6)",1.38472580909729,0.284798264503479,0.4684937000274658,0
seg+pos+rms+psd,"(3.0, 8.0, 0.7, -0.3)",1.1746085286140442,0.19036030769348145,0.5398356914520264,0
seg+pos+rms+psd,"(3.0, 8.0, 0.7, -0.3)",1.2388532757759094,0.019318699836730957,0.15793752670288086,0
seg+pos+rms+psd,"(3.0, 8.0, 0.7, -0.3)",1.2649388909339905,0.17126166820526123,0.039760589599609375,0
seg+pos+rms+psd,"(3.0, 8.0, 0.7, -0.3)",1.2345813512802124,0.08993911743164062,0.20377635955810547,0
seg+pos+rms+psd,"(3.0, 8.0, 0.7, -0.3)",1.1862426400184631,0.01647341251373291,0.08620166778564453,0
seg+pos+rms+psd,"(3.0, 8.0, 0.7, -0.3)",1.353265106678009,0.2441014051437378,0.3457193374633789,0
seg+pos+rms+psd,"(3.0, 8.0, 0.7, -0.3)",1.3179203271865845,0.11522996425628662,0.010283946990966797,0
seg+pos+rms+psd,"(3.0, 8.0, 0.7, -0.3)",1.2633671760559082,0.16280591487884521,0.030395984649658203,0
seg+pos+rms+psd,"(3.0, 8.0, 0.7, -0.3)",1.2669733762741089,0.09947681427001953,0.1251382827758789,0
seg+pos+rms+psd,"(3.0, 8.0, 0.7, -0.3)",1.230353057384491,0.0713803768157959,0.04566526412963867,0
seg+pos+rms+psd,"(3.0, 8.0, 0.7, -0.3)",1.2475194931030273,0.07628297805786133,0.18389272689819336,0
seg+pos+rms+psd,"(3.0, 8.0, 0.7, -0.3)",1.222088873386383,0.14258313179016113,0.027588367462158203,0
seg+pos+rms+psd,"(3.0, 8.0, 0.7, -0.3)",1.1245973110198975,0.2264174222946167,0.41321229934692383,0
seg+pos+rms+psd,"(3.0, 8.0, 0.7, -0.3)",1.388583779335022,0.2793523073196411,0.2208080291748047,0
seg+pos+rms+psd,"(3.0, 8.0, 0.7, -0.3)",1.3029600381851196,0.24379312992095947,0.009315967559814453,0
seg+pos+rms+psd,"(3.0, 20.0, 0.3, 0.0)",1.3012096881866455,0.28366315364837646,0.309906005859375,0
seg+pos+rms+psd,"(3.0, 20.0, 0.3, 0.0)",1.4688159823417664,0.057898640632629395,0.00845956802368164,0
seg+pos+rms+psd,"(3.0, 20.0, 0.3, 0.0)",1.3451988697052002,0.31022346019744873,0.5131053924560547,0
seg+pos+rms+psd,"(3.0, 20.0, 0.3, 0.0)",1.374654471874237,0.08345866203308105,0.2755894660949707,0
seg+pos+rms+psd,"(3.0, 20.0, 0.3, 0.0)",1.3664135336875916,0.14618170261383057,0.16472101211547852,0
seg+pos+rms+psd,"(3.0, 20.0, 0.3, 0.0)",1.319342315196991,0.2435133457183838,0.29597949981689453,0
seg+pos+rms+psd,"(3.0, 20.0, 0.3, 0.0)",1.4082630276679993,0.049490928649902344,0.16190123558044434,0
seg+pos+rms+psd,"(3.0, 20.0, 0.3, 0.0)",1.3636053800582886,0.26747143268585205,0.19228267669677734,0
seg+pos+rms+psd,"(3.0, 20.0, 0.3, 0.0)",1.4035654067993164,0.180794358253479,0.311964750289917,0
seg+pos+rms+psd,"(3.0, 20.0, 0.3, 0.0)",1.3936092853546143,0.12242090702056885,0.15906667709350586,0
seg+pos+rms+psd,"(3.0, 20.0, 0.3, 0.0)",1.4523978233337402,0.1978510618209839,0.3422737121582031,0
seg+pos+rms+psd,"(3.0, 20.0, 0.3, 0.0)",1.2796521186828613,0.2915632724761963,0.4925544261932373,0
seg+pos+rms+psd,"(3.0, 20.0, 0.3, 0.0)",1.2836129069328308,0.2471637725830078,0.31781768798828125,0
seg+pos+rms+psd,"(3.0, 20.0, 0.3, 0.0)",1.3855775594711304,0.22028958797454834,0.28732728958129883,0
seg+pos+rms+psd,"(3.0, 20.0, 0.3, 0.0)",1.3514623641967773,0.05139970779418945,0.15412592887878418,0
seg+pos+rms+psd,"(3.0, 20.0, 0.3, 0.3)",1.4426499605178833,0.11988687515258789,0.06866073608398438,0
seg+pos+rms+psd,"(3.0, 20.0, 0.3, 0.3)",1.259359359741211,0.1039353609085083,0.050948381423950195,0
seg+pos+rms+psd,"(3.0, 20.0, 0.3, 0.3)",1.3072951436042786,0.33133256435394287,0.3204622268676758,0
seg+pos+rms+psd,"(3.0, 20.0, 0.3, 0.3)",1.4158315062522888,0.38782763481140137,0.13082075119018555,0
seg+pos+rms+psd,"(3.0, 20.0, 0.3, 0.3)",1.356468915939331,0.09116077423095703,0.08944988250732422,0
seg+pos+rms+psd,"(3.0, 20.0, 0.3, 0.3)",1.2322995066642761,0.23507416248321533,0.16088461875915527,0
seg+pos+rms+psd,"(3.0, 20.0, 0.3, 0.3)",1.3434386849403381,0.11915171146392822,0.03709125518798828,0
seg+pos+rms+psd,"(3.0, 20.0, 0.3, 0.3)",1.3305663466453552,0.27343082427978516,0.19301676750183105,0
seg+pos+rms+psd,"(3.0, 20.0, 0.3, 0.3)",1.4037968516349792,0.21147441864013672,0.02223038673400879,0
seg+pos+rms+psd,"(3.0, 20.0, 0.3, 0.3)",1.3855806589126587,0.04871535301208496,0.07646298408508301,0
seg+pos+rms+psd,"(3.0, 20.0, 0.3, 0.3)",1.329626441001892,0.1790170669555664,0.06588554382324219,0
seg+pos+rms+psd,"(3.0, 20.0, 0.3, 0.3)",1.5087741613388062,0.19049072265625,0.36926865577697754,0
seg+pos+rms+psd,"(3.0, 20.0, 0.3, 0.3)",1.27749365568161,0.23454570770263672,0.4100165367126465,0
seg+pos+rms+psd,"(3.0, 20.0, 0.3, 0.3)",1.402444303035736,0.22621774673461914,0.13542675971984863,0
seg+pos+rms+psd,"(3.0, 20.0, 0.3, 0.3)",1.3435213565826416,0.2557399272918701,0.2155599594116211,0
seg+pos+rms+psd,"(3.0, 20.0, 0.3, 0.6)",1.3322380781173706,0.4080904722213745,0.20083832740783691,0
seg+pos+rms+psd,"(3.0, 20.0, 0.3, 0.6)",1.3052401542663574,0.185066819190979,0.19127154350280762,0
seg+pos+rms+psd,"(3.0, 20.0, 0.3, 0.6)",1.3480998873710632,0.1658926010131836,0.11755943298339844,0
seg+pos+rms+psd,"(3.0, 20.0, 0.3, 0.6)",1.3218278884887695,0.19778597354888916,0.36072540283203125,0
seg+pos+rms+psd,"(3.0, 20.0, 0.3, 0.6)",1.286930501461029,0.1975855827331543,0.06731033325195312,0
seg+pos+rms+psd,"(3.0, 20.0, 0.3, 0.6)",1.3710156679153442,0.18825435638427734,0.2486562728881836,0
seg+pos+rms+psd,"(3.0, 20.0, 0.3, 0.6)",1.340835154056549,0.12614750862121582,0.28412699699401855,0
seg+pos+rms+psd,"(3.0, 20.0, 0.3, 0.6)",1.2697222232818604,0.2842738628387451,0.08036613464355469,0
seg+pos+rms+psd,"(3.0, 20.0, 0.3, 0.6)",1.465151846408844,0.40405166149139404,0.23413872718811035,0
seg+pos+rms+psd,"(3.0, 20.0, 0.3, 0.6)",1.440415859222412,0.46716833114624023,0.4985692501068115,0
seg+pos+rms+psd,"(3.0, 20.0, 0.3, 0.6)",1.3777939677238464,0.21766531467437744,0.0974884033203125,0
seg+pos+rms+psd,"(3.0, 20.0, 0.3, 0.6)",1.4758718609809875,0.18998336791992188,0.23361945152282715,0
seg+pos+rms+psd,"(3.0, 20.0, 0.3, 0.6)",1.4186128377914429,0.13051021099090576,0.061331987380981445,0
seg+pos+rms+psd,"(3.0, 20.0, 0.3, 0.6)",1.392345130443573,0.15059542655944824,0.2745227813720703,0
seg+pos+rms+psd,"(3.0, 20.0, 0.3, 0.6)",1.2935549020767212,0.29658830165863037,0.20557188987731934,0
seg+pos+rms+psd,"(3.0, 20.0, 0.3, -0.3)",1.3388354182243347,0.13631951808929443,0.2748708724975586,0
seg+pos+rms+psd,"(3.0, 20.0, 0.3, -0.3)",1.4088384509086609,0.1904296875,0.3585796356201172,0
seg+pos+rms+psd,"(3.0, 20.0, 0.3, -0.3)",1.3271802067756653,0.09033465385437012,0.26994895935058594,0
seg+pos+rms+psd,"(3.0, 20.0, 0.3, -0.3)",1.3602476716041565,0.23204338550567627,0.5366165637969971,0
seg+pos+rms+psd,"(3.0, 20.0, 0.3, -0.3)",1.4692785739898682,0.42757105827331543,0.13363409042358398,0
seg+pos+rms+psd,"(3.0, 20.0, 0.3, -0.3)",1.429176688194275,0.1664748191833496,0.04492330551147461,0
seg+pos+rms+psd,"(3.0, 20.0, 0.3, -0.3)",1.271556794643402,0.45277857780456543,0.7541677951812744,0
seg+pos+rms+psd,"(3.0, 20.0, 0.3, -0.3)",1.3545950055122375,0.13171017169952393,0.3141798973083496,0
seg+pos+rms+psd,"(3.0, 20.0, 0.3, -0.3)",1.3458755016326904,0.31329143047332764,0.38906097412109375,0
seg+pos+rms+psd,"(3.0, 20.0, 0.3, -0.3)",1.3875371217727661,0.07045590877532959,0.3172917366027832,0
seg+pos+rms+psd,"(3.0, 20.0, 0.3, -0.3)",1.3800667524337769,0.05079162120819092,0.08362054824829102,0
seg+pos+rms+psd,"(3.0, 20.0, 0.3, -0.3)",1.371238112449646,0.1016305685043335,0.2707381248474121,0
seg+pos+rms+psd,"(3.0, 20.0, 0.3, -0.3)",1.4555059671401978,0.21889901161193848,0.3696002960205078,0
seg+pos+rms+psd,"(3.0, 20.0, 0.3, -0.3)",1.4113537669181824,0.2544715404510498,0.4568667411804199,0
seg+pos+rms+psd,"(3.0, 20.0, 0.3, -0.3)",1.272282063961029,0.36646127700805664,0.6511790752410889,0
seg+pos+rms+psd,"(3.0, 20.0, 0.7, 0.0)",0.9715900719165802,0.26716482639312744,0.4293861389160156,0
seg+pos+rms+psd,"(3.0, 20.0, 0.7, 0.0)",0.879511684179306,0.11456382274627686,0.2109675407409668,0
seg+pos+rms+psd,"(3.0, 20.0, 0.7, 0.0)",0.8742992281913757,0.22104668617248535,0.23151731491088867,0
seg+pos+rms+psd,"(3.0, 20.0, 0.7, 0.0)",0.8043315410614014,0.09300994873046875,0.03769540786743164,0
seg+pos+rms+psd,"(3.0, 20.0, 0.7, 0.0)",0.8620189428329468,0.1192619800567627,0.14582014083862305,0
seg+pos+rms+psd,"(3.0, 20.0, 0.7, 0.0)",0.8326659798622131,0.07384657859802246,0.05554389953613281,0
seg+pos+rms+psd,"(3.0, 20.0, 0.7, 0.0)",0.8917330801486969,0.22488534450531006,0.3008542060852051,0
seg+pos+rms+psd,"(3.0, 20.0, 0.7, 0.0)",0.7751712799072266,0.04902303218841553,0.14884448051452637,0
seg+pos+rms+psd,"(3.0, 20.0, 0.7, 0.0)",0.7758798003196716,0.10633492469787598,0.09498786926269531,0
seg+pos+rms+psd,"(3.0, 20.0, 0.7, 0.0)",0.8596521019935608,0.10750234127044678,0.10950088500976562,0
seg+pos+rms+psd,"(3.0, 20.0, 0.7, 0.0)",0.8007528483867645,0.05383801460266113,0.006384849548339844,0
seg+pos+rms+psd,"(3.0, 20.0, 0.7, 0.0)",0.88906329870224,0.093497633934021,0.20612382888793945,0
seg+pos+rms+psd,"(3.0, 20.0, 0.7, 0.0)",0.8729429841041565,0.13110566139221191,0.06238555908203125,0
seg+pos+rms+psd,"(3.0, 20.0, 0.7, 0.0)",0.7949106395244598,0.0320209264755249,0.07350754737854004,0
seg+pos+rms+psd,"(3.0, 20.0, 0.7, 0.0)",0.8241903781890869,0.06275224685668945,0.08994340896606445,0
seg+pos+rms+psd,"(3.0, 20.0, 0.7, 0.3)",0.8112888932228088,0.04741871356964111,0.1313626766204834,0
seg+pos+rms+psd,"(3.0, 20.0, 0.7, 0.3)",0.8079133033752441,0.042153000831604004,0.15953683853149414,0
seg+pos+rms+psd,"(3.0, 20.0, 0.7, 0.3)",0.7649601101875305,0.057419538497924805,0.1079549789428711,0
seg+pos+rms+psd,"(3.0, 20.0, 0.7, 0.3)",0.845734566450119,0.07221806049346924,0.09906864166259766,0
seg+pos+rms+psd,"(3.0, 20.0, 0.7, 0.3)",0.8251194655895233,0.037046074867248535,0.03309226036071777,0
seg+pos+rms+psd,"(3.0, 20.0, 0.7, 0.3)",0.8131012618541718,0.17837166786193848,0.03538823127746582,0
seg+pos+rms+psd,"(3.0, 20.0, 0.7, 0.3)",0.8154086768627167,0.06561589241027832,0.20351767539978027,0
seg+pos+rms+psd,"(3.0, 20.0, 0.7, 0.3)",0.9339510202407837,0.16019737720489502,0.17716383934020996,0
seg+pos+rms+psd,"(3.0, 20.0, 0.7, 0.3)",0.8303885161876678,0.1127462387084961,0.000110626220703125,0
seg+pos+rms+psd,"(3.0, 20.0, 0.7, 0.3)",0.7684462070465088,0.052910804748535156,0.0051496028900146484,0
seg+pos+rms+psd,"(3.0, 20.0, 0.7, 0.3)",0.811494767665863,0.14767980575561523,0.16551661491394043,0
seg+pos+rms+psd,"(3.0, 20.0, 0.7, 0.3)",0.8101314008235931,0.06674814224243164,0.12798094749450684,0
seg+pos+rms+psd,"(3.0, 20.0, 0.7, 0.3)",0.87811279296875,0.19390392303466797,0.17489385604858398,0
seg+pos+rms+psd,"(3.0, 20.0, 0.7, 0.3)",0.8317095935344696,0.09267520904541016,0.2791562080383301,0
seg+pos+rms+psd,"(3.0, 20.0, 0.7, 0.3)",0.8256294131278992,0.04406321048736572,0.0890340805053711,0
seg+pos+rms+psd,"(3.0, 20.0, 0.7, 0.6)",0.8146101832389832,0.06352007389068604,0.2957909107208252,0
seg+pos+rms+psd,"(3.0, 20.0, 0.7, 0.6)",0.8649215698242188,0.17848336696624756,0.27719783782958984,0
seg+pos+rms+psd,"(3.0, 20.0, 0.7, 0.6)",0.8499472439289093,0.060117363929748535,0.09003591537475586,0
seg+pos+rms+psd,"(3.0, 20.0, 0.7, 0.6)",0.8308649957180023,0.07707667350769043,0.23363399505615234,0
seg+pos+rms+psd,"(3.0, 20.0, 0.7, 0.6)",0.8908679187297821,0.05980074405670166,0.47154688835144043,0
seg+pos+rms+psd,"(3.0, 20.0, 0.7, 0.6)",0.7997940480709076,0.05706894397735596,0.2605292797088623,0
seg+pos+rms+psd,"(3.0, 20.0, 0.7, 0.6)",0.7730440497398376,0.1275101900100708,0.3907994031906128,0
seg+pos+rms+psd,"(3.0, 20.0, 0.7, 0.6)",0.8116407692432404,0.015390276908874512,0.15459871292114258,0
seg+pos+rms+psd,"(3.0, 20.0, 0.7, 0.6)",0.8518786132335663,0.09406805038452148,0.1016244888305664,0
seg+pos+rms+psd,"(3.0, 20.0, 0.7, 0.6)",0.7671704888343811,0.11476719379425049,0.16427969932556152,0
seg+pos+rms+psd,"(3.0, 20.0, 0.7, 0.6)",0.8462025821208954,0.17544209957122803,0.43392014503479004,0
seg+pos+rms+psd,"(3.0, 20.0, 0.7, 0.6)",0.8727254867553711,0.11887669563293457,0.14173674583435059,0
seg+pos+rms+psd,"(3.0, 20.0, 0.7, 0.6)",0.7711705267429352,0.03956413269042969,0.1450951099395752,0
seg+pos+rms+psd,"(3.0, 20.0, 0.7, 0.6)",0.8075637817382812,0.08539068698883057,0.2239549160003662,0
seg+pos+rms+psd,"(3.0, 20.0, 0.7, 0.6)",0.7897120118141174,0.0755835771560669,0.3102865219116211,0
seg+pos+rms+psd,"(3.0, 20.0, 0.7, -0.3)",0.8628221452236176,0.10598492622375488,0.012683868408203125,0
seg+pos+rms+psd,"(3.0, 20.0, 0.7, -0.3)",0.8760736882686615,0.09623253345489502,0.12305307388305664,0
seg+pos+rms+psd,"(3.0, 20.0, 0.7, -0.3)",0.8026277422904968,0.12008988857269287,0.037114620208740234,0
seg+pos+rms+psd,"(3.0, 20.0, 0.7, -0.3)",0.8514355421066284,0.05521392822265625,0.016481876373291016,0
seg+pos+rms+psd,"(3.0, 20.0, 0.7, -0.3)",0.858730673789978,0.05485427379608154,0.03907918930053711,0
seg+pos+rms+psd,"(3.0, 20.0, 0.7, -0.3)",0.8019825220108032,0.0960928201675415,0.12482881546020508,0
seg+pos+rms+psd,"(3.0, 20.0, 0.7, -0.3)",0.8007230162620544,0.1526808738708496,0.1445474624633789,0
seg+pos+rms+psd,"(3.0, 20.0, 0.7, -0.3)",0.8581207990646362,0.08282232284545898,0.10609269142150879,0
seg+pos+rms+psd,"(3.0, 20.0, 0.7, -0.3)",0.7629947066307068,0.09651494026184082,0.1867203712463379,0
seg+pos+rms+psd,"(3.0, 20.0, 0.7, -0.3)",0.8924942910671234,0.18996798992156982,0.19379806518554688,0
seg+pos+rms+psd,"(3.0, 20.0, 0.7, -0.3)",0.8041752278804779,0.13836872577667236,0.003646373748779297,0
seg+pos+rms+psd,"(3.0, 20.0, 0.7, -0.3)",0.7817768454551697,0.07455408573150635,0.11454486846923828,0
seg+pos+rms+psd,"(3.0, 20.0, 0.7, -0.3)",0.8424212038516998,0.1523756980895996,0.2585926055908203,0
seg+pos+rms+psd,"(3.0, 20.0, 0.7, -0.3)",0.8236638307571411,0.03398752212524414,0.046892642974853516,0
seg+pos+rms+psd,"(3.0, 20.0, 0.7, -0.3)",0.8479200601577759,0.09479653835296631,0.06747865676879883,0
seg+pos+rms+psd,"(1.5, 8.0, 0.3, 0.0)",0.8962574005126953,0.311812162399292,0.36315345764160156,1
seg+pos+rms+psd,"(1.5, 8.0, 0.3, 0.0)",0.8810449242591858,0.3065333962440491,0.4705761671066284,1
seg+pos+rms+psd,"(1.5, 8.0, 0.3, 0.0)",0.9113793969154358,0.3011205792427063,0.42328131198883057,1
seg+pos+rms+psd,"(1.5, 8.0, 0.3, 0.0)",0.9484310150146484,0.2475050687789917,0.29701387882232666,1
seg+pos+rms+psd,"(1.5, 8.0, 0.3, 0.0)",0.8911041915416718,0.33539879322052,0.5529924631118774,1
seg+pos+rms+psd,"(1.5, 8.0, 0.3, 0.0)",0.9019074141979218,0.31021469831466675,0.4276531934738159,1
seg+pos+rms+psd,"(1.5, 8.0, 0.3, 0.0)",0.8690893054008484,0.31883949041366577,0.4497652053833008,1
seg+pos+rms+psd,"(1.5, 8.0, 0.3, 0.0)",0.92179074883461,0.3411790728569031,0.61479651927948,1
seg+pos+rms+psd,"(1.5, 8.0, 0.3, 0.0)",0.9326673150062561,0.2862577438354492,0.4214925765991211,1
seg+pos+rms+psd,"(1.5, 8.0, 0.3, 0.0)",0.9220664501190186,0.2580728530883789,0.40244340896606445,1
seg+pos+rms+psd,"(1.5, 8.0, 0.3, 0.0)",0.9730546474456787,0.06880652904510498,0.04742693901062012,1
seg+pos+rms+psd,"(1.5, 8.0, 0.3, 0.0)",0.9379429817199707,0.2654673457145691,0.3731499910354614,1
seg+pos+rms+psd,"(1.5, 8.0, 0.3, 0.0)",0.9516550302505493,0.34986335039138794,0.47688424587249756,1
seg+pos+rms+psd,"(1.5, 8.0, 0.3, 0.0)",0.9196600914001465,0.06147456169128418,0.17533159255981445,1
seg+pos+rms+psd,"(1.5, 8.0, 0.3, 0.0)",0.8860454857349396,0.35097557306289673,0.4568098783493042,1
seg+pos+rms+psd,"(1.5, 8.0, 0.3, 0.3)",0.890203982591629,0.3310222625732422,0.354488730430603,1
seg+pos+rms+psd,"(1.5, 8.0, 0.3, 0.3)",0.9280835390090942,0.2963483929634094,0.41015779972076416,1
seg+pos+rms+psd,"(1.5, 8.0, 0.3, 0.3)",0.8972696959972382,0.33211416006088257,0.39108240604400635,1
seg+pos+rms+psd,"(1.5, 8.0, 0.3, 0.3)",0.939102053642273,0.27433931827545166,0.2177356481552124,1
seg+pos+rms+psd,"(1.5, 8.0, 0.3, 0.3)",0.9134906530380249,0.28051549196243286,0.291900634765625,1
seg+pos+rms+psd,"(1.5, 8.0, 0.3, 0.3)",0.9133090376853943,0.31835293769836426,0.3855152130126953,1
seg+pos+rms+psd,"(1.5, 8.0, 0.3, 0.3)",0.8613040447235107,0.34535467624664307,0.3206753730773926,1
seg+pos+rms+psd,"(1.5, 8.0, 0.3, 0.3)",0.9345106482505798,0.34567975997924805,0.5282325744628906,1
seg+pos+rms+psd,"(1.5, 8.0, 0.3, 0.3)",0.8610720634460449,0.35429847240448,0.3758978843688965,1
seg+pos+rms+psd,"(1.5, 8.0, 0.3, 0.3)",0.927119106054306,0.31960928440093994,0.32622814178466797,1
seg+pos+rms+psd,"(1.5, 8.0, 0.3, 0.3)",0.960333913564682,0.14914053678512573,0.02462148666381836,1
seg+pos+rms+psd,"(1.5, 8.0, 0.3, 0.3)",0.9819724559783936,0.34831702709198,0.259496808052063,1
seg+pos+rms+psd,"(1.5, 8.0, 0.3, 0.3)",0.8976865112781525,0.28105348348617554,0.23270034790039062,1
seg+pos+rms+psd,"(1.5, 8.0, 0.3, 0.3)",0.919861763715744,0.3646739721298218,0.45802783966064453,1
seg+pos+rms+psd,"(1.5, 8.0, 0.3, 0.3)",0.9124545454978943,0.22388482093811035,0.11932671070098877,1
seg+pos+rms+psd,"(1.5, 8.0, 0.3, 0.6)",0.9356999099254608,0.2729528546333313,0.1060631275177002,1
seg+pos+rms+psd,"(1.5, 8.0, 0.3, 0.6)",0.9135900735855103,0.3258703351020813,0.13561439514160156,1
seg+pos+rms+psd,"(1.5, 8.0, 0.3, 0.6)",0.9195801019668579,0.37819987535476685,0.20373356342315674,1
seg+pos+rms+psd,"(1.5, 8.0, 0.3, 0.6)",0.8774821162223816,0.2839612364768982,0.060179710388183594,1
seg+pos+rms+psd,"(1.5, 8.0, 0.3, 0.6)",0.908575713634491,0.39412689208984375,0.3445146083831787,1
seg+pos+rms+psd,"(1.5, 8.0, 0.3, 0.6)",0.9034037292003632,0.18162059783935547,0.028725147247314453,1
seg+pos+rms+psd,"(1.5, 8.0, 0.3, 0.6)",0.9129684865474701,0.3760222792625427,0.20190584659576416,1
seg+pos+rms+psd,"(1.5, 8.0, 0.3, 0.6)",0.9281265139579773,0.215864360332489,0.02159905433654785,1
seg+pos+rms+psd,"(1.5, 8.0, 0.3, 0.6)",0.8827477693557739,0.37809550762176514,0.13355040550231934,1
seg+pos+rms+psd,"(1.5, 8.0, 0.3, 0.6)",0.9727189540863037,0.3535718321800232,0.2292647361755371,1
seg+pos+rms+psd,"(1.5, 8.0, 0.3, 0.6)",0.8846801817417145,0.2956639528274536,0.1493844985961914,1
seg+pos+rms+psd,"(1.5, 8.0, 0.3, 0.6)",0.9359111785888672,0.3787992596626282,0.24114990234375,1
seg+pos+rms+psd,"(1.5, 8.0, 0.3, 0.6)",0.9410321712493896,0.20046818256378174,0.04799199104309082,1
seg+pos+rms+psd,"(1.5, 8.0, 0.3, 0.6)",0.9477697312831879,0.13848018646240234,0.17698204517364502,1
seg+pos+rms+psd,"(1.5, 8.0, 0.3, 0.6)",0.904560387134552,0.3322974443435669,0.11392784118652344,1
seg+pos+rms+psd,"(1.5, 8.0, 0.3, -0.3)",0.9342581033706665,0.19608616828918457,0.37609052658081055,1
seg+pos+rms+psd,"(1.5, 8.0, 0.3, -0.3)",0.8845377862453461,0.31577908992767334,0.4501655101776123,1
seg+pos+rms+psd,"(1.5, 8.0, 0.3, -0.3)",0.920585036277771,0.28638869524002075,0.4958789348602295,1
seg+pos+rms+psd,"(1.5, 8.0, 0.3, -0.3)",0.9227997660636902,0.23914295434951782,0.44051647186279297,1
seg+pos+rms+psd,"(1.5, 8.0, 0.3, -0.3)",0.9416462182998657,0.1947532296180725,0.34756994247436523,1
seg+pos+rms+psd,"(1.5, 8.0, 0.3, -0.3)",0.9376732409000397,0.38055431842803955,0.5919216871261597,1
seg+pos+rms+psd,"(1.5, 8.0, 0.3, -0.3)",0.9395729005336761,0.08375614881515503,0.2797727584838867,1
seg+pos+rms+psd,"(1.5, 8.0, 0.3, -0.3)",0.9640730023384094,0.26691359281539917,0.5468389987945557,1
seg+pos+rms+psd,"(1.5, 8.0, 0.3, -0.3)",0.9318893253803253,0.2721964716911316,0.47939586639404297,1
seg+pos+rms+psd,"(1.5, 8.0, 0.3, -0.3)",0.9526649415493011,0.25160837173461914,0.42671918869018555,1
seg+pos+rms+psd,"(1.5, 8.0, 0.3, -0.3)",0.9188605844974518,0.3291674852371216,0.5285845994949341,1
seg+pos+rms+psd,"(1.5, 8.0, 0.3, -0.3)",0.9118125140666962,0.32879638671875,0.5815165042877197,1
seg+pos+rms+psd,"(1.5, 8.0, 0.3, -0.3)",0.9029238224029541,0.29843389987945557,0.5264208316802979,1
seg+pos+rms+psd,"(1.5, 8.0, 0.3, -0.3)",0.9636136591434479,0.2789488136768341,0.4069150686264038,1
seg+pos+rms+psd,"(1.5, 8.0, 0.3, -0.3)",0.9450669586658478,0.1959865689277649,0.4133639335632324,1
seg+pos+rms+psd,"(1.5, 8.0, 0.7, 0.0)",0.6976082623004913,0.12143564224243164,0.18138492107391357,1
seg+pos+rms+psd,"(1.5, 8.0, 0.7, 0.0)",0.7478131651878357,0.07784533500671387,0.22867107391357422,1
seg+pos+rms+psd,"(1.5, 8.0, 0.7, 0.0)",0.7491095066070557,0.051714420318603516,0.02085399627685547,1
seg+pos+rms+psd,"(1.5, 8.0, 0.7, 0.0)",0.7482208013534546,0.10700976848602295,0.17499041557312012,1
seg+pos+rms+psd,"(1.5, 8.0, 0.7, 0.0)",0.768444299697876,0.11455994844436646,0.07898879051208496,1
seg+pos+rms+psd,"(1.5, 8.0, 0.7, 0.0)",0.7759320139884949,0.11647224426269531,0.21567940711975098,1
seg+pos+rms+psd,"(1.5, 8.0, 0.7, 0.0)",0.7233907580375671,0.11456996202468872,0.22335731983184814,1
seg+pos+rms+psd,"(1.5, 8.0, 0.7, 0.0)",0.7185187935829163,0.1575642228126526,0.21849799156188965,1
seg+pos+rms+psd,"(1.5, 8.0, 0.7, 0.0)",0.6906682550907135,0.16219383478164673,0.32653486728668213,1
seg+pos+rms+psd,"(1.5, 8.0, 0.7, 0.0)",0.7736213803291321,0.18911349773406982,0.20383846759796143,1
seg+pos+rms+psd,"(1.5, 8.0, 0.7, 0.0)",0.7672172784805298,0.12152969837188721,0.17619919776916504,1
seg+pos+rms+psd,"(1.5, 8.0, 0.7, 0.0)",0.7835878729820251,0.09928184747695923,0.17018580436706543,1
seg+pos+rms+psd,"(1.5, 8.0, 0.7, 0.0)",0.8145459294319153,0.056123316287994385,0.04448533058166504,1
seg+pos+rms+psd,"(1.5, 8.0, 0.7, 0.0)",0.7496148943901062,0.17819786071777344,0.19238591194152832,1
seg+pos+rms+psd,"(1.5, 8.0, 0.7, 0.0)",0.7183401882648468,0.17184871435165405,0.29854822158813477,1
seg+pos+rms+psd,"(1.5, 8.0, 0.7, 0.3)",0.7437752485275269,0.13505232334136963,0.11760687828063965,1
seg+pos+rms+psd,"(1.5, 8.0, 0.7, 0.3)",0.7719413936138153,0.1607465147972107,0.09722471237182617,1
seg+pos+rms+psd,"(1.5, 8.0, 0.7, 0.3)",0.7378796339035034,0.09878003597259521,0.004204750061035156,1
seg+pos+rms+psd,"(1.5, 8.0, 0.7, 0.3)",0.7956821620464325,0.15771132707595825,0.05620276927947998,1
seg+pos+rms+psd,"(1.5, 8.0, 0.7, 0.3)",0.7082895934581757,0.06557172536849976,0.031769752502441406,1
seg+pos+rms+psd,"(1.5, 8.0, 0.7, 0.3)",0.7384115755558014,0.0925825834274292,0.010158300399780273,1
seg+pos+rms+psd,"(1.5, 8.0, 0.7, 0.3)",0.7164749503135681,0.14781701564788818,0.09203684329986572,1
seg+pos+rms+psd,"(1.5, 8.0, 0.7, 0.3)",0.7872942686080933,0.19096499681472778,0.10190653800964355,1
seg+pos+rms+psd,"(1.5, 8.0, 0.7, 0.3)",0.713056206703186,0.06830769777297974,0.020409584045410156,1
seg+pos+rms+psd,"(1.5, 8.0, 0.7, 0.3)",0.7915626764297485,0.12389254570007324,0.017862796783447266,1
seg+pos+rms+psd,"(1.5, 8.0, 0.7, 0.3)",0.7777542471885681,0.03957253694534302,0.1376880407333374,1
seg+pos+rms+psd,"(1.5, 8.0, 0.7, 0.3)",0.750908374786377,0.1582908034324646,0.1517878770828247,1
seg+pos+rms+psd,"(1.5, 8.0, 0.7, 0.3)",0.7553263604640961,0.05880481004714966,0.09825921058654785,1
seg+pos+rms+psd,"(1.5, 8.0, 0.7, 0.3)",0.6856319308280945,0.15932315587997437,0.25753211975097656,1
seg+pos+rms+psd,"(1.5, 8.0, 0.7, 0.3)",0.6916111707687378,0.1113312840461731,0.18039405345916748,1
seg+pos+rms+psd,"(1.5, 8.0, 0.7, 0.6)",0.7421599328517914,0.04989790916442871,0.20022094249725342,1
seg+pos+rms+psd,"(1.5, 8.0, 0.7, 0.6)",0.7469772398471832,0.1283854842185974,0.19321954250335693,1
seg+pos+rms+psd,"(1.5, 8.0, 0.7, 0.6)",0.7583982050418854,0.1157187819480896,0.06994855403900146,1
seg+pos+rms+psd,"(1.5, 8.0, 0.7, 0.6)",0.7517260909080505,0.10999739170074463,0.0002690553665161133,1
seg+pos+rms+psd,"(1.5, 8.0, 0.7, 0.6)",0.717810720205307,0.18289309740066528,0.011789321899414062,1
seg+pos+rms+psd,"(1.5, 8.0, 0.7, 0.6)",0.7217455506324768,0.12913256883621216,0.0540543794631958,1
seg+pos+rms+psd,"(1.5, 8.0, 0.7, 0.6)",0.8173789978027344,0.0853722095489502,0.2597160339355469,1
seg+pos+rms+psd,"(1.5, 8.0, 0.7, 0.6)",0.7527804672718048,0.24470967054367065,0.054044485092163086,1
seg+pos+rms+psd,"(1.5, 8.0, 0.7, 0.6)",0.7404910326004028,0.1534498929977417,0.20888447761535645,1
seg+pos+rms+psd,"(1.5, 8.0, 0.7, 0.6)",0.7915508151054382,0.10128939151763916,0.2512950897216797,1
seg+pos+rms+psd,"(1.5, 8.0, 0.7, 0.6)",0.7398542761802673,0.11834180355072021,0.17874348163604736,1
seg+pos+rms+psd,"(1.5, 8.0, 0.7, 0.6)",0.7418729960918427,0.09910076856613159,0.12948167324066162,1
seg+pos+rms+psd,"(1.5, 8.0, 0.7, 0.6)",0.6959786117076874,0.1322340965270996,0.02229177951812744,1
seg+pos+rms+psd,"(1.5, 8.0, 0.7, 0.6)",0.7204492390155792,0.10314589738845825,0.009441971778869629,1
seg+pos+rms+psd,"(1.5, 8.0, 0.7, 0.6)",0.7160626947879791,0.14285778999328613,0.06829524040222168,1
seg+pos+rms+psd,"(1.5, 8.0, 0.7, -0.3)",0.7707157731056213,0.15918350219726562,0.37317800521850586,1
seg+pos+rms+psd,"(1.5, 8.0, 0.7, -0.3)",0.7296505272388458,0.18620508909225464,0.35291385650634766,1
seg+pos+rms+psd,"(1.5, 8.0, 0.7, -0.3)",0.6993549168109894,0.13867807388305664,0.26225805282592773,1
seg+pos+rms+psd,"(1.5, 8.0, 0.7, -0.3)",0.759070634841919,0.26912766695022583,0.029908418655395508,1
seg+pos+rms+psd,"(1.5, 8.0, 0.7, -0.3)",0.7583417594432831,0.14482277631759644,0.2808816432952881,1
seg+pos+rms+psd,"(1.5, 8.0, 0.7, -0.3)",0.7510791420936584,0.1766698956489563,0.3370182514190674,1
seg+pos+rms+psd,"(1.5, 8.0, 0.7, -0.3)",0.7026945948600769,0.17947572469711304,0.19604837894439697,1
seg+pos+rms+psd,"(1.5, 8.0, 0.7, -0.3)",0.7250311374664307,0.1351172924041748,0.2848029136657715,1
seg+pos+rms+psd,"(1.5, 8.0, 0.7, -0.3)",0.6807169914245605,0.0905005931854248,0.10513067245483398,1
seg+pos+rms+psd,"(1.5, 8.0, 0.7, -0.3)",0.6892060935497284,0.11521178483963013,0.14878201484680176,1
seg+pos+rms+psd,"(1.5, 8.0, 0.7, -0.3)",0.7661091089248657,0.012121081352233887,0.08342194557189941,1
seg+pos+rms+psd,"(1.5, 8.0, 0.7, -0.3)",0.7868568897247314,0.16020148992538452,0.26890993118286133,1
seg+pos+rms+psd,"(1.5, 8.0, 0.7, -0.3)",0.7419619262218475,0.12147414684295654,0.3046531677246094,1
seg+pos+rms+psd,"(1.5, 8.0, 0.7, -0.3)",0.7465445399284363,0.1299392580986023,0.26642417907714844,1
seg+pos+rms+psd,"(1.5, 8.0, 0.7, -0.3)",0.7063952088356018,0.13036388158798218,0.21765708923339844,1
seg+pos+rms+psd,"(1.5, 20.0, 0.3, 0.0)",0.7905735969543457,0.20775467157363892,0.28586602210998535,1
seg+pos+rms+psd,"(1.5, 20.0, 0.3, 0.0)",0.8013652563095093,0.14334839582443237,0.21154439449310303,1
seg+pos+rms+psd,"(1.5, 20.0, 0.3, 0.0)",0.7626551985740662,0.14628255367279053,0.14713692665100098,1
seg+pos+rms+psd,"(1.5, 20.0, 0.3, 0.0)",0.7930824458599091,0.1768137812614441,0.2797727584838867,1
seg+pos+rms+psd,"(1.5, 20.0, 0.3, 0.0)",0.8221158087253571,0.2367820143699646,0.3462487459182739,1
seg+pos+rms+psd,"(1.5, 20.0, 0.3, 0.0)",0.7371182441711426,0.12474024295806885,0.11500537395477295,1
seg+pos+rms+psd,"(1.5, 20.0, 0.3, 0.0)",0.7944324016571045,0.15566366910934448,0.2043447494506836,1
seg+pos+rms+psd,"(1.5, 20.0, 0.3, 0.0)",0.7834091484546661,0.08776724338531494,0.04414200782775879,1
seg+pos+rms+psd,"(1.5, 20.0, 0.3, 0.0)",0.7808320224285126,0.2589532136917114,0.3420802354812622,1
seg+pos+rms+psd,"(1.5, 20.0, 0.3, 0.0)",0.8204697370529175,0.11595875024795532,0.18510961532592773,1
seg+pos+rms+psd,"(1.5, 20.0, 0.3, 0.0)",0.8235437273979187,0.07416152954101562,0.08622908592224121,1
seg+pos+rms+psd,"(1.5, 20.0, 0.3, 0.0)",0.8086170256137848,0.2101765275001526,0.36665403842926025,1
seg+pos+rms+psd,"(1.5, 20.0, 0.3, 0.0)",0.8294447660446167,0.150837242603302,0.10738229751586914,1
seg+pos+rms+psd,"(1.5, 20.0, 0.3, 0.0)",0.7365604639053345,0.20268404483795166,0.22887015342712402,1
seg+pos+rms+psd,"(1.5, 20.0, 0.3, 0.0)",0.7453199625015259,0.16493958234786987,0.2747182846069336,1
seg+pos+rms+psd,"(1.5, 20.0, 0.3, 0.3)",0.7596813440322876,0.22421300411224365,0.24480342864990234,1
seg+pos+rms+psd,"(1.5, 20.0, 0.3, 0.3)",0.8033672869205475,0.21711841225624084,0.20930898189544678,1
seg+pos+rms+psd,"(1.5, 20.0, 0.3, 0.3)",0.7917936146259308,0.21901124715805054,0.21311664581298828,1
seg+pos+rms+psd,"(1.5, 20.0, 0.3, 0.3)",0.7667893171310425,0.19597798585891724,0.16484391689300537,1
seg+pos+rms+psd,"(1.5, 20.0, 0.3, 0.3)",0.8375782072544098,0.10595560073852539,0.020932912826538086,1
seg+pos+rms+psd,"(1.5, 20.0, 0.3, 0.3)",0.7431523203849792,0.21908783912658691,0.2958592176437378,1
seg+pos+rms+psd,"(1.5, 20.0, 0.3, 0.3)",0.7523508071899414,0.16037225723266602,0.1259922981262207,1
seg+pos+rms+psd,"(1.5, 20.0, 0.3, 0.3)",0.8131229877471924,0.18043392896652222,0.13860392570495605,1
seg+pos+rms+psd,"(1.5, 20.0, 0.3, 0.3)",0.8424015045166016,0.20860803127288818,0.27480340003967285,1
seg+pos+rms+psd,"(1.5, 20.0, 0.3, 0.3)",0.8003613352775574,0.19341599941253662,0.2537424564361572,1
seg+pos+rms+psd,"(1.5, 20.0, 0.3, 0.3)",0.8112674951553345,0.18570476770401,0.15874910354614258,1
seg+pos+rms+psd,"(1.5, 20.0, 0.3, 0.3)",0.7833238542079926,0.12499696016311646,0.10721933841705322,1
seg+pos+rms+psd,"(1.5, 20.0, 0.3, 0.3)",0.8023949265480042,0.11661547422409058,0.1423722505569458,1
seg+pos+rms+psd,"(1.5, 20.0, 0.3, 0.3)",0.8191508650779724,0.17813974618911743,0.07441651821136475,1
seg+pos+rms+psd,"(1.5, 20.0, 0.3, 0.3)",0.765898585319519,0.1451423168182373,0.16091883182525635,1
seg+pos+rms+psd,"(1.5, 20.0, 0.3, 0.6)",0.8145458996295929,0.14231723546981812,0.05882453918457031,1
seg+pos+rms+psd,"(1.5, 20.0, 0.3, 0.6)",0.7878402471542358,0.17707204818725586,0.02252936363220215,1
seg+pos+rms+psd,"(1.5, 20.0, 0.3, 0.6)",0.765716016292572,0.20626544952392578,0.059613823890686035,1
seg+pos+rms+psd,"(1.5, 20.0, 0.3, 0.6)",0.7543366253376007,0.1384853720664978,0.05005002021789551,1
seg+pos+rms+psd,"(1.5, 20.0, 0.3, 0.6)",0.7805502414703369,0.12207794189453125,0.008277058601379395,1
seg+pos+rms+psd,"(1.5, 20.0, 0.3, 0.6)",0.766526460647583,0.21691417694091797,0.09986352920532227,1
seg+pos+rms+psd,"(1.5, 20.0, 0.3, 0.6)",0.7537379562854767,0.12917691469192505,0.004057765007019043,1
seg+pos+rms+psd,"(1.5, 20.0, 0.3, 0.6)",0.8243740797042847,0.16185957193374634,0.00996255874633789,1
seg+pos+rms+psd,"(1.5, 20.0, 0.3, 0.6)",0.7823948264122009,0.09630334377288818,0.0716480016708374,1
seg+pos+rms+psd,"(1.5, 20.0, 0.3, 0.6)",0.7485608756542206,0.15207892656326294,0.06977212429046631,1
seg+pos+rms+psd,"(1.5, 20.0, 0.3, 0.6)",0.7761697173118591,0.16194278001785278,0.09372282028198242,1
seg+pos+rms+psd,"(1.5, 20.0, 0.3, 0.6)",0.8251465857028961,0.09224730730056763,0.03848838806152344,1
seg+pos+rms+psd,"(1.5, 20.0, 0.3, 0.6)",0.8102608323097229,0.1863555610179901,0.04502284526824951,1
seg+pos+rms+psd,"(1.5, 20.0, 0.3, 0.6)",0.787196010351181,0.18937891721725464,0.20226871967315674,1
seg+pos+rms+psd,"(1.5, 20.0, 0.3, 0.6)",0.8114359676837921,0.17760086059570312,0.04130423069000244,1
seg+pos+rms+psd,"(1.5, 20.0, 0.3, -0.3)",0.7431657910346985,0.15434962511062622,0.30712175369262695,1
seg+pos+rms+psd,"(1.5, 20.0, 0.3, -0.3)",0.7747877538204193,0.15515261888504028,0.24007916450500488,1
seg+pos+rms+psd,"(1.5, 20.0, 0.3, -0.3)",0.754562109708786,0.09744715690612793,0.18449687957763672,1
seg+pos+rms+psd,"(1.5, 20.0, 0.3, -0.3)",0.7555405497550964,0.21394610404968262,0.38119029998779297,1
seg+pos+rms+psd,"(1.5, 20.0, 0.3, -0.3)",0.757457971572876,0.23510301113128662,0.44307053089141846,1
seg+pos+rms+psd,"(1.5, 20.0, 0.3, -0.3)",0.7550947070121765,0.12831741571426392,0.2968788146972656,1
seg+pos+rms+psd,"(1.5, 20.0, 0.3, -0.3)",0.7427877187728882,0.07556819915771484,0.14727318286895752,1
seg+pos+rms+psd,"(1.5, 20.0, 0.3, -0.3)",0.7453774213790894,0.11624979972839355,0.3161330223083496,1
seg+pos+rms+psd,"(1.5, 20.0, 0.3, -0.3)",0.8631162941455841,0.1569167971611023,0.27129530906677246,1
seg+pos+rms+psd,"(1.5, 20.0, 0.3, -0.3)",0.7700746059417725,0.06966662406921387,0.20290827751159668,1
seg+pos+rms+psd,"(1.5, 20.0, 0.3, -0.3)",0.8281697034835815,0.12032723426818848,0.3001706600189209,1
seg+pos+rms+psd,"(1.5, 20.0, 0.3, -0.3)",0.7997374534606934,0.18682032823562622,0.24537110328674316,1
seg+pos+rms+psd,"(1.5, 20.0, 0.3, -0.3)",0.8103116154670715,0.2219730019569397,0.3638582229614258,1
seg+pos+rms+psd,"(1.5, 20.0, 0.3, -0.3)",0.7902367115020752,0.12607228755950928,0.2470991611480713,1
seg+pos+rms+psd,"(1.5, 20.0, 0.3, -0.3)",0.8114315271377563,0.14262008666992188,0.28096652030944824,1
seg+pos+rms+psd,"(1.5, 20.0, 0.7, 0.0)",0.62985560297966,0.039445579051971436,0.07921838760375977,1
seg+pos+rms+psd,"(1.5, 20.0, 0.7, 0.0)",0.5570230484008789,0.04213136434555054,0.04654645919799805,1
seg+pos+rms+psd,"(1.5, 20.0, 0.7, 0.0)",0.5598975419998169,0.13973182439804077,0.31561946868896484,1
seg+pos+rms+psd,"(1.5, 20.0, 0.7, 0.0)",0.5633045732975006,0.013795256614685059,0.02026987075805664,1
seg+pos+rms+psd,"(1.5, 20.0, 0.7, 0.0)",0.6253949403762817,0.03843969106674194,0.05261707305908203,1
seg+pos+rms+psd,"(1.5, 20.0, 0.7, 0.0)",0.5767238736152649,0.03218281269073486,0.033443450927734375,1
seg+pos+rms+psd,"(1.5, 20.0, 0.7, 0.0)",0.5723585486412048,0.05635958909988403,0.0398561954498291,1
seg+pos+rms+psd,"(1.5, 20.0, 0.7, 0.0)",0.5889286994934082,0.10596942901611328,0.05262255668640137,1
seg+pos+rms+psd,"(1.5, 20.0, 0.7, 0.0)",0.5776801854372025,0.10570746660232544,0.032781124114990234,1
seg+pos+rms+psd,"(1.5, 20.0, 0.7, 0.0)",0.6043594479560852,0.051551997661590576,0.0042877197265625,1
seg+pos+rms+psd,"(1.5, 20.0, 0.7, 0.0)",0.5436382591724396,0.024389445781707764,0.018813371658325195,1
seg+pos+rms+psd,"(1.5, 20.0, 0.7, 0.0)",0.5771430134773254,0.01761084794998169,0.08131647109985352,1
seg+pos+rms+psd,"(1.5, 20.0, 0.7, 0.0)",0.6140972971916199,0.03095942735671997,0.009458541870117188,1
seg+pos+rms+psd,"(1.5, 20.0, 0.7, 0.0)",0.6178668141365051,0.02153468132019043,0.08389735221862793,1
seg+pos+rms+psd,"(1.5, 20.0, 0.7, 0.0)",0.639419287443161,0.1337842345237732,0.10855889320373535,1
seg+pos+rms+psd,"(1.5, 20.0, 0.7, 0.3)",0.6032722592353821,0.0342671275138855,0.03739333152770996,1
seg+pos+rms+psd,"(1.5, 20.0, 0.7, 0.3)",0.5810022056102753,0.05643540620803833,0.07174324989318848,1
seg+pos+rms+psd,"(1.5, 20.0, 0.7, 0.3)",0.6171819865703583,0.049154579639434814,0.12545382976531982,1
seg+pos+rms+psd,"(1.5, 20.0, 0.7, 0.3)",0.6127441823482513,0.029081761837005615,0.11111390590667725,1
seg+pos+rms+psd,"(1.5, 20.0, 0.7, 0.3)",0.5371632874011993,0.01869666576385498,0.08466386795043945,1
seg+pos+rms+psd,"(1.5, 20.0, 0.7, 0.3)",0.5988703668117523,0.11052709817886353,0.23459362983703613,1
seg+pos+rms+psd,"(1.5, 20.0, 0.7, 0.3)",0.605519711971283,0.09678709506988525,0.19233179092407227,1
seg+pos+rms+psd,"(1.5, 20.0, 0.7, 0.3)",0.6044491231441498,0.008480429649353027,0.010050296783447266,1
seg+pos+rms+psd,"(1.5, 20.0, 0.7, 0.3)",0.6230106949806213,0.04740345478057861,0.17115509510040283,1
seg+pos+rms+psd,"(1.5, 20.0, 0.7, 0.3)",0.5630956292152405,0.014573752880096436,0.06683647632598877,1
seg+pos+rms+psd,"(1.5, 20.0, 0.7, 0.3)",0.6142347753047943,0.08120203018188477,0.14551234245300293,1
seg+pos+rms+psd,"(1.5, 20.0, 0.7, 0.3)",0.6031079590320587,0.0586971640586853,0.05636405944824219,1
seg+pos+rms+psd,"(1.5, 20.0, 0.7, 0.3)",0.5599649548530579,0.03627806901931763,0.08978307247161865,1
seg+pos+rms+psd,"(1.5, 20.0, 0.7, 0.3)",0.6761719584465027,0.09345477819442749,0.10005617141723633,1
seg+pos+rms+psd,"(1.5, 20.0, 0.7, 0.3)",0.547428697347641,0.05811929702758789,0.010770678520202637,1
seg+pos+rms+psd,"(1.5, 20.0, 0.7, 0.6)",0.5808797478675842,0.006378829479217529,0.05963563919067383,1
seg+pos+rms+psd,"(1.5, 20.0, 0.7, 0.6)",0.5830354392528534,0.07112890481948853,0.12498104572296143,1
seg+pos+rms+psd,"(1.5, 20.0, 0.7, 0.6)",0.5925883650779724,0.01919710636138916,0.0726010799407959,1
seg+pos+rms+psd,"(1.5, 20.0, 0.7, 0.6)",0.6202799677848816,0.04506361484527588,0.11547362804412842,1
seg+pos+rms+psd,"(1.5, 20.0, 0.7, 0.6)",0.6536759436130524,0.09627610445022583,0.1999211311340332,1
seg+pos+rms+psd,"(1.5, 20.0, 0.7, 0.6)",0.5763070583343506,0.014571130275726318,0.20780658721923828,1
seg+pos+rms+psd,"(1.5, 20.0, 0.7, 0.6)",0.6159172058105469,0.010702967643737793,0.09130978584289551,1
seg+pos+rms+psd,"(1.5, 20.0, 0.7, 0.6)",0.5929101407527924,0.04006141424179077,0.05468404293060303,1
seg+pos+rms+psd,"(1.5, 20.0, 0.7, 0.6)",0.6141111254692078,0.03470391035079956,0.09702348709106445,1
seg+pos+rms+psd,"(1.5, 20.0, 0.7, 0.6)",0.5416997373104095,0.04437363147735596,0.07755804061889648,1
seg+pos+rms+psd,"(1.5, 20.0, 0.7, 0.6)",0.5518372356891632,0.05621916055679321,0.05900251865386963,1
seg+pos+rms+psd,"(1.5, 20.0, 0.7, 0.6)",0.6218955814838409,0.0839310884475708,0.0069789886474609375,1
seg+pos+rms+psd,"(1.5, 20.0, 0.7, 0.6)",0.595551073551178,0.037851035594940186,0.08870434761047363,1
seg+pos+rms+psd,"(1.5, 20.0, 0.7, 0.6)",0.6266481876373291,0.06554144620895386,0.05400359630584717,1
seg+pos+rms+psd,"(1.5, 20.0, 0.7, 0.6)",0.5864863991737366,0.052894413471221924,0.04403424263000488,1
seg+pos+rms+psd,"(1.5, 20.0, 0.7, -0.3)",0.6349999308586121,0.0980425477027893,0.06499457359313965,1
seg+pos+rms+psd,"(1.5, 20.0, 0.7, -0.3)",0.5954426527023315,0.027164340019226074,0.05913543701171875,1
seg+pos+rms+psd,"(1.5, 20.0, 0.7, -0.3)",0.5861207544803619,0.08421182632446289,0.11408567428588867,1
seg+pos+rms+psd,"(1.5, 20.0, 0.7, -0.3)",0.5914159417152405,0.07475060224533081,0.030083894729614258,1
seg+pos+rms+psd,"(1.5, 20.0, 0.7, -0.3)",0.6414281129837036,0.0534898042678833,0.03645467758178711,1
seg+pos+rms+psd,"(1.5, 20.0, 0.7, -0.3)",0.6008346974849701,0.017788290977478027,0.030962705612182617,1
seg+pos+rms+psd,"(1.5, 20.0, 0.7, -0.3)",0.6727720499038696,0.08594202995300293,0.1889810562133789,1
seg+pos+rms+psd,"(1.5, 20.0, 0.7, -0.3)",0.5667942464351654,0.03266042470932007,0.03361320495605469,1
seg+pos+rms+psd,"(1.5, 20.0, 0.7, -0.3)",0.5827810764312744,0.058011651039123535,0.02864527702331543,1
seg+pos+rms+psd,"(1.5, 20.0, 0.7, -0.3)",0.5884228050708771,0.02818119525909424,0.021477699279785156,1
seg+pos+rms+psd,"(1.5, 20.0, 0.7, -0.3)",0.5980677306652069,0.007635354995727539,0.006760597229003906,1
seg+pos+rms+psd,"(1.5, 20.0, 0.7, -0.3)",0.6005527079105377,0.05971884727478027,0.0038748979568481445,1
seg+pos+rms+psd,"(1.5, 20.0, 0.7, -0.3)",0.5818161964416504,0.04737454652786255,0.12376999855041504,1
seg+pos+rms+psd,"(1.5, 20.0, 0.7, -0.3)",0.6521294713020325,0.06851142644882202,0.1746307611465454,1
seg+pos+rms+psd,"(1.5, 20.0, 0.7, -0.3)",0.6328655183315277,0.029278874397277832,0.049112796783447266,1
seg+pos+rms+psd,"(3.0, 8.0, 0.3, 0.0)",1.6847314238548279,0.5242477655410767,0.6260006427764893,1
seg+pos+rms+psd,"(3.0, 8.0, 0.3, 0.0)",1.6935464143753052,0.3352060317993164,0.4661552906036377,1
seg+pos+rms+psd,"(3.0, 8.0, 0.3, 0.0)",1.5782741904258728,0.49095773696899414,0.7961521148681641,1
seg+pos+rms+psd,"(3.0, 8.0, 0.3, 0.0)",1.6762768030166626,0.5887655019760132,0.8119702339172363,1
seg+pos+rms+psd,"(3.0, 8.0, 0.3, 0.0)",1.6979947090148926,0.3625164031982422,0.5863289833068848,1
seg+pos+rms+psd,"(3.0, 8.0, 0.3, 0.0)",1.7790222764015198,0.22325241565704346,0.056153297424316406,1
seg+pos+rms+psd,"(3.0, 8.0, 0.3, 0.0)",1.7192314863204956,0.5388540029525757,0.9680881500244141,1
seg+pos+rms+psd,"(3.0, 8.0, 0.3, 0.0)",1.6057491302490234,0.6768373250961304,0.7841207981109619,1
seg+pos+rms+psd,"(3.0, 8.0, 0.3, 0.0)",1.6391853094100952,0.5732226371765137,0.9272177219390869,1
seg+pos+rms+psd,"(3.0, 8.0, 0.3, 0.0)",1.6778448820114136,0.5939075946807861,1.0367164611816406,1
seg+pos+rms+psd,"(3.0, 8.0, 0.3, 0.0)",1.6845009326934814,0.5610337257385254,0.7205893993377686,1
seg+pos+rms+psd,"(3.0, 8.0, 0.3, 0.0)",1.701930284500122,0.38263797760009766,0.3808557987213135,1
seg+pos+rms+psd,"(3.0, 8.0, 0.3, 0.0)",1.6302343606948853,0.5630583763122559,0.8046813011169434,1
seg+pos+rms+psd,"(3.0, 8.0, 0.3, 0.0)",1.6947656869888306,0.5286991596221924,0.6886086463928223,1
seg+pos+rms+psd,"(3.0, 8.0, 0.3, 0.0)",1.7010316252708435,0.26799440383911133,0.43219709396362305,1
seg+pos+rms+psd,"(3.0, 8.0, 0.3, 0.3)",1.7751826643943787,0.34424400329589844,0.01346445083618164,1
seg+pos+rms+psd,"(3.0, 8.0, 0.3, 0.3)",1.7858978509902954,0.37184810638427734,0.06820321083068848,1
seg+pos+rms+psd,"(3.0, 8.0, 0.3, 0.3)",1.5860204696655273,0.5876065492630005,0.6691887378692627,1
seg+pos+rms+psd,"(3.0, 8.0, 0.3, 0.3)",1.7367647290229797,0.44025564193725586,0.06275606155395508,1
seg+pos+rms+psd,"(3.0, 8.0, 0.3, 0.3)",1.674894392490387,0.6623067855834961,0.7741620540618896,1
seg+pos+rms+psd,"(3.0, 8.0, 0.3, 0.3)",1.708899736404419,0.4725459814071655,0.44893980026245117,1
seg+pos+rms+psd,"(3.0, 8.0, 0.3, 0.3)",1.569896638393402,0.7693199515342712,0.8169064521789551,1
seg+pos+rms+psd,"(3.0, 8.0, 0.3, 0.3)",1.7006897926330566,0.2580512762069702,0.002907991409301758,1
seg+pos+rms+psd,"(3.0, 8.0, 0.3, 0.3)",1.73909991979599,0.10710060596466064,0.27287936210632324,1
seg+pos+rms+psd,"(3.0, 8.0, 0.3, 0.3)",1.698529601097107,0.39110100269317627,0.2110459804534912,1
seg+pos+rms+psd,"(3.0, 8.0, 0.3, 0.3)",1.667779564857483,0.5473017692565918,0.5253067016601562,1
seg+pos+rms+psd,"(3.0, 8.0, 0.3, 0.3)",1.741365134716034,0.46348440647125244,0.31212615966796875,1
seg+pos+rms+psd,"(3.0, 8.0, 0.3, 0.3)",1.6281006336212158,0.17902183532714844,0.22742581367492676,1
seg+pos+rms+psd,"(3.0, 8.0, 0.3, 0.3)",1.6994311809539795,0.47389018535614014,0.29100823402404785,1
seg+pos+rms+psd,"(3.0, 8.0, 0.3, 0.3)",1.6162347197532654,0.46983802318573,0.5717906951904297,1
seg+pos+rms+psd,"(3.0, 8.0, 0.3, 0.6)",1.8160110116004944,0.2575002908706665,0.3168659210205078,1
seg+pos+rms+psd,"(3.0, 8.0, 0.3, 0.6)",1.7139476537704468,0.3908582925796509,0.11282563209533691,1
seg+pos+rms+psd,"(3.0, 8.0, 0.3, 0.6)",1.6104822754859924,0.5016753673553467,0.6125118732452393,1
seg+pos+rms+psd,"(3.0, 8.0, 0.3, 0.6)",1.7893915176391602,0.5820181369781494,0.12253475189208984,1
seg+pos+rms+psd,"(3.0, 8.0, 0.3, 0.6)",1.6522536277770996,0.47593390941619873,0.14971923828125,1
seg+pos+rms+psd,"(3.0, 8.0, 0.3, 0.6)",1.5915635824203491,0.5115392208099365,0.18785452842712402,1
seg+pos+rms+psd,"(3.0, 8.0, 0.3, 0.6)",1.7408265471458435,0.3945060968399048,0.038779258728027344,1
seg+pos+rms+psd,"(3.0, 8.0, 0.3, 0.6)",1.7504147291183472,0.4610886573791504,0.1914196014404297,1
seg+pos+rms+psd,"(3.0, 8.0, 0.3, 0.6)",1.597532033920288,0.6288127899169922,0.39598608016967773,1
seg+pos+rms+psd,"(3.0, 8.0, 0.3, 0.6)",1.7723016142845154,0.2638974189758301,0.2030808925628662,1
seg+pos+rms+psd,"(3.0, 8.0, 0.3, 0.6)",1.6245827674865723,0.4077705144882202,0.11840963363647461,1
seg+pos+rms+psd,"(3.0, 8.0, 0.3, 0.6)",1.7157279253005981,0.21147358417510986,0.2131044864654541,1
seg+pos+rms+psd,"(3.0, 8.0, 0.3, 0.6)",1.7278454303741455,0.4833272695541382,0.11959958076477051,1
seg+pos+rms+psd,"(3.0, 8.0, 0.3, 0.6)",1.6380972266197205,0.7993324398994446,0.4640204906463623,1
seg+pos+rms+psd,"(3.0, 8.0, 0.3, 0.6)",1.754660964012146,0.398021936416626,0.46425867080688477,1
seg+pos+rms+psd,"(3.0, 8.0, 0.3, -0.3)",1.7437427043914795,0.3958173990249634,0.8228106498718262,1
seg+pos+rms+psd,"(3.0, 8.0, 0.3, -0.3)",1.6374672651290894,0.729114830493927,1.3627514839172363,1
seg+pos+rms+psd,"(3.0, 8.0, 0.3, -0.3)",1.770933985710144,0.2724837064743042,0.7079267501831055,1
seg+pos+rms+psd,"(3.0, 8.0, 0.3, -0.3)",1.7257095575332642,0.3874877691268921,0.5032284259796143,1
seg+pos+rms+psd,"(3.0, 8.0, 0.3, -0.3)",1.690211534500122,0.3887063264846802,0.7124629020690918,1
seg+pos+rms+psd,"(3.0, 8.0, 0.3, -0.3)",1.7639776468276978,0.4158446788787842,0.7638516426086426,1
seg+pos+rms+psd,"(3.0, 8.0, 0.3, -0.3)",1.7168012261390686,0.5004779100418091,0.9692625999450684,1
seg+pos+rms+psd,"(3.0, 8.0, 0.3, -0.3)",1.7350930571556091,0.5620564222335815,1.0932278633117676,1
seg+pos+rms+psd,"(3.0, 8.0, 0.3, -0.3)",1.6336021423339844,0.42838478088378906,0.7185287475585938,1
seg+pos+rms+psd,"(3.0, 8.0, 0.3, -0.3)",1.6760011315345764,0.7591689825057983,1.1834661960601807,1
seg+pos+rms+psd,"(3.0, 8.0, 0.3, -0.3)",1.6639017462730408,0.4512845277786255,0.7511181831359863,1
seg+pos+rms+psd,"(3.0, 8.0, 0.3, -0.3)",1.724520206451416,0.377455472946167,0.6057987213134766,1
seg+pos+rms+psd,"(3.0, 8.0, 0.3, -0.3)",1.6770904064178467,0.5253592729568481,0.931943416595459,1
seg+pos+rms+psd,"(3.0, 8.0, 0.3, -0.3)",1.7116493582725525,0.3597371578216553,0.6782846450805664,1
seg+pos+rms+psd,"(3.0, 8.0, 0.3, -0.3)",1.722564458847046,0.535822868347168,0.9637460708618164,1
seg+pos+rms+psd,"(3.0, 8.0, 0.7, 0.0)",1.2953327298164368,0.0808478593826294,0.18135929107666016,1
seg+pos+rms+psd,"(3.0, 8.0, 0.7, 0.0)",1.305801510810852,0.18020319938659668,0.0004787445068359375,1
seg+pos+rms+psd,"(3.0, 8.0, 0.7, 0.0)",1.2810998558998108,0.10416615009307861,0.03906726837158203,1
seg+pos+rms+psd,"(3.0, 8.0, 0.7, 0.0)",1.3165417909622192,0.18186914920806885,0.4101581573486328,1
seg+pos+rms+psd,"(3.0, 8.0, 0.7, 0.0)",1.2626357078552246,0.10082423686981201,0.08162117004394531,1
seg+pos+rms+psd,"(3.0, 8.0, 0.7, 0.0)",1.198817253112793,0.28362536430358887,0.4479382038116455,1
seg+pos+rms+psd,"(3.0, 8.0, 0.7, 0.0)",1.3277130722999573,0.12268781661987305,0.11719608306884766,1
seg+pos+rms+psd,"(3.0, 8.0, 0.7, 0.0)",1.245624840259552,0.06797206401824951,0.1038217544555664,1
seg+pos+rms+psd,"(3.0, 8.0, 0.7, 0.0)",1.2356442213058472,0.13818681240081787,0.22473669052124023,1
seg+pos+rms+psd,"(3.0, 8.0, 0.7, 0.0)",1.2631691694259644,0.13658499717712402,0.3982384204864502,1
seg+pos+rms+psd,"(3.0, 8.0, 0.7, 0.0)",1.2106739282608032,0.2147216796875,0.5867571830749512,1
seg+pos+rms+psd,"(3.0, 8.0, 0.7, 0.0)",1.3126723766326904,0.13787424564361572,0.2869124412536621,1
seg+pos+rms+psd,"(3.0, 8.0, 0.7, 0.0)",1.3226580619812012,0.29293155670166016,0.17136001586914062,1
seg+pos+rms+psd,"(3.0, 8.0, 0.7, 0.0)",1.3770642280578613,0.1725175380706787,0.47165679931640625,1
seg+pos+rms+psd,"(3.0, 8.0, 0.7, 0.0)",1.3236482739448547,0.04083585739135742,0.09317874908447266,1
seg+pos+rms+psd,"(3.0, 8.0, 0.7, 0.3)",1.3327898979187012,0.08877098560333252,0.09511899948120117,1
seg+pos+rms+psd,"(3.0, 8.0, 0.7, 0.3)",1.3359142541885376,0.08253967761993408,0.17071127891540527,1
seg+pos+rms+psd,"(3.0, 8.0, 0.7, 0.3)",1.3198543190956116,0.32715845108032227,0.5314550399780273,1
seg+pos+rms+psd,"(3.0, 8.0, 0.7, 0.3)",1.3107202053070068,0.06617522239685059,0.16879057884216309,1
seg+pos+rms+psd,"(3.0, 8.0, 0.7, 0.3)",1.3049180507659912,0.147987961769104,0.376331090927124,1
seg+pos+rms+psd,"(3.0, 8.0, 0.7, 0.3)",1.2441258430480957,0.2662404775619507,0.013984203338623047,1
seg+pos+rms+psd,"(3.0, 8.0, 0.7, 0.3)",1.4684782028198242,0.4766639471054077,0.8631420135498047,1
seg+pos+rms+psd,"(3.0, 8.0, 0.7, 0.3)",1.2571899890899658,0.17592477798461914,0.031014442443847656,1
seg+pos+rms+psd,"(3.0, 8.0, 0.7, 0.3)",1.2524677515029907,0.20992827415466309,0.13373565673828125,1
seg+pos+rms+psd,"(3.0, 8.0, 0.7, 0.3)",1.2961758375167847,0.26265203952789307,0.2976551055908203,1
seg+pos+rms+psd,"(3.0, 8.0, 0.7, 0.3)",1.2487003803253174,0.06710553169250488,0.016486644744873047,1
seg+pos+rms+psd,"(3.0, 8.0, 0.7, 0.3)",1.3051385879516602,0.1782665252685547,0.21689987182617188,1
seg+pos+rms+psd,"(3.0, 8.0, 0.7, 0.3)",1.3183302879333496,0.21656322479248047,0.052442073822021484,1
seg+pos+rms+psd,"(3.0, 8.0, 0.7, 0.3)",1.279836118221283,0.3046398162841797,0.031138181686401367,1
seg+pos+rms+psd,"(3.0, 8.0, 0.7, 0.3)",1.296472430229187,0.13151788711547852,0.0316925048828125,1
seg+pos+rms+psd,"(3.0, 8.0, 0.7, 0.6)",1.3950868248939514,0.2152094841003418,0.5386052131652832,1
seg+pos+rms+psd,"(3.0, 8.0, 0.7, 0.6)",1.241547405719757,0.2762655019760132,0.15642619132995605,1
seg+pos+rms+psd,"(3.0, 8.0, 0.7, 0.6)",1.3676961660385132,0.08393681049346924,0.45979833602905273,1
seg+pos+rms+psd,"(3.0, 8.0, 0.7, 0.6)",1.4243972897529602,0.12043476104736328,0.7351653575897217,1
seg+pos+rms+psd,"(3.0, 8.0, 0.7, 0.6)",1.2288947701454163,0.11259591579437256,0.22147846221923828,1
seg+pos+rms+psd,"(3.0, 8.0, 0.7, 0.6)",1.3730247020721436,0.1357811689376831,0.05314230918884277,1
seg+pos+rms+psd,"(3.0, 8.0, 0.7, 0.6)",1.2729005813598633,0.11600518226623535,0.13775897026062012,1
seg+pos+rms+psd,"(3.0, 8.0, 0.7, 0.6)",1.2975987792015076,0.0741192102432251,0.2906639575958252,1
seg+pos+rms+psd,"(3.0, 8.0, 0.7, 0.6)",1.2222495675086975,0.03196561336517334,0.1328885555267334,1
seg+pos+rms+psd,"(3.0, 8.0, 0.7, 0.6)",1.2454379796981812,0.09595322608947754,0.44111061096191406,1
seg+pos+rms+psd,"(3.0, 8.0, 0.7, 0.6)",1.2568020820617676,0.28567004203796387,0.3274860382080078,1
seg+pos+rms+psd,"(3.0, 8.0, 0.7, 0.6)",1.2657142281532288,0.22760379314422607,0.02740311622619629,1
seg+pos+rms+psd,"(3.0, 8.0, 0.7, 0.6)",1.189526081085205,0.09041368961334229,0.03142499923706055,1
seg+pos+rms+psd,"(3.0, 8.0, 0.7, 0.6)",1.2591786980628967,0.17083728313446045,0.1993710994720459,1
seg+pos+rms+psd,"(3.0, 8.0, 0.7, 0.6)",1.271398901939392,0.14303255081176758,0.2225339412689209,1
seg+pos+rms+psd,"(3.0, 8.0, 0.7, -0.3)",1.2822608351707458,0.09559822082519531,0.43360424041748047,1
seg+pos+rms+psd,"(3.0, 8.0, 0.7, -0.3)",1.2430642247200012,0.36631202697753906,0.6580662727355957,1
seg+pos+rms+psd,"(3.0, 8.0, 0.7, -0.3)",1.2830193042755127,0.1713707447052002,0.11635923385620117,1
seg+pos+rms+psd,"(3.0, 8.0, 0.7, -0.3)",1.2276984453201294,0.45007896423339844,0.748842716217041,1
seg+pos+rms+psd,"(3.0, 8.0, 0.7, -0.3)",1.3730169534683228,0.14260625839233398,0.12128543853759766,1
seg+pos+rms+psd,"(3.0, 8.0, 0.7, -0.3)",1.1181405186653137,0.17328786849975586,0.32614898681640625,1
seg+pos+rms+psd,"(3.0, 8.0, 0.7, -0.3)",1.1666258573532104,0.26026034355163574,0.4399900436401367,1
seg+pos+rms+psd,"(3.0, 8.0, 0.7, -0.3)",1.2377774119377136,0.2498549222946167,0.060413360595703125,1
seg+pos+rms+psd,"(3.0, 8.0, 0.7, -0.3)",1.3018917441368103,0.362615704536438,0.015828609466552734,1
seg+pos+rms+psd,"(3.0, 8.0, 0.7, -0.3)",1.2589171528816223,0.1215590238571167,0.2953934669494629,1
seg+pos+rms+psd,"(3.0, 8.0, 0.7, -0.3)",1.2895153760910034,0.12611150741577148,0.07250094413757324,1
seg+pos+rms+psd,"(3.0, 8.0, 0.7, -0.3)",1.2489189505577087,0.22261321544647217,0.4570932388305664,1
seg+pos+rms+psd,"(3.0, 8.0, 0.7, -0.3)",1.2557328343391418,0.26746702194213867,0.6430416107177734,1
seg+pos+rms+psd,"(3.0, 8.0, 0.7, -0.3)",1.2383074164390564,0.16717863082885742,0.2766408920288086,1
seg+pos+rms+psd,"(3.0, 8.0, 0.7, -0.3)",1.3023459315299988,0.16506671905517578,0.4334545135498047,1
seg+pos+rms+psd,"(3.0, 20.0, 0.3, 0.0)",1.3442566394805908,0.32582318782806396,0.4566936492919922,1
seg+pos+rms+psd,"(3.0, 20.0, 0.3, 0.0)",1.3720597624778748,0.3062617778778076,0.43000364303588867,1
seg+pos+rms+psd,"(3.0, 20.0, 0.3, 0.0)",1.3420814871788025,0.32775282859802246,0.49486255645751953,1
seg+pos+rms+psd,"(3.0, 20.0, 0.3, 0.0)",1.3965558409690857,0.35010814666748047,0.4922013282775879,1
seg+pos+rms+psd,"(3.0, 20.0, 0.3, 0.0)",1.3087348937988281,0.3280341625213623,0.5654075145721436,1
seg+pos+rms+psd,"(3.0, 20.0, 0.3, 0.0)",1.3934351801872253,0.2491663694381714,0.4248361587524414,1
seg+pos+rms+psd,"(3.0, 20.0, 0.3, 0.0)",1.3206703662872314,0.35108375549316406,0.4711775779724121,1
seg+pos+rms+psd,"(3.0, 20.0, 0.3, 0.0)",1.3560368418693542,0.2169497013092041,0.3906068801879883,1
seg+pos+rms+psd,"(3.0, 20.0, 0.3, 0.0)",1.3588058352470398,0.27285802364349365,0.46262121200561523,1
seg+pos+rms+psd,"(3.0, 20.0, 0.3, 0.0)",1.4029548168182373,0.1614694595336914,0.15273284912109375,1
seg+pos+rms+psd,"(3.0, 20.0, 0.3, 0.0)",1.3657942414283752,0.2277745008468628,0.39946556091308594,1
seg+pos+rms+psd,"(3.0, 20.0, 0.3, 0.0)",1.393129050731659,0.4262317419052124,0.49192166328430176,1
seg+pos+rms+psd,"(3.0, 20.0, 0.3, 0.0)",1.3162691593170166,0.15233778953552246,0.5266125202178955,1
seg+pos+rms+psd,"(3.0, 20.0, 0.3, 0.0)",1.2876718640327454,0.4311208724975586,0.704416036605835,1
seg+pos+rms+psd,"(3.0, 20.0, 0.3, 0.0)",1.3870948553085327,0.256231427192688,0.24436259269714355,1
seg+pos+rms+psd,"(3.0, 20.0, 0.3, 0.3)",1.374729335308075,0.2568526268005371,0.10380387306213379,1
seg+pos+rms+psd,"(3.0, 20.0, 0.3, 0.3)",1.3408329486846924,0.30574047565460205,0.35161328315734863,1
seg+pos+rms+psd,"(3.0, 20.0, 0.3, 0.3)",1.4425402283668518,0.23145413398742676,0.15649747848510742,1
seg+pos+rms+psd,"(3.0, 20.0, 0.3, 0.3)",1.3506468534469604,0.3232553005218506,0.40555524826049805,1
seg+pos+rms+psd,"(3.0, 20.0, 0.3, 0.3)",1.4316391348838806,0.29240894317626953,0.3599860668182373,1
seg+pos+rms+psd,"(3.0, 20.0, 0.3, 0.3)",1.3236520290374756,0.29172182083129883,0.22599458694458008,1
seg+pos+rms+psd,"(3.0, 20.0, 0.3, 0.3)",1.4402130842208862,0.39068448543548584,0.256925106048584,1
seg+pos+rms+psd,"(3.0, 20.0, 0.3, 0.3)",1.3093377351760864,0.19549882411956787,0.10750770568847656,1
seg+pos+rms+psd,"(3.0, 20.0, 0.3, 0.3)",1.4130582213401794,0.35776185989379883,0.25935792922973633,1
seg+pos+rms+psd,"(3.0, 20.0, 0.3, 0.3)",1.33121657371521,0.3208904266357422,0.371492862701416,1
seg+pos+rms+psd,"(3.0, 20.0, 0.3, 0.3)",1.4380068182945251,0.19533395767211914,0.022155284881591797,1
seg+pos+rms+psd,"(3.0, 20.0, 0.3, 0.3)",1.3057230710983276,0.3252856731414795,0.3668038845062256,1
seg+pos+rms+psd,"(3.0, 20.0, 0.3, 0.3)",1.3168673515319824,0.5290412902832031,0.5086803436279297,1
seg+pos+rms+psd,"(3.0, 20.0, 0.3, 0.3)",1.337492823600769,0.1684640645980835,0.1619119644165039,1
seg+pos+rms+psd,"(3.0, 20.0, 0.3, 0.3)",1.3765659928321838,0.1782970428466797,0.1469285488128662,1
seg+pos+rms+psd,"(3.0, 20.0, 0.3, 0.6)",1.3849804401397705,0.13418734073638916,0.3011946678161621,1
seg+pos+rms+psd,"(3.0, 20.0, 0.3, 0.6)",1.311276137828827,0.34745538234710693,0.12452149391174316,1
seg+pos+rms+psd,"(3.0, 20.0, 0.3, 0.6)",1.3463144302368164,0.34801948070526123,0.04510235786437988,1
seg+pos+rms+psd,"(3.0, 20.0, 0.3, 0.6)",1.2984968423843384,0.2496434450149536,0.1147909164428711,1
seg+pos+rms+psd,"(3.0, 20.0, 0.3, 0.6)",1.4916959404945374,0.2173236608505249,0.19807839393615723,1
seg+pos+rms+psd,"(3.0, 20.0, 0.3, 0.6)",1.4385761618614197,0.07448983192443848,0.418241024017334,1
seg+pos+rms+psd,"(3.0, 20.0, 0.3, 0.6)",1.30699622631073,0.13328337669372559,0.06945967674255371,1
seg+pos+rms+psd,"(3.0, 20.0, 0.3, 0.6)",1.3449729681015015,0.3413078784942627,0.06701993942260742,1
seg+pos+rms+psd,"(3.0, 20.0, 0.3, 0.6)",1.2995625734329224,0.35924196243286133,0.21355009078979492,1
seg+pos+rms+psd,"(3.0, 20.0, 0.3, 0.6)",1.3995755910873413,0.16214525699615479,0.3341941833496094,1
seg+pos+rms+psd,"(3.0, 20.0, 0.3, 0.6)",1.2830306887626648,0.3506730794906616,0.19674444198608398,1
seg+pos+rms+psd,"(3.0, 20.0, 0.3, 0.6)",1.3989681601524353,0.2887660264968872,0.08298325538635254,1
seg+pos+rms+psd,"(3.0, 20.0, 0.3, 0.6)",1.4298797845840454,0.27686285972595215,0.055725812911987305,1
seg+pos+rms+psd,"(3.0, 20.0, 0.3, 0.6)",1.2839595079421997,0.26064860820770264,0.04982352256774902,1
seg+pos+rms+psd,"(3.0, 20.0, 0.3, 0.6)",1.3141412138938904,0.2860746383666992,0.08643198013305664,1
seg+pos+rms+psd,"(3.0, 20.0, 0.3, -0.3)",1.279647171497345,0.32752835750579834,0.5168662071228027,1
seg+pos+rms+psd,"(3.0, 20.0, 0.3, -0.3)",1.4545353651046753,0.2722315788269043,0.014124393463134766,1
seg+pos+rms+psd,"(3.0, 20.0, 0.3, -0.3)",1.384361207485199,0.26051807403564453,0.057753562927246094,1
seg+pos+rms+psd,"(3.0, 20.0, 0.3, -0.3)",1.3396340012550354,0.26171934604644775,0.4130587577819824,1
seg+pos+rms+psd,"(3.0, 20.0, 0.3, -0.3)",1.395848572254181,0.4763118028640747,0.8370585441589355,1
seg+pos+rms+psd,"(3.0, 20.0, 0.3, -0.3)",1.3721274137496948,0.26830387115478516,0.46396350860595703,1
seg+pos+rms+psd,"(3.0, 20.0, 0.3, -0.3)",1.3983213305473328,0.26958394050598145,0.5137691497802734,1
seg+pos+rms+psd,"(3.0, 20.0, 0.3, -0.3)",1.4129696488380432,0.04426443576812744,0.16466712951660156,1
seg+pos+rms+psd,"(3.0, 20.0, 0.3, -0.3)",1.3092607259750366,0.31056904792785645,0.5131220817565918,1
seg+pos+rms+psd,"(3.0, 20.0, 0.3, -0.3)",1.2573235630989075,0.1768425703048706,0.2874484062194824,1
seg+pos+rms+psd,"(3.0, 20.0, 0.3, -0.3)",1.3486469388008118,0.3095775842666626,0.48648500442504883,1
seg+pos+rms+psd,"(3.0, 20.0, 0.3, -0.3)",1.3921325206756592,0.21825265884399414,0.3265552520751953,1
seg+pos+rms+psd,"(3.0, 20.0, 0.3, -0.3)",1.4110631942749023,0.31381237506866455,0.4367680549621582,1
seg+pos+rms+psd,"(3.0, 20.0, 0.3, -0.3)",1.4280917048454285,0.037142038345336914,0.13980913162231445,1
seg+pos+rms+psd,"(3.0, 20.0, 0.3, -0.3)",1.3641944527626038,0.31872403621673584,0.4892768859863281,1
seg+pos+rms+psd,"(3.0, 20.0, 0.7, 0.0)",0.8082855641841888,0.07719242572784424,0.11993265151977539,1
seg+pos+rms+psd,"(3.0, 20.0, 0.7, 0.0)",0.8764990866184235,0.06796860694885254,0.03457498550415039,1
seg+pos+rms+psd,"(3.0, 20.0, 0.7, 0.0)",0.8183333277702332,0.12651515007019043,0.11219978332519531,1
seg+pos+rms+psd,"(3.0, 20.0, 0.7, 0.0)",0.8060951232910156,0.14253926277160645,0.2614288330078125,1
seg+pos+rms+psd,"(3.0, 20.0, 0.7, 0.0)",0.812945157289505,0.07918643951416016,0.05928635597229004,1
seg+pos+rms+psd,"(3.0, 20.0, 0.7, 0.0)",0.7893565893173218,0.10525059700012207,0.08110284805297852,1
seg+pos+rms+psd,"(3.0, 20.0, 0.7, 0.0)",0.8182574510574341,0.04920387268066406,0.1318340301513672,1
seg+pos+rms+psd,"(3.0, 20.0, 0.7, 0.0)",0.8094733357429504,0.09118664264678955,0.11140060424804688,1
seg+pos+rms+psd,"(3.0, 20.0, 0.7, 0.0)",0.7863529920578003,0.11080038547515869,0.10423946380615234,1
seg+pos+rms+psd,"(3.0, 20.0, 0.7, 0.0)",0.7650793492794037,0.09849321842193604,0.0452423095703125,1
seg+pos+rms+psd,"(3.0, 20.0, 0.7, 0.0)",0.7640368342399597,0.10893523693084717,0.22719478607177734,1
seg+pos+rms+psd,"(3.0, 20.0, 0.7, 0.0)",0.8403682112693787,0.04715430736541748,0.03730511665344238,1
seg+pos+rms+psd,"(3.0, 20.0, 0.7, 0.0)",0.9206100702285767,0.06322598457336426,0.13486409187316895,1
seg+pos+rms+psd,"(3.0, 20.0, 0.7, 0.0)",0.9143142104148865,0.18092894554138184,0.21414732933044434,1
seg+pos+rms+psd,"(3.0, 20.0, 0.7, 0.0)",0.8725385069847107,0.06851792335510254,0.05263161659240723,1
seg+pos+rms+psd,"(3.0, 20.0, 0.7, 0.3)",0.8127923309803009,0.02148759365081787,0.0166778564453125,1
seg+pos+rms+psd,"(3.0, 20.0, 0.7, 0.3)",0.8015742003917694,0.04583179950714111,0.02343606948852539,1
seg+pos+rms+psd,"(3.0, 20.0, 0.7, 0.3)",0.782417893409729,0.14621281623840332,0.18910622596740723,1
seg+pos+rms+psd,"(3.0, 20.0, 0.7, 0.3)",0.8307613432407379,0.03244292736053467,0.1881561279296875,1
seg+pos+rms+psd,"(3.0, 20.0, 0.7, 0.3)",0.7635164558887482,0.05917179584503174,0.020967483520507812,1
seg+pos+rms+psd,"(3.0, 20.0, 0.7, 0.3)",0.9067680239677429,0.11574316024780273,0.12961077690124512,1
seg+pos+rms+psd,"(3.0, 20.0, 0.7, 0.3)",0.8449452817440033,0.08024704456329346,0.1781306266784668,1
seg+pos+rms+psd,"(3.0, 20.0, 0.7, 0.3)",0.789877712726593,0.09912526607513428,0.14449787139892578,1
seg+pos+rms+psd,"(3.0, 20.0, 0.7, 0.3)",0.8442208468914032,0.1388646364212036,0.001850128173828125,1
seg+pos+rms+psd,"(3.0, 20.0, 0.7, 0.3)",0.8161336779594421,0.09815263748168945,0.12124800682067871,1
seg+pos+rms+psd,"(3.0, 20.0, 0.7, 0.3)",0.9079838991165161,0.2498546838760376,0.19564342498779297,1
seg+pos+rms+psd,"(3.0, 20.0, 0.7, 0.3)",0.8222783505916595,0.06680488586425781,0.009533882141113281,1
seg+pos+rms+psd,"(3.0, 20.0, 0.7, 0.3)",0.8079890310764313,0.10231387615203857,0.005089282989501953,1
seg+pos+rms+psd,"(3.0, 20.0, 0.7, 0.3)",0.8959238529205322,0.10866808891296387,0.0693976879119873,1
seg+pos+rms+psd,"(3.0, 20.0, 0.7, 0.3)",0.9050608277320862,0.08619558811187744,0.018276691436767578,1
seg+pos+rms+psd,"(3.0, 20.0, 0.7, 0.6)",0.794996589422226,0.014839529991149902,0.07651805877685547,1
seg+pos+rms+psd,"(3.0, 20.0, 0.7, 0.6)",0.8394024670124054,0.06442844867706299,0.0288698673248291,1
seg+pos+rms+psd,"(3.0, 20.0, 0.7, 0.6)",0.8380230665206909,0.09704911708831787,0.13456511497497559,1
seg+pos+rms+psd,"(3.0, 20.0, 0.7, 0.6)",0.8228625953197479,0.08988320827484131,0.06908619403839111,1
seg+pos+rms+psd,"(3.0, 20.0, 0.7, 0.6)",0.8379891514778137,0.1565021276473999,0.0022592544555664062,1
seg+pos+rms+psd,"(3.0, 20.0, 0.7, 0.6)",0.7992012202739716,0.10929715633392334,0.12641143798828125,1
seg+pos+rms+psd,"(3.0, 20.0, 0.7, 0.6)",0.8335685133934021,0.11754190921783447,0.15345478057861328,1
seg+pos+rms+psd,"(3.0, 20.0, 0.7, 0.6)",0.9574120044708252,0.11084771156311035,0.22522664070129395,1
seg+pos+rms+psd,"(3.0, 20.0, 0.7, 0.6)",0.9706687033176422,0.12768971920013428,0.3161032199859619,1
seg+pos+rms+psd,"(3.0, 20.0, 0.7, 0.6)",0.7913730144500732,0.05822455883026123,0.0989687442779541,1
seg+pos+rms+psd,"(3.0, 20.0, 0.7, 0.6)",0.8141845166683197,0.06606674194335938,0.006507396697998047,1
seg+pos+rms+psd,"(3.0, 20.0, 0.7, 0.6)",0.833524227142334,0.15225684642791748,0.03496861457824707,1
seg+pos+rms+psd,"(3.0, 20.0, 0.7, 0.6)",0.7952302992343903,0.12416720390319824,0.1849842071533203,1
seg+pos+rms+psd,"(3.0, 20.0, 0.7, 0.6)",0.898173987865448,0.04268455505371094,0.01412343978881836,1
seg+pos+rms+psd,"(3.0, 20.0, 0.7, 0.6)",0.980614572763443,0.06978893280029297,0.30209994316101074,1
seg+pos+rms+psd,"(3.0, 20.0, 0.7, -0.3)",0.8490017950534821,0.11917829513549805,0.24696874618530273,1
seg+pos+rms+psd,"(3.0, 20.0, 0.7, -0.3)",0.8373570740222931,0.10174357891082764,0.12590265274047852,1
seg+pos+rms+psd,"(3.0, 20.0, 0.7, -0.3)",0.8944554626941681,0.0741889476776123,0.04181098937988281,1
seg+pos+rms+psd,"(3.0, 20.0, 0.7, -0.3)",0.8211140334606171,0.11473715305328369,0.22014093399047852,1
seg+pos+rms+psd,"(3.0, 20.0, 0.7, -0.3)",0.8086008131504059,0.12072622776031494,0.19522333145141602,1
seg+pos+rms+psd,"(3.0, 20.0, 0.7, -0.3)",0.9089774787425995,0.3365064859390259,0.26604461669921875,1
seg+pos+rms+psd,"(3.0, 20.0, 0.7, -0.3)",0.8935025334358215,0.04781341552734375,0.07453203201293945,1
seg+pos+rms+psd,"(3.0, 20.0, 0.7, -0.3)",0.8970973491668701,0.09394216537475586,0.17308998107910156,1
seg+pos+rms+psd,"(3.0, 20.0, 0.7, -0.3)",0.8769444525241852,0.03855717182159424,0.09926605224609375,1
seg+pos+rms+psd,"(3.0, 20.0, 0.7, -0.3)",0.7712229192256927,0.032143235206604004,0.017812728881835938,1
seg+pos+rms+psd,"(3.0, 20.0, 0.7, -0.3)",0.8393184840679169,0.08110940456390381,0.08122587203979492,1
seg+pos+rms+psd,"(3.0, 20.0, 0.7, -0.3)",0.7574142813682556,0.09312808513641357,0.19825267791748047,1
seg+pos+rms+psd,"(3.0, 20.0, 0.7, -0.3)",0.7901470065116882,0.09015965461730957,0.17523574829101562,1
seg+pos+rms+psd,"(3.0, 20.0, 0.7, -0.3)",0.8676663637161255,0.04778897762298584,0.06760740280151367,1
seg+pos+rms+psd,"(3.0, 20.0, 0.7, -0.3)",0.8444364070892334,0.16485369205474854,0.30342769622802734,1
seg+pos+rms+psd,"(1.5, 8.0, 0.3, 0.0)",0.8970760107040405,0.23925167322158813,0.34950315952301025,2
seg+pos+rms+psd,"(1.5, 8.0, 0.3, 0.0)",0.8559167683124542,0.31171947717666626,0.40580642223358154,2
seg+pos+rms+psd,"(1.5, 8.0, 0.3, 0.0)",0.8462887704372406,0.32272058725357056,0.33470261096954346,2
seg+pos+rms+psd,"(1.5, 8.0, 0.3, 0.0)",0.8737504780292511,0.3512204885482788,0.41579484939575195,2
seg+pos+rms+psd,"(1.5, 8.0, 0.3, 0.0)",0.8513365685939789,0.31450194120407104,0.6221165657043457,2
seg+pos+rms+psd,"(1.5, 8.0, 0.3, 0.0)",0.8240362405776978,0.34635406732559204,0.3957756757736206,2
seg+pos+rms+psd,"(1.5, 8.0, 0.3, 0.0)",0.895372062921524,0.39469480514526367,0.48316919803619385,2
seg+pos+rms+psd,"(1.5, 8.0, 0.3, 0.0)",0.8972236514091492,0.2866708040237427,0.3677438497543335,2
seg+pos+rms+psd,"(1.5, 8.0, 0.3, 0.0)",0.869175374507904,0.24935072660446167,0.2856292724609375,2
seg+pos+rms+psd,"(1.5, 8.0, 0.3, 0.0)",0.8159421980381012,0.32654863595962524,0.40341854095458984,2
seg+pos+rms+psd,"(1.5, 8.0, 0.3, 0.0)",0.8714532256126404,0.25704437494277954,0.32260453701019287,2
seg+pos+rms+psd,"(1.5, 8.0, 0.3, 0.0)",0.845825731754303,0.30518341064453125,0.3712773323059082,2
seg+pos+rms+psd,"(1.5, 8.0, 0.3, 0.0)",0.9129243493080139,0.19344091415405273,0.35096800327301025,2
seg+pos+rms+psd,"(1.5, 8.0, 0.3, 0.0)",0.8584843277931213,0.2802810072898865,0.3712412118911743,2
seg+pos+rms+psd,"(1.5, 8.0, 0.3, 0.0)",0.8574796915054321,0.3053714632987976,0.41330981254577637,2
seg+pos+rms+psd,"(1.5, 8.0, 0.3, 0.3)",0.8717225193977356,0.3649124205112457,0.30269670486450195,2
seg+pos+rms+psd,"(1.5, 8.0, 0.3, 0.3)",0.857378363609314,0.34131813049316406,0.41003119945526123,2
seg+pos+rms+psd,"(1.5, 8.0, 0.3, 0.3)",0.8418394029140472,0.2495151162147522,0.1924738883972168,2
seg+pos+rms+psd,"(1.5, 8.0, 0.3, 0.3)",0.8714263439178467,0.23613029718399048,0.32545340061187744,2
seg+pos+rms+psd,"(1.5, 8.0, 0.3, 0.3)",0.8818497955799103,0.18444007635116577,0.07944202423095703,2
seg+pos+rms+psd,"(1.5, 8.0, 0.3, 0.3)",0.8443356454372406,0.2603144645690918,0.29320502281188965,2
seg+pos+rms+psd,"(1.5, 8.0, 0.3, 0.3)",0.8991294801235199,0.3673315644264221,0.26415884494781494,2
seg+pos+rms+psd,"(1.5, 8.0, 0.3, 0.3)",0.8566804230213165,0.1304425597190857,0.019757390022277832,2
seg+pos+rms+psd,"(1.5, 8.0, 0.3, 0.3)",0.9254505932331085,0.09601622819900513,0.05390167236328125,2
seg+pos+rms+psd,"(1.5, 8.0, 0.3, 0.3)",0.856452226638794,0.24953734874725342,0.27368390560150146,2
seg+pos+rms+psd,"(1.5, 8.0, 0.3, 0.3)",0.8528226315975189,0.3080003261566162,0.2913331985473633,2
seg+pos+rms+psd,"(1.5, 8.0, 0.3, 0.3)",0.9041512608528137,0.18726909160614014,0.18134474754333496,2
seg+pos+rms+psd,"(1.5, 8.0, 0.3, 0.3)",0.813833087682724,0.30112412571907043,0.2969801425933838,2
seg+pos+rms+psd,"(1.5, 8.0, 0.3, 0.3)",0.9070011675357819,0.13039231300354004,0.08168244361877441,2
seg+pos+rms+psd,"(1.5, 8.0, 0.3, 0.3)",0.8134355843067169,0.3408280611038208,0.383103609085083,2
seg+pos+rms+psd,"(1.5, 8.0, 0.3, 0.6)",0.8912852108478546,0.11917811632156372,0.1748046875,2
seg+pos+rms+psd,"(1.5, 8.0, 0.3, 0.6)",0.8663002252578735,0.2511160373687744,5.710124969482422e-05,2
seg+pos+rms+psd,"(1.5, 8.0, 0.3, 0.6)",0.8696442246437073,0.3236219882965088,0.003425002098083496,2
seg+pos+rms+psd,"(1.5, 8.0, 0.3, 0.6)",0.8716721534729004,0.2072429656982422,0.028794288635253906,2
seg+pos+rms+psd,"(1.5, 8.0, 0.3, 0.6)",0.8621711432933807,0.3859661817550659,0.17115998268127441,2
seg+pos+rms+psd,"(1.5, 8.0, 0.3, 0.6)",0.8453043103218079,0.19196009635925293,0.009591817855834961,2
seg+pos+rms+psd,"(1.5, 8.0, 0.3, 0.6)",0.8880189657211304,0.351664662361145,0.18684685230255127,2
seg+pos+rms+psd,"(1.5, 8.0, 0.3, 0.6)",0.8965104520320892,0.23979061841964722,0.07411730289459229,2
seg+pos+rms+psd,"(1.5, 8.0, 0.3, 0.6)",0.8701180815696716,0.33176934719085693,0.008878469467163086,2
seg+pos+rms+psd,"(1.5, 8.0, 0.3, 0.6)",0.8229939043521881,0.17373549938201904,0.09229624271392822,2
seg+pos+rms+psd,"(1.5, 8.0, 0.3, 0.6)",0.8512704968452454,0.28040528297424316,0.002527952194213867,2
seg+pos+rms+psd,"(1.5, 8.0, 0.3, 0.6)",0.9276217818260193,0.030407428741455078,0.34691834449768066,2
seg+pos+rms+psd,"(1.5, 8.0, 0.3, 0.6)",0.919851690530777,0.1320178508758545,0.40678226947784424,2
seg+pos+rms+psd,"(1.5, 8.0, 0.3, 0.6)",0.8422278165817261,0.3362346887588501,0.12439119815826416,2
seg+pos+rms+psd,"(1.5, 8.0, 0.3, 0.6)",0.904883623123169,0.011837422847747803,0.4212954044342041,2
seg+pos+rms+psd,"(1.5, 8.0, 0.3, -0.3)",0.9186742305755615,0.21064859628677368,0.4715566635131836,2
seg+pos+rms+psd,"(1.5, 8.0, 0.3, -0.3)",0.8776200711727142,0.3117765188217163,0.5217013359069824,2
seg+pos+rms+psd,"(1.5, 8.0, 0.3, -0.3)",0.9080133438110352,0.17076420783996582,0.317258358001709,2
seg+pos+rms+psd,"(1.5, 8.0, 0.3, -0.3)",0.8295088112354279,0.2808529734611511,0.4112358093261719,2
seg+pos+rms+psd,"(1.5, 8.0, 0.3, -0.3)",0.8932286202907562,0.14242494106292725,0.32320094108581543,2
seg+pos+rms+psd,"(1.5, 8.0, 0.3, -0.3)",0.807077944278717,0.3504270315170288,0.5471450090408325,2
seg+pos+rms+psd,"(1.5, 8.0, 0.3, -0.3)",0.8616787195205688,0.3268333673477173,0.6016830205917358,2
seg+pos+rms+psd,"(1.5, 8.0, 0.3, -0.3)",0.8935258984565735,0.37840956449508667,0.6829452514648438,2
seg+pos+rms+psd,"(1.5, 8.0, 0.3, -0.3)",0.8932043313980103,0.2519650459289551,0.3983430862426758,2
seg+pos+rms+psd,"(1.5, 8.0, 0.3, -0.3)",0.8964102566242218,0.3176186680793762,0.6054168939590454,2
seg+pos+rms+psd,"(1.5, 8.0, 0.3, -0.3)",0.9093486368656158,0.22489595413208008,0.23115575313568115,2
seg+pos+rms+psd,"(1.5, 8.0, 0.3, -0.3)",0.931168794631958,0.19619935750961304,0.3893160820007324,2
seg+pos+rms+psd,"(1.5, 8.0, 0.3, -0.3)",0.868104100227356,0.22270125150680542,0.4261542558670044,2
seg+pos+rms+psd,"(1.5, 8.0, 0.3, -0.3)",0.8276560604572296,0.20185375213623047,0.5690469741821289,2
seg+pos+rms+psd,"(1.5, 8.0, 0.3, -0.3)",0.8783656358718872,0.3225777745246887,0.6169567108154297,2
seg+pos+rms+psd,"(1.5, 8.0, 0.7, 0.0)",0.6598420739173889,0.08286559581756592,0.14876317977905273,2
seg+pos+rms+psd,"(1.5, 8.0, 0.7, 0.0)",0.6826973557472229,0.12081694602966309,0.16753864288330078,2
seg+pos+rms+psd,"(1.5, 8.0, 0.7, 0.0)",0.6568852066993713,0.13260841369628906,0.3122955560684204,2
seg+pos+rms+psd,"(1.5, 8.0, 0.7, 0.0)",0.7007795870304108,0.10105514526367188,0.03215384483337402,2
seg+pos+rms+psd,"(1.5, 8.0, 0.7, 0.0)",0.722379207611084,0.07626056671142578,0.022702455520629883,2
seg+pos+rms+psd,"(1.5, 8.0, 0.7, 0.0)",0.6232630014419556,0.12025070190429688,0.13639593124389648,2
seg+pos+rms+psd,"(1.5, 8.0, 0.7, 0.0)",0.6561266183853149,0.07308632135391235,0.16404128074645996,2
seg+pos+rms+psd,"(1.5, 8.0, 0.7, 0.0)",0.6506138145923615,0.1134188175201416,0.12557101249694824,2
seg+pos+rms+psd,"(1.5, 8.0, 0.7, 0.0)",0.6543971300125122,0.03353261947631836,0.13848888874053955,2
seg+pos+rms+psd,"(1.5, 8.0, 0.7, 0.0)",0.6711016297340393,0.11054116487503052,0.1608051061630249,2
seg+pos+rms+psd,"(1.5, 8.0, 0.7, 0.0)",0.6533856391906738,0.06143993139266968,0.09870576858520508,2
seg+pos+rms+psd,"(1.5, 8.0, 0.7, 0.0)",0.6374587714672089,0.18063056468963623,0.20665454864501953,2
seg+pos+rms+psd,"(1.5, 8.0, 0.7, 0.0)",0.6283696293830872,0.1422961950302124,0.30058860778808594,2
seg+pos+rms+psd,"(1.5, 8.0, 0.7, 0.0)",0.6584906578063965,0.19361388683319092,0.3393547534942627,2
seg+pos+rms+psd,"(1.5, 8.0, 0.7, 0.0)",0.6718041896820068,0.12616175413131714,0.13278353214263916,2
seg+pos+rms+psd,"(1.5, 8.0, 0.7, 0.3)",0.6281505823135376,0.11778759956359863,0.14909327030181885,2
seg+pos+rms+psd,"(1.5, 8.0, 0.7, 0.3)",0.6930809915065765,0.09688431024551392,0.20006787776947021,2
seg+pos+rms+psd,"(1.5, 8.0, 0.7, 0.3)",0.7160367965698242,0.08915084600448608,0.18919527530670166,2
seg+pos+rms+psd,"(1.5, 8.0, 0.7, 0.3)",0.6953644454479218,0.17208170890808105,0.2288578748703003,2
seg+pos+rms+psd,"(1.5, 8.0, 0.7, 0.3)",0.6574466526508331,0.10374462604522705,0.07875573635101318,2
seg+pos+rms+psd,"(1.5, 8.0, 0.7, 0.3)",0.6493068933486938,0.045195817947387695,0.14775490760803223,2
seg+pos+rms+psd,"(1.5, 8.0, 0.7, 0.3)",0.714844673871994,0.07776302099227905,0.045071959495544434,2
seg+pos+rms+psd,"(1.5, 8.0, 0.7, 0.3)",0.6968062520027161,0.09324967861175537,0.051461100578308105,2
seg+pos+rms+psd,"(1.5, 8.0, 0.7, 0.3)",0.7056994438171387,0.006551384925842285,0.08958709239959717,2
seg+pos+rms+psd,"(1.5, 8.0, 0.7, 0.3)",0.6617713272571564,0.13079309463500977,0.062227487564086914,2
seg+pos+rms+psd,"(1.5, 8.0, 0.7, 0.3)",0.6304349899291992,0.14925676584243774,0.13767194747924805,2
seg+pos+rms+psd,"(1.5, 8.0, 0.7, 0.3)",0.6987530887126923,0.08285003900527954,0.0591886043548584,2
seg+pos+rms+psd,"(1.5, 8.0, 0.7, 0.3)",0.6409594118595123,0.06901121139526367,0.04841804504394531,2
seg+pos+rms+psd,"(1.5, 8.0, 0.7, 0.3)",0.6721194982528687,0.08337187767028809,0.22207772731781006,2
seg+pos+rms+psd,"(1.5, 8.0, 0.7, 0.3)",0.6768718361854553,0.021047770977020264,0.03839230537414551,2
seg+pos+rms+psd,"(1.5, 8.0, 0.7, 0.6)",0.6319357454776764,0.11620795726776123,0.1397702693939209,2
seg+pos+rms+psd,"(1.5, 8.0, 0.7, 0.6)",0.6444995105266571,0.06186878681182861,0.10604095458984375,2
seg+pos+rms+psd,"(1.5, 8.0, 0.7, 0.6)",0.6820207238197327,0.175886332988739,0.06384992599487305,2
seg+pos+rms+psd,"(1.5, 8.0, 0.7, 0.6)",0.7190323770046234,0.039799630641937256,0.17394447326660156,2
seg+pos+rms+psd,"(1.5, 8.0, 0.7, 0.6)",0.6765193939208984,0.1005207896232605,0.19029080867767334,2
seg+pos+rms+psd,"(1.5, 8.0, 0.7, 0.6)",0.7286709845066071,0.12396270036697388,0.34388554096221924,2
seg+pos+rms+psd,"(1.5, 8.0, 0.7, 0.6)",0.7192288041114807,0.07454317808151245,0.15202391147613525,2
seg+pos+rms+psd,"(1.5, 8.0, 0.7, 0.6)",0.6628864109516144,0.08289682865142822,0.02509307861328125,2
seg+pos+rms+psd,"(1.5, 8.0, 0.7, 0.6)",0.6679207384586334,0.09248065948486328,0.1174168586730957,2
seg+pos+rms+psd,"(1.5, 8.0, 0.7, 0.6)",0.6712950468063354,0.16504400968551636,0.04880380630493164,2
seg+pos+rms+psd,"(1.5, 8.0, 0.7, 0.6)",0.6365118026733398,0.10606569051742554,0.06143677234649658,2
seg+pos+rms+psd,"(1.5, 8.0, 0.7, 0.6)",0.6767697334289551,0.1231544017791748,0.038306593894958496,2
seg+pos+rms+psd,"(1.5, 8.0, 0.7, 0.6)",0.6713815927505493,0.10067600011825562,0.10451853275299072,2
seg+pos+rms+psd,"(1.5, 8.0, 0.7, 0.6)",0.6814306676387787,0.06780993938446045,0.030971288681030273,2
seg+pos+rms+psd,"(1.5, 8.0, 0.7, 0.6)",0.653407484292984,0.09402453899383545,0.13511371612548828,2
seg+pos+rms+psd,"(1.5, 8.0, 0.7, -0.3)",0.6547888517379761,0.14094823598861694,0.233595609664917,2
seg+pos+rms+psd,"(1.5, 8.0, 0.7, -0.3)",0.6718676090240479,0.1298520565032959,0.030079126358032227,2
seg+pos+rms+psd,"(1.5, 8.0, 0.7, -0.3)",0.6402550935745239,0.0998680591583252,0.23899316787719727,2
seg+pos+rms+psd,"(1.5, 8.0, 0.7, -0.3)",0.6726193726062775,0.1112051010131836,0.21483469009399414,2
seg+pos+rms+psd,"(1.5, 8.0, 0.7, -0.3)",0.6663289368152618,0.08587485551834106,0.17685270309448242,2
seg+pos+rms+psd,"(1.5, 8.0, 0.7, -0.3)",0.6390692293643951,0.09872239828109741,0.14090347290039062,2
seg+pos+rms+psd,"(1.5, 8.0, 0.7, -0.3)",0.7174896001815796,0.1450398564338684,0.11436676979064941,2
seg+pos+rms+psd,"(1.5, 8.0, 0.7, -0.3)",0.6245428919792175,0.08951687812805176,0.13930511474609375,2
seg+pos+rms+psd,"(1.5, 8.0, 0.7, -0.3)",0.6881213486194611,0.08314740657806396,0.03835177421569824,2
seg+pos+rms+psd,"(1.5, 8.0, 0.7, -0.3)",0.6562763750553131,0.05857568979263306,0.047000885009765625,2
seg+pos+rms+psd,"(1.5, 8.0, 0.7, -0.3)",0.6618760824203491,0.11161631345748901,0.15568041801452637,2
seg+pos+rms+psd,"(1.5, 8.0, 0.7, -0.3)",0.6869948208332062,0.08602279424667358,0.1517317295074463,2
seg+pos+rms+psd,"(1.5, 8.0, 0.7, -0.3)",0.6867589354515076,0.03569972515106201,0.1544809341430664,2
seg+pos+rms+psd,"(1.5, 8.0, 0.7, -0.3)",0.6401683390140533,0.15608632564544678,0.33512139320373535,2
seg+pos+rms+psd,"(1.5, 8.0, 0.7, -0.3)",0.6598790884017944,0.13790452480316162,0.2550361156463623,2
seg+pos+rms+psd,"(1.5, 20.0, 0.3, 0.0)",0.7507836520671844,0.18884432315826416,0.3359181880950928,2
seg+pos+rms+psd,"(1.5, 20.0, 0.3, 0.0)",0.6915690302848816,0.1327844262123108,0.24826157093048096,2
seg+pos+rms+psd,"(1.5, 20.0, 0.3, 0.0)",0.6909795999526978,0.13026440143585205,0.15515637397766113,2
seg+pos+rms+psd,"(1.5, 20.0, 0.3, 0.0)",0.7220292687416077,0.20854145288467407,0.2674156427383423,2
seg+pos+rms+psd,"(1.5, 20.0, 0.3, 0.0)",0.7697634696960449,0.10505884885787964,0.18310940265655518,2
seg+pos+rms+psd,"(1.5, 20.0, 0.3, 0.0)",0.6907610893249512,0.12337380647659302,0.20416760444641113,2
seg+pos+rms+psd,"(1.5, 20.0, 0.3, 0.0)",0.6676203310489655,0.16093230247497559,0.17103815078735352,2
seg+pos+rms+psd,"(1.5, 20.0, 0.3, 0.0)",0.7142235636711121,0.1943947672843933,0.29293787479400635,2
seg+pos+rms+psd,"(1.5, 20.0, 0.3, 0.0)",0.7065285742282867,0.07221359014511108,0.06507706642150879,2
seg+pos+rms+psd,"(1.5, 20.0, 0.3, 0.0)",0.7120686173439026,0.1375463604927063,0.18964624404907227,2
seg+pos+rms+psd,"(1.5, 20.0, 0.3, 0.0)",0.6972518265247345,0.2032470703125,0.23373699188232422,2
seg+pos+rms+psd,"(1.5, 20.0, 0.3, 0.0)",0.7835184335708618,0.1961967945098877,0.320145845413208,2
seg+pos+rms+psd,"(1.5, 20.0, 0.3, 0.0)",0.7613389492034912,0.08848738670349121,0.20807147026062012,2
seg+pos+rms+psd,"(1.5, 20.0, 0.3, 0.0)",0.7164179086685181,0.1348763108253479,0.20591235160827637,2
seg+pos+rms+psd,"(1.5, 20.0, 0.3, 0.0)",0.6738609075546265,0.18713194131851196,0.2171018123626709,2
seg+pos+rms+psd,"(1.5, 20.0, 0.3, 0.3)",0.694982260465622,0.16094255447387695,0.10284268856048584,2
seg+pos+rms+psd,"(1.5, 20.0, 0.3, 0.3)",0.6942984759807587,0.19613009691238403,0.05597245693206787,2
seg+pos+rms+psd,"(1.5, 20.0, 0.3, 0.3)",0.7290151715278625,0.09596776962280273,0.047942519187927246,2
seg+pos+rms+psd,"(1.5, 20.0, 0.3, 0.3)",0.7321642339229584,0.13580721616744995,0.05425155162811279,2
seg+pos+rms+psd,"(1.5, 20.0, 0.3, 0.3)",0.728193461894989,0.1447710394859314,0.04524862766265869,2
seg+pos+rms+psd,"(1.5, 20.0, 0.3, 0.3)",0.6941227614879608,0.061662256717681885,0.02071547508239746,2
seg+pos+rms+psd,"(1.5, 20.0, 0.3, 0.3)",0.701559990644455,0.1657707691192627,0.20371794700622559,2
seg+pos+rms+psd,"(1.5, 20.0, 0.3, 0.3)",0.6918030679225922,0.1916385293006897,0.1742004156112671,2
seg+pos+rms+psd,"(1.5, 20.0, 0.3, 0.3)",0.79412442445755,0.05360293388366699,0.05496251583099365,2
seg+pos+rms+psd,"(1.5, 20.0, 0.3, 0.3)",0.7180834710597992,0.27299344539642334,0.28789329528808594,2
seg+pos+rms+psd,"(1.5, 20.0, 0.3, 0.3)",0.6960485875606537,0.0852806568145752,0.13313424587249756,2
seg+pos+rms+psd,"(1.5, 20.0, 0.3, 0.3)",0.77318474650383,0.14144808053970337,0.06956672668457031,2
seg+pos+rms+psd,"(1.5, 20.0, 0.3, 0.3)",0.7155771553516388,0.14229238033294678,0.042420387268066406,2
seg+pos+rms+psd,"(1.5, 20.0, 0.3, 0.3)",0.7263097167015076,0.18225038051605225,0.07890355587005615,2
seg+pos+rms+psd,"(1.5, 20.0, 0.3, 0.3)",0.6840336620807648,0.22227466106414795,0.2854100465774536,2
seg+pos+rms+psd,"(1.5, 20.0, 0.3, 0.6)",0.6906613111495972,0.12521439790725708,0.07255721092224121,2
seg+pos+rms+psd,"(1.5, 20.0, 0.3, 0.6)",0.7242594361305237,0.1401805281639099,0.08265221118927002,2
seg+pos+rms+psd,"(1.5, 20.0, 0.3, 0.6)",0.6982052326202393,0.1652355194091797,0.07990658283233643,2
seg+pos+rms+psd,"(1.5, 20.0, 0.3, 0.6)",0.6917630732059479,0.16979801654815674,0.05592215061187744,2
seg+pos+rms+psd,"(1.5, 20.0, 0.3, 0.6)",0.7283408939838409,0.09124612808227539,0.15314078330993652,2
seg+pos+rms+psd,"(1.5, 20.0, 0.3, 0.6)",0.7362056374549866,0.10427677631378174,0.15410161018371582,2
seg+pos+rms+psd,"(1.5, 20.0, 0.3, 0.6)",0.7032210230827332,0.09881818294525146,0.2015542984008789,2
seg+pos+rms+psd,"(1.5, 20.0, 0.3, 0.6)",0.6960554122924805,0.1409032940864563,0.11104536056518555,2
seg+pos+rms+psd,"(1.5, 20.0, 0.3, 0.6)",0.7537040114402771,0.19222205877304077,0.0003510713577270508,2
seg+pos+rms+psd,"(1.5, 20.0, 0.3, 0.6)",0.6728039681911469,0.19253259897232056,0.033083558082580566,2
seg+pos+rms+psd,"(1.5, 20.0, 0.3, 0.6)",0.7357649207115173,0.17165911197662354,0.04378104209899902,2
seg+pos+rms+psd,"(1.5, 20.0, 0.3, 0.6)",0.68226557970047,0.06163918972015381,0.10391318798065186,2
seg+pos+rms+psd,"(1.5, 20.0, 0.3, 0.6)",0.7421491146087646,0.17268848419189453,0.020331621170043945,2
seg+pos+rms+psd,"(1.5, 20.0, 0.3, 0.6)",0.7310550510883331,0.14760267734527588,0.0004169940948486328,2
seg+pos+rms+psd,"(1.5, 20.0, 0.3, 0.6)",0.7141951322555542,0.14630842208862305,0.015724539756774902,2
seg+pos+rms+psd,"(1.5, 20.0, 0.3, -0.3)",0.7014490962028503,0.14969462156295776,0.21776437759399414,2
seg+pos+rms+psd,"(1.5, 20.0, 0.3, -0.3)",0.7763893604278564,0.13159459829330444,0.004728555679321289,2
seg+pos+rms+psd,"(1.5, 20.0, 0.3, -0.3)",0.7126116752624512,0.13665771484375,0.12695670127868652,2
seg+pos+rms+psd,"(1.5, 20.0, 0.3, -0.3)",0.7472576797008514,0.22170984745025635,0.396933913230896,2
seg+pos+rms+psd,"(1.5, 20.0, 0.3, -0.3)",0.7159818410873413,0.21381360292434692,0.4710209369659424,2
seg+pos+rms+psd,"(1.5, 20.0, 0.3, -0.3)",0.7097151279449463,0.21509075164794922,0.44975483417510986,2
seg+pos+rms+psd,"(1.5, 20.0, 0.3, -0.3)",0.730722576379776,0.20794904232025146,0.4406726360321045,2
seg+pos+rms+psd,"(1.5, 20.0, 0.3, -0.3)",0.6826024949550629,0.16017931699752808,0.31840038299560547,2
seg+pos+rms+psd,"(1.5, 20.0, 0.3, -0.3)",0.6963808834552765,0.13830703496932983,0.230210542678833,2
seg+pos+rms+psd,"(1.5, 20.0, 0.3, -0.3)",0.665876179933548,0.04501926898956299,0.09970211982727051,2
seg+pos+rms+psd,"(1.5, 20.0, 0.3, -0.3)",0.6935078501701355,0.09373432397842407,0.14547300338745117,2
seg+pos+rms+psd,"(1.5, 20.0, 0.3, -0.3)",0.7106783390045166,0.17047446966171265,0.2627842426300049,2
seg+pos+rms+psd,"(1.5, 20.0, 0.3, -0.3)",0.6792259216308594,0.11124694347381592,0.25078749656677246,2
seg+pos+rms+psd,"(1.5, 20.0, 0.3, -0.3)",0.6887985467910767,0.1950024962425232,0.3538177013397217,2
seg+pos+rms+psd,"(1.5, 20.0, 0.3, -0.3)",0.674752950668335,0.2181715965270996,0.3813110589981079,2
seg+pos+rms+psd,"(1.5, 20.0, 0.7, 0.0)",0.5342183411121368,0.09111642837524414,0.10532593727111816,2
seg+pos+rms+psd,"(1.5, 20.0, 0.7, 0.0)",0.49834007024765015,0.02813035249710083,0.07751631736755371,2
seg+pos+rms+psd,"(1.5, 20.0, 0.7, 0.0)",0.5119775831699371,0.03269386291503906,0.07222199440002441,2
seg+pos+rms+psd,"(1.5, 20.0, 0.7, 0.0)",0.5008024871349335,0.03128021955490112,0.03955090045928955,2
seg+pos+rms+psd,"(1.5, 20.0, 0.7, 0.0)",0.4893517792224884,0.04448699951171875,0.139357328414917,2
seg+pos+rms+psd,"(1.5, 20.0, 0.7, 0.0)",0.5413778424263,0.1046295166015625,0.0605931282043457,2
seg+pos+rms+psd,"(1.5, 20.0, 0.7, 0.0)",0.49924805760383606,0.009912312030792236,0.09780359268188477,2
seg+pos+rms+psd,"(1.5, 20.0, 0.7, 0.0)",0.4994337856769562,0.08886152505874634,0.0692586898803711,2
seg+pos+rms+psd,"(1.5, 20.0, 0.7, 0.0)",0.47759151458740234,0.03312695026397705,0.0655670166015625,2
seg+pos+rms+psd,"(1.5, 20.0, 0.7, 0.0)",0.4811357706785202,0.038985490798950195,0.12028980255126953,2
seg+pos+rms+psd,"(1.5, 20.0, 0.7, 0.0)",0.5278432369232178,0.015056908130645752,0.11532163619995117,2
seg+pos+rms+psd,"(1.5, 20.0, 0.7, 0.0)",0.5264906585216522,0.04230332374572754,0.01826167106628418,2
seg+pos+rms+psd,"(1.5, 20.0, 0.7, 0.0)",0.4712940603494644,0.05575406551361084,0.11049222946166992,2
seg+pos+rms+psd,"(1.5, 20.0, 0.7, 0.0)",0.48215021193027496,0.07066017389297485,0.13320446014404297,2
seg+pos+rms+psd,"(1.5, 20.0, 0.7, 0.0)",0.5108961760997772,0.08566117286682129,0.07044005393981934,2
seg+pos+rms+psd,"(1.5, 20.0, 0.7, 0.3)",0.5219099223613739,0.02008056640625,0.16384315490722656,2
seg+pos+rms+psd,"(1.5, 20.0, 0.7, 0.3)",0.4983508586883545,0.029093027114868164,0.034781813621520996,2
seg+pos+rms+psd,"(1.5, 20.0, 0.7, 0.3)",0.4547133594751358,0.06594282388687134,0.004192233085632324,2
seg+pos+rms+psd,"(1.5, 20.0, 0.7, 0.3)",0.4838884770870209,0.03364533185958862,0.06604397296905518,2
seg+pos+rms+psd,"(1.5, 20.0, 0.7, 0.3)",0.4496648907661438,0.05139726400375366,0.10615146160125732,2
seg+pos+rms+psd,"(1.5, 20.0, 0.7, 0.3)",0.44560086727142334,0.07258403301239014,0.09743809700012207,2
seg+pos+rms+psd,"(1.5, 20.0, 0.7, 0.3)",0.49282971024513245,0.06867927312850952,0.02033853530883789,2
seg+pos+rms+psd,"(1.5, 20.0, 0.7, 0.3)",0.4840587377548218,0.0589296817779541,0.10250258445739746,2
seg+pos+rms+psd,"(1.5, 20.0, 0.7, 0.3)",0.4467702805995941,0.06010246276855469,0.07208120822906494,2
seg+pos+rms+psd,"(1.5, 20.0, 0.7, 0.3)",0.48078784346580505,0.07684344053268433,0.07442522048950195,2
seg+pos+rms+psd,"(1.5, 20.0, 0.7, 0.3)",0.5120506882667542,0.04984074831008911,0.0950319766998291,2
seg+pos+rms+psd,"(1.5, 20.0, 0.7, 0.3)",0.5475057661533356,0.10669976472854614,0.18795108795166016,2
seg+pos+rms+psd,"(1.5, 20.0, 0.7, 0.3)",0.4983004480600357,0.04189997911453247,0.12866973876953125,2
seg+pos+rms+psd,"(1.5, 20.0, 0.7, 0.3)",0.5560510158538818,0.07023286819458008,0.06960701942443848,2
seg+pos+rms+psd,"(1.5, 20.0, 0.7, 0.3)",0.4430658519268036,0.04605734348297119,0.09134840965270996,2
seg+pos+rms+psd,"(1.5, 20.0, 0.7, 0.6)",0.4947739392518997,0.019567430019378662,0.05711674690246582,2
seg+pos+rms+psd,"(1.5, 20.0, 0.7, 0.6)",0.5206799507141113,0.03480571508407593,0.085593581199646,2
seg+pos+rms+psd,"(1.5, 20.0, 0.7, 0.6)",0.515731006860733,0.10126501321792603,0.3153810501098633,2
seg+pos+rms+psd,"(1.5, 20.0, 0.7, 0.6)",0.4742979109287262,0.013886570930480957,0.03737938404083252,2
seg+pos+rms+psd,"(1.5, 20.0, 0.7, 0.6)",0.5130197107791901,0.09827810525894165,0.051279544830322266,2
seg+pos+rms+psd,"(1.5, 20.0, 0.7, 0.6)",0.5238967537879944,0.17325496673583984,0.41069161891937256,2
seg+pos+rms+psd,"(1.5, 20.0, 0.7, 0.6)",0.5049118995666504,0.028062641620635986,0.07871830463409424,2
seg+pos+rms+psd,"(1.5, 20.0, 0.7, 0.6)",0.5398684442043304,0.029136180877685547,0.031734347343444824,2
seg+pos+rms+psd,"(1.5, 20.0, 0.7, 0.6)",0.5209137797355652,0.02028423547744751,0.0600200891494751,2
seg+pos+rms+psd,"(1.5, 20.0, 0.7, 0.6)",0.49859075248241425,0.03389930725097656,0.005400180816650391,2
seg+pos+rms+psd,"(1.5, 20.0, 0.7, 0.6)",0.5085360109806061,0.041406333446502686,0.020647644996643066,2
seg+pos+rms+psd,"(1.5, 20.0, 0.7, 0.6)",0.49453607201576233,0.04163825511932373,0.12770462036132812,2
seg+pos+rms+psd,"(1.5, 20.0, 0.7, 0.6)",0.5090285241603851,0.02117985486984253,0.11110579967498779,2
seg+pos+rms+psd,"(1.5, 20.0, 0.7, 0.6)",0.5265350490808487,0.09284770488739014,0.1580718755722046,2
seg+pos+rms+psd,"(1.5, 20.0, 0.7, 0.6)",0.48018138110637665,0.1465015411376953,0.295268177986145,2
seg+pos+rms+psd,"(1.5, 20.0, 0.7, -0.3)",0.529217928647995,0.056146323680877686,0.028382539749145508,2
seg+pos+rms+psd,"(1.5, 20.0, 0.7, -0.3)",0.48988161981105804,0.04328805208206177,0.11649131774902344,2
seg+pos+rms+psd,"(1.5, 20.0, 0.7, -0.3)",0.5071997344493866,0.058481454849243164,0.012172937393188477,2
seg+pos+rms+psd,"(1.5, 20.0, 0.7, -0.3)",0.4683249592781067,0.06765967607498169,0.06754755973815918,2
seg+pos+rms+psd,"(1.5, 20.0, 0.7, -0.3)",0.520999476313591,0.029459118843078613,0.009691238403320312,2
seg+pos+rms+psd,"(1.5, 20.0, 0.7, -0.3)",0.48795725405216217,0.016693592071533203,0.012491345405578613,2
seg+pos+rms+psd,"(1.5, 20.0, 0.7, -0.3)",0.4798596352338791,0.06672632694244385,0.12006711959838867,2
seg+pos+rms+psd,"(1.5, 20.0, 0.7, -0.3)",0.5483695268630981,0.10607421398162842,0.0915217399597168,2
seg+pos+rms+psd,"(1.5, 20.0, 0.7, -0.3)",0.5295086205005646,0.04373061656951904,0.06477570533752441,2
seg+pos+rms+psd,"(1.5, 20.0, 0.7, -0.3)",0.4368969649076462,0.04293239116668701,0.005272626876831055,2
seg+pos+rms+psd,"(1.5, 20.0, 0.7, -0.3)",0.56540247797966,0.13237571716308594,0.13248300552368164,2
seg+pos+rms+psd,"(1.5, 20.0, 0.7, -0.3)",0.48316237330436707,0.033405303955078125,0.06909894943237305,2
seg+pos+rms+psd,"(1.5, 20.0, 0.7, -0.3)",0.5088713318109512,0.13871151208877563,0.14893102645874023,2
seg+pos+rms+psd,"(1.5, 20.0, 0.7, -0.3)",0.5026125460863113,0.0671534538269043,0.1359550952911377,2
seg+pos+rms+psd,"(1.5, 20.0, 0.7, -0.3)",0.5417418479919434,0.04433315992355347,0.025341272354125977,2
seg+pos+rms+psd,"(3.0, 8.0, 0.3, 0.0)",1.6455820798873901,0.526441216468811,0.8670752048492432,2
seg+pos+rms+psd,"(3.0, 8.0, 0.3, 0.0)",1.5947670936584473,0.53208327293396,0.58170485496521,2
seg+pos+rms+psd,"(3.0, 8.0, 0.3, 0.0)",1.6480098962783813,0.31757497787475586,0.3225069046020508,2
seg+pos+rms+psd,"(3.0, 8.0, 0.3, 0.0)",1.6325771808624268,0.3803060054779053,0.720813512802124,2
seg+pos+rms+psd,"(3.0, 8.0, 0.3, 0.0)",1.640084445476532,0.4407079219818115,0.653785228729248,2
seg+pos+rms+psd,"(3.0, 8.0, 0.3, 0.0)",1.6336480975151062,0.6102436780929565,0.7965848445892334,2
seg+pos+rms+psd,"(3.0, 8.0, 0.3, 0.0)",1.6943340301513672,0.49193549156188965,0.7459733486175537,2
seg+pos+rms+psd,"(3.0, 8.0, 0.3, 0.0)",1.6540626287460327,0.48918962478637695,0.650115966796875,2
seg+pos+rms+psd,"(3.0, 8.0, 0.3, 0.0)",1.6979021430015564,0.39405763149261475,0.6411616802215576,2
seg+pos+rms+psd,"(3.0, 8.0, 0.3, 0.0)",1.6337534189224243,0.5231746435165405,0.6723382472991943,2
seg+pos+rms+psd,"(3.0, 8.0, 0.3, 0.0)",1.7184297442436218,0.3681070804595947,0.5978608131408691,2
seg+pos+rms+psd,"(3.0, 8.0, 0.3, 0.0)",1.6786030530929565,0.30603671073913574,0.487520694732666,2
seg+pos+rms+psd,"(3.0, 8.0, 0.3, 0.0)",1.6371033191680908,0.380664587020874,0.5810239315032959,2
seg+pos+rms+psd,"(3.0, 8.0, 0.3, 0.0)",1.6087207794189453,0.5077240467071533,0.4391133785247803,2
seg+pos+rms+psd,"(3.0, 8.0, 0.3, 0.0)",1.6533725261688232,0.4434199333190918,0.6348488330841064,2
seg+pos+rms+psd,"(3.0, 8.0, 0.3, 0.3)",1.5765800476074219,0.5332132577896118,0.6755914688110352,2
seg+pos+rms+psd,"(3.0, 8.0, 0.3, 0.3)",1.6583901643753052,0.2687753438949585,0.032735347747802734,2
seg+pos+rms+psd,"(3.0, 8.0, 0.3, 0.3)",1.722516417503357,0.4699344038963318,0.22234201431274414,2
seg+pos+rms+psd,"(3.0, 8.0, 0.3, 0.3)",1.5587637424468994,0.3535726070404053,0.3595888614654541,2
seg+pos+rms+psd,"(3.0, 8.0, 0.3, 0.3)",1.7120130062103271,0.49875473976135254,0.5674705505371094,2
seg+pos+rms+psd,"(3.0, 8.0, 0.3, 0.3)",1.6267827153205872,0.41572344303131104,0.3744192123413086,2
seg+pos+rms+psd,"(3.0, 8.0, 0.3, 0.3)",1.7530649304389954,0.5187869071960449,0.39155006408691406,2
seg+pos+rms+psd,"(3.0, 8.0, 0.3, 0.3)",1.6363929510116577,0.3169124126434326,0.13177871704101562,2
seg+pos+rms+psd,"(3.0, 8.0, 0.3, 0.3)",1.6869327425956726,0.3179459571838379,0.2598264217376709,2
seg+pos+rms+psd,"(3.0, 8.0, 0.3, 0.3)",1.7444197535514832,0.2008991241455078,0.02134537696838379,2
seg+pos+rms+psd,"(3.0, 8.0, 0.3, 0.3)",1.6435720920562744,0.4509620666503906,0.4547080993652344,2
seg+pos+rms+psd,"(3.0, 8.0, 0.3, 0.3)",1.6644342541694641,0.5194973945617676,0.4012277126312256,2
seg+pos+rms+psd,"(3.0, 8.0, 0.3, 0.3)",1.6982682347297668,0.47885990142822266,0.40951085090637207,2
seg+pos+rms+psd,"(3.0, 8.0, 0.3, 0.3)",1.6620585322380066,0.454642653465271,0.39725470542907715,2
seg+pos+rms+psd,"(3.0, 8.0, 0.3, 0.3)",1.7104170322418213,0.4689490795135498,0.2182140350341797,2
seg+pos+rms+psd,"(3.0, 8.0, 0.3, 0.6)",1.657748818397522,0.5772860050201416,0.15617871284484863,2
seg+pos+rms+psd,"(3.0, 8.0, 0.3, 0.6)",1.6979345679283142,0.38653504848480225,0.1134800910949707,2
seg+pos+rms+psd,"(3.0, 8.0, 0.3, 0.6)",1.716231107711792,0.43624842166900635,0.052579641342163086,2
seg+pos+rms+psd,"(3.0, 8.0, 0.3, 0.6)",1.625672161579132,0.4088505506515503,0.15085148811340332,2
seg+pos+rms+psd,"(3.0, 8.0, 0.3, 0.6)",1.7325103878974915,0.5551817417144775,0.022275686264038086,2
seg+pos+rms+psd,"(3.0, 8.0, 0.3, 0.6)",1.6363585591316223,0.6058580875396729,0.30091118812561035,2
seg+pos+rms+psd,"(3.0, 8.0, 0.3, 0.6)",1.6077962517738342,0.5080490112304688,0.24123358726501465,2
seg+pos+rms+psd,"(3.0, 8.0, 0.3, 0.6)",1.5893725752830505,0.6171574592590332,0.20187664031982422,2
seg+pos+rms+psd,"(3.0, 8.0, 0.3, 0.6)",1.6350573897361755,0.5438538789749146,0.1909623146057129,2
seg+pos+rms+psd,"(3.0, 8.0, 0.3, 0.6)",1.622727632522583,0.42646515369415283,0.02469635009765625,2
seg+pos+rms+psd,"(3.0, 8.0, 0.3, 0.6)",1.653583288192749,0.38706934452056885,0.06037092208862305,2
seg+pos+rms+psd,"(3.0, 8.0, 0.3, 0.6)",1.5821895003318787,0.523274302482605,0.05951070785522461,2
seg+pos+rms+psd,"(3.0, 8.0, 0.3, 0.6)",1.6641098260879517,0.2680330276489258,0.330364465713501,2
seg+pos+rms+psd,"(3.0, 8.0, 0.3, 0.6)",1.6738802194595337,0.6083322763442993,0.08393287658691406,2
seg+pos+rms+psd,"(3.0, 8.0, 0.3, 0.6)",1.7171955108642578,0.3213537931442261,0.3749880790710449,2
seg+pos+rms+psd,"(3.0, 8.0, 0.3, -0.3)",1.6632609963417053,0.39327383041381836,0.786527156829834,2
seg+pos+rms+psd,"(3.0, 8.0, 0.3, -0.3)",1.7037252187728882,0.302160382270813,0.39368724822998047,2
seg+pos+rms+psd,"(3.0, 8.0, 0.3, -0.3)",1.5405914783477783,0.6305248737335205,1.0322983264923096,2
seg+pos+rms+psd,"(3.0, 8.0, 0.3, -0.3)",1.6157466173171997,0.3021841049194336,0.35567259788513184,2
seg+pos+rms+psd,"(3.0, 8.0, 0.3, -0.3)",1.6392350792884827,0.5155646800994873,0.7279825210571289,2
seg+pos+rms+psd,"(3.0, 8.0, 0.3, -0.3)",1.6941211819648743,0.42622852325439453,0.6693992614746094,2
seg+pos+rms+psd,"(3.0, 8.0, 0.3, -0.3)",1.707983672618866,0.4608992338180542,0.9374589920043945,2
seg+pos+rms+psd,"(3.0, 8.0, 0.3, -0.3)",1.6730886697769165,0.4846770763397217,0.7496109008789062,2
seg+pos+rms+psd,"(3.0, 8.0, 0.3, -0.3)",1.7686651349067688,0.21970677375793457,0.21244287490844727,2
seg+pos+rms+psd,"(3.0, 8.0, 0.3, -0.3)",1.541529893875122,0.8293879628181458,1.5890393257141113,2
seg+pos+rms+psd,"(3.0, 8.0, 0.3, -0.3)",1.6951704025268555,0.553284764289856,0.9678621292114258,2
seg+pos+rms+psd,"(3.0, 8.0, 0.3, -0.3)",1.543386697769165,0.5162155628204346,0.8679366111755371,2
seg+pos+rms+psd,"(3.0, 8.0, 0.3, -0.3)",1.7365890741348267,0.2775160074234009,0.5697474479675293,2
seg+pos+rms+psd,"(3.0, 8.0, 0.3, -0.3)",1.737987458705902,0.5136493444442749,1.1644065380096436,2
seg+pos+rms+psd,"(3.0, 8.0, 0.3, -0.3)",1.6120771169662476,0.452673077583313,0.9270601272583008,2
seg+pos+rms+psd,"(3.0, 8.0, 0.7, 0.0)",1.3077346682548523,0.07422089576721191,0.011368751525878906,2
seg+pos+rms+psd,"(3.0, 8.0, 0.7, 0.0)",1.210282564163208,0.1335076093673706,0.1663360595703125,2
seg+pos+rms+psd,"(3.0, 8.0, 0.7, 0.0)",1.274061679840088,0.0916668176651001,0.06369352340698242,2
seg+pos+rms+psd,"(3.0, 8.0, 0.7, 0.0)",1.298598825931549,0.18887782096862793,0.2487640380859375,2
seg+pos+rms+psd,"(3.0, 8.0, 0.7, 0.0)",1.3279008865356445,0.21119976043701172,0.2799057960510254,2
seg+pos+rms+psd,"(3.0, 8.0, 0.7, 0.0)",1.228236198425293,0.11054861545562744,0.16282176971435547,2
seg+pos+rms+psd,"(3.0, 8.0, 0.7, 0.0)",1.167484164237976,0.2797778844833374,0.3537166118621826,2
seg+pos+rms+psd,"(3.0, 8.0, 0.7, 0.0)",1.2645358443260193,0.027082085609436035,0.07826662063598633,2
seg+pos+rms+psd,"(3.0, 8.0, 0.7, 0.0)",1.2612619400024414,0.04341316223144531,0.026752471923828125,2
seg+pos+rms+psd,"(3.0, 8.0, 0.7, 0.0)",1.178037941455841,0.16546869277954102,0.20247364044189453,2
seg+pos+rms+psd,"(3.0, 8.0, 0.7, 0.0)",1.2442077994346619,0.0693814754486084,0.25104188919067383,2
seg+pos+rms+psd,"(3.0, 8.0, 0.7, 0.0)",1.262438416481018,0.09349977970123291,0.02026820182800293,2
seg+pos+rms+psd,"(3.0, 8.0, 0.7, 0.0)",1.249983549118042,0.0682687759399414,0.11744260787963867,2
seg+pos+rms+psd,"(3.0, 8.0, 0.7, 0.0)",1.2038565874099731,0.02788066864013672,0.08933162689208984,2
seg+pos+rms+psd,"(3.0, 8.0, 0.7, 0.0)",1.2135366201400757,0.10351777076721191,0.2711629867553711,2
seg+pos+rms+psd,"(3.0, 8.0, 0.7, 0.3)",1.1881505250930786,0.07880520820617676,0.18802404403686523,2
seg+pos+rms+psd,"(3.0, 8.0, 0.7, 0.3)",1.2305488586425781,0.07073390483856201,0.020344257354736328,2
seg+pos+rms+psd,"(3.0, 8.0, 0.7, 0.3)",1.214027225971222,0.0591893196105957,0.08932900428771973,2
seg+pos+rms+psd,"(3.0, 8.0, 0.7, 0.3)",1.2170745730400085,0.11120474338531494,0.03884553909301758,2
seg+pos+rms+psd,"(3.0, 8.0, 0.7, 0.3)",1.2179935574531555,0.021673917770385742,0.04526972770690918,2
seg+pos+rms+psd,"(3.0, 8.0, 0.7, 0.3)",1.2131078839302063,0.2531871795654297,0.07903432846069336,2
seg+pos+rms+psd,"(3.0, 8.0, 0.7, 0.3)",1.2903602123260498,0.1773064136505127,0.1587200164794922,2
seg+pos+rms+psd,"(3.0, 8.0, 0.7, 0.3)",1.2819257378578186,0.17500460147857666,0.05362081527709961,2
seg+pos+rms+psd,"(3.0, 8.0, 0.7, 0.3)",1.2902835011482239,0.2576957941055298,0.11131739616394043,2
seg+pos+rms+psd,"(3.0, 8.0, 0.7, 0.3)",1.2065984606742859,0.23152005672454834,0.13208222389221191,2
seg+pos+rms+psd,"(3.0, 8.0, 0.7, 0.3)",1.2693562507629395,0.0725640058517456,0.17618036270141602,2
seg+pos+rms+psd,"(3.0, 8.0, 0.7, 0.3)",1.1587796211242676,0.15514922142028809,0.08117914199829102,2
seg+pos+rms+psd,"(3.0, 8.0, 0.7, 0.3)",1.2006466388702393,0.1041797399520874,0.2018122673034668,2
seg+pos+rms+psd,"(3.0, 8.0, 0.7, 0.3)",1.1800299286842346,0.20980453491210938,0.0912787914276123,2
seg+pos+rms+psd,"(3.0, 8.0, 0.7, 0.3)",1.3752069473266602,0.08885657787322998,0.37573933601379395,2
seg+pos+rms+psd,"(3.0, 8.0, 0.7, 0.6)",1.3756799101829529,0.04920816421508789,0.5234169960021973,2
seg+pos+rms+psd,"(3.0, 8.0, 0.7, 0.6)",1.1957408785820007,0.08895003795623779,0.21368718147277832,2
seg+pos+rms+psd,"(3.0, 8.0, 0.7, 0.6)",1.2396196722984314,0.16558456420898438,0.12828278541564941,2
seg+pos+rms+psd,"(3.0, 8.0, 0.7, 0.6)",1.2284716963768005,0.14323639869689941,0.7060163021087646,2
seg+pos+rms+psd,"(3.0, 8.0, 0.7, 0.6)",1.226887285709381,0.08759593963623047,0.3765239715576172,2
seg+pos+rms+psd,"(3.0, 8.0, 0.7, 0.6)",1.2008610963821411,0.05370795726776123,0.3602023124694824,2
seg+pos+rms+psd,"(3.0, 8.0, 0.7, 0.6)",1.2096855640411377,0.29493629932403564,0.502077579498291,2
seg+pos+rms+psd,"(3.0, 8.0, 0.7, 0.6)",1.3288607001304626,0.07869625091552734,0.3271493911743164,2
seg+pos+rms+psd,"(3.0, 8.0, 0.7, 0.6)",1.2503741383552551,0.1382157802581787,0.6816065311431885,2
seg+pos+rms+psd,"(3.0, 8.0, 0.7, 0.6)",1.1490195989608765,0.10085976123809814,0.47599267959594727,2
seg+pos+rms+psd,"(3.0, 8.0, 0.7, 0.6)",1.29795503616333,0.09496545791625977,0.07486724853515625,2
seg+pos+rms+psd,"(3.0, 8.0, 0.7, 0.6)",1.163895606994629,0.2143310308456421,0.36968445777893066,2
seg+pos+rms+psd,"(3.0, 8.0, 0.7, 0.6)",1.2922857403755188,0.09630119800567627,0.30298876762390137,2
seg+pos+rms+psd,"(3.0, 8.0, 0.7, 0.6)",1.1677639484405518,0.15555524826049805,0.10694694519042969,2
seg+pos+rms+psd,"(3.0, 8.0, 0.7, 0.6)",1.3424883484840393,0.0403059720993042,0.6602206230163574,2
seg+pos+rms+psd,"(3.0, 8.0, 0.7, -0.3)",1.224202811717987,0.08420097827911377,0.049292564392089844,2
seg+pos+rms+psd,"(3.0, 8.0, 0.7, -0.3)",1.1952956318855286,0.16398656368255615,0.05096578598022461,2
seg+pos+rms+psd,"(3.0, 8.0, 0.7, -0.3)",1.1830409169197083,0.24073326587677002,0.08231019973754883,2
seg+pos+rms+psd,"(3.0, 8.0, 0.7, -0.3)",1.3085667490959167,0.2263263463973999,0.2062993049621582,2
seg+pos+rms+psd,"(3.0, 8.0, 0.7, -0.3)",1.2326475381851196,0.09407949447631836,0.23298215866088867,2
seg+pos+rms+psd,"(3.0, 8.0, 0.7, -0.3)",1.2123351097106934,0.13026392459869385,0.4135122299194336,2
seg+pos+rms+psd,"(3.0, 8.0, 0.7, -0.3)",1.2059040665626526,0.159659743309021,0.282193660736084,2
seg+pos+rms+psd,"(3.0, 8.0, 0.7, -0.3)",1.2093032002449036,0.07832980155944824,0.16255950927734375,2
seg+pos+rms+psd,"(3.0, 8.0, 0.7, -0.3)",1.30352783203125,0.07403790950775146,0.270413875579834,2
seg+pos+rms+psd,"(3.0, 8.0, 0.7, -0.3)",1.246592402458191,0.05746912956237793,0.19275426864624023,2
seg+pos+rms+psd,"(3.0, 8.0, 0.7, -0.3)",1.2641072869300842,0.2057478427886963,0.012978076934814453,2
seg+pos+rms+psd,"(3.0, 8.0, 0.7, -0.3)",1.2511086463928223,0.10169458389282227,0.15431499481201172,2
seg+pos+rms+psd,"(3.0, 8.0, 0.7, -0.3)",1.2238283157348633,0.14944040775299072,0.3074030876159668,2
seg+pos+rms+psd,"(3.0, 8.0, 0.7, -0.3)",1.1453766226768494,0.1202688217163086,0.2381441593170166,2
seg+pos+rms+psd,"(3.0, 8.0, 0.7, -0.3)",1.2210114002227783,0.12778019905090332,0.18094778060913086,2
seg+pos+rms+psd,"(3.0, 20.0, 0.3, 0.0)",1.3020030856132507,0.15885210037231445,0.23641514778137207,2
seg+pos+rms+psd,"(3.0, 20.0, 0.3, 0.0)",1.3191285729408264,0.2643392086029053,0.35033512115478516,2
seg+pos+rms+psd,"(3.0, 20.0, 0.3, 0.0)",1.3163355588912964,0.34239351749420166,0.5340218544006348,2
seg+pos+rms+psd,"(3.0, 20.0, 0.3, 0.0)",1.3440952897071838,0.2738703489303589,0.47101688385009766,2
seg+pos+rms+psd,"(3.0, 20.0, 0.3, 0.0)",1.2651547193527222,0.280967116355896,0.3979520797729492,2
seg+pos+rms+psd,"(3.0, 20.0, 0.3, 0.0)",1.2314419746398926,0.36713695526123047,0.50150465965271,2
seg+pos+rms+psd,"(3.0, 20.0, 0.3, 0.0)",1.3330958485603333,0.16113126277923584,0.2793009281158447,2
seg+pos+rms+psd,"(3.0, 20.0, 0.3, 0.0)",1.3402603268623352,0.2564575672149658,0.262678861618042,2
seg+pos+rms+psd,"(3.0, 20.0, 0.3, 0.0)",1.24689120054245,0.49384236335754395,0.5867228507995605,2
seg+pos+rms+psd,"(3.0, 20.0, 0.3, 0.0)",1.336975336074829,0.22776734828948975,0.4638800621032715,2
seg+pos+rms+psd,"(3.0, 20.0, 0.3, 0.0)",1.2901829481124878,0.21294045448303223,0.3928248882293701,2
seg+pos+rms+psd,"(3.0, 20.0, 0.3, 0.0)",1.4061661958694458,0.21033847332000732,0.18398380279541016,2
seg+pos+rms+psd,"(3.0, 20.0, 0.3, 0.0)",1.3086045384407043,0.33272743225097656,0.43657922744750977,2
seg+pos+rms+psd,"(3.0, 20.0, 0.3, 0.0)",1.3824169635772705,0.22532594203948975,0.3506646156311035,2
seg+pos+rms+psd,"(3.0, 20.0, 0.3, 0.0)",1.3227771520614624,0.344889760017395,0.394803524017334,2
seg+pos+rms+psd,"(3.0, 20.0, 0.3, 0.3)",1.3196053504943848,0.35056495666503906,0.40096402168273926,2
seg+pos+rms+psd,"(3.0, 20.0, 0.3, 0.3)",1.5123112201690674,0.18211817741394043,0.2817213535308838,2
seg+pos+rms+psd,"(3.0, 20.0, 0.3, 0.3)",1.3235155940055847,0.2249608039855957,0.13672089576721191,2
seg+pos+rms+psd,"(3.0, 20.0, 0.3, 0.3)",1.3244853019714355,0.33479583263397217,0.16933202743530273,2
seg+pos+rms+psd,"(3.0, 20.0, 0.3, 0.3)",1.334805428981781,0.20389294624328613,0.12227201461791992,2
seg+pos+rms+psd,"(3.0, 20.0, 0.3, 0.3)",1.3118088841438293,0.43934857845306396,0.4218590259552002,2
seg+pos+rms+psd,"(3.0, 20.0, 0.3, 0.3)",1.3705896139144897,0.30188190937042236,0.19745540618896484,2
seg+pos+rms+psd,"(3.0, 20.0, 0.3, 0.3)",1.2689653635025024,0.3128190040588379,0.18424010276794434,2
seg+pos+rms+psd,"(3.0, 20.0, 0.3, 0.3)",1.3479104042053223,0.24632644653320312,0.10723614692687988,2
seg+pos+rms+psd,"(3.0, 20.0, 0.3, 0.3)",1.222215712070465,0.31709790229797363,0.4863893985748291,2
seg+pos+rms+psd,"(3.0, 20.0, 0.3, 0.3)",1.3251299262046814,0.21055686473846436,0.03762197494506836,2
seg+pos+rms+psd,"(3.0, 20.0, 0.3, 0.3)",1.3550236225128174,0.2903172969818115,0.3799903392791748,2
seg+pos+rms+psd,"(3.0, 20.0, 0.3, 0.3)",1.3017853498458862,0.38972580432891846,0.3588438034057617,2
seg+pos+rms+psd,"(3.0, 20.0, 0.3, 0.3)",1.3281776309013367,0.2552328109741211,0.2899138927459717,2
seg+pos+rms+psd,"(3.0, 20.0, 0.3, 0.3)",1.3173441886901855,0.25070011615753174,0.08895492553710938,2
seg+pos+rms+psd,"(3.0, 20.0, 0.3, 0.6)",1.1865580677986145,0.3154963254928589,0.24730706214904785,2
seg+pos+rms+psd,"(3.0, 20.0, 0.3, 0.6)",1.412465214729309,0.18893098831176758,0.3367433547973633,2
seg+pos+rms+psd,"(3.0, 20.0, 0.3, 0.6)",1.2919270396232605,0.20759856700897217,0.060062408447265625,2
seg+pos+rms+psd,"(3.0, 20.0, 0.3, 0.6)",1.3316038250923157,0.2518138885498047,0.05333280563354492,2
seg+pos+rms+psd,"(3.0, 20.0, 0.3, 0.6)",1.3576169610023499,0.01610875129699707,0.298459529876709,2
seg+pos+rms+psd,"(3.0, 20.0, 0.3, 0.6)",1.2666893005371094,0.24791789054870605,0.06781411170959473,2
seg+pos+rms+psd,"(3.0, 20.0, 0.3, 0.6)",1.2966222763061523,0.2853434085845947,0.006253242492675781,2
seg+pos+rms+psd,"(3.0, 20.0, 0.3, 0.6)",1.2621644735336304,0.2629873752593994,0.01870584487915039,2
seg+pos+rms+psd,"(3.0, 20.0, 0.3, 0.6)",1.3866986632347107,0.3308241367340088,0.10223984718322754,2
seg+pos+rms+psd,"(3.0, 20.0, 0.3, 0.6)",1.3120399713516235,0.19386553764343262,0.12823176383972168,2
seg+pos+rms+psd,"(3.0, 20.0, 0.3, 0.6)",1.29465252161026,0.20953142642974854,0.1290593147277832,2
seg+pos+rms+psd,"(3.0, 20.0, 0.3, 0.6)",1.3174952864646912,0.34730827808380127,0.09114933013916016,2
seg+pos+rms+psd,"(3.0, 20.0, 0.3, 0.6)",1.2775895595550537,0.33739399909973145,0.017119169235229492,2
seg+pos+rms+psd,"(3.0, 20.0, 0.3, 0.6)",1.3589311242103577,0.2755289077758789,0.4911990165710449,2
seg+pos+rms+psd,"(3.0, 20.0, 0.3, 0.6)",1.2772972583770752,0.22453010082244873,0.14642906188964844,2
seg+pos+rms+psd,"(3.0, 20.0, 0.3, -0.3)",1.307228446006775,0.11370968818664551,0.30323314666748047,2
seg+pos+rms+psd,"(3.0, 20.0, 0.3, -0.3)",1.3177213668823242,0.34083640575408936,0.7816576957702637,2
seg+pos+rms+psd,"(3.0, 20.0, 0.3, -0.3)",1.379272699356079,0.11170101165771484,0.41172218322753906,2
seg+pos+rms+psd,"(3.0, 20.0, 0.3, -0.3)",1.3086026906967163,0.0775519609451294,0.18156957626342773,2
seg+pos+rms+psd,"(3.0, 20.0, 0.3, -0.3)",1.405806064605713,0.06022763252258301,0.11751556396484375,2
seg+pos+rms+psd,"(3.0, 20.0, 0.3, -0.3)",1.3633365035057068,0.19660592079162598,0.43721628189086914,2
seg+pos+rms+psd,"(3.0, 20.0, 0.3, -0.3)",1.1990734338760376,0.36395883560180664,0.5434081554412842,2
seg+pos+rms+psd,"(3.0, 20.0, 0.3, -0.3)",1.3518263697624207,0.34235572814941406,0.5527863502502441,2
seg+pos+rms+psd,"(3.0, 20.0, 0.3, -0.3)",1.2875223755836487,0.1393289566040039,0.38114166259765625,2
seg+pos+rms+psd,"(3.0, 20.0, 0.3, -0.3)",1.3838198781013489,0.2133246660232544,0.46021318435668945,2
seg+pos+rms+psd,"(3.0, 20.0, 0.3, -0.3)",1.3457422256469727,0.3167678117752075,0.7622342109680176,2
seg+pos+rms+psd,"(3.0, 20.0, 0.3, -0.3)",1.3243657350540161,0.2010338306427002,0.5848388671875,2
seg+pos+rms+psd,"(3.0, 20.0, 0.3, -0.3)",1.361908197402954,0.30805814266204834,0.6374211311340332,2
seg+pos+rms+psd,"(3.0, 20.0, 0.3, -0.3)",1.3906756043434143,0.17500436305999756,0.3456578254699707,2
seg+pos+rms+psd,"(3.0, 20.0, 0.3, -0.3)",1.3136552572250366,0.21902251243591309,0.40514278411865234,2
seg+pos+rms+psd,"(3.0, 20.0, 0.7, 0.0)",0.7943224608898163,0.13530230522155762,0.028093338012695312,2
seg+pos+rms+psd,"(3.0, 20.0, 0.7, 0.0)",0.827380895614624,0.051175832748413086,0.017043590545654297,2
seg+pos+rms+psd,"(3.0, 20.0, 0.7, 0.0)",0.7946775853633881,0.04474222660064697,0.1042790412902832,2
seg+pos+rms+psd,"(3.0, 20.0, 0.7, 0.0)",0.776736319065094,0.04981529712677002,0.012753009796142578,2
seg+pos+rms+psd,"(3.0, 20.0, 0.7, 0.0)",0.7880238890647888,0.026826024055480957,0.0057525634765625,2
seg+pos+rms+psd,"(3.0, 20.0, 0.7, 0.0)",0.7179629802703857,0.11858344078063965,0.17472457885742188,2
seg+pos+rms+psd,"(3.0, 20.0, 0.7, 0.0)",0.8377394676208496,0.08288264274597168,0.050930023193359375,2
seg+pos+rms+psd,"(3.0, 20.0, 0.7, 0.0)",0.7711968123912811,0.031639933586120605,0.06132936477661133,2
seg+pos+rms+psd,"(3.0, 20.0, 0.7, 0.0)",0.7338089048862457,0.044289588928222656,0.24651336669921875,2
seg+pos+rms+psd,"(3.0, 20.0, 0.7, 0.0)",0.7171486616134644,0.09649980068206787,0.11119222640991211,2
seg+pos+rms+psd,"(3.0, 20.0, 0.7, 0.0)",0.7562061250209808,0.028254985809326172,0.029915332794189453,2
seg+pos+rms+psd,"(3.0, 20.0, 0.7, 0.0)",0.7889889776706696,0.025957703590393066,0.11224508285522461,2
seg+pos+rms+psd,"(3.0, 20.0, 0.7, 0.0)",0.7082803249359131,0.05810403823852539,0.08188295364379883,2
seg+pos+rms+psd,"(3.0, 20.0, 0.7, 0.0)",0.7983159720897675,0.037064194679260254,0.01383829116821289,2
seg+pos+rms+psd,"(3.0, 20.0, 0.7, 0.0)",0.7901820838451385,0.10525989532470703,0.03431987762451172,2
seg+pos+rms+psd,"(3.0, 20.0, 0.7, 0.3)",0.7295830249786377,0.1531907320022583,0.15840530395507812,2
seg+pos+rms+psd,"(3.0, 20.0, 0.7, 0.3)",0.771515816450119,0.05587911605834961,0.0334782600402832,2
seg+pos+rms+psd,"(3.0, 20.0, 0.7, 0.3)",0.8282650113105774,0.05366873741149902,0.1494276523590088,2
seg+pos+rms+psd,"(3.0, 20.0, 0.7, 0.3)",0.8404536247253418,0.08637809753417969,0.045470237731933594,2
seg+pos+rms+psd,"(3.0, 20.0, 0.7, 0.3)",0.7758454382419586,0.10340631008148193,0.16016817092895508,2
seg+pos+rms+psd,"(3.0, 20.0, 0.7, 0.3)",0.8146614134311676,0.0691908597946167,0.053342342376708984,2
seg+pos+rms+psd,"(3.0, 20.0, 0.7, 0.3)",0.7736663222312927,0.08017563819885254,0.08363795280456543,2
seg+pos+rms+psd,"(3.0, 20.0, 0.7, 0.3)",0.7286621928215027,0.11122119426727295,0.046198368072509766,2
seg+pos+rms+psd,"(3.0, 20.0, 0.7, 0.3)",0.8127982020378113,0.09529531002044678,0.07051610946655273,2
seg+pos+rms+psd,"(3.0, 20.0, 0.7, 0.3)",0.7680461406707764,0.01697540283203125,0.019324302673339844,2
seg+pos+rms+psd,"(3.0, 20.0, 0.7, 0.3)",0.7295161485671997,0.04379570484161377,0.08241724967956543,2
seg+pos+rms+psd,"(3.0, 20.0, 0.7, 0.3)",0.8255589604377747,0.10457742214202881,0.039906978607177734,2
seg+pos+rms+psd,"(3.0, 20.0, 0.7, 0.3)",0.757838100194931,0.009705305099487305,0.050470829010009766,2
seg+pos+rms+psd,"(3.0, 20.0, 0.7, 0.3)",0.7813599705696106,0.08811628818511963,0.08689355850219727,2
seg+pos+rms+psd,"(3.0, 20.0, 0.7, 0.3)",0.7492664754390717,0.06548047065734863,0.024682044982910156,2
seg+pos+rms+psd,"(3.0, 20.0, 0.7, 0.6)",0.7631793022155762,0.07112312316894531,0.055043697357177734,2
seg+pos+rms+psd,"(3.0, 20.0, 0.7, 0.6)",0.7466200590133667,0.03381061553955078,0.13869285583496094,2
seg+pos+rms+psd,"(3.0, 20.0, 0.7, 0.6)",0.8183415234088898,0.10800552368164062,0.3353755474090576,2
seg+pos+rms+psd,"(3.0, 20.0, 0.7, 0.6)",0.6448856890201569,0.04892683029174805,0.013868331909179688,2
seg+pos+rms+psd,"(3.0, 20.0, 0.7, 0.6)",0.7697028517723083,0.036667823791503906,0.07950139045715332,2
seg+pos+rms+psd,"(3.0, 20.0, 0.7, 0.6)",0.7990313172340393,0.0391845703125,0.06999659538269043,2
seg+pos+rms+psd,"(3.0, 20.0, 0.7, 0.6)",0.7278275489807129,0.08328402042388916,0.03639101982116699,2
seg+pos+rms+psd,"(3.0, 20.0, 0.7, 0.6)",0.748253583908081,0.11303591728210449,0.13869428634643555,2
seg+pos+rms+psd,"(3.0, 20.0, 0.7, 0.6)",0.8320817947387695,0.09992504119873047,0.14588594436645508,2
seg+pos+rms+psd,"(3.0, 20.0, 0.7, 0.6)",0.7388370931148529,0.06495058536529541,0.035085201263427734,2
seg+pos+rms+psd,"(3.0, 20.0, 0.7, 0.6)",0.7164585590362549,0.035475730895996094,0.06008148193359375,2
seg+pos+rms+psd,"(3.0, 20.0, 0.7, 0.6)",0.7741512358188629,0.025696754455566406,0.04753446578979492,2
seg+pos+rms+psd,"(3.0, 20.0, 0.7, 0.6)",0.7714712023735046,0.06915557384490967,0.028560638427734375,2
seg+pos+rms+psd,"(3.0, 20.0, 0.7, 0.6)",0.887302964925766,0.08761537075042725,0.31719517707824707,2
seg+pos+rms+psd,"(3.0, 20.0, 0.7, 0.6)",0.7853940427303314,0.12792551517486572,0.11583137512207031,2
seg+pos+rms+psd,"(3.0, 20.0, 0.7, -0.3)",0.8340342044830322,0.09981513023376465,0.08266782760620117,2
seg+pos+rms+psd,"(3.0, 20.0, 0.7, -0.3)",0.7493180632591248,0.04618120193481445,0.10422849655151367,2
seg+pos+rms+psd,"(3.0, 20.0, 0.7, -0.3)",0.7778568863868713,0.07932078838348389,0.18115949630737305,2
seg+pos+rms+psd,"(3.0, 20.0, 0.7, -0.3)",0.7808440327644348,0.052924275398254395,0.12685871124267578,2
seg+pos+rms+psd,"(3.0, 20.0, 0.7, -0.3)",0.7425999939441681,0.08782064914703369,0.16143465042114258,2
seg+pos+rms+psd,"(3.0, 20.0, 0.7, -0.3)",0.7492451071739197,0.07944059371948242,0.09097957611083984,2
seg+pos+rms+psd,"(3.0, 20.0, 0.7, -0.3)",0.7442625164985657,0.06260144710540771,0.15567684173583984,2
seg+pos+rms+psd,"(3.0, 20.0, 0.7, -0.3)",0.7657581865787506,0.09200096130371094,0.23702383041381836,2
seg+pos+rms+psd,"(3.0, 20.0, 0.7, -0.3)",0.6986552476882935,0.04295313358306885,0.017083168029785156,2
seg+pos+rms+psd,"(3.0, 20.0, 0.7, -0.3)",0.7569558322429657,0.11857998371124268,0.044704437255859375,2
seg+pos+rms+psd,"(3.0, 20.0, 0.7, -0.3)",0.7232141494750977,0.04446375370025635,0.053759098052978516,2
seg+pos+rms+psd,"(3.0, 20.0, 0.7, -0.3)",0.9160873293876648,0.08904719352722168,0.012179851531982422,2
seg+pos+rms+psd,"(3.0, 20.0, 0.7, -0.3)",0.8192183971405029,0.10661649703979492,0.0715641975402832,2
seg+pos+rms+psd,"(3.0, 20.0, 0.7, -0.3)",0.8183523118495941,0.08224833011627197,0.10311031341552734,2
seg+pos+rms+psd,"(3.0, 20.0, 0.7, -0.3)",0.8123148679733276,0.09898662567138672,0.022405624389648438,2
full,"(1.5, 8.0, 0.3, 0.0)",0.9202268719673157,0.16720372438430786,0.09969449043273926,0
full,"(1.5, 8.0, 0.3, 0.0)",0.8357885181903839,0.22650527954101562,0.2812107801437378,0
full,"(1.5, 8.0, 0.3, 0.0)",0.8954736888408661,0.2168262004852295,0.4385049343109131,0
full,"(1.5, 8.0, 0.3, 0.0)",0.873697817325592,0.2812182307243347,0.3336714506149292,0
full,"(1.5, 8.0, 0.3, 0.0)",0.844289243221283,0.3318931460380554,0.40186142921447754,0
full,"(1.5, 8.0, 0.3, 0.0)",0.8980637788772583,0.24839448928833008,0.28131580352783203,0
full,"(1.5, 8.0, 0.3, 0.0)",0.8636212348937988,0.2309163212776184,0.3330717086791992,0
full,"(1.5, 8.0, 0.3, 0.0)",0.8745163381099701,0.27770161628723145,0.4391587972640991,0
full,"(1.5, 8.0, 0.3, 0.0)",0.8954648375511169,0.18458497524261475,0.2327944040298462,0
full,"(1.5, 8.0, 0.3, 0.0)",0.8887753486633301,0.3235395550727844,0.40274786949157715,0
full,"(1.5, 8.0, 0.3, 0.0)",0.8692224621772766,0.20276516675949097,0.37444162368774414,0
full,"(1.5, 8.0, 0.3, 0.0)",0.8438994288444519,0.2870522141456604,0.538560152053833,0
full,"(1.5, 8.0, 0.3, 0.0)",0.9132429957389832,0.06911534070968628,0.04309678077697754,0
full,"(1.5, 8.0, 0.3, 0.0)",0.8923433721065521,0.15596997737884521,0.21733570098876953,0
full,"(1.5, 8.0, 0.3, 0.0)",0.8570315539836884,0.24321776628494263,0.35791635513305664,0
full,"(1.5, 8.0, 0.3, 0.3)",0.8581163883209229,0.2161264419555664,0.2159557342529297,0
full,"(1.5, 8.0, 0.3, 0.3)",0.8687630891799927,0.2655182480812073,0.22561204433441162,0
full,"(1.5, 8.0, 0.3, 0.3)",0.8818126916885376,0.2327825427055359,0.13994991779327393,0
full,"(1.5, 8.0, 0.3, 0.3)",0.8165383636951447,0.181837797164917,0.11252093315124512,0
full,"(1.5, 8.0, 0.3, 0.3)",0.8402982950210571,0.2760206460952759,0.356509804725647,0
full,"(1.5, 8.0, 0.3, 0.3)",0.8690817356109619,0.2523571252822876,0.3875606060028076,0
full,"(1.5, 8.0, 0.3, 0.3)",0.8737989366054535,0.25237512588500977,0.22679579257965088,0
full,"(1.5, 8.0, 0.3, 0.3)",0.8776245415210724,0.2425662875175476,0.024170637130737305,0
full,"(1.5, 8.0, 0.3, 0.3)",0.8871893882751465,0.41292643547058105,0.36268770694732666,0
full,"(1.5, 8.0, 0.3, 0.3)",0.860484391450882,0.30199217796325684,0.38323652744293213,0
full,"(1.5, 8.0, 0.3, 0.3)",0.8831313252449036,0.3447520136833191,0.329448938369751,0
full,"(1.5, 8.0, 0.3, 0.3)",0.913558840751648,0.19128131866455078,0.09386610984802246,0
full,"(1.5, 8.0, 0.3, 0.3)",0.9191029667854309,0.1442040205001831,0.11791932582855225,0
full,"(1.5, 8.0, 0.3, 0.3)",0.8227744698524475,0.365057110786438,0.4981337785720825,0
full,"(1.5, 8.0, 0.3, 0.3)",0.8472101986408234,0.37762606143951416,0.33460450172424316,0
full,"(1.5, 8.0, 0.3, 0.6)",0.8549272418022156,0.2845299243927002,0.14452528953552246,0
full,"(1.5, 8.0, 0.3, 0.6)",0.8531641662120819,0.3623389005661011,0.23720777034759521,0
full,"(1.5, 8.0, 0.3, 0.6)",0.8553193211555481,0.30718135833740234,0.2566746473312378,0
full,"(1.5, 8.0, 0.3, 0.6)",0.920242965221405,0.2409120798110962,0.54058837890625,0
full,"(1.5, 8.0, 0.3, 0.6)",0.9466349482536316,0.09096419811248779,0.3863234519958496,0
full,"(1.5, 8.0, 0.3, 0.6)",0.8536154925823212,0.3598780035972595,0.216957688331604,0
full,"(1.5, 8.0, 0.3, 0.6)",0.8815875053405762,0.3040543794631958,0.15844082832336426,0
full,"(1.5, 8.0, 0.3, 0.6)",0.892992377281189,0.2879739999771118,0.24734830856323242,0
full,"(1.5, 8.0, 0.3, 0.6)",0.915112316608429,0.32821351289749146,0.1073075532913208,0
full,"(1.5, 8.0, 0.3, 0.6)",0.874512255191803,0.2970355153083801,0.16936004161834717,0
full,"(1.5, 8.0, 0.3, 0.6)",0.8723925650119781,0.25910788774490356,0.024166107177734375,0
full,"(1.5, 8.0, 0.3, 0.6)",0.8721531331539154,0.23000741004943848,0.029577016830444336,0
full,"(1.5, 8.0, 0.3, 0.6)",0.8203001022338867,0.23316597938537598,0.05916941165924072,0
full,"(1.5, 8.0, 0.3, 0.6)",0.8932337164878845,0.11565810441970825,0.10030174255371094,0
full,"(1.5, 8.0, 0.3, 0.6)",0.8385318219661713,0.3347967267036438,0.1787104606628418,0
full,"(1.5, 8.0, 0.3, -0.3)",0.9413658380508423,0.21022683382034302,0.3871951103210449,0
full,"(1.5, 8.0, 0.3, -0.3)",0.8918975591659546,0.22367531061172485,0.3829042911529541,0
full,"(1.5, 8.0, 0.3, -0.3)",0.8529743254184723,0.14431357383728027,0.3591463565826416,0
full,"(1.5, 8.0, 0.3, -0.3)",0.8859731554985046,0.3788646459579468,0.6163878440856934,0
full,"(1.5, 8.0, 0.3, -0.3)",0.9193166494369507,0.17865079641342163,0.37857985496520996,0
full,"(1.5, 8.0, 0.3, -0.3)",0.9131090342998505,0.25880587100982666,0.5182907581329346,0
full,"(1.5, 8.0, 0.3, -0.3)",0.891893595457077,0.08391410112380981,0.16896748542785645,0
full,"(1.5, 8.0, 0.3, -0.3)",0.852812260389328,0.28629225492477417,0.4648594856262207,0
full,"(1.5, 8.0, 0.3, -0.3)",0.9011947512626648,0.3975217938423157,0.7721734046936035,0
full,"(1.5, 8.0, 0.3, -0.3)",0.872519314289093,0.19693785905838013,0.3680349588394165,0
full,"(1.5, 8.0, 0.3, -0.3)",0.885098934173584,0.3617217540740967,0.5975745916366577,0
full,"(1.5, 8.0, 0.3, -0.3)",0.8569612801074982,0.3223034739494324,0.5624518394470215,0
full,"(1.5, 8.0, 0.3, -0.3)",0.8603099286556244,0.3147692084312439,0.5936036109924316,0
full,"(1.5, 8.0, 0.3, -0.3)",0.9303879737854004,0.14265310764312744,0.4021867513656616,0
full,"(1.5, 8.0, 0.3, -0.3)",0.8812451958656311,0.1758745312690735,0.28270459175109863,0
full,"(1.5, 8.0, 0.7, 0.0)",0.6679414510726929,0.1130484938621521,0.2097543478012085,0
full,"(1.5, 8.0, 0.7, 0.0)",0.6400953829288483,0.05197340250015259,0.09146428108215332,0
full,"(1.5, 8.0, 0.7, 0.0)",0.6768148243427277,0.11351251602172852,0.22278666496276855,0
full,"(1.5, 8.0, 0.7, 0.0)",0.7344184815883636,0.16149145364761353,0.052843570709228516,0
full,"(1.5, 8.0, 0.7, 0.0)",0.6151481866836548,0.19638830423355103,0.0066051483154296875,0
full,"(1.5, 8.0, 0.7, 0.0)",0.678960919380188,0.03648859262466431,0.1190025806427002,0
full,"(1.5, 8.0, 0.7, 0.0)",0.6427147686481476,0.13846439123153687,0.2773939371109009,0
full,"(1.5, 8.0, 0.7, 0.0)",0.6422483325004578,0.11032718420028687,0.14272141456604004,0
full,"(1.5, 8.0, 0.7, 0.0)",0.6295554041862488,0.08494752645492554,0.24697649478912354,0
full,"(1.5, 8.0, 0.7, 0.0)",0.6713976263999939,0.056971073150634766,0.007386684417724609,0
full,"(1.5, 8.0, 0.7, 0.0)",0.6538877487182617,0.11084818840026855,0.08751082420349121,0
full,"(1.5, 8.0, 0.7, 0.0)",0.6644884645938873,0.0907052755355835,0.16634631156921387,0
full,"(1.5, 8.0, 0.7, 0.0)",0.6575796604156494,0.12463384866714478,0.12554240226745605,0
full,"(1.5, 8.0, 0.7, 0.0)",0.6339595913887024,0.15544158220291138,0.1726212501525879,0
full,"(1.5, 8.0, 0.7, 0.0)",0.7210877239704132,0.10194885730743408,0.009377479553222656,0
full,"(1.5, 8.0, 0.7, 0.3)",0.6445247530937195,0.1819172501564026,0.10923159122467041,0
full,"(1.5, 8.0, 0.7, 0.3)",0.6390368342399597,0.043357908725738525,0.021505355834960938,0
full,"(1.5, 8.0, 0.7, 0.3)",0.6249028742313385,0.07725632190704346,0.10613024234771729,0
full,"(1.5, 8.0, 0.7, 0.3)",0.6667429208755493,0.08132803440093994,0.07033252716064453,0
full,"(1.5, 8.0, 0.7, 0.3)",0.6887576282024384,0.17636442184448242,0.04076385498046875,0
full,"(1.5, 8.0, 0.7, 0.3)",0.7224027216434479,0.12958592176437378,0.08744776248931885,0
full,"(1.5, 8.0, 0.7, 0.3)",0.6579780280590057,0.13146919012069702,0.10136449337005615,0
full,"(1.5, 8.0, 0.7, 0.3)",0.6580341756343842,0.10130763053894043,0.07614541053771973,0
full,"(1.5, 8.0, 0.7, 0.3)",0.6680517792701721,0.11164188385009766,0.20083904266357422,0
full,"(1.5, 8.0, 0.7, 0.3)",0.713876485824585,0.11991429328918457,0.10226869583129883,0
full,"(1.5, 8.0, 0.7, 0.3)",0.6754030287265778,0.07419478893280029,0.11557912826538086,0
full,"(1.5, 8.0, 0.7, 0.3)",0.6445038616657257,0.12684696912765503,0.16274094581604004,0
full,"(1.5, 8.0, 0.7, 0.3)",0.6230901181697845,0.026284635066986084,0.03568005561828613,0
full,"(1.5, 8.0, 0.7, 0.3)",0.6816405057907104,0.11158490180969238,0.11012160778045654,0
full,"(1.5, 8.0, 0.7, 0.3)",0.6295379102230072,0.12065237760543823,0.01835811138153076,0
full,"(1.5, 8.0, 0.7, 0.6)",0.6704947650432587,0.022525310516357422,0.19381749629974365,0
full,"(1.5, 8.0, 0.7, 0.6)",0.6722498834133148,0.10714876651763916,0.04937779903411865,0
full,"(1.5, 8.0, 0.7, 0.6)",0.6057288348674774,0.12270069122314453,0.061151862144470215,0
full,"(1.5, 8.0, 0.7, 0.6)",0.7018065452575684,0.09681695699691772,0.11013853549957275,0
full,"(1.5, 8.0, 0.7, 0.6)",0.6730769872665405,0.1635819673538208,0.012309074401855469,0
full,"(1.5, 8.0, 0.7, 0.6)",0.686258465051651,0.09591370820999146,0.10092103481292725,0
full,"(1.5, 8.0, 0.7, 0.6)",0.6585594713687897,0.08437567949295044,0.1349806785583496,0
full,"(1.5, 8.0, 0.7, 0.6)",0.6939070820808411,0.22123277187347412,0.10204088687896729,0
full,"(1.5, 8.0, 0.7, 0.6)",0.7156546711921692,0.12615078687667847,0.3125295639038086,0
full,"(1.5, 8.0, 0.7, 0.6)",0.7245921492576599,0.181393563747406,0.5857951641082764,0
full,"(1.5, 8.0, 0.7, 0.6)",0.6659176647663116,0.05708420276641846,0.1545485258102417,0
full,"(1.5, 8.0, 0.7, 0.6)",0.6984445750713348,0.1811191439628601,0.34592604637145996,0
full,"(1.5, 8.0, 0.7, 0.6)",0.6740493476390839,0.09303158521652222,0.011781573295593262,0
full,"(1.5, 8.0, 0.7, 0.6)",0.6875144243240356,0.15710586309432983,0.020879268646240234,0
full,"(1.5, 8.0, 0.7, 0.6)",0.6903216540813446,0.05287545919418335,0.20922362804412842,0
full,"(1.5, 8.0, 0.7, -0.3)",0.6954381167888641,0.12647151947021484,0.2370915412902832,0
full,"(1.5, 8.0, 0.7, -0.3)",0.6884487867355347,0.14480578899383545,0.2010500431060791,0
full,"(1.5, 8.0, 0.7, -0.3)",0.6535157561302185,0.1374603509902954,0.24768662452697754,0
full,"(1.5, 8.0, 0.7, -0.3)",0.6550150811672211,0.08702445030212402,0.1540524959564209,0
full,"(1.5, 8.0, 0.7, -0.3)",0.6532186269760132,0.11406177282333374,0.19538426399230957,0
full,"(1.5, 8.0, 0.7, -0.3)",0.6536473333835602,0.11560839414596558,0.2550339698791504,0
full,"(1.5, 8.0, 0.7, -0.3)",0.7214250564575195,0.14463204145431519,0.08724546432495117,0
full,"(1.5, 8.0, 0.7, -0.3)",0.6364409625530243,0.24610716104507446,0.08414840698242188,0
full,"(1.5, 8.0, 0.7, -0.3)",0.6638671159744263,0.10558485984802246,0.27625155448913574,0
full,"(1.5, 8.0, 0.7, -0.3)",0.684150904417038,0.05527395009994507,0.05566668510437012,0
full,"(1.5, 8.0, 0.7, -0.3)",0.6643502116203308,0.17435157299041748,0.2719113826751709,0
full,"(1.5, 8.0, 0.7, -0.3)",0.6570605933666229,0.1348966360092163,0.34985268115997314,0
full,"(1.5, 8.0, 0.7, -0.3)",0.6684624254703522,0.09726643562316895,0.24207675457000732,0
full,"(1.5, 8.0, 0.7, -0.3)",0.6582982540130615,0.22949248552322388,0.490070104598999,0
full,"(1.5, 8.0, 0.7, -0.3)",0.6974169015884399,0.10126972198486328,0.14345979690551758,0
full,"(1.5, 20.0, 0.3, 0.0)",0.720048189163208,0.16622287034988403,0.2804546356201172,0
full,"(1.5, 20.0, 0.3, 0.0)",0.692656397819519,0.1820298433303833,0.18130135536193848,0
full,"(1.5, 20.0, 0.3, 0.0)",0.7273042500019073,0.16714167594909668,0.2831301689147949,0
full,"(1.5, 20.0, 0.3, 0.0)",0.7353425621986389,0.11390852928161621,0.06130051612854004,0
full,"(1.5, 20.0, 0.3, 0.0)",0.7407685220241547,0.0948454737663269,0.16540932655334473,0
full,"(1.5, 20.0, 0.3, 0.0)",0.664800763130188,0.16399580240249634,0.133836030960083,0
full,"(1.5, 20.0, 0.3, 0.0)",0.7123465538024902,0.17674720287322998,0.2544339895248413,0
full,"(1.5, 20.0, 0.3, 0.0)",0.7330977320671082,0.23737823963165283,0.31682288646698,0
full,"(1.5, 20.0, 0.3, 0.0)",0.7609721720218658,0.09056782722473145,0.06412911415100098,0
full,"(1.5, 20.0, 0.3, 0.0)",0.7652114033699036,0.15497314929962158,0.2626136541366577,0
full,"(1.5, 20.0, 0.3, 0.0)",0.7263844013214111,0.10993808507919312,0.11690449714660645,0
full,"(1.5, 20.0, 0.3, 0.0)",0.7295449078083038,0.20840078592300415,0.29457879066467285,0
full,"(1.5, 20.0, 0.3, 0.0)",0.7034258246421814,0.09511858224868774,0.11489558219909668,0
full,"(1.5, 20.0, 0.3, 0.0)",0.7520721554756165,0.07207489013671875,0.03309917449951172,0
full,"(1.5, 20.0, 0.3, 0.0)",0.7077187299728394,0.17608553171157837,0.28665149211883545,0
full,"(1.5, 20.0, 0.3, 0.3)",0.73423171043396,0.13371145725250244,0.09404134750366211,0
full,"(1.5, 20.0, 0.3, 0.3)",0.7493902742862701,0.13691264390945435,0.06037271022796631,0
full,"(1.5, 20.0, 0.3, 0.3)",0.7091264426708221,0.1560457944869995,0.24692630767822266,0
full,"(1.5, 20.0, 0.3, 0.3)",0.7252388000488281,0.13264065980911255,0.13370728492736816,0
full,"(1.5, 20.0, 0.3, 0.3)",0.7429451942443848,0.18033307790756226,0.16678428649902344,0
full,"(1.5, 20.0, 0.3, 0.3)",0.7304615676403046,0.014462113380432129,0.07329094409942627,0
full,"(1.5, 20.0, 0.3, 0.3)",0.7336400747299194,0.09483766555786133,0.15591490268707275,0
full,"(1.5, 20.0, 0.3, 0.3)",0.7067060768604279,0.15177613496780396,0.08413147926330566,0
full,"(1.5, 20.0, 0.3, 0.3)",0.6753623187541962,0.08746379613876343,0.040715575218200684,0
full,"(1.5, 20.0, 0.3, 0.3)",0.7408522367477417,0.11506736278533936,0.18963611125946045,0
full,"(1.5, 20.0, 0.3, 0.3)",0.6883282363414764,0.13871681690216064,0.17099201679229736,0
full,"(1.5, 20.0, 0.3, 0.3)",0.7086616456508636,0.20156461000442505,0.18604600429534912,0
full,"(1.5, 20.0, 0.3, 0.3)",0.6775420308113098,0.1459103226661682,0.1254183053970337,0
full,"(1.5, 20.0, 0.3, 0.3)",0.6960911154747009,0.09269523620605469,0.18763220310211182,0
full,"(1.5, 20.0, 0.3, 0.3)",0.7261123657226562,0.11001944541931152,0.07942855358123779,0
full,"(1.5, 20.0, 0.3, 0.6)",0.7841161489486694,0.02998518943786621,0.2553372383117676,0
full,"(1.5, 20.0, 0.3, 0.6)",0.7008901238441467,0.1848805546760559,0.11694991588592529,0
full,"(1.5, 20.0, 0.3, 0.6)",0.7181234359741211,0.07192867994308472,0.03010547161102295,0
full,"(1.5, 20.0, 0.3, 0.6)",0.6892739832401276,0.19882482290267944,0.10255908966064453,0
full,"(1.5, 20.0, 0.3, 0.6)",0.743110716342926,0.11507689952850342,0.04813981056213379,0
full,"(1.5, 20.0, 0.3, 0.6)",0.7457369565963745,0.13536149263381958,0.22541773319244385,0
full,"(1.5, 20.0, 0.3, 0.6)",0.8110044300556183,0.008880138397216797,0.29022300243377686,0
full,"(1.5, 20.0, 0.3, 0.6)",0.7214846312999725,0.11780208349227905,0.006865024566650391,0
full,"(1.5, 20.0, 0.3, 0.6)",0.8324824571609497,0.21437305212020874,0.4767724275588989,0
full,"(1.5, 20.0, 0.3, 0.6)",0.7149625420570374,0.13675767183303833,0.056436777114868164,0
full,"(1.5, 20.0, 0.3, 0.6)",0.7257457971572876,0.18040192127227783,0.1775580644607544,0
full,"(1.5, 20.0, 0.3, 0.6)",0.7028576135635376,0.21612495183944702,0.16646325588226318,0
full,"(1.5, 20.0, 0.3, 0.6)",0.7267675399780273,0.10493254661560059,0.07528889179229736,0
full,"(1.5, 20.0, 0.3, 0.6)",0.7039104700088501,0.1497681736946106,0.13492679595947266,0
full,"(1.5, 20.0, 0.3, 0.6)",0.6891041398048401,0.14103245735168457,0.04120481014251709,0
full,"(1.5, 20.0, 0.3, -0.3)",0.69816854596138,0.15295231342315674,0.2870117425918579,0
full,"(1.5, 20.0, 0.3, -0.3)",0.7216636538505554,0.15073269605636597,0.24804472923278809,0
full,"(1.5, 20.0, 0.3, -0.3)",0.6633635759353638,0.09833335876464844,0.143218994140625,0
full,"(1.5, 20.0, 0.3, -0.3)",0.6989971697330475,0.20331865549087524,0.29816675186157227,0
full,"(1.5, 20.0, 0.3, -0.3)",0.7286752462387085,0.16894471645355225,0.3579636812210083,0
full,"(1.5, 20.0, 0.3, -0.3)",0.7125624418258667,0.1384110450744629,0.3210012912750244,0
full,"(1.5, 20.0, 0.3, -0.3)",0.7266269326210022,0.1260647177696228,0.20146560668945312,0
full,"(1.5, 20.0, 0.3, -0.3)",0.7026321887969971,0.09009617567062378,0.20191717147827148,0
full,"(1.5, 20.0, 0.3, -0.3)",0.6971806585788727,0.08977746963500977,0.17937302589416504,0
full,"(1.5, 20.0, 0.3, -0.3)",0.7034152746200562,0.1367737054824829,0.2167823314666748,0
full,"(1.5, 20.0, 0.3, -0.3)",0.7319343090057373,0.05352580547332764,0.08200955390930176,0
full,"(1.5, 20.0, 0.3, -0.3)",0.7005628049373627,0.0968199372291565,0.05228257179260254,0
full,"(1.5, 20.0, 0.3, -0.3)",0.688753753900528,0.1479695439338684,0.21527814865112305,0
full,"(1.5, 20.0, 0.3, -0.3)",0.7398898303508759,0.04744940996170044,0.11532735824584961,0
full,"(1.5, 20.0, 0.3, -0.3)",0.7377074956893921,0.13810735940933228,0.3063652515411377,0
full,"(1.5, 20.0, 0.7, 0.0)",0.5007525980472565,0.0399245023727417,0.0028390884399414062,0
full,"(1.5, 20.0, 0.7, 0.0)",0.49640075862407684,0.04249495267868042,0.0569157600402832,0
full,"(1.5, 20.0, 0.7, 0.0)",0.5031456351280212,0.053765952587127686,0.06208992004394531,0
full,"(1.5, 20.0, 0.7, 0.0)",0.5022731721401215,0.022067606449127197,0.008751869201660156,0
full,"(1.5, 20.0, 0.7, 0.0)",0.48684486746788025,0.035273730754852295,0.0036940574645996094,0
full,"(1.5, 20.0, 0.7, 0.0)",0.5093184262514114,0.026912212371826172,0.03465604782104492,0
full,"(1.5, 20.0, 0.7, 0.0)",0.4630297124385834,0.0412447452545166,0.14026880264282227,0
full,"(1.5, 20.0, 0.7, 0.0)",0.5091912746429443,0.10790431499481201,0.26581883430480957,0
full,"(1.5, 20.0, 0.7, 0.0)",0.5527383983135223,0.178754985332489,0.3000059127807617,0
full,"(1.5, 20.0, 0.7, 0.0)",0.5056246519088745,0.002775430679321289,0.0424342155456543,0
full,"(1.5, 20.0, 0.7, 0.0)",0.5365345776081085,0.07229745388031006,0.019562959671020508,0
full,"(1.5, 20.0, 0.7, 0.0)",0.49023327231407166,0.06776249408721924,0.047423601150512695,0
full,"(1.5, 20.0, 0.7, 0.0)",0.5259818881750107,0.040469467639923096,0.04432106018066406,0
full,"(1.5, 20.0, 0.7, 0.0)",0.436676561832428,0.021665334701538086,0.026974797248840332,0
full,"(1.5, 20.0, 0.7, 0.0)",0.4809984862804413,0.02546095848083496,0.0021851062774658203,0
full,"(1.5, 20.0, 0.7, 0.3)",0.4631955325603485,0.05613052845001221,0.08425509929656982,0
full,"(1.5, 20.0, 0.7, 0.3)",0.49568066000938416,0.046485841274261475,0.0493088960647583,0
full,"(1.5, 20.0, 0.7, 0.3)",0.5018017590045929,0.10362917184829712,0.17753195762634277,0
full,"(1.5, 20.0, 0.7, 0.3)",0.4907340109348297,0.01597386598587036,0.12512946128845215,0
full,"(1.5, 20.0, 0.7, 0.3)",0.49282093346118927,0.06004589796066284,0.14654934406280518,0
full,"(1.5, 20.0, 0.7, 0.3)",0.49391043186187744,0.07812589406967163,0.037078857421875,0
full,"(1.5, 20.0, 0.7, 0.3)",0.48247042298316956,0.07871007919311523,0.0851292610168457,0
full,"(1.5, 20.0, 0.7, 0.3)",0.4813132882118225,0.04266047477722168,0.09767913818359375,0
full,"(1.5, 20.0, 0.7, 0.3)",0.5216190814971924,0.13651466369628906,0.23038089275360107,0
full,"(1.5, 20.0, 0.7, 0.3)",0.4492228329181671,0.04579967260360718,0.02623283863067627,0
full,"(1.5, 20.0, 0.7, 0.3)",0.48248860239982605,0.021070897579193115,0.042326927185058594,0
full,"(1.5, 20.0, 0.7, 0.3)",0.4959024041891098,0.029825985431671143,0.04569053649902344,0
full,"(1.5, 20.0, 0.7, 0.3)",0.487347275018692,0.039588987827301025,0.0075566768646240234,0
full,"(1.5, 20.0, 0.7, 0.3)",0.5063016414642334,0.05496811866760254,0.0986475944519043,0
full,"(1.5, 20.0, 0.7, 0.3)",0.5334450304508209,0.04741477966308594,0.13070344924926758,0
full,"(1.5, 20.0, 0.7, 0.6)",0.44437992572784424,0.06260627508163452,0.05745887756347656,0
full,"(1.5, 20.0, 0.7, 0.6)",0.48573169112205505,0.04538017511367798,0.3070707321166992,0
full,"(1.5, 20.0, 0.7, 0.6)",0.49535201489925385,0.04513341188430786,0.08048677444458008,0
full,"(1.5, 20.0, 0.7, 0.6)",0.44635938107967377,0.03925389051437378,0.10002219676971436,0
full,"(1.5, 20.0, 0.7, 0.6)",0.4833236634731293,0.021210074424743652,0.13526272773742676,0
full,"(1.5, 20.0, 0.7, 0.6)",0.460967481136322,0.006634533405303955,0.057971835136413574,0
full,"(1.5, 20.0, 0.7, 0.6)",0.4753897488117218,0.03909504413604736,0.08291685581207275,0
full,"(1.5, 20.0, 0.7, 0.6)",0.5854259729385376,0.07940363883972168,0.31145918369293213,0
full,"(1.5, 20.0, 0.7, 0.6)",0.5140998214483261,0.09789299964904785,0.036496877670288086,0
full,"(1.5, 20.0, 0.7, 0.6)",0.5225376784801483,0.08711856603622437,0.3260260820388794,0
full,"(1.5, 20.0, 0.7, 0.6)",0.5364019870758057,0.009997785091400146,0.15329062938690186,0
full,"(1.5, 20.0, 0.7, 0.6)",0.5162246823310852,0.03948289155960083,0.11627423763275146,0
full,"(1.5, 20.0, 0.7, 0.6)",0.495535671710968,0.0024077296257019043,0.09108304977416992,0
full,"(1.5, 20.0, 0.7, 0.6)",0.5211541503667831,0.10596120357513428,0.3485250473022461,0
full,"(1.5, 20.0, 0.7, 0.6)",0.5362427681684494,0.01279228925704956,0.23252177238464355,0
full,"(1.5, 20.0, 0.7, -0.3)",0.49217405915260315,0.08465111255645752,0.0711662769317627,0
full,"(1.5, 20.0, 0.7, -0.3)",0.47082191705703735,0.026028990745544434,0.005898475646972656,0
full,"(1.5, 20.0, 0.7, -0.3)",0.5286306142807007,0.018866658210754395,0.01964879035949707,0
full,"(1.5, 20.0, 0.7, -0.3)",0.5068758875131607,0.058060526847839355,0.14861655235290527,0
full,"(1.5, 20.0, 0.7, -0.3)",0.5307981073856354,0.08083158731460571,0.08019304275512695,0
full,"(1.5, 20.0, 0.7, -0.3)",0.49682554602622986,0.043521225452423096,0.03749251365661621,0
full,"(1.5, 20.0, 0.7, -0.3)",0.499734029173851,0.08300691843032837,0.05211281776428223,0
full,"(1.5, 20.0, 0.7, -0.3)",0.4909156858921051,0.08618664741516113,0.06812715530395508,0
full,"(1.5, 20.0, 0.7, -0.3)",0.4515833854675293,0.010817289352416992,0.0014848709106445312,0
full,"(1.5, 20.0, 0.7, -0.3)",0.4963303804397583,0.039412617683410645,0.10241937637329102,0
full,"(1.5, 20.0, 0.7, -0.3)",0.516564667224884,0.059235215187072754,0.10947060585021973,0
full,"(1.5, 20.0, 0.7, -0.3)",0.47626200318336487,0.033717334270477295,0.1426854133605957,0
full,"(1.5, 20.0, 0.7, -0.3)",0.47146542370319366,0.020160198211669922,0.05342662334442139,0
full,"(1.5, 20.0, 0.7, -0.3)",0.5256396532058716,0.051145195960998535,0.06354045867919922,0
full,"(1.5, 20.0, 0.7, -0.3)",0.5061490088701248,0.08228754997253418,0.0061833858489990234,0
full,"(3.0, 8.0, 0.3, 0.0)",1.593141257762909,0.5572046041488647,0.6435897350311279,0
full,"(3.0, 8.0, 0.3, 0.0)",1.7426139116287231,0.24496936798095703,0.34433698654174805,0
full,"(3.0, 8.0, 0.3, 0.0)",1.6608145236968994,0.39654111862182617,0.6943936347961426,0
full,"(3.0, 8.0, 0.3, 0.0)",1.5930626392364502,0.39243757724761963,0.861302375793457,0
full,"(3.0, 8.0, 0.3, 0.0)",1.8213315606117249,0.2437877655029297,0.29605913162231445,0
full,"(3.0, 8.0, 0.3, 0.0)",1.6852976083755493,0.5524386167526245,0.7924244403839111,0
full,"(3.0, 8.0, 0.3, 0.0)",1.731347143650055,0.3077218532562256,0.49799633026123047,0
full,"(3.0, 8.0, 0.3, 0.0)",1.6944886445999146,0.40218985080718994,0.7428848743438721,0
full,"(3.0, 8.0, 0.3, 0.0)",1.6665606498718262,0.3695939779281616,0.4450678825378418,0
full,"(3.0, 8.0, 0.3, 0.0)",1.7527510523796082,0.29120194911956787,0.04302835464477539,0
full,"(3.0, 8.0, 0.3, 0.0)",1.7193577289581299,0.2463926076889038,0.3337244987487793,0
full,"(3.0, 8.0, 0.3, 0.0)",1.6948689222335815,0.3861541748046875,0.04139566421508789,0
full,"(3.0, 8.0, 0.3, 0.0)",1.709439754486084,0.31714022159576416,0.30329203605651855,0
full,"(3.0, 8.0, 0.3, 0.0)",1.7222567796707153,0.43185245990753174,0.6138818264007568,0
full,"(3.0, 8.0, 0.3, 0.0)",1.7755945920944214,0.43172359466552734,0.3147001266479492,0
full,"(3.0, 8.0, 0.3, 0.3)",1.767412006855011,0.45304620265960693,0.3386251926422119,0
full,"(3.0, 8.0, 0.3, 0.3)",1.7671958804130554,0.24451828002929688,0.38178324699401855,0
full,"(3.0, 8.0, 0.3, 0.3)",1.6788828372955322,0.3292478322982788,0.3065483570098877,0
full,"(3.0, 8.0, 0.3, 0.3)",1.6642690896987915,0.5404281616210938,0.4249105453491211,0
full,"(3.0, 8.0, 0.3, 0.3)",1.6556077003479004,0.3961089849472046,0.20628571510314941,0
full,"(3.0, 8.0, 0.3, 0.3)",1.5741440653800964,0.37045955657958984,0.4701828956604004,0
full,"(3.0, 8.0, 0.3, 0.3)",1.875594973564148,0.40661048889160156,0.19772553443908691,0
full,"(3.0, 8.0, 0.3, 0.3)",1.6181769967079163,0.4211456775665283,0.5992112159729004,0
full,"(3.0, 8.0, 0.3, 0.3)",1.7922272086143494,0.1862640380859375,0.29997849464416504,0
full,"(3.0, 8.0, 0.3, 0.3)",1.584363579750061,0.3802452087402344,0.35696935653686523,0
full,"(3.0, 8.0, 0.3, 0.3)",1.6471600532531738,0.5552902221679688,0.5007901191711426,0
full,"(3.0, 8.0, 0.3, 0.3)",1.7544929385185242,0.28922903537750244,0.22864484786987305,0
full,"(3.0, 8.0, 0.3, 0.3)",1.808748483657837,0.37244904041290283,0.26685047149658203,0
full,"(3.0, 8.0, 0.3, 0.3)",1.5994311571121216,0.5328999757766724,0.3471040725708008,0
full,"(3.0, 8.0, 0.3, 0.3)",1.5965464115142822,0.47257328033447266,0.46593713760375977,0
full,"(3.0, 8.0, 0.3, 0.6)",1.6653116941452026,0.33759641647338867,0.2630593776702881,0
full,"(3.0, 8.0, 0.3, 0.6)",1.6183105111122131,0.4160953760147095,0.1139075756072998,0
full,"(3.0, 8.0, 0.3, 0.6)",1.7385635375976562,0.18540024757385254,0.22197604179382324,0
full,"(3.0, 8.0, 0.3, 0.6)",1.64031583070755,0.539602518081665,0.16665887832641602,0
full,"(3.0, 8.0, 0.3, 0.6)",1.8110425472259521,0.11998164653778076,0.4303932189941406,0
full,"(3.0, 8.0, 0.3, 0.6)",1.7106659412384033,0.3223766088485718,0.1471269130706787,0
full,"(3.0, 8.0, 0.3, 0.6)",1.7451580166816711,0.3989161252975464,0.2727329730987549,0
full,"(3.0, 8.0, 0.3, 0.6)",1.5605779886245728,0.4212646484375,0.07669878005981445,0
full,"(3.0, 8.0, 0.3, 0.6)",1.6237139701843262,0.3862731456756592,0.05513644218444824,0
full,"(3.0, 8.0, 0.3, 0.6)",1.6365045309066772,0.4604980945587158,0.063751220703125,0
full,"(3.0, 8.0, 0.3, 0.6)",1.7874860763549805,0.37336766719818115,0.00440526008605957,0
full,"(3.0, 8.0, 0.3, 0.6)",1.6281179189682007,0.4978053569793701,0.22113847732543945,0
full,"(3.0, 8.0, 0.3, 0.6)",1.6768514513969421,0.6057530641555786,0.26119160652160645,0
full,"(3.0, 8.0, 0.3, 0.6)",1.6918754577636719,0.6603530645370483,0.24018192291259766,0
full,"(3.0, 8.0, 0.3, 0.6)",1.728690266609192,0.33751118183135986,0.41904377937316895,0
full,"(3.0, 8.0, 0.3, -0.3)",1.6278504729270935,0.3745478391647339,0.6979594230651855,0
full,"(3.0, 8.0, 0.3, -0.3)",1.757276713848114,0.3302112817764282,0.7725727558135986,0
full,"(3.0, 8.0, 0.3, -0.3)",1.7373137474060059,0.23220694065093994,0.5880126953125,0
full,"(3.0, 8.0, 0.3, -0.3)",1.7346992492675781,0.4364593029022217,0.8464069366455078,0
full,"(3.0, 8.0, 0.3, -0.3)",1.6352788209915161,0.31503796577453613,0.7076437473297119,0
full,"(3.0, 8.0, 0.3, -0.3)",1.7513874173164368,0.3124891519546509,0.7200560569763184,0
full,"(3.0, 8.0, 0.3, -0.3)",1.7185549139976501,0.34819698333740234,0.6240987777709961,0
full,"(3.0, 8.0, 0.3, -0.3)",1.6824792623519897,0.4156230688095093,0.8016433715820312,0
full,"(3.0, 8.0, 0.3, -0.3)",1.6385459303855896,0.44886136054992676,1.0175738334655762,0
full,"(3.0, 8.0, 0.3, -0.3)",1.5765230655670166,0.5252891778945923,0.9070596694946289,0
full,"(3.0, 8.0, 0.3, -0.3)",1.730649173259735,0.40953528881073,0.925079345703125,0
full,"(3.0, 8.0, 0.3, -0.3)",1.6898426413536072,0.2796316146850586,0.5485630035400391,0
full,"(3.0, 8.0, 0.3, -0.3)",1.802169919013977,0.31026387214660645,0.6337885856628418,0
full,"(3.0, 8.0, 0.3, -0.3)",1.6446813344955444,0.27878034114837646,0.4635963439941406,0
full,"(3.0, 8.0, 0.3, -0.3)",1.7472482323646545,0.258097767829895,0.5043792724609375,0
full,"(3.0, 8.0, 0.7, 0.0)",1.279406189918518,0.23409152030944824,0.09904289245605469,0
full,"(3.0, 8.0, 0.7, 0.0)",1.192014217376709,0.13998770713806152,0.20288848876953125,0
full,"(3.0, 8.0, 0.7, 0.0)",1.381126582622528,0.14612531661987305,0.16009807586669922,0
full,"(3.0, 8.0, 0.7, 0.0)",1.2598971724510193,0.17684471607208252,0.11287355422973633,0
full,"(3.0, 8.0, 0.7, 0.0)",1.3081207871437073,0.23238229751586914,0.46271276473999023,0
full,"(3.0, 8.0, 0.7, 0.0)",1.274776041507721,0.0533832311630249,0.025641918182373047,0
full,"(3.0, 8.0, 0.7, 0.0)",1.2962408065795898,0.005161285400390625,0.21320867538452148,0
full,"(3.0, 8.0, 0.7, 0.0)",1.2340879440307617,0.11836540699005127,0.3073716163635254,0
full,"(3.0, 8.0, 0.7, 0.0)",1.2563329339027405,0.13816428184509277,0.29235076904296875,0
full,"(3.0, 8.0, 0.7, 0.0)",1.1865532398223877,0.23403680324554443,0.45171070098876953,0
full,"(3.0, 8.0, 0.7, 0.0)",1.1882755160331726,0.19181883335113525,0.164808988571167,0
full,"(3.0, 8.0, 0.7, 0.0)",1.2380054593086243,0.2933770418167114,0.10015439987182617,0
full,"(3.0, 8.0, 0.7, 0.0)",1.2118272185325623,0.10596060752868652,0.06798219680786133,0
full,"(3.0, 8.0, 0.7, 0.0)",1.3289072513580322,0.0746619701385498,0.11576271057128906,0
full,"(3.0, 8.0, 0.7, 0.0)",1.1895935535430908,0.11931467056274414,0.1089024543762207,0
full,"(3.0, 8.0, 0.7, 0.3)",1.1925893425941467,0.146842360496521,0.18313217163085938,0
full,"(3.0, 8.0, 0.7, 0.3)",1.1926248669624329,0.07229399681091309,0.008443832397460938,0
full,"(3.0, 8.0, 0.7, 0.3)",1.3070322275161743,0.10957741737365723,0.2500424385070801,0
full,"(3.0, 8.0, 0.7, 0.3)",1.360387921333313,0.405900239944458,0.3595764636993408,0
full,"(3.0, 8.0, 0.7, 0.3)",1.2282971739768982,0.1058650016784668,0.09111952781677246,0
full,"(3.0, 8.0, 0.7, 0.3)",1.224169135093689,0.12973201274871826,0.04688763618469238,0
full,"(3.0, 8.0, 0.7, 0.3)",1.3312963843345642,0.1610889434814453,0.378065824508667,0
full,"(3.0, 8.0, 0.7, 0.3)",1.352741003036499,0.1537158489227295,0.5479629039764404,0
full,"(3.0, 8.0, 0.7, 0.3)",1.1887076497077942,0.2231292724609375,0.24894404411315918,0
full,"(3.0, 8.0, 0.7, 0.3)",1.31378835439682,0.10825586318969727,0.19138193130493164,0
full,"(3.0, 8.0, 0.7, 0.3)",1.3140336275100708,0.010209083557128906,0.30869269371032715,0
full,"(3.0, 8.0, 0.7, 0.3)",1.2108962535858154,0.10270881652832031,0.11528301239013672,0
full,"(3.0, 8.0, 0.7, 0.3)",1.3100954294204712,0.2223740816116333,0.2364037036895752,0
full,"(3.0, 8.0, 0.7, 0.3)",1.267819881439209,0.16440963745117188,0.5875437259674072,0
full,"(3.0, 8.0, 0.7, 0.3)",1.2633670568466187,0.2707192897796631,0.17974019050598145,0
full,"(3.0, 8.0, 0.7, 0.6)",1.3215916156768799,0.3294559717178345,0.49723243713378906,0
full,"(3.0, 8.0, 0.7, 0.6)",1.2438927292823792,0.17632269859313965,0.05060434341430664,0
full,"(3.0, 8.0, 0.7, 0.6)",1.3001481294631958,0.2637453079223633,0.689547061920166,0
full,"(3.0, 8.0, 0.7, 0.6)",1.2569817304611206,0.12784433364868164,0.2850661277770996,0
full,"(3.0, 8.0, 0.7, 0.6)",1.3517974019050598,0.09825921058654785,0.7165799140930176,0
full,"(3.0, 8.0, 0.7, 0.6)",1.3540282249450684,0.31207358837127686,0.625626802444458,0
full,"(3.0, 8.0, 0.7, 0.6)",1.1629031896591187,0.04829537868499756,0.15634655952453613,0
full,"(3.0, 8.0, 0.7, 0.6)",1.2792636156082153,0.27681636810302734,0.3460831642150879,0
full,"(3.0, 8.0, 0.7, 0.6)",1.3439250588417053,0.2583853006362915,0.45144009590148926,0
full,"(3.0, 8.0, 0.7, 0.6)",1.2327708005905151,0.1272428035736084,0.04063725471496582,0
full,"(3.0, 8.0, 0.7, 0.6)",1.2283345460891724,0.3214137554168701,0.12498688697814941,0
full,"(3.0, 8.0, 0.7, 0.6)",1.2164229154586792,0.1196599006652832,0.5326495170593262,0
full,"(3.0, 8.0, 0.7, 0.6)",1.2412946224212646,0.11761081218719482,0.468883752822876,0
full,"(3.0, 8.0, 0.7, 0.6)",1.367722988128662,0.13140618801116943,0.5211315155029297,0
full,"(3.0, 8.0, 0.7, 0.6)",1.2542972564697266,0.24031925201416016,0.08836841583251953,0
full,"(3.0, 8.0, 0.7, -0.3)",1.1310802698135376,0.28551965951919556,0.5553593635559082,0
full,"(3.0, 8.0, 0.7, -0.3)",1.230423092842102,0.11072790622711182,0.12960100173950195,0
full,"(3.0, 8.0, 0.7, -0.3)",1.2191388607025146,0.2069845199584961,0.030206680297851562,0
full,"(3.0, 8.0, 0.7, -0.3)",1.2618451714515686,0.0851513147354126,0.28017473220825195,0
full,"(3.0, 8.0, 0.7, -0.3)",1.2187002897262573,0.14882516860961914,0.04319906234741211,0
full,"(3.0, 8.0, 0.7, -0.3)",1.339344561100006,0.0869375467300415,0.3637843132019043,0
full,"(3.0, 8.0, 0.7, -0.3)",1.326796293258667,0.10050606727600098,0.039632320404052734,0
full,"(3.0, 8.0, 0.7, -0.3)",1.344306468963623,0.09604835510253906,0.086822509765625,0
full,"(3.0, 8.0, 0.7, -0.3)",1.328182339668274,0.13662517070770264,0.11851358413696289,0
full,"(3.0, 8.0, 0.7, -0.3)",1.1862623691558838,0.045157670974731445,0.026660919189453125,0
full,"(3.0, 8.0, 0.7, -0.3)",1.2497488260269165,0.0600581169128418,0.13203048706054688,0
full,"(3.0, 8.0, 0.7, -0.3)",1.1800123453140259,0.20554685592651367,0.08357429504394531,0
full,"(3.0, 8.0, 0.7, -0.3)",1.181369423866272,0.19076097011566162,0.39472246170043945,0
full,"(3.0, 8.0, 0.7, -0.3)",1.419540286064148,0.32800769805908203,0.18950653076171875,0
full,"(3.0, 8.0, 0.7, -0.3)",1.3499815464019775,0.23140931129455566,0.05992555618286133,0
full,"(3.0, 20.0, 0.3, 0.0)",1.3064106702804565,0.22370505332946777,0.3250770568847656,0
full,"(3.0, 20.0, 0.3, 0.0)",1.387098789215088,0.16703248023986816,0.2756524085998535,0
full,"(3.0, 20.0, 0.3, 0.0)",1.331906259059906,0.3076835870742798,0.5114948749542236,0
full,"(3.0, 20.0, 0.3, 0.0)",1.3706153631210327,0.20463323593139648,0.43654394149780273,0
full,"(3.0, 20.0, 0.3, 0.0)",1.346012830734253,0.18978524208068848,0.23604822158813477,0
full,"(3.0, 20.0, 0.3, 0.0)",1.2973011136054993,0.2654155492782593,0.3537740707397461,0
full,"(3.0, 20.0, 0.3, 0.0)",1.4219746589660645,0.14790129661560059,0.0799260139465332,0
full,"(3.0, 20.0, 0.3, 0.0)",1.3922081589698792,0.20899522304534912,0.1632847785949707,0
full,"(3.0, 20.0, 0.3, 0.0)",1.3491328954696655,0.18943798542022705,0.35961246490478516,0
full,"(3.0, 20.0, 0.3, 0.0)",1.4346020221710205,0.19650018215179443,0.09880638122558594,0
full,"(3.0, 20.0, 0.3, 0.0)",1.4938648343086243,0.17241299152374268,0.39095401763916016,0
full,"(3.0, 20.0, 0.3, 0.0)",1.232624888420105,0.3162548542022705,0.510667085647583,0
full,"(3.0, 20.0, 0.3, 0.0)",1.3409319519996643,0.21268558502197266,0.2100825309753418,0
full,"(3.0, 20.0, 0.3, 0.0)",1.3215084671974182,0.3463019132614136,0.4998047351837158,0
full,"(3.0, 20.0, 0.3, 0.0)",1.2692582607269287,0.19772613048553467,0.39436793327331543,0
full,"(3.0, 20.0, 0.3, 0.3)",1.3996654152870178,0.2256096601486206,0.051700592041015625,0
full,"(3.0, 20.0, 0.3, 0.3)",1.2796270251274109,0.07657217979431152,0.07916712760925293,0
full,"(3.0, 20.0, 0.3, 0.3)",1.3063225150108337,0.4096142053604126,0.4073207378387451,0
full,"(3.0, 20.0, 0.3, 0.3)",1.4289580583572388,0.2776765823364258,0.1306300163269043,0
full,"(3.0, 20.0, 0.3, 0.3)",1.2673081755638123,0.16861200332641602,0.10587501525878906,0
full,"(3.0, 20.0, 0.3, 0.3)",1.2342775464057922,0.23177754878997803,0.13368678092956543,0
full,"(3.0, 20.0, 0.3, 0.3)",1.319112777709961,0.11418461799621582,0.042882442474365234,0
full,"(3.0, 20.0, 0.3, 0.3)",1.2898664474487305,0.2217179536819458,0.10601162910461426,0
full,"(3.0, 20.0, 0.3, 0.3)",1.3023962378501892,0.35881996154785156,0.37518954277038574,0
full,"(3.0, 20.0, 0.3, 0.3)",1.2799432873725891,0.22125697135925293,0.2475740909576416,0
full,"(3.0, 20.0, 0.3, 0.3)",1.2930300831794739,0.2879728078842163,0.17554545402526855,0
full,"(3.0, 20.0, 0.3, 0.3)",1.3939740061759949,0.2408435344696045,0.027475833892822266,0
full,"(3.0, 20.0, 0.3, 0.3)",1.2680723667144775,0.256930947303772,0.41898345947265625,0
full,"(3.0, 20.0, 0.3, 0.3)",1.375130295753479,0.24018049240112305,0.016571998596191406,0
full,"(3.0, 20.0, 0.3, 0.3)",1.3920059204101562,0.22741258144378662,0.27182579040527344,0
full,"(3.0, 20.0, 0.3, 0.6)",1.3417863845825195,0.370944619178772,0.18352031707763672,0
full,"(3.0, 20.0, 0.3, 0.6)",1.2873088121414185,0.13101398944854736,0.36882734298706055,0
full,"(3.0, 20.0, 0.3, 0.6)",1.360691487789154,0.09165060520172119,0.22504377365112305,0
full,"(3.0, 20.0, 0.3, 0.6)",1.3329535722732544,0.044425249099731445,0.3072330951690674,0
full,"(3.0, 20.0, 0.3, 0.6)",1.2606099843978882,0.2444554567337036,0.2268383502960205,0
full,"(3.0, 20.0, 0.3, 0.6)",1.2818840742111206,0.17219066619873047,0.03766226768493652,0
full,"(3.0, 20.0, 0.3, 0.6)",1.3705906867980957,0.15924596786499023,0.5133593082427979,0
full,"(3.0, 20.0, 0.3, 0.6)",1.240339756011963,0.32690250873565674,0.15074825286865234,0
full,"(3.0, 20.0, 0.3, 0.6)",1.4459689855575562,0.37516069412231445,0.06525993347167969,0
full,"(3.0, 20.0, 0.3, 0.6)",1.3445948362350464,0.2388077974319458,0.29508042335510254,0
full,"(3.0, 20.0, 0.3, 0.6)",1.3076679706573486,0.2626821994781494,0.0006415843963623047,0
full,"(3.0, 20.0, 0.3, 0.6)",1.4392040967941284,0.29369235038757324,0.11041951179504395,0
full,"(3.0, 20.0, 0.3, 0.6)",1.4031158089637756,0.19648325443267822,0.1560206413269043,0
full,"(3.0, 20.0, 0.3, 0.6)",1.294035792350769,0.17791223526000977,0.11037540435791016,0
full,"(3.0, 20.0, 0.3, 0.6)",1.3018819689750671,0.2555304765701294,0.06969261169433594,0
full,"(3.0, 20.0, 0.3, -0.3)",1.2762471437454224,0.22159802913665771,0.3737053871154785,0
full,"(3.0, 20.0, 0.3, -0.3)",1.413692593574524,0.07138872146606445,0.31028223037719727,0
full,"(3.0, 20.0, 0.3, -0.3)",1.3153659105300903,0.1625751256942749,0.2569084167480469,0
full,"(3.0, 20.0, 0.3, -0.3)",1.3753244280815125,0.26454591751098633,0.5775010585784912,0
full,"(3.0, 20.0, 0.3, -0.3)",1.4124023914337158,0.3513150215148926,0.23385953903198242,0
full,"(3.0, 20.0, 0.3, -0.3)",1.3689937591552734,0.12605607509613037,0.3363680839538574,0
full,"(3.0, 20.0, 0.3, -0.3)",1.305272102355957,0.40299952030181885,0.7397861480712891,0
full,"(3.0, 20.0, 0.3, -0.3)",1.313985288143158,0.27808117866516113,0.5536065101623535,0
full,"(3.0, 20.0, 0.3, -0.3)",1.3755098581314087,0.26441657543182373,0.3778977394104004,0
full,"(3.0, 20.0, 0.3, -0.3)",1.3148624897003174,0.22511541843414307,0.48557281494140625,0
full,"(3.0, 20.0, 0.3, -0.3)",1.3957273960113525,0.06574714183807373,0.03228902816772461,0
full,"(3.0, 20.0, 0.3, -0.3)",1.368128776550293,0.19008612632751465,0.43706464767456055,0
full,"(3.0, 20.0, 0.3, -0.3)",1.4120457172393799,0.23075497150421143,0.41977405548095703,0
full,"(3.0, 20.0, 0.3, -0.3)",1.3660050630569458,0.18024039268493652,0.4294266700744629,0
full,"(3.0, 20.0, 0.3, -0.3)",1.2258472442626953,0.42349791526794434,0.7803277969360352,0
full,"(3.0, 20.0, 0.7, 0.0)",0.8957995772361755,0.23454725742340088,0.39545154571533203,0
full,"(3.0, 20.0, 0.7, 0.0)",0.8481751084327698,0.19546139240264893,0.21741366386413574,0
full,"(3.0, 20.0, 0.7, 0.0)",0.7697983086109161,0.012111902236938477,0.04247236251831055,0
full,"(3.0, 20.0, 0.7, 0.0)",0.7790617048740387,0.07252705097198486,0.03433585166931152,0
full,"(3.0, 20.0, 0.7, 0.0)",0.8338007628917694,0.09516310691833496,0.09146785736083984,0
full,"(3.0, 20.0, 0.7, 0.0)",0.7484061121940613,0.08615672588348389,0.005655765533447266,0
full,"(3.0, 20.0, 0.7, 0.0)",0.8178437948226929,0.11317324638366699,0.16357994079589844,0
full,"(3.0, 20.0, 0.7, 0.0)",0.7395482063293457,0.06767284870147705,0.08384823799133301,0
full,"(3.0, 20.0, 0.7, 0.0)",0.7273254990577698,0.14653372764587402,0.1368260383605957,0
full,"(3.0, 20.0, 0.7, 0.0)",0.7863911986351013,0.05520367622375488,0.06252098083496094,0
full,"(3.0, 20.0, 0.7, 0.0)",0.7527132630348206,0.011868476867675781,0.03681659698486328,0
full,"(3.0, 20.0, 0.7, 0.0)",0.8348238468170166,0.013021588325500488,0.06732988357543945,0
full,"(3.0, 20.0, 0.7, 0.0)",0.8691233098506927,0.2611132860183716,0.015440940856933594,0
full,"(3.0, 20.0, 0.7, 0.0)",0.7092587351799011,0.04359638690948486,0.10447263717651367,0
full,"(3.0, 20.0, 0.7, 0.0)",0.7991807460784912,0.034609198570251465,0.09228658676147461,0
full,"(3.0, 20.0, 0.7, 0.3)",0.7627808749675751,0.05640816688537598,0.016408920288085938,0
full,"(3.0, 20.0, 0.7, 0.3)",0.812654048204422,0.05515933036804199,0.16063523292541504,0
full,"(3.0, 20.0, 0.7, 0.3)",0.75193190574646,0.04370713233947754,0.10869908332824707,0
full,"(3.0, 20.0, 0.7, 0.3)",0.772273987531662,0.05604887008666992,0.07485580444335938,0
full,"(3.0, 20.0, 0.7, 0.3)",0.7757626473903656,0.0596771240234375,0.05272841453552246,0
full,"(3.0, 20.0, 0.7, 0.3)",0.7662456631660461,0.16770517826080322,0.11804699897766113,0
full,"(3.0, 20.0, 0.7, 0.3)",0.845424473285675,0.19233250617980957,0.5211315155029297,0
full,"(3.0, 20.0, 0.7, 0.3)",0.8616495132446289,0.10868358612060547,0.11267924308776855,0
full,"(3.0, 20.0, 0.7, 0.3)",0.7818915843963623,0.10737550258636475,0.03497934341430664,0
full,"(3.0, 20.0, 0.7, 0.3)",0.689571887254715,0.06981611251831055,0.1269397735595703,0
full,"(3.0, 20.0, 0.7, 0.3)",0.7930351197719574,0.1550755500793457,0.19666600227355957,0
full,"(3.0, 20.0, 0.7, 0.3)",0.7737986147403717,0.05077219009399414,0.17320847511291504,0
full,"(3.0, 20.0, 0.7, 0.3)",0.8402963280677795,0.1431025266647339,0.06335067749023438,0
full,"(3.0, 20.0, 0.7, 0.3)",0.8047970235347748,0.0949486494064331,0.06397533416748047,0
full,"(3.0, 20.0, 0.7, 0.3)",0.7612037360668182,0.08147728443145752,0.10852956771850586,0
full,"(3.0, 20.0, 0.7, 0.6)",0.7739690542221069,0.023238062858581543,0.07125139236450195,0
full,"(3.0, 20.0, 0.7, 0.6)",0.7775013744831085,0.046266913414001465,0.13076424598693848,0
full,"(3.0, 20.0, 0.7, 0.6)",0.7938919961452484,0.05773448944091797,0.017193317413330078,0
full,"(3.0, 20.0, 0.7, 0.6)",0.8559910953044891,0.09805750846862793,0.34794020652770996,0
full,"(3.0, 20.0, 0.7, 0.6)",0.8098350465297699,0.12067544460296631,0.14218878746032715,0
full,"(3.0, 20.0, 0.7, 0.6)",0.7953316569328308,0.09604012966156006,0.20470595359802246,0
full,"(3.0, 20.0, 0.7, 0.6)",0.7176662683486938,0.023073315620422363,0.17384791374206543,0
full,"(3.0, 20.0, 0.7, 0.6)",0.7372392416000366,0.0840991735458374,0.07956814765930176,0
full,"(3.0, 20.0, 0.7, 0.6)",0.7967134416103363,0.09124112129211426,0.15551114082336426,0
full,"(3.0, 20.0, 0.7, 0.6)",0.8059824407100677,0.12356889247894287,0.1581873893737793,0
full,"(3.0, 20.0, 0.7, 0.6)",0.8438467979431152,0.17425382137298584,0.4795229434967041,0
full,"(3.0, 20.0, 0.7, 0.6)",0.8348394930362701,0.20012331008911133,0.046460866928100586,0
full,"(3.0, 20.0, 0.7, 0.6)",0.7062875628471375,0.07160091400146484,0.07106685638427734,0
full,"(3.0, 20.0, 0.7, 0.6)",0.7472555339336395,0.09928727149963379,0.22307157516479492,0
full,"(3.0, 20.0, 0.7, 0.6)",0.7686957716941833,0.043372511863708496,0.2338712215423584,0
full,"(3.0, 20.0, 0.7, -0.3)",0.8169174790382385,0.05819511413574219,0.09885406494140625,0
full,"(3.0, 20.0, 0.7, -0.3)",0.788855254650116,0.11189055442810059,0.20939254760742188,0
full,"(3.0, 20.0, 0.7, -0.3)",0.7734125256538391,0.0782923698425293,0.01760125160217285,0
full,"(3.0, 20.0, 0.7, -0.3)",0.7826560139656067,0.14324986934661865,0.10110998153686523,0
full,"(3.0, 20.0, 0.7, -0.3)",0.9106851518154144,0.14784598350524902,0.043804168701171875,0
full,"(3.0, 20.0, 0.7, -0.3)",0.7836556732654572,0.1231687068939209,0.11130189895629883,0
full,"(3.0, 20.0, 0.7, -0.3)",0.7509801387786865,0.04224503040313721,0.005749225616455078,0
full,"(3.0, 20.0, 0.7, -0.3)",0.8439083099365234,0.07985544204711914,0.12990880012512207,0
full,"(3.0, 20.0, 0.7, -0.3)",0.7295241951942444,0.10075271129608154,0.1318802833557129,0
full,"(3.0, 20.0, 0.7, -0.3)",0.8287373185157776,0.1592773199081421,0.08910179138183594,0
full,"(3.0, 20.0, 0.7, -0.3)",0.7385551333427429,0.11419546604156494,0.04884004592895508,0
full,"(3.0, 20.0, 0.7, -0.3)",0.7540124952793121,0.027576684951782227,0.006046772003173828,0
full,"(3.0, 20.0, 0.7, -0.3)",0.8302892446517944,0.17180919647216797,0.22276020050048828,0
full,"(3.0, 20.0, 0.7, -0.3)",0.8190145790576935,0.043170809745788574,0.007823944091796875,0
full,"(3.0, 20.0, 0.7, -0.3)",0.7967119812965393,0.023493289947509766,0.11463165283203125,0
full,"(1.5, 8.0, 0.3, 0.0)",0.8412464559078217,0.31386804580688477,0.3682020902633667,1
full,"(1.5, 8.0, 0.3, 0.0)",0.8184033632278442,0.309434711933136,0.4697589874267578,1
full,"(1.5, 8.0, 0.3, 0.0)",0.844550609588623,0.3355068564414978,0.4626072645187378,1
full,"(1.5, 8.0, 0.3, 0.0)",0.9107836782932281,0.14840495586395264,0.08372712135314941,1
full,"(1.5, 8.0, 0.3, 0.0)",0.8598468899726868,0.24470698833465576,0.4535633325576782,1
full,"(1.5, 8.0, 0.3, 0.0)",0.8620934784412384,0.3282588720321655,0.42991626262664795,1
full,"(1.5, 8.0, 0.3, 0.0)",0.8177448809146881,0.31178760528564453,0.4261050224304199,1
full,"(1.5, 8.0, 0.3, 0.0)",0.878717303276062,0.32303929328918457,0.5885531902313232,1
full,"(1.5, 8.0, 0.3, 0.0)",0.8507211208343506,0.28765469789505005,0.4103267192840576,1
full,"(1.5, 8.0, 0.3, 0.0)",0.8667118549346924,0.24539047479629517,0.382571816444397,1
full,"(1.5, 8.0, 0.3, 0.0)",0.9083755314350128,0.11389052867889404,0.08368849754333496,1
full,"(1.5, 8.0, 0.3, 0.0)",0.8800781965255737,0.20211011171340942,0.28616786003112793,1
full,"(1.5, 8.0, 0.3, 0.0)",0.9000292122364044,0.32645487785339355,0.44644832611083984,1
full,"(1.5, 8.0, 0.3, 0.0)",0.8610734939575195,0.14616167545318604,0.21532869338989258,1
full,"(1.5, 8.0, 0.3, 0.0)",0.8176192343235016,0.3987354636192322,0.5258384943008423,1
full,"(1.5, 8.0, 0.3, 0.3)",0.8535082638263702,0.3254129886627197,0.356723427772522,1
full,"(1.5, 8.0, 0.3, 0.3)",0.8896244168281555,0.265968382358551,0.3801720142364502,1
full,"(1.5, 8.0, 0.3, 0.3)",0.863901674747467,0.3131834864616394,0.3381505012512207,1
full,"(1.5, 8.0, 0.3, 0.3)",0.9040427207946777,0.2343153953552246,0.15641844272613525,1
full,"(1.5, 8.0, 0.3, 0.3)",0.8868606984615326,0.2082633376121521,0.10785102844238281,1
full,"(1.5, 8.0, 0.3, 0.3)",0.8564203381538391,0.19962012767791748,0.1823192834854126,1
full,"(1.5, 8.0, 0.3, 0.3)",0.8358706533908844,0.26229363679885864,0.21347808837890625,1
full,"(1.5, 8.0, 0.3, 0.3)",0.8689271509647369,0.37267202138900757,0.5269747972488403,1
full,"(1.5, 8.0, 0.3, 0.3)",0.8274727761745453,0.3386686146259308,0.33400678634643555,1
full,"(1.5, 8.0, 0.3, 0.3)",0.8501085937023163,0.3376338481903076,0.3620443344116211,1
full,"(1.5, 8.0, 0.3, 0.3)",0.9284689426422119,0.13392996788024902,0.053428053855895996,1
full,"(1.5, 8.0, 0.3, 0.3)",0.9348477721214294,0.3947017788887024,0.33451294898986816,1
full,"(1.5, 8.0, 0.3, 0.3)",0.8601449131965637,0.29774999618530273,0.2503542900085449,1
full,"(1.5, 8.0, 0.3, 0.3)",0.8761098682880402,0.32892560958862305,0.3862365484237671,1
full,"(1.5, 8.0, 0.3, 0.3)",0.8652596175670624,0.24938976764678955,0.18500983715057373,1
full,"(1.5, 8.0, 0.3, 0.6)",0.876371294260025,0.23921579122543335,0.058267951011657715,1
full,"(1.5, 8.0, 0.3, 0.6)",0.8458642959594727,0.34082573652267456,0.18265235424041748,1
full,"(1.5, 8.0, 0.3, 0.6)",0.8545736372470856,0.360995888710022,0.20231115818023682,1
full,"(1.5, 8.0, 0.3, 0.6)",0.8195148706436157,0.25046730041503906,0.008914828300476074,1
full,"(1.5, 8.0, 0.3, 0.6)",0.8447796702384949,0.3777449131011963,0.3280719518661499,1
full,"(1.5, 8.0, 0.3, 0.6)",0.8373399376869202,0.213586688041687,0.02290213108062744,1
full,"(1.5, 8.0, 0.3, 0.6)",0.8614242970943451,0.3598083257675171,0.15939342975616455,1
full,"(1.5, 8.0, 0.3, 0.6)",0.8853292763233185,0.1811593770980835,0.031886935234069824,1
full,"(1.5, 8.0, 0.3, 0.6)",0.8303532600402832,0.39477187395095825,0.181396484375,1
full,"(1.5, 8.0, 0.3, 0.6)",0.8884105980396271,0.37399595975875854,0.20995831489562988,1
full,"(1.5, 8.0, 0.3, 0.6)",0.8393057882785797,0.28867411613464355,0.13416695594787598,1
full,"(1.5, 8.0, 0.3, 0.6)",0.8831384181976318,0.40430811047554016,0.2641940116882324,1
full,"(1.5, 8.0, 0.3, 0.6)",0.8903674185276031,0.19339942932128906,0.05912518501281738,1
full,"(1.5, 8.0, 0.3, 0.6)",0.9094639122486115,0.18145650625228882,0.030511140823364258,1
full,"(1.5, 8.0, 0.3, 0.6)",0.8843464851379395,0.2978637218475342,0.04849982261657715,1
full,"(1.5, 8.0, 0.3, -0.3)",0.87908735871315,0.24666842818260193,0.2977926731109619,1
full,"(1.5, 8.0, 0.3, -0.3)",0.868419736623764,0.23950821161270142,0.3126499652862549,1
full,"(1.5, 8.0, 0.3, -0.3)",0.854783684015274,0.22634798288345337,0.3968251943588257,1
full,"(1.5, 8.0, 0.3, -0.3)",0.8829778432846069,0.36116987466812134,0.5830464363098145,1
full,"(1.5, 8.0, 0.3, -0.3)",0.9189583361148834,0.2372155785560608,0.41912829875946045,1
full,"(1.5, 8.0, 0.3, -0.3)",0.8759081065654755,0.3435382843017578,0.5336874723434448,1
full,"(1.5, 8.0, 0.3, -0.3)",0.8650078177452087,0.1877560019493103,0.4474591016769409,1
full,"(1.5, 8.0, 0.3, -0.3)",0.8828409910202026,0.2916414141654968,0.5719842910766602,1
full,"(1.5, 8.0, 0.3, -0.3)",0.8856231868267059,0.29343342781066895,0.4943356513977051,1
full,"(1.5, 8.0, 0.3, -0.3)",0.8810857236385345,0.23827505111694336,0.3697100877761841,1
full,"(1.5, 8.0, 0.3, -0.3)",0.8616792261600494,0.3383435606956482,0.5434653759002686,1
full,"(1.5, 8.0, 0.3, -0.3)",0.8661847710609436,0.3393958806991577,0.5658702850341797,1
full,"(1.5, 8.0, 0.3, -0.3)",0.8212099075317383,0.31568825244903564,0.5485913753509521,1
full,"(1.5, 8.0, 0.3, -0.3)",0.9104042649269104,0.29647213220596313,0.4503488540649414,1
full,"(1.5, 8.0, 0.3, -0.3)",0.8732286989688873,0.16618168354034424,0.374631404876709,1
full,"(1.5, 8.0, 0.7, 0.0)",0.6723349690437317,0.08864909410476685,0.009863734245300293,1
full,"(1.5, 8.0, 0.7, 0.0)",0.6824921667575836,0.1102592945098877,0.2732977867126465,1
full,"(1.5, 8.0, 0.7, 0.0)",0.6457988023757935,0.08738338947296143,0.19864892959594727,1
full,"(1.5, 8.0, 0.7, 0.0)",0.6752716302871704,0.08730709552764893,0.13855671882629395,1
full,"(1.5, 8.0, 0.7, 0.0)",0.6614585816860199,0.14165455102920532,0.11292481422424316,1
full,"(1.5, 8.0, 0.7, 0.0)",0.7148993015289307,0.12868213653564453,0.13272523880004883,1
full,"(1.5, 8.0, 0.7, 0.0)",0.639259397983551,0.13563615083694458,0.24512386322021484,1
full,"(1.5, 8.0, 0.7, 0.0)",0.6764036417007446,0.08545166254043579,0.13109564781188965,1
full,"(1.5, 8.0, 0.7, 0.0)",0.6210547685623169,0.16654318571090698,0.28428125381469727,1
full,"(1.5, 8.0, 0.7, 0.0)",0.7050279974937439,0.1491152048110962,0.16336047649383545,1
full,"(1.5, 8.0, 0.7, 0.0)",0.7041441798210144,0.1276567578315735,0.17498111724853516,1
full,"(1.5, 8.0, 0.7, 0.0)",0.7042541801929474,0.10393530130386353,0.03355550765991211,1
full,"(1.5, 8.0, 0.7, 0.0)",0.7247748374938965,0.11010444164276123,0.07193028926849365,1
full,"(1.5, 8.0, 0.7, 0.0)",0.6794118583202362,0.17627233266830444,0.20135045051574707,1
full,"(1.5, 8.0, 0.7, 0.0)",0.6954329907894135,0.09636378288269043,0.23679423332214355,1
full,"(1.5, 8.0, 0.7, 0.3)",0.6736494898796082,0.1123424768447876,0.15420150756835938,1
full,"(1.5, 8.0, 0.7, 0.3)",0.6770079135894775,0.12457668781280518,0.08880472183227539,1
full,"(1.5, 8.0, 0.7, 0.3)",0.6833050549030304,0.07184618711471558,0.06497108936309814,1
full,"(1.5, 8.0, 0.7, 0.3)",0.7679620981216431,0.12418210506439209,0.16575956344604492,1
full,"(1.5, 8.0, 0.7, 0.3)",0.6289512813091278,0.1182062029838562,0.11573565006256104,1
full,"(1.5, 8.0, 0.7, 0.3)",0.6505224406719208,0.09631329774856567,0.03629934787750244,1
full,"(1.5, 8.0, 0.7, 0.3)",0.6426185965538025,0.16703945398330688,0.12902021408081055,1
full,"(1.5, 8.0, 0.7, 0.3)",0.7372054755687714,0.11578953266143799,0.02478158473968506,1
full,"(1.5, 8.0, 0.7, 0.3)",0.6679257750511169,0.0372236967086792,0.10299217700958252,1
full,"(1.5, 8.0, 0.7, 0.3)",0.7154170572757721,0.10573709011077881,0.14685916900634766,1
full,"(1.5, 8.0, 0.7, 0.3)",0.7180672287940979,0.09663635492324829,0.13315439224243164,1
full,"(1.5, 8.0, 0.7, 0.3)",0.6751344501972198,0.1709412932395935,0.19600439071655273,1
full,"(1.5, 8.0, 0.7, 0.3)",0.6548165380954742,0.07534521818161011,0.06996679306030273,1
full,"(1.5, 8.0, 0.7, 0.3)",0.6228659749031067,0.12510335445404053,0.23035383224487305,1
full,"(1.5, 8.0, 0.7, 0.3)",0.6188715994358063,0.1357598900794983,0.22972071170806885,1
full,"(1.5, 8.0, 0.7, 0.6)",0.6801705956459045,0.14295947551727295,0.05586814880371094,1
full,"(1.5, 8.0, 0.7, 0.6)",0.7066476047039032,0.1635037064552307,0.385959267616272,1
full,"(1.5, 8.0, 0.7, 0.6)",0.7038613557815552,0.09817808866500854,0.19128859043121338,1
full,"(1.5, 8.0, 0.7, 0.6)",0.6872777342796326,0.16841232776641846,0.24890565872192383,1
full,"(1.5, 8.0, 0.7, 0.6)",0.6940094530582428,0.174003005027771,0.04952406883239746,1
full,"(1.5, 8.0, 0.7, 0.6)",0.6500873565673828,0.12036633491516113,0.09136772155761719,1
full,"(1.5, 8.0, 0.7, 0.6)",0.727979987859726,0.19053196907043457,0.3306920528411865,1
full,"(1.5, 8.0, 0.7, 0.6)",0.7209248840808868,0.07409638166427612,0.202728271484375,1
full,"(1.5, 8.0, 0.7, 0.6)",0.6974337697029114,0.2060626745223999,0.3689767122268677,1
full,"(1.5, 8.0, 0.7, 0.6)",0.7411649227142334,0.08432430028915405,0.23623311519622803,1
full,"(1.5, 8.0, 0.7, 0.6)",0.7056931257247925,0.16113436222076416,0.2588587999343872,1
full,"(1.5, 8.0, 0.7, 0.6)",0.6513943672180176,0.12570136785507202,0.11828255653381348,1
full,"(1.5, 8.0, 0.7, 0.6)",0.6560680568218231,0.10767173767089844,0.019577860832214355,1
full,"(1.5, 8.0, 0.7, 0.6)",0.6188329756259918,0.12234735488891602,0.0106353759765625,1
full,"(1.5, 8.0, 0.7, 0.6)",0.6501358449459076,0.12132585048675537,0.10003650188446045,1
full,"(1.5, 8.0, 0.7, -0.3)",0.7056721150875092,0.13296067714691162,0.2866489887237549,1
full,"(1.5, 8.0, 0.7, -0.3)",0.6530124843120575,0.1729753613471985,0.33733344078063965,1
full,"(1.5, 8.0, 0.7, -0.3)",0.6313492357730865,0.1335211992263794,0.2676053047180176,1
full,"(1.5, 8.0, 0.7, -0.3)",0.6257692575454712,0.1690371036529541,0.31512975692749023,1
full,"(1.5, 8.0, 0.7, -0.3)",0.6807599067687988,0.17765837907791138,0.32726240158081055,1
full,"(1.5, 8.0, 0.7, -0.3)",0.6972104609012604,0.17207229137420654,0.3220245838165283,1
full,"(1.5, 8.0, 0.7, -0.3)",0.6148911714553833,0.16263383626937866,0.17384839057922363,1
full,"(1.5, 8.0, 0.7, -0.3)",0.659502774477005,0.14964228868484497,0.29103946685791016,1
full,"(1.5, 8.0, 0.7, -0.3)",0.6536757349967957,0.041786372661590576,0.046948909759521484,1
full,"(1.5, 8.0, 0.7, -0.3)",0.6370131969451904,0.13951826095581055,0.048859596252441406,1
full,"(1.5, 8.0, 0.7, -0.3)",0.7059858739376068,0.16833066940307617,0.017141103744506836,1
full,"(1.5, 8.0, 0.7, -0.3)",0.6815538108348846,0.14848506450653076,0.2411789894104004,1
full,"(1.5, 8.0, 0.7, -0.3)",0.6550493240356445,0.07658028602600098,0.24105846881866455,1
full,"(1.5, 8.0, 0.7, -0.3)",0.672448605298996,0.13550329208374023,0.2598755359649658,1
full,"(1.5, 8.0, 0.7, -0.3)",0.6293027997016907,0.11288332939147949,0.18729019165039062,1
full,"(1.5, 20.0, 0.3, 0.0)",0.7040824592113495,0.2211923599243164,0.31783366203308105,1
full,"(1.5, 20.0, 0.3, 0.0)",0.72902712225914,0.16877466440200806,0.30266261100769043,1
full,"(1.5, 20.0, 0.3, 0.0)",0.6925395131111145,0.148942768573761,0.16287517547607422,1
full,"(1.5, 20.0, 0.3, 0.0)",0.7193727791309357,0.18605667352676392,0.2893650531768799,1
full,"(1.5, 20.0, 0.3, 0.0)",0.7310778200626373,0.24853253364562988,0.3471173048019409,1
full,"(1.5, 20.0, 0.3, 0.0)",0.6897214651107788,0.11667466163635254,0.1010211706161499,1
full,"(1.5, 20.0, 0.3, 0.0)",0.7205039858818054,0.1473829746246338,0.2001636028289795,1
full,"(1.5, 20.0, 0.3, 0.0)",0.7105453908443451,0.09615802764892578,0.10784626007080078,1
full,"(1.5, 20.0, 0.3, 0.0)",0.7192405760288239,0.2640213370323181,0.35193419456481934,1
full,"(1.5, 20.0, 0.3, 0.0)",0.7533741593360901,0.10370326042175293,0.15740466117858887,1
full,"(1.5, 20.0, 0.3, 0.0)",0.7231902182102203,0.17992401123046875,0.22500717639923096,1
full,"(1.5, 20.0, 0.3, 0.0)",0.7226428091526031,0.22191554307937622,0.3549264669418335,1
full,"(1.5, 20.0, 0.3, 0.0)",0.7660772800445557,0.13799452781677246,0.09982073307037354,1
full,"(1.5, 20.0, 0.3, 0.0)",0.6888165175914764,0.20955872535705566,0.2316659688949585,1
full,"(1.5, 20.0, 0.3, 0.0)",0.7126628458499908,0.10463255643844604,0.18442177772521973,1
full,"(1.5, 20.0, 0.3, 0.3)",0.7417963147163391,0.1568506956100464,0.06274271011352539,1
full,"(1.5, 20.0, 0.3, 0.3)",0.7449625134468079,0.17429715394973755,0.13633990287780762,1
full,"(1.5, 20.0, 0.3, 0.3)",0.7338488698005676,0.1799328327178955,0.16202664375305176,1
full,"(1.5, 20.0, 0.3, 0.3)",0.6901631057262421,0.2063007354736328,0.20086944103240967,1
full,"(1.5, 20.0, 0.3, 0.3)",0.7694764137268066,0.09582024812698364,0.12261712551116943,1
full,"(1.5, 20.0, 0.3, 0.3)",0.6757597625255585,0.23175567388534546,0.32058286666870117,1
full,"(1.5, 20.0, 0.3, 0.3)",0.6839072108268738,0.15674501657485962,0.12350988388061523,1
full,"(1.5, 20.0, 0.3, 0.3)",0.7268268764019012,0.17129182815551758,0.12004852294921875,1
full,"(1.5, 20.0, 0.3, 0.3)",0.7714338302612305,0.22363072633743286,0.2637895345687866,1
full,"(1.5, 20.0, 0.3, 0.3)",0.7561077177524567,0.1911238431930542,0.2449965476989746,1
full,"(1.5, 20.0, 0.3, 0.3)",0.7307350337505341,0.19854062795639038,0.18367183208465576,1
full,"(1.5, 20.0, 0.3, 0.3)",0.7526864409446716,0.1320529580116272,0.11350107192993164,1
full,"(1.5, 20.0, 0.3, 0.3)",0.7371149063110352,0.14415836334228516,0.1372694969177246,1
full,"(1.5, 20.0, 0.3, 0.3)",0.7490752339363098,0.14099222421646118,0.03516280651092529,1
full,"(1.5, 20.0, 0.3, 0.3)",0.7245352566242218,0.13930195569992065,0.1160048246383667,1
full,"(1.5, 20.0, 0.3, 0.6)",0.7828107178211212,0.04878467321395874,0.16697895526885986,1
full,"(1.5, 20.0, 0.3, 0.6)",0.7379530668258667,0.08301180601119995,0.16693413257598877,1
full,"(1.5, 20.0, 0.3, 0.6)",0.7088053524494171,0.2183760404586792,0.08867835998535156,1
full,"(1.5, 20.0, 0.3, 0.6)",0.7267096042633057,0.1259443163871765,0.01744866371154785,1
full,"(1.5, 20.0, 0.3, 0.6)",0.670231282711029,0.09820610284805298,0.02928745746612549,1
full,"(1.5, 20.0, 0.3, 0.6)",0.6899867355823517,0.2244815230369568,0.054270029067993164,1
full,"(1.5, 20.0, 0.3, 0.6)",0.6933400928974152,0.12009203433990479,0.03488790988922119,1
full,"(1.5, 20.0, 0.3, 0.6)",0.7192580997943878,0.2222130298614502,0.15105688571929932,1
full,"(1.5, 20.0, 0.3, 0.6)",0.6884488463401794,0.16341328620910645,0.09769272804260254,1
full,"(1.5, 20.0, 0.3, 0.6)",0.7102721631526947,0.10534507036209106,0.19909024238586426,1
full,"(1.5, 20.0, 0.3, 0.6)",0.7056280374526978,0.15813416242599487,0.07916891574859619,1
full,"(1.5, 20.0, 0.3, 0.6)",0.7683239281177521,0.08377736806869507,0.28389501571655273,1
full,"(1.5, 20.0, 0.3, 0.6)",0.7303091585636139,0.17001354694366455,0.06200075149536133,1
full,"(1.5, 20.0, 0.3, 0.6)",0.7157315015792847,0.2110021710395813,0.22595536708831787,1
full,"(1.5, 20.0, 0.3, 0.6)",0.7301236093044281,0.22577255964279175,0.033771395683288574,1
full,"(1.5, 20.0, 0.3, -0.3)",0.6683366000652313,0.174085795879364,0.3287348747253418,1
full,"(1.5, 20.0, 0.3, -0.3)",0.7038581073284149,0.1675478219985962,0.24744868278503418,1
full,"(1.5, 20.0, 0.3, -0.3)",0.6971544921398163,0.1257602572441101,0.22315502166748047,1
full,"(1.5, 20.0, 0.3, -0.3)",0.707899808883667,0.2308284044265747,0.42180323600769043,1
full,"(1.5, 20.0, 0.3, -0.3)",0.704280823469162,0.2075338363647461,0.3768913745880127,1
full,"(1.5, 20.0, 0.3, -0.3)",0.6792445182800293,0.15022557973861694,0.35818052291870117,1
full,"(1.5, 20.0, 0.3, -0.3)",0.6627189517021179,0.1674962043762207,0.32174575328826904,1
full,"(1.5, 20.0, 0.3, -0.3)",0.7092929780483246,0.16702252626419067,0.18967032432556152,1
full,"(1.5, 20.0, 0.3, -0.3)",0.7770803570747375,0.09545516967773438,0.17271184921264648,1
full,"(1.5, 20.0, 0.3, -0.3)",0.714660257101059,0.10084080696105957,0.0194091796875,1
full,"(1.5, 20.0, 0.3, -0.3)",0.7748804986476898,0.11956489086151123,0.28775715827941895,1
full,"(1.5, 20.0, 0.3, -0.3)",0.7050682306289673,0.12337899208068848,0.16214919090270996,1
full,"(1.5, 20.0, 0.3, -0.3)",0.7670266032218933,0.23856604099273682,0.386932373046875,1
full,"(1.5, 20.0, 0.3, -0.3)",0.7262929379940033,0.08609384298324585,0.18866682052612305,1
full,"(1.5, 20.0, 0.3, -0.3)",0.7544132769107819,0.1401265263557434,0.2878870964050293,1
full,"(1.5, 20.0, 0.7, 0.0)",0.5163445174694061,0.04222667217254639,0.06774520874023438,1
full,"(1.5, 20.0, 0.7, 0.0)",0.4890909343957901,0.08384823799133301,0.0717473030090332,1
full,"(1.5, 20.0, 0.7, 0.0)",0.5228657424449921,0.27050507068634033,0.5463643074035645,1
full,"(1.5, 20.0, 0.7, 0.0)",0.48924750089645386,0.017509043216705322,0.010720968246459961,1
full,"(1.5, 20.0, 0.7, 0.0)",0.5371749103069305,0.03777170181274414,0.10435128211975098,1
full,"(1.5, 20.0, 0.7, 0.0)",0.47654373943805695,0.01310110092163086,0.007864952087402344,1
full,"(1.5, 20.0, 0.7, 0.0)",0.47943612933158875,0.041413187980651855,0.07683289051055908,1
full,"(1.5, 20.0, 0.7, 0.0)",0.5128021836280823,0.08200830221176147,0.03366971015930176,1
full,"(1.5, 20.0, 0.7, 0.0)",0.49301984906196594,0.11237812042236328,0.037805795669555664,1
full,"(1.5, 20.0, 0.7, 0.0)",0.4989755153656006,0.019350171089172363,0.003014802932739258,1
full,"(1.5, 20.0, 0.7, 0.0)",0.4872305691242218,0.07555830478668213,0.11396908760070801,1
full,"(1.5, 20.0, 0.7, 0.0)",0.4795849025249481,0.015234053134918213,0.06332087516784668,1
full,"(1.5, 20.0, 0.7, 0.0)",0.5033869594335556,0.04346424341201782,0.004772663116455078,1
full,"(1.5, 20.0, 0.7, 0.0)",0.5201388895511627,0.05297356843948364,0.11201691627502441,1
full,"(1.5, 20.0, 0.7, 0.0)",0.5343536734580994,0.11375916004180908,0.13938617706298828,1
full,"(1.5, 20.0, 0.7, 0.3)",0.48499779403209686,0.029277801513671875,0.007970094680786133,1
full,"(1.5, 20.0, 0.7, 0.3)",0.49871574342250824,0.06408947706222534,0.10859465599060059,1
full,"(1.5, 20.0, 0.7, 0.3)",0.5056164115667343,0.022887706756591797,0.06842172145843506,1
full,"(1.5, 20.0, 0.7, 0.3)",0.47818543016910553,0.031004726886749268,0.04353189468383789,1
full,"(1.5, 20.0, 0.7, 0.3)",0.47376640141010284,0.007990598678588867,0.08110404014587402,1
full,"(1.5, 20.0, 0.7, 0.3)",0.49007511138916016,0.075406014919281,0.18773329257965088,1
full,"(1.5, 20.0, 0.7, 0.3)",0.5631929337978363,0.18708044290542603,0.3602193593978882,1
full,"(1.5, 20.0, 0.7, 0.3)",0.4853806495666504,0.019328951835632324,0.03483092784881592,1
full,"(1.5, 20.0, 0.7, 0.3)",0.5187118500471115,0.05333739519119263,0.10303342342376709,1
full,"(1.5, 20.0, 0.7, 0.3)",0.4514766037464142,0.01046675443649292,0.0669863224029541,1
full,"(1.5, 20.0, 0.7, 0.3)",0.5020994544029236,0.03492271900177002,0.007581472396850586,1
full,"(1.5, 20.0, 0.7, 0.3)",0.49291251599788666,0.028582096099853516,0.03077375888824463,1
full,"(1.5, 20.0, 0.7, 0.3)",0.49303311109542847,0.017042100429534912,0.06136822700500488,1
full,"(1.5, 20.0, 0.7, 0.3)",0.531112939119339,0.019038796424865723,0.02519857883453369,1
full,"(1.5, 20.0, 0.7, 0.3)",0.47752128541469574,0.05384540557861328,0.023529767990112305,1
full,"(1.5, 20.0, 0.7, 0.6)",0.4921068698167801,0.06221503019332886,0.1896657943725586,1
full,"(1.5, 20.0, 0.7, 0.6)",0.5160589218139648,0.09394097328186035,0.11918973922729492,1
full,"(1.5, 20.0, 0.7, 0.6)",0.4965442270040512,0.004861176013946533,0.10232305526733398,1
full,"(1.5, 20.0, 0.7, 0.6)",0.5291182398796082,0.030651330947875977,0.10481047630310059,1
full,"(1.5, 20.0, 0.7, 0.6)",0.5284208059310913,0.019065439701080322,0.021695613861083984,1
full,"(1.5, 20.0, 0.7, 0.6)",0.5034135580062866,0.029296040534973145,0.16689515113830566,1
full,"(1.5, 20.0, 0.7, 0.6)",0.5166921615600586,0.00361025333404541,0.08839786052703857,1
full,"(1.5, 20.0, 0.7, 0.6)",0.4784984737634659,0.04496943950653076,0.011945366859436035,1
full,"(1.5, 20.0, 0.7, 0.6)",0.5302087664604187,0.036042869091033936,0.09731066226959229,1
full,"(1.5, 20.0, 0.7, 0.6)",0.4642023593187332,0.048818767070770264,0.07249534130096436,1
full,"(1.5, 20.0, 0.7, 0.6)",0.4917639493942261,0.02220231294631958,0.08262956142425537,1
full,"(1.5, 20.0, 0.7, 0.6)",0.522575169801712,0.07862013578414917,0.01335155963897705,1
full,"(1.5, 20.0, 0.7, 0.6)",0.49549010396003723,0.027950167655944824,0.09282493591308594,1
full,"(1.5, 20.0, 0.7, 0.6)",0.5180808007717133,0.04915207624435425,0.054314374923706055,1
full,"(1.5, 20.0, 0.7, 0.6)",0.53298220038414,0.05782991647720337,0.09719574451446533,1
full,"(1.5, 20.0, 0.7, -0.3)",0.5110191404819489,0.08388656377792358,0.10351300239562988,1
full,"(1.5, 20.0, 0.7, -0.3)",0.5329477190971375,0.04445379972457886,0.061498165130615234,1
full,"(1.5, 20.0, 0.7, -0.3)",0.5191883444786072,0.07920718193054199,0.09933805465698242,1
full,"(1.5, 20.0, 0.7, -0.3)",0.5012537837028503,0.049183189868927,0.01261758804321289,1
full,"(1.5, 20.0, 0.7, -0.3)",0.5594232082366943,0.08287477493286133,0.05946159362792969,1
full,"(1.5, 20.0, 0.7, -0.3)",0.5070880651473999,0.011535406112670898,0.024955272674560547,1
full,"(1.5, 20.0, 0.7, -0.3)",0.560906171798706,0.07854366302490234,0.18825459480285645,1
full,"(1.5, 20.0, 0.7, -0.3)",0.4869508147239685,0.03327816724777222,0.0470123291015625,1
full,"(1.5, 20.0, 0.7, -0.3)",0.50283482670784,0.0662032961845398,0.04969143867492676,1
full,"(1.5, 20.0, 0.7, -0.3)",0.49399933218955994,0.030985653400421143,0.014376640319824219,1
full,"(1.5, 20.0, 0.7, -0.3)",0.48697710037231445,0.02456718683242798,0.011777639389038086,1
full,"(1.5, 20.0, 0.7, -0.3)",0.4926930367946625,0.04742443561553955,0.0610581636428833,1
full,"(1.5, 20.0, 0.7, -0.3)",0.46768443286418915,0.050708234310150146,0.12716031074523926,1
full,"(1.5, 20.0, 0.7, -0.3)",0.5158228874206543,0.05062448978424072,0.23438167572021484,1
full,"(1.5, 20.0, 0.7, -0.3)",0.5256040990352631,0.035579562187194824,0.04199838638305664,1
full,"(3.0, 8.0, 0.3, 0.0)",1.7142699360847473,0.3254532814025879,0.3315300941467285,1
full,"(3.0, 8.0, 0.3, 0.0)",1.6728381514549255,0.3280683755874634,0.4400348663330078,1
full,"(3.0, 8.0, 0.3, 0.0)",1.6623287796974182,0.21127533912658691,0.36639952659606934,1
full,"(3.0, 8.0, 0.3, 0.0)",1.6627795696258545,0.5465558767318726,0.7280399799346924,1
full,"(3.0, 8.0, 0.3, 0.0)",1.6795387268066406,0.31601154804229736,0.46059417724609375,1
full,"(3.0, 8.0, 0.3, 0.0)",1.6140576004981995,0.46463775634765625,0.6275796890258789,1
full,"(3.0, 8.0, 0.3, 0.0)",1.734470784664154,0.3587864637374878,0.7201733589172363,1
full,"(3.0, 8.0, 0.3, 0.0)",1.6198373436927795,0.5632981061935425,0.6495826244354248,1
full,"(3.0, 8.0, 0.3, 0.0)",1.6128814220428467,0.5872691869735718,0.9533050060272217,1
full,"(3.0, 8.0, 0.3, 0.0)",1.631952702999115,0.5770258903503418,0.9471695423126221,1
full,"(3.0, 8.0, 0.3, 0.0)",1.6421983242034912,0.6484013795852661,0.8657469749450684,1
full,"(3.0, 8.0, 0.3, 0.0)",1.6983769536018372,0.411532998085022,0.512667179107666,1
full,"(3.0, 8.0, 0.3, 0.0)",1.6356483697891235,0.5016590356826782,0.6721088886260986,1
full,"(3.0, 8.0, 0.3, 0.0)",1.6923739314079285,0.49706172943115234,0.6923582553863525,1
full,"(3.0, 8.0, 0.3, 0.0)",1.6324453949928284,0.39455270767211914,0.5612752437591553,1
full,"(3.0, 8.0, 0.3, 0.3)",1.6965921521186829,0.5632835626602173,0.33849430084228516,1
full,"(3.0, 8.0, 0.3, 0.3)",1.720724105834961,0.4495120048522949,0.20330286026000977,1
full,"(3.0, 8.0, 0.3, 0.3)",1.5565182566642761,0.5359898805618286,0.622917890548706,1
full,"(3.0, 8.0, 0.3, 0.3)",1.6836159229278564,0.435483455657959,0.14926576614379883,1
full,"(3.0, 8.0, 0.3, 0.3)",1.689064085483551,0.565494179725647,0.7007808685302734,1
full,"(3.0, 8.0, 0.3, 0.3)",1.6611120104789734,0.45708250999450684,0.3750767707824707,1
full,"(3.0, 8.0, 0.3, 0.3)",1.5887174606323242,0.541685938835144,0.49468302726745605,1
full,"(3.0, 8.0, 0.3, 0.3)",1.6784324049949646,0.253658652305603,0.13790512084960938,1
full,"(3.0, 8.0, 0.3, 0.3)",1.7303454875946045,0.06785333156585693,0.08443474769592285,1
full,"(3.0, 8.0, 0.3, 0.3)",1.7067490220069885,0.3564035892486572,0.13231754302978516,1
full,"(3.0, 8.0, 0.3, 0.3)",1.6688568592071533,0.4573119878768921,0.4333834648132324,1
full,"(3.0, 8.0, 0.3, 0.3)",1.7038546800613403,0.34565985202789307,0.11238312721252441,1
full,"(3.0, 8.0, 0.3, 0.3)",1.6196837425231934,0.19062280654907227,0.3612384796142578,1
full,"(3.0, 8.0, 0.3, 0.3)",1.6499837040901184,0.5959503650665283,0.4580345153808594,1
full,"(3.0, 8.0, 0.3, 0.3)",1.5794222354888916,0.42547810077667236,0.4833831787109375,1
full,"(3.0, 8.0, 0.3, 0.6)",1.8158664107322693,0.18226194381713867,0.42294931411743164,1
full,"(3.0, 8.0, 0.3, 0.6)",1.7311506867408752,0.37644004821777344,0.1259303092956543,1
full,"(3.0, 8.0, 0.3, 0.6)",1.6377837657928467,0.5029400587081909,0.6923419237136841,1
full,"(3.0, 8.0, 0.3, 0.6)",1.7580987215042114,0.5617060661315918,0.22781586647033691,1
full,"(3.0, 8.0, 0.3, 0.6)",1.623353123664856,0.4098634719848633,0.10194158554077148,1
full,"(3.0, 8.0, 0.3, 0.6)",1.5453656911849976,0.5656371116638184,0.3061392307281494,1
full,"(3.0, 8.0, 0.3, 0.6)",1.7028763890266418,0.32941126823425293,0.05090498924255371,1
full,"(3.0, 8.0, 0.3, 0.6)",1.7101852297782898,0.5505979061126709,0.18076062202453613,1
full,"(3.0, 8.0, 0.3, 0.6)",1.5998626351356506,0.4863908290863037,0.07490396499633789,1
full,"(3.0, 8.0, 0.3, 0.6)",1.741377055644989,0.2656506299972534,0.13026976585388184,1
full,"(3.0, 8.0, 0.3, 0.6)",1.6831986904144287,0.21687912940979004,0.22319817543029785,1
full,"(3.0, 8.0, 0.3, 0.6)",1.671054720878601,0.29128575325012207,0.13428926467895508,1
full,"(3.0, 8.0, 0.3, 0.6)",1.6877371072769165,0.49124932289123535,0.24794936180114746,1
full,"(3.0, 8.0, 0.3, 0.6)",1.6645692586898804,0.5157625675201416,0.1598374843597412,1
full,"(3.0, 8.0, 0.3, 0.6)",1.7198185324668884,0.3042503595352173,0.31153321266174316,1
full,"(3.0, 8.0, 0.3, -0.3)",1.6825060844421387,0.44048571586608887,0.8470866680145264,1
full,"(3.0, 8.0, 0.3, -0.3)",1.6555891036987305,0.5287096500396729,1.0626144409179688,1
full,"(3.0, 8.0, 0.3, -0.3)",1.7700083255767822,0.18576276302337646,0.552462100982666,1
full,"(3.0, 8.0, 0.3, -0.3)",1.6533936262130737,0.379101037979126,0.7606945037841797,1
full,"(3.0, 8.0, 0.3, -0.3)",1.6075194478034973,0.41430795192718506,0.7861366271972656,1
full,"(3.0, 8.0, 0.3, -0.3)",1.763942539691925,0.33974599838256836,0.6412496566772461,1
full,"(3.0, 8.0, 0.3, -0.3)",1.6485300064086914,0.5597449541091919,0.9979455471038818,1
full,"(3.0, 8.0, 0.3, -0.3)",1.728722095489502,0.4677262306213379,0.9345595836639404,1
full,"(3.0, 8.0, 0.3, -0.3)",1.58013916015625,0.5186560153961182,0.8247160911560059,1
full,"(3.0, 8.0, 0.3, -0.3)",1.6581413745880127,0.7001910209655762,1.0908827781677246,1
full,"(3.0, 8.0, 0.3, -0.3)",1.6601734161376953,0.30559349060058594,0.6121587753295898,1
full,"(3.0, 8.0, 0.3, -0.3)",1.672100007534027,0.3714754581451416,0.6116468906402588,1
full,"(3.0, 8.0, 0.3, -0.3)",1.5896239280700684,0.5866360664367676,1.0133905410766602,1
full,"(3.0, 8.0, 0.3, -0.3)",1.7016220688819885,0.2994605302810669,0.5467350482940674,1
full,"(3.0, 8.0, 0.3, -0.3)",1.6791285276412964,0.4536609649658203,0.8433647155761719,1
full,"(3.0, 8.0, 0.7, 0.0)",1.251196801662445,0.11443090438842773,0.20184564590454102,1
full,"(3.0, 8.0, 0.7, 0.0)",1.2381553649902344,0.18532299995422363,0.22019004821777344,1
full,"(3.0, 8.0, 0.7, 0.0)",1.1886761784553528,0.1779193878173828,0.15962648391723633,1
full,"(3.0, 8.0, 0.7, 0.0)",1.243782639503479,0.17084062099456787,0.4080672264099121,1
full,"(3.0, 8.0, 0.7, 0.0)",1.2868755459785461,0.17326486110687256,0.031111717224121094,1
full,"(3.0, 8.0, 0.7, 0.0)",1.2186586260795593,0.13223469257354736,0.14702367782592773,1
full,"(3.0, 8.0, 0.7, 0.0)",1.2382116913795471,0.08575129508972168,0.10404491424560547,1
full,"(3.0, 8.0, 0.7, 0.0)",1.2827956676483154,0.0862349271774292,0.08562707901000977,1
full,"(3.0, 8.0, 0.7, 0.0)",1.2537219524383545,0.1568835973739624,0.02402186393737793,1
full,"(3.0, 8.0, 0.7, 0.0)",1.2449060082435608,0.018244504928588867,0.1154932975769043,1
full,"(3.0, 8.0, 0.7, 0.0)",1.2305136322975159,0.07724893093109131,0.3480346202850342,1
full,"(3.0, 8.0, 0.7, 0.0)",1.283973217010498,0.11874771118164062,0.30324673652648926,1
full,"(3.0, 8.0, 0.7, 0.0)",1.2564939856529236,0.06481480598449707,0.08378934860229492,1
full,"(3.0, 8.0, 0.7, 0.0)",1.2984545230865479,0.2708076238632202,0.45434045791625977,1
full,"(3.0, 8.0, 0.7, 0.0)",1.3112504482269287,0.1433178186416626,0.2626051902770996,1
full,"(3.0, 8.0, 0.7, 0.3)",1.2516530752182007,0.12780141830444336,0.03404879570007324,1
full,"(3.0, 8.0, 0.7, 0.3)",1.3501978516578674,0.2474226951599121,0.45850419998168945,1
full,"(3.0, 8.0, 0.7, 0.3)",1.284683883190155,0.34795212745666504,0.45452070236206055,1
full,"(3.0, 8.0, 0.7, 0.3)",1.2909671068191528,0.11831772327423096,0.17974185943603516,1
full,"(3.0, 8.0, 0.7, 0.3)",1.2639445662498474,0.12473809719085693,0.35948729515075684,1
full,"(3.0, 8.0, 0.7, 0.3)",1.1470931768417358,0.1199028491973877,0.01917552947998047,1
full,"(3.0, 8.0, 0.7, 0.3)",1.3405053615570068,0.2573542594909668,0.5280508995056152,1
full,"(3.0, 8.0, 0.7, 0.3)",1.1911060810089111,0.16816174983978271,0.0484776496887207,1
full,"(3.0, 8.0, 0.7, 0.3)",1.2258477807044983,0.09977638721466064,0.07108616828918457,1
full,"(3.0, 8.0, 0.7, 0.3)",1.297255516052246,0.3068937063217163,0.16920948028564453,1
full,"(3.0, 8.0, 0.7, 0.3)",1.214485228061676,0.05119466781616211,0.010988235473632812,1
full,"(3.0, 8.0, 0.7, 0.3)",1.2389116287231445,0.10457897186279297,0.1666417121887207,1
full,"(3.0, 8.0, 0.7, 0.3)",1.2604938745498657,0.27029669284820557,0.37490367889404297,1
full,"(3.0, 8.0, 0.7, 0.3)",1.2712125182151794,0.3217813968658447,0.26497387886047363,1
full,"(3.0, 8.0, 0.7, 0.3)",1.295073688030243,0.11582076549530029,0.38149094581604004,1
full,"(3.0, 8.0, 0.7, 0.6)",1.2791758179664612,0.06796550750732422,0.28694796562194824,1
full,"(3.0, 8.0, 0.7, 0.6)",1.2134970426559448,0.2184431552886963,0.06101655960083008,1
full,"(3.0, 8.0, 0.7, 0.6)",1.2975674867630005,0.05165410041809082,0.4204556941986084,1
full,"(3.0, 8.0, 0.7, 0.6)",1.3876602053642273,0.14059782028198242,0.583458423614502,1
full,"(3.0, 8.0, 0.7, 0.6)",1.2729148864746094,0.09925293922424316,0.42080211639404297,1
full,"(3.0, 8.0, 0.7, 0.6)",1.3295044302940369,0.12473273277282715,0.3162667751312256,1
full,"(3.0, 8.0, 0.7, 0.6)",1.1857783198356628,0.1822373867034912,0.1382579803466797,1
full,"(3.0, 8.0, 0.7, 0.6)",1.2160755395889282,0.19046151638031006,0.10431385040283203,1
full,"(3.0, 8.0, 0.7, 0.6)",1.211256980895996,0.15085172653198242,0.17847752571105957,1
full,"(3.0, 8.0, 0.7, 0.6)",1.2168548107147217,0.1985698938369751,0.4318969249725342,1
full,"(3.0, 8.0, 0.7, 0.6)",1.1741575598716736,0.22968637943267822,0.3977327346801758,1
full,"(3.0, 8.0, 0.7, 0.6)",1.2456253170967102,0.2246314287185669,0.13410520553588867,1
full,"(3.0, 8.0, 0.7, 0.6)",1.1759679317474365,0.06856143474578857,0.056555986404418945,1
full,"(3.0, 8.0, 0.7, 0.6)",1.2430275678634644,0.1072622537612915,0.20069360733032227,1
full,"(3.0, 8.0, 0.7, 0.6)",1.238568127155304,0.10851836204528809,0.09452509880065918,1
full,"(3.0, 8.0, 0.7, -0.3)",1.2521174550056458,0.07491195201873779,0.28644251823425293,1
full,"(3.0, 8.0, 0.7, -0.3)",1.2499778866767883,0.2420738935470581,0.4916377067565918,1
full,"(3.0, 8.0, 0.7, -0.3)",1.183448076248169,0.05671048164367676,0.038514137268066406,1
full,"(3.0, 8.0, 0.7, -0.3)",1.205284833908081,0.38178324699401855,0.6403861045837402,1
full,"(3.0, 8.0, 0.7, -0.3)",1.280013918876648,0.0960390567779541,0.06325531005859375,1
full,"(3.0, 8.0, 0.7, -0.3)",1.1052976846694946,0.10407853126525879,0.21467208862304688,1
full,"(3.0, 8.0, 0.7, -0.3)",1.204630196094513,0.10128140449523926,0.2164311408996582,1
full,"(3.0, 8.0, 0.7, -0.3)",1.1723106503486633,0.024727582931518555,0.20811080932617188,1
full,"(3.0, 8.0, 0.7, -0.3)",1.3098642230033875,0.15494894981384277,0.08130788803100586,1
full,"(3.0, 8.0, 0.7, -0.3)",1.2690479755401611,0.204559326171875,0.13861083984375,1
full,"(3.0, 8.0, 0.7, -0.3)",1.277982234954834,0.2359151840209961,0.0338292121887207,1
full,"(3.0, 8.0, 0.7, -0.3)",1.2176063060760498,0.20110344886779785,0.47905683517456055,1
full,"(3.0, 8.0, 0.7, -0.3)",1.2622067332267761,0.21788537502288818,0.536494255065918,1
full,"(3.0, 8.0, 0.7, -0.3)",1.1546825766563416,0.14206326007843018,0.1893625259399414,1
full,"(3.0, 8.0, 0.7, -0.3)",1.2569072842597961,0.045659542083740234,0.2681903839111328,1
full,"(3.0, 20.0, 0.3, 0.0)",1.3779923915863037,0.1478867530822754,0.20107173919677734,1
full,"(3.0, 20.0, 0.3, 0.0)",1.3197482228279114,0.29771196842193604,0.40524768829345703,1
full,"(3.0, 20.0, 0.3, 0.0)",1.359139323234558,0.11284840106964111,0.18740606307983398,1
full,"(3.0, 20.0, 0.3, 0.0)",1.3810160756111145,0.2433863878250122,0.3960080146789551,1
full,"(3.0, 20.0, 0.3, 0.0)",1.3175256252288818,0.1741114854812622,0.35613393783569336,1
full,"(3.0, 20.0, 0.3, 0.0)",1.346965730190277,0.2482759952545166,0.4862489700317383,1
full,"(3.0, 20.0, 0.3, 0.0)",1.293675184249878,0.37250208854675293,0.5028421878814697,1
full,"(3.0, 20.0, 0.3, 0.0)",1.3272813558578491,0.18700134754180908,0.2871580123901367,1
full,"(3.0, 20.0, 0.3, 0.0)",1.374836802482605,0.18641674518585205,0.29986000061035156,1
full,"(3.0, 20.0, 0.3, 0.0)",1.330683410167694,0.1660372018814087,0.18614864349365234,1
full,"(3.0, 20.0, 0.3, 0.0)",1.3155310153961182,0.23856163024902344,0.4985342025756836,1
full,"(3.0, 20.0, 0.3, 0.0)",1.3790416717529297,0.2018125057220459,0.18529081344604492,1
full,"(3.0, 20.0, 0.3, 0.0)",1.2915610074996948,0.2005290985107422,0.49648404121398926,1
full,"(3.0, 20.0, 0.3, 0.0)",1.2906821370124817,0.33481574058532715,0.522923469543457,1
full,"(3.0, 20.0, 0.3, 0.0)",1.3360353708267212,0.27751660346984863,0.3957645893096924,1
full,"(3.0, 20.0, 0.3, 0.3)",1.3522843718528748,0.19972217082977295,0.006790876388549805,1
full,"(3.0, 20.0, 0.3, 0.3)",1.2641222476959229,0.27174293994903564,0.19943737983703613,1
full,"(3.0, 20.0, 0.3, 0.3)",1.401149868965149,0.147361159324646,0.06261873245239258,1
full,"(3.0, 20.0, 0.3, 0.3)",1.3333818316459656,0.1928309202194214,0.19108939170837402,1
full,"(3.0, 20.0, 0.3, 0.3)",1.3669169545173645,0.2378370761871338,0.260601282119751,1
full,"(3.0, 20.0, 0.3, 0.3)",1.3107526302337646,0.25879836082458496,0.15521669387817383,1
full,"(3.0, 20.0, 0.3, 0.3)",1.4667981266975403,0.20718252658843994,0.2760016918182373,1
full,"(3.0, 20.0, 0.3, 0.3)",1.265689730644226,0.25102925300598145,0.30617237091064453,1
full,"(3.0, 20.0, 0.3, 0.3)",1.379773736000061,0.3929176330566406,0.35330820083618164,1
full,"(3.0, 20.0, 0.3, 0.3)",1.2813278436660767,0.2818608283996582,0.3467864990234375,1
full,"(3.0, 20.0, 0.3, 0.3)",1.3880794644355774,0.18257582187652588,0.060303688049316406,1
full,"(3.0, 20.0, 0.3, 0.3)",1.297705590724945,0.24345755577087402,0.21703410148620605,1
full,"(3.0, 20.0, 0.3, 0.3)",1.3704254627227783,0.35005176067352295,0.16335606575012207,1
full,"(3.0, 20.0, 0.3, 0.3)",1.3232471942901611,0.08641946315765381,0.04489564895629883,1
full,"(3.0, 20.0, 0.3, 0.3)",1.358991801738739,0.07417964935302734,0.05461597442626953,1
full,"(3.0, 20.0, 0.3, 0.6)",1.3742929100990295,0.12488043308258057,0.20798826217651367,1
full,"(3.0, 20.0, 0.3, 0.6)",1.3143233060836792,0.21881437301635742,0.1134042739868164,1
full,"(3.0, 20.0, 0.3, 0.6)",1.3427900075912476,0.24989104270935059,0.19590210914611816,1
full,"(3.0, 20.0, 0.3, 0.6)",1.2879832983016968,0.23593533039093018,0.005776405334472656,1
full,"(3.0, 20.0, 0.3, 0.6)",1.534082293510437,0.2780117988586426,0.3012206554412842,1
full,"(3.0, 20.0, 0.3, 0.6)",1.4072185754776,0.0730522871017456,0.2996649742126465,1
full,"(3.0, 20.0, 0.3, 0.6)",1.2636082172393799,0.1470355987548828,0.040633201599121094,1
full,"(3.0, 20.0, 0.3, 0.6)",1.3904191851615906,0.18832123279571533,0.23371434211730957,1
full,"(3.0, 20.0, 0.3, 0.6)",1.3390273451805115,0.07102370262145996,0.3699955940246582,1
full,"(3.0, 20.0, 0.3, 0.6)",1.3508819937705994,0.10158860683441162,0.09365320205688477,1
full,"(3.0, 20.0, 0.3, 0.6)",1.2892373204231262,0.20867550373077393,0.030080318450927734,1
full,"(3.0, 20.0, 0.3, 0.6)",1.3940979838371277,0.16896116733551025,0.0908212661743164,1
full,"(3.0, 20.0, 0.3, 0.6)",1.4069453477859497,0.17553603649139404,0.030600547790527344,1
full,"(3.0, 20.0, 0.3, 0.6)",1.2346972823143005,0.25649356842041016,0.07179641723632812,1
full,"(3.0, 20.0, 0.3, 0.6)",1.3676905035972595,0.0954509973526001,0.29520177841186523,1
full,"(3.0, 20.0, 0.3, -0.3)",1.3011785745620728,0.17930710315704346,0.2979922294616699,1
full,"(3.0, 20.0, 0.3, -0.3)",1.3919163942337036,0.14500057697296143,0.0526885986328125,1
full,"(3.0, 20.0, 0.3, -0.3)",1.3768829107284546,0.19229662418365479,0.17840099334716797,1
full,"(3.0, 20.0, 0.3, -0.3)",1.3628891706466675,0.1680988073348999,0.2301502227783203,1
full,"(3.0, 20.0, 0.3, -0.3)",1.4210160374641418,0.3230259418487549,0.6544656753540039,1
full,"(3.0, 20.0, 0.3, -0.3)",1.3473495244979858,0.19953620433807373,0.41692209243774414,1
full,"(3.0, 20.0, 0.3, -0.3)",1.3530321717262268,0.1855531930923462,0.3903985023498535,1
full,"(3.0, 20.0, 0.3, -0.3)",1.317388653755188,0.09800028800964355,0.27393436431884766,1
full,"(3.0, 20.0, 0.3, -0.3)",1.2820979356765747,0.2650904655456543,0.4653468132019043,1
full,"(3.0, 20.0, 0.3, -0.3)",1.2686339616775513,0.08844196796417236,0.08077144622802734,1
full,"(3.0, 20.0, 0.3, -0.3)",1.345365583896637,0.26966392993927,0.4775257110595703,1
full,"(3.0, 20.0, 0.3, -0.3)",1.352473258972168,0.14644396305084229,0.2237992286682129,1
full,"(3.0, 20.0, 0.3, -0.3)",1.4173272252082825,0.10273098945617676,0.1568160057067871,1
full,"(3.0, 20.0, 0.3, -0.3)",1.435537040233612,0.19490396976470947,0.04635906219482422,1
full,"(3.0, 20.0, 0.3, -0.3)",1.3134241104125977,0.2928723096847534,0.502110481262207,1
full,"(3.0, 20.0, 0.7, 0.0)",0.759750485420227,0.018959760665893555,0.06142616271972656,1
full,"(3.0, 20.0, 0.7, 0.0)",0.883651852607727,0.18133509159088135,0.36751604080200195,1
full,"(3.0, 20.0, 0.7, 0.0)",0.8020572364330292,0.040773630142211914,0.08687019348144531,1
full,"(3.0, 20.0, 0.7, 0.0)",0.746601939201355,0.0949561595916748,0.08772468566894531,1
full,"(3.0, 20.0, 0.7, 0.0)",0.7958923876285553,0.0348353385925293,0.021944046020507812,1
full,"(3.0, 20.0, 0.7, 0.0)",0.7555387020111084,0.009273529052734375,0.03937053680419922,1
full,"(3.0, 20.0, 0.7, 0.0)",0.8210825324058533,0.04147052764892578,0.10652923583984375,1
full,"(3.0, 20.0, 0.7, 0.0)",0.772076815366745,0.09599518775939941,0.032488346099853516,1
full,"(3.0, 20.0, 0.7, 0.0)",0.7694108784198761,0.05558276176452637,0.09373140335083008,1
full,"(3.0, 20.0, 0.7, 0.0)",0.7446410059928894,0.05202841758728027,0.07114076614379883,1
full,"(3.0, 20.0, 0.7, 0.0)",0.7431568503379822,0.0034999847412109375,0.0022301673889160156,1
full,"(3.0, 20.0, 0.7, 0.0)",0.8148693144321442,0.030867338180541992,0.10590457916259766,1
full,"(3.0, 20.0, 0.7, 0.0)",0.8408894240856171,0.049939632415771484,0.0332646369934082,1
full,"(3.0, 20.0, 0.7, 0.0)",0.890348345041275,0.19529390335083008,0.29993247985839844,1
full,"(3.0, 20.0, 0.7, 0.0)",0.8368770480155945,0.0850149393081665,0.13242530822753906,1
full,"(3.0, 20.0, 0.7, 0.3)",0.7595211863517761,0.007070779800415039,0.022846460342407227,1
full,"(3.0, 20.0, 0.7, 0.3)",0.8006315231323242,0.01936483383178711,0.17603802680969238,1
full,"(3.0, 20.0, 0.7, 0.3)",0.799952894449234,0.02963542938232422,0.07494473457336426,1
full,"(3.0, 20.0, 0.7, 0.3)",0.8099358379840851,0.09725391864776611,0.2809765338897705,1
full,"(3.0, 20.0, 0.7, 0.3)",0.741479218006134,0.033953070640563965,0.1286458969116211,1
full,"(3.0, 20.0, 0.7, 0.3)",0.8792752623558044,0.1607649326324463,0.3829784393310547,1
full,"(3.0, 20.0, 0.7, 0.3)",0.7673854231834412,0.17116451263427734,0.29781246185302734,1
full,"(3.0, 20.0, 0.7, 0.3)",0.774107813835144,0.01577770709991455,0.034955739974975586,1
full,"(3.0, 20.0, 0.7, 0.3)",0.7851363122463226,0.06533420085906982,0.0723714828491211,1
full,"(3.0, 20.0, 0.7, 0.3)",0.8016319572925568,0.14890289306640625,0.10025310516357422,1
full,"(3.0, 20.0, 0.7, 0.3)",0.8443071246147156,0.19364404678344727,0.2328195571899414,1
full,"(3.0, 20.0, 0.7, 0.3)",0.7969857752323151,0.11308419704437256,0.13591527938842773,1
full,"(3.0, 20.0, 0.7, 0.3)",0.7389878034591675,0.05639231204986572,0.014764785766601562,1
full,"(3.0, 20.0, 0.7, 0.3)",0.8361587822437286,0.04335665702819824,0.02544689178466797,1
full,"(3.0, 20.0, 0.7, 0.3)",0.8564339280128479,0.06243431568145752,0.012822151184082031,1
full,"(3.0, 20.0, 0.7, 0.6)",0.782764732837677,0.04431343078613281,0.28223323822021484,1
full,"(3.0, 20.0, 0.7, 0.6)",0.7746361792087555,0.0558398962020874,0.0767977237701416,1
full,"(3.0, 20.0, 0.7, 0.6)",0.8163038492202759,0.04323101043701172,0.20597410202026367,1
full,"(3.0, 20.0, 0.7, 0.6)",0.74598428606987,0.0501711368560791,0.0671459436416626,1
full,"(3.0, 20.0, 0.7, 0.6)",0.7471456229686737,0.14924132823944092,0.13833928108215332,1
full,"(3.0, 20.0, 0.7, 0.6)",0.7609423100948334,0.11448943614959717,0.19024109840393066,1
full,"(3.0, 20.0, 0.7, 0.6)",0.7974737882614136,0.17568731307983398,0.29428791999816895,1
full,"(3.0, 20.0, 0.7, 0.6)",0.934639185667038,0.11826598644256592,0.3877542018890381,1
full,"(3.0, 20.0, 0.7, 0.6)",0.9054040312767029,0.22202885150909424,0.31368517875671387,1
full,"(3.0, 20.0, 0.7, 0.6)",0.7551330327987671,0.1472223997116089,0.1780235767364502,1
full,"(3.0, 20.0, 0.7, 0.6)",0.7726525664329529,0.05018484592437744,0.20256280899047852,1
full,"(3.0, 20.0, 0.7, 0.6)",0.7970352172851562,0.09121465682983398,0.11281299591064453,1
full,"(3.0, 20.0, 0.7, 0.6)",0.7557769417762756,0.06667149066925049,0.22559762001037598,1
full,"(3.0, 20.0, 0.7, 0.6)",0.8657902777194977,0.06798768043518066,0.15972447395324707,1
full,"(3.0, 20.0, 0.7, 0.6)",0.9475213587284088,0.11630356311798096,0.45507001876831055,1
full,"(3.0, 20.0, 0.7, -0.3)",0.8118517398834229,0.06541311740875244,0.11348199844360352,1
full,"(3.0, 20.0, 0.7, -0.3)",0.7874407470226288,0.12019729614257812,0.03523683547973633,1
full,"(3.0, 20.0, 0.7, -0.3)",0.8788676261901855,0.1891399621963501,0.13141584396362305,1
full,"(3.0, 20.0, 0.7, -0.3)",0.7529946565628052,0.06040799617767334,0.14653635025024414,1
full,"(3.0, 20.0, 0.7, -0.3)",0.7554460167884827,0.06609416007995605,0.13302087783813477,1
full,"(3.0, 20.0, 0.7, -0.3)",0.7883164882659912,0.207267165184021,0.01717543601989746,1
full,"(3.0, 20.0, 0.7, -0.3)",0.9403063356876373,0.15088725090026855,0.11498641967773438,1
full,"(3.0, 20.0, 0.7, -0.3)",0.8218747675418854,0.10923445224761963,0.16547727584838867,1
full,"(3.0, 20.0, 0.7, -0.3)",0.823524534702301,0.09977495670318604,0.0491032600402832,1
full,"(3.0, 20.0, 0.7, -0.3)",0.7708422541618347,0.05406820774078369,0.11309099197387695,1
full,"(3.0, 20.0, 0.7, -0.3)",0.8376738727092743,0.08028066158294678,0.05738496780395508,1
full,"(3.0, 20.0, 0.7, -0.3)",0.7189066410064697,0.064117431640625,0.13011646270751953,1
full,"(3.0, 20.0, 0.7, -0.3)",0.7942305207252502,0.03414261341094971,0.061414241790771484,1
full,"(3.0, 20.0, 0.7, -0.3)",0.8954058587551117,0.1415170431137085,0.1750955581665039,1
full,"(3.0, 20.0, 0.7, -0.3)",0.8375293612480164,0.05798506736755371,0.05886030197143555,1
full,"(1.5, 8.0, 0.3, 0.0)",0.8865643739700317,0.24839895963668823,0.366235613822937,2
full,"(1.5, 8.0, 0.3, 0.0)",0.876112312078476,0.16712045669555664,0.22040462493896484,2
full,"(1.5, 8.0, 0.3, 0.0)",0.8226101994514465,0.2883036136627197,0.3340566158294678,2
full,"(1.5, 8.0, 0.3, 0.0)",0.8965780436992645,0.26942551136016846,0.2873251438140869,2
full,"(1.5, 8.0, 0.3, 0.0)",0.8316758573055267,0.28381919860839844,0.5490792989730835,2
full,"(1.5, 8.0, 0.3, 0.0)",0.8492127954959869,0.18357473611831665,0.13068342208862305,2
full,"(1.5, 8.0, 0.3, 0.0)",0.9030748903751373,0.3011496663093567,0.34897172451019287,2
full,"(1.5, 8.0, 0.3, 0.0)",0.9088639914989471,0.23608887195587158,0.3166903257369995,2
full,"(1.5, 8.0, 0.3, 0.0)",0.8609769344329834,0.215470552444458,0.25216877460479736,2
full,"(1.5, 8.0, 0.3, 0.0)",0.8303341269493103,0.28456008434295654,0.3503115177154541,2
full,"(1.5, 8.0, 0.3, 0.0)",0.8629139959812164,0.24371635913848877,0.3747357130050659,2
full,"(1.5, 8.0, 0.3, 0.0)",0.8536671102046967,0.18680649995803833,0.17395663261413574,2
full,"(1.5, 8.0, 0.3, 0.0)",0.9199463725090027,0.12980687618255615,0.16753840446472168,2
full,"(1.5, 8.0, 0.3, 0.0)",0.8980443477630615,0.17765170335769653,0.22361135482788086,2
full,"(1.5, 8.0, 0.3, 0.0)",0.8758502900600433,0.16481703519821167,0.215906023979187,2
full,"(1.5, 8.0, 0.3, 0.3)",0.8643617033958435,0.3334338963031769,0.28553307056427,2
full,"(1.5, 8.0, 0.3, 0.3)",0.8570876121520996,0.29271185398101807,0.31588125228881836,2
full,"(1.5, 8.0, 0.3, 0.3)",0.8774572312831879,0.1383213996887207,0.03532135486602783,2
full,"(1.5, 8.0, 0.3, 0.3)",0.8800640106201172,0.15734738111495972,0.13660144805908203,2
full,"(1.5, 8.0, 0.3, 0.3)",0.8858470320701599,0.19201982021331787,0.06193828582763672,2
full,"(1.5, 8.0, 0.3, 0.3)",0.8613790273666382,0.1515744924545288,0.13799405097961426,2
full,"(1.5, 8.0, 0.3, 0.3)",0.8889609277248383,0.27407288551330566,0.15162444114685059,2
full,"(1.5, 8.0, 0.3, 0.3)",0.8457141518592834,0.16040289402008057,0.0736616849899292,2
full,"(1.5, 8.0, 0.3, 0.3)",0.9297644793987274,0.21886450052261353,0.0065250396728515625,2
full,"(1.5, 8.0, 0.3, 0.3)",0.8268979489803314,0.2642490863800049,0.3486536741256714,2
full,"(1.5, 8.0, 0.3, 0.3)",0.850884884595871,0.24555885791778564,0.23246777057647705,2
full,"(1.5, 8.0, 0.3, 0.3)",0.8943943679332733,0.1693931221961975,0.13602125644683838,2
full,"(1.5, 8.0, 0.3, 0.3)",0.7979453206062317,0.2239781618118286,0.206834077835083,2
full,"(1.5, 8.0, 0.3, 0.3)",0.9147175848484039,0.1325380802154541,0.009986162185668945,2
full,"(1.5, 8.0, 0.3, 0.3)",0.8241723775863647,0.248235285282135,0.2807471752166748,2
full,"(1.5, 8.0, 0.3, 0.6)",0.8720831871032715,0.1184120774269104,0.09679150581359863,2
full,"(1.5, 8.0, 0.3, 0.6)",0.8506931364536285,0.23080259561538696,0.10637474060058594,2
full,"(1.5, 8.0, 0.3, 0.6)",0.8840621113777161,0.23423218727111816,0.12281250953674316,2
full,"(1.5, 8.0, 0.3, 0.6)",0.8451253771781921,0.23268496990203857,0.07818019390106201,2
full,"(1.5, 8.0, 0.3, 0.6)",0.8741233348846436,0.2535768747329712,0.017522215843200684,2
full,"(1.5, 8.0, 0.3, 0.6)",0.8296689689159393,0.19780850410461426,0.10418081283569336,2
full,"(1.5, 8.0, 0.3, 0.6)",0.8799276947975159,0.2900906205177307,0.1111067533493042,2
full,"(1.5, 8.0, 0.3, 0.6)",0.8900460600852966,0.19515001773834229,0.1021578311920166,2
full,"(1.5, 8.0, 0.3, 0.6)",0.9134122431278229,0.1759021282196045,0.18424475193023682,2
full,"(1.5, 8.0, 0.3, 0.6)",0.8280724883079529,0.15057194232940674,0.04086005687713623,2
full,"(1.5, 8.0, 0.3, 0.6)",0.8619507253170013,0.20270758867263794,0.09356904029846191,2
full,"(1.5, 8.0, 0.3, 0.6)",0.8937777578830719,0.17102587223052979,0.08350574970245361,2
full,"(1.5, 8.0, 0.3, 0.6)",0.8799615502357483,0.16537541151046753,0.024332165718078613,2
full,"(1.5, 8.0, 0.3, 0.6)",0.8438385128974915,0.30792075395584106,0.11499595642089844,2
full,"(1.5, 8.0, 0.3, 0.6)",0.8882242143154144,0.06197082996368408,0.2376115322113037,2
full,"(1.5, 8.0, 0.3, -0.3)",0.9174357056617737,0.15419548749923706,0.35292935371398926,2
full,"(1.5, 8.0, 0.3, -0.3)",0.9076590240001678,0.20024150609970093,0.36380088329315186,2
full,"(1.5, 8.0, 0.3, -0.3)",0.8959719836711884,0.20221096277236938,0.37271952629089355,2
full,"(1.5, 8.0, 0.3, -0.3)",0.8317790925502777,0.19315719604492188,0.2772037982940674,2
full,"(1.5, 8.0, 0.3, -0.3)",0.8809598982334137,0.12796342372894287,0.2847738265991211,2
full,"(1.5, 8.0, 0.3, -0.3)",0.8194373548030853,0.2644007205963135,0.44114208221435547,2
full,"(1.5, 8.0, 0.3, -0.3)",0.8714257776737213,0.2531967759132385,0.474365234375,2
full,"(1.5, 8.0, 0.3, -0.3)",0.9146198034286499,0.30661332607269287,0.5884675979614258,2
full,"(1.5, 8.0, 0.3, -0.3)",0.8835626840591431,0.19310259819030762,0.3111879825592041,2
full,"(1.5, 8.0, 0.3, -0.3)",0.8903040587902069,0.22903555631637573,0.4853416681289673,2
full,"(1.5, 8.0, 0.3, -0.3)",0.9180119633674622,0.13232988119125366,0.2878432273864746,2
full,"(1.5, 8.0, 0.3, -0.3)",0.9053088128566742,0.19457006454467773,0.40594935417175293,2
full,"(1.5, 8.0, 0.3, -0.3)",0.8743804097175598,0.15919709205627441,0.2904629707336426,2
full,"(1.5, 8.0, 0.3, -0.3)",0.8508250117301941,0.11045634746551514,0.3178349733352661,2
full,"(1.5, 8.0, 0.3, -0.3)",0.8569396734237671,0.34609007835388184,0.6288865804672241,2
full,"(1.5, 8.0, 0.7, 0.0)",0.6864175796508789,0.05847299098968506,0.06939291954040527,2
full,"(1.5, 8.0, 0.7, 0.0)",0.7034823894500732,0.050405681133270264,0.046431541442871094,2
full,"(1.5, 8.0, 0.7, 0.0)",0.657586395740509,0.0810936689376831,0.26373887062072754,2
full,"(1.5, 8.0, 0.7, 0.0)",0.6600291132926941,0.10650801658630371,0.11143958568572998,2
full,"(1.5, 8.0, 0.7, 0.0)",0.7030184268951416,0.06677287817001343,0.04009413719177246,2
full,"(1.5, 8.0, 0.7, 0.0)",0.6395843327045441,0.03609985113143921,0.05150938034057617,2
full,"(1.5, 8.0, 0.7, 0.0)",0.6721508502960205,0.04976016283035278,0.008323311805725098,2
full,"(1.5, 8.0, 0.7, 0.0)",0.6518282890319824,0.040723323822021484,0.037973642349243164,2
full,"(1.5, 8.0, 0.7, 0.0)",0.6849154233932495,0.09432482719421387,0.26213276386260986,2
full,"(1.5, 8.0, 0.7, 0.0)",0.649733155965805,0.08427608013153076,0.16420447826385498,2
full,"(1.5, 8.0, 0.7, 0.0)",0.6894800066947937,0.13253605365753174,0.003477811813354492,2
full,"(1.5, 8.0, 0.7, 0.0)",0.6281442940235138,0.10647076368331909,0.08507370948791504,2
full,"(1.5, 8.0, 0.7, 0.0)",0.6623710989952087,0.059503257274627686,0.004239082336425781,2
full,"(1.5, 8.0, 0.7, 0.0)",0.6730830073356628,0.11168181896209717,0.17316269874572754,2
full,"(1.5, 8.0, 0.7, 0.0)",0.6506863832473755,0.08903175592422485,0.048645734786987305,2
full,"(1.5, 8.0, 0.7, 0.3)",0.6586357653141022,0.04078412055969238,0.00889122486114502,2
full,"(1.5, 8.0, 0.7, 0.3)",0.671875536441803,0.09962934255599976,0.2367633581161499,2
full,"(1.5, 8.0, 0.7, 0.3)",0.7409460842609406,0.023696541786193848,0.10678064823150635,2
full,"(1.5, 8.0, 0.7, 0.3)",0.6855020225048065,0.14773738384246826,0.20275259017944336,2
full,"(1.5, 8.0, 0.7, 0.3)",0.6396234333515167,0.07905393838882446,0.06740415096282959,2
full,"(1.5, 8.0, 0.7, 0.3)",0.6339993476867676,0.07556188106536865,0.10793864727020264,2
full,"(1.5, 8.0, 0.7, 0.3)",0.7008522748947144,0.042262911796569824,0.18679726123809814,2
full,"(1.5, 8.0, 0.7, 0.3)",0.7259457409381866,0.08650308847427368,0.08527004718780518,2
full,"(1.5, 8.0, 0.7, 0.3)",0.6869097948074341,0.10121995210647583,0.20012664794921875,2
full,"(1.5, 8.0, 0.7, 0.3)",0.6604158878326416,0.10364168882369995,0.01566755771636963,2
full,"(1.5, 8.0, 0.7, 0.3)",0.6276213824748993,0.08856201171875,0.11875617504119873,2
full,"(1.5, 8.0, 0.7, 0.3)",0.678507924079895,0.12832385301589966,0.1786501407623291,2
full,"(1.5, 8.0, 0.7, 0.3)",0.6489653587341309,0.017136812210083008,0.0972135066986084,2
full,"(1.5, 8.0, 0.7, 0.3)",0.6374918520450592,0.03541231155395508,0.021411895751953125,2
full,"(1.5, 8.0, 0.7, 0.3)",0.6732698380947113,0.04698735475540161,0.05418658256530762,2
full,"(1.5, 8.0, 0.7, 0.6)",0.6274965703487396,0.0683470368385315,0.13227057456970215,2
full,"(1.5, 8.0, 0.7, 0.6)",0.684183806180954,0.08504724502563477,0.29123711585998535,2
full,"(1.5, 8.0, 0.7, 0.6)",0.673109382390976,0.1083974838256836,0.05497729778289795,2
full,"(1.5, 8.0, 0.7, 0.6)",0.727587103843689,0.06156271696090698,0.2202357053756714,2
full,"(1.5, 8.0, 0.7, 0.6)",0.6875922679901123,0.04492294788360596,0.2330082654953003,2
full,"(1.5, 8.0, 0.7, 0.6)",0.6890317499637604,0.13895589113235474,0.33044135570526123,2
full,"(1.5, 8.0, 0.7, 0.6)",0.7223488092422485,0.03282052278518677,0.3105226755142212,2
full,"(1.5, 8.0, 0.7, 0.6)",0.7018297612667084,0.1486825942993164,0.41847026348114014,2
full,"(1.5, 8.0, 0.7, 0.6)",0.6887950599193573,0.06806230545043945,0.37740564346313477,2
full,"(1.5, 8.0, 0.7, 0.6)",0.6479411125183105,0.08162581920623779,0.08696186542510986,2
full,"(1.5, 8.0, 0.7, 0.6)",0.6251768469810486,0.12384700775146484,0.027631163597106934,2
full,"(1.5, 8.0, 0.7, 0.6)",0.6826625466346741,0.023115694522857666,0.12500369548797607,2
full,"(1.5, 8.0, 0.7, 0.6)",0.6709143817424774,0.02863490581512451,0.21443843841552734,2
full,"(1.5, 8.0, 0.7, 0.6)",0.6696333885192871,0.03369325399398804,0.0657726526260376,2
full,"(1.5, 8.0, 0.7, 0.6)",0.6622648239135742,0.024172604084014893,0.03458118438720703,2
full,"(1.5, 8.0, 0.7, -0.3)",0.6570052206516266,0.10029608011245728,0.17177867889404297,2
full,"(1.5, 8.0, 0.7, -0.3)",0.6441155970096588,0.08731037378311157,0.1573629379272461,2
full,"(1.5, 8.0, 0.7, -0.3)",0.639509916305542,0.06371510028839111,0.15096783638000488,2
full,"(1.5, 8.0, 0.7, -0.3)",0.6864617764949799,0.020731329917907715,0.07897567749023438,2
full,"(1.5, 8.0, 0.7, -0.3)",0.6801878809928894,0.03994584083557129,0.0010752677917480469,2
full,"(1.5, 8.0, 0.7, -0.3)",0.6865915060043335,0.022126853466033936,0.034819841384887695,2
full,"(1.5, 8.0, 0.7, -0.3)",0.7132902145385742,0.0582813024520874,0.05498170852661133,2
full,"(1.5, 8.0, 0.7, -0.3)",0.6233398914337158,0.05441725254058838,0.06701040267944336,2
full,"(1.5, 8.0, 0.7, -0.3)",0.6779167652130127,0.026855111122131348,0.07646656036376953,2
full,"(1.5, 8.0, 0.7, -0.3)",0.6407544016838074,0.0688895583152771,0.061631202697753906,2
full,"(1.5, 8.0, 0.7, -0.3)",0.6811493039131165,0.048437416553497314,0.007016420364379883,2
full,"(1.5, 8.0, 0.7, -0.3)",0.65444016456604,0.11485165357589722,0.17096388339996338,2
full,"(1.5, 8.0, 0.7, -0.3)",0.6956140100955963,0.1501738429069519,0.01998114585876465,2
full,"(1.5, 8.0, 0.7, -0.3)",0.6429257392883301,0.1402410864830017,0.2891814708709717,2
full,"(1.5, 8.0, 0.7, -0.3)",0.6207202970981598,0.13703012466430664,0.21234416961669922,2
full,"(1.5, 20.0, 0.3, 0.0)",0.7650018632411957,0.10225772857666016,0.1981661319732666,2
full,"(1.5, 20.0, 0.3, 0.0)",0.6839382648468018,0.08233356475830078,0.21085453033447266,2
full,"(1.5, 20.0, 0.3, 0.0)",0.6919823884963989,0.09329277276992798,0.12428736686706543,2
full,"(1.5, 20.0, 0.3, 0.0)",0.735939621925354,0.13373178243637085,0.15797710418701172,2
full,"(1.5, 20.0, 0.3, 0.0)",0.7345983982086182,0.1476445198059082,0.2780808210372925,2
full,"(1.5, 20.0, 0.3, 0.0)",0.6819298565387726,0.04935503005981445,0.24004590511322021,2
full,"(1.5, 20.0, 0.3, 0.0)",0.6708798110485077,0.15488684177398682,0.1772933006286621,2
full,"(1.5, 20.0, 0.3, 0.0)",0.7122479677200317,0.15554141998291016,0.2608145475387573,2
full,"(1.5, 20.0, 0.3, 0.0)",0.6906153559684753,0.062412381172180176,0.044986724853515625,2
full,"(1.5, 20.0, 0.3, 0.0)",0.7124664485454559,0.10923069715499878,0.019134998321533203,2
full,"(1.5, 20.0, 0.3, 0.0)",0.6953096389770508,0.1567581295967102,0.15323078632354736,2
full,"(1.5, 20.0, 0.3, 0.0)",0.7549349963665009,0.12610721588134766,0.23745131492614746,2
full,"(1.5, 20.0, 0.3, 0.0)",0.7408203184604645,0.07069391012191772,0.20166075229644775,2
full,"(1.5, 20.0, 0.3, 0.0)",0.7003991007804871,0.13273900747299194,0.19808459281921387,2
full,"(1.5, 20.0, 0.3, 0.0)",0.6673077344894409,0.0925171971321106,0.10714864730834961,2
full,"(1.5, 20.0, 0.3, 0.3)",0.6738719046115875,0.12417739629745483,0.08595609664916992,2
full,"(1.5, 20.0, 0.3, 0.3)",0.6993451118469238,0.0883331298828125,0.07439196109771729,2
full,"(1.5, 20.0, 0.3, 0.3)",0.7267190515995026,0.08436554670333862,0.052905917167663574,2
full,"(1.5, 20.0, 0.3, 0.3)",0.7384120225906372,0.11176550388336182,0.005637168884277344,2
full,"(1.5, 20.0, 0.3, 0.3)",0.7173492610454559,0.13170892000198364,0.061286330223083496,2
full,"(1.5, 20.0, 0.3, 0.3)",0.678814709186554,0.06734883785247803,0.04401707649230957,2
full,"(1.5, 20.0, 0.3, 0.3)",0.7213633358478546,0.03252166509628296,0.0064733028411865234,2
full,"(1.5, 20.0, 0.3, 0.3)",0.6886727809906006,0.1592203974723816,0.15543901920318604,2
full,"(1.5, 20.0, 0.3, 0.3)",0.7753647863864899,0.041860997676849365,0.08950018882751465,2
full,"(1.5, 20.0, 0.3, 0.3)",0.6985194981098175,0.24212050437927246,0.23442089557647705,2
full,"(1.5, 20.0, 0.3, 0.3)",0.6603473424911499,0.07756894826889038,0.20673739910125732,2
full,"(1.5, 20.0, 0.3, 0.3)",0.7855444252490997,0.1090078353881836,0.09409213066101074,2
full,"(1.5, 20.0, 0.3, 0.3)",0.7433915734291077,0.1165357232093811,0.1395559310913086,2
full,"(1.5, 20.0, 0.3, 0.3)",0.7424414753913879,0.11030852794647217,0.038086533546447754,2
full,"(1.5, 20.0, 0.3, 0.3)",0.6940828561782837,0.16559916734695435,0.12082600593566895,2
full,"(1.5, 20.0, 0.3, 0.6)",0.7334469556808472,0.11066639423370361,0.3616901636123657,2
full,"(1.5, 20.0, 0.3, 0.6)",0.7400416433811188,0.06479936838150024,0.1351180076599121,2
full,"(1.5, 20.0, 0.3, 0.6)",0.7211835384368896,0.1160077452659607,0.12512826919555664,2
full,"(1.5, 20.0, 0.3, 0.6)",0.6994072496891022,0.13207167387008667,0.0848836898803711,2
full,"(1.5, 20.0, 0.3, 0.6)",0.7396199107170105,0.036874234676361084,0.2963360548019409,2
full,"(1.5, 20.0, 0.3, 0.6)",0.7117703557014465,0.1279887557029724,0.18012797832489014,2
full,"(1.5, 20.0, 0.3, 0.6)",0.6980132460594177,0.055360376834869385,0.19296646118164062,2
full,"(1.5, 20.0, 0.3, 0.6)",0.6597678959369659,0.14930814504623413,0.00012433528900146484,2
full,"(1.5, 20.0, 0.3, 0.6)",0.7417466044425964,0.16752558946609497,0.009777069091796875,2
full,"(1.5, 20.0, 0.3, 0.6)",0.6797043681144714,0.08451205492019653,0.1547708511352539,2
full,"(1.5, 20.0, 0.3, 0.6)",0.7103479206562042,0.10859799385070801,0.006425738334655762,2
full,"(1.5, 20.0, 0.3, 0.6)",0.7008196115493774,0.10410702228546143,0.22101926803588867,2
full,"(1.5, 20.0, 0.3, 0.6)",0.7192464768886566,0.10609769821166992,0.005417227745056152,2
full,"(1.5, 20.0, 0.3, 0.6)",0.726545512676239,0.11348813772201538,0.006354570388793945,2
full,"(1.5, 20.0, 0.3, 0.6)",0.7101728618144989,0.16567939519882202,0.09040391445159912,2
full,"(1.5, 20.0, 0.3, -0.3)",0.6977763772010803,0.1087835431098938,0.16171813011169434,2
full,"(1.5, 20.0, 0.3, -0.3)",0.7621694207191467,0.06668627262115479,0.037714242935180664,2
full,"(1.5, 20.0, 0.3, -0.3)",0.7082734704017639,0.13896852731704712,0.04315686225891113,2
full,"(1.5, 20.0, 0.3, -0.3)",0.7179915308952332,0.19068270921707153,0.3661789894104004,2
full,"(1.5, 20.0, 0.3, -0.3)",0.720257043838501,0.14761686325073242,0.4018951654434204,2
full,"(1.5, 20.0, 0.3, -0.3)",0.7148991227149963,0.13803279399871826,0.2971419095993042,2
full,"(1.5, 20.0, 0.3, -0.3)",0.7260085940361023,0.1418304443359375,0.36669421195983887,2
full,"(1.5, 20.0, 0.3, -0.3)",0.700259655714035,0.10203993320465088,0.1958603858947754,2
full,"(1.5, 20.0, 0.3, -0.3)",0.6999668776988983,0.10812288522720337,0.1767897605895996,2
full,"(1.5, 20.0, 0.3, -0.3)",0.6897600293159485,0.04307985305786133,0.0035622119903564453,2
full,"(1.5, 20.0, 0.3, -0.3)",0.6951601505279541,0.0805962085723877,0.13567209243774414,2
full,"(1.5, 20.0, 0.3, -0.3)",0.7056421339511871,0.09966415166854858,0.1575169563293457,2
full,"(1.5, 20.0, 0.3, -0.3)",0.6793110072612762,0.011836409568786621,0.08962488174438477,2
full,"(1.5, 20.0, 0.3, -0.3)",0.6935609579086304,0.11877810955047607,0.24230527877807617,2
full,"(1.5, 20.0, 0.3, -0.3)",0.6806163191795349,0.1686403751373291,0.30718088150024414,2
full,"(1.5, 20.0, 0.7, 0.0)",0.4954703152179718,0.03477513790130615,0.09073305130004883,2
full,"(1.5, 20.0, 0.7, 0.0)",0.46525345742702484,0.006734132766723633,0.08411526679992676,2
full,"(1.5, 20.0, 0.7, 0.0)",0.49260304868221283,0.058328211307525635,0.09049868583679199,2
full,"(1.5, 20.0, 0.7, 0.0)",0.5161536931991577,0.03697681427001953,0.06024312973022461,2
full,"(1.5, 20.0, 0.7, 0.0)",0.48921531438827515,0.08420073986053467,0.23118185997009277,2
full,"(1.5, 20.0, 0.7, 0.0)",0.5070006847381592,0.04504203796386719,0.03455710411071777,2
full,"(1.5, 20.0, 0.7, 0.0)",0.5011420249938965,0.10252964496612549,0.23302364349365234,2
full,"(1.5, 20.0, 0.7, 0.0)",0.4790188670158386,0.11568975448608398,0.006458759307861328,2
full,"(1.5, 20.0, 0.7, 0.0)",0.4597662389278412,0.0506017804145813,0.0033469200134277344,2
full,"(1.5, 20.0, 0.7, 0.0)",0.47046977281570435,0.05353659391403198,0.1478407382965088,2
full,"(1.5, 20.0, 0.7, 0.0)",0.5131995379924774,0.017250657081604004,0.12502074241638184,2
full,"(1.5, 20.0, 0.7, 0.0)",0.48812539875507355,0.07504570484161377,0.1015695333480835,2
full,"(1.5, 20.0, 0.7, 0.0)",0.4741058200597763,0.021504342555999756,0.06402277946472168,2
full,"(1.5, 20.0, 0.7, 0.0)",0.49762921035289764,0.0816153883934021,0.08685922622680664,2
full,"(1.5, 20.0, 0.7, 0.0)",0.48151402175426483,0.10642969608306885,0.1378791332244873,2
full,"(1.5, 20.0, 0.7, 0.3)",0.522574171423912,0.07145035266876221,0.25895094871520996,2
full,"(1.5, 20.0, 0.7, 0.3)",0.48901376128196716,0.05028432607650757,0.04435384273529053,2
full,"(1.5, 20.0, 0.7, 0.3)",0.44369617104530334,0.052509307861328125,0.061955809593200684,2
full,"(1.5, 20.0, 0.7, 0.3)",0.474973127245903,0.0795091986656189,0.10270226001739502,2
full,"(1.5, 20.0, 0.7, 0.3)",0.44075410068035126,0.012236058712005615,0.04610776901245117,2
full,"(1.5, 20.0, 0.7, 0.3)",0.4635804295539856,0.11031538248062134,0.16802585124969482,2
full,"(1.5, 20.0, 0.7, 0.3)",0.4683036208152771,0.027921617031097412,0.03160500526428223,2
full,"(1.5, 20.0, 0.7, 0.3)",0.4605780839920044,0.019687891006469727,0.016871094703674316,2
full,"(1.5, 20.0, 0.7, 0.3)",0.4358666092157364,0.028165578842163086,0.018725991249084473,2
full,"(1.5, 20.0, 0.7, 0.3)",0.4738279730081558,0.0677652359008789,0.1054610013961792,2
full,"(1.5, 20.0, 0.7, 0.3)",0.511374294757843,0.1159745454788208,0.1873009204864502,2
full,"(1.5, 20.0, 0.7, 0.3)",0.5269031524658203,0.08169227838516235,0.14059710502624512,2
full,"(1.5, 20.0, 0.7, 0.3)",0.5195720195770264,0.11874204874038696,0.22224104404449463,2
full,"(1.5, 20.0, 0.7, 0.3)",0.5242833495140076,0.08455407619476318,0.021820783615112305,2
full,"(1.5, 20.0, 0.7, 0.3)",0.4390104115009308,0.08446049690246582,0.12392330169677734,2
full,"(1.5, 20.0, 0.7, 0.6)",0.5275223553180695,0.12320500612258911,0.37767601013183594,2
full,"(1.5, 20.0, 0.7, 0.6)",0.48815029859542847,0.056783974170684814,0.13072526454925537,2
full,"(1.5, 20.0, 0.7, 0.6)",0.49532511830329895,0.11937493085861206,0.30776822566986084,2
full,"(1.5, 20.0, 0.7, 0.6)",0.4717572331428528,0.05600374937057495,0.07852578163146973,2
full,"(1.5, 20.0, 0.7, 0.6)",0.5519822835922241,0.11078256368637085,0.15863680839538574,2
full,"(1.5, 20.0, 0.7, 0.6)",0.4765068292617798,0.06666618585586548,0.19914019107818604,2
full,"(1.5, 20.0, 0.7, 0.6)",0.4661640524864197,0.002496182918548584,0.09063708782196045,2
full,"(1.5, 20.0, 0.7, 0.6)",0.4993462860584259,0.009482979774475098,0.052778005599975586,2
full,"(1.5, 20.0, 0.7, 0.6)",0.5089060664176941,0.029862284660339355,0.09105241298675537,2
full,"(1.5, 20.0, 0.7, 0.6)",0.46060431003570557,0.013990700244903564,0.010556578636169434,2
full,"(1.5, 20.0, 0.7, 0.6)",0.48104554414749146,0.007668495178222656,0.005797743797302246,2
full,"(1.5, 20.0, 0.7, 0.6)",0.48188255727291107,0.0628630518913269,0.11965692043304443,2
full,"(1.5, 20.0, 0.7, 0.6)",0.46979960799217224,0.02413541078567505,0.11129021644592285,2
full,"(1.5, 20.0, 0.7, 0.6)",0.4922932982444763,0.03201788663864136,0.11638450622558594,2
full,"(1.5, 20.0, 0.7, 0.6)",0.4663648307323456,0.12119805812835693,0.2370244264602661,2
full,"(1.5, 20.0, 0.7, -0.3)",0.5189451277256012,0.07683581113815308,0.013705015182495117,2
full,"(1.5, 20.0, 0.7, -0.3)",0.4850255250930786,0.047882139682769775,0.10247445106506348,2
full,"(1.5, 20.0, 0.7, -0.3)",0.47448423504829407,0.035103023052215576,0.058508872985839844,2
full,"(1.5, 20.0, 0.7, -0.3)",0.462815597653389,0.041207969188690186,0.0009946823120117188,2
full,"(1.5, 20.0, 0.7, -0.3)",0.4895997643470764,0.05177175998687744,0.107818603515625,2
full,"(1.5, 20.0, 0.7, -0.3)",0.472540482878685,0.022470176219940186,0.004632472991943359,2
full,"(1.5, 20.0, 0.7, -0.3)",0.45032668113708496,0.027258574962615967,0.07364225387573242,2
full,"(1.5, 20.0, 0.7, -0.3)",0.49354514479637146,0.05916488170623779,0.024145126342773438,2
full,"(1.5, 20.0, 0.7, -0.3)",0.4928832948207855,0.03147023916244507,0.035218238830566406,2
full,"(1.5, 20.0, 0.7, -0.3)",0.42858588695526123,0.08357620239257812,0.05802583694458008,2
full,"(1.5, 20.0, 0.7, -0.3)",0.5799419581890106,0.23198485374450684,0.2547633647918701,2
full,"(1.5, 20.0, 0.7, -0.3)",0.4824896603822708,0.03167247772216797,0.09401321411132812,2
full,"(1.5, 20.0, 0.7, -0.3)",0.4772028923034668,0.05772215127944946,0.09560871124267578,2
full,"(1.5, 20.0, 0.7, -0.3)",0.4831354022026062,0.05305171012878418,0.12121438980102539,2
full,"(1.5, 20.0, 0.7, -0.3)",0.5223591923713684,0.03838372230529785,0.045198678970336914,2
full,"(3.0, 8.0, 0.3, 0.0)",1.6649706363677979,0.414247989654541,0.715949535369873,2
full,"(3.0, 8.0, 0.3, 0.0)",1.6349883079528809,0.3334008455276489,0.2957127094268799,2
full,"(3.0, 8.0, 0.3, 0.0)",1.6328802108764648,0.2548929452896118,0.28684568405151367,2
full,"(3.0, 8.0, 0.3, 0.0)",1.6122649908065796,0.410223126411438,0.7909879684448242,2
full,"(3.0, 8.0, 0.3, 0.0)",1.6771433353424072,0.24133312702178955,0.19927406311035156,2
full,"(3.0, 8.0, 0.3, 0.0)",1.6060201525688171,0.5219941139221191,0.7226431369781494,2
full,"(3.0, 8.0, 0.3, 0.0)",1.6871562004089355,0.43621695041656494,0.5950009822845459,2
full,"(3.0, 8.0, 0.3, 0.0)",1.6334540843963623,0.42575860023498535,0.5566520690917969,2
full,"(3.0, 8.0, 0.3, 0.0)",1.7522053718566895,0.30485963821411133,0.5297930240631104,2
full,"(3.0, 8.0, 0.3, 0.0)",1.6211906671524048,0.3825477361679077,0.296231746673584,2
full,"(3.0, 8.0, 0.3, 0.0)",1.6906638145446777,0.19996249675750732,0.3701004981994629,2
full,"(3.0, 8.0, 0.3, 0.0)",1.6524181962013245,0.2994924783706665,0.4668009281158447,2
full,"(3.0, 8.0, 0.3, 0.0)",1.6011480689048767,0.3734978437423706,0.5516610145568848,2
full,"(3.0, 8.0, 0.3, 0.0)",1.6444644927978516,0.41538476943969727,0.342193603515625,2
full,"(3.0, 8.0, 0.3, 0.0)",1.6566084027290344,0.41370725631713867,0.6285183429718018,2
full,"(3.0, 8.0, 0.3, 0.3)",1.6553983688354492,0.20186591148376465,0.12932348251342773,2
full,"(3.0, 8.0, 0.3, 0.3)",1.5852057933807373,0.33465659618377686,0.2709016799926758,2
full,"(3.0, 8.0, 0.3, 0.3)",1.7254440784454346,0.4013676643371582,0.16556334495544434,2
full,"(3.0, 8.0, 0.3, 0.3)",1.5804131627082825,0.22349774837493896,0.3076138496398926,2
full,"(3.0, 8.0, 0.3, 0.3)",1.6899623274803162,0.47037017345428467,0.5010271072387695,2
full,"(3.0, 8.0, 0.3, 0.3)",1.5978806614875793,0.31662797927856445,0.30878400802612305,2
full,"(3.0, 8.0, 0.3, 0.3)",1.736958622932434,0.5409630537033081,0.4635951519012451,2
full,"(3.0, 8.0, 0.3, 0.3)",1.641213834285736,0.30274224281311035,0.24158310890197754,2
full,"(3.0, 8.0, 0.3, 0.3)",1.6412877440452576,0.3191533088684082,0.4008312225341797,2
full,"(3.0, 8.0, 0.3, 0.3)",1.6515161991119385,0.32543694972991943,0.25031232833862305,2
full,"(3.0, 8.0, 0.3, 0.3)",1.6597003936767578,0.32883429527282715,0.19077134132385254,2
full,"(3.0, 8.0, 0.3, 0.3)",1.6211061477661133,0.6331061124801636,0.5757749080657959,2
full,"(3.0, 8.0, 0.3, 0.3)",1.6888867616653442,0.3579704761505127,0.2609231472015381,2
full,"(3.0, 8.0, 0.3, 0.3)",1.6324833631515503,0.3710789680480957,0.3449409008026123,2
full,"(3.0, 8.0, 0.3, 0.3)",1.657934546470642,0.4917718172073364,0.35150742530822754,2
full,"(3.0, 8.0, 0.3, 0.6)",1.650512158870697,0.48162710666656494,0.011883020401000977,2
full,"(3.0, 8.0, 0.3, 0.6)",1.7397990822792053,0.2407665252685547,0.30486273765563965,2
full,"(3.0, 8.0, 0.3, 0.6)",1.7722258567810059,0.2786620855331421,0.2862875461578369,2
full,"(3.0, 8.0, 0.3, 0.6)",1.6132721304893494,0.2913839817047119,0.12161755561828613,2
full,"(3.0, 8.0, 0.3, 0.6)",1.7273488640785217,0.5538485050201416,0.013396501541137695,2
full,"(3.0, 8.0, 0.3, 0.6)",1.7071479558944702,0.4208369255065918,0.10946798324584961,2
full,"(3.0, 8.0, 0.3, 0.6)",1.6107827425003052,0.47867536544799805,0.2789435386657715,2
full,"(3.0, 8.0, 0.3, 0.6)",1.5781381726264954,0.6605122685432434,0.3269309997558594,2
full,"(3.0, 8.0, 0.3, 0.6)",1.605912983417511,0.43435943126678467,0.13655662536621094,2
full,"(3.0, 8.0, 0.3, 0.6)",1.5521531105041504,0.4533274173736572,0.18325591087341309,2
full,"(3.0, 8.0, 0.3, 0.6)",1.6679046154022217,0.23013043403625488,0.20032238960266113,2
full,"(3.0, 8.0, 0.3, 0.6)",1.6211929321289062,0.3398783206939697,0.10965394973754883,2
full,"(3.0, 8.0, 0.3, 0.6)",1.6523962020874023,0.25383198261260986,0.0824885368347168,2
full,"(3.0, 8.0, 0.3, 0.6)",1.7128839492797852,0.42739665508270264,0.14767956733703613,2
full,"(3.0, 8.0, 0.3, 0.6)",1.752642273902893,0.15860891342163086,0.41065502166748047,2
full,"(3.0, 8.0, 0.3, -0.3)",1.634577751159668,0.3512958288192749,0.7598247528076172,2
full,"(3.0, 8.0, 0.3, -0.3)",1.6941691637039185,0.2789720296859741,0.4097919464111328,2
full,"(3.0, 8.0, 0.3, -0.3)",1.5729321837425232,0.4902527332305908,0.8202941417694092,2
full,"(3.0, 8.0, 0.3, -0.3)",1.6455647945404053,0.2656756639480591,0.24516916275024414,2
full,"(3.0, 8.0, 0.3, -0.3)",1.6000624299049377,0.4713016748428345,0.6219840049743652,2
full,"(3.0, 8.0, 0.3, -0.3)",1.684859573841095,0.26205897331237793,0.3714151382446289,2
full,"(3.0, 8.0, 0.3, -0.3)",1.72162926197052,0.3146491050720215,0.6819186210632324,2
full,"(3.0, 8.0, 0.3, -0.3)",1.6563268303871155,0.40637409687042236,0.5428853034973145,2
full,"(3.0, 8.0, 0.3, -0.3)",1.6820241212844849,0.2336353063583374,0.3184075355529785,2
full,"(3.0, 8.0, 0.3, -0.3)",1.5695788860321045,0.6294562816619873,1.2586915493011475,2
full,"(3.0, 8.0, 0.3, -0.3)",1.7370073795318604,0.4284576177597046,0.7234621047973633,2
full,"(3.0, 8.0, 0.3, -0.3)",1.6018723249435425,0.3438180685043335,0.6186866760253906,2
full,"(3.0, 8.0, 0.3, -0.3)",1.6586281061172485,0.33896636962890625,0.6320481300354004,2
full,"(3.0, 8.0, 0.3, -0.3)",1.7463270425796509,0.39348793029785156,0.9307422637939453,2
full,"(3.0, 8.0, 0.3, -0.3)",1.5871299505233765,0.3586214780807495,0.7938718795776367,2
full,"(3.0, 8.0, 0.7, 0.0)",1.2990297675132751,0.22561955451965332,0.2625298500061035,2
full,"(3.0, 8.0, 0.7, 0.0)",1.1845447421073914,0.07154607772827148,0.11533260345458984,2
full,"(3.0, 8.0, 0.7, 0.0)",1.1974425315856934,0.1479806900024414,0.10594391822814941,2
full,"(3.0, 8.0, 0.7, 0.0)",1.3396002650260925,0.04106724262237549,0.023082733154296875,2
full,"(3.0, 8.0, 0.7, 0.0)",1.3235280513763428,0.05198347568511963,0.14626407623291016,2
full,"(3.0, 8.0, 0.7, 0.0)",1.2223995923995972,0.06767356395721436,0.10014200210571289,2
full,"(3.0, 8.0, 0.7, 0.0)",1.1612424850463867,0.11382842063903809,0.0977010726928711,2
full,"(3.0, 8.0, 0.7, 0.0)",1.2556608319282532,0.10142529010772705,0.045601844787597656,2
full,"(3.0, 8.0, 0.7, 0.0)",1.242320477962494,0.010656118392944336,0.027085304260253906,2
full,"(3.0, 8.0, 0.7, 0.0)",1.1953588128089905,0.10943865776062012,0.09139633178710938,2
full,"(3.0, 8.0, 0.7, 0.0)",1.2663888931274414,0.07597243785858154,0.010584354400634766,2
full,"(3.0, 8.0, 0.7, 0.0)",1.2260164022445679,0.10689270496368408,0.12770438194274902,2
full,"(3.0, 8.0, 0.7, 0.0)",1.202219843864441,0.17733526229858398,0.23265719413757324,2
full,"(3.0, 8.0, 0.7, 0.0)",1.1742253303527832,0.03509366512298584,0.21608638763427734,2
full,"(3.0, 8.0, 0.7, 0.0)",1.1798968315124512,0.05784308910369873,0.164093017578125,2
full,"(3.0, 8.0, 0.7, 0.3)",1.2127812504768372,0.17496979236602783,0.2929058074951172,2
full,"(3.0, 8.0, 0.7, 0.3)",1.1634620428085327,0.08693170547485352,0.005808115005493164,2
full,"(3.0, 8.0, 0.7, 0.3)",1.194863200187683,0.049721717834472656,0.06811118125915527,2
full,"(3.0, 8.0, 0.7, 0.3)",1.2185389399528503,0.027100563049316406,0.18526029586791992,2
full,"(3.0, 8.0, 0.7, 0.3)",1.2661868333816528,0.1552950143814087,0.45102787017822266,2
full,"(3.0, 8.0, 0.7, 0.3)",1.1971694231033325,0.09295618534088135,0.11870884895324707,2
full,"(3.0, 8.0, 0.7, 0.3)",1.2931222915649414,0.13582110404968262,0.07100486755371094,2
full,"(3.0, 8.0, 0.7, 0.3)",1.1862455606460571,0.10478544235229492,0.1610720157623291,2
full,"(3.0, 8.0, 0.7, 0.3)",1.268398940563202,0.17573702335357666,0.0520021915435791,2
full,"(3.0, 8.0, 0.7, 0.3)",1.1742631196975708,0.019560694694519043,0.17707324028015137,2
full,"(3.0, 8.0, 0.7, 0.3)",1.2340102195739746,0.09431636333465576,0.27092576026916504,2
full,"(3.0, 8.0, 0.7, 0.3)",1.1692919731140137,0.0628502368927002,0.0001404285430908203,2
full,"(3.0, 8.0, 0.7, 0.3)",1.2332311868667603,0.032659053802490234,0.02656841278076172,2
full,"(3.0, 8.0, 0.7, 0.3)",1.1756922006607056,0.026841044425964355,0.08493351936340332,2
full,"(3.0, 8.0, 0.7, 0.3)",1.3253822326660156,0.13809025287628174,0.42252516746520996,2
full,"(3.0, 8.0, 0.7, 0.6)",1.3208976984024048,0.08687329292297363,0.39696669578552246,2
full,"(3.0, 8.0, 0.7, 0.6)",1.2048907279968262,0.012751221656799316,0.38469767570495605,2
full,"(3.0, 8.0, 0.7, 0.6)",1.2930657267570496,0.12897217273712158,0.6135959625244141,2
full,"(3.0, 8.0, 0.7, 0.6)",1.2179397344589233,0.11777234077453613,0.644977331161499,2
full,"(3.0, 8.0, 0.7, 0.6)",1.209485948085785,0.04458177089691162,0.3222620487213135,2
full,"(3.0, 8.0, 0.7, 0.6)",1.2346227169036865,0.1098024845123291,0.5479514598846436,2
full,"(3.0, 8.0, 0.7, 0.6)",1.2114976644515991,0.19108903408050537,0.48281168937683105,2
full,"(3.0, 8.0, 0.7, 0.6)",1.3087384104728699,0.027813196182250977,0.3695824146270752,2
full,"(3.0, 8.0, 0.7, 0.6)",1.241702139377594,0.09217667579650879,0.6823723316192627,2
full,"(3.0, 8.0, 0.7, 0.6)",1.1162745952606201,0.13482868671417236,0.46909117698669434,2
full,"(3.0, 8.0, 0.7, 0.6)",1.2999696135520935,0.035236477851867676,0.18968987464904785,2
full,"(3.0, 8.0, 0.7, 0.6)",1.1916956305503845,0.06703388690948486,0.46439576148986816,2
full,"(3.0, 8.0, 0.7, 0.6)",1.2443562746047974,0.07484149932861328,0.4046363830566406,2
full,"(3.0, 8.0, 0.7, 0.6)",1.2044206261634827,0.0960237979888916,0.15118813514709473,2
full,"(3.0, 8.0, 0.7, 0.6)",1.323435127735138,0.11472570896148682,0.8076655864715576,2
full,"(3.0, 8.0, 0.7, -0.3)",1.2334727048873901,0.10341644287109375,0.07520389556884766,2
full,"(3.0, 8.0, 0.7, -0.3)",1.1416264176368713,0.10365831851959229,0.01273488998413086,2
full,"(3.0, 8.0, 0.7, -0.3)",1.1758870482444763,0.15797019004821777,0.20960235595703125,2
full,"(3.0, 8.0, 0.7, -0.3)",1.3066564202308655,0.15330612659454346,0.029987335205078125,2
full,"(3.0, 8.0, 0.7, -0.3)",1.2207028269767761,0.053751230239868164,0.15468263626098633,2
full,"(3.0, 8.0, 0.7, -0.3)",1.2747184038162231,0.10338068008422852,0.09221363067626953,2
full,"(3.0, 8.0, 0.7, -0.3)",1.2353615760803223,0.02172672748565674,0.009951591491699219,2
full,"(3.0, 8.0, 0.7, -0.3)",1.2021611332893372,0.043973445892333984,0.005146980285644531,2
full,"(3.0, 8.0, 0.7, -0.3)",1.2706844806671143,0.064536452293396,0.08637332916259766,2
full,"(3.0, 8.0, 0.7, -0.3)",1.2049843668937683,0.03410983085632324,0.13358545303344727,2
full,"(3.0, 8.0, 0.7, -0.3)",1.3094905614852905,0.13047361373901367,0.1304311752319336,2
full,"(3.0, 8.0, 0.7, -0.3)",1.2620620131492615,0.06670403480529785,0.0919179916381836,2
full,"(3.0, 8.0, 0.7, -0.3)",1.1356307864189148,0.03639638423919678,0.25907468795776367,2
full,"(3.0, 8.0, 0.7, -0.3)",1.1755098104476929,0.201745867729187,0.0511932373046875,2
full,"(3.0, 8.0, 0.7, -0.3)",1.2171066999435425,0.14183294773101807,0.30056142807006836,2
full,"(3.0, 20.0, 0.3, 0.0)",1.2813845872879028,0.11447405815124512,0.18291687965393066,2
full,"(3.0, 20.0, 0.3, 0.0)",1.3760462403297424,0.13288843631744385,0.16029071807861328,2
full,"(3.0, 20.0, 0.3, 0.0)",1.38113534450531,0.1767669916152954,0.32164573669433594,2
full,"(3.0, 20.0, 0.3, 0.0)",1.3935917615890503,0.11786949634552002,0.1682567596435547,2
full,"(3.0, 20.0, 0.3, 0.0)",1.2645912170410156,0.17894744873046875,0.23839807510375977,2
full,"(3.0, 20.0, 0.3, 0.0)",1.2505110502243042,0.18190479278564453,0.19858527183532715,2
full,"(3.0, 20.0, 0.3, 0.0)",1.368318259716034,0.07969236373901367,0.14919567108154297,2
full,"(3.0, 20.0, 0.3, 0.0)",1.379160463809967,0.11448383331298828,0.01222991943359375,2
full,"(3.0, 20.0, 0.3, 0.0)",1.290168285369873,0.2982398271560669,0.25684356689453125,2
full,"(3.0, 20.0, 0.3, 0.0)",1.3329479694366455,0.11457717418670654,0.28388333320617676,2
full,"(3.0, 20.0, 0.3, 0.0)",1.367630660533905,0.1388019323348999,0.34807372093200684,2
full,"(3.0, 20.0, 0.3, 0.0)",1.3583284616470337,0.2081155776977539,0.18137216567993164,2
full,"(3.0, 20.0, 0.3, 0.0)",1.3791300058364868,0.08967816829681396,0.005029439926147461,2
full,"(3.0, 20.0, 0.3, 0.0)",1.37419855594635,0.1455390453338623,0.3142719268798828,2
full,"(3.0, 20.0, 0.3, 0.0)",1.3572107553482056,0.17704200744628906,0.20233368873596191,2
full,"(3.0, 20.0, 0.3, 0.3)",1.3231682777404785,0.2297520637512207,0.36935925483703613,2
full,"(3.0, 20.0, 0.3, 0.3)",1.3852676153182983,0.14346063137054443,0.004102945327758789,2
full,"(3.0, 20.0, 0.3, 0.3)",1.3042354583740234,0.19263863563537598,0.09624814987182617,2
full,"(3.0, 20.0, 0.3, 0.3)",1.3280757069587708,0.2862437963485718,0.08238911628723145,2
full,"(3.0, 20.0, 0.3, 0.3)",1.3048833012580872,0.08790946006774902,0.01086878776550293,2
full,"(3.0, 20.0, 0.3, 0.3)",1.3235218524932861,0.27657926082611084,0.25720977783203125,2
full,"(3.0, 20.0, 0.3, 0.3)",1.3587009906768799,0.1720362901687622,0.004354000091552734,2
full,"(3.0, 20.0, 0.3, 0.3)",1.2645200490951538,0.1776440143585205,0.04210710525512695,2
full,"(3.0, 20.0, 0.3, 0.3)",1.3636230826377869,0.18464672565460205,0.1662607192993164,2
full,"(3.0, 20.0, 0.3, 0.3)",1.2719253897666931,0.1719062328338623,0.12447547912597656,2
full,"(3.0, 20.0, 0.3, 0.3)",1.3172082901000977,0.22099816799163818,0.0048465728759765625,2
full,"(3.0, 20.0, 0.3, 0.3)",1.3746116161346436,0.14099013805389404,0.14793777465820312,2
full,"(3.0, 20.0, 0.3, 0.3)",1.3184255957603455,0.2423412799835205,0.14018011093139648,2
full,"(3.0, 20.0, 0.3, 0.3)",1.3157935738563538,0.20973503589630127,0.1655716896057129,2
full,"(3.0, 20.0, 0.3, 0.3)",1.3182131052017212,0.13096535205841064,0.06539320945739746,2
full,"(3.0, 20.0, 0.3, 0.6)",1.2305746674537659,0.16510248184204102,0.05762934684753418,2
full,"(3.0, 20.0, 0.3, 0.6)",1.3695205450057983,0.11646771430969238,0.22678613662719727,2
full,"(3.0, 20.0, 0.3, 0.6)",1.2519357204437256,0.2968515157699585,0.012712478637695312,2
full,"(3.0, 20.0, 0.3, 0.6)",1.3223273754119873,0.24294543266296387,0.008444070816040039,2
full,"(3.0, 20.0, 0.3, 0.6)",1.2716853022575378,0.09291696548461914,0.019873857498168945,2
full,"(3.0, 20.0, 0.3, 0.6)",1.2595783472061157,0.22139430046081543,0.010521411895751953,2
full,"(3.0, 20.0, 0.3, 0.6)",1.3343432545661926,0.12498164176940918,0.2745218276977539,2
full,"(3.0, 20.0, 0.3, 0.6)",1.3362324833869934,0.13408827781677246,0.15567827224731445,2
full,"(3.0, 20.0, 0.3, 0.6)",1.3775899410247803,0.2860233783721924,0.019373178482055664,2
full,"(3.0, 20.0, 0.3, 0.6)",1.3569233417510986,0.17278170585632324,0.4222562313079834,2
full,"(3.0, 20.0, 0.3, 0.6)",1.3010458946228027,0.21580159664154053,0.258821964263916,2
full,"(3.0, 20.0, 0.3, 0.6)",1.3370232582092285,0.24809908866882324,0.023547887802124023,2
full,"(3.0, 20.0, 0.3, 0.6)",1.3003548383712769,0.17982828617095947,0.07802677154541016,2
full,"(3.0, 20.0, 0.3, 0.6)",1.3466458320617676,0.2793099880218506,0.3660745620727539,2
full,"(3.0, 20.0, 0.3, 0.6)",1.2912137508392334,0.14708220958709717,0.16283345222473145,2
full,"(3.0, 20.0, 0.3, -0.3)",1.2970646619796753,0.07158243656158447,0.12877368927001953,2
full,"(3.0, 20.0, 0.3, -0.3)",1.3661336302757263,0.22953975200653076,0.6610722541809082,2
full,"(3.0, 20.0, 0.3, -0.3)",1.3742824792861938,0.10676860809326172,0.1924738883972168,2
full,"(3.0, 20.0, 0.3, -0.3)",1.2579981088638306,0.1890544891357422,0.3957195281982422,2
full,"(3.0, 20.0, 0.3, -0.3)",1.3741141557693481,0.04192984104156494,0.17266511917114258,2
full,"(3.0, 20.0, 0.3, -0.3)",1.3271992206573486,0.1918656826019287,0.487337589263916,2
full,"(3.0, 20.0, 0.3, -0.3)",1.2604317665100098,0.15958702564239502,0.26154232025146484,2
full,"(3.0, 20.0, 0.3, -0.3)",1.3645113110542297,0.21468257904052734,0.38144969940185547,2
full,"(3.0, 20.0, 0.3, -0.3)",1.2490143775939941,0.17020833492279053,0.2891664505004883,2
full,"(3.0, 20.0, 0.3, -0.3)",1.3394582867622375,0.11241590976715088,0.22953081130981445,2
full,"(3.0, 20.0, 0.3, -0.3)",1.3856684565544128,0.14220678806304932,0.5472006797790527,2
full,"(3.0, 20.0, 0.3, -0.3)",1.2500112056732178,0.23421096801757812,0.5853676795959473,2
full,"(3.0, 20.0, 0.3, -0.3)",1.3499308824539185,0.26362931728363037,0.5851101875305176,2
full,"(3.0, 20.0, 0.3, -0.3)",1.3654462099075317,0.11761319637298584,0.20447349548339844,2
full,"(3.0, 20.0, 0.3, -0.3)",1.3309757113456726,0.061087727546691895,0.1563701629638672,2
full,"(3.0, 20.0, 0.7, 0.0)",0.7487286925315857,0.036421775817871094,0.07851052284240723,2
full,"(3.0, 20.0, 0.7, 0.0)",0.813509613275528,0.05570650100708008,0.08686065673828125,2
full,"(3.0, 20.0, 0.7, 0.0)",0.8219598233699799,0.09994781017303467,0.09219741821289062,2
full,"(3.0, 20.0, 0.7, 0.0)",0.7583635449409485,0.09003293514251709,0.15192174911499023,2
full,"(3.0, 20.0, 0.7, 0.0)",0.7775585055351257,0.04738473892211914,0.031830787658691406,2
full,"(3.0, 20.0, 0.7, 0.0)",0.7414415776729584,0.03486835956573486,0.002796173095703125,2
full,"(3.0, 20.0, 0.7, 0.0)",0.8421651422977448,0.08390951156616211,0.0690913200378418,2
full,"(3.0, 20.0, 0.7, 0.0)",0.792397528886795,0.09108853340148926,0.07307147979736328,2
full,"(3.0, 20.0, 0.7, 0.0)",0.7432453036308289,0.08880782127380371,0.07193899154663086,2
full,"(3.0, 20.0, 0.7, 0.0)",0.7441602349281311,0.042011260986328125,0.07273721694946289,2
full,"(3.0, 20.0, 0.7, 0.0)",0.7586488425731659,0.05259060859680176,0.020898818969726562,2
full,"(3.0, 20.0, 0.7, 0.0)",0.7883947491645813,0.10210347175598145,0.25140953063964844,2
full,"(3.0, 20.0, 0.7, 0.0)",0.7531619369983673,0.060855984687805176,0.057535648345947266,2
full,"(3.0, 20.0, 0.7, 0.0)",0.8095432221889496,0.12536394596099854,0.1463308334350586,2
full,"(3.0, 20.0, 0.7, 0.0)",0.7703950703144073,0.03960585594177246,0.04842996597290039,2
full,"(3.0, 20.0, 0.7, 0.3)",0.716169536113739,0.09295368194580078,0.03941512107849121,2
full,"(3.0, 20.0, 0.7, 0.3)",0.7978504598140717,0.07006168365478516,0.20126819610595703,2
full,"(3.0, 20.0, 0.7, 0.3)",0.8045487999916077,0.1116708517074585,0.2166748046875,2
full,"(3.0, 20.0, 0.7, 0.3)",0.8394529819488525,0.032498836517333984,0.04447507858276367,2
full,"(3.0, 20.0, 0.7, 0.3)",0.8082398176193237,0.09835803508758545,0.012050151824951172,2
full,"(3.0, 20.0, 0.7, 0.3)",0.7598041892051697,0.06323361396789551,0.022437334060668945,2
full,"(3.0, 20.0, 0.7, 0.3)",0.8058420121669769,0.09171438217163086,0.16338181495666504,2
full,"(3.0, 20.0, 0.7, 0.3)",0.6971330940723419,0.09109961986541748,0.027207374572753906,2
full,"(3.0, 20.0, 0.7, 0.3)",0.8173781931400299,0.09833145141601562,0.19559097290039062,2
full,"(3.0, 20.0, 0.7, 0.3)",0.7604263126850128,0.0823441743850708,0.041268110275268555,2
full,"(3.0, 20.0, 0.7, 0.3)",0.7603045701980591,0.03663480281829834,0.19562721252441406,2
full,"(3.0, 20.0, 0.7, 0.3)",0.8650056719779968,0.11651766300201416,0.19098448753356934,2
full,"(3.0, 20.0, 0.7, 0.3)",0.8099689483642578,0.11987316608428955,0.2474985122680664,2
full,"(3.0, 20.0, 0.7, 0.3)",0.7532735764980316,0.01099085807800293,0.03359413146972656,2
full,"(3.0, 20.0, 0.7, 0.3)",0.740570068359375,0.0653008222579956,0.08179712295532227,2
full,"(3.0, 20.0, 0.7, 0.6)",0.7652136981487274,0.07093095779418945,0.21658682823181152,2
full,"(3.0, 20.0, 0.7, 0.6)",0.7538941502571106,0.11816668510437012,0.20676350593566895,2
full,"(3.0, 20.0, 0.7, 0.6)",0.7959130704402924,0.15932416915893555,0.3770267963409424,2
full,"(3.0, 20.0, 0.7, 0.6)",0.6082881093025208,0.02801656723022461,0.01058506965637207,2
full,"(3.0, 20.0, 0.7, 0.6)",0.7553961277008057,0.06801307201385498,0.14321208000183105,2
full,"(3.0, 20.0, 0.7, 0.6)",0.8225739598274231,0.1035698652267456,0.018141508102416992,2
full,"(3.0, 20.0, 0.7, 0.6)",0.7299964725971222,0.11757123470306396,0.12438607215881348,2
full,"(3.0, 20.0, 0.7, 0.6)",0.8305677473545074,0.07506060600280762,0.18715953826904297,2
full,"(3.0, 20.0, 0.7, 0.6)",0.8653178215026855,0.03722202777862549,0.3382906913757324,2
full,"(3.0, 20.0, 0.7, 0.6)",0.7631325721740723,0.05920243263244629,0.11903715133666992,2
full,"(3.0, 20.0, 0.7, 0.6)",0.7339288294315338,0.0314410924911499,0.06901025772094727,2
full,"(3.0, 20.0, 0.7, 0.6)",0.7409624457359314,0.07556307315826416,0.07387995719909668,2
full,"(3.0, 20.0, 0.7, 0.6)",0.7653583586215973,0.062297940254211426,0.15612363815307617,2
full,"(3.0, 20.0, 0.7, 0.6)",0.8848057985305786,0.2099311351776123,0.4576864242553711,2
full,"(3.0, 20.0, 0.7, 0.6)",0.7929085791110992,0.042383790016174316,0.07790064811706543,2
full,"(3.0, 20.0, 0.7, -0.3)",0.8136495649814606,0.1169506311416626,0.08336830139160156,2
full,"(3.0, 20.0, 0.7, -0.3)",0.756272941827774,0.10143530368804932,0.059268951416015625,2
full,"(3.0, 20.0, 0.7, -0.3)",0.7936615347862244,0.03219270706176758,0.1165781021118164,2
full,"(3.0, 20.0, 0.7, -0.3)",0.7502527832984924,0.07040059566497803,0.02938222885131836,2
full,"(3.0, 20.0, 0.7, -0.3)",0.787720263004303,0.04368114471435547,0.010669708251953125,2
full,"(3.0, 20.0, 0.7, -0.3)",0.7436449825763702,0.0161745548248291,0.013655662536621094,2
full,"(3.0, 20.0, 0.7, -0.3)",0.7575230300426483,0.07059502601623535,0.021114349365234375,2
full,"(3.0, 20.0, 0.7, -0.3)",0.7796627283096313,0.06716394424438477,0.0744476318359375,2
full,"(3.0, 20.0, 0.7, -0.3)",0.7517991065979004,0.10564112663269043,0.14594697952270508,2
full,"(3.0, 20.0, 0.7, -0.3)",0.7436095476150513,0.0679095983505249,0.033660888671875,2
full,"(3.0, 20.0, 0.7, -0.3)",0.7573492228984833,0.22703707218170166,0.3832721710205078,2
full,"(3.0, 20.0, 0.7, -0.3)",0.9198932647705078,0.25216734409332275,0.3221611976623535,2
full,"(3.0, 20.0, 0.7, -0.3)",0.7820568680763245,0.04250800609588623,0.009604454040527344,2
full,"(3.0, 20.0, 0.7, -0.3)",0.8841115534305573,0.13279235363006592,0.153076171875,2
full,"(3.0, 20.0, 0.7, -0.3)",0.7803523540496826,0.03259718418121338,0.08285093307495117,2
