method,edge_mae,ler_mae,lwr_mae
Classical: Threshold + sub-pixel,1.3976972150848603,0.3205669394267622,0.36502444630813335
Classical: Threshold + sub-pixel,1.3452146188489282,0.32451544199579074,0.5127198307850751
Classical: Threshold + sub-pixel,1.358583192536173,0.33971476371178455,0.7538088085392354
Classical: Threshold + sub-pixel,1.355263887942421,0.29458066681396333,0.4513492471442053
Classical: Threshold + sub-pixel,1.3782312175970146,0.33242603711226737,0.3303967360542761
Classical: Threshold + sub-pixel,1.3633369372005115,0.35620857870863276,0.5331749840107682
Classical: Threshold + sub-pixel,1.3581269650278562,0.2772864833223918,0.11900633438898023
Classical: Threshold + sub-pixel,1.3530751505502532,0.33776637437189694,0.44634627971540586
Classical: Threshold + sub-pixel,1.361496543429372,0.25958333789269017,0.33720091181577083
Classical: Threshold + sub-pixel,1.3979261298816834,0.32848920703056816,0.49582915426102825
Classical: Threshold + sub-pixel,1.3955145781216145,0.3043163724432081,0.18816238946102604
Classical: Threshold + sub-pixel,1.359339133916604,0.3737839120108063,0.7423801093403861
Classical: Threshold + sub-pixel,1.3357241494511103,0.337234456268412,0.35416390122407404
Classical: Threshold + sub-pixel,1.3850123767530285,0.3431559297064365,0.5408467784386854
Classical: Threshold + sub-pixel,1.380623716141204,0.3169029282841641,0.3816164697280251
Classical: Threshold + sub-pixel,1.3942850763943175,0.3040494063609722,0.47267186028893504
Classical: Threshold + sub-pixel,1.3747405618458126,0.3069340089092131,0.5530573096673799
Classical: Threshold + sub-pixel,1.3674062149637063,0.31818240064030945,0.6621985899734866
Classical: Threshold + sub-pixel,1.3821581033457084,0.30429217078948945,0.3066132458025026
Classical: Threshold + sub-pixel,1.3490748817973248,0.299721543342385,0.2792951084588984
Classical: Threshold + sub-pixel,1.401958239058481,0.3620887003538448,0.7041251533503454
Classical: Threshold + sub-pixel,1.402523362676997,0.3101091415216751,0.5891400739471344
Classical: Threshold + sub-pixel,1.3981200891941303,0.2956449275361751,0.49079287159118223
Classical: Threshold + sub-pixel,1.371283585321871,0.2730035507377213,0.6095499254389691
Classical: Threshold + sub-pixel,1.3803450274081808,0.27226166408426566,0.4592870345567024
Classical: Threshold + sub-pixel,1.369627992502634,0.3164217286366876,0.46415499354122436
Classical: Threshold + sub-pixel,1.3446449453538145,0.25095246000755533,0.41080348926177845
Classical: Threshold + sub-pixel,1.3618070873654158,0.3054953182757324,0.31228223759982754
Classical: Threshold + sub-pixel,1.3662598281654588,0.31615547370137986,0.5536583015897762
Classical: Threshold + sub-pixel,1.3486995569853353,0.35052189933598965,0.48515298793065886
Classical: Threshold + sub-pixel,1.384454479412254,0.29583423686137156,0.3599212953556188
Classical: Threshold + sub-pixel,1.3734638084033985,0.3076859795838669,0.46816224932540274
Classical: Threshold + sub-pixel,1.3410478247227493,0.3147635482526834,0.22333755143113176
Classical: Threshold + sub-pixel,1.4209122270870846,0.2960469060339608,0.5582200087522802
Classical: Threshold + sub-pixel,1.4216452252135956,0.33614286758785816,0.5077181852056294
Classical: Threshold + sub-pixel,1.3670741004561187,0.29885270318875345,0.31569380268642844
Classical: Threshold + sub-pixel,1.353157406850568,0.26624822879925647,0.20527469746182136
Classical: Threshold + sub-pixel,1.329129709466824,0.2620399057443503,0.21393112498182143
Classical: Threshold + sub-pixel,1.3526389411457993,0.362163517211911,0.38229467041821197
Classical: Threshold + sub-pixel,1.37209696536329,0.25693239853253513,0.48539883015084007
Classical: Threshold + sub-pixel,1.3660719187118255,0.3425746389730965,0.5098680052023825
Classical: Threshold + sub-pixel,1.3520739221819889,0.2704351328370933,0.35790845253663073
Classical: Threshold + sub-pixel,1.3785596876024089,0.3004612181334162,0.482352523933709
Classical: Threshold + sub-pixel,1.3310487805717481,0.28885027850293166,0.46244829310160007
Classical: Threshold + sub-pixel,1.3579541643385953,0.3361722338508306,0.5764584490832805
Classical: Threshold + sub-pixel,1.367167218273358,0.33491625829241956,0.5016244853011163
Classical: Threshold + sub-pixel,1.316854483575565,0.31692782353871585,0.325778908701432
Classical: Threshold + sub-pixel,1.3576372493264004,0.2714350970316929,0.5517281093479647
Classical: Threshold + sub-pixel,1.4111252275052648,0.30864730829924003,0.4306179386506894
Classical: Threshold + sub-pixel,1.3289575511217953,0.3156844629117379,0.412183111620549
Classical: Threshold + sub-pixel,1.3818921033544826,0.30230613852800536,0.46925820693707054
Classical: Threshold + sub-pixel,1.347645442700967,0.2641672904539708,0.3249324691508291
Classical: Threshold + sub-pixel,1.383345227666764,0.27391015652774886,0.606336170944304
Classical: Threshold + sub-pixel,1.4121137505790429,0.29036809964526245,0.46791849902216387
Classical: Threshold + sub-pixel,1.3196197386336257,0.3426784430962577,0.5209166596322004
Classical: Threshold + sub-pixel,1.3601903243186912,0.3280904145407214,0.36068049952468995
Classical: Threshold + sub-pixel,1.3879881933060505,0.2645373777871227,0.2566721820574116
Classical: Threshold + sub-pixel,1.361519963811543,0.2859916191228995,0.3815930894190216
Classical: Threshold + sub-pixel,1.3583514159388237,0.2907458476898118,0.2413007737576942
Classical: Threshold + sub-pixel,1.368282598366822,0.3096614420562134,0.5539268793110106
Classical: Threshold + sub-pixel,1.3828539030141795,0.396143669597381,0.23296054960855384
Classical: Threshold + sub-pixel,1.4300260282886568,0.3407283860546625,0.10651973595072661
Classical: Threshold + sub-pixel,1.3861334796063025,0.3513913252626617,0.16505069376554315
Classical: Threshold + sub-pixel,1.3152346169099642,0.30879480165396256,0.07442888169216433
Classical: Threshold + sub-pixel,1.4127636242606614,0.30746138855002103,0.044138580425219454
Classical: Threshold + sub-pixel,1.3551375523984168,0.34309936516584505,0.16839492920602628
Classical: Threshold + sub-pixel,1.3840919123323074,0.24740019151703474,0.18447030477983017
Classical: Threshold + sub-pixel,1.3244107105420149,0.25095307118824295,0.30114123803738013
Classical: Threshold + sub-pixel,1.3753624797158608,0.3362784472911061,0.016354657482374968
Classical: Threshold + sub-pixel,1.369842357303762,0.34182157987068507,0.042535527498079206
Classical: Threshold + sub-pixel,1.4062467043620823,0.29217666272911624,0.06456999763000582
Classical: Threshold + sub-pixel,1.3812628586779163,0.2736680719590142,0.06154101924629107
Classical: Threshold + sub-pixel,1.3129399643285196,0.30323545870824054,0.14968237161449416
Classical: Threshold + sub-pixel,1.415279353056816,0.2966410878357867,0.011774851402899023
Classical: Threshold + sub-pixel,1.3721431762251433,0.24515943496735926,0.07336190040577995
Classical: Threshold + sub-pixel,1.4001003624771258,0.36367752306537815,0.026640025210131313
Classical: Threshold + sub-pixel,1.3596425139322914,0.31489051953590286,0.1483530303855487
Classical: Threshold + sub-pixel,1.4238200585395102,0.38064543641046067,0.02462698271375885
Classical: Threshold + sub-pixel,1.3978882237303911,0.3528297029847379,0.13365758996154486
Classical: Threshold + sub-pixel,1.4286150564637345,0.33624598543498685,0.14430942765686483
Classical: Threshold + sub-pixel,1.3683643051407148,0.31856834909567255,0.031790437342907873
Classical: Threshold + sub-pixel,1.33827745335588,0.2912710733710827,0.0732711521533096
Classical: Threshold + sub-pixel,1.331247777239444,0.31734899350884216,0.008877497711437643
Classical: Threshold + sub-pixel,1.3747667966452748,0.31485320063000666,0.24557475887589586
Classical: Threshold + sub-pixel,1.385667548012003,0.3032656002440993,0.07444724962743199
Classical: Threshold + sub-pixel,1.3539501185525196,0.3281338549071111,0.12832157348872975
Classical: Threshold + sub-pixel,1.349320339880442,0.36610813067983294,0.08071147714996951
Classical: Threshold + sub-pixel,1.4161494759226203,0.31529382205626455,0.22423411725066522
Classical: Threshold + sub-pixel,1.3476216563551602,0.31039227560401284,0.20453986725590845
Classical: Threshold + sub-pixel,1.3607289769989732,0.27801607131794615,0.09812766668913486
Classical: Threshold + sub-pixel,1.2963880218217199,0.2648140746496257,0.07581723450533451
Classical: Threshold + sub-pixel,1.4269866009634429,0.39042206528478085,0.07375247808241436
Classical: Threshold + sub-pixel,1.3401769176965588,0.2722807025678836,0.03324762452296581
Classical: Threshold + sub-pixel,1.3674575840032317,0.3148667047530743,0.053979387289554204
Classical: Threshold + sub-pixel,1.3358654270813788,0.2702632661110751,0.10976796837245084
Classical: Threshold + sub-pixel,1.3356229001941788,0.34554743190728254,0.0618210964509045
Classical: Threshold + sub-pixel,1.3476400253376775,0.29445543255684004,0.24751233366881786
Classical: Threshold + sub-pixel,1.337006305572732,0.32129855615854286,0.11451175163565219
Classical: Threshold + sub-pixel,1.363981020472774,0.31787323102640797,0.09513087934242281
Classical: Threshold + sub-pixel,1.3594855091374325,0.2611103438637935,0.045629685194179315
Classical: Threshold + sub-pixel,1.3992164297202232,0.3799272962626675,0.0341345255504113
Classical: Threshold + sub-pixel,1.4367061035331703,0.41534665156089956,0.006877212028726376
Classical: Threshold + sub-pixel,1.2991431004526621,0.30791617545535266,0.23555270866682299
Classical: Threshold + sub-pixel,1.3222926124775694,0.2588699530918659,0.21334226623868102
Classical: Threshold + sub-pixel,1.3180882960457048,0.2928210086429821,0.23089970830040563
Classical: Threshold + sub-pixel,1.3452995173899727,0.2372341224537502,0.1376230787598729
Classical: Threshold + sub-pixel,1.418547298043081,0.36566197049259985,0.14475040307352582
Classical: Threshold + sub-pixel,1.409909004900896,0.3030487685466019,0.13632675489785484
Classical: Threshold + sub-pixel,1.3856631991795965,0.31362654541845225,0.07613327179228313
Classical: Threshold + sub-pixel,1.360287582114731,0.31407649072619614,0.04095176902688413
Classical: Threshold + sub-pixel,1.347159244362277,0.36754981366626127,0.08077737783065686
Classical: Threshold + sub-pixel,1.3821745269920225,0.3031359637087492,0.012718638346731037
Classical: Threshold + sub-pixel,1.387380321086611,0.26079384204267375,0.0172280830234135
Classical: Threshold + sub-pixel,1.3197077060367337,0.2100122495396174,0.03898355607425952
Classical: Threshold + sub-pixel,1.3678700861764912,0.36772431090236246,0.08398640151901948
Classical: Threshold + sub-pixel,1.3542749886058176,0.27979260805672423,0.1719801587985712
Classical: Threshold + sub-pixel,1.348356751386321,0.2885275001077424,0.05829513817316423
Classical: Threshold + sub-pixel,1.3641574739424245,0.3029296145820377,0.12228066691556139
Classical: Threshold + sub-pixel,1.3477991022814781,0.22181192980669395,0.08826826819210898
Classical: Threshold + sub-pixel,1.3926264334545149,0.31754170742357934,0.11286950629277603
Classical: Threshold + sub-pixel,1.3619324815728269,0.4254937508717471,0.26612012419565323
Classical: Threshold + sub-pixel,1.3897440145134088,0.3555600620224897,0.19172663755291408
Classical: Threshold + sub-pixel,1.4877738157241682,0.38402146265998016,0.4225182419119964
Classical: Threshold + sub-pixel,1.3285557401463668,0.30989660001363495,0.261327581600153
Classical: Threshold + sub-pixel,1.3204964613739731,0.22268341844495432,0.23230965858751684
Classical: Threshold + sub-pixel,1.3430433258488592,0.3523876495829227,0.24519374122763837
Classical: Threshold + sub-pixel,1.3646753349616108,0.2972994978227428,0.3841152186768848
Classical: Threshold + sub-pixel,1.3341863857123006,0.22029000470854876,0.32530299644068905
Classical: Threshold + sub-pixel,1.3830234766823795,0.30715839111655496,0.35028344806019107
Classical: Threshold + sub-pixel,1.3651396771560158,0.2797623598156518,0.18928091744216768
Classical: Threshold + sub-pixel,1.3590615494489866,0.31174289966584456,0.2958184538481359
Classical: Threshold + sub-pixel,1.3802717906773285,0.2931827488513601,0.2780504007902316
Classical: Threshold + sub-pixel,1.3247529110074008,0.22385197954664915,0.36887817850765914
Classical: Threshold + sub-pixel,1.3760567491807822,0.3319175528363687,0.22487306755086234
Classical: Threshold + sub-pixel,1.3376912958219809,0.24950062141894336,0.21426617640258794
Classical: Threshold + sub-pixel,1.3663705627886,0.3309117491632264,0.2625156317030448
Classical: Threshold + sub-pixel,1.3757861858317972,0.38841770576127777,0.2955096512776487
Classical: Threshold + sub-pixel,1.3799120600871282,0.33992012569057983,0.3215718398828322
Classical: Threshold + sub-pixel,1.3406049460647287,0.36746917632040765,0.37449795392961693
Classical: Threshold + sub-pixel,1.4270440178143213,0.322119343359482,0.43741955411169897
Classical: Threshold + sub-pixel,1.3321804323824216,0.2715019849493463,0.2463941563457186
Classical: Threshold + sub-pixel,1.3712528964352586,0.3223070921937504,0.28572600426795725
Classical: Threshold + sub-pixel,1.4056485620572385,0.3926391861746984,0.3223149886218848
Classical: Threshold + sub-pixel,1.3588465536342988,0.20928923472339755,0.4212232690485871
Classical: Threshold + sub-pixel,1.3822429906627285,0.3700465877084479,0.2087169428107718
Classical: Threshold + sub-pixel,1.394247857273677,0.36274824963090024,0.3711217042195887
Classical: Threshold + sub-pixel,1.3524545505333898,0.3030036838869159,0.40258800538879336
Classical: Threshold + sub-pixel,1.4555937377196648,0.32486378744409505,0.4777132217942084
Classical: Threshold + sub-pixel,1.3665675402750317,0.3372552933613254,0.2124378552691646
Classical: Threshold + sub-pixel,1.362834386814434,0.32953769080050066,0.3025473774977756
Classical: Threshold + sub-pixel,1.4168498764698634,0.3652645254923058,0.2839863817114445
Classical: Threshold + sub-pixel,1.3604377412678494,0.2952872509983453,0.5558717031601714
Classical: Threshold + sub-pixel,1.359397856392834,0.2684925422094162,0.309386250600886
Classical: Threshold + sub-pixel,1.3126012196216565,0.3060463509753677,0.2733324245306006
Classical: Threshold + sub-pixel,1.329939101931452,0.25645883852201445,0.3669403765823418
Classical: Threshold + sub-pixel,1.4217206962190327,0.3825619503857409,0.3520440278145598
Classical: Threshold + sub-pixel,1.3361168130570376,0.2738571726215885,0.1588299729760967
Classical: Threshold + sub-pixel,1.3042211857725592,0.27203865985365827,0.20203455882718613
Classical: Threshold + sub-pixel,1.3895350222863496,0.26295650335217235,0.2846477487361665
Classical: Threshold + sub-pixel,1.3697270139854703,0.3313157576127621,0.19761361449792236
Classical: Threshold + sub-pixel,1.370081650566008,0.32765094505519254,0.28104310045720204
Classical: Threshold + sub-pixel,1.3782897031998222,0.2932558980127745,0.4430826194756703
Classical: Threshold + sub-pixel,1.3846593424455602,0.2746622030445589,0.3389271113167345
Classical: Threshold + sub-pixel,1.3725046024622407,0.24098652058014902,0.34689793653684364
Classical: Threshold + sub-pixel,1.3202891470821259,0.25928248436400847,0.2570918247093632
Classical: Threshold + sub-pixel,1.3040787235753628,0.2088364877704718,0.4199878522559668
Classical: Threshold + sub-pixel,1.306969107466489,0.21434985430448183,0.37765170709834406
Classical: Threshold + sub-pixel,1.37586694860814,0.3106687853031831,0.17136815280722106
Classical: Threshold + sub-pixel,1.3469544178072124,0.25287230273141614,0.2679549975874127
Classical: Threshold + sub-pixel,1.391606190017729,0.32693610871897083,0.42179349167105795
Classical: Threshold + sub-pixel,1.420463825110689,0.3166565436074371,0.2709019130109216
Classical: Threshold + sub-pixel,1.3939756798888425,0.3479671265246731,0.28736393547379935
Classical: Threshold + sub-pixel,1.3393054208627377,0.2996116317661627,0.3347377865975987
Classical: Threshold + sub-pixel,1.3633850748266316,0.31980665639371353,0.12806343443167156
Classical: Threshold + sub-pixel,1.4070059837068776,0.40962255418731763,0.21598366930869384
Classical: Threshold + sub-pixel,1.336477511201712,0.3333038210022664,0.20828459428292412
Classical: Threshold + sub-pixel,1.412758620421756,0.24008397879509857,0.4175135039539464
Classical: Threshold + sub-pixel,1.363257759901538,0.3156077821918357,0.3061468107975731
Classical: Threshold + sub-pixel,1.334826301810697,0.2910067568798047,0.36308046628332913
Classical: Threshold + sub-pixel,1.3245455179505738,0.3439457350435423,0.38530043214850207
Classical: Threshold + sub-pixel,1.3803822905568013,0.32098435033472705,0.6642123360983976
Classical: Threshold + sub-pixel,1.3334189607639149,0.35242760993984157,0.8346238500332719
Classical: Threshold + sub-pixel,1.3741335894605882,0.31767100195621023,0.8556153673340594
Classical: Threshold + sub-pixel,1.3441479538553271,0.3225299155401785,0.6624145602701108
Classical: Threshold + sub-pixel,1.3983461541672202,0.28170386557207816,0.5366398294516255
Classical: Threshold + sub-pixel,1.385476433640513,0.3490129921619719,0.847594243195565
Classical: Threshold + sub-pixel,1.3894106940061537,0.3081234402633902,0.6784812706524135
Classical: Threshold + sub-pixel,1.3301280739204042,0.3634645716507027,0.8765455267357534
Classical: Threshold + sub-pixel,1.373682982297043,0.37599749596249854,0.867476728631202
Classical: Threshold + sub-pixel,1.3829314436332245,0.2836521502233994,0.6165242063133636
Classical: Threshold + sub-pixel,1.3934972290081462,0.22947053088785052,0.613921521737556
Classical: Threshold + sub-pixel,1.373410773763649,0.28563357737689266,0.5772131560825984
Classical: Threshold + sub-pixel,1.316966546754169,0.3409927356293285,0.7678429787411274
Classical: Threshold + sub-pixel,1.3648409355599063,0.32540718889755593,0.8005063196030804
Classical: Threshold + sub-pixel,1.3923383821240782,0.3908670521858719,0.9068591740704064
Classical: Threshold + sub-pixel,1.3936128039831477,0.2945813865140502,0.712782101407951
Classical: Threshold + sub-pixel,1.4021289582688254,0.3219316348066552,0.8570280604424199
Classical: Threshold + sub-pixel,1.4074963165438237,0.23519240206711867,0.5358594344468814
Classical: Threshold + sub-pixel,1.3772943338231889,0.29411376534506606,0.6910553264711536
Classical: Threshold + sub-pixel,1.3408659778516288,0.29121194420643304,0.5635932709568883
Classical: Threshold + sub-pixel,1.3574211772076952,0.28258616024015293,0.5601015725466827
Classical: Threshold + sub-pixel,1.4058029131737197,0.3089996802054015,0.6491914444106974
Classical: Threshold + sub-pixel,1.33696876372975,0.2794058215949431,0.5786718694427635
Classical: Threshold + sub-pixel,1.3713521306349912,0.24733308739058235,0.588367944493505
Classical: Threshold + sub-pixel,1.3931333458513868,0.3397761827482989,0.7522820494627886
Classical: Threshold + sub-pixel,1.3966333072696502,0.36070327290601933,0.7983108167244577
Classical: Threshold + sub-pixel,1.324949322646975,0.27003135076104845,0.652103664407609
Classical: Threshold + sub-pixel,1.3815719544226035,0.26340989671224657,0.5667364146869456
Classical: Threshold + sub-pixel,1.3762713926790313,0.280190879426386,0.6828307142179968
Classical: Threshold + sub-pixel,1.3214824346168215,0.2598754579696927,0.6118749336772047
Classical: Threshold + sub-pixel,1.3992811639676441,0.3328975362529144,0.6675054784177279
Classical: Threshold + sub-pixel,1.38940982005609,0.29420518839078336,0.6377632504573882
Classical: Threshold + sub-pixel,1.3320475579440012,0.28815632274333136,0.6862690003447696
Classical: Threshold + sub-pixel,1.3704750394613292,0.2749230481464524,0.787415678189429
Classical: Threshold + sub-pixel,1.3412870032226372,0.31515895897112,0.7561491923323866
Classical: Threshold + sub-pixel,1.3720320213487298,0.23201272704129894,0.4561878984643055
Classical: Threshold + sub-pixel,1.30152438742174,0.2612045909124303,0.5388428395198055
Classical: Threshold + sub-pixel,1.3470332511298029,0.23628408431559034,0.6302732785906529
Classical: Threshold + sub-pixel,1.3507488435550212,0.3117012217249734,0.7910349997780279
Classical: Threshold + sub-pixel,1.3379881026467035,0.2844648126483983,0.6940731393615858
Classical: Threshold + sub-pixel,1.3460638127263969,0.321679828885277,0.7702499991842657
Classical: Threshold + sub-pixel,1.3600019788678748,0.3337053912906982,0.7873071643259222
Classical: Threshold + sub-pixel,1.3226086846511147,0.2673863517975059,0.6428062890353814
Classical: Threshold + sub-pixel,1.3159817501837354,0.285324748305116,0.6102541288144108
Classical: Threshold + sub-pixel,1.3578068953441538,0.24067394705305956,0.5819432632278057
Classical: Threshold + sub-pixel,1.3361744577291952,0.34751848642501826,0.6231339006881882
Classical: Threshold + sub-pixel,1.4073762151842786,0.3595989277198861,0.9360346308287646
Classical: Threshold + sub-pixel,1.3788316650372017,0.21199807121759218,0.4720395034943252
Classical: Threshold + sub-pixel,1.3885390661494286,0.3272094014763277,0.7437012914186112
Classical: Threshold + sub-pixel,1.3277413721508875,0.30106564811140535,0.6860397987936782
Classical: Threshold + sub-pixel,1.3406727632117068,0.2162486926211512,0.6517210446193111
Classical: Threshold + sub-pixel,1.3237937117212921,0.3087888944939986,0.5189687109196408
Classical: Threshold + sub-pixel,1.3719998789259464,0.33856040580409097,0.7221818709519048
Classical: Threshold + sub-pixel,1.333171644471678,0.22241338438698866,0.5645076788419854
Classical: Threshold + sub-pixel,1.33516076541117,0.29467893141108936,0.6580598929818187
Classical: Threshold + sub-pixel,1.4236107819631625,0.36818637201773163,0.7527123109299718
Classical: Threshold + sub-pixel,1.3681257248544356,0.3153528525561641,0.7370716146209817
Classical: Threshold + sub-pixel,1.375991952112491,0.279335609052041,0.708419440535391
Classical: Threshold + sub-pixel,1.388553537728121,0.3738983954363443,0.792384598219769
Classical: Threshold + sub-pixel,1.3907174445691,0.2992102640938924,0.6735383082823367
Classical: Threshold + sub-pixel,1.4085025566073837,0.1854641527446642,0.4641348267437415
Classical: Threshold + sub-pixel,1.270501119252848,0.24966015320721535,0.43388743140818953
Classical: Threshold + sub-pixel,1.295967210263441,0.25074508779886995,0.24039890091261285
Classical: Threshold + sub-pixel,1.3667643510118552,0.265266001201378,0.1819460778807871
Classical: Threshold + sub-pixel,1.317323074815283,0.20395427165754,0.21830430036289794
Classical: Threshold + sub-pixel,1.3393768982166785,0.28166238487623985,0.21587475434316672
Classical: Threshold + sub-pixel,1.3056414036899675,0.15672675049926366,0.4136215879062215
Classical: Threshold + sub-pixel,1.2821905323716707,0.2624797685404897,0.2664630503805254
Classical: Threshold + sub-pixel,1.3018912494531936,0.3070652829459982,0.42847633319105216
Classical: Threshold + sub-pixel,1.317302453543016,0.24211336746860534,0.3695214958113968
Classical: Threshold + sub-pixel,1.3367818115399368,0.2436262909799224,0.1559866825306102
Classical: Threshold + sub-pixel,1.2978858624718987,0.2817342918434893,0.3383793017167569
Classical: Threshold + sub-pixel,1.3513068766827852,0.2607865501326805,0.17498497594651208
Classical: Threshold + sub-pixel,1.3048747574682182,0.25072953865540404,0.2762651809607428
Classical: Threshold + sub-pixel,1.3333893776593662,0.2661211315399674,0.35905433030351475
Classical: Threshold + sub-pixel,1.3051646443333111,0.2556337207630558,0.3740285951121052
Classical: Threshold + sub-pixel,1.316241332768449,0.3110542431108815,0.4631001534935937
Classical: Threshold + sub-pixel,1.3424915378029092,0.2457532157412533,0.5995943418862333
Classical: Threshold + sub-pixel,1.3514971437820784,0.1480174441858414,0.3566876243119623
Classical: Threshold + sub-pixel,1.2907976025183066,0.2655986994849493,0.32390019932216707
Classical: Threshold + sub-pixel,1.2705944216446956,0.25492407630901204,0.08535321513429239
Classical: Threshold + sub-pixel,1.3220814541669388,0.21702660810367547,0.14272961029766318
Classical: Threshold + sub-pixel,1.3229141618429543,0.2739755433178461,0.4176925413699022
Classical: Threshold + sub-pixel,1.3211774909742569,0.2586572111673606,0.5810264291131848
Classical: Threshold + sub-pixel,1.3028896684302367,0.22479547101014397,0.2136024820046618
Classical: Threshold + sub-pixel,1.309193432723095,0.2421393910443912,0.324021630904197
Classical: Threshold + sub-pixel,1.2667578135791273,0.25051875466207085,0.395193358824822
Classical: Threshold + sub-pixel,1.309711187042149,0.2889050385302363,0.43342126284916827
Classical: Threshold + sub-pixel,1.3298169959549688,0.2249122517360158,0.307201263483738
Classical: Threshold + sub-pixel,1.3247546120757794,0.21539950077729852,0.3390901839685232
Classical: Threshold + sub-pixel,1.3156500103892799,0.21393719669055145,0.10602691790430696
Classical: Threshold + sub-pixel,1.3212229889130613,0.22695634451986402,0.4819343268581844
Classical: Threshold + sub-pixel,1.3190570506767596,0.17784919465133375,0.14717521002984113
Classical: Threshold + sub-pixel,1.365795210693944,0.24475516421070365,0.2786157851408184
Classical: Threshold + sub-pixel,1.3473499479537936,0.22364236601839527,0.26011960690226843
Classical: Threshold + sub-pixel,1.3460187905984933,0.22626446923051524,0.24950705833150222
Classical: Threshold + sub-pixel,1.3129252272625527,0.30273443022868474,0.45850366632909156
Classical: Threshold + sub-pixel,1.2972520931522682,0.2801078029565591,0.5802023097533924
Classical: Threshold + sub-pixel,1.36200521604685,0.22507790418794893,0.4571129678521346
Classical: Threshold + sub-pixel,1.2496625175436915,0.29400573636950333,0.6577836623149185
Classical: Threshold + sub-pixel,1.32199743948257,0.27684130781555927,0.20477688496049629
Classical: Threshold + sub-pixel,1.3345763892153513,0.27147799296069397,0.5287033931396565
Classical: Threshold + sub-pixel,1.2742674036456851,0.2112165919936878,0.18528801445446463
Classical: Threshold + sub-pixel,1.3342354877554334,0.2926240591739907,0.6410087733652627
Classical: Threshold + sub-pixel,1.2801019828736082,0.24360880831252163,0.4267872049592203
Classical: Threshold + sub-pixel,1.3104135941262014,0.22753515934359658,0.29836869774572716
Classical: Threshold + sub-pixel,1.315292114827042,0.2277170903275172,0.6048391601701224
Classical: Threshold + sub-pixel,1.297657756183917,0.22289498258653562,0.37696014250808796
Classical: Threshold + sub-pixel,1.3256810240696748,0.22888148354915094,0.14523012799378288
Classical: Threshold + sub-pixel,1.3165001648010288,0.19206001271420792,0.44635359312628053
Classical: Threshold + sub-pixel,1.3226629289669916,0.25359282130741256,0.5652037876169254
Classical: Threshold + sub-pixel,1.3562303681412295,0.24449961926861175,0.2866907248052777
Classical: Threshold + sub-pixel,1.2952935410242423,0.29070041528505686,0.4954043968275095
Classical: Threshold + sub-pixel,1.3159268534682096,0.26459875801361443,0.007111672010438941
Classical: Threshold + sub-pixel,1.3190425287085144,0.23352675396383127,0.3694909258825376
Classical: Threshold + sub-pixel,1.3128833155465713,0.2796596639506369,0.5597841592036383
Classical: Threshold + sub-pixel,1.322718237876165,0.2565997224697436,0.3330308579133774
Classical: Threshold + sub-pixel,1.3306356170981755,0.31105007990588696,0.4829644926451455
Classical: Threshold + sub-pixel,1.3344363008177447,0.20269127771822149,0.556689516242612
Classical: Threshold + sub-pixel,1.3286167728837373,0.2055778115338146,0.284472454725732
Classical: Threshold + sub-pixel,1.248267789564364,0.24138634511811163,0.13374368929142055
Classical: Threshold + sub-pixel,1.322441026085289,0.31818409953846605,0.11102347710201288
Classical: Threshold + sub-pixel,1.3725063058964855,0.39924330569133015,0.1515065275802654
Classical: Threshold + sub-pixel,1.3070582211069532,0.12658237053431998,0.18185606227156037
Classical: Threshold + sub-pixel,1.2558500240476336,0.2251416780028861,0.13647791502110285
Classical: Threshold + sub-pixel,1.312305771913456,0.2504600111777554,0.014294835562459252
Classical: Threshold + sub-pixel,1.2999071997080511,0.2291693842082323,0.20600868436285857
Classical: Threshold + sub-pixel,1.2945513694582838,0.2173840562987901,0.016704077080045288
Classical: Threshold + sub-pixel,1.345003789897497,0.29508922935891146,0.17742536373504425
Classical: Threshold + sub-pixel,1.1987744722543054,0.13050919985245657,0.10189829198669753
Classical: Threshold + sub-pixel,1.3345215252295972,0.2290144493966254,0.2980802702149761
Classical: Threshold + sub-pixel,1.2900557786371465,0.23125893955793375,0.2808903715721358
Classical: Threshold + sub-pixel,1.3455278060717901,0.3552062891356834,0.20499669917000163
Classical: Threshold + sub-pixel,1.2699985971910994,0.22984806965428128,0.11497700140480971
Classical: Threshold + sub-pixel,1.3341198511479364,0.2749836061182376,0.09357363777818839
Classical: Threshold + sub-pixel,1.2684337822584235,0.19704834995373666,0.17012605121257396
Classical: Threshold + sub-pixel,1.2657697000103294,0.1874376656023281,0.1533056635505443
Classical: Threshold + sub-pixel,1.2967115907259483,0.18959618942362266,0.054261910673998104
Classical: Threshold + sub-pixel,1.3696526854110154,0.2731211957313737,0.01665376058297463
Classical: Threshold + sub-pixel,1.331035072488369,0.292136540184356,0.027972217557638013
Classical: Threshold + sub-pixel,1.3090197067147877,0.24274227724643316,0.25347198282825656
Classical: Threshold + sub-pixel,1.29288631382299,0.3195364395999877,0.13897859371195276
Classical: Threshold + sub-pixel,1.2959338344403828,0.2787311398087253,0.04871190165193906
Classical: Threshold + sub-pixel,1.3883575568422224,0.36106014598033165,0.012303745324882875
Classical: Threshold + sub-pixel,1.3437834188283637,0.2675542208622901,0.14848335110587252
Classical: Threshold + sub-pixel,1.37629895261907,0.21660450126183906,0.11071343312413195
Classical: Threshold + sub-pixel,1.3204329216836395,0.20466963781325076,0.23750411832608775
Classical: Threshold + sub-pixel,1.3214291800823927,0.2986219757517322,0.060108175162277844
Classical: Threshold + sub-pixel,1.2753442529170238,0.2243580061226782,0.022551665854190883
Classical: Threshold + sub-pixel,1.3092698864951915,0.2232790239681015,0.06853964995575512
Classical: Threshold + sub-pixel,1.274189607127692,0.2732934693578176,0.12011670858454537
Classical: Threshold + sub-pixel,1.2805926611540885,0.21646221534471521,0.05053294504739991
Classical: Threshold + sub-pixel,1.3072228965276729,0.1887114366993976,0.07486984710356093
Classical: Threshold + sub-pixel,1.3258330793387532,0.25384048435908324,0.21990522271069923
Classical: Threshold + sub-pixel,1.3170422706509815,0.24155166589589927,0.17387335557680372
Classical: Threshold + sub-pixel,1.3333556896007885,0.2902447346491811,0.14428149279739744
Classical: Threshold + sub-pixel,1.2720644733143762,0.23917809889834474,0.11847669881554967
Classical: Threshold + sub-pixel,1.3677231733246162,0.3172970623230189,0.06700283266056073
Classical: Threshold + sub-pixel,1.2530332059312583,0.24985348148300124,0.0584349033215692
Classical: Threshold + sub-pixel,1.3433395824547967,0.2744381865023917,0.06757328993446454
Classical: Threshold + sub-pixel,1.2888471751138648,0.24856465265292693,0.10545829774497473
Classical: Threshold + sub-pixel,1.256737030040433,0.1989376532508209,0.1381464049731116
Classical: Threshold + sub-pixel,1.3563004656056383,0.29982320338529644,0.12412976097653283
Classical: Threshold + sub-pixel,1.3240070857053194,0.29454169939534147,0.3023864244068828
Classical: Threshold + sub-pixel,1.3477090620501593,0.3041840693339427,0.35493146779535345
Classical: Threshold + sub-pixel,1.35840631835693,0.28281310534663895,0.014831725547161723
Classical: Threshold + sub-pixel,1.2722972188337658,0.15152625827388722,0.11202482288434834
Classical: Threshold + sub-pixel,1.3470545873543296,0.2861688938222977,0.12371980691616513
Classical: Threshold + sub-pixel,1.3199875005787463,0.32836922269495994,0.030556324098718113
Classical: Threshold + sub-pixel,1.3015447140413072,0.2330498951400114,0.02658187851129834
Classical: Threshold + sub-pixel,1.3063959783469654,0.32255947596248713,0.2045455479321452
Classical: Threshold + sub-pixel,1.4114419875253115,0.30479454907969505,0.5056246493224812
Classical: Threshold + sub-pixel,1.3384546310424303,0.24963568566611283,0.18372150393765607
Classical: Threshold + sub-pixel,1.3248066108208463,0.259754607327211,0.0704156719256146
Classical: Threshold + sub-pixel,1.2952215973508547,0.170355796056749,0.11909453853055263
Classical: Threshold + sub-pixel,1.3108393039191746,0.24335144276077514,0.11327607596234746
Classical: Threshold + sub-pixel,1.2493583939017918,0.21601319935758445,0.02633553067097405
Classical: Threshold + sub-pixel,1.241315544996561,0.1430510375723485,0.06076546781775005
Classical: Threshold + sub-pixel,1.3260051128363242,0.28324240816597024,0.19816429827631765
Classical: Threshold + sub-pixel,1.22905264763367,0.15019864771342684,0.0717796557419117
Classical: Threshold + sub-pixel,1.2587058590751918,0.25659992076590576,0.28964013729997684
Classical: Threshold + sub-pixel,1.4061708471627028,0.3611957979568111,0.3632958206920207
Classical: Threshold + sub-pixel,1.3206247839513612,0.2562160330779436,0.32658045518215584
Classical: Threshold + sub-pixel,1.3016611865008036,0.25107581089045683,0.30574467698196006
Classical: Threshold + sub-pixel,1.3151044520021662,0.1673381319481293,0.331306807870521
Classical: Threshold + sub-pixel,1.2847494523538572,0.1065090941591772,0.5199561468834439
Classical: Threshold + sub-pixel,1.3097317834014328,0.19489863333378232,0.5368833977302687
Classical: Threshold + sub-pixel,1.3530330050058108,0.2928363712580112,0.3686089116258391
Classical: Threshold + sub-pixel,1.3014081730903464,0.10963234003126687,0.5062945235784209
Classical: Threshold + sub-pixel,1.25962590512332,0.1691074898438122,0.3928596713704655
Classical: Threshold + sub-pixel,1.3120879766385554,0.21164574268098535,0.40788646236092174
Classical: Threshold + sub-pixel,1.3791267275391919,0.35038240583906566,0.4102328462177378
Classical: Threshold + sub-pixel,1.2787586738632806,0.26881634327921566,0.3293588839153816
Classical: Threshold + sub-pixel,1.3052658507115313,0.2598883679154659,0.33486832082607276
Classical: Threshold + sub-pixel,1.2627012578186523,0.24813596284267303,0.4198549675046257
Classical: Threshold + sub-pixel,1.2695209768060682,0.1586122952015806,0.434257421536697
Classical: Threshold + sub-pixel,1.3073856234747838,0.1491799704174699,0.6142643218364434
Classical: Threshold + sub-pixel,1.4120799050324504,0.3096956028958632,0.27283985386087717
Classical: Threshold + sub-pixel,1.3266188739218459,0.30524119747882794,0.39375453671346805
Classical: Threshold + sub-pixel,1.3353129260200975,0.24332734846572246,0.3224112324190054
Classical: Threshold + sub-pixel,1.2875797628497516,0.20656386121863068,0.4356837667287097
Classical: Threshold + sub-pixel,1.2948529998455347,0.16022596662311828,0.5678861196574179
Classical: Threshold + sub-pixel,1.3367621607865359,0.18330851798905023,0.43110050990636584
Classical: Threshold + sub-pixel,1.3048424240612377,0.2601469241949105,0.25632040548699364
Classical: Threshold + sub-pixel,1.3291630828295649,0.39240094601367614,0.3387398353248776
Classical: Threshold + sub-pixel,1.2988339115799254,0.24387649059585803,0.39759775039755474
Classical: Threshold + sub-pixel,1.2425077956769894,0.17028526325965854,0.3923975124391046
Classical: Threshold + sub-pixel,1.24082689757655,0.17064954542150812,0.2453570196100774
Classical: Threshold + sub-pixel,1.2303093280677917,0.19235652532610992,0.24284478313967406
Classical: Threshold + sub-pixel,1.3585228733645958,0.3366154276630372,0.3631227721431818
Classical: Threshold + sub-pixel,1.268093614777897,0.21201920726374202,0.4643227245092536
Classical: Threshold + sub-pixel,1.3341723061887518,0.2481704975190555,0.17353862436882372
Classical: Threshold + sub-pixel,1.2503032384003694,0.30215115599735576,0.3100941857185848
Classical: Threshold + sub-pixel,1.3127015171508698,0.2810350759348553,0.5847963125949429
Classical: Threshold + sub-pixel,1.3516824867550288,0.32109999528091937,0.3901597771985339
Classical: Threshold + sub-pixel,1.284999192847445,0.15907805182502321,0.4487058713069856
Classical: Threshold + sub-pixel,1.326861994986447,0.28481501581332624,0.21382269150940036
Classical: Threshold + sub-pixel,1.3524523173480634,0.4206569140796719,0.2697433511728302
Classical: Threshold + sub-pixel,1.3988198588015757,0.3222346209477933,0.44826634584887115
Classical: Threshold + sub-pixel,1.3198116984133503,0.27140838581335913,0.4665087976106823
Classical: Threshold + sub-pixel,1.2653354723904169,0.19545777044217938,0.30678226584921253
Classical: Threshold + sub-pixel,1.2949876953004384,0.2405008698974681,0.4377850179716334
Classical: Threshold + sub-pixel,1.267555245810969,0.19799170842659997,0.4396416197684998
Classical: Threshold + sub-pixel,1.3075698532607158,0.2791152787217873,0.43880729182890543
Classical: Threshold + sub-pixel,1.2412228609915674,0.19004074928410153,0.1784386017589008
Classical: Threshold + sub-pixel,1.3286279421990772,0.19685023590382533,0.4509000525334348
Classical: Threshold + sub-pixel,1.3983465746730588,0.3142591037269902,0.4947937141641201
Classical: Threshold + sub-pixel,1.3719297482712687,0.2577204382899885,0.3865699306470025
Classical: Threshold + sub-pixel,1.3001230318791994,0.20898531769314688,0.4985759583775806
Classical: Threshold + sub-pixel,1.3253314013460629,0.2485962511251567,0.2307730172827127
Classical: Threshold + sub-pixel,1.3137965809522005,0.11995894259580708,0.4804505039654814
Classical: Threshold + sub-pixel,1.379252240760668,0.3198164690885421,0.4678671135198167
Classical: Threshold + sub-pixel,1.3482966234862417,0.28248967895970245,0.425158180221064
Classical: Threshold + sub-pixel,1.3483082403229187,0.3295287015608559,0.43465959806362364
Classical: Threshold + sub-pixel,1.3467434260981692,0.24381617276993006,0.26888377376695494
Classical: Threshold + sub-pixel,1.273893875329479,0.16990935725568235,0.4546506941843538
Classical: Threshold + sub-pixel,1.3044310941620294,0.15587279381319585,0.37101494476366437
Classical: Threshold + sub-pixel,1.3183947182459466,0.22590879941796693,0.39214490295666526
Classical: Threshold + sub-pixel,1.2777535525351142,0.16062899080762305,0.34034078338876106
Classical: Threshold + sub-pixel,1.3357503162545248,0.23487009205888598,0.4278126234066626
Classical: Threshold + sub-pixel,1.3218543956306448,0.2788153059903056,0.5291380833603658
Classical: Threshold + sub-pixel,1.3143483136586251,0.15246507469760573,0.27954152712066827
Classical: Threshold + sub-pixel,1.3016459215263727,0.23292703797012204,0.5108689040377556
Classical: Threshold + sub-pixel,1.304615088127461,0.21843396396284964,0.5233644105180153
Classical: Threshold + sub-pixel,1.3017698552657122,0.1909472068454583,0.5139024223358275
Classical: Threshold + sub-pixel,1.3449523971913382,0.2990658680144094,0.7485038045638353
Classical: Threshold + sub-pixel,1.2881640805535186,0.16719554977695283,0.5085393517197021
Classical: Threshold + sub-pixel,1.2470876040167123,0.14470019815679436,0.3581944438964204
Classical: Threshold + sub-pixel,1.345014692609231,0.3125279901425254,0.7621502017601185
Classical: Threshold + sub-pixel,1.2874993658029,0.2209965004090283,0.5128056653064865
Classical: Threshold + sub-pixel,1.2752537470675098,0.18090367898282467,0.48012751776327156
Classical: Threshold + sub-pixel,1.3738675486562888,0.2948671910785092,0.8475461127536437
Classical: Threshold + sub-pixel,1.340923744180618,0.14322466343870022,0.48076823550772296
Classical: Threshold + sub-pixel,1.2273394137980147,0.20418161356857023,0.4734315262200115
Classical: Threshold + sub-pixel,1.3013320222138594,0.21887733213429028,0.4668827027929905
Classical: Threshold + sub-pixel,1.284962912947707,0.2087160808313565,0.5358485050834689
Classical: Threshold + sub-pixel,1.4152861903985139,0.3646316608221474,0.9559198694815529
Classical: Threshold + sub-pixel,1.297248779152406,0.2084375590637555,0.5199709787841102
Classical: Threshold + sub-pixel,1.321763176287497,0.20757343408339068,0.4887281384116493
Classical: Threshold + sub-pixel,1.3426489752916964,0.26490944019349205,0.7892299516571315
Classical: Threshold + sub-pixel,1.2396743282803893,0.15842757673802987,0.40057980038725627
Classical: Threshold + sub-pixel,1.3413775442773903,0.2420642062297793,0.5047462860761351
Classical: Threshold + sub-pixel,1.3226430452462612,0.30494621799047184,0.6754650096998638
Classical: Threshold + sub-pixel,1.3134800357865517,0.15890201491956568,0.2196864750326839
Classical: Threshold + sub-pixel,1.2571925440074718,0.28362358674732746,0.6797771599402622
Classical: Threshold + sub-pixel,1.306968516025081,0.20145102892652766,0.5854299224739987
Classical: Threshold + sub-pixel,1.289609901765782,0.21900084419369537,0.49926555055691035
Classical: Threshold + sub-pixel,1.3701284630392088,0.23163505890741876,0.733808234130289
Classical: Threshold + sub-pixel,1.3783047381470253,0.25977435983721175,0.675832543020856
Classical: Threshold + sub-pixel,1.266672042199685,0.23660505735541493,0.5742509495594788
Classical: Threshold + sub-pixel,1.345742559448175,0.35861454923539593,0.923548946905079
Classical: Threshold + sub-pixel,1.2627093597318186,0.19718539242378874,0.45019729962639343
Classical: Threshold + sub-pixel,1.2905175597304983,0.11676133899287622,0.46494037203543614
Classical: Threshold + sub-pixel,1.2977093284635433,0.23436472707846456,0.5385970900072383
Classical: Threshold + sub-pixel,1.3241449580738185,0.24000337411322392,0.6846648433279701
Classical: Threshold + sub-pixel,1.3356637397738202,0.26828448953254946,0.6080418676601542
Classical: Threshold + sub-pixel,1.3316000224234021,0.2585983153549255,0.6242907283301882
Classical: Threshold + sub-pixel,1.2980816917315425,0.21055772730634859,0.38607345557001715
Classical: Threshold + sub-pixel,1.288239431512015,0.18858964611688456,0.3771450342994602
Classical: Threshold + sub-pixel,1.2769040313060105,0.29385526069352397,0.7936934602652184
Classical: Threshold + sub-pixel,1.2911444019805056,0.2923961687999991,0.8112749820308773
Classical: Threshold + sub-pixel,1.3122108753683244,0.24564339855217932,0.6156766476818571
Classical: Threshold + sub-pixel,1.238547650444421,0.21008638175100602,0.6268279849835139
Classical: Threshold + sub-pixel,1.3661361351481136,0.3768033769442103,0.9076367002090078
Classical: Threshold + sub-pixel,1.333981204725076,0.2809757770959638,0.6646020085627811
Classical: Threshold + sub-pixel,1.3411163682096578,0.24039721876713105,0.5943141598519455
Classical: Threshold + sub-pixel,1.336793027524914,0.2193496025423285,0.5685409709033322
Classical: Threshold + sub-pixel,1.321011092400779,0.2842191676652577,0.7188201367835905
Classical: Threshold + sub-pixel,1.2844466971178465,0.1633650030217263,0.3969967170224873
Classical: Threshold + sub-pixel,1.343260790079404,0.2191967546303173,0.4830450145194223
Classical: Threshold + sub-pixel,1.3596069505720076,0.3142028011793331,0.8994507970475438
Classical: Threshold + sub-pixel,1.332209465148667,0.26271584845451335,0.5837528293147589
Classical: Threshold + sub-pixel,1.300286253637355,0.2741965379738376,0.6956314854108436
Classical: Threshold + sub-pixel,1.2680395862591864,0.24986378882138327,0.6177700604761791
Classical: Threshold + sub-pixel,1.3136905558048246,0.24204211365751016,0.6424743305257641
Classical: Threshold + sub-pixel,1.3194212516533357,0.27288271976836487,0.6281921818555487
Classical: Threshold + sub-pixel,1.3359079092201607,0.14383722022318557,0.30222465203861626
Classical: Threshold + sub-pixel,1.27073966644107,0.1978795322350747,0.43960320444271406
Classical: Threshold + sub-pixel,1.3302685726666486,0.25663048254616516,0.6646399002193892
Classical: Threshold + sub-pixel,1.352582870899528,0.21635150143629178,0.59892134912002
Classical: Threshold + sub-pixel,1.3133709699656764,0.258201904710167,0.23236001302905707
Classical: Threshold + sub-pixel,1.3562755285384864,0.3120782997567345,0.4807719146890932
Classical: Threshold + sub-pixel,1.320948580477673,0.22638846694240322,0.23388486543126508
Classical: Threshold + sub-pixel,1.3205142742394145,0.2440831456007927,0.20098975072333092
Classical: Threshold + sub-pixel,1.304522057951933,0.2732746680547,0.24164169207650454
Classical: Threshold + sub-pixel,1.3677955863740396,0.2161342011665821,0.3485559111514862
Classical: Threshold + sub-pixel,1.2922994501302851,0.21087791706504877,0.1978840723203481
Classical: Threshold + sub-pixel,1.3161577983735548,0.21172788727017677,0.31257644120934347
Classical: Threshold + sub-pixel,1.3336908027142278,0.2737139455606553,0.5114236681780342
Classical: Threshold + sub-pixel,1.30956449593099,0.21018142428514375,0.3984946105126639
Classical: Threshold + sub-pixel,1.2592963940478819,0.2442763590576088,0.651598589919741
Classical: Threshold + sub-pixel,1.3459003001259973,0.19103861975705094,0.5184304687711232
Classical: Threshold + sub-pixel,1.2724215027828554,0.21763997088957454,0.22755399151664357
Classical: Threshold + sub-pixel,1.292296430750211,0.2891720540844074,0.5058821126476702
Classical: Threshold + sub-pixel,1.346074025893106,0.21555940736081813,0.32285796249264265
Classical: Threshold + sub-pixel,1.2666119108110685,0.2540240779889994,0.4609847439562438
Classical: Threshold + sub-pixel,1.3094469191194298,0.26550495070630153,0.7039887188490477
Classical: Threshold + sub-pixel,1.2751370367290544,0.2081517514383816,0.33002924751174345
Classical: Threshold + sub-pixel,1.310076825377755,0.2016823803823059,0.3760632293744386
Classical: Threshold + sub-pixel,1.3372080615867785,0.2797062646242703,0.44233206929163305
Classical: Threshold + sub-pixel,1.2847149861754477,0.22143368162790011,0.3494196120642721
Classical: Threshold + sub-pixel,1.309775500008388,0.18815599376703918,0.25079147154783854
Classical: Threshold + sub-pixel,1.3025919685804703,0.30593150780640344,0.5277037246226743
Classical: Threshold + sub-pixel,1.2904497755646531,0.2501040166828987,0.6024829676576513
Classical: Threshold + sub-pixel,1.3225706547249794,0.21759846357575663,0.04061960260628461
Classical: Threshold + sub-pixel,1.362876529342428,0.25785055819466385,0.4461757681230618
Classical: Threshold + sub-pixel,1.283099882530177,0.21375648630743194,0.4295734824958921
Classical: Threshold + sub-pixel,1.3072354200824157,0.2799381089553761,0.35706925768892295
Classical: Threshold + sub-pixel,1.2893621776796516,0.18284516575912868,0.16438830680444227
Classical: Threshold + sub-pixel,1.3274774463330787,0.2566491422797993,0.36517765676349434
Classical: Threshold + sub-pixel,1.281212628802575,0.25187275078048565,0.561578985165867
Classical: Threshold + sub-pixel,1.2942739883759184,0.3069847248390729,0.2072864005133317
Classical: Threshold + sub-pixel,1.289497994749848,0.18760678109271312,0.48438806661000866
Classical: Threshold + sub-pixel,1.3674796858186102,0.25835538030843086,0.5178106120761228
Classical: Threshold + sub-pixel,1.3191439747076847,0.2857707244664316,0.24818345166132083
Classical: Threshold + sub-pixel,1.3269541449558242,0.2624508056624524,0.26765398560703746
Classical: Threshold + sub-pixel,1.3321349202516533,0.25748406929390455,0.03423551632361499
Classical: Threshold + sub-pixel,1.3019906953537197,0.2492830780005144,0.22093636955263762
Classical: Threshold + sub-pixel,1.3340638780339744,0.2729078130352899,0.3357983254345145
Classical: Threshold + sub-pixel,1.3063675905798138,0.26073643673059244,0.6240904288769986
Classical: Threshold + sub-pixel,1.3251550894577795,0.2337961524275023,0.2938866694803761
Classical: Threshold + sub-pixel,1.3491828905714573,0.23302136699793952,0.19943079857904422
Classical: Threshold + sub-pixel,1.3752436148214444,0.23042463734996144,0.10545081447648186
Classical: Threshold + sub-pixel,1.35653781633882,0.23605407972576098,0.23598637107504428
Classical: Threshold + sub-pixel,1.310425928780117,0.24147806123878068,0.3421278250179749
Classical: Threshold + sub-pixel,1.29039032647895,0.24259035337862211,0.09112915242050335
Classical: Threshold + sub-pixel,1.3025426105429472,0.2263485690604129,0.36983290288824233
Classical: Threshold + sub-pixel,1.3152644044658772,0.21732710772696606,0.29182268655847365
Classical: Threshold + sub-pixel,1.3636061706536982,0.29500762239413625,0.1723450000307316
Classical: Threshold + sub-pixel,1.304115084453953,0.2010779394654002,0.3846054432905879
Classical: Threshold + sub-pixel,1.3243965427023512,0.2648946626538238,0.2922071894968976
Classical: Threshold + sub-pixel,1.2943631945883722,0.2784799735938096,0.5604174286943546
Classical: Threshold + sub-pixel,1.3643941638522854,0.27037649687886567,0.4239316170328671
Classical: Threshold + sub-pixel,1.336788380208045,0.24582505115921827,0.3436293069684613
Classical: Threshold + sub-pixel,1.3036272674937757,0.2176416865188181,0.4240798175600271
Classical: Threshold + sub-pixel,1.3376329494437336,0.22517118213583664,0.31264918676649844
Classical: Threshold + sub-pixel,1.3462558712090171,0.27503095430657865,0.2261077606691535
Classical: Threshold + sub-pixel,1.319108845226661,0.18789038595543162,0.4233242760692941
Classical: Threshold + sub-pixel,1.359600598440669,0.26505870801356923,0.3961010551626021
Classical: Threshold + sub-pixel,1.3535174768867655,0.24918510205001365,0.1696797801573926
Classical: Threshold + sub-pixel,1.3657119867526444,0.28902712162621225,0.059308575072170244
Classical: Threshold + sub-pixel,1.309251474721967,0.18341604566069358,0.007587249801221718
Classical: Threshold + sub-pixel,1.3416711978322111,0.2464524441679653,0.039629218552718504
Classical: Threshold + sub-pixel,1.3287268529973744,0.17990399747103702,0.06242904196165977
Classical: Threshold + sub-pixel,1.295498073932222,0.2093281812394847,0.15124053437742302
Classical: Threshold + sub-pixel,1.3213631191741233,0.2987199937751407,0.1983536487535289
Classical: Threshold + sub-pixel,1.291862153662859,0.22386208661450835,0.21982548550113812
Classical: Threshold + sub-pixel,1.3201118012190831,0.27696395989494715,0.07149623399077987
Classical: Threshold + sub-pixel,1.3165554322751458,0.2116501036282198,0.2922518934546987
Classical: Threshold + sub-pixel,1.3436486513633725,0.2687877779062233,0.21781383498555407
Classical: Threshold + sub-pixel,1.2999450686955238,0.22070768627885284,0.087872772389191
Classical: Threshold + sub-pixel,1.3559311103534988,0.26079384004238604,0.30963536458461505
Classical: Threshold + sub-pixel,1.3256348303602592,0.2206597457672984,0.06314851507236874
Classical: Threshold + sub-pixel,1.4001793863318028,0.3023830563109289,0.19509741944044068
Classical: Threshold + sub-pixel,1.2351777883340853,0.18111120559060312,0.023685861691108645
Classical: Threshold + sub-pixel,1.2934655443136291,0.28888933727328603,0.07260968443402649
Classical: Threshold + sub-pixel,1.2942507163406711,0.22084926702491792,0.00783615613523625
Classical: Threshold + sub-pixel,1.2917606540124158,0.33877421791901563,0.23648110464271754
Classical: Threshold + sub-pixel,1.3736849050210238,0.267409086929544,0.13288764718906143
Classical: Threshold + sub-pixel,1.3453742407430709,0.2498366910534645,0.20571028142539882
Classical: Threshold + sub-pixel,1.3455148548985787,0.22079609669663092,0.059140863491909945
Classical: Threshold + sub-pixel,1.3244613753556183,0.21900929814582892,0.13874501927771443
Classical: Threshold + sub-pixel,1.3529845325357317,0.2875167955581198,0.1671806685709598
Classical: Threshold + sub-pixel,1.3642709782614295,0.24829940833421815,0.1829516277922516
Classical: Threshold + sub-pixel,1.3906049864689267,0.3079782623150721,0.011635090102667833
Classical: Threshold + sub-pixel,1.243260836933609,0.17687715217593447,0.046405551925500665
Classical: Threshold + sub-pixel,1.3509005861104146,0.34332306824371583,0.10290557900545871
Classical: Threshold + sub-pixel,1.3928009474137895,0.22161833245969842,0.006179180352185787
Classical: Threshold + sub-pixel,1.2553263534680712,0.22359892663541958,0.16438829438229785
Classical: Threshold + sub-pixel,1.317243338232091,0.2394438778563468,0.05815994133411473
Classical: Threshold + sub-pixel,1.2730240041511547,0.23202397075879222,0.15582394921762033
Classical: Threshold + sub-pixel,1.3332175464384504,0.2303425017285643,0.08460333332863135
Classical: Threshold + sub-pixel,1.3292421887937578,0.23855592725695585,0.1901015888538926
Classical: Threshold + sub-pixel,1.2067792355209561,0.16487346369540612,0.1732569212134265
Classical: Threshold + sub-pixel,1.3396350104294024,0.16754307070136076,0.08933789882042986
Classical: Threshold + sub-pixel,1.2772595875440875,0.15421893482396432,0.207795612479988
Classical: Threshold + sub-pixel,1.3570115292610794,0.22746636427229372,0.07516967245252593
Classical: Threshold + sub-pixel,1.3616284766305855,0.21795801581134144,0.011263208732068097
Classical: Threshold + sub-pixel,1.2400550560397672,0.10215966256774722,0.020049212172739583
Classical: Threshold + sub-pixel,1.3194407507191288,0.2358389741076382,0.06764786780909038
Classical: Threshold + sub-pixel,1.3001692274236838,0.2306026940232988,0.07423566322669162
Classical: Threshold + sub-pixel,1.3149139624220025,0.21977301573080366,0.23845346923157984
Classical: Threshold + sub-pixel,1.2996430074549328,0.1945980199742503,0.11250454104361762
Classical: Threshold + sub-pixel,1.3325793871626535,0.28906658876178326,0.02946749518231484
Classical: Threshold + sub-pixel,1.3094498077728398,0.23302686182542054,0.02522065219656655
Classical: Threshold + sub-pixel,1.3341374342300787,0.3254310687247721,0.10929122982784345
Classical: Threshold + sub-pixel,1.327973431715534,0.2065197149700242,0.09921044012171198
Classical: Threshold + sub-pixel,1.3197863672676848,0.25935799851476826,0.16884586747349895
Classical: Threshold + sub-pixel,1.3075678422618595,0.2935581621256633,0.10076620751277865
Classical: Threshold + sub-pixel,1.3421690564010575,0.31092465208157094,0.24203835904827797
Classical: Threshold + sub-pixel,1.3477897400089676,0.16827237209107515,0.07588221726368483
Classical: Threshold + sub-pixel,1.202260459000648,0.09696020861308552,0.20343487456063092
Classical: Threshold + sub-pixel,1.320659799354595,0.32025525857331893,0.21173863380318947
Classical: Threshold + sub-pixel,1.3626370554954623,0.34226932700579027,0.06904786651150441
Classical: Threshold + sub-pixel,1.3606174140185447,0.2761073301704191,0.16906093955974177
Classical: Threshold + sub-pixel,1.336188365566298,0.2169938184563035,0.07109374062489326
Classical: Threshold + sub-pixel,1.3183587874335834,0.18455143553028053,0.06067330421054673
Classical: Threshold + sub-pixel,1.3530293845850068,0.298761891298265,0.01578303930608138
Classical: Threshold + sub-pixel,1.3433991280272588,0.2912026321586705,0.16734636747114218
Classical: Threshold + sub-pixel,1.3210128042156632,0.3272319939459707,0.11115836126164402
Classical: Threshold + sub-pixel,1.3244364717491794,0.22832180947605518,0.3243495925433666
Classical: Threshold + sub-pixel,1.391784220703002,0.24852840505053975,0.3022198140441277
Classical: Threshold + sub-pixel,1.3060415751828458,0.1868270164387117,0.5052633504654558
Classical: Threshold + sub-pixel,1.2961411295409269,0.0441780957960467,0.49686799907364043
Classical: Threshold + sub-pixel,1.2699156907712952,0.2857431353783766,0.22809097869576989
Classical: Threshold + sub-pixel,1.343702466759245,0.18547383764839798,0.27879080099510856
Classical: Threshold + sub-pixel,1.3357799851509355,0.36789386904836596,0.4897802002189995
Classical: Threshold + sub-pixel,1.3847842060586752,0.3745757584634003,0.41553282767098954
Classical: Threshold + sub-pixel,1.3470021244038715,0.2695454804192554,0.3545349894094225
Classical: Threshold + sub-pixel,1.2732568324611082,0.17268244596841797,0.6060864584696044
Classical: Threshold + sub-pixel,1.2743259334713715,0.22171631959147053,0.38205004876463233
Classical: Threshold + sub-pixel,1.310108174930495,0.21654149529818933,0.2880474314013699
Classical: Threshold + sub-pixel,1.3149578877825636,0.24461662163641218,0.3297467150325293
Classical: Threshold + sub-pixel,1.230096528024485,0.2788101262437447,0.1918880354889807
Classical: Threshold + sub-pixel,1.2988025266292225,0.13294878697469548,0.21480300890969817
Classical: Threshold + sub-pixel,1.2686465465403045,0.18944976158268345,0.49944654870050553
Classical: Threshold + sub-pixel,1.3113728914893854,0.2079264652647017,0.3535866321273575
Classical: Threshold + sub-pixel,1.2696395220163303,0.18435602817822305,0.44535015748561224
Classical: Threshold + sub-pixel,1.320847621778507,0.3086148878540643,0.2766573275755799
Classical: Threshold + sub-pixel,1.3067238213854515,0.19883782791402482,0.3582395094443114
Classical: Threshold + sub-pixel,1.2485199334730563,0.17323462050024985,0.4155362734822594
Classical: Threshold + sub-pixel,1.2355587135547876,0.174474709917529,0.39686840968016446
Classical: Threshold + sub-pixel,1.2265160658685275,0.1533535883461402,0.3115879579724863
Classical: Threshold + sub-pixel,1.3381709457751472,0.2442699333604229,0.20118794522580474
Classical: Threshold + sub-pixel,1.3028110102437194,0.19639937276788522,0.3570934977265867
Classical: Threshold + sub-pixel,1.318425942311554,0.205861627330579,0.3342151485852545
Classical: Threshold + sub-pixel,1.3462060316326723,0.17695947429589987,0.5332927390361539
Classical: Threshold + sub-pixel,1.293341312841623,0.25403279255230704,0.4522403836472715
Classical: Threshold + sub-pixel,1.3380617731364173,0.16969237000041182,0.36518623330844835
Classical: Threshold + sub-pixel,1.251166663334977,0.23117315130208538,0.348216039225993
Classical: Threshold + sub-pixel,1.3086275185998026,0.15973747408985417,0.44401330878254286
Classical: Threshold + sub-pixel,1.250365108732125,0.25934398902503997,0.33770274755519747
Classical: Threshold + sub-pixel,1.3998046038003382,0.28456224846007605,0.5160738148680266
Classical: Threshold + sub-pixel,1.263119013965368,0.1984256568378,0.2996588636305453
Classical: Threshold + sub-pixel,1.2670332910999558,0.14732522594875785,0.43944926932178663
Classical: Threshold + sub-pixel,1.277789368627158,0.176979782671689,0.45483265714405885
Classical: Threshold + sub-pixel,1.2638007047176318,0.14080920538594166,0.26840462003298593
Classical: Threshold + sub-pixel,1.3215876153213597,0.2821145678350141,0.37161205060739455
Classical: Threshold + sub-pixel,1.2906621450797577,0.1872830808957503,0.35225714541650843
Classical: Threshold + sub-pixel,1.2852118955581915,0.23506994962690275,0.40368356768711977
Classical: Threshold + sub-pixel,1.3306509175012413,0.3114916415861011,0.2844853074624587
Classical: Threshold + sub-pixel,1.3243814186348857,0.31008325179218177,0.26587975090268645
Classical: Threshold + sub-pixel,1.326851523353565,0.2940800593053885,0.3375316895940248
Classical: Threshold + sub-pixel,1.3530428625758626,0.3055760397026913,0.38018061086928157
Classical: Threshold + sub-pixel,1.2824011733610583,0.2093356164033583,0.20523113336593224
Classical: Threshold + sub-pixel,1.2917214781690847,0.20750501691029866,0.41341594819010474
Classical: Threshold + sub-pixel,1.410517850125247,0.2628311610271432,0.34963626395947145
Classical: Threshold + sub-pixel,1.2817567730534571,0.21141209892303114,0.4431098607816393
Classical: Threshold + sub-pixel,1.3633882587050146,0.2325608011611373,0.4202917536591395
Classical: Threshold + sub-pixel,1.3698040797295161,0.3138798935126783,0.1744680896499211
Classical: Threshold + sub-pixel,1.3263520666596564,0.2987291049051335,0.2735018386147132
Classical: Threshold + sub-pixel,1.350174576114362,0.30107950118291305,0.5314882661724181
Classical: Threshold + sub-pixel,1.2812365619729262,0.1976484980291109,0.28338864121498086
Classical: Threshold + sub-pixel,1.2868238400255754,0.20231187380241733,0.17107310169595613
Classical: Threshold + sub-pixel,1.2528496052052571,0.19427757224615494,0.18975076961411164
Classical: Threshold + sub-pixel,1.3365232164121905,0.24316684389852028,0.3361463864670573
Classical: Threshold + sub-pixel,1.3936006288286125,0.35555431138699156,0.4955148478434568
Classical: Threshold + sub-pixel,1.3435159302377995,0.23011298574022387,0.2520945503135654
Classical: Threshold + sub-pixel,1.4129345598167258,0.3030350937102946,0.51719175786789
Classical: Threshold + sub-pixel,1.331151892227295,0.19184439966923617,0.36558922504943103
Classical: Threshold + sub-pixel,1.336940123347612,0.36019286206964896,0.930536650545887
Classical: Threshold + sub-pixel,1.3110055680060038,0.27941475372008096,0.7630848486059216
Classical: Threshold + sub-pixel,1.330256354892689,0.2944119088197191,0.8385132713116847
Classical: Threshold + sub-pixel,1.2670622611885045,0.24804536404693633,0.5343649850024466
Classical: Threshold + sub-pixel,1.3633434170135634,0.31504406265495644,0.850864611183382
Classical: Threshold + sub-pixel,1.2811860211919135,0.09554877575176046,0.40122002460762496
Classical: Threshold + sub-pixel,1.3315036371522613,0.30052603770934316,0.510985595570469
Classical: Threshold + sub-pixel,1.3109670849235093,0.27292276819530925,0.7937331417834517
Classical: Threshold + sub-pixel,1.3304667216424155,0.2446122144723214,0.7524754603441244
Classical: Threshold + sub-pixel,1.3269682477046252,0.23032787164870783,0.6026038879832938
Classical: Threshold + sub-pixel,1.3950624589440115,0.39357151117818123,0.9410724338912095
Classical: Threshold + sub-pixel,1.372666347731366,0.2374765614099753,0.6850482784015188
Classical: Threshold + sub-pixel,1.2322195465621986,0.22147300254628854,0.4294709623265638
Classical: Threshold + sub-pixel,1.374606972419598,0.3150260823610501,0.7795878286587519
Classical: Threshold + sub-pixel,1.2935919119392483,0.25479642740915875,0.4553148107282763
Classical: Threshold + sub-pixel,1.3104068625112875,0.2108498947174674,0.682974470379301
Classical: Threshold + sub-pixel,1.2783016703891894,0.2609649081977574,0.5576895617847222
Classical: Threshold + sub-pixel,1.2705875339049404,0.23017653889251788,0.45784156521125285
Classical: Threshold + sub-pixel,1.2621060128167343,0.2533765483105196,0.5434315381090922
Classical: Threshold + sub-pixel,1.342805177214491,0.2924387806151909,0.6922450799100475
Classical: Threshold + sub-pixel,1.3341358221326782,0.34681878599495153,0.8800401445825206
Classical: Threshold + sub-pixel,1.3349853743747417,0.23891325925834528,0.5841991265532538
Classical: Threshold + sub-pixel,1.3143185458913078,0.2467993687871245,0.5617602715189509
Classical: Threshold + sub-pixel,1.3394844560615358,0.2809700209285284,0.6096316419908059
Classical: Threshold + sub-pixel,1.3783240360504045,0.3413810386608419,0.9986460007149098
Classical: Threshold + sub-pixel,1.3427873979332314,0.2959586742634658,0.6638233240509714
Classical: Threshold + sub-pixel,1.2564920288007528,0.2367312806054619,0.7140620154296042
Classical: Threshold + sub-pixel,1.3211106222374653,0.16964779388239493,0.5139874730858272
Classical: Threshold + sub-pixel,1.2951930226744721,0.2837622974936508,0.7511214600628726
Classical: Threshold + sub-pixel,1.3200581923804968,0.2576439721974284,0.5948875044344197
Classical: Threshold + sub-pixel,1.2780012130660734,0.20350469166122642,0.4970945528381172
Classical: Threshold + sub-pixel,1.3563074589720403,0.285452203324958,0.7866998724940302
Classical: Threshold + sub-pixel,1.2906996042605339,0.17645100635145305,0.25605672105277866
Classical: Threshold + sub-pixel,1.428869297870103,0.23382768692548794,0.6588490206389641
Classical: Threshold + sub-pixel,1.361842678360404,0.34825683646145,0.9596095439980799
Classical: Threshold + sub-pixel,1.3065208964137707,0.2491220509242652,0.6474581871384826
Classical: Threshold + sub-pixel,1.3123462798453582,0.2036863139691062,0.6403072683794715
Classical: Threshold + sub-pixel,1.3281497123606352,0.26445250602757,0.6402019390735774
Classical: Threshold + sub-pixel,1.3310150343624598,0.24546889514973846,0.7206862119605992
Classical: Threshold + sub-pixel,1.2989611191794324,0.2592394934530903,0.6765034524968798
Classical: Threshold + sub-pixel,1.3534416355002927,0.26327466893248086,0.7913770385193684
Classical: Threshold + sub-pixel,1.2678723203574918,0.23147543717782493,0.39773549379824047
Classical: Threshold + sub-pixel,1.3235584196025854,0.25015249808817586,0.7274335793707538
Classical: Threshold + sub-pixel,1.3062212262141861,0.25060485888550277,0.7474772269173682
Classical: Threshold + sub-pixel,1.3475261325755405,0.28984617462898754,0.7074725631786898
Classical: Threshold + sub-pixel,1.290149116078475,0.1117842387525474,0.3361275703783613
Classical: Threshold + sub-pixel,1.3207174684922665,0.25340141386358284,0.5741813538385485
Classical: Threshold + sub-pixel,1.2996942788708794,0.2494681556476619,0.6665727549285541
Classical: Threshold + sub-pixel,1.3816619524738991,0.3798695180490149,0.8645907328626767
Classical: Threshold + sub-pixel,1.324913793953646,0.26471615579972807,0.6827424267016191
Classical: Threshold + sub-pixel,1.3172412890116454,0.19186831061949072,0.4758743668302394
Classical: Threshold + sub-pixel,1.332867674023511,0.2592415405214802,0.5819267514786677
Classical: Threshold + sub-pixel,1.3064876947098583,0.2261759424861628,0.5644986242387755
Classical: Threshold + sub-pixel,1.3451693352723666,0.26533707343508206,0.6493147166240032
Classical: Threshold + sub-pixel,1.2438987268313322,0.2238423657449391,0.6343558546752122
Classical: Threshold + sub-pixel,1.302305087151654,0.11482702872233652,0.3377090297710752
Classical: Threshold + sub-pixel,1.2917682094812375,0.25679329330692713,0.4647388281495779
Classical: Threshold + sub-pixel,1.3474071743825868,0.26371101697702204,0.5848598563043184
Classical: Threshold + sub-pixel,1.3255030762042592,0.27006018127561193,0.7668022193435651
Classical: Threshold + sub-pixel,1.3850566686929255,0.3067376991753975,0.7387822854932724
Classical: Threshold + sub-pixel,1.2268859360559135,0.15422562661603634,0.2611038521390632
Classical: Threshold + sub-pixel,1.2442686040897837,0.1651567489038377,0.2222301160487694
Classical: Threshold + sub-pixel,1.2881314470920249,0.22314755638432549,0.33084716864510977
Classical: Threshold + sub-pixel,1.2500976380315492,0.17833209711471876,0.18762802059755623
Classical: Threshold + sub-pixel,1.27839448473659,0.13440751839503107,0.4381445721878643
Classical: Threshold + sub-pixel,1.1900176404491305,0.16183330876465918,0.03431011384824001
Classical: Threshold + sub-pixel,1.2622506141763312,0.16830150264257782,0.14136029944159434
Classical: Threshold + sub-pixel,1.2352777653256597,0.1962884531494652,0.1995723526123283
Classical: Threshold + sub-pixel,1.2103320382221447,0.2579186990270077,0.4877432431512161
Classical: Threshold + sub-pixel,1.2383693255059196,0.1550673422705774,0.1567820620973055
Classical: Threshold + sub-pixel,1.2675973274066052,0.19538073514291976,0.13666210969064374
Classical: Threshold + sub-pixel,1.220770365411568,0.18677820792446376,0.4161991284345339
Classical: Threshold + sub-pixel,1.2908472168427667,0.18631247892844982,0.2546832044591074
Classical: Threshold + sub-pixel,1.2446523698706493,0.15937202418655905,0.2683514724615794
Classical: Threshold + sub-pixel,1.2826793597536696,0.15157051980678815,0.22049449300209267
Classical: Threshold + sub-pixel,1.2597688655188164,0.18066017203549467,0.17583697399985332
Classical: Threshold + sub-pixel,1.2254519075075683,0.14527068720246106,0.19564250945816508
Classical: Threshold + sub-pixel,1.290018344239808,0.1939553655423717,0.060667384761425414
Classical: Threshold + sub-pixel,1.2901667751591237,0.16908520017444173,0.014030143153724639
Classical: Threshold + sub-pixel,1.2499700151402346,0.14919637214754333,0.01023109317312998
Classical: Threshold + sub-pixel,1.2628482448312035,0.23761862984314286,0.5448787626163345
Classical: Threshold + sub-pixel,1.273886794840902,0.19080436048848215,0.023435772961674095
Classical: Threshold + sub-pixel,1.2543837511578502,0.17159324635193496,0.3534991432602106
Classical: Threshold + sub-pixel,1.2458325174871987,0.2230274610709444,0.1499185850201621
Classical: Threshold + sub-pixel,1.2662080074138542,0.2107183544272302,0.4443882993665036
Classical: Threshold + sub-pixel,1.3048807481538227,0.16579443439215802,0.638609308223941
Classical: Threshold + sub-pixel,1.19991410149021,0.2108740589168948,0.11282945646711506
Classical: Threshold + sub-pixel,1.294021406671414,0.1681213007490363,0.08319007850090165
Classical: Threshold + sub-pixel,1.2753812297269793,0.1772647251437417,0.4980967385782724
Classical: Threshold + sub-pixel,1.2211188182400767,0.19132948827135587,0.551487549559847
Classical: Threshold + sub-pixel,1.2991082403567091,0.2148612195215509,0.497162015040979
Classical: Threshold + sub-pixel,1.251465667333472,0.18524725004439468,0.10753564746180344
Classical: Threshold + sub-pixel,1.2591964200798347,0.18739785884752402,0.19771884843676824
Classical: Threshold + sub-pixel,1.2061052863636534,0.237977486298379,0.7302123813116459
Classical: Threshold + sub-pixel,1.2716644639030974,0.20698071767901116,0.49249490743873925
Classical: Threshold + sub-pixel,1.2700120285140577,0.1788240750494987,0.4323895883397637
Classical: Threshold + sub-pixel,1.2563061044991046,0.16940234384305342,0.09075529227048795
Classical: Threshold + sub-pixel,1.2440475397424513,0.21329490628203507,0.5030553669027797
Classical: Threshold + sub-pixel,1.3037214632425551,0.12270580929080543,0.4144234249573828
Classical: Threshold + sub-pixel,1.2355880067429528,0.13299887192982607,0.04124809497434789
Classical: Threshold + sub-pixel,1.256864804790182,0.21178029928496833,0.1530187937360432
Classical: Threshold + sub-pixel,1.2958404893967659,0.21600425810846025,0.5316642758673484
Classical: Threshold + sub-pixel,1.211540215348663,0.22757680461367968,0.2118922047800802
Classical: Threshold + sub-pixel,1.2039782231301557,0.22168191025502249,0.018561787252928452
Classical: Threshold + sub-pixel,1.2686567568024096,0.17271755111208797,0.12711129345397976
Classical: Threshold + sub-pixel,1.2360273080412334,0.19667087112236858,0.3463564586814112
Classical: Threshold + sub-pixel,1.3236775821989133,0.17662694276936708,0.5836677285216758
Classical: Threshold + sub-pixel,1.263800601995485,0.2557653664705536,0.3987974039674098
Classical: Threshold + sub-pixel,1.28380295054849,0.14856406138958678,0.267999997707858
Classical: Threshold + sub-pixel,1.2545038865801919,0.174278500422417,0.14350012891311614
Classical: Threshold + sub-pixel,1.2763803527145696,0.14925249311076727,0.05301207982416978
Classical: Threshold + sub-pixel,1.2783120585205197,0.1770274174092049,0.04570924797604348
Classical: Threshold + sub-pixel,1.237958843308412,0.07652707865944874,0.13471409300522752
Classical: Threshold + sub-pixel,1.2578130911863852,0.14463924417419116,0.24078767615589314
Classical: Threshold + sub-pixel,1.2957119769527716,0.15269806103601946,0.01836488511756773
Classical: Threshold + sub-pixel,1.2416822225368436,0.16748105632807542,0.02174011830873024
Classical: Threshold + sub-pixel,1.2318852283900301,0.19176931318770596,0.13343754614841008
Classical: Threshold + sub-pixel,1.26364167027852,0.13003031983149427,0.06468144670851994
Classical: Threshold + sub-pixel,1.2456034732229742,0.19106527567332743,0.22870991198329782
Classical: Threshold + sub-pixel,1.2946265892275777,0.2079406247880835,0.43508997344307354
Classical: Threshold + sub-pixel,1.1684634789197506,0.12026718714567475,0.07487711989613244
Classical: Threshold + sub-pixel,1.2067219913134042,0.10965789736491749,0.019118346619235282
Classical: Threshold + sub-pixel,1.3441760436724617,0.24313892317920205,0.035973913480167985
Classical: Threshold + sub-pixel,1.2194213209836018,0.07039783939395583,0.04636512127424397
Classical: Threshold + sub-pixel,1.2638480830117056,0.1676324099049742,0.14763543033390625
Classical: Threshold + sub-pixel,1.2643142213532437,0.12069730714489157,0.20873662759430722
Classical: Threshold + sub-pixel,1.1949287775201645,0.1618048052094987,0.22470570449650618
Classical: Threshold + sub-pixel,1.2387164370869932,0.12491446397090811,0.09569353594431385
Classical: Threshold + sub-pixel,1.22807874494686,0.14314492107640198,0.15060168181839306
Classical: Threshold + sub-pixel,1.2135220516216723,0.16841293230920118,0.2579390089349378
Classical: Threshold + sub-pixel,1.308293050481631,0.18259864693539274,0.2203393105940057
Classical: Threshold + sub-pixel,1.2552224193695625,0.12423592989094012,0.06661756580554967
Classical: Threshold + sub-pixel,1.26266917722948,0.18927351666663172,0.2027724118876726
Classical: Threshold + sub-pixel,1.2311110668276506,0.0640095885757922,0.3837921290221802
Classical: Threshold + sub-pixel,1.2503763340418819,0.24063421102735183,0.02354250902961663
Classical: Threshold + sub-pixel,1.270253626636411,0.2625282789400766,0.2857458289798924
Classical: Threshold + sub-pixel,1.2745880418586615,0.12274051144728115,0.13889351439733977
Classical: Threshold + sub-pixel,1.301540911637403,0.3022560004794078,0.1880984316647154
Classical: Threshold + sub-pixel,1.296543422998928,0.16136414515411612,0.627192395682082
Classical: Threshold + sub-pixel,1.2331415105805672,0.15984614073736392,0.03890103269110479
Classical: Threshold + sub-pixel,1.3275508408311287,0.1809200888445568,0.297599136271284
Classical: Threshold + sub-pixel,1.2187087836483315,0.1835878983350404,0.16787471026970135
Classical: Threshold + sub-pixel,1.2242762678428396,0.1723057786111365,0.04664291776655172
Classical: Threshold + sub-pixel,1.223389426911286,0.1484841744682467,0.2638421553267365
Classical: Threshold + sub-pixel,1.2624998566029497,0.2707628952369703,0.2650078281974104
Classical: Threshold + sub-pixel,1.256951734475154,0.1835465957034692,0.163707296650206
Classical: Threshold + sub-pixel,1.2696505344485554,0.20108390829156741,0.11557820061538249
Classical: Threshold + sub-pixel,1.2689015645989588,0.24444431174441672,0.06486622505818063
Classical: Threshold + sub-pixel,1.2426825606614553,0.21475596797028307,0.27141222655601105
Classical: Threshold + sub-pixel,1.2468919291521996,0.2125835986616461,0.021860593576410015
Classical: Threshold + sub-pixel,1.2744702467699898,0.14494767139327136,0.14796843223174005
Classical: Threshold + sub-pixel,1.299564357142141,0.21157645318751162,0.15247134640438298
Classical: Threshold + sub-pixel,1.3074892860043827,0.12829987868950166,0.09103667344089628
Classical: Threshold + sub-pixel,1.2114606099295246,0.1328376402420528,0.019289456131440508
Classical: Threshold + sub-pixel,1.2506768362212017,0.11371856055110852,0.0339171270741061
Classical: Threshold + sub-pixel,1.2720708435428918,0.11912709617062234,0.14237953681344973
Classical: Threshold + sub-pixel,1.2509298365074766,0.18045628324286744,0.014083386383281882
Classical: Threshold + sub-pixel,1.163749950123876,0.1421007208733155,0.05210126395209547
Classical: Threshold + sub-pixel,1.317978344796226,0.26054249814587704,0.0833175665384489
Classical: Threshold + sub-pixel,1.27307014260216,0.20287592421278022,0.017513053524327304
Classical: Threshold + sub-pixel,1.2422716044652442,0.19170292982192183,0.1933206141681767
Classical: Threshold + sub-pixel,1.2862528664135215,0.26598894230526293,0.49615620802398563
Classical: Threshold + sub-pixel,1.1912340615826287,0.08130303097966651,0.3703912960833924
Classical: Threshold + sub-pixel,1.231026489527813,0.27295119777870414,0.09696790119694532
Classical: Threshold + sub-pixel,1.2152777342142096,0.15550334002247157,0.132546241453682
Classical: Threshold + sub-pixel,1.2669978007046323,0.32950880047276465,0.16927151464295287
Classical: Threshold + sub-pixel,1.2035361511536313,0.16677025460447303,0.03604287731828992
Classical: Threshold + sub-pixel,1.2755120400554674,0.25226736644588776,0.09488620119444136
Classical: Threshold + sub-pixel,1.161127517197912,0.08867035149294822,0.05985591830999737
Classical: Threshold + sub-pixel,1.2892798351210133,0.22068230680607193,0.29504850780876457
Classical: Threshold + sub-pixel,1.3106321049921106,0.29153936356921384,0.20924453463435788
Classical: Threshold + sub-pixel,1.2276363558432113,0.22946612005025357,0.21858600672362005
Classical: Threshold + sub-pixel,1.2658150919902527,0.1371842378413095,0.2811452495818343
Classical: Threshold + sub-pixel,1.2055977947214007,0.23344012978038908,0.13201852000724257
Classical: Threshold + sub-pixel,1.2409155842315847,0.1117198335423516,0.1626379230096664
Classical: Threshold + sub-pixel,1.186965244818925,0.13888217158601146,0.304498329406123
Classical: Threshold + sub-pixel,1.1434551386128646,0.04827686627535965,0.06393453308839092
Classical: Threshold + sub-pixel,1.267959576877061,0.17528385691382098,0.001786038976759885
Classical: Threshold + sub-pixel,1.2365609002810618,0.1064719291406796,0.25511347299113885
Classical: Threshold + sub-pixel,1.2211055460591316,0.08944405369059749,0.13382169334784377
Classical: Threshold + sub-pixel,1.3043547647764675,0.23257857121921577,0.3736040425219602
Classical: Threshold + sub-pixel,1.327513869737189,0.26077992718551524,0.29723953800860037
Classical: Threshold + sub-pixel,1.2873532612758631,0.23712115250938848,0.2857634879485027
Classical: Threshold + sub-pixel,1.2319784841023367,0.1925084395078156,0.4930795877645755
Classical: Threshold + sub-pixel,1.2725382069526177,0.20627752897459384,0.6824017731244216
Classical: Threshold + sub-pixel,1.2717269187322957,0.19381505688152834,0.4128944872200333
Classical: Threshold + sub-pixel,1.3192863469114378,0.21986220025342296,0.4173062105064176
Classical: Threshold + sub-pixel,1.3356131431113374,0.2855700610852111,0.6981075450617202
Classical: Threshold + sub-pixel,1.2619785489958852,0.23691958775869404,0.5390934906928451
Classical: Threshold + sub-pixel,1.1609212966037918,0.04691046890249895,0.39094012663286426
Classical: Threshold + sub-pixel,1.2548540762201208,0.1873072997474673,0.18392149870849694
Classical: Threshold + sub-pixel,1.3070902651540128,0.315141996464565,0.4672147693003639
Classical: Threshold + sub-pixel,1.2223320300888787,0.16827736543848815,0.26559767869357964
Classical: Threshold + sub-pixel,1.2751484222106402,0.12087628056156008,0.4161453907020458
Classical: Threshold + sub-pixel,1.30049549031116,0.20340683459721098,0.709718353418868
Classical: Threshold + sub-pixel,1.2936515865411309,0.23062421481548834,0.5161062408102155
Classical: Threshold + sub-pixel,1.307154407837535,0.23348261705440776,0.7354634228459656
Classical: Threshold + sub-pixel,1.2474492578453453,0.15448836803943777,0.3143353230792951
Classical: Threshold + sub-pixel,1.3335666278032325,0.28408565681580056,0.5635527607729827
Classical: Threshold + sub-pixel,1.3017206659012954,0.2942767208710092,0.5794685038083891
Classical: Threshold + sub-pixel,1.3379025148020365,0.3121826758143438,0.7523955868979524
Classical: Threshold + sub-pixel,1.284114066562246,0.3299447549830573,0.23563167454900835
Classical: Threshold + sub-pixel,1.2603181925620948,0.14972410391123836,0.32258677881446185
Classical: Threshold + sub-pixel,1.3434244745468842,0.2734069577777044,0.26361658557941303
Classical: Threshold + sub-pixel,1.204528634166905,0.09045036923828209,0.5690174983608118
Classical: Threshold + sub-pixel,1.1359484684767245,0.0732641665154713,0.2933750363544356
Classical: Threshold + sub-pixel,1.301426114819969,0.2559017412886061,0.8162733494554373
Classical: Threshold + sub-pixel,1.268302644381436,0.21836870673042375,0.5626458183644856
Classical: Threshold + sub-pixel,1.1945889129654312,0.043972231833564135,0.3508630324073867
Classical: Threshold + sub-pixel,1.1635704200646733,0.11114878198450029,0.5274358798718664
Classical: Threshold + sub-pixel,1.241125289670176,0.18343410963766715,0.5915026631408158
Classical: Threshold + sub-pixel,1.2614035957798801,0.2638414430070837,0.2245797034522674
Classical: Threshold + sub-pixel,1.2718092311053486,0.20410390720243232,0.34201556044224435
Classical: Threshold + sub-pixel,1.3583319174157993,0.2947545116067283,0.592227564962849
Classical: Threshold + sub-pixel,1.2721509830851652,0.22924433235088526,0.3609649920174449
Classical: Threshold + sub-pixel,1.1980540478903594,0.10080460710953365,0.23904278601604134
Classical: Threshold + sub-pixel,1.316106773737622,0.17590348250167465,0.3196501239544376
Classical: Threshold + sub-pixel,1.2420235816437737,0.15480286119513242,0.3888799625331094
Classical: Threshold + sub-pixel,1.3082090188488793,0.3584321980137175,0.4670131353661122
Classical: Threshold + sub-pixel,1.36890759717292,0.2956896005508356,0.3825327613592666
Classical: Threshold + sub-pixel,1.207342892931689,0.14968442819742034,0.35206442044895025
Classical: Threshold + sub-pixel,1.1784808104748228,0.10347867052840787,0.19607872192011278
Classical: Threshold + sub-pixel,1.3698180712176034,0.18919352286356284,0.8190681882174295
Classical: Threshold + sub-pixel,1.1359844741275738,0.05118536469107071,0.2745836022326855
Classical: Threshold + sub-pixel,1.1545748736343706,0.21740251598881616,0.2021890161444293
Classical: Threshold + sub-pixel,1.25541126776563,0.20813575950524854,0.3318193354737293
Classical: Threshold + sub-pixel,1.3340805246271379,0.3119614400201415,0.6129538389268225
Classical: Threshold + sub-pixel,1.2111263899592615,0.08926461718470047,0.2835062313412755
Classical: Threshold + sub-pixel,1.2329868495511982,0.1841036761006445,0.6510599237554928
Classical: Threshold + sub-pixel,1.199180483093003,0.1584930336399939,0.44859275097885387
Classical: Threshold + sub-pixel,1.2413861498329175,0.17906716918615828,0.468980875618517
Classical: Threshold + sub-pixel,1.2020893495679363,0.19391712319568288,0.5293007370769052
Classical: Threshold + sub-pixel,1.1940649416068534,0.1673895009294225,0.23471250418434964
Classical: Threshold + sub-pixel,1.2595354200658928,0.2576423535362955,0.29900943827292537
Classical: Threshold + sub-pixel,1.3165311678322047,0.16197735525972767,0.5167026505511116
Classical: Threshold + sub-pixel,1.3298288325593113,0.32916398182649875,0.768624481059611
Classical: Threshold + sub-pixel,1.2984551021029644,0.19336478558928138,0.3139714627135872
Classical: Threshold + sub-pixel,1.19222180804366,0.10829266352013611,0.28070016281415366
Classical: Threshold + sub-pixel,1.2314660788512657,0.1280566822871544,0.23830484998508594
Classical: Threshold + sub-pixel,1.1972237142171078,0.08656563287888253,0.2630156682004654
Classical: Threshold + sub-pixel,1.234733665159216,0.20255776989685603,0.3871354170722323
Classical: Threshold + sub-pixel,1.2500644369161509,0.16768602583215286,0.41043168881044134
Classical: Threshold + sub-pixel,1.2249599296330893,0.12282760902910639,0.08887515435584015
Classical: Threshold + sub-pixel,1.1920460868447353,0.17106180101850443,0.2611554220536627
Classical: Threshold + sub-pixel,1.1548746703083208,0.09365656150920831,0.3908106649520968
Classical: Threshold + sub-pixel,1.2145630960683929,0.16905131940718465,0.3015667448674011
Classical: Threshold + sub-pixel,1.2165766112992853,0.24357968644907657,0.3878761076426256
Classical: Threshold + sub-pixel,1.2669976823805476,0.19762443401599217,0.36850496354702345
Classical: Threshold + sub-pixel,1.2771771004418173,0.1897190150394129,0.404695010507784
Classical: Threshold + sub-pixel,1.2525283571024484,0.16530043284431684,0.45636684728614085
Classical: Threshold + sub-pixel,1.2274214120791664,0.24608543869232335,0.5144210640036195
Classical: Threshold + sub-pixel,1.234910516185467,0.08838319789536186,0.26018712342183825
Classical: Threshold + sub-pixel,1.239910833268165,0.10996576088750154,0.19205397713271766
Classical: Threshold + sub-pixel,1.2717151800139892,0.19867099488321016,0.5779716363400151
Classical: Threshold + sub-pixel,1.1993502599539827,0.07450829479567589,0.04314476211560003
Classical: Threshold + sub-pixel,1.2468058424663435,0.16033795074890567,0.31855190906621567
Classical: Threshold + sub-pixel,1.2491380737964894,0.16127205575330372,0.5771787382970914
Classical: Threshold + sub-pixel,1.3209641318918477,0.20522568878655267,0.5930460100905945
Classical: Threshold + sub-pixel,1.285141668701502,0.32801315293762345,0.8784129866250892
Classical: Threshold + sub-pixel,1.2552916338318938,0.15239151091097747,0.3823849507413468
Classical: Threshold + sub-pixel,1.240649261149784,0.2236867279950907,0.5819673688122151
Classical: Threshold + sub-pixel,1.3092163688548628,0.24123928441745723,0.3982484879434278
Classical: Threshold + sub-pixel,1.2522760762548353,0.17647555550921634,0.40039093693404904
Classical: Threshold + sub-pixel,1.20385821322277,0.09846416911557276,0.15968872424360558
Classical: Threshold + sub-pixel,1.2302979750011442,0.09048723125219915,0.5334809587907796
Classical: Threshold + sub-pixel,1.2152843954709327,0.16076269773585383,0.3776707672120745
Classical: Threshold + sub-pixel,1.3217090656846568,0.23094309498355514,0.4787567036883069
Classical: Threshold + sub-pixel,1.2531158767747697,0.14230429843437475,0.4567234648041807
Classical: Threshold + sub-pixel,1.326343246004965,0.15343868216063694,0.44450016514939117
Classical: Threshold + sub-pixel,1.272919977266015,0.23473191815116934,0.7388867916803279
Classical: Threshold + sub-pixel,1.266866444940665,0.17023263902067776,0.32500823172836224
Classical: Threshold + sub-pixel,1.2151101071350296,0.16255502878220718,0.5075625178081413
Classical: Threshold + sub-pixel,1.176163640591262,0.05494915827392244,0.08780559776490326
Classical: Threshold + sub-pixel,1.213571377610518,0.16076808312108215,0.7128790338376676
Classical: Threshold + sub-pixel,1.2393807672210424,0.2548654659585119,0.40605032567739685
Classical: Threshold + sub-pixel,1.188810923875995,0.10048750927301353,0.34016793513460164
Classical: Threshold + sub-pixel,1.2895725871463646,0.26210889439907203,0.6183932335906521
Classical: Threshold + sub-pixel,1.244755747396058,0.2800283164558527,0.8402518932738032
Classical: Threshold + sub-pixel,1.2990265078230745,0.20112268292630353,0.6076562112168395
Classical: Threshold + sub-pixel,1.2519368251505267,0.20277254076822182,0.4886102254276783
Classical: Threshold + sub-pixel,1.1543169975392276,0.0699293218706949,0.1006220104283615
Classical: Threshold + sub-pixel,1.263547749388014,0.2767962486495452,0.9308812580996997
Classical: Threshold + sub-pixel,1.3381597636868674,0.24843630914598647,0.7723327142447656
Classical: Threshold + sub-pixel,1.2375915677957108,0.10701045397713027,0.32130258976813364
Classical: Threshold + sub-pixel,1.1928535637830227,0.16896321607959985,0.48121922131393524
Classical: Threshold + sub-pixel,1.2639635626675396,0.1726520965496926,0.329548802659521
Classical: Threshold + sub-pixel,1.2373910144091473,0.12898984082721876,0.22951158026528296
Classical: Threshold + sub-pixel,1.2418969907005595,0.14733066990104737,0.38645169950816105
Classical: Threshold + sub-pixel,1.244825136492179,0.2754925247769189,0.7126366663335164
Classical: Threshold + sub-pixel,1.240842242174917,0.22244137873913195,0.44572863514664984
Classical: Threshold + sub-pixel,1.275713068471438,0.13223619793673824,0.5054952731461284
Classical: Threshold + sub-pixel,1.2347608115876136,0.14278660012482147,0.6366982751366699
Classical: Threshold + sub-pixel,1.351545692579491,0.18542003089591808,0.5769679525627627
Classical: Threshold + sub-pixel,1.1657028507032767,0.10432603465843326,0.25884181220593105
Classical: Threshold + sub-pixel,1.214230169207136,0.10052752332348092,0.17046554347540033
Classical: Threshold + sub-pixel,1.2802213932202973,0.2710087512102225,0.8869425732177942
Classical: Threshold + sub-pixel,1.2826060990812538,0.17004424845861255,0.44354701035075994
Classical: Threshold + sub-pixel,1.247358946627359,0.1577570680808712,0.25059386799821803
Classical: Threshold + sub-pixel,1.2138707306366856,0.16417722970600535,0.26602125310547997
Classical: Threshold + sub-pixel,1.280079204060073,0.17794382406264375,0.6852224116844865
Classical: Threshold + sub-pixel,2.149587248362794,1.510702679545521,2.2296650329018037
Classical: Threshold + sub-pixel,2.296103004346512,1.5460810716346327,2.0808636991333604
Classical: Threshold + sub-pixel,2.203576934307002,1.411591866455108,1.9753517039946487
Classical: Threshold + sub-pixel,2.195205875790976,1.4570470951443928,2.230971095339909
Classical: Threshold + sub-pixel,2.229585835899309,1.4815349069504051,1.9042707332307072
Classical: Threshold + sub-pixel,2.2042318879204292,1.4310229333011844,1.8782056051084624
Classical: Threshold + sub-pixel,2.2225071526147824,1.4971030751524201,2.3638097305767043
Classical: Threshold + sub-pixel,2.2786134775639777,1.4805380306034148,2.2941665637824724
Classical: Threshold + sub-pixel,2.2131301778165167,1.4191276608820718,1.73065568944796
Classical: Threshold + sub-pixel,2.2117095752733276,1.3710349423827202,2.0930199476593057
Classical: Threshold + sub-pixel,2.287116283746092,1.4224317195119514,2.0046308412633
Classical: Threshold + sub-pixel,2.244063558483971,1.4520904546470415,1.9322251947206346
Classical: Threshold + sub-pixel,2.257711020411195,1.4294744662329095,1.7129578013582334
Classical: Threshold + sub-pixel,2.2916449475731566,1.4584252817611274,2.199679087164499
Classical: Threshold + sub-pixel,2.2284559348783253,1.4689423171512064,2.233104981396797
Classical: Threshold + sub-pixel,2.1978108031339474,1.4390280776420994,1.4557409270155897
Classical: Threshold + sub-pixel,2.1797439297060075,1.4728748000065617,1.7276312787010828
Classical: Threshold + sub-pixel,2.2035551260282134,1.4821017189558987,1.9637086131478787
Classical: Threshold + sub-pixel,2.2824972513776083,1.47118708473609,1.8681252360042064
Classical: Threshold + sub-pixel,2.226696586002575,1.36840702477558,1.591454146920114
Classical: Threshold + sub-pixel,2.1760263877890997,1.4344638211856093,2.30235269722508
Classical: Threshold + sub-pixel,2.265192919796625,1.475020281149607,2.2327207994740434
Classical: Threshold + sub-pixel,2.25615537243391,1.416084151314261,1.8465575052722398
Classical: Threshold + sub-pixel,2.1314419941857548,1.431104456791973,1.8380265872248107
Classical: Threshold + sub-pixel,2.243876101215281,1.461840298210177,2.0270349075853753
Classical: Threshold + sub-pixel,2.2602644443117073,1.3981558251772221,2.058765878779453
Classical: Threshold + sub-pixel,2.236687010382246,1.4542480523476111,2.234237370104618
Classical: Threshold + sub-pixel,2.1908821432534586,1.4937710944412421,1.9453669110900704
Classical: Threshold + sub-pixel,2.24707900210278,1.465686605406653,2.0466880375799033
Classical: Threshold + sub-pixel,2.2748414081763957,1.4819650615757691,1.9342629902124
Classical: Threshold + sub-pixel,2.2358045634338533,1.4698289836314435,2.262251066450903
Classical: Threshold + sub-pixel,2.217710331148587,1.4028384913149257,1.6997310867462923
Classical: Threshold + sub-pixel,2.238067931199491,1.4536855064740979,1.852706519500308
Classical: Threshold + sub-pixel,2.22357346950886,1.46927024115346,2.1280455981120325
Classical: Threshold + sub-pixel,2.2311994937507627,1.4475446255920725,1.9383372372973193
Classical: Threshold + sub-pixel,2.241689404673113,1.439238326092593,1.9633581912562725
Classical: Threshold + sub-pixel,2.270682897512752,1.423211828187573,1.8173386097275102
Classical: Threshold + sub-pixel,2.310775923207116,1.4527009263464428,2.0629639607068095
Classical: Threshold + sub-pixel,2.2784730273659664,1.4258614372727192,2.1245283957027072
Classical: Threshold + sub-pixel,2.2298813504855395,1.4487529370433867,2.1131913468603623
Classical: Threshold + sub-pixel,2.273449544720407,1.4865480431368228,1.8883614271724967
Classical: Threshold + sub-pixel,2.245264201323906,1.4404626161929932,1.877002541559269
Classical: Threshold + sub-pixel,2.2511503056676445,1.4093227265741595,1.9001999128473588
Classical: Threshold + sub-pixel,2.249477140941349,1.491079978673738,2.2163348375905607
Classical: Threshold + sub-pixel,2.236694919306425,1.4916479740594815,1.8728050837653534
Classical: Threshold + sub-pixel,2.2030827585387693,1.4051676459967788,1.9268267868678755
Classical: Threshold + sub-pixel,2.2243225786288825,1.4740187124546684,2.007100901704559
Classical: Threshold + sub-pixel,2.1991875879860725,1.3703670544654885,1.9551084381273163
Classical: Threshold + sub-pixel,2.242800303669766,1.4908470795133901,2.0699058921141074
Classical: Threshold + sub-pixel,2.2132306447864543,1.4932454584245436,2.225479292772555
Classical: Threshold + sub-pixel,2.2432663565421853,1.4184548637513223,2.049522019141004
Classical: Threshold + sub-pixel,2.2169265608372752,1.5249251512440414,1.677335914239757
Classical: Threshold + sub-pixel,2.2266554587137724,1.3905767899719363,1.8992626426371477
Classical: Threshold + sub-pixel,2.22837285335231,1.484420735800632,2.3074623811930994
Classical: Threshold + sub-pixel,2.1930701755568007,1.4905381504975463,1.9485344125055835
Classical: Threshold + sub-pixel,2.2504609063938084,1.4270398073677462,1.8656642505574532
Classical: Threshold + sub-pixel,2.160809152709393,1.4232683110013709,2.494626361845428
Classical: Threshold + sub-pixel,2.1844205497306795,1.4599075019696532,1.7830565920845096
Classical: Threshold + sub-pixel,2.2042393280016226,1.415765488223685,1.9612045229496262
Classical: Threshold + sub-pixel,2.236584759521753,1.4105378671756466,2.3193724916036897
Classical: Threshold + sub-pixel,2.247935771308886,1.5043632994494744,1.5692939176978689
Classical: Threshold + sub-pixel,2.109791223714745,1.4211843132207873,1.788316558951658
Classical: Threshold + sub-pixel,2.248913882686396,1.4992846277938519,1.2599275863738209
Classical: Threshold + sub-pixel,2.2564735642860696,1.4614425497735115,1.516605674481906
Classical: Threshold + sub-pixel,2.419540218466646,1.5310087765819942,1.3946787090835926
Classical: Threshold + sub-pixel,2.232646728545207,1.4737661717990964,1.6257814196240838
Classical: Threshold + sub-pixel,2.2643851762276794,1.5375010244190093,1.5387466278381914
Classical: Threshold + sub-pixel,2.3161248410813933,1.5123361402544901,1.3657981807375896
Classical: Threshold + sub-pixel,2.249507590073349,1.5854193683127125,1.182742827516372
Classical: Threshold + sub-pixel,2.2037860239651264,1.4185715684869664,1.0648021831707455
Classical: Threshold + sub-pixel,2.335847049036552,1.487968507393047,1.4702634685526563
Classical: Threshold + sub-pixel,2.3011039625442535,1.452908499489847,1.3943662085384934
Classical: Threshold + sub-pixel,2.2065062513374327,1.374250013389283,1.1526502009589445
Classical: Threshold + sub-pixel,2.174715423102933,1.4481477562166045,1.2453687908343762
Classical: Threshold + sub-pixel,2.3195336113963547,1.485609968296375,0.969018451081344
Classical: Threshold + sub-pixel,2.1530831055839874,1.3892965686972292,1.4603019556553098
Classical: Threshold + sub-pixel,2.254896099230945,1.4347664753731357,1.3362989745032232
Classical: Threshold + sub-pixel,2.241519665363005,1.441620659763142,1.5474684277424986
Classical: Threshold + sub-pixel,2.16988009064041,1.4485660530992313,1.4216999271799788
Classical: Threshold + sub-pixel,2.2946662446715527,1.5476020719151382,1.1167424931053995
Classical: Threshold + sub-pixel,2.177247553873822,1.3802117852080187,1.312136736699991
Classical: Threshold + sub-pixel,2.1720178492825815,1.4579588185960994,1.628305923027011
Classical: Threshold + sub-pixel,2.1317094593555064,1.364523248812453,1.0979645360891597
Classical: Threshold + sub-pixel,2.214450532004985,1.4515783126855506,1.5764575273199135
Classical: Threshold + sub-pixel,2.2226398875095454,1.4580105817245754,1.3077282142370588
Classical: Threshold + sub-pixel,2.270949929173126,1.5075795265762735,1.362705101786629
Classical: Threshold + sub-pixel,2.1756180203944315,1.4762350056457465,1.6061333314997763
Classical: Threshold + sub-pixel,2.1659120044427147,1.3363751659026617,1.540750099591249
Classical: Threshold + sub-pixel,2.1601242044695232,1.4539497880691232,1.8550039137705072
Classical: Threshold + sub-pixel,2.1394652438926247,1.3525978702747368,1.4031931648605322
Classical: Threshold + sub-pixel,2.298550317754507,1.6235976849388893,1.6266973200398311
Classical: Threshold + sub-pixel,2.121651677696555,1.359496908718163,1.6248086098020913
Classical: Threshold + sub-pixel,2.233387638197879,1.4022727149980718,1.7014659421908416
Classical: Threshold + sub-pixel,2.273526402329912,1.4504712669493012,1.1655616466626024
Classical: Threshold + sub-pixel,2.2943866654326603,1.4850548175801093,1.3133180832306208
Classical: Threshold + sub-pixel,2.300248215573202,1.515836717021653,1.56367323965942
Classical: Threshold + sub-pixel,2.1888006129085187,1.3528707087269967,1.2242395077393353
Classical: Threshold + sub-pixel,2.204372189541827,1.4202661664901575,1.5793660784453434
Classical: Threshold + sub-pixel,2.184133652357837,1.3816424476879048,1.3465389859888095
Classical: Threshold + sub-pixel,2.352045464272999,1.580842823133112,1.3490308418484989
Classical: Threshold + sub-pixel,2.2412515238924504,1.4743213441795393,1.382261891238167
Classical: Threshold + sub-pixel,2.2656453689906773,1.399276933651334,1.1998594813784145
Classical: Threshold + sub-pixel,2.1827261412075165,1.3754774375004082,1.4119845084450082
Classical: Threshold + sub-pixel,2.2518864281377766,1.3696978185943254,1.2007318580974786
Classical: Threshold + sub-pixel,2.266944449514047,1.488495872645025,1.6361083377562116
Classical: Threshold + sub-pixel,2.2574900949236376,1.4826132485233139,1.1540343577757115
Classical: Threshold + sub-pixel,2.2090891181556875,1.4611230614935171,1.4431158327898914
Classical: Threshold + sub-pixel,2.163417900693183,1.4991453337312595,1.30992280634082
Classical: Threshold + sub-pixel,2.1857288474653775,1.3716405064041122,1.361449951629098
Classical: Threshold + sub-pixel,2.103718591885119,1.3678719795582435,1.2878006164710152
Classical: Threshold + sub-pixel,2.219978560387632,1.4160180831497127,1.639753643337551
Classical: Threshold + sub-pixel,2.248594431013923,1.502629419218301,1.0920676732193528
Classical: Threshold + sub-pixel,2.156607537335254,1.4307699658323527,1.4390939654362411
Classical: Threshold + sub-pixel,2.3664798079403493,1.54046649455369,1.0921939005817465
Classical: Threshold + sub-pixel,2.2338806271906044,1.4840566628937748,1.6134224687155623
Classical: Threshold + sub-pixel,2.3094489957824478,1.483570582733858,1.483402317431446
Classical: Threshold + sub-pixel,2.261260440840206,1.4282109591145007,1.4445429626776054
Classical: Threshold + sub-pixel,2.3160158727511915,1.5414567862229318,1.498816566842498
Classical: Threshold + sub-pixel,2.267108587707538,1.517304041670605,1.654235220386712
Classical: Threshold + sub-pixel,2.20333652420967,1.459873374885315,1.7282882882031014
Classical: Threshold + sub-pixel,2.1939558838090374,1.4658728007312896,0.661808954126365
Classical: Threshold + sub-pixel,2.1625588002325165,1.4548758769966907,1.0682596905875146
Classical: Threshold + sub-pixel,2.2528900403902457,1.4217722754300732,0.37269484042251166
Classical: Threshold + sub-pixel,2.2674053228431745,1.2813212280816706,0.38079187733592956
Classical: Threshold + sub-pixel,2.2096018854830035,1.4288650751757053,0.6859314963039784
Classical: Threshold + sub-pixel,2.1981905837792413,1.4343581006875972,0.8093022651682134
Classical: Threshold + sub-pixel,2.192377908250852,1.5217557018065857,0.721751989829059
Classical: Threshold + sub-pixel,2.183865057080749,1.3697413050136196,0.7209941962511512
Classical: Threshold + sub-pixel,2.1987116182761186,1.3959670028249578,0.4884912933318284
Classical: Threshold + sub-pixel,2.145299961277567,1.3654184171509205,0.7444150841806088
Classical: Threshold + sub-pixel,2.2778942158790794,1.4836784712526025,0.6880274842106071
Classical: Threshold + sub-pixel,2.148562181123233,1.354598989267167,0.49760803653773755
Classical: Threshold + sub-pixel,2.2386734280278744,1.4347209656500615,0.6617446426247509
Classical: Threshold + sub-pixel,2.168168213500813,1.39123369801198,0.6997248549032256
Classical: Threshold + sub-pixel,2.3083197947450866,1.3958214564255322,0.48438527124726116
Classical: Threshold + sub-pixel,2.3373337642547556,1.604672484417914,0.5698252031821769
Classical: Threshold + sub-pixel,2.21293490452853,1.472639991756569,0.8924563298351402
Classical: Threshold + sub-pixel,2.2824160391928663,1.590882619950579,0.47261392025403737
Classical: Threshold + sub-pixel,2.165508757153331,1.4065796131627593,0.6814020283938935
Classical: Threshold + sub-pixel,2.2580785284153952,1.4588611562374183,0.9150178889043272
Classical: Threshold + sub-pixel,2.150197260237007,1.3805573391547192,0.5442302113826281
Classical: Threshold + sub-pixel,2.227340324445164,1.370938695795524,0.6110136194182547
Classical: Threshold + sub-pixel,2.241412980838521,1.475639203399021,0.8574707156224524
Classical: Threshold + sub-pixel,2.286004679246001,1.4993002451650401,0.5656829942835753
Classical: Threshold + sub-pixel,2.187979641399706,1.3881278477892667,0.6162740573550098
Classical: Threshold + sub-pixel,2.266111578844817,1.4830331352983959,0.7365072773352579
Classical: Threshold + sub-pixel,2.2547597933202628,1.4597574394780481,0.4998553960616272
Classical: Threshold + sub-pixel,2.282971995289814,1.4400397301413412,0.6908754262511758
Classical: Threshold + sub-pixel,2.1357187667325688,1.4076004011768506,0.8238269106001499
Classical: Threshold + sub-pixel,2.269640326820086,1.497146878784208,0.6491597204649089
Classical: Threshold + sub-pixel,2.2079902744011,1.447231558448396,0.5987684244110978
Classical: Threshold + sub-pixel,2.421798166634292,1.5479145621289678,0.7352013073763133
Classical: Threshold + sub-pixel,2.203133452966466,1.4225220738962563,0.5686061995979514
Classical: Threshold + sub-pixel,2.2885431668387515,1.4802172577000139,0.6889613633682474
Classical: Threshold + sub-pixel,2.258736151196891,1.5149399715099978,0.6822554631958426
Classical: Threshold + sub-pixel,2.2004830144990253,1.3726624674285324,0.7576251129269771
Classical: Threshold + sub-pixel,2.209423699987431,1.5309326453037881,0.4506209129585188
Classical: Threshold + sub-pixel,2.1259970938374484,1.3896985397425317,0.6995979023744188
Classical: Threshold + sub-pixel,2.162097939437115,1.408150430731221,0.7897088181543559
Classical: Threshold + sub-pixel,2.2185004922751173,1.4320019639245711,0.6258868099718371
Classical: Threshold + sub-pixel,2.2476620951564064,1.4473325544015567,0.6930005542770172
Classical: Threshold + sub-pixel,2.203509297536004,1.406086711288538,0.8926964870747107
Classical: Threshold + sub-pixel,2.260341017968674,1.4487349733179826,0.5625311562588504
Classical: Threshold + sub-pixel,2.2113191359601534,1.3920607716935192,0.6365506824826399
Classical: Threshold + sub-pixel,2.3102287078634225,1.5145012905014794,0.652682110821116
Classical: Threshold + sub-pixel,2.1841073075567756,1.4538361803334632,0.5983195076924004
Classical: Threshold + sub-pixel,2.2640719436472745,1.491406138388204,0.4654374288018355
Classical: Threshold + sub-pixel,2.248137545812953,1.489769230883872,0.8146717123703104
Classical: Threshold + sub-pixel,2.2181446237321563,1.372821288001131,0.5523538972598656
Classical: Threshold + sub-pixel,2.259955353219833,1.4829097450804585,0.7566746969093674
Classical: Threshold + sub-pixel,2.2539005502600786,1.4407120672625215,0.5699611871418941
Classical: Threshold + sub-pixel,2.194713697240611,1.4240563569562195,0.7075593261278685
Classical: Threshold + sub-pixel,2.187841975664657,1.4625724788025167,0.4617538316859562
Classical: Threshold + sub-pixel,2.287609790609409,1.465118933083731,0.6328813936115725
Classical: Threshold + sub-pixel,2.220532590531078,1.5346900559645742,0.5513981348216053
Classical: Threshold + sub-pixel,2.2227784481544677,1.4536421063021232,0.7079874906780534
Classical: Threshold + sub-pixel,2.136931386326101,1.3566831808591076,0.7084585078658172
Classical: Threshold + sub-pixel,2.303412881801888,1.5310763934256717,0.48796045987503334
Classical: Threshold + sub-pixel,2.354619858632298,1.6128090302136906,0.5064087344895452
Classical: Threshold + sub-pixel,2.2697557643356596,1.5637438640920123,0.7464419909949052
Classical: Threshold + sub-pixel,2.14336519998058,1.3984558538258307,2.4826113694168477
Classical: Threshold + sub-pixel,2.181037654936845,1.4943007305708382,2.522062954493453
Classical: Threshold + sub-pixel,2.1260436812111587,1.3664485396596167,2.525048998466882
Classical: Threshold + sub-pixel,2.230543624921251,1.459231808887969,2.7197850476575263
Classical: Threshold + sub-pixel,2.1971685937479863,1.464448697061442,2.7518084590942324
Classical: Threshold + sub-pixel,2.3656203741558173,1.5538797774610271,2.9703376709703884
Classical: Threshold + sub-pixel,2.238084285576183,1.539426032546947,2.633237697967523
Classical: Threshold + sub-pixel,2.2496139432059907,1.4940537697667855,2.575906750097548
Classical: Threshold + sub-pixel,2.110822402415385,1.3148313202880713,2.135546275319607
Classical: Threshold + sub-pixel,2.2278772925670913,1.462744613624327,2.4870084940282218
Classical: Threshold + sub-pixel,2.2786749771759807,1.4882027021901565,2.8022561342888648
Classical: Threshold + sub-pixel,2.1664321932882467,1.4049534665838346,2.4105542398517383
Classical: Threshold + sub-pixel,2.3435176003576106,1.5785236918649677,2.770135732894758
Classical: Threshold + sub-pixel,2.2124419193913516,1.3363771930087731,2.5247295723885013
Classical: Threshold + sub-pixel,2.233708739528255,1.4808355902736603,2.7171997410473945
Classical: Threshold + sub-pixel,2.230332818901079,1.4835837560910412,2.8476952755573484
Classical: Threshold + sub-pixel,2.2219675143805238,1.4170245433563355,2.409093796430204
Classical: Threshold + sub-pixel,2.275123138839943,1.5187389340515187,2.649480810512991
Classical: Threshold + sub-pixel,2.21521354223503,1.5119159148155377,2.658478338880499
Classical: Threshold + sub-pixel,2.281092498449903,1.5099484251918915,2.685318398284174
Classical: Threshold + sub-pixel,2.238728136971717,1.4650967212639796,2.749137650421186
Classical: Threshold + sub-pixel,2.2691848765799394,1.3730320413068853,2.499527223659852
Classical: Threshold + sub-pixel,2.323269961811395,1.589532549002167,2.9424279424315434
Classical: Threshold + sub-pixel,2.1107623859421754,1.3453381599870906,2.3380017568843425
Classical: Threshold + sub-pixel,2.2181935434615783,1.3681352866347083,2.5701735634950285
Classical: Threshold + sub-pixel,2.1573664242207835,1.3429988535164437,2.347304630942416
Classical: Threshold + sub-pixel,2.2460035819309625,1.4478995692774745,2.528330325440402
Classical: Threshold + sub-pixel,2.2109266797148823,1.4066774169576446,2.6489738936226352
Classical: Threshold + sub-pixel,2.1621928282942164,1.4360400817424939,2.4172184220159734
Classical: Threshold + sub-pixel,2.248533274882724,1.4743236093899479,2.5312747132338327
Classical: Threshold + sub-pixel,2.269066106697493,1.450487498717147,2.7211754512066193
Classical: Threshold + sub-pixel,2.215677305787027,1.4515306148466078,2.4031608509715374
Classical: Threshold + sub-pixel,2.0428920416522502,1.2782911923313516,2.1773791693154285
Classical: Threshold + sub-pixel,2.2717466887516102,1.559295430936411,2.9271076791264883
Classical: Threshold + sub-pixel,2.1838610363315767,1.3907743723410406,2.4159233471347834
Classical: Threshold + sub-pixel,2.301081308082322,1.572365218144883,2.839727159528395
Classical: Threshold + sub-pixel,2.1248592789284597,1.431120094556156,2.512655879083214
Classical: Threshold + sub-pixel,2.238401354044482,1.4220736056847403,2.55418885052303
Classical: Threshold + sub-pixel,2.0990116008681965,1.3798495440842418,2.348790815965383
Classical: Threshold + sub-pixel,2.2783979660133724,1.5034839734244478,2.583874432687906
Classical: Threshold + sub-pixel,2.287553633734706,1.4779786596095266,2.778270137926943
Classical: Threshold + sub-pixel,2.2219153742998765,1.4522193300133504,2.384268899421163
Classical: Threshold + sub-pixel,2.2183797353899823,1.4297310389264526,2.7017573090048232
Classical: Threshold + sub-pixel,2.2542464232605073,1.547762887422679,2.908694919298541
Classical: Threshold + sub-pixel,2.2687988340159952,1.5307549340621518,2.764727207547804
Classical: Threshold + sub-pixel,2.2232525489216775,1.4098679461324903,2.4718870068882306
Classical: Threshold + sub-pixel,2.25996119542907,1.6013219774866903,3.109074326800922
Classical: Threshold + sub-pixel,2.1982236329856173,1.5252420748840063,2.6439503150179813
Classical: Threshold + sub-pixel,2.2358167604284707,1.399386491009588,2.4729245104369757
Classical: Threshold + sub-pixel,2.2497011578451502,1.49622162193879,2.611670436444026
Classical: Threshold + sub-pixel,2.2297624850976523,1.482771138801312,2.664066449022717
Classical: Threshold + sub-pixel,2.2649899330849363,1.4854956538757285,2.6782507470983306
Classical: Threshold + sub-pixel,2.1782964033299717,1.452794632692466,2.628761282727408
Classical: Threshold + sub-pixel,2.1570841628562665,1.4096236195621916,2.5403782967398056
Classical: Threshold + sub-pixel,2.157860866336911,1.3976275641264642,2.5852077087268395
Classical: Threshold + sub-pixel,2.379394050386211,1.5309390380530123,2.90423237163444
Classical: Threshold + sub-pixel,2.1097451845058064,1.342290075065823,2.4432615330324365
Classical: Threshold + sub-pixel,2.2047727068068825,1.4210760461937335,2.365224967614313
Classical: Threshold + sub-pixel,2.1894929977845203,1.3673075823576308,2.356376930997138
Classical: Threshold + sub-pixel,2.203291368628845,1.3927110871338053,2.3473391695705144
Classical: Threshold + sub-pixel,2.047033093364783,1.3100206247159392,1.9730094770479032
Classical: Threshold + sub-pixel,2.084666539774353,1.2587990639947204,1.8899100639946238
Classical: Threshold + sub-pixel,2.0059348309903915,1.1593973850133463,1.732631416512124
Classical: Threshold + sub-pixel,1.977196959218523,1.2831809074093963,1.8026458712467472
Classical: Threshold + sub-pixel,1.9738689675760708,1.2044562973045205,1.7595948665091545
Classical: Threshold + sub-pixel,1.9667069117536315,1.2131312898407192,1.477584461625562
Classical: Threshold + sub-pixel,1.9831634587402491,1.1479513649626805,1.7791165713915542
Classical: Threshold + sub-pixel,1.9964270310943613,1.2435002010642369,1.3763942778276386
Classical: Threshold + sub-pixel,2.0060275383525186,1.1783711041755165,1.0974301670672135
Classical: Threshold + sub-pixel,2.042241332690179,1.2234935112581782,1.8354630667271654
Classical: Threshold + sub-pixel,2.040107544802171,1.1893663201812896,1.692563031697413
Classical: Threshold + sub-pixel,1.9620013064416886,1.2483229726475553,1.7541051331859454
Classical: Threshold + sub-pixel,2.04930260794537,1.2747364362689773,2.113902219718632
Classical: Threshold + sub-pixel,1.963845207867469,1.2018096860270888,1.719374790859899
Classical: Threshold + sub-pixel,2.027812237805582,1.2831048890559709,1.9107642551709647
Classical: Threshold + sub-pixel,2.097414081517895,1.2697970186699477,2.3009262454380894
Classical: Threshold + sub-pixel,2.0137451987447577,1.2468222856872728,1.6623347990629487
Classical: Threshold + sub-pixel,2.0149845865326803,1.3051491167244187,1.9565206615318904
Classical: Threshold + sub-pixel,2.081007714053779,1.1934458421738166,1.4921437177971768
Classical: Threshold + sub-pixel,2.0258551318898483,1.2099142344355514,1.679258546882945
Classical: Threshold + sub-pixel,1.9587165289921584,1.2646624582882393,1.6955225751302665
Classical: Threshold + sub-pixel,2.020660485722848,1.2224790365643603,1.8282117923407992
Classical: Threshold + sub-pixel,2.01310979444524,1.1989737496227548,1.814436630113092
Classical: Threshold + sub-pixel,2.038948726724631,1.2989429677211484,1.5914580413390285
Classical: Threshold + sub-pixel,1.9835459562590159,1.2468236931883103,1.5681359718145913
Classical: Threshold + sub-pixel,2.0896220646036947,1.2808408754339164,1.9943520670335904
Classical: Threshold + sub-pixel,2.0013868883948143,1.2636587685667993,1.841235009838635
Classical: Threshold + sub-pixel,1.96680973866316,1.2208555721293441,1.6981073737153038
Classical: Threshold + sub-pixel,2.047829087647977,1.2466786577597506,1.7250845462988251
Classical: Threshold + sub-pixel,2.0226115989543105,1.2142746204150678,1.6178150290604578
Classical: Threshold + sub-pixel,2.0337439255245644,1.2717507172614364,1.8439930078102136
Classical: Threshold + sub-pixel,2.0239321239798205,1.2939958474230455,2.164359200649491
Classical: Threshold + sub-pixel,1.980719715778049,1.1680268188848795,1.5239138004928257
Classical: Threshold + sub-pixel,2.0551694301615657,1.2632623971805073,1.719505587158841
Classical: Threshold + sub-pixel,2.0124409627578714,1.2408834342084059,1.4978557614953987
Classical: Threshold + sub-pixel,2.0305955616943097,1.2331667398653638,2.0293375117167445
Classical: Threshold + sub-pixel,2.053576373591012,1.284820812388725,1.9159867489201088
Classical: Threshold + sub-pixel,2.079355485921984,1.2402736133224581,1.175109219054693
Classical: Threshold + sub-pixel,2.0956251008768843,1.302644179635775,1.6226638700258094
Classical: Threshold + sub-pixel,1.963801226971158,1.1461219329644452,1.5712853865187477
Classical: Threshold + sub-pixel,2.0358924002201273,1.2277898461608754,1.8856248798745665
Classical: Threshold + sub-pixel,1.999844371110333,1.2212654557139135,1.771573916843081
Classical: Threshold + sub-pixel,1.9988903695273157,1.2382650227947063,1.8628478756046745
Classical: Threshold + sub-pixel,1.9815156382934696,1.179363245201026,1.4567619176845104
Classical: Threshold + sub-pixel,2.0487616190322617,1.292287784362304,2.202507337803349
Classical: Threshold + sub-pixel,1.9635205224476282,1.1591820012730416,1.4615679644591801
Classical: Threshold + sub-pixel,2.0469057034733917,1.3604152620210384,1.7815945783926996
Classical: Threshold + sub-pixel,1.9967283812149765,1.2122032125771136,1.8886802758741554
Classical: Threshold + sub-pixel,1.9797218582733778,1.273745875703101,1.8157016970246542
Classical: Threshold + sub-pixel,2.0079555800212883,1.2294611903805732,1.3230469269775158
Classical: Threshold + sub-pixel,1.9714430786600365,1.1425519820763874,1.7166796139524156
Classical: Threshold + sub-pixel,1.9767003117271447,1.2486721155599108,1.6347431005649833
Classical: Threshold + sub-pixel,2.0402500167058113,1.1093878661580034,1.1937005030612249
Classical: Threshold + sub-pixel,2.0625212286393686,1.3204943086016245,1.9839527899278746
Classical: Threshold + sub-pixel,2.0473950788667055,1.2292159177084012,1.7886279884142362
Classical: Threshold + sub-pixel,2.0501708383758976,1.2365360903116822,1.5743161928177574
Classical: Threshold + sub-pixel,2.0118628887047283,1.212321391789966,1.6878846028999557
Classical: Threshold + sub-pixel,2.0312347906287016,1.2301349984580336,1.9119939836870086
Classical: Threshold + sub-pixel,2.0154689605336378,1.1495228296915052,1.1026287727265403
Classical: Threshold + sub-pixel,1.9731396500242615,1.2575959232797964,2.0613124139810015
Classical: Threshold + sub-pixel,2.070024932496581,1.2725343600838226,1.3773335419641763
Classical: Threshold + sub-pixel,1.8898366960556021,1.1085429835491785,0.945281904372163
Classical: Threshold + sub-pixel,2.028450535765803,1.2448873742530218,1.1564428816879775
Classical: Threshold + sub-pixel,2.0777522197843448,1.3318316677198865,1.4664295350345093
Classical: Threshold + sub-pixel,2.098090755977915,1.3284538396924817,1.0219145700985757
Classical: Threshold + sub-pixel,1.904019433781618,1.160880943112756,1.4075766210600609
Classical: Threshold + sub-pixel,1.868961688448365,1.0962171690659785,1.1529616780648428
Classical: Threshold + sub-pixel,2.009611307455708,1.2321608300873212,1.194369725641895
Classical: Threshold + sub-pixel,2.070550636712136,1.2770313535292104,1.3532318040918718
Classical: Threshold + sub-pixel,2.142953545840765,1.3932670232775202,1.0696529921345608
Classical: Threshold + sub-pixel,1.8991620106167533,1.0280489835091848,1.3483756139653913
Classical: Threshold + sub-pixel,2.0477151913054192,1.2256456380027128,1.271344996706497
Classical: Threshold + sub-pixel,2.0264102889615203,1.203883089926604,1.2461875002930194
Classical: Threshold + sub-pixel,1.9602807122898398,1.1493394537988222,1.477356289230766
Classical: Threshold + sub-pixel,2.005597521014529,1.276065760547608,1.2209267409203028
Classical: Threshold + sub-pixel,2.001252807903317,1.2116127548051847,1.4493266431983391
Classical: Threshold + sub-pixel,1.920053009847952,1.1143204705261263,0.9607176392260262
Classical: Threshold + sub-pixel,2.0956746426278725,1.1978377713388053,1.154749293200501
Classical: Threshold + sub-pixel,1.9097070936247587,1.1083370088779319,0.9443473766131332
Classical: Threshold + sub-pixel,1.975653288345461,1.2668546198724797,1.5464848740885788
Classical: Threshold + sub-pixel,1.9781475144649616,1.1841838075116016,1.208816392485582
Classical: Threshold + sub-pixel,2.0335361538128915,1.254561949483819,0.6709591687694267
Classical: Threshold + sub-pixel,1.974776332898153,1.2136577654463978,1.3269902358554186
Classical: Threshold + sub-pixel,2.1168974391770163,1.3294668828822642,1.3747623535416005
Classical: Threshold + sub-pixel,1.9592748291177389,1.1036817220879933,1.17051619501183
Classical: Threshold + sub-pixel,1.9874522182008065,1.198343858871506,1.171287788926218
Classical: Threshold + sub-pixel,1.986880602434579,1.1237182288867356,0.8740429026782643
Classical: Threshold + sub-pixel,2.1052903450075835,1.3151644124912356,1.2737784748217056
Classical: Threshold + sub-pixel,2.013628514371267,1.2303558112849153,1.2702347231053666
Classical: Threshold + sub-pixel,1.99711308054273,1.3420533924609521,1.592835349562352
Classical: Threshold + sub-pixel,2.052339805027349,1.2533207767326118,1.2467855674480863
Classical: Threshold + sub-pixel,2.08051252361048,1.2734441285559588,0.7183459252283515
Classical: Threshold + sub-pixel,1.980372975641514,1.107950033325438,0.9940015729873748
Classical: Threshold + sub-pixel,2.1008016183257534,1.3452641892744865,1.1369983688279501
Classical: Threshold + sub-pixel,2.0166627753896527,1.1982701461442453,1.099340186632789
Classical: Threshold + sub-pixel,2.0236323322140866,1.2232629057889428,1.3128360913235744
Classical: Threshold + sub-pixel,2.047280127102744,1.3271530604068258,1.037950074113394
Classical: Threshold + sub-pixel,1.9732983825518686,1.2833447057700456,1.4744962634859125
Classical: Threshold + sub-pixel,1.8720706153401867,1.1412924289330517,1.4710948845308467
Classical: Threshold + sub-pixel,1.869201811074479,1.105211753275774,1.5168260352369036
Classical: Threshold + sub-pixel,2.009221371009499,1.2254491878058953,0.9982007045253809
Classical: Threshold + sub-pixel,2.0020337015772247,1.2761748246656732,1.5231627694559609
Classical: Threshold + sub-pixel,1.9779880833447183,1.1406735470462994,1.3330699737285632
Classical: Threshold + sub-pixel,1.9721243160835247,1.1200640605960892,1.090783817691951
Classical: Threshold + sub-pixel,2.052318463873572,1.1541214815774048,1.2561190015241053
Classical: Threshold + sub-pixel,2.022934461469225,1.2556441983654394,1.2733420089196374
Classical: Threshold + sub-pixel,2.033734401502564,1.2833450273298221,0.9805029540195873
Classical: Threshold + sub-pixel,2.0068246623414394,1.2027346597870532,1.2008561312760984
Classical: Threshold + sub-pixel,2.0695262492383604,1.1846139766544486,1.2497235553466073
Classical: Threshold + sub-pixel,2.005805488129243,1.1416768535357429,1.0621474932183905
Classical: Threshold + sub-pixel,2.0696760371611678,1.2917984282309594,1.1148952853165968
Classical: Threshold + sub-pixel,1.996818705032941,1.1630114091827362,1.1922305575908663
Classical: Threshold + sub-pixel,1.9727917743128767,1.2182430381420861,1.3012203486194673
Classical: Threshold + sub-pixel,1.9838830366494276,1.130682271073375,1.353387104227013
Classical: Threshold + sub-pixel,1.9647075287716802,1.1957462488550012,1.424577470029742
Classical: Threshold + sub-pixel,2.0605900525173775,1.2594669402404879,1.2402626290589414
Classical: Threshold + sub-pixel,2.0466920336783643,1.2537207835481108,1.1946008754757447
Classical: Threshold + sub-pixel,2.1299466939138827,1.3396280895668382,0.7574358878818921
Classical: Threshold + sub-pixel,2.1245019797336004,1.3278963371694221,1.1947179088091002
Classical: Threshold + sub-pixel,1.9628298001493047,1.1040258276577304,0.9917081587548022
Classical: Threshold + sub-pixel,2.118485421051999,1.3893215604155265,0.054470019215053345
Classical: Threshold + sub-pixel,1.9097250445513365,1.1577670800633453,0.5310559179308214
Classical: Threshold + sub-pixel,2.1656623955682583,1.400600330748556,0.07987562133977555
Classical: Threshold + sub-pixel,2.0380654194549934,1.1864128143104091,0.3973327221123877
Classical: Threshold + sub-pixel,2.005510135116351,1.2537592773764539,0.7642566266095221
Classical: Threshold + sub-pixel,2.0928950043261176,1.2202519012551205,0.011869107308612126
Classical: Threshold + sub-pixel,2.062314049302894,1.2895025721423756,0.4727809352690002
Classical: Threshold + sub-pixel,2.056488765778952,1.3004788587239633,0.30967000842566206
Classical: Threshold + sub-pixel,2.065211246019548,1.1624206269736306,0.4198736188157062
Classical: Threshold + sub-pixel,2.0512274283672527,1.3433811709906354,0.1547224204363351
Classical: Threshold + sub-pixel,2.001888197342389,1.1702871458916229,0.7577950240871374
Classical: Threshold + sub-pixel,2.094245505920891,1.293629888049396,0.28950977788283305
Classical: Threshold + sub-pixel,2.0673826319390898,1.234369215525194,0.3327964180610836
Classical: Threshold + sub-pixel,1.9715406397148938,1.1684055132465934,0.3799528180373235
Classical: Threshold + sub-pixel,2.0033442014022116,1.2918837347970502,0.42891177472677855
Classical: Threshold + sub-pixel,2.0093191517044553,1.1755120106421346,0.8783414362261421
Classical: Threshold + sub-pixel,2.071653202036599,1.2811830569903195,0.2734782195920009
Classical: Threshold + sub-pixel,2.0288749849422603,1.2279401827030196,0.42995715574128157
Classical: Threshold + sub-pixel,2.0000172354892403,1.2382796879581073,0.3592071805450132
Classical: Threshold + sub-pixel,1.9102598026829012,1.10392590934988,0.6092131948493522
Classical: Threshold + sub-pixel,1.9052267255347852,1.021590468006305,0.3418804997773899
Classical: Threshold + sub-pixel,2.1296833881319177,1.3073611343586276,0.26527834868451805
Classical: Threshold + sub-pixel,2.083167945287418,1.340526251184028,0.5635342358969835
Classical: Threshold + sub-pixel,2.015034292034307,1.1816920782194593,0.5108289334100822
Classical: Threshold + sub-pixel,2.062242018433891,1.2136487787683368,0.6366845985841496
Classical: Threshold + sub-pixel,2.0796797407511556,1.301168883069685,0.5807180200462505
Classical: Threshold + sub-pixel,1.9685885535588272,1.2085576288665676,0.37580319809714346
Classical: Threshold + sub-pixel,1.9855907066602732,1.2856686104517476,0.5765385132320993
Classical: Threshold + sub-pixel,2.180390632043368,1.433056545558018,0.5621917216665464
Classical: Threshold + sub-pixel,1.9788647428777826,1.1646606549943117,0.5684631556726538
Classical: Threshold + sub-pixel,2.0071032557193016,1.166172414982384,0.566432681086297
Classical: Threshold + sub-pixel,2.0425234601622266,1.1863182676333435,0.5395288554033653
Classical: Threshold + sub-pixel,2.002891511684214,1.190763288305083,0.5170727983759704
Classical: Threshold + sub-pixel,1.9533051664593248,1.1845557760720618,0.7781910895763202
Classical: Threshold + sub-pixel,2.001721435122625,1.2660778482365038,0.2712204284374158
Classical: Threshold + sub-pixel,2.1179453231482306,1.239549506973371,0.5298761544402097
Classical: Threshold + sub-pixel,2.1427184453401464,1.4041493895878991,0.5275439119024949
Classical: Threshold + sub-pixel,1.997868615339258,1.0860652623398543,0.439213620418045
Classical: Threshold + sub-pixel,2.0980241567609794,1.2478974647433223,0.4506861761993992
Classical: Threshold + sub-pixel,2.1813565369003447,1.310090396987988,0.563402658177969
Classical: Threshold + sub-pixel,2.08413710269409,1.1722480548693968,0.6371533420179567
Classical: Threshold + sub-pixel,2.0412665291445546,1.2984464479121622,0.4903730622466278
Classical: Threshold + sub-pixel,2.0395339420831498,1.2866420579575755,0.5987503344150369
Classical: Threshold + sub-pixel,1.9323831511868865,1.0518064910813,0.7079728600750501
Classical: Threshold + sub-pixel,2.0896944498047665,1.2257675458810893,0.3384354985308833
Classical: Threshold + sub-pixel,2.0437642143360475,1.2778383746821498,0.6625566502330344
Classical: Threshold + sub-pixel,2.1681436830820466,1.4493001231465943,0.6283632637771004
Classical: Threshold + sub-pixel,1.9436663496625362,1.2119641786691608,0.5203710224636593
Classical: Threshold + sub-pixel,1.9344567945696618,1.1809734339343203,0.3801343392181926
Classical: Threshold + sub-pixel,2.1007207112970634,1.332806337254169,0.39610136268979357
Classical: Threshold + sub-pixel,2.0268531801559964,1.1308217407635939,0.31981249824959423
Classical: Threshold + sub-pixel,2.0734871985901515,1.2475242487950347,0.5700875714590525
Classical: Threshold + sub-pixel,2.0611496842622707,1.3461911418063832,0.5727769640924631
Classical: Threshold + sub-pixel,2.1102787062297494,1.29768876036428,0.44873158344057806
Classical: Threshold + sub-pixel,1.957097641475821,1.1649785514356343,0.513143211214107
Classical: Threshold + sub-pixel,2.075973439508484,1.3251699539436235,0.5058404598817701
Classical: Threshold + sub-pixel,1.9200745753775827,1.240148726960117,0.4125642379509724
Classical: Threshold + sub-pixel,2.0576851364775806,1.3096966854896417,0.5704416642180621
Classical: Threshold + sub-pixel,1.9989551809159432,1.3262298039921718,0.4136163398881232
Classical: Threshold + sub-pixel,1.8746867482662535,1.038772008852682,0.4196102559552264
Classical: Threshold + sub-pixel,2.1154943940427673,1.2913658326882298,2.145809917256765
Classical: Threshold + sub-pixel,2.1160542097314003,1.2963950582832597,2.4208427615772017
Classical: Threshold + sub-pixel,2.023254620867063,1.1901676631110754,1.825836759894241
Classical: Threshold + sub-pixel,2.053713836024478,1.2481206038279238,2.2476510974089186
Classical: Threshold + sub-pixel,1.996329684616232,1.2579328421667997,2.144820781763421
Classical: Threshold + sub-pixel,1.9907628021002808,1.2796177260609438,2.2729732857255813
Classical: Threshold + sub-pixel,1.9798903171601194,1.202145077355786,2.1002574923549355
Classical: Threshold + sub-pixel,2.0526715243794458,1.3409322113553583,2.7239677687549766
Classical: Threshold + sub-pixel,2.218172152404383,1.3761607222591676,2.629892775217449
Classical: Threshold + sub-pixel,2.031067710925991,1.2382939492883036,2.1890018555491824
Classical: Threshold + sub-pixel,1.9922619879449006,1.2152987595014437,2.105962275892152
Classical: Threshold + sub-pixel,1.9706596593337993,1.2381362029207066,2.155973015719618
Classical: Threshold + sub-pixel,2.014045703360959,1.1307211793311747,1.8723166969143072
Classical: Threshold + sub-pixel,1.9351447801739563,1.2850804401838767,2.2519042859658374
Classical: Threshold + sub-pixel,2.0659770364555534,1.2876497685539916,2.387143711486464
Classical: Threshold + sub-pixel,2.0317829691957896,1.218418370595911,1.9160094079669747
Classical: Threshold + sub-pixel,1.9831623619278673,1.1311061740400201,1.9100990627031487
Classical: Threshold + sub-pixel,2.0881484059565256,1.2836511609220866,2.4431300621811456
Classical: Threshold + sub-pixel,2.050332942021393,1.229377604070413,2.189776326957483
Classical: Threshold + sub-pixel,1.9633789076005799,1.2212510302758566,1.9959201352546017
Classical: Threshold + sub-pixel,1.9882521222336722,1.2116495541590822,1.9722185558781575
Classical: Threshold + sub-pixel,1.9185076661836924,1.1208055873750058,1.6768187321117884
Classical: Threshold + sub-pixel,2.0667031480999336,1.395633592848164,2.6401928870690843
Classical: Threshold + sub-pixel,2.113699156583896,1.2526520701310004,2.1104298168532365
Classical: Threshold + sub-pixel,2.034530996201423,1.2789796889681715,2.151021132244852
Classical: Threshold + sub-pixel,1.982097645651894,1.2049643134202879,2.1007319020850326
Classical: Threshold + sub-pixel,2.140579793298909,1.2991214381030298,2.643802698392245
Classical: Threshold + sub-pixel,2.098669616561452,1.3271326705469546,2.390410811161369
Classical: Threshold + sub-pixel,2.052241842852961,1.2890782135251744,2.266571210460187
Classical: Threshold + sub-pixel,2.1409789140212485,1.3007188347824705,2.367387803393011
Classical: Threshold + sub-pixel,2.0101563990780127,1.271263069024819,2.2360632204934445
Classical: Threshold + sub-pixel,2.047146761108011,1.1975517111081944,1.8194737431146812
Classical: Threshold + sub-pixel,2.1670137697870264,1.2960140375187739,2.3269819844855704
Classical: Threshold + sub-pixel,2.036092289988058,1.1514941955175912,2.155990025014874
Classical: Threshold + sub-pixel,2.0306261980599865,1.2480690487302288,2.489056631479769
Classical: Threshold + sub-pixel,2.189319237550646,1.405848697939552,2.9273031482417546
Classical: Threshold + sub-pixel,2.165175090342121,1.3049969014769565,2.232234024018867
Classical: Threshold + sub-pixel,2.117661488607717,1.367583163721073,2.5093404792187735
Classical: Threshold + sub-pixel,2.039879776808939,1.2131714010761256,2.170352362338415
Classical: Threshold + sub-pixel,2.0231307902394327,1.194556030459963,1.946482054900593
Classical: Threshold + sub-pixel,2.028332805238642,1.249252156240904,2.141892148433955
Classical: Threshold + sub-pixel,1.9877870197841299,1.124232764521855,1.817437645264195
Classical: Threshold + sub-pixel,2.018990847105064,1.2370238399862106,2.1785967409479783
Classical: Threshold + sub-pixel,2.073182496819313,1.303244746157798,2.428711824567224
Classical: Threshold + sub-pixel,2.035130083902183,1.2094377893430353,2.317450676755586
Classical: Threshold + sub-pixel,2.014394492195941,1.2561361627857552,2.367314348947517
Classical: Threshold + sub-pixel,2.047711977452283,1.1847608091445838,2.2410794787658155
Classical: Threshold + sub-pixel,1.9971827188330762,1.1890163197024246,1.8520696928809368
Classical: Threshold + sub-pixel,1.9018032881992815,1.1394202971615432,1.9463056791056839
Classical: Threshold + sub-pixel,2.052452295127209,1.1727120586157858,2.2867855572932805
Classical: Threshold + sub-pixel,2.0897861015501844,1.2128065706352111,2.449323806244463
Classical: Threshold + sub-pixel,2.008965135671417,1.1890823640405435,1.7534553598980125
Classical: Threshold + sub-pixel,1.9613484424254324,1.1074172344088469,2.000170550888129
Classical: Threshold + sub-pixel,1.9867733905742833,1.2183556763381482,2.242434143217418
Classical: Threshold + sub-pixel,2.0826525693648863,1.1941549326942558,2.188827692823435
Classical: Threshold + sub-pixel,1.9695855224496714,1.1915910060957282,2.080970665801881
Classical: Threshold + sub-pixel,2.0154847629214396,1.2012366585285346,2.2440216108220015
Classical: Threshold + sub-pixel,2.064834915800139,1.2208198831510584,2.433052377437116
Classical: Threshold + sub-pixel,2.0717270699136003,1.3311137890391427,2.6406622053111617
Classical: Threshold + sub-pixel,2.0682433681134222,1.2248847029775933,2.055892156513679
Classical: Threshold + sub-pixel,2.020557382572554,1.2402725488672095,1.621869436072557
Classical: Threshold + sub-pixel,2.1034345531051164,1.317217650405213,2.0302048260183136
Classical: Threshold + sub-pixel,2.0260904944438938,1.2276269149838503,1.4721576943611496
Classical: Threshold + sub-pixel,2.023818324039211,1.1981525930006658,1.9465751849482231
Classical: Threshold + sub-pixel,1.9747822762123213,1.214479064361182,1.5099595039095908
Classical: Threshold + sub-pixel,2.0826334762256504,1.1636704011852481,1.1725973904981064
Classical: Threshold + sub-pixel,1.9762918820195061,1.1598802013501999,1.5807870776658053
Classical: Threshold + sub-pixel,2.118601361278121,1.3104069233437143,1.8053888819234882
Classical: Threshold + sub-pixel,2.0802219447992973,1.2570028750237257,1.690456985909937
Classical: Threshold + sub-pixel,2.0201390839112694,1.2631746089441642,1.7369170562121141
Classical: Threshold + sub-pixel,2.0496306446857426,1.237461105860887,1.6098911047578244
Classical: Threshold + sub-pixel,2.0267377600261796,1.1495988226086458,1.5004781466095989
Classical: Threshold + sub-pixel,2.1459582733083886,1.3131454889958185,2.2207616261195247
Classical: Threshold + sub-pixel,2.149405405320784,1.239585218225397,1.9805700976233949
Classical: Threshold + sub-pixel,2.0261759258973906,1.184614908261242,1.662421155209572
Classical: Threshold + sub-pixel,2.0077389127252085,1.199416732083563,1.4952531603142987
Classical: Threshold + sub-pixel,2.003966158440443,1.1885074914076956,1.4445661803717305
Classical: Threshold + sub-pixel,2.0779167864385326,1.2159083102388766,1.7453910361267329
Classical: Threshold + sub-pixel,2.085907188703956,1.251535316274584,2.4146860263126673
Classical: Threshold + sub-pixel,2.0923287393116277,1.3100077191898922,2.160737940196112
Classical: Threshold + sub-pixel,2.071658035084976,1.1932595256469662,1.4886065352724116
Classical: Threshold + sub-pixel,2.048362035447861,1.2222539258920555,1.8465814905270541
Classical: Threshold + sub-pixel,2.0185253905584726,1.2567308777058668,1.5470842081866856
Classical: Threshold + sub-pixel,1.9785729103441432,1.2320305259887085,2.041282871506388
Classical: Threshold + sub-pixel,2.0438936723737187,1.2847947483725597,1.7404715365610524
Classical: Threshold + sub-pixel,2.028640620412415,1.1709646034817325,1.4513564084789277
Classical: Threshold + sub-pixel,2.1802726901576506,1.323934566130814,1.7450647683946294
Classical: Threshold + sub-pixel,2.1036412033069367,1.2343587523945985,1.9775160910153353
Classical: Threshold + sub-pixel,2.0637201580516806,1.2247760186381926,1.7199199783853816
Classical: Threshold + sub-pixel,2.063325619098347,1.1989878599281476,1.9727431273162508
Classical: Threshold + sub-pixel,2.0451514258182337,1.25887095834794,1.6684100007226967
Classical: Threshold + sub-pixel,2.0231826258360934,1.2260416716642135,1.7041159161816641
Classical: Threshold + sub-pixel,2.0663701442313975,1.2972667324978797,1.8862725785425227
Classical: Threshold + sub-pixel,2.0235247519926673,1.30547579371899,1.5651091317401127
Classical: Threshold + sub-pixel,2.05913909637077,1.2436094751960618,1.4059217562903026
Classical: Threshold + sub-pixel,2.080407843977593,1.2716805463568703,1.7524651266157814
Classical: Threshold + sub-pixel,2.0288435002066088,1.146518721523647,1.2360904823566257
Classical: Threshold + sub-pixel,1.981468090685171,1.2443759265237306,1.4761127696957401
Classical: Threshold + sub-pixel,2.0013205651552375,1.0873387751109673,1.5329044662696947
Classical: Threshold + sub-pixel,2.120112075357619,1.3573542701488497,2.3094795750022485
Classical: Threshold + sub-pixel,2.0478455973746534,1.2724840283047385,1.6117680198815525
Classical: Threshold + sub-pixel,2.0451221637404466,1.230057973909637,1.4676469439068192
Classical: Threshold + sub-pixel,2.0601330429008504,1.2468857135784126,2.120100216052619
Classical: Threshold + sub-pixel,1.9965534704373256,1.1873420930077343,1.433139448561561
Classical: Threshold + sub-pixel,1.992207230984468,1.2338993422018543,1.6035599722705314
Classical: Threshold + sub-pixel,2.029957039122514,1.274958737138781,1.9325593768373288
Classical: Threshold + sub-pixel,2.0677987887592137,1.2712584055525726,2.1121242728281833
Classical: Threshold + sub-pixel,2.103867942720158,1.2575667762508294,2.285048553931529
Classical: Threshold + sub-pixel,2.086890918215383,1.2250487434248971,1.7686532504737706
Classical: Threshold + sub-pixel,2.0809079740568968,1.2488754597989289,1.730675208188106
Classical: Threshold + sub-pixel,2.023757400741935,1.2347575397962243,2.0469144327862523
Classical: Threshold + sub-pixel,2.1029154025661523,1.2619459805012276,1.666941633649266
Classical: Threshold + sub-pixel,2.081610428929265,1.3113659136082694,1.6663737874410396
Classical: Threshold + sub-pixel,2.039251717029924,1.179108093713611,2.0164783876549044
Classical: Threshold + sub-pixel,2.0663190492269266,1.304924021714129,1.8211707549418472
Classical: Threshold + sub-pixel,2.0370330633792264,1.3030414429789414,1.589420019319952
Classical: Threshold + sub-pixel,2.097587736575372,1.2663585058980726,2.099856487150708
Classical: Threshold + sub-pixel,2.105614992810525,1.2806227503395795,1.4822880251745087
Classical: Threshold + sub-pixel,2.031668512287545,1.2403184630932946,1.7777804591022512
Classical: Threshold + sub-pixel,1.978124387799446,1.2143161149594706,1.7780963143883457
Classical: Threshold + sub-pixel,1.898749592944893,1.017751821610703,1.2106496022389348
Classical: Threshold + sub-pixel,2.1897319404278015,1.394584376865982,0.6022208481319797
Classical: Threshold + sub-pixel,2.167183683313445,1.3866810525219349,0.7831129063105959
Classical: Threshold + sub-pixel,2.0986474222568665,1.2386543674592145,1.25137264474037
Classical: Threshold + sub-pixel,2.0861623488485033,1.2335764186489875,0.5931172897527954
Classical: Threshold + sub-pixel,2.0140301774494755,1.195451542528524,0.8089909784458005
Classical: Threshold + sub-pixel,2.175182388230576,1.3176291473154818,1.146354769761674
Classical: Threshold + sub-pixel,2.050585325294202,1.3383485211528976,1.5983076250064392
Classical: Threshold + sub-pixel,2.0698781133914324,1.2265134523806838,1.5034316879045289
Classical: Threshold + sub-pixel,2.105679729563935,1.2602708371366589,1.1693900564134978
Classical: Threshold + sub-pixel,2.1096872064603316,1.2691126266065333,1.0343090964344435
Classical: Threshold + sub-pixel,2.058387848856061,1.1977075924630771,1.746851594513212
Classical: Threshold + sub-pixel,2.1319096795173245,1.2606020586444049,1.2651384354787742
Classical: Threshold + sub-pixel,2.0131247882339567,1.2064246673755523,1.4166442061681304
Classical: Threshold + sub-pixel,2.0503199969372385,1.1839812514534187,1.2740370924436877
Classical: Threshold + sub-pixel,2.044082268947495,1.2441755571276976,1.2304556870643872
Classical: Threshold + sub-pixel,2.1354910104544116,1.281264136265458,1.210075422928404
Classical: Threshold + sub-pixel,2.008433994994814,1.1967163669910714,1.1060703874278768
Classical: Threshold + sub-pixel,2.0737025392084987,1.2294285217193102,1.1044383869466419
Classical: Threshold + sub-pixel,2.0867001356021486,1.275240454819326,1.4798812553449547
Classical: Threshold + sub-pixel,2.066839700306005,1.2825129084972275,1.1279705796229322
Classical: Threshold + sub-pixel,2.131912800293157,1.365841224708681,1.039582432601303
Classical: Threshold + sub-pixel,2.0922193922472148,1.2630806181923586,1.1005244277743969
Classical: Threshold + sub-pixel,2.0517327626102655,1.1404142103344062,1.1853189492939333
Classical: Threshold + sub-pixel,2.1028589791585244,1.2115244128702598,1.0210969779322565
Classical: Threshold + sub-pixel,2.1891449476183618,1.3382631564934289,1.1216656820881203
Classical: Threshold + sub-pixel,1.986315395912031,1.1521924778919765,1.2188382190110025
Classical: Threshold + sub-pixel,2.0341828162435416,1.183749744210418,1.0896080459691282
Classical: Threshold + sub-pixel,2.0566059592593,1.2744405447906317,1.0725084370816447
Classical: Threshold + sub-pixel,2.11629589954032,1.2510894129799857,1.2119929075947238
Classical: Threshold + sub-pixel,2.0774076295601684,1.2548673615963586,1.1839329762315316
Classical: Threshold + sub-pixel,1.9800876699213323,1.2322875415333612,1.1105125571334233
Classical: Threshold + sub-pixel,2.03449860088888,1.2925599952250717,0.6975403105199822
Classical: Threshold + sub-pixel,2.0718136122299557,1.3381878764579014,1.4175622732821238
Classical: Threshold + sub-pixel,2.052937175381625,1.1910279947135989,0.8977590925754706
Classical: Threshold + sub-pixel,2.1037960230031816,1.295762908646552,1.522511731088148
Classical: Threshold + sub-pixel,2.16751176429728,1.3432541354500447,0.8792649049880055
Classical: Threshold + sub-pixel,2.0467892936645877,1.2316663269965735,1.1596451863114332
Classical: Threshold + sub-pixel,2.0486529989333726,1.2847131562651937,1.319468319795439
Classical: Threshold + sub-pixel,2.0414143574820547,1.2313813897361743,1.2045439336703914
Classical: Threshold + sub-pixel,2.0243467879574935,1.1763716969496878,1.3654381410299252
Classical: Threshold + sub-pixel,2.073317804028214,1.2107416499875594,1.2209304910443532
Classical: Threshold + sub-pixel,2.0523618783477984,1.246997571448885,1.1499463550088889
Classical: Threshold + sub-pixel,2.110484809006784,1.3097105769431527,0.840167586578954
Classical: Threshold + sub-pixel,2.132879274465603,1.30401473430182,1.2949759547841455
Classical: Threshold + sub-pixel,2.1105457792702955,1.2287134070530428,1.0835050690474244
Classical: Threshold + sub-pixel,1.8790512278100222,1.0964071500728654,0.9854198493273301
Classical: Threshold + sub-pixel,2.1241826602077563,1.3159024879694359,1.1396090914803874
Classical: Threshold + sub-pixel,2.0920167969683336,1.2270768827472283,1.1851416145166973
Classical: Threshold + sub-pixel,2.1688301395226,1.2490328589080768,1.0354764114840145
Classical: Threshold + sub-pixel,2.0586412103886547,1.1629516891563763,1.1748164720378749
Classical: Threshold + sub-pixel,2.0493598503533743,1.1626366878114038,1.419427243328363
Classical: Threshold + sub-pixel,1.9527042050271795,1.1464538408264795,1.7088440492590036
Classical: Threshold + sub-pixel,2.015440551873822,1.3219757671634067,1.4507632841769182
Classical: Threshold + sub-pixel,2.1047653137770403,1.3276191999566151,1.1261633523535726
Classical: Threshold + sub-pixel,2.1146135927257834,1.3408659172650188,0.9796956907549976
Classical: Threshold + sub-pixel,2.0972571710510843,1.2079997816361892,1.0655695738346433
Classical: Threshold + sub-pixel,2.2144351982360844,1.3243115071805693,1.2719073476413096
Classical: Threshold + sub-pixel,1.964312168492946,1.089563574792737,1.0546787524356511
Classical: Threshold + sub-pixel,2.071634210355469,1.2948477882704341,1.0900217614518093
Classical: Threshold + sub-pixel,2.0937196335140866,1.2998320063050826,0.7326682483297597
Classical: Threshold + sub-pixel,2.170591481380556,1.3794345283167326,0.4132148763767467
Classical: Threshold + sub-pixel,1.9963477102619485,1.2364845720950406,0.18873389219546644
Classical: Threshold + sub-pixel,2.0620873799210355,1.2390598573954632,0.3865179437042916
Classical: Threshold + sub-pixel,2.0880599164894957,1.2388882472593439,0.438160449699895
Classical: Threshold + sub-pixel,2.063195884844133,1.3407979797264966,0.5831599622188386
Classical: Threshold + sub-pixel,2.087961238821459,1.2807966312929324,0.7082947838142033
Classical: Threshold + sub-pixel,2.000488966496106,1.0800285640557465,0.5606174543734186
Classical: Threshold + sub-pixel,2.1207456846685693,1.2866126515707523,0.7867702988158412
Classical: Threshold + sub-pixel,2.0508192860274868,1.158516648196812,0.6870839747522708
Classical: Threshold + sub-pixel,2.157515302267403,1.2704094873012317,0.3794106385031104
Classical: Threshold + sub-pixel,1.906308136757617,1.1245687549529828,0.35707988995823703
Classical: Threshold + sub-pixel,2.074938830242169,1.2830795926838792,0.23521898186856438
Classical: Threshold + sub-pixel,2.054773674580665,1.2698181793662113,0.03103160384560022
Classical: Threshold + sub-pixel,1.984726057483524,1.1627221119572355,0.5020440292878683
Classical: Threshold + sub-pixel,1.9079949338340723,1.0935936092190066,0.4071674123929947
Classical: Threshold + sub-pixel,1.9609364150950905,1.1494824725287083,0.3828859968485565
Classical: Threshold + sub-pixel,2.0614280131531464,1.2489975323668383,0.35145971040604707
Classical: Threshold + sub-pixel,1.973972257936205,1.2571925242825106,0.7390624849103444
Classical: Threshold + sub-pixel,2.1752441276046324,1.2437219412768086,0.5485336397718967
Classical: Threshold + sub-pixel,1.9872721666328852,1.1975500897263593,0.742967100175759
Classical: Threshold + sub-pixel,2.0700327044311297,1.2122576240273473,0.4074451115874598
Classical: Threshold + sub-pixel,2.0185071461689024,1.1682671127606792,0.05327017200448658
Classical: Threshold + sub-pixel,2.0572374261022013,1.2941298027018382,0.7628532738414529
Classical: Threshold + sub-pixel,1.9720178861390045,1.1715185521781115,0.51933760740085
Classical: Threshold + sub-pixel,1.9525838549310115,1.1164070156157333,0.4942140083372428
Classical: Threshold + sub-pixel,1.979036893136544,1.1503990987486405,0.6205849749034749
Classical: Threshold + sub-pixel,2.1715827823553258,1.3792069586131406,0.2943509061829048
Classical: Threshold + sub-pixel,2.009126998265943,1.2337971630035607,0.3356024212744728
Classical: Threshold + sub-pixel,2.0719348655720955,1.2658555568503496,0.6239163324628008
Classical: Threshold + sub-pixel,2.0562094011860035,1.2342413432858397,0.45632214151174777
Classical: Threshold + sub-pixel,2.132219805324453,1.386174881162976,0.5883260306806419
Classical: Threshold + sub-pixel,1.9725234596113506,1.1294997650653693,0.1590386935158623
Classical: Threshold + sub-pixel,2.023195629368969,1.2127831674729979,0.46842555925846874
Classical: Threshold + sub-pixel,2.0719841465397453,1.3005172546144292,0.564046436533161
Classical: Threshold + sub-pixel,2.109612232299683,1.2456882989314697,0.42608345500618583
Classical: Threshold + sub-pixel,2.071369616533981,1.2314813279156769,0.18911703768539878
Classical: Threshold + sub-pixel,2.018103988968698,1.1802371752304497,0.481362746738319
Classical: Threshold + sub-pixel,2.069148208875367,1.2085732092643342,0.42327896007415067
Classical: Threshold + sub-pixel,2.1749469337465968,1.284290927255992,0.4141102204722631
Classical: Threshold + sub-pixel,2.0571266118758453,1.2356000705926011,0.6275742095343602
Classical: Threshold + sub-pixel,1.9692888659901016,1.2156126286543198,0.670293032820005
Classical: Threshold + sub-pixel,2.0780955323871577,1.2881942062585883,0.2505295756176089
Classical: Threshold + sub-pixel,2.09115100940235,1.2975573380469845,0.2927172642197928
Classical: Threshold + sub-pixel,1.8711013843175262,1.0228178501925091,0.40172342848259923
Classical: Threshold + sub-pixel,2.16739618273834,1.2614348326698086,0.5642215140747635
Classical: Threshold + sub-pixel,2.1635601213063733,1.3118080800999017,0.10101582606148707
Classical: Threshold + sub-pixel,1.952694756978484,1.171561485159723,0.4611338415578152
Classical: Threshold + sub-pixel,2.087514320459336,1.2154142856571566,0.39419052638826946
Classical: Threshold + sub-pixel,2.0352053359006286,1.2242023922502556,0.33929384580402067
Classical: Threshold + sub-pixel,2.0726464034595495,1.2315314447033452,0.5107169081505449
Classical: Threshold + sub-pixel,1.9456205782887663,1.1171998219079988,0.6258659614892355
Classical: Threshold + sub-pixel,1.999330116939487,1.1582122728211854,0.28936360497903335
Classical: Threshold + sub-pixel,2.1293768157360216,1.2414790502665118,0.19096314260608382
Classical: Threshold + sub-pixel,1.9052373276513734,1.1443646393298361,0.6481342857137287
Classical: Threshold + sub-pixel,2.1043919042938386,1.284824337749504,0.5257923536129208
Classical: Threshold + sub-pixel,2.004871403082509,1.1052294546325185,0.5021014917573381
Classical: Threshold + sub-pixel,2.0579625751981543,1.2342080730823248,0.22185976599604595
Classical: Threshold + sub-pixel,2.0554823110593867,1.230121798691309,0.49542007121562204
Classical: Threshold + sub-pixel,2.130261557068012,1.2556724721882322,0.631983631354442
Classical: Threshold + sub-pixel,2.1096388159157877,1.280978835648928,2.2050264294058364
Classical: Threshold + sub-pixel,2.0962793087746467,1.2409488586270405,2.164511347731383
Classical: Threshold + sub-pixel,2.0258542060567617,1.1386742176463769,2.0022111073643565
Classical: Threshold + sub-pixel,2.108102092069224,1.2881133828926925,2.4429220864648458
Classical: Threshold + sub-pixel,2.104555987235612,1.2500181315225194,2.2554161876153267
Classical: Threshold + sub-pixel,1.9913047226182392,1.179176594711974,1.7342469253819308
Classical: Threshold + sub-pixel,2.116146111717099,1.2652229815636087,2.4734446618185895
Classical: Threshold + sub-pixel,2.0880894421006686,1.2873103937741244,2.490914049970126
Classical: Threshold + sub-pixel,2.07959294060494,1.2244672937440564,1.8648673599008796
Classical: Threshold + sub-pixel,2.0581112001122595,1.2117066930275164,2.0645955241946443
Classical: Threshold + sub-pixel,2.0289954592068478,1.1734391676988167,2.187424827054524
Classical: Threshold + sub-pixel,2.110679632005503,1.2384122214851372,2.405286809945064
Classical: Threshold + sub-pixel,2.177100870835506,1.3214441828610135,2.333990338161655
Classical: Threshold + sub-pixel,2.046470247757108,1.1654852294756242,2.138389387695218
Classical: Threshold + sub-pixel,2.021029192922994,1.1996611976146334,1.9685542833379395
Classical: Threshold + sub-pixel,2.099992032982768,1.2591183978319367,2.154144850304191
Classical: Threshold + sub-pixel,1.9936252721666494,1.2323849476144308,2.032183171075658
Classical: Threshold + sub-pixel,2.0852400517340968,1.246253005279652,2.2523728247522956
Classical: Threshold + sub-pixel,2.0951351022947726,1.1732214642616006,2.325397863484748
Classical: Threshold + sub-pixel,2.066148302252617,1.165359707211985,1.957251551045767
Classical: Threshold + sub-pixel,2.0904917687170035,1.2130565047573385,2.0687355266422207
Classical: Threshold + sub-pixel,2.038242512719824,1.3446131368761503,2.4420797269352095
Classical: Threshold + sub-pixel,2.062121119513483,1.1929361250933126,1.9758416793331008
Classical: Threshold + sub-pixel,2.1312911472057356,1.327087013965707,2.658795319119374
Classical: Threshold + sub-pixel,2.0558937618679565,1.2917319113695138,2.3156590380687962
Classical: Threshold + sub-pixel,2.0416392938247068,1.2915603021314952,2.381176177771981
Classical: Threshold + sub-pixel,1.8737243903190888,1.0418919559085393,1.5817833017778025
Classical: Threshold + sub-pixel,2.0242884179363485,1.2190890742632186,1.8353218250262966
Classical: Threshold + sub-pixel,2.1431241575586277,1.262877848520584,2.1792477423371923
Classical: Threshold + sub-pixel,2.0480316353281083,1.2174787969199385,2.1097962169773643
Classical: Threshold + sub-pixel,2.090831434804718,1.2352479965682808,1.9957748919042952
Classical: Threshold + sub-pixel,2.017288337267938,1.2414252059425332,2.202267088165121
Classical: Threshold + sub-pixel,2.0226369734880913,1.0847192245818635,1.710391923509607
Classical: Threshold + sub-pixel,2.0150989216864668,1.174208200805344,2.053336116133185
Classical: Threshold + sub-pixel,2.0908657614563064,1.352543456741601,2.266225915891912
Classical: Threshold + sub-pixel,2.0524483297252347,1.2045569079339549,2.257010064912575
Classical: Threshold + sub-pixel,2.06666809825955,1.121053488551345,2.2028301192381683
Classical: Threshold + sub-pixel,2.0546021115546247,1.1922149712209846,2.0371828681906012
Classical: Threshold + sub-pixel,2.0822404546501874,1.3084874312965473,1.925743490773522
Classical: Threshold + sub-pixel,1.9649543122874915,1.2127155338570978,2.3714535691811105
Classical: Threshold + sub-pixel,2.099105087517711,1.1520146511811282,2.1704331680077176
Classical: Threshold + sub-pixel,2.032313975173797,1.1907314612103828,1.829037709058761
Classical: Threshold + sub-pixel,2.1078521745040684,1.2963533137806373,2.420734270946553
Classical: Threshold + sub-pixel,2.127966597415927,1.2335563673269214,2.1018029026092506
Classical: Threshold + sub-pixel,2.0811025064456294,1.2390823194642597,1.9817793842638491
Classical: Threshold + sub-pixel,2.1175610464557453,1.3462360362165886,2.361700931167105
Classical: Threshold + sub-pixel,2.0016279635889043,1.1904344117811005,1.9269028196609077
Classical: Threshold + sub-pixel,2.118170415968541,1.3183755262573462,2.206375146412785
Classical: Threshold + sub-pixel,2.010746942931996,1.2296937941179313,2.340889786328439
Classical: Threshold + sub-pixel,2.0572449444241245,1.314126074251354,2.5183129694609083
Classical: Threshold + sub-pixel,2.0306969019488865,1.1979423945662604,2.1688841461698725
Classical: Threshold + sub-pixel,2.119447368050592,1.3046489223174458,2.6024703129414677
Classical: Threshold + sub-pixel,1.9393198689921896,1.1142949606591719,1.704809652536154
Classical: Threshold + sub-pixel,2.0623818142508945,1.2210527251870475,1.9277377764432782
Classical: Threshold + sub-pixel,2.1617406795747347,1.3301916288635878,2.5359311644268465
Classical: Threshold + sub-pixel,1.9891329560504127,1.1868118943233557,2.1070962097292982
Classical: Threshold + sub-pixel,1.944696759486404,1.1528838600354812,2.1128368502782435
Classical: Threshold + sub-pixel,2.0279261976790535,1.1202349790675563,2.2051884625005695
Classical: Threshold + sub-pixel,1.9920123018364524,1.1879706417135405,2.022624883895164
Classical: Threshold + sub-pixel,2.046463368706486,1.2387153530959165,2.401245582631336
Classical: Threshold + sub-pixel,1.800101221467637,0.9073167379940319,1.1754507587808898
Classical: Threshold + sub-pixel,1.847845105387254,0.9130712571618056,0.40901355461307354
Classical: Threshold + sub-pixel,1.8006418822431347,0.9773072661652736,1.6284839816218821
Classical: Threshold + sub-pixel,1.854055051204161,0.9651766975700564,1.490543772216172
Classical: Threshold + sub-pixel,1.7806190682804517,0.9961019448035865,0.9414796540596582
Classical: Threshold + sub-pixel,1.8119858178558506,0.9463919362863586,1.7205603405709096
Classical: Threshold + sub-pixel,1.782062263555437,0.9704090878122553,1.550348163377099
Classical: Threshold + sub-pixel,1.8779342889538824,0.9694560636985879,1.452121623824111
Classical: Threshold + sub-pixel,1.7781722383793837,0.9716456019368127,1.8277295875455977
Classical: Threshold + sub-pixel,1.874933109023335,0.9916221741041018,0.5641690573211551
Classical: Threshold + sub-pixel,1.8054011798122866,0.9779178576297046,1.1338158936384541
Classical: Threshold + sub-pixel,1.7714451808299454,1.0269610688179385,1.5454794044068323
Classical: Threshold + sub-pixel,1.7196133160999119,0.9572603792106613,1.1820417474017613
Classical: Threshold + sub-pixel,1.8816510565051234,1.0078495546693356,1.591577181692915
Classical: Threshold + sub-pixel,1.8180180845760279,0.9951083886720591,1.688875032475123
Classical: Threshold + sub-pixel,1.821173999746672,1.0126313966897866,1.5864666087025343
Classical: Threshold + sub-pixel,1.8426458834031034,1.0064605412930119,1.5566966189937563
Classical: Threshold + sub-pixel,1.8417014507413736,1.0483022560895625,1.3978536441348224
Classical: Threshold + sub-pixel,1.7692372529599367,0.9714108852954824,1.4536466313577625
Classical: Threshold + sub-pixel,1.9225690271128717,1.097794713885059,1.2231988419648254
Classical: Threshold + sub-pixel,1.7515213679872241,0.984740227136639,0.5827712278322581
Classical: Threshold + sub-pixel,1.8645944781633956,0.9445555496891993,0.5480385164084436
Classical: Threshold + sub-pixel,1.8713036457267447,0.99679002764744,1.5329525516027918
Classical: Threshold + sub-pixel,1.7709533773852602,1.0041248974614378,1.410253723976965
Classical: Threshold + sub-pixel,1.8314424927001651,0.9744390745992707,1.2833115673579263
Classical: Threshold + sub-pixel,1.7892598326318834,0.9608416108617436,1.1248802946916676
Classical: Threshold + sub-pixel,1.8903504113447165,1.019106892119215,1.5103602806949317
Classical: Threshold + sub-pixel,1.8196119333011236,1.0285120321320078,1.6363704977870666
Classical: Threshold + sub-pixel,1.7543360917379167,0.9882223313926017,0.9509911322659823
Classical: Threshold + sub-pixel,1.9311435227949199,1.0737085720618758,1.220728712627487
Classical: Threshold + sub-pixel,1.793388381406527,1.01741623731726,1.580137633660546
Classical: Threshold + sub-pixel,1.7681507468541489,1.0009804097513257,1.7529760843467819
Classical: Threshold + sub-pixel,1.7569621798794146,0.9649369873219766,0.9472618271441147
Classical: Threshold + sub-pixel,1.7459860135726735,0.9312935964802911,0.7183506297171145
Classical: Threshold + sub-pixel,1.85777095109974,0.9705952943987306,1.1287317118313909
Classical: Threshold + sub-pixel,1.7822906331276718,0.9431551146333661,1.5894705184073294
Classical: Threshold + sub-pixel,1.7674144943267251,0.9499202681191263,0.9752664911349629
Classical: Threshold + sub-pixel,1.7673172141709286,1.0597319558164606,1.2102271001296234
Classical: Threshold + sub-pixel,1.7719716662587977,0.9260717619236025,0.9988821603344253
Classical: Threshold + sub-pixel,1.815711268319866,1.0285443889300403,1.7333993370929233
Classical: Threshold + sub-pixel,1.8112427156726243,0.9075108583394381,0.7566118435561031
Classical: Threshold + sub-pixel,1.80898257477251,0.8943942135148888,0.9935903090304028
Classical: Threshold + sub-pixel,1.7347304793980673,0.9125853076393271,1.2896247310343911
Classical: Threshold + sub-pixel,1.7524163374188095,0.920320163667024,1.0992114986200878
Classical: Threshold + sub-pixel,1.8179776608788618,0.999017209655407,0.6143047471729908
Classical: Threshold + sub-pixel,1.8958035934137285,0.9945031521451385,1.819553243471777
Classical: Threshold + sub-pixel,1.8258415363050076,1.0904124739770735,1.4837809088858096
Classical: Threshold + sub-pixel,1.7731584397608038,1.040120079956664,1.876738688483956
Classical: Threshold + sub-pixel,1.7996348658792787,0.89427551831804,1.4811002910779654
Classical: Threshold + sub-pixel,1.9129934746162103,0.993420921582083,1.6266431717438676
Classical: Threshold + sub-pixel,1.737957078222472,0.9291891494159132,1.3374154320576723
Classical: Threshold + sub-pixel,1.735936612017818,0.8974221391761681,0.6787723081564203
Classical: Threshold + sub-pixel,1.770213401668888,0.9527123017122727,1.3724158394354955
Classical: Threshold + sub-pixel,1.8102143771798043,0.8952465998771972,0.8045281527161574
Classical: Threshold + sub-pixel,1.754801751955265,1.0546720307878203,1.4257719365853125
Classical: Threshold + sub-pixel,1.798855479930415,0.8760409627802517,1.8061551291945013
Classical: Threshold + sub-pixel,1.7836186161495622,0.9224205570012391,1.2869705257433193
Classical: Threshold + sub-pixel,1.882740834873739,1.007528942797265,0.8465291151191603
Classical: Threshold + sub-pixel,1.8419071846238892,0.9311793332989624,1.1418280019577716
Classical: Threshold + sub-pixel,1.7567408341926631,1.0025656646198646,1.4543129435872841
Classical: Threshold + sub-pixel,1.75024867302626,0.9307602485308585,0.4930358968677959
Classical: Threshold + sub-pixel,1.9565778841729387,1.1624353100660245,1.0410972787461232
Classical: Threshold + sub-pixel,1.7353280514825569,0.8901624457616998,0.913722581734373
Classical: Threshold + sub-pixel,1.7933840827901066,1.09552353908442,0.96294576801114
Classical: Threshold + sub-pixel,1.871900924393465,1.03309217257568,1.343014361507993
Classical: Threshold + sub-pixel,1.7989887811423493,1.0525706773409373,1.165895004849001
Classical: Threshold + sub-pixel,1.6887972959512598,0.9105868401638341,0.6825033886629273
Classical: Threshold + sub-pixel,1.725446312058887,0.8708220928749816,1.11874575896432
Classical: Threshold + sub-pixel,1.9007934777180928,1.0918658218299018,0.28988556067913773
Classical: Threshold + sub-pixel,1.8004308674997467,0.8925114840299768,0.895033098387763
Classical: Threshold + sub-pixel,1.7984469176637548,0.9230371525383496,1.263372913808459
Classical: Threshold + sub-pixel,1.7984569605225782,0.9657515035685389,0.9860083677016513
Classical: Threshold + sub-pixel,1.825939553903822,0.9986417384300607,1.0097355914028485
Classical: Threshold + sub-pixel,1.8189593265421875,0.9915060063018143,0.7747798814537399
Classical: Threshold + sub-pixel,1.90781633102827,1.0601699625686125,1.1297238209189717
Classical: Threshold + sub-pixel,1.9441680063581392,1.0361474066169065,0.446600952491202
Classical: Threshold + sub-pixel,1.949937312995031,1.1064134433480344,0.8907081782326678
Classical: Threshold + sub-pixel,1.7767088783042992,1.091624606058339,0.7646702293766601
Classical: Threshold + sub-pixel,1.8237920080713081,0.9744620022688619,0.8930374194712534
Classical: Threshold + sub-pixel,1.856409554985282,1.0870964359558517,0.7745445122758197
Classical: Threshold + sub-pixel,1.669029265519382,0.7911103384973556,0.5467302541656793
Classical: Threshold + sub-pixel,1.8252296277202573,0.9965859819197131,1.2467777488047735
Classical: Threshold + sub-pixel,1.783483897000647,0.9683428533980716,0.7214496266506054
Classical: Threshold + sub-pixel,1.8107328277875778,0.9903452068819445,1.064958029093193
Classical: Threshold + sub-pixel,1.8608555564379037,1.1555575069268818,0.9918820102127035
Classical: Threshold + sub-pixel,1.8666121256221078,0.9605166774938408,0.6497392794418744
Classical: Threshold + sub-pixel,1.813204892397507,0.9833083181822765,0.9540483690512107
Classical: Threshold + sub-pixel,1.7568573104296747,0.8913491344228694,1.2260616808664149
Classical: Threshold + sub-pixel,1.673393098132961,0.8115403601279854,1.0191414093611586
Classical: Threshold + sub-pixel,1.930208319526045,1.07710289156877,1.234896854710581
Classical: Threshold + sub-pixel,1.8016787299050023,0.9895934628407889,1.1397484492766932
Classical: Threshold + sub-pixel,1.9233486196935419,1.1349739700124717,0.15959152910662455
Classical: Threshold + sub-pixel,1.7718822819278546,0.8691017807103797,0.4327689484774586
Classical: Threshold + sub-pixel,1.7714021181619444,1.1305170415082568,1.160358201176647
Classical: Threshold + sub-pixel,1.9539207421304394,1.0776320759403026,1.2931407919436668
Classical: Threshold + sub-pixel,1.6196810300698583,0.892626696798099,0.9320236360542493
Classical: Threshold + sub-pixel,1.7525395525554293,0.9030643649190332,1.1814767110921527
Classical: Threshold + sub-pixel,1.6771139786302591,0.8582351331951885,1.1605478138699117
Classical: Threshold + sub-pixel,1.7947985343986503,0.9999077710977082,0.42389664731305876
Classical: Threshold + sub-pixel,1.8036672120967454,0.9587317764280814,1.11483420675444
Classical: Threshold + sub-pixel,1.7979712347989776,1.033025409551259,1.0829712491190153
Classical: Threshold + sub-pixel,1.8083556054031142,0.9668000834624543,0.739595945116148
Classical: Threshold + sub-pixel,1.9407035884928643,1.052333664611712,0.6198800223167114
Classical: Threshold + sub-pixel,1.752192660259361,0.9390062222239767,1.0918585555568852
Classical: Threshold + sub-pixel,1.836440776138333,1.090178010429935,0.6339717648535026
Classical: Threshold + sub-pixel,1.8036329210883437,0.941063847042223,0.3192729290495495
Classical: Threshold + sub-pixel,1.8647366549072237,1.034400468273956,0.7801278304292052
Classical: Threshold + sub-pixel,1.930922093707465,1.0959040872733758,0.9943179607176473
Classical: Threshold + sub-pixel,1.8035859175478666,0.9877326303878602,0.1331936325411296
Classical: Threshold + sub-pixel,1.9220857510843077,0.9421143002508616,0.6087967605336799
Classical: Threshold + sub-pixel,1.8694558389903557,1.0793834672600549,0.7056798163284714
Classical: Threshold + sub-pixel,1.854635417869475,0.9728965895735018,0.5379399002448086
Classical: Threshold + sub-pixel,1.805760999822184,0.9865216204305491,0.36914595205816925
Classical: Threshold + sub-pixel,1.841709686536209,1.082262749129494,0.9853198214400347
Classical: Threshold + sub-pixel,1.8729548057063585,1.1330399911402798,0.05085551802739685
Classical: Threshold + sub-pixel,1.8314691137520747,1.0112450291357007,0.9190767871521643
Classical: Threshold + sub-pixel,1.8015375486478105,1.0162258046927601,0.9724557023450107
Classical: Threshold + sub-pixel,1.8507427673013184,1.0639618654239775,0.8737544337498653
Classical: Threshold + sub-pixel,1.7652535984274937,0.8804678646284052,0.9217801502095373
Classical: Threshold + sub-pixel,1.7869845338727646,0.9173588747009399,0.46484700211418284
Classical: Threshold + sub-pixel,1.9280382720363025,1.0685406850538852,0.29065226951027867
Classical: Threshold + sub-pixel,1.7540129959359652,0.8877756916910042,0.28117722873313467
Classical: Threshold + sub-pixel,1.8392754054375713,0.9210900339677514,0.49721083061826477
Classical: Threshold + sub-pixel,1.8471766160177123,0.9094791705572922,0.08894041605452552
Classical: Threshold + sub-pixel,1.8334987031294618,1.065800731670176,0.02803645521305853
Classical: Threshold + sub-pixel,1.698842420914795,0.900935217880416,0.6769109190988987
Classical: Threshold + sub-pixel,1.7973445280480238,1.0274938883004106,0.26812413623751397
Classical: Threshold + sub-pixel,1.6798684293104238,0.910170289378375,0.09668520037808381
Classical: Threshold + sub-pixel,1.7333999206937345,0.951869481257561,0.6886975882150805
Classical: Threshold + sub-pixel,1.7910106971866182,0.9329205933288799,0.6754833096785324
Classical: Threshold + sub-pixel,1.9232607587846853,1.0876252719371422,0.07602920683607017
Classical: Threshold + sub-pixel,1.8619031958734256,0.953358249247634,0.25631337932636633
Classical: Threshold + sub-pixel,1.7421281670044313,0.892101171575298,0.16572043773207934
Classical: Threshold + sub-pixel,1.7063770705672412,0.9617473805305744,0.16356328379206442
Classical: Threshold + sub-pixel,1.9326964144905343,1.0660158105065047,0.22562447216279624
Classical: Threshold + sub-pixel,1.8886511692479466,1.0599734733393489,0.5126479629083143
Classical: Threshold + sub-pixel,1.980994513202426,1.1156262364760652,0.5341496728443977
Classical: Threshold + sub-pixel,1.7866429170656117,1.0448901097631977,0.4187408872613445
Classical: Threshold + sub-pixel,1.7565823621492547,0.8718056805521294,0.009749382827853648
Classical: Threshold + sub-pixel,1.8183308778551186,1.0388666038262866,0.3912366996803973
Classical: Threshold + sub-pixel,1.7301245446472662,0.916031733453138,0.011319234294439262
Classical: Threshold + sub-pixel,1.7663611181605345,0.884599728548353,0.3762288165919512
Classical: Threshold + sub-pixel,1.8178402316878484,0.9392507313283055,0.20784909738020696
Classical: Threshold + sub-pixel,1.7061749336176464,0.8057546447941274,0.48200917165901247
Classical: Threshold + sub-pixel,1.735883918257057,0.8569990090376205,0.5306536062166094
Classical: Threshold + sub-pixel,1.7266658006199416,0.8297483884220237,0.621334165847121
Classical: Threshold + sub-pixel,1.9180057222948292,1.0426557907964944,0.16090365641382043
Classical: Threshold + sub-pixel,1.7906705615494816,0.9877140997515075,0.15807527827467238
Classical: Threshold + sub-pixel,1.843231315815823,1.0283138019520304,0.4516606715020517
Classical: Threshold + sub-pixel,1.7924178101959969,1.0356501794247375,0.3627593162850187
Classical: Threshold + sub-pixel,1.8635552047927475,1.0589511937348188,0.010142714916300477
Classical: Threshold + sub-pixel,1.750746141104936,0.9315549370956089,0.7938323500813014
Classical: Threshold + sub-pixel,1.8374835642276972,1.016076978911327,0.0704358094593922
Classical: Threshold + sub-pixel,1.8505279240694432,1.0150309493597107,0.05005616458340212
Classical: Threshold + sub-pixel,1.9744332293880344,1.1308704846833133,0.1741233750557254
Classical: Threshold + sub-pixel,1.6797598371401912,0.906369530407713,0.13145164012196675
Classical: Threshold + sub-pixel,1.9034029305520392,1.0844538281412293,0.13902174612817086
Classical: Threshold + sub-pixel,1.7966193847354295,0.855220060067901,0.2488230386911976
Classical: Threshold + sub-pixel,1.89841725791115,0.989893931059965,0.42341658110899205
Classical: Threshold + sub-pixel,1.7695818170939355,0.9716846841127522,0.10360512022336499
Classical: Threshold + sub-pixel,1.9221826836833353,1.10763729629301,0.04954095495574551
Classical: Threshold + sub-pixel,1.7701063922485027,0.880208135416295,0.35854895193907677
Classical: Threshold + sub-pixel,1.806150159300921,0.944325518721927,0.09298145512894251
Classical: Threshold + sub-pixel,1.9238572820620896,1.1262402341486097,0.25862216904593005
Classical: Threshold + sub-pixel,1.756061331150761,0.9942518027953281,0.38387926915418014
Classical: Threshold + sub-pixel,1.818918567533862,0.9192974581429383,0.7123213784499587
Classical: Threshold + sub-pixel,1.7928441479215507,0.9219880396695941,0.25272059770471733
Classical: Threshold + sub-pixel,1.7506973390292124,0.8966243270588795,0.5717511522230287
Classical: Threshold + sub-pixel,1.7657976420155208,0.958880893636004,0.5313888765322576
Classical: Threshold + sub-pixel,1.9892271158790475,1.115619118475986,0.028157207159703823
Classical: Threshold + sub-pixel,1.7558972040824474,0.9144972116061529,0.5417577392795083
Classical: Threshold + sub-pixel,1.88554330500099,1.055751641941841,0.21471610182790668
Classical: Threshold + sub-pixel,1.7016510409931,0.8865688593250654,0.30909711817120655
Classical: Threshold + sub-pixel,1.7879217925348903,0.9663699728028897,0.3579807732027116
Classical: Threshold + sub-pixel,1.8530660564146042,0.992518264085311,0.3779310810965817
Classical: Threshold + sub-pixel,1.8892752982089953,0.966467843810981,0.3176432083647214
Classical: Threshold + sub-pixel,1.8634171773246582,1.080831346176039,0.011762391603171274
Classical: Threshold + sub-pixel,1.843750386846175,0.9206383274286121,0.5578610276014246
Classical: Threshold + sub-pixel,1.8404253892449756,0.8479834007661783,0.0948912535992048
Classical: Threshold + sub-pixel,1.8634049945760467,0.9876693394144199,0.04932186760806312
Classical: Threshold + sub-pixel,1.7609684572680309,0.9554571020855271,1.9539224744583232
Classical: Threshold + sub-pixel,1.8997178437340567,1.1223138602214406,2.2327081848026373
Classical: Threshold + sub-pixel,1.811735773213968,1.0192994047961017,1.7774448937198764
Classical: Threshold + sub-pixel,1.5637569018381745,0.7391865003470194,1.2337584825853498
Classical: Threshold + sub-pixel,1.7177573723890789,0.9039338213717757,1.6035776357358005
Classical: Threshold + sub-pixel,1.7205489725991554,0.8694028503339152,1.4878953673547795
Classical: Threshold + sub-pixel,1.7798300502026996,0.9985727652678356,1.8729675237229917
Classical: Threshold + sub-pixel,1.7973118794976914,0.9609045596467979,1.5264025471703628
Classical: Threshold + sub-pixel,2.018644848699852,1.1378869531916638,2.2735119864945235
Classical: Threshold + sub-pixel,1.7946871063981509,0.9224197330628987,1.302864004895329
Classical: Threshold + sub-pixel,1.8524896425133548,1.0451491815277323,2.3045368541886697
Classical: Threshold + sub-pixel,1.7160557489987416,0.8633878461359462,1.8492790526964091
Classical: Threshold + sub-pixel,1.6681384452308137,0.886615259852997,1.1648141363588569
Classical: Threshold + sub-pixel,1.7358881293612227,0.8917224867522932,1.6949615452815725
Classical: Threshold + sub-pixel,1.796881673703461,0.9881553313845296,1.2484474045524139
Classical: Threshold + sub-pixel,1.7042262256578815,0.8751387078717097,1.82972425306926
Classical: Threshold + sub-pixel,1.8855068560806472,1.043119162218331,1.8683090364783026
Classical: Threshold + sub-pixel,1.8404251341634996,0.9550306800043841,1.4443634836872201
Classical: Threshold + sub-pixel,1.7604363554292428,0.9399288718546512,1.5188028519049452
Classical: Threshold + sub-pixel,1.8357781590036826,0.9098074675975438,1.6767671820534638
Classical: Threshold + sub-pixel,1.7719422142864574,0.9421266505863427,1.5826344731438922
Classical: Threshold + sub-pixel,1.7271638610106579,0.8606197222695438,1.3146504874966163
Classical: Threshold + sub-pixel,1.7568703012840068,0.9448070755284728,1.6678544439575842
Classical: Threshold + sub-pixel,1.931718674556256,1.0630571128960156,1.5651677136325546
Classical: Threshold + sub-pixel,1.8187832012612493,1.0172863392230536,1.8561904869276478
Classical: Threshold + sub-pixel,1.8844592635443698,1.074930741333602,2.2963079361734273
Classical: Threshold + sub-pixel,1.680008233752813,0.8075616266354277,1.398995376100078
Classical: Threshold + sub-pixel,1.6423301797355425,0.8054476459878984,1.2324095528334351
Classical: Threshold + sub-pixel,1.7703226018253342,0.9293784076280098,1.4067595881805541
Classical: Threshold + sub-pixel,1.7205917929679475,0.824399012019966,1.9015666399792006
Classical: Threshold + sub-pixel,1.692362447917288,0.8736923273485245,0.9437659656605635
Classical: Threshold + sub-pixel,1.874854669941635,1.0122569893574607,2.031225998305786
Classical: Threshold + sub-pixel,1.727851515431344,0.8914809844115932,1.6185009401137602
Classical: Threshold + sub-pixel,1.8499965004649004,1.0361179534147258,1.708562848335189
Classical: Threshold + sub-pixel,1.7239259223967904,0.8062120143254956,1.3473477902850028
Classical: Threshold + sub-pixel,1.6860372544538054,0.8830767782951227,1.3907153688983431
Classical: Threshold + sub-pixel,1.6483229338363283,0.8196312277484998,1.4431011011526556
Classical: Threshold + sub-pixel,1.7092201888319418,0.839220411706401,1.4853874642554072
Classical: Threshold + sub-pixel,1.7935915130882973,0.9720204087192842,2.042741422967792
Classical: Threshold + sub-pixel,1.7679669101124584,0.9971078770649173,1.1864245152264004
Classical: Threshold + sub-pixel,1.8251715486292768,0.9851544181049455,2.1302742069441183
Classical: Threshold + sub-pixel,1.9386737589330392,1.0098026857960685,2.0398429243503755
Classical: Threshold + sub-pixel,1.676348860824631,0.8980498141059001,1.962273302909351
Classical: Threshold + sub-pixel,1.6944776254751666,0.8921903911207569,1.226478674134821
Classical: Threshold + sub-pixel,1.7620614619480777,0.880725024752072,1.288148043207714
Classical: Threshold + sub-pixel,1.8505911739654881,0.9715354028140841,1.9831805023907783
Classical: Threshold + sub-pixel,1.8634604595501938,1.0707255158997007,1.7961919065560608
Classical: Threshold + sub-pixel,1.8426561566884672,1.0501051865082598,1.9817681573648263
Classical: Threshold + sub-pixel,1.7059595060973116,0.8847421337767345,1.5612382049468567
Classical: Threshold + sub-pixel,1.7216306337225453,0.9066670261023467,1.4837887108933243
Classical: Threshold + sub-pixel,1.87304650825824,1.0952176067680395,2.0700192640720916
Classical: Threshold + sub-pixel,1.788714147966526,0.8756353798903519,1.166017559915736
Classical: Threshold + sub-pixel,1.836778114266935,0.9636442731776029,1.3624980777445672
Classical: Threshold + sub-pixel,1.7694147737124497,0.9283778287686959,1.574460305278536
Classical: Threshold + sub-pixel,1.721510642634343,0.9259593116869762,1.7301127423482017
Classical: Threshold + sub-pixel,1.749229300976099,0.927513240288161,1.6831147407435942
Classical: Threshold + sub-pixel,1.5898584445824575,0.7587223978852842,0.915428618398515
Classical: Threshold + sub-pixel,1.8039798739699036,0.9535957038108208,1.6363442633427177
Classical: Threshold + sub-pixel,1.7776039350623845,0.9603967426632656,1.6696638325664201
Classical: Threshold + sub-pixel,1.752888943094605,0.9631736276148893,1.8822937279607879
"Learned (U-Net), Seg-only",0.8185428082942963,0.42141401767730713,0.5950007438659668
"Learned (U-Net), Seg-only",0.8194426000118256,0.38733798265457153,0.595510721206665
"Learned (U-Net), Seg-only",0.8093318045139313,0.36963391304016113,0.37741219997406006
"Learned (U-Net), Seg-only",0.8224630355834961,0.4296398162841797,0.7601022720336914
"Learned (U-Net), Seg-only",0.8172381818294525,0.39716285467147827,0.477907657623291
"Learned (U-Net), Seg-only",0.838935524225235,0.46436333656311035,0.6789884567260742
"Learned (U-Net), Seg-only",0.8233471214771271,0.3731081485748291,0.48460865020751953
"Learned (U-Net), Seg-only",0.8263629376888275,0.4268088936805725,0.6807606220245361
"Learned (U-Net), Seg-only",0.8544618189334869,0.4467043876647949,0.6268035173416138
"Learned (U-Net), Seg-only",0.8418680429458618,0.49048060178756714,0.7382125854492188
"Learned (U-Net), Seg-only",0.785400778055191,0.41712474822998047,0.5635799169540405
"Learned (U-Net), Seg-only",0.809853732585907,0.4043307304382324,0.538504958152771
"Learned (U-Net), Seg-only",0.8514837324619293,0.45959049463272095,0.6240516901016235
"Learned (U-Net), Seg-only",0.8267407119274139,0.46012556552886963,0.6728701591491699
"Learned (U-Net), Seg-only",0.8302574753761292,0.4136355519294739,0.45499229431152344
"Learned (U-Net), Seg-only",0.8691437542438507,0.383992075920105,0.31675970554351807
"Learned (U-Net), Seg-only",0.8030363917350769,0.41113072633743286,0.5940146446228027
"Learned (U-Net), Seg-only",0.821060061454773,0.4471820592880249,0.5884870290756226
"Learned (U-Net), Seg-only",0.8403767049312592,0.430306613445282,0.41625165939331055
"Learned (U-Net), Seg-only",0.8190228939056396,0.4689505100250244,0.5820657014846802
"Learned (U-Net), Seg-only",0.8270799517631531,0.416853666305542,0.3953803777694702
"Learned (U-Net), Seg-only",0.8353719115257263,0.3732375502586365,0.44246411323547363
"Learned (U-Net), Seg-only",0.8170535862445831,0.4304019808769226,0.3935372829437256
"Learned (U-Net), Seg-only",0.8207955658435822,0.36169710755348206,0.3038126230239868
"Learned (U-Net), Seg-only",0.8132593929767609,0.42069751024246216,0.3515695333480835
"Learned (U-Net), Seg-only",0.8550457656383514,0.42519277334213257,0.4925880432128906
"Learned (U-Net), Seg-only",0.8126942813396454,0.4871698021888733,0.4501163959503174
"Learned (U-Net), Seg-only",0.7930204272270203,0.3337310552597046,0.4728584289550781
"Learned (U-Net), Seg-only",0.8342638909816742,0.42653799057006836,0.4270505905151367
"Learned (U-Net), Seg-only",0.848624587059021,0.44373419880867004,0.5875488519668579
"Learned (U-Net), Seg-only",0.8134943842887878,0.40064817667007446,0.26780402660369873
"Learned (U-Net), Seg-only",0.7941133677959442,0.4257505238056183,0.30877482891082764
"Learned (U-Net), Seg-only",0.8384076952934265,0.486939400434494,0.3794025182723999
"Learned (U-Net), Seg-only",0.8297308385372162,0.477646142244339,0.26680660247802734
"Learned (U-Net), Seg-only",0.8144696056842804,0.3064422011375427,0.3007611036300659
"Learned (U-Net), Seg-only",0.8606111705303192,0.5146759450435638,0.25491178035736084
"Learned (U-Net), Seg-only",0.7914790511131287,0.3882468342781067,0.22072672843933105
"Learned (U-Net), Seg-only",0.8640228807926178,0.45069003105163574,0.1931248903274536
"Learned (U-Net), Seg-only",0.8551707863807678,0.48032355308532715,0.2589571475982666
"Learned (U-Net), Seg-only",0.84192955493927,0.3770713806152344,0.26203203201293945
"Learned (U-Net), Seg-only",0.8277747929096222,0.3373766541481018,0.3632715940475464
"Learned (U-Net), Seg-only",0.8296579122543335,0.43627050518989563,0.32685911655426025
"Learned (U-Net), Seg-only",0.8634910583496094,0.3510196805000305,0.3599424362182617
"Learned (U-Net), Seg-only",0.833276242017746,0.4739934802055359,0.3511165976524353
"Learned (U-Net), Seg-only",0.8526584804058075,0.4279506802558899,0.4161485433578491
"Learned (U-Net), Seg-only",0.8616669774055481,0.48359155654907227,0.7553209066390991
"Learned (U-Net), Seg-only",0.8161437213420868,0.4498262107372284,0.7011162042617798
"Learned (U-Net), Seg-only",0.862689882516861,0.4093393087387085,0.7009521722793579
"Learned (U-Net), Seg-only",0.8206735849380493,0.441598504781723,0.8552156686782837
"Learned (U-Net), Seg-only",0.8495285212993622,0.4593428373336792,0.7840954065322876
"Learned (U-Net), Seg-only",0.807804524898529,0.45925599336624146,0.8061882257461548
"Learned (U-Net), Seg-only",0.824682205915451,0.4200950860977173,0.7107044458389282
"Learned (U-Net), Seg-only",0.8184484839439392,0.3998400568962097,0.5913097858428955
"Learned (U-Net), Seg-only",0.8793255984783173,0.42418915033340454,0.6782374382019043
"Learned (U-Net), Seg-only",0.8124395310878754,0.3395195007324219,0.5398173332214355
"Learned (U-Net), Seg-only",0.8380492329597473,0.4345223903656006,0.7358787059783936
"Learned (U-Net), Seg-only",0.8458165526390076,0.4250712990760803,0.7292324304580688
"Learned (U-Net), Seg-only",0.8004568815231323,0.4388562738895416,0.7313586473464966
"Learned (U-Net), Seg-only",0.8362847864627838,0.42291486263275146,0.6712085008621216
"Learned (U-Net), Seg-only",0.7983977794647217,0.34442442655563354,0.4731091260910034
"Learned (U-Net), Seg-only",0.6286132633686066,0.15729045867919922,0.1285538673400879
"Learned (U-Net), Seg-only",0.5936336517333984,0.1412041187286377,0.26818084716796875
"Learned (U-Net), Seg-only",0.6106913685798645,0.23866814374923706,0.39321351051330566
"Learned (U-Net), Seg-only",0.6029165387153625,0.22614336013793945,0.4664829969406128
"Learned (U-Net), Seg-only",0.6136842668056488,0.1920948028564453,0.29527735710144043
"Learned (U-Net), Seg-only",0.6260513067245483,0.17650920152664185,0.25058937072753906
"Learned (U-Net), Seg-only",0.6585296094417572,0.2889654040336609,0.3280280828475952
"Learned (U-Net), Seg-only",0.6224160194396973,0.18268781900405884,0.23637747764587402
"Learned (U-Net), Seg-only",0.6122185289859772,0.19627630710601807,0.26524877548217773
"Learned (U-Net), Seg-only",0.6136840581893921,0.21503043174743652,0.313327431678772
"Learned (U-Net), Seg-only",0.605775386095047,0.21085017919540405,0.3377196788787842
"Learned (U-Net), Seg-only",0.6256417632102966,0.21643084287643433,0.3780120611190796
"Learned (U-Net), Seg-only",0.6241952776908875,0.17796021699905396,0.32153260707855225
"Learned (U-Net), Seg-only",0.6458867490291595,0.27589476108551025,0.39345526695251465
"Learned (U-Net), Seg-only",0.5834112763404846,0.18767064809799194,0.32712459564208984
"Learned (U-Net), Seg-only",0.609538197517395,0.15845561027526855,0.19901716709136963
"Learned (U-Net), Seg-only",0.628076046705246,0.14096403121948242,0.0960848331451416
"Learned (U-Net), Seg-only",0.6384722888469696,0.2101597785949707,0.31407785415649414
"Learned (U-Net), Seg-only",0.6216809749603271,0.18967390060424805,0.1667943000793457
"Learned (U-Net), Seg-only",0.5940582156181335,0.19117653369903564,0.18304204940795898
"Learned (U-Net), Seg-only",0.6238319575786591,0.23761087656021118,0.21511828899383545
"Learned (U-Net), Seg-only",0.6400656402111053,0.19819575548171997,0.22195446491241455
"Learned (U-Net), Seg-only",0.5969760119915009,0.26761749386787415,0.3054107427597046
"Learned (U-Net), Seg-only",0.5763329565525055,0.11881476640701294,0.12010383605957031
"Learned (U-Net), Seg-only",0.6876680850982666,0.238273024559021,0.20897626876831055
"Learned (U-Net), Seg-only",0.5997225344181061,0.20791959762573242,0.15810048580169678
"Learned (U-Net), Seg-only",0.6356644332408905,0.23433208465576172,0.1263284683227539
"Learned (U-Net), Seg-only",0.6624369323253632,0.2831363081932068,0.280383825302124
"Learned (U-Net), Seg-only",0.631743997335434,0.2766045331954956,0.23537003993988037
"Learned (U-Net), Seg-only",0.5993266701698303,0.19351345300674438,0.13239312171936035
"Learned (U-Net), Seg-only",0.5673097968101501,0.18184256553649902,0.046239256858825684
"Learned (U-Net), Seg-only",0.6506707072257996,0.18602657318115234,0.1763923168182373
"Learned (U-Net), Seg-only",0.62087282538414,0.180372416973114,0.02182137966156006
"Learned (U-Net), Seg-only",0.6300126314163208,0.16688215732574463,0.14172792434692383
"Learned (U-Net), Seg-only",0.6207039058208466,0.21023184061050415,0.06455016136169434
"Learned (U-Net), Seg-only",0.5905971825122833,0.22049015760421753,0.15419912338256836
"Learned (U-Net), Seg-only",0.6167745292186737,0.21816092729568481,0.032704949378967285
"Learned (U-Net), Seg-only",0.607033908367157,0.22176694869995117,0.19057708978652954
"Learned (U-Net), Seg-only",0.6448630690574646,0.23485571146011353,0.1538846492767334
"Learned (U-Net), Seg-only",0.6578076183795929,0.20285838842391968,0.049439430236816406
"Learned (U-Net), Seg-only",0.6385252475738525,0.2322353720664978,0.05093550682067871
"Learned (U-Net), Seg-only",0.6083455085754395,0.20081430673599243,0.12114119529724121
"Learned (U-Net), Seg-only",0.5986498296260834,0.24933725595474243,0.04730546474456787
"Learned (U-Net), Seg-only",0.6397736370563507,0.1721935272216797,0.20224380493164062
"Learned (U-Net), Seg-only",0.6051012277603149,0.19401037693023682,0.10929298400878906
"Learned (U-Net), Seg-only",0.5963346064090729,0.22480064630508423,0.33463048934936523
"Learned (U-Net), Seg-only",0.6042942702770233,0.23995786905288696,0.4035658836364746
"Learned (U-Net), Seg-only",0.637174129486084,0.27460455894470215,0.5877068042755127
"Learned (U-Net), Seg-only",0.6178231239318848,0.21278530359268188,0.2986375093460083
"Learned (U-Net), Seg-only",0.6475225985050201,0.2340109944343567,0.3867514133453369
"Learned (U-Net), Seg-only",0.5959416627883911,0.18148201704025269,0.2401268482208252
"Learned (U-Net), Seg-only",0.6109013557434082,0.19029903411865234,0.380204439163208
"Learned (U-Net), Seg-only",0.6257353723049164,0.2236230969429016,0.3407094478607178
"Learned (U-Net), Seg-only",0.5646562874317169,0.1757127046585083,0.32994556427001953
"Learned (U-Net), Seg-only",0.6274253129959106,0.17618370056152344,0.33916544914245605
"Learned (U-Net), Seg-only",0.6091924607753754,0.23311841487884521,0.4252603054046631
"Learned (U-Net), Seg-only",0.6402470469474792,0.2360880970954895,0.42341578006744385
"Learned (U-Net), Seg-only",0.6423156261444092,0.23318356275558472,0.36570239067077637
"Learned (U-Net), Seg-only",0.6268141865730286,0.2161847949028015,0.3483238220214844
"Learned (U-Net), Seg-only",0.6365364491939545,0.25171029567718506,0.41996002197265625
"Learned (U-Net), Seg-only",0.7030322849750519,0.2676240801811218,0.4781773090362549
"Learned (U-Net), Seg-only",0.6484927237033844,0.22011661529541016,0.2785162925720215
"Learned (U-Net), Seg-only",0.6958087980747223,0.27614206075668335,0.4344363212585449
"Learned (U-Net), Seg-only",0.6909349858760834,0.2580602765083313,0.3138059377670288
"Learned (U-Net), Seg-only",0.677781879901886,0.2338618040084839,0.3541605472564697
"Learned (U-Net), Seg-only",0.6814562380313873,0.20477014780044556,0.2795867919921875
"Learned (U-Net), Seg-only",0.6724425554275513,0.2482340931892395,0.4183088541030884
"Learned (U-Net), Seg-only",0.7242661714553833,0.2606204152107239,0.3323022127151489
"Learned (U-Net), Seg-only",0.6571983695030212,0.2210315465927124,0.2815711498260498
"Learned (U-Net), Seg-only",0.651248425245285,0.2736702561378479,0.4063608646392822
"Learned (U-Net), Seg-only",0.6779219210147858,0.27808207273483276,0.41243600845336914
"Learned (U-Net), Seg-only",0.6609804034233093,0.19610220193862915,0.262447714805603
"Learned (U-Net), Seg-only",0.6867286264896393,0.290340781211853,0.34531211853027344
"Learned (U-Net), Seg-only",0.6704763174057007,0.19083762168884277,0.15792393684387207
"Learned (U-Net), Seg-only",0.6944034993648529,0.24484330415725708,0.3811722993850708
"Learned (U-Net), Seg-only",0.6766610145568848,0.2564725875854492,0.12013566493988037
"Learned (U-Net), Seg-only",0.7031154036521912,0.2360771894454956,0.1945890188217163
"Learned (U-Net), Seg-only",0.6806783080101013,0.2537969946861267,0.33934688568115234
"Learned (U-Net), Seg-only",0.6626055836677551,0.23702538013458252,0.2605172395706177
"Learned (U-Net), Seg-only",0.6741272807121277,0.3159172832965851,0.22074174880981445
"Learned (U-Net), Seg-only",0.67105633020401,0.2149193286895752,0.27613353729248047
"Learned (U-Net), Seg-only",0.7226551175117493,0.26444345712661743,0.25253725051879883
"Learned (U-Net), Seg-only",0.6545918881893158,0.24898022413253784,0.21648645401000977
"Learned (U-Net), Seg-only",0.7172630131244659,0.27755677700042725,0.2758653163909912
"Learned (U-Net), Seg-only",0.686616450548172,0.19026261568069458,0.04601120948791504
"Learned (U-Net), Seg-only",0.6784719228744507,0.21500086784362793,0.3386129140853882
"Learned (U-Net), Seg-only",0.6807446479797363,0.28913477063179016,0.3983973264694214
"Learned (U-Net), Seg-only",0.6912292540073395,0.19166022539138794,0.11463379859924316
"Learned (U-Net), Seg-only",0.6563635170459747,0.24540448188781738,0.22151541709899902
"Learned (U-Net), Seg-only",0.6890218257904053,0.2225278615951538,0.20285189151763916
"Learned (U-Net), Seg-only",0.699518620967865,0.20659083127975464,0.153428316116333
"Learned (U-Net), Seg-only",0.6928167939186096,0.17816394567489624,0.06601572036743164
"Learned (U-Net), Seg-only",0.72307950258255,0.3073020577430725,0.14828550815582275
"Learned (U-Net), Seg-only",0.6738012433052063,0.1978181004524231,0.1294240951538086
"Learned (U-Net), Seg-only",0.6809714436531067,0.312107115983963,0.23392385244369507
"Learned (U-Net), Seg-only",0.6802338063716888,0.26937049627304077,0.09725439548492432
"Learned (U-Net), Seg-only",0.6737473011016846,0.2390735149383545,0.2237091064453125
"Learned (U-Net), Seg-only",0.6744997501373291,0.21565747261047363,0.13579201698303223
"Learned (U-Net), Seg-only",0.6866754591464996,0.27671927213668823,0.08388900756835938
"Learned (U-Net), Seg-only",0.7061681151390076,0.19182944297790527,0.17368197441101074
"Learned (U-Net), Seg-only",0.6926068067550659,0.17764133214950562,0.06371903419494629
"Learned (U-Net), Seg-only",0.7108542025089264,0.2530255913734436,0.10058438777923584
"Learned (U-Net), Seg-only",0.6606334447860718,0.2595295310020447,0.18295931816101074
"Learned (U-Net), Seg-only",0.6891383230686188,0.1941312551498413,0.18286240100860596
"Learned (U-Net), Seg-only",0.7105416357517242,0.2158852219581604,0.07200860977172852
"Learned (U-Net), Seg-only",0.670878142118454,0.25317323207855225,0.47521471977233887
"Learned (U-Net), Seg-only",0.647518664598465,0.20860248804092407,0.3006422519683838
"Learned (U-Net), Seg-only",0.6903823018074036,0.2552127242088318,0.4591686725616455
"Learned (U-Net), Seg-only",0.7024654150009155,0.22379010915756226,0.41315293312072754
"Learned (U-Net), Seg-only",0.6512779593467712,0.21307921409606934,0.3145313262939453
"Learned (U-Net), Seg-only",0.6487033367156982,0.2754773497581482,0.44975125789642334
"Learned (U-Net), Seg-only",0.6788995265960693,0.29957330226898193,0.6138918399810791
"Learned (U-Net), Seg-only",0.6522833704948425,0.24486279487609863,0.47047150135040283
"Learned (U-Net), Seg-only",0.6489088237285614,0.2276456356048584,0.3397355079650879
"Learned (U-Net), Seg-only",0.6823905408382416,0.23043978214263916,0.34236061573028564
"Learned (U-Net), Seg-only",0.7066283524036407,0.23016458749771118,0.46164703369140625
"Learned (U-Net), Seg-only",0.6388118863105774,0.2639411687850952,0.4403799772262573
"Learned (U-Net), Seg-only",0.6851701438426971,0.27902358770370483,0.4512597322463989
"Learned (U-Net), Seg-only",0.6700211763381958,0.24699854850769043,0.39686107635498047
"Learned (U-Net), Seg-only",0.6425820589065552,0.24805128574371338,0.4005401134490967
"Learned (U-Net), Seg-only",0.45823152363300323,0.10566854476928711,0.16214144229888916
"Learned (U-Net), Seg-only",0.4269529730081558,0.01374274492263794,0.05589008331298828
"Learned (U-Net), Seg-only",0.4240401089191437,0.061469435691833496,0.06998300552368164
"Learned (U-Net), Seg-only",0.4529717415571213,0.0990632176399231,0.07485091686248779
"Learned (U-Net), Seg-only",0.4666333496570587,0.0699804425239563,0.1486344337463379
"Learned (U-Net), Seg-only",0.42921459674835205,0.10620808601379395,0.11084914207458496
"Learned (U-Net), Seg-only",0.41632941365242004,0.06576311588287354,0.10055816173553467
"Learned (U-Net), Seg-only",0.4579177498817444,0.07614302635192871,0.09254646301269531
"Learned (U-Net), Seg-only",0.4449239820241928,0.11342447996139526,0.19251084327697754
"Learned (U-Net), Seg-only",0.41471560299396515,0.09389722347259521,0.10555005073547363
"Learned (U-Net), Seg-only",0.424261212348938,0.05257844924926758,0.11408400535583496
"Learned (U-Net), Seg-only",0.4202411472797394,0.04144287109375,0.05959677696228027
"Learned (U-Net), Seg-only",0.426027312874794,0.08579480648040771,0.15434610843658447
"Learned (U-Net), Seg-only",0.4467461109161377,0.031893134117126465,0.030240297317504883
"Learned (U-Net), Seg-only",0.43744951486587524,0.0752338171005249,0.07900786399841309
"Learned (U-Net), Seg-only",0.4822333753108978,0.01312410831451416,0.06653904914855957
"Learned (U-Net), Seg-only",0.4527907073497772,0.04052847623825073,0.11018574237823486
"Learned (U-Net), Seg-only",0.44411705434322357,0.08972048759460449,0.004265546798706055
"Learned (U-Net), Seg-only",0.43359072506427765,0.07473766803741455,0.06658530235290527
"Learned (U-Net), Seg-only",0.44986671209335327,0.07014024257659912,0.04488563537597656
"Learned (U-Net), Seg-only",0.4501866400241852,0.058216869831085205,0.023050665855407715
"Learned (U-Net), Seg-only",0.4259132146835327,0.05587738752365112,0.040839552879333496
"Learned (U-Net), Seg-only",0.46666738390922546,0.025413811206817627,0.004238128662109375
"Learned (U-Net), Seg-only",0.43324659764766693,0.0621112585067749,0.040233612060546875
"Learned (U-Net), Seg-only",0.44146423041820526,0.09380960464477539,0.1892106533050537
"Learned (U-Net), Seg-only",0.4378165006637573,0.09416675567626953,0.07870852947235107
"Learned (U-Net), Seg-only",0.4547611325979233,0.028468847274780273,0.009304404258728027
"Learned (U-Net), Seg-only",0.4291978031396866,0.07776010036468506,0.07252645492553711
"Learned (U-Net), Seg-only",0.4285724312067032,0.09787017107009888,0.15206456184387207
"Learned (U-Net), Seg-only",0.4520706236362457,0.10913431644439697,0.0605090856552124
"Learned (U-Net), Seg-only",0.43983304500579834,0.08302998542785645,0.0017430782318115234
"Learned (U-Net), Seg-only",0.42196258902549744,0.021514058113098145,0.0032033920288085938
"Learned (U-Net), Seg-only",0.4441651850938797,0.09374713897705078,0.04677855968475342
"Learned (U-Net), Seg-only",0.45065590739250183,0.03263372182846069,0.07504904270172119
"Learned (U-Net), Seg-only",0.4286896735429764,0.11578702926635742,0.01143646240234375
"Learned (U-Net), Seg-only",0.4214596599340439,0.07327300310134888,0.00258481502532959
"Learned (U-Net), Seg-only",0.44065675139427185,0.05167889595031738,0.04245257377624512
"Learned (U-Net), Seg-only",0.45384466648101807,0.04661351442337036,0.1259087324142456
"Learned (U-Net), Seg-only",0.4381589889526367,0.03457516431808472,0.041577935218811035
"Learned (U-Net), Seg-only",0.4194190055131912,0.0980718731880188,0.10984516143798828
"Learned (U-Net), Seg-only",0.4276826083660126,0.07180571556091309,0.037410199642181396
"Learned (U-Net), Seg-only",0.4485432803630829,0.03738546371459961,0.05359327793121338
"Learned (U-Net), Seg-only",0.43850402534008026,0.027358412742614746,0.1693577766418457
"Learned (U-Net), Seg-only",0.4529661685228348,0.028126060962677002,0.13496923446655273
"Learned (U-Net), Seg-only",0.41737380623817444,0.05284297466278076,0.0027071237564086914
"Learned (U-Net), Seg-only",0.40602725744247437,0.040728986263275146,0.08596444129943848
"Learned (U-Net), Seg-only",0.42009612917900085,0.03041839599609375,0.0687704086303711
"Learned (U-Net), Seg-only",0.4452037513256073,0.08664435148239136,0.19611692428588867
"Learned (U-Net), Seg-only",0.447205126285553,0.08575910329818726,0.17262935638427734
"Learned (U-Net), Seg-only",0.43596015870571136,0.04266089200973511,0.05042409896850586
"Learned (U-Net), Seg-only",0.4209027588367462,0.0593339204788208,0.06522321701049805
"Learned (U-Net), Seg-only",0.4355751723051071,0.046897053718566895,0.12297534942626953
"Learned (U-Net), Seg-only",0.4120623916387558,0.031254470348358154,0.09198236465454102
"Learned (U-Net), Seg-only",0.4600757360458374,0.11159181594848633,0.22067952156066895
"Learned (U-Net), Seg-only",0.46828028559684753,0.042073726654052734,0.04952418804168701
"Learned (U-Net), Seg-only",0.45398348569869995,0.07891380786895752,0.08069777488708496
"Learned (U-Net), Seg-only",0.4217758774757385,0.053494036197662354,0.12580370903015137
"Learned (U-Net), Seg-only",0.4599664956331253,0.10552757978439331,0.19821476936340332
"Learned (U-Net), Seg-only",0.4350753426551819,0.029123246669769287,0.019632816314697266
"Learned (U-Net), Seg-only",0.4375339299440384,0.026558101177215576,0.0940864086151123
"Learned (U-Net), Seg-only",1.4928532838821411,0.7811999320983887,1.3894274234771729
"Learned (U-Net), Seg-only",1.498415231704712,0.7301431894302368,0.9484100341796875
"Learned (U-Net), Seg-only",1.5298576354980469,0.7745269536972046,1.2431602478027344
"Learned (U-Net), Seg-only",1.5526975393295288,0.7547732591629028,1.2347333431243896
"Learned (U-Net), Seg-only",1.5374217629432678,0.7798526287078857,1.2364883422851562
"Learned (U-Net), Seg-only",1.5236245393753052,0.7344634532928467,0.9538826942443848
"Learned (U-Net), Seg-only",1.5462642908096313,0.7793556451797485,1.1873347759246826
"Learned (U-Net), Seg-only",1.5366834998130798,0.7556538581848145,0.956794261932373
"Learned (U-Net), Seg-only",1.5772746801376343,0.8332778215408325,1.2489264011383057
"Learned (U-Net), Seg-only",1.5322437286376953,0.7891570329666138,0.9715650081634521
"Learned (U-Net), Seg-only",1.5715543627738953,0.7853057384490967,1.136279821395874
"Learned (U-Net), Seg-only",1.5589659214019775,0.8220460414886475,1.1214780807495117
"Learned (U-Net), Seg-only",1.5300378799438477,0.7064762115478516,0.7812516689300537
"Learned (U-Net), Seg-only",1.606946051120758,0.8403618335723877,1.1025984287261963
"Learned (U-Net), Seg-only",1.5806143283843994,0.8022541999816895,1.1178114414215088
"Learned (U-Net), Seg-only",1.4586558938026428,0.704378604888916,0.7265949249267578
"Learned (U-Net), Seg-only",1.5211756825447083,0.8194974064826965,0.993213415145874
"Learned (U-Net), Seg-only",1.507226824760437,0.758668065071106,0.6794650554656982
"Learned (U-Net), Seg-only",1.5507676601409912,0.7678787708282471,1.0722520351409912
"Learned (U-Net), Seg-only",1.5002349615097046,0.7054644823074341,0.8098890781402588
"Learned (U-Net), Seg-only",1.5607733726501465,0.7030409574508667,0.6674509048461914
"Learned (U-Net), Seg-only",1.5915143489837646,0.6987773180007935,0.957228422164917
"Learned (U-Net), Seg-only",1.5151218175888062,0.6876487731933594,0.836108922958374
"Learned (U-Net), Seg-only",1.5431177020072937,0.7267799377441406,1.0542683601379395
"Learned (U-Net), Seg-only",1.5054811239242554,0.7449969053268433,0.9985606670379639
"Learned (U-Net), Seg-only",1.4925537109375,0.7240679264068604,0.8596549034118652
"Learned (U-Net), Seg-only",1.5823146104812622,0.9253984689712524,1.0478408336639404
"Learned (U-Net), Seg-only",1.5915919542312622,0.9472410082817078,1.1770482063293457
"Learned (U-Net), Seg-only",1.505679726600647,0.8238294720649719,0.975719690322876
"Learned (U-Net), Seg-only",1.546892762184143,0.8335790634155273,0.8941340446472168
"Learned (U-Net), Seg-only",1.4929468035697937,0.7506341934204102,0.5916612148284912
"Learned (U-Net), Seg-only",1.4803935885429382,0.9283621311187744,0.8822752237319946
"Learned (U-Net), Seg-only",1.5905307531356812,0.75152587890625,0.5253195762634277
"Learned (U-Net), Seg-only",1.5001478791236877,0.7756928205490112,0.7077414989471436
"Learned (U-Net), Seg-only",1.5095019340515137,0.806110680103302,0.5288023948669434
"Learned (U-Net), Seg-only",1.5723581314086914,0.822704553604126,0.5985498428344727
"Learned (U-Net), Seg-only",1.604246735572815,0.768852710723877,0.7756608724594116
"Learned (U-Net), Seg-only",1.57318115234375,0.7956016063690186,0.5658154487609863
"Learned (U-Net), Seg-only",1.5013578534126282,0.601436972618103,0.7712711095809937
"Learned (U-Net), Seg-only",1.5431799292564392,0.7321865558624268,0.5175256729125977
"Learned (U-Net), Seg-only",1.5708558559417725,0.950275719165802,0.6244221925735474
"Learned (U-Net), Seg-only",1.5941770672798157,0.8716650009155273,0.7341816425323486
"Learned (U-Net), Seg-only",1.4864779114723206,0.7654145956039429,0.4930145740509033
"Learned (U-Net), Seg-only",1.56425279378891,0.6999787092208862,0.570410966873169
"Learned (U-Net), Seg-only",1.5360323190689087,0.8100306987762451,0.7406716346740723
"Learned (U-Net), Seg-only",1.5922168493270874,0.6954069137573242,1.1061954498291016
"Learned (U-Net), Seg-only",1.447538137435913,0.6992161273956299,1.028374433517456
"Learned (U-Net), Seg-only",1.5830367803573608,0.8563600778579712,1.5059597492218018
"Learned (U-Net), Seg-only",1.5451918244361877,0.8712370991706848,1.4457457065582275
"Learned (U-Net), Seg-only",1.5883127450942993,0.8318046927452087,1.5938634872436523
"Learned (U-Net), Seg-only",1.5448157787322998,0.8075412511825562,1.393247127532959
"Learned (U-Net), Seg-only",1.4814279079437256,0.7423866987228394,1.199291467666626
"Learned (U-Net), Seg-only",1.6591164469718933,0.7948968410491943,1.2693829536437988
"Learned (U-Net), Seg-only",1.5824949145317078,0.7925223112106323,1.3592076301574707
"Learned (U-Net), Seg-only",1.490845501422882,0.7270115613937378,1.1536095142364502
"Learned (U-Net), Seg-only",1.5361971855163574,0.7953054904937744,1.3900058269500732
"Learned (U-Net), Seg-only",1.5355385541915894,0.7028646469116211,1.218548059463501
"Learned (U-Net), Seg-only",1.4700637459754944,0.6825928688049316,1.1632897853851318
"Learned (U-Net), Seg-only",1.5262899994850159,0.7609275579452515,1.2125358581542969
"Learned (U-Net), Seg-only",1.5146222114562988,0.8324638605117798,1.279322862625122
"Learned (U-Net), Seg-only",1.1335937976837158,0.3581167459487915,0.4948713779449463
"Learned (U-Net), Seg-only",1.1039161682128906,0.4172712564468384,0.6537899971008301
"Learned (U-Net), Seg-only",1.0579948425292969,0.3694218397140503,0.5135176181793213
"Learned (U-Net), Seg-only",1.0564398169517517,0.399700403213501,0.5832729339599609
"Learned (U-Net), Seg-only",1.028557300567627,0.3585892915725708,0.6058034896850586
"Learned (U-Net), Seg-only",1.1346635818481445,0.34661006927490234,0.49706077575683594
"Learned (U-Net), Seg-only",1.14149671792984,0.36095130443573,0.39743947982788086
"Learned (U-Net), Seg-only",1.101759135723114,0.3838329315185547,0.456737756729126
"Learned (U-Net), Seg-only",1.1180260181427002,0.3184478282928467,0.3439197540283203
"Learned (U-Net), Seg-only",1.0559477806091309,0.35137248039245605,0.6428046226501465
"Learned (U-Net), Seg-only",1.1132239699363708,0.413216233253479,0.5981390476226807
"Learned (U-Net), Seg-only",1.033504605293274,0.31049323081970215,0.47185277938842773
"Learned (U-Net), Seg-only",1.064151108264923,0.29910504817962646,0.5042111873626709
"Learned (U-Net), Seg-only",1.0809869170188904,0.2943629026412964,0.5154056549072266
"Learned (U-Net), Seg-only",1.089731216430664,0.35157597064971924,0.4725215435028076
"Learned (U-Net), Seg-only",1.0610188245773315,0.4098775386810303,0.48070359230041504
"Learned (U-Net), Seg-only",1.0417519807815552,0.3827556371688843,0.4663686752319336
"Learned (U-Net), Seg-only",1.0412273108959198,0.3572349548339844,0.4267594814300537
"Learned (U-Net), Seg-only",1.1125229001045227,0.4042167663574219,0.47486186027526855
"Learned (U-Net), Seg-only",1.1182283163070679,0.36301136016845703,0.2500596046447754
"Learned (U-Net), Seg-only",1.0511464476585388,0.3444690704345703,0.47998976707458496
"Learned (U-Net), Seg-only",1.0796801447868347,0.33629119396209717,0.3742687702178955
"Learned (U-Net), Seg-only",1.1359392404556274,0.32479190826416016,0.3230440616607666
"Learned (U-Net), Seg-only",1.0894821286201477,0.30048680305480957,0.361743688583374
"Learned (U-Net), Seg-only",1.0813446044921875,0.32459890842437744,0.3409919738769531
"Learned (U-Net), Seg-only",1.1688929200172424,0.4532579183578491,0.2847106456756592
"Learned (U-Net), Seg-only",0.9941129386425018,0.3193157911300659,0.33944082260131836
"Learned (U-Net), Seg-only",1.069641888141632,0.36685991287231445,0.4878265857696533
"Learned (U-Net), Seg-only",1.0571508407592773,0.45087552070617676,0.66941237449646
"Learned (U-Net), Seg-only",1.1017318964004517,0.4440222978591919,0.5056939125061035
"Learned (U-Net), Seg-only",1.0795727372169495,0.3016446828842163,0.2202165126800537
"Learned (U-Net), Seg-only",1.1085799932479858,0.392305850982666,0.3157353401184082
"Learned (U-Net), Seg-only",1.086212158203125,0.3747469186782837,0.36400270462036133
"Learned (U-Net), Seg-only",1.1460429430007935,0.4833686351776123,0.45002150535583496
"Learned (U-Net), Seg-only",1.0792629718780518,0.30765998363494873,0.2000865936279297
"Learned (U-Net), Seg-only",1.084252953529358,0.4380152225494385,0.39620471000671387
"Learned (U-Net), Seg-only",1.0369007587432861,0.3120744228363037,0.08244085311889648
"Learned (U-Net), Seg-only",1.0814337730407715,0.28420233726501465,0.22710967063903809
"Learned (U-Net), Seg-only",1.0341094136238098,0.37851250171661377,0.187056303024292
"Learned (U-Net), Seg-only",1.0321775674819946,0.34384191036224365,0.2548787593841553
"Learned (U-Net), Seg-only",1.0916914343833923,0.2605034112930298,0.1329195499420166
"Learned (U-Net), Seg-only",1.0630326867103577,0.3978992700576782,0.29252123832702637
"Learned (U-Net), Seg-only",1.1036159992218018,0.38917768001556396,0.2748403549194336
"Learned (U-Net), Seg-only",1.0948498845100403,0.5179516673088074,0.4490201473236084
"Learned (U-Net), Seg-only",1.0383604764938354,0.3422861099243164,0.24198293685913086
"Learned (U-Net), Seg-only",1.083323061466217,0.4069690704345703,0.6121993064880371
"Learned (U-Net), Seg-only",1.054175615310669,0.3641016483306885,0.5814886093139648
"Learned (U-Net), Seg-only",1.0741206407546997,0.36842453479766846,0.6316566467285156
"Learned (U-Net), Seg-only",1.1070291996002197,0.3794945478439331,0.6946680545806885
"Learned (U-Net), Seg-only",1.0876701474189758,0.3367898464202881,0.435028076171875
"Learned (U-Net), Seg-only",1.0821929574012756,0.3998284339904785,0.6490588188171387
"Learned (U-Net), Seg-only",1.0510613918304443,0.37592148780822754,0.7157399654388428
"Learned (U-Net), Seg-only",1.0743579864501953,0.44774293899536133,0.6342277526855469
"Learned (U-Net), Seg-only",1.0663015842437744,0.4032473564147949,0.6672251224517822
"Learned (U-Net), Seg-only",1.0846290588378906,0.3211021423339844,0.4129314422607422
"Learned (U-Net), Seg-only",1.0784636735916138,0.32080161571502686,0.5523319244384766
"Learned (U-Net), Seg-only",1.1375812292099,0.41936373710632324,0.7775747776031494
"Learned (U-Net), Seg-only",1.0760346353054047,0.43393170833587646,0.6839756965637207
"Learned (U-Net), Seg-only",1.0581218600273132,0.31144773960113525,0.4238138198852539
"Learned (U-Net), Seg-only",1.0818307399749756,0.44077372550964355,0.6962618827819824
"Learned (U-Net), Seg-only",1.2758846879005432,0.4542560577392578,0.6949169635772705
"Learned (U-Net), Seg-only",1.297350287437439,0.5196411609649658,0.7493157386779785
"Learned (U-Net), Seg-only",1.1948990225791931,0.40263354778289795,0.44942617416381836
"Learned (U-Net), Seg-only",1.2202889919281006,0.4348183870315552,0.6435668468475342
"Learned (U-Net), Seg-only",1.2533249855041504,0.5108116865158081,0.6605062484741211
"Learned (U-Net), Seg-only",1.2077259421348572,0.46269381046295166,0.6183078289031982
"Learned (U-Net), Seg-only",1.2062138319015503,0.42780375480651855,0.8160903453826904
"Learned (U-Net), Seg-only",1.2152570486068726,0.43693041801452637,0.5791425704956055
"Learned (U-Net), Seg-only",1.2513281106948853,0.48228204250335693,0.5077071189880371
"Learned (U-Net), Seg-only",1.1892028450965881,0.3895385265350342,0.4871973991394043
"Learned (U-Net), Seg-only",1.2287921905517578,0.4431849718093872,0.617917537689209
"Learned (U-Net), Seg-only",1.2795459628105164,0.4889441728591919,0.6935341358184814
"Learned (U-Net), Seg-only",1.2238300442695618,0.4786299467086792,0.6589879989624023
"Learned (U-Net), Seg-only",1.2105695605278015,0.4307520389556885,0.517230749130249
"Learned (U-Net), Seg-only",1.2343212366104126,0.4566018581390381,0.67592453956604
"Learned (U-Net), Seg-only",1.229734182357788,0.3769334554672241,0.45926594734191895
"Learned (U-Net), Seg-only",1.2595587372779846,0.42758965492248535,0.715529203414917
"Learned (U-Net), Seg-only",1.2596371173858643,0.43084466457366943,0.6327950954437256
"Learned (U-Net), Seg-only",1.2163556814193726,0.4071369171142578,0.7048041820526123
"Learned (U-Net), Seg-only",1.2313562631607056,0.4636569023132324,0.38198328018188477
"Learned (U-Net), Seg-only",1.2635835409164429,0.49160635471343994,0.693671703338623
"Learned (U-Net), Seg-only",1.222492277622223,0.3950836658477783,0.379392147064209
"Learned (U-Net), Seg-only",1.3084896802902222,0.456506609916687,0.5588071346282959
"Learned (U-Net), Seg-only",1.2443403005599976,0.38880813121795654,0.5576999187469482
"Learned (U-Net), Seg-only",1.3282905220985413,0.49907946586608887,0.5178508758544922
"Learned (U-Net), Seg-only",1.231329619884491,0.4094860553741455,0.5674817562103271
"Learned (U-Net), Seg-only",1.2143946886062622,0.3608971834182739,0.585136890411377
"Learned (U-Net), Seg-only",1.2755321860313416,0.4216200113296509,0.5293240547180176
"Learned (U-Net), Seg-only",1.2936672568321228,0.4952409267425537,0.44928884506225586
"Learned (U-Net), Seg-only",1.18350750207901,0.4162241220474243,0.48596954345703125
"Learned (U-Net), Seg-only",1.209815263748169,0.5389994978904724,0.4394822120666504
"Learned (U-Net), Seg-only",1.2876019477844238,0.49531376361846924,0.42790353298187256
"Learned (U-Net), Seg-only",1.2243175506591797,0.4106792211532593,0.4422731399536133
"Learned (U-Net), Seg-only",1.2505366802215576,0.4217696189880371,0.393721342086792
"Learned (U-Net), Seg-only",1.2176966667175293,0.4071645736694336,0.3875603675842285
"Learned (U-Net), Seg-only",1.2622774839401245,0.44218921661376953,0.35105204582214355
"Learned (U-Net), Seg-only",1.2799460887908936,0.4776911735534668,0.49902641773223877
"Learned (U-Net), Seg-only",1.1912211179733276,0.3781609535217285,0.2854461669921875
"Learned (U-Net), Seg-only",1.2593437433242798,0.4595675468444824,0.3518388271331787
"Learned (U-Net), Seg-only",1.2388972640037537,0.39828455448150635,0.42592787742614746
"Learned (U-Net), Seg-only",1.2642226219177246,0.4671597480773926,0.29647135734558105
"Learned (U-Net), Seg-only",1.2183625102043152,0.4244016408920288,0.4117708206176758
"Learned (U-Net), Seg-only",1.1511330008506775,0.41632699966430664,0.3186018466949463
"Learned (U-Net), Seg-only",1.103301763534546,0.318630576133728,0.2781808376312256
"Learned (U-Net), Seg-only",1.230426847934723,0.6023160815238953,0.515089750289917
"Learned (U-Net), Seg-only",1.2242798805236816,0.518662691116333,0.7546982765197754
"Learned (U-Net), Seg-only",1.1985170245170593,0.46117544174194336,0.819847822189331
"Learned (U-Net), Seg-only",1.2034534215927124,0.43283796310424805,0.775388240814209
"Learned (U-Net), Seg-only",1.2177188992500305,0.43259668350219727,0.7434272766113281
"Learned (U-Net), Seg-only",1.1749281883239746,0.5135033130645752,0.9133059978485107
"Learned (U-Net), Seg-only",1.1918047666549683,0.47872138023376465,0.817267894744873
"Learned (U-Net), Seg-only",1.2257682085037231,0.5246086120605469,0.8807327747344971
"Learned (U-Net), Seg-only",1.2519443035125732,0.50494384765625,0.8265690803527832
"Learned (U-Net), Seg-only",1.2450211644172668,0.4728790521621704,0.9105358123779297
"Learned (U-Net), Seg-only",1.1936727166175842,0.34173405170440674,0.5080990791320801
"Learned (U-Net), Seg-only",1.262504518032074,0.5086435079574585,0.8217024803161621
"Learned (U-Net), Seg-only",1.2833515405654907,0.40690577030181885,0.6065168380737305
"Learned (U-Net), Seg-only",1.2809678316116333,0.4774641990661621,0.6775789260864258
"Learned (U-Net), Seg-only",1.2259141206741333,0.4606105089187622,0.7007064819335938
"Learned (U-Net), Seg-only",1.205369234085083,0.4662373661994934,0.6448144912719727
"Learned (U-Net), Seg-only",0.6702767312526703,0.1439685821533203,0.10574674606323242
"Learned (U-Net), Seg-only",0.7006335854530334,0.1210099458694458,0.18534493446350098
"Learned (U-Net), Seg-only",0.6803348958492279,0.15094101428985596,0.21326828002929688
"Learned (U-Net), Seg-only",0.6854389309883118,0.16432976722717285,0.26723384857177734
"Learned (U-Net), Seg-only",0.707476794719696,0.16733860969543457,0.2740809917449951
"Learned (U-Net), Seg-only",0.7315230667591095,0.19209718704223633,0.24293994903564453
"Learned (U-Net), Seg-only",0.6830033957958221,0.047591328620910645,0.015250205993652344
"Learned (U-Net), Seg-only",0.682148277759552,0.1416987180709839,0.18993806838989258
"Learned (U-Net), Seg-only",0.7508531212806702,0.1436556577682495,0.17718887329101562
"Learned (U-Net), Seg-only",0.680908590555191,0.12092375755310059,0.06346893310546875
"Learned (U-Net), Seg-only",0.7279257774353027,0.10320711135864258,0.17218756675720215
"Learned (U-Net), Seg-only",0.7462477684020996,0.10696160793304443,0.09370803833007812
"Learned (U-Net), Seg-only",0.757352203130722,0.16849756240844727,0.2705047130584717
"Learned (U-Net), Seg-only",0.7112282514572144,0.07478094100952148,0.12644195556640625
"Learned (U-Net), Seg-only",0.723454475402832,0.10447978973388672,0.1415390968322754
"Learned (U-Net), Seg-only",0.6557159423828125,0.08743810653686523,0.14562082290649414
"Learned (U-Net), Seg-only",0.7408552169799805,0.11804080009460449,0.21924352645874023
"Learned (U-Net), Seg-only",0.7504326403141022,0.12064051628112793,0.09922456741333008
"Learned (U-Net), Seg-only",0.6933517456054688,0.05386984348297119,0.09978961944580078
"Learned (U-Net), Seg-only",0.7298900187015533,0.1504054069519043,0.14012503623962402
"Learned (U-Net), Seg-only",0.6367054283618927,0.10237085819244385,0.0725395679473877
"Learned (U-Net), Seg-only",0.6991327404975891,0.08022260665893555,0.061636924743652344
"Learned (U-Net), Seg-only",0.6954367756843567,0.04718732833862305,0.06954336166381836
"Learned (U-Net), Seg-only",0.7307561337947845,0.06397056579589844,0.11079287528991699
"Learned (U-Net), Seg-only",0.6988510191440582,0.10103726387023926,0.03821086883544922
"Learned (U-Net), Seg-only",0.7053642272949219,0.10128998756408691,0.07259511947631836
"Learned (U-Net), Seg-only",0.7241995334625244,0.07870197296142578,0.14144468307495117
"Learned (U-Net), Seg-only",0.7011814117431641,0.07063174247741699,0.24102425575256348
"Learned (U-Net), Seg-only",0.7143092453479767,0.1537386178970337,0.14206981658935547
"Learned (U-Net), Seg-only",0.7017295360565186,0.04720437526702881,0.05011272430419922
"Learned (U-Net), Seg-only",0.7387957870960236,0.09914529323577881,0.11987709999084473
"Learned (U-Net), Seg-only",0.6965974569320679,0.05118846893310547,0.11046338081359863
"Learned (U-Net), Seg-only",0.7185511291027069,0.14511656761169434,0.09921765327453613
"Learned (U-Net), Seg-only",0.6676405668258667,0.1248164176940918,0.11224675178527832
"Learned (U-Net), Seg-only",0.6744599342346191,0.05552816390991211,0.022080659866333008
"Learned (U-Net), Seg-only",0.6825332343578339,0.09841930866241455,0.012154817581176758
"Learned (U-Net), Seg-only",0.6630814969539642,0.09083116054534912,0.03839468955993652
"Learned (U-Net), Seg-only",0.72271728515625,0.11929762363433838,0.011692523956298828
"Learned (U-Net), Seg-only",0.7067315578460693,0.12993240356445312,0.10208654403686523
"Learned (U-Net), Seg-only",0.6548962593078613,0.05120432376861572,0.020908832550048828
"Learned (U-Net), Seg-only",0.7360706329345703,0.1484355926513672,0.09026813507080078
"Learned (U-Net), Seg-only",0.6904327869415283,0.06944191455841064,0.0702817440032959
"Learned (U-Net), Seg-only",0.7507951557636261,0.1691831350326538,0.07220101356506348
"Learned (U-Net), Seg-only",0.7284028828144073,0.06185615062713623,0.09367752075195312
"Learned (U-Net), Seg-only",0.7385641038417816,0.17137372493743896,0.08717942237854004
"Learned (U-Net), Seg-only",0.7298517823219299,0.1934603452682495,0.33517885208129883
"Learned (U-Net), Seg-only",0.7477016448974609,0.09909307956695557,0.21617650985717773
"Learned (U-Net), Seg-only",0.7209528684616089,0.07807385921478271,0.05888175964355469
"Learned (U-Net), Seg-only",0.6342903971672058,0.0837022066116333,0.11141443252563477
"Learned (U-Net), Seg-only",0.6961733400821686,0.14697015285491943,0.2609100341796875
"Learned (U-Net), Seg-only",0.7433346211910248,0.12506425380706787,0.1500105857849121
"Learned (U-Net), Seg-only",0.7023102939128876,0.030298352241516113,0.06956052780151367
"Learned (U-Net), Seg-only",0.6747390925884247,0.18316268920898438,0.3719015121459961
"Learned (U-Net), Seg-only",0.6637787222862244,0.05731034278869629,0.06679344177246094
"Learned (U-Net), Seg-only",0.6667807698249817,0.09808790683746338,0.16620111465454102
"Learned (U-Net), Seg-only",0.7210084497928619,0.18282842636108398,0.24480152130126953
"Learned (U-Net), Seg-only",0.7053344249725342,0.11621904373168945,0.2489180564880371
"Learned (U-Net), Seg-only",0.6638761460781097,0.1322174072265625,0.23795795440673828
"Learned (U-Net), Seg-only",0.6939875185489655,0.1491391658782959,0.22015666961669922
"Learned (U-Net), Seg-only",0.6812186241149902,0.13139665126800537,0.2662978172302246
"Learned (U-Net), Seg-only",0.8379326164722443,0.3925400376319885,0.5160590410232544
"Learned (U-Net), Seg-only",0.8271785080432892,0.39194226264953613,0.6438086032867432
"Learned (U-Net), Seg-only",0.8386097848415375,0.44555699825286865,0.5700488090515137
"Learned (U-Net), Seg-only",0.8567407429218292,0.3055397868156433,0.3486829996109009
"Learned (U-Net), Seg-only",0.8030686378479004,0.4473687410354614,0.6156694889068604
"Learned (U-Net), Seg-only",0.7944080829620361,0.37673741579055786,0.6872150897979736
"Learned (U-Net), Seg-only",0.8451176881790161,0.4820359945297241,0.6377018690109253
"Learned (U-Net), Seg-only",0.8790582716464996,0.4734184443950653,0.6662285327911377
"Learned (U-Net), Seg-only",0.8244809508323669,0.3715704679489136,0.6361914873123169
"Learned (U-Net), Seg-only",0.796431303024292,0.3566288948059082,0.45268797874450684
"Learned (U-Net), Seg-only",0.8343201279640198,0.42614638805389404,0.7108556032180786
"Learned (U-Net), Seg-only",0.8062461614608765,0.35634350776672363,0.4846915006637573
"Learned (U-Net), Seg-only",0.8402596414089203,0.34002357721328735,0.5322701930999756
"Learned (U-Net), Seg-only",0.8025839030742645,0.3444048762321472,0.41843509674072266
"Learned (U-Net), Seg-only",0.8417711555957794,0.4102824926376343,0.6766303777694702
"Learned (U-Net), Seg-only",0.8091535568237305,0.33928054571151733,0.4447774887084961
"Learned (U-Net), Seg-only",0.8418431878089905,0.41473186016082764,0.5102982521057129
"Learned (U-Net), Seg-only",0.8556116819381714,0.5044789612293243,0.6321550607681274
"Learned (U-Net), Seg-only",0.8553577065467834,0.3245658278465271,0.33277058601379395
"Learned (U-Net), Seg-only",0.8234473466873169,0.4478011131286621,0.5652933120727539
"Learned (U-Net), Seg-only",0.8096253871917725,0.30096006393432617,0.4138009548187256
"Learned (U-Net), Seg-only",0.7873016595840454,0.4007512331008911,0.4203754663467407
"Learned (U-Net), Seg-only",0.882281631231308,0.45595961809158325,0.503292441368103
"Learned (U-Net), Seg-only",0.8575636148452759,0.40296483039855957,0.4379868507385254
"Learned (U-Net), Seg-only",0.8337294459342957,0.3925778269767761,0.47071170806884766
"Learned (U-Net), Seg-only",0.8556523323059082,0.432385116815567,0.4795011281967163
"Learned (U-Net), Seg-only",0.82725989818573,0.35240721702575684,0.4478170871734619
"Learned (U-Net), Seg-only",0.8448909521102905,0.356015682220459,0.25342440605163574
"Learned (U-Net), Seg-only",0.8474685251712799,0.44559353590011597,0.5427713394165039
"Learned (U-Net), Seg-only",0.8068210780620575,0.3480262756347656,0.2822418212890625
"Learned (U-Net), Seg-only",0.8705507814884186,0.41626203060150146,0.2223442792892456
"Learned (U-Net), Seg-only",0.8183067142963409,0.416810005903244,0.19948744773864746
"Learned (U-Net), Seg-only",0.779208779335022,0.3912532925605774,0.3418770432472229
"Learned (U-Net), Seg-only",0.8285770118236542,0.3717436194419861,0.24830913543701172
"Learned (U-Net), Seg-only",0.8365837335586548,0.4346295893192291,0.26630449295043945
"Learned (U-Net), Seg-only",0.7997435927391052,0.39322149753570557,0.26904118061065674
"Learned (U-Net), Seg-only",0.8328653872013092,0.44012877345085144,0.2439974546432495
"Learned (U-Net), Seg-only",0.8671946823596954,0.49295371770858765,0.42186880111694336
"Learned (U-Net), Seg-only",0.867973268032074,0.47858306765556335,0.27208614349365234
"Learned (U-Net), Seg-only",0.8256500959396362,0.3820844888687134,0.2874128818511963
"Learned (U-Net), Seg-only",0.784125953912735,0.3403638005256653,0.22767460346221924
"Learned (U-Net), Seg-only",0.8488920331001282,0.34170371294021606,0.09328222274780273
"Learned (U-Net), Seg-only",0.8313267529010773,0.4413440227508545,0.2837564945220947
"Learned (U-Net), Seg-only",0.8374139666557312,0.30881255865097046,0.244390606880188
"Learned (U-Net), Seg-only",0.8254060447216034,0.36304086446762085,0.25832629203796387
"Learned (U-Net), Seg-only",0.8611843287944794,0.446560800075531,0.8100359439849854
"Learned (U-Net), Seg-only",0.7899037599563599,0.4033031761646271,0.5904332399368286
"Learned (U-Net), Seg-only",0.8280878067016602,0.37445324659347534,0.5572414398193359
"Learned (U-Net), Seg-only",0.8606668710708618,0.3844400644302368,0.5449402332305908
"Learned (U-Net), Seg-only",0.8451825976371765,0.3855855464935303,0.6704344749450684
"Learned (U-Net), Seg-only",0.8166124820709229,0.3362685441970825,0.6886223554611206
"Learned (U-Net), Seg-only",0.8033078908920288,0.4153905510902405,0.6991264820098877
"Learned (U-Net), Seg-only",0.8370571732521057,0.40155208110809326,0.6968965530395508
"Learned (U-Net), Seg-only",0.8077396154403687,0.36389684677124023,0.5524260997772217
"Learned (U-Net), Seg-only",0.8070776462554932,0.4261457324028015,0.6609482765197754
"Learned (U-Net), Seg-only",0.8182271718978882,0.3729955554008484,0.5964975357055664
"Learned (U-Net), Seg-only",0.8485138118267059,0.41444849967956543,0.7649507522583008
"Learned (U-Net), Seg-only",0.855204313993454,0.35996973514556885,0.5416603088378906
"Learned (U-Net), Seg-only",0.8518877923488617,0.4106559157371521,0.6973289251327515
"Learned (U-Net), Seg-only",0.8007325232028961,0.29164808988571167,0.4781794548034668
"Learned (U-Net), Seg-only",0.6196957528591156,0.20977497100830078,0.32544708251953125
"Learned (U-Net), Seg-only",0.6115747690200806,0.1890430450439453,0.2594844102859497
"Learned (U-Net), Seg-only",0.620978057384491,0.21998369693756104,0.47514569759368896
"Learned (U-Net), Seg-only",0.6031470894813538,0.21356475353240967,0.3413691520690918
"Learned (U-Net), Seg-only",0.6455781161785126,0.21420669555664062,0.2927812337875366
"Learned (U-Net), Seg-only",0.5990088880062103,0.1535370945930481,0.2790839672088623
"Learned (U-Net), Seg-only",0.5858096182346344,0.14929622411727905,0.15902793407440186
"Learned (U-Net), Seg-only",0.6237436532974243,0.15119171142578125,0.24563860893249512
"Learned (U-Net), Seg-only",0.5994332134723663,0.17162984609603882,0.23878705501556396
"Learned (U-Net), Seg-only",0.6543321013450623,0.20943158864974976,0.3177781105041504
"Learned (U-Net), Seg-only",0.6000188589096069,0.10525190830230713,0.09406387805938721
"Learned (U-Net), Seg-only",0.6287011206150055,0.212932288646698,0.3333231210708618
"Learned (U-Net), Seg-only",0.5927041471004486,0.14348411560058594,0.2634974718093872
"Learned (U-Net), Seg-only",0.624093770980835,0.20744961500167847,0.27532434463500977
"Learned (U-Net), Seg-only",0.6423011124134064,0.1881784200668335,0.2797534465789795
"Learned (U-Net), Seg-only",0.6343994140625,0.20774734020233154,0.20410358905792236
"Learned (U-Net), Seg-only",0.6499554514884949,0.2651292085647583,0.3564702272415161
"Learned (U-Net), Seg-only",0.6474485993385315,0.1378907561302185,0.13766002655029297
"Learned (U-Net), Seg-only",0.6640525162220001,0.12409186363220215,0.21184301376342773
"Learned (U-Net), Seg-only",0.5938628315925598,0.20424818992614746,0.19971036911010742
"Learned (U-Net), Seg-only",0.6189050078392029,0.14429312944412231,0.11659705638885498
"Learned (U-Net), Seg-only",0.617277204990387,0.2032262682914734,0.14477431774139404
"Learned (U-Net), Seg-only",0.5766848027706146,0.2186034917831421,0.18003571033477783
"Learned (U-Net), Seg-only",0.6097278594970703,0.25547873973846436,0.19865119457244873
"Learned (U-Net), Seg-only",0.6489784717559814,0.21289032697677612,0.29807937145233154
"Learned (U-Net), Seg-only",0.6174786686897278,0.2372189164161682,0.3387451171875
"Learned (U-Net), Seg-only",0.6111257672309875,0.10330122709274292,0.066864013671875
"Learned (U-Net), Seg-only",0.6221998333930969,0.15510445833206177,0.2248903512954712
"Learned (U-Net), Seg-only",0.6416394412517548,0.1748839020729065,0.32095134258270264
"Learned (U-Net), Seg-only",0.6322620213031769,0.1976475715637207,0.11263954639434814
"Learned (U-Net), Seg-only",0.6264081597328186,0.19072812795639038,0.14384698867797852
"Learned (U-Net), Seg-only",0.6670737564563751,0.2482907772064209,0.07607531547546387
"Learned (U-Net), Seg-only",0.6469567716121674,0.10781800746917725,0.025337696075439453
"Learned (U-Net), Seg-only",0.6091732978820801,0.22901999950408936,0.1307915449142456
"Learned (U-Net), Seg-only",0.6076191067695618,0.23737084865570068,0.07633650302886963
"Learned (U-Net), Seg-only",0.6213885545730591,0.22789102792739868,0.1400812864303589
"Learned (U-Net), Seg-only",0.6137597262859344,0.18713170289993286,0.18808603286743164
"Learned (U-Net), Seg-only",0.60261270403862,0.1963897943496704,0.03273963928222656
"Learned (U-Net), Seg-only",0.6334204375743866,0.22837096452713013,0.12870001792907715
"Learned (U-Net), Seg-only",0.6037883460521698,0.12956607341766357,0.0002105236053466797
"Learned (U-Net), Seg-only",0.633529782295227,0.14961391687393188,0.16160094738006592
"Learned (U-Net), Seg-only",0.5831004977226257,0.19075405597686768,0.005280256271362305
"Learned (U-Net), Seg-only",0.5891300737857819,0.19097411632537842,0.08098053932189941
"Learned (U-Net), Seg-only",0.6061869263648987,0.15846842527389526,0.04787933826446533
"Learned (U-Net), Seg-only",0.6421200633049011,0.21598482131958008,0.06034111976623535
"Learned (U-Net), Seg-only",0.588811844587326,0.1363627314567566,0.22152924537658691
"Learned (U-Net), Seg-only",0.616134911775589,0.16038793325424194,0.26928091049194336
"Learned (U-Net), Seg-only",0.6286056041717529,0.24261385202407837,0.37523770332336426
"Learned (U-Net), Seg-only",0.6292473375797272,0.19136065244674683,0.32855653762817383
"Learned (U-Net), Seg-only",0.6290829181671143,0.24072188138961792,0.4911634922027588
"Learned (U-Net), Seg-only",0.601398229598999,0.1965842843055725,0.3134732246398926
"Learned (U-Net), Seg-only",0.6450594663619995,0.22919464111328125,0.383914589881897
"Learned (U-Net), Seg-only",0.5712224245071411,0.16942724585533142,0.2959636449813843
"Learned (U-Net), Seg-only",0.5928177237510681,0.20980560779571533,0.27023768424987793
"Learned (U-Net), Seg-only",0.5868393182754517,0.2131374180316925,0.45011651515960693
"Learned (U-Net), Seg-only",0.6320158243179321,0.26128214597702026,0.4727292060852051
"Learned (U-Net), Seg-only",0.6162207424640656,0.18125271797180176,0.2641723155975342
"Learned (U-Net), Seg-only",0.6236615180969238,0.21594125032424927,0.4070000648498535
"Learned (U-Net), Seg-only",0.6146647334098816,0.18216389417648315,0.2699098587036133
"Learned (U-Net), Seg-only",0.6318881213665009,0.2398388385772705,0.45145654678344727
"Learned (U-Net), Seg-only",0.7117023766040802,0.2292664647102356,0.28780078887939453
"Learned (U-Net), Seg-only",0.6661764085292816,0.19833123683929443,0.22638261318206787
"Learned (U-Net), Seg-only",0.6737428605556488,0.21840226650238037,0.3084203004837036
"Learned (U-Net), Seg-only",0.6774953603744507,0.2528841495513916,0.40094125270843506
"Learned (U-Net), Seg-only",0.6662439107894897,0.2551229000091553,0.4792473316192627
"Learned (U-Net), Seg-only",0.6714906692504883,0.2590288519859314,0.29710495471954346
"Learned (U-Net), Seg-only",0.6854764521121979,0.2078881859779358,0.24432551860809326
"Learned (U-Net), Seg-only",0.688811868429184,0.24550068378448486,0.41435205936431885
"Learned (U-Net), Seg-only",0.6839756965637207,0.22948986291885376,0.28043484687805176
"Learned (U-Net), Seg-only",0.7212296426296234,0.19665467739105225,0.16991162300109863
"Learned (U-Net), Seg-only",0.6813739836215973,0.18798309564590454,0.26793432235717773
"Learned (U-Net), Seg-only",0.6840622425079346,0.26328402757644653,0.3123483657836914
"Learned (U-Net), Seg-only",0.723767101764679,0.27751654386520386,0.3276395797729492
"Learned (U-Net), Seg-only",0.6714392304420471,0.26759523153305054,0.459004282951355
"Learned (U-Net), Seg-only",0.6807372272014618,0.20381689071655273,0.2978452444076538
"Learned (U-Net), Seg-only",0.6428773999214172,0.25779402256011963,0.2860063314437866
"Learned (U-Net), Seg-only",0.6533805131912231,0.21115678548812866,0.24114418029785156
"Learned (U-Net), Seg-only",0.6556503474712372,0.2443942427635193,0.322277307510376
"Learned (U-Net), Seg-only",0.6465968489646912,0.24190473556518555,0.3284996747970581
"Learned (U-Net), Seg-only",0.6833649575710297,0.23258334398269653,0.3105146884918213
"Learned (U-Net), Seg-only",0.6925999224185944,0.2971799969673157,0.30055439472198486
"Learned (U-Net), Seg-only",0.6857036352157593,0.30076926946640015,0.32780492305755615
"Learned (U-Net), Seg-only",0.6470929682254791,0.17796027660369873,0.15501534938812256
"Learned (U-Net), Seg-only",0.6204403638839722,0.24880561232566833,0.2321232557296753
"Learned (U-Net), Seg-only",0.666100025177002,0.25213056802749634,0.3065389394760132
"Learned (U-Net), Seg-only",0.7440617084503174,0.2548179030418396,0.23203015327453613
"Learned (U-Net), Seg-only",0.6948721706867218,0.2337387204170227,0.18832099437713623
"Learned (U-Net), Seg-only",0.6608605980873108,0.26925355195999146,0.25018060207366943
"Learned (U-Net), Seg-only",0.6324907541275024,0.18529099225997925,0.20859158039093018
"Learned (U-Net), Seg-only",0.670840322971344,0.22725743055343628,0.10750269889831543
"Learned (U-Net), Seg-only",0.7205973565578461,0.2496957778930664,0.12930452823638916
"Learned (U-Net), Seg-only",0.6579923629760742,0.2829614281654358,0.10391354560852051
"Learned (U-Net), Seg-only",0.6635807752609253,0.2559658885002136,0.07110071182250977
"Learned (U-Net), Seg-only",0.671055018901825,0.15792375802993774,0.10737979412078857
"Learned (U-Net), Seg-only",0.7282675206661224,0.2528344392776489,0.07299339771270752
"Learned (U-Net), Seg-only",0.6963217556476593,0.22287696599960327,0.19004976749420166
"Learned (U-Net), Seg-only",0.6266664266586304,0.22164702415466309,0.17754828929901123
"Learned (U-Net), Seg-only",0.758684903383255,0.34903350472450256,0.21369481086730957
"Learned (U-Net), Seg-only",0.6280381977558136,0.21890652179718018,0.08037233352661133
"Learned (U-Net), Seg-only",0.6583407819271088,0.2426544427871704,0.005218863487243652
"Learned (U-Net), Seg-only",0.7068705856800079,0.28488248586654663,0.1415468454360962
"Learned (U-Net), Seg-only",0.7010276317596436,0.21484613418579102,0.052500009536743164
"Learned (U-Net), Seg-only",0.722524106502533,0.2403818964958191,0.12414753437042236
"Learned (U-Net), Seg-only",0.6460919976234436,0.26936906576156616,0.22567212581634521
"Learned (U-Net), Seg-only",0.6630550026893616,0.22655653953552246,0.11529552936553955
"Learned (U-Net), Seg-only",0.6624129712581635,0.25105488300323486,0.4708207845687866
"Learned (U-Net), Seg-only",0.6857595443725586,0.1948338747024536,0.3540654182434082
"Learned (U-Net), Seg-only",0.6660251319408417,0.23315143585205078,0.33014583587646484
"Learned (U-Net), Seg-only",0.6977950632572174,0.20336592197418213,0.37322425842285156
"Learned (U-Net), Seg-only",0.6558818221092224,0.18504059314727783,0.2574300765991211
"Learned (U-Net), Seg-only",0.6464661955833435,0.218070387840271,0.36449384689331055
"Learned (U-Net), Seg-only",0.6977966725826263,0.20323950052261353,0.2932400703430176
"Learned (U-Net), Seg-only",0.6672329902648926,0.2720402479171753,0.4507986307144165
"Learned (U-Net), Seg-only",0.6585055887699127,0.3170448839664459,0.5427236557006836
"Learned (U-Net), Seg-only",0.6507096588611603,0.2119368314743042,0.37360310554504395
"Learned (U-Net), Seg-only",0.6841462552547455,0.18258196115493774,0.2882957458496094
"Learned (U-Net), Seg-only",0.6654363870620728,0.23467731475830078,0.36571192741394043
"Learned (U-Net), Seg-only",0.6780397593975067,0.19537228345870972,0.3555319309234619
"Learned (U-Net), Seg-only",0.6710128784179688,0.17137277126312256,0.24554133415222168
"Learned (U-Net), Seg-only",0.6866083443164825,0.18387764692306519,0.44557690620422363
"Learned (U-Net), Seg-only",0.4703897088766098,0.05928152799606323,0.020378589630126953
"Learned (U-Net), Seg-only",0.46028009057044983,0.008846163749694824,0.04365992546081543
"Learned (U-Net), Seg-only",0.45738691091537476,0.058074951171875,0.10410475730895996
"Learned (U-Net), Seg-only",0.44851118326187134,0.01605546474456787,0.04765057563781738
"Learned (U-Net), Seg-only",0.4388449788093567,0.024547338485717773,0.006381392478942871
"Learned (U-Net), Seg-only",0.4479130953550339,0.0360715389251709,0.06934285163879395
"Learned (U-Net), Seg-only",0.45836442708969116,0.07152777910232544,0.10399007797241211
"Learned (U-Net), Seg-only",0.42914552986621857,0.00786060094833374,0.027419090270996094
"Learned (U-Net), Seg-only",0.4449731558561325,0.09821069240570068,0.1413257122039795
"Learned (U-Net), Seg-only",0.39312198758125305,0.00815427303314209,0.030184268951416016
"Learned (U-Net), Seg-only",0.4483373463153839,0.024547994136810303,0.027186274528503418
"Learned (U-Net), Seg-only",0.47392770648002625,0.02164369821548462,0.061710357666015625
"Learned (U-Net), Seg-only",0.4502184987068176,0.0870974063873291,0.17190289497375488
"Learned (U-Net), Seg-only",0.4757702946662903,0.11563295125961304,0.19024324417114258
"Learned (U-Net), Seg-only",0.41800346970558167,0.07440507411956787,0.052398681640625
"Learned (U-Net), Seg-only",0.43444377183914185,0.052893638610839844,0.09566116333007812
"Learned (U-Net), Seg-only",0.4379694014787674,0.04092651605606079,0.09033679962158203
"Learned (U-Net), Seg-only",0.4757193326950073,0.058071911334991455,0.050072669982910156
"Learned (U-Net), Seg-only",0.4235379993915558,0.0280035138130188,0.1030888557434082
"Learned (U-Net), Seg-only",0.42565950751304626,0.07539618015289307,0.07317805290222168
"Learned (U-Net), Seg-only",0.4578564614057541,0.05979090929031372,0.045673370361328125
"Learned (U-Net), Seg-only",0.4497111886739731,0.018004238605499268,0.051761746406555176
"Learned (U-Net), Seg-only",0.45077064633369446,0.052976131439208984,0.03917384147644043
"Learned (U-Net), Seg-only",0.457663431763649,0.0798608660697937,0.038866281509399414
"Learned (U-Net), Seg-only",0.45360471308231354,0.046590447425842285,0.016815900802612305
"Learned (U-Net), Seg-only",0.45910096168518066,0.06090909242630005,0.06324589252471924
"Learned (U-Net), Seg-only",0.4078311622142792,0.04585397243499756,0.03665602207183838
"Learned (U-Net), Seg-only",0.44795288145542145,0.004804551601409912,0.06087684631347656
"Learned (U-Net), Seg-only",0.49405740201473236,0.09057629108428955,0.07790899276733398
"Learned (U-Net), Seg-only",0.4357479214668274,0.06373089551925659,0.05122864246368408
"Learned (U-Net), Seg-only",0.47546663880348206,0.0328289270401001,0.07874739170074463
"Learned (U-Net), Seg-only",0.4911348819732666,0.1396886706352234,0.0031088590621948242
"Learned (U-Net), Seg-only",0.4232158213853836,0.04090142250061035,0.03352677822113037
"Learned (U-Net), Seg-only",0.4619179368019104,0.022916793823242188,0.1017916202545166
"Learned (U-Net), Seg-only",0.5301899611949921,0.028152287006378174,0.07143402099609375
"Learned (U-Net), Seg-only",0.4434176981449127,0.03087681531906128,0.01941847801208496
"Learned (U-Net), Seg-only",0.46765854954719543,0.050265491008758545,0.08737385272979736
"Learned (U-Net), Seg-only",0.43721334636211395,0.06452387571334839,0.06378054618835449
"Learned (U-Net), Seg-only",0.45271778106689453,0.023687541484832764,0.0658189058303833
"Learned (U-Net), Seg-only",0.419796347618103,0.027608215808868408,0.04109799861907959
"Learned (U-Net), Seg-only",0.4674217998981476,0.05648905038833618,0.011875629425048828
"Learned (U-Net), Seg-only",0.4220050722360611,0.050739169120788574,0.003457188606262207
"Learned (U-Net), Seg-only",0.4706672430038452,0.07053500413894653,0.04413032531738281
"Learned (U-Net), Seg-only",0.4712020307779312,0.028467118740081787,0.05651891231536865
"Learned (U-Net), Seg-only",0.46394431591033936,0.04657173156738281,0.000545501708984375
"Learned (U-Net), Seg-only",0.4734315276145935,0.03166604042053223,0.03459358215332031
"Learned (U-Net), Seg-only",0.45138154923915863,0.07935607433319092,0.14547014236450195
"Learned (U-Net), Seg-only",0.4300563186407089,0.054135918617248535,0.046985626220703125
"Learned (U-Net), Seg-only",0.42994651198387146,0.046339213848114014,0.06823086738586426
"Learned (U-Net), Seg-only",0.4710479974746704,0.10154342651367188,0.1741865873336792
"Learned (U-Net), Seg-only",0.47863374650478363,0.03470224142074585,0.0059621334075927734
"Learned (U-Net), Seg-only",0.4337359517812729,0.03295713663101196,0.026702165603637695
"Learned (U-Net), Seg-only",0.46890130639076233,0.045407116413116455,0.13397455215454102
"Learned (U-Net), Seg-only",0.4633149355649948,0.03574591875076294,0.11098527908325195
"Learned (U-Net), Seg-only",0.4524254649877548,0.07900327444076538,0.11550378799438477
"Learned (U-Net), Seg-only",0.43956220149993896,0.021560072898864746,0.006091117858886719
"Learned (U-Net), Seg-only",0.4311956316232681,0.06289660930633545,0.1652088165283203
"Learned (U-Net), Seg-only",0.4400283545255661,0.1100304126739502,0.20160770416259766
"Learned (U-Net), Seg-only",0.48065561056137085,0.04338282346725464,0.09838294982910156
"Learned (U-Net), Seg-only",0.467459112405777,0.030610382556915283,0.021953344345092773
"Learned (U-Net), Seg-only",1.5807332396507263,0.8414559364318848,0.9745407104492188
"Learned (U-Net), Seg-only",1.5703333616256714,0.7437115907669067,1.1318552494049072
"Learned (U-Net), Seg-only",1.5220592021942139,0.7737739086151123,1.0893516540527344
"Learned (U-Net), Seg-only",1.5921890139579773,0.8790149688720703,1.1089541912078857
"Learned (U-Net), Seg-only",1.53510320186615,0.7731766700744629,1.0947160720825195
"Learned (U-Net), Seg-only",1.5166724920272827,0.7276703119277954,1.011084794998169
"Learned (U-Net), Seg-only",1.5209763050079346,0.7836203575134277,1.2305400371551514
"Learned (U-Net), Seg-only",1.509346842765808,0.7270690202713013,1.1091680526733398
"Learned (U-Net), Seg-only",1.504528820514679,0.6663581132888794,1.187119960784912
"Learned (U-Net), Seg-only",1.5558852553367615,0.7836681604385376,0.996842622756958
"Learned (U-Net), Seg-only",1.5566949844360352,0.835993766784668,1.0228359699249268
"Learned (U-Net), Seg-only",1.5382779240608215,0.8113369941711426,1.3155953884124756
"Learned (U-Net), Seg-only",1.5586585402488708,0.8240460157394409,1.0697388648986816
"Learned (U-Net), Seg-only",1.563925862312317,0.739255428314209,1.1431300640106201
"Learned (U-Net), Seg-only",1.5485694408416748,0.8135812282562256,1.1984825134277344
"Learned (U-Net), Seg-only",1.4825798273086548,0.6335132122039795,1.134577989578247
"Learned (U-Net), Seg-only",1.5799155235290527,0.797661304473877,0.9464418888092041
"Learned (U-Net), Seg-only",1.487241506576538,0.6964787840843201,0.950847864151001
"Learned (U-Net), Seg-only",1.5899483561515808,0.8462427854537964,0.9830915927886963
"Learned (U-Net), Seg-only",1.478382408618927,0.5991356372833252,0.7055952548980713
"Learned (U-Net), Seg-only",1.5041128396987915,0.7148311138153076,0.9392130374908447
"Learned (U-Net), Seg-only",1.5509778261184692,0.6931463479995728,0.8346130847930908
"Learned (U-Net), Seg-only",1.5188522338867188,0.7582741975784302,0.8935928344726562
"Learned (U-Net), Seg-only",1.5227104425430298,0.7471112012863159,0.8228981494903564
"Learned (U-Net), Seg-only",1.4962656497955322,0.7369153499603271,0.7330551147460938
"Learned (U-Net), Seg-only",1.531940519809723,0.7516140937805176,0.976149320602417
"Learned (U-Net), Seg-only",1.5626302361488342,0.7765926122665405,0.7412717342376709
"Learned (U-Net), Seg-only",1.5654200315475464,0.7256292104721069,0.9101772308349609
"Learned (U-Net), Seg-only",1.4881659746170044,0.7000097036361694,0.6947672367095947
"Learned (U-Net), Seg-only",1.5468382239341736,0.6602681875228882,0.9473268985748291
"Learned (U-Net), Seg-only",1.5451833605766296,0.8441119194030762,0.7146649360656738
"Learned (U-Net), Seg-only",1.54653000831604,0.8536101579666138,0.8673746585845947
"Learned (U-Net), Seg-only",1.5053377151489258,0.8140522241592407,0.5161898136138916
"Learned (U-Net), Seg-only",1.5225737690925598,0.8548191785812378,0.7413637638092041
"Learned (U-Net), Seg-only",1.5942761301994324,0.9136760234832764,0.8096739053726196
"Learned (U-Net), Seg-only",1.5545507073402405,0.8296905755996704,0.6506068706512451
"Learned (U-Net), Seg-only",1.4198130369186401,0.6681678295135498,0.608271598815918
"Learned (U-Net), Seg-only",1.5256502628326416,0.7839453220367432,0.7530070543289185
"Learned (U-Net), Seg-only",1.5358642935752869,0.7869114875793457,0.713690996170044
"Learned (U-Net), Seg-only",1.494125247001648,0.7286466360092163,0.42353224754333496
"Learned (U-Net), Seg-only",1.583458125591278,0.7927510738372803,0.7253227233886719
"Learned (U-Net), Seg-only",1.5046417713165283,0.8118122816085815,0.7820501327514648
"Learned (U-Net), Seg-only",1.5666075944900513,0.8596416115760803,0.6057071685791016
"Learned (U-Net), Seg-only",1.5681418180465698,0.8340495824813843,0.7270190715789795
"Learned (U-Net), Seg-only",1.5431538820266724,0.776742696762085,0.6096779108047485
"Learned (U-Net), Seg-only",1.5290303230285645,0.6957966089248657,1.219637393951416
"Learned (U-Net), Seg-only",1.5457192063331604,0.8305842876434326,1.3158848285675049
"Learned (U-Net), Seg-only",1.5192536115646362,0.6983364820480347,0.9690952301025391
"Learned (U-Net), Seg-only",1.597101867198944,0.7452640533447266,1.1614704132080078
"Learned (U-Net), Seg-only",1.4802736639976501,0.724959135055542,1.1531667709350586
"Learned (U-Net), Seg-only",1.5767236948013306,0.6940653324127197,1.1128089427947998
"Learned (U-Net), Seg-only",1.5473186373710632,0.915037989616394,1.5880935192108154
"Learned (U-Net), Seg-only",1.6204131245613098,0.8683334589004517,1.473902702331543
"Learned (U-Net), Seg-only",1.5159791111946106,0.7287588119506836,1.152928352355957
"Learned (U-Net), Seg-only",1.530843734741211,0.6957015991210938,0.9991950988769531
"Learned (U-Net), Seg-only",1.6259931921958923,0.8644238710403442,1.5675930976867676
"Learned (U-Net), Seg-only",1.577314853668213,0.8895735144615173,1.4401309490203857
"Learned (U-Net), Seg-only",1.5590223670005798,0.7115914821624756,1.207366704940796
"Learned (U-Net), Seg-only",1.5352858901023865,0.601718544960022,0.7635741233825684
"Learned (U-Net), Seg-only",1.5906521081924438,0.775786280632019,1.2820360660552979
"Learned (U-Net), Seg-only",1.0912939310073853,0.3858829736709595,0.6575005054473877
"Learned (U-Net), Seg-only",1.077353835105896,0.3581506013870239,0.4259757995605469
"Learned (U-Net), Seg-only",1.0900110006332397,0.43075644969940186,0.6029181480407715
"Learned (U-Net), Seg-only",1.1079286336898804,0.35857176780700684,0.5800557136535645
"Learned (U-Net), Seg-only",1.0639651417732239,0.30387282371520996,0.5765132904052734
"Learned (U-Net), Seg-only",1.0895894765853882,0.34075403213500977,0.4617035388946533
"Learned (U-Net), Seg-only",1.0919103026390076,0.3902585506439209,0.4273648262023926
"Learned (U-Net), Seg-only",1.0866839289665222,0.4127943515777588,0.4949662685394287
"Learned (U-Net), Seg-only",1.0632809400558472,0.3817967176437378,0.470444917678833
"Learned (U-Net), Seg-only",1.0791704654693604,0.37288641929626465,0.5517995357513428
"Learned (U-Net), Seg-only",1.1410646438598633,0.36276495456695557,0.5580718517303467
"Learned (U-Net), Seg-only",1.1452670097351074,0.42574048042297363,0.7296106815338135
"Learned (U-Net), Seg-only",1.0745998620986938,0.3421506881713867,0.45041894912719727
"Learned (U-Net), Seg-only",1.0761756300926208,0.33502304553985596,0.3722867965698242
"Learned (U-Net), Seg-only",1.1162565350532532,0.35843002796173096,0.44623875617980957
"Learned (U-Net), Seg-only",1.068812370300293,0.34460246562957764,0.3476860523223877
"Learned (U-Net), Seg-only",1.0669040083885193,0.3719935417175293,0.5378999710083008
"Learned (U-Net), Seg-only",1.123227059841156,0.30585038661956787,0.23973321914672852
"Learned (U-Net), Seg-only",1.0471783578395844,0.2828481197357178,0.31298303604125977
"Learned (U-Net), Seg-only",1.1501795053482056,0.29474449157714844,0.43996214866638184
"Learned (U-Net), Seg-only",1.1364524364471436,0.40374672412872314,0.3661661148071289
"Learned (U-Net), Seg-only",1.0607774257659912,0.3386796712875366,0.32504796981811523
"Learned (U-Net), Seg-only",0.9880766272544861,0.21531307697296143,0.2932901382446289
"Learned (U-Net), Seg-only",1.0499953627586365,0.3536726236343384,0.4093508720397949
"Learned (U-Net), Seg-only",1.0955484509468079,0.3786048889160156,0.5389151573181152
"Learned (U-Net), Seg-only",1.1081827282905579,0.4085659980773926,0.5127525329589844
"Learned (U-Net), Seg-only",1.0554249286651611,0.31047940254211426,0.366884708404541
"Learned (U-Net), Seg-only",1.1526142954826355,0.4310194253921509,0.48568058013916016
"Learned (U-Net), Seg-only",1.1199339628219604,0.3758002519607544,0.3151850700378418
"Learned (U-Net), Seg-only",1.12227463722229,0.3699991703033447,0.34410977363586426
"Learned (U-Net), Seg-only",1.0571781396865845,0.3476533889770508,0.3041188716888428
"Learned (U-Net), Seg-only",1.064285159111023,0.3542520999908447,0.24051856994628906
"Learned (U-Net), Seg-only",1.1441072821617126,0.4168264865875244,0.3022446632385254
"Learned (U-Net), Seg-only",1.1620138883590698,0.39718902111053467,0.1728520393371582
"Learned (U-Net), Seg-only",1.0707099437713623,0.3735768795013428,0.27314090728759766
"Learned (U-Net), Seg-only",1.1090828776359558,0.38231754302978516,0.41552042961120605
"Learned (U-Net), Seg-only",1.100626528263092,0.3531244993209839,0.2463974952697754
"Learned (U-Net), Seg-only",1.118788242340088,0.3963974714279175,0.3290114402770996
"Learned (U-Net), Seg-only",1.0417953729629517,0.3200690746307373,0.38878965377807617
"Learned (U-Net), Seg-only",1.073091208934784,0.3590935468673706,0.10135817527770996
"Learned (U-Net), Seg-only",1.1121275424957275,0.382169246673584,0.342698335647583
"Learned (U-Net), Seg-only",1.1117085218429565,0.3416498899459839,0.2259054183959961
"Learned (U-Net), Seg-only",1.0712761878967285,0.4209555387496948,0.1994009017944336
"Learned (U-Net), Seg-only",1.0740783214569092,0.3254892826080322,0.37285709381103516
"Learned (U-Net), Seg-only",1.1453723907470703,0.3001260757446289,0.251692533493042
"Learned (U-Net), Seg-only",1.0567204356193542,0.3662230968475342,0.6164789199829102
"Learned (U-Net), Seg-only",1.0756093859672546,0.38463664054870605,0.542393684387207
"Learned (U-Net), Seg-only",1.0848553776741028,0.3607006072998047,0.5362868309020996
"Learned (U-Net), Seg-only",1.1429771184921265,0.32628345489501953,0.6729323863983154
"Learned (U-Net), Seg-only",1.0514582395553589,0.30317628383636475,0.41461181640625
"Learned (U-Net), Seg-only",1.0601415038108826,0.32770514488220215,0.628511905670166
"Learned (U-Net), Seg-only",1.100912630558014,0.38258957862854004,0.5744585990905762
"Learned (U-Net), Seg-only",1.156096339225769,0.4268641471862793,0.6971521377563477
"Learned (U-Net), Seg-only",1.0644640922546387,0.3100641965866089,0.4531989097595215
"Learned (U-Net), Seg-only",1.0700468719005585,0.4006924629211426,0.6220345497131348
"Learned (U-Net), Seg-only",1.078207552433014,0.40845227241516113,0.6400833129882812
"Learned (U-Net), Seg-only",1.1053655743598938,0.38250768184661865,0.5959897041320801
"Learned (U-Net), Seg-only",1.1393847465515137,0.4344019889831543,0.8036389350891113
"Learned (U-Net), Seg-only",1.1136340498924255,0.35000741481781006,0.6000940799713135
"Learned (U-Net), Seg-only",1.1323051452636719,0.4470251798629761,0.930565357208252
"Learned (U-Net), Seg-only",1.194692850112915,0.4554649591445923,0.47483158111572266
"Learned (U-Net), Seg-only",1.2297149300575256,0.4479011297225952,0.6704311370849609
"Learned (U-Net), Seg-only",1.2302749156951904,0.4362907409667969,0.5720620155334473
"Learned (U-Net), Seg-only",1.2452157735824585,0.4697805643081665,0.6241586208343506
"Learned (U-Net), Seg-only",1.2164356708526611,0.42033326625823975,0.5293896198272705
"Learned (U-Net), Seg-only",1.2454874515533447,0.4696829319000244,0.680797815322876
"Learned (U-Net), Seg-only",1.2475796341896057,0.41758430004119873,0.38000059127807617
"Learned (U-Net), Seg-only",1.2126915454864502,0.43743371963500977,0.699934720993042
"Learned (U-Net), Seg-only",1.1723741292953491,0.3926863670349121,0.6252660751342773
"Learned (U-Net), Seg-only",1.2127260565757751,0.44083261489868164,0.7746255397796631
"Learned (U-Net), Seg-only",1.2502384185791016,0.469234824180603,0.7498447895050049
"Learned (U-Net), Seg-only",1.2240582704544067,0.4279000759124756,0.4551880359649658
"Learned (U-Net), Seg-only",1.169245719909668,0.49540138244628906,0.6341137886047363
"Learned (U-Net), Seg-only",1.2113901376724243,0.4495089054107666,0.6742782592773438
"Learned (U-Net), Seg-only",1.2106633186340332,0.472017765045166,0.67020583152771
"Learned (U-Net), Seg-only",1.1940183639526367,0.3908425569534302,0.44024109840393066
"Learned (U-Net), Seg-only",1.196942150592804,0.38398802280426025,0.6595778465270996
"Learned (U-Net), Seg-only",1.3012012839317322,0.5174540877342224,0.3541574478149414
"Learned (U-Net), Seg-only",1.206381618976593,0.36152803897857666,0.5471558570861816
"Learned (U-Net), Seg-only",1.2276767492294312,0.36387693881988525,0.36667609214782715
"Learned (U-Net), Seg-only",1.1943362951278687,0.37563908100128174,0.42369794845581055
"Learned (U-Net), Seg-only",1.1673824191093445,0.3855942487716675,0.47007250785827637
"Learned (U-Net), Seg-only",1.187581181526184,0.4497872591018677,0.6112399101257324
"Learned (U-Net), Seg-only",1.2777668833732605,0.5612389445304871,0.5367269515991211
"Learned (U-Net), Seg-only",1.2923166751861572,0.5182981491088867,0.5274875164031982
"Learned (U-Net), Seg-only",1.2166063785552979,0.4833207130432129,0.5871021747589111
"Learned (U-Net), Seg-only",1.267900824546814,0.4944719076156616,0.628126859664917
"Learned (U-Net), Seg-only",1.2588571310043335,0.37543559074401855,0.44442129135131836
"Learned (U-Net), Seg-only",1.257189393043518,0.40126824378967285,0.5665490627288818
"Learned (U-Net), Seg-only",1.1756805181503296,0.40452730655670166,0.4285411834716797
"Learned (U-Net), Seg-only",1.2755274772644043,0.47352826595306396,0.31157612800598145
"Learned (U-Net), Seg-only",1.2406830787658691,0.48148810863494873,0.29048705101013184
"Learned (U-Net), Seg-only",1.2048293948173523,0.35336601734161377,0.26224756240844727
"Learned (U-Net), Seg-only",1.1739163398742676,0.3466019630432129,0.274371862411499
"Learned (U-Net), Seg-only",1.2027325630187988,0.4612349271774292,0.21251797676086426
"Learned (U-Net), Seg-only",1.2229827046394348,0.4356367588043213,0.3729369640350342
"Learned (U-Net), Seg-only",1.1928126811981201,0.45308923721313477,0.45249152183532715
"Learned (U-Net), Seg-only",1.2045884728431702,0.47947657108306885,0.5026912689208984
"Learned (U-Net), Seg-only",1.2719975113868713,0.44061243534088135,0.2730720043182373
"Learned (U-Net), Seg-only",1.2582849264144897,0.5024502277374268,0.3663656711578369
"Learned (U-Net), Seg-only",1.185317873954773,0.3969923257827759,0.2499678134918213
"Learned (U-Net), Seg-only",1.203135371208191,0.5043108463287354,0.38026857376098633
"Learned (U-Net), Seg-only",1.1889691352844238,0.3588745594024658,0.3697354793548584
"Learned (U-Net), Seg-only",1.2428348660469055,0.4472454786300659,0.3636617660522461
"Learned (U-Net), Seg-only",1.2588120102882385,0.4428979158401489,0.23582863807678223
"Learned (U-Net), Seg-only",1.1975274085998535,0.38007426261901855,0.636138916015625
"Learned (U-Net), Seg-only",1.1974440813064575,0.31201744079589844,0.4948267936706543
"Learned (U-Net), Seg-only",1.250128984451294,0.3637200593948364,0.6162300109863281
"Learned (U-Net), Seg-only",1.2668862342834473,0.49099159240722656,0.867868185043335
"Learned (U-Net), Seg-only",1.2196576595306396,0.3726165294647217,0.6114406585693359
"Learned (U-Net), Seg-only",1.2036654949188232,0.5177931189537048,0.9917910099029541
"Learned (U-Net), Seg-only",1.2570292949676514,0.5399510860443115,0.9838387966156006
"Learned (U-Net), Seg-only",1.179474413394928,0.42075979709625244,0.7714941501617432
"Learned (U-Net), Seg-only",1.2213556170463562,0.4281618595123291,0.6940231323242188
"Learned (U-Net), Seg-only",1.2231743931770325,0.43791377544403076,0.7430295944213867
"Learned (U-Net), Seg-only",1.2272977828979492,0.542639970779419,0.920748233795166
"Learned (U-Net), Seg-only",1.2185352444648743,0.5254437923431396,0.9279673099517822
"Learned (U-Net), Seg-only",1.2832131385803223,0.3822321891784668,0.5504622459411621
"Learned (U-Net), Seg-only",1.1969959735870361,0.371845006942749,0.8168437480926514
"Learned (U-Net), Seg-only",1.1877439618110657,0.2812618017196655,0.4188880920410156
"Learned (U-Net), Seg-only",0.680109441280365,0.06077015399932861,0.051898956298828125
"Learned (U-Net), Seg-only",0.6969283819198608,0.10038423538208008,0.19485187530517578
"Learned (U-Net), Seg-only",0.7013339400291443,0.12204086780548096,0.15000104904174805
"Learned (U-Net), Seg-only",0.6586635708808899,0.07667303085327148,0.09395074844360352
"Learned (U-Net), Seg-only",0.7513213455677032,0.1740868091583252,0.1889362335205078
"Learned (U-Net), Seg-only",0.757236123085022,0.09468555450439453,0.2336883544921875
"Learned (U-Net), Seg-only",0.6942920088768005,0.1437380313873291,0.16097211837768555
"Learned (U-Net), Seg-only",0.706346333026886,0.03958332538604736,0.08368802070617676
"Learned (U-Net), Seg-only",0.6923199892044067,0.09310388565063477,0.20151472091674805
"Learned (U-Net), Seg-only",0.7097465991973877,0.10235238075256348,0.10373163223266602
"Learned (U-Net), Seg-only",0.6859323978424072,0.09918844699859619,0.1540393829345703
"Learned (U-Net), Seg-only",0.6685391664505005,0.03611099720001221,0.19498515129089355
"Learned (U-Net), Seg-only",0.6954165101051331,0.10219800472259521,0.2572040557861328
"Learned (U-Net), Seg-only",0.7574614882469177,0.07865381240844727,0.12543535232543945
"Learned (U-Net), Seg-only",0.6701071262359619,0.0880047082901001,0.07112240791320801
"Learned (U-Net), Seg-only",0.6740363836288452,0.11161530017852783,0.09085536003112793
"Learned (U-Net), Seg-only",0.7455678582191467,0.1109079122543335,0.16798806190490723
"Learned (U-Net), Seg-only",0.6642082631587982,0.07279562950134277,0.11992359161376953
"Learned (U-Net), Seg-only",0.7675324082374573,0.18124306201934814,0.16492223739624023
"Learned (U-Net), Seg-only",0.6977372169494629,0.08794558048248291,0.18642520904541016
"Learned (U-Net), Seg-only",0.6664240956306458,0.08375167846679688,0.000537872314453125
"Learned (U-Net), Seg-only",0.7384971678256989,0.018137216567993164,0.1692490577697754
"Learned (U-Net), Seg-only",0.7024268507957458,0.14490878582000732,0.21814990043640137
"Learned (U-Net), Seg-only",0.7096574306488037,0.078987717628479,0.17395305633544922
"Learned (U-Net), Seg-only",0.7078300714492798,0.13173425197601318,0.21789765357971191
"Learned (U-Net), Seg-only",0.6809033751487732,0.05821359157562256,0.17411327362060547
"Learned (U-Net), Seg-only",0.7468745410442352,0.12000381946563721,0.2014179229736328
"Learned (U-Net), Seg-only",0.7015237808227539,0.08072996139526367,0.04712867736816406
"Learned (U-Net), Seg-only",0.7482513189315796,0.09299659729003906,0.09289264678955078
"Learned (U-Net), Seg-only",0.7296309173107147,0.12335288524627686,0.11775875091552734
"Learned (U-Net), Seg-only",0.6558763980865479,0.11918866634368896,0.0211181640625
"Learned (U-Net), Seg-only",0.6933748126029968,0.10879933834075928,0.05614805221557617
"Learned (U-Net), Seg-only",0.7093912363052368,0.10201787948608398,0.03735232353210449
"Learned (U-Net), Seg-only",0.7149097621440887,0.10626006126403809,0.08090829849243164
"Learned (U-Net), Seg-only",0.6751780807971954,0.1324371099472046,0.05061984062194824
"Learned (U-Net), Seg-only",0.6863654553890228,0.08852267265319824,0.13390564918518066
"Learned (U-Net), Seg-only",0.7561684548854828,0.12597787380218506,0.040846824645996094
"Learned (U-Net), Seg-only",0.722222626209259,0.10863590240478516,0.08730149269104004
"Learned (U-Net), Seg-only",0.6647706627845764,0.09913361072540283,0.044431209564208984
"Learned (U-Net), Seg-only",0.6536685526371002,0.08952856063842773,0.10331344604492188
"Learned (U-Net), Seg-only",0.6813299059867859,0.04439389705657959,0.09728336334228516
"Learned (U-Net), Seg-only",0.6506519019603729,0.11708927154541016,0.02547430992126465
"Learned (U-Net), Seg-only",0.7177523970603943,0.14651000499725342,0.05094766616821289
"Learned (U-Net), Seg-only",0.6997447609901428,0.09207594394683838,0.03145790100097656
"Learned (U-Net), Seg-only",0.6893419623374939,0.03600752353668213,0.014266252517700195
"Learned (U-Net), Seg-only",0.7504251599311829,0.10241901874542236,0.1316204071044922
"Learned (U-Net), Seg-only",0.7081889808177948,0.1695101261138916,0.25511980056762695
"Learned (U-Net), Seg-only",0.7217312455177307,0.1206585168838501,0.24383926391601562
"Learned (U-Net), Seg-only",0.7105734944343567,0.13308978080749512,0.17273950576782227
"Learned (U-Net), Seg-only",0.6967577338218689,0.09200334548950195,0.16196489334106445
"Learned (U-Net), Seg-only",0.6947397589683533,0.0837932825088501,0.18276262283325195
"Learned (U-Net), Seg-only",0.6931044459342957,0.09576058387756348,0.14812088012695312
"Learned (U-Net), Seg-only",0.7140717506408691,0.22551202774047852,0.3623013496398926
"Learned (U-Net), Seg-only",0.7324180603027344,0.2077312469482422,0.359865665435791
"Learned (U-Net), Seg-only",0.6964863240718842,0.10514581203460693,0.15689849853515625
"Learned (U-Net), Seg-only",0.6831829845905304,0.08875787258148193,0.2662642002105713
"Learned (U-Net), Seg-only",0.6767861247062683,0.14174234867095947,0.19785261154174805
"Learned (U-Net), Seg-only",0.6952612102031708,0.07290399074554443,0.004932403564453125
"Learned (U-Net), Seg-only",0.67702516913414,0.09274530410766602,0.16877317428588867
"Learned (U-Net), Seg-only",0.7110658586025238,0.05901503562927246,0.040898799896240234
"Learned (U-Net), Seg-only",0.8448756337165833,0.4397270679473877,0.7850614786148071
"Learned (U-Net), Seg-only",0.8137998282909393,0.4233970642089844,0.5642497539520264
"Learned (U-Net), Seg-only",0.8324759900569916,0.39993417263031006,0.5384416580200195
"Learned (U-Net), Seg-only",0.8492215275764465,0.39390110969543457,0.6332094669342041
"Learned (U-Net), Seg-only",0.8237011432647705,0.3962724208831787,0.6771734952926636
"Learned (U-Net), Seg-only",0.815220445394516,0.4194567799568176,0.5672341585159302
"Learned (U-Net), Seg-only",0.8156067430973053,0.3877077102661133,0.5794302225112915
"Learned (U-Net), Seg-only",0.8635905385017395,0.47635790705680847,0.7234921455383301
"Learned (U-Net), Seg-only",0.8376337289810181,0.4124773144721985,0.5285794734954834
"Learned (U-Net), Seg-only",0.8426399827003479,0.43521028757095337,0.5665358304977417
"Learned (U-Net), Seg-only",0.8368975520133972,0.4477735757827759,0.5911799669265747
"Learned (U-Net), Seg-only",0.8842372596263885,0.4790934920310974,0.5852352380752563
"Learned (U-Net), Seg-only",0.8289563357830048,0.38402122259140015,0.5998772382736206
"Learned (U-Net), Seg-only",0.8599278926849365,0.5023368000984192,0.6920902729034424
"Learned (U-Net), Seg-only",0.8164066970348358,0.37323224544525146,0.44788801670074463
"Learned (U-Net), Seg-only",0.8380407094955444,0.4099574685096741,0.47544848918914795
"Learned (U-Net), Seg-only",0.8799761533737183,0.43245112895965576,0.4741096496582031
"Learned (U-Net), Seg-only",0.8654853999614716,0.44577616453170776,0.5056612491607666
"Learned (U-Net), Seg-only",0.8421895503997803,0.4215536117553711,0.43850159645080566
"Learned (U-Net), Seg-only",0.8581275939941406,0.36142992973327637,0.4593210220336914
"Learned (U-Net), Seg-only",0.8423050940036774,0.41637957096099854,0.4910937547683716
"Learned (U-Net), Seg-only",0.8673225045204163,0.4955960810184479,0.5902321338653564
"Learned (U-Net), Seg-only",0.8364791572093964,0.42154380679130554,0.4359440803527832
"Learned (U-Net), Seg-only",0.8419279754161835,0.4225831627845764,0.3967212438583374
"Learned (U-Net), Seg-only",0.8218300044536591,0.3848755359649658,0.5003912448883057
"Learned (U-Net), Seg-only",0.8169488310813904,0.4055774211883545,0.41775989532470703
"Learned (U-Net), Seg-only",0.8362892866134644,0.45026639103889465,0.4872899055480957
"Learned (U-Net), Seg-only",0.802081823348999,0.4445457458496094,0.46456456184387207
"Learned (U-Net), Seg-only",0.8445890247821808,0.4618114233016968,0.5745530128479004
"Learned (U-Net), Seg-only",0.8662886619567871,0.40447449684143066,0.37915050983428955
"Learned (U-Net), Seg-only",0.8125465512275696,0.33666765689849854,0.2455664873123169
"Learned (U-Net), Seg-only",0.8272837698459625,0.314048707485199,0.2089526653289795
"Learned (U-Net), Seg-only",0.8222125470638275,0.37520599365234375,0.22566795349121094
"Learned (U-Net), Seg-only",0.8418550491333008,0.4510803818702698,0.1982431411743164
"Learned (U-Net), Seg-only",0.8367735743522644,0.3795890212059021,0.08071720600128174
"Learned (U-Net), Seg-only",0.8319013714790344,0.3914993405342102,0.28977465629577637
"Learned (U-Net), Seg-only",0.8370588421821594,0.38161182403564453,0.3293343186378479
"Learned (U-Net), Seg-only",0.8070928156375885,0.367828369140625,0.2407897710800171
"Learned (U-Net), Seg-only",0.8066562414169312,0.44231534004211426,0.17364978790283203
"Learned (U-Net), Seg-only",0.8159081935882568,0.3543076515197754,0.31963682174682617
"Learned (U-Net), Seg-only",0.8265699744224548,0.47041910886764526,0.44681310653686523
"Learned (U-Net), Seg-only",0.830988347530365,0.4890286922454834,0.2937246561050415
"Learned (U-Net), Seg-only",0.8249397873878479,0.4312098026275635,0.28749048709869385
"Learned (U-Net), Seg-only",0.840954452753067,0.4297238886356354,0.31012988090515137
"Learned (U-Net), Seg-only",0.8109223544597626,0.4162793457508087,0.2508985996246338
"Learned (U-Net), Seg-only",0.8316081464290619,0.44082021713256836,0.755419135093689
"Learned (U-Net), Seg-only",0.831419974565506,0.4436103105545044,0.7795834541320801
"Learned (U-Net), Seg-only",0.808441162109375,0.3343202471733093,0.5093532800674438
"Learned (U-Net), Seg-only",0.7920476198196411,0.38493990898132324,0.6146057844161987
"Learned (U-Net), Seg-only",0.8503665328025818,0.44439348578453064,0.7458926439285278
"Learned (U-Net), Seg-only",0.8562360405921936,0.45542705059051514,0.8051801919937134
"Learned (U-Net), Seg-only",0.8284585475921631,0.3945576548576355,0.5764110088348389
"Learned (U-Net), Seg-only",0.7578432857990265,0.3380579948425293,0.5617046356201172
"Learned (U-Net), Seg-only",0.8142514526844025,0.43065640330314636,0.6379873752593994
"Learned (U-Net), Seg-only",0.889003187417984,0.4978572726249695,0.8583657741546631
"Learned (U-Net), Seg-only",0.8348362743854523,0.40188372135162354,0.6310595273971558
"Learned (U-Net), Seg-only",0.864202469587326,0.49071672558784485,0.8220758438110352
"Learned (U-Net), Seg-only",0.8331326842308044,0.37026286125183105,0.6350710391998291
"Learned (U-Net), Seg-only",0.83480504155159,0.45776474475860596,0.7837152481079102
"Learned (U-Net), Seg-only",0.8483265042304993,0.43730098009109497,0.6506589651107788
"Learned (U-Net), Seg-only",0.6194434762001038,0.17034989595413208,0.15889477729797363
"Learned (U-Net), Seg-only",0.6128205358982086,0.2136906385421753,0.35222434997558594
"Learned (U-Net), Seg-only",0.6356904804706573,0.23960423469543457,0.34001851081848145
"Learned (U-Net), Seg-only",0.6219930052757263,0.2069835066795349,0.3391711711883545
"Learned (U-Net), Seg-only",0.6591790914535522,0.2182355523109436,0.32805395126342773
"Learned (U-Net), Seg-only",0.6232044696807861,0.15271133184432983,0.3087031841278076
"Learned (U-Net), Seg-only",0.5927096307277679,0.17765706777572632,0.2576407194137573
"Learned (U-Net), Seg-only",0.6490987539291382,0.2511603832244873,0.30944693088531494
"Learned (U-Net), Seg-only",0.6209536790847778,0.22877168655395508,0.3328768014907837
"Learned (U-Net), Seg-only",0.5966287851333618,0.2685573101043701,0.373920202255249
"Learned (U-Net), Seg-only",0.6341452300548553,0.22793513536453247,0.34073710441589355
"Learned (U-Net), Seg-only",0.5747835338115692,0.19375312328338623,0.22268187999725342
"Learned (U-Net), Seg-only",0.636785238981247,0.2455587387084961,0.4307366609573364
"Learned (U-Net), Seg-only",0.6146989464759827,0.168856680393219,0.28863775730133057
"Learned (U-Net), Seg-only",0.6284810900688171,0.2500110864639282,0.34247255325317383
"Learned (U-Net), Seg-only",0.62113156914711,0.17608338594436646,0.2208651304244995
"Learned (U-Net), Seg-only",0.6199216842651367,0.1685318946838379,0.1862412691116333
"Learned (U-Net), Seg-only",0.6075379252433777,0.16330701112747192,0.24305474758148193
"Learned (U-Net), Seg-only",0.6479675769805908,0.12234354019165039,0.18465864658355713
"Learned (U-Net), Seg-only",0.5811556875705719,0.22120124101638794,0.23862981796264648
"Learned (U-Net), Seg-only",0.6294111907482147,0.18401658535003662,0.11773085594177246
"Learned (U-Net), Seg-only",0.6415600180625916,0.21511441469192505,0.27593374252319336
"Learned (U-Net), Seg-only",0.6232792735099792,0.22966492176055908,0.3667171001434326
"Learned (U-Net), Seg-only",0.6163405179977417,0.2664041519165039,0.291375994682312
"Learned (U-Net), Seg-only",0.6073180437088013,0.2176927924156189,0.1463639736175537
"Learned (U-Net), Seg-only",0.611609935760498,0.2584694027900696,0.1983729600906372
"Learned (U-Net), Seg-only",0.6188912689685822,0.1511526107788086,0.23375487327575684
"Learned (U-Net), Seg-only",0.6557937264442444,0.23173457384109497,0.14505207538604736
"Learned (U-Net), Seg-only",0.6109632849693298,0.14653867483139038,0.11229276657104492
"Learned (U-Net), Seg-only",0.6111064553260803,0.1786016821861267,0.1001507043838501
"Learned (U-Net), Seg-only",0.6253647804260254,0.19337081909179688,0.2908998727798462
"Learned (U-Net), Seg-only",0.6064250469207764,0.1983698010444641,0.09157454967498779
"Learned (U-Net), Seg-only",0.6188572645187378,0.25055623054504395,0.1276261806488037
"Learned (U-Net), Seg-only",0.565714031457901,0.1573912501335144,0.13749384880065918
"Learned (U-Net), Seg-only",0.5948048233985901,0.15067827701568604,0.08429515361785889
"Learned (U-Net), Seg-only",0.6262052953243256,0.13782399892807007,0.11253178119659424
"Learned (U-Net), Seg-only",0.631794810295105,0.2626742124557495,0.2054576873779297
"Learned (U-Net), Seg-only",0.6422644853591919,0.21559500694274902,0.0954207181930542
"Learned (U-Net), Seg-only",0.6043110191822052,0.1682453751564026,0.07804703712463379
"Learned (U-Net), Seg-only",0.6193957030773163,0.21292704343795776,0.09550738334655762
"Learned (U-Net), Seg-only",0.6370401978492737,0.21407103538513184,0.010158300399780273
"Learned (U-Net), Seg-only",0.5924003422260284,0.2587173581123352,0.12424170970916748
"Learned (U-Net), Seg-only",0.5864785313606262,0.17183846235275269,0.17205166816711426
"Learned (U-Net), Seg-only",0.6192692220211029,0.20167618989944458,0.10180842876434326
"Learned (U-Net), Seg-only",0.6516334414482117,0.19398313760757446,0.0915374755859375
"Learned (U-Net), Seg-only",0.6195578873157501,0.2135750651359558,0.32989978790283203
"Learned (U-Net), Seg-only",0.6105811893939972,0.235787034034729,0.30623769760131836
"Learned (U-Net), Seg-only",0.6619017422199249,0.2502092123031616,0.35222411155700684
"Learned (U-Net), Seg-only",0.654655933380127,0.2930670380592346,0.586627721786499
"Learned (U-Net), Seg-only",0.6215176582336426,0.2592930793762207,0.39377737045288086
"Learned (U-Net), Seg-only",0.566941112279892,0.15888822078704834,0.25836896896362305
"Learned (U-Net), Seg-only",0.5838047564029694,0.16734451055526733,0.35264790058135986
"Learned (U-Net), Seg-only",0.6305466294288635,0.23314142227172852,0.4672844409942627
"Learned (U-Net), Seg-only",0.6380497217178345,0.2643700838088989,0.3938119411468506
"Learned (U-Net), Seg-only",0.6018015742301941,0.22161579132080078,0.4763542413711548
"Learned (U-Net), Seg-only",0.6346327662467957,0.18615907430648804,0.25208067893981934
"Learned (U-Net), Seg-only",0.5816506147384644,0.19646906852722168,0.27960944175720215
"Learned (U-Net), Seg-only",0.5879430770874023,0.25995051860809326,0.4029272794723511
"Learned (U-Net), Seg-only",0.6358436644077301,0.18458670377731323,0.3746957778930664
"Learned (U-Net), Seg-only",0.6196070909500122,0.22623449563980103,0.34471774101257324
"Learned (U-Net), Seg-only",0.6951967179775238,0.2454909086227417,0.35856449604034424
"Learned (U-Net), Seg-only",0.6944643259048462,0.22602123022079468,0.31503260135650635
"Learned (U-Net), Seg-only",0.665838211774826,0.19883215427398682,0.1988908052444458
"Learned (U-Net), Seg-only",0.6729200184345245,0.2536551356315613,0.3552476167678833
"Learned (U-Net), Seg-only",0.6896926760673523,0.21595525741577148,0.2659287452697754
"Learned (U-Net), Seg-only",0.6780783236026764,0.19943875074386597,0.1893528699874878
"Learned (U-Net), Seg-only",0.6524435579776764,0.2213258147239685,0.551618218421936
"Learned (U-Net), Seg-only",0.6930344104766846,0.2585430145263672,0.4323781728744507
"Learned (U-Net), Seg-only",0.7009506523609161,0.25523293018341064,0.39509618282318115
"Learned (U-Net), Seg-only",0.6585707664489746,0.15853720903396606,0.29699862003326416
"Learned (U-Net), Seg-only",0.75785693526268,0.2934747338294983,0.3983039855957031
"Learned (U-Net), Seg-only",0.6719674170017242,0.24593627452850342,0.42906713485717773
"Learned (U-Net), Seg-only",0.6625874638557434,0.22162222862243652,0.34069955348968506
"Learned (U-Net), Seg-only",0.6997367441654205,0.24609708786010742,0.3727675676345825
"Learned (U-Net), Seg-only",0.6774923205375671,0.23871159553527832,0.3306843042373657
"Learned (U-Net), Seg-only",0.6865889132022858,0.28062158823013306,0.3754425048828125
"Learned (U-Net), Seg-only",0.6879372000694275,0.2531658411026001,0.2232128381729126
"Learned (U-Net), Seg-only",0.6815052628517151,0.32563766837120056,0.3087273836135864
"Learned (U-Net), Seg-only",0.6633445620536804,0.1861124038696289,0.14983952045440674
"Learned (U-Net), Seg-only",0.664443701505661,0.21417999267578125,0.16567456722259521
"Learned (U-Net), Seg-only",0.6718887388706207,0.2483595609664917,0.31640172004699707
"Learned (U-Net), Seg-only",0.6370953619480133,0.22794628143310547,0.23898792266845703
"Learned (U-Net), Seg-only",0.6734701991081238,0.24465864896774292,0.2130516767501831
"Learned (U-Net), Seg-only",0.7152745723724365,0.25324735045433044,0.2722426652908325
"Learned (U-Net), Seg-only",0.6851174235343933,0.2112763524055481,0.24408471584320068
"Learned (U-Net), Seg-only",0.699673980474472,0.2307490110397339,0.2557328939437866
"Learned (U-Net), Seg-only",0.6517009139060974,0.21125733852386475,0.33044934272766113
"Learned (U-Net), Seg-only",0.6859109699726105,0.2103402018547058,0.22165286540985107
"Learned (U-Net), Seg-only",0.6538381278514862,0.36137622594833374,0.35616862773895264
"Learned (U-Net), Seg-only",0.6620205044746399,0.24711710214614868,0.20405161380767822
"Learned (U-Net), Seg-only",0.6814563572406769,0.1987951397895813,0.08350801467895508
"Learned (U-Net), Seg-only",0.7047112584114075,0.24543428421020508,0.03357744216918945
"Learned (U-Net), Seg-only",0.675790548324585,0.26138681173324585,0.21021080017089844
"Learned (U-Net), Seg-only",0.7208538949489594,0.25972288846969604,0.26339900493621826
"Learned (U-Net), Seg-only",0.7046499252319336,0.3116602301597595,0.07250261306762695
"Learned (U-Net), Seg-only",0.6431866884231567,0.2465146780014038,0.17436909675598145
"Learned (U-Net), Seg-only",0.6766931414604187,0.2733919024467468,0.19540369510650635
"Learned (U-Net), Seg-only",0.6862257719039917,0.18901926279067993,0.17503929138183594
"Learned (U-Net), Seg-only",0.6866630613803864,0.17173665761947632,0.14599430561065674
"Learned (U-Net), Seg-only",0.6425100862979889,0.2008953094482422,0.1808086633682251
"Learned (U-Net), Seg-only",0.6879283487796783,0.3338167071342468,0.32704639434814453
"Learned (U-Net), Seg-only",0.7208101451396942,0.18167155981063843,0.02284848690032959
"Learned (U-Net), Seg-only",0.6712683439254761,0.2987225651741028,0.21240663528442383
"Learned (U-Net), Seg-only",0.671881914138794,0.2721065580844879,0.14678716659545898
"Learned (U-Net), Seg-only",0.7091150283813477,0.32575157284736633,0.15661537647247314
"Learned (U-Net), Seg-only",0.6868236362934113,0.27489882707595825,0.4822652339935303
"Learned (U-Net), Seg-only",0.6656217575073242,0.2396870255470276,0.40026628971099854
"Learned (U-Net), Seg-only",0.6827861368656158,0.21406662464141846,0.32840657234191895
"Learned (U-Net), Seg-only",0.7003553509712219,0.24159568548202515,0.3978245258331299
"Learned (U-Net), Seg-only",0.6475612223148346,0.22560042142868042,0.32840800285339355
"Learned (U-Net), Seg-only",0.6701661348342896,0.2817910313606262,0.44626152515411377
"Learned (U-Net), Seg-only",0.7086027264595032,0.24041932821273804,0.4811720848083496
"Learned (U-Net), Seg-only",0.6555955410003662,0.2599160671234131,0.48255157470703125
"Learned (U-Net), Seg-only",0.6856802403926849,0.28439241647720337,0.44361913204193115
"Learned (U-Net), Seg-only",0.6876217126846313,0.2528371810913086,0.4301638603210449
"Learned (U-Net), Seg-only",0.6835116147994995,0.2616736888885498,0.42998671531677246
"Learned (U-Net), Seg-only",0.6797390282154083,0.2656646966934204,0.47180771827697754
"Learned (U-Net), Seg-only",0.6755749881267548,0.2294732928276062,0.3622753620147705
"Learned (U-Net), Seg-only",0.7431249022483826,0.25612759590148926,0.4576582908630371
"Learned (U-Net), Seg-only",0.6902171671390533,0.2583775520324707,0.3973681926727295
"Learned (U-Net), Seg-only",0.44128185510635376,0.0351526141166687,0.09040665626525879
"Learned (U-Net), Seg-only",0.44894206523895264,0.0834587812423706,0.0796346664428711
"Learned (U-Net), Seg-only",0.43958261609077454,0.024086356163024902,0.09122586250305176
"Learned (U-Net), Seg-only",0.43277163803577423,0.1179991364479065,0.15729117393493652
"Learned (U-Net), Seg-only",0.48803333938121796,0.08445119857788086,0.08009195327758789
"Learned (U-Net), Seg-only",0.46822644770145416,0.08937257528305054,0.0599442720413208
"Learned (U-Net), Seg-only",0.4088097959756851,0.030579209327697754,0.025223970413208008
"Learned (U-Net), Seg-only",0.4486433416604996,0.06336933374404907,0.15656375885009766
"Learned (U-Net), Seg-only",0.4232962429523468,0.04961085319519043,0.06304502487182617
"Learned (U-Net), Seg-only",0.4531910866498947,0.01567453145980835,0.030721187591552734
"Learned (U-Net), Seg-only",0.47579966485500336,0.08124727010726929,0.17199218273162842
"Learned (U-Net), Seg-only",0.41325122117996216,0.01980370283126831,0.06147408485412598
"Learned (U-Net), Seg-only",0.4621739983558655,0.08121591806411743,0.11456155776977539
"Learned (U-Net), Seg-only",0.4189986437559128,0.13511765003204346,0.15089929103851318
"Learned (U-Net), Seg-only",0.49705708026885986,0.05998760461807251,0.061443328857421875
"Learned (U-Net), Seg-only",0.4723776876926422,0.023338139057159424,0.0674053430557251
"Learned (U-Net), Seg-only",0.4532506614923477,0.08996474742889404,0.11546909809112549
"Learned (U-Net), Seg-only",0.4470179080963135,0.055928707122802734,0.14829719066619873
"Learned (U-Net), Seg-only",0.41866688430309296,0.03356742858886719,0.06754112243652344
"Learned (U-Net), Seg-only",0.4516550451517105,0.036646902561187744,0.0003584623336791992
"Learned (U-Net), Seg-only",0.4565301239490509,0.031185030937194824,0.08457696437835693
"Learned (U-Net), Seg-only",0.42606236040592194,0.050894200801849365,0.1250474452972412
"Learned (U-Net), Seg-only",0.45029211044311523,0.06497973203659058,0.12757623195648193
"Learned (U-Net), Seg-only",0.44653046131134033,0.04468035697937012,0.05465960502624512
"Learned (U-Net), Seg-only",0.4099494367837906,0.03323626518249512,0.033490777015686035
"Learned (U-Net), Seg-only",0.4820058047771454,0.050073981285095215,0.01841878890991211
"Learned (U-Net), Seg-only",0.4602433145046234,0.12130069732666016,0.220342755317688
"Learned (U-Net), Seg-only",0.4452313929796219,0.029408395290374756,0.029117465019226074
"Learned (U-Net), Seg-only",0.42988286912441254,0.04554855823516846,0.002209901809692383
"Learned (U-Net), Seg-only",0.4708966016769409,0.05645209550857544,0.02970099449157715
"Learned (U-Net), Seg-only",0.47374092042446136,0.08562374114990234,0.010617375373840332
"Learned (U-Net), Seg-only",0.46540582180023193,0.06437045335769653,0.041155219078063965
"Learned (U-Net), Seg-only",0.4343464970588684,0.04109066724777222,0.04520750045776367
"Learned (U-Net), Seg-only",0.4714014530181885,0.03467828035354614,0.052742958068847656
"Learned (U-Net), Seg-only",0.46362902224063873,0.11660224199295044,0.0798572301864624
"Learned (U-Net), Seg-only",0.42482587695121765,0.04421287775039673,0.08656120300292969
"Learned (U-Net), Seg-only",0.47840484976768494,0.07782137393951416,0.02857232093811035
"Learned (U-Net), Seg-only",0.44360116124153137,0.056930363178253174,0.06435108184814453
"Learned (U-Net), Seg-only",0.46440213918685913,0.10037291049957275,0.032401442527770996
"Learned (U-Net), Seg-only",0.47405119240283966,0.07154566049575806,0.06470263004302979
"Learned (U-Net), Seg-only",0.4392341673374176,0.06635558605194092,0.10444033145904541
"Learned (U-Net), Seg-only",0.4257400631904602,0.060352861881256104,0.011832594871520996
"Learned (U-Net), Seg-only",0.406221866607666,0.08396118879318237,0.05402553081512451
"Learned (U-Net), Seg-only",0.47510433197021484,0.02639472484588623,0.08692193031311035
"Learned (U-Net), Seg-only",0.48272794485092163,0.0805853009223938,0.049651503562927246
"Learned (U-Net), Seg-only",0.4369584918022156,0.027495741844177246,0.05317187309265137
"Learned (U-Net), Seg-only",0.4454686939716339,0.02599090337753296,0.0016095638275146484
"Learned (U-Net), Seg-only",0.43281108140945435,0.04152730107307434,0.014433026313781738
"Learned (U-Net), Seg-only",0.44753751158714294,0.04334837198257446,0.06358170509338379
"Learned (U-Net), Seg-only",0.4289114773273468,0.02403920888900757,0.04021644592285156
"Learned (U-Net), Seg-only",0.43586161732673645,0.04784703254699707,0.12982749938964844
"Learned (U-Net), Seg-only",0.4401185214519501,0.058130860328674316,0.0759737491607666
"Learned (U-Net), Seg-only",0.4397876262664795,0.056096792221069336,0.18817138671875
"Learned (U-Net), Seg-only",0.4454474151134491,0.11844062805175781,0.2900317907333374
"Learned (U-Net), Seg-only",0.454182893037796,0.09377270936965942,0.14609503746032715
"Learned (U-Net), Seg-only",0.44590434432029724,0.07858574390411377,0.234619140625
"Learned (U-Net), Seg-only",0.41677649319171906,0.11347734928131104,0.1548154354095459
"Learned (U-Net), Seg-only",0.4459012895822525,0.09667432308197021,0.13425135612487793
"Learned (U-Net), Seg-only",0.43492674827575684,0.03603973984718323,0.093497633934021
"Learned (U-Net), Seg-only",0.44695819914340973,0.028829216957092285,0.023569345474243164
"Learned (U-Net), Seg-only",1.5106362104415894,0.8165221214294434,0.9101955890655518
"Learned (U-Net), Seg-only",1.5530802607536316,0.7536394596099854,1.230701208114624
"Learned (U-Net), Seg-only",1.5787878632545471,0.8238195180892944,1.299818992614746
"Learned (U-Net), Seg-only",1.5371161103248596,0.7533864974975586,0.9579565525054932
"Learned (U-Net), Seg-only",1.5164151191711426,0.6926499605178833,0.9469528198242188
"Learned (U-Net), Seg-only",1.5348416566848755,0.7044425010681152,1.1103246212005615
"Learned (U-Net), Seg-only",1.5342969298362732,0.7496694326400757,1.0460333824157715
"Learned (U-Net), Seg-only",1.5704652667045593,0.8464257717132568,1.3254082202911377
"Learned (U-Net), Seg-only",1.519963026046753,0.7821277379989624,1.0397207736968994
"Learned (U-Net), Seg-only",1.5654520392417908,0.7989760637283325,1.2292399406433105
"Learned (U-Net), Seg-only",1.528506875038147,0.7186863422393799,1.0425879955291748
"Learned (U-Net), Seg-only",1.4905515909194946,0.7837454080581665,1.2735602855682373
"Learned (U-Net), Seg-only",1.5592108964920044,0.7315034866333008,0.8867859840393066
"Learned (U-Net), Seg-only",1.516839623451233,0.7003827095031738,0.9908256530761719
"Learned (U-Net), Seg-only",1.5456819534301758,0.7698097229003906,0.9885578155517578
"Learned (U-Net), Seg-only",1.4937386512756348,0.7482004165649414,1.1595146656036377
"Learned (U-Net), Seg-only",1.6276721954345703,0.7927523851394653,0.8765394687652588
"Learned (U-Net), Seg-only",1.4903805255889893,0.7851126790046692,0.7932655811309814
"Learned (U-Net), Seg-only",1.5760729312896729,0.8451687693595886,0.7835369110107422
"Learned (U-Net), Seg-only",1.5008853673934937,0.6093820333480835,0.6908795833587646
"Learned (U-Net), Seg-only",1.5803545117378235,0.8861217498779297,0.8196160793304443
"Learned (U-Net), Seg-only",1.5944817066192627,0.817490816116333,0.8614861965179443
"Learned (U-Net), Seg-only",1.5824946165084839,0.8219348192214966,0.918950080871582
"Learned (U-Net), Seg-only",1.491402804851532,0.7575398683547974,0.845451831817627
"Learned (U-Net), Seg-only",1.5820268392562866,0.8519202470779419,0.9839920997619629
"Learned (U-Net), Seg-only",1.5219091773033142,0.6896294355392456,0.8485398292541504
"Learned (U-Net), Seg-only",1.4884598851203918,0.7324165105819702,0.8740396499633789
"Learned (U-Net), Seg-only",1.4379920959472656,0.6909464001655579,0.8261399269104004
"Learned (U-Net), Seg-only",1.5939024686813354,0.7282907962799072,0.7965652942657471
"Learned (U-Net), Seg-only",1.521812081336975,0.636836051940918,0.7060823440551758
"Learned (U-Net), Seg-only",1.5632696747779846,0.8088150024414062,0.5353434085845947
"Learned (U-Net), Seg-only",1.503574788570404,0.6602165699005127,0.6315044164657593
"Learned (U-Net), Seg-only",1.6175400018692017,0.9690362811088562,0.7100099325180054
"Learned (U-Net), Seg-only",1.5308183431625366,0.815147876739502,0.5452051162719727
"Learned (U-Net), Seg-only",1.5868892669677734,0.7042665481567383,0.4675788879394531
"Learned (U-Net), Seg-only",1.535158634185791,0.689251184463501,0.5946259498596191
"Learned (U-Net), Seg-only",1.5569932460784912,0.7757728099822998,0.478320837020874
"Learned (U-Net), Seg-only",1.5134906768798828,0.7940353751182556,0.6680142879486084
"Learned (U-Net), Seg-only",1.514622449874878,0.6964976787567139,0.5487856864929199
"Learned (U-Net), Seg-only",1.5819803476333618,0.9689934253692627,0.7860153913497925
"Learned (U-Net), Seg-only",1.5714631080627441,0.7466220855712891,0.5284018516540527
"Learned (U-Net), Seg-only",1.5763754844665527,0.8055500388145447,0.5213119983673096
"Learned (U-Net), Seg-only",1.529596745967865,0.6678049564361572,0.5755677223205566
"Learned (U-Net), Seg-only",1.5077927112579346,0.8422989845275879,0.6849939823150635
"Learned (U-Net), Seg-only",1.532725214958191,0.6527026891708374,0.5615805387496948
"Learned (U-Net), Seg-only",1.5698390007019043,0.8930282592773438,1.4948015213012695
"Learned (U-Net), Seg-only",1.5524760484695435,0.6940265893936157,1.242375135421753
"Learned (U-Net), Seg-only",1.561436951160431,0.6777796745300293,1.1487290859222412
"Learned (U-Net), Seg-only",1.5957880020141602,0.811947226524353,1.3434123992919922
"Learned (U-Net), Seg-only",1.4842345118522644,0.679189920425415,1.113182544708252
"Learned (U-Net), Seg-only",1.5135831832885742,0.751300573348999,1.121290683746338
"Learned (U-Net), Seg-only",1.5984572172164917,0.7529501914978027,1.124342441558838
"Learned (U-Net), Seg-only",1.6060291528701782,0.8217332363128662,1.266906976699829
"Learned (U-Net), Seg-only",1.517759621143341,0.7406976222991943,1.180025577545166
"Learned (U-Net), Seg-only",1.505787968635559,0.7536700963973999,1.120283603668213
"Learned (U-Net), Seg-only",1.5209493041038513,0.71892249584198,1.2711539268493652
"Learned (U-Net), Seg-only",1.558076798915863,0.7295064926147461,1.1174042224884033
"Learned (U-Net), Seg-only",1.6131727695465088,0.9390665888786316,1.7318289279937744
"Learned (U-Net), Seg-only",1.5698152780532837,0.7466846704483032,1.3031604290008545
"Learned (U-Net), Seg-only",1.495464026927948,0.7769885659217834,1.2431232929229736
"Learned (U-Net), Seg-only",1.080145239830017,0.37623369693756104,0.8045501708984375
"Learned (U-Net), Seg-only",1.0657798051834106,0.3043942451477051,0.42566823959350586
"Learned (U-Net), Seg-only",1.0706973671913147,0.43233823776245117,0.5657162666320801
"Learned (U-Net), Seg-only",1.1108898520469666,0.34342432022094727,0.36241626739501953
"Learned (U-Net), Seg-only",1.0707440376281738,0.3460273742675781,0.577225923538208
"Learned (U-Net), Seg-only",1.0357130765914917,0.35124671459198,0.6671409606933594
"Learned (U-Net), Seg-only",1.0706629753112793,0.35464560985565186,0.47470664978027344
"Learned (U-Net), Seg-only",1.0388121604919434,0.3151094913482666,0.6981873512268066
"Learned (U-Net), Seg-only",1.0777559876441956,0.40939652919769287,0.6815438270568848
"Learned (U-Net), Seg-only",1.0465642809867859,0.2934461832046509,0.43157529830932617
"Learned (U-Net), Seg-only",1.1167661547660828,0.31085383892059326,0.47123146057128906
"Learned (U-Net), Seg-only",1.1044228076934814,0.32799816131591797,0.40486645698547363
"Learned (U-Net), Seg-only",1.0913723707199097,0.39397966861724854,0.5518407821655273
"Learned (U-Net), Seg-only",1.090942919254303,0.40472519397735596,0.5470283031463623
"Learned (U-Net), Seg-only",1.1019602417945862,0.3992433547973633,0.5598690509796143
"Learned (U-Net), Seg-only",1.1236777901649475,0.2794489860534668,0.3960280418395996
"Learned (U-Net), Seg-only",1.1271207332611084,0.4054574966430664,0.6673262119293213
"Learned (U-Net), Seg-only",1.1516804099082947,0.4292987585067749,0.39833831787109375
"Learned (U-Net), Seg-only",1.1242019534111023,0.3765084743499756,0.5287084579467773
"Learned (U-Net), Seg-only",1.0174973011016846,0.2901179790496826,0.4192814826965332
"Learned (U-Net), Seg-only",1.1244360208511353,0.3662397861480713,0.43617987632751465
"Learned (U-Net), Seg-only",1.087075412273407,0.4097226858139038,0.5495939254760742
"Learned (U-Net), Seg-only",1.0370532274246216,0.3763493299484253,0.42904019355773926
"Learned (U-Net), Seg-only",1.1015512943267822,0.3302689790725708,0.42961883544921875
"Learned (U-Net), Seg-only",1.087245523929596,0.356347918510437,0.6057977676391602
"Learned (U-Net), Seg-only",1.0821679830551147,0.41815781593322754,0.4588477611541748
"Learned (U-Net), Seg-only",1.0753278732299805,0.2178952693939209,0.2783052921295166
"Learned (U-Net), Seg-only",1.1358319520950317,0.3758915662765503,0.3823122978210449
"Learned (U-Net), Seg-only",1.1533894538879395,0.46340131759643555,0.5349531173706055
"Learned (U-Net), Seg-only",1.1121684312820435,0.3926893472671509,0.5182397365570068
"Learned (U-Net), Seg-only",1.1578259468078613,0.4206080436706543,0.19457030296325684
"Learned (U-Net), Seg-only",1.0548186898231506,0.40176689624786377,0.2855660915374756
"Learned (U-Net), Seg-only",1.1777819395065308,0.46144819259643555,0.2645449638366699
"Learned (U-Net), Seg-only",1.065685212612152,0.274691104888916,0.053442955017089844
"Learned (U-Net), Seg-only",1.0686604976654053,0.34622299671173096,0.1713862419128418
"Learned (U-Net), Seg-only",1.0447703003883362,0.2782353162765503,0.24109983444213867
"Learned (U-Net), Seg-only",1.1142880320549011,0.3629070520401001,0.07734537124633789
"Learned (U-Net), Seg-only",1.1354220509529114,0.3361630439758301,0.20098471641540527
"Learned (U-Net), Seg-only",1.081902027130127,0.2855321168899536,0.28957653045654297
"Learned (U-Net), Seg-only",1.0096551775932312,0.29834210872650146,0.26567745208740234
"Learned (U-Net), Seg-only",1.1253118515014648,0.3583657741546631,0.27828478813171387
"Learned (U-Net), Seg-only",1.0616862773895264,0.38045012950897217,0.2523939609527588
"Learned (U-Net), Seg-only",1.124217450618744,0.45455729961395264,0.4235612154006958
"Learned (U-Net), Seg-only",1.080692172050476,0.4080723524093628,0.4656562805175781
"Learned (U-Net), Seg-only",1.084514319896698,0.3061797618865967,0.169173002243042
"Learned (U-Net), Seg-only",1.106204867362976,0.39398300647735596,0.7172632217407227
"Learned (U-Net), Seg-only",1.1506385803222656,0.37783336639404297,0.5957977771759033
"Learned (U-Net), Seg-only",1.1380301713943481,0.43032383918762207,0.7506051063537598
"Learned (U-Net), Seg-only",1.1127066016197205,0.4469633102416992,0.935492992401123
"Learned (U-Net), Seg-only",1.049194097518921,0.38778138160705566,0.601578950881958
"Learned (U-Net), Seg-only",1.0805479288101196,0.37051141262054443,0.5394725799560547
"Learned (U-Net), Seg-only",1.1059442162513733,0.34677326679229736,0.6102094650268555
"Learned (U-Net), Seg-only",1.0744286179542542,0.37641024589538574,0.5900125503540039
"Learned (U-Net), Seg-only",1.0710276365280151,0.3167002201080322,0.43618202209472656
"Learned (U-Net), Seg-only",1.0312538146972656,0.3290940523147583,0.42429447174072266
"Learned (U-Net), Seg-only",1.0526361465454102,0.321783185005188,0.537238597869873
"Learned (U-Net), Seg-only",1.0655823945999146,0.3173896074295044,0.48305463790893555
"Learned (U-Net), Seg-only",1.1149887442588806,0.2933841943740845,0.5272312164306641
"Learned (U-Net), Seg-only",1.085227608680725,0.37881171703338623,0.684462308883667
"Learned (U-Net), Seg-only",1.056778907775879,0.4017915725708008,0.7716405391693115
"Learned (U-Net), Seg-only",1.2240095138549805,0.4382138252258301,0.7010354995727539
"Learned (U-Net), Seg-only",1.176075279712677,0.44232094287872314,0.5676100254058838
"Learned (U-Net), Seg-only",1.242397427558899,0.4883699417114258,0.806206226348877
"Learned (U-Net), Seg-only",1.2424936294555664,0.4247359037399292,0.6768481731414795
"Learned (U-Net), Seg-only",1.2392518520355225,0.4276437759399414,0.5532712936401367
"Learned (U-Net), Seg-only",1.1910393834114075,0.3762655258178711,0.44401979446411133
"Learned (U-Net), Seg-only",1.1841081380844116,0.4313606023788452,0.648564338684082
"Learned (U-Net), Seg-only",1.209294855594635,0.42005741596221924,0.5360152721405029
"Learned (U-Net), Seg-only",1.2397573590278625,0.43354320526123047,0.5756168365478516
"Learned (U-Net), Seg-only",1.2678020000457764,0.4544963836669922,0.6602110862731934
"Learned (U-Net), Seg-only",1.26024329662323,0.4711240530014038,0.6013829708099365
"Learned (U-Net), Seg-only",1.2713452577590942,0.4533202648162842,0.5354323387145996
"Learned (U-Net), Seg-only",1.2663651704788208,0.41901934146881104,0.5557656288146973
"Learned (U-Net), Seg-only",1.2091192603111267,0.43662595748901367,0.46923255920410156
"Learned (U-Net), Seg-only",1.2142471075057983,0.4314687252044678,0.6731534004211426
"Learned (U-Net), Seg-only",1.2997286319732666,0.4936119318008423,0.5220799446105957
"Learned (U-Net), Seg-only",1.1284986734390259,0.4116647243499756,0.5247323513031006
"Learned (U-Net), Seg-only",1.1908351182937622,0.38662731647491455,0.5662600994110107
"Learned (U-Net), Seg-only",1.2045767307281494,0.47637081146240234,0.5997583866119385
"Learned (U-Net), Seg-only",1.1441396474838257,0.3260241746902466,0.4243779182434082
"Learned (U-Net), Seg-only",1.206298053264618,0.3186492919921875,0.4719088077545166
"Learned (U-Net), Seg-only",1.2390923500061035,0.4608154296875,0.48488569259643555
"Learned (U-Net), Seg-only",1.223729133605957,0.4510655403137207,0.4475252628326416
"Learned (U-Net), Seg-only",1.2219850420951843,0.4160515069961548,0.42411208152770996
"Learned (U-Net), Seg-only",1.2336369156837463,0.4300287961959839,0.3635129928588867
"Learned (U-Net), Seg-only",1.1978368163108826,0.3994410037994385,0.7004637718200684
"Learned (U-Net), Seg-only",1.1916489601135254,0.4434293508529663,0.67545485496521
"Learned (U-Net), Seg-only",1.2217192649841309,0.4292166233062744,0.4038405418395996
"Learned (U-Net), Seg-only",1.2138319611549377,0.35656535625457764,0.5775830745697021
"Learned (U-Net), Seg-only",1.2040213346481323,0.359546422958374,0.4547007083892822
"Learned (U-Net), Seg-only",1.2630195617675781,0.41883385181427,0.31353259086608887
"Learned (U-Net), Seg-only",1.2798722982406616,0.4597699046134949,0.29027223587036133
"Learned (U-Net), Seg-only",1.1968002915382385,0.4409675598144531,0.3631267547607422
"Learned (U-Net), Seg-only",1.2630795240402222,0.44239866733551025,0.3603072166442871
"Learned (U-Net), Seg-only",1.2245548963546753,0.40903234481811523,0.3692355155944824
"Learned (U-Net), Seg-only",1.243737280368805,0.45941829681396484,0.42639946937561035
"Learned (U-Net), Seg-only",1.1832215785980225,0.3909715414047241,0.22229290008544922
"Learned (U-Net), Seg-only",1.2221364974975586,0.4497973918914795,0.3239004611968994
"Learned (U-Net), Seg-only",1.2023457288742065,0.4424377679824829,0.352703332901001
"Learned (U-Net), Seg-only",1.191373348236084,0.47397124767303467,0.3308703899383545
"Learned (U-Net), Seg-only",1.2615892887115479,0.31578528881073,0.19242477416992188
"Learned (U-Net), Seg-only",1.177834928035736,0.3987337350845337,0.31922101974487305
"Learned (U-Net), Seg-only",1.279545247554779,0.3768235445022583,0.2449798583984375
"Learned (U-Net), Seg-only",1.1813091039657593,0.5621750354766846,0.47249817848205566
"Learned (U-Net), Seg-only",1.2176622152328491,0.44233810901641846,0.37102460861206055
"Learned (U-Net), Seg-only",1.245312511920929,0.4494781494140625,0.6411418914794922
"Learned (U-Net), Seg-only",1.2576584815979004,0.4280116558074951,0.6253666877746582
"Learned (U-Net), Seg-only",1.2676231265068054,0.5508067607879639,0.8549978733062744
"Learned (U-Net), Seg-only",1.2361671924591064,0.40536463260650635,0.5883975028991699
"Learned (U-Net), Seg-only",1.257465124130249,0.3994408845901489,0.6486077308654785
"Learned (U-Net), Seg-only",1.2709838151931763,0.4676884412765503,0.6923255920410156
"Learned (U-Net), Seg-only",1.214874804019928,0.458638072013855,0.7417912483215332
"Learned (U-Net), Seg-only",1.185594081878662,0.4678940773010254,0.7330844402313232
"Learned (U-Net), Seg-only",1.2052687406539917,0.3612329959869385,0.5311465263366699
"Learned (U-Net), Seg-only",1.2537547945976257,0.5026077032089233,0.8032965660095215
"Learned (U-Net), Seg-only",1.2135776281356812,0.4555896520614624,0.7469849586486816
"Learned (U-Net), Seg-only",1.2583643794059753,0.5016332864761353,0.7750320434570312
"Learned (U-Net), Seg-only",1.2237108945846558,0.4396545886993408,0.8647885322570801
"Learned (U-Net), Seg-only",1.2617403864860535,0.45592379570007324,0.7567019462585449
"Learned (U-Net), Seg-only",1.2340502738952637,0.44024908542633057,0.7311286926269531
"Learned (U-Net), Seg-only",0.7030488550662994,0.0833439826965332,0.0975961685180664
"Learned (U-Net), Seg-only",0.6653141975402832,0.12830448150634766,0.20294666290283203
"Learned (U-Net), Seg-only",0.6766997873783112,0.12531661987304688,0.15351295471191406
"Learned (U-Net), Seg-only",0.6909794509410858,0.09372949600219727,0.11280679702758789
"Learned (U-Net), Seg-only",0.7456581294536591,0.10292994976043701,0.14269113540649414
"Learned (U-Net), Seg-only",0.6582531034946442,0.1190568208694458,0.21672344207763672
"Learned (U-Net), Seg-only",0.7376036643981934,0.01653754711151123,0.011666297912597656
"Learned (U-Net), Seg-only",0.7072574496269226,0.12556076049804688,0.22253179550170898
"Learned (U-Net), Seg-only",0.7108086347579956,0.036881446838378906,0.13506054878234863
"Learned (U-Net), Seg-only",0.7054129838943481,0.12341094017028809,0.19256019592285156
"Learned (U-Net), Seg-only",0.7184596955776215,0.16088652610778809,0.18313217163085938
"Learned (U-Net), Seg-only",0.6673952043056488,0.10780596733093262,0.16992855072021484
"Learned (U-Net), Seg-only",0.7212153375148773,0.059191107749938965,0.11264991760253906
"Learned (U-Net), Seg-only",0.7447889447212219,0.11868655681610107,0.14715194702148438
"Learned (U-Net), Seg-only",0.7056165337562561,0.1329021453857422,0.1513361930847168
"Learned (U-Net), Seg-only",0.6626838743686676,0.11668694019317627,0.08550739288330078
"Learned (U-Net), Seg-only",0.7178515791893005,0.13630902767181396,0.15889430046081543
"Learned (U-Net), Seg-only",0.688423752784729,0.04911637306213379,0.1525440216064453
"Learned (U-Net), Seg-only",0.7321094870567322,0.12010586261749268,0.045606374740600586
"Learned (U-Net), Seg-only",0.678287148475647,0.12367081642150879,0.10726213455200195
"Learned (U-Net), Seg-only",0.7623239755630493,0.12371575832366943,0.1778566837310791
"Learned (U-Net), Seg-only",0.6930800974369049,0.06699180603027344,0.017665386199951172
"Learned (U-Net), Seg-only",0.7220249176025391,0.08661878108978271,0.0070819854736328125
"Learned (U-Net), Seg-only",0.7077718079090118,0.09420859813690186,0.06431007385253906
"Learned (U-Net), Seg-only",0.6979451775550842,0.10275900363922119,0.07669615745544434
"Learned (U-Net), Seg-only",0.6874499917030334,0.10254275798797607,0.1146240234375
"Learned (U-Net), Seg-only",0.7234530448913574,0.04620623588562012,0.03829669952392578
"Learned (U-Net), Seg-only",0.7474088370800018,0.03763091564178467,0.02027297019958496
"Learned (U-Net), Seg-only",0.7127766907215118,0.13980937004089355,0.17842316627502441
"Learned (U-Net), Seg-only",0.7269543707370758,0.20628845691680908,0.14134478569030762
"Learned (U-Net), Seg-only",0.641035795211792,0.09150004386901855,0.0020961761474609375
"Learned (U-Net), Seg-only",0.7089089751243591,0.173117995262146,0.014322042465209961
"Learned (U-Net), Seg-only",0.6838822066783905,0.1335991621017456,0.07259845733642578
"Learned (U-Net), Seg-only",0.6615001559257507,0.04786419868469238,0.0737600326538086
"Learned (U-Net), Seg-only",0.6802166998386383,0.17795372009277344,0.03354597091674805
"Learned (U-Net), Seg-only",0.7269010543823242,0.12712061405181885,0.21880149841308594
"Learned (U-Net), Seg-only",0.7030576765537262,0.13211047649383545,0.03319382667541504
"Learned (U-Net), Seg-only",0.7539573907852173,0.0950922966003418,0.034012556076049805
"Learned (U-Net), Seg-only",0.6999058723449707,0.11258018016815186,0.00022220611572265625
"Learned (U-Net), Seg-only",0.6841143667697906,0.11234748363494873,0.08257699012756348
"Learned (U-Net), Seg-only",0.7183328866958618,0.14416444301605225,0.052716970443725586
"Learned (U-Net), Seg-only",0.650932252407074,0.06329107284545898,0.017347335815429688
"Learned (U-Net), Seg-only",0.7053505778312683,0.15508759021759033,0.11629819869995117
"Learned (U-Net), Seg-only",0.6881200671195984,0.1137382984161377,0.09507226943969727
"Learned (U-Net), Seg-only",0.741568386554718,0.06846356391906738,0.04853630065917969
"Learned (U-Net), Seg-only",0.6906928420066833,0.12645232677459717,0.17959284782409668
"Learned (U-Net), Seg-only",0.6321334540843964,0.08625614643096924,0.14582109451293945
"Learned (U-Net), Seg-only",0.7208860516548157,0.15523111820220947,0.45932793617248535
"Learned (U-Net), Seg-only",0.7183918654918671,0.12647128105163574,0.2453303337097168
"Learned (U-Net), Seg-only",0.7270773649215698,0.07940173149108887,0.1047511100769043
"Learned (U-Net), Seg-only",0.7121735215187073,0.14562177658081055,0.2559323310852051
"Learned (U-Net), Seg-only",0.6385141611099243,0.14439380168914795,0.23632049560546875
"Learned (U-Net), Seg-only",0.7028023600578308,0.13580739498138428,0.22977161407470703
"Learned (U-Net), Seg-only",0.7799371182918549,0.12087118625640869,0.12815380096435547
"Learned (U-Net), Seg-only",0.6973574459552765,0.1411283016204834,0.1871964931488037
"Learned (U-Net), Seg-only",0.6452248394489288,0.09446561336517334,0.09361410140991211
"Learned (U-Net), Seg-only",0.6974749565124512,0.10540580749511719,0.1930527687072754
"Learned (U-Net), Seg-only",0.6946767270565033,0.13438773155212402,0.23766469955444336
"Learned (U-Net), Seg-only",0.702957957983017,0.08177077770233154,0.17562389373779297
"Learned (U-Net), Seg-only",0.7082947492599487,0.051224708557128906,0.16237926483154297
"Learned (U-Net), Full",0.8898590803146362,0.28867924213409424,0.4531900882720947
"Learned (U-Net), Full",0.9131148457527161,0.1525954008102417,0.24830150604248047
"Learned (U-Net), Full",0.8985015749931335,0.18929243087768555,0.02679610252380371
"Learned (U-Net), Full",0.8815799355506897,0.2294439673423767,0.455011248588562
"Learned (U-Net), Full",0.8707532584667206,0.2630629539489746,0.2710310220718384
"Learned (U-Net), Full",0.9068787693977356,0.20634490251541138,0.331714391708374
"Learned (U-Net), Full",0.9191402494907379,0.176224946975708,0.0032019615173339844
"Learned (U-Net), Full",0.9090491533279419,0.2148115038871765,0.37660932540893555
"Learned (U-Net), Full",0.8966545462608337,0.3112996816635132,0.45148003101348877
"Learned (U-Net), Full",0.9226244390010834,0.29408252239227295,0.4671459197998047
"Learned (U-Net), Full",0.8632780015468597,0.3036750555038452,0.40551507472991943
"Learned (U-Net), Full",0.8890221416950226,0.22692960500717163,0.24866318702697754
"Learned (U-Net), Full",0.9173004031181335,0.26816439628601074,0.33353424072265625
"Learned (U-Net), Full",0.9101516008377075,0.22541886568069458,0.2602301836013794
"Learned (U-Net), Full",0.9197286367416382,0.18813276290893555,0.010096311569213867
"Learned (U-Net), Full",0.9131933152675629,0.28070908784866333,0.19410812854766846
"Learned (U-Net), Full",0.8664866983890533,0.3331487774848938,0.42480993270874023
"Learned (U-Net), Full",0.8783455193042755,0.231164813041687,0.19555330276489258
"Learned (U-Net), Full",0.9523961842060089,0.17200082540512085,0.021861672401428223
"Learned (U-Net), Full",0.8655453026294708,0.35479044914245605,0.4177675247192383
"Learned (U-Net), Full",0.8972476124763489,0.2310691475868225,0.1034921407699585
"Learned (U-Net), Full",0.892297625541687,0.23049849271774292,0.28097832202911377
"Learned (U-Net), Full",0.8785051107406616,0.28422266244888306,0.1333625316619873
"Learned (U-Net), Full",0.9272158145904541,0.09049004316329956,0.08713889122009277
"Learned (U-Net), Full",0.8899054527282715,0.22385287284851074,0.056374311447143555
"Learned (U-Net), Full",0.9540609121322632,0.18313491344451904,0.0694434642791748
"Learned (U-Net), Full",0.8715568482875824,0.36207473278045654,0.2794630527496338
"Learned (U-Net), Full",0.8945308029651642,0.11168283224105835,0.12591564655303955
"Learned (U-Net), Full",0.9195212423801422,0.2406836748123169,0.08776211738586426
"Learned (U-Net), Full",0.9503980576992035,0.32307034730911255,0.4291224479675293
"Learned (U-Net), Full",0.8788627088069916,0.27762335538864136,0.12903082370758057
"Learned (U-Net), Full",0.8772480189800262,0.19755512475967407,0.02544379234313965
"Learned (U-Net), Full",0.909769594669342,0.262381374835968,0.0061560869216918945
"Learned (U-Net), Full",0.8712382018566132,0.37155309319496155,0.16447138786315918
"Learned (U-Net), Full",0.9279501140117645,0.19033479690551758,0.2725323438644409
"Learned (U-Net), Full",0.941819041967392,0.23202240467071533,0.16662776470184326
"Learned (U-Net), Full",0.8719402849674225,0.1838347315788269,0.10564637184143066
"Learned (U-Net), Full",0.9067759811878204,0.3686545491218567,0.06822288036346436
"Learned (U-Net), Full",0.8949431777000427,0.35880208015441895,0.12870216369628906
"Learned (U-Net), Full",0.9439536333084106,0.1872519850730896,0.2340250015258789
"Learned (U-Net), Full",0.8866623342037201,0.19740867614746094,0.1661742925643921
"Learned (U-Net), Full",0.8866637945175171,0.32723677158355713,0.19110357761383057
"Learned (U-Net), Full",0.9630911350250244,0.2817266583442688,0.389906644821167
"Learned (U-Net), Full",0.8894303441047668,0.23993843793869019,0.014930248260498047
"Learned (U-Net), Full",0.9137554168701172,0.2963152527809143,0.23644912242889404
"Learned (U-Net), Full",0.9088771343231201,0.3346804976463318,0.5680410861968994
"Learned (U-Net), Full",0.8542456030845642,0.3425852656364441,0.5400084257125854
"Learned (U-Net), Full",0.9116609990596771,0.2630629539489746,0.4714517593383789
"Learned (U-Net), Full",0.8628535270690918,0.3279978036880493,0.6971181631088257
"Learned (U-Net), Full",0.9233462512493134,0.2864115238189697,0.5679999589920044
"Learned (U-Net), Full",0.8482718169689178,0.34860044717788696,0.644395112991333
"Learned (U-Net), Full",0.8653643131256104,0.30686473846435547,0.5535932779312134
"Learned (U-Net), Full",0.9503754377365112,0.2338874340057373,0.0068416595458984375
"Learned (U-Net), Full",0.9322917461395264,0.3121565580368042,0.5241358280181885
"Learned (U-Net), Full",0.8732389211654663,0.2528880834579468,0.4083442687988281
"Learned (U-Net), Full",0.8912098407745361,0.24750936031341553,0.46073973178863525
"Learned (U-Net), Full",0.9325498938560486,0.1870822310447693,0.3865184783935547
"Learned (U-Net), Full",0.8450546860694885,0.3380091190338135,0.6141271591186523
"Learned (U-Net), Full",0.9167036712169647,0.23558884859085083,0.40404629707336426
"Learned (U-Net), Full",0.9047431349754333,0.12745511531829834,0.1649770736694336
"Learned (U-Net), Full",0.6970899999141693,0.09419900178909302,0.03769350051879883
"Learned (U-Net), Full",0.6614066064357758,0.019006073474884033,0.10890662670135498
"Learned (U-Net), Full",0.7230565845966339,0.08094751834869385,0.16521787643432617
"Learned (U-Net), Full",0.6607309281826019,0.14286291599273682,0.3853203058242798
"Learned (U-Net), Full",0.710964560508728,0.07876467704772949,0.09074342250823975
"Learned (U-Net), Full",0.7091318070888519,0.0881078839302063,0.08408260345458984
"Learned (U-Net), Full",0.7398171126842499,0.15004676580429077,0.08080291748046875
"Learned (U-Net), Full",0.7144925594329834,0.054879069328308105,0.0633702278137207
"Learned (U-Net), Full",0.7125858068466187,0.13945841789245605,0.09033524990081787
"Learned (U-Net), Full",0.6884651184082031,0.09960967302322388,0.15204191207885742
"Learned (U-Net), Full",0.7206747531890869,0.14936816692352295,0.01233673095703125
"Learned (U-Net), Full",0.7434692978858948,0.2218981385231018,0.010203361511230469
"Learned (U-Net), Full",0.7755563855171204,0.3094152808189392,0.23337101936340332
"Learned (U-Net), Full",0.751302033662796,0.1489078402519226,0.10050272941589355
"Learned (U-Net), Full",0.7038640677928925,0.12471574544906616,0.08597326278686523
"Learned (U-Net), Full",0.6909079253673553,0.1534048318862915,0.08296680450439453
"Learned (U-Net), Full",0.6775255799293518,0.0658273696899414,0.031178832054138184
"Learned (U-Net), Full",0.7422317862510681,0.10496246814727783,0.06005597114562988
"Learned (U-Net), Full",0.6830357909202576,0.09877747297286987,0.05849432945251465
"Learned (U-Net), Full",0.6294878721237183,0.09798741340637207,0.05668628215789795
"Learned (U-Net), Full",0.712825745344162,0.14279377460479736,0.086722731590271
"Learned (U-Net), Full",0.7382214367389679,0.15835589170455933,0.12748324871063232
"Learned (U-Net), Full",0.7272442281246185,0.2869781255722046,0.25815463066101074
"Learned (U-Net), Full",0.6648741066455841,0.00770038366317749,0.0975341796875
"Learned (U-Net), Full",0.7450484931468964,0.1386127471923828,0.08342742919921875
"Learned (U-Net), Full",0.6653386652469635,0.06990766525268555,0.0012443065643310547
"Learned (U-Net), Full",0.7430468797683716,0.1396527886390686,0.009329676628112793
"Learned (U-Net), Full",0.7227022647857666,0.18947333097457886,0.17341101169586182
"Learned (U-Net), Full",0.6861802041530609,0.1798880696296692,0.0908973217010498
"Learned (U-Net), Full",0.70510333776474,0.12481701374053955,0.1047205924987793
"Learned (U-Net), Full",0.637218177318573,0.11357247829437256,0.26846909523010254
"Learned (U-Net), Full",0.7271053493022919,0.10574084520339966,0.1574476957321167
"Learned (U-Net), Full",0.759841799736023,0.2020600438117981,0.40834546089172363
"Learned (U-Net), Full",0.7029540240764618,0.06867808103561401,0.09221446514129639
"Learned (U-Net), Full",0.712624579668045,0.05922621488571167,0.4276970624923706
"Learned (U-Net), Full",0.6538081765174866,0.11074215173721313,0.004403829574584961
"Learned (U-Net), Full",0.6918018460273743,0.1442907452583313,0.09776699542999268
"Learned (U-Net), Full",0.7232506573200226,0.22273260354995728,0.3383171558380127
"Learned (U-Net), Full",0.7254388332366943,0.11561083793640137,0.2277284860610962
"Learned (U-Net), Full",0.7538221478462219,0.11568689346313477,0.31094419956207275
"Learned (U-Net), Full",0.7390920519828796,0.1517115831375122,0.34282004833221436
"Learned (U-Net), Full",0.6849281191825867,0.08013784885406494,0.016710400581359863
"Learned (U-Net), Full",0.6828533411026001,0.1387128233909607,0.09020936489105225
"Learned (U-Net), Full",0.7264257669448853,0.18908613920211792,0.2539246082305908
"Learned (U-Net), Full",0.6849173903465271,0.06461900472640991,0.02461385726928711
"Learned (U-Net), Full",0.6518346071243286,0.1497715711593628,0.23991656303405762
"Learned (U-Net), Full",0.6548193693161011,0.137706458568573,0.2643253803253174
"Learned (U-Net), Full",0.6969886124134064,0.18436163663864136,0.44566500186920166
"Learned (U-Net), Full",0.6689207255840302,0.12563294172286987,0.1205739974975586
"Learned (U-Net), Full",0.7076449692249298,0.14112138748168945,0.27130889892578125
"Learned (U-Net), Full",0.7080172598361969,0.24061965942382812,0.2569546699523926
"Learned (U-Net), Full",0.6903664767742157,0.06236422061920166,0.19805598258972168
"Learned (U-Net), Full",0.7025878429412842,0.09191560745239258,0.16960692405700684
"Learned (U-Net), Full",0.6576247215270996,0.018842041492462158,0.04691457748413086
"Learned (U-Net), Full",0.6992686986923218,0.07429689168930054,0.21514344215393066
"Learned (U-Net), Full",0.6841306984424591,0.0921318531036377,0.268002986907959
"Learned (U-Net), Full",0.7399824261665344,0.20551884174346924,0.04403376579284668
"Learned (U-Net), Full",0.7057956457138062,0.11771416664123535,0.22241783142089844
"Learned (U-Net), Full",0.7151163220405579,0.10904330015182495,0.1911637783050537
"Learned (U-Net), Full",0.7428772449493408,0.13403749465942383,0.09959936141967773
"Learned (U-Net), Full",0.7779138684272766,0.1813817024230957,0.3367716073989868
"Learned (U-Net), Full",0.7651740312576294,0.11280369758605957,0.12739324569702148
"Learned (U-Net), Full",0.7219937741756439,0.21279561519622803,0.3426460027694702
"Learned (U-Net), Full",0.7826616764068604,0.16539323329925537,0.18537664413452148
"Learned (U-Net), Full",0.7645178139209747,0.14863067865371704,0.025122404098510742
"Learned (U-Net), Full",0.7587990760803223,0.08872389793395996,0.10053038597106934
"Learned (U-Net), Full",0.7424963116645813,0.15060847997665405,0.2742042541503906
"Learned (U-Net), Full",0.7867081165313721,0.1576918363571167,0.15944933891296387
"Learned (U-Net), Full",0.7529058456420898,0.03735053539276123,0.07438993453979492
"Learned (U-Net), Full",0.7023533880710602,0.1846126914024353,0.2796046733856201
"Learned (U-Net), Full",0.7864666879177094,0.11627870798110962,0.2201225757598877
"Learned (U-Net), Full",0.72956183552742,0.08596283197402954,0.13994550704956055
"Learned (U-Net), Full",0.7599641680717468,0.14511525630950928,0.12302136421203613
"Learned (U-Net), Full",0.7525500655174255,0.09250301122665405,0.0012083053588867188
"Learned (U-Net), Full",0.7880513370037079,0.2202368974685669,0.06498312950134277
"Learned (U-Net), Full",0.7661903202533722,0.2280561923980713,0.2580893039703369
"Learned (U-Net), Full",0.769004762172699,0.13762497901916504,0.061209678649902344
"Learned (U-Net), Full",0.7705619633197784,0.1902155876159668,0.1326301097869873
"Learned (U-Net), Full",0.7224693596363068,0.17229777574539185,0.12474584579467773
"Learned (U-Net), Full",0.7318622469902039,0.20066869258880615,0.03636884689331055
"Learned (U-Net), Full",0.7549116313457489,0.054752230644226074,0.025592565536499023
"Learned (U-Net), Full",0.7792024910449982,0.18278765678405762,0.14247548580169678
"Learned (U-Net), Full",0.7345575988292694,0.222958505153656,0.1484067440032959
"Learned (U-Net), Full",0.7832194566726685,0.1713361144065857,0.1337031126022339
"Learned (U-Net), Full",0.8040803968906403,0.12495309114456177,0.40283632278442383
"Learned (U-Net), Full",0.7457117438316345,0.12686896324157715,0.15510928630828857
"Learned (U-Net), Full",0.751252293586731,0.15800940990447998,0.20246267318725586
"Learned (U-Net), Full",0.7554455995559692,0.07126820087432861,0.04596996307373047
"Learned (U-Net), Full",0.7342075705528259,0.15410566329956055,0.13876736164093018
"Learned (U-Net), Full",0.7444341480731964,0.10975772142410278,0.04775881767272949
"Learned (U-Net), Full",0.8180330991744995,0.21800893545150757,0.39581727981567383
"Learned (U-Net), Full",0.7593822777271271,0.10517865419387817,0.030582070350646973
"Learned (U-Net), Full",0.7700952291488647,0.16765189170837402,0.0587536096572876
"Learned (U-Net), Full",0.748140424489975,0.11719143390655518,0.003977775573730469
"Learned (U-Net), Full",0.7471835613250732,0.2014012336730957,0.07228195667266846
"Learned (U-Net), Full",0.7600094377994537,0.1777435541152954,0.008599281311035156
"Learned (U-Net), Full",0.763706773519516,0.12881803512573242,0.06921756267547607
"Learned (U-Net), Full",0.8011319935321808,0.17777365446090698,0.32125401496887207
"Learned (U-Net), Full",0.7569728493690491,0.09684818983078003,0.21783733367919922
"Learned (U-Net), Full",0.8018771409988403,0.15634697675704956,0.3332381248474121
"Learned (U-Net), Full",0.7785747051239014,0.053747355937957764,0.08382606506347656
"Learned (U-Net), Full",0.7812250256538391,0.17352288961410522,0.05521965026855469
"Learned (U-Net), Full",0.7148444950580597,0.1928127408027649,0.08534705638885498
"Learned (U-Net), Full",0.7656822800636292,0.11633181571960449,0.011237621307373047
"Learned (U-Net), Full",0.8052111864089966,0.21963226795196533,0.314325213432312
"Learned (U-Net), Full",0.7438260614871979,0.12972718477249146,0.2983396053314209
"Learned (U-Net), Full",0.7189691364765167,0.1276286244392395,0.045790672302246094
"Learned (U-Net), Full",0.7709972560405731,0.17418819665908813,0.34892940521240234
"Learned (U-Net), Full",0.807920902967453,0.09149318933486938,0.21908164024353027
"Learned (U-Net), Full",0.7153139114379883,0.10595303773880005,0.1923675537109375
"Learned (U-Net), Full",0.758452296257019,0.16222018003463745,0.07795143127441406
"Learned (U-Net), Full",0.7661021053791046,0.2104284167289734,0.47032976150512695
"Learned (U-Net), Full",0.7334233522415161,0.07042872905731201,0.19985580444335938
"Learned (U-Net), Full",0.7551321387290955,0.10168051719665527,0.16650032997131348
"Learned (U-Net), Full",0.7540198266506195,0.13474225997924805,0.23354625701904297
"Learned (U-Net), Full",0.7730323076248169,0.13938289880752563,0.3388509750366211
"Learned (U-Net), Full",0.7385774254798889,0.15629005432128906,0.1276993751525879
"Learned (U-Net), Full",0.7541537582874298,0.09355223178863525,0.2172318696975708
"Learned (U-Net), Full",0.7338254153728485,0.17174887657165527,0.31104469299316406
"Learned (U-Net), Full",0.6922962069511414,0.18582946062088013,0.3267374038696289
"Learned (U-Net), Full",0.5341393649578094,0.07574671506881714,0.08282279968261719
"Learned (U-Net), Full",0.54160937666893,0.07224249839782715,0.13130831718444824
"Learned (U-Net), Full",0.5173211991786957,0.039021968841552734,0.03026127815246582
"Learned (U-Net), Full",0.519045889377594,0.030058681964874268,0.010097980499267578
"Learned (U-Net), Full",0.5693517029285431,0.030817270278930664,0.05975627899169922
"Learned (U-Net), Full",0.5435436367988586,0.007575690746307373,0.008045196533203125
"Learned (U-Net), Full",0.5026284754276276,0.010003328323364258,0.06015753746032715
"Learned (U-Net), Full",0.5712770521640778,0.07104116678237915,0.09129452705383301
"Learned (U-Net), Full",0.5389590114355087,0.0033374428749084473,0.0021486282348632812
"Learned (U-Net), Full",0.5406597554683685,0.1170538067817688,0.1792888641357422
"Learned (U-Net), Full",0.5093795210123062,0.05512821674346924,0.050652265548706055
"Learned (U-Net), Full",0.5276011526584625,0.03995835781097412,0.05372500419616699
"Learned (U-Net), Full",0.5876091420650482,0.22202849388122559,0.3276491165161133
"Learned (U-Net), Full",0.5362601727247238,0.07552462816238403,0.08363986015319824
"Learned (U-Net), Full",0.5183267593383789,0.08119648694992065,0.019203901290893555
"Learned (U-Net), Full",0.6253225207328796,0.2690877914428711,0.5036143064498901
"Learned (U-Net), Full",0.5323167145252228,0.01891714334487915,0.19984304904937744
"Learned (U-Net), Full",0.5593408048152924,0.05700188875198364,0.25535309314727783
"Learned (U-Net), Full",0.5216590017080307,0.09584331512451172,0.04857206344604492
"Learned (U-Net), Full",0.530092179775238,0.036133646965026855,0.00635218620300293
"Learned (U-Net), Full",0.6024450957775116,0.17340028285980225,0.2914506196975708
"Learned (U-Net), Full",0.5487804710865021,0.156358540058136,0.3380696773529053
"Learned (U-Net), Full",0.5447273850440979,0.02962702512741089,0.05571556091308594
"Learned (U-Net), Full",0.5562797486782074,0.07791030406951904,0.15304338932037354
"Learned (U-Net), Full",0.5149020552635193,0.07316362857818604,0.07982563972473145
"Learned (U-Net), Full",0.5388525724411011,0.06343084573745728,0.13103175163269043
"Learned (U-Net), Full",0.5633135735988617,0.04112893342971802,0.12306129932403564
"Learned (U-Net), Full",0.5360791087150574,0.008598506450653076,0.02563166618347168
"Learned (U-Net), Full",0.5604417324066162,0.12041032314300537,0.09956717491149902
"Learned (U-Net), Full",0.5324997305870056,0.052018046379089355,0.001953125
"Learned (U-Net), Full",0.526483803987503,0.034664809703826904,0.11642599105834961
"Learned (U-Net), Full",0.542753279209137,0.21644073724746704,0.4616236686706543
"Learned (U-Net), Full",0.5428772866725922,0.011379480361938477,0.10697293281555176
"Learned (U-Net), Full",0.580159068107605,0.1287570595741272,0.3250691890716553
"Learned (U-Net), Full",0.5213898420333862,0.05619001388549805,0.23550939559936523
"Learned (U-Net), Full",0.5404223203659058,0.023937344551086426,0.12347948551177979
"Learned (U-Net), Full",0.5312823951244354,0.056388020515441895,0.2159487009048462
"Learned (U-Net), Full",0.5618288218975067,0.08061212301254272,0.2618335485458374
"Learned (U-Net), Full",0.5265828222036362,0.022644102573394775,0.07865595817565918
"Learned (U-Net), Full",0.5378288924694061,0.08117944002151489,0.08077347278594971
"Learned (U-Net), Full",0.5580854713916779,0.1726176142692566,0.3280549645423889
"Learned (U-Net), Full",0.5483062565326691,0.02980262041091919,0.03553664684295654
"Learned (U-Net), Full",0.5249009430408478,0.07199203968048096,0.3418923616409302
"Learned (U-Net), Full",0.5746472775936127,0.016254842281341553,0.14867961406707764
"Learned (U-Net), Full",0.5117307007312775,0.014577925205230713,0.10080552101135254
"Learned (U-Net), Full",0.5090153068304062,0.03096717596054077,0.03060770034790039
"Learned (U-Net), Full",0.5497612357139587,0.10577136278152466,0.15987110137939453
"Learned (U-Net), Full",0.538664847612381,0.017045974731445312,0.1251002550125122
"Learned (U-Net), Full",0.5805535316467285,0.19436651468276978,0.24428606033325195
"Learned (U-Net), Full",0.5541526675224304,0.08947807550430298,0.07303428649902344
"Learned (U-Net), Full",0.5569342076778412,0.07056206464767456,0.11568546295166016
"Learned (U-Net), Full",0.5326906591653824,0.038332462310791016,0.012343645095825195
"Learned (U-Net), Full",0.5281724035739899,0.08126449584960938,0.05517292022705078
"Learned (U-Net), Full",0.5458417236804962,0.0437244176864624,0.13396906852722168
"Learned (U-Net), Full",0.5703763961791992,0.043456852436065674,0.08254778385162354
"Learned (U-Net), Full",0.5431124567985535,0.07284587621688843,0.010155439376831055
"Learned (U-Net), Full",0.5540726780891418,0.07878929376602173,0.032883644104003906
"Learned (U-Net), Full",0.5493789613246918,0.022792458534240723,0.05759763717651367
"Learned (U-Net), Full",0.5355977416038513,0.06581348180770874,0.13475298881530762
"Learned (U-Net), Full",0.5356268286705017,0.042067766189575195,0.008378267288208008
"Learned (U-Net), Full",1.6239244937896729,0.4324833154678345,0.7974600791931152
"Learned (U-Net), Full",1.6406090259552002,0.39903557300567627,0.35245466232299805
"Learned (U-Net), Full",1.6515914797782898,0.5367822647094727,0.9203414916992188
"Learned (U-Net), Full",1.6185683012008667,0.6833112239837646,1.1175158023834229
"Learned (U-Net), Full",1.6717643737792969,0.3737729787826538,0.6098709106445312
"Learned (U-Net), Full",1.6190779209136963,0.48576629161834717,0.6122226715087891
"Learned (U-Net), Full",1.5842465162277222,0.555806040763855,0.8383774757385254
"Learned (U-Net), Full",1.7093743085861206,0.37544798851013184,0.4704732894897461
"Learned (U-Net), Full",1.678656816482544,0.5186053514480591,0.746640682220459
"Learned (U-Net), Full",1.6038053035736084,0.6486668586730957,0.805659294128418
"Learned (U-Net), Full",1.7232346534729004,0.40665292739868164,0.46887898445129395
"Learned (U-Net), Full",1.7302964329719543,0.41344141960144043,0.4634990692138672
"Learned (U-Net), Full",1.64018976688385,0.5207207202911377,0.6060316562652588
"Learned (U-Net), Full",1.7254265546798706,0.5725258588790894,0.6790075302124023
"Learned (U-Net), Full",1.6662440299987793,0.5602437257766724,0.7465062141418457
"Learned (U-Net), Full",1.5890913605690002,0.21812224388122559,0.2816038131713867
"Learned (U-Net), Full",1.6663296818733215,0.42367023229599,0.33217310905456543
"Learned (U-Net), Full",1.6184045672416687,0.4927293062210083,0.21148037910461426
"Learned (U-Net), Full",1.6933936476707458,0.4688911437988281,0.5183200836181641
"Learned (U-Net), Full",1.5916980504989624,0.540377140045166,0.5656514167785645
"Learned (U-Net), Full",1.647020697593689,0.4691706895828247,0.2155306339263916
"Learned (U-Net), Full",1.7615029215812683,0.2768450975418091,0.011308431625366211
"Learned (U-Net), Full",1.6162127256393433,0.42636609077453613,0.46933579444885254
"Learned (U-Net), Full",1.6702020168304443,0.4683806896209717,0.5853941440582275
"Learned (U-Net), Full",1.6823073625564575,0.38543593883514404,0.2695498466491699
"Learned (U-Net), Full",1.6566227674484253,0.3683192729949951,0.262209415435791
"Learned (U-Net), Full",1.6631200313568115,0.6385376453399658,0.5728204250335693
"Learned (U-Net), Full",1.6699119210243225,0.6376661062240601,0.7450156211853027
"Learned (U-Net), Full",1.5938822031021118,0.6331084966659546,0.6983423233032227
"Learned (U-Net), Full",1.6217832565307617,0.587517499923706,0.4951179027557373
"Learned (U-Net), Full",1.6317267417907715,0.32940924167633057,0.11415958404541016
"Learned (U-Net), Full",1.5975888967514038,0.5603953003883362,0.268146276473999
"Learned (U-Net), Full",1.6356580257415771,0.6660399436950684,0.33770132064819336
"Learned (U-Net), Full",1.6089568138122559,0.4580594301223755,0.21506834030151367
"Learned (U-Net), Full",1.6046243906021118,0.5794963836669922,0.10306072235107422
"Learned (U-Net), Full",1.8227456212043762,0.6683065891265869,0.4146852493286133
"Learned (U-Net), Full",1.713192105293274,0.5223944187164307,0.3766450881958008
"Learned (U-Net), Full",1.6309059858322144,0.6233876943588257,0.18428421020507812
"Learned (U-Net), Full",1.6398913860321045,0.24961590766906738,0.07218360900878906
"Learned (U-Net), Full",1.7034077048301697,0.35082828998565674,0.039455413818359375
"Learned (U-Net), Full",1.6763449907302856,0.6261876225471497,0.16418194770812988
"Learned (U-Net), Full",1.7443432211875916,0.5038398504257202,0.14124822616577148
"Learned (U-Net), Full",1.6170095801353455,0.4174434542655945,0.0908515453338623
"Learned (U-Net), Full",1.6853200793266296,0.4190647602081299,0.06090736389160156
"Learned (U-Net), Full",1.602486252784729,0.6730356216430664,0.5577547550201416
"Learned (U-Net), Full",1.7696690559387207,0.2624325752258301,0.44989538192749023
"Learned (U-Net), Full",1.5770533680915833,0.4589109420776367,0.6736822128295898
"Learned (U-Net), Full",1.6923542618751526,0.5686171054840088,1.163508653640747
"Learned (U-Net), Full",1.7001346945762634,0.4094752073287964,0.9166865348815918
"Learned (U-Net), Full",1.6755449175834656,0.49082887172698975,1.0345749855041504
"Learned (U-Net), Full",1.6168197393417358,0.5461475849151611,1.0124902725219727
"Learned (U-Net), Full",1.5943548679351807,0.42703986167907715,0.6944403648376465
"Learned (U-Net), Full",1.8173645734786987,0.41991186141967773,0.7907805442810059
"Learned (U-Net), Full",1.6703717708587646,0.587164044380188,1.0451569557189941
"Learned (U-Net), Full",1.712309181690216,0.29390406608581543,0.41805601119995117
"Learned (U-Net), Full",1.6944536566734314,0.4213731288909912,0.625068187713623
"Learned (U-Net), Full",1.7403603792190552,0.2945859432220459,0.7895612716674805
"Learned (U-Net), Full",1.5554231405258179,0.382174015045166,0.7259564399719238
"Learned (U-Net), Full",1.6830927729606628,0.40469539165496826,0.5917067527770996
"Learned (U-Net), Full",1.5471357703208923,0.7008367776870728,1.1127710342407227
"Learned (U-Net), Full",1.2783839702606201,0.09305894374847412,0.11640739440917969
"Learned (U-Net), Full",1.239688217639923,0.19553005695343018,0.2618861198425293
"Learned (U-Net), Full",1.223413348197937,0.18384480476379395,0.03552508354187012
"Learned (U-Net), Full",1.1914663910865784,0.2087465524673462,0.37030577659606934
"Learned (U-Net), Full",1.1470235586166382,0.1614537239074707,0.26920223236083984
"Learned (U-Net), Full",1.2846370935440063,0.1761718988418579,0.18669986724853516
"Learned (U-Net), Full",1.2584115266799927,0.09587359428405762,0.0345911979675293
"Learned (U-Net), Full",1.1878899335861206,0.2795494794845581,0.3782949447631836
"Learned (U-Net), Full",1.3016141653060913,0.2616770267486572,0.012964248657226562
"Learned (U-Net), Full",1.194707453250885,0.18108344078063965,0.2122948169708252
"Learned (U-Net), Full",1.1941104531288147,0.3183389902114868,0.3778266906738281
"Learned (U-Net), Full",1.1717801094055176,0.18013238906860352,0.20210886001586914
"Learned (U-Net), Full",1.2606221437454224,0.3042023181915283,0.006495475769042969
"Learned (U-Net), Full",1.2544816732406616,0.3772292137145996,0.00319671630859375
"Learned (U-Net), Full",1.2918449640274048,0.4642214775085449,0.1991443634033203
"Learned (U-Net), Full",1.1919992566108704,0.1790025234222412,0.18935441970825195
"Learned (U-Net), Full",1.1459639072418213,0.14980816841125488,0.1814892292022705
"Learned (U-Net), Full",1.130710780620575,0.231880784034729,0.054257869720458984
"Learned (U-Net), Full",1.2407854199409485,0.349853515625,0.0854487419128418
"Learned (U-Net), Full",1.2306750416755676,0.21427679061889648,0.024371862411499023
"Learned (U-Net), Full",1.1844112873077393,0.20341598987579346,0.199920654296875
"Learned (U-Net), Full",1.1939046382904053,0.09498929977416992,0.1143488883972168
"Learned (U-Net), Full",1.3191698789596558,0.14819777011871338,0.08009743690490723
"Learned (U-Net), Full",1.2556759119033813,0.20487642288208008,0.07145452499389648
"Learned (U-Net), Full",1.2064815759658813,0.28202807903289795,0.1525118350982666
"Learned (U-Net), Full",1.2989479303359985,0.20321857929229736,0.16158056259155273
"Learned (U-Net), Full",1.1471990942955017,0.28765153884887695,0.15452122688293457
"Learned (U-Net), Full",1.2861036658287048,0.12064611911773682,0.06869387626647949
"Learned (U-Net), Full",1.15603768825531,0.23486816883087158,0.2629854679107666
"Learned (U-Net), Full",1.2494797110557556,0.1785045862197876,0.047415971755981445
"Learned (U-Net), Full",1.2645383477210999,0.14308154582977295,0.6093130111694336
"Learned (U-Net), Full",1.264767825603485,0.38641834259033203,0.353773832321167
"Learned (U-Net), Full",1.1716444492340088,0.23692750930786133,0.13077092170715332
"Learned (U-Net), Full",1.261072039604187,0.24553191661834717,0.032631874084472656
"Learned (U-Net), Full",1.2312819361686707,0.09310460090637207,0.316561222076416
"Learned (U-Net), Full",1.175245761871338,0.22154629230499268,0.026655912399291992
"Learned (U-Net), Full",1.349613904953003,0.426350474357605,0.6560795307159424
"Learned (U-Net), Full",1.245754897594452,0.21687936782836914,0.2442319393157959
"Learned (U-Net), Full",1.192949891090393,0.23771536350250244,0.2701561450958252
"Learned (U-Net), Full",1.2313554883003235,0.21824359893798828,0.454831600189209
"Learned (U-Net), Full",1.206831455230713,0.26079845428466797,0.4256782531738281
"Learned (U-Net), Full",1.2643241882324219,0.17391610145568848,0.2243189811706543
"Learned (U-Net), Full",1.2546849250793457,0.3425025939941406,0.4677469730377197
"Learned (U-Net), Full",1.2379488348960876,0.4330991506576538,0.31195807456970215
"Learned (U-Net), Full",1.2241376638412476,0.21184587478637695,0.5648014545440674
"Learned (U-Net), Full",1.306915044784546,0.2929971218109131,0.09211921691894531
"Learned (U-Net), Full",1.2095692157745361,0.30965352058410645,0.18628549575805664
"Learned (U-Net), Full",1.2883239388465881,0.30939626693725586,0.15840959548950195
"Learned (U-Net), Full",1.2388893961906433,0.13045573234558105,0.381894588470459
"Learned (U-Net), Full",1.1570663452148438,0.24647140502929688,0.3309211730957031
"Learned (U-Net), Full",1.1700111031532288,0.2252202033996582,0.28384923934936523
"Learned (U-Net), Full",1.1631963849067688,0.13555574417114258,0.3661046028137207
"Learned (U-Net), Full",1.24471116065979,0.22672343254089355,0.26032495498657227
"Learned (U-Net), Full",1.1250944137573242,0.291983962059021,0.5158698558807373
"Learned (U-Net), Full",1.302737534046173,0.2519247531890869,0.1335010528564453
"Learned (U-Net), Full",1.2931475043296814,0.47324180603027344,0.2745528221130371
"Learned (U-Net), Full",1.3206379413604736,0.32077836990356445,0.28959035873413086
"Learned (U-Net), Full",1.1628352403640747,0.19115018844604492,0.35738325119018555
"Learned (U-Net), Full",1.2977523803710938,0.3191012144088745,0.0040416717529296875
"Learned (U-Net), Full",1.2721332907676697,0.4856380224227905,0.0034418106079101562
"Learned (U-Net), Full",1.339454710483551,0.3351426124572754,0.4374263286590576
"Learned (U-Net), Full",1.3777679204940796,0.40706169605255127,0.5675342082977295
"Learned (U-Net), Full",1.357369601726532,0.21253132820129395,0.023404598236083984
"Learned (U-Net), Full",1.3300918936729431,0.2572968006134033,0.3520374298095703
"Learned (U-Net), Full",1.309055209159851,0.3081369400024414,0.40160584449768066
"Learned (U-Net), Full",1.2523778676986694,0.3572298288345337,0.4440031051635742
"Learned (U-Net), Full",1.3285114765167236,0.2317790985107422,0.2818284034729004
"Learned (U-Net), Full",1.254129707813263,0.3296581506729126,0.41331934928894043
"Learned (U-Net), Full",1.3614347577095032,0.23596084117889404,0.19483327865600586
"Learned (U-Net), Full",1.332642138004303,0.3168141841888428,0.19455528259277344
"Learned (U-Net), Full",1.3115438222885132,0.2790414094924927,0.37601184844970703
"Learned (U-Net), Full",1.3757629990577698,0.3674525022506714,0.4697403907775879
"Learned (U-Net), Full",1.336837649345398,0.28591465950012207,0.47220516204833984
"Learned (U-Net), Full",1.3067461848258972,0.25482094287872314,0.23584747314453125
"Learned (U-Net), Full",1.2926970720291138,0.282464861869812,0.3836500644683838
"Learned (U-Net), Full",1.3056856393814087,0.2169283628463745,0.26143622398376465
"Learned (U-Net), Full",1.3581342697143555,0.18929040431976318,0.4307112693786621
"Learned (U-Net), Full",1.3629143834114075,0.25305938720703125,0.25751757621765137
"Learned (U-Net), Full",1.3104167580604553,0.26635777950286865,0.47948360443115234
"Learned (U-Net), Full",1.305797040462494,0.35983479022979736,0.2696528434753418
"Learned (U-Net), Full",1.339894950389862,0.4519153833389282,0.6155731678009033
"Learned (U-Net), Full",1.3350017666816711,0.19806170463562012,0.18892931938171387
"Learned (U-Net), Full",1.4542837142944336,0.20424115657806396,0.025684833526611328
"Learned (U-Net), Full",1.3188351392745972,0.21725666522979736,0.26412057876586914
"Learned (U-Net), Full",1.4652410745620728,0.2241530418395996,0.009021997451782227
"Learned (U-Net), Full",1.3528581261634827,0.18934869766235352,0.16982626914978027
"Learned (U-Net), Full",1.3186405301094055,0.20613837242126465,0.2658262252807617
"Learned (U-Net), Full",1.3664599657058716,0.2546776533126831,0.28861236572265625
"Learned (U-Net), Full",1.4566371440887451,0.2227787971496582,0.060323238372802734
"Learned (U-Net), Full",1.2821314930915833,0.19183111190795898,0.052829742431640625
"Learned (U-Net), Full",1.3274339437484741,0.36262863874435425,0.17108941078186035
"Learned (U-Net), Full",1.4062975645065308,0.35259830951690674,0.036302804946899414
"Learned (U-Net), Full",1.3509602546691895,0.191137433052063,0.06757020950317383
"Learned (U-Net), Full",1.3080516457557678,0.3498111963272095,0.30555248260498047
"Learned (U-Net), Full",1.3668025135993958,0.21315646171569824,0.08925390243530273
"Learned (U-Net), Full",1.3810975551605225,0.22147846221923828,0.09117507934570312
"Learned (U-Net), Full",1.3649930953979492,0.36097192764282227,0.22382736206054688
"Learned (U-Net), Full",1.3219330310821533,0.21601653099060059,0.2814290523529053
"Learned (U-Net), Full",1.3720896244049072,0.30246150493621826,0.16707444190979004
"Learned (U-Net), Full",1.3027001023292542,0.21336722373962402,0.15685296058654785
"Learned (U-Net), Full",1.4257029294967651,0.2365494966506958,0.03934335708618164
"Learned (U-Net), Full",1.3489563465118408,0.21423661708831787,0.013180971145629883
"Learned (U-Net), Full",1.3180559277534485,0.2510424852371216,0.2540926933288574
"Learned (U-Net), Full",1.3159602284431458,0.3997678756713867,0.5773105621337891
"Learned (U-Net), Full",1.3245369791984558,0.3579521179199219,0.15073060989379883
"Learned (U-Net), Full",1.2649365663528442,0.41588032245635986,0.6287541389465332
"Learned (U-Net), Full",1.280233383178711,0.3821420669555664,0.7438173294067383
"Learned (U-Net), Full",1.3240670561790466,0.1849755048751831,0.5143246650695801
"Learned (U-Net), Full",1.3747920393943787,0.21852374076843262,0.4505581855773926
"Learned (U-Net), Full",1.2532495260238647,0.2831035852432251,0.4922511577606201
"Learned (U-Net), Full",1.3334734439849854,0.2408696413040161,0.4017922878265381
"Learned (U-Net), Full",1.369584083557129,0.27760279178619385,0.3253026008605957
"Learned (U-Net), Full",1.3588195443153381,0.3334299325942993,0.5659997463226318
"Learned (U-Net), Full",1.3223494291305542,0.19071340560913086,0.6085824966430664
"Learned (U-Net), Full",1.3003184795379639,0.1924813985824585,0.30983781814575195
"Learned (U-Net), Full",1.299258291721344,0.4641929864883423,0.7945754528045654
"Learned (U-Net), Full",1.440439224243164,0.24301159381866455,0.22267770767211914
"Learned (U-Net), Full",1.3557378649711609,0.293332576751709,0.42989397048950195
"Learned (U-Net), Full",1.353527307510376,0.21838974952697754,0.29394102096557617
"Learned (U-Net), Full",1.3390494585037231,0.21275246143341064,0.3947901725769043
"Learned (U-Net), Full",0.7666642963886261,0.08483195304870605,0.08402633666992188
"Learned (U-Net), Full",0.8433340489864349,0.18214750289916992,0.14269328117370605
"Learned (U-Net), Full",0.8084255754947662,0.07345867156982422,0.01298213005065918
"Learned (U-Net), Full",0.798042356967926,0.11938416957855225,0.013840436935424805
"Learned (U-Net), Full",0.871687114238739,0.10337209701538086,0.07984781265258789
"Learned (U-Net), Full",0.8870950639247894,0.21889913082122803,0.10104799270629883
"Learned (U-Net), Full",0.780218780040741,0.0869894027709961,0.12964963912963867
"Learned (U-Net), Full",0.7773483395576477,0.019637703895568848,0.00938272476196289
"Learned (U-Net), Full",0.9017756581306458,0.07674074172973633,0.021731853485107422
"Learned (U-Net), Full",0.8028266131877899,0.051505327224731445,0.1863265037536621
"Learned (U-Net), Full",0.8650901913642883,0.15467822551727295,0.17807769775390625
"Learned (U-Net), Full",0.9307703673839569,0.2908170223236084,0.315432071685791
"Learned (U-Net), Full",0.8516689538955688,0.0807807445526123,0.14475440979003906
"Learned (U-Net), Full",0.8149057030677795,0.03804612159729004,0.08222389221191406
"Learned (U-Net), Full",0.8727389872074127,0.1172037124633789,0.09953641891479492
"Learned (U-Net), Full",0.8091933131217957,0.06991815567016602,0.10462808609008789
"Learned (U-Net), Full",0.8453985452651978,0.028728723526000977,0.09735441207885742
"Learned (U-Net), Full",0.8614445924758911,0.11158871650695801,0.0909433364868164
"Learned (U-Net), Full",0.8434164524078369,0.0679316520690918,0.05254673957824707
"Learned (U-Net), Full",0.8780243694782257,0.11715757846832275,0.05167818069458008
"Learned (U-Net), Full",0.7209063470363617,0.027002334594726562,0.12894558906555176
"Learned (U-Net), Full",0.8752133250236511,0.10872018337249756,0.3985569477081299
"Learned (U-Net), Full",0.7974477410316467,0.1154935359954834,0.16730952262878418
"Learned (U-Net), Full",0.900886058807373,0.16965579986572266,0.24976134300231934
"Learned (U-Net), Full",0.8797555565834045,0.18839573860168457,0.3654308319091797
"Learned (U-Net), Full",0.8031682372093201,0.06251215934753418,0.1564013957977295
"Learned (U-Net), Full",0.7952836751937866,0.07876956462860107,0.0005390644073486328
"Learned (U-Net), Full",0.8444339334964752,0.15218710899353027,0.2753012180328369
"Learned (U-Net), Full",0.8305439651012421,0.08183944225311279,0.017692089080810547
"Learned (U-Net), Full",0.8206289112567902,0.19017887115478516,0.24575471878051758
"Learned (U-Net), Full",0.9529137015342712,0.3117905855178833,0.5351500511169434
"Learned (U-Net), Full",0.8419588804244995,0.23744618892669678,0.26166462898254395
"Learned (U-Net), Full",0.8163363635540009,0.12245762348175049,0.16227126121520996
"Learned (U-Net), Full",0.8081528544425964,0.10755038261413574,0.1558694839477539
"Learned (U-Net), Full",0.7755115330219269,0.0475008487701416,0.1956343650817871
"Learned (U-Net), Full",0.7932320535182953,0.14369678497314453,0.26561522483825684
"Learned (U-Net), Full",0.8392443358898163,0.14822661876678467,0.19495487213134766
"Learned (U-Net), Full",0.924415647983551,0.23062050342559814,0.4939875602722168
"Learned (U-Net), Full",0.8507029712200165,0.17394185066223145,0.3260509967803955
"Learned (U-Net), Full",0.8693186342716217,0.26800692081451416,0.5275163650512695
"Learned (U-Net), Full",0.9348200857639313,0.32507431507110596,0.543968677520752
"Learned (U-Net), Full",0.8291600048542023,0.08754527568817139,0.1169431209564209
"Learned (U-Net), Full",0.8906818330287933,0.031635165214538574,0.3083333969116211
"Learned (U-Net), Full",0.8237493336200714,0.02301633358001709,0.08495116233825684
"Learned (U-Net), Full",0.8152726888656616,0.06663906574249268,0.11281466484069824
"Learned (U-Net), Full",0.8081008195877075,0.14328694343566895,0.28864192962646484
"Learned (U-Net), Full",0.8628588318824768,0.050098419189453125,0.13262176513671875
"Learned (U-Net), Full",0.8712674081325531,0.12725484371185303,0.08270502090454102
"Learned (U-Net), Full",0.7914659380912781,0.10690593719482422,0.05887174606323242
"Learned (U-Net), Full",0.8350629508495331,0.15764999389648438,0.027786731719970703
"Learned (U-Net), Full",0.8567315936088562,0.11328506469726562,0.039426326751708984
"Learned (U-Net), Full",0.8471729457378387,0.20423376560211182,0.33064889907836914
"Learned (U-Net), Full",0.7872454226016998,0.13431322574615479,0.18613672256469727
"Learned (U-Net), Full",0.7673743069171906,0.059961915016174316,0.0991067886352539
"Learned (U-Net), Full",0.8270118534564972,0.18961942195892334,0.06706905364990234
"Learned (U-Net), Full",0.8234319090843201,0.12275540828704834,0.11463737487792969
"Learned (U-Net), Full",0.7898279130458832,0.13429772853851318,0.08995389938354492
"Learned (U-Net), Full",0.8087473511695862,0.21211552619934082,0.19518756866455078
"Learned (U-Net), Full",0.8227199614048004,0.07617843151092529,0.21553611755371094
"Learned (U-Net), Full",0.8636534512042999,0.12940692901611328,0.00824117660522461
"Learned (U-Net), Full",0.9328619837760925,0.20996403694152832,0.24542009830474854
"Learned (U-Net), Full",0.8844350278377533,0.2733096480369568,0.4561382532119751
"Learned (U-Net), Full",0.8978270888328552,0.22696077823638916,0.2866497039794922
"Learned (U-Net), Full",0.9193914830684662,0.23363161087036133,0.254611611366272
"Learned (U-Net), Full",0.8607380390167236,0.3537670969963074,0.47644877433776855
"Learned (U-Net), Full",0.8688761293888092,0.1946808099746704,0.3939918279647827
"Learned (U-Net), Full",0.9094633460044861,0.40730756521224976,0.5443650484085083
"Learned (U-Net), Full",0.9094556272029877,0.4072113633155823,0.5462079048156738
"Learned (U-Net), Full",0.8880853950977325,0.22541403770446777,0.4604618549346924
"Learned (U-Net), Full",0.8618539571762085,0.12514108419418335,0.18944048881530762
"Learned (U-Net), Full",0.9143784940242767,0.2551732063293457,0.46631085872650146
"Learned (U-Net), Full",0.8527383506298065,0.2747783064842224,0.36120402812957764
"Learned (U-Net), Full",0.8869340717792511,0.1886131763458252,0.32494211196899414
"Learned (U-Net), Full",0.9206877946853638,0.19288915395736694,0.028544306755065918
"Learned (U-Net), Full",0.9204405546188354,0.27690207958221436,0.41971123218536377
"Learned (U-Net), Full",0.8802675902843475,0.2113131284713745,0.20041286945343018
"Learned (U-Net), Full",0.9075854122638702,0.3242592215538025,0.3499290943145752
"Learned (U-Net), Full",0.9288724362850189,0.3552125096321106,0.341693639755249
"Learned (U-Net), Full",0.8910679817199707,0.2685549855232239,0.19207513332366943
"Learned (U-Net), Full",0.9261933863162994,0.23296767473220825,0.206537127494812
"Learned (U-Net), Full",0.8945421576499939,0.15534555912017822,0.07826626300811768
"Learned (U-Net), Full",0.8423332273960114,0.3350248336791992,0.3631312847137451
"Learned (U-Net), Full",0.9307529032230377,0.3679921627044678,0.3624025583267212
"Learned (U-Net), Full",0.9182838201522827,0.3572409749031067,0.3724701404571533
"Learned (U-Net), Full",0.923465222120285,0.12712734937667847,0.13130617141723633
"Learned (U-Net), Full",0.9246338605880737,0.2462424635887146,0.197806715965271
"Learned (U-Net), Full",0.8974429070949554,0.30954110622406006,0.403928279876709
"Learned (U-Net), Full",0.8685519695281982,0.30381906032562256,0.17973339557647705
"Learned (U-Net), Full",0.9009551405906677,0.38075727224349976,0.4447927474975586
"Learned (U-Net), Full",0.9111421704292297,0.19698238372802734,0.09319078922271729
"Learned (U-Net), Full",0.9015944302082062,0.34218400716781616,0.13915300369262695
"Learned (U-Net), Full",0.8848905265331268,0.2672339081764221,0.052488088607788086
"Learned (U-Net), Full",0.8583522439002991,0.2626116871833801,0.08245790004730225
"Learned (U-Net), Full",0.9029779732227325,0.23120957612991333,0.032647013664245605
"Learned (U-Net), Full",0.8835287094116211,0.3434830605983734,0.15465271472930908
"Learned (U-Net), Full",0.9047809839248657,0.2494204044342041,0.25198566913604736
"Learned (U-Net), Full",0.9142981767654419,0.26259636878967285,0.0666971206665039
"Learned (U-Net), Full",0.9483489096164703,0.3463784456253052,0.15603375434875488
"Learned (U-Net), Full",0.9221154153347015,0.3498009443283081,0.10338699817657471
"Learned (U-Net), Full",0.8699260950088501,0.3311673402786255,0.22147512435913086
"Learned (U-Net), Full",0.8400813341140747,0.30236995220184326,0.14631986618041992
"Learned (U-Net), Full",0.9223688840866089,0.1428971290588379,0.29198217391967773
"Learned (U-Net), Full",0.9123735725879669,0.3309478163719177,0.1251358985900879
"Learned (U-Net), Full",0.9040631353855133,0.22094643115997314,0.0733262300491333
"Learned (U-Net), Full",0.8802163302898407,0.24538573622703552,0.09336471557617188
"Learned (U-Net), Full",0.8994231522083282,0.3382188081741333,0.6407471895217896
"Learned (U-Net), Full",0.8817583322525024,0.13436293601989746,0.27317142486572266
"Learned (U-Net), Full",0.8926640450954437,0.3421285152435303,0.497788667678833
"Learned (U-Net), Full",0.9278847873210907,0.33681148290634155,0.48213911056518555
"Learned (U-Net), Full",0.8895798027515411,0.2972258925437927,0.5092325210571289
"Learned (U-Net), Full",0.8890126943588257,0.1573060154914856,0.49107587337493896
"Learned (U-Net), Full",0.8969347476959229,0.21998417377471924,0.4282710552215576
"Learned (U-Net), Full",0.8907445967197418,0.3163999915122986,0.5977931022644043
"Learned (U-Net), Full",0.8603678941726685,0.22427529096603394,0.37448883056640625
"Learned (U-Net), Full",0.8432117998600006,0.36932408809661865,0.5862395763397217
"Learned (U-Net), Full",0.8775891065597534,0.29186028242111206,0.47831177711486816
"Learned (U-Net), Full",0.9223296642303467,0.28583604097366333,0.592450737953186
"Learned (U-Net), Full",0.879081130027771,0.3216492533683777,0.5002100467681885
"Learned (U-Net), Full",0.9239336252212524,0.29639190435409546,0.5309127569198608
"Learned (U-Net), Full",0.8699706494808197,0.1736012101173401,0.3015401363372803
"Learned (U-Net), Full",0.7083279192447662,0.11857467889785767,0.19782114028930664
"Learned (U-Net), Full",0.6705509126186371,0.14104747772216797,0.1631009578704834
"Learned (U-Net), Full",0.7009005546569824,0.16692698001861572,0.3484002351760864
"Learned (U-Net), Full",0.6570453643798828,0.08930701017379761,0.17142796516418457
"Learned (U-Net), Full",0.7265647649765015,0.18796157836914062,0.30208802223205566
"Learned (U-Net), Full",0.6676241755485535,0.0761423110961914,0.09285354614257812
"Learned (U-Net), Full",0.6542113423347473,0.07279837131500244,0.024332284927368164
"Learned (U-Net), Full",0.7184091210365295,0.10418415069580078,0.0741126537322998
"Learned (U-Net), Full",0.6866884231567383,0.08846461772918701,0.11310482025146484
"Learned (U-Net), Full",0.7280107140541077,0.17879563570022583,0.2944624423980713
"Learned (U-Net), Full",0.6899541616439819,0.13817721605300903,0.10641026496887207
"Learned (U-Net), Full",0.7015965580940247,0.08167731761932373,0.1674860715866089
"Learned (U-Net), Full",0.6619732975959778,0.11857640743255615,0.23021531105041504
"Learned (U-Net), Full",0.7059590220451355,0.1638818383216858,0.21027612686157227
"Learned (U-Net), Full",0.6940457820892334,0.12526732683181763,0.18575191497802734
"Learned (U-Net), Full",0.7256177663803101,0.12141644954681396,0.12102961540222168
"Learned (U-Net), Full",0.7196685671806335,0.257382869720459,0.3572981357574463
"Learned (U-Net), Full",0.7174142003059387,0.08931607007980347,0.10152626037597656
"Learned (U-Net), Full",0.7207167744636536,0.11882120370864868,0.18566954135894775
"Learned (U-Net), Full",0.6870072484016418,0.11501926183700562,0.09176039695739746
"Learned (U-Net), Full",0.7235249578952789,0.06357187032699585,0.0627748966217041
"Learned (U-Net), Full",0.7161338329315186,0.08087766170501709,0.02825784683227539
"Learned (U-Net), Full",0.6665382385253906,0.18242639303207397,0.10071849822998047
"Learned (U-Net), Full",0.6625854074954987,0.15546542406082153,0.03146255016326904
"Learned (U-Net), Full",0.717427670955658,0.1349526047706604,0.17561161518096924
"Learned (U-Net), Full",0.7168979048728943,0.13778889179229736,0.21162843704223633
"Learned (U-Net), Full",0.735156387090683,0.10138726234436035,0.34755802154541016
"Learned (U-Net), Full",0.6932440996170044,0.10811781883239746,0.028264522552490234
"Learned (U-Net), Full",0.6963419914245605,0.13096833229064941,0.24467504024505615
"Learned (U-Net), Full",0.7513822019100189,0.07433831691741943,0.02861952781677246
"Learned (U-Net), Full",0.7225608825683594,0.08511769771575928,0.11628508567810059
"Learned (U-Net), Full",0.7422215938568115,0.17295008897781372,0.0471876859664917
"Learned (U-Net), Full",0.7038462162017822,0.0654836893081665,0.1047065258026123
"Learned (U-Net), Full",0.6809443235397339,0.10720211267471313,0.07241630554199219
"Learned (U-Net), Full",0.6895225942134857,0.1410919427871704,0.09161233901977539
"Learned (U-Net), Full",0.7169277667999268,0.13406270742416382,0.022332310676574707
"Learned (U-Net), Full",0.6836360692977905,0.10432910919189453,0.012400388717651367
"Learned (U-Net), Full",0.7451945841312408,0.16655981540679932,0.43755340576171875
"Learned (U-Net), Full",0.6854373812675476,0.21203243732452393,0.09352946281433105
"Learned (U-Net), Full",0.66133251786232,0.09090125560760498,0.15742719173431396
"Learned (U-Net), Full",0.7467884421348572,0.19324809312820435,0.2173837423324585
"Learned (U-Net), Full",0.6368999779224396,0.1659725308418274,0.0430598258972168
"Learned (U-Net), Full",0.6735063195228577,0.07908904552459717,0.24235773086547852
"Learned (U-Net), Full",0.6957772970199585,0.12489533424377441,0.19666457176208496
"Learned (U-Net), Full",0.7037881016731262,0.1580255627632141,0.007460832595825195
"Learned (U-Net), Full",0.6533589065074921,0.09958499670028687,0.18007397651672363
"Learned (U-Net), Full",0.6900250613689423,0.0736616849899292,0.16938281059265137
"Learned (U-Net), Full",0.7009640038013458,0.1598738431930542,0.2622661590576172
"Learned (U-Net), Full",0.6902438998222351,0.1360582709312439,0.2578911781311035
"Learned (U-Net), Full",0.7124584913253784,0.05624479055404663,0.16015267372131348
"Learned (U-Net), Full",0.6775187849998474,0.08604204654693604,0.19310235977172852
"Learned (U-Net), Full",0.7256503701210022,0.15612632036209106,0.3010377883911133
"Learned (U-Net), Full",0.687615305185318,0.0997544527053833,0.13978910446166992
"Learned (U-Net), Full",0.6935173571109772,0.11974012851715088,0.15130066871643066
"Learned (U-Net), Full",0.6766381561756134,0.09761464595794678,0.2595338821411133
"Learned (U-Net), Full",0.7002126276493073,0.24292832612991333,0.40929532051086426
"Learned (U-Net), Full",0.7080852687358856,0.08093994855880737,0.03811144828796387
"Learned (U-Net), Full",0.7170079946517944,0.1312485933303833,0.23198318481445312
"Learned (U-Net), Full",0.6731786727905273,0.1430675983428955,0.19086360931396484
"Learned (U-Net), Full",0.7075453102588654,0.11325240135192871,0.2779756784439087
"Learned (U-Net), Full",0.7620922029018402,0.1859647035598755,0.22608709335327148
"Learned (U-Net), Full",0.7336380183696747,0.17264580726623535,0.18155431747436523
"Learned (U-Net), Full",0.6972095668315887,0.1894426941871643,0.2211378812789917
"Learned (U-Net), Full",0.7242506146430969,0.2347915768623352,0.3603026866912842
"Learned (U-Net), Full",0.7411156296730042,0.22373265027999878,0.4305100440979004
"Learned (U-Net), Full",0.7217592298984528,0.21308279037475586,0.2466646432876587
"Learned (U-Net), Full",0.7716609239578247,0.08529317378997803,0.10087120532989502
"Learned (U-Net), Full",0.7321975529193878,0.21194803714752197,0.35062527656555176
"Learned (U-Net), Full",0.7162045836448669,0.1937541961669922,0.2361454963684082
"Learned (U-Net), Full",0.7875245213508606,0.07697486877441406,0.005995750427246094
"Learned (U-Net), Full",0.772347092628479,0.11406946182250977,0.09964263439178467
"Learned (U-Net), Full",0.7705222964286804,0.10695779323577881,0.12165451049804688
"Learned (U-Net), Full",0.7952645421028137,0.12978869676589966,0.1351640224456787
"Learned (U-Net), Full",0.720449835062027,0.1622716784477234,0.2913954257965088
"Learned (U-Net), Full",0.7404621839523315,0.17015326023101807,0.265889048576355
"Learned (U-Net), Full",0.7402032017707825,0.16331523656845093,0.11660599708557129
"Learned (U-Net), Full",0.7342603206634521,0.14296859502792358,0.18183815479278564
"Learned (U-Net), Full",0.740538626909256,0.21121346950531006,0.27561497688293457
"Learned (U-Net), Full",0.7073544859886169,0.2402256727218628,0.354656457901001
"Learned (U-Net), Full",0.7411297559738159,0.1980208158493042,0.2581491470336914
"Learned (U-Net), Full",0.7525243759155273,0.240009605884552,0.22502970695495605
"Learned (U-Net), Full",0.7583935558795929,0.22517508268356323,0.19650053977966309
"Learned (U-Net), Full",0.7078300714492798,0.0999411940574646,0.018253445625305176
"Learned (U-Net), Full",0.687202513217926,0.14907562732696533,0.08721494674682617
"Learned (U-Net), Full",0.7239893972873688,0.2445896863937378,0.2922370433807373
"Learned (U-Net), Full",0.7623641490936279,0.2359311580657959,0.2217707633972168
"Learned (U-Net), Full",0.7323344051837921,0.21925652027130127,0.17456912994384766
"Learned (U-Net), Full",0.7357079982757568,0.13282126188278198,0.0710684061050415
"Learned (U-Net), Full",0.6819436848163605,0.1709485650062561,0.16075873374938965
"Learned (U-Net), Full",0.7399293482303619,0.20350319147109985,0.12066090106964111
"Learned (U-Net), Full",0.7553244829177856,0.18660300970077515,0.06733965873718262
"Learned (U-Net), Full",0.7289427816867828,0.23226550221443176,0.04486382007598877
"Learned (U-Net), Full",0.7208634614944458,0.22479289770126343,0.02040719985961914
"Learned (U-Net), Full",0.7272396981716156,0.09964251518249512,0.012389540672302246
"Learned (U-Net), Full",0.8031630218029022,0.17167425155639648,0.01090848445892334
"Learned (U-Net), Full",0.7504839301109314,0.1034500002861023,0.056908607482910156
"Learned (U-Net), Full",0.7095270156860352,0.16403824090957642,0.13428914546966553
"Learned (U-Net), Full",0.8058209419250488,0.2991079092025757,0.17849838733673096
"Learned (U-Net), Full",0.7167209982872009,0.11487573385238647,0.0863027572631836
"Learned (U-Net), Full",0.7410677373409271,0.1330685019493103,0.24531912803649902
"Learned (U-Net), Full",0.7589244544506073,0.24646210670471191,0.0704418420791626
"Learned (U-Net), Full",0.7646703720092773,0.1695588231086731,0.058370232582092285
"Learned (U-Net), Full",0.782429963350296,0.17873531579971313,0.012803912162780762
"Learned (U-Net), Full",0.7053925693035126,0.22549372911453247,0.17583298683166504
"Learned (U-Net), Full",0.7480944991111755,0.11782735586166382,0.047457218170166016
"Learned (U-Net), Full",0.7155603170394897,0.22301983833312988,0.43453454971313477
"Learned (U-Net), Full",0.7414032518863678,0.1928713321685791,0.08766436576843262
"Learned (U-Net), Full",0.7571839392185211,0.128637433052063,0.2485799789428711
"Learned (U-Net), Full",0.7801142036914825,0.13165193796157837,0.28676557540893555
"Learned (U-Net), Full",0.7382672429084778,0.11060088872909546,0.1680896282196045
"Learned (U-Net), Full",0.7092266976833344,0.15433847904205322,0.2857394218444824
"Learned (U-Net), Full",0.7373818457126617,0.17131352424621582,0.236708402633667
"Learned (U-Net), Full",0.7379932403564453,0.2053338885307312,0.33275365829467773
"Learned (U-Net), Full",0.7328838109970093,0.21948176622390747,0.403644323348999
"Learned (U-Net), Full",0.7167300283908844,0.12764549255371094,0.2741389274597168
"Learned (U-Net), Full",0.7362328171730042,0.15650194883346558,0.25685667991638184
"Learned (U-Net), Full",0.7043647468090057,0.20896482467651367,0.33178067207336426
"Learned (U-Net), Full",0.7350486814975739,0.19012361764907837,0.3570270538330078
"Learned (U-Net), Full",0.7426173686981201,0.13067781925201416,0.18751287460327148
"Learned (U-Net), Full",0.7487115263938904,0.13970023393630981,0.3813955783843994
"Learned (U-Net), Full",0.5365326702594757,0.03348571062088013,0.015256404876708984
"Learned (U-Net), Full",0.5614349544048309,0.06409001350402832,0.08710956573486328
"Learned (U-Net), Full",0.5790591835975647,0.11229783296585083,0.09765219688415527
"Learned (U-Net), Full",0.5308881998062134,0.0380130410194397,0.0911862850189209
"Learned (U-Net), Full",0.5355822890996933,0.01035851240158081,0.044582486152648926
"Learned (U-Net), Full",0.5663844048976898,0.1605939269065857,0.13410186767578125
"Learned (U-Net), Full",0.5639500319957733,0.08603191375732422,0.09874916076660156
"Learned (U-Net), Full",0.4938865602016449,0.002894461154937744,0.011559724807739258
"Learned (U-Net), Full",0.523819774389267,0.072071373462677,0.11738729476928711
"Learned (U-Net), Full",0.48103512823581696,0.021359920501708984,0.03963279724121094
"Learned (U-Net), Full",0.5406316518783569,0.0584682822227478,0.06872344017028809
"Learned (U-Net), Full",0.5441006720066071,0.0763552188873291,0.0935831069946289
"Learned (U-Net), Full",0.5140021443367004,0.05423969030380249,0.09511637687683105
"Learned (U-Net), Full",0.5402583479881287,0.11452549695968628,0.1910696029663086
"Learned (U-Net), Full",0.4979087561368942,0.08361071348190308,0.029224872589111328
"Learned (U-Net), Full",0.5208234190940857,0.05004626512527466,0.0077811479568481445
"Learned (U-Net), Full",0.5549525618553162,0.055383503437042236,0.0025147199630737305
"Learned (U-Net), Full",0.5532502830028534,0.09535670280456543,0.03769052028656006
"Learned (U-Net), Full",0.5070428848266602,0.08660304546356201,0.26758134365081787
"Learned (U-Net), Full",0.4949920326471329,0.06304585933685303,0.016077399253845215
"Learned (U-Net), Full",0.5399982929229736,0.04559767246246338,0.016432762145996094
"Learned (U-Net), Full",0.5223952084779739,0.03392660617828369,0.09963905811309814
"Learned (U-Net), Full",0.5508415102958679,0.021908700466156006,0.04923605918884277
"Learned (U-Net), Full",0.5251598507165909,0.07247316837310791,0.001432180404663086
"Learned (U-Net), Full",0.5359707772731781,0.048755526542663574,0.08613717555999756
"Learned (U-Net), Full",0.5324019491672516,0.027191877365112305,0.03398334980010986
"Learned (U-Net), Full",0.5098543763160706,0.030578315258026123,0.09256911277770996
"Learned (U-Net), Full",0.541816234588623,0.08803242444992065,0.09881818294525146
"Learned (U-Net), Full",0.5956883430480957,0.06691712141036987,0.06440222263336182
"Learned (U-Net), Full",0.5274091362953186,0.08643877506256104,0.07468891143798828
"Learned (U-Net), Full",0.5382873266935349,0.08251756429672241,0.16601884365081787
"Learned (U-Net), Full",0.6159909069538116,0.07037603855133057,0.14213299751281738
"Learned (U-Net), Full",0.5312130153179169,0.051433563232421875,0.2111659049987793
"Learned (U-Net), Full",0.5484918355941772,0.0986742377281189,0.24069452285766602
"Learned (U-Net), Full",0.6372182369232178,0.07646238803863525,0.24596571922302246
"Learned (U-Net), Full",0.5209128707647324,0.06150162220001221,0.05383634567260742
"Learned (U-Net), Full",0.5413547158241272,0.09922271966934204,0.3498215675354004
"Learned (U-Net), Full",0.5152779221534729,0.03953284025192261,0.1576598882675171
"Learned (U-Net), Full",0.5647057890892029,0.05760681629180908,0.25296497344970703
"Learned (U-Net), Full",0.5159302651882172,0.009522616863250732,0.07795655727386475
"Learned (U-Net), Full",0.5331116914749146,0.04713296890258789,0.023657679557800293
"Learned (U-Net), Full",0.5358380079269409,0.05630975961685181,0.14455783367156982
"Learned (U-Net), Full",0.5590669512748718,0.05721384286880493,0.302204966545105
"Learned (U-Net), Full",0.5462871491909027,0.03572821617126465,0.08412003517150879
"Learned (U-Net), Full",0.5613121092319489,0.04744082689285278,0.04955124855041504
"Learned (U-Net), Full",0.5736182928085327,0.032546162605285645,0.008753538131713867
"Learned (U-Net), Full",0.5455575883388519,0.05792438983917236,0.11923861503601074
"Learned (U-Net), Full",0.5495181679725647,0.026072919368743896,0.0190279483795166
"Learned (U-Net), Full",0.5053681135177612,0.0420498251914978,0.06040167808532715
"Learned (U-Net), Full",0.5471210777759552,0.13332712650299072,0.007086277008056641
"Learned (U-Net), Full",0.5756486058235168,0.03228813409805298,0.013216495513916016
"Learned (U-Net), Full",0.5480245500802994,0.1675214171409607,0.1480085849761963
"Learned (U-Net), Full",0.5436477065086365,0.014992296695709229,0.07451272010803223
"Learned (U-Net), Full",0.5607377588748932,0.029989123344421387,0.03870415687561035
"Learned (U-Net), Full",0.5178879499435425,0.04266613721847534,0.09556174278259277
"Learned (U-Net), Full",0.49564774334430695,0.03193885087966919,0.01947617530822754
"Learned (U-Net), Full",0.5542675256729126,0.09362363815307617,0.005981922149658203
"Learned (U-Net), Full",0.5090087354183197,0.09060293436050415,0.181532621383667
"Learned (U-Net), Full",0.5985395908355713,0.11825865507125854,0.027330398559570312
"Learned (U-Net), Full",0.5552938580513,0.03103506565093994,0.019876956939697266
"Learned (U-Net), Full",1.6956684589385986,0.57396399974823,0.8514871597290039
"Learned (U-Net), Full",1.7176969051361084,0.5267230272293091,1.0481772422790527
"Learned (U-Net), Full",1.6547968983650208,0.48096001148223877,0.8131282329559326
"Learned (U-Net), Full",1.7456005215644836,0.32664167881011963,0.4447646141052246
"Learned (U-Net), Full",1.6730971932411194,0.4067864418029785,0.537926435470581
"Learned (U-Net), Full",1.690577507019043,0.30854666233062744,0.5276739597320557
"Learned (U-Net), Full",1.7569219470024109,0.35298430919647217,0.5012555122375488
"Learned (U-Net), Full",1.6057573556900024,0.508877158164978,0.826042890548706
"Learned (U-Net), Full",1.645099699497223,0.40377140045166016,0.834374189376831
"Learned (U-Net), Full",1.6492432951927185,0.7306885719299316,0.9711654186248779
"Learned (U-Net), Full",1.6991562843322754,0.44377601146698,0.3933868408203125
"Learned (U-Net), Full",1.66145259141922,0.6703076362609863,1.1121985912322998
"Learned (U-Net), Full",1.712236225605011,0.4280604124069214,0.6166496276855469
"Learned (U-Net), Full",1.719048023223877,0.36890995502471924,0.5590212345123291
"Learned (U-Net), Full",1.6927784085273743,0.5005075931549072,0.6794891357421875
"Learned (U-Net), Full",1.6229153871536255,0.17600250244140625,0.3162708282470703
"Learned (U-Net), Full",1.7365959882736206,0.5021817684173584,0.37232398986816406
"Learned (U-Net), Full",1.595846176147461,0.5256922245025635,0.6600706577301025
"Learned (U-Net), Full",1.7359027862548828,0.49151456356048584,0.47289490699768066
"Learned (U-Net), Full",1.7001292705535889,0.284376859664917,0.23205327987670898
"Learned (U-Net), Full",1.6675812005996704,0.31712424755096436,0.3007164001464844
"Learned (U-Net), Full",1.6852293014526367,0.4093775749206543,0.3513040542602539
"Learned (U-Net), Full",1.7600752711296082,0.384540319442749,0.22773027420043945
"Learned (U-Net), Full",1.6578174829483032,0.47976672649383545,0.43377113342285156
"Learned (U-Net), Full",1.6507797837257385,0.48496246337890625,0.2996530532836914
"Learned (U-Net), Full",1.6908987760543823,0.4510601758956909,0.5418529510498047
"Learned (U-Net), Full",1.682231843471527,0.4365367889404297,0.30589914321899414
"Learned (U-Net), Full",1.7260051369667053,0.40498971939086914,0.4465961456298828
"Learned (U-Net), Full",1.6566237807273865,0.3017312288284302,0.23064184188842773
"Learned (U-Net), Full",1.7437443733215332,0.3992652893066406,0.5588154792785645
"Learned (U-Net), Full",1.7160375714302063,0.532943844795227,0.08778166770935059
"Learned (U-Net), Full",1.6877878904342651,0.5831032991409302,0.19800758361816406
"Learned (U-Net), Full",1.6721222400665283,0.42596757411956787,0.1381537914276123
"Learned (U-Net), Full",1.6407148838043213,0.5540491342544556,0.2275409698486328
"Learned (U-Net), Full",1.838960587978363,0.25870490074157715,0.0036618709564208984
"Learned (U-Net), Full",1.6824825406074524,0.6248297691345215,0.23635506629943848
"Learned (U-Net), Full",1.6070420742034912,0.21569931507110596,0.08186888694763184
"Learned (U-Net), Full",1.7193145751953125,0.3570176362991333,0.21913647651672363
"Learned (U-Net), Full",1.7346912622451782,0.313565731048584,0.14301800727844238
"Learned (U-Net), Full",1.631392478942871,0.32986128330230713,0.31514835357666016
"Learned (U-Net), Full",1.7528125047683716,0.4654043912887573,0.017394304275512695
"Learned (U-Net), Full",1.6266838908195496,0.5719140768051147,0.41176319122314453
"Learned (U-Net), Full",1.6733431220054626,0.5984023809432983,0.20765089988708496
"Learned (U-Net), Full",1.6754112243652344,0.5968846678733826,0.30955052375793457
"Learned (U-Net), Full",1.725683569908142,0.3505905866622925,0.05421304702758789
"Learned (U-Net), Full",1.748861312866211,0.2427971363067627,0.6679372787475586
"Learned (U-Net), Full",1.6910119652748108,0.4849393367767334,0.783344030380249
"Learned (U-Net), Full",1.6639203429222107,0.27583587169647217,0.5357937812805176
"Learned (U-Net), Full",1.764844298362732,0.39084672927856445,0.6982817649841309
"Learned (U-Net), Full",1.6061676740646362,0.33212387561798096,0.7159380912780762
"Learned (U-Net), Full",1.8179132342338562,0.2959270477294922,0.5188579559326172
"Learned (U-Net), Full",1.658602237701416,0.6332260966300964,1.2041404247283936
"Learned (U-Net), Full",1.7712968587875366,0.3957397937774658,0.9239001274108887
"Learned (U-Net), Full",1.646675944328308,0.4858376979827881,0.7444829940795898
"Learned (U-Net), Full",1.6484314799308777,0.5059694051742554,0.8277707099914551
"Learned (U-Net), Full",1.7193500995635986,0.6255626678466797,1.3034961223602295
"Learned (U-Net), Full",1.650591492652893,0.8119668364524841,1.3407156467437744
"Learned (U-Net), Full",1.7756431102752686,0.17291796207427979,0.4735450744628906
"Learned (U-Net), Full",1.6273871064186096,0.43092846870422363,0.5115456581115723
"Learned (U-Net), Full",1.7470620274543762,0.4273722171783447,0.868828296661377
"Learned (U-Net), Full",1.258606731891632,0.2292252779006958,0.2772359848022461
"Learned (U-Net), Full",1.2774084210395813,0.12930655479431152,0.18503713607788086
"Learned (U-Net), Full",1.257707953453064,0.2730749845504761,0.005110740661621094
"Learned (U-Net), Full",1.3020566701889038,0.12757468223571777,0.120086669921875
"Learned (U-Net), Full",1.2313909530639648,0.059137701988220215,0.0024564266204833984
"Learned (U-Net), Full",1.259277582168579,0.17067694664001465,0.2464747428894043
"Learned (U-Net), Full",1.2092816233634949,0.260905385017395,0.23103952407836914
"Learned (U-Net), Full",1.3329662680625916,0.09840285778045654,0.026943206787109375
"Learned (U-Net), Full",1.1741161346435547,0.22438979148864746,0.2318096160888672
"Learned (U-Net), Full",1.2791024446487427,0.18952059745788574,0.12417173385620117
"Learned (U-Net), Full",1.416731595993042,0.17889320850372314,0.13251018524169922
"Learned (U-Net), Full",1.2753069400787354,0.22886872291564941,0.42444324493408203
"Learned (U-Net), Full",1.3193637132644653,0.20111215114593506,0.15289306640625
"Learned (U-Net), Full",1.2978385090827942,0.16026246547698975,0.05818939208984375
"Learned (U-Net), Full",1.278588056564331,0.1756988763809204,0.04532670974731445
"Learned (U-Net), Full",1.2483127117156982,0.1943342685699463,0.08327150344848633
"Learned (U-Net), Full",1.2274032831192017,0.05941939353942871,0.07791590690612793
"Learned (U-Net), Full",1.2888906598091125,0.12874269485473633,0.014601707458496094
"Learned (U-Net), Full",1.2947720885276794,0.10009443759918213,0.2172260284423828
"Learned (U-Net), Full",1.3743632435798645,0.16965317726135254,0.3092832565307617
"Learned (U-Net), Full",1.2831743359565735,0.06930899620056152,0.21654438972473145
"Learned (U-Net), Full",1.229443907737732,0.2072131633758545,0.04408836364746094
"Learned (U-Net), Full",1.224149763584137,0.15846848487854004,0.2797262668609619
"Learned (U-Net), Full",1.2704954147338867,0.18776357173919678,0.09472775459289551
"Learned (U-Net), Full",1.2510362267494202,0.24410700798034668,0.38973331451416016
"Learned (U-Net), Full",1.349326491355896,0.16826939582824707,0.1753535270690918
"Learned (U-Net), Full",1.264709711074829,0.34291791915893555,0.19611406326293945
"Learned (U-Net), Full",1.3100430369377136,0.18152952194213867,0.027165651321411133
"Learned (U-Net), Full",1.3101748824119568,0.10940253734588623,0.16460800170898438
"Learned (U-Net), Full",1.3949697017669678,0.11365067958831787,0.301776647567749
"Learned (U-Net), Full",1.3217357397079468,0.07240617275238037,0.7512564659118652
"Learned (U-Net), Full",1.182041883468628,0.1474529504776001,0.07169079780578613
"Learned (U-Net), Full",1.470352053642273,0.14068102836608887,0.7385499477386475
"Learned (U-Net), Full",1.3782023191452026,0.16081571578979492,0.35233426094055176
"Learned (U-Net), Full",1.2939630150794983,0.05815541744232178,0.3191192150115967
"Learned (U-Net), Full",1.3793540000915527,0.14627206325531006,0.8382818698883057
"Learned (U-Net), Full",1.3289384841918945,0.17697858810424805,0.4124162197113037
"Learned (U-Net), Full",1.2930984497070312,0.22197365760803223,0.2598099708557129
"Learned (U-Net), Full",1.28764408826828,0.07119572162628174,0.24406671524047852
"Learned (U-Net), Full",1.2633159160614014,0.07475626468658447,0.3069474697113037
"Learned (U-Net), Full",1.2811057567596436,0.1497938632965088,0.1442117691040039
"Learned (U-Net), Full",1.3150702118873596,0.17482411861419678,0.205824613571167
"Learned (U-Net), Full",1.3067348003387451,0.20663917064666748,0.3365061283111572
"Learned (U-Net), Full",1.3739367723464966,0.33257555961608887,0.7273032665252686
"Learned (U-Net), Full",1.435906708240509,0.15322530269622803,0.6482372283935547
"Learned (U-Net), Full",1.3911229968070984,0.30436909198760986,0.27575206756591797
"Learned (U-Net), Full",1.3753844499588013,0.22286081314086914,0.16123247146606445
"Learned (U-Net), Full",1.2507952451705933,0.15968263149261475,0.27643823623657227
"Learned (U-Net), Full",1.3537542223930359,0.13428819179534912,0.15577268600463867
"Learned (U-Net), Full",1.2296139001846313,0.08271956443786621,0.06104707717895508
"Learned (U-Net), Full",1.2511513233184814,0.03353118896484375,0.11532449722290039
"Learned (U-Net), Full",1.2244475483894348,0.22572565078735352,0.4367976188659668
"Learned (U-Net), Full",1.3294987678527832,0.11812341213226318,0.3982667922973633
"Learned (U-Net), Full",1.2828559875488281,0.20718002319335938,0.05808448791503906
"Learned (U-Net), Full",1.1761590838432312,0.32934415340423584,0.5464706420898438
"Learned (U-Net), Full",1.2381797432899475,0.12260890007019043,0.27130937576293945
"Learned (U-Net), Full",1.299585223197937,0.3257014751434326,0.2007279396057129
"Learned (U-Net), Full",1.345563530921936,0.03559458255767822,0.1862964630126953
"Learned (U-Net), Full",1.2636205554008484,0.1350020170211792,0.14480161666870117
"Learned (U-Net), Full",1.3608280420303345,0.36678290367126465,0.40374183654785156
"Learned (U-Net), Full",1.31008380651474,0.24212431907653809,0.14038991928100586
"Learned (U-Net), Full",1.384552538394928,0.15331792831420898,0.19691085815429688
"Learned (U-Net), Full",1.3952609300613403,0.1442633867263794,0.18709707260131836
"Learned (U-Net), Full",1.415625274181366,0.2851550579071045,0.2772789001464844
"Learned (U-Net), Full",1.3312799334526062,0.2698652744293213,0.3993220329284668
"Learned (U-Net), Full",1.3418673872947693,0.3539680242538452,0.5079901218414307
"Learned (U-Net), Full",1.3685420751571655,0.25109827518463135,0.1456747055053711
"Learned (U-Net), Full",1.3202212452888489,0.3462953567504883,0.5802438259124756
"Learned (U-Net), Full",1.2898725867271423,0.2391035556793213,0.4252152442932129
"Learned (U-Net), Full",1.352817177772522,0.3085899353027344,0.585662841796875
"Learned (U-Net), Full",1.3641871213912964,0.37424731254577637,0.5700104236602783
"Learned (U-Net), Full",1.350909173488617,0.2790710926055908,0.3029365539550781
"Learned (U-Net), Full",1.2913812398910522,0.3134380578994751,0.41291284561157227
"Learned (U-Net), Full",1.300714135169983,0.3835526704788208,0.6019160747528076
"Learned (U-Net), Full",1.4330837726593018,0.15570974349975586,0.0990903377532959
"Learned (U-Net), Full",1.4302858114242554,0.061646223068237305,0.30048441886901855
"Learned (U-Net), Full",1.373232662677765,0.17462575435638428,0.01984381675720215
"Learned (U-Net), Full",1.5353253483772278,0.04566013813018799,0.3257260322570801
"Learned (U-Net), Full",1.3257110714912415,0.21753549575805664,0.2878072261810303
"Learned (U-Net), Full",1.381771445274353,0.12098503112792969,0.1253364086151123
"Learned (U-Net), Full",1.3303200006484985,0.1890040636062622,0.18896746635437012
"Learned (U-Net), Full",1.2528945803642273,0.3648111820220947,0.44736766815185547
"Learned (U-Net), Full",1.2574180364608765,0.3871382474899292,0.45656514167785645
"Learned (U-Net), Full",1.408202350139618,0.2526359558105469,0.05926084518432617
"Learned (U-Net), Full",1.4183030128479004,0.3721669912338257,0.1780405044555664
"Learned (U-Net), Full",1.287344515323639,0.4102132320404053,0.5010077953338623
"Learned (U-Net), Full",1.4278560876846313,0.27239835262298584,0.2713286876678467
"Learned (U-Net), Full",1.3376446962356567,0.3624303340911865,0.4682347774505615
"Learned (U-Net), Full",1.4833391904830933,0.06522727012634277,0.23698067665100098
"Learned (U-Net), Full",1.332182228565216,0.2067636251449585,0.12167215347290039
"Learned (U-Net), Full",1.3727317452430725,0.2593766450881958,0.159559965133667
"Learned (U-Net), Full",1.341162383556366,0.39516961574554443,0.13660049438476562
"Learned (U-Net), Full",1.3584327697753906,0.16359949111938477,0.14942169189453125
"Learned (U-Net), Full",1.3254318237304688,0.055899858474731445,0.20067310333251953
"Learned (U-Net), Full",1.2857747673988342,0.451900839805603,0.18523836135864258
"Learned (U-Net), Full",1.330128014087677,0.2877824306488037,0.009369134902954102
"Learned (U-Net), Full",1.238415002822876,0.47850167751312256,0.4299957752227783
"Learned (U-Net), Full",1.290664255619049,0.33741772174835205,0.13463640213012695
"Learned (U-Net), Full",1.408450424671173,0.2477893829345703,0.17384600639343262
"Learned (U-Net), Full",1.399437129497528,0.27215123176574707,0.31065940856933594
"Learned (U-Net), Full",1.2576598525047302,0.38115406036376953,0.13517379760742188
"Learned (U-Net), Full",1.2746332287788391,0.44680821895599365,0.26392531394958496
"Learned (U-Net), Full",1.3482997417449951,0.18105101585388184,0.14601922035217285
"Learned (U-Net), Full",1.3365918397903442,0.327140212059021,0.15111875534057617
"Learned (U-Net), Full",1.4180010557174683,0.22487890720367432,0.2071247100830078
"Learned (U-Net), Full",1.322933316230774,0.12803161144256592,0.3033742904663086
"Learned (U-Net), Full",1.3260067105293274,0.1437760591506958,0.34584712982177734
"Learned (U-Net), Full",1.4307171702384949,0.021596193313598633,0.1509227752685547
"Learned (U-Net), Full",1.395807921886444,0.3512911796569824,0.750070333480835
"Learned (U-Net), Full",1.3512061834335327,0.2012159824371338,0.39394521713256836
"Learned (U-Net), Full",1.3798877000808716,0.2150249481201172,0.37355542182922363
"Learned (U-Net), Full",1.3442592024803162,0.5053563117980957,0.9324491024017334
"Learned (U-Net), Full",1.3137046694755554,0.22062420845031738,0.46864843368530273
"Learned (U-Net), Full",1.3861751556396484,0.22407305240631104,0.4645986557006836
"Learned (U-Net), Full",1.354127049446106,0.22902321815490723,0.4868645668029785
"Learned (U-Net), Full",1.3739502429962158,0.23975765705108643,0.5200839042663574
"Learned (U-Net), Full",1.3955541849136353,0.3068138360977173,0.6862668991088867
"Learned (U-Net), Full",1.374667227268219,0.247886061668396,0.39908504486083984
"Learned (U-Net), Full",1.361471712589264,0.1391063928604126,0.24656438827514648
"Learned (U-Net), Full",1.343321144580841,0.03776693344116211,0.039835453033447266
"Learned (U-Net), Full",0.7131103873252869,0.09124696254730225,0.1329483985900879
"Learned (U-Net), Full",0.9100030660629272,0.15490198135375977,0.1630096435546875
"Learned (U-Net), Full",0.8421489596366882,0.04605555534362793,0.026077747344970703
"Learned (U-Net), Full",0.7743020355701447,0.04614090919494629,0.045122623443603516
"Learned (U-Net), Full",0.8756527602672577,0.17580318450927734,0.2333354949951172
"Learned (U-Net), Full",0.8731970191001892,0.09841418266296387,0.2082500457763672
"Learned (U-Net), Full",0.799027681350708,0.10912799835205078,0.0602116584777832
"Learned (U-Net), Full",0.7847698628902435,0.05369758605957031,0.07852554321289062
"Learned (U-Net), Full",0.8440119624137878,0.0507664680480957,0.003983020782470703
"Learned (U-Net), Full",0.903927743434906,0.0572129487991333,0.13283872604370117
"Learned (U-Net), Full",0.8166842758655548,0.05022621154785156,0.003451824188232422
"Learned (U-Net), Full",0.7866708934307098,0.03200268745422363,0.1046295166015625
"Learned (U-Net), Full",0.8389746248722076,0.0278475284576416,0.1533212661743164
"Learned (U-Net), Full",0.8627224862575531,0.07325494289398193,0.1351323127746582
"Learned (U-Net), Full",0.7722895443439484,0.10236489772796631,0.10345911979675293
"Learned (U-Net), Full",0.8310045003890991,0.16736793518066406,0.19753170013427734
"Learned (U-Net), Full",0.8186277151107788,0.08514082431793213,0.12927031517028809
"Learned (U-Net), Full",0.7705399394035339,0.02338278293609619,0.05620145797729492
"Learned (U-Net), Full",0.8194176852703094,0.15768694877624512,0.0881185531616211
"Learned (U-Net), Full",0.8481979072093964,0.08159434795379639,0.07701659202575684
"Learned (U-Net), Full",0.7633242309093475,0.05500209331512451,0.029892683029174805
"Learned (U-Net), Full",0.8218466341495514,0.07534575462341309,0.29456090927124023
"Learned (U-Net), Full",0.8389959931373596,0.06817269325256348,0.09095001220703125
"Learned (U-Net), Full",0.8270814120769501,0.08587002754211426,0.012484550476074219
"Learned (U-Net), Full",0.7724546194076538,0.12975382804870605,0.17072105407714844
"Learned (U-Net), Full",0.7955425083637238,0.041365742683410645,0.14316749572753906
"Learned (U-Net), Full",0.9539513885974884,0.13043534755706787,0.1977388858795166
"Learned (U-Net), Full",0.828895092010498,0.037577033042907715,0.19019269943237305
"Learned (U-Net), Full",0.8261346220970154,0.11099410057067871,0.07476377487182617
"Learned (U-Net), Full",0.8956219851970673,0.07349228858947754,0.23070335388183594
"Learned (U-Net), Full",0.774424135684967,0.08311843872070312,0.10696601867675781
"Learned (U-Net), Full",0.7706755995750427,0.11879634857177734,0.10932159423828125
"Learned (U-Net), Full",0.8477970361709595,0.04591774940490723,0.30422186851501465
"Learned (U-Net), Full",0.8223230242729187,0.12616872787475586,0.10998058319091797
"Learned (U-Net), Full",0.8543242812156677,0.12638068199157715,0.3039085865020752
"Learned (U-Net), Full",0.7363611459732056,0.12405729293823242,0.18454670906066895
"Learned (U-Net), Full",0.8904519081115723,0.13275516033172607,0.22806334495544434
"Learned (U-Net), Full",0.8520489931106567,0.05690121650695801,0.09029054641723633
"Learned (U-Net), Full",0.7883664965629578,0.047772884368896484,0.20667171478271484
"Learned (U-Net), Full",0.7529475092887878,0.06261026859283447,0.21670222282409668
"Learned (U-Net), Full",0.7846421897411346,0.012745976448059082,0.18484830856323242
"Learned (U-Net), Full",0.7510073184967041,0.07250893115997314,0.0017993450164794922
"Learned (U-Net), Full",0.8259653449058533,0.10183918476104736,0.11588573455810547
"Learned (U-Net), Full",0.8727640211582184,0.2441920042037964,0.5434298515319824
"Learned (U-Net), Full",0.7327617108821869,0.0849606990814209,0.005473136901855469
"Learned (U-Net), Full",0.8861269950866699,0.09347999095916748,0.10985231399536133
"Learned (U-Net), Full",0.8265414535999298,0.0181046724319458,0.0672140121459961
"Learned (U-Net), Full",0.824709564447403,0.04220318794250488,0.10950231552124023
"Learned (U-Net), Full",0.8684646487236023,0.02904343605041504,0.03582763671875
"Learned (U-Net), Full",0.8480397164821625,0.0730593204498291,0.02477741241455078
"Learned (U-Net), Full",0.8187290132045746,0.040250420570373535,0.22030019760131836
"Learned (U-Net), Full",0.7753662467002869,0.10468637943267822,0.19633769989013672
"Learned (U-Net), Full",0.8043464720249176,0.1617499589920044,0.2979288101196289
"Learned (U-Net), Full",0.896603524684906,0.0587460994720459,0.19352006912231445
"Learned (U-Net), Full",0.7961071729660034,0.11229419708251953,0.10814142227172852
"Learned (U-Net), Full",0.7774423956871033,0.09345698356628418,0.19512104988098145
"Learned (U-Net), Full",0.7848315834999084,0.05176186561584473,0.010687828063964844
"Learned (U-Net), Full",0.8181453943252563,0.15596795082092285,0.050991058349609375
"Learned (U-Net), Full",0.7595387995243073,0.09044897556304932,0.13072824478149414
"Learned (U-Net), Full",0.86176997423172,0.11355793476104736,0.10435104370117188
"Learned (U-Net), Full",0.8750176429748535,0.3090851902961731,0.5405514240264893
"Learned (U-Net), Full",0.8466972708702087,0.2969974875450134,0.37117624282836914
"Learned (U-Net), Full",0.8636983633041382,0.2139376997947693,0.26409709453582764
"Learned (U-Net), Full",0.8813498020172119,0.27711057662963867,0.4347355365753174
"Learned (U-Net), Full",0.8315801322460175,0.32225990295410156,0.5582860708236694
"Learned (U-Net), Full",0.872925341129303,0.1249045729637146,0.024918317794799805
"Learned (U-Net), Full",0.8552210927009583,0.20600354671478271,0.23472416400909424
"Learned (U-Net), Full",0.8959178626537323,0.28787171840667725,0.4425966739654541
"Learned (U-Net), Full",0.8393158316612244,0.2980402708053589,0.38756346702575684
"Learned (U-Net), Full",0.8867278695106506,0.2259475588798523,0.2828623056411743
"Learned (U-Net), Full",0.8682238757610321,0.23828643560409546,0.2641865015029907
"Learned (U-Net), Full",0.9147695899009705,0.32577818632125854,0.39548468589782715
"Learned (U-Net), Full",0.8628869652748108,0.27895140647888184,0.43754708766937256
"Learned (U-Net), Full",0.8785692751407623,0.3599148392677307,0.5179576873779297
"Learned (U-Net), Full",0.8574658036231995,0.20750749111175537,0.2296288013458252
"Learned (U-Net), Full",0.8640731871128082,0.2538105845451355,0.23705005645751953
"Learned (U-Net), Full",0.9218097627162933,0.3250739574432373,0.32700347900390625
"Learned (U-Net), Full",0.9198723435401917,0.20534908771514893,0.17685091495513916
"Learned (U-Net), Full",0.8647195994853973,0.27793192863464355,0.24510979652404785
"Learned (U-Net), Full",0.8643092215061188,0.30060577392578125,0.40750133991241455
"Learned (U-Net), Full",0.9111211597919464,0.09845131635665894,0.01927495002746582
"Learned (U-Net), Full",0.8823893666267395,0.39074113965034485,0.47963595390319824
"Learned (U-Net), Full",0.8615827262401581,0.2143934965133667,0.08505809307098389
"Learned (U-Net), Full",0.8866444528102875,0.24934124946594238,0.15999412536621094
"Learned (U-Net), Full",0.867278665304184,0.14240813255310059,0.20177876949310303
"Learned (U-Net), Full",0.8522012531757355,0.1793128252029419,0.05552411079406738
"Learned (U-Net), Full",0.8492954075336456,0.371256947517395,0.3826160430908203
"Learned (U-Net), Full",0.8140884935855865,0.32736992835998535,0.2816420793533325
"Learned (U-Net), Full",0.8912391662597656,0.23492860794067383,0.24378585815429688
"Learned (U-Net), Full",0.8830330967903137,0.22733956575393677,0.11157822608947754
"Learned (U-Net), Full",0.8510138988494873,0.09171903133392334,0.23405742645263672
"Learned (U-Net), Full",0.877206027507782,0.18327850103378296,0.0019502639770507812
"Learned (U-Net), Full",0.8703332245349884,0.14167535305023193,0.11229801177978516
"Learned (U-Net), Full",0.856386125087738,0.31991320848464966,0.006509542465209961
"Learned (U-Net), Full",0.8863376975059509,0.2458043098449707,0.34865009784698486
"Learned (U-Net), Full",0.8596704602241516,0.25874072313308716,0.08368313312530518
"Learned (U-Net), Full",0.9017280340194702,0.08738982677459717,0.16588354110717773
"Learned (U-Net), Full",0.8791702091693878,0.24813097715377808,0.24820125102996826
"Learned (U-Net), Full",0.8691537380218506,0.18725889921188354,0.31574106216430664
"Learned (U-Net), Full",0.8471452593803406,0.2806755304336548,0.22498667240142822
"Learned (U-Net), Full",0.8449021875858307,0.26062899827957153,0.07524371147155762
"Learned (U-Net), Full",0.8728073835372925,0.2908886671066284,0.041446805000305176
"Learned (U-Net), Full",0.8483970761299133,0.21808570623397827,0.05124557018280029
"Learned (U-Net), Full",0.8784158825874329,0.21759861707687378,0.04138517379760742
"Learned (U-Net), Full",0.8345709443092346,0.2729359269142151,0.04076337814331055
"Learned (U-Net), Full",0.8598205149173737,0.3096737265586853,0.5457005500793457
"Learned (U-Net), Full",0.8688515424728394,0.2627418041229248,0.5318920612335205
"Learned (U-Net), Full",0.8370449841022491,0.15532898902893066,0.25028860569000244
"Learned (U-Net), Full",0.8148016333580017,0.24528592824935913,0.4117708206176758
"Learned (U-Net), Full",0.8665148615837097,0.2786182165145874,0.5145002603530884
"Learned (U-Net), Full",0.8933486938476562,0.32305634021759033,0.6068432331085205
"Learned (U-Net), Full",0.8692237436771393,0.17764174938201904,0.2572014331817627
"Learned (U-Net), Full",0.798664391040802,0.1803227663040161,0.2639915943145752
"Learned (U-Net), Full",0.867161750793457,0.18399083614349365,0.3069493770599365
"Learned (U-Net), Full",0.9019688665866852,0.38543176651000977,0.7356960773468018
"Learned (U-Net), Full",0.8718943297863007,0.16941171884536743,0.3219301700592041
"Learned (U-Net), Full",0.9084669649600983,0.2556836009025574,0.5145683288574219
"Learned (U-Net), Full",0.8580062091350555,0.27368706464767456,0.47407329082489014
"Learned (U-Net), Full",0.8558851778507233,0.3092206120491028,0.5361043214797974
"Learned (U-Net), Full",0.8580343425273895,0.35584765672683716,0.5418986082077026
"Learned (U-Net), Full",0.6847301721572876,0.020693421363830566,0.08780288696289062
"Learned (U-Net), Full",0.6323238909244537,0.05820804834365845,0.1209566593170166
"Learned (U-Net), Full",0.6639373898506165,0.0986090898513794,0.13209009170532227
"Learned (U-Net), Full",0.6737536191940308,0.10792320966720581,0.0735931396484375
"Learned (U-Net), Full",0.7344199120998383,0.15229755640029907,0.06034517288208008
"Learned (U-Net), Full",0.6729984879493713,0.06183302402496338,0.01819455623626709
"Learned (U-Net), Full",0.6327888667583466,0.05268949270248413,0.042073726654052734
"Learned (U-Net), Full",0.6732726991176605,0.11074000597000122,0.12208378314971924
"Learned (U-Net), Full",0.6688806712627411,0.05563557147979736,0.03615522384643555
"Learned (U-Net), Full",0.6408434808254242,0.10140460729598999,0.11976313591003418
"Learned (U-Net), Full",0.6688308119773865,0.12181925773620605,0.17906105518341064
"Learned (U-Net), Full",0.6286161541938782,0.030472278594970703,0.10245227813720703
"Learned (U-Net), Full",0.6713659167289734,0.11834055185317993,0.08203959465026855
"Learned (U-Net), Full",0.6308154463768005,0.08883464336395264,0.10150206089019775
"Learned (U-Net), Full",0.657985508441925,0.11457782983779907,0.134901762008667
"Learned (U-Net), Full",0.6604575216770172,0.14520686864852905,0.13671255111694336
"Learned (U-Net), Full",0.682706207036972,0.04853248596191406,0.10605323314666748
"Learned (U-Net), Full",0.6831989884376526,0.039732515811920166,0.10386240482330322
"Learned (U-Net), Full",0.739648699760437,0.13375985622406006,0.22696137428283691
"Learned (U-Net), Full",0.6380206942558289,0.15083420276641846,0.029770374298095703
"Learned (U-Net), Full",0.669979989528656,0.03854638338088989,0.10630857944488525
"Learned (U-Net), Full",0.7215768098831177,0.044737815856933594,0.0957099199295044
"Learned (U-Net), Full",0.6335084140300751,0.14027684926986694,0.22135353088378906
"Learned (U-Net), Full",0.6536527872085571,0.08927959203720093,0.007382512092590332
"Learned (U-Net), Full",0.6507268249988556,0.04580777883529663,0.2261965274810791
"Learned (U-Net), Full",0.6165623962879181,0.15300887823104858,0.05210220813751221
"Learned (U-Net), Full",0.6788999140262604,0.11935395002365112,0.11348795890808105
"Learned (U-Net), Full",0.7110912501811981,0.11501431465148926,0.03305232524871826
"Learned (U-Net), Full",0.683621883392334,0.07848113775253296,0.21851253509521484
"Learned (U-Net), Full",0.6568686068058014,0.10010123252868652,0.11558747291564941
"Learned (U-Net), Full",0.7105002403259277,0.12047171592712402,0.1372206211090088
"Learned (U-Net), Full",0.6559391617774963,0.16587728261947632,0.26630306243896484
"Learned (U-Net), Full",0.6619820892810822,0.08229899406433105,0.13538897037506104
"Learned (U-Net), Full",0.5700198709964752,0.09679359197616577,0.05597126483917236
"Learned (U-Net), Full",0.6545215249061584,0.08121991157531738,0.20701563358306885
"Learned (U-Net), Full",0.6679762303829193,0.03645390272140503,0.27736759185791016
"Learned (U-Net), Full",0.6959477961063385,0.21984374523162842,0.23885369300842285
"Learned (U-Net), Full",0.7034435272216797,0.049342989921569824,0.17009258270263672
"Learned (U-Net), Full",0.6842499077320099,0.23136824369430542,0.3276597261428833
"Learned (U-Net), Full",0.6614152491092682,0.09688204526901245,0.18060564994812012
"Learned (U-Net), Full",0.680252730846405,0.062136948108673096,0.34336233139038086
"Learned (U-Net), Full",0.6090050041675568,0.18341976404190063,0.015947341918945312
"Learned (U-Net), Full",0.625958651304245,0.0727764368057251,0.09304845333099365
"Learned (U-Net), Full",0.6463372707366943,0.07524305582046509,0.06983602046966553
"Learned (U-Net), Full",0.6981497704982758,0.15248137712478638,0.1943439245223999
"Learned (U-Net), Full",0.6504212617874146,0.13482075929641724,0.1734011173248291
"Learned (U-Net), Full",0.6492156088352203,0.10748136043548584,0.07311534881591797
"Learned (U-Net), Full",0.7381611466407776,0.10292673110961914,0.08739948272705078
"Learned (U-Net), Full",0.7018210887908936,0.02582031488418579,0.21672296524047852
"Learned (U-Net), Full",0.6437453031539917,0.18645364046096802,0.28939032554626465
"Learned (U-Net), Full",0.631153017282486,0.06566059589385986,0.006551504135131836
"Learned (U-Net), Full",0.6566956043243408,0.114310622215271,0.07671785354614258
"Learned (U-Net), Full",0.7187273800373077,0.13654786348342896,0.04153752326965332
"Learned (U-Net), Full",0.6647880971431732,0.2019418478012085,0.3237595558166504
"Learned (U-Net), Full",0.6403619050979614,0.05951106548309326,0.2831075191497803
"Learned (U-Net), Full",0.6880452036857605,0.10212010145187378,0.07438111305236816
"Learned (U-Net), Full",0.6070119142532349,0.07443135976791382,0.19694757461547852
"Learned (U-Net), Full",0.6307259202003479,0.07801198959350586,0.16087031364440918
"Learned (U-Net), Full",0.6935691833496094,0.058032214641571045,0.18140816688537598
"Learned (U-Net), Full",0.68165522813797,0.04504585266113281,0.10490250587463379
"Learned (U-Net), Full",0.7163130640983582,0.08800935745239258,0.058379292488098145
"Learned (U-Net), Full",0.7096787393093109,0.13388246297836304,0.18612372875213623
"Learned (U-Net), Full",0.6814398467540741,0.126539945602417,0.10689592361450195
"Learned (U-Net), Full",0.684392660856247,0.17352217435836792,0.23307406902313232
"Learned (U-Net), Full",0.7323401570320129,0.10315972566604614,0.10352802276611328
"Learned (U-Net), Full",0.7083261013031006,0.1218227744102478,0.0862421989440918
"Learned (U-Net), Full",0.6921268403530121,0.1192091703414917,0.4309438467025757
"Learned (U-Net), Full",0.7127012014389038,0.16679203510284424,0.33487510681152344
"Learned (U-Net), Full",0.7402976751327515,0.028342485427856445,0.018743038177490234
"Learned (U-Net), Full",0.695942610502243,0.05280250310897827,0.1879127025604248
"Learned (U-Net), Full",0.7972212731838226,0.07788270711898804,0.06132698059082031
"Learned (U-Net), Full",0.7084840536117554,0.1744179129600525,0.3544052839279175
"Learned (U-Net), Full",0.6838441491127014,0.16525804996490479,0.2659151554107666
"Learned (U-Net), Full",0.7266232967376709,0.15549761056900024,0.26583290100097656
"Learned (U-Net), Full",0.6846969425678253,0.16282522678375244,0.20907354354858398
"Learned (U-Net), Full",0.7151879668235779,0.09326541423797607,0.0921480655670166
"Learned (U-Net), Full",0.728303998708725,0.11951839923858643,0.05517303943634033
"Learned (U-Net), Full",0.704683244228363,0.19274938106536865,0.1448122262954712
"Learned (U-Net), Full",0.7151835560798645,0.08630597591400146,0.04234647750854492
"Learned (U-Net), Full",0.6949169635772705,0.03881680965423584,0.01535046100616455
"Learned (U-Net), Full",0.7050148248672485,0.12772125005722046,0.1640380620956421
"Learned (U-Net), Full",0.6786651611328125,0.139087975025177,0.15313351154327393
"Learned (U-Net), Full",0.7021179795265198,0.11182880401611328,0.0059392452239990234
"Learned (U-Net), Full",0.7506845593452454,0.11868387460708618,0.0649867057800293
"Learned (U-Net), Full",0.7080918550491333,0.13945305347442627,0.1421264410018921
"Learned (U-Net), Full",0.7022728323936462,0.15983641147613525,0.14123201370239258
"Learned (U-Net), Full",0.6924036145210266,0.09025228023529053,0.16313636302947998
"Learned (U-Net), Full",0.6854611337184906,0.15432167053222656,0.16105902194976807
"Learned (U-Net), Full",0.6644383668899536,0.27413037419319153,0.2606971263885498
"Learned (U-Net), Full",0.6765598952770233,0.1746886968612671,0.11420226097106934
"Learned (U-Net), Full",0.6887925863265991,0.11916732788085938,0.006272435188293457
"Learned (U-Net), Full",0.7380192875862122,0.24472171068191528,0.2522810697555542
"Learned (U-Net), Full",0.708570808172226,0.16774356365203857,0.06264317035675049
"Learned (U-Net), Full",0.7395859062671661,0.15290719270706177,0.05375635623931885
"Learned (U-Net), Full",0.7200371623039246,0.2213200330734253,0.016011953353881836
"Learned (U-Net), Full",0.6970327794551849,0.07483983039855957,0.19385218620300293
"Learned (U-Net), Full",0.7009989023208618,0.20914548635482788,0.12022697925567627
"Learned (U-Net), Full",0.7406973540782928,0.03090977668762207,0.23041164875030518
"Learned (U-Net), Full",0.7075538337230682,0.08778005838394165,0.007965683937072754
"Learned (U-Net), Full",0.6765384376049042,0.07901805639266968,0.11946487426757812
"Learned (U-Net), Full",0.7392885982990265,0.15255361795425415,0.003955245018005371
"Learned (U-Net), Full",0.762373685836792,0.06941121816635132,0.19944071769714355
"Learned (U-Net), Full",0.6954371333122253,0.22056835889816284,0.09204339981079102
"Learned (U-Net), Full",0.6759339869022369,0.20870262384414673,0.09319758415222168
"Learned (U-Net), Full",0.7226091027259827,0.24314618110656738,0.049361467361450195
"Learned (U-Net), Full",0.7368106842041016,0.13253885507583618,0.1593165397644043
"Learned (U-Net), Full",0.7139831483364105,0.10435843467712402,0.1295909881591797
"Learned (U-Net), Full",0.7178588509559631,0.0804561972618103,0.17383146286010742
"Learned (U-Net), Full",0.7461714446544647,0.13407450914382935,0.23996281623840332
"Learned (U-Net), Full",0.6553548872470856,0.12854748964309692,0.195831298828125
"Learned (U-Net), Full",0.7467776536941528,0.1892184615135193,0.02383279800415039
"Learned (U-Net), Full",0.7268953025341034,0.1205933690071106,0.3577554225921631
"Learned (U-Net), Full",0.6906737089157104,0.15379488468170166,0.3136169910430908
"Learned (U-Net), Full",0.6987051069736481,0.21425825357437134,0.3490715026855469
"Learned (U-Net), Full",0.7310333251953125,0.09113490581512451,0.20931077003479004
"Learned (U-Net), Full",0.7452171146869659,0.11728906631469727,0.22868871688842773
"Learned (U-Net), Full",0.7046671211719513,0.1538529396057129,0.2922801971435547
"Learned (U-Net), Full",0.7471228539943695,0.20497030019760132,0.013508796691894531
"Learned (U-Net), Full",0.7522267699241638,0.19696414470672607,0.3834230899810791
"Learned (U-Net), Full",0.7073086202144623,0.19625091552734375,0.31801414489746094
"Learned (U-Net), Full",0.48554930090904236,0.0962221622467041,0.08004951477050781
"Learned (U-Net), Full",0.4602041691541672,0.06341677904129028,0.07685768604278564
"Learned (U-Net), Full",0.46495409309864044,0.016800224781036377,0.06262564659118652
"Learned (U-Net), Full",0.4616698771715164,0.121326744556427,0.0395740270614624
"Learned (U-Net), Full",0.5281733274459839,0.03828632831573486,0.03725934028625488
"Learned (U-Net), Full",0.4754139482975006,0.06291824579238892,0.011553287506103516
"Learned (U-Net), Full",0.45160043239593506,0.05707681179046631,0.16577410697937012
"Learned (U-Net), Full",0.4693547189235687,0.029271304607391357,0.06755971908569336
"Learned (U-Net), Full",0.42978987097740173,0.00963592529296875,0.020574092864990234
"Learned (U-Net), Full",0.49818071722984314,0.08624118566513062,0.12534236907958984
"Learned (U-Net), Full",0.5127241611480713,0.06092345714569092,0.0837792158126831
"Learned (U-Net), Full",0.4384804368019104,0.06293344497680664,0.023684263229370117
"Learned (U-Net), Full",0.49218739569187164,0.03979134559631348,0.0802009105682373
"Learned (U-Net), Full",0.4451187998056412,0.08836519718170166,0.08190762996673584
"Learned (U-Net), Full",0.5221772491931915,0.02373439073562622,0.04648613929748535
"Learned (U-Net), Full",0.503761425614357,0.040236473083496094,0.02343916893005371
"Learned (U-Net), Full",0.4774794578552246,0.024196863174438477,0.0208437442779541
"Learned (U-Net), Full",0.497268408536911,0.042628347873687744,0.008568048477172852
"Learned (U-Net), Full",0.48327960073947906,0.14970850944519043,0.18905460834503174
"Learned (U-Net), Full",0.49761906266212463,0.0058937668800354,0.07374906539916992
"Learned (U-Net), Full",0.47293809056282043,0.05807483196258545,0.20483922958374023
"Learned (U-Net), Full",0.4537101984024048,0.022990524768829346,0.05341744422912598
"Learned (U-Net), Full",0.46892134845256805,0.08437502384185791,0.054007768630981445
"Learned (U-Net), Full",0.4458595961332321,0.05369144678115845,0.0010317564010620117
"Learned (U-Net), Full",0.43534494936466217,0.0301322340965271,0.038352370262145996
"Learned (U-Net), Full",0.5122098326683044,0.016242504119873047,0.07051491737365723
"Learned (U-Net), Full",0.481657013297081,0.029587209224700928,0.11834323406219482
"Learned (U-Net), Full",0.484683632850647,0.0031548142433166504,0.007706284523010254
"Learned (U-Net), Full",0.46781422197818756,0.03478801250457764,0.10898494720458984
"Learned (U-Net), Full",0.4747854471206665,0.011668741703033447,0.06419706344604492
"Learned (U-Net), Full",0.4977024495601654,0.021178126335144043,0.07428431510925293
"Learned (U-Net), Full",0.4897884428501129,0.01741468906402588,0.18199396133422852
"Learned (U-Net), Full",0.45942720770835876,0.01208186149597168,0.13312852382659912
"Learned (U-Net), Full",0.48385903239250183,0.03553861379623413,0.12343108654022217
"Learned (U-Net), Full",0.4753955900669098,0.06731075048446655,0.017135262489318848
"Learned (U-Net), Full",0.4825235605239868,0.10226571559906006,0.4293525218963623
"Learned (U-Net), Full",0.5108174085617065,0.050907135009765625,0.06721258163452148
"Learned (U-Net), Full",0.47371476888656616,0.09981286525726318,0.20806634426116943
"Learned (U-Net), Full",0.4938555359840393,0.07671499252319336,0.052574753761291504
"Learned (U-Net), Full",0.4934317320585251,0.05970698595046997,0.2069176435470581
"Learned (U-Net), Full",0.47882823646068573,0.05753284692764282,0.1331881284713745
"Learned (U-Net), Full",0.4369032084941864,0.04327040910720825,0.06398093700408936
"Learned (U-Net), Full",0.4602235406637192,0.06662863492965698,0.06864583492279053
"Learned (U-Net), Full",0.5034692287445068,0.03285670280456543,0.17006385326385498
"Learned (U-Net), Full",0.5417235195636749,0.10847312211990356,0.374778151512146
"Learned (U-Net), Full",0.4753136932849884,0.02562505006790161,0.0027322769165039062
"Learned (U-Net), Full",0.4685962498188019,0.03756588697433472,0.09778809547424316
"Learned (U-Net), Full",0.45975422859191895,0.06269550323486328,0.11561799049377441
"Learned (U-Net), Full",0.4643840193748474,0.0033470988273620605,0.04521799087524414
"Learned (U-Net), Full",0.4913293272256851,0.1856311559677124,0.23094773292541504
"Learned (U-Net), Full",0.47624579071998596,0.030250728130340576,0.019936800003051758
"Learned (U-Net), Full",0.4532233476638794,0.012353777885437012,0.018554210662841797
"Learned (U-Net), Full",0.4758491665124893,0.005560934543609619,0.0866403579711914
"Learned (U-Net), Full",0.48491017520427704,0.08276885747909546,0.1845322847366333
"Learned (U-Net), Full",0.48231831192970276,0.09370285272598267,0.0011932849884033203
"Learned (U-Net), Full",0.5112676918506622,0.17093688249588013,0.045233964920043945
"Learned (U-Net), Full",0.45768001675605774,0.06299799680709839,0.038773536682128906
"Learned (U-Net), Full",0.47122907638549805,0.06577795743942261,0.024710655212402344
"Learned (U-Net), Full",0.44711512327194214,0.029005765914916992,0.03936910629272461
"Learned (U-Net), Full",0.48222529888153076,0.02236276865005493,0.03096771240234375
"Learned (U-Net), Full",1.6295307874679565,0.4304778575897217,0.34595298767089844
"Learned (U-Net), Full",1.692389965057373,0.38843560218811035,0.7311289310455322
"Learned (U-Net), Full",1.6674233078956604,0.5615527629852295,0.9558770656585693
"Learned (U-Net), Full",1.661077857017517,0.34626686573028564,0.3585841655731201
"Learned (U-Net), Full",1.6305385828018188,0.32724952697753906,0.4844503402709961
"Learned (U-Net), Full",1.7010359168052673,0.2203439474105835,0.3819282054901123
"Learned (U-Net), Full",1.6704778671264648,0.3971799612045288,0.5371222496032715
"Learned (U-Net), Full",1.6195133924484253,0.6407685279846191,0.8578455448150635
"Learned (U-Net), Full",1.667015254497528,0.3830406665802002,0.4973766803741455
"Learned (U-Net), Full",1.6282945275306702,0.5698947906494141,0.9524047374725342
"Learned (U-Net), Full",1.700956404209137,0.28224313259124756,0.36480140686035156
"Learned (U-Net), Full",1.6781356930732727,0.3235793113708496,0.6548504829406738
"Learned (U-Net), Full",1.6587225198745728,0.3917415142059326,0.31496429443359375
"Learned (U-Net), Full",1.6411734819412231,0.31212353706359863,0.43512797355651855
"Learned (U-Net), Full",1.698656439781189,0.3315771818161011,0.41134166717529297
"Learned (U-Net), Full",1.6551544666290283,0.34272003173828125,0.3677842617034912
"Learned (U-Net), Full",1.72621488571167,0.49700725078582764,0.4123544692993164
"Learned (U-Net), Full",1.605381727218628,0.426397442817688,0.3155810832977295
"Learned (U-Net), Full",1.7434023022651672,0.3308556079864502,0.24370718002319336
"Learned (U-Net), Full",1.6061968207359314,0.26673102378845215,0.09807348251342773
"Learned (U-Net), Full",1.6867692470550537,0.548560380935669,0.2833282947540283
"Learned (U-Net), Full",1.7054296135902405,0.5566196441650391,0.4617767333984375
"Learned (U-Net), Full",1.7753927111625671,0.25248193740844727,0.015489339828491211
"Learned (U-Net), Full",1.6310951113700867,0.42132604122161865,0.3479282855987549
"Learned (U-Net), Full",1.7177335619926453,0.41986584663391113,0.27582383155822754
"Learned (U-Net), Full",1.6580411791801453,0.3521829843521118,0.1490170955657959
"Learned (U-Net), Full",1.6645011901855469,0.25928032398223877,0.052802324295043945
"Learned (U-Net), Full",1.6107988953590393,0.22732114791870117,0.13159894943237305
"Learned (U-Net), Full",1.7829537987709045,0.35878586769104004,0.013095855712890625
"Learned (U-Net), Full",1.598798394203186,0.3519099950790405,0.24200081825256348
"Learned (U-Net), Full",1.6479113101959229,0.4833693504333496,0.0014567375183105469
"Learned (U-Net), Full",1.6982569098472595,0.21540343761444092,0.21456480026245117
"Learned (U-Net), Full",1.7250480651855469,0.5813601016998291,0.022373199462890625
"Learned (U-Net), Full",1.6533640027046204,0.4715198278427124,0.024739980697631836
"Learned (U-Net), Full",1.7725460529327393,0.26806938648223877,0.3068838119506836
"Learned (U-Net), Full",1.5955138206481934,0.528754711151123,0.27268385887145996
"Learned (U-Net), Full",1.6404197812080383,0.5848098993301392,0.14104032516479492
"Learned (U-Net), Full",1.6022313833236694,0.440299391746521,0.07882237434387207
"Learned (U-Net), Full",1.595569133758545,0.36687779426574707,0.03934907913208008
"Learned (U-Net), Full",1.7049878239631653,0.638500452041626,0.17038226127624512
"Learned (U-Net), Full",1.759706735610962,0.2309509515762329,0.355893611907959
"Learned (U-Net), Full",1.6621742248535156,0.46903812885284424,0.004214763641357422
"Learned (U-Net), Full",1.5819307565689087,0.5207903385162354,0.22610759735107422
"Learned (U-Net), Full",1.6352254152297974,0.46936869621276855,0.03520774841308594
"Learned (U-Net), Full",1.6224859952926636,0.3874833583831787,0.13148117065429688
"Learned (U-Net), Full",1.636646032333374,0.6263333559036255,1.1453793048858643
"Learned (U-Net), Full",1.655923843383789,0.3126307725906372,0.7586236000061035
"Learned (U-Net), Full",1.7434372901916504,0.29939842224121094,0.5017223358154297
"Learned (U-Net), Full",1.7341854572296143,0.3310130834579468,0.693389892578125
"Learned (U-Net), Full",1.6720911860466003,0.16577160358428955,0.23302173614501953
"Learned (U-Net), Full",1.7323694229125977,0.24951159954071045,0.23044633865356445
"Learned (U-Net), Full",1.7530887126922607,0.37512898445129395,0.6568055152893066
"Learned (U-Net), Full",1.7153544425964355,0.5645593404769897,0.9161782264709473
"Learned (U-Net), Full",1.6847851276397705,0.2898060083389282,0.569242000579834
"Learned (U-Net), Full",1.5820481777191162,0.39316248893737793,0.6236391067504883
"Learned (U-Net), Full",1.6546925902366638,0.32291316986083984,0.6013851165771484
"Learned (U-Net), Full",1.6585769057273865,0.45362842082977295,0.7871952056884766
"Learned (U-Net), Full",1.6772418022155762,0.684995174407959,1.373380184173584
"Learned (U-Net), Full",1.7649215459823608,0.1743006706237793,0.4859476089477539
"Learned (U-Net), Full",1.657108724117279,0.3182237148284912,0.5763630867004395
"Learned (U-Net), Full",1.2371333837509155,0.16396021842956543,0.07906198501586914
"Learned (U-Net), Full",1.2141150832176208,0.1322997808456421,0.16958379745483398
"Learned (U-Net), Full",1.2563011050224304,0.12377297878265381,0.023688793182373047
"Learned (U-Net), Full",1.2517223954200745,0.10850310325622559,0.09775257110595703
"Learned (U-Net), Full",1.194248080253601,0.16725778579711914,0.1500258445739746
"Learned (U-Net), Full",1.2101621627807617,0.07803308963775635,0.07082223892211914
"Learned (U-Net), Full",1.204351007938385,0.08223795890808105,0.03780055046081543
"Learned (U-Net), Full",1.2499606013298035,0.18202722072601318,0.08021354675292969
"Learned (U-Net), Full",1.3122841119766235,0.12780117988586426,0.10650205612182617
"Learned (U-Net), Full",1.196834921836853,0.23053908348083496,0.03897666931152344
"Learned (U-Net), Full",1.2529359459877014,0.17734122276306152,0.11687374114990234
"Learned (U-Net), Full",1.2228381037712097,0.07082188129425049,0.05045270919799805
"Learned (U-Net), Full",1.2217698693275452,0.11172330379486084,0.295865535736084
"Learned (U-Net), Full",1.2109910249710083,0.17996156215667725,0.2653355598449707
"Learned (U-Net), Full",1.2473871111869812,0.0029456615447998047,0.07873678207397461
"Learned (U-Net), Full",1.2919612526893616,0.14300119876861572,0.2570607662200928
"Learned (U-Net), Full",1.19344162940979,0.3179665803909302,0.5141932964324951
"Learned (U-Net), Full",1.3242231607437134,0.023302674293518066,0.23542571067810059
"Learned (U-Net), Full",1.261082112789154,0.1149442195892334,0.15340447425842285
"Learned (U-Net), Full",1.1486068964004517,0.16472458839416504,0.0881648063659668
"Learned (U-Net), Full",1.2844610214233398,0.10412013530731201,0.04611015319824219
"Learned (U-Net), Full",1.1868444681167603,0.16241562366485596,0.1280689239501953
"Learned (U-Net), Full",1.180112361907959,0.07359230518341064,0.15963292121887207
"Learned (U-Net), Full",1.2355858087539673,0.1470808982849121,0.02683091163635254
"Learned (U-Net), Full",1.2815964221954346,0.0628587007522583,0.10731744766235352
"Learned (U-Net), Full",1.1895265579223633,0.16548871994018555,0.09686470031738281
"Learned (U-Net), Full",1.2518254518508911,0.1877375841140747,0.2511568069458008
"Learned (U-Net), Full",1.2487534284591675,0.14980244636535645,0.029269933700561523
"Learned (U-Net), Full",1.3866417407989502,0.0706256628036499,0.047028541564941406
"Learned (U-Net), Full",1.1991182565689087,0.17396414279937744,0.16056203842163086
"Learned (U-Net), Full",1.2245582938194275,0.18174278736114502,0.16844439506530762
"Learned (U-Net), Full",1.238277018070221,0.0636976957321167,0.4369378089904785
"Learned (U-Net), Full",1.298232913017273,0.1910707950592041,0.28778505325317383
"Learned (U-Net), Full",1.2511883974075317,0.15564513206481934,0.6612119674682617
"Learned (U-Net), Full",1.2264810800552368,0.11244082450866699,0.3193349838256836
"Learned (U-Net), Full",1.23812335729599,0.11207056045532227,0.4295179843902588
"Learned (U-Net), Full",1.3401633501052856,0.2005312442779541,0.7485244274139404
"Learned (U-Net), Full",1.1861361861228943,0.19999957084655762,0.024385690689086914
"Learned (U-Net), Full",1.1899773478507996,0.059612154960632324,0.2911198139190674
"Learned (U-Net), Full",1.1830547451972961,0.07950341701507568,0.34824037551879883
"Learned (U-Net), Full",1.2794581651687622,0.08578014373779297,0.32963013648986816
"Learned (U-Net), Full",1.2629315257072449,0.12604308128356934,0.4647190570831299
"Learned (U-Net), Full",1.258392333984375,0.0855097770690918,0.34273481369018555
"Learned (U-Net), Full",1.199449598789215,0.17137372493743896,0.051573753356933594
"Learned (U-Net), Full",1.2251611351966858,0.15761685371398926,0.4792501926422119
"Learned (U-Net), Full",1.1911354064941406,0.08829379081726074,0.28592777252197266
"Learned (U-Net), Full",1.3253015279769897,0.15653371810913086,0.13320636749267578
"Learned (U-Net), Full",1.224319040775299,0.27532410621643066,0.5777497291564941
"Learned (U-Net), Full",1.1819002628326416,0.21449756622314453,0.5884475708007812
"Learned (U-Net), Full",1.1647672653198242,0.07985615730285645,0.20696759223937988
"Learned (U-Net), Full",1.2673009634017944,0.13428950309753418,0.1092228889465332
"Learned (U-Net), Full",1.2124823927879333,0.12374889850616455,0.2414083480834961
"Learned (U-Net), Full",1.2537144422531128,0.00843667984008789,0.09847879409790039
"Learned (U-Net), Full",1.2572181224822998,0.13460493087768555,0.12161540985107422
"Learned (U-Net), Full",1.1673529148101807,0.12596023082733154,0.13391733169555664
"Learned (U-Net), Full",1.2388614416122437,0.14286625385284424,0.099822998046875
"Learned (U-Net), Full",1.2311081290245056,0.05854082107543945,0.08035659790039062
"Learned (U-Net), Full",1.264054536819458,0.2254784107208252,0.0028748512268066406
"Learned (U-Net), Full",1.2153178453445435,0.2320929765701294,0.08579730987548828
"Learned (U-Net), Full",1.1754063367843628,0.04008519649505615,0.33142805099487305
"Learned (U-Net), Full",1.304458498954773,0.2851066589355469,0.43003058433532715
"Learned (U-Net), Full",1.2461830377578735,0.3059394359588623,0.37293457984924316
"Learned (U-Net), Full",1.2859379053115845,0.3630443811416626,0.6195716857910156
"Learned (U-Net), Full",1.3234015703201294,0.2874037027359009,0.4170651435852051
"Learned (U-Net), Full",1.3656613230705261,0.1612173318862915,0.1800236701965332
"Learned (U-Net), Full",1.2343503832817078,0.31179237365722656,0.38008785247802734
"Learned (U-Net), Full",1.3098098039627075,0.22905874252319336,0.2140331268310547
"Learned (U-Net), Full",1.3492555618286133,0.0681154727935791,0.033686161041259766
"Learned (U-Net), Full",1.3834284543991089,0.11072182655334473,0.1955256462097168
"Learned (U-Net), Full",1.3428664803504944,0.25770699977874756,0.48024988174438477
"Learned (U-Net), Full",1.368023157119751,0.260775089263916,0.34117746353149414
"Learned (U-Net), Full",1.367658019065857,0.2645949125289917,0.35996389389038086
"Learned (U-Net), Full",1.312004804611206,0.2863990068435669,0.4689464569091797
"Learned (U-Net), Full",1.289049506187439,0.22846901416778564,0.18651390075683594
"Learned (U-Net), Full",1.3293476104736328,0.1875312328338623,0.2507939338684082
"Learned (U-Net), Full",1.4081740379333496,0.1891031265258789,0.08495736122131348
"Learned (U-Net), Full",1.1671768426895142,0.309251070022583,0.3689093589782715
"Learned (U-Net), Full",1.3202375173568726,0.2230675220489502,0.042938947677612305
"Learned (U-Net), Full",1.2473516464233398,0.32312870025634766,0.3865373134613037
"Learned (U-Net), Full",1.2215018272399902,0.23816955089569092,0.30927538871765137
"Learned (U-Net), Full",1.2772396802902222,0.216924786567688,0.21416640281677246
"Learned (U-Net), Full",1.3642297387123108,0.17776763439178467,0.024944782257080078
"Learned (U-Net), Full",1.3055107593536377,0.2517971992492676,0.18632268905639648
"Learned (U-Net), Full",1.3497313857078552,0.14813470840454102,0.011538505554199219
"Learned (U-Net), Full",1.3780889511108398,0.1571100950241089,0.06565427780151367
"Learned (U-Net), Full",1.2705755233764648,0.221108078956604,0.3429107666015625
"Learned (U-Net), Full",1.2468101382255554,0.2609008550643921,0.3513944149017334
"Learned (U-Net), Full",1.3386190533638,0.09702146053314209,0.12970662117004395
"Learned (U-Net), Full",1.3449485898017883,0.09348058700561523,0.03686928749084473
"Learned (U-Net), Full",1.3052342534065247,0.09679937362670898,0.03513932228088379
"Learned (U-Net), Full",1.3571513295173645,0.21512353420257568,0.14773845672607422
"Learned (U-Net), Full",1.34760320186615,0.3018988370895386,0.052336931228637695
"Learned (U-Net), Full",1.2469465732574463,0.3633921146392822,0.242417573928833
"Learned (U-Net), Full",1.3543087840080261,0.20639431476593018,0.020598888397216797
"Learned (U-Net), Full",1.3609485626220703,0.12309479713439941,0.26576757431030273
"Learned (U-Net), Full",1.3137657642364502,0.27389097213745117,0.020345211029052734
"Learned (U-Net), Full",1.256227731704712,0.1667006015777588,0.2080068588256836
"Learned (U-Net), Full",1.2300835251808167,0.39457952976226807,0.28310275077819824
"Learned (U-Net), Full",1.2788161635398865,0.2362957000732422,0.06304168701171875
"Learned (U-Net), Full",1.2290408611297607,0.35302209854125977,0.15965771675109863
"Learned (U-Net), Full",1.3702561855316162,0.15089309215545654,0.15302538871765137
"Learned (U-Net), Full",1.298770785331726,0.10831117630004883,0.2824394702911377
"Learned (U-Net), Full",1.3040693402290344,0.3294559717178345,0.12602710723876953
"Learned (U-Net), Full",1.3192706108093262,0.18711817264556885,0.09276247024536133
"Learned (U-Net), Full",1.3487305045127869,0.13444530963897705,0.26459312438964844
"Learned (U-Net), Full",1.335382342338562,0.2817111015319824,0.4077162742614746
"Learned (U-Net), Full",1.3902187943458557,0.17012131214141846,0.4024691581726074
"Learned (U-Net), Full",1.3333654403686523,0.502631425857544,0.7778775691986084
"Learned (U-Net), Full",1.2862128019332886,0.302737832069397,0.4281916618347168
"Learned (U-Net), Full",1.343397617340088,0.23505210876464844,0.45137548446655273
"Learned (U-Net), Full",1.3972980976104736,0.12192285060882568,0.21351385116577148
"Learned (U-Net), Full",1.3072905540466309,0.18754148483276367,0.2420506477355957
"Learned (U-Net), Full",1.3388391733169556,0.07629597187042236,0.18153762817382812
"Learned (U-Net), Full",1.2906829118728638,0.17998361587524414,0.35375165939331055
"Learned (U-Net), Full",1.329345941543579,0.33017659187316895,0.5419149398803711
"Learned (U-Net), Full",1.3253357410430908,0.17620587348937988,0.32084083557128906
"Learned (U-Net), Full",1.4225776195526123,0.11196625232696533,0.32541370391845703
"Learned (U-Net), Full",1.322966456413269,0.16903293132781982,0.5713915824890137
"Learned (U-Net), Full",1.2991828918457031,0.3754768371582031,0.653282642364502
"Learned (U-Net), Full",1.3225409984588623,0.15791499614715576,0.3820986747741699
"Learned (U-Net), Full",0.7876939475536346,0.10349595546722412,0.15124797821044922
"Learned (U-Net), Full",0.7349262833595276,0.018143892288208008,0.02143716812133789
"Learned (U-Net), Full",0.6917422413825989,0.08396005630493164,0.06146430969238281
"Learned (U-Net), Full",0.7404917776584625,0.04193258285522461,0.11156797409057617
"Learned (U-Net), Full",0.7825869023799896,0.03573024272918701,0.013084888458251953
"Learned (U-Net), Full",0.7289664149284363,0.04468178749084473,0.020165443420410156
"Learned (U-Net), Full",0.7960568368434906,0.06601619720458984,0.15269708633422852
"Learned (U-Net), Full",0.8251336812973022,0.05596446990966797,0.20546698570251465
"Learned (U-Net), Full",0.748914510011673,0.06352806091308594,0.03558707237243652
"Learned (U-Net), Full",0.8098500370979309,0.09283316135406494,0.06871747970581055
"Learned (U-Net), Full",0.7821964621543884,0.0638120174407959,0.00946950912475586
"Learned (U-Net), Full",0.7239555716514587,0.01885855197906494,0.00074005126953125
"Learned (U-Net), Full",0.7873446941375732,0.03718531131744385,0.020204544067382812
"Learned (U-Net), Full",0.8178406357765198,0.004080057144165039,0.01959991455078125
"Learned (U-Net), Full",0.7566435933113098,0.05104374885559082,0.0894620418548584
"Learned (U-Net), Full",0.7696298360824585,0.07152843475341797,0.0703892707824707
"Learned (U-Net), Full",0.8188916444778442,0.07243669033050537,0.10453557968139648
"Learned (U-Net), Full",0.7674292325973511,0.060492873191833496,0.15800094604492188
"Learned (U-Net), Full",0.8770734071731567,0.17142033576965332,0.37398457527160645
"Learned (U-Net), Full",0.7414647042751312,0.12170016765594482,0.29175448417663574
"Learned (U-Net), Full",0.813072919845581,0.040900349617004395,0.0065462589263916016
"Learned (U-Net), Full",0.7668171226978302,0.06624555587768555,0.32961606979370117
"Learned (U-Net), Full",0.8172186613082886,0.11160361766815186,0.19427108764648438
"Learned (U-Net), Full",0.7837140262126923,0.06096076965332031,0.04552650451660156
"Learned (U-Net), Full",0.7359105050563812,0.0345689058303833,0.04100942611694336
"Learned (U-Net), Full",0.7673541009426117,0.11144983768463135,0.1279892921447754
"Learned (U-Net), Full",0.7763976454734802,0.00784456729888916,0.012913703918457031
"Learned (U-Net), Full",0.7932248711585999,0.09597420692443848,0.10092949867248535
"Learned (U-Net), Full",0.7656050622463226,0.06480884552001953,0.014631509780883789
"Learned (U-Net), Full",0.738724946975708,0.15789687633514404,0.09021830558776855
"Learned (U-Net), Full",0.7138753831386566,0.12002992630004883,0.19322776794433594
"Learned (U-Net), Full",0.768235981464386,0.17796051502227783,0.282238245010376
"Learned (U-Net), Full",0.7665786445140839,0.1005551815032959,0.2423698902130127
"Learned (U-Net), Full",0.7275404334068298,0.047774314880371094,0.09453010559082031
"Learned (U-Net), Full",0.7738968133926392,0.06403744220733643,0.1834571361541748
"Learned (U-Net), Full",0.7901239693164825,0.011538267135620117,0.10576963424682617
"Learned (U-Net), Full",0.7976040542125702,0.1250913143157959,0.2212352752685547
"Learned (U-Net), Full",0.8590086102485657,0.20933878421783447,0.2056441307067871
"Learned (U-Net), Full",0.7814273834228516,0.13061928749084473,0.17809176445007324
"Learned (U-Net), Full",0.7611173391342163,0.09980559349060059,0.13301682472229004
"Learned (U-Net), Full",0.745775043964386,0.05682575702667236,0.05795717239379883
"Learned (U-Net), Full",0.7050357162952423,0.06160891056060791,0.15003657341003418
"Learned (U-Net), Full",0.7902663052082062,0.04720592498779297,0.2166125774383545
"Learned (U-Net), Full",0.7733680605888367,0.04101574420928955,0.23104524612426758
"Learned (U-Net), Full",0.8015038967132568,0.07163858413696289,0.13181591033935547
"Learned (U-Net), Full",0.775996595621109,0.119162917137146,0.022329092025756836
"Learned (U-Net), Full",0.6625297367572784,0.055368781089782715,0.04869508743286133
"Learned (U-Net), Full",0.813692569732666,0.06064784526824951,0.08173727989196777
"Learned (U-Net), Full",0.8428356051445007,0.11565947532653809,0.03816366195678711
"Learned (U-Net), Full",0.8447755575180054,0.059270262718200684,0.059441566467285156
"Learned (U-Net), Full",0.7660306692123413,0.06970202922821045,0.16551828384399414
"Learned (U-Net), Full",0.7802506685256958,0.19950342178344727,0.20269775390625
"Learned (U-Net), Full",0.7703944444656372,0.01760697364807129,0.07122611999511719
"Learned (U-Net), Full",0.8710810542106628,0.17781567573547363,0.019914627075195312
"Learned (U-Net), Full",0.781881183385849,0.022582173347473145,0.016033649444580078
"Learned (U-Net), Full",0.7324126958847046,0.023175597190856934,0.058300018310546875
"Learned (U-Net), Full",0.7891093194484711,0.07543468475341797,0.05876016616821289
"Learned (U-Net), Full",0.826152890920639,0.15917551517486572,0.24672842025756836
"Learned (U-Net), Full",0.7613071799278259,0.01111447811126709,0.07999324798583984
"Learned (U-Net), Full",0.774899959564209,0.06105923652648926,0.0557398796081543
