detector,localization,k_n,edge_mae,ler_mae,lwr_mae
threshold,pixel,0.3,0.41546815157186157,0.09463106393618859,0.12413949194224383
threshold,sub-pixel,0.3,0.28887702537069815,0.10392272905812783,0.14184822883584358
canny,pixel,0.3,0.49603991727407426,0.16934072872968897,0.2565067178935201
canny,sub-pixel,0.3,0.28887702537069815,0.10392272905812783,0.14184822883584358
threshold,pixel,0.3,0.39601988040617286,0.06873128775053461,0.07581542390703433
threshold,sub-pixel,0.3,0.27307974825249826,0.0910716395483877,0.1158776464149498
canny,pixel,0.3,0.48364638043552294,0.19161641661602036,0.2863763687503489
canny,sub-pixel,0.3,0.27307974825249826,0.0910716395483877,0.1158776464149498
threshold,pixel,0.3,0.4227826613690372,0.09612667433814803,0.1491970265206013
threshold,sub-pixel,0.3,0.2760864472098473,0.09626449872534226,0.13585214428388914
canny,pixel,0.3,0.4873668168581715,0.17481634128336832,0.24655330746448412
canny,sub-pixel,0.3,0.2760864472098473,0.09626449872534226,0.13585214428388914
threshold,pixel,0.3,0.4335857869056645,0.08981498194312809,0.0990595303646511
threshold,sub-pixel,0.3,0.27832060597780156,0.0845785748208765,0.10463310989312902
canny,pixel,0.3,0.49016600835844176,0.17263832389978928,0.22594656542655267
canny,sub-pixel,0.3,0.2805327928095813,0.08634431277588561,0.10877101820347845
threshold,pixel,0.3,0.4052318027360269,0.09285590467809501,0.10290470028974985
threshold,sub-pixel,0.3,0.27523860625519725,0.07888888351527412,0.10436762882786033
canny,pixel,0.3,0.4843610355583595,0.19053626791146205,0.26701111198951155
canny,sub-pixel,0.3,0.27703145821675457,0.08070500508305845,0.10999558136778287
threshold,pixel,1.0,0.4325031321893084,0.053551909981631174,0.05815888784988754
threshold,sub-pixel,1.0,0.28700998672741307,0.08691505068329142,0.12094271076647378
canny,pixel,1.0,0.4989205452346045,0.18921230303403336,0.23200769791824283
canny,sub-pixel,1.0,0.28700998672741307,0.08691505068329142,0.12094271076647378
threshold,pixel,1.0,0.4140720402638173,0.07332726637128728,0.13172777392527357
threshold,sub-pixel,1.0,0.27868882107708914,0.08517264050892559,0.12914232262479963
canny,pixel,1.0,0.5018113142991498,0.2011108840969833,0.28165924910069595
canny,sub-pixel,1.0,0.27868882107708914,0.08517264050892559,0.12914232262479963
threshold,pixel,1.0,0.43847126956711246,0.10420947770331734,0.1406402030304228
threshold,sub-pixel,1.0,0.2894782681861879,0.084517284651211,0.13133607665154057
canny,pixel,1.0,0.49025511504807373,0.21206133814740902,0.26962916845924134
canny,sub-pixel,1.0,0.2894782681861879,0.084517284651211,0.13133607665154057
threshold,pixel,1.0,0.42440300759640803,0.07020857281485515,0.11598098840309068
threshold,sub-pixel,1.0,0.27957320117885925,0.08419707055308301,0.11788693043776477
canny,pixel,1.0,0.49334562609306193,0.18063867519648857,0.2511950932748517
canny,sub-pixel,1.0,0.28130973159535355,0.0858465739236478,0.11791433873655688
threshold,pixel,1.0,0.41705009894668504,0.0820842470267964,0.10810650840046065
threshold,sub-pixel,1.0,0.29136242678376245,0.08988994805482864,0.11469976854351316
canny,pixel,1.0,0.5042319438735263,0.19956222183518113,0.2525901068194967
canny,sub-pixel,1.0,0.29136242678376245,0.08988994805482864,0.11469976854351316
threshold,pixel,2.0,0.4455114970262525,0.0616470096659365,0.0421167836976557
threshold,sub-pixel,2.0,0.30060898668249214,0.08738454419433528,0.09917782988125223
canny,pixel,2.0,0.5030050976049757,0.18235587245474527,0.24415046767334925
canny,sub-pixel,2.0,0.30530852934445185,0.0926636808266974,0.1117474940481391
threshold,pixel,2.0,0.41942288672003625,0.09226461420233445,0.1028885158990418
threshold,sub-pixel,2.0,0.2866744498050554,0.09140982439634515,0.1205223113807059
canny,pixel,2.0,0.5042201382344375,0.19871677186861503,0.23555798179859533
canny,sub-pixel,2.0,0.2866744498050554,0.09140982439634515,0.1205223113807059
threshold,pixel,2.0,0.40033098228718955,0.05819042840177535,0.12495394472839294
threshold,sub-pixel,2.0,0.27808843752214585,0.08243529166384189,0.1294882646938218
canny,pixel,2.0,0.4932128685194921,0.1749259086782774,0.26626967978600424
canny,sub-pixel,2.0,0.28023833965291106,0.08446668322711526,0.13325513764713937
threshold,pixel,2.0,0.42732641395741655,0.07607498237559773,0.12182979906074243
threshold,sub-pixel,2.0,0.29149282552459954,0.09890079172373223,0.16597026354983258
canny,pixel,2.0,0.515630112585026,0.20406938538524733,0.3282605423783562
canny,sub-pixel,2.0,0.30461784535635206,0.10793333998199262,0.17702962449122328
threshold,pixel,2.0,0.4340735395160432,0.07704811362682928,0.11281021240395317
threshold,sub-pixel,2.0,0.28772607633062086,0.0792420445736216,0.10263159983359271
canny,pixel,2.0,0.5067658788393923,0.1868997135625573,0.24392721387942018
canny,sub-pixel,2.0,0.28772607633062086,0.0792420445736216,0.10263159983359271
threshold,pixel,4.0,0.4073402517026143,0.0488750840209784,0.07553030373804193
threshold,sub-pixel,4.0,0.28866841035221147,0.06326128545575094,0.09835955183174416
canny,pixel,4.0,0.6030864319794453,0.2017974970743105,0.24578413825157996
canny,sub-pixel,4.0,0.4025812653290893,0.1134709260814053,0.14072846472765965
threshold,pixel,4.0,0.4234756697500539,0.06357179075009978,0.053711719182423234
threshold,sub-pixel,4.0,0.2904752421313755,0.08592772539415916,0.10521068746347328
canny,pixel,4.0,0.5565097365297617,0.19248864330178594,0.2711591371876758
canny,sub-pixel,4.0,0.35795661062448036,0.1045292910271387,0.1371693661354736
threshold,pixel,4.0,0.41411063266335546,0.06776344374897081,0.06565951230969747
threshold,sub-pixel,4.0,0.2981292508054739,0.08128687510804966,0.10740472690626346
canny,pixel,4.0,0.5454923216868578,0.18050546941492307,0.2560073556330451
canny,sub-pixel,4.0,0.36087250971159396,0.08954914076098108,0.10216726672612264
threshold,pixel,4.0,0.4301223482403508,0.06942460350323487,0.11772486620895473
threshold,sub-pixel,4.0,0.2957760977173642,0.07779607423462509,0.13418203167376186
canny,pixel,4.0,0.5997524409522286,0.2342655680944331,0.30555991043109376
canny,sub-pixel,4.0,0.3941013959535794,0.12776405385767375,0.1511672908428201
threshold,pixel,4.0,0.4281213334045305,0.07554827946939757,0.11098310469649575
threshold,sub-pixel,4.0,0.29670904505552753,0.07153293325725085,0.10673394628340827
canny,pixel,4.0,0.5565136112598996,0.20318365833461594,0.30034726893397723
canny,sub-pixel,4.0,0.3615518459850824,0.08853797302632438,0.12571059139229313
threshold,pixel,0.3,0.4060508120199523,0.09749355639582902,0.06445212090771535
threshold,sub-pixel,0.3,0.27165851777391314,0.09430860184283263,0.11550103588825267
canny,pixel,0.3,0.4820003315628784,0.2066524041872536,0.1796293055672742
canny,sub-pixel,0.3,0.27165851777391314,0.09430860184283263,0.11550103588825267
threshold,pixel,0.3,0.4175728311761488,0.09747566675222463,0.025433476778880415
threshold,sub-pixel,0.3,0.27571350515315085,0.09213797192987994,0.0681634567777174
canny,pixel,0.3,0.4982389831285478,0.23072526799268644,0.14360751873395516
canny,sub-pixel,0.3,0.2778574911074847,0.09230442940814765,0.06194248511366052
threshold,pixel,0.3,0.4152195479479738,0.08747560727811488,0.139580824866536
threshold,sub-pixel,0.3,0.2786786806826551,0.08654703528372765,0.1470783352538667
canny,pixel,0.3,0.477997981480195,0.18936891169715886,0.20947983229155187
canny,sub-pixel,0.3,0.2786786806826551,0.08654703528372765,0.1470783352538667
threshold,pixel,0.3,0.4338581182174444,0.08425902218789627,0.03791361842283547
threshold,sub-pixel,0.3,0.2806683072794832,0.09379991391500953,0.09708722874070719
canny,pixel,0.3,0.5037518678543377,0.201901794525295,0.18741727008979403
canny,sub-pixel,0.3,0.2806683072794832,0.09379991391500953,0.09708722874070719
threshold,pixel,0.3,0.42091287835414315,0.08728865407829389,0.028004953483761863
threshold,sub-pixel,0.3,0.27887694205304037,0.10421511016034013,0.08788760496793424
canny,pixel,0.3,0.4964228446374197,0.20066351726964193,0.15932648422265538
canny,sub-pixel,0.3,0.2832203953059555,0.1130526681030729,0.10043605966112779
threshold,pixel,1.0,0.43063142728396064,0.06751353797460247,0.0028500302617031625
threshold,sub-pixel,1.0,0.294112048492897,0.0904771527964332,0.07437390185580495
canny,pixel,1.0,0.5101624146147461,0.22005947741367693,0.19290443081712483
canny,sub-pixel,1.0,0.294112048492897,0.0904771527964332,0.07437390185580495
threshold,pixel,1.0,0.42559045765507775,0.072814908820106,0.03740733180356215
threshold,sub-pixel,1.0,0.2810848527400778,0.09827993046293004,0.06476146114084513
canny,pixel,1.0,0.49947974161640973,0.203991937780989,0.15142000179450532
canny,sub-pixel,1.0,0.2810848527400778,0.09827993046293004,0.06476146114084513
threshold,pixel,1.0,0.41758593871158534,0.09621550660025835,0.06741528784688344
threshold,sub-pixel,1.0,0.2767081529311194,0.10368102588391526,0.08110182609010996
canny,pixel,1.0,0.48479442015574337,0.22226538040356314,0.18225681791366322
canny,sub-pixel,1.0,0.2767081529311194,0.10368102588391526,0.08110182609010996
threshold,pixel,1.0,0.4205594373153718,0.08645148815612802,0.05191694699674598
threshold,sub-pixel,1.0,0.282854921217232,0.09861264491307553,0.08198296847520337
canny,pixel,1.0,0.4958721102245427,0.19899410528564676,0.18124026502903035
canny,sub-pixel,1.0,0.28481883463542446,0.10173524382813104,0.08647963477834675
threshold,pixel,1.0,0.42101500992843843,0.08640693902754726,0.030115180157838983
threshold,sub-pixel,1.0,0.27847313569465826,0.08722505657286572,0.06973954675164595
canny,pixel,1.0,0.4879484077360239,0.2022365230294132,0.16806165466083378
canny,sub-pixel,1.0,0.27847313569465826,0.08722505657286572,0.06973954675164595
threshold,pixel,2.0,0.4436568619179303,0.06145668863642717,0.003930942274077642
threshold,sub-pixel,2.0,0.29382944819648554,0.08553334335661056,0.06632869548671261
canny,pixel,2.0,0.49541408272859866,0.17374600708133614,0.10035647402959924
canny,sub-pixel,2.0,0.2958222649879868,0.0871214933567318,0.0613523663092479
threshold,pixel,2.0,0.4256093415826048,0.05965029346882711,0.03710083129848085
threshold,sub-pixel,2.0,0.2899886919060005,0.0761196944609196,0.07896751125443568
canny,pixel,2.0,0.5102752024613992,0.16842334886625354,0.0971955936595581
canny,sub-pixel,2.0,0.3154389996276445,0.0832674549842155,0.04017672416409357
threshold,pixel,2.0,0.4181397192849958,0.06491074114473605,0.021734093780299002
threshold,sub-pixel,2.0,0.2862016925188323,0.07720742105737088,0.06535922982516529
canny,pixel,2.0,0.49495396047680296,0.18075576550367356,0.12251034891935597
canny,sub-pixel,2.0,0.29542247310514097,0.07783321449301639,0.04659908921900402
threshold,pixel,2.0,0.42858380903195237,0.06987262701781494,0.03342677012557749
threshold,sub-pixel,2.0,0.2852315771935868,0.09107392580049467,0.0889926444585516
canny,pixel,2.0,0.4940874043078841,0.18772521658104557,0.12544208174745108
canny,sub-pixel,2.0,0.28970703501207196,0.09212284275647609,0.08899295192624557
threshold,pixel,2.0,0.4309701633987213,0.06922627492254863,0.040216048545365535
threshold,sub-pixel,2.0,0.2835659591446239,0.08612725480962291,0.08540568328324594
canny,pixel,2.0,0.5077669965946692,0.19172989633803594,0.1487601088594983
canny,sub-pixel,2.0,0.28553998472549896,0.08760032086439218,0.08664442927161442
threshold,pixel,4.0,0.44363862297919626,0.0592417165302489,0.03591032907434655
threshold,sub-pixel,4.0,0.3004550027790429,0.08768582652812207,0.07457222092806459
canny,pixel,4.0,0.6519945663270529,0.22947515446935773,0.023264054764291275
canny,sub-pixel,4.0,0.4641661080528429,0.13539128627466235,0.05153428359757184
threshold,pixel,4.0,0.42166076021490234,0.04527356152634865,0.00791794603235041
threshold,sub-pixel,4.0,0.2957749521879143,0.08242166140268326,0.07543124009863833
canny,pixel,4.0,0.5742875213998844,0.22353290483290467,0.05278807835843513
canny,sub-pixel,4.0,0.3729909391712535,0.11451570114568155,0.002925003308764218
threshold,pixel,4.0,0.4189758003933871,0.054630653211849345,0.012541462932467162
threshold,sub-pixel,4.0,0.3093848165110761,0.08504475250989618,0.07117837154689655
canny,pixel,4.0,0.5718085952561417,0.16250245656207218,0.019675901670262785
canny,sub-pixel,4.0,0.40079101018498686,0.08625309941439185,0.05830394575768727
threshold,pixel,4.0,0.43788332811024,0.08327696727298406,0.06200273299830794
threshold,sub-pixel,4.0,0.31445111024953254,0.10015887978672233,0.1024384220232335
canny,pixel,4.0,0.5458874547941228,0.21951248912703802,0.09120775721664764
canny,sub-pixel,4.0,0.3635084649057029,0.1398804672349454,0.02855950767300741
threshold,pixel,4.0,0.42429470385751455,0.09471676551493358,0.024972464366516345
threshold,sub-pixel,4.0,0.30277474087239475,0.09538128659618161,0.07572247437865265
canny,pixel,4.0,0.6077231839079364,0.267056761848926,0.053183431348837074
canny,sub-pixel,4.0,0.41754759157473165,0.12455164874196778,0.030355996170440935
threshold,pixel,0.3,0.3719983593973463,0.01921540899953733,0.008141687277262832
threshold,sub-pixel,0.3,0.18939909519332648,0.011139713892207359,0.011087637295100095
canny,pixel,0.3,0.37347504875045434,0.061848471462320975,0.07853713191522571
canny,sub-pixel,0.3,0.18939909519332648,0.011139713892207359,0.011087637295100095
threshold,pixel,0.3,0.35045083673097543,0.0055958278582732834,0.015300075367714161
threshold,sub-pixel,0.3,0.19145906258862574,0.01060079789927082,0.0012144985041593337
canny,pixel,0.3,0.3545306790424473,0.07569703904610026,0.09685222636773272
canny,sub-pixel,0.3,0.19145906258862574,0.01060079789927082,0.0012144985041593337
threshold,pixel,0.3,0.35049266654855504,0.02020136419288987,0.05615884134667826
threshold,sub-pixel,0.3,0.1895533492558917,0.03988001762863358,0.06618501453913694
canny,pixel,0.3,0.36039002028275435,0.0635787472690239,0.10348248363469525
canny,sub-pixel,0.3,0.1895533492558917,0.03988001762863358,0.06618501453913694
threshold,pixel,0.3,0.355985144910286,0.021026123334870306,0.028991359464685562
threshold,sub-pixel,0.3,0.18460170648894658,0.02065313980604455,0.044180252426766486
canny,pixel,0.3,0.35708709337338673,0.07447466082065402,0.09348858555931461
canny,sub-pixel,0.3,0.18460170648894658,0.02065313980604455,0.044180252426766486
threshold,pixel,0.3,0.3508312053793273,0.016276950061624662,0.02844669321386295
threshold,sub-pixel,0.3,0.18860600132681393,0.013272535757957282,0.050390147020233256
canny,pixel,0.3,0.3599152639363907,0.0730038668370745,0.10206765232331771
canny,sub-pixel,0.3,0.18860600132681393,0.013272535757957282,0.050390147020233256
threshold,pixel,1.0,0.36426483238130475,0.02075732102222283,0.036195934060966106
threshold,sub-pixel,1.0,0.19187288670594238,0.01017940497260017,0.005033982537021364
canny,pixel,1.0,0.3696316258448049,0.07140057366610075,0.10188554498029068
canny,sub-pixel,1.0,0.19187288670594238,0.01017940497260017,0.005033982537021364
threshold,pixel,1.0,0.3520811701035652,0.028180049900095483,0.02074471390619337
threshold,sub-pixel,1.0,0.198858132862007,0.03780558336703299,0.044303313783968123
canny,pixel,1.0,0.3618407837259649,0.07403090984624727,0.09222663140940712
canny,sub-pixel,1.0,0.198858132862007,0.03780558336703299,0.044303313783968123
threshold,pixel,1.0,0.34848226243342006,0.021783457876150214,0.015052147343282085
threshold,sub-pixel,1.0,0.19028471230571964,0.02653979709487564,0.019561924294172917
canny,pixel,1.0,0.3697405171077248,0.0807009987632401,0.09057388054448956
canny,sub-pixel,1.0,0.19028471230571964,0.02653979709487564,0.019561924294172917
threshold,pixel,1.0,0.3591941914813907,0.03930668057893172,0.04588947014062317
threshold,sub-pixel,1.0,0.1884748683133638,0.030302350527490196,0.04109470317880071
canny,pixel,1.0,0.3731868834418749,0.09656263561472556,0.1302240143325344
canny,sub-pixel,1.0,0.1884748683133638,0.030302350527490196,0.04109470317880071
threshold,pixel,1.0,0.3675995245519959,0.022081208790935447,0.024938712953988862
threshold,sub-pixel,1.0,0.1907694014630441,0.03116031399833774,0.056743619721866256
canny,pixel,1.0,0.37796511405049604,0.0867337078966085,0.09571279509959663
canny,sub-pixel,1.0,0.1907694014630441,0.03116031399833774,0.056743619721866256
threshold,pixel,2.0,0.3641498490145537,0.012831865426642941,0.04957617199707709
threshold,sub-pixel,2.0,0.19813602605333921,0.013550072830637028,0.015002006573514581
canny,pixel,2.0,0.3791050329917771,0.09273013128925311,0.15044590315256556
canny,sub-pixel,2.0,0.19813602605333921,0.013550072830637028,0.015002006573514581
threshold,pixel,2.0,0.36626210052698716,0.012753277981142896,0.0007468206794909449
threshold,sub-pixel,2.0,0.20557064640217287,0.01683294524911494,0.004023028085645031
canny,pixel,2.0,0.37362317836054293,0.048373383653322,0.08534598433681895
canny,sub-pixel,2.0,0.20557064640217287,0.01683294524911494,0.004023028085645031
threshold,pixel,2.0,0.36287781289287435,0.015303160312172714,0.00467674909408311
threshold,sub-pixel,2.0,0.20140280907411928,0.027053041075176476,0.046284694681298255
canny,pixel,2.0,0.37633289089630806,0.04337014011882245,0.08961152443028508
canny,sub-pixel,2.0,0.20140280907411928,0.027053041075176476,0.046284694681298255
threshold,pixel,2.0,0.3701217663346022,0.0040477430896244115,0.03834729248005786
threshold,sub-pixel,2.0,0.20470434684937347,0.02018496685559612,0.005692304174234497
canny,pixel,2.0,0.3834974690478572,0.04315349218104103,0.03236647000866766
canny,sub-pixel,2.0,0.20470434684937347,0.02018496685559612,0.005692304174234497
threshold,pixel,2.0,0.3820512406820794,0.01964513293505532,0.008964113671952711
threshold,sub-pixel,2.0,0.201011921433644,0.020518150593923035,0.027790024565942817
canny,pixel,2.0,0.3718822841381029,0.06184535623961085,0.06950589159148612
canny,sub-pixel,2.0,0.201011921433644,0.020518150593923035,0.027790024565942817
threshold,pixel,4.0,0.3888932902664599,0.004579529656775327,0.022761499175878885
threshold,sub-pixel,4.0,0.2075211933631389,0.03096923858428291,0.04351228977507038
canny,pixel,4.0,0.4595393697494158,0.09536594321549274,0.23982950626538013
canny,sub-pixel,4.0,0.28228315737636717,0.05260738902615858,0.17304062096981832
threshold,pixel,4.0,0.3681377395075489,0.04235723821986226,0.012876269332714685
threshold,sub-pixel,4.0,0.21431452063106937,0.025999305147328844,0.025878816420834116
canny,pixel,4.0,0.5059769247620146,0.1373346818141069,0.14357064985874057
canny,sub-pixel,4.0,0.33976176452252915,0.1044814934314594,0.05223810703311926
threshold,pixel,4.0,0.36189387699808206,0.010982077801900081,0.011067837278068815
threshold,sub-pixel,4.0,0.2094177897621905,0.025255140862661785,0.05468703213838255
canny,pixel,4.0,0.4715695691957381,0.07699926306828564,0.1746610303375653
canny,sub-pixel,4.0,0.31180703246175234,0.058697110298696065,0.15365848366430246
threshold,pixel,4.0,0.37809557640269476,0.019937061279238777,0.013750077655745097
threshold,sub-pixel,4.0,0.2143760695252804,0.02666898013297614,0.037466883724738276
canny,pixel,4.0,0.4469657266321174,0.08899905180784062,0.0650346812080298
canny,sub-pixel,4.0,0.277716486061934,0.04530638961023037,0.02878030426381506
threshold,pixel,4.0,0.35387133928341336,0.01176426675817377,0.0055512182122887666
threshold,sub-pixel,4.0,0.20675088240539635,0.008299739033937992,0.001909885504886688
canny,pixel,4.0,0.4658671195258021,0.07556244369750753,0.14217197064548937
canny,sub-pixel,4.0,0.3117960448998123,0.043770839361542024,0.08691547059702898
threshold,pixel,0.3,0.3531416483448025,0.023467157549430295,0.05856457279769778
threshold,sub-pixel,0.3,0.18981451775494593,0.03620303657694024,0.013359802286282196
canny,pixel,0.3,0.3571138998857776,0.08640933826323927,0.026725274652322994
canny,sub-pixel,0.3,0.18981451775494593,0.03620303657694024,0.013359802286282196
threshold,pixel,0.3,0.3698443054373941,0.023536887669804107,0.021431397815392383
threshold,sub-pixel,0.3,0.1911376110613962,0.029877752338130836,0.033679149314947754
canny,pixel,0.3,0.3669907216829045,0.07468568329041247,0.04726195078021145
canny,sub-pixel,0.3,0.1911376110613962,0.029877752338130836,0.033679149314947754
threshold,pixel,0.3,0.3603710866075514,0.010108686820262225,0.052470200972212444
threshold,sub-pixel,0.3,0.19058749623235763,0.021693398359014404,0.0008205816598925164
canny,pixel,0.3,0.3847774694310392,0.06782775177760703,0.03796818568761928
canny,sub-pixel,0.3,0.19058749623235763,0.021693398359014404,0.0008205816598925164
threshold,pixel,0.3,0.35989413008505144,0.013348191483616989,0.03291746057685341
threshold,sub-pixel,0.3,0.1883657469797308,0.010342436973752478,0.00862627118008974
canny,pixel,0.3,0.37359244023853,0.05721917945826416,0.031842506316350994
canny,sub-pixel,0.3,0.1883657469797308,0.010342436973752478,0.00862627118008974
threshold,pixel,0.3,0.37173554700216216,0.038985025152901476,0.01292001232712825
threshold,sub-pixel,0.3,0.18054659343284485,0.026684542502585562,0.023036118346289047
canny,pixel,0.3,0.3756434144065996,0.09319497768948948,0.013482749586108955
canny,sub-pixel,0.3,0.18054659343284485,0.026684542502585562,0.023036118346289047
threshold,pixel,1.0,0.3576746133847192,0.005383618707027971,0.07741249339071277
threshold,sub-pixel,1.0,0.1838995039096554,0.014759330310193719,0.017205859293230263
canny,pixel,1.0,0.36466912754907677,0.03576938732706347,0.010479522933804164
canny,sub-pixel,1.0,0.1838995039096554,0.014759330310193719,0.017205859293230263
threshold,pixel,1.0,0.37003818781559206,0.006163098651163379,0.06942738624945166
threshold,sub-pixel,1.0,0.19263651761691325,0.025512179171644278,0.009507104576924608
canny,pixel,1.0,0.3773941821392035,0.05165722366476899,0.009211882123832504
canny,sub-pixel,1.0,0.19263651761691325,0.025512179171644278,0.009507104576924608
threshold,pixel,1.0,0.3620961461880136,0.01650692095821471,0.028368463018471735
threshold,sub-pixel,1.0,0.1807740786693742,0.018605919335868748,0.025653381218397886
canny,pixel,1.0,0.3757535126469269,0.0952437457404176,0.062331901522449495
canny,sub-pixel,1.0,0.1807740786693742,0.018605919335868748,0.025653381218397886
threshold,pixel,1.0,0.36866572574363043,0.024238652408956507,0.00130743443224568
threshold,sub-pixel,1.0,0.19447199698953516,0.019479166195756292,0.005341135852757528
canny,pixel,1.0,0.3823102707919616,0.08000580968210758,0.04912077450860597
canny,sub-pixel,1.0,0.19447199698953516,0.019479166195756292,0.005341135852757528
threshold,pixel,1.0,0.3751748967448818,0.040238807475131866,0.016692357290766235
threshold,sub-pixel,1.0,0.19339769549688263,0.03148261354067261,0.025563416311274123
canny,pixel,1.0,0.3821326406625891,0.0945437430399576,0.07705816501629936
canny,sub-pixel,1.0,0.19339769549688263,0.03148261354067261,0.025563416311274123
threshold,pixel,2.0,0.36720798120983156,0.013363301485494916,0.045226202432832485
threshold,sub-pixel,2.0,0.20402514282593867,0.018769402322076578,0.0013893728866791744
canny,pixel,2.0,0.3764184119602127,0.04013651604542956,0.014293043200410915
canny,sub-pixel,2.0,0.20632209754807723,0.01919860713335142,0.0003321951444490434
threshold,pixel,2.0,0.3813030819461437,0.01519791311878882,0.0031869184043513687
threshold,sub-pixel,2.0,0.2059115299562229,0.02587462356406678,0.036959606716082005
canny,pixel,2.0,0.38085631671880105,0.05537767335424504,0.013567750333166817
canny,sub-pixel,2.0,0.2059115299562229,0.02587462356406678,0.036959606716082005
threshold,pixel,2.0,0.37293406419073194,0.024484623945321693,0.019481081253860832
threshold,sub-pixel,2.0,0.2025282528656442,0.036208902331162474,0.005968472673347769
canny,pixel,2.0,0.3819741870780913,0.06036409405920162,0.05086063436676325
canny,sub-pixel,2.0,0.2025282528656442,0.036208902331162474,0.005968472673347769
threshold,pixel,2.0,0.3653352843272427,0.01434742606145012,0.035837473478844695
threshold,sub-pixel,2.0,0.19429495328502475,0.011571605877105595,0.012666179923448206
canny,pixel,2.0,0.371938742012844,0.05505593723685975,0.011936439562481915
canny,sub-pixel,2.0,0.19429495328502475,0.011571605877105595,0.012666179923448206
threshold,pixel,2.0,0.3765216038539669,0.02549292128152192,0.008729117587454205
threshold,sub-pixel,2.0,0.20830704712356582,0.03498785934663606,0.047733707628660804
canny,pixel,2.0,0.3856033954892088,0.05758319979779303,0.0377173052548867
canny,sub-pixel,2.0,0.20830704712356582,0.03498785934663606,0.047733707628660804
threshold,pixel,4.0,0.3764833634302749,0.004978779652367593,0.059076564749007465
threshold,sub-pixel,4.0,0.206844838001971,0.020910606608242954,0.009399350004509532
canny,pixel,4.0,0.5252910178298641,0.1293480950064575,0.1335139691178049
canny,sub-pixel,4.0,0.35290284965808494,0.07893396932319074,0.13019999885411804
threshold,pixel,4.0,0.366917069525427,0.010010719819947389,0.03865129073487994
threshold,sub-pixel,4.0,0.212655063621234,0.013134060561058258,0.0019039761113421871
canny,pixel,4.0,0.47898748538263386,0.10575325422739557,0.023772269078164987
canny,sub-pixel,4.0,0.32753025850102435,0.06912755780075863,0.04462594995344338
threshold,pixel,4.0,0.3666553126049137,0.005597881334968635,0.06301279239868451
threshold,sub-pixel,4.0,0.2123644131150073,0.017255676074395376,0.004241125011999358
canny,pixel,4.0,0.4843920616895546,0.10405034024086735,0.010518719196260573
canny,sub-pixel,4.0,0.31603088287240977,0.0742968725228006,0.022530003724591685
threshold,pixel,4.0,0.37045325894451364,0.03484084790208175,0.09670283699505755
threshold,sub-pixel,4.0,0.21204378138788615,0.008921896065071988,0.037724872720412694
canny,pixel,4.0,0.44008922461878375,0.033750618506736774,0.03889897623923222
canny,sub-pixel,4.0,0.2935370347505734,0.0175330842354392,0.060157713130071455
threshold,pixel,4.0,0.3621275823915118,0.009743373935185873,0.058720948913991045
threshold,sub-pixel,4.0,0.20782090585115193,0.029225207980481116,0.009062469028295661
canny,pixel,4.0,0.4509202266384937,0.09836428044025858,0.023519337073327096
canny,sub-pixel,4.0,0.283093141275519,0.058820816001266873,0.016621712822133317
threshold,pixel,0.3,0.39606425877927187,0.04415704613934679,0.07791168286461314
threshold,sub-pixel,0.3,0.2364845594109497,0.031202924034587687,0.056288130365842015
canny,pixel,0.3,0.42333949748975386,0.12969185682587547,0.1776871660254833
canny,sub-pixel,0.3,0.2364845594109497,0.031202924034587687,0.056288130365842015
threshold,pixel,0.3,0.3933001678377364,0.04171483797531572,0.06104784188726953
threshold,sub-pixel,0.3,0.23612802480645034,0.059966335617235855,0.06934834868484185
canny,pixel,0.3,0.4169703473959771,0.11078050024876063,0.164998525408788
canny,sub-pixel,0.3,0.23612802480645034,0.059966335617235855,0.06934834868484185
threshold,pixel,0.3,0.4004470822742563,0.05749013327166286,0.07615804676203464
threshold,sub-pixel,0.3,0.23999875329970966,0.05614000685029796,0.06598886130421233
canny,pixel,0.3,0.43145872233820853,0.11053726765851102,0.1459111525127772
canny,sub-pixel,0.3,0.23999875329970966,0.05614000685029796,0.06598886130421233
threshold,pixel,0.3,0.3871439462537347,0.047326269376482655,0.1169657941633977
threshold,sub-pixel,0.3,0.2369231206526921,0.04198026086643991,0.08957844354321454
canny,pixel,0.3,0.42527431885525735,0.10180398462942719,0.20072005900040102
canny,sub-pixel,0.3,0.2369231206526921,0.04198026086643991,0.08957844354321454
threshold,pixel,0.3,0.3988209210369331,0.045622914183973684,0.03691568780641363
threshold,sub-pixel,0.3,0.23643212684974008,0.05908426566598224,0.06281510050730965
canny,pixel,0.3,0.4271133626955048,0.11423884883912527,0.1332197263482704
canny,sub-pixel,0.3,0.23643212684974008,0.05908426566598224,0.06281510050730965
threshold,pixel,1.0,0.4000937072404018,0.01916360034481379,0.03390337434298285
threshold,sub-pixel,1.0,0.24823209763483395,0.04531640358030509,0.07954942497158823
canny,pixel,1.0,0.4305517160596683,0.10562393159449035,0.1689501851647488
canny,sub-pixel,1.0,0.24823209763483395,0.04531640358030509,0.07954942497158823
threshold,pixel,1.0,0.3972070409297205,0.03873570604697252,0.07398629737091489
threshold,sub-pixel,1.0,0.2391067730300801,0.04609446773706105,0.07600567241330358
canny,pixel,1.0,0.42325489653825016,0.10842985312354869,0.19358208676753264
canny,sub-pixel,1.0,0.2391067730300801,0.04609446773706105,0.07600567241330358
threshold,pixel,1.0,0.4124319070383154,0.03335827706365413,0.005216883332971101
threshold,sub-pixel,1.0,0.23980150007831702,0.052795661145726536,0.05521052040049179
canny,pixel,1.0,0.4283484495780967,0.10814927151149223,0.12463391289771142
canny,sub-pixel,1.0,0.23980150007831702,0.052795661145726536,0.05521052040049179
threshold,pixel,1.0,0.3902786411869853,0.03585428717434014,0.044241408000612825
threshold,sub-pixel,1.0,0.23662756048186587,0.040560633546194436,0.04792539755922931
canny,pixel,1.0,0.428789522692962,0.1155322516388646,0.17161028205298745
canny,sub-pixel,1.0,0.23662756048186587,0.040560633546194436,0.04792539755922931
threshold,pixel,1.0,0.3978362682449953,0.03407884362939928,0.0682416596607287
threshold,sub-pixel,1.0,0.24590104014374597,0.0424921322506977,0.06121262735280064
canny,pixel,1.0,0.43229859544477567,0.13010837018957988,0.1858840982831116
canny,sub-pixel,1.0,0.24590104014374597,0.0424921322506977,0.06121262735280064
threshold,pixel,2.0,0.3928603631371632,0.02914299597390868,0.023618048131704983
threshold,sub-pixel,2.0,0.2402298725431607,0.04122204898999737,0.059228424908280175
canny,pixel,2.0,0.42023492704928966,0.11625367371869733,0.13409295755556405
canny,sub-pixel,2.0,0.2434951728469642,0.04269394296969964,0.05705186989421995
threshold,pixel,2.0,0.3995806241557691,0.038835875756504934,0.021087109404481108
threshold,sub-pixel,2.0,0.23838255250968432,0.05066385707373511,0.055844168866612254
canny,pixel,2.0,0.4257031418721119,0.09645488306334915,0.07431793454994251
canny,sub-pixel,2.0,0.23838255250968432,0.05066385707373511,0.055844168866612254
threshold,pixel,2.0,0.3914514511926985,0.03072182671244661,0.0307962955541754
threshold,sub-pixel,2.0,0.24445019430331122,0.047840169407209365,0.048301788546531554
canny,pixel,2.0,0.4411089870938768,0.11263046694522216,0.1316247060901201
canny,sub-pixel,2.0,0.2656719947286301,0.052347387224251474,0.03200718281198123
threshold,pixel,2.0,0.3850030658874321,0.025416892950475334,0.0687553208271765
threshold,sub-pixel,2.0,0.24791504605591852,0.038439663431958704,0.08031244156516615
canny,pixel,2.0,0.4175542116719143,0.08724566800769196,0.12484977288203325
canny,sub-pixel,2.0,0.24983634839592656,0.038912455958294734,0.08182486120171917
threshold,pixel,2.0,0.4017385387625728,0.03908547302212961,0.07591619277222161
threshold,sub-pixel,2.0,0.2500190661041747,0.06480552841984966,0.12137231458469921
canny,pixel,2.0,0.4424949847812518,0.1230885941548564,0.1922734716563852
canny,sub-pixel,2.0,0.2520421738172458,0.06502104570440825,0.11637699183564343
threshold,pixel,4.0,0.40125845260563303,0.0014723212734814028,0.008375154801392837
threshold,sub-pixel,4.0,0.260824959798318,0.021537378063740453,0.013716010925685085
canny,pixel,4.0,0.5625753110595122,0.143041198295079,0.1130114799193398
canny,sub-pixel,4.0,0.3896588489810119,0.07801483818153654,0.0021583853993005775
threshold,pixel,4.0,0.41521795047472787,0.04127590390590996,0.0733096104670552
threshold,sub-pixel,4.0,0.2518082337974466,0.04996385042815954,0.07833180740634837
canny,pixel,4.0,0.5990103557761981,0.2823107792483015,0.5889218744283802
canny,sub-pixel,4.0,0.4326734283169926,0.22486975458839964,0.4973080533007399
threshold,pixel,4.0,0.4043146428206804,0.03333063600511921,0.0613669282774727
threshold,sub-pixel,4.0,0.25616363294202665,0.048742225961028174,0.07648760003444455
canny,pixel,4.0,0.5802228295079661,0.16306251142864525,0.2529317204015604
canny,sub-pixel,4.0,0.3998817952980306,0.11465243542188253,0.18667117544141787
threshold,pixel,4.0,0.4009550397216728,0.04867055858097469,0.07671047230285533
threshold,sub-pixel,4.0,0.2568837409313155,0.048225538326900574,0.06774888705993609
canny,pixel,4.0,0.5065963548408904,0.14420770428934593,0.20649176288505844
canny,sub-pixel,4.0,0.3290140930940179,0.0740221422872347,0.08356818727846016
threshold,pixel,4.0,0.4036299716190241,0.04035281230888921,0.04289672240974385
threshold,sub-pixel,4.0,0.2609758613022318,0.05022981909226232,0.06475622995011232
canny,pixel,4.0,0.476756957605869,0.1547857376193441,0.2697869312493655
canny,sub-pixel,4.0,0.30683371984744284,0.06427312159343623,0.10370935843328288
threshold,pixel,0.3,0.401528963749626,0.053461090017125956,0.015728214360347437
threshold,sub-pixel,0.3,0.23871886996533304,0.04112687275475191,0.04443411826356569
canny,pixel,0.3,0.4246746177312568,0.12112880335047349,0.05990973534898569
canny,sub-pixel,0.3,0.23871886996533304,0.04112687275475191,0.04443411826356569
threshold,pixel,0.3,0.39174374167484716,0.052254243057827,0.005557036506882218
threshold,sub-pixel,0.3,0.23518405718307692,0.04516186245796705,0.04439105896177353
canny,pixel,0.3,0.415039781661279,0.13536179528443715,0.07593068071839482
canny,sub-pixel,0.3,0.23518405718307692,0.04516186245796705,0.04439105896177353
threshold,pixel,0.3,0.40148175397305885,0.02514986469333469,0.004979189312601218
threshold,sub-pixel,0.3,0.24124497508092227,0.03801878885884713,0.0549074261640452
canny,pixel,0.3,0.42074944215996996,0.08515620451605588,0.07810079424479466
canny,sub-pixel,0.3,0.24124497508092227,0.03801878885884713,0.0549074261640452
threshold,pixel,0.3,0.38940139008238256,0.05644451060675826,0.0025857282338324072
threshold,sub-pixel,0.3,0.23533129264988045,0.05259571750878411,0.027683033854564387
canny,pixel,0.3,0.42398899371203547,0.12463252069627062,0.08812640689316331
canny,sub-pixel,0.3,0.23533129264988045,0.05259571750878411,0.027683033854564387
threshold,pixel,0.3,0.40599956148537464,0.04506276150723876,0.05033054081915611
threshold,sub-pixel,0.3,0.242352625189722,0.061623571104728714,0.034666465724231266
canny,pixel,0.3,0.4319427314210376,0.11354619422065393,0.05968625857784504
canny,sub-pixel,0.3,0.242352625189722,0.061623571104728714,0.034666465724231266
threshold,pixel,1.0,0.39014911988923223,0.047849214790056216,0.026519630303925013
threshold,sub-pixel,1.0,0.23457651348838335,0.050856347790336875,0.01778541365578823
canny,pixel,1.0,0.43019880273136835,0.11926937671344462,0.041763522561308
canny,sub-pixel,1.0,0.23457651348838335,0.050856347790336875,0.01778541365578823
threshold,pixel,1.0,0.3931998444770026,0.03242432676048901,0.014787169711475645
threshold,sub-pixel,1.0,0.2455141404522536,0.042517061914484344,0.02981588639299182
canny,pixel,1.0,0.4277950097217584,0.11887653769859963,0.10645972473130372
canny,sub-pixel,1.0,0.2455141404522536,0.042517061914484344,0.02981588639299182
threshold,pixel,1.0,0.37277821481307305,0.05393198330518434,0.003619925583996819
threshold,sub-pixel,1.0,0.23825618639095358,0.04542370567381038,0.008713475664888337
canny,pixel,1.0,0.41070935052570756,0.09885301258253232,0.03439203120715417
canny,sub-pixel,1.0,0.23825618639095358,0.04542370567381038,0.008713475664888337
threshold,pixel,1.0,0.39914258818392523,0.026009474979174163,0.06575272669238452
threshold,sub-pixel,1.0,0.24306109280356542,0.05107373938229487,0.02122125682461773
canny,pixel,1.0,0.42014148211473606,0.08779430109523367,0.02167319407652224
canny,sub-pixel,1.0,0.24306109280356542,0.05107373938229487,0.02122125682461773
threshold,pixel,1.0,0.39035442851455,0.028181559552423185,0.004794376962899971
threshold,sub-pixel,1.0,0.23725805344085435,0.05317581476379396,0.030624101668883075
canny,pixel,1.0,0.41561753441778604,0.1051106992593478,0.05406098371107326
canny,sub-pixel,1.0,0.23725805344085435,0.05317581476379396,0.030624101668883075
threshold,pixel,2.0,0.390511234829668,0.010613123346226994,0.03726265730599421
threshold,sub-pixel,2.0,0.2506854635053186,0.03429023764385586,0.01253916551824652
canny,pixel,2.0,0.43093695740128546,0.08235703897700053,0.03963830009274383
canny,sub-pixel,2.0,0.25600736884140735,0.03577092431503037,0.012322662129313988
threshold,pixel,2.0,0.40227468515048154,0.020514109545705095,0.028864098805271077
threshold,sub-pixel,2.0,0.2494676246708355,0.03400083744335203,0.017602500780942387
canny,pixel,2.0,0.4388901270016191,0.10393424807590212,0.06077492496882386
canny,sub-pixel,2.0,0.26503750152208183,0.032620187434778014,0.008761826665260486
threshold,pixel,2.0,0.39158361588100066,0.03868332287843068,0.025354788808672257
threshold,sub-pixel,2.0,0.2453934400337717,0.04061089021733677,0.013331110929506895
canny,pixel,2.0,0.4084730504060812,0.10073140712866213,0.03334866839329331
canny,sub-pixel,2.0,0.2453934400337717,0.04061089021733677,0.013331110929506895
threshold,pixel,2.0,0.40507772025798283,0.04415511171520281,0.008338116806731577
threshold,sub-pixel,2.0,0.25080553936729705,0.0636174454753834,0.059245657018635045
canny,pixel,2.0,0.43639333715889245,0.10359230935847097,0.06027611656227827
canny,sub-pixel,2.0,0.25080553936729705,0.0636174454753834,0.059245657018635045
threshold,pixel,2.0,0.3826568315026779,0.033193336044971766,0.033162106103214795
threshold,sub-pixel,2.0,0.24911905228006176,0.04138713323349641,0.0795152169540414
canny,pixel,2.0,0.4113363953369831,0.12321338460345221,0.12877359535531796
canny,sub-pixel,2.0,0.24911905228006176,0.04138713323349641,0.0795152169540414
threshold,pixel,4.0,0.40484088038643345,0.041092269570893514,0.0300676772686832
threshold,sub-pixel,4.0,0.26778644910550886,0.04901094160489061,0.0074431166745183575
canny,pixel,4.0,0.49881871351909945,0.10587040659141078,0.0497195157941448
canny,sub-pixel,4.0,0.3328115777521162,0.057869454736606984,0.08460244802279937
threshold,pixel,4.0,0.40218779071622013,0.026039056328470478,0.04811694280674916
threshold,sub-pixel,4.0,0.2609919403643904,0.03317386522271437,0.021471655314635907
canny,pixel,4.0,0.5729700918756397,0.19132018657843408,0.04717163913270883
canny,sub-pixel,4.0,0.40416279241187825,0.1369052403593375,0.06299622261757443
threshold,pixel,4.0,0.41125428423310934,0.020929973576248595,0.02703438862696972
threshold,sub-pixel,4.0,0.2643184837623442,0.039871898574674436,0.031484640376256534
canny,pixel,4.0,0.5419356272163244,0.2046480185925822,0.16294464377143836
canny,sub-pixel,4.0,0.38267755871665204,0.12996301297650703,0.11295070984017497
threshold,pixel,4.0,0.3957414351096865,0.024597726138076093,0.028488763406043782
threshold,sub-pixel,4.0,0.2577286920256102,0.041278858936585006,0.011911267107745704
canny,pixel,4.0,0.4907949989461171,0.11980501753082862,0.05907520317617232
canny,sub-pixel,4.0,0.3172335569292878,0.0791870336697359,0.027063839918281873
threshold,pixel,4.0,0.38683393213479167,0.022991027069749426,0.004433570311837887
threshold,sub-pixel,4.0,0.26037941406522924,0.04915493547515848,0.061191810501283195
canny,pixel,4.0,0.49872397305879723,0.13521832535334888,0.016865490683471984
canny,sub-pixel,4.0,0.3473479499682648,0.0823148305895871,0.05263625050596077
threshold,pixel,0.3,0.34096854373447505,0.022616442476554255,0.07322515996578804
threshold,sub-pixel,0.3,0.17618140204363425,0.011792537163613726,0.004110722920044552
canny,pixel,0.3,0.3276288728473916,0.00745001796020639,0.058077375141523335
canny,sub-pixel,0.3,0.17618140204363425,0.011792537163613726,0.004110722920044552
threshold,pixel,0.3,0.35224101183325396,0.040415154422739796,0.04646126081525659
threshold,sub-pixel,0.3,0.17458836184312426,0.008922649262266491,0.013126341183541168
canny,pixel,0.3,0.33159079426600113,0.013110059274403785,0.020986137984653652
canny,sub-pixel,0.3,0.17458836184312426,0.008922649262266491,0.013126341183541168
threshold,pixel,0.3,0.3668481429203029,0.02206859960919183,0.008740632126053693
threshold,sub-pixel,0.3,0.1786815380291828,0.012619562083581282,0.03600643068040643
canny,pixel,0.3,0.3550133092531418,0.02657817479566027,0.034113698175537444
canny,sub-pixel,0.3,0.1786815380291828,0.012619562083581282,0.03600643068040643
threshold,pixel,0.3,0.3470446065122106,0.039015471704549554,0.019410001864477167
threshold,sub-pixel,0.3,0.17108743166849122,0.006204350183123819,0.0194120685987329
canny,pixel,0.3,0.33958241993588933,0.011732551332937047,0.023295959667847477
canny,sub-pixel,0.3,0.17108743166849122,0.006204350183123819,0.0194120685987329
threshold,pixel,0.3,0.37003972878923513,0.06988554189297791,0.07274043635884642
threshold,sub-pixel,0.3,0.18246803193811134,0.022602805827466432,0.012107265284816204
canny,pixel,0.3,0.35961846392750085,0.04298844622410791,0.04927225726382378
canny,sub-pixel,0.3,0.18246803193811134,0.022602805827466432,0.012107265284816204
threshold,pixel,1.0,0.38019430000361454,0.06779379653676354,0.09296426225052645
threshold,sub-pixel,1.0,0.1821280395639677,0.007631670072208996,0.0068961255662198795
canny,pixel,1.0,0.3724097020132268,0.022517015326541046,0.023830079337779697
canny,sub-pixel,1.0,0.1821280395639677,0.007631670072208996,0.0068961255662198795
threshold,pixel,1.0,0.3635391769225329,0.02599753331469412,0.07860365071529962
threshold,sub-pixel,1.0,0.1946905871281358,0.011739628774551814,0.022398857384936743
canny,pixel,1.0,0.34914766381160567,0.01625111993335382,0.04145922172713723
canny,sub-pixel,1.0,0.1946905871281358,0.011739628774551814,0.022398857384936743
threshold,pixel,1.0,0.35901518020394785,0.041872558324175135,0.09193312673307807
threshold,sub-pixel,1.0,0.18159591334912928,0.007980105284100647,0.01764166945771306
canny,pixel,1.0,0.3512490020846099,0.024569477814694873,0.03373910851473827
canny,sub-pixel,1.0,0.18159591334912928,0.007980105284100647,0.01764166945771306
threshold,pixel,1.0,0.37099253614932437,0.038283275597308486,0.03335040743220352
threshold,sub-pixel,1.0,0.18539660309390782,0.007064577455357601,0.008166238003945114
canny,pixel,1.0,0.3549747140314383,0.024438620585157667,0.0008490469972382009
canny,sub-pixel,1.0,0.18539660309390782,0.007064577455357601,0.008166238003945114
threshold,pixel,1.0,0.3704519790512437,0.03180628004126984,0.04303320602385874
threshold,sub-pixel,1.0,0.18362226730464887,0.009167944667672234,0.003711808958530849
canny,pixel,1.0,0.35745096106504176,0.01556795146986989,0.016061660276119216
canny,sub-pixel,1.0,0.18362226730464887,0.009167944667672234,0.003711808958530849
threshold,pixel,2.0,0.3738052115473368,0.01600246501448943,0.003770521006321026
threshold,sub-pixel,2.0,0.18680071458060912,0.0085683830545501,0.029193404917675192
canny,pixel,2.0,0.39540827570349324,0.01645848874734923,0.02738360891371494
canny,sub-pixel,2.0,0.21782275962526082,0.02633932204597389,0.0470622127863467
threshold,pixel,2.0,0.38223014430248503,0.0501237758553571,0.06253563931586381
threshold,sub-pixel,2.0,0.19577025255845237,0.007628790635215155,0.004351804050062746
canny,pixel,2.0,0.3996083541951556,0.029273570934421844,0.05963090275906602
canny,sub-pixel,2.0,0.22643756583012076,0.030502201556238173,0.06649695787045085
threshold,pixel,2.0,0.3528811369879715,0.04780311331134646,0.04337323594283715
threshold,sub-pixel,2.0,0.1859175947152697,0.019509968002576095,0.006146993721160676
canny,pixel,2.0,0.355983745535001,0.03796442575432557,0.02636374200591085
canny,sub-pixel,2.0,0.19518198364128245,0.01539483486479487,0.0027733559431382115
threshold,pixel,2.0,0.39325551768248757,0.05073052460337091,0.032174282172676705
threshold,sub-pixel,2.0,0.1873134721332843,0.006579122124224179,0.005645896421866858
canny,pixel,2.0,0.3915584731613524,0.033536701490276766,0.01971010084569036
canny,sub-pixel,2.0,0.1873134721332843,0.006579122124224179,0.005645896421866858
threshold,pixel,2.0,0.35930851420688686,0.04112494847577419,0.046693995178141545
threshold,sub-pixel,2.0,0.18160958528773363,0.012225114079288169,0.015883015165738312
canny,pixel,2.0,0.3543673468114419,0.011342534954059902,0.028134821114220943
canny,sub-pixel,2.0,0.18510157694235901,0.013162726846042805,0.022208322030776717
threshold,pixel,4.0,0.3567108390595032,0.04389418251835353,0.08847518683894284
threshold,sub-pixel,4.0,0.19030050926042902,0.014238540010446887,0.01893274167400283
canny,pixel,4.0,0.537670336038822,0.10836405619135225,0.02986441974265608
canny,sub-pixel,4.0,0.4002378046871945,0.1314732105765718,0.006258589301987527
threshold,pixel,4.0,0.38482626814050763,0.05451269190876873,0.12503289538615614
threshold,sub-pixel,4.0,0.1981385522500156,0.013503168560080048,0.05378351760608013
canny,pixel,4.0,0.5282383909170368,0.12569107063459461,0.07630802192726249
canny,sub-pixel,4.0,0.3687447373106487,0.12825224863901263,0.07302232851268897
threshold,pixel,4.0,0.35912782968268175,0.0346140986335175,0.06406863480353442
threshold,sub-pixel,4.0,0.18817653836444279,0.011127108101638306,0.026685789315542774
canny,pixel,4.0,0.4579352303262716,0.05916841895666358,0.14111941174661569
canny,sub-pixel,4.0,0.29562957739745066,0.06334802822291363,0.13178013150155854
threshold,pixel,4.0,0.3821934249222654,0.04154613949312336,0.02926882025815214
threshold,sub-pixel,4.0,0.20188616727929976,0.012138682908083842,0.021969502502898308
canny,pixel,4.0,0.4660426275526015,0.04205347561327477,0.05726026300845177
canny,sub-pixel,4.0,0.3138504956212844,0.037526915604834454,0.07121955314021466
threshold,pixel,4.0,0.3823629878715348,0.04250303890378371,0.05666055316787322
threshold,sub-pixel,4.0,0.2056507578296657,0.021197415505643025,0.02339624431735876
canny,pixel,4.0,0.5396232853307948,0.12301296266778272,0.13497821777657038
canny,sub-pixel,4.0,0.3734847709180031,0.128025925307916,0.15000610248919322
threshold,pixel,0.3,0.35661379159854034,0.03774682059987089,0.059494262275356036
threshold,sub-pixel,0.3,0.17215308702896776,0.006213405328838295,0.01513812580115137
canny,pixel,0.3,0.35435598389385425,0.0016785844823828944,0.05412687493764001
canny,sub-pixel,0.3,0.17215308702896776,0.006213405328838295,0.01513812580115137
threshold,pixel,0.3,0.35205107959334697,0.022432189836878114,0.0853604708005693
threshold,sub-pixel,0.3,0.18073718463144534,0.019980925012211492,0.016650407600614425
canny,pixel,0.3,0.3472984335925362,0.009267238085811869,0.0484767693129704
canny,sub-pixel,0.3,0.18073718463144534,0.019980925012211492,0.016650407600614425
threshold,pixel,0.3,0.36743155110226566,0.03526483999889807,0.11988582260809544
threshold,sub-pixel,0.3,0.1709035989260791,0.012036269249019904,0.03597360557601181
canny,pixel,0.3,0.3571939779786071,0.025224350855776345,0.08100536378930157
canny,sub-pixel,0.3,0.1709035989260791,0.012036269249019904,0.03597360557601181
threshold,pixel,0.3,0.3573621871189915,0.030982849031028326,0.09448060482254306
threshold,sub-pixel,0.3,0.17230183032279006,0.009237025775687968,0.02727828721132508
canny,pixel,0.3,0.34530918188770976,0.020266765772888662,0.07908232887226596
canny,sub-pixel,0.3,0.17230183032279006,0.009237025775687968,0.02727828721132508
threshold,pixel,0.3,0.34035182768048733,0.0353621657497486,0.06857840999039166
threshold,sub-pixel,0.3,0.1738790453641063,0.021081838310494927,0.002559554515963125
canny,pixel,0.3,0.3347518662365057,0.019797360861307678,0.03708968358017373
canny,sub-pixel,0.3,0.1738790453641063,0.021081838310494927,0.002559554515963125
threshold,pixel,1.0,0.3765291892431072,0.04611412403090598,0.09804051651616308
threshold,sub-pixel,1.0,0.17877069251750483,0.008994493226174627,0.05093408748941486
canny,pixel,1.0,0.36194061277001316,0.027097960458029258,0.1132716737938777
canny,sub-pixel,1.0,0.17877069251750483,0.008994493226174627,0.05093408748941486
threshold,pixel,1.0,0.36647005249496917,0.06677218705114885,0.10288320654683747
threshold,sub-pixel,1.0,0.17629893385726741,0.003311068872394296,0.002637900033747753
canny,pixel,1.0,0.35884695024829255,0.03162219548721168,0.0868033647082338
canny,sub-pixel,1.0,0.17629893385726741,0.003311068872394296,0.002637900033747753
threshold,pixel,1.0,0.34826057159851986,0.052140231214075516,0.07870895411372669
threshold,sub-pixel,1.0,0.1845996503227561,0.02600387064904719,0.03749825829890119
canny,pixel,1.0,0.33447736829421026,0.008332880096878714,0.021862403841545364
canny,sub-pixel,1.0,0.1845996503227561,0.02600387064904719,0.03749825829890119
threshold,pixel,1.0,0.367393818977339,0.040183841678270105,0.025018916763489996
threshold,sub-pixel,1.0,0.18741566365579937,0.010661420143247391,0.007763323999302019
canny,pixel,1.0,0.3637191926476705,0.03682061385322083,0.02338775819457739
canny,sub-pixel,1.0,0.18741566365579937,0.010661420143247391,0.007763323999302019
threshold,pixel,1.0,0.34908419944941704,0.03452117694795631,0.09188992546729313
threshold,sub-pixel,1.0,0.1685308454965126,0.013634851828921546,0.025117585281397625
canny,pixel,1.0,0.3472113669476147,0.00931682942617773,0.03562107626483679
canny,sub-pixel,1.0,0.1685308454965126,0.013634851828921546,0.025117585281397625
threshold,pixel,2.0,0.36871433670637993,0.044181459951242785,0.07785240558455198
threshold,sub-pixel,2.0,0.18499741394184957,0.007625981795889025,0.00974256987154365
canny,pixel,2.0,0.3613785302159668,0.02537083876872015,0.012819441678916466
canny,sub-pixel,2.0,0.18499741394184957,0.007625981795889025,0.00974256987154365
threshold,pixel,2.0,0.35232110242278053,0.031937177224541036,0.0872462075526077
threshold,sub-pixel,2.0,0.18424518404975299,0.020433213506535597,0.0010771998074148303
canny,pixel,2.0,0.33089665876916124,0.023688356182664183,0.04874843528846684
canny,sub-pixel,2.0,0.18424518404975299,0.020433213506535597,0.0010771998074148303
threshold,pixel,2.0,0.36150178987495174,0.05638719365445111,0.10642096943554535
threshold,sub-pixel,2.0,0.18658583350165342,0.013422220826876607,0.018892258193903944
canny,pixel,2.0,0.34474092067994455,0.0339187727403194,0.08065868235329421
canny,sub-pixel,2.0,0.19010900481562282,0.013890054101369342,0.027974401512543157
threshold,pixel,2.0,0.3694690933352333,0.026447243086835326,0.11161001682228622
threshold,sub-pixel,2.0,0.1891231153893892,0.008046618397028249,0.033403069559480025
canny,pixel,2.0,0.38416997557518934,0.02258217149053443,0.10203137866968626
canny,sub-pixel,2.0,0.21340951398383606,0.01579236990698396,0.04959344929039644
threshold,pixel,2.0,0.36410369936145925,0.03598635051924404,0.05424492343867238
threshold,sub-pixel,2.0,0.19111631560291392,0.005477581263625408,0.019963028808545502
canny,pixel,2.0,0.35109389280845016,0.021737018387873785,0.09536500752002519
canny,sub-pixel,2.0,0.19111631560291392,0.005477581263625408,0.019963028808545502
threshold,pixel,4.0,0.37028497034720664,0.04231571092567454,0.12211419733643036
threshold,sub-pixel,4.0,0.19590124691178318,0.023256440126931954,0.0537782347465634
canny,pixel,4.0,0.42331255151737834,0.02113958806867955,0.13917698445242843
canny,sub-pixel,4.0,0.26612690017800106,0.01830741881168041,0.10594532782734922
threshold,pixel,4.0,0.3728587465318516,0.0331012380192135,0.0907062746494336
threshold,sub-pixel,4.0,0.20167808825480918,0.003331384741153909,0.005085840369994266
canny,pixel,4.0,0.4900009275147704,0.05951870042642671,0.07105415489801659
canny,sub-pixel,4.0,0.3380922512975049,0.06589802612704387,0.08068716497766992
threshold,pixel,4.0,0.3839416574434332,0.028652878334874732,0.09223268194775858
threshold,sub-pixel,4.0,0.20390464562641517,0.017810003268648233,0.014491960896492184
canny,pixel,4.0,0.4839323113604123,0.07851467675302126,0.015768363164649246
canny,sub-pixel,4.0,0.3223936724539782,0.09130051761731883,0.08251386779922676
threshold,pixel,4.0,0.37952535533312526,0.034252498962823785,0.08949661376069451
threshold,sub-pixel,4.0,0.2004107728731429,0.01665861523372858,0.021842783455913617
canny,pixel,4.0,0.5666038848837197,0.11725331811704642,0.004253737972887306
canny,sub-pixel,4.0,0.3964568014081858,0.14083636350823614,0.05139864363573543
threshold,pixel,4.0,0.3787710613573557,0.08008071186664045,0.17955550988311542
threshold,sub-pixel,4.0,0.20671961727413768,0.020834742853145682,0.06711459041229362
canny,pixel,4.0,0.48908784692100127,0.055609856768187416,0.13731810522284715
canny,sub-pixel,4.0,0.3395270004492357,0.08071761481633333,0.07477783154057649
threshold,pixel,0.3,0.5474554328679049,0.1828404772918406,0.22406822870503085
threshold,sub-pixel,0.3,0.442159571887636,0.17639441349318852,0.21158851187786443
canny,pixel,0.3,0.8172059836501167,0.497021546530956,0.728008333075802
canny,sub-pixel,0.3,0.5161731485227463,0.2554118351751429,0.3333760176299645
threshold,pixel,0.3,0.5335976739336064,0.1664360997176333,0.25718342742328026
threshold,sub-pixel,0.3,0.42808338393923673,0.16651560815238198,0.2367938570285828
canny,pixel,0.3,0.8084906045841724,0.4240078358169306,0.6082224082037095
canny,sub-pixel,0.3,0.5173146621423534,0.22713979377874693,0.3349628817385244
threshold,pixel,0.3,0.5268815603359269,0.16409737422117154,0.28713092271358365
threshold,sub-pixel,0.3,0.42304996790839045,0.14959294144612034,0.26624668538729335
canny,pixel,0.3,0.8175801815361101,0.4352201550637407,0.6595392082306946
canny,sub-pixel,0.3,0.4970369440337191,0.2097830700988399,0.3555734143466558
threshold,pixel,0.3,0.5374771042102267,0.21193452822379966,0.36540502541103814
threshold,sub-pixel,0.3,0.42861424198132464,0.21543610367788957,0.36620116063674546
canny,pixel,0.3,0.7747015598845821,0.4690365888243173,0.6768703499890023
canny,sub-pixel,0.3,0.4913617454916621,0.25047654300069766,0.37107796353623623
threshold,pixel,0.3,0.5262144841728147,0.17986377444134405,0.264230672850319
threshold,sub-pixel,0.3,0.4198568377261319,0.15991841893318615,0.23222651147084505
canny,pixel,0.3,0.8026348849176929,0.4473484078161487,0.6413730002919587
canny,sub-pixel,0.3,0.49327750668423803,0.22829343129601565,0.3303248489498145
threshold,pixel,1.0,0.5434323457345822,0.19422924248219453,0.2691749544664628
threshold,sub-pixel,1.0,0.44007454680158753,0.17427359185122016,0.2539383289030317
canny,pixel,1.0,0.8041985970456178,0.4248993146990159,0.610496503378386
canny,sub-pixel,1.0,0.5071884465990262,0.22524515080155005,0.3236728960619497
threshold,pixel,1.0,0.5393994259708823,0.14647393154916677,0.15834398735728783
threshold,sub-pixel,1.0,0.43211908324814646,0.16658185633079814,0.2035105913943802
canny,pixel,1.0,0.8336590472028602,0.47069861245706046,0.6555880501751825
canny,sub-pixel,1.0,0.494404568454921,0.23680164045985053,0.31131324556092643
threshold,pixel,1.0,0.5282252266931975,0.1577467541803692,0.2609239289181824
threshold,sub-pixel,1.0,0.4219115000953502,0.15424446774256073,0.23435984290825607
canny,pixel,1.0,0.8207062416031338,0.46915863914922173,0.6503181847065531
canny,sub-pixel,1.0,0.5398299655992784,0.2496609252376567,0.3401703688677311
threshold,pixel,1.0,0.5363615551383486,0.16232445985402788,0.23994154910680754
threshold,sub-pixel,1.0,0.4309902685145828,0.17265894684669436,0.2651862269795031
canny,pixel,1.0,0.7901339530248402,0.4141739000683138,0.5668582214763291
canny,sub-pixel,1.0,0.47678810176044284,0.205575648794051,0.31159598833675384
threshold,pixel,1.0,0.5516631198527354,0.1794681142938339,0.2475142661071299
threshold,sub-pixel,1.0,0.44913774785526683,0.17517337520680099,0.24680266229849046
canny,pixel,1.0,0.8418467110854968,0.4374047993870638,0.7028717841953034
canny,sub-pixel,1.0,0.5217915898898233,0.22235788970203374,0.3207466858059469
threshold,pixel,2.0,0.5409332196916203,0.18225942307354948,0.24014539723630346
threshold,sub-pixel,2.0,0.43418289789263004,0.18163124133568198,0.2455247032719523
canny,pixel,2.0,0.8653765217725686,0.4720045770973369,0.5716282000918596
canny,sub-pixel,2.0,0.5607764576443935,0.2592209526067415,0.37373344230367334
threshold,pixel,2.0,0.5384500736972686,0.15809346333773489,0.21953107100343816
threshold,sub-pixel,2.0,0.43366025279084613,0.16251161392724955,0.2396823581799632
canny,pixel,2.0,0.8204511164017906,0.45859911417527033,0.6859717604938509
canny,sub-pixel,2.0,0.5259138818339002,0.25294115215696,0.37928227721726104
threshold,pixel,2.0,0.52756583850104,0.1637099926727148,0.21933948973953799
threshold,sub-pixel,2.0,0.4350039046279794,0.15397062531565897,0.21985904126127087
canny,pixel,2.0,0.8411801539398234,0.48051506423076207,0.7214309624514477
canny,sub-pixel,2.0,0.547624629407372,0.23918710134257815,0.3745844310981101
threshold,pixel,2.0,0.5521499862163548,0.14276476265966798,0.16399111733738714
threshold,sub-pixel,2.0,0.44264964731686207,0.1546466052623614,0.17929238976870998
canny,pixel,2.0,0.8570128156417127,0.43721695453523624,0.5791118517244489
canny,sub-pixel,2.0,0.54958469815348,0.20265085738615385,0.26963531439532673
threshold,pixel,2.0,0.5522977993038182,0.1589667045961154,0.20969229512719512
threshold,sub-pixel,2.0,0.44961166177875816,0.17548598726183484,0.2512657490756287
canny,pixel,2.0,0.8449403418331383,0.477045918157337,0.606238405945926
canny,sub-pixel,2.0,0.5533042421408797,0.2515738801827172,0.3027650286066601
threshold,pixel,4.0,0.5471965608793837,0.1573097325889503,0.20480124694469204
threshold,sub-pixel,4.0,0.4692379319586204,0.17374846053598159,0.23500331302586996
canny,pixel,4.0,1.1850375851294102,0.6058589354776829,0.9690596485519287
canny,sub-pixel,4.0,0.9133194374893376,0.4106197907171272,0.7121198945881542
threshold,pixel,4.0,0.5501581931955877,0.1544884874552288,0.2886272150312301
threshold,sub-pixel,4.0,0.4511872023979972,0.1740609470683332,0.29846161677437166
canny,pixel,4.0,1.2994595322322156,0.696370641171312,0.9244139744854807
canny,sub-pixel,4.0,1.0414619603616162,0.4907244181525192,0.6267596991319415
threshold,pixel,4.0,0.5479892179379753,0.17438246020945125,0.23578050360038771
threshold,sub-pixel,4.0,0.4474500569314628,0.17282213351276932,0.22940468705423367
canny,pixel,4.0,1.1915785407114825,0.626649329748852,0.8886451304179701
canny,sub-pixel,4.0,0.8716777877421062,0.41213067599627395,0.630374437647828
threshold,pixel,4.0,0.5496956728236932,0.16501350250912283,0.21268780669708187
threshold,sub-pixel,4.0,0.46385268010430875,0.17352210453974037,0.23701908111833925
canny,pixel,4.0,1.2527387756852133,0.6100022679622872,0.6713423248298951
canny,sub-pixel,4.0,0.9827567194563125,0.4185527801226365,0.37461808790904394
threshold,pixel,4.0,0.5223459409104838,0.13475577999866317,0.23437177834504253
threshold,sub-pixel,4.0,0.44084300534049736,0.15014782060894416,0.24783689336725612
canny,pixel,4.0,1.1959288713091096,0.6769590484880701,0.8849914114675883
canny,sub-pixel,4.0,0.9212231784648264,0.45014850957300667,0.5582996635253124
threshold,pixel,0.3,0.5472253264329279,0.15364884893871822,0.1341841140953619
threshold,sub-pixel,0.3,0.43065596427794356,0.14569416996733353,0.14911789634677763
canny,pixel,0.3,0.8150592999529411,0.44338490384316964,0.2766325410906907
canny,sub-pixel,0.3,0.5154706787663199,0.2389288682842916,0.0836989094153111
threshold,pixel,0.3,0.5386989398951829,0.19656994549602191,0.21606176070566097
threshold,sub-pixel,0.3,0.42988592186055397,0.18650740869785243,0.2055117397405688
canny,pixel,0.3,0.8053265556483035,0.47827495965150835,0.4798440717790293
canny,sub-pixel,0.3,0.5066459014103197,0.2672643833606452,0.314590943144176
threshold,pixel,0.3,0.5496451209379634,0.17466244408224596,0.13292931708120914
threshold,sub-pixel,0.3,0.4309409882551105,0.15890629654691857,0.11519622722637557
canny,pixel,0.3,0.8389113534049389,0.45156163605917077,0.3180817456381648
canny,sub-pixel,0.3,0.5217409993768876,0.23122230588934745,0.16103135830471293
threshold,pixel,0.3,0.5294063809394522,0.1927540015825655,0.1826440177241735
threshold,sub-pixel,0.3,0.43018759919489724,0.19016365251906175,0.21921523482180838
canny,pixel,0.3,0.81288553300445,0.4467157444804408,0.39828886965027444
canny,sub-pixel,0.3,0.5060417677390834,0.22886269726787511,0.22658776330797537
threshold,pixel,0.3,0.5414934007031266,0.19193196241427812,0.15086674395167554
threshold,sub-pixel,0.3,0.4359237295598137,0.184660085800467,0.173090294061085
canny,pixel,0.3,0.8295031362803365,0.4906242660529252,0.38310797748973524
canny,sub-pixel,0.3,0.538739968509315,0.27951752876681635,0.2197248923324624
threshold,pixel,1.0,0.5423235593948208,0.18502921696471475,0.20973528419714427
threshold,sub-pixel,1.0,0.4453952696917125,0.1769751368298751,0.20416695355979408
canny,pixel,1.0,0.8232130377652908,0.4511237264747483,0.3401902174283258
canny,sub-pixel,1.0,0.49848880201715134,0.2171276720766937,0.2232704739130944
threshold,pixel,1.0,0.5281649010316303,0.15454628461865805,0.07505360839153186
threshold,sub-pixel,1.0,0.4270032559037892,0.16200461136979372,0.10963244646006176
canny,pixel,1.0,0.8057708636526881,0.45261625497110214,0.3539469354233371
canny,sub-pixel,1.0,0.5086857199572576,0.22993772214348351,0.16159641700465555
threshold,pixel,1.0,0.543040198736867,0.1698448399921535,0.17424987502459732
threshold,sub-pixel,1.0,0.43106216891010163,0.15656940884926596,0.1800014998401891
canny,pixel,1.0,0.8189367581726814,0.41930013085472373,0.3922974922221809
canny,sub-pixel,1.0,0.5161902402490534,0.22550751781726297,0.20267001122875872
threshold,pixel,1.0,0.543178262328633,0.16130392352624678,0.1413866948008673
threshold,sub-pixel,1.0,0.42473809437994514,0.15317917846357965,0.15096885725237552
canny,pixel,1.0,0.8272490960572638,0.46666636520542104,0.5121828358259326
canny,sub-pixel,1.0,0.5096496043643318,0.23237407408457456,0.2574015909979752
threshold,pixel,1.0,0.5250546683386327,0.173754933649227,0.10285095834573266
threshold,sub-pixel,1.0,0.4341750603767608,0.18209905144082938,0.1496243164947395
canny,pixel,1.0,0.7846353988537497,0.4303807416136256,0.37001046589387787
canny,sub-pixel,1.0,0.4843718828661345,0.2304545388180248,0.18575955251531084
threshold,pixel,2.0,0.53131787492624,0.16582240793012804,0.12824773013424684
threshold,sub-pixel,2.0,0.42748109090539255,0.15107079893113706,0.10253127996795852
canny,pixel,2.0,0.8516325132250813,0.4303768583981531,0.20657690718471144
canny,sub-pixel,2.0,0.5530321401105402,0.21665556778646633,0.0280451378115818
threshold,pixel,2.0,0.5395848953544106,0.167371551145431,0.17098514077294258
threshold,sub-pixel,2.0,0.4470369295038621,0.17099324056682375,0.16162165061513312
canny,pixel,2.0,0.8499329770367055,0.4617184231783862,0.4266516083248413
canny,sub-pixel,2.0,0.5564732470898937,0.2579020193441832,0.21733253776086725
threshold,pixel,2.0,0.5326328144491529,0.1569128567545297,0.15080118596832737
threshold,sub-pixel,2.0,0.4353489252159492,0.1769699817017567,0.19270382229320315
canny,pixel,2.0,0.9270814550595585,0.5333974866326832,0.34637629073028364
canny,sub-pixel,2.0,0.6273659027110579,0.3176044265529534,0.15202569322022308
threshold,pixel,2.0,0.5088815386977492,0.17072001523914881,0.12738127695834178
threshold,sub-pixel,2.0,0.4098171480712094,0.16344508109888345,0.13844650503304656
canny,pixel,2.0,0.7779028838532608,0.4316791631386083,0.3751929933625089
canny,sub-pixel,2.0,0.4822954216505727,0.21432059850625462,0.16025012548136353
threshold,pixel,2.0,0.5463318071049872,0.16981881269929744,0.14294415267146343
threshold,sub-pixel,2.0,0.44424960984859646,0.1610614048501271,0.13563567238185037
canny,pixel,2.0,0.8556658245778352,0.4616377432363272,0.3702182161031349
canny,sub-pixel,2.0,0.549363373228185,0.2309733322909957,0.14120229043347532
threshold,pixel,4.0,0.5324573607240878,0.1456991684376272,0.12473429599316388
threshold,sub-pixel,4.0,0.44219499643718696,0.1521528570267956,0.1316650927514642
canny,pixel,4.0,1.1004960699443962,0.5397438083063852,0.11603271742245269
canny,sub-pixel,4.0,0.8072382760038435,0.32144668928455644,0.08303193052721669
threshold,pixel,4.0,0.5425251566931892,0.14413968047361392,0.07993205457038766
threshold,sub-pixel,4.0,0.4417715644833948,0.15818284524982373,0.11529760656888799
canny,pixel,4.0,1.3378590747034385,0.7112627711256974,0.02678726021546929
canny,sub-pixel,4.0,1.0671377097331476,0.5116149118099782,0.1976475137088456
threshold,pixel,4.0,0.5480468481510379,0.1939788126544535,0.18260205197145796
threshold,sub-pixel,4.0,0.4628770254788342,0.20363366844251996,0.22352667336065002
canny,pixel,4.0,1.2181517443334768,0.6265448019415496,0.23756255276333027
canny,sub-pixel,4.0,0.9408463685007247,0.41901451292740455,0.019659614908202894
threshold,pixel,4.0,0.5282872874912343,0.16080374255224883,0.16851565639405663
threshold,sub-pixel,4.0,0.44678858262572896,0.18406384053765446,0.1994233147448634
canny,pixel,4.0,1.0933721457658474,0.5874736098442666,0.1996117688881318
canny,sub-pixel,4.0,0.8135570290902963,0.37987874059817117,0.015070810515073418
threshold,pixel,4.0,0.5321961926495972,0.14879917834005796,0.13259247677402897
threshold,sub-pixel,4.0,0.4460495382204978,0.17910051639193236,0.16889691887663938
canny,pixel,4.0,1.1335400671905038,0.6383746928260611,0.2867576380154033
canny,sub-pixel,4.0,0.8424349534124248,0.44266338605393973,0.1047024362413973
threshold,pixel,0.3,0.40487737170993976,0.07603738141748662,0.09402561987734748
threshold,sub-pixel,0.3,0.24850708484382347,0.05144521157833326,0.051170859239547006
canny,pixel,0.3,0.5095095395136349,0.22542702099890177,0.27434560739078595
canny,sub-pixel,0.3,0.24850708484382347,0.05144521157833326,0.051170859239547006
threshold,pixel,0.3,0.403278642707825,0.07125987651263954,0.08986350807684396
threshold,sub-pixel,0.3,0.25534227388850556,0.05896453920241007,0.07120399523841048
canny,pixel,0.3,0.5060969234208579,0.2245065501018717,0.3223757401175966
canny,sub-pixel,0.3,0.25534227388850556,0.05896453920241007,0.07120399523841048
threshold,pixel,0.3,0.4039767514548816,0.06776256647805701,0.10210842085818728
threshold,sub-pixel,0.3,0.2497067110259164,0.05466123447062343,0.08492913713081851
canny,pixel,0.3,0.4999766262974447,0.241490731755571,0.33377560121149585
canny,sub-pixel,0.3,0.2497067110259164,0.05466123447062343,0.08492913713081851
threshold,pixel,0.3,0.403537620279368,0.0806396960681377,0.12695684735700974
threshold,sub-pixel,0.3,0.24821263391667525,0.06472741480710664,0.11258472822767107
canny,pixel,0.3,0.5109516661643703,0.2589329711977082,0.3801212236590463
canny,sub-pixel,0.3,0.24821263391667525,0.06472741480710664,0.11258472822767107
threshold,pixel,0.3,0.4086135532902421,0.06103897046932705,0.06330126453393525
threshold,sub-pixel,0.3,0.26311537509662153,0.058596834509284434,0.07478842363919824
canny,pixel,0.3,0.5055521357018892,0.23212375183848444,0.33834539209087033
canny,sub-pixel,0.3,0.264906630063112,0.05941931306931525,0.07165004898291993
threshold,pixel,1.0,0.41311077243820105,0.07190106756450065,0.09909719624718827
threshold,sub-pixel,1.0,0.2570158091145968,0.06553290240399945,0.10103567944444691
canny,pixel,1.0,0.4926301868591057,0.23933918629763506,0.29550483886576373
canny,sub-pixel,1.0,0.255912690242064,0.051983641509392386,0.0866739882209977
threshold,pixel,1.0,0.40734089516335786,0.05934379137633461,0.04354363749785106
threshold,sub-pixel,1.0,0.26264614781869855,0.0511241927062398,0.051140789053421454
canny,pixel,1.0,0.4890835352963798,0.20683428467934406,0.22046449822110237
canny,sub-pixel,1.0,0.25859690908006977,0.03193873135965419,0.03470176785814383
threshold,pixel,1.0,0.42203366220855953,0.06996754182910925,0.11288485490511313
threshold,sub-pixel,1.0,0.26812663550037064,0.058509002555889866,0.10407442773435704
canny,pixel,1.0,0.5173267489787269,0.23741649512790564,0.31594872854158096
canny,sub-pixel,1.0,0.2715917802242458,0.06145260732979829,0.10699062510907131
threshold,pixel,1.0,0.42071545930762105,0.045676056517911956,0.06801766353568706
threshold,sub-pixel,1.0,0.2614119840016726,0.041757483269452944,0.05735763030582941
canny,pixel,1.0,0.5097373957200393,0.18725245034763693,0.27183576238091867
canny,sub-pixel,1.0,0.2614119840016726,0.041757483269452944,0.05735763030582941
threshold,pixel,1.0,0.3919030417039788,0.052406397972361685,0.05430427748481126
threshold,sub-pixel,1.0,0.25294146911583604,0.03383307171890548,0.043168074025732306
canny,pixel,1.0,0.4893828313617433,0.22186466397595472,0.2779170618814719
canny,sub-pixel,1.0,0.25294146911583604,0.03383307171890548,0.043168074025732306
threshold,pixel,2.0,0.39675678830188477,0.04750063416451611,0.0765671471396181
threshold,sub-pixel,2.0,0.26079234515107014,0.05395923307974426,0.08395301140018052
canny,pixel,2.0,0.5115789737345693,0.23177453404174075,0.27903066977144153
canny,sub-pixel,2.0,0.28876112722928826,0.06365147797610704,0.061048381642475835
threshold,pixel,2.0,0.4133939070912173,0.041415264409256025,0.06209907433203554
threshold,sub-pixel,2.0,0.2732659589221258,0.04407308875326543,0.07561548450350486
canny,pixel,2.0,0.5049647224520275,0.22243471593102848,0.33409428576805134
canny,sub-pixel,2.0,0.27533877469885853,0.045519883093569025,0.07434283933331276
threshold,pixel,2.0,0.4369562234413412,0.07001388083920035,0.11584657220549488
threshold,sub-pixel,2.0,0.2676271287863179,0.05340297231546387,0.10567294803703842
canny,pixel,2.0,0.6153312594437625,0.29712246580602764,0.5711894892170761
canny,sub-pixel,2.0,0.37894509922433717,0.13474186795884924,0.32903115569765706
threshold,pixel,2.0,0.41630207132881236,0.06317580124355371,0.09285027487014919
threshold,sub-pixel,2.0,0.2612455170388937,0.05415083731769066,0.0805937623511701
canny,pixel,2.0,0.5292863948427289,0.2225776202889984,0.3490962810805449
canny,sub-pixel,2.0,0.2793662704664227,0.057666499206152855,0.1054056217294983
threshold,pixel,2.0,0.4125718200523243,0.05640098098509316,0.04715269645008435
threshold,sub-pixel,2.0,0.26281798959490205,0.05335950830039504,0.07519488553655762
canny,pixel,2.0,0.541861520626499,0.24025467135588974,0.34676125402895996
canny,sub-pixel,2.0,0.3168277160061723,0.08879510522707346,0.14216760228947622
threshold,pixel,4.0,0.4161377844692392,0.05044050830208979,0.09825187456122197
threshold,sub-pixel,4.0,0.27058379177055736,0.037579109493271146,0.08061926391843866
canny,pixel,4.0,1.027645685620483,0.4796885211150719,0.7700969580025228
canny,sub-pixel,4.0,0.8122036283718108,0.33294844246968025,0.581890692972022
threshold,pixel,4.0,0.4143232586495804,0.03477030105997758,0.02829644282381505
threshold,sub-pixel,4.0,0.27063528695486466,0.042057263093851605,0.027770883521631262
canny,pixel,4.0,1.0039079902355654,0.5507396203769643,1.0514142589056759
canny,sub-pixel,4.0,0.7899409523344919,0.4005974943317545,0.8246362942632715
threshold,pixel,4.0,0.41639677776726947,0.04119890850266539,0.06541848670343509
threshold,sub-pixel,4.0,0.28695586102485504,0.05431791763358551,0.0635079437020325
canny,pixel,4.0,1.0595563083856887,0.6767636549750469,0.656827668761844
canny,sub-pixel,4.0,0.8691121705148886,0.5249529729266962,0.4517479313961159
threshold,pixel,4.0,0.40429312663219075,0.05545025026776851,0.07373457075812428
threshold,sub-pixel,4.0,0.27186222452036246,0.058686501146414605,0.06951519350737456
canny,pixel,4.0,0.9978879336452325,0.45852330927717877,0.9115219183363465
canny,sub-pixel,4.0,0.7830713771326225,0.29536450266201664,0.7009388385697721
threshold,pixel,4.0,0.4211342716180603,0.041475522141253274,0.03722738057112451
threshold,sub-pixel,4.0,0.282997798072014,0.055827391917728786,0.058312278431437825
canny,pixel,4.0,1.0429489218267824,0.5948976380252369,0.6254361681688083
canny,sub-pixel,4.0,0.8521369798674092,0.4426591945118825,0.4344088111185802
threshold,pixel,0.3,0.41880084599847234,0.0684970872082793,0.012735550031566678
threshold,sub-pixel,0.3,0.26847097442386675,0.05320486173697714,0.06088092822822411
canny,pixel,0.3,0.5322188582734427,0.24468531232931712,0.2536008586118168
canny,sub-pixel,0.3,0.27058739898033124,0.054979939921515175,0.06631889532486834
threshold,pixel,0.3,0.4223869211265319,0.08735335676992695,0.06627861732797458
threshold,sub-pixel,0.3,0.2657558856766738,0.06791725604955157,0.05671912686278002
canny,pixel,0.3,0.5336805872074705,0.26028840000308273,0.20268399127952152
canny,sub-pixel,0.3,0.26525956626596114,0.06640348968842158,0.05492914692308837
threshold,pixel,0.3,0.41186287522653053,0.07032331097033606,0.04962569894843849
threshold,sub-pixel,0.3,0.2534960101568606,0.04383936774678254,0.037105005402426006
canny,pixel,0.3,0.5097428571085054,0.22794816744699808,0.18257675300460674
canny,sub-pixel,0.3,0.2534960101568606,0.04383936774678254,0.037105005402426006
threshold,pixel,0.3,0.42516492235780234,0.06489861772778949,0.08380010968399798
threshold,sub-pixel,0.3,0.2612151426829012,0.051115347925367205,0.07828443312900202
canny,pixel,0.3,0.4966324413268411,0.20361425780606335,0.20993753103267299
canny,sub-pixel,0.3,0.2612151426829012,0.051115347925367205,0.07828443312900202
threshold,pixel,0.3,0.4117946032584615,0.07654466126589732,0.05664175405962535
threshold,sub-pixel,0.3,0.2588519898327064,0.0804335897214199,0.09707223093684503
canny,pixel,0.3,0.5022530337549183,0.2442019553087853,0.25060399950913936
canny,sub-pixel,0.3,0.25236993579365496,0.0528007974439364,0.08001114083258232
threshold,pixel,1.0,0.4072213165314996,0.0633142535103568,0.04188793706607585
threshold,sub-pixel,1.0,0.2578019601177013,0.05183779744067096,0.0642693898412201
canny,pixel,1.0,0.5222298346948052,0.24130270195975845,0.24917114245307292
canny,sub-pixel,1.0,0.2578019601177013,0.05183779744067096,0.0642693898412201
threshold,pixel,1.0,0.4107555106360292,0.0633974851183623,0.026221246268124165
threshold,sub-pixel,1.0,0.24906727975426737,0.05498967735848059,0.04330274981801452
canny,pixel,1.0,0.5246340097681275,0.22680969428287923,0.17810784264003177
canny,sub-pixel,1.0,0.24906727975426737,0.05498967735848059,0.04330274981801452
threshold,pixel,1.0,0.4197691964648408,0.068620444359907,0.0698622974278611
threshold,sub-pixel,1.0,0.2667734794096719,0.04882194332226297,0.05291258188382031
canny,pixel,1.0,0.4925675343927111,0.22252821075337725,0.27289086732392054
canny,sub-pixel,1.0,0.2667734794096719,0.04882194332226297,0.05291258188382031
threshold,pixel,1.0,0.3980418798684595,0.06621516007980643,0.04275453088290693
threshold,sub-pixel,1.0,0.25030168181464496,0.05296716477860586,0.027145356007865384
canny,pixel,1.0,0.503982921745928,0.23216606614789215,0.18268922411038035
canny,sub-pixel,1.0,0.24885558966604704,0.04616963317554523,0.015930496696353824
threshold,pixel,1.0,0.41008593741811666,0.06336658751250979,0.05407620789466838
threshold,sub-pixel,1.0,0.2625823897268936,0.06224230049512425,0.04562719772381296
canny,pixel,1.0,0.5108514993808042,0.23050335411802636,0.21834029455953896
canny,sub-pixel,1.0,0.2625823897268936,0.06224230049512425,0.04562719772381296
threshold,pixel,2.0,0.4099010164508927,0.07161366273728009,0.019851647021294827
threshold,sub-pixel,2.0,0.26928657956939744,0.062313960525318235,0.025087973656800155
canny,pixel,2.0,0.5850832746073322,0.250053636581161,0.06936737703659501
canny,sub-pixel,2.0,0.33468502324533367,0.0902372368087021,0.052730073539418054
threshold,pixel,2.0,0.4115603706191834,0.05963016691923162,0.04314793822140395
threshold,sub-pixel,2.0,0.2587121125638643,0.06015858149846598,0.040423226657915645
canny,pixel,2.0,0.6006044646387608,0.25742410845475705,0.23144719156469362
canny,sub-pixel,2.0,0.3561532172582214,0.09134171283865267,0.11053447987710285
threshold,pixel,2.0,0.4050551492113432,0.06375118571696348,0.0750551505591428
threshold,sub-pixel,2.0,0.2639205235710461,0.06493943403066105,0.06738940953428418
canny,pixel,2.0,0.7113427330289831,0.3438803563723132,0.28862853486657203
canny,sub-pixel,2.0,0.45737354637101113,0.17743551202810748,0.14262930311580568
threshold,pixel,2.0,0.4072825298299607,0.0727428081915189,0.08886184440096745
threshold,sub-pixel,2.0,0.2603865600003959,0.07061831915156414,0.08315634967053231
canny,pixel,2.0,0.5082713373307675,0.2521440625491902,0.263783403165188
canny,sub-pixel,2.0,0.2596878631061721,0.06089799862906853,0.0634207523600141
threshold,pixel,2.0,0.4140408400823989,0.07260459792402063,0.0734504222342478
threshold,sub-pixel,2.0,0.2703012490699086,0.06512310610977812,0.08298833594058408
canny,pixel,2.0,0.5743387346661651,0.24775027552851103,0.219339225207829
canny,sub-pixel,2.0,0.32071305095985336,0.0700975597623581,0.025421955405092955
threshold,pixel,4.0,0.41739127036356805,0.0570716380222116,0.008231610891137109
threshold,sub-pixel,4.0,0.282608166355233,0.048525947692958926,0.00989917275037877
canny,pixel,4.0,0.893481442466487,0.4811939337492439,0.08375964758264631
canny,sub-pixel,4.0,0.7098306916355184,0.3191977008160478,0.04461900220520443
threshold,pixel,4.0,0.4320407863083059,0.08056632775218175,0.06750029173363403
threshold,sub-pixel,4.0,0.2862225534051193,0.06902696382598617,0.06769408098212981
canny,pixel,4.0,1.031266387766872,0.6032475850236532,0.12136538933273222
canny,sub-pixel,4.0,0.8269661697392516,0.44460810801171546,0.006921975169268624
threshold,pixel,4.0,0.42282589186017805,0.05586848051342619,0.043247501808718614
threshold,sub-pixel,4.0,0.2806464589923803,0.05009357566425088,0.047712341976631656
canny,pixel,4.0,0.9799215544206719,0.5409015800424528,0.042802711966306806
canny,sub-pixel,4.0,0.7774363056950067,0.4087047498748535,0.15984480336524687
threshold,pixel,4.0,0.4220171505127583,0.0401200455627122,0.007598249281947744
threshold,sub-pixel,4.0,0.2892440797206524,0.049093150577489864,0.029083482297132868
canny,pixel,4.0,0.9206582985353756,0.45696073919332836,0.17177708692873983
canny,sub-pixel,4.0,0.7206395447685414,0.2922303138537128,0.3555205745184771
threshold,pixel,4.0,0.42017049318703303,0.04571270364783975,0.06359593805616415
threshold,sub-pixel,4.0,0.27483608074232563,0.03969718022631774,0.053256665630371014
canny,pixel,4.0,0.8415501422884664,0.43514469835450154,0.11545633717030812
canny,sub-pixel,4.0,0.6075619297592213,0.25994892442323136,0.29836434681226853
threshold,pixel,0.3,0.4706218769293026,0.10145518519833718,0.14383621257574486
threshold,sub-pixel,0.3,0.3698742605149766,0.10814227649723263,0.16072507592473073
canny,pixel,0.3,0.6756636165763399,0.29784104278579693,0.4569514788280924
canny,sub-pixel,0.3,0.3879830422351409,0.12121576499667253,0.1892014888008564
threshold,pixel,0.3,0.4659175725808604,0.10226850774371332,0.15960288140195455
threshold,sub-pixel,0.3,0.35996247567792006,0.1044312245300767,0.1632945319767254
canny,pixel,0.3,0.6740145321403643,0.31880737986748486,0.39295643075311215
canny,sub-pixel,0.3,0.3824314404217374,0.11977431711405684,0.18791962041584886
threshold,pixel,0.3,0.4882371395211308,0.08325355141621782,0.13277219625545245
threshold,sub-pixel,0.3,0.3540862529142696,0.09377296108017896,0.16121239956338762
canny,pixel,0.3,0.6656579929583242,0.2876372177355313,0.3846276180541226
canny,sub-pixel,0.3,0.36455651907258096,0.103501592925616,0.16183484466131404
threshold,pixel,0.3,0.478127521777664,0.11899576472439044,0.17739041634251773
threshold,sub-pixel,0.3,0.350523887750356,0.09834050637644376,0.15364508460019932
canny,pixel,0.3,0.6666407972044864,0.3060307429179667,0.4212829767187478
canny,sub-pixel,0.3,0.37410117083897376,0.11453366291188716,0.16892132658872283
threshold,pixel,0.3,0.45219307326504155,0.11424631038402122,0.1655568460380641
threshold,sub-pixel,0.3,0.3590924804101925,0.10750787240274806,0.173767262809156
canny,pixel,0.3,0.6564104699354468,0.31323884856698214,0.39941418209486823
canny,sub-pixel,0.3,0.3733771491513418,0.11444205797161189,0.18732509886157178
threshold,pixel,1.0,0.48779947649738803,0.11258408648205798,0.16395688982314915
threshold,sub-pixel,1.0,0.3765735005343258,0.11344204493045007,0.14850966145041244
canny,pixel,1.0,0.6753759830957984,0.33438667303807623,0.45222965322415787
canny,sub-pixel,1.0,0.39752859022300974,0.12427480131399604,0.16502938382447851
threshold,pixel,1.0,0.4739540354933096,0.10915159202987712,0.14337572707345858
threshold,sub-pixel,1.0,0.36268714393666796,0.10534716218158047,0.16443958564622863
canny,pixel,1.0,0.6505646880043174,0.33873801789690483,0.4804823769758455
canny,sub-pixel,1.0,0.37588297970317375,0.12590070159313793,0.1707612692153333
threshold,pixel,1.0,0.4730778571399514,0.10920063640412647,0.1502267120243337
threshold,sub-pixel,1.0,0.35612590150411494,0.10790402489203443,0.1542464614548873
canny,pixel,1.0,0.6647466551726722,0.31597444462427204,0.47554650707442336
canny,sub-pixel,1.0,0.36833844874135235,0.11463619859334595,0.15204918401006662
threshold,pixel,1.0,0.4827970226845083,0.07908815191520713,0.06312973075329076
threshold,sub-pixel,1.0,0.35431137921700495,0.09609671554783006,0.10445510609118802
canny,pixel,1.0,0.6722718455388044,0.3125274482269407,0.42761855440856733
canny,sub-pixel,1.0,0.37564245985761757,0.11357098531072762,0.13655391195875755
threshold,pixel,1.0,0.4648697452994179,0.07579787632715851,0.08061215029172253
threshold,sub-pixel,1.0,0.3630095403134448,0.07904980331006373,0.0889643271614684
canny,pixel,1.0,0.6522830912725146,0.2850359359913477,0.4109622303087841
canny,sub-pixel,1.0,0.39049627044996643,0.11080003500378544,0.13099345268710216
threshold,pixel,2.0,0.484340073696096,0.0755220357135229,0.0998235177672302
threshold,sub-pixel,2.0,0.3651852963696203,0.0828857318719689,0.10692666259766792
canny,pixel,2.0,0.6833164679372823,0.3087339240723035,0.3741037016609292
canny,sub-pixel,2.0,0.4090775950583345,0.11909462802837378,0.13042557728843374
threshold,pixel,2.0,0.4867968950846462,0.0758685434513191,0.11736628323788434
threshold,sub-pixel,2.0,0.3654726661372799,0.09425096176269854,0.14236405911272598
canny,pixel,2.0,0.686515034336773,0.3129166603307101,0.4625750707433274
canny,sub-pixel,2.0,0.4131091104171872,0.11058553119884085,0.1472535557897956
threshold,pixel,2.0,0.4796253114927057,0.06069067579845311,0.047925924363375394
threshold,sub-pixel,2.0,0.36618235984602154,0.0959018274112291,0.12995468218265938
canny,pixel,2.0,0.7108203138876459,0.30470685988750357,0.4384530483282214
canny,sub-pixel,2.0,0.4114868837309581,0.11166019868498656,0.14719225185944218
threshold,pixel,2.0,0.49109383519306826,0.10887280186525583,0.14050742410839234
threshold,sub-pixel,2.0,0.38077456186070474,0.106505702327234,0.13925416773645605
canny,pixel,2.0,0.7937572712698009,0.3988841942362302,0.5997364641820466
canny,sub-pixel,2.0,0.5212089139672321,0.20746850462682875,0.3337059829657325
threshold,pixel,2.0,0.48431788843088036,0.10538671278202894,0.15115751112645137
threshold,sub-pixel,2.0,0.3787042329165045,0.11087138111703898,0.15804744112680202
canny,pixel,2.0,0.7227868372528535,0.3656591244825822,0.5083209076021791
canny,sub-pixel,2.0,0.43716370282625455,0.15821583420131757,0.22578429464582017
threshold,pixel,4.0,0.4717547627182075,0.08960558124315576,0.11876102696728541
threshold,sub-pixel,4.0,0.3675622125231625,0.08996727319156506,0.1084981234645852
canny,pixel,4.0,1.1270658445724697,0.5850373559514925,1.11139761474554
canny,sub-pixel,4.0,0.8735582266463746,0.4232126563243772,0.8801547386911186
threshold,pixel,4.0,0.48912145664212486,0.08920823853853399,0.17863161463435073
threshold,sub-pixel,4.0,0.3772956897234933,0.09239222146355908,0.18287270601049777
canny,pixel,4.0,0.9634277265273499,0.4556512578422718,0.1441444121880755
canny,sub-pixel,4.0,0.7185571016429955,0.30850370697706264,0.01228915486544846
threshold,pixel,4.0,0.48592577480229693,0.09677143910176422,0.08973993171478689
threshold,sub-pixel,4.0,0.3788949708161263,0.09268821022773199,0.09537855880868706
canny,pixel,4.0,1.0858561025838247,0.6070247639818604,0.4465627371660599
canny,sub-pixel,4.0,0.8729433075570517,0.44230415526412514,0.21886172607067556
threshold,pixel,4.0,0.4944192623429775,0.07640432763069493,0.09958580780938675
threshold,sub-pixel,4.0,0.39520031563409613,0.0851975243280867,0.10243040491094124
canny,pixel,4.0,1.1503582241591233,0.648531160561892,1.1283540828439764
canny,sub-pixel,4.0,0.8941864879201118,0.4572169835175355,0.8275814636006014
threshold,pixel,4.0,0.4641697897606464,0.10236716437492421,0.13650481996809471
threshold,sub-pixel,4.0,0.369642229479649,0.10813153837467726,0.1446686774024668
canny,pixel,4.0,1.131659900380718,0.5580868381396233,0.953585306154419
canny,sub-pixel,4.0,0.8973931414765717,0.38172407424421007,0.7005734342839403
threshold,pixel,0.3,0.47581308686144697,0.11706864498842062,0.09541068508139583
threshold,sub-pixel,0.3,0.36198663503563744,0.11253118904118886,0.09003151334932058
canny,pixel,0.3,0.6645773480505256,0.3344163013380512,0.3185386211691541
canny,sub-pixel,0.3,0.3844047656273273,0.12730720631544967,0.0808496859432184
threshold,pixel,0.3,0.46808469925087604,0.09230878679778765,0.11067904936746675
threshold,sub-pixel,0.3,0.35158667377678143,0.08452398999164945,0.10864341939335587
canny,pixel,0.3,0.6700265471670074,0.3073720896510408,0.277623860426222
canny,sub-pixel,0.3,0.3810696093316154,0.11557327523608407,0.11811174044214168
threshold,pixel,0.3,0.46758478711954327,0.10449697212984432,0.09250496428476707
threshold,sub-pixel,0.3,0.3563821237319347,0.10761753745560454,0.13555135907247795
canny,pixel,0.3,0.6695344389924544,0.2982799677080683,0.3039619757769567
canny,sub-pixel,0.3,0.3903490230262948,0.13532565801275243,0.1830668317698798
threshold,pixel,0.3,0.47345010882451916,0.10651017952236463,0.0987435704707047
threshold,sub-pixel,0.3,0.35886281250733937,0.1090567466615,0.10979667604969778
canny,pixel,0.3,0.6401254155561651,0.3064889482361848,0.23967004110660683
canny,sub-pixel,0.3,0.37532992383763575,0.11683507784207348,0.11596665519210525
threshold,pixel,0.3,0.4749251312122724,0.08105230785707707,0.0533748064252495
threshold,sub-pixel,0.3,0.3551897490575517,0.08269604855259138,0.05976709922087009
canny,pixel,0.3,0.6377794611952697,0.28608387721326456,0.2286713462389458
canny,sub-pixel,0.3,0.3715617538937376,0.09512262237520885,0.06913708632201754
threshold,pixel,1.0,0.49836667074544605,0.12442310288545078,0.08347080234539828
threshold,sub-pixel,1.0,0.3767099522015384,0.11902239848952378,0.11221833060391218
canny,pixel,1.0,0.6903981718982521,0.37593066116175433,0.3511464745665118
canny,sub-pixel,1.0,0.4076792087615767,0.14615070051697132,0.10759276870166357
threshold,pixel,1.0,0.4835948384420786,0.10183257410236135,0.050521001148373657
threshold,sub-pixel,1.0,0.36317448305326905,0.10227843904177125,0.08311752587070398
canny,pixel,1.0,0.682251758247234,0.34143820600136743,0.2546685968036151
canny,sub-pixel,1.0,0.3944600917579256,0.12351870094873729,0.07599629446424405
threshold,pixel,1.0,0.46705797158353973,0.06753906475721361,0.02164680502121552
threshold,sub-pixel,1.0,0.35930551994076354,0.08938108007680423,0.095853401882803
canny,pixel,1.0,0.6170738975168397,0.2605050912065112,0.1754391833882032
canny,sub-pixel,1.0,0.36756650805332297,0.0940062552061065,0.09771019427877059
threshold,pixel,1.0,0.472439117310784,0.08341882010100488,0.05186932353573859
threshold,sub-pixel,1.0,0.3586946275111049,0.09937351773656244,0.08171847340472782
canny,pixel,1.0,0.6743686934793616,0.2976572466427796,0.34589897417392956
canny,sub-pixel,1.0,0.3837009517968404,0.12709124889937984,0.11833027584916422
threshold,pixel,1.0,0.47421647404498124,0.09354990126002471,0.03910355887514916
threshold,sub-pixel,1.0,0.3745697020276869,0.09626596461705095,0.055682751140307296
canny,pixel,1.0,0.6749248240962795,0.3276389382511884,0.2955613056718618
canny,sub-pixel,1.0,0.4008557955373424,0.12285047904211299,0.0775277167062125
threshold,pixel,2.0,0.48242261364855143,0.09788918294180071,0.11042850311055075
threshold,sub-pixel,2.0,0.37776472913906184,0.11422751282266042,0.1214191064827137
canny,pixel,2.0,0.7253801535600884,0.35720905359407107,0.2839545032819357
canny,sub-pixel,2.0,0.46413553811427344,0.16321454782683742,0.1182218192818989
threshold,pixel,2.0,0.4705269178855544,0.11616016337371105,0.11526449217233381
threshold,sub-pixel,2.0,0.3588481564284467,0.10637866001355034,0.10364802203796453
canny,pixel,2.0,0.6521039643965347,0.3530091546927714,0.2821193395817443
canny,sub-pixel,2.0,0.3862525688621924,0.13458612135005876,0.11872718271372884
threshold,pixel,2.0,0.47495951677333514,0.08646699884439935,0.06079288011412132
threshold,sub-pixel,2.0,0.3624380537466285,0.09467939652467638,0.07571963982761742
canny,pixel,2.0,0.7281769406064682,0.36515683144197997,0.23323836148412358
canny,sub-pixel,2.0,0.4536823874651297,0.17174832871500967,0.08907490519390748
threshold,pixel,2.0,0.4776254090990174,0.09303266387584164,0.010203709695135732
threshold,sub-pixel,2.0,0.3536201880959602,0.09759230486838244,0.04895891927478946
canny,pixel,2.0,0.6667624370210026,0.3114812781789156,0.23626645885809738
canny,sub-pixel,2.0,0.377996425157376,0.11472136723454529,0.0631114165938711
threshold,pixel,2.0,0.4886180926566101,0.11062918231360941,0.09178687901691518
threshold,sub-pixel,2.0,0.37824975866098137,0.10732787727699522,0.10564523478435506
canny,pixel,2.0,0.6614051584716407,0.3163364344741213,0.2476878188548901
canny,sub-pixel,2.0,0.3995823793014135,0.12393189365051138,0.09281183819902905
threshold,pixel,4.0,0.48871796818904123,0.10280228104544986,0.10833609098101693
threshold,sub-pixel,4.0,0.38171495141510847,0.11121630228635748,0.11147304470489328
canny,pixel,4.0,1.1286067578621608,0.5849093942436856,0.02322447575992781
canny,sub-pixel,4.0,0.8773123869853526,0.40824079621070775,0.1393383981434524
threshold,pixel,4.0,0.5014617500322045,0.08314929271310723,0.027709249963727256
threshold,sub-pixel,4.0,0.396658516606604,0.08142869086488869,0.03582589807627379
canny,pixel,4.0,1.1432602539994572,0.6177899654348227,0.23018993640108842
canny,sub-pixel,4.0,0.9072040941504838,0.4393163871823291,0.05600573221522476
threshold,pixel,4.0,0.5020875368842475,0.11860440731036359,0.08184187685222888
threshold,sub-pixel,4.0,0.39761329576991405,0.11783112322235634,0.1013656297969674
canny,pixel,4.0,1.0982147994859077,0.6173802792630678,0.10274998976097205
canny,sub-pixel,4.0,0.8658540333880091,0.4362461056425675,0.04336948132990015
threshold,pixel,4.0,0.4883008345722713,0.13442100133263524,0.09887360861454297
threshold,sub-pixel,4.0,0.3761994283482146,0.12542068501583215,0.12100000591491344
canny,pixel,4.0,1.0897206187892075,0.5607471542399867,0.03772740862985513
canny,sub-pixel,4.0,0.8395323146300896,0.3992355223160349,0.14230718383823282
threshold,pixel,4.0,0.4894462286615685,0.09235084255705872,0.037086525403688064
threshold,sub-pixel,4.0,0.38535136686236254,0.10446569745188916,0.07326295115186587
canny,pixel,4.0,1.03663369577979,0.5307449561497082,0.37781812531096426
canny,sub-pixel,4.0,0.7763507869768292,0.3460843895012622,0.2322361480328028
threshold,pixel,0.3,0.36467066538341375,0.001784149166491611,0.03622888154567683
threshold,sub-pixel,0.3,0.19269084282223406,0.015142806750814808,0.03416294051763824
canny,pixel,0.3,0.3889801170004379,0.07003027103193848,0.13110667543505228
canny,sub-pixel,0.3,0.19269084282223406,0.015142806750814808,0.03416294051763824
threshold,pixel,0.3,0.3670700030474353,0.05105707885145616,0.07282590577964232
threshold,sub-pixel,0.3,0.2026572328234176,0.04417013373518541,0.07114123282896312
canny,pixel,0.3,0.3933469029416713,0.11993960697420891,0.2228737328734356
canny,sub-pixel,0.3,0.19183411977311077,0.0038728065617685825,0.00028891893555726966
threshold,pixel,0.3,0.36532148617676874,0.02170824093039947,0.029486896168105403
threshold,sub-pixel,0.3,0.19207050343600776,0.009233112792707887,0.01340077215366442
canny,pixel,0.3,0.4027871836204467,0.0856035752987343,0.10853862101403067
canny,sub-pixel,0.3,0.19207050343600776,0.009233112792707887,0.01340077215366442
threshold,pixel,0.3,0.3690847912143721,0.02380401509061314,0.013075770099133521
threshold,sub-pixel,0.3,0.19450131218955044,0.017024753122226288,0.021250313771449925
canny,pixel,0.3,0.3856086879026086,0.10845764744441921,0.15298242320397115
canny,sub-pixel,0.3,0.19450131218955044,0.017024753122226288,0.021250313771449925
threshold,pixel,0.3,0.3717170848063202,0.02016237137620358,0.010848777336188498
threshold,sub-pixel,0.3,0.19025954902719217,0.01642787187055106,0.02948948574419674
canny,pixel,0.3,0.3948888802548271,0.10384009495156477,0.11543412439558143
canny,sub-pixel,0.3,0.19025954902719217,0.01642787187055106,0.02948948574419674
threshold,pixel,1.0,0.3648307638789191,0.013249273837963926,0.013329692226468737
threshold,sub-pixel,1.0,0.20856883501965484,0.0033322847618881823,0.004746122143553855
canny,pixel,1.0,0.3784746070150272,0.07627177911867933,0.10895002571383161
canny,sub-pixel,1.0,0.20856883501965484,0.0033322847618881823,0.004746122143553855
threshold,pixel,1.0,0.37715408735428224,0.008341524995533645,0.05167996169098643
threshold,sub-pixel,1.0,0.20055902237055478,0.011270898414445618,0.0003376245811992362
canny,pixel,1.0,0.3994207841590539,0.07238119054782266,0.06530465373357597
canny,sub-pixel,1.0,0.20055902237055478,0.011270898414445618,0.0003376245811992362
threshold,pixel,1.0,0.36773209076842683,0.036319853024447735,0.00991666536892577
threshold,sub-pixel,1.0,0.20272716744056601,0.020548674195476346,0.03240539852077173
canny,pixel,1.0,0.3864457252558158,0.08861901787167592,0.1429540225731616
canny,sub-pixel,1.0,0.20168344434066443,0.014937764900811779,0.024708789605371706
threshold,pixel,1.0,0.375748967515969,0.01984024351664826,0.03265785002303456
threshold,sub-pixel,1.0,0.19984354081503486,0.013605228249644385,0.020581483953256985
canny,pixel,1.0,0.3964646066628861,0.09538252978970929,0.1438476825492252
canny,sub-pixel,1.0,0.19984354081503486,0.013605228249644385,0.020581483953256985
threshold,pixel,1.0,0.36286020110575046,0.03758717930442512,0.03814660243915036
threshold,sub-pixel,1.0,0.19705689856868558,0.05144730953445653,0.06272002681310607
canny,pixel,1.0,0.3903449616328808,0.12744908146518852,0.1830879603659259
canny,sub-pixel,1.0,0.19705689856868558,0.05144730953445653,0.06272002681310607
threshold,pixel,2.0,0.3708596011563519,0.018147362604708173,0.04073331477322739
threshold,sub-pixel,2.0,0.1993821585532638,0.018746440168331713,0.0316102550641304
canny,pixel,2.0,0.39524110736732615,0.07523598401880838,0.14033063533045187
canny,sub-pixel,2.0,0.21364884421707503,0.026669967972685837,0.06506393968644986
threshold,pixel,2.0,0.3605090678703572,0.02417232529424207,0.034231223448419
threshold,sub-pixel,2.0,0.19956000690181067,0.011948201481472465,0.025798659156813564
canny,pixel,2.0,0.4177644685652647,0.1542709491704557,0.18639338555669305
canny,sub-pixel,2.0,0.23452590545313165,0.04223653544164052,0.04392306318663586
threshold,pixel,2.0,0.3600168897302511,0.024319196000738064,0.012172366723269601
threshold,sub-pixel,2.0,0.20396713877450295,0.024174857011270534,0.0180195467158617
canny,pixel,2.0,0.3934374156207809,0.09164079341400555,0.06073343175441881
canny,sub-pixel,2.0,0.21035814690994764,0.02792631634773457,0.014721621547260089
threshold,pixel,2.0,0.36618535690527465,0.019452423771582517,0.02256379207920345
threshold,sub-pixel,2.0,0.19937061208799028,0.01743168700510722,0.041616086074169
canny,pixel,2.0,0.4010227052766586,0.08071422287522467,0.1275790173934559
canny,sub-pixel,2.0,0.2167885509522466,0.02106114699943218,0.06164630709796093
threshold,pixel,2.0,0.3453320903096062,0.01234228938575721,0.010911666941030074
threshold,sub-pixel,2.0,0.19980220881268101,0.02282951320585025,0.004662023950241956
canny,pixel,2.0,0.3848225341128257,0.10937149226700993,0.16926601483618953
canny,sub-pixel,2.0,0.21796783413083692,0.034744493210538074,0.058826223452283166
threshold,pixel,4.0,0.3718205475868581,0.03657431155471169,0.034955697753993764
threshold,sub-pixel,4.0,0.2086441706643254,0.024916993040167812,0.02935206761664677
canny,pixel,4.0,0.939421346122173,0.529229812354415,0.7789972352567212
canny,sub-pixel,4.0,0.7789430956494365,0.4442332466146022,0.659090872374879
threshold,pixel,4.0,0.3754118208878122,0.015042171086814715,0.0037659608363043162
threshold,sub-pixel,4.0,0.21805899856346878,0.01631238700545601,0.004605039237343789
canny,pixel,4.0,1.228596900806141,0.945196753379117,1.3549524402637618
canny,sub-pixel,4.0,1.0681453364649007,0.8870805090942211,1.2531093702270883
threshold,pixel,4.0,0.3648373334516076,0.014633977707107837,0.025271983330867
threshold,sub-pixel,4.0,0.21597041915651938,0.008559812804814326,0.005251328929277488
canny,pixel,4.0,0.9166716713211174,0.5187048865502306,0.008360789155862136
canny,sub-pixel,4.0,0.7717841740278304,0.4588010851706501,0.05592305335549952
threshold,pixel,4.0,0.38380830510898833,0.015959377654034546,0.012614656420727677
threshold,sub-pixel,4.0,0.22304541051945323,0.018963333047225195,0.025200985396816478
canny,pixel,4.0,0.9723833126988284,0.4690600683333901,0.9726885620933672
canny,sub-pixel,4.0,0.8162005479584675,0.40381136231605974,0.8775921696921882
threshold,pixel,4.0,0.39135977860677673,0.013018546493270167,0.04366598438434277
threshold,sub-pixel,4.0,0.2331989304755006,0.009858988633741461,0.023427298221879944
canny,pixel,4.0,0.8723687225045474,0.3130786342195786,0.43481908134749236
canny,sub-pixel,4.0,0.7200681524634371,0.24943365658079442,0.3322620228066411
threshold,pixel,0.3,0.36217530915113966,0.03565230900528493,0.01668646927762918
threshold,sub-pixel,0.3,0.19604793270790738,0.02103398957807956,0.0041204603937718964
canny,pixel,0.3,0.38262183891880275,0.11320461236992596,0.11036361803106631
canny,sub-pixel,0.3,0.19604793270790738,0.02103398957807956,0.0041204603937718964
threshold,pixel,0.3,0.36744823120618386,0.024055162394350793,0.011869063532193191
threshold,sub-pixel,0.3,0.18716803531092108,0.03397654293641961,0.01669793605124159
canny,pixel,0.3,0.3889696124063808,0.09397322501641514,0.0669131701044261
canny,sub-pixel,0.3,0.1842964486573126,0.024957179367229188,0.008109711285183785
threshold,pixel,0.3,0.3562689615715755,0.010267070236023246,0.008399512146040511
threshold,sub-pixel,0.3,0.19157757015908197,0.01743290585405055,0.007046683813145105
canny,pixel,0.3,0.38268309783720883,0.09473043515893176,0.05787616909832716
canny,sub-pixel,0.3,0.19157757015908197,0.01743290585405055,0.007046683813145105
threshold,pixel,0.3,0.3707344524580807,0.012399166323396882,0.029336458457382086
threshold,sub-pixel,0.3,0.1841492832412777,0.020120699141484844,0.04301055024062439
canny,pixel,0.3,0.3915540008205028,0.11306458863021285,0.13096001382466538
canny,sub-pixel,0.3,0.1841492832412777,0.020120699141484844,0.04301055024062439
threshold,pixel,0.3,0.3591993161134247,0.02067046078312429,0.034288819980780705
threshold,sub-pixel,0.3,0.18333966903364066,0.0146123202032169,0.01669680650401295
canny,pixel,0.3,0.3885581104658187,0.0970282384664094,0.046901606556655207
canny,sub-pixel,0.3,0.18333966903364066,0.0146123202032169,0.01669680650401295
threshold,pixel,1.0,0.372327466080429,0.04712160157909917,0.07789417555873923
threshold,sub-pixel,1.0,0.20918392099223138,0.06680580004632164,0.126085293385362
canny,pixel,1.0,0.38795500353992746,0.10438965896116437,0.114848282193865
canny,sub-pixel,1.0,0.19691552328438042,0.0256469426040129,0.04861838694642051
threshold,pixel,1.0,0.36266094977190755,0.02835330336719233,0.029693074338313696
threshold,sub-pixel,1.0,0.20111682771383785,0.02926344785807955,0.04534917666030136
canny,pixel,1.0,0.3835112854673399,0.11446469047224972,0.08599283912231304
canny,sub-pixel,1.0,0.20111682771383785,0.02926344785807955,0.04534917666030136
threshold,pixel,1.0,0.37556480496854716,0.023787474590120095,0.012329615643167369
threshold,sub-pixel,1.0,0.20184931855560134,0.01488390391350225,0.0009457454182983938
canny,pixel,1.0,0.3988587750852115,0.08934949012953486,0.05886295391549945
canny,sub-pixel,1.0,0.20184931855560134,0.01488390391350225,0.0009457454182983938
threshold,pixel,1.0,0.37202965222693957,0.01711751312111609,0.008433341772387859
threshold,sub-pixel,1.0,0.20611071397380049,0.023711929483484884,0.004988943485187747
canny,pixel,1.0,0.3854531221485671,0.09675248666897396,0.09891455867369192
canny,sub-pixel,1.0,0.20611071397380049,0.023711929483484884,0.004988943485187747
threshold,pixel,1.0,0.38464951354448673,0.015707299680042475,0.014605721315416709
threshold,sub-pixel,1.0,0.21136987038116867,0.022033873562396167,0.02477765896874029
canny,pixel,1.0,0.407444926769735,0.09893106614347125,0.11582843791270259
canny,sub-pixel,1.0,0.21136987038116867,0.022033873562396167,0.02477765896874029
threshold,pixel,2.0,0.3759112796257791,0.03339368046784541,0.022490653532945437
threshold,sub-pixel,2.0,0.2193402995589105,0.04243189603988573,0.0392641478749276
canny,pixel,2.0,0.4224806773915651,0.10680651392418494,0.03917957667287686
canny,sub-pixel,2.0,0.24694248895018792,0.024026030802199783,0.09242615429482726
threshold,pixel,2.0,0.36866667218656335,0.017857707556899083,0.0016605489273078256
threshold,sub-pixel,2.0,0.20225056236025274,0.021492298957040523,0.011290358319589355
canny,pixel,2.0,0.4461788795471113,0.09854787806319165,0.001568657757524683
canny,sub-pixel,2.0,0.2636948159108097,0.04242099636326602,0.06422448832032357
threshold,pixel,2.0,0.3760184783885021,0.017280655856706684,0.03542906275898883
threshold,sub-pixel,2.0,0.21355334009739502,0.014376908036343172,0.03214672980334399
canny,pixel,2.0,0.490187970614334,0.1723014669349643,0.11139070532068018
canny,sub-pixel,2.0,0.31465208325935107,0.07539195852719915,0.03685914239915089
threshold,pixel,2.0,0.37520185866023614,0.012489987695474714,0.005579670816887816
threshold,sub-pixel,2.0,0.21249840592950348,0.02049902494414768,0.012119411385930423
canny,pixel,2.0,0.412955985660489,0.11131037191027748,0.06456095229948611
canny,sub-pixel,2.0,0.2216877081755373,0.023242691256260217,0.007453063220585587
threshold,pixel,2.0,0.3848688248609341,0.012245845248550102,0.03787143378275237
threshold,sub-pixel,2.0,0.2073229119731593,0.020843645931753585,0.023205012139446257
canny,pixel,2.0,0.40562342830555004,0.07594209399715601,0.0757531243889602
canny,sub-pixel,2.0,0.2073229119731593,0.020843645931753585,0.023205012139446257
threshold,pixel,4.0,0.38647299205353414,0.02232488318249759,0.0021605711616086154
threshold,sub-pixel,4.0,0.22980926190263057,0.01614203021066629,0.016287772007318235
canny,pixel,4.0,0.8841258951403397,0.34808539189585197,0.03581838155711159
canny,sub-pixel,4.0,0.7365535879278184,0.31486882272286376,0.047534939866553216
threshold,pixel,4.0,0.3780216295224611,0.024439918292168183,0.014271804875713112
threshold,sub-pixel,4.0,0.21699952364310374,0.01922419973924372,0.004874667556959533
canny,pixel,4.0,0.8783955888078561,0.3571293066569652,0.15936327281984264
canny,sub-pixel,4.0,0.7385017793234522,0.31863383669210465,0.2234736645551072
threshold,pixel,4.0,0.37389313775872635,0.040878228592454935,0.010154863185671381
threshold,sub-pixel,4.0,0.22516542806714201,0.035025236727150855,0.026469252318157555
canny,pixel,4.0,0.8648181428311472,0.3823193008951662,0.3556251263043637
canny,sub-pixel,4.0,0.6995110081941986,0.30419237953801925,0.41014189006394686
threshold,pixel,4.0,0.3854980625586536,0.01955421254102485,0.01070999906008785
threshold,sub-pixel,4.0,0.22428873383376094,0.01891649913544824,0.026848522139599762
canny,pixel,4.0,0.6554963122930035,0.21852194603452912,0.16322081632013097
canny,sub-pixel,4.0,0.48492321612212724,0.15402115685288287,0.1007839333110625
threshold,pixel,4.0,0.3990571325942534,0.06991756958552542,0.04720923190956272
threshold,sub-pixel,4.0,0.2276606370891191,0.06495787702099554,0.06862345705635464
canny,pixel,4.0,1.1210674994666237,0.7182564018753306,0.3219681968345518
canny,sub-pixel,4.0,0.944237703315392,0.6745003117794564,0.2795705188720232
