method,config,edge_mae,ler_mae,lwr_mae,seed
seg-only,"(1.5, 8.0, 0.3, 0.0)",0.8492866158485413,0.42703455686569214,0.5661479234695435,0
seg-only,"(1.5, 8.0, 0.3, 0.0)",0.8009855449199677,0.3618980050086975,0.4599900245666504,0
seg-only,"(1.5, 8.0, 0.3, 0.0)",0.8554815351963043,0.39326566457748413,0.6505160331726074,0
seg-only,"(1.5, 8.0, 0.3, 0.0)",0.8367878794670105,0.4154658913612366,0.5510621070861816,0
seg-only,"(1.5, 8.0, 0.3, 0.0)",0.8317544162273407,0.4219382405281067,0.541438102722168,0
seg-only,"(1.5, 8.0, 0.3, 0.0)",0.8529552221298218,0.5029305219650269,0.6635959148406982,0
seg-only,"(1.5, 8.0, 0.3, 0.0)",0.8213045001029968,0.431953489780426,0.6045088768005371,0
seg-only,"(1.5, 8.0, 0.3, 0.0)",0.8234290182590485,0.3844527006149292,0.5804656744003296,0
seg-only,"(1.5, 8.0, 0.3, 0.0)",0.837716668844223,0.39882034063339233,0.5692389011383057,0
seg-only,"(1.5, 8.0, 0.3, 0.0)",0.8552030324935913,0.4117771089076996,0.5411880016326904,0
seg-only,"(1.5, 8.0, 0.3, 0.0)",0.8150932490825653,0.36670559644699097,0.6358847618103027,0
seg-only,"(1.5, 8.0, 0.3, 0.0)",0.833294004201889,0.414950966835022,0.6818922758102417,0
seg-only,"(1.5, 8.0, 0.3, 0.0)",0.8025891780853271,0.38586097955703735,0.5280439853668213,0
seg-only,"(1.5, 8.0, 0.3, 0.0)",0.8227760791778564,0.46357154846191406,0.6454432010650635,0
seg-only,"(1.5, 8.0, 0.3, 0.0)",0.8282921314239502,0.382807195186615,0.5248767137527466,0
seg-only,"(1.5, 8.0, 0.3, 0.3)",0.8221758604049683,0.42184150218963623,0.46161341667175293,0
seg-only,"(1.5, 8.0, 0.3, 0.3)",0.7961933016777039,0.40532559156417847,0.31811976432800293,0
seg-only,"(1.5, 8.0, 0.3, 0.3)",0.8143526911735535,0.2870553731918335,0.36779844760894775,0
seg-only,"(1.5, 8.0, 0.3, 0.3)",0.7747108638286591,0.32389116287231445,0.36461567878723145,0
seg-only,"(1.5, 8.0, 0.3, 0.3)",0.8128900229930878,0.3548663854598999,0.4553649425506592,0
seg-only,"(1.5, 8.0, 0.3, 0.3)",0.8206784427165985,0.4433242380619049,0.5749551057815552,0
seg-only,"(1.5, 8.0, 0.3, 0.3)",0.837720662355423,0.4034692049026489,0.4361656904220581,0
seg-only,"(1.5, 8.0, 0.3, 0.3)",0.7945239841938019,0.3674834966659546,0.5134916305541992,0
seg-only,"(1.5, 8.0, 0.3, 0.3)",0.8598153591156006,0.48825448751449585,0.46706509590148926,0
seg-only,"(1.5, 8.0, 0.3, 0.3)",0.8295542299747467,0.4132605791091919,0.5235202312469482,0
seg-only,"(1.5, 8.0, 0.3, 0.3)",0.8515079021453857,0.47105199098587036,0.5221452713012695,0
seg-only,"(1.5, 8.0, 0.3, 0.3)",0.808654397726059,0.39092546701431274,0.3788769245147705,0
seg-only,"(1.5, 8.0, 0.3, 0.3)",0.8186847865581512,0.3683236837387085,0.31308889389038086,0
seg-only,"(1.5, 8.0, 0.3, 0.3)",0.8105994462966919,0.45641201734542847,0.6346862316131592,0
seg-only,"(1.5, 8.0, 0.3, 0.3)",0.8367301523685455,0.4684571325778961,0.4862116575241089,0
seg-only,"(1.5, 8.0, 0.3, 0.6)",0.8110869228839874,0.4402162432670593,0.3244209289550781,0
seg-only,"(1.5, 8.0, 0.3, 0.6)",0.8064569234848022,0.44533514976501465,0.35847580432891846,0
seg-only,"(1.5, 8.0, 0.3, 0.6)",0.8437533378601074,0.415502667427063,0.3770785331726074,0
seg-only,"(1.5, 8.0, 0.3, 0.6)",0.8114452362060547,0.3654082417488098,0.09249317646026611,0
seg-only,"(1.5, 8.0, 0.3, 0.6)",0.8640377521514893,0.3834497332572937,0.19815051555633545,0
seg-only,"(1.5, 8.0, 0.3, 0.6)",0.8411334156990051,0.46068039536476135,0.34829163551330566,0
seg-only,"(1.5, 8.0, 0.3, 0.6)",0.8388044238090515,0.44245970249176025,0.3142373561859131,0
seg-only,"(1.5, 8.0, 0.3, 0.6)",0.831939309835434,0.3888011574745178,0.4120721220970154,0
seg-only,"(1.5, 8.0, 0.3, 0.6)",0.8710125684738159,0.47306203842163086,0.17348313331604004,0
seg-only,"(1.5, 8.0, 0.3, 0.6)",0.8524461984634399,0.38047367334365845,0.2704775333404541,0
seg-only,"(1.5, 8.0, 0.3, 0.6)",0.8391204178333282,0.4587723910808563,0.2790205478668213,0
seg-only,"(1.5, 8.0, 0.3, 0.6)",0.8278832137584686,0.4355543255805969,0.3288154602050781,0
seg-only,"(1.5, 8.0, 0.3, 0.6)",0.7959267497062683,0.3458178639411926,0.21149098873138428,0
seg-only,"(1.5, 8.0, 0.3, 0.6)",0.8365132808685303,0.4035634398460388,0.2508763074874878,0
seg-only,"(1.5, 8.0, 0.3, 0.6)",0.7993043065071106,0.4539473056793213,0.3683100938796997,0
seg-only,"(1.5, 8.0, 0.3, -0.3)",0.867676317691803,0.43137601017951965,0.6990611553192139,0
seg-only,"(1.5, 8.0, 0.3, -0.3)",0.8429079353809357,0.387927770614624,0.6632411479949951,0
seg-only,"(1.5, 8.0, 0.3, -0.3)",0.7906565368175507,0.4037827253341675,0.7301574945449829,0
seg-only,"(1.5, 8.0, 0.3, -0.3)",0.870293527841568,0.4528752565383911,0.7102029323577881,0
seg-only,"(1.5, 8.0, 0.3, -0.3)",0.8574950397014618,0.4278985261917114,0.7052947282791138,0
seg-only,"(1.5, 8.0, 0.3, -0.3)",0.8608477711677551,0.3489105701446533,0.6548974514007568,0
seg-only,"(1.5, 8.0, 0.3, -0.3)",0.806077629327774,0.4237748384475708,0.732586145401001,0
seg-only,"(1.5, 8.0, 0.3, -0.3)",0.8162976801395416,0.40520089864730835,0.6544836759567261,0
seg-only,"(1.5, 8.0, 0.3, -0.3)",0.9036559760570526,0.4959602952003479,0.9092403650283813,0
seg-only,"(1.5, 8.0, 0.3, -0.3)",0.8175431489944458,0.3896469473838806,0.6271835565567017,0
seg-only,"(1.5, 8.0, 0.3, -0.3)",0.8621523976325989,0.4655609130859375,0.7634491920471191,0
seg-only,"(1.5, 8.0, 0.3, -0.3)",0.8370009660720825,0.4137583374977112,0.7127569913864136,0
seg-only,"(1.5, 8.0, 0.3, -0.3)",0.8289067447185516,0.43448400497436523,0.7660996913909912,0
seg-only,"(1.5, 8.0, 0.3, -0.3)",0.8503877520561218,0.44197896122932434,0.8256425857543945,0
seg-only,"(1.5, 8.0, 0.3, -0.3)",0.8485448360443115,0.3790191411972046,0.5507851839065552,0
seg-only,"(1.5, 8.0, 0.7, 0.0)",0.6137069463729858,0.2429884672164917,0.35867202281951904,0
seg-only,"(1.5, 8.0, 0.7, 0.0)",0.5927390158176422,0.1996663212776184,0.3139228820800781,0
seg-only,"(1.5, 8.0, 0.7, 0.0)",0.6312317252159119,0.2331545352935791,0.389363169670105,0
seg-only,"(1.5, 8.0, 0.7, 0.0)",0.6570689380168915,0.2584518790245056,0.38639402389526367,0
seg-only,"(1.5, 8.0, 0.7, 0.0)",0.5943020582199097,0.2453632950782776,0.3326472043991089,0
seg-only,"(1.5, 8.0, 0.7, 0.0)",0.6311357021331787,0.19974511861801147,0.37621521949768066,0
seg-only,"(1.5, 8.0, 0.7, 0.0)",0.6264404952526093,0.2619568109512329,0.39983510971069336,0
seg-only,"(1.5, 8.0, 0.7, 0.0)",0.6064523756504059,0.15831124782562256,0.19841384887695312,0
seg-only,"(1.5, 8.0, 0.7, 0.0)",0.6041974425315857,0.18128937482833862,0.33928096294403076,0
seg-only,"(1.5, 8.0, 0.7, 0.0)",0.6133567094802856,0.17613142728805542,0.16395235061645508,0
seg-only,"(1.5, 8.0, 0.7, 0.0)",0.6191743612289429,0.19488877058029175,0.19569110870361328,0
seg-only,"(1.5, 8.0, 0.7, 0.0)",0.6272310316562653,0.19029802083969116,0.29000091552734375,0
seg-only,"(1.5, 8.0, 0.7, 0.0)",0.6209756135940552,0.22018498182296753,0.24780607223510742,0
seg-only,"(1.5, 8.0, 0.7, 0.0)",0.585002064704895,0.2598440647125244,0.3169502019882202,0
seg-only,"(1.5, 8.0, 0.7, 0.0)",0.6339478194713593,0.17757785320281982,0.28840017318725586,0
seg-only,"(1.5, 8.0, 0.7, 0.3)",0.6204193234443665,0.2997831702232361,0.329420804977417,0
seg-only,"(1.5, 8.0, 0.7, 0.3)",0.5870814323425293,0.15296697616577148,0.1486722230911255,0
seg-only,"(1.5, 8.0, 0.7, 0.3)",0.5850841701030731,0.12820523977279663,0.20463812351226807,0
seg-only,"(1.5, 8.0, 0.7, 0.3)",0.6213757991790771,0.19785648584365845,0.14003455638885498,0
seg-only,"(1.5, 8.0, 0.7, 0.3)",0.6391172111034393,0.2070590853691101,0.3458096981048584,0
seg-only,"(1.5, 8.0, 0.7, 0.3)",0.6732063889503479,0.25595247745513916,0.24128198623657227,0
seg-only,"(1.5, 8.0, 0.7, 0.3)",0.597994476556778,0.1728886365890503,0.2114020586013794,0
seg-only,"(1.5, 8.0, 0.7, 0.3)",0.61253622174263,0.20033085346221924,0.19803285598754883,0
seg-only,"(1.5, 8.0, 0.7, 0.3)",0.6382383704185486,0.18381255865097046,0.23849356174468994,0
seg-only,"(1.5, 8.0, 0.7, 0.3)",0.6452495455741882,0.22916477918624878,0.30785322189331055,0
seg-only,"(1.5, 8.0, 0.7, 0.3)",0.5988278687000275,0.18121850490570068,0.1549849510192871,0
seg-only,"(1.5, 8.0, 0.7, 0.3)",0.6118281483650208,0.19660186767578125,0.24652421474456787,0
seg-only,"(1.5, 8.0, 0.7, 0.3)",0.5857095122337341,0.1684943437576294,0.19813895225524902,0
seg-only,"(1.5, 8.0, 0.7, 0.3)",0.6521153450012207,0.1738218069076538,0.1840144395828247,0
seg-only,"(1.5, 8.0, 0.7, 0.3)",0.5870813429355621,0.1960594654083252,0.23330283164978027,0
seg-only,"(1.5, 8.0, 0.7, 0.6)",0.6038914322853088,0.18747484683990479,0.023937702178955078,0
seg-only,"(1.5, 8.0, 0.7, 0.6)",0.6275989711284637,0.227938711643219,0.15500080585479736,0
seg-only,"(1.5, 8.0, 0.7, 0.6)",0.5779491364955902,0.17614680528640747,0.16148245334625244,0
seg-only,"(1.5, 8.0, 0.7, 0.6)",0.6395751237869263,0.23764997720718384,0.13264286518096924,0
seg-only,"(1.5, 8.0, 0.7, 0.6)",0.6580855846405029,0.25429767370224,0.10645091533660889,0
seg-only,"(1.5, 8.0, 0.7, 0.6)",0.6583360433578491,0.21300750970840454,0.08724021911621094,0
seg-only,"(1.5, 8.0, 0.7, 0.6)",0.6140504479408264,0.1726468801498413,0.22531044483184814,0
seg-only,"(1.5, 8.0, 0.7, 0.6)",0.6711513698101044,0.299643337726593,0.2178736925125122,0
seg-only,"(1.5, 8.0, 0.7, 0.6)",0.6352390050888062,0.21125483512878418,0.1113206148147583,0
seg-only,"(1.5, 8.0, 0.7, 0.6)",0.6443431079387665,0.19151264429092407,0.06469607353210449,0
seg-only,"(1.5, 8.0, 0.7, 0.6)",0.6020948588848114,0.24491506814956665,0.15022313594818115,0
seg-only,"(1.5, 8.0, 0.7, 0.6)",0.6256553828716278,0.14743560552597046,0.09728360176086426,0
seg-only,"(1.5, 8.0, 0.7, 0.6)",0.6396239697933197,0.22989052534103394,0.18266057968139648,0
seg-only,"(1.5, 8.0, 0.7, 0.6)",0.6687026023864746,0.25321799516677856,0.0647284984588623,0
seg-only,"(1.5, 8.0, 0.7, 0.6)",0.6239367723464966,0.23712044954299927,0.20040690898895264,0
seg-only,"(1.5, 8.0, 0.7, -0.3)",0.6294123232364655,0.18402355909347534,0.4609057903289795,0
seg-only,"(1.5, 8.0, 0.7, -0.3)",0.6222871243953705,0.15320199728012085,0.17476320266723633,0
seg-only,"(1.5, 8.0, 0.7, -0.3)",0.6334069967269897,0.20857125520706177,0.37589120864868164,0
seg-only,"(1.5, 8.0, 0.7, -0.3)",0.6102933585643768,0.21312302350997925,0.3633763790130615,0
seg-only,"(1.5, 8.0, 0.7, -0.3)",0.6330400705337524,0.2033613920211792,0.39261627197265625,0
seg-only,"(1.5, 8.0, 0.7, -0.3)",0.6222046613693237,0.24585175514221191,0.4174344539642334,0
seg-only,"(1.5, 8.0, 0.7, -0.3)",0.6296885907649994,0.2120192050933838,0.429284930229187,0
seg-only,"(1.5, 8.0, 0.7, -0.3)",0.5500061213970184,0.1402532458305359,0.26875996589660645,0
seg-only,"(1.5, 8.0, 0.7, -0.3)",0.6071215867996216,0.24424415826797485,0.42570924758911133,0
seg-only,"(1.5, 8.0, 0.7, -0.3)",0.6107405722141266,0.19140726327896118,0.3210461139678955,0
seg-only,"(1.5, 8.0, 0.7, -0.3)",0.6224731504917145,0.2514875531196594,0.41377830505371094,0
seg-only,"(1.5, 8.0, 0.7, -0.3)",0.6211468279361725,0.2800200581550598,0.5826971530914307,0
seg-only,"(1.5, 8.0, 0.7, -0.3)",0.6081060767173767,0.21969610452651978,0.38706791400909424,0
seg-only,"(1.5, 8.0, 0.7, -0.3)",0.6490564048290253,0.3406705856323242,0.6286964416503906,0
seg-only,"(1.5, 8.0, 0.7, -0.3)",0.6424592733383179,0.22941291332244873,0.35825514793395996,0
seg-only,"(1.5, 20.0, 0.3, 0.0)",0.6874628961086273,0.2427244782447815,0.37544429302215576,0
seg-only,"(1.5, 20.0, 0.3, 0.0)",0.6608540117740631,0.2660564184188843,0.32541215419769287,0
seg-only,"(1.5, 20.0, 0.3, 0.0)",0.7047772705554962,0.2397860288619995,0.3742959499359131,0
seg-only,"(1.5, 20.0, 0.3, 0.0)",0.6686179041862488,0.21088027954101562,0.3282046318054199,0
seg-only,"(1.5, 20.0, 0.3, 0.0)",0.6772199273109436,0.27703148126602173,0.4224238395690918,0
seg-only,"(1.5, 20.0, 0.3, 0.0)",0.6382687985897064,0.2475162148475647,0.2532302141189575,0
seg-only,"(1.5, 20.0, 0.3, 0.0)",0.688686728477478,0.25048673152923584,0.38158559799194336,0
seg-only,"(1.5, 20.0, 0.3, 0.0)",0.6889776885509491,0.3325086832046509,0.42796242237091064,0
seg-only,"(1.5, 20.0, 0.3, 0.0)",0.697133481502533,0.24696171283721924,0.3516402244567871,0
seg-only,"(1.5, 20.0, 0.3, 0.0)",0.7082404494285583,0.24599981307983398,0.3616715669631958,0
seg-only,"(1.5, 20.0, 0.3, 0.0)",0.6630930006504059,0.25877130031585693,0.32887303829193115,0
seg-only,"(1.5, 20.0, 0.3, 0.0)",0.7057651281356812,0.3026069402694702,0.4053382873535156,0
seg-only,"(1.5, 20.0, 0.3, 0.0)",0.6683601438999176,0.2319091558456421,0.2714143991470337,0
seg-only,"(1.5, 20.0, 0.3, 0.0)",0.6730350852012634,0.21788495779037476,0.366300106048584,0
seg-only,"(1.5, 20.0, 0.3, 0.0)",0.685878336429596,0.2760350704193115,0.46407055854797363,0
seg-only,"(1.5, 20.0, 0.3, 0.3)",0.6678716540336609,0.2684975266456604,0.24489033222198486,0
seg-only,"(1.5, 20.0, 0.3, 0.3)",0.7024670243263245,0.2379159927368164,0.19750142097473145,0
seg-only,"(1.5, 20.0, 0.3, 0.3)",0.6800954043865204,0.23471450805664062,0.343650221824646,0
seg-only,"(1.5, 20.0, 0.3, 0.3)",0.6859190165996552,0.2760974168777466,0.3013491630554199,0
seg-only,"(1.5, 20.0, 0.3, 0.3)",0.7123246788978577,0.2636113166809082,0.26018762588500977,0
seg-only,"(1.5, 20.0, 0.3, 0.3)",0.6537693738937378,0.21606725454330444,0.28938424587249756,0
seg-only,"(1.5, 20.0, 0.3, 0.3)",0.6773585975170135,0.25139719247817993,0.40702271461486816,0
seg-only,"(1.5, 20.0, 0.3, 0.3)",0.6668347716331482,0.24610328674316406,0.20397865772247314,0
seg-only,"(1.5, 20.0, 0.3, 0.3)",0.6463927626609802,0.15166401863098145,0.056586384773254395,0
seg-only,"(1.5, 20.0, 0.3, 0.3)",0.682163417339325,0.21110695600509644,0.28017961978912354,0
seg-only,"(1.5, 20.0, 0.3, 0.3)",0.658339649438858,0.23086947202682495,0.29627740383148193,0
seg-only,"(1.5, 20.0, 0.3, 0.3)",0.6799271106719971,0.27845990657806396,0.3031045198440552,0
seg-only,"(1.5, 20.0, 0.3, 0.3)",0.6539204120635986,0.23575842380523682,0.25144755840301514,0
seg-only,"(1.5, 20.0, 0.3, 0.3)",0.6621040403842926,0.20526742935180664,0.34962785243988037,0
seg-only,"(1.5, 20.0, 0.3, 0.3)",0.6817517578601837,0.24607157707214355,0.32455384731292725,0
seg-only,"(1.5, 20.0, 0.3, 0.6)",0.7232674956321716,0.17215043306350708,0.06525707244873047,0
seg-only,"(1.5, 20.0, 0.3, 0.6)",0.6594737470149994,0.2715755105018616,0.029119372367858887,0
seg-only,"(1.5, 20.0, 0.3, 0.6)",0.7016918063163757,0.14877372980117798,0.19579386711120605,0
seg-only,"(1.5, 20.0, 0.3, 0.6)",0.6566573083400726,0.2947455644607544,0.21228563785552979,0
seg-only,"(1.5, 20.0, 0.3, 0.6)",0.7018453180789948,0.2663235664367676,0.18800044059753418,0
seg-only,"(1.5, 20.0, 0.3, 0.6)",0.6876420974731445,0.3066054582595825,0.0654529333114624,0
seg-only,"(1.5, 20.0, 0.3, 0.6)",0.7256607413291931,0.2558397650718689,0.20526015758514404,0
seg-only,"(1.5, 20.0, 0.3, 0.6)",0.6787257790565491,0.23538535833358765,0.13173437118530273,0
seg-only,"(1.5, 20.0, 0.3, 0.6)",0.7145322263240814,0.30809181928634644,0.1778503656387329,0
seg-only,"(1.5, 20.0, 0.3, 0.6)",0.6802788972854614,0.2522856593132019,0.06814610958099365,0
seg-only,"(1.5, 20.0, 0.3, 0.6)",0.6928071081638336,0.22457736730575562,0.21967566013336182,0
seg-only,"(1.5, 20.0, 0.3, 0.6)",0.6933427453041077,0.3133293390274048,0.2642936706542969,0
seg-only,"(1.5, 20.0, 0.3, 0.6)",0.6713414192199707,0.19790172576904297,0.15476572513580322,0
seg-only,"(1.5, 20.0, 0.3, 0.6)",0.6744137108325958,0.23028039932250977,0.2190340757369995,0
seg-only,"(1.5, 20.0, 0.3, 0.6)",0.6827046275138855,0.2162371277809143,0.13671720027923584,0
seg-only,"(1.5, 20.0, 0.3, -0.3)",0.6951090395450592,0.2242535948753357,0.39734673500061035,0
seg-only,"(1.5, 20.0, 0.3, -0.3)",0.6837641000747681,0.26376408338546753,0.42030155658721924,0
seg-only,"(1.5, 20.0, 0.3, -0.3)",0.6488186120986938,0.18372219800949097,0.2852747440338135,0
seg-only,"(1.5, 20.0, 0.3, -0.3)",0.6815195381641388,0.3069111108779907,0.48000168800354004,0
seg-only,"(1.5, 20.0, 0.3, -0.3)",0.709811806678772,0.277800977230072,0.47806620597839355,0
seg-only,"(1.5, 20.0, 0.3, -0.3)",0.6762723028659821,0.27199697494506836,0.5051419734954834,0
seg-only,"(1.5, 20.0, 0.3, -0.3)",0.7022365629673004,0.20222491025924683,0.3282594680786133,0
seg-only,"(1.5, 20.0, 0.3, -0.3)",0.6569186449050903,0.17587721347808838,0.3065354824066162,0
seg-only,"(1.5, 20.0, 0.3, -0.3)",0.6489652693271637,0.17848283052444458,0.3349323272705078,0
seg-only,"(1.5, 20.0, 0.3, -0.3)",0.6560991406440735,0.2305469512939453,0.3416799306869507,0
seg-only,"(1.5, 20.0, 0.3, -0.3)",0.6706063449382782,0.2822760343551636,0.45262372493743896,0
seg-only,"(1.5, 20.0, 0.3, -0.3)",0.6533975005149841,0.1718272566795349,0.2627246379852295,0
seg-only,"(1.5, 20.0, 0.3, -0.3)",0.644641637802124,0.24980419874191284,0.4061002731323242,0
seg-only,"(1.5, 20.0, 0.3, -0.3)",0.6886476874351501,0.2457619309425354,0.38381505012512207,0
seg-only,"(1.5, 20.0, 0.3, -0.3)",0.7039846479892731,0.26770317554473877,0.45096564292907715,0
seg-only,"(1.5, 20.0, 0.7, 0.0)",0.4195704162120819,0.03547990322113037,0.07729625701904297,0
seg-only,"(1.5, 20.0, 0.7, 0.0)",0.4293597638607025,0.03437387943267822,0.01041710376739502,0
seg-only,"(1.5, 20.0, 0.7, 0.0)",0.42771467566490173,0.038553833961486816,0.024485111236572266,0
seg-only,"(1.5, 20.0, 0.7, 0.0)",0.46808411180973053,0.08869004249572754,0.16413211822509766,0
seg-only,"(1.5, 20.0, 0.7, 0.0)",0.44958144426345825,0.0873153805732727,0.0912330150604248,0
seg-only,"(1.5, 20.0, 0.7, 0.0)",0.46909575164318085,0.1015520691871643,0.14061260223388672,0
seg-only,"(1.5, 20.0, 0.7, 0.0)",0.43369828164577484,0.05420970916748047,0.021652698516845703,0
seg-only,"(1.5, 20.0, 0.7, 0.0)",0.43502065539360046,0.066592276096344,0.016629695892333984,0
seg-only,"(1.5, 20.0, 0.7, 0.0)",0.4577503651380539,0.017924904823303223,0.0885305404663086,0
seg-only,"(1.5, 20.0, 0.7, 0.0)",0.45693641901016235,0.06451404094696045,0.02863597869873047,0
seg-only,"(1.5, 20.0, 0.7, 0.0)",0.49045589566230774,0.14920145273208618,0.1534576416015625,0
seg-only,"(1.5, 20.0, 0.7, 0.0)",0.46653318405151367,0.10720694065093994,0.11035394668579102,0
seg-only,"(1.5, 20.0, 0.7, 0.0)",0.47042475640773773,0.09891748428344727,0.1050565242767334,0
seg-only,"(1.5, 20.0, 0.7, 0.0)",0.3912883698940277,0.10851991176605225,0.10149168968200684,0
seg-only,"(1.5, 20.0, 0.7, 0.0)",0.4549868702888489,0.10311734676361084,0.12869477272033691,0
seg-only,"(1.5, 20.0, 0.7, 0.3)",0.41955187916755676,0.06165212392807007,0.0007026195526123047,0
seg-only,"(1.5, 20.0, 0.7, 0.3)",0.43430207669734955,0.07120883464813232,0.154296875,0
seg-only,"(1.5, 20.0, 0.7, 0.3)",0.43276242911815643,0.08428353071212769,0.022037625312805176,0
seg-only,"(1.5, 20.0, 0.7, 0.3)",0.4300859123468399,0.050949037075042725,0.033469319343566895,0
seg-only,"(1.5, 20.0, 0.7, 0.3)",0.4448999762535095,0.024522840976715088,0.045372724533081055,0
seg-only,"(1.5, 20.0, 0.7, 0.3)",0.4430594742298126,0.12648630142211914,0.10022783279418945,0
seg-only,"(1.5, 20.0, 0.7, 0.3)",0.42398980259895325,0.10196870565414429,0.14180660247802734,0
seg-only,"(1.5, 20.0, 0.7, 0.3)",0.4467075765132904,0.10369759798049927,0.1348634958267212,0
seg-only,"(1.5, 20.0, 0.7, 0.3)",0.4580835998058319,0.02904677391052246,0.02239072322845459,0
seg-only,"(1.5, 20.0, 0.7, 0.3)",0.41756217181682587,0.09330719709396362,0.09339416027069092,0
seg-only,"(1.5, 20.0, 0.7, 0.3)",0.43031299114227295,0.0952196717262268,0.09995949268341064,0
seg-only,"(1.5, 20.0, 0.7, 0.3)",0.4575492739677429,0.036187827587127686,0.0012685060501098633,0
seg-only,"(1.5, 20.0, 0.7, 0.3)",0.4522203058004379,0.09814691543579102,0.0896146297454834,0
seg-only,"(1.5, 20.0, 0.7, 0.3)",0.44549931585788727,0.05627763271331787,0.012346863746643066,0
seg-only,"(1.5, 20.0, 0.7, 0.3)",0.45676399767398834,0.0726366639137268,0.06818282604217529,0
seg-only,"(1.5, 20.0, 0.7, 0.6)",0.4226747155189514,0.11772853136062622,0.0183485746383667,0
seg-only,"(1.5, 20.0, 0.7, 0.6)",0.43225882947444916,0.08302420377731323,0.08159339427947998,0
seg-only,"(1.5, 20.0, 0.7, 0.6)",0.4596446454524994,0.05310243368148804,0.01724863052368164,0
seg-only,"(1.5, 20.0, 0.7, 0.6)",0.4031422734260559,0.07831835746765137,0.014305353164672852,0
seg-only,"(1.5, 20.0, 0.7, 0.6)",0.4312528222799301,0.03777867555618286,0.04405999183654785,0
seg-only,"(1.5, 20.0, 0.7, 0.6)",0.4257846623659134,0.06961512565612793,0.00936126708984375,0
seg-only,"(1.5, 20.0, 0.7, 0.6)",0.439645379781723,0.11184442043304443,0.01093745231628418,0
seg-only,"(1.5, 20.0, 0.7, 0.6)",0.5241727232933044,0.07867932319641113,0.08330786228179932,0
seg-only,"(1.5, 20.0, 0.7, 0.6)",0.4524533599615097,0.09143829345703125,0.07088279724121094,0
seg-only,"(1.5, 20.0, 0.7, 0.6)",0.4418445974588394,0.030891001224517822,0.10553205013275146,0
seg-only,"(1.5, 20.0, 0.7, 0.6)",0.4708048403263092,0.06830215454101562,0.058019042015075684,0
seg-only,"(1.5, 20.0, 0.7, 0.6)",0.46259407699108124,0.05082350969314575,0.0066432952880859375,0
seg-only,"(1.5, 20.0, 0.7, 0.6)",0.42798787355422974,0.07745707035064697,0.029389619827270508,0
seg-only,"(1.5, 20.0, 0.7, 0.6)",0.44973719120025635,0.1102147102355957,0.035991668701171875,0
seg-only,"(1.5, 20.0, 0.7, 0.6)",0.47717446088790894,0.09485197067260742,0.06154489517211914,0
seg-only,"(1.5, 20.0, 0.7, -0.3)",0.46293459832668304,0.08953654766082764,0.163177490234375,0
seg-only,"(1.5, 20.0, 0.7, -0.3)",0.4287278652191162,0.04012584686279297,0.04688525199890137,0
seg-only,"(1.5, 20.0, 0.7, -0.3)",0.4557730108499527,0.058555662631988525,0.07863783836364746,0
seg-only,"(1.5, 20.0, 0.7, -0.3)",0.48375706374645233,0.10759055614471436,0.260530948638916,0
seg-only,"(1.5, 20.0, 0.7, -0.3)",0.4510459750890732,0.05840021371841431,0.13448739051818848,0
seg-only,"(1.5, 20.0, 0.7, -0.3)",0.4674617797136307,0.05888569355010986,0.05027961730957031,0
seg-only,"(1.5, 20.0, 0.7, -0.3)",0.4397340416908264,0.006082653999328613,0.061398983001708984,0
seg-only,"(1.5, 20.0, 0.7, -0.3)",0.4319402277469635,0.05857020616531372,0.04716348648071289,0
seg-only,"(1.5, 20.0, 0.7, -0.3)",0.39204739034175873,0.10442852973937988,0.10672640800476074,0
seg-only,"(1.5, 20.0, 0.7, -0.3)",0.448273241519928,0.10210025310516357,0.17033958435058594,0
seg-only,"(1.5, 20.0, 0.7, -0.3)",0.4696517288684845,0.09566593170166016,0.1803891658782959,0
seg-only,"(1.5, 20.0, 0.7, -0.3)",0.42174145579338074,0.03762692213058472,0.012245655059814453,0
seg-only,"(1.5, 20.0, 0.7, -0.3)",0.43467821180820465,0.08352506160736084,0.16863417625427246,0
seg-only,"(1.5, 20.0, 0.7, -0.3)",0.45079539716243744,0.025870442390441895,0.04190182685852051,0
seg-only,"(1.5, 20.0, 0.7, -0.3)",0.4510392099618912,0.06632673740386963,0.03657054901123047,0
seg-only,"(3.0, 8.0, 0.3, 0.0)",1.517867386341095,0.7463146448135376,0.9526164531707764,0
seg-only,"(3.0, 8.0, 0.3, 0.0)",1.5504614114761353,0.8116806745529175,1.10038161277771,0
seg-only,"(3.0, 8.0, 0.3, 0.0)",1.5206876397132874,0.807388186454773,1.2393090724945068,0
seg-only,"(3.0, 8.0, 0.3, 0.0)",1.5028371810913086,0.7867062091827393,1.1926887035369873,0
seg-only,"(3.0, 8.0, 0.3, 0.0)",1.6182695031166077,0.8221203088760376,1.0698370933532715,0
seg-only,"(3.0, 8.0, 0.3, 0.0)",1.5594998598098755,0.8299378156661987,1.1351983547210693,0
seg-only,"(3.0, 8.0, 0.3, 0.0)",1.5187852382659912,0.7876018285751343,1.2806720733642578,0
seg-only,"(3.0, 8.0, 0.3, 0.0)",1.5297303199768066,0.8461774587631226,1.4876980781555176,0
seg-only,"(3.0, 8.0, 0.3, 0.0)",1.5227733850479126,0.7869182825088501,1.0484247207641602,0
seg-only,"(3.0, 8.0, 0.3, 0.0)",1.5430429577827454,0.713964581489563,1.0497245788574219,0
seg-only,"(3.0, 8.0, 0.3, 0.0)",1.5180541276931763,0.7890927791595459,1.0290839672088623,0
seg-only,"(3.0, 8.0, 0.3, 0.0)",1.510719358921051,0.7340623140335083,0.799954891204834,0
seg-only,"(3.0, 8.0, 0.3, 0.0)",1.5641505122184753,0.777925968170166,0.9936835765838623,0
seg-only,"(3.0, 8.0, 0.3, 0.0)",1.5968241691589355,0.7860440015792847,1.139540195465088,0
seg-only,"(3.0, 8.0, 0.3, 0.0)",1.57440185546875,0.7978051900863647,1.124398946762085,0
seg-only,"(3.0, 8.0, 0.3, 0.3)",1.6052240133285522,0.8984887003898621,0.9663119316101074,0
seg-only,"(3.0, 8.0, 0.3, 0.3)",1.613051950931549,0.8189717531204224,1.214470386505127,0
seg-only,"(3.0, 8.0, 0.3, 0.3)",1.5237885117530823,0.72333824634552,0.8767232894897461,0
seg-only,"(3.0, 8.0, 0.3, 0.3)",1.537670075893402,0.8364842534065247,0.9115688800811768,0
seg-only,"(3.0, 8.0, 0.3, 0.3)",1.547626554965973,0.8172441720962524,0.8452675342559814,0
seg-only,"(3.0, 8.0, 0.3, 0.3)",1.4857229590415955,0.6624751091003418,0.8719141483306885,0
seg-only,"(3.0, 8.0, 0.3, 0.3)",1.6004984378814697,0.8365132808685303,0.7224814891815186,0
seg-only,"(3.0, 8.0, 0.3, 0.3)",1.4978981018066406,0.734900712966919,1.099440097808838,0
seg-only,"(3.0, 8.0, 0.3, 0.3)",1.5257741212844849,0.7381777763366699,0.6963984966278076,0
seg-only,"(3.0, 8.0, 0.3, 0.3)",1.5102931261062622,0.595390796661377,0.8198707103729248,0
seg-only,"(3.0, 8.0, 0.3, 0.3)",1.557204246520996,0.8710035085678101,0.9732112884521484,0
seg-only,"(3.0, 8.0, 0.3, 0.3)",1.5529692769050598,0.7858679294586182,0.8147892951965332,0
seg-only,"(3.0, 8.0, 0.3, 0.3)",1.614411175251007,0.7727471590042114,0.8996689319610596,0
seg-only,"(3.0, 8.0, 0.3, 0.3)",1.490606963634491,0.7815427780151367,0.7092702388763428,0
seg-only,"(3.0, 8.0, 0.3, 0.3)",1.5135480165481567,0.725048303604126,1.0070350170135498,0
seg-only,"(3.0, 8.0, 0.3, 0.6)",1.499860405921936,0.7596414089202881,0.5164144039154053,0
seg-only,"(3.0, 8.0, 0.3, 0.6)",1.5001192688941956,0.8152937293052673,0.5814080238342285,0
seg-only,"(3.0, 8.0, 0.3, 0.6)",1.522380292415619,0.6962037086486816,0.5663764476776123,0
seg-only,"(3.0, 8.0, 0.3, 0.6)",1.5311083793640137,0.7698453664779663,0.7366212606430054,0
seg-only,"(3.0, 8.0, 0.3, 0.6)",1.5554884672164917,0.7167280912399292,0.5344767570495605,0
seg-only,"(3.0, 8.0, 0.3, 0.6)",1.5308998823165894,0.8027509450912476,0.8252480030059814,0
seg-only,"(3.0, 8.0, 0.3, 0.6)",1.567764163017273,0.7759077548980713,0.5801208019256592,0
seg-only,"(3.0, 8.0, 0.3, 0.6)",1.4840880036354065,0.7086225748062134,0.7387497425079346,0
seg-only,"(3.0, 8.0, 0.3, 0.6)",1.5093460083007812,0.7624703645706177,0.7163770198822021,0
seg-only,"(3.0, 8.0, 0.3, 0.6)",1.5792262554168701,0.7528567314147949,0.5354099273681641,0
seg-only,"(3.0, 8.0, 0.3, 0.6)",1.6100274324417114,0.7663242816925049,0.7432354688644409,0
seg-only,"(3.0, 8.0, 0.3, 0.6)",1.536272406578064,0.8853724002838135,0.7330030202865601,0
seg-only,"(3.0, 8.0, 0.3, 0.6)",1.5747127532958984,0.8554739952087402,0.5818905830383301,0
seg-only,"(3.0, 8.0, 0.3, 0.6)",1.6144516468048096,0.909177839756012,0.7020101547241211,0
seg-only,"(3.0, 8.0, 0.3, 0.6)",1.5478450059890747,0.7967027425765991,0.5094678401947021,0
seg-only,"(3.0, 8.0, 0.3, -0.3)",1.5101900100708008,0.7022888660430908,1.1302587985992432,0
seg-only,"(3.0, 8.0, 0.3, -0.3)",1.5819044709205627,0.8591142892837524,1.5135939121246338,0
seg-only,"(3.0, 8.0, 0.3, -0.3)",1.520094871520996,0.7648059129714966,1.264589548110962,0
seg-only,"(3.0, 8.0, 0.3, -0.3)",1.6062317490577698,0.7400779724121094,1.1734180450439453,0
seg-only,"(3.0, 8.0, 0.3, -0.3)",1.4877410531044006,0.7789447903633118,1.3533246517181396,0
seg-only,"(3.0, 8.0, 0.3, -0.3)",1.5676767826080322,0.8361852169036865,1.304642915725708,0
seg-only,"(3.0, 8.0, 0.3, -0.3)",1.5866700410842896,0.8127948045730591,1.214372158050537,0
seg-only,"(3.0, 8.0, 0.3, -0.3)",1.5664067268371582,0.8065519332885742,1.2816483974456787,0
seg-only,"(3.0, 8.0, 0.3, -0.3)",1.511934757232666,0.9157680869102478,1.5895793437957764,0
seg-only,"(3.0, 8.0, 0.3, -0.3)",1.5279295444488525,0.7490036487579346,1.182577133178711,0
seg-only,"(3.0, 8.0, 0.3, -0.3)",1.595024585723877,0.8396344184875488,1.4096803665161133,0
seg-only,"(3.0, 8.0, 0.3, -0.3)",1.5099009275436401,0.7402719259262085,1.153273582458496,0
seg-only,"(3.0, 8.0, 0.3, -0.3)",1.6187400817871094,0.8418623208999634,1.3787381649017334,0
seg-only,"(3.0, 8.0, 0.3, -0.3)",1.4997243285179138,0.7770742177963257,1.223832130432129,0
seg-only,"(3.0, 8.0, 0.3, -0.3)",1.5391472578048706,0.8878651857376099,1.3559479713439941,0
seg-only,"(3.0, 8.0, 0.7, 0.0)",1.1011039018630981,0.35763370990753174,0.5469610691070557,0
seg-only,"(3.0, 8.0, 0.7, 0.0)",1.0647067427635193,0.3511393070220947,0.42807817459106445,0
seg-only,"(3.0, 8.0, 0.7, 0.0)",1.1052842140197754,0.44073033332824707,0.6008875370025635,0
seg-only,"(3.0, 8.0, 0.7, 0.0)",1.1258662343025208,0.350502610206604,0.5450453758239746,0
seg-only,"(3.0, 8.0, 0.7, 0.0)",1.0742188096046448,0.3304407596588135,0.251431941986084,0
seg-only,"(3.0, 8.0, 0.7, 0.0)",1.0985214710235596,0.34320926666259766,0.38509035110473633,0
seg-only,"(3.0, 8.0, 0.7, 0.0)",1.1080792546272278,0.4394240379333496,0.8164527416229248,0
seg-only,"(3.0, 8.0, 0.7, 0.0)",1.1059783101081848,0.33550286293029785,0.6435930728912354,0
seg-only,"(3.0, 8.0, 0.7, 0.0)",1.0779376029968262,0.3594839572906494,0.49237680435180664,0
seg-only,"(3.0, 8.0, 0.7, 0.0)",1.082129418849945,0.38182055950164795,0.48647093772888184,0
seg-only,"(3.0, 8.0, 0.7, 0.0)",1.1112498044967651,0.3803306818008423,0.487044095993042,0
seg-only,"(3.0, 8.0, 0.7, 0.0)",1.080174207687378,0.37443268299102783,0.621018648147583,0
seg-only,"(3.0, 8.0, 0.7, 0.0)",1.058374047279358,0.38364291191101074,0.42700862884521484,0
seg-only,"(3.0, 8.0, 0.7, 0.0)",1.1045857071876526,0.3489338159561157,0.5161571502685547,0
seg-only,"(3.0, 8.0, 0.7, 0.0)",1.0302677750587463,0.3390406370162964,0.6830222606658936,0
seg-only,"(3.0, 8.0, 0.7, 0.3)",1.029097855091095,0.3143507242202759,0.32533884048461914,0
seg-only,"(3.0, 8.0, 0.7, 0.3)",1.0423187613487244,0.36644208431243896,0.45528244972229004,0
seg-only,"(3.0, 8.0, 0.7, 0.3)",1.0909174680709839,0.3935509920120239,0.4853851795196533,0
seg-only,"(3.0, 8.0, 0.7, 0.3)",1.117394208908081,0.4383007287979126,0.5389919281005859,0
seg-only,"(3.0, 8.0, 0.7, 0.3)",1.119368314743042,0.36730051040649414,0.3238677978515625,0
seg-only,"(3.0, 8.0, 0.7, 0.3)",1.0966097116470337,0.4270036220550537,0.3947608470916748,0
seg-only,"(3.0, 8.0, 0.7, 0.3)",1.1019394993782043,0.28471696376800537,0.3265964984893799,0
seg-only,"(3.0, 8.0, 0.7, 0.3)",1.1325196027755737,0.37774658203125,0.2690565586090088,0
seg-only,"(3.0, 8.0, 0.7, 0.3)",1.080557107925415,0.43942391872406006,0.6368908882141113,0
seg-only,"(3.0, 8.0, 0.7, 0.3)",1.124481737613678,0.3703411817550659,0.4373514652252197,0
seg-only,"(3.0, 8.0, 0.7, 0.3)",1.1312026977539062,0.4527745246887207,0.362194299697876,0
seg-only,"(3.0, 8.0, 0.7, 0.3)",1.074520766735077,0.39512479305267334,0.44574785232543945,0
seg-only,"(3.0, 8.0, 0.7, 0.3)",1.1213368773460388,0.3805079460144043,0.41930675506591797,0
seg-only,"(3.0, 8.0, 0.7, 0.3)",1.0463095307350159,0.33809661865234375,0.3364863395690918,0
seg-only,"(3.0, 8.0, 0.7, 0.3)",1.088442862033844,0.33366334438323975,0.530980110168457,0
seg-only,"(3.0, 8.0, 0.7, 0.6)",1.051015317440033,0.26541876792907715,0.2482280731201172,0
seg-only,"(3.0, 8.0, 0.7, 0.6)",1.1152573823928833,0.4176100492477417,0.338836669921875,0
seg-only,"(3.0, 8.0, 0.7, 0.6)",1.074546754360199,0.384130597114563,0.21159815788269043,0
seg-only,"(3.0, 8.0, 0.7, 0.6)",1.1265466809272766,0.41654419898986816,0.19266533851623535,0
seg-only,"(3.0, 8.0, 0.7, 0.6)",1.1262935996055603,0.3826127052307129,0.0041484832763671875,0
seg-only,"(3.0, 8.0, 0.7, 0.6)",1.16095370054245,0.500717043876648,0.3425109386444092,0
seg-only,"(3.0, 8.0, 0.7, 0.6)",1.0558595657348633,0.2601407766342163,0.2690718173980713,0
seg-only,"(3.0, 8.0, 0.7, 0.6)",1.1456409096717834,0.37200212478637695,0.17048025131225586,0
seg-only,"(3.0, 8.0, 0.7, 0.6)",1.1482312679290771,0.32226383686065674,0.2937602996826172,0
seg-only,"(3.0, 8.0, 0.7, 0.6)",1.1211169958114624,0.344075083732605,0.5355470180511475,0
seg-only,"(3.0, 8.0, 0.7, 0.6)",1.1471176743507385,0.4815267324447632,0.466336727142334,0
seg-only,"(3.0, 8.0, 0.7, 0.6)",1.0549041032791138,0.4029874801635742,0.2333204746246338,0
seg-only,"(3.0, 8.0, 0.7, 0.6)",1.0384469032287598,0.2775294780731201,0.10132765769958496,0
seg-only,"(3.0, 8.0, 0.7, 0.6)",1.1455817222595215,0.4073786735534668,0.3598315715789795,0
seg-only,"(3.0, 8.0, 0.7, 0.6)",1.114841878414154,0.32390618324279785,0.3052651882171631,0
seg-only,"(3.0, 8.0, 0.7, -0.3)",1.0628159642219543,0.41642284393310547,0.7423086166381836,0
seg-only,"(3.0, 8.0, 0.7, -0.3)",1.0932723879814148,0.3886052370071411,0.6326987743377686,0
seg-only,"(3.0, 8.0, 0.7, -0.3)",1.0650476217269897,0.317984938621521,0.32680702209472656,0
seg-only,"(3.0, 8.0, 0.7, -0.3)",1.1019958853721619,0.3737450838088989,0.6351165771484375,0
seg-only,"(3.0, 8.0, 0.7, -0.3)",1.061030626296997,0.36363279819488525,0.521648645401001,0
seg-only,"(3.0, 8.0, 0.7, -0.3)",1.152393639087677,0.40188920497894287,0.6391720771789551,0
seg-only,"(3.0, 8.0, 0.7, -0.3)",1.0700112581253052,0.3466360569000244,0.550966739654541,0
seg-only,"(3.0, 8.0, 0.7, -0.3)",1.1077750325202942,0.3705477714538574,0.5905294418334961,0
seg-only,"(3.0, 8.0, 0.7, -0.3)",1.0890832543373108,0.3210526704788208,0.4864480495452881,0
seg-only,"(3.0, 8.0, 0.7, -0.3)",1.0635477304458618,0.31584906578063965,0.5127365589141846,0
seg-only,"(3.0, 8.0, 0.7, -0.3)",1.1086660623550415,0.34711360931396484,0.5766587257385254,0
seg-only,"(3.0, 8.0, 0.7, -0.3)",1.0645565390586853,0.2971287965774536,0.38747167587280273,0
seg-only,"(3.0, 8.0, 0.7, -0.3)",1.0709738731384277,0.3453432321548462,0.6477417945861816,0
seg-only,"(3.0, 8.0, 0.7, -0.3)",1.108417570590973,0.3321124315261841,0.5206294059753418,0
seg-only,"(3.0, 8.0, 0.7, -0.3)",1.1154310703277588,0.39459681510925293,0.6194629669189453,0
seg-only,"(3.0, 20.0, 0.3, 0.0)",1.2208328247070312,0.4477565288543701,0.6045413017272949,0
seg-only,"(3.0, 20.0, 0.3, 0.0)",1.261031687259674,0.47127652168273926,0.7108187675476074,0
seg-only,"(3.0, 20.0, 0.3, 0.0)",1.2231957912445068,0.5447925329208374,0.878300666809082,0
seg-only,"(3.0, 20.0, 0.3, 0.0)",1.2372013330459595,0.48003482818603516,0.7532215118408203,0
seg-only,"(3.0, 20.0, 0.3, 0.0)",1.2548075318336487,0.444133996963501,0.7294738292694092,0
seg-only,"(3.0, 20.0, 0.3, 0.0)",1.2466042041778564,0.35043513774871826,0.4598076343536377,0
seg-only,"(3.0, 20.0, 0.3, 0.0)",1.2451204657554626,0.39339983463287354,0.6995799541473389,0
seg-only,"(3.0, 20.0, 0.3, 0.0)",1.2361313700675964,0.40449655055999756,0.5133681297302246,0
seg-only,"(3.0, 20.0, 0.3, 0.0)",1.259390413761139,0.4521743059158325,0.6690773963928223,0
seg-only,"(3.0, 20.0, 0.3, 0.0)",1.2517706155776978,0.4117666482925415,0.48042917251586914,0
seg-only,"(3.0, 20.0, 0.3, 0.0)",1.236057698726654,0.4101220369338989,0.42072105407714844,0
seg-only,"(3.0, 20.0, 0.3, 0.0)",1.1757246851921082,0.43515658378601074,0.6852056980133057,0
seg-only,"(3.0, 20.0, 0.3, 0.0)",1.1804710626602173,0.4076673984527588,0.5630171298980713,0
seg-only,"(3.0, 20.0, 0.3, 0.0)",1.2683206796646118,0.46033263206481934,0.6373255252838135,0
seg-only,"(3.0, 20.0, 0.3, 0.0)",1.186919629573822,0.3861809968948364,0.7084863185882568,0
seg-only,"(3.0, 20.0, 0.3, 0.3)",1.300876259803772,0.43167710304260254,0.47294068336486816,0
seg-only,"(3.0, 20.0, 0.3, 0.3)",1.1585564613342285,0.3024153709411621,0.3528625965118408,0
seg-only,"(3.0, 20.0, 0.3, 0.3)",1.2545902132987976,0.48767268657684326,0.5151007175445557,0
seg-only,"(3.0, 20.0, 0.3, 0.3)",1.2047773599624634,0.33304548263549805,0.5655527114868164,0
seg-only,"(3.0, 20.0, 0.3, 0.3)",1.1913672089576721,0.3733828067779541,0.4525620937347412,0
seg-only,"(3.0, 20.0, 0.3, 0.3)",1.1541200280189514,0.3758270740509033,0.348006010055542,0
seg-only,"(3.0, 20.0, 0.3, 0.3)",1.2060619592666626,0.3539501428604126,0.3382747173309326,0
seg-only,"(3.0, 20.0, 0.3, 0.3)",1.1685466170310974,0.4668060541152954,0.5475625991821289,0
seg-only,"(3.0, 20.0, 0.3, 0.3)",1.2542511224746704,0.45966172218322754,0.5005671977996826,0
seg-only,"(3.0, 20.0, 0.3, 0.3)",1.1904375553131104,0.46101832389831543,0.5478115081787109,0
seg-only,"(3.0, 20.0, 0.3, 0.3)",1.2189838290214539,0.4224982261657715,0.46481990814208984,0
seg-only,"(3.0, 20.0, 0.3, 0.3)",1.2925928831100464,0.4021660089492798,0.4227290153503418,0
seg-only,"(3.0, 20.0, 0.3, 0.3)",1.1962609887123108,0.4133627414703369,0.6472980976104736,0
seg-only,"(3.0, 20.0, 0.3, 0.3)",1.2421315908432007,0.4922778606414795,0.589531660079956,0
seg-only,"(3.0, 20.0, 0.3, 0.3)",1.2802337408065796,0.46773767471313477,0.5580136775970459,0
seg-only,"(3.0, 20.0, 0.3, 0.6)",1.2950943112373352,0.5110698938369751,0.30632543563842773,0
seg-only,"(3.0, 20.0, 0.3, 0.6)",1.1932647824287415,0.3655444383621216,0.14664101600646973,0
seg-only,"(3.0, 20.0, 0.3, 0.6)",1.204825758934021,0.47053778171539307,0.4143787622451782,0
seg-only,"(3.0, 20.0, 0.3, 0.6)",1.1999863386154175,0.37574660778045654,0.17902445793151855,0
seg-only,"(3.0, 20.0, 0.3, 0.6)",1.1870227456092834,0.4169178009033203,0.5414541959762573,0
seg-only,"(3.0, 20.0, 0.3, 0.6)",1.189952552318573,0.39147210121154785,0.36341047286987305,0
seg-only,"(3.0, 20.0, 0.3, 0.6)",1.1910786032676697,0.3936915397644043,0.35181450843811035,0
seg-only,"(3.0, 20.0, 0.3, 0.6)",1.1789089441299438,0.45127248764038086,0.353090763092041,0
seg-only,"(3.0, 20.0, 0.3, 0.6)",1.3539447784423828,0.6476362943649292,0.5985286235809326,0
seg-only,"(3.0, 20.0, 0.3, 0.6)",1.201168417930603,0.3890320062637329,0.2422327995300293,0
seg-only,"(3.0, 20.0, 0.3, 0.6)",1.2121538519859314,0.46194350719451904,0.3793051242828369,0
seg-only,"(3.0, 20.0, 0.3, 0.6)",1.3170124888420105,0.6001970767974854,0.24341297149658203,0
seg-only,"(3.0, 20.0, 0.3, 0.6)",1.2658336162567139,0.5002545118331909,0.4777848720550537,0
seg-only,"(3.0, 20.0, 0.3, 0.6)",1.1781815886497498,0.4700431823730469,0.46680545806884766,0
seg-only,"(3.0, 20.0, 0.3, 0.6)",1.2275677919387817,0.4237406253814697,0.26981425285339355,0
seg-only,"(3.0, 20.0, 0.3, -0.3)",1.2312842011451721,0.5124902725219727,0.8812625408172607,0
seg-only,"(3.0, 20.0, 0.3, -0.3)",1.219241440296173,0.4547271728515625,0.8194522857666016,0
seg-only,"(3.0, 20.0, 0.3, -0.3)",1.189046323299408,0.466752290725708,0.7033076286315918,0
seg-only,"(3.0, 20.0, 0.3, -0.3)",1.2494850158691406,0.513136625289917,1.0074231624603271,0
seg-only,"(3.0, 20.0, 0.3, -0.3)",1.238139808177948,0.46448373794555664,0.7829148769378662,0
seg-only,"(3.0, 20.0, 0.3, -0.3)",1.2171803712844849,0.4772132635116577,0.7932379245758057,0
seg-only,"(3.0, 20.0, 0.3, -0.3)",1.2228341698646545,0.5352541208267212,0.8858280181884766,0
seg-only,"(3.0, 20.0, 0.3, -0.3)",1.2256321907043457,0.4630849361419678,0.7984561920166016,0
seg-only,"(3.0, 20.0, 0.3, -0.3)",1.2679449915885925,0.5130024552345276,0.7669322490692139,0
seg-only,"(3.0, 20.0, 0.3, -0.3)",1.2189920544624329,0.44076335430145264,0.739389181137085,0
seg-only,"(3.0, 20.0, 0.3, -0.3)",1.1960828304290771,0.36002254486083984,0.7194817066192627,0
seg-only,"(3.0, 20.0, 0.3, -0.3)",1.2623865008354187,0.39414656162261963,0.6329507827758789,0
seg-only,"(3.0, 20.0, 0.3, -0.3)",1.3084211349487305,0.5240048170089722,0.8140854835510254,0
seg-only,"(3.0, 20.0, 0.3, -0.3)",1.2360807657241821,0.39605438709259033,0.7676458358764648,0
seg-only,"(3.0, 20.0, 0.3, -0.3)",1.203828513622284,0.5628055930137634,0.9469287395477295,0
seg-only,"(3.0, 20.0, 0.7, 0.0)",0.6977064311504364,0.10903942584991455,0.12827253341674805,0
seg-only,"(3.0, 20.0, 0.7, 0.0)",0.7100867331027985,0.0666893720626831,0.14720392227172852,0
seg-only,"(3.0, 20.0, 0.7, 0.0)",0.6979751884937286,0.08195805549621582,0.16216206550598145,0
seg-only,"(3.0, 20.0, 0.7, 0.0)",0.7181271910667419,0.11422479152679443,0.19199085235595703,0
seg-only,"(3.0, 20.0, 0.7, 0.0)",0.6874338388442993,0.10589003562927246,0.1074070930480957,0
seg-only,"(3.0, 20.0, 0.7, 0.0)",0.6961487531661987,0.13264703750610352,0.12694931030273438,0
seg-only,"(3.0, 20.0, 0.7, 0.0)",0.7043574154376984,0.10045719146728516,0.14754629135131836,0
seg-only,"(3.0, 20.0, 0.7, 0.0)",0.6607699394226074,0.08579683303833008,0.11039996147155762,0
seg-only,"(3.0, 20.0, 0.7, 0.0)",0.7117726802825928,0.1931314468383789,0.2151188850402832,0
seg-only,"(3.0, 20.0, 0.7, 0.0)",0.6958776414394379,0.1530313491821289,0.23437261581420898,0
seg-only,"(3.0, 20.0, 0.7, 0.0)",0.70363649725914,0.07472443580627441,0.006080150604248047,0
seg-only,"(3.0, 20.0, 0.7, 0.0)",0.7328887581825256,0.09953904151916504,0.08201837539672852,0
seg-only,"(3.0, 20.0, 0.7, 0.0)",0.7399803400039673,0.1444544792175293,0.3081684112548828,0
seg-only,"(3.0, 20.0, 0.7, 0.0)",0.665848582983017,0.1340702772140503,0.2613701820373535,0
seg-only,"(3.0, 20.0, 0.7, 0.0)",0.7106913924217224,0.11067068576812744,0.1460723876953125,0
seg-only,"(3.0, 20.0, 0.7, 0.3)",0.7023340463638306,0.12224531173706055,0.22487354278564453,0
seg-only,"(3.0, 20.0, 0.7, 0.3)",0.7214597165584564,0.16225063800811768,0.08055806159973145,0
seg-only,"(3.0, 20.0, 0.7, 0.3)",0.6928020417690277,0.12196183204650879,0.23793625831604004,0
seg-only,"(3.0, 20.0, 0.7, 0.3)",0.704255998134613,0.0865546464920044,0.0870981216430664,0
seg-only,"(3.0, 20.0, 0.7, 0.3)",0.7266882658004761,0.12487459182739258,0.1715869903564453,0
seg-only,"(3.0, 20.0, 0.7, 0.3)",0.7213281095027924,0.1370236873626709,0.17553138732910156,0
seg-only,"(3.0, 20.0, 0.7, 0.3)",0.7043551802635193,0.06700301170349121,0.09954977035522461,0
seg-only,"(3.0, 20.0, 0.7, 0.3)",0.7721160352230072,0.20857226848602295,0.15935206413269043,0
seg-only,"(3.0, 20.0, 0.7, 0.3)",0.7163864076137543,0.1799095869064331,0.11206722259521484,0
seg-only,"(3.0, 20.0, 0.7, 0.3)",0.6787567436695099,0.11124372482299805,0.16999483108520508,0
seg-only,"(3.0, 20.0, 0.7, 0.3)",0.6966057419776917,0.09521615505218506,0.16581368446350098,0
seg-only,"(3.0, 20.0, 0.7, 0.3)",0.6904695928096771,0.11153101921081543,0.11145830154418945,0
seg-only,"(3.0, 20.0, 0.7, 0.3)",0.7237956821918488,0.1087723970413208,0.21146035194396973,0
seg-only,"(3.0, 20.0, 0.7, 0.3)",0.7309819757938385,0.1446751356124878,0.10187554359436035,0
seg-only,"(3.0, 20.0, 0.7, 0.3)",0.7126257717609406,0.13605248928070068,0.06471967697143555,0
seg-only,"(3.0, 20.0, 0.7, 0.6)",0.70280322432518,0.05428183078765869,0.031180620193481445,0
seg-only,"(3.0, 20.0, 0.7, 0.6)",0.704640656709671,0.10810315608978271,0.018294572830200195,0
seg-only,"(3.0, 20.0, 0.7, 0.6)",0.714240550994873,0.11401486396789551,0.18127012252807617,0
seg-only,"(3.0, 20.0, 0.7, 0.6)",0.7170040309429169,0.07633256912231445,0.005806922912597656,0
seg-only,"(3.0, 20.0, 0.7, 0.6)",0.7386957406997681,0.18932020664215088,0.03708076477050781,0
seg-only,"(3.0, 20.0, 0.7, 0.6)",0.690731406211853,0.1063072681427002,0.06672859191894531,0
seg-only,"(3.0, 20.0, 0.7, 0.6)",0.6487970352172852,0.15525007247924805,0.14532506465911865,0
seg-only,"(3.0, 20.0, 0.7, 0.6)",0.69657763838768,0.13559508323669434,0.046004533767700195,0
seg-only,"(3.0, 20.0, 0.7, 0.6)",0.7201629877090454,0.0816306471824646,0.10909461975097656,0
seg-only,"(3.0, 20.0, 0.7, 0.6)",0.6799208521842957,0.09645521640777588,0.04272150993347168,0
seg-only,"(3.0, 20.0, 0.7, 0.6)",0.6890092492103577,0.08604347705841064,0.019529104232788086,0
seg-only,"(3.0, 20.0, 0.7, 0.6)",0.7802424728870392,0.23524677753448486,0.01244664192199707,0
seg-only,"(3.0, 20.0, 0.7, 0.6)",0.6948795318603516,0.12259304523468018,0.022719621658325195,0
seg-only,"(3.0, 20.0, 0.7, 0.6)",0.6545183658599854,0.09452545642852783,0.0977010726928711,0
seg-only,"(3.0, 20.0, 0.7, 0.6)",0.6804793775081635,0.06257021427154541,0.09270715713500977,0
seg-only,"(3.0, 20.0, 0.7, -0.3)",0.7553035914897919,0.14082980155944824,0.23833560943603516,0
seg-only,"(3.0, 20.0, 0.7, -0.3)",0.7352375388145447,0.1562807559967041,0.2938852310180664,0
seg-only,"(3.0, 20.0, 0.7, -0.3)",0.7013469934463501,0.13541138172149658,0.2312760353088379,0
seg-only,"(3.0, 20.0, 0.7, -0.3)",0.6948226690292358,0.13666653633117676,0.1804943084716797,0
seg-only,"(3.0, 20.0, 0.7, -0.3)",0.7646146416664124,0.0909041166305542,0.20527029037475586,0
seg-only,"(3.0, 20.0, 0.7, -0.3)",0.702080249786377,0.15638554096221924,0.20008468627929688,0
seg-only,"(3.0, 20.0, 0.7, -0.3)",0.666584849357605,0.07237386703491211,0.09202957153320312,0
seg-only,"(3.0, 20.0, 0.7, -0.3)",0.763847142457962,0.16634821891784668,0.3447856903076172,0
seg-only,"(3.0, 20.0, 0.7, -0.3)",0.6853704452514648,0.15858173370361328,0.2585287094116211,0
seg-only,"(3.0, 20.0, 0.7, -0.3)",0.724294900894165,0.11679577827453613,0.16208696365356445,0
seg-only,"(3.0, 20.0, 0.7, -0.3)",0.6448516249656677,0.09131956100463867,0.22861099243164062,0
seg-only,"(3.0, 20.0, 0.7, -0.3)",0.6771068572998047,0.09135043621063232,0.13779783248901367,0
seg-only,"(3.0, 20.0, 0.7, -0.3)",0.6984148025512695,0.07904660701751709,0.08463144302368164,0
seg-only,"(3.0, 20.0, 0.7, -0.3)",0.6800650954246521,0.10910701751708984,0.17050552368164062,0
seg-only,"(3.0, 20.0, 0.7, -0.3)",0.7119016945362091,0.11911356449127197,0.24645543098449707,0
seg-only,"(1.5, 8.0, 0.3, 0.0)",0.8215727806091309,0.3480502963066101,0.4227837324142456,1
seg-only,"(1.5, 8.0, 0.3, 0.0)",0.8050539791584015,0.379300594329834,0.5887488126754761,1
seg-only,"(1.5, 8.0, 0.3, 0.0)",0.8163306713104248,0.3621099591255188,0.5071581602096558,1
seg-only,"(1.5, 8.0, 0.3, 0.0)",0.8372224867343903,0.3612784743309021,0.4853140115737915,1
seg-only,"(1.5, 8.0, 0.3, 0.0)",0.8243041038513184,0.3871500492095947,0.6235193014144897,1
seg-only,"(1.5, 8.0, 0.3, 0.0)",0.8161538243293762,0.3809821605682373,0.527263879776001,1
seg-only,"(1.5, 8.0, 0.3, 0.0)",0.7987347543239594,0.3793855309486389,0.519373893737793,1
seg-only,"(1.5, 8.0, 0.3, 0.0)",0.8495980799198151,0.41133278608322144,0.6674259901046753,1
seg-only,"(1.5, 8.0, 0.3, 0.0)",0.8327811658382416,0.3454180955886841,0.530779242515564,1
seg-only,"(1.5, 8.0, 0.3, 0.0)",0.8143033385276794,0.3150787949562073,0.459230899810791,1
seg-only,"(1.5, 8.0, 0.3, 0.0)",0.8217559158802032,0.35807329416275024,0.4156002998352051,1
seg-only,"(1.5, 8.0, 0.3, 0.0)",0.8217512965202332,0.35294109582901,0.48918938636779785,1
seg-only,"(1.5, 8.0, 0.3, 0.0)",0.8666492104530334,0.4169440269470215,0.5265039205551147,1
seg-only,"(1.5, 8.0, 0.3, 0.0)",0.7901246547698975,0.3454957604408264,0.5273385047912598,1
seg-only,"(1.5, 8.0, 0.3, 0.0)",0.7931613922119141,0.43227285146713257,0.5518685579299927,1
seg-only,"(1.5, 8.0, 0.3, 0.3)",0.8202817142009735,0.3595501780509949,0.414461612701416,1
seg-only,"(1.5, 8.0, 0.3, 0.3)",0.8490738868713379,0.397982656955719,0.5935454368591309,1
seg-only,"(1.5, 8.0, 0.3, 0.3)",0.8209143280982971,0.372641384601593,0.42415642738342285,1
seg-only,"(1.5, 8.0, 0.3, 0.3)",0.8579021990299225,0.3833311200141907,0.41474711894989014,1
seg-only,"(1.5, 8.0, 0.3, 0.3)",0.8290931582450867,0.3869149088859558,0.45791804790496826,1
seg-only,"(1.5, 8.0, 0.3, 0.3)",0.8172557353973389,0.3660699725151062,0.44837331771850586,1
seg-only,"(1.5, 8.0, 0.3, 0.3)",0.7943995893001556,0.40227973461151123,0.42447543144226074,1
seg-only,"(1.5, 8.0, 0.3, 0.3)",0.8358669877052307,0.44718247652053833,0.612666130065918,1
seg-only,"(1.5, 8.0, 0.3, 0.3)",0.7813617587089539,0.40576136112213135,0.44306814670562744,1
seg-only,"(1.5, 8.0, 0.3, 0.3)",0.8409819900989532,0.3835381269454956,0.41425371170043945,1
seg-only,"(1.5, 8.0, 0.3, 0.3)",0.8294955492019653,0.39433008432388306,0.3636777400970459,1
seg-only,"(1.5, 8.0, 0.3, 0.3)",0.9038413465023041,0.4213690459728241,0.37189149856567383,1
seg-only,"(1.5, 8.0, 0.3, 0.3)",0.8202473521232605,0.36080431938171387,0.3400840759277344,1
seg-only,"(1.5, 8.0, 0.3, 0.3)",0.8387642502784729,0.42849934101104736,0.5355842113494873,1
seg-only,"(1.5, 8.0, 0.3, 0.3)",0.8202935457229614,0.3902338147163391,0.4679229259490967,1
seg-only,"(1.5, 8.0, 0.3, 0.6)",0.8114687502384186,0.40454965829849243,0.3132150173187256,1
seg-only,"(1.5, 8.0, 0.3, 0.6)",0.818030834197998,0.3810003995895386,0.2255934476852417,1
seg-only,"(1.5, 8.0, 0.3, 0.6)",0.8361469209194183,0.40391236543655396,0.2235724925994873,1
seg-only,"(1.5, 8.0, 0.3, 0.6)",0.7917237877845764,0.38069280982017517,0.229223370552063,1
seg-only,"(1.5, 8.0, 0.3, 0.6)",0.8222306072711945,0.41062742471694946,0.40013283491134644,1
seg-only,"(1.5, 8.0, 0.3, 0.6)",0.7916054725646973,0.31461066007614136,0.17223727703094482,1
seg-only,"(1.5, 8.0, 0.3, 0.6)",0.8360781073570251,0.42340177297592163,0.2691110372543335,1
seg-only,"(1.5, 8.0, 0.3, 0.6)",0.82940474152565,0.30781853199005127,0.20553934574127197,1
seg-only,"(1.5, 8.0, 0.3, 0.6)",0.8035223484039307,0.4668814539909363,0.24526762962341309,1
seg-only,"(1.5, 8.0, 0.3, 0.6)",0.8579283058643341,0.42820578813552856,0.2747446298599243,1
seg-only,"(1.5, 8.0, 0.3, 0.6)",0.7917112112045288,0.3605838418006897,0.2962714433670044,1
seg-only,"(1.5, 8.0, 0.3, 0.6)",0.8490492105484009,0.4771268665790558,0.3635556697845459,1
seg-only,"(1.5, 8.0, 0.3, 0.6)",0.8389371633529663,0.3707786202430725,0.26997387409210205,1
seg-only,"(1.5, 8.0, 0.3, 0.6)",0.8601761162281036,0.31644147634506226,0.2179471254348755,1
seg-only,"(1.5, 8.0, 0.3, 0.6)",0.8320551514625549,0.4610888659954071,0.34149718284606934,1
seg-only,"(1.5, 8.0, 0.3, -0.3)",0.8072222173213959,0.3810751736164093,0.6781167984008789,1
seg-only,"(1.5, 8.0, 0.3, -0.3)",0.815919429063797,0.39672666788101196,0.5805795192718506,1
seg-only,"(1.5, 8.0, 0.3, -0.3)",0.8065319359302521,0.34075117111206055,0.558418869972229,1
seg-only,"(1.5, 8.0, 0.3, -0.3)",0.847379744052887,0.43656450510025024,0.6891669034957886,1
seg-only,"(1.5, 8.0, 0.3, -0.3)",0.8495706915855408,0.3874777555465698,0.6568759679794312,1
seg-only,"(1.5, 8.0, 0.3, -0.3)",0.821252316236496,0.4393705725669861,0.6832106113433838,1
seg-only,"(1.5, 8.0, 0.3, -0.3)",0.806453675031662,0.3157539367675781,0.6097644567489624,1
seg-only,"(1.5, 8.0, 0.3, -0.3)",0.8143527507781982,0.40656012296676636,0.7085868120193481,1
seg-only,"(1.5, 8.0, 0.3, -0.3)",0.8483931422233582,0.3558235168457031,0.5898175239562988,1
seg-only,"(1.5, 8.0, 0.3, -0.3)",0.8454624116420746,0.38798660039901733,0.6380374431610107,1
seg-only,"(1.5, 8.0, 0.3, -0.3)",0.8121169805526733,0.38939929008483887,0.6201282739639282,1
seg-only,"(1.5, 8.0, 0.3, -0.3)",0.852698802947998,0.3554342985153198,0.585834264755249,1
seg-only,"(1.5, 8.0, 0.3, -0.3)",0.7858842313289642,0.3645598888397217,0.6039563417434692,1
seg-only,"(1.5, 8.0, 0.3, -0.3)",0.8699026703834534,0.4100312888622284,0.635360598564148,1
seg-only,"(1.5, 8.0, 0.3, -0.3)",0.8037086725234985,0.34504199028015137,0.566220760345459,1
seg-only,"(1.5, 8.0, 0.7, 0.0)",0.5988694429397583,0.19995766878128052,0.3148164749145508,1
seg-only,"(1.5, 8.0, 0.7, 0.0)",0.6148894429206848,0.17087167501449585,0.33600151538848877,1
seg-only,"(1.5, 8.0, 0.7, 0.0)",0.5650262236595154,0.20165115594863892,0.36995863914489746,1
seg-only,"(1.5, 8.0, 0.7, 0.0)",0.6240241229534149,0.21460235118865967,0.3320319652557373,1
seg-only,"(1.5, 8.0, 0.7, 0.0)",0.6341513097286224,0.1623970866203308,0.1761000156402588,1
seg-only,"(1.5, 8.0, 0.7, 0.0)",0.6318539083003998,0.19088125228881836,0.2700998783111572,1
seg-only,"(1.5, 8.0, 0.7, 0.0)",0.5821634531021118,0.20196795463562012,0.33616673946380615,1
seg-only,"(1.5, 8.0, 0.7, 0.0)",0.6146944761276245,0.18278038501739502,0.2662086486816406,1
seg-only,"(1.5, 8.0, 0.7, 0.0)",0.5908021032810211,0.18502211570739746,0.3331063985824585,1
seg-only,"(1.5, 8.0, 0.7, 0.0)",0.6424568593502045,0.24446552991867065,0.30171895027160645,1
seg-only,"(1.5, 8.0, 0.7, 0.0)",0.6310935318470001,0.16495025157928467,0.25354301929473877,1
seg-only,"(1.5, 8.0, 0.7, 0.0)",0.6401801705360413,0.17771148681640625,0.23226165771484375,1
seg-only,"(1.5, 8.0, 0.7, 0.0)",0.6671535968780518,0.18766558170318604,0.18947958946228027,1
seg-only,"(1.5, 8.0, 0.7, 0.0)",0.6327627897262573,0.2496178150177002,0.2769021987915039,1
seg-only,"(1.5, 8.0, 0.7, 0.0)",0.6412007212638855,0.18435657024383545,0.3301675319671631,1
seg-only,"(1.5, 8.0, 0.7, 0.3)",0.6180189847946167,0.15704166889190674,0.2316892147064209,1
seg-only,"(1.5, 8.0, 0.7, 0.3)",0.6344065070152283,0.2064102292060852,0.18323123455047607,1
seg-only,"(1.5, 8.0, 0.7, 0.3)",0.6498428285121918,0.11641669273376465,0.01326000690460205,1
seg-only,"(1.5, 8.0, 0.7, 0.3)",0.653580367565155,0.2911731004714966,0.268612265586853,1
seg-only,"(1.5, 8.0, 0.7, 0.3)",0.5816977024078369,0.1692315936088562,0.16394305229187012,1
seg-only,"(1.5, 8.0, 0.7, 0.3)",0.5827545523643494,0.1781926155090332,0.17079460620880127,1
seg-only,"(1.5, 8.0, 0.7, 0.3)",0.600543349981308,0.2084050178527832,0.19642901420593262,1
seg-only,"(1.5, 8.0, 0.7, 0.3)",0.6461134254932404,0.23815834522247314,0.17367029190063477,1
seg-only,"(1.5, 8.0, 0.7, 0.3)",0.5574090480804443,0.1467573046684265,0.14371216297149658,1
seg-only,"(1.5, 8.0, 0.7, 0.3)",0.6300189197063446,0.21754121780395508,0.1432892084121704,1
seg-only,"(1.5, 8.0, 0.7, 0.3)",0.6385499238967896,0.152754008769989,0.1563330888748169,1
seg-only,"(1.5, 8.0, 0.7, 0.3)",0.6048804819583893,0.20205187797546387,0.23339521884918213,1
seg-only,"(1.5, 8.0, 0.7, 0.3)",0.5799878835678101,0.176663339138031,0.24457323551177979,1
seg-only,"(1.5, 8.0, 0.7, 0.3)",0.5744488537311554,0.19441008567810059,0.33549821376800537,1
seg-only,"(1.5, 8.0, 0.7, 0.3)",0.5693996250629425,0.1730186939239502,0.2827986478805542,1
seg-only,"(1.5, 8.0, 0.7, 0.6)",0.6285276114940643,0.18087053298950195,0.05600011348724365,1
seg-only,"(1.5, 8.0, 0.7, 0.6)",0.6344478130340576,0.23604369163513184,0.0063898563385009766,1
seg-only,"(1.5, 8.0, 0.7, 0.6)",0.6546271443367004,0.15820366144180298,0.07252907752990723,1
seg-only,"(1.5, 8.0, 0.7, 0.6)",0.6139101386070251,0.18772602081298828,0.14772570133209229,1
seg-only,"(1.5, 8.0, 0.7, 0.6)",0.665411114692688,0.23769307136535645,0.057576775550842285,1
seg-only,"(1.5, 8.0, 0.7, 0.6)",0.6069362163543701,0.1605789065361023,0.11120986938476562,1
seg-only,"(1.5, 8.0, 0.7, 0.6)",0.6383928954601288,0.2095041275024414,0.056351661682128906,1
seg-only,"(1.5, 8.0, 0.7, 0.6)",0.6491374969482422,0.2796924114227295,0.15814006328582764,1
seg-only,"(1.5, 8.0, 0.7, 0.6)",0.6117027401924133,0.20366781949996948,0.1398526430130005,1
seg-only,"(1.5, 8.0, 0.7, 0.6)",0.6502474546432495,0.21130722761154175,0.01758134365081787,1
seg-only,"(1.5, 8.0, 0.7, 0.6)",0.6353568136692047,0.21673405170440674,0.0528719425201416,1
seg-only,"(1.5, 8.0, 0.7, 0.6)",0.6313030421733856,0.157626211643219,0.15061044692993164,1
seg-only,"(1.5, 8.0, 0.7, 0.6)",0.6094197630882263,0.16799181699752808,0.10665154457092285,1
seg-only,"(1.5, 8.0, 0.7, 0.6)",0.5843141078948975,0.14261716604232788,0.07933390140533447,1
seg-only,"(1.5, 8.0, 0.7, 0.6)",0.6132807433605194,0.1746509075164795,0.008234381675720215,1
seg-only,"(1.5, 8.0, 0.7, -0.3)",0.6579231917858124,0.23793143033981323,0.46326887607574463,1
seg-only,"(1.5, 8.0, 0.7, -0.3)",0.6128058731555939,0.20306748151779175,0.3629729747772217,1
seg-only,"(1.5, 8.0, 0.7, -0.3)",0.5825703144073486,0.15743494033813477,0.29764866828918457,1
seg-only,"(1.5, 8.0, 0.7, -0.3)",0.5876142084598541,0.20843875408172607,0.32936298847198486,1
seg-only,"(1.5, 8.0, 0.7, -0.3)",0.6330642104148865,0.23230987787246704,0.3968021869659424,1
seg-only,"(1.5, 8.0, 0.7, -0.3)",0.6566266715526581,0.21048277616500854,0.3867015838623047,1
seg-only,"(1.5, 8.0, 0.7, -0.3)",0.5689902901649475,0.18598371744155884,0.21962058544158936,1
seg-only,"(1.5, 8.0, 0.7, -0.3)",0.6098145246505737,0.2000800371170044,0.38320624828338623,1
seg-only,"(1.5, 8.0, 0.7, -0.3)",0.6016409695148468,0.1243864893913269,0.1327495574951172,1
seg-only,"(1.5, 8.0, 0.7, -0.3)",0.5669902563095093,0.1772710680961609,0.3248438835144043,1
seg-only,"(1.5, 8.0, 0.7, -0.3)",0.6190643012523651,0.17497235536575317,0.28841495513916016,1
seg-only,"(1.5, 8.0, 0.7, -0.3)",0.6480765640735626,0.17465126514434814,0.26877737045288086,1
seg-only,"(1.5, 8.0, 0.7, -0.3)",0.5987272560596466,0.178541362285614,0.36357128620147705,1
seg-only,"(1.5, 8.0, 0.7, -0.3)",0.6396215260028839,0.17428380250930786,0.3051100969314575,1
seg-only,"(1.5, 8.0, 0.7, -0.3)",0.5857415497303009,0.1664797067642212,0.27168548107147217,1
seg-only,"(1.5, 20.0, 0.3, 0.0)",0.6659114062786102,0.2561802268028259,0.3710179328918457,1
seg-only,"(1.5, 20.0, 0.3, 0.0)",0.6917616128921509,0.24881607294082642,0.36656665802001953,1
seg-only,"(1.5, 20.0, 0.3, 0.0)",0.6540322005748749,0.21012014150619507,0.25133180618286133,1
seg-only,"(1.5, 20.0, 0.3, 0.0)",0.6643023490905762,0.2216888666152954,0.33351850509643555,1
seg-only,"(1.5, 20.0, 0.3, 0.0)",0.7173343598842621,0.26199185848236084,0.39392757415771484,1
seg-only,"(1.5, 20.0, 0.3, 0.0)",0.6513724625110626,0.12817740440368652,0.12986576557159424,1
seg-only,"(1.5, 20.0, 0.3, 0.0)",0.6798400580883026,0.213250994682312,0.2810976505279541,1
seg-only,"(1.5, 20.0, 0.3, 0.0)",0.6350326538085938,0.21041524410247803,0.21143531799316406,1
seg-only,"(1.5, 20.0, 0.3, 0.0)",0.6661288738250732,0.26647114753723145,0.354350209236145,1
seg-only,"(1.5, 20.0, 0.3, 0.0)",0.6967374086380005,0.19860243797302246,0.28879785537719727,1
seg-only,"(1.5, 20.0, 0.3, 0.0)",0.7012125849723816,0.20616400241851807,0.2533111572265625,1
seg-only,"(1.5, 20.0, 0.3, 0.0)",0.6893886029720306,0.24081408977508545,0.33899974822998047,1
seg-only,"(1.5, 20.0, 0.3, 0.0)",0.7107945382595062,0.19544142484664917,0.17016971111297607,1
seg-only,"(1.5, 20.0, 0.3, 0.0)",0.6575770080089569,0.24181431531906128,0.2630958557128906,1
seg-only,"(1.5, 20.0, 0.3, 0.0)",0.673140287399292,0.19715046882629395,0.3198106288909912,1
seg-only,"(1.5, 20.0, 0.3, 0.3)",0.6838104724884033,0.2863134741783142,0.3435922861099243,1
seg-only,"(1.5, 20.0, 0.3, 0.3)",0.6912659704685211,0.2577953040599823,0.2770942449569702,1
seg-only,"(1.5, 20.0, 0.3, 0.3)",0.6723143756389618,0.2528839111328125,0.29227960109710693,1
seg-only,"(1.5, 20.0, 0.3, 0.3)",0.6625267267227173,0.2506161332130432,0.2575256824493408,1
seg-only,"(1.5, 20.0, 0.3, 0.3)",0.6857780814170837,0.22309160232543945,0.21351194381713867,1
seg-only,"(1.5, 20.0, 0.3, 0.3)",0.6515077650547028,0.23748183250427246,0.3449695110321045,1
seg-only,"(1.5, 20.0, 0.3, 0.3)",0.6522011458873749,0.20219898223876953,0.19575822353363037,1
seg-only,"(1.5, 20.0, 0.3, 0.3)",0.6915361285209656,0.2100050449371338,0.1905069351196289,1
seg-only,"(1.5, 20.0, 0.3, 0.3)",0.7009007632732391,0.22382837533950806,0.27237212657928467,1
seg-only,"(1.5, 20.0, 0.3, 0.3)",0.722713440656662,0.22547203302383423,0.2964777946472168,1
seg-only,"(1.5, 20.0, 0.3, 0.3)",0.7040889859199524,0.22638022899627686,0.23477542400360107,1
seg-only,"(1.5, 20.0, 0.3, 0.3)",0.7216496765613556,0.15313184261322021,0.18519163131713867,1
seg-only,"(1.5, 20.0, 0.3, 0.3)",0.6990420818328857,0.1750999093055725,0.18894529342651367,1
seg-only,"(1.5, 20.0, 0.3, 0.3)",0.6771392226219177,0.16112536191940308,0.27549052238464355,1
seg-only,"(1.5, 20.0, 0.3, 0.3)",0.7106232047080994,0.17096543312072754,0.1902620792388916,1
seg-only,"(1.5, 20.0, 0.3, 0.6)",0.6841912269592285,0.25065988302230835,0.23694396018981934,1
seg-only,"(1.5, 20.0, 0.3, 0.6)",0.678972065448761,0.21692752838134766,0.06839561462402344,1
seg-only,"(1.5, 20.0, 0.3, 0.6)",0.671193927526474,0.2643235921859741,0.21390211582183838,1
seg-only,"(1.5, 20.0, 0.3, 0.6)",0.6770290732383728,0.18675369024276733,0.09644198417663574,1
seg-only,"(1.5, 20.0, 0.3, 0.6)",0.6365121304988861,0.150130033493042,0.07106947898864746,1
seg-only,"(1.5, 20.0, 0.3, 0.6)",0.6634150445461273,0.21714627742767334,0.11509537696838379,1
seg-only,"(1.5, 20.0, 0.3, 0.6)",0.6598108410835266,0.18803995847702026,0.12030088901519775,1
seg-only,"(1.5, 20.0, 0.3, 0.6)",0.6800900399684906,0.26377320289611816,0.22735261917114258,1
seg-only,"(1.5, 20.0, 0.3, 0.6)",0.6698508262634277,0.18915754556655884,0.1419285535812378,1
seg-only,"(1.5, 20.0, 0.3, 0.6)",0.6515797078609467,0.2102649211883545,0.07450675964355469,1
seg-only,"(1.5, 20.0, 0.3, 0.6)",0.6635643541812897,0.18102115392684937,0.08852648735046387,1
seg-only,"(1.5, 20.0, 0.3, 0.6)",0.684878796339035,0.12789791822433472,0.07886898517608643,1
seg-only,"(1.5, 20.0, 0.3, 0.6)",0.6960201263427734,0.22017788887023926,0.15582740306854248,1
seg-only,"(1.5, 20.0, 0.3, 0.6)",0.6892737746238708,0.23845821619033813,0.3029829263687134,1
seg-only,"(1.5, 20.0, 0.3, 0.6)",0.6863311529159546,0.26268506050109863,0.11827754974365234,1
seg-only,"(1.5, 20.0, 0.3, -0.3)",0.6465342342853546,0.19248580932617188,0.37494993209838867,1
seg-only,"(1.5, 20.0, 0.3, -0.3)",0.6817450821399689,0.20067572593688965,0.2925527095794678,1
seg-only,"(1.5, 20.0, 0.3, -0.3)",0.6607740819454193,0.12851953506469727,0.21385931968688965,1
seg-only,"(1.5, 20.0, 0.3, -0.3)",0.6859714090824127,0.27124714851379395,0.47157418727874756,1
seg-only,"(1.5, 20.0, 0.3, -0.3)",0.6692619919776917,0.2831941246986389,0.5211334228515625,1
seg-only,"(1.5, 20.0, 0.3, -0.3)",0.6502174139022827,0.17899703979492188,0.36628079414367676,1
seg-only,"(1.5, 20.0, 0.3, -0.3)",0.6170757114887238,0.19790691137313843,0.34190285205841064,1
seg-only,"(1.5, 20.0, 0.3, -0.3)",0.6541082561016083,0.24055206775665283,0.4735051393508911,1
seg-only,"(1.5, 20.0, 0.3, -0.3)",0.7185278832912445,0.24373149871826172,0.4004204273223877,1
seg-only,"(1.5, 20.0, 0.3, -0.3)",0.645487517118454,0.10107743740081787,0.22932815551757812,1
seg-only,"(1.5, 20.0, 0.3, -0.3)",0.733740359544754,0.1595807671546936,0.3306300640106201,1
seg-only,"(1.5, 20.0, 0.3, -0.3)",0.6857219934463501,0.22541242837905884,0.3346874713897705,1
seg-only,"(1.5, 20.0, 0.3, -0.3)",0.7552450299263,0.2595583200454712,0.39612412452697754,1
seg-only,"(1.5, 20.0, 0.3, -0.3)",0.6631425619125366,0.19918137788772583,0.33917999267578125,1
seg-only,"(1.5, 20.0, 0.3, -0.3)",0.720257580280304,0.1841503381729126,0.34810662269592285,1
seg-only,"(1.5, 20.0, 0.7, 0.0)",0.4595539718866348,0.08208709955215454,0.12598836421966553,1
seg-only,"(1.5, 20.0, 0.7, 0.0)",0.4333834648132324,0.00910264253616333,0.06566119194030762,1
seg-only,"(1.5, 20.0, 0.7, 0.0)",0.4186352491378784,0.02573716640472412,0.04926490783691406,1
seg-only,"(1.5, 20.0, 0.7, 0.0)",0.47318968176841736,0.03423583507537842,0.041434526443481445,1
seg-only,"(1.5, 20.0, 0.7, 0.0)",0.4572852551937103,0.029538094997406006,0.0011591911315917969,1
seg-only,"(1.5, 20.0, 0.7, 0.0)",0.43929408490657806,0.02338564395904541,0.02123725414276123,1
seg-only,"(1.5, 20.0, 0.7, 0.0)",0.4375629127025604,0.050678133964538574,0.06381988525390625,1
seg-only,"(1.5, 20.0, 0.7, 0.0)",0.4671716243028641,0.0835181474685669,0.009857654571533203,1
seg-only,"(1.5, 20.0, 0.7, 0.0)",0.45358410477638245,0.1139141321182251,0.05935311317443848,1
seg-only,"(1.5, 20.0, 0.7, 0.0)",0.4267638325691223,0.023234188556671143,0.030709505081176758,1
seg-only,"(1.5, 20.0, 0.7, 0.0)",0.42029523849487305,0.04929351806640625,0.019889354705810547,1
seg-only,"(1.5, 20.0, 0.7, 0.0)",0.42524608969688416,0.01641392707824707,0.011208653450012207,1
seg-only,"(1.5, 20.0, 0.7, 0.0)",0.4793391078710556,0.04727298021316528,0.017412900924682617,1
seg-only,"(1.5, 20.0, 0.7, 0.0)",0.43693290650844574,0.0512923002243042,0.018004655838012695,1
seg-only,"(1.5, 20.0, 0.7, 0.0)",0.4527377784252167,0.0475803017616272,0.04358720779418945,1
seg-only,"(1.5, 20.0, 0.7, 0.3)",0.44673268496990204,0.04966473579406738,0.06864070892333984,1
seg-only,"(1.5, 20.0, 0.7, 0.3)",0.45516110956668854,0.06035393476486206,0.08107328414916992,1
seg-only,"(1.5, 20.0, 0.7, 0.3)",0.47056278586387634,0.039820313453674316,0.11377894878387451,1
seg-only,"(1.5, 20.0, 0.7, 0.3)",0.4519471675157547,0.04562622308731079,0.056627631187438965,1
seg-only,"(1.5, 20.0, 0.7, 0.3)",0.41726428270339966,0.03166353702545166,0.043236494064331055,1
seg-only,"(1.5, 20.0, 0.7, 0.3)",0.43159621953964233,0.08090245723724365,0.02042365074157715,1
seg-only,"(1.5, 20.0, 0.7, 0.3)",0.4908156096935272,0.0941840410232544,0.09559774398803711,1
seg-only,"(1.5, 20.0, 0.7, 0.3)",0.4275050610303879,0.06610140204429626,0.10077893733978271,1
seg-only,"(1.5, 20.0, 0.7, 0.3)",0.4698937237262726,0.07324033975601196,0.030991315841674805,1
seg-only,"(1.5, 20.0, 0.7, 0.3)",0.3987433612346649,0.021961688995361328,0.018682360649108887,1
seg-only,"(1.5, 20.0, 0.7, 0.3)",0.4600559175014496,0.06147211790084839,0.07302165031433105,1
seg-only,"(1.5, 20.0, 0.7, 0.3)",0.4543497711420059,0.0845785140991211,0.030576229095458984,1
seg-only,"(1.5, 20.0, 0.7, 0.3)",0.43491944670677185,0.031260550022125244,0.017365455627441406,1
seg-only,"(1.5, 20.0, 0.7, 0.3)",0.48637689650058746,0.014153063297271729,0.026612043380737305,1
seg-only,"(1.5, 20.0, 0.7, 0.3)",0.4123569428920746,0.047525227069854736,0.028167009353637695,1
seg-only,"(1.5, 20.0, 0.7, 0.6)",0.4235401898622513,0.058238089084625244,0.007770061492919922,1
seg-only,"(1.5, 20.0, 0.7, 0.6)",0.45559465885162354,0.05350750684738159,0.027469515800476074,1
seg-only,"(1.5, 20.0, 0.7, 0.6)",0.47348108887672424,0.0076590776443481445,0.03480672836303711,1
seg-only,"(1.5, 20.0, 0.7, 0.6)",0.5032746195793152,0.04776865243911743,0.03808856010437012,1
seg-only,"(1.5, 20.0, 0.7, 0.6)",0.481814444065094,0.0384523868560791,0.055405497550964355,1
seg-only,"(1.5, 20.0, 0.7, 0.6)",0.4425175338983536,0.031467318534851074,0.07959210872650146,1
seg-only,"(1.5, 20.0, 0.7, 0.6)",0.46727921068668365,0.02013373374938965,0.09443390369415283,1
seg-only,"(1.5, 20.0, 0.7, 0.6)",0.4353184252977371,0.06249767541885376,0.05180501937866211,1
seg-only,"(1.5, 20.0, 0.7, 0.6)",0.48012225329875946,0.04955571889877319,0.02240586280822754,1
seg-only,"(1.5, 20.0, 0.7, 0.6)",0.43409760296344757,0.07210475206375122,0.030655264854431152,1
seg-only,"(1.5, 20.0, 0.7, 0.6)",0.4257660508155823,0.04150575399398804,0.0018080472946166992,1
seg-only,"(1.5, 20.0, 0.7, 0.6)",0.4630967080593109,0.08368951082229614,0.03543579578399658,1
seg-only,"(1.5, 20.0, 0.7, 0.6)",0.461036816239357,0.054181694984436035,0.053481340408325195,1
seg-only,"(1.5, 20.0, 0.7, 0.6)",0.47395965456962585,0.03679955005645752,0.0870211124420166,1
seg-only,"(1.5, 20.0, 0.7, 0.6)",0.47472643852233887,0.016195476055145264,0.012598514556884766,1
seg-only,"(1.5, 20.0, 0.7, -0.3)",0.45958541333675385,0.11689066886901855,0.011902093887329102,1
seg-only,"(1.5, 20.0, 0.7, -0.3)",0.4832266569137573,0.06907057762145996,0.08806705474853516,1
seg-only,"(1.5, 20.0, 0.7, -0.3)",0.4822896122932434,0.04184156656265259,0.05823087692260742,1
seg-only,"(1.5, 20.0, 0.7, -0.3)",0.4496777504682541,0.034196674823760986,0.08337259292602539,1
seg-only,"(1.5, 20.0, 0.7, -0.3)",0.4645567089319229,0.040702641010284424,0.05127263069152832,1
seg-only,"(1.5, 20.0, 0.7, -0.3)",0.44173790514469147,0.05036342144012451,0.08337759971618652,1
seg-only,"(1.5, 20.0, 0.7, -0.3)",0.5023740082979202,0.09505987167358398,0.20332765579223633,1
seg-only,"(1.5, 20.0, 0.7, -0.3)",0.42220422625541687,0.025593221187591553,0.02832317352294922,1
seg-only,"(1.5, 20.0, 0.7, -0.3)",0.4567336142063141,0.02510935068130493,0.000621795654296875,1
seg-only,"(1.5, 20.0, 0.7, -0.3)",0.43447183072566986,0.019799649715423584,0.07834005355834961,1
seg-only,"(1.5, 20.0, 0.7, -0.3)",0.46388079226017,0.02786719799041748,0.021785974502563477,1
seg-only,"(1.5, 20.0, 0.7, -0.3)",0.4596329480409622,0.04573869705200195,0.09202861785888672,1
seg-only,"(1.5, 20.0, 0.7, -0.3)",0.437831848859787,0.06075572967529297,0.13102245330810547,1
seg-only,"(1.5, 20.0, 0.7, -0.3)",0.4689158499240875,0.06539380550384521,0.24688851833343506,1
seg-only,"(1.5, 20.0, 0.7, -0.3)",0.46664077043533325,0.014351248741149902,0.0024957656860351562,1
seg-only,"(3.0, 8.0, 0.3, 0.0)",1.5869159698486328,0.7827104330062866,0.9544539451599121,1
seg-only,"(3.0, 8.0, 0.3, 0.0)",1.543013572692871,0.7817293405532837,1.0229215621948242,1
seg-only,"(3.0, 8.0, 0.3, 0.0)",1.519565224647522,0.6748203039169312,1.063659429550171,1
seg-only,"(3.0, 8.0, 0.3, 0.0)",1.5439215302467346,0.7513793706893921,1.0124669075012207,1
seg-only,"(3.0, 8.0, 0.3, 0.0)",1.524083137512207,0.714748740196228,0.9939887523651123,1
seg-only,"(3.0, 8.0, 0.3, 0.0)",1.5135889649391174,0.7430555820465088,1.0635960102081299,1
seg-only,"(3.0, 8.0, 0.3, 0.0)",1.5662391185760498,0.7381374835968018,1.1732964515686035,1
seg-only,"(3.0, 8.0, 0.3, 0.0)",1.5369654893875122,0.7289741039276123,0.8594002723693848,1
seg-only,"(3.0, 8.0, 0.3, 0.0)",1.5263735055923462,0.7358840703964233,1.1601221561431885,1
seg-only,"(3.0, 8.0, 0.3, 0.0)",1.5356929302215576,0.7785985469818115,1.2321641445159912,1
seg-only,"(3.0, 8.0, 0.3, 0.0)",1.5660037398338318,0.8029707670211792,1.1605956554412842,1
seg-only,"(3.0, 8.0, 0.3, 0.0)",1.5665711164474487,0.7227870225906372,1.006221055984497,1
seg-only,"(3.0, 8.0, 0.3, 0.0)",1.5300414562225342,0.7689306735992432,1.1372230052947998,1
seg-only,"(3.0, 8.0, 0.3, 0.0)",1.571618676185608,0.7659130096435547,1.1188344955444336,1
seg-only,"(3.0, 8.0, 0.3, 0.0)",1.5497492551803589,0.6892349720001221,0.9386951923370361,1
seg-only,"(3.0, 8.0, 0.3, 0.3)",1.5622745156288147,0.8970961570739746,0.7681534290313721,1
seg-only,"(3.0, 8.0, 0.3, 0.3)",1.56941819190979,0.7899432182312012,0.6345052719116211,1
seg-only,"(3.0, 8.0, 0.3, 0.3)",1.4784831404685974,0.7408206462860107,0.9395437240600586,1
seg-only,"(3.0, 8.0, 0.3, 0.3)",1.550724744796753,0.8120700120925903,0.8098864555358887,1
seg-only,"(3.0, 8.0, 0.3, 0.3)",1.546670913696289,0.8571721315383911,1.0953490734100342,1
seg-only,"(3.0, 8.0, 0.3, 0.3)",1.5658320784568787,0.8014087677001953,0.8867466449737549,1
seg-only,"(3.0, 8.0, 0.3, 0.3)",1.4994474649429321,0.7699370384216309,0.801196813583374,1
seg-only,"(3.0, 8.0, 0.3, 0.3)",1.5494239330291748,0.7102090120315552,0.6582763195037842,1
seg-only,"(3.0, 8.0, 0.3, 0.3)",1.487524926662445,0.6067675352096558,0.6301476955413818,1
seg-only,"(3.0, 8.0, 0.3, 0.3)",1.535713255405426,0.7677134275436401,0.7850644588470459,1
seg-only,"(3.0, 8.0, 0.3, 0.3)",1.5266359448432922,0.7236595153808594,0.9290788173675537,1
seg-only,"(3.0, 8.0, 0.3, 0.3)",1.5477920770645142,0.8247255682945251,0.9542570114135742,1
seg-only,"(3.0, 8.0, 0.3, 0.3)",1.4633069038391113,0.6208657026290894,0.9369556903839111,1
seg-only,"(3.0, 8.0, 0.3, 0.3)",1.558215081691742,0.8437030911445618,0.8146703243255615,1
seg-only,"(3.0, 8.0, 0.3, 0.3)",1.571972370147705,0.7068232297897339,0.9561901092529297,1
seg-only,"(3.0, 8.0, 0.3, 0.6)",1.559934675693512,0.782923698425293,0.673872709274292,1
seg-only,"(3.0, 8.0, 0.3, 0.6)",1.5679807662963867,0.7986347675323486,0.63179612159729,1
seg-only,"(3.0, 8.0, 0.3, 0.6)",1.4959479570388794,0.7332134246826172,0.7295588254928589,1
seg-only,"(3.0, 8.0, 0.3, 0.6)",1.6335985660552979,0.8914699554443359,0.7271518707275391,1
seg-only,"(3.0, 8.0, 0.3, 0.6)",1.5200592875480652,0.6750383377075195,0.6684247255325317,1
seg-only,"(3.0, 8.0, 0.3, 0.6)",1.484062135219574,0.7470177412033081,0.680709719657898,1
seg-only,"(3.0, 8.0, 0.3, 0.6)",1.5623050928115845,0.7471538782119751,0.6207244396209717,1
seg-only,"(3.0, 8.0, 0.3, 0.6)",1.5943235754966736,0.9284021258354187,0.7132394313812256,1
seg-only,"(3.0, 8.0, 0.3, 0.6)",1.4952633380889893,0.7858520746231079,0.7600338459014893,1
seg-only,"(3.0, 8.0, 0.3, 0.6)",1.5334151983261108,0.8106032609939575,0.6327641010284424,1
seg-only,"(3.0, 8.0, 0.3, 0.6)",1.5037057399749756,0.6418265104293823,0.5679664611816406,1
seg-only,"(3.0, 8.0, 0.3, 0.6)",1.541158676147461,0.7772617340087891,0.630340576171875,1
seg-only,"(3.0, 8.0, 0.3, 0.6)",1.588290810585022,0.7461205720901489,0.5736899375915527,1
seg-only,"(3.0, 8.0, 0.3, 0.6)",1.5526478290557861,0.8907270431518555,0.7169479131698608,1
seg-only,"(3.0, 8.0, 0.3, 0.6)",1.5239444971084595,0.7194235324859619,0.520402193069458,1
seg-only,"(3.0, 8.0, 0.3, -0.3)",1.5611071586608887,0.7903406023979187,1.370086908340454,1
seg-only,"(3.0, 8.0, 0.3, -0.3)",1.5539665222167969,0.8439562916755676,1.5782475471496582,1
seg-only,"(3.0, 8.0, 0.3, -0.3)",1.5566213130950928,0.741289496421814,1.2991468906402588,1
seg-only,"(3.0, 8.0, 0.3, -0.3)",1.501147449016571,0.7545781135559082,1.2733683586120605,1
seg-only,"(3.0, 8.0, 0.3, -0.3)",1.5339001417160034,0.751865029335022,1.2576324939727783,1
seg-only,"(3.0, 8.0, 0.3, -0.3)",1.5998607873916626,0.7894498109817505,1.2853062152862549,1
seg-only,"(3.0, 8.0, 0.3, -0.3)",1.5781962275505066,0.8196385502815247,1.3636152744293213,1
seg-only,"(3.0, 8.0, 0.3, -0.3)",1.571914255619049,0.8896274566650391,1.6077842712402344,1
seg-only,"(3.0, 8.0, 0.3, -0.3)",1.4851881265640259,0.7517802715301514,1.0856101512908936,1
seg-only,"(3.0, 8.0, 0.3, -0.3)",1.5879639983177185,0.8747813105583191,1.308527946472168,1
seg-only,"(3.0, 8.0, 0.3, -0.3)",1.5338103771209717,0.7191076278686523,1.1795475482940674,1
seg-only,"(3.0, 8.0, 0.3, -0.3)",1.5403658151626587,0.7568265199661255,1.1159660816192627,1
seg-only,"(3.0, 8.0, 0.3, -0.3)",1.5255800485610962,0.7943360805511475,1.3282551765441895,1
seg-only,"(3.0, 8.0, 0.3, -0.3)",1.5666435360908508,0.6633702516555786,1.0718576908111572,1
seg-only,"(3.0, 8.0, 0.3, -0.3)",1.5588724613189697,0.8272320628166199,1.3969247341156006,1
seg-only,"(3.0, 8.0, 0.7, 0.0)",1.1110579371452332,0.3521854877471924,0.5323503017425537,1
seg-only,"(3.0, 8.0, 0.7, 0.0)",1.1164157390594482,0.39307451248168945,0.5970675945281982,1
seg-only,"(3.0, 8.0, 0.7, 0.0)",1.0964298844337463,0.33570396900177,0.3205447196960449,1
seg-only,"(3.0, 8.0, 0.7, 0.0)",1.1148804426193237,0.33578193187713623,0.6540234088897705,1
seg-only,"(3.0, 8.0, 0.7, 0.0)",1.1032986044883728,0.35394859313964844,0.426328182220459,1
seg-only,"(3.0, 8.0, 0.7, 0.0)",1.0892424583435059,0.3527783155441284,0.4849276542663574,1
seg-only,"(3.0, 8.0, 0.7, 0.0)",1.0317281484603882,0.3676433563232422,0.6075897216796875,1
seg-only,"(3.0, 8.0, 0.7, 0.0)",1.0798278450965881,0.32927799224853516,0.5228214263916016,1
seg-only,"(3.0, 8.0, 0.7, 0.0)",1.0897411704063416,0.3399648666381836,0.5301644802093506,1
seg-only,"(3.0, 8.0, 0.7, 0.0)",1.1073951721191406,0.3444373607635498,0.6401572227478027,1
seg-only,"(3.0, 8.0, 0.7, 0.0)",1.048668086528778,0.33872663974761963,0.8272523880004883,1
seg-only,"(3.0, 8.0, 0.7, 0.0)",1.1435380578041077,0.4032411575317383,0.7841775417327881,1
seg-only,"(3.0, 8.0, 0.7, 0.0)",1.0814666152000427,0.26415860652923584,0.38822317123413086,1
seg-only,"(3.0, 8.0, 0.7, 0.0)",1.053460955619812,0.264668345451355,0.20325756072998047,1
seg-only,"(3.0, 8.0, 0.7, 0.0)",1.0720258951187134,0.30819034576416016,0.3308677673339844,1
seg-only,"(3.0, 8.0, 0.7, 0.3)",1.095346987247467,0.47175610065460205,0.5182385444641113,1
seg-only,"(3.0, 8.0, 0.7, 0.3)",1.132362425327301,0.29563748836517334,0.4667842388153076,1
seg-only,"(3.0, 8.0, 0.7, 0.3)",1.1343886852264404,0.29171860218048096,0.17010164260864258,1
seg-only,"(3.0, 8.0, 0.7, 0.3)",1.0877388715744019,0.31917285919189453,0.3149683475494385,1
seg-only,"(3.0, 8.0, 0.7, 0.3)",1.0354009568691254,0.36583781242370605,0.4985651969909668,1
seg-only,"(3.0, 8.0, 0.7, 0.3)",1.0513434410095215,0.3378382921218872,0.3722951412200928,1
seg-only,"(3.0, 8.0, 0.7, 0.3)",1.0559059381484985,0.33232343196868896,0.2648327350616455,1
seg-only,"(3.0, 8.0, 0.7, 0.3)",1.1174947619438171,0.4304161071777344,0.4645819664001465,1
seg-only,"(3.0, 8.0, 0.7, 0.3)",1.1141488552093506,0.39945435523986816,0.4172708988189697,1
seg-only,"(3.0, 8.0, 0.7, 0.3)",1.1416595578193665,0.4110039472579956,0.5571236610412598,1
seg-only,"(3.0, 8.0, 0.7, 0.3)",1.0560529828071594,0.2516627311706543,0.26882505416870117,1
seg-only,"(3.0, 8.0, 0.7, 0.3)",1.0718988478183746,0.3737955093383789,0.4103431701660156,1
seg-only,"(3.0, 8.0, 0.7, 0.3)",1.0142033696174622,0.3167365789413452,0.44250988960266113,1
seg-only,"(3.0, 8.0, 0.7, 0.3)",1.078660786151886,0.40069448947906494,0.5032575130462646,1
seg-only,"(3.0, 8.0, 0.7, 0.3)",1.0810682773590088,0.38903796672821045,0.46038317680358887,1
seg-only,"(3.0, 8.0, 0.7, 0.6)",1.1370788216590881,0.2919498682022095,0.12123680114746094,1
seg-only,"(3.0, 8.0, 0.7, 0.6)",1.1429875493049622,0.35579705238342285,0.31813812255859375,1
seg-only,"(3.0, 8.0, 0.7, 0.6)",1.083993136882782,0.4164685010910034,0.3725912570953369,1
seg-only,"(3.0, 8.0, 0.7, 0.6)",1.17837256193161,0.3514072895050049,0.2034449577331543,1
seg-only,"(3.0, 8.0, 0.7, 0.6)",1.088000237941742,0.3962278366088867,0.3209083080291748,1
seg-only,"(3.0, 8.0, 0.7, 0.6)",1.1158376932144165,0.37951338291168213,0.3739910125732422,1
seg-only,"(3.0, 8.0, 0.7, 0.6)",1.0828449726104736,0.42529797554016113,0.4952073097229004,1
seg-only,"(3.0, 8.0, 0.7, 0.6)",1.1344512104988098,0.3421691656112671,0.3597702980041504,1
seg-only,"(3.0, 8.0, 0.7, 0.6)",1.0386589765548706,0.2217402458190918,0.18024325370788574,1
seg-only,"(3.0, 8.0, 0.7, 0.6)",1.0661001205444336,0.32454514503479004,0.2744770050048828,1
seg-only,"(3.0, 8.0, 0.7, 0.6)",1.032875895500183,0.31284165382385254,0.20732831954956055,1
seg-only,"(3.0, 8.0, 0.7, 0.6)",1.1038510203361511,0.44091522693634033,0.3981034755706787,1
seg-only,"(3.0, 8.0, 0.7, 0.6)",0.9943315982818604,0.3368821144104004,0.40853118896484375,1
seg-only,"(3.0, 8.0, 0.7, 0.6)",1.1107646226882935,0.3672982454299927,0.2964026927947998,1
seg-only,"(3.0, 8.0, 0.7, 0.6)",1.0746906995773315,0.3170524835586548,0.34520626068115234,1
seg-only,"(3.0, 8.0, 0.7, -0.3)",1.099666714668274,0.3822711706161499,0.8219528198242188,1
seg-only,"(3.0, 8.0, 0.7, -0.3)",1.1633772253990173,0.4155879020690918,0.7643063068389893,1
seg-only,"(3.0, 8.0, 0.7, -0.3)",1.0303907990455627,0.24799907207489014,0.4252047538757324,1
seg-only,"(3.0, 8.0, 0.7, -0.3)",1.1169542074203491,0.44802725315093994,0.754173755645752,1
seg-only,"(3.0, 8.0, 0.7, -0.3)",1.0731801986694336,0.4239661693572998,0.7378635406494141,1
seg-only,"(3.0, 8.0, 0.7, -0.3)",1.0050258934497833,0.30811774730682373,0.4861893653869629,1
seg-only,"(3.0, 8.0, 0.7, -0.3)",1.0666484236717224,0.3502103090286255,0.5282721519470215,1
seg-only,"(3.0, 8.0, 0.7, -0.3)",1.062872290611267,0.3451629877090454,0.5938282012939453,1
seg-only,"(3.0, 8.0, 0.7, -0.3)",1.1164161562919617,0.3582801818847656,0.5471220016479492,1
seg-only,"(3.0, 8.0, 0.7, -0.3)",1.0997345447540283,0.3035818338394165,0.4723691940307617,1
seg-only,"(3.0, 8.0, 0.7, -0.3)",1.0917008519172668,0.3374992609024048,0.5835130214691162,1
seg-only,"(3.0, 8.0, 0.7, -0.3)",1.080033779144287,0.43030667304992676,0.7477636337280273,1
seg-only,"(3.0, 8.0, 0.7, -0.3)",1.1473397016525269,0.37364184856414795,0.7055349349975586,1
seg-only,"(3.0, 8.0, 0.7, -0.3)",1.0588694512844086,0.3125112056732178,0.4465045928955078,1
seg-only,"(3.0, 8.0, 0.7, -0.3)",1.0911449790000916,0.4020456075668335,0.7369837760925293,1
seg-only,"(3.0, 20.0, 0.3, 0.0)",1.2282841801643372,0.402920126914978,0.4652419090270996,1
seg-only,"(3.0, 20.0, 0.3, 0.0)",1.2107210755348206,0.42565035820007324,0.5996208190917969,1
seg-only,"(3.0, 20.0, 0.3, 0.0)",1.236918568611145,0.37603724002838135,0.5030553340911865,1
seg-only,"(3.0, 20.0, 0.3, 0.0)",1.303590178489685,0.44681501388549805,0.6402971744537354,1
seg-only,"(3.0, 20.0, 0.3, 0.0)",1.190414845943451,0.3923150300979614,0.6164882183074951,1
seg-only,"(3.0, 20.0, 0.3, 0.0)",1.2315621972084045,0.408413290977478,0.6365184783935547,1
seg-only,"(3.0, 20.0, 0.3, 0.0)",1.225498080253601,0.44960474967956543,0.6223783493041992,1
seg-only,"(3.0, 20.0, 0.3, 0.0)",1.2089879512786865,0.4403785467147827,0.7104239463806152,1
seg-only,"(3.0, 20.0, 0.3, 0.0)",1.273699700832367,0.4030885696411133,0.6398708820343018,1
seg-only,"(3.0, 20.0, 0.3, 0.0)",1.2247368097305298,0.44512975215911865,0.5510923862457275,1
seg-only,"(3.0, 20.0, 0.3, 0.0)",1.1976357698440552,0.43271660804748535,0.8096370697021484,1
seg-only,"(3.0, 20.0, 0.3, 0.0)",1.2475982308387756,0.5115433931350708,0.6197726726531982,1
seg-only,"(3.0, 20.0, 0.3, 0.0)",1.2033100128173828,0.3616814613342285,0.8050315380096436,1
seg-only,"(3.0, 20.0, 0.3, 0.0)",1.1957561373710632,0.43062472343444824,0.5949409008026123,1
seg-only,"(3.0, 20.0, 0.3, 0.0)",1.266788899898529,0.40873217582702637,0.5525467395782471,1
seg-only,"(3.0, 20.0, 0.3, 0.3)",1.230655312538147,0.47197532653808594,0.5067708492279053,1
seg-only,"(3.0, 20.0, 0.3, 0.3)",1.1658368110656738,0.42166149616241455,0.5286893844604492,1
seg-only,"(3.0, 20.0, 0.3, 0.3)",1.318834900856018,0.330066442489624,0.34081578254699707,1
seg-only,"(3.0, 20.0, 0.3, 0.3)",1.218289852142334,0.4022951126098633,0.5934982299804688,1
seg-only,"(3.0, 20.0, 0.3, 0.3)",1.1657044887542725,0.3623455762863159,0.4126245975494385,1
seg-only,"(3.0, 20.0, 0.3, 0.3)",1.2133628726005554,0.4335806369781494,0.39806032180786133,1
seg-only,"(3.0, 20.0, 0.3, 0.3)",1.2041864395141602,0.39315152168273926,0.27716922760009766,1
seg-only,"(3.0, 20.0, 0.3, 0.3)",1.163468599319458,0.4079817533493042,0.5954024791717529,1
seg-only,"(3.0, 20.0, 0.3, 0.3)",1.3016977906227112,0.42689990997314453,0.455904483795166,1
seg-only,"(3.0, 20.0, 0.3, 0.3)",1.2083128690719604,0.37540769577026367,0.5575456619262695,1
seg-only,"(3.0, 20.0, 0.3, 0.3)",1.2396472096443176,0.4166712760925293,0.35376715660095215,1
seg-only,"(3.0, 20.0, 0.3, 0.3)",1.2012633681297302,0.4032106399536133,0.5314745903015137,1
seg-only,"(3.0, 20.0, 0.3, 0.3)",1.2732607126235962,0.525007963180542,0.472689151763916,1
seg-only,"(3.0, 20.0, 0.3, 0.3)",1.1884427070617676,0.3919452428817749,0.43848228454589844,1
seg-only,"(3.0, 20.0, 0.3, 0.3)",1.22025066614151,0.39752137660980225,0.4572927951812744,1
seg-only,"(3.0, 20.0, 0.3, 0.6)",1.19114089012146,0.4234652519226074,0.21805739402770996,1
seg-only,"(3.0, 20.0, 0.3, 0.6)",1.1990326642990112,0.45470499992370605,0.27637600898742676,1
seg-only,"(3.0, 20.0, 0.3, 0.6)",1.2400333285331726,0.4157114028930664,0.19528579711914062,1
seg-only,"(3.0, 20.0, 0.3, 0.6)",1.201066017150879,0.3661876916885376,0.38817644119262695,1
seg-only,"(3.0, 20.0, 0.3, 0.6)",1.310334861278534,0.4968143701553345,0.33897995948791504,1
seg-only,"(3.0, 20.0, 0.3, 0.6)",1.2248900532722473,0.40903806686401367,0.30396175384521484,1
seg-only,"(3.0, 20.0, 0.3, 0.6)",1.173142910003662,0.3111252784729004,0.4100315570831299,1
seg-only,"(3.0, 20.0, 0.3, 0.6)",1.264483094215393,0.514710545539856,0.31407594680786133,1
seg-only,"(3.0, 20.0, 0.3, 0.6)",1.2029750347137451,0.47979092597961426,0.4050593376159668,1
seg-only,"(3.0, 20.0, 0.3, 0.6)",1.191847324371338,0.4723557233810425,0.3712809085845947,1
seg-only,"(3.0, 20.0, 0.3, 0.6)",1.196759819984436,0.44031035900115967,0.3303651809692383,1
seg-only,"(3.0, 20.0, 0.3, 0.6)",1.2513870000839233,0.47547054290771484,0.319866418838501,1
seg-only,"(3.0, 20.0, 0.3, 0.6)",1.2615433931350708,0.5416521430015564,0.5821646451950073,1
seg-only,"(3.0, 20.0, 0.3, 0.6)",1.1711841821670532,0.32027745246887207,0.2617762088775635,1
seg-only,"(3.0, 20.0, 0.3, 0.6)",1.2353864908218384,0.4029066562652588,0.3555922508239746,1
seg-only,"(3.0, 20.0, 0.3, -0.3)",1.1707791090011597,0.44217026233673096,0.6453287601470947,1
seg-only,"(3.0, 20.0, 0.3, -0.3)",1.214438796043396,0.3451899290084839,0.4406261444091797,1
seg-only,"(3.0, 20.0, 0.3, -0.3)",1.18211168050766,0.4218493700027466,0.5814218521118164,1
seg-only,"(3.0, 20.0, 0.3, -0.3)",1.2388278245925903,0.4012666940689087,0.5501613616943359,1
seg-only,"(3.0, 20.0, 0.3, -0.3)",1.327139973640442,0.5441545248031616,0.9193730354309082,1
seg-only,"(3.0, 20.0, 0.3, -0.3)",1.2464770674705505,0.547134518623352,0.8967528343200684,1
seg-only,"(3.0, 20.0, 0.3, -0.3)",1.226508378982544,0.39561307430267334,0.6462044715881348,1
seg-only,"(3.0, 20.0, 0.3, -0.3)",1.197379231452942,0.3521263599395752,0.6311855316162109,1
seg-only,"(3.0, 20.0, 0.3, -0.3)",1.2062397599220276,0.36190152168273926,0.5756049156188965,1
seg-only,"(3.0, 20.0, 0.3, -0.3)",1.1561853885650635,0.3022780418395996,0.389312744140625,1
seg-only,"(3.0, 20.0, 0.3, -0.3)",1.2510685920715332,0.42424726486206055,0.7026925086975098,1
seg-only,"(3.0, 20.0, 0.3, -0.3)",1.1920422315597534,0.4412357807159424,0.6453566551208496,1
seg-only,"(3.0, 20.0, 0.3, -0.3)",1.2596420645713806,0.43585002422332764,0.5824928283691406,1
seg-only,"(3.0, 20.0, 0.3, -0.3)",1.2484483122825623,0.4123682975769043,0.7132697105407715,1
seg-only,"(3.0, 20.0, 0.3, -0.3)",1.2476712465286255,0.47217321395874023,0.7288112640380859,1
seg-only,"(3.0, 20.0, 0.7, 0.0)",0.6864340007305145,0.05730390548706055,0.08732843399047852,1
seg-only,"(3.0, 20.0, 0.7, 0.0)",0.7183140516281128,0.10943305492401123,0.08918046951293945,1
seg-only,"(3.0, 20.0, 0.7, 0.0)",0.7087640464305878,0.09539568424224854,0.0324859619140625,1
seg-only,"(3.0, 20.0, 0.7, 0.0)",0.6682909429073334,0.10443031787872314,0.19547510147094727,1
seg-only,"(3.0, 20.0, 0.7, 0.0)",0.7008584141731262,0.09299659729003906,0.11055278778076172,1
seg-only,"(3.0, 20.0, 0.7, 0.0)",0.6598959267139435,0.08997750282287598,0.055553436279296875,1
seg-only,"(3.0, 20.0, 0.7, 0.0)",0.7033572793006897,0.09154987335205078,0.21027612686157227,1
seg-only,"(3.0, 20.0, 0.7, 0.0)",0.6741552650928497,0.07928574085235596,0.16023588180541992,1
seg-only,"(3.0, 20.0, 0.7, 0.0)",0.6563553810119629,0.09310054779052734,0.07300376892089844,1
seg-only,"(3.0, 20.0, 0.7, 0.0)",0.6480395495891571,0.08888208866119385,0.06788301467895508,1
seg-only,"(3.0, 20.0, 0.7, 0.0)",0.6724006235599518,0.08480596542358398,0.20333433151245117,1
seg-only,"(3.0, 20.0, 0.7, 0.0)",0.7372841238975525,0.02079939842224121,0.023377418518066406,1
seg-only,"(3.0, 20.0, 0.7, 0.0)",0.7090972065925598,0.09773290157318115,0.1328580379486084,1
seg-only,"(3.0, 20.0, 0.7, 0.0)",0.7207935750484467,0.06418442726135254,0.009151697158813477,1
seg-only,"(3.0, 20.0, 0.7, 0.0)",0.7358291149139404,0.05648505687713623,0.09494161605834961,1
seg-only,"(3.0, 20.0, 0.7, 0.3)",0.6781185567378998,0.02974534034729004,0.0508270263671875,1
seg-only,"(3.0, 20.0, 0.7, 0.3)",0.7084739208221436,0.047281622886657715,0.0467681884765625,1
seg-only,"(3.0, 20.0, 0.7, 0.3)",0.7171729207038879,0.20405256748199463,0.21436214447021484,1
seg-only,"(3.0, 20.0, 0.7, 0.3)",0.6842146217823029,0.06054484844207764,0.03122115135192871,1
seg-only,"(3.0, 20.0, 0.7, 0.3)",0.6372848153114319,0.05816292762756348,0.030603408813476562,1
seg-only,"(3.0, 20.0, 0.7, 0.3)",0.7061327993869781,0.09967172145843506,0.06595563888549805,1
seg-only,"(3.0, 20.0, 0.7, 0.3)",0.6544152498245239,0.07381260395050049,0.020305871963500977,1
seg-only,"(3.0, 20.0, 0.7, 0.3)",0.6765271723270416,0.08569967746734619,0.1028437614440918,1
seg-only,"(3.0, 20.0, 0.7, 0.3)",0.6793882846832275,0.06249511241912842,0.09518790245056152,1
seg-only,"(3.0, 20.0, 0.7, 0.3)",0.7006596624851227,0.07011210918426514,0.13840317726135254,1
seg-only,"(3.0, 20.0, 0.7, 0.3)",0.7162841856479645,0.13241362571716309,0.07587432861328125,1
seg-only,"(3.0, 20.0, 0.7, 0.3)",0.6730493903160095,0.0804363489151001,0.0033550262451171875,1
seg-only,"(3.0, 20.0, 0.7, 0.3)",0.6643380224704742,0.09187924861907959,0.10761833190917969,1
seg-only,"(3.0, 20.0, 0.7, 0.3)",0.7315865457057953,0.1390671730041504,0.29480743408203125,1
seg-only,"(3.0, 20.0, 0.7, 0.3)",0.7602196335792542,0.11323583126068115,0.04304218292236328,1
seg-only,"(3.0, 20.0, 0.7, 0.6)",0.6781103014945984,0.022858023643493652,0.021471023559570312,1
seg-only,"(3.0, 20.0, 0.7, 0.6)",0.715559720993042,0.0945429801940918,0.06224513053894043,1
seg-only,"(3.0, 20.0, 0.7, 0.6)",0.7088788151741028,0.17929792404174805,0.06900811195373535,1
seg-only,"(3.0, 20.0, 0.7, 0.6)",0.6871410012245178,0.06297433376312256,0.15094339847564697,1
seg-only,"(3.0, 20.0, 0.7, 0.6)",0.6735484898090363,0.1491713523864746,0.17638134956359863,1
seg-only,"(3.0, 20.0, 0.7, 0.6)",0.6689080893993378,0.08570992946624756,0.09261775016784668,1
seg-only,"(3.0, 20.0, 0.7, 0.6)",0.7077551484107971,0.11249423027038574,0.06494832038879395,1
seg-only,"(3.0, 20.0, 0.7, 0.6)",0.7564319670200348,0.14493036270141602,0.08287167549133301,1
seg-only,"(3.0, 20.0, 0.7, 0.6)",0.744701474905014,0.0353388786315918,0.050212860107421875,1
seg-only,"(3.0, 20.0, 0.7, 0.6)",0.6508600115776062,0.07140827178955078,0.0006880760192871094,1
seg-only,"(3.0, 20.0, 0.7, 0.6)",0.6736466884613037,0.06770431995391846,0.0237882137298584,1
seg-only,"(3.0, 20.0, 0.7, 0.6)",0.7070171236991882,0.15873944759368896,0.09197449684143066,1
seg-only,"(3.0, 20.0, 0.7, 0.6)",0.6365528106689453,0.07924890518188477,0.002489328384399414,1
seg-only,"(3.0, 20.0, 0.7, 0.6)",0.7299524545669556,0.13173341751098633,0.11585402488708496,1
seg-only,"(3.0, 20.0, 0.7, 0.6)",0.7747367918491364,0.09553015232086182,0.11301636695861816,1
seg-only,"(3.0, 20.0, 0.7, -0.3)",0.7374902069568634,0.10552060604095459,0.2319502830505371,1
seg-only,"(3.0, 20.0, 0.7, -0.3)",0.6993394196033478,0.051528334617614746,0.16378402709960938,1
seg-only,"(3.0, 20.0, 0.7, -0.3)",0.7069537341594696,0.05776822566986084,0.10537385940551758,1
seg-only,"(3.0, 20.0, 0.7, -0.3)",0.6766595244407654,0.10928666591644287,0.16655588150024414,1
seg-only,"(3.0, 20.0, 0.7, -0.3)",0.703024685382843,0.07291769981384277,0.11359930038452148,1
seg-only,"(3.0, 20.0, 0.7, -0.3)",0.6759132444858551,0.09985589981079102,0.255108118057251,1
seg-only,"(3.0, 20.0, 0.7, -0.3)",0.7581179440021515,0.11498880386352539,0.10587835311889648,1
seg-only,"(3.0, 20.0, 0.7, -0.3)",0.7739691734313965,0.05863070487976074,0.08231115341186523,1
seg-only,"(3.0, 20.0, 0.7, -0.3)",0.6801425218582153,0.05556154251098633,0.14169836044311523,1
seg-only,"(3.0, 20.0, 0.7, -0.3)",0.6834186613559723,0.01586472988128662,0.012015819549560547,1
seg-only,"(3.0, 20.0, 0.7, -0.3)",0.7174152433872223,0.0967792272567749,0.11613321304321289,1
seg-only,"(3.0, 20.0, 0.7, -0.3)",0.6774594783782959,0.11076390743255615,0.2187342643737793,1
seg-only,"(3.0, 20.0, 0.7, -0.3)",0.6644863188266754,0.07847988605499268,0.14545202255249023,1
seg-only,"(3.0, 20.0, 0.7, -0.3)",0.7203335165977478,0.0671621561050415,0.0689845085144043,1
seg-only,"(3.0, 20.0, 0.7, -0.3)",0.7316029071807861,0.12304890155792236,0.18628406524658203,1
seg-only,"(1.5, 8.0, 0.3, 0.0)",0.8555949330329895,0.4050416946411133,0.5476539134979248,2
seg-only,"(1.5, 8.0, 0.3, 0.0)",0.8388062417507172,0.4080210328102112,0.5059747695922852,2
seg-only,"(1.5, 8.0, 0.3, 0.0)",0.8170425891876221,0.39593011140823364,0.4965101480484009,2
seg-only,"(1.5, 8.0, 0.3, 0.0)",0.8451448380947113,0.45324116945266724,0.5628072023391724,2
seg-only,"(1.5, 8.0, 0.3, 0.0)",0.8246890008449554,0.40506696701049805,0.7608373165130615,2
seg-only,"(1.5, 8.0, 0.3, 0.0)",0.8016939163208008,0.4085434079170227,0.4995933771133423,2
seg-only,"(1.5, 8.0, 0.3, 0.0)",0.8587823808193207,0.48586201667785645,0.6056361198425293,2
seg-only,"(1.5, 8.0, 0.3, 0.0)",0.8787094950675964,0.406391978263855,0.5403220653533936,2
seg-only,"(1.5, 8.0, 0.3, 0.0)",0.8294571042060852,0.39383047819137573,0.5021806955337524,2
seg-only,"(1.5, 8.0, 0.3, 0.0)",0.8038170337677002,0.42964816093444824,0.5494499206542969,2
seg-only,"(1.5, 8.0, 0.3, 0.0)",0.8395343720912933,0.4668938219547272,0.6468551158905029,2
seg-only,"(1.5, 8.0, 0.3, 0.0)",0.8160156309604645,0.41777950525283813,0.5165138244628906,2
seg-only,"(1.5, 8.0, 0.3, 0.0)",0.857761412858963,0.3938326835632324,0.5894302129745483,2
seg-only,"(1.5, 8.0, 0.3, 0.0)",0.8390856683254242,0.40405064821243286,0.5697015523910522,2
seg-only,"(1.5, 8.0, 0.3, 0.0)",0.8434536755084991,0.41628772020339966,0.555634617805481,2
seg-only,"(1.5, 8.0, 0.3, 0.3)",0.8500341176986694,0.46730685234069824,0.48016464710235596,2
seg-only,"(1.5, 8.0, 0.3, 0.3)",0.8235541582107544,0.43319547176361084,0.5322248935699463,2
seg-only,"(1.5, 8.0, 0.3, 0.3)",0.8132072687149048,0.34443020820617676,0.3325812816619873,2
seg-only,"(1.5, 8.0, 0.3, 0.3)",0.8287641406059265,0.33806413412094116,0.48739874362945557,2
seg-only,"(1.5, 8.0, 0.3, 0.3)",0.852540135383606,0.360511839389801,0.28019702434539795,2
seg-only,"(1.5, 8.0, 0.3, 0.3)",0.8366290330886841,0.3325198292732239,0.40048885345458984,2
seg-only,"(1.5, 8.0, 0.3, 0.3)",0.8516876697540283,0.4603452980518341,0.43137824535369873,2
seg-only,"(1.5, 8.0, 0.3, 0.3)",0.8094167113304138,0.3396051526069641,0.3158714771270752,2
seg-only,"(1.5, 8.0, 0.3, 0.3)",0.8409693241119385,0.37645548582077026,0.5082159042358398,2
seg-only,"(1.5, 8.0, 0.3, 0.3)",0.8071219325065613,0.3915407061576843,0.5450104475021362,2
seg-only,"(1.5, 8.0, 0.3, 0.3)",0.8180590271949768,0.3961387872695923,0.43487346172332764,2
seg-only,"(1.5, 8.0, 0.3, 0.3)",0.8466601967811584,0.38960230350494385,0.45467567443847656,2
seg-only,"(1.5, 8.0, 0.3, 0.3)",0.778143048286438,0.3825565576553345,0.4413328170776367,2
seg-only,"(1.5, 8.0, 0.3, 0.3)",0.8454923331737518,0.35285642743110657,0.43172764778137207,2
seg-only,"(1.5, 8.0, 0.3, 0.3)",0.7880660891532898,0.4230027496814728,0.49891197681427,2
seg-only,"(1.5, 8.0, 0.3, 0.6)",0.8091390132904053,0.3956109285354614,0.42373478412628174,2
seg-only,"(1.5, 8.0, 0.3, 0.6)",0.8300955295562744,0.4020839333534241,0.34930479526519775,2
seg-only,"(1.5, 8.0, 0.3, 0.6)",0.8503469526767731,0.4215286374092102,0.18615853786468506,2
seg-only,"(1.5, 8.0, 0.3, 0.6)",0.8103778660297394,0.3681277632713318,0.31669044494628906,2
seg-only,"(1.5, 8.0, 0.3, 0.6)",0.8382480144500732,0.4707413613796234,0.29458773136138916,2
seg-only,"(1.5, 8.0, 0.3, 0.6)",0.794160395860672,0.3563564419746399,0.30279219150543213,2
seg-only,"(1.5, 8.0, 0.3, 0.6)",0.8581392168998718,0.41253548860549927,0.3172886371612549,2
seg-only,"(1.5, 8.0, 0.3, 0.6)",0.8429046869277954,0.3760525584220886,0.14283275604248047,2
seg-only,"(1.5, 8.0, 0.3, 0.6)",0.858686774969101,0.42401304841041565,0.15264523029327393,2
seg-only,"(1.5, 8.0, 0.3, 0.6)",0.7936054468154907,0.35492390394210815,0.2889155149459839,2
seg-only,"(1.5, 8.0, 0.3, 0.6)",0.8252368867397308,0.3792579174041748,0.13154053688049316,2
seg-only,"(1.5, 8.0, 0.3, 0.6)",0.835478663444519,0.37857985496520996,0.29302358627319336,2
seg-only,"(1.5, 8.0, 0.3, 0.6)",0.8190244138240814,0.3662410378456116,0.3350783586502075,2
seg-only,"(1.5, 8.0, 0.3, 0.6)",0.8269772529602051,0.4464570879936218,0.34376049041748047,2
seg-only,"(1.5, 8.0, 0.3, 0.6)",0.8192184269428253,0.38597387075424194,0.3114515542984009,2
seg-only,"(1.5, 8.0, 0.3, -0.3)",0.8695490658283234,0.36928215622901917,0.6304422616958618,2
seg-only,"(1.5, 8.0, 0.3, -0.3)",0.8661806583404541,0.4354601502418518,0.7053067684173584,2
seg-only,"(1.5, 8.0, 0.3, -0.3)",0.8516730070114136,0.3741069436073303,0.5993506908416748,2
seg-only,"(1.5, 8.0, 0.3, -0.3)",0.7951565086841583,0.3718019127845764,0.5040067434310913,2
seg-only,"(1.5, 8.0, 0.3, -0.3)",0.8385575711727142,0.376497745513916,0.6831427812576294,2
seg-only,"(1.5, 8.0, 0.3, -0.3)",0.7882204055786133,0.40435922145843506,0.6275497674942017,2
seg-only,"(1.5, 8.0, 0.3, -0.3)",0.8482222557067871,0.3860738277435303,0.6697132587432861,2
seg-only,"(1.5, 8.0, 0.3, -0.3)",0.8740038871765137,0.4725576341152191,0.8068913221359253,2
seg-only,"(1.5, 8.0, 0.3, -0.3)",0.8352214992046356,0.41436219215393066,0.6499263048171997,2
seg-only,"(1.5, 8.0, 0.3, -0.3)",0.842862606048584,0.46661776304244995,0.8309599161148071,2
seg-only,"(1.5, 8.0, 0.3, -0.3)",0.8494535982608795,0.41540127992630005,0.6646240949630737,2
seg-only,"(1.5, 8.0, 0.3, -0.3)",0.8692414164543152,0.45329368114471436,0.7696305513381958,2
seg-only,"(1.5, 8.0, 0.3, -0.3)",0.822470486164093,0.37754786014556885,0.6116111278533936,2
seg-only,"(1.5, 8.0, 0.3, -0.3)",0.7740975022315979,0.4487786591053009,0.7964208126068115,2
seg-only,"(1.5, 8.0, 0.3, -0.3)",0.8430910110473633,0.4672377109527588,0.8181078433990479,2
seg-only,"(1.5, 8.0, 0.7, 0.0)",0.6363343596458435,0.15733611583709717,0.23689579963684082,2
seg-only,"(1.5, 8.0, 0.7, 0.0)",0.6431832611560822,0.19347131252288818,0.29072511196136475,2
seg-only,"(1.5, 8.0, 0.7, 0.0)",0.6240724325180054,0.24056559801101685,0.43287384510040283,2
seg-only,"(1.5, 8.0, 0.7, 0.0)",0.6330957412719727,0.22940129041671753,0.2693988084793091,2
seg-only,"(1.5, 8.0, 0.7, 0.0)",0.6616121828556061,0.218206524848938,0.3055908679962158,2
seg-only,"(1.5, 8.0, 0.7, 0.0)",0.5965300500392914,0.17075437307357788,0.2127234935760498,2
seg-only,"(1.5, 8.0, 0.7, 0.0)",0.5989136695861816,0.1949123740196228,0.32846081256866455,2
seg-only,"(1.5, 8.0, 0.7, 0.0)",0.6055757403373718,0.2013920545578003,0.2630206346511841,2
seg-only,"(1.5, 8.0, 0.7, 0.0)",0.6132061779499054,0.08851945400238037,0.065757155418396,2
seg-only,"(1.5, 8.0, 0.7, 0.0)",0.6393182873725891,0.253395676612854,0.4311060905456543,2
seg-only,"(1.5, 8.0, 0.7, 0.0)",0.6233462691307068,0.17400556802749634,0.291179895401001,2
seg-only,"(1.5, 8.0, 0.7, 0.0)",0.6205831468105316,0.23736661672592163,0.2912898063659668,2
seg-only,"(1.5, 8.0, 0.7, 0.0)",0.5981195867061615,0.21129101514816284,0.3762017488479614,2
seg-only,"(1.5, 8.0, 0.7, 0.0)",0.6403944194316864,0.24478602409362793,0.3811124563217163,2
seg-only,"(1.5, 8.0, 0.7, 0.0)",0.6131364703178406,0.225372314453125,0.28842759132385254,2
seg-only,"(1.5, 8.0, 0.7, 0.3)",0.6096019744873047,0.18709897994995117,0.20445406436920166,2
seg-only,"(1.5, 8.0, 0.7, 0.3)",0.5981290936470032,0.1436978578567505,0.2063349485397339,2
seg-only,"(1.5, 8.0, 0.7, 0.3)",0.6474274396896362,0.22349613904953003,0.1680450439453125,2
seg-only,"(1.5, 8.0, 0.7, 0.3)",0.6243156790733337,0.14529186487197876,0.21078455448150635,2
seg-only,"(1.5, 8.0, 0.7, 0.3)",0.6169127821922302,0.2249760627746582,0.25825321674346924,2
seg-only,"(1.5, 8.0, 0.7, 0.3)",0.5970127582550049,0.14306432008743286,0.12141191959381104,2
seg-only,"(1.5, 8.0, 0.7, 0.3)",0.6528163254261017,0.22653979063034058,0.23814833164215088,2
seg-only,"(1.5, 8.0, 0.7, 0.3)",0.6632316410541534,0.16873329877853394,0.16994023323059082,2
seg-only,"(1.5, 8.0, 0.7, 0.3)",0.6371498107910156,0.10280019044876099,0.10681474208831787,2
seg-only,"(1.5, 8.0, 0.7, 0.3)",0.6107100248336792,0.16214632987976074,0.19882047176361084,2
seg-only,"(1.5, 8.0, 0.7, 0.3)",0.611988753080368,0.23285377025604248,0.295354962348938,2
seg-only,"(1.5, 8.0, 0.7, 0.3)",0.6379806995391846,0.2211729884147644,0.14933860301971436,2
seg-only,"(1.5, 8.0, 0.7, 0.3)",0.6098347306251526,0.19811302423477173,0.1532057523727417,2
seg-only,"(1.5, 8.0, 0.7, 0.3)",0.613123208284378,0.14012086391448975,0.10660326480865479,2
seg-only,"(1.5, 8.0, 0.7, 0.3)",0.6133456528186798,0.1733940839767456,0.23468637466430664,2
seg-only,"(1.5, 8.0, 0.7, 0.6)",0.6000479161739349,0.1444646120071411,0.13170766830444336,2
seg-only,"(1.5, 8.0, 0.7, 0.6)",0.6090224981307983,0.1535564661026001,0.1045222282409668,2
seg-only,"(1.5, 8.0, 0.7, 0.6)",0.6502085328102112,0.23221909999847412,0.15478932857513428,2
seg-only,"(1.5, 8.0, 0.7, 0.6)",0.6692366600036621,0.2115578055381775,0.09903299808502197,2
seg-only,"(1.5, 8.0, 0.7, 0.6)",0.6354545652866364,0.22224479913711548,0.06306207180023193,2
seg-only,"(1.5, 8.0, 0.7, 0.6)",0.6649215817451477,0.1972222924232483,0.02057671546936035,2
seg-only,"(1.5, 8.0, 0.7, 0.6)",0.6645558476448059,0.16432970762252808,0.0008637905120849609,2
seg-only,"(1.5, 8.0, 0.7, 0.6)",0.6004387438297272,0.1937611699104309,0.15640103816986084,2
seg-only,"(1.5, 8.0, 0.7, 0.6)",0.6132991909980774,0.20046061277389526,0.07222890853881836,2
seg-only,"(1.5, 8.0, 0.7, 0.6)",0.632762610912323,0.22907620668411255,0.06194591522216797,2
seg-only,"(1.5, 8.0, 0.7, 0.6)",0.6082795560359955,0.21399837732315063,0.11770188808441162,2
seg-only,"(1.5, 8.0, 0.7, 0.6)",0.638845682144165,0.18232136964797974,0.12437558174133301,2
seg-only,"(1.5, 8.0, 0.7, 0.6)",0.6178000569343567,0.20429593324661255,0.13879835605621338,2
seg-only,"(1.5, 8.0, 0.7, 0.6)",0.6304020881652832,0.1700354814529419,0.1491760015487671,2
seg-only,"(1.5, 8.0, 0.7, 0.6)",0.6146417856216431,0.16193974018096924,0.232153058052063,2
seg-only,"(1.5, 8.0, 0.7, -0.3)",0.644500344991684,0.2048109769821167,0.3084523677825928,2
seg-only,"(1.5, 8.0, 0.7, -0.3)",0.6200444102287292,0.20360660552978516,0.32811570167541504,2
seg-only,"(1.5, 8.0, 0.7, -0.3)",0.6005212068557739,0.1978464126586914,0.3621795177459717,2
seg-only,"(1.5, 8.0, 0.7, -0.3)",0.6447561979293823,0.1791643500328064,0.29540300369262695,2
seg-only,"(1.5, 8.0, 0.7, -0.3)",0.6246770024299622,0.1408759355545044,0.24209165573120117,2
seg-only,"(1.5, 8.0, 0.7, -0.3)",0.6235015094280243,0.17430448532104492,0.26491713523864746,2
seg-only,"(1.5, 8.0, 0.7, -0.3)",0.633167564868927,0.13202261924743652,0.2258455753326416,2
seg-only,"(1.5, 8.0, 0.7, -0.3)",0.5950727760791779,0.18167835474014282,0.26570701599121094,2
seg-only,"(1.5, 8.0, 0.7, -0.3)",0.6455298364162445,0.19478291273117065,0.3143784999847412,2
seg-only,"(1.5, 8.0, 0.7, -0.3)",0.5881030857563019,0.14001870155334473,0.1877286434173584,2
seg-only,"(1.5, 8.0, 0.7, -0.3)",0.6270816028118134,0.15957295894622803,0.23012018203735352,2
seg-only,"(1.5, 8.0, 0.7, -0.3)",0.6334770619869232,0.2571505010128021,0.5043085813522339,2
seg-only,"(1.5, 8.0, 0.7, -0.3)",0.631145715713501,0.16970837116241455,0.3485689163208008,2
seg-only,"(1.5, 8.0, 0.7, -0.3)",0.6069613397121429,0.2495579719543457,0.44842636585235596,2
seg-only,"(1.5, 8.0, 0.7, -0.3)",0.6168703436851501,0.28358983993530273,0.44959044456481934,2
seg-only,"(1.5, 20.0, 0.3, 0.0)",0.7071875929832458,0.2550470232963562,0.4170266389846802,2
seg-only,"(1.5, 20.0, 0.3, 0.0)",0.665589451789856,0.21087414026260376,0.3616102933883667,2
seg-only,"(1.5, 20.0, 0.3, 0.0)",0.6568652391433716,0.2364223599433899,0.3226189613342285,2
seg-only,"(1.5, 20.0, 0.3, 0.0)",0.7072566449642181,0.2727161645889282,0.36121559143066406,2
seg-only,"(1.5, 20.0, 0.3, 0.0)",0.7237704992294312,0.23381632566452026,0.41109931468963623,2
seg-only,"(1.5, 20.0, 0.3, 0.0)",0.6364798843860626,0.1765652894973755,0.38574790954589844,2
seg-only,"(1.5, 20.0, 0.3, 0.0)",0.6597899794578552,0.23453021049499512,0.32201242446899414,2
seg-only,"(1.5, 20.0, 0.3, 0.0)",0.6939232349395752,0.22529125213623047,0.35109269618988037,2
seg-only,"(1.5, 20.0, 0.3, 0.0)",0.682900995016098,0.15269654989242554,0.19177484512329102,2
seg-only,"(1.5, 20.0, 0.3, 0.0)",0.6712470352649689,0.1986936330795288,0.3031430244445801,2
seg-only,"(1.5, 20.0, 0.3, 0.0)",0.6906183362007141,0.24221563339233398,0.2937692403793335,2
seg-only,"(1.5, 20.0, 0.3, 0.0)",0.7342498302459717,0.2730870842933655,0.4297693967819214,2
seg-only,"(1.5, 20.0, 0.3, 0.0)",0.7083651125431061,0.22404181957244873,0.4636342525482178,2
seg-only,"(1.5, 20.0, 0.3, 0.0)",0.6771285831928253,0.23538076877593994,0.3480170965194702,2
seg-only,"(1.5, 20.0, 0.3, 0.0)",0.6444278061389923,0.27857887744903564,0.3737422227859497,2
seg-only,"(1.5, 20.0, 0.3, 0.3)",0.6675399839878082,0.2151094675064087,0.20805656909942627,2
seg-only,"(1.5, 20.0, 0.3, 0.3)",0.6674449741840363,0.25724565982818604,0.14833343029022217,2
seg-only,"(1.5, 20.0, 0.3, 0.3)",0.6827706098556519,0.22224324941635132,0.23440098762512207,2
seg-only,"(1.5, 20.0, 0.3, 0.3)",0.694915771484375,0.2911945581436157,0.25339365005493164,2
seg-only,"(1.5, 20.0, 0.3, 0.3)",0.6831999123096466,0.24260014295578003,0.22684478759765625,2
seg-only,"(1.5, 20.0, 0.3, 0.3)",0.6401209831237793,0.18897593021392822,0.20395982265472412,2
seg-only,"(1.5, 20.0, 0.3, 0.3)",0.6667609810829163,0.21736621856689453,0.2732532024383545,2
seg-only,"(1.5, 20.0, 0.3, 0.3)",0.6780549585819244,0.2325877547264099,0.23911798000335693,2
seg-only,"(1.5, 20.0, 0.3, 0.3)",0.7494741976261139,0.18163490295410156,0.11954796314239502,2
seg-only,"(1.5, 20.0, 0.3, 0.3)",0.690787136554718,0.34343403577804565,0.3808417320251465,2
seg-only,"(1.5, 20.0, 0.3, 0.3)",0.6562572121620178,0.17371445894241333,0.3266552686691284,2
seg-only,"(1.5, 20.0, 0.3, 0.3)",0.7431702017784119,0.23377567529678345,0.13178014755249023,2
seg-only,"(1.5, 20.0, 0.3, 0.3)",0.6770541369915009,0.18989598751068115,0.19874131679534912,2
seg-only,"(1.5, 20.0, 0.3, 0.3)",0.7081978619098663,0.2420981526374817,0.15093588829040527,2
seg-only,"(1.5, 20.0, 0.3, 0.3)",0.6781171262264252,0.2738869786262512,0.34544074535369873,2
seg-only,"(1.5, 20.0, 0.3, 0.6)",0.6582317352294922,0.19484078884124756,0.03134596347808838,2
seg-only,"(1.5, 20.0, 0.3, 0.6)",0.7031424641609192,0.2012035846710205,0.02958357334136963,2
seg-only,"(1.5, 20.0, 0.3, 0.6)",0.6758509874343872,0.270876944065094,0.12064588069915771,2
seg-only,"(1.5, 20.0, 0.3, 0.6)",0.653408408164978,0.27415651082992554,0.22922134399414062,2
seg-only,"(1.5, 20.0, 0.3, 0.6)",0.6788161098957062,0.19440287351608276,0.03428494930267334,2
seg-only,"(1.5, 20.0, 0.3, 0.6)",0.6708613634109497,0.1782558560371399,0.07962262630462646,2
seg-only,"(1.5, 20.0, 0.3, 0.6)",0.6584521532058716,0.237737774848938,0.09525954723358154,2
seg-only,"(1.5, 20.0, 0.3, 0.6)",0.6366944313049316,0.2232266664505005,0.11931085586547852,2
seg-only,"(1.5, 20.0, 0.3, 0.6)",0.7261828780174255,0.29069817066192627,0.12828898429870605,2
seg-only,"(1.5, 20.0, 0.3, 0.6)",0.6565687358379364,0.2663601040840149,0.12979352474212646,2
seg-only,"(1.5, 20.0, 0.3, 0.6)",0.68768310546875,0.20140773057937622,0.1040353775024414,2
seg-only,"(1.5, 20.0, 0.3, 0.6)",0.6577723622322083,0.1876744031906128,0.11639738082885742,2
seg-only,"(1.5, 20.0, 0.3, 0.6)",0.7094525098800659,0.2553322911262512,0.19477832317352295,2
seg-only,"(1.5, 20.0, 0.3, 0.6)",0.6950128376483917,0.2394837737083435,0.15674662590026855,2
seg-only,"(1.5, 20.0, 0.3, 0.6)",0.6881369054317474,0.26106804609298706,0.1932913064956665,2
seg-only,"(1.5, 20.0, 0.3, -0.3)",0.6673862040042877,0.25125980377197266,0.3995915651321411,2
seg-only,"(1.5, 20.0, 0.3, -0.3)",0.6995133757591248,0.1952986717224121,0.28486156463623047,2
seg-only,"(1.5, 20.0, 0.3, -0.3)",0.6873444020748138,0.1816878318786621,0.3272092342376709,2
seg-only,"(1.5, 20.0, 0.3, -0.3)",0.7135134041309357,0.26908302307128906,0.4939936399459839,2
seg-only,"(1.5, 20.0, 0.3, -0.3)",0.6805132031440735,0.3320658802986145,0.6216822862625122,2
seg-only,"(1.5, 20.0, 0.3, -0.3)",0.6926081478595734,0.24391376972198486,0.48641133308410645,2
seg-only,"(1.5, 20.0, 0.3, -0.3)",0.7149898409843445,0.2629319429397583,0.5220192670822144,2
seg-only,"(1.5, 20.0, 0.3, -0.3)",0.661294162273407,0.21538585424423218,0.37819910049438477,2
seg-only,"(1.5, 20.0, 0.3, -0.3)",0.6703256070613861,0.19526773691177368,0.29968953132629395,2
seg-only,"(1.5, 20.0, 0.3, -0.3)",0.6225249171257019,0.12040466070175171,0.2452068328857422,2
seg-only,"(1.5, 20.0, 0.3, -0.3)",0.6784136295318604,0.20229756832122803,0.3134191036224365,2
seg-only,"(1.5, 20.0, 0.3, -0.3)",0.6897348165512085,0.21640193462371826,0.3373415470123291,2
seg-only,"(1.5, 20.0, 0.3, -0.3)",0.6367111206054688,0.18917113542556763,0.32757139205932617,2
seg-only,"(1.5, 20.0, 0.3, -0.3)",0.6644220352172852,0.23569494485855103,0.4084920883178711,2
seg-only,"(1.5, 20.0, 0.3, -0.3)",0.6558064520359039,0.2798093557357788,0.4618842601776123,2
seg-only,"(1.5, 20.0, 0.7, 0.0)",0.48048341274261475,0.032103896141052246,0.023493051528930664,2
seg-only,"(1.5, 20.0, 0.7, 0.0)",0.4517509341239929,0.09366142749786377,0.19485962390899658,2
seg-only,"(1.5, 20.0, 0.7, 0.0)",0.46044686436653137,0.03221255540847778,0.022576093673706055,2
seg-only,"(1.5, 20.0, 0.7, 0.0)",0.4745171368122101,0.07896620035171509,0.11679279804229736,2
seg-only,"(1.5, 20.0, 0.7, 0.0)",0.45222488045692444,0.06939923763275146,0.07030820846557617,2
seg-only,"(1.5, 20.0, 0.7, 0.0)",0.49948182702064514,0.061372458934783936,0.04773139953613281,2
seg-only,"(1.5, 20.0, 0.7, 0.0)",0.43523024022579193,0.059410810470581055,0.011180400848388672,2
seg-only,"(1.5, 20.0, 0.7, 0.0)",0.46534930169582367,0.09555590152740479,0.11312985420227051,2
seg-only,"(1.5, 20.0, 0.7, 0.0)",0.45139041543006897,0.05612605810165405,0.10458970069885254,2
seg-only,"(1.5, 20.0, 0.7, 0.0)",0.4460909813642502,0.014744579792022705,0.05216026306152344,2
seg-only,"(1.5, 20.0, 0.7, 0.0)",0.48179513216018677,0.05451852083206177,0.020801305770874023,2
seg-only,"(1.5, 20.0, 0.7, 0.0)",0.4399149864912033,0.03544050455093384,0.06141650676727295,2
seg-only,"(1.5, 20.0, 0.7, 0.0)",0.45056071877479553,0.10164517164230347,0.17910194396972656,2
seg-only,"(1.5, 20.0, 0.7, 0.0)",0.4640343338251114,0.11078798770904541,0.21688711643218994,2
seg-only,"(1.5, 20.0, 0.7, 0.0)",0.44848258793354034,0.06887853145599365,0.04958772659301758,2
seg-only,"(1.5, 20.0, 0.7, 0.3)",0.4854159951210022,0.05945122241973877,0.07732164859771729,2
seg-only,"(1.5, 20.0, 0.7, 0.3)",0.45968031883239746,0.056036174297332764,0.1085282564163208,2
seg-only,"(1.5, 20.0, 0.7, 0.3)",0.42241738736629486,0.05562722682952881,0.07914984226226807,2
seg-only,"(1.5, 20.0, 0.7, 0.3)",0.4485210180282593,0.018958687782287598,0.004322528839111328,2
seg-only,"(1.5, 20.0, 0.7, 0.3)",0.417794406414032,0.094635009765625,0.16259229183197021,2
seg-only,"(1.5, 20.0, 0.7, 0.3)",0.4090252220630646,0.05934256315231323,0.09757804870605469,2
seg-only,"(1.5, 20.0, 0.7, 0.3)",0.4553799033164978,0.0899839997291565,0.0588831901550293,2
seg-only,"(1.5, 20.0, 0.7, 0.3)",0.45413611829280853,0.0635642409324646,0.08210968971252441,2
seg-only,"(1.5, 20.0, 0.7, 0.3)",0.41489923000335693,0.10589814186096191,0.10913658142089844,2
seg-only,"(1.5, 20.0, 0.7, 0.3)",0.42071297764778137,0.061204493045806885,0.001753687858581543,2
seg-only,"(1.5, 20.0, 0.7, 0.3)",0.48655441403388977,0.041875243186950684,0.018764734268188477,2
seg-only,"(1.5, 20.0, 0.7, 0.3)",0.4973827302455902,0.03198564052581787,0.02893972396850586,2
seg-only,"(1.5, 20.0, 0.7, 0.3)",0.444454163312912,0.019821524620056152,0.026703596115112305,2
seg-only,"(1.5, 20.0, 0.7, 0.3)",0.4806143492460251,0.06761002540588379,0.09472715854644775,2
seg-only,"(1.5, 20.0, 0.7, 0.3)",0.39930492639541626,0.04869353771209717,0.09445571899414062,2
seg-only,"(1.5, 20.0, 0.7, 0.6)",0.4519707262516022,0.07632768154144287,0.026554226875305176,2
seg-only,"(1.5, 20.0, 0.7, 0.6)",0.4799868166446686,0.061982035636901855,0.06822848320007324,2
seg-only,"(1.5, 20.0, 0.7, 0.6)",0.4707070589065552,0.048670411109924316,0.1049567461013794,2
seg-only,"(1.5, 20.0, 0.7, 0.6)",0.45049063861370087,0.04277068376541138,0.013786077499389648,2
seg-only,"(1.5, 20.0, 0.7, 0.6)",0.49517250061035156,0.08395510911941528,0.007229208946228027,2
seg-only,"(1.5, 20.0, 0.7, 0.6)",0.43170326948165894,0.05205392837524414,0.07888758182525635,2
seg-only,"(1.5, 20.0, 0.7, 0.6)",0.434914767742157,0.05542963743209839,0.04371774196624756,2
seg-only,"(1.5, 20.0, 0.7, 0.6)",0.49825596809387207,0.07448333501815796,0.00737762451171875,2
seg-only,"(1.5, 20.0, 0.7, 0.6)",0.4603767395019531,0.034922897815704346,0.03591275215148926,2
seg-only,"(1.5, 20.0, 0.7, 0.6)",0.46089425683021545,0.0895811915397644,0.12087798118591309,2
seg-only,"(1.5, 20.0, 0.7, 0.6)",0.44630132615566254,0.06850144267082214,0.0050051212310791016,2
seg-only,"(1.5, 20.0, 0.7, 0.6)",0.4482053816318512,0.032039523124694824,0.07244002819061279,2
seg-only,"(1.5, 20.0, 0.7, 0.6)",0.45211009681224823,0.031051158905029297,0.06647419929504395,2
seg-only,"(1.5, 20.0, 0.7, 0.6)",0.4812430739402771,0.08154881000518799,0.009555578231811523,2
seg-only,"(1.5, 20.0, 0.7, 0.6)",0.40306757390499115,0.013879060745239258,0.045681118965148926,2
seg-only,"(1.5, 20.0, 0.7, -0.3)",0.49134184420108795,0.01958024501800537,0.1191263198852539,2
seg-only,"(1.5, 20.0, 0.7, -0.3)",0.46892914175987244,0.09147781133651733,0.17526960372924805,2
seg-only,"(1.5, 20.0, 0.7, -0.3)",0.45164889097213745,0.043309152126312256,0.06070542335510254,2
seg-only,"(1.5, 20.0, 0.7, -0.3)",0.4401133209466934,0.10155975818634033,0.15064549446105957,2
seg-only,"(1.5, 20.0, 0.7, -0.3)",0.47027143836021423,0.032382428646087646,0.03035116195678711,2
seg-only,"(1.5, 20.0, 0.7, -0.3)",0.4576136916875839,0.09567838907241821,0.14678752422332764,2
seg-only,"(1.5, 20.0, 0.7, -0.3)",0.4431624412536621,0.09952419996261597,0.1746985912322998,2
seg-only,"(1.5, 20.0, 0.7, -0.3)",0.4902433902025223,0.060301363468170166,0.1342017650604248,2
seg-only,"(1.5, 20.0, 0.7, -0.3)",0.4701319932937622,0.02847146987915039,0.052582502365112305,2
seg-only,"(1.5, 20.0, 0.7, -0.3)",0.4120142161846161,0.06085151433944702,0.08546018600463867,2
seg-only,"(1.5, 20.0, 0.7, -0.3)",0.4832491874694824,0.04566311836242676,0.1450028419494629,2
seg-only,"(1.5, 20.0, 0.7, -0.3)",0.44546522200107574,0.03146481513977051,0.0067844390869140625,2
seg-only,"(1.5, 20.0, 0.7, -0.3)",0.43364882469177246,0.03548306226730347,0.04188728332519531,2
seg-only,"(1.5, 20.0, 0.7, -0.3)",0.4464844763278961,0.09904557466506958,0.19212913513183594,2
seg-only,"(1.5, 20.0, 0.7, -0.3)",0.487068235874176,0.10166800022125244,0.16030168533325195,2
seg-only,"(3.0, 8.0, 0.3, 0.0)",1.5714259147644043,0.7366424798965454,1.233426809310913,2
seg-only,"(3.0, 8.0, 0.3, 0.0)",1.522337257862091,0.7553318738937378,0.9387140274047852,2
seg-only,"(3.0, 8.0, 0.3, 0.0)",1.5159934759140015,0.7445834875106812,1.015854835510254,2
seg-only,"(3.0, 8.0, 0.3, 0.0)",1.5553532838821411,0.7385486364364624,1.2487306594848633,2
seg-only,"(3.0, 8.0, 0.3, 0.0)",1.5230493545532227,0.6983962059020996,1.062422513961792,2
seg-only,"(3.0, 8.0, 0.3, 0.0)",1.5652825236320496,0.7777405977249146,1.069493055343628,2
seg-only,"(3.0, 8.0, 0.3, 0.0)",1.5931810140609741,0.7385700941085815,1.1349709033966064,2
seg-only,"(3.0, 8.0, 0.3, 0.0)",1.5338835716247559,0.7711942195892334,1.0991313457489014,2
seg-only,"(3.0, 8.0, 0.3, 0.0)",1.5642185807228088,0.8098349571228027,1.2097752094268799,2
seg-only,"(3.0, 8.0, 0.3, 0.0)",1.5297167897224426,0.7591854333877563,0.8912074565887451,2
seg-only,"(3.0, 8.0, 0.3, 0.0)",1.5864885449409485,0.7422500848770142,1.0799288749694824,2
seg-only,"(3.0, 8.0, 0.3, 0.0)",1.5275660157203674,0.7116497755050659,1.132524013519287,2
seg-only,"(3.0, 8.0, 0.3, 0.0)",1.5046089887619019,0.6644835472106934,0.8784060478210449,2
seg-only,"(3.0, 8.0, 0.3, 0.0)",1.5220374464988708,0.8203656673431396,1.0386056900024414,2
seg-only,"(3.0, 8.0, 0.3, 0.0)",1.5474638938903809,0.7460931539535522,1.0323412418365479,2
seg-only,"(3.0, 8.0, 0.3, 0.3)",1.526115894317627,0.6474878787994385,0.8036572933197021,2
seg-only,"(3.0, 8.0, 0.3, 0.3)",1.4888956546783447,0.6983650922775269,0.860325813293457,2
seg-only,"(3.0, 8.0, 0.3, 0.3)",1.5937091708183289,0.9802315831184387,1.0217649936676025,2
seg-only,"(3.0, 8.0, 0.3, 0.3)",1.454683542251587,0.6044954061508179,0.8559956550598145,2
seg-only,"(3.0, 8.0, 0.3, 0.3)",1.5679303407669067,0.8509141206741333,1.032289981842041,2
seg-only,"(3.0, 8.0, 0.3, 0.3)",1.4779471158981323,0.6329295635223389,0.8473832607269287,2
seg-only,"(3.0, 8.0, 0.3, 0.3)",1.6202996969223022,0.8938164710998535,0.9047963619232178,2
seg-only,"(3.0, 8.0, 0.3, 0.3)",1.5030333399772644,0.7205765247344971,0.949765682220459,2
seg-only,"(3.0, 8.0, 0.3, 0.3)",1.5195134282112122,0.6743903160095215,0.9528775215148926,2
seg-only,"(3.0, 8.0, 0.3, 0.3)",1.5376073122024536,0.7646753787994385,0.9146206378936768,2
seg-only,"(3.0, 8.0, 0.3, 0.3)",1.5312211513519287,0.6740161180496216,0.8407697677612305,2
seg-only,"(3.0, 8.0, 0.3, 0.3)",1.5541628003120422,0.8662961721420288,0.9465093612670898,2
seg-only,"(3.0, 8.0, 0.3, 0.3)",1.536587655544281,0.7553613185882568,0.9706528186798096,2
seg-only,"(3.0, 8.0, 0.3, 0.3)",1.5803499221801758,0.6962476968765259,0.8418130874633789,2
seg-only,"(3.0, 8.0, 0.3, 0.3)",1.5617937445640564,0.8643363118171692,0.870110273361206,2
seg-only,"(3.0, 8.0, 0.3, 0.6)",1.598222017288208,0.8192250728607178,0.5688159465789795,2
seg-only,"(3.0, 8.0, 0.3, 0.6)",1.560443639755249,0.7067829370498657,0.5419023036956787,2
seg-only,"(3.0, 8.0, 0.3, 0.6)",1.5670474767684937,0.7432003021240234,0.5606470108032227,2
seg-only,"(3.0, 8.0, 0.3, 0.6)",1.5310397744178772,0.5840276479721069,0.699134349822998,2
seg-only,"(3.0, 8.0, 0.3, 0.6)",1.618119478225708,0.9559280872344971,0.7897359132766724,2
seg-only,"(3.0, 8.0, 0.3, 0.6)",1.5872907638549805,0.7871764898300171,0.6357848644256592,2
seg-only,"(3.0, 8.0, 0.3, 0.6)",1.545582890510559,0.7388741970062256,0.6909055709838867,2
seg-only,"(3.0, 8.0, 0.3, 0.6)",1.5415897965431213,0.8692330718040466,0.6535921096801758,2
seg-only,"(3.0, 8.0, 0.3, 0.6)",1.536253809928894,0.8114784359931946,0.6533300876617432,2
seg-only,"(3.0, 8.0, 0.3, 0.6)",1.513746738433838,0.7288792133331299,0.6522345542907715,2
seg-only,"(3.0, 8.0, 0.3, 0.6)",1.5456045866012573,0.6898624897003174,0.5690300464630127,2
seg-only,"(3.0, 8.0, 0.3, 0.6)",1.501681923866272,0.7412375211715698,0.6906812191009521,2
seg-only,"(3.0, 8.0, 0.3, 0.6)",1.5270394086837769,0.6911677122116089,0.7020095586776733,2
seg-only,"(3.0, 8.0, 0.3, 0.6)",1.6089983582496643,0.7551162838935852,0.3323631286621094,2
seg-only,"(3.0, 8.0, 0.3, 0.6)",1.5644956827163696,0.7383131980895996,0.5557899475097656,2
seg-only,"(3.0, 8.0, 0.3, -0.3)",1.506914734840393,0.7790126800537109,1.3105103969573975,2
seg-only,"(3.0, 8.0, 0.3, -0.3)",1.588955044746399,0.7087433338165283,1.1067209243774414,2
seg-only,"(3.0, 8.0, 0.3, -0.3)",1.5075396299362183,0.7739213705062866,1.2177691459655762,2
seg-only,"(3.0, 8.0, 0.3, -0.3)",1.4930408000946045,0.7369273900985718,1.2829101085662842,2
seg-only,"(3.0, 8.0, 0.3, -0.3)",1.535136103630066,0.7638211250305176,1.1739740371704102,2
seg-only,"(3.0, 8.0, 0.3, -0.3)",1.540371596813202,0.8200775384902954,1.237156629562378,2
seg-only,"(3.0, 8.0, 0.3, -0.3)",1.5884931087493896,0.792743444442749,1.3872532844543457,2
seg-only,"(3.0, 8.0, 0.3, -0.3)",1.5478571653366089,0.752922773361206,1.072767734527588,2
seg-only,"(3.0, 8.0, 0.3, -0.3)",1.4912649989128113,0.7432024478912354,1.2129244804382324,2
seg-only,"(3.0, 8.0, 0.3, -0.3)",1.5401241779327393,0.8903606534004211,1.6458954811096191,2
seg-only,"(3.0, 8.0, 0.3, -0.3)",1.6017799973487854,0.8165196180343628,1.361584186553955,2
seg-only,"(3.0, 8.0, 0.3, -0.3)",1.4996936917304993,0.7309411764144897,1.192232608795166,2
seg-only,"(3.0, 8.0, 0.3, -0.3)",1.5063042640686035,0.8319523334503174,1.2968919277191162,2
seg-only,"(3.0, 8.0, 0.3, -0.3)",1.6084412336349487,0.8583187460899353,1.5471551418304443,2
seg-only,"(3.0, 8.0, 0.3, -0.3)",1.5266131162643433,0.6557751893997192,1.2434370517730713,2
seg-only,"(3.0, 8.0, 0.7, 0.0)",1.0731764435768127,0.37148725986480713,0.4802379608154297,2
seg-only,"(3.0, 8.0, 0.7, 0.0)",1.10916268825531,0.31388700008392334,0.47995877265930176,2
seg-only,"(3.0, 8.0, 0.7, 0.0)",1.0757230520248413,0.4006696939468384,0.5128970146179199,2
seg-only,"(3.0, 8.0, 0.7, 0.0)",1.1662979125976562,0.4919118881225586,0.5875024795532227,2
seg-only,"(3.0, 8.0, 0.7, 0.0)",1.1650584936141968,0.4180694818496704,0.41527223587036133,2
seg-only,"(3.0, 8.0, 0.7, 0.0)",1.0910785794258118,0.380357027053833,0.6260063648223877,2
seg-only,"(3.0, 8.0, 0.7, 0.0)",1.0895406603813171,0.40998148918151855,0.5459182262420654,2
seg-only,"(3.0, 8.0, 0.7, 0.0)",1.0814604759216309,0.35902655124664307,0.5722017288208008,2
seg-only,"(3.0, 8.0, 0.7, 0.0)",1.0929047465324402,0.4138951301574707,0.5122289657592773,2
seg-only,"(3.0, 8.0, 0.7, 0.0)",1.0466884970664978,0.33152341842651367,0.5440824031829834,2
seg-only,"(3.0, 8.0, 0.7, 0.0)",1.102311372756958,0.34980809688568115,0.5278482437133789,2
seg-only,"(3.0, 8.0, 0.7, 0.0)",1.115243136882782,0.3749912977218628,0.8375051021575928,2
seg-only,"(3.0, 8.0, 0.7, 0.0)",1.0917737483978271,0.3742145299911499,0.5044362545013428,2
seg-only,"(3.0, 8.0, 0.7, 0.0)",1.0710254907608032,0.3374195098876953,0.3506808280944824,2
seg-only,"(3.0, 8.0, 0.7, 0.0)",1.0821523666381836,0.41659843921661377,0.7133007049560547,2
seg-only,"(3.0, 8.0, 0.7, 0.3)",1.0196741223335266,0.3366069793701172,0.42810535430908203,2
seg-only,"(3.0, 8.0, 0.7, 0.3)",1.0814071893692017,0.37257373332977295,0.38478636741638184,2
seg-only,"(3.0, 8.0, 0.7, 0.3)",1.0624443292617798,0.3573955297470093,0.5049242973327637,2
seg-only,"(3.0, 8.0, 0.7, 0.3)",1.1087706089019775,0.32131218910217285,0.334575891494751,2
seg-only,"(3.0, 8.0, 0.7, 0.3)",1.0677906274795532,0.3157581090927124,0.3074624538421631,2
seg-only,"(3.0, 8.0, 0.7, 0.3)",1.1012946963310242,0.35771024227142334,0.33730101585388184,2
seg-only,"(3.0, 8.0, 0.7, 0.3)",1.1583936214447021,0.3496602773666382,0.4383854866027832,2
seg-only,"(3.0, 8.0, 0.7, 0.3)",1.0505160689353943,0.325008749961853,0.3371882438659668,2
seg-only,"(3.0, 8.0, 0.7, 0.3)",1.1663772463798523,0.4765506982803345,0.3875284194946289,2
seg-only,"(3.0, 8.0, 0.7, 0.3)",1.045846402645111,0.29748523235321045,0.31137752532958984,2
seg-only,"(3.0, 8.0, 0.7, 0.3)",1.100316345691681,0.3389561176300049,0.5354635715484619,2
seg-only,"(3.0, 8.0, 0.7, 0.3)",1.0340166687965393,0.3724527359008789,0.45812225341796875,2
seg-only,"(3.0, 8.0, 0.7, 0.3)",1.082300841808319,0.3201479911804199,0.3655240535736084,2
seg-only,"(3.0, 8.0, 0.7, 0.3)",1.0456610321998596,0.352566123008728,0.4585127830505371,2
seg-only,"(3.0, 8.0, 0.7, 0.3)",1.1480892896652222,0.4017132520675659,0.3027009963989258,2
seg-only,"(3.0, 8.0, 0.7, 0.6)",1.1923345923423767,0.28926849365234375,0.18453550338745117,2
seg-only,"(3.0, 8.0, 0.7, 0.6)",1.0718576908111572,0.4303182363510132,0.24837112426757812,2
seg-only,"(3.0, 8.0, 0.7, 0.6)",1.1341701745986938,0.3459591865539551,0.21136474609375,2
seg-only,"(3.0, 8.0, 0.7, 0.6)",1.0451205372810364,0.3216094970703125,0.18819189071655273,2
seg-only,"(3.0, 8.0, 0.7, 0.6)",1.096952199935913,0.3438507318496704,0.180527925491333,2
seg-only,"(3.0, 8.0, 0.7, 0.6)",1.0797274112701416,0.33124589920043945,0.2333080768585205,2
seg-only,"(3.0, 8.0, 0.7, 0.6)",1.0700279474258423,0.298134446144104,0.18610382080078125,2
seg-only,"(3.0, 8.0, 0.7, 0.6)",1.169710636138916,0.32654058933258057,0.17809557914733887,2
seg-only,"(3.0, 8.0, 0.7, 0.6)",1.072881042957306,0.29954469203948975,0.16932439804077148,2
seg-only,"(3.0, 8.0, 0.7, 0.6)",0.9870415925979614,0.2794070243835449,0.18169546127319336,2
seg-only,"(3.0, 8.0, 0.7, 0.6)",1.1559405326843262,0.35421764850616455,0.4122045040130615,2
seg-only,"(3.0, 8.0, 0.7, 0.6)",1.0218371152877808,0.29506194591522217,0.27801084518432617,2
seg-only,"(3.0, 8.0, 0.7, 0.6)",1.1272380352020264,0.31417763233184814,0.19243955612182617,2
seg-only,"(3.0, 8.0, 0.7, 0.6)",1.0854640007019043,0.33132004737854004,0.2893648147583008,2
seg-only,"(3.0, 8.0, 0.7, 0.6)",1.1453732252120972,0.48097050189971924,0.27916979789733887,2
seg-only,"(3.0, 8.0, 0.7, -0.3)",1.0457019209861755,0.346338152885437,0.7406268119812012,2
seg-only,"(3.0, 8.0, 0.7, -0.3)",1.024686723947525,0.2659114599227905,0.3847932815551758,2
seg-only,"(3.0, 8.0, 0.7, -0.3)",1.0259200930595398,0.2683779001235962,0.3205289840698242,2
seg-only,"(3.0, 8.0, 0.7, -0.3)",1.107199251651764,0.3400716781616211,0.6654984951019287,2
seg-only,"(3.0, 8.0, 0.7, -0.3)",1.0774754285812378,0.40951406955718994,0.7428579330444336,2
seg-only,"(3.0, 8.0, 0.7, -0.3)",1.0769191980361938,0.3308990001678467,0.606022834777832,2
seg-only,"(3.0, 8.0, 0.7, -0.3)",1.1320511102676392,0.38609743118286133,0.5138540267944336,2
seg-only,"(3.0, 8.0, 0.7, -0.3)",1.068206548690796,0.29886138439178467,0.44867849349975586,2
seg-only,"(3.0, 8.0, 0.7, -0.3)",1.1253718733787537,0.4196666479110718,0.7891824245452881,2
seg-only,"(3.0, 8.0, 0.7, -0.3)",1.0943965911865234,0.37262511253356934,0.5793342590332031,2
seg-only,"(3.0, 8.0, 0.7, -0.3)",1.1134408116340637,0.3474843502044678,0.5042228698730469,2
seg-only,"(3.0, 8.0, 0.7, -0.3)",1.1072102189064026,0.3396197557449341,0.4923996925354004,2
seg-only,"(3.0, 8.0, 0.7, -0.3)",1.074446201324463,0.418489933013916,0.7196998596191406,2
seg-only,"(3.0, 8.0, 0.7, -0.3)",1.0229214429855347,0.40699636936187744,0.7344918251037598,2
seg-only,"(3.0, 8.0, 0.7, -0.3)",1.0775341987609863,0.24660587310791016,0.32260704040527344,2
seg-only,"(3.0, 20.0, 0.3, 0.0)",1.2143036127090454,0.3885166645050049,0.5605740547180176,2
seg-only,"(3.0, 20.0, 0.3, 0.0)",1.2442353963851929,0.40494871139526367,0.5577163696289062,2
seg-only,"(3.0, 20.0, 0.3, 0.0)",1.2874318361282349,0.4690403938293457,0.6701536178588867,2
seg-only,"(3.0, 20.0, 0.3, 0.0)",1.263683259487152,0.4475064277648926,0.6743927001953125,2
seg-only,"(3.0, 20.0, 0.3, 0.0)",1.202464759349823,0.375940203666687,0.6297297477722168,2
seg-only,"(3.0, 20.0, 0.3, 0.0)",1.1756329536437988,0.397230863571167,0.5077571868896484,2
seg-only,"(3.0, 20.0, 0.3, 0.0)",1.2018733620643616,0.4216592311859131,0.7150967121124268,2
seg-only,"(3.0, 20.0, 0.3, 0.0)",1.2850762605667114,0.39419829845428467,0.559520959854126,2
seg-only,"(3.0, 20.0, 0.3, 0.0)",1.2449040412902832,0.5036342144012451,0.608680009841919,2
seg-only,"(3.0, 20.0, 0.3, 0.0)",1.2065194845199585,0.45845937728881836,0.68117356300354,2
seg-only,"(3.0, 20.0, 0.3, 0.0)",1.2326174974441528,0.42267823219299316,0.7523174285888672,2
seg-only,"(3.0, 20.0, 0.3, 0.0)",1.3009142875671387,0.5093876123428345,0.6040692329406738,2
seg-only,"(3.0, 20.0, 0.3, 0.0)",1.2391244173049927,0.4214826822280884,0.5785033702850342,2
seg-only,"(3.0, 20.0, 0.3, 0.0)",1.2676644325256348,0.4570915699005127,0.7680940628051758,2
seg-only,"(3.0, 20.0, 0.3, 0.0)",1.2539891004562378,0.48862648010253906,0.6634223461151123,2
seg-only,"(3.0, 20.0, 0.3, 0.3)",1.2586471438407898,0.5192990303039551,0.6768980026245117,2
seg-only,"(3.0, 20.0, 0.3, 0.3)",1.2714003920555115,0.48560619354248047,0.516669511795044,2
seg-only,"(3.0, 20.0, 0.3, 0.3)",1.186417281627655,0.5477148294448853,0.5839202404022217,2
seg-only,"(3.0, 20.0, 0.3, 0.3)",1.2423453330993652,0.6082817912101746,0.512444019317627,2
seg-only,"(3.0, 20.0, 0.3, 0.3)",1.2241271138191223,0.457297682762146,0.5220456123352051,2
seg-only,"(3.0, 20.0, 0.3, 0.3)",1.2559341788291931,0.4851588010787964,0.5761644840240479,2
seg-only,"(3.0, 20.0, 0.3, 0.3)",1.269838571548462,0.4206792116165161,0.48882102966308594,2
seg-only,"(3.0, 20.0, 0.3, 0.3)",1.2041924595832825,0.3969961404800415,0.5798025131225586,2
seg-only,"(3.0, 20.0, 0.3, 0.3)",1.189072608947754,0.35727882385253906,0.4626750946044922,2
seg-only,"(3.0, 20.0, 0.3, 0.3)",1.1805895566940308,0.3697599172592163,0.599921703338623,2
seg-only,"(3.0, 20.0, 0.3, 0.3)",1.2371609807014465,0.45252370834350586,0.37215375900268555,2
seg-only,"(3.0, 20.0, 0.3, 0.3)",1.2810819745063782,0.43564772605895996,0.5948657989501953,2
seg-only,"(3.0, 20.0, 0.3, 0.3)",1.2677563428878784,0.4304924011230469,0.49274659156799316,2
seg-only,"(3.0, 20.0, 0.3, 0.3)",1.2305153608322144,0.4820072650909424,0.5214700698852539,2
seg-only,"(3.0, 20.0, 0.3, 0.3)",1.2066999077796936,0.461025595664978,0.35683321952819824,2
seg-only,"(3.0, 20.0, 0.3, 0.6)",1.1539220213890076,0.3132132291793823,0.22320055961608887,2
seg-only,"(3.0, 20.0, 0.3, 0.6)",1.258970856666565,0.4506157636642456,0.22355151176452637,2
seg-only,"(3.0, 20.0, 0.3, 0.6)",1.1894339323043823,0.38384222984313965,0.3145475387573242,2
seg-only,"(3.0, 20.0, 0.3, 0.6)",1.253964602947235,0.49622106552124023,0.409027099609375,2
seg-only,"(3.0, 20.0, 0.3, 0.6)",1.1622740626335144,0.4258594512939453,0.5274133682250977,2
seg-only,"(3.0, 20.0, 0.3, 0.6)",1.181545078754425,0.42130017280578613,0.3713572025299072,2
seg-only,"(3.0, 20.0, 0.3, 0.6)",1.1990063786506653,0.4612283706665039,0.43616652488708496,2
seg-only,"(3.0, 20.0, 0.3, 0.6)",1.2117220759391785,0.4117199182510376,0.31662917137145996,2
seg-only,"(3.0, 20.0, 0.3, 0.6)",1.3026019930839539,0.5222800374031067,0.39205479621887207,2
seg-only,"(3.0, 20.0, 0.3, 0.6)",1.2068957090377808,0.353979229927063,0.21809744834899902,2
seg-only,"(3.0, 20.0, 0.3, 0.6)",1.2173805236816406,0.44926249980926514,0.1909165382385254,2
seg-only,"(3.0, 20.0, 0.3, 0.6)",1.2735393643379211,0.42455387115478516,0.324429988861084,2
seg-only,"(3.0, 20.0, 0.3, 0.6)",1.2264703512191772,0.4852694272994995,0.32224583625793457,2
seg-only,"(3.0, 20.0, 0.3, 0.6)",1.2078521847724915,0.5017168521881104,0.3937723636627197,2
seg-only,"(3.0, 20.0, 0.3, 0.6)",1.2101951241493225,0.4550814628601074,0.309800386428833,2
seg-only,"(3.0, 20.0, 0.3, -0.3)",1.1819201707839966,0.3694113492965698,0.5596499443054199,2
seg-only,"(3.0, 20.0, 0.3, -0.3)",1.2869868874549866,0.487514853477478,0.9644708633422852,2
seg-only,"(3.0, 20.0, 0.3, -0.3)",1.2087270021438599,0.45416998863220215,0.7904086112976074,2
seg-only,"(3.0, 20.0, 0.3, -0.3)",1.1756508946418762,0.38371384143829346,0.6336569786071777,2
seg-only,"(3.0, 20.0, 0.3, -0.3)",1.2641707062721252,0.3495490550994873,0.4916801452636719,2
seg-only,"(3.0, 20.0, 0.3, -0.3)",1.2324743866920471,0.4705899953842163,0.8450019359588623,2
seg-only,"(3.0, 20.0, 0.3, -0.3)",1.1893577575683594,0.433837890625,0.6318633556365967,2
seg-only,"(3.0, 20.0, 0.3, -0.3)",1.2834335565567017,0.46148204803466797,0.7868540287017822,2
seg-only,"(3.0, 20.0, 0.3, -0.3)",1.1914117336273193,0.3314704895019531,0.5158977508544922,2
seg-only,"(3.0, 20.0, 0.3, -0.3)",1.2440601587295532,0.451321005821228,0.7499532699584961,2
seg-only,"(3.0, 20.0, 0.3, -0.3)",1.2500145435333252,0.4330528974533081,0.779810905456543,2
seg-only,"(3.0, 20.0, 0.3, -0.3)",1.1996532678604126,0.4172935485839844,0.9013493061065674,2
seg-only,"(3.0, 20.0, 0.3, -0.3)",1.2763699293136597,0.43957090377807617,0.7929515838623047,2
seg-only,"(3.0, 20.0, 0.3, -0.3)",1.2512173652648926,0.40815770626068115,0.6988086700439453,2
seg-only,"(3.0, 20.0, 0.3, -0.3)",1.2133914232254028,0.43065381050109863,0.8027980327606201,2
seg-only,"(3.0, 20.0, 0.7, 0.0)",0.7396535575389862,0.07874774932861328,0.28798365592956543,2
seg-only,"(3.0, 20.0, 0.7, 0.0)",0.7763954102993011,0.13785266876220703,0.13344097137451172,2
seg-only,"(3.0, 20.0, 0.7, 0.0)",0.7120751440525055,0.0801619291305542,0.12989282608032227,2
seg-only,"(3.0, 20.0, 0.7, 0.0)",0.6859447956085205,0.0632786750793457,0.08807039260864258,2
seg-only,"(3.0, 20.0, 0.7, 0.0)",0.7104121148586273,0.11410117149353027,0.17793989181518555,2
seg-only,"(3.0, 20.0, 0.7, 0.0)",0.7035385966300964,0.10285031795501709,0.1659550666809082,2
seg-only,"(3.0, 20.0, 0.7, 0.0)",0.7769338488578796,0.1426452398300171,0.22220849990844727,2
seg-only,"(3.0, 20.0, 0.7, 0.0)",0.6889922320842743,0.08772361278533936,0.08172321319580078,2
seg-only,"(3.0, 20.0, 0.7, 0.0)",0.6894223392009735,0.0733562707901001,0.32074546813964844,2
seg-only,"(3.0, 20.0, 0.7, 0.0)",0.67531418800354,0.10465049743652344,0.14695405960083008,2
seg-only,"(3.0, 20.0, 0.7, 0.0)",0.711599200963974,0.07311248779296875,0.1281437873840332,2
seg-only,"(3.0, 20.0, 0.7, 0.0)",0.6854404807090759,0.08288025856018066,0.04347515106201172,2
seg-only,"(3.0, 20.0, 0.7, 0.0)",0.6633588075637817,0.11701714992523193,0.16753816604614258,2
seg-only,"(3.0, 20.0, 0.7, 0.0)",0.726801186800003,0.08719980716705322,0.13685321807861328,2
seg-only,"(3.0, 20.0, 0.7, 0.0)",0.7293685376644135,0.11531281471252441,0.12012338638305664,2
seg-only,"(3.0, 20.0, 0.7, 0.3)",0.7021513879299164,0.15184390544891357,0.18421316146850586,2
seg-only,"(3.0, 20.0, 0.7, 0.3)",0.7482204139232635,0.07960164546966553,0.007483005523681641,2
seg-only,"(3.0, 20.0, 0.7, 0.3)",0.7317108809947968,0.10909903049468994,0.08272790908813477,2
seg-only,"(3.0, 20.0, 0.7, 0.3)",0.7701497375965118,0.1428748369216919,0.12442731857299805,2
seg-only,"(3.0, 20.0, 0.7, 0.3)",0.7139802277088165,0.14766252040863037,0.18856334686279297,2
seg-only,"(3.0, 20.0, 0.7, 0.3)",0.7120377719402313,0.10343670845031738,0.23308491706848145,2
seg-only,"(3.0, 20.0, 0.7, 0.3)",0.7333354353904724,0.10764491558074951,0.11416006088256836,2
seg-only,"(3.0, 20.0, 0.7, 0.3)",0.6686323583126068,0.12035751342773438,0.1131591796875,2
seg-only,"(3.0, 20.0, 0.7, 0.3)",0.7448093593120575,0.08053314685821533,0.10310602188110352,2
seg-only,"(3.0, 20.0, 0.7, 0.3)",0.7054689228534698,0.050615668296813965,0.17735528945922852,2
seg-only,"(3.0, 20.0, 0.7, 0.3)",0.6772052645683289,0.11147856712341309,0.057599782943725586,2
seg-only,"(3.0, 20.0, 0.7, 0.3)",0.7544775903224945,0.1281360387802124,0.07760953903198242,2
seg-only,"(3.0, 20.0, 0.7, 0.3)",0.705184817314148,0.0740354061126709,0.05876302719116211,2
seg-only,"(3.0, 20.0, 0.7, 0.3)",0.6970159113407135,0.10780799388885498,0.09008550643920898,2
seg-only,"(3.0, 20.0, 0.7, 0.3)",0.6922353208065033,0.08985245227813721,0.16318035125732422,2
seg-only,"(3.0, 20.0, 0.7, 0.6)",0.6860935091972351,0.08862423896789551,0.04255414009094238,2
seg-only,"(3.0, 20.0, 0.7, 0.6)",0.6752156317234039,0.09102535247802734,0.005556821823120117,2
seg-only,"(3.0, 20.0, 0.7, 0.6)",0.6861682534217834,0.03635668754577637,0.05415916442871094,2
seg-only,"(3.0, 20.0, 0.7, 0.6)",0.5922274887561798,0.08939063549041748,0.07968497276306152,2
seg-only,"(3.0, 20.0, 0.7, 0.6)",0.6963355541229248,0.09531736373901367,0.060227394104003906,2
seg-only,"(3.0, 20.0, 0.7, 0.6)",0.7240572273731232,0.10481631755828857,0.22797060012817383,2
seg-only,"(3.0, 20.0, 0.7, 0.6)",0.6691085696220398,0.07924032211303711,0.05106663703918457,2
seg-only,"(3.0, 20.0, 0.7, 0.6)",0.7288568317890167,0.17679369449615479,0.28739380836486816,2
seg-only,"(3.0, 20.0, 0.7, 0.6)",0.743828296661377,0.1204838752746582,0.03966546058654785,2
seg-only,"(3.0, 20.0, 0.7, 0.6)",0.706955075263977,0.07468283176422119,0.05445289611816406,2
seg-only,"(3.0, 20.0, 0.7, 0.6)",0.6968758702278137,0.09997773170471191,0.11394882202148438,2
seg-only,"(3.0, 20.0, 0.7, 0.6)",0.6919304132461548,0.1134268045425415,0.1318507194519043,2
seg-only,"(3.0, 20.0, 0.7, 0.6)",0.7215803265571594,0.1103895902633667,0.10646176338195801,2
seg-only,"(3.0, 20.0, 0.7, 0.6)",0.7533004581928253,0.054792046546936035,0.011674642562866211,2
seg-only,"(3.0, 20.0, 0.7, 0.6)",0.701685220003128,0.12541592121124268,0.11289143562316895,2
seg-only,"(3.0, 20.0, 0.7, -0.3)",0.7441211044788361,0.11488699913024902,0.18648052215576172,2
seg-only,"(3.0, 20.0, 0.7, -0.3)",0.6980901956558228,0.04708898067474365,0.17143630981445312,2
seg-only,"(3.0, 20.0, 0.7, -0.3)",0.7163978815078735,0.15678536891937256,0.24921369552612305,2
seg-only,"(3.0, 20.0, 0.7, -0.3)",0.7255472540855408,0.10288763046264648,0.18124866485595703,2
seg-only,"(3.0, 20.0, 0.7, -0.3)",0.7192797064781189,0.08240783214569092,0.13645458221435547,2
seg-only,"(3.0, 20.0, 0.7, -0.3)",0.6890121102333069,0.11504185199737549,0.1626591682434082,2
seg-only,"(3.0, 20.0, 0.7, -0.3)",0.6858614981174469,0.11152148246765137,0.19907569885253906,2
seg-only,"(3.0, 20.0, 0.7, -0.3)",0.709945559501648,0.16339290142059326,0.38092613220214844,2
seg-only,"(3.0, 20.0, 0.7, -0.3)",0.6584997177124023,0.08090662956237793,0.08621025085449219,2
seg-only,"(3.0, 20.0, 0.7, -0.3)",0.6715478897094727,0.07586562633514404,0.1302947998046875,2
seg-only,"(3.0, 20.0, 0.7, -0.3)",0.646438479423523,0.03059828281402588,0.00774383544921875,2
seg-only,"(3.0, 20.0, 0.7, -0.3)",0.7641293406486511,0.0844888687133789,0.14606904983520508,2
seg-only,"(3.0, 20.0, 0.7, -0.3)",0.7023596167564392,0.13808977603912354,0.24955463409423828,2
seg-only,"(3.0, 20.0, 0.7, -0.3)",0.7282530069351196,0.09908437728881836,0.1562032699584961,2
seg-only,"(3.0, 20.0, 0.7, -0.3)",0.6775102913379669,0.11241006851196289,0.17602157592773438,2
seg+pos,"(1.5, 8.0, 0.3, 0.0)",0.8485237956047058,0.39199239015579224,0.5185500383377075,0
seg+pos,"(1.5, 8.0, 0.3, 0.0)",0.8028662502765656,0.3352195620536804,0.4058105945587158,0
seg+pos,"(1.5, 8.0, 0.3, 0.0)",0.8567835092544556,0.37622153759002686,0.6459512710571289,0
seg+pos,"(1.5, 8.0, 0.3, 0.0)",0.8386629223823547,0.3942963480949402,0.5037370920181274,0
seg+pos,"(1.5, 8.0, 0.3, 0.0)",0.822149008512497,0.4004353880882263,0.5019153356552124,0
seg+pos,"(1.5, 8.0, 0.3, 0.0)",0.8514870405197144,0.4785172939300537,0.6177102327346802,0
seg+pos,"(1.5, 8.0, 0.3, 0.0)",0.8224859535694122,0.4049346446990967,0.5614327192306519,0
seg+pos,"(1.5, 8.0, 0.3, 0.0)",0.8266977369785309,0.35832035541534424,0.5441474914550781,0
seg+pos,"(1.5, 8.0, 0.3, 0.0)",0.8387273550033569,0.36340582370758057,0.5132104158401489,0
seg+pos,"(1.5, 8.0, 0.3, 0.0)",0.8573070764541626,0.38621431589126587,0.5145368576049805,0
seg+pos,"(1.5, 8.0, 0.3, 0.0)",0.820753663778305,0.33794957399368286,0.581131100654602,0
seg+pos,"(1.5, 8.0, 0.3, 0.0)",0.832076221704483,0.37531375885009766,0.6254013776779175,0
seg+pos,"(1.5, 8.0, 0.3, 0.0)",0.798795074224472,0.3555799126625061,0.4847937822341919,0
seg+pos,"(1.5, 8.0, 0.3, 0.0)",0.8260599672794342,0.4308859705924988,0.6223353147506714,0
seg+pos,"(1.5, 8.0, 0.3, 0.0)",0.8234572410583496,0.3681625723838806,0.5135223865509033,0
seg+pos,"(1.5, 8.0, 0.3, 0.3)",0.8206934332847595,0.4025306701660156,0.44407784938812256,0
seg+pos,"(1.5, 8.0, 0.3, 0.3)",0.7940874099731445,0.3890165090560913,0.30511701107025146,0
seg+pos,"(1.5, 8.0, 0.3, 0.3)",0.8114455342292786,0.2663002014160156,0.3458840847015381,0
seg+pos,"(1.5, 8.0, 0.3, 0.3)",0.773680180311203,0.29713159799575806,0.3389087915420532,0
seg+pos,"(1.5, 8.0, 0.3, 0.3)",0.8046952784061432,0.34283292293548584,0.43670809268951416,0
seg+pos,"(1.5, 8.0, 0.3, 0.3)",0.8132288157939911,0.41826874017715454,0.5543029308319092,0
seg+pos,"(1.5, 8.0, 0.3, 0.3)",0.833580881357193,0.39493680000305176,0.42178475856781006,0
seg+pos,"(1.5, 8.0, 0.3, 0.3)",0.7909412086009979,0.3488103747367859,0.4880176782608032,0
seg+pos,"(1.5, 8.0, 0.3, 0.3)",0.8457847237586975,0.4644864797592163,0.4523230791091919,0
seg+pos,"(1.5, 8.0, 0.3, 0.3)",0.8223786354064941,0.3835204243659973,0.49555087089538574,0
seg+pos,"(1.5, 8.0, 0.3, 0.3)",0.8565049171447754,0.4370139539241791,0.49529194831848145,0
seg+pos,"(1.5, 8.0, 0.3, 0.3)",0.8032067716121674,0.3672991394996643,0.36668479442596436,0
seg+pos,"(1.5, 8.0, 0.3, 0.3)",0.8159946799278259,0.3514419198036194,0.29034364223480225,0
seg+pos,"(1.5, 8.0, 0.3, 0.3)",0.8040355443954468,0.4422517418861389,0.6148556470870972,0
seg+pos,"(1.5, 8.0, 0.3, 0.3)",0.8316438496112823,0.4498404860496521,0.4572221040725708,0
seg+pos,"(1.5, 8.0, 0.3, 0.6)",0.8129186034202576,0.42047613859176636,0.30748170614242554,0
seg+pos,"(1.5, 8.0, 0.3, 0.6)",0.8000608384609222,0.41365087032318115,0.3201059103012085,0
seg+pos,"(1.5, 8.0, 0.3, 0.6)",0.8372485935688019,0.3850165605545044,0.345450758934021,0
seg+pos,"(1.5, 8.0, 0.3, 0.6)",0.8029853403568268,0.3433353900909424,0.07678472995758057,0
seg+pos,"(1.5, 8.0, 0.3, 0.6)",0.8611507415771484,0.3581373691558838,0.17653203010559082,0
seg+pos,"(1.5, 8.0, 0.3, 0.6)",0.8294305205345154,0.4336056113243103,0.3370015621185303,0
seg+pos,"(1.5, 8.0, 0.3, 0.6)",0.8303555250167847,0.4118315875530243,0.2691539525985718,0
seg+pos,"(1.5, 8.0, 0.3, 0.6)",0.8353902995586395,0.36780261993408203,0.41039758920669556,0
seg+pos,"(1.5, 8.0, 0.3, 0.6)",0.8770536780357361,0.4572007656097412,0.159254789352417,0
seg+pos,"(1.5, 8.0, 0.3, 0.6)",0.8498750030994415,0.36285048723220825,0.23245179653167725,0
seg+pos,"(1.5, 8.0, 0.3, 0.6)",0.8433249592781067,0.43125370144844055,0.24120771884918213,0
seg+pos,"(1.5, 8.0, 0.3, 0.6)",0.8215433359146118,0.4071435034275055,0.3095834255218506,0
seg+pos,"(1.5, 8.0, 0.3, 0.6)",0.7947736382484436,0.31200748682022095,0.1816951036453247,0
seg+pos,"(1.5, 8.0, 0.3, 0.6)",0.8348219394683838,0.3798482418060303,0.2501251697540283,0
seg+pos,"(1.5, 8.0, 0.3, 0.6)",0.7834554314613342,0.4248363971710205,0.3370633125305176,0
seg+pos,"(1.5, 8.0, 0.3, -0.3)",0.8723675012588501,0.4044235348701477,0.6460814476013184,0
seg+pos,"(1.5, 8.0, 0.3, -0.3)",0.8412959575653076,0.3634800314903259,0.6259691715240479,0
seg+pos,"(1.5, 8.0, 0.3, -0.3)",0.7887856960296631,0.38247257471084595,0.6835331916809082,0
seg+pos,"(1.5, 8.0, 0.3, -0.3)",0.8644938468933105,0.4326906204223633,0.6875245571136475,0
seg+pos,"(1.5, 8.0, 0.3, -0.3)",0.8566372096538544,0.3987419605255127,0.6707040071487427,0
seg+pos,"(1.5, 8.0, 0.3, -0.3)",0.8647683262825012,0.3264811635017395,0.6278872489929199,0
seg+pos,"(1.5, 8.0, 0.3, -0.3)",0.8092167377471924,0.4041621685028076,0.6999117136001587,0
seg+pos,"(1.5, 8.0, 0.3, -0.3)",0.8214613199234009,0.3871922492980957,0.6214698553085327,0
seg+pos,"(1.5, 8.0, 0.3, -0.3)",0.8912606835365295,0.48255738615989685,0.8835411071777344,0
seg+pos,"(1.5, 8.0, 0.3, -0.3)",0.8184760808944702,0.36692970991134644,0.5806511640548706,0
seg+pos,"(1.5, 8.0, 0.3, -0.3)",0.8593124151229858,0.4460877776145935,0.7383056879043579,0
seg+pos,"(1.5, 8.0, 0.3, -0.3)",0.8320341408252716,0.40091943740844727,0.681017279624939,0
seg+pos,"(1.5, 8.0, 0.3, -0.3)",0.830856204032898,0.4184509515762329,0.7287427186965942,0
seg+pos,"(1.5, 8.0, 0.3, -0.3)",0.8537728786468506,0.4241776168346405,0.7958117723464966,0
seg+pos,"(1.5, 8.0, 0.3, -0.3)",0.8486361801624298,0.3673982620239258,0.525182843208313,0
seg+pos,"(1.5, 8.0, 0.7, 0.0)",0.6091950535774231,0.2206844687461853,0.3240060806274414,0
seg+pos,"(1.5, 8.0, 0.7, 0.0)",0.5879044830799103,0.1583155393600464,0.2361917495727539,0
seg+pos,"(1.5, 8.0, 0.7, 0.0)",0.6386634409427643,0.20106011629104614,0.3417069911956787,0
seg+pos,"(1.5, 8.0, 0.7, 0.0)",0.663805365562439,0.2411104440689087,0.3709590435028076,0
seg+pos,"(1.5, 8.0, 0.7, 0.0)",0.5859757363796234,0.22385722398757935,0.28852200508117676,0
seg+pos,"(1.5, 8.0, 0.7, 0.0)",0.6266058087348938,0.17415493726730347,0.32790708541870117,0
seg+pos,"(1.5, 8.0, 0.7, 0.0)",0.6225127875804901,0.22494888305664062,0.3737071752548218,0
seg+pos,"(1.5, 8.0, 0.7, 0.0)",0.609880805015564,0.14572328329086304,0.17651891708374023,0
seg+pos,"(1.5, 8.0, 0.7, 0.0)",0.5966425836086273,0.16784924268722534,0.29885339736938477,0
seg+pos,"(1.5, 8.0, 0.7, 0.0)",0.612217903137207,0.14981156587600708,0.12923169136047363,0
seg+pos,"(1.5, 8.0, 0.7, 0.0)",0.6100615859031677,0.18229979276657104,0.18690943717956543,0
seg+pos,"(1.5, 8.0, 0.7, 0.0)",0.6202748119831085,0.17602670192718506,0.2679406404495239,0
seg+pos,"(1.5, 8.0, 0.7, 0.0)",0.6194093823432922,0.19274908304214478,0.19454264640808105,0
seg+pos,"(1.5, 8.0, 0.7, 0.0)",0.5805851817131042,0.23077207803726196,0.27618491649627686,0
seg+pos,"(1.5, 8.0, 0.7, 0.0)",0.6427033841609955,0.154091477394104,0.2684584856033325,0
seg+pos,"(1.5, 8.0, 0.7, 0.3)",0.614022433757782,0.26528042554855347,0.26679718494415283,0
seg+pos,"(1.5, 8.0, 0.7, 0.3)",0.5854662954807281,0.12882906198501587,0.11368012428283691,0
seg+pos,"(1.5, 8.0, 0.7, 0.3)",0.5807613134384155,0.12060171365737915,0.1735321283340454,0
seg+pos,"(1.5, 8.0, 0.7, 0.3)",0.6183302700519562,0.1770685315132141,0.12787485122680664,0
seg+pos,"(1.5, 8.0, 0.7, 0.3)",0.634121298789978,0.18654096126556396,0.3222750425338745,0
seg+pos,"(1.5, 8.0, 0.7, 0.3)",0.6643548607826233,0.2251957654953003,0.19762146472930908,0
seg+pos,"(1.5, 8.0, 0.7, 0.3)",0.5933383405208588,0.14977413415908813,0.1694427728652954,0
seg+pos,"(1.5, 8.0, 0.7, 0.3)",0.6127929389476776,0.186149001121521,0.17448687553405762,0
seg+pos,"(1.5, 8.0, 0.7, 0.3)",0.6384748220443726,0.15594619512557983,0.21658062934875488,0
seg+pos,"(1.5, 8.0, 0.7, 0.3)",0.6359760165214539,0.22421514987945557,0.30346739292144775,0
seg+pos,"(1.5, 8.0, 0.7, 0.3)",0.5958086848258972,0.15708190202713013,0.11673402786254883,0
seg+pos,"(1.5, 8.0, 0.7, 0.3)",0.6065105497837067,0.17492705583572388,0.21556353569030762,0
seg+pos,"(1.5, 8.0, 0.7, 0.3)",0.5793638229370117,0.14737898111343384,0.17068755626678467,0
seg+pos,"(1.5, 8.0, 0.7, 0.3)",0.6458986699581146,0.16166210174560547,0.15577566623687744,0
seg+pos,"(1.5, 8.0, 0.7, 0.3)",0.5898070335388184,0.16989564895629883,0.1841028928756714,0
seg+pos,"(1.5, 8.0, 0.7, 0.6)",0.5947345495223999,0.16211944818496704,0.001194596290588379,0
seg+pos,"(1.5, 8.0, 0.7, 0.6)",0.6245661675930023,0.20053350925445557,0.1374441385269165,0
seg+pos,"(1.5, 8.0, 0.7, 0.6)",0.5774698853492737,0.15410375595092773,0.13643872737884521,0
seg+pos,"(1.5, 8.0, 0.7, 0.6)",0.6393348276615143,0.22103160619735718,0.12024116516113281,0
seg+pos,"(1.5, 8.0, 0.7, 0.6)",0.6482575237751007,0.2384096384048462,0.10170698165893555,0
seg+pos,"(1.5, 8.0, 0.7, 0.6)",0.6513097584247589,0.19043195247650146,0.07696318626403809,0
seg+pos,"(1.5, 8.0, 0.7, 0.6)",0.6096922159194946,0.14438122510910034,0.18845796585083008,0
seg+pos,"(1.5, 8.0, 0.7, 0.6)",0.6622363924980164,0.28975993394851685,0.21412158012390137,0
seg+pos,"(1.5, 8.0, 0.7, 0.6)",0.6316545307636261,0.1879359483718872,0.09382081031799316,0
seg+pos,"(1.5, 8.0, 0.7, 0.6)",0.6454232931137085,0.16991978883743286,0.0212477445602417,0
seg+pos,"(1.5, 8.0, 0.7, 0.6)",0.5982935726642609,0.2202576994895935,0.1392507553100586,0
seg+pos,"(1.5, 8.0, 0.7, 0.6)",0.6356804966926575,0.122256338596344,0.08086323738098145,0
seg+pos,"(1.5, 8.0, 0.7, 0.6)",0.6403903663158417,0.210965096950531,0.16138529777526855,0
seg+pos,"(1.5, 8.0, 0.7, 0.6)",0.6645314693450928,0.2320849895477295,0.08240151405334473,0
seg+pos,"(1.5, 8.0, 0.7, 0.6)",0.6229785680770874,0.21281534433364868,0.18646001815795898,0
seg+pos,"(1.5, 8.0, 0.7, -0.3)",0.6207630634307861,0.18016034364700317,0.46503782272338867,0
seg+pos,"(1.5, 8.0, 0.7, -0.3)",0.6230827271938324,0.1306266188621521,0.13582682609558105,0
seg+pos,"(1.5, 8.0, 0.7, -0.3)",0.6329198479652405,0.19615542888641357,0.36007142066955566,0
seg+pos,"(1.5, 8.0, 0.7, -0.3)",0.6072271168231964,0.19319432973861694,0.32526350021362305,0
seg+pos,"(1.5, 8.0, 0.7, -0.3)",0.6219909191131592,0.18893086910247803,0.3644378185272217,0
seg+pos,"(1.5, 8.0, 0.7, -0.3)",0.6128150820732117,0.22869980335235596,0.3928091526031494,0
seg+pos,"(1.5, 8.0, 0.7, -0.3)",0.6208117604255676,0.18773287534713745,0.38574087619781494,0
seg+pos,"(1.5, 8.0, 0.7, -0.3)",0.5477898120880127,0.12136507034301758,0.24416232109069824,0
seg+pos,"(1.5, 8.0, 0.7, -0.3)",0.6024141907691956,0.23054379224777222,0.4047895669937134,0
seg+pos,"(1.5, 8.0, 0.7, -0.3)",0.6055396795272827,0.16753607988357544,0.2816479206085205,0
seg+pos,"(1.5, 8.0, 0.7, -0.3)",0.6216890215873718,0.22160863876342773,0.3592557907104492,0
seg+pos,"(1.5, 8.0, 0.7, -0.3)",0.6222758591175079,0.2521932125091553,0.556059718132019,0
seg+pos,"(1.5, 8.0, 0.7, -0.3)",0.6103338301181793,0.1907435655593872,0.349945068359375,0
seg+pos,"(1.5, 8.0, 0.7, -0.3)",0.6463161408901215,0.3210458755493164,0.6120121479034424,0
seg+pos,"(1.5, 8.0, 0.7, -0.3)",0.6372465491294861,0.19124966859817505,0.2960078716278076,0
seg+pos,"(1.5, 20.0, 0.3, 0.0)",0.6858364343643188,0.23167484998703003,0.3644677400588989,0
seg+pos,"(1.5, 20.0, 0.3, 0.0)",0.6620771586894989,0.25118350982666016,0.2773323059082031,0
seg+pos,"(1.5, 20.0, 0.3, 0.0)",0.7075118124485016,0.21632015705108643,0.36661863327026367,0
seg+pos,"(1.5, 20.0, 0.3, 0.0)",0.6648892164230347,0.19714397192001343,0.30347466468811035,0
seg+pos,"(1.5, 20.0, 0.3, 0.0)",0.6770223081111908,0.2517591118812561,0.3929823637008667,0
seg+pos,"(1.5, 20.0, 0.3, 0.0)",0.6326441466808319,0.2220575213432312,0.22125887870788574,0
seg+pos,"(1.5, 20.0, 0.3, 0.0)",0.6920848488807678,0.22412359714508057,0.3318166732788086,0
seg+pos,"(1.5, 20.0, 0.3, 0.0)",0.6852096915245056,0.3141544461250305,0.4098336696624756,0
seg+pos,"(1.5, 20.0, 0.3, 0.0)",0.6935530006885529,0.23091965913772583,0.3329648971557617,0
seg+pos,"(1.5, 20.0, 0.3, 0.0)",0.7034777402877808,0.2431102991104126,0.3667323589324951,0
seg+pos,"(1.5, 20.0, 0.3, 0.0)",0.6610043346881866,0.23875629901885986,0.2988131046295166,0
seg+pos,"(1.5, 20.0, 0.3, 0.0)",0.7026939690113068,0.2821919918060303,0.3848114013671875,0
seg+pos,"(1.5, 20.0, 0.3, 0.0)",0.6629382073879242,0.21501398086547852,0.2712440490722656,0
seg+pos,"(1.5, 20.0, 0.3, 0.0)",0.6803160905838013,0.1904265284538269,0.32317471504211426,0
seg+pos,"(1.5, 20.0, 0.3, 0.0)",0.6853182315826416,0.2608664631843567,0.432574987411499,0
seg+pos,"(1.5, 20.0, 0.3, 0.3)",0.6663307547569275,0.25283557176589966,0.23423218727111816,0
seg+pos,"(1.5, 20.0, 0.3, 0.3)",0.7072704434394836,0.22015929222106934,0.17180585861206055,0
seg+pos,"(1.5, 20.0, 0.3, 0.3)",0.676600992679596,0.21434849500656128,0.3123807907104492,0
seg+pos,"(1.5, 20.0, 0.3, 0.3)",0.6829366981983185,0.2544533610343933,0.28187835216522217,0
seg+pos,"(1.5, 20.0, 0.3, 0.3)",0.708211362361908,0.24225962162017822,0.2224125862121582,0
seg+pos,"(1.5, 20.0, 0.3, 0.3)",0.660455048084259,0.19623911380767822,0.24467766284942627,0
seg+pos,"(1.5, 20.0, 0.3, 0.3)",0.6787843704223633,0.22223985195159912,0.34751927852630615,0
seg+pos,"(1.5, 20.0, 0.3, 0.3)",0.6655596494674683,0.22449249029159546,0.18658268451690674,0
seg+pos,"(1.5, 20.0, 0.3, 0.3)",0.6446538865566254,0.14218711853027344,0.049310922622680664,0
seg+pos,"(1.5, 20.0, 0.3, 0.3)",0.687766969203949,0.19756841659545898,0.2532992362976074,0
seg+pos,"(1.5, 20.0, 0.3, 0.3)",0.6522043645381927,0.2170015573501587,0.3001757860183716,0
seg+pos,"(1.5, 20.0, 0.3, 0.3)",0.679764986038208,0.2741582989692688,0.2901996374130249,0
seg+pos,"(1.5, 20.0, 0.3, 0.3)",0.6547818779945374,0.2034822702407837,0.21506786346435547,0
seg+pos,"(1.5, 20.0, 0.3, 0.3)",0.6568417847156525,0.18718338012695312,0.3464350700378418,0
seg+pos,"(1.5, 20.0, 0.3, 0.3)",0.6842523217201233,0.22810465097427368,0.32274436950683594,0
seg+pos,"(1.5, 20.0, 0.3, 0.6)",0.7246806621551514,0.15673071146011353,0.042893290519714355,0
seg+pos,"(1.5, 20.0, 0.3, 0.6)",0.6593148112297058,0.25196707248687744,0.0182034969329834,0
seg+pos,"(1.5, 20.0, 0.3, 0.6)",0.7023375928401947,0.13106566667556763,0.16846036911010742,0
seg+pos,"(1.5, 20.0, 0.3, 0.6)",0.6545697748661041,0.2833694815635681,0.2012794017791748,0
seg+pos,"(1.5, 20.0, 0.3, 0.6)",0.6945018768310547,0.2543361186981201,0.18541204929351807,0
seg+pos,"(1.5, 20.0, 0.3, 0.6)",0.683118999004364,0.2842537760734558,0.04213416576385498,0
seg+pos,"(1.5, 20.0, 0.3, 0.6)",0.7201375663280487,0.2372691035270691,0.18570470809936523,0
seg+pos,"(1.5, 20.0, 0.3, 0.6)",0.6907314360141754,0.21572166681289673,0.10848748683929443,0
seg+pos,"(1.5, 20.0, 0.3, 0.6)",0.7107853591442108,0.2900920510292053,0.15352392196655273,0
seg+pos,"(1.5, 20.0, 0.3, 0.6)",0.6708818674087524,0.23229581117630005,0.06537878513336182,0
seg+pos,"(1.5, 20.0, 0.3, 0.6)",0.6914976239204407,0.20730221271514893,0.17118418216705322,0
seg+pos,"(1.5, 20.0, 0.3, 0.6)",0.686835914850235,0.3021165728569031,0.24704456329345703,0
seg+pos,"(1.5, 20.0, 0.3, 0.6)",0.6744810938835144,0.17482030391693115,0.137151837348938,0
seg+pos,"(1.5, 20.0, 0.3, 0.6)",0.671614944934845,0.21795153617858887,0.19727182388305664,0
seg+pos,"(1.5, 20.0, 0.3, 0.6)",0.6822221875190735,0.2069932222366333,0.13724946975708008,0
seg+pos,"(1.5, 20.0, 0.3, -0.3)",0.6906381547451019,0.20832622051239014,0.36680686473846436,0
seg+pos,"(1.5, 20.0, 0.3, -0.3)",0.6848601400852203,0.23968636989593506,0.39654457569122314,0
seg+pos,"(1.5, 20.0, 0.3, -0.3)",0.6388099789619446,0.16419637203216553,0.2523326873779297,0
seg+pos,"(1.5, 20.0, 0.3, -0.3)",0.6807206273078918,0.2795422077178955,0.4281296730041504,0
seg+pos,"(1.5, 20.0, 0.3, -0.3)",0.7059178352355957,0.2635691165924072,0.460324764251709,0
seg+pos,"(1.5, 20.0, 0.3, -0.3)",0.6776201128959656,0.2594115138053894,0.49289608001708984,0
seg+pos,"(1.5, 20.0, 0.3, -0.3)",0.7089804708957672,0.18500256538391113,0.3143496513366699,0
seg+pos,"(1.5, 20.0, 0.3, -0.3)",0.6607416272163391,0.162896990776062,0.28231728076934814,0
seg+pos,"(1.5, 20.0, 0.3, -0.3)",0.6463044881820679,0.16001951694488525,0.3075754642486572,0
seg+pos,"(1.5, 20.0, 0.3, -0.3)",0.6509455442428589,0.21973133087158203,0.3359506130218506,0
seg+pos,"(1.5, 20.0, 0.3, -0.3)",0.6699462234973907,0.2695819139480591,0.42813849449157715,0
seg+pos,"(1.5, 20.0, 0.3, -0.3)",0.6541987359523773,0.14515626430511475,0.22767138481140137,0
seg+pos,"(1.5, 20.0, 0.3, -0.3)",0.6408245265483856,0.23204517364501953,0.3764839172363281,0
seg+pos,"(1.5, 20.0, 0.3, -0.3)",0.6903433799743652,0.22538679838180542,0.3640251159667969,0
seg+pos,"(1.5, 20.0, 0.3, -0.3)",0.7021633982658386,0.24739712476730347,0.4363112449645996,0
seg+pos,"(1.5, 20.0, 0.7, 0.0)",0.42243702709674835,0.03557044267654419,0.05677175521850586,0
seg+pos,"(1.5, 20.0, 0.7, 0.0)",0.4382223039865494,0.019534766674041748,0.02510237693786621,0
seg+pos,"(1.5, 20.0, 0.7, 0.0)",0.4405948966741562,0.04422098398208618,0.004169940948486328,0
seg+pos,"(1.5, 20.0, 0.7, 0.0)",0.46066123247146606,0.06325215101242065,0.13546085357666016,0
seg+pos,"(1.5, 20.0, 0.7, 0.0)",0.44302183389663696,0.07413506507873535,0.06272697448730469,0
seg+pos,"(1.5, 20.0, 0.7, 0.0)",0.4704515337944031,0.08102655410766602,0.11771535873413086,0
seg+pos,"(1.5, 20.0, 0.7, 0.0)",0.4264714866876602,0.04817545413970947,0.002717256546020508,0
seg+pos,"(1.5, 20.0, 0.7, 0.0)",0.44054923951625824,0.05361044406890869,0.009198665618896484,0
seg+pos,"(1.5, 20.0, 0.7, 0.0)",0.46223366260528564,0.019292473793029785,0.09647703170776367,0
seg+pos,"(1.5, 20.0, 0.7, 0.0)",0.4531474858522415,0.05302071571350098,0.012922048568725586,0
seg+pos,"(1.5, 20.0, 0.7, 0.0)",0.4841807782649994,0.12692493200302124,0.1204838752746582,0
seg+pos,"(1.5, 20.0, 0.7, 0.0)",0.46008820831775665,0.09526675939559937,0.09330630302429199,0
seg+pos,"(1.5, 20.0, 0.7, 0.0)",0.4710693657398224,0.09170204401016235,0.09778761863708496,0
seg+pos,"(1.5, 20.0, 0.7, 0.0)",0.38783809542655945,0.09111607074737549,0.07518625259399414,0
seg+pos,"(1.5, 20.0, 0.7, 0.0)",0.44639115035533905,0.08065903186798096,0.10573983192443848,0
seg+pos,"(1.5, 20.0, 0.7, 0.3)",0.4124050885438919,0.05739867687225342,0.005963921546936035,0
seg+pos,"(1.5, 20.0, 0.7, 0.3)",0.42651453614234924,0.06567138433456421,0.14040279388427734,0
seg+pos,"(1.5, 20.0, 0.7, 0.3)",0.4415639638900757,0.07681292295455933,0.015640974044799805,0
seg+pos,"(1.5, 20.0, 0.7, 0.3)",0.432883158326149,0.03294491767883301,0.05076944828033447,0
seg+pos,"(1.5, 20.0, 0.7, 0.3)",0.4464086592197418,0.022698521614074707,0.06984102725982666,0
seg+pos,"(1.5, 20.0, 0.7, 0.3)",0.44059133529663086,0.11804252862930298,0.0813910961151123,0
seg+pos,"(1.5, 20.0, 0.7, 0.3)",0.43802954256534576,0.08297169208526611,0.1197667121887207,0
seg+pos,"(1.5, 20.0, 0.7, 0.3)",0.4342565983533859,0.0855678915977478,0.11904740333557129,0
seg+pos,"(1.5, 20.0, 0.7, 0.3)",0.45591962337493896,0.024666965007781982,0.0058820247650146484,0
seg+pos,"(1.5, 20.0, 0.7, 0.3)",0.41764937341213226,0.08303886651992798,0.08749771118164062,0
seg+pos,"(1.5, 20.0, 0.7, 0.3)",0.42790548503398895,0.08792269229888916,0.08934915065765381,0
seg+pos,"(1.5, 20.0, 0.7, 0.3)",0.45313023030757904,0.03300797939300537,0.022731542587280273,0
seg+pos,"(1.5, 20.0, 0.7, 0.3)",0.4439283013343811,0.08020484447479248,0.081817626953125,0
seg+pos,"(1.5, 20.0, 0.7, 0.3)",0.4484919011592865,0.06321930885314941,0.027652978897094727,0
seg+pos,"(1.5, 20.0, 0.7, 0.3)",0.45376794040203094,0.05814647674560547,0.04738163948059082,0
seg+pos,"(1.5, 20.0, 0.7, 0.6)",0.416648268699646,0.09984022378921509,0.002248525619506836,0
seg+pos,"(1.5, 20.0, 0.7, 0.6)",0.4290798008441925,0.06941652297973633,0.09352612495422363,0
seg+pos,"(1.5, 20.0, 0.7, 0.6)",0.44788628816604614,0.061859846115112305,0.011343717575073242,0
seg+pos,"(1.5, 20.0, 0.7, 0.6)",0.39038732647895813,0.06838494539260864,0.021784543991088867,0
seg+pos,"(1.5, 20.0, 0.7, 0.6)",0.4319004416465759,0.028775334358215332,0.08119487762451172,0
seg+pos,"(1.5, 20.0, 0.7, 0.6)",0.4214188903570175,0.05688601732254028,0.0038858652114868164,0
seg+pos,"(1.5, 20.0, 0.7, 0.6)",0.43647636473178864,0.10787808895111084,0.03686118125915527,0
seg+pos,"(1.5, 20.0, 0.7, 0.6)",0.5240442156791687,0.06352126598358154,0.11775624752044678,0
seg+pos,"(1.5, 20.0, 0.7, 0.6)",0.45279058814048767,0.08943134546279907,0.03171038627624512,0
seg+pos,"(1.5, 20.0, 0.7, 0.6)",0.4506674110889435,0.03684777021408081,0.12240338325500488,0
seg+pos,"(1.5, 20.0, 0.7, 0.6)",0.4687648415565491,0.04428595304489136,0.059311747550964355,0
seg+pos,"(1.5, 20.0, 0.7, 0.6)",0.46630023419857025,0.03383052349090576,0.02580094337463379,0
seg+pos,"(1.5, 20.0, 0.7, 0.6)",0.43860994279384613,0.05964791774749756,0.004888176918029785,0
seg+pos,"(1.5, 20.0, 0.7, 0.6)",0.4472549259662628,0.09334522485733032,0.029795289039611816,0
seg+pos,"(1.5, 20.0, 0.7, 0.6)",0.47208350896835327,0.07415693998336792,0.08147728443145752,0
seg+pos,"(1.5, 20.0, 0.7, -0.3)",0.4591670334339142,0.06985390186309814,0.14415287971496582,0
seg+pos,"(1.5, 20.0, 0.7, -0.3)",0.42119626700878143,0.03263372182846069,0.04459357261657715,0
seg+pos,"(1.5, 20.0, 0.7, -0.3)",0.45544062554836273,0.05166858434677124,0.05655360221862793,0
seg+pos,"(1.5, 20.0, 0.7, -0.3)",0.47572100162506104,0.093722403049469,0.23516035079956055,0
seg+pos,"(1.5, 20.0, 0.7, -0.3)",0.45374710857868195,0.04410350322723389,0.09845304489135742,0
seg+pos,"(1.5, 20.0, 0.7, -0.3)",0.4581620693206787,0.06840837001800537,0.02788567543029785,0
seg+pos,"(1.5, 20.0, 0.7, -0.3)",0.4474056214094162,0.019908010959625244,0.0524287223815918,0
seg+pos,"(1.5, 20.0, 0.7, -0.3)",0.4368262439966202,0.05053102970123291,0.014410018920898438,0
seg+pos,"(1.5, 20.0, 0.7, -0.3)",0.3862897455692291,0.08174240589141846,0.07575452327728271,0
seg+pos,"(1.5, 20.0, 0.7, -0.3)",0.44635801017284393,0.08569633960723877,0.15252971649169922,0
seg+pos,"(1.5, 20.0, 0.7, -0.3)",0.4753987789154053,0.09259194135665894,0.18537068367004395,0
seg+pos,"(1.5, 20.0, 0.7, -0.3)",0.418541744351387,0.03047025203704834,0.02039623260498047,0
seg+pos,"(1.5, 20.0, 0.7, -0.3)",0.4262531101703644,0.07070416212081909,0.1365877389907837,0
seg+pos,"(1.5, 20.0, 0.7, -0.3)",0.45380304753780365,0.029874444007873535,0.028992652893066406,0
seg+pos,"(1.5, 20.0, 0.7, -0.3)",0.4468371272087097,0.06882089376449585,0.02509284019470215,0
seg+pos,"(3.0, 8.0, 0.3, 0.0)",1.517260730266571,0.730769157409668,0.9192616939544678,0
seg+pos,"(3.0, 8.0, 0.3, 0.0)",1.5477588176727295,0.7897981405258179,1.0586998462677002,0
seg+pos,"(3.0, 8.0, 0.3, 0.0)",1.5199304819107056,0.7711923122406006,1.1782162189483643,0
seg+pos,"(3.0, 8.0, 0.3, 0.0)",1.4956823587417603,0.7549024820327759,1.2075111865997314,0
seg+pos,"(3.0, 8.0, 0.3, 0.0)",1.6070917844772339,0.806572437286377,1.0296952724456787,0
seg+pos,"(3.0, 8.0, 0.3, 0.0)",1.5531644225120544,0.7745647430419922,1.0516917705535889,0
seg+pos,"(3.0, 8.0, 0.3, 0.0)",1.509917438030243,0.7521510124206543,1.2434358596801758,0
seg+pos,"(3.0, 8.0, 0.3, 0.0)",1.5314334630966187,0.8015214204788208,1.4390110969543457,0
seg+pos,"(3.0, 8.0, 0.3, 0.0)",1.5346410870552063,0.7428252696990967,0.9597439765930176,0
seg+pos,"(3.0, 8.0, 0.3, 0.0)",1.5373406410217285,0.6821961402893066,1.0033845901489258,0
seg+pos,"(3.0, 8.0, 0.3, 0.0)",1.5105878710746765,0.7365665435791016,0.9650609493255615,0
seg+pos,"(3.0, 8.0, 0.3, 0.0)",1.505925178527832,0.7110724449157715,0.7656219005584717,0
seg+pos,"(3.0, 8.0, 0.3, 0.0)",1.5612793564796448,0.7454521656036377,0.9545223712921143,0
seg+pos,"(3.0, 8.0, 0.3, 0.0)",1.5995934009552002,0.7622300386428833,1.1030840873718262,0
seg+pos,"(3.0, 8.0, 0.3, 0.0)",1.5676270723342896,0.7778416872024536,1.0982153415679932,0
seg+pos,"(3.0, 8.0, 0.3, 0.3)",1.5961496829986572,0.8402900099754333,0.8837635517120361,0
seg+pos,"(3.0, 8.0, 0.3, 0.3)",1.602521300315857,0.7861347198486328,1.1720223426818848,0
seg+pos,"(3.0, 8.0, 0.3, 0.3)",1.5234620571136475,0.6760149002075195,0.8230950832366943,0
seg+pos,"(3.0, 8.0, 0.3, 0.3)",1.5396881699562073,0.8011348843574524,0.8664472103118896,0
seg+pos,"(3.0, 8.0, 0.3, 0.3)",1.533843219280243,0.7814987301826477,0.7960805892944336,0
seg+pos,"(3.0, 8.0, 0.3, 0.3)",1.4878107905387878,0.629868745803833,0.8083102703094482,0
seg+pos,"(3.0, 8.0, 0.3, 0.3)",1.5991894006729126,0.796104907989502,0.6852056980133057,0
seg+pos,"(3.0, 8.0, 0.3, 0.3)",1.4885791540145874,0.7086447477340698,1.0547585487365723,0
seg+pos,"(3.0, 8.0, 0.3, 0.3)",1.5258870124816895,0.7041037082672119,0.6641521453857422,0
seg+pos,"(3.0, 8.0, 0.3, 0.3)",1.5086420774459839,0.5572798252105713,0.7859349250793457,0
seg+pos,"(3.0, 8.0, 0.3, 0.3)",1.5490962862968445,0.8474478125572205,0.9383208751678467,0
seg+pos,"(3.0, 8.0, 0.3, 0.3)",1.5450762510299683,0.7537853717803955,0.7951807975769043,0
seg+pos,"(3.0, 8.0, 0.3, 0.3)",1.6072783470153809,0.743116021156311,0.8379428386688232,0
seg+pos,"(3.0, 8.0, 0.3, 0.3)",1.4813876152038574,0.757460355758667,0.676377534866333,0
seg+pos,"(3.0, 8.0, 0.3, 0.3)",1.5085136890411377,0.6943870782852173,0.9715349674224854,0
seg+pos,"(3.0, 8.0, 0.3, 0.6)",1.4926063418388367,0.7289602756500244,0.49578404426574707,0
seg+pos,"(3.0, 8.0, 0.3, 0.6)",1.4918000102043152,0.7860024571418762,0.5511360168457031,0
seg+pos,"(3.0, 8.0, 0.3, 0.6)",1.519971489906311,0.6597869396209717,0.5410933494567871,0
seg+pos,"(3.0, 8.0, 0.3, 0.6)",1.5365420579910278,0.7211543321609497,0.6767703294754028,0
seg+pos,"(3.0, 8.0, 0.3, 0.6)",1.5547627210617065,0.6797810792922974,0.46677184104919434,0
seg+pos,"(3.0, 8.0, 0.3, 0.6)",1.5233534574508667,0.7645978927612305,0.7887572050094604,0
seg+pos,"(3.0, 8.0, 0.3, 0.6)",1.5583207607269287,0.7567837238311768,0.5619165897369385,0
seg+pos,"(3.0, 8.0, 0.3, 0.6)",1.48182874917984,0.6648563146591187,0.6689703464508057,0
seg+pos,"(3.0, 8.0, 0.3, 0.6)",1.5045709013938904,0.7380003929138184,0.667940616607666,0
seg+pos,"(3.0, 8.0, 0.3, 0.6)",1.5722763538360596,0.7260406017303467,0.4838733673095703,0
seg+pos,"(3.0, 8.0, 0.3, 0.6)",1.6068527102470398,0.7421780824661255,0.7225164175033569,0
seg+pos,"(3.0, 8.0, 0.3, 0.6)",1.5362463593482971,0.8411599397659302,0.6726301908493042,0
seg+pos,"(3.0, 8.0, 0.3, 0.6)",1.5678786039352417,0.8255330324172974,0.5668182373046875,0
seg+pos,"(3.0, 8.0, 0.3, 0.6)",1.6026391983032227,0.8782612681388855,0.6782861948013306,0
seg+pos,"(3.0, 8.0, 0.3, 0.6)",1.5424367189407349,0.7624319791793823,0.47341132164001465,0
seg+pos,"(3.0, 8.0, 0.3, -0.3)",1.5121864080429077,0.6593345403671265,1.0762946605682373,0
seg+pos,"(3.0, 8.0, 0.3, -0.3)",1.5805952548980713,0.8296935558319092,1.4465479850769043,0
seg+pos,"(3.0, 8.0, 0.3, -0.3)",1.5104613304138184,0.7379889488220215,1.2404437065124512,0
seg+pos,"(3.0, 8.0, 0.3, -0.3)",1.595100462436676,0.7228001356124878,1.1382989883422852,0
seg+pos,"(3.0, 8.0, 0.3, -0.3)",1.4740188717842102,0.7495102882385254,1.3185398578643799,0
seg+pos,"(3.0, 8.0, 0.3, -0.3)",1.5605946779251099,0.8073529005050659,1.256824016571045,0
seg+pos,"(3.0, 8.0, 0.3, -0.3)",1.5841505527496338,0.7880754470825195,1.163745403289795,0
seg+pos,"(3.0, 8.0, 0.3, -0.3)",1.565017580986023,0.7680963277816772,1.2220962047576904,0
seg+pos,"(3.0, 8.0, 0.3, -0.3)",1.5065537691116333,0.89271080493927,1.5853817462921143,0
seg+pos,"(3.0, 8.0, 0.3, -0.3)",1.5227344036102295,0.6974937915802002,1.0882258415222168,0
seg+pos,"(3.0, 8.0, 0.3, -0.3)",1.5875161290168762,0.7873060703277588,1.3299007415771484,0
seg+pos,"(3.0, 8.0, 0.3, -0.3)",1.504933476448059,0.691285252571106,1.0660171508789062,0
seg+pos,"(3.0, 8.0, 0.3, -0.3)",1.611610233783722,0.8076406717300415,1.3025846481323242,0
seg+pos,"(3.0, 8.0, 0.3, -0.3)",1.4932669401168823,0.7174738645553589,1.1156535148620605,0
seg+pos,"(3.0, 8.0, 0.3, -0.3)",1.535914659500122,0.8640056848526001,1.3023231029510498,0
seg+pos,"(3.0, 8.0, 0.7, 0.0)",1.0966485142707825,0.3259662389755249,0.5043535232543945,0
seg+pos,"(3.0, 8.0, 0.7, 0.0)",1.0575658679008484,0.32626116275787354,0.39824795722961426,0
seg+pos,"(3.0, 8.0, 0.7, 0.0)",1.1015569567680359,0.39515554904937744,0.5237464904785156,0
seg+pos,"(3.0, 8.0, 0.7, 0.0)",1.1155179738998413,0.3202056884765625,0.5128650665283203,0
seg+pos,"(3.0, 8.0, 0.7, 0.0)",1.0653609037399292,0.3003082275390625,0.20809125900268555,0
seg+pos,"(3.0, 8.0, 0.7, 0.0)",1.080057680606842,0.31465303897857666,0.3490748405456543,0
seg+pos,"(3.0, 8.0, 0.7, 0.0)",1.0930597186088562,0.39341068267822266,0.7371339797973633,0
seg+pos,"(3.0, 8.0, 0.7, 0.0)",1.1063544154167175,0.3168919086456299,0.6030764579772949,0
seg+pos,"(3.0, 8.0, 0.7, 0.0)",1.0617666840553284,0.32338571548461914,0.43485569953918457,0
seg+pos,"(3.0, 8.0, 0.7, 0.0)",1.0707851648330688,0.3639146089553833,0.45097923278808594,0
seg+pos,"(3.0, 8.0, 0.7, 0.0)",1.112419843673706,0.3410615921020508,0.42374467849731445,0
seg+pos,"(3.0, 8.0, 0.7, 0.0)",1.085627555847168,0.3339952230453491,0.5664248466491699,0
seg+pos,"(3.0, 8.0, 0.7, 0.0)",1.0458818674087524,0.35313355922698975,0.38999080657958984,0
seg+pos,"(3.0, 8.0, 0.7, 0.0)",1.0973963141441345,0.3257492780685425,0.4790916442871094,0
seg+pos,"(3.0, 8.0, 0.7, 0.0)",1.0207902193069458,0.3107938766479492,0.6285133361816406,0
seg+pos,"(3.0, 8.0, 0.7, 0.3)",1.0214378237724304,0.2803837060928345,0.2813746929168701,0
seg+pos,"(3.0, 8.0, 0.7, 0.3)",1.0556218028068542,0.3441352844238281,0.44149255752563477,0
seg+pos,"(3.0, 8.0, 0.7, 0.3)",1.083742380142212,0.36478352546691895,0.4464695453643799,0
seg+pos,"(3.0, 8.0, 0.7, 0.3)",1.1209431290626526,0.41984689235687256,0.5107245445251465,0
seg+pos,"(3.0, 8.0, 0.7, 0.3)",1.1163979768753052,0.3339289426803589,0.25107669830322266,0
seg+pos,"(3.0, 8.0, 0.7, 0.3)",1.098844051361084,0.38153648376464844,0.3264317512512207,0
seg+pos,"(3.0, 8.0, 0.7, 0.3)",1.106615424156189,0.2560410499572754,0.28577494621276855,0
seg+pos,"(3.0, 8.0, 0.7, 0.3)",1.1299872398376465,0.3401830196380615,0.2252655029296875,0
seg+pos,"(3.0, 8.0, 0.7, 0.3)",1.0734827518463135,0.40960371494293213,0.5798118114471436,0
seg+pos,"(3.0, 8.0, 0.7, 0.3)",1.1173921823501587,0.33540141582489014,0.3905823230743408,0
seg+pos,"(3.0, 8.0, 0.7, 0.3)",1.113550066947937,0.42280590534210205,0.33571743965148926,0
seg+pos,"(3.0, 8.0, 0.7, 0.3)",1.06658935546875,0.3665153980255127,0.3907201290130615,0
seg+pos,"(3.0, 8.0, 0.7, 0.3)",1.1234495639801025,0.35740721225738525,0.38488340377807617,0
seg+pos,"(3.0, 8.0, 0.7, 0.3)",1.0441962480545044,0.3016378879547119,0.28421735763549805,0
seg+pos,"(3.0, 8.0, 0.7, 0.3)",1.082705318927765,0.3051990270614624,0.4917771816253662,0
seg+pos,"(3.0, 8.0, 0.7, 0.6)",1.0546572804450989,0.2452183961868286,0.21234869956970215,0
seg+pos,"(3.0, 8.0, 0.7, 0.6)",1.1069392561912537,0.3901245594024658,0.32523393630981445,0
seg+pos,"(3.0, 8.0, 0.7, 0.6)",1.0676543712615967,0.3649637699127197,0.21171975135803223,0
seg+pos,"(3.0, 8.0, 0.7, 0.6)",1.1153085827827454,0.3883652687072754,0.16173315048217773,0
seg+pos,"(3.0, 8.0, 0.7, 0.6)",1.1288328766822815,0.3485126495361328,0.024944543838500977,0
seg+pos,"(3.0, 8.0, 0.7, 0.6)",1.1514113545417786,0.4693187475204468,0.3261733055114746,0
seg+pos,"(3.0, 8.0, 0.7, 0.6)",1.0464229583740234,0.20616447925567627,0.19504332542419434,0
seg+pos,"(3.0, 8.0, 0.7, 0.6)",1.1388139724731445,0.3469843864440918,0.15562081336975098,0
seg+pos,"(3.0, 8.0, 0.7, 0.6)",1.1387622952461243,0.2972501516342163,0.2645132541656494,0
seg+pos,"(3.0, 8.0, 0.7, 0.6)",1.109538733959198,0.32004785537719727,0.5125492811203003,0
seg+pos,"(3.0, 8.0, 0.7, 0.6)",1.1463975310325623,0.44596660137176514,0.4254908561706543,0
seg+pos,"(3.0, 8.0, 0.7, 0.6)",1.0561099648475647,0.3777642250061035,0.19455432891845703,0
seg+pos,"(3.0, 8.0, 0.7, 0.6)",1.0356555581092834,0.24732589721679688,0.08869028091430664,0
seg+pos,"(3.0, 8.0, 0.7, 0.6)",1.1367583870887756,0.36970555782318115,0.3114492893218994,0
seg+pos,"(3.0, 8.0, 0.7, 0.6)",1.1125373244285583,0.2911818027496338,0.27283692359924316,0
seg+pos,"(3.0, 8.0, 0.7, -0.3)",1.0546845197677612,0.36926978826522827,0.6946601867675781,0
seg+pos,"(3.0, 8.0, 0.7, -0.3)",1.0961582660675049,0.35089147090911865,0.5796294212341309,0
seg+pos,"(3.0, 8.0, 0.7, -0.3)",1.0586870908737183,0.2950317859649658,0.30178356170654297,0
seg+pos,"(3.0, 8.0, 0.7, -0.3)",1.0904422402381897,0.3394671678543091,0.5700192451477051,0
seg+pos,"(3.0, 8.0, 0.7, -0.3)",1.0656627416610718,0.30551326274871826,0.4268186092376709,0
seg+pos,"(3.0, 8.0, 0.7, -0.3)",1.1417832374572754,0.3758738040924072,0.6039466857910156,0
seg+pos,"(3.0, 8.0, 0.7, -0.3)",1.06344074010849,0.30928027629852295,0.4985084533691406,0
seg+pos,"(3.0, 8.0, 0.7, -0.3)",1.0928291082382202,0.3435784578323364,0.5608973503112793,0
seg+pos,"(3.0, 8.0, 0.7, -0.3)",1.086556077003479,0.29406750202178955,0.462069034576416,0
seg+pos,"(3.0, 8.0, 0.7, -0.3)",1.0542193055152893,0.28178513050079346,0.4514296054840088,0
seg+pos,"(3.0, 8.0, 0.7, -0.3)",1.1004292964935303,0.30355727672576904,0.499788761138916,0
seg+pos,"(3.0, 8.0, 0.7, -0.3)",1.0582719445228577,0.27063775062561035,0.3511624336242676,0
seg+pos,"(3.0, 8.0, 0.7, -0.3)",1.0687764883041382,0.31117522716522217,0.6030516624450684,0
seg+pos,"(3.0, 8.0, 0.7, -0.3)",1.0987204909324646,0.29450440406799316,0.4471898078918457,0
seg+pos,"(3.0, 8.0, 0.7, -0.3)",1.1221587657928467,0.37198472023010254,0.5986108779907227,0
seg+pos,"(3.0, 20.0, 0.3, 0.0)",1.2186983823776245,0.42164313793182373,0.5673463344573975,0
seg+pos,"(3.0, 20.0, 0.3, 0.0)",1.2491853833198547,0.43358635902404785,0.6613092422485352,0
seg+pos,"(3.0, 20.0, 0.3, 0.0)",1.2163420915603638,0.521201491355896,0.8605697154998779,0
seg+pos,"(3.0, 20.0, 0.3, 0.0)",1.227152168750763,0.45564234256744385,0.7213191986083984,0
seg+pos,"(3.0, 20.0, 0.3, 0.0)",1.2455835342407227,0.40577173233032227,0.68630051612854,0
seg+pos,"(3.0, 20.0, 0.3, 0.0)",1.2443479895591736,0.3423680067062378,0.4376547336578369,0
seg+pos,"(3.0, 20.0, 0.3, 0.0)",1.2390432953834534,0.3713496923446655,0.6782195568084717,0
seg+pos,"(3.0, 20.0, 0.3, 0.0)",1.2348024249076843,0.3827630281448364,0.47217273712158203,0
seg+pos,"(3.0, 20.0, 0.3, 0.0)",1.2424466013908386,0.4279588460922241,0.6119279861450195,0
seg+pos,"(3.0, 20.0, 0.3, 0.0)",1.2441996932029724,0.38047802448272705,0.44406747817993164,0
seg+pos,"(3.0, 20.0, 0.3, 0.0)",1.2403146028518677,0.38425254821777344,0.3808929920196533,0
seg+pos,"(3.0, 20.0, 0.3, 0.0)",1.1674084663391113,0.392025351524353,0.6208124160766602,0
seg+pos,"(3.0, 20.0, 0.3, 0.0)",1.1821936964988708,0.37882745265960693,0.5206348896026611,0
seg+pos,"(3.0, 20.0, 0.3, 0.0)",1.2672985196113586,0.4343116283416748,0.6068809032440186,0
seg+pos,"(3.0, 20.0, 0.3, 0.0)",1.185078203678131,0.35634100437164307,0.6637365818023682,0
seg+pos,"(3.0, 20.0, 0.3, 0.3)",1.3044955730438232,0.4109097719192505,0.44922804832458496,0
seg+pos,"(3.0, 20.0, 0.3, 0.3)",1.1561502814292908,0.2730121612548828,0.32556772232055664,0
seg+pos,"(3.0, 20.0, 0.3, 0.3)",1.2459546327590942,0.45585477352142334,0.4463815689086914,0
seg+pos,"(3.0, 20.0, 0.3, 0.3)",1.208076298236847,0.29710304737091064,0.5192868709564209,0
seg+pos,"(3.0, 20.0, 0.3, 0.3)",1.1857343912124634,0.33107519149780273,0.4093503952026367,0
seg+pos,"(3.0, 20.0, 0.3, 0.3)",1.1551958322525024,0.34596312046051025,0.31113171577453613,0
seg+pos,"(3.0, 20.0, 0.3, 0.3)",1.204619586467743,0.3320237398147583,0.3213798999786377,0
seg+pos,"(3.0, 20.0, 0.3, 0.3)",1.1615511178970337,0.44743824005126953,0.5254456996917725,0
seg+pos,"(3.0, 20.0, 0.3, 0.3)",1.2506127953529358,0.4351295232772827,0.4714984893798828,0
seg+pos,"(3.0, 20.0, 0.3, 0.3)",1.1910327672958374,0.43136751651763916,0.5128002166748047,0
seg+pos,"(3.0, 20.0, 0.3, 0.3)",1.2135550379753113,0.38446998596191406,0.39143991470336914,0
seg+pos,"(3.0, 20.0, 0.3, 0.3)",1.2859197854995728,0.37819862365722656,0.404860258102417,0
seg+pos,"(3.0, 20.0, 0.3, 0.3)",1.1881712675094604,0.3943833112716675,0.6283414363861084,0
seg+pos,"(3.0, 20.0, 0.3, 0.3)",1.2394307851791382,0.4656916856765747,0.5618364810943604,0
seg+pos,"(3.0, 20.0, 0.3, 0.3)",1.2786073684692383,0.44793736934661865,0.5260887145996094,0
seg+pos,"(3.0, 20.0, 0.3, 0.6)",1.2865564823150635,0.47462260723114014,0.26340460777282715,0
seg+pos,"(3.0, 20.0, 0.3, 0.6)",1.1867735385894775,0.33903026580810547,0.12146472930908203,0
seg+pos,"(3.0, 20.0, 0.3, 0.6)",1.1903162002563477,0.4433172941207886,0.39711689949035645,0
seg+pos,"(3.0, 20.0, 0.3, 0.6)",1.1935362219810486,0.35467851161956787,0.14766144752502441,0
seg+pos,"(3.0, 20.0, 0.3, 0.6)",1.1837064027786255,0.3836057186126709,0.5028343200683594,0
seg+pos,"(3.0, 20.0, 0.3, 0.6)",1.1918456554412842,0.37702476978302,0.3136565685272217,0
seg+pos,"(3.0, 20.0, 0.3, 0.6)",1.195838451385498,0.36326277256011963,0.32280945777893066,0
seg+pos,"(3.0, 20.0, 0.3, 0.6)",1.1691117882728577,0.4189490079879761,0.3159794807434082,0
seg+pos,"(3.0, 20.0, 0.3, 0.6)",1.346311628818512,0.6003352403640747,0.5434637069702148,0
seg+pos,"(3.0, 20.0, 0.3, 0.6)",1.1984432935714722,0.3638937473297119,0.23085808753967285,0
seg+pos,"(3.0, 20.0, 0.3, 0.6)",1.205364167690277,0.426480770111084,0.34970951080322266,0
seg+pos,"(3.0, 20.0, 0.3, 0.6)",1.3087427616119385,0.5594983100891113,0.21340560913085938,0
seg+pos,"(3.0, 20.0, 0.3, 0.6)",1.2520144581794739,0.4768974781036377,0.4502425193786621,0
seg+pos,"(3.0, 20.0, 0.3, 0.6)",1.1758756637573242,0.42472684383392334,0.41231203079223633,0
seg+pos,"(3.0, 20.0, 0.3, 0.6)",1.228784441947937,0.4106229543685913,0.2502293586730957,0
seg+pos,"(3.0, 20.0, 0.3, -0.3)",1.225683867931366,0.48686444759368896,0.8221499919891357,0
seg+pos,"(3.0, 20.0, 0.3, -0.3)",1.216713786125183,0.41306471824645996,0.7657294273376465,0
seg+pos,"(3.0, 20.0, 0.3, -0.3)",1.179451823234558,0.45146071910858154,0.6911664009094238,0
seg+pos,"(3.0, 20.0, 0.3, -0.3)",1.2359820008277893,0.48256516456604004,0.967174768447876,0
seg+pos,"(3.0, 20.0, 0.3, -0.3)",1.236747145652771,0.44607532024383545,0.745830774307251,0
seg+pos,"(3.0, 20.0, 0.3, -0.3)",1.2229191064834595,0.4506051540374756,0.7432353496551514,0
seg+pos,"(3.0, 20.0, 0.3, -0.3)",1.211979329586029,0.5137593746185303,0.8401765823364258,0
seg+pos,"(3.0, 20.0, 0.3, -0.3)",1.2174602150917053,0.4439046382904053,0.7636098861694336,0
seg+pos,"(3.0, 20.0, 0.3, -0.3)",1.2619969248771667,0.5051192045211792,0.7553243637084961,0
seg+pos,"(3.0, 20.0, 0.3, -0.3)",1.221104621887207,0.3987269401550293,0.6732230186462402,0
seg+pos,"(3.0, 20.0, 0.3, -0.3)",1.1957837343215942,0.31485116481781006,0.645742654800415,0
seg+pos,"(3.0, 20.0, 0.3, -0.3)",1.2576990127563477,0.3741694688796997,0.608893871307373,0
seg+pos,"(3.0, 20.0, 0.3, -0.3)",1.3046178817749023,0.4697601795196533,0.7170805931091309,0
seg+pos,"(3.0, 20.0, 0.3, -0.3)",1.225131630897522,0.3762199878692627,0.7276859283447266,0
seg+pos,"(3.0, 20.0, 0.3, -0.3)",1.19743812084198,0.5396734476089478,0.9244518280029297,0
seg+pos,"(3.0, 20.0, 0.7, 0.0)",0.6968913674354553,0.08206689357757568,0.09259843826293945,0
seg+pos,"(3.0, 20.0, 0.7, 0.0)",0.7054310441017151,0.05743896961212158,0.13004302978515625,0
seg+pos,"(3.0, 20.0, 0.7, 0.0)",0.6843484044075012,0.06486928462982178,0.16042518615722656,0
seg+pos,"(3.0, 20.0, 0.7, 0.0)",0.719485342502594,0.08544015884399414,0.13999485969543457,0
seg+pos,"(3.0, 20.0, 0.7, 0.0)",0.6863150000572205,0.09318697452545166,0.09933757781982422,0
seg+pos,"(3.0, 20.0, 0.7, 0.0)",0.6868386566638947,0.1124112606048584,0.09056806564331055,0
seg+pos,"(3.0, 20.0, 0.7, 0.0)",0.7047092914581299,0.0806349515914917,0.12157654762268066,0
seg+pos,"(3.0, 20.0, 0.7, 0.0)",0.6601971387863159,0.07532370090484619,0.09145879745483398,0
seg+pos,"(3.0, 20.0, 0.7, 0.0)",0.699136346578598,0.16912198066711426,0.1646580696105957,0
seg+pos,"(3.0, 20.0, 0.7, 0.0)",0.6923117339611053,0.1189565658569336,0.1927485466003418,0
seg+pos,"(3.0, 20.0, 0.7, 0.0)",0.7020807564258575,0.07756781578063965,0.009465932846069336,0
seg+pos,"(3.0, 20.0, 0.7, 0.0)",0.7333123087882996,0.0787283182144165,0.05876636505126953,0
seg+pos,"(3.0, 20.0, 0.7, 0.0)",0.7373954057693481,0.11739838123321533,0.2595987319946289,0
seg+pos,"(3.0, 20.0, 0.7, 0.0)",0.667047530412674,0.1130441427230835,0.23163080215454102,0
seg+pos,"(3.0, 20.0, 0.7, 0.0)",0.7043758928775787,0.08387589454650879,0.10387992858886719,0
seg+pos,"(3.0, 20.0, 0.7, 0.3)",0.7011476457118988,0.10704612731933594,0.2036750316619873,0
seg+pos,"(3.0, 20.0, 0.7, 0.3)",0.7076671123504639,0.1381998062133789,0.0769650936126709,0
seg+pos,"(3.0, 20.0, 0.7, 0.3)",0.6907753050327301,0.10203838348388672,0.219221830368042,0
seg+pos,"(3.0, 20.0, 0.7, 0.3)",0.709559440612793,0.053427815437316895,0.03773689270019531,0
seg+pos,"(3.0, 20.0, 0.7, 0.3)",0.721505343914032,0.1085362434387207,0.14761781692504883,0
seg+pos,"(3.0, 20.0, 0.7, 0.3)",0.71854567527771,0.13021087646484375,0.14005112648010254,0
seg+pos,"(3.0, 20.0, 0.7, 0.3)",0.7021680474281311,0.0447460412979126,0.07216906547546387,0
seg+pos,"(3.0, 20.0, 0.7, 0.3)",0.7630963027477264,0.18040144443511963,0.13192343711853027,0
seg+pos,"(3.0, 20.0, 0.7, 0.3)",0.7122613191604614,0.15199172496795654,0.06959056854248047,0
seg+pos,"(3.0, 20.0, 0.7, 0.3)",0.6769579648971558,0.10213494300842285,0.1573038101196289,0
seg+pos,"(3.0, 20.0, 0.7, 0.3)",0.6912039220333099,0.0764385461807251,0.17153406143188477,0
seg+pos,"(3.0, 20.0, 0.7, 0.3)",0.6907430589199066,0.10514068603515625,0.09975886344909668,0
seg+pos,"(3.0, 20.0, 0.7, 0.3)",0.7132226824760437,0.08592510223388672,0.1917405128479004,0
seg+pos,"(3.0, 20.0, 0.7, 0.3)",0.7258637547492981,0.11177873611450195,0.07604193687438965,0
seg+pos,"(3.0, 20.0, 0.7, 0.3)",0.7076346278190613,0.10501599311828613,0.025560379028320312,0
seg+pos,"(3.0, 20.0, 0.7, 0.6)",0.7038201093673706,0.028711795806884766,0.09978318214416504,0
seg+pos,"(3.0, 20.0, 0.7, 0.6)",0.7095630168914795,0.08718371391296387,0.03458809852600098,0
seg+pos,"(3.0, 20.0, 0.7, 0.6)",0.717459112405777,0.09187948703765869,0.16964364051818848,0
seg+pos,"(3.0, 20.0, 0.7, 0.6)",0.7094053328037262,0.054334163665771484,0.02458357810974121,0
seg+pos,"(3.0, 20.0, 0.7, 0.6)",0.7253333330154419,0.17405593395233154,0.024869918823242188,0
seg+pos,"(3.0, 20.0, 0.7, 0.6)",0.6864830255508423,0.08467555046081543,0.04674649238586426,0
seg+pos,"(3.0, 20.0, 0.7, 0.6)",0.6423184871673584,0.11739659309387207,0.10431241989135742,0
seg+pos,"(3.0, 20.0, 0.7, 0.6)",0.6862401068210602,0.11024630069732666,0.02548813819885254,0
seg+pos,"(3.0, 20.0, 0.7, 0.6)",0.7266312837600708,0.06467092037200928,0.08453083038330078,0
seg+pos,"(3.0, 20.0, 0.7, 0.6)",0.6731582880020142,0.0659339427947998,0.007778167724609375,0
seg+pos,"(3.0, 20.0, 0.7, 0.6)",0.6928170323371887,0.05766093730926514,0.07339811325073242,0
seg+pos,"(3.0, 20.0, 0.7, 0.6)",0.7731713950634003,0.19919943809509277,0.011977195739746094,0
seg+pos,"(3.0, 20.0, 0.7, 0.6)",0.6803725063800812,0.1048656702041626,0.0389707088470459,0
seg+pos,"(3.0, 20.0, 0.7, 0.6)",0.6534973978996277,0.07782769203186035,0.0721123218536377,0
seg+pos,"(3.0, 20.0, 0.7, 0.6)",0.6731691360473633,0.06673073768615723,0.04861783981323242,0
seg+pos,"(3.0, 20.0, 0.7, -0.3)",0.750458836555481,0.11723434925079346,0.20624351501464844,0
seg+pos,"(3.0, 20.0, 0.7, -0.3)",0.7308184206485748,0.14413058757781982,0.26531076431274414,0
seg+pos,"(3.0, 20.0, 0.7, -0.3)",0.7012105584144592,0.11623537540435791,0.2204427719116211,0
seg+pos,"(3.0, 20.0, 0.7, -0.3)",0.6905193626880646,0.11428511142730713,0.15021991729736328,0
seg+pos,"(3.0, 20.0, 0.7, -0.3)",0.7575690746307373,0.07999694347381592,0.1932845115661621,0
seg+pos,"(3.0, 20.0, 0.7, -0.3)",0.6991575360298157,0.14300763607025146,0.17613792419433594,0
seg+pos,"(3.0, 20.0, 0.7, -0.3)",0.6572951376438141,0.05107426643371582,0.07343339920043945,0
seg+pos,"(3.0, 20.0, 0.7, -0.3)",0.7596661448478699,0.1405787467956543,0.3039669990539551,0
seg+pos,"(3.0, 20.0, 0.7, -0.3)",0.6787525117397308,0.14505624771118164,0.2373347282409668,0
seg+pos,"(3.0, 20.0, 0.7, -0.3)",0.7202152609825134,0.08841323852539062,0.10972452163696289,0
seg+pos,"(3.0, 20.0, 0.7, -0.3)",0.6490856409072876,0.07252061367034912,0.2095475196838379,0
seg+pos,"(3.0, 20.0, 0.7, -0.3)",0.6802726984024048,0.07778775691986084,0.11813068389892578,0
seg+pos,"(3.0, 20.0, 0.7, -0.3)",0.6879088878631592,0.06042957305908203,0.053388118743896484,0
seg+pos,"(3.0, 20.0, 0.7, -0.3)",0.688726007938385,0.07932758331298828,0.11185598373413086,0
seg+pos,"(3.0, 20.0, 0.7, -0.3)",0.7139356732368469,0.0937577486038208,0.2129354476928711,0
seg+pos,"(1.5, 8.0, 0.3, 0.0)",0.8244495987892151,0.3413122296333313,0.404996395111084,1
seg+pos,"(1.5, 8.0, 0.3, 0.0)",0.8081059455871582,0.38652652502059937,0.6054126024246216,1
seg+pos,"(1.5, 8.0, 0.3, 0.0)",0.8190937638282776,0.3577548861503601,0.48809385299682617,1
seg+pos,"(1.5, 8.0, 0.3, 0.0)",0.8445493578910828,0.35861295461654663,0.49077677726745605,1
seg+pos,"(1.5, 8.0, 0.3, 0.0)",0.8167298138141632,0.38288456201553345,0.6122490167617798,1
seg+pos,"(1.5, 8.0, 0.3, 0.0)",0.8194560706615448,0.38144463300704956,0.509804368019104,1
seg+pos,"(1.5, 8.0, 0.3, 0.0)",0.8005805313587189,0.35354292392730713,0.4848083257675171,1
seg+pos,"(1.5, 8.0, 0.3, 0.0)",0.853710412979126,0.40921658277511597,0.6587400436401367,1
seg+pos,"(1.5, 8.0, 0.3, 0.0)",0.8335434198379517,0.3563101291656494,0.5720342397689819,1
seg+pos,"(1.5, 8.0, 0.3, 0.0)",0.82097128033638,0.3187316656112671,0.4533501863479614,1
seg+pos,"(1.5, 8.0, 0.3, 0.0)",0.8265311121940613,0.3479304909706116,0.4086143970489502,1
seg+pos,"(1.5, 8.0, 0.3, 0.0)",0.8236664831638336,0.338708758354187,0.4538271427154541,1
seg+pos,"(1.5, 8.0, 0.3, 0.0)",0.8649863302707672,0.41239726543426514,0.5175967216491699,1
seg+pos,"(1.5, 8.0, 0.3, 0.0)",0.7928738594055176,0.3399718999862671,0.5174738168716431,1
seg+pos,"(1.5, 8.0, 0.3, 0.0)",0.7902589440345764,0.42279666662216187,0.5409691333770752,1
seg+pos,"(1.5, 8.0, 0.3, 0.3)",0.8244405686855316,0.35600292682647705,0.41016292572021484,1
seg+pos,"(1.5, 8.0, 0.3, 0.3)",0.8397049903869629,0.40043026208877563,0.6055618524551392,1
seg+pos,"(1.5, 8.0, 0.3, 0.3)",0.8218678832054138,0.3602937161922455,0.4186614751815796,1
seg+pos,"(1.5, 8.0, 0.3, 0.3)",0.8540913462638855,0.3762993812561035,0.41860926151275635,1
seg+pos,"(1.5, 8.0, 0.3, 0.3)",0.8303601741790771,0.3817511796951294,0.4422956705093384,1
seg+pos,"(1.5, 8.0, 0.3, 0.3)",0.8176814317703247,0.3574124574661255,0.41920900344848633,1
seg+pos,"(1.5, 8.0, 0.3, 0.3)",0.7927083075046539,0.39919835329055786,0.41594648361206055,1
seg+pos,"(1.5, 8.0, 0.3, 0.3)",0.8355814814567566,0.4317767024040222,0.6015206575393677,1
seg+pos,"(1.5, 8.0, 0.3, 0.3)",0.7868584990501404,0.39946696162223816,0.45378994941711426,1
seg+pos,"(1.5, 8.0, 0.3, 0.3)",0.8366326093673706,0.37254798412323,0.40151071548461914,1
seg+pos,"(1.5, 8.0, 0.3, 0.3)",0.8266874551773071,0.40012598037719727,0.3739926815032959,1
seg+pos,"(1.5, 8.0, 0.3, 0.3)",0.897431492805481,0.4246937334537506,0.36390089988708496,1
seg+pos,"(1.5, 8.0, 0.3, 0.3)",0.8156598210334778,0.3636140823364258,0.3424474000930786,1
seg+pos,"(1.5, 8.0, 0.3, 0.3)",0.8271055519580841,0.43163472414016724,0.536291241645813,1
seg+pos,"(1.5, 8.0, 0.3, 0.3)",0.8176318407058716,0.3832101821899414,0.4619208574295044,1
seg+pos,"(1.5, 8.0, 0.3, 0.6)",0.8125052154064178,0.4131011366844177,0.33200502395629883,1
seg+pos,"(1.5, 8.0, 0.3, 0.6)",0.8229489922523499,0.3878477215766907,0.22565233707427979,1
seg+pos,"(1.5, 8.0, 0.3, 0.6)",0.8358354270458221,0.4057278037071228,0.2371845245361328,1
seg+pos,"(1.5, 8.0, 0.3, 0.6)",0.7935506701469421,0.3725544214248657,0.2101515531539917,1
seg+pos,"(1.5, 8.0, 0.3, 0.6)",0.8149591684341431,0.4135456681251526,0.4152485728263855,1
seg+pos,"(1.5, 8.0, 0.3, 0.6)",0.792852133512497,0.3044663667678833,0.16368794441223145,1
seg+pos,"(1.5, 8.0, 0.3, 0.6)",0.8379594087600708,0.4141623377799988,0.23945188522338867,1
seg+pos,"(1.5, 8.0, 0.3, 0.6)",0.8317326307296753,0.3053317666053772,0.20074701309204102,1
seg+pos,"(1.5, 8.0, 0.3, 0.6)",0.8015263676643372,0.46305909752845764,0.25535261631011963,1
seg+pos,"(1.5, 8.0, 0.3, 0.6)",0.8569812178611755,0.4107123017311096,0.2675875425338745,1
seg+pos,"(1.5, 8.0, 0.3, 0.6)",0.7866597771644592,0.36068040132522583,0.2734055519104004,1
seg+pos,"(1.5, 8.0, 0.3, 0.6)",0.8460655510425568,0.47118711471557617,0.359430193901062,1
seg+pos,"(1.5, 8.0, 0.3, 0.6)",0.8353025913238525,0.3757922649383545,0.28085100650787354,1
seg+pos,"(1.5, 8.0, 0.3, 0.6)",0.8603081107139587,0.31350547075271606,0.2389615774154663,1
seg+pos,"(1.5, 8.0, 0.3, 0.6)",0.8383188843727112,0.4520047903060913,0.3349992036819458,1
seg+pos,"(1.5, 8.0, 0.3, -0.3)",0.8028221726417542,0.3760366439819336,0.677606463432312,1
seg+pos,"(1.5, 8.0, 0.3, -0.3)",0.8142895698547363,0.3980276882648468,0.5751841068267822,1
seg+pos,"(1.5, 8.0, 0.3, -0.3)",0.809676319360733,0.3461310863494873,0.5740966796875,1
seg+pos,"(1.5, 8.0, 0.3, -0.3)",0.8424981832504272,0.4219900965690613,0.6729569435119629,1
seg+pos,"(1.5, 8.0, 0.3, -0.3)",0.8511252403259277,0.38494592905044556,0.6547386646270752,1
seg+pos,"(1.5, 8.0, 0.3, -0.3)",0.8182927966117859,0.43571043014526367,0.6835036277770996,1
seg+pos,"(1.5, 8.0, 0.3, -0.3)",0.8086294531822205,0.3123936653137207,0.6133158206939697,1
seg+pos,"(1.5, 8.0, 0.3, -0.3)",0.8108649551868439,0.39783379435539246,0.7144362926483154,1
seg+pos,"(1.5, 8.0, 0.3, -0.3)",0.8538497090339661,0.3520246148109436,0.5837016105651855,1
seg+pos,"(1.5, 8.0, 0.3, -0.3)",0.846890926361084,0.3804970383644104,0.6321953535079956,1
seg+pos,"(1.5, 8.0, 0.3, -0.3)",0.8118101060390472,0.3842546045780182,0.6182008981704712,1
seg+pos,"(1.5, 8.0, 0.3, -0.3)",0.8504059314727783,0.36572378873825073,0.5953772068023682,1
seg+pos,"(1.5, 8.0, 0.3, -0.3)",0.7897735834121704,0.3573418855667114,0.5984799861907959,1
seg+pos,"(1.5, 8.0, 0.3, -0.3)",0.8730787634849548,0.39450424909591675,0.6012181043624878,1
seg+pos,"(1.5, 8.0, 0.3, -0.3)",0.8030329346656799,0.3472651243209839,0.5733489990234375,1
seg+pos,"(1.5, 8.0, 0.7, 0.0)",0.6048648059368134,0.18279272317886353,0.2997351884841919,1
seg+pos,"(1.5, 8.0, 0.7, 0.0)",0.6139173805713654,0.1476125717163086,0.3301260471343994,1
seg+pos,"(1.5, 8.0, 0.7, 0.0)",0.5679669678211212,0.20019584894180298,0.3731898069381714,1
seg+pos,"(1.5, 8.0, 0.7, 0.0)",0.6263766288757324,0.2032923698425293,0.32168257236480713,1
seg+pos,"(1.5, 8.0, 0.7, 0.0)",0.6408915817737579,0.1604163646697998,0.16583704948425293,1
seg+pos,"(1.5, 8.0, 0.7, 0.0)",0.630786657333374,0.19303542375564575,0.2567950487136841,1
seg+pos,"(1.5, 8.0, 0.7, 0.0)",0.5775851905345917,0.20210111141204834,0.33650195598602295,1
seg+pos,"(1.5, 8.0, 0.7, 0.0)",0.6215735375881195,0.18163740634918213,0.2676730155944824,1
seg+pos,"(1.5, 8.0, 0.7, 0.0)",0.5922529995441437,0.18545347452163696,0.34778761863708496,1
seg+pos,"(1.5, 8.0, 0.7, 0.0)",0.633779376745224,0.2523217797279358,0.31795358657836914,1
seg+pos,"(1.5, 8.0, 0.7, 0.0)",0.6368961334228516,0.1517435908317566,0.23198294639587402,1
seg+pos,"(1.5, 8.0, 0.7, 0.0)",0.6367280781269073,0.1687418818473816,0.234360933303833,1
seg+pos,"(1.5, 8.0, 0.7, 0.0)",0.6667600572109222,0.1779525876045227,0.15082454681396484,1
seg+pos,"(1.5, 8.0, 0.7, 0.0)",0.6315182149410248,0.24107033014297485,0.26748085021972656,1
seg+pos,"(1.5, 8.0, 0.7, 0.0)",0.6431480646133423,0.18311560153961182,0.32685232162475586,1
seg+pos,"(1.5, 8.0, 0.7, 0.3)",0.6231908798217773,0.15362673997879028,0.2466273307800293,1
seg+pos,"(1.5, 8.0, 0.7, 0.3)",0.6255867779254913,0.19912785291671753,0.18201518058776855,1
seg+pos,"(1.5, 8.0, 0.7, 0.3)",0.6475427150726318,0.11064738035202026,0.0010559558868408203,1
seg+pos,"(1.5, 8.0, 0.7, 0.3)",0.6549112200737,0.2841237187385559,0.25306689739227295,1
seg+pos,"(1.5, 8.0, 0.7, 0.3)",0.5910999774932861,0.17311298847198486,0.1698153018951416,1
seg+pos,"(1.5, 8.0, 0.7, 0.3)",0.5907352566719055,0.16415530443191528,0.16415488719940186,1
seg+pos,"(1.5, 8.0, 0.7, 0.3)",0.6040258407592773,0.2011091113090515,0.19320964813232422,1
seg+pos,"(1.5, 8.0, 0.7, 0.3)",0.6492294371128082,0.23263394832611084,0.1700648069381714,1
seg+pos,"(1.5, 8.0, 0.7, 0.3)",0.5637870132923126,0.13201147317886353,0.12049627304077148,1
seg+pos,"(1.5, 8.0, 0.7, 0.3)",0.6336643397808075,0.21542853116989136,0.14385998249053955,1
seg+pos,"(1.5, 8.0, 0.7, 0.3)",0.6492933630943298,0.13143128156661987,0.12729978561401367,1
seg+pos,"(1.5, 8.0, 0.7, 0.3)",0.6112507283687592,0.2064080834388733,0.23809754848480225,1
seg+pos,"(1.5, 8.0, 0.7, 0.3)",0.5884522795677185,0.16888773441314697,0.2602883577346802,1
seg+pos,"(1.5, 8.0, 0.7, 0.3)",0.5770043730735779,0.18756693601608276,0.3256903886795044,1
seg+pos,"(1.5, 8.0, 0.7, 0.3)",0.5645897388458252,0.1542227864265442,0.2604914903640747,1
seg+pos,"(1.5, 8.0, 0.7, 0.6)",0.6288431286811829,0.17059987783432007,0.02850472927093506,1
seg+pos,"(1.5, 8.0, 0.7, 0.6)",0.6356569528579712,0.2247840166091919,0.003997683525085449,1
seg+pos,"(1.5, 8.0, 0.7, 0.6)",0.6652651429176331,0.1382790207862854,0.05947470664978027,1
seg+pos,"(1.5, 8.0, 0.7, 0.6)",0.6136682331562042,0.1894586682319641,0.13572430610656738,1
seg+pos,"(1.5, 8.0, 0.7, 0.6)",0.666156679391861,0.22998976707458496,0.05490124225616455,1
seg+pos,"(1.5, 8.0, 0.7, 0.6)",0.6122708022594452,0.14849728345870972,0.10733747482299805,1
seg+pos,"(1.5, 8.0, 0.7, 0.6)",0.6386250555515289,0.19029629230499268,0.05427861213684082,1
seg+pos,"(1.5, 8.0, 0.7, 0.6)",0.6450437307357788,0.2676137685775757,0.13986945152282715,1
seg+pos,"(1.5, 8.0, 0.7, 0.6)",0.6156041920185089,0.2042214274406433,0.14617276191711426,1
seg+pos,"(1.5, 8.0, 0.7, 0.6)",0.6531914472579956,0.1915283203125,0.009444236755371094,1
seg+pos,"(1.5, 8.0, 0.7, 0.6)",0.6379948258399963,0.21510058641433716,0.05178272724151611,1
seg+pos,"(1.5, 8.0, 0.7, 0.6)",0.6281149387359619,0.15761083364486694,0.1622450351715088,1
seg+pos,"(1.5, 8.0, 0.7, 0.6)",0.6152365803718567,0.16192203760147095,0.11465680599212646,1
seg+pos,"(1.5, 8.0, 0.7, 0.6)",0.5760963261127472,0.1517798900604248,0.11051654815673828,1
seg+pos,"(1.5, 8.0, 0.7, 0.6)",0.6167294681072235,0.1531836986541748,0.024311304092407227,1
seg+pos,"(1.5, 8.0, 0.7, -0.3)",0.6574828028678894,0.23444056510925293,0.45112764835357666,1
seg+pos,"(1.5, 8.0, 0.7, -0.3)",0.6097049713134766,0.19850581884384155,0.3576619625091553,1
seg+pos,"(1.5, 8.0, 0.7, -0.3)",0.5900444686412811,0.15078306198120117,0.2947514057159424,1
seg+pos,"(1.5, 8.0, 0.7, -0.3)",0.5918364822864532,0.2010507583618164,0.34039103984832764,1
seg+pos,"(1.5, 8.0, 0.7, -0.3)",0.6290900111198425,0.22346407175064087,0.38454532623291016,1
seg+pos,"(1.5, 8.0, 0.7, -0.3)",0.6490481793880463,0.20845061540603638,0.377913236618042,1
seg+pos,"(1.5, 8.0, 0.7, -0.3)",0.5743835270404816,0.1866525411605835,0.22637712955474854,1
seg+pos,"(1.5, 8.0, 0.7, -0.3)",0.6141069531440735,0.197884202003479,0.37833988666534424,1
seg+pos,"(1.5, 8.0, 0.7, -0.3)",0.6120219528675079,0.10454702377319336,0.10326623916625977,1
seg+pos,"(1.5, 8.0, 0.7, -0.3)",0.5606025755405426,0.18137937784194946,0.3347492218017578,1
seg+pos,"(1.5, 8.0, 0.7, -0.3)",0.6187037229537964,0.17727768421173096,0.2950444221496582,1
seg+pos,"(1.5, 8.0, 0.7, -0.3)",0.6450785994529724,0.16714119911193848,0.26737380027770996,1
seg+pos,"(1.5, 8.0, 0.7, -0.3)",0.5917228162288666,0.16579407453536987,0.3415825366973877,1
seg+pos,"(1.5, 8.0, 0.7, -0.3)",0.6322235465049744,0.160625159740448,0.29730379581451416,1
seg+pos,"(1.5, 8.0, 0.7, -0.3)",0.5801952183246613,0.17014235258102417,0.2708749771118164,1
seg+pos,"(1.5, 20.0, 0.3, 0.0)",0.6699354946613312,0.24718999862670898,0.3606696128845215,1
seg+pos,"(1.5, 20.0, 0.3, 0.0)",0.6865908205509186,0.23817956447601318,0.3465738296508789,1
seg+pos,"(1.5, 20.0, 0.3, 0.0)",0.6545605659484863,0.21057486534118652,0.26036810874938965,1
seg+pos,"(1.5, 20.0, 0.3, 0.0)",0.6681946218013763,0.2232394814491272,0.3455808162689209,1
seg+pos,"(1.5, 20.0, 0.3, 0.0)",0.7192725241184235,0.25441211462020874,0.37376320362091064,1
seg+pos,"(1.5, 20.0, 0.3, 0.0)",0.6508750319480896,0.13226646184921265,0.13169384002685547,1
seg+pos,"(1.5, 20.0, 0.3, 0.0)",0.6746267080307007,0.2168203592300415,0.29268860816955566,1
seg+pos,"(1.5, 20.0, 0.3, 0.0)",0.6422319710254669,0.2250421643257141,0.24704885482788086,1
seg+pos,"(1.5, 20.0, 0.3, 0.0)",0.6687510013580322,0.2695416212081909,0.3513387441635132,1
seg+pos,"(1.5, 20.0, 0.3, 0.0)",0.7011590898036957,0.19605612754821777,0.2842531204223633,1
seg+pos,"(1.5, 20.0, 0.3, 0.0)",0.700686514377594,0.18810135126113892,0.23350977897644043,1
seg+pos,"(1.5, 20.0, 0.3, 0.0)",0.6833740770816803,0.2372511625289917,0.32202577590942383,1
seg+pos,"(1.5, 20.0, 0.3, 0.0)",0.7122942209243774,0.19545429944992065,0.17276453971862793,1
seg+pos,"(1.5, 20.0, 0.3, 0.0)",0.6665183305740356,0.23741430044174194,0.2566838264465332,1
seg+pos,"(1.5, 20.0, 0.3, 0.0)",0.6703954041004181,0.19810354709625244,0.33031463623046875,1
seg+pos,"(1.5, 20.0, 0.3, 0.3)",0.6795038878917694,0.28255021572113037,0.34004056453704834,1
seg+pos,"(1.5, 20.0, 0.3, 0.3)",0.6882319152355194,0.24265056848526,0.2613948583602905,1
seg+pos,"(1.5, 20.0, 0.3, 0.3)",0.6739985644817352,0.25400102138519287,0.28629136085510254,1
seg+pos,"(1.5, 20.0, 0.3, 0.3)",0.6668259501457214,0.24567633867263794,0.2654097080230713,1
seg+pos,"(1.5, 20.0, 0.3, 0.3)",0.6811796724796295,0.20680904388427734,0.1968139410018921,1
seg+pos,"(1.5, 20.0, 0.3, 0.3)",0.6519173979759216,0.23310720920562744,0.32356977462768555,1
seg+pos,"(1.5, 20.0, 0.3, 0.3)",0.6479713916778564,0.1903485655784607,0.19037234783172607,1
seg+pos,"(1.5, 20.0, 0.3, 0.3)",0.6921059191226959,0.21212762594223022,0.20227956771850586,1
seg+pos,"(1.5, 20.0, 0.3, 0.3)",0.7084214687347412,0.21850448846817017,0.25871992111206055,1
seg+pos,"(1.5, 20.0, 0.3, 0.3)",0.7232573330402374,0.22757744789123535,0.2910577058792114,1
seg+pos,"(1.5, 20.0, 0.3, 0.3)",0.708234578371048,0.22578543424606323,0.22567462921142578,1
seg+pos,"(1.5, 20.0, 0.3, 0.3)",0.7206314504146576,0.15279340744018555,0.17161333560943604,1
seg+pos,"(1.5, 20.0, 0.3, 0.3)",0.695997416973114,0.17739826440811157,0.1862865686416626,1
seg+pos,"(1.5, 20.0, 0.3, 0.3)",0.6811133623123169,0.15673929452896118,0.3013342618942261,1
seg+pos,"(1.5, 20.0, 0.3, 0.3)",0.7047571539878845,0.17264163494110107,0.18080484867095947,1
seg+pos,"(1.5, 20.0, 0.3, 0.6)",0.6824879348278046,0.2444276213645935,0.25313496589660645,1
seg+pos,"(1.5, 20.0, 0.3, 0.6)",0.6786620914936066,0.21476078033447266,0.05577361583709717,1
seg+pos,"(1.5, 20.0, 0.3, 0.6)",0.6773222982883453,0.26426267623901367,0.19499993324279785,1
seg+pos,"(1.5, 20.0, 0.3, 0.6)",0.6787221431732178,0.18598151206970215,0.0890188217163086,1
seg+pos,"(1.5, 20.0, 0.3, 0.6)",0.6329855918884277,0.14325320720672607,0.053833603858947754,1
seg+pos,"(1.5, 20.0, 0.3, 0.6)",0.6609058082103729,0.2144067883491516,0.1088724136352539,1
seg+pos,"(1.5, 20.0, 0.3, 0.6)",0.6657424569129944,0.20282632112503052,0.14800524711608887,1
seg+pos,"(1.5, 20.0, 0.3, 0.6)",0.6802815198898315,0.28046929836273193,0.2456209659576416,1
seg+pos,"(1.5, 20.0, 0.3, 0.6)",0.6687093377113342,0.18336790800094604,0.1352691650390625,1
seg+pos,"(1.5, 20.0, 0.3, 0.6)",0.6497722864151001,0.20585256814956665,0.03515481948852539,1
seg+pos,"(1.5, 20.0, 0.3, 0.6)",0.6698748767375946,0.17494124174118042,0.08646881580352783,1
seg+pos,"(1.5, 20.0, 0.3, 0.6)",0.6856464743614197,0.12135392427444458,0.04170811176300049,1
seg+pos,"(1.5, 20.0, 0.3, 0.6)",0.6977354884147644,0.21706560254096985,0.15385901927947998,1
seg+pos,"(1.5, 20.0, 0.3, 0.6)",0.6866383850574493,0.22518110275268555,0.2699315547943115,1
seg+pos,"(1.5, 20.0, 0.3, 0.6)",0.6939218044281006,0.25975966453552246,0.11150789260864258,1
seg+pos,"(1.5, 20.0, 0.3, -0.3)",0.6468900144100189,0.17467212677001953,0.3504295349121094,1
seg+pos,"(1.5, 20.0, 0.3, -0.3)",0.6834533214569092,0.19916176795959473,0.2916908264160156,1
seg+pos,"(1.5, 20.0, 0.3, -0.3)",0.6587356925010681,0.12644308805465698,0.21693682670593262,1
seg+pos,"(1.5, 20.0, 0.3, -0.3)",0.6853437423706055,0.2634517550468445,0.45556211471557617,1
seg+pos,"(1.5, 20.0, 0.3, -0.3)",0.6673249006271362,0.2745005488395691,0.5078449249267578,1
seg+pos,"(1.5, 20.0, 0.3, -0.3)",0.6477425992488861,0.17788439989089966,0.35613322257995605,1
seg+pos,"(1.5, 20.0, 0.3, -0.3)",0.6246837079524994,0.18879753351211548,0.32588863372802734,1
seg+pos,"(1.5, 20.0, 0.3, -0.3)",0.647280216217041,0.24378818273544312,0.48920488357543945,1
seg+pos,"(1.5, 20.0, 0.3, -0.3)",0.7137584090232849,0.2313748002052307,0.3788483142852783,1
seg+pos,"(1.5, 20.0, 0.3, -0.3)",0.6447877287864685,0.0978192687034607,0.23360586166381836,1
seg+pos,"(1.5, 20.0, 0.3, -0.3)",0.7430438995361328,0.15567415952682495,0.3352229595184326,1
seg+pos,"(1.5, 20.0, 0.3, -0.3)",0.6858155131340027,0.21343755722045898,0.31743574142456055,1
seg+pos,"(1.5, 20.0, 0.3, -0.3)",0.7570095658302307,0.25349873304367065,0.4051175117492676,1
seg+pos,"(1.5, 20.0, 0.3, -0.3)",0.6649411916732788,0.19005680084228516,0.3278803825378418,1
seg+pos,"(1.5, 20.0, 0.3, -0.3)",0.71343794465065,0.19148987531661987,0.35535550117492676,1
seg+pos,"(1.5, 20.0, 0.7, 0.0)",0.474001482129097,0.07224953174591064,0.10642576217651367,1
seg+pos,"(1.5, 20.0, 0.7, 0.0)",0.4368728995323181,0.02224045991897583,0.07784867286682129,1
seg+pos,"(1.5, 20.0, 0.7, 0.0)",0.42038774490356445,0.0344538688659668,0.023430347442626953,1
seg+pos,"(1.5, 20.0, 0.7, 0.0)",0.4670805037021637,0.021274685859680176,0.05192279815673828,1
seg+pos,"(1.5, 20.0, 0.7, 0.0)",0.46595431864261627,0.034892261028289795,0.006356477737426758,1
seg+pos,"(1.5, 20.0, 0.7, 0.0)",0.43886135518550873,0.0187646746635437,0.032035112380981445,1
seg+pos,"(1.5, 20.0, 0.7, 0.0)",0.44373978674411774,0.05539822578430176,0.06710290908813477,1
seg+pos,"(1.5, 20.0, 0.7, 0.0)",0.47043362259864807,0.09108966588973999,0.025381088256835938,1
seg+pos,"(1.5, 20.0, 0.7, 0.0)",0.45164090394973755,0.11013495922088623,0.062233924865722656,1
seg+pos,"(1.5, 20.0, 0.7, 0.0)",0.4272359609603882,0.02511429786682129,0.045944929122924805,1
seg+pos,"(1.5, 20.0, 0.7, 0.0)",0.417742982506752,0.05212223529815674,0.03922295570373535,1
seg+pos,"(1.5, 20.0, 0.7, 0.0)",0.4350612759590149,0.008393168449401855,0.013239026069641113,1
seg+pos,"(1.5, 20.0, 0.7, 0.0)",0.4777062386274338,0.05116713047027588,0.014423131942749023,1
seg+pos,"(1.5, 20.0, 0.7, 0.0)",0.4319685846567154,0.04797738790512085,0.012898683547973633,1
seg+pos,"(1.5, 20.0, 0.7, 0.0)",0.44851186871528625,0.06025874614715576,0.053676605224609375,1
seg+pos,"(1.5, 20.0, 0.7, 0.3)",0.44543275237083435,0.05634748935699463,0.07379293441772461,1
seg+pos,"(1.5, 20.0, 0.7, 0.3)",0.4462207853794098,0.04758268594741821,0.07225942611694336,1
seg+pos,"(1.5, 20.0, 0.7, 0.3)",0.4646660387516022,0.034424424171447754,0.10931634902954102,1
seg+pos,"(1.5, 20.0, 0.7, 0.3)",0.45813095569610596,0.04207277297973633,0.05423605442047119,1
seg+pos,"(1.5, 20.0, 0.7, 0.3)",0.41857171058654785,0.029916882514953613,0.034145355224609375,1
seg+pos,"(1.5, 20.0, 0.7, 0.3)",0.42558927834033966,0.08222955465316772,0.0009546279907226562,1
seg+pos,"(1.5, 20.0, 0.7, 0.3)",0.48728063702583313,0.07245242595672607,0.0682220458984375,1
seg+pos,"(1.5, 20.0, 0.7, 0.3)",0.42920976877212524,0.052963465452194214,0.089080810546875,1
seg+pos,"(1.5, 20.0, 0.7, 0.3)",0.4592565447092056,0.06364262104034424,0.022405505180358887,1
seg+pos,"(1.5, 20.0, 0.7, 0.3)",0.41166262328624725,0.021956801414489746,0.04637253284454346,1
seg+pos,"(1.5, 20.0, 0.7, 0.3)",0.4589611291885376,0.049220263957977295,0.046573758125305176,1
seg+pos,"(1.5, 20.0, 0.7, 0.3)",0.4542335271835327,0.073092520236969,0.011649608612060547,1
seg+pos,"(1.5, 20.0, 0.7, 0.3)",0.43789437413215637,0.03103083372116089,0.009351491928100586,1
seg+pos,"(1.5, 20.0, 0.7, 0.3)",0.4883219301700592,0.020830273628234863,0.03673970699310303,1
seg+pos,"(1.5, 20.0, 0.7, 0.3)",0.4171280562877655,0.043991029262542725,0.01693594455718994,1
seg+pos,"(1.5, 20.0, 0.7, 0.6)",0.42739877104759216,0.05682414770126343,0.002720355987548828,1
seg+pos,"(1.5, 20.0, 0.7, 0.6)",0.45192253589630127,0.059558093547821045,0.024230003356933594,1
seg+pos,"(1.5, 20.0, 0.7, 0.6)",0.46774522960186005,0.00875788927078247,0.03826737403869629,1
seg+pos,"(1.5, 20.0, 0.7, 0.6)",0.497965544462204,0.05488920211791992,0.036893606185913086,1
seg+pos,"(1.5, 20.0, 0.7, 0.6)",0.4754069894552231,0.045442044734954834,0.06243884563446045,1
seg+pos,"(1.5, 20.0, 0.7, 0.6)",0.44334420561790466,0.026123762130737305,0.07910144329071045,1
seg+pos,"(1.5, 20.0, 0.7, 0.6)",0.4615490883588791,0.025350511074066162,0.06499302387237549,1
seg+pos,"(1.5, 20.0, 0.7, 0.6)",0.4373376667499542,0.06786370277404785,0.06493151187896729,1
seg+pos,"(1.5, 20.0, 0.7, 0.6)",0.476294606924057,0.03636670112609863,0.024634838104248047,1
seg+pos,"(1.5, 20.0, 0.7, 0.6)",0.43602463603019714,0.07135969400405884,0.03522348403930664,1
seg+pos,"(1.5, 20.0, 0.7, 0.6)",0.428909569978714,0.02842724323272705,0.0017626285552978516,1
seg+pos,"(1.5, 20.0, 0.7, 0.6)",0.46310074627399445,0.08235454559326172,0.04825139045715332,1
seg+pos,"(1.5, 20.0, 0.7, 0.6)",0.4505992829799652,0.055091261863708496,0.05215466022491455,1
seg+pos,"(1.5, 20.0, 0.7, 0.6)",0.472740039229393,0.05066162347793579,0.08015990257263184,1
seg+pos,"(1.5, 20.0, 0.7, 0.6)",0.4737030118703842,0.03173530101776123,0.023428678512573242,1
seg+pos,"(1.5, 20.0, 0.7, -0.3)",0.4670792818069458,0.1185871958732605,0.015306472778320312,1
seg+pos,"(1.5, 20.0, 0.7, -0.3)",0.49707572162151337,0.07207953929901123,0.08516311645507812,1
seg+pos,"(1.5, 20.0, 0.7, -0.3)",0.48012205958366394,0.04231613874435425,0.05282020568847656,1
seg+pos,"(1.5, 20.0, 0.7, -0.3)",0.4502028077840805,0.0392419695854187,0.09861588478088379,1
seg+pos,"(1.5, 20.0, 0.7, -0.3)",0.47097431123256683,0.03804534673690796,0.05879640579223633,1
seg+pos,"(1.5, 20.0, 0.7, -0.3)",0.43856871128082275,0.05670022964477539,0.08299612998962402,1
seg+pos,"(1.5, 20.0, 0.7, -0.3)",0.4996508061885834,0.08963823318481445,0.17511606216430664,1
seg+pos,"(1.5, 20.0, 0.7, -0.3)",0.42387203872203827,0.02127915620803833,0.024457216262817383,1
seg+pos,"(1.5, 20.0, 0.7, -0.3)",0.4597476124763489,0.02115011215209961,0.019956588745117188,1
seg+pos,"(1.5, 20.0, 0.7, -0.3)",0.4307001084089279,0.011443674564361572,0.05373096466064453,1
seg+pos,"(1.5, 20.0, 0.7, -0.3)",0.4572697579860687,0.01572960615158081,0.007662534713745117,1
seg+pos,"(1.5, 20.0, 0.7, -0.3)",0.45678479969501495,0.04363816976547241,0.08527207374572754,1
seg+pos,"(1.5, 20.0, 0.7, -0.3)",0.4348391145467758,0.05463838577270508,0.11691927909851074,1
seg+pos,"(1.5, 20.0, 0.7, -0.3)",0.47168074548244476,0.06732654571533203,0.26172304153442383,1
seg+pos,"(1.5, 20.0, 0.7, -0.3)",0.46943944692611694,0.005486607551574707,0.00509190559387207,1
seg+pos,"(3.0, 8.0, 0.3, 0.0)",1.579816460609436,0.7437218427658081,0.9085350036621094,1
seg+pos,"(3.0, 8.0, 0.3, 0.0)",1.5376079678535461,0.7629435062408447,0.9952542781829834,1
seg+pos,"(3.0, 8.0, 0.3, 0.0)",1.5191935300827026,0.622846245765686,0.9901347160339355,1
seg+pos,"(3.0, 8.0, 0.3, 0.0)",1.547241985797882,0.726270318031311,0.9847745895385742,1
seg+pos,"(3.0, 8.0, 0.3, 0.0)",1.5223843455314636,0.6849733591079712,0.955406904220581,1
seg+pos,"(3.0, 8.0, 0.3, 0.0)",1.5091060996055603,0.7223728895187378,1.052152395248413,1
seg+pos,"(3.0, 8.0, 0.3, 0.0)",1.5700499415397644,0.6869946718215942,1.1076784133911133,1
seg+pos,"(3.0, 8.0, 0.3, 0.0)",1.5407184958457947,0.7136528491973877,0.8296308517456055,1
seg+pos,"(3.0, 8.0, 0.3, 0.0)",1.517031729221344,0.7042118310928345,1.1106057167053223,1
seg+pos,"(3.0, 8.0, 0.3, 0.0)",1.5351430177688599,0.7522505521774292,1.1982738971710205,1
seg+pos,"(3.0, 8.0, 0.3, 0.0)",1.57151198387146,0.7848687171936035,1.130152940750122,1
seg+pos,"(3.0, 8.0, 0.3, 0.0)",1.5605327486991882,0.6809567213058472,0.9312076568603516,1
seg+pos,"(3.0, 8.0, 0.3, 0.0)",1.5201027393341064,0.7226330041885376,1.0474064350128174,1
seg+pos,"(3.0, 8.0, 0.3, 0.0)",1.5606504678726196,0.7381730079650879,1.08056640625,1
seg+pos,"(3.0, 8.0, 0.3, 0.0)",1.5479723811149597,0.6736487150192261,0.8966326713562012,1
seg+pos,"(3.0, 8.0, 0.3, 0.3)",1.5575565099716187,0.8740291595458984,0.7347011566162109,1
seg+pos,"(3.0, 8.0, 0.3, 0.3)",1.5690277218818665,0.7806817293167114,0.5967409610748291,1
seg+pos,"(3.0, 8.0, 0.3, 0.3)",1.4764186143875122,0.7131894826889038,0.9117653369903564,1
seg+pos,"(3.0, 8.0, 0.3, 0.3)",1.5508687496185303,0.7782645225524902,0.7718050479888916,1
seg+pos,"(3.0, 8.0, 0.3, 0.3)",1.5453132390975952,0.8491886854171753,1.0753464698791504,1
seg+pos,"(3.0, 8.0, 0.3, 0.3)",1.5611645579338074,0.7618154287338257,0.8452212810516357,1
seg+pos,"(3.0, 8.0, 0.3, 0.3)",1.489923357963562,0.7400096654891968,0.7646825313568115,1
seg+pos,"(3.0, 8.0, 0.3, 0.3)",1.54026597738266,0.6841161251068115,0.650843620300293,1
seg+pos,"(3.0, 8.0, 0.3, 0.3)",1.4847316145896912,0.583270788192749,0.5985057353973389,1
seg+pos,"(3.0, 8.0, 0.3, 0.3)",1.5278769731521606,0.749683141708374,0.7636353969573975,1
seg+pos,"(3.0, 8.0, 0.3, 0.3)",1.5277913212776184,0.6926125288009644,0.8959009647369385,1
seg+pos,"(3.0, 8.0, 0.3, 0.3)",1.5384659171104431,0.7933992147445679,0.8841521739959717,1
seg+pos,"(3.0, 8.0, 0.3, 0.3)",1.4631229639053345,0.5898666381835938,0.8869946002960205,1
seg+pos,"(3.0, 8.0, 0.3, 0.3)",1.5568619966506958,0.8151533007621765,0.7792823314666748,1
seg+pos,"(3.0, 8.0, 0.3, 0.3)",1.567308783531189,0.6756237745285034,0.9015660285949707,1
seg+pos,"(3.0, 8.0, 0.3, 0.6)",1.5497533082962036,0.7490144968032837,0.6438934803009033,1
seg+pos,"(3.0, 8.0, 0.3, 0.6)",1.5631245970726013,0.7777221202850342,0.6156854629516602,1
seg+pos,"(3.0, 8.0, 0.3, 0.6)",1.5005033016204834,0.6979629993438721,0.6781774759292603,1
seg+pos,"(3.0, 8.0, 0.3, 0.6)",1.6325228214263916,0.8584964275360107,0.6965450048446655,1
seg+pos,"(3.0, 8.0, 0.3, 0.6)",1.5225903987884521,0.626701831817627,0.6201810836791992,1
seg+pos,"(3.0, 8.0, 0.3, 0.6)",1.476728081703186,0.7379822731018066,0.6817936897277832,1
seg+pos,"(3.0, 8.0, 0.3, 0.6)",1.5455561876296997,0.7190966606140137,0.5775396823883057,1
seg+pos,"(3.0, 8.0, 0.3, 0.6)",1.579163670539856,0.9094391465187073,0.6930606365203857,1
seg+pos,"(3.0, 8.0, 0.3, 0.6)",1.4972465634346008,0.760082483291626,0.727131724357605,1
seg+pos,"(3.0, 8.0, 0.3, 0.6)",1.5279055833816528,0.7642874717712402,0.553337812423706,1
seg+pos,"(3.0, 8.0, 0.3, 0.6)",1.502886414527893,0.6065003871917725,0.5247848033905029,1
seg+pos,"(3.0, 8.0, 0.3, 0.6)",1.5367944240570068,0.7473689913749695,0.5755565166473389,1
seg+pos,"(3.0, 8.0, 0.3, 0.6)",1.5854935050010681,0.7247956395149231,0.55338454246521,1
seg+pos,"(3.0, 8.0, 0.3, 0.6)",1.5381858944892883,0.8490434288978577,0.6836555004119873,1
seg+pos,"(3.0, 8.0, 0.3, 0.6)",1.5164568424224854,0.6825118064880371,0.47451066970825195,1
seg+pos,"(3.0, 8.0, 0.3, -0.3)",1.5501768589019775,0.7711255550384521,1.3419413566589355,1
seg+pos,"(3.0, 8.0, 0.3, -0.3)",1.5513331890106201,0.812316358089447,1.5362553596496582,1
seg+pos,"(3.0, 8.0, 0.3, -0.3)",1.5448220372200012,0.7242000102996826,1.2833576202392578,1
seg+pos,"(3.0, 8.0, 0.3, -0.3)",1.4899833798408508,0.7081105709075928,1.1952846050262451,1
seg+pos,"(3.0, 8.0, 0.3, -0.3)",1.5346055030822754,0.7309366464614868,1.2005212306976318,1
seg+pos,"(3.0, 8.0, 0.3, -0.3)",1.605254054069519,0.7533403635025024,1.2406840324401855,1
seg+pos,"(3.0, 8.0, 0.3, -0.3)",1.5672096014022827,0.7590157985687256,1.2798285484313965,1
seg+pos,"(3.0, 8.0, 0.3, -0.3)",1.5676486492156982,0.844233512878418,1.528061866760254,1
seg+pos,"(3.0, 8.0, 0.3, -0.3)",1.4859700202941895,0.7433935403823853,1.0674610137939453,1
seg+pos,"(3.0, 8.0, 0.3, -0.3)",1.5846837759017944,0.8419840931892395,1.2431771755218506,1
seg+pos,"(3.0, 8.0, 0.3, -0.3)",1.5364805459976196,0.6799499988555908,1.1098370552062988,1
seg+pos,"(3.0, 8.0, 0.3, -0.3)",1.5349141359329224,0.7243509292602539,1.0566790103912354,1
seg+pos,"(3.0, 8.0, 0.3, -0.3)",1.5269137024879456,0.7553362846374512,1.2482364177703857,1
seg+pos,"(3.0, 8.0, 0.3, -0.3)",1.5562732219696045,0.6250617504119873,1.0226266384124756,1
seg+pos,"(3.0, 8.0, 0.3, -0.3)",1.5529078245162964,0.8060908913612366,1.3619284629821777,1
seg+pos,"(3.0, 8.0, 0.7, 0.0)",1.1061816215515137,0.341330885887146,0.5088553428649902,1
seg+pos,"(3.0, 8.0, 0.7, 0.0)",1.1112036108970642,0.3598695993423462,0.5691697597503662,1
seg+pos,"(3.0, 8.0, 0.7, 0.0)",1.0957903861999512,0.29790449142456055,0.29720020294189453,1
seg+pos,"(3.0, 8.0, 0.7, 0.0)",1.109048068523407,0.30688297748565674,0.625687837600708,1
seg+pos,"(3.0, 8.0, 0.7, 0.0)",1.1002817153930664,0.32073676586151123,0.3718991279602051,1
seg+pos,"(3.0, 8.0, 0.7, 0.0)",1.0861615538597107,0.3135010004043579,0.41295647621154785,1
seg+pos,"(3.0, 8.0, 0.7, 0.0)",1.0293849110603333,0.3312166929244995,0.5660812854766846,1
seg+pos,"(3.0, 8.0, 0.7, 0.0)",1.076645016670227,0.3137931823730469,0.4954404830932617,1
seg+pos,"(3.0, 8.0, 0.7, 0.0)",1.0864297151565552,0.31988680362701416,0.5105164051055908,1
seg+pos,"(3.0, 8.0, 0.7, 0.0)",1.107345461845398,0.3094217777252197,0.5786495208740234,1
seg+pos,"(3.0, 8.0, 0.7, 0.0)",1.0522474646568298,0.2907966375350952,0.7504017353057861,1
seg+pos,"(3.0, 8.0, 0.7, 0.0)",1.153961956501007,0.36448943614959717,0.7332425117492676,1
seg+pos,"(3.0, 8.0, 0.7, 0.0)",1.0859272480010986,0.24293017387390137,0.37706899642944336,1
seg+pos,"(3.0, 8.0, 0.7, 0.0)",1.053912103176117,0.2232215404510498,0.15498065948486328,1
seg+pos,"(3.0, 8.0, 0.7, 0.0)",1.0726518630981445,0.29721224308013916,0.3251767158508301,1
seg+pos,"(3.0, 8.0, 0.7, 0.3)",1.0886862874031067,0.43544602394104004,0.44992804527282715,1
seg+pos,"(3.0, 8.0, 0.7, 0.3)",1.1220341324806213,0.2776244878768921,0.42421460151672363,1
seg+pos,"(3.0, 8.0, 0.7, 0.3)",1.1341779828071594,0.28459203243255615,0.13690805435180664,1
seg+pos,"(3.0, 8.0, 0.7, 0.3)",1.0835304260253906,0.2932080030441284,0.26428747177124023,1
seg+pos,"(3.0, 8.0, 0.7, 0.3)",1.0327511429786682,0.3477126359939575,0.46857190132141113,1
seg+pos,"(3.0, 8.0, 0.7, 0.3)",1.0387000143527985,0.302035927772522,0.31183886528015137,1
seg+pos,"(3.0, 8.0, 0.7, 0.3)",1.064301073551178,0.290779709815979,0.18431377410888672,1
seg+pos,"(3.0, 8.0, 0.7, 0.3)",1.1328244805335999,0.4017385244369507,0.4394960403442383,1
seg+pos,"(3.0, 8.0, 0.7, 0.3)",1.1167953610420227,0.37708091735839844,0.38857030868530273,1
seg+pos,"(3.0, 8.0, 0.7, 0.3)",1.1424527168273926,0.3843371868133545,0.5174736976623535,1
seg+pos,"(3.0, 8.0, 0.7, 0.3)",1.0570919513702393,0.20430731773376465,0.22345948219299316,1
seg+pos,"(3.0, 8.0, 0.7, 0.3)",1.0697782039642334,0.35708844661712646,0.4143636226654053,1
seg+pos,"(3.0, 8.0, 0.7, 0.3)",1.01813542842865,0.2935464382171631,0.44240474700927734,1
seg+pos,"(3.0, 8.0, 0.7, 0.3)",1.0620330572128296,0.36255943775177,0.4381287097930908,1
seg+pos,"(3.0, 8.0, 0.7, 0.3)",1.0744689106941223,0.36081182956695557,0.4186697006225586,1
seg+pos,"(3.0, 8.0, 0.7, 0.6)",1.1431013345718384,0.265445351600647,0.0914926528930664,1
seg+pos,"(3.0, 8.0, 0.7, 0.6)",1.1431145071983337,0.32292938232421875,0.2605597972869873,1
seg+pos,"(3.0, 8.0, 0.7, 0.6)",1.0694328546524048,0.386380672454834,0.34354496002197266,1
seg+pos,"(3.0, 8.0, 0.7, 0.6)",1.1762118935585022,0.3415006399154663,0.1851484775543213,1
seg+pos,"(3.0, 8.0, 0.7, 0.6)",1.0805355310440063,0.37694501876831055,0.3147900104522705,1
seg+pos,"(3.0, 8.0, 0.7, 0.6)",1.1081334948539734,0.3629857301712036,0.3480973243713379,1
seg+pos,"(3.0, 8.0, 0.7, 0.6)",1.0782669186592102,0.39439892768859863,0.48612546920776367,1
seg+pos,"(3.0, 8.0, 0.7, 0.6)",1.123436450958252,0.3237398862838745,0.33014512062072754,1
seg+pos,"(3.0, 8.0, 0.7, 0.6)",1.0479602217674255,0.1772630214691162,0.15391993522644043,1
seg+pos,"(3.0, 8.0, 0.7, 0.6)",1.0568039417266846,0.2946852445602417,0.26620960235595703,1
seg+pos,"(3.0, 8.0, 0.7, 0.6)",1.02367103099823,0.295354962348938,0.19478297233581543,1
seg+pos,"(3.0, 8.0, 0.7, 0.6)",1.0957313179969788,0.4108734130859375,0.37011241912841797,1
seg+pos,"(3.0, 8.0, 0.7, 0.6)",0.9843251407146454,0.31312859058380127,0.38544702529907227,1
seg+pos,"(3.0, 8.0, 0.7, 0.6)",1.109494924545288,0.3481189012527466,0.27092671394348145,1
seg+pos,"(3.0, 8.0, 0.7, 0.6)",1.0646963715553284,0.2850896120071411,0.3003530502319336,1
seg+pos,"(3.0, 8.0, 0.7, -0.3)",1.10549795627594,0.34900712966918945,0.7718284130096436,1
seg+pos,"(3.0, 8.0, 0.7, -0.3)",1.1634657979011536,0.3803907632827759,0.7156944274902344,1
seg+pos,"(3.0, 8.0, 0.7, -0.3)",1.0164095759391785,0.21118736267089844,0.35210514068603516,1
seg+pos,"(3.0, 8.0, 0.7, -0.3)",1.118053674697876,0.43320703506469727,0.7295222282409668,1
seg+pos,"(3.0, 8.0, 0.7, -0.3)",1.0661670565605164,0.3998616933822632,0.6961026191711426,1
seg+pos,"(3.0, 8.0, 0.7, -0.3)",1.003543734550476,0.271964430809021,0.42383813858032227,1
seg+pos,"(3.0, 8.0, 0.7, -0.3)",1.069147765636444,0.32137787342071533,0.4944877624511719,1
seg+pos,"(3.0, 8.0, 0.7, -0.3)",1.0560858249664307,0.30128467082977295,0.5014352798461914,1
seg+pos,"(3.0, 8.0, 0.7, -0.3)",1.1134118437767029,0.3597201108932495,0.5469598770141602,1
seg+pos,"(3.0, 8.0, 0.7, -0.3)",1.0997847318649292,0.29393553733825684,0.45351552963256836,1
seg+pos,"(3.0, 8.0, 0.7, -0.3)",1.0860381722450256,0.2986717224121094,0.526416540145874,1
seg+pos,"(3.0, 8.0, 0.7, -0.3)",1.0766009092330933,0.3812209367752075,0.6666102409362793,1
seg+pos,"(3.0, 8.0, 0.7, -0.3)",1.1460946798324585,0.3392984867095947,0.6370935440063477,1
seg+pos,"(3.0, 8.0, 0.7, -0.3)",1.0592341423034668,0.29781830310821533,0.41848230361938477,1
seg+pos,"(3.0, 8.0, 0.7, -0.3)",1.0797995924949646,0.3779643774032593,0.6894497871398926,1
seg+pos,"(3.0, 20.0, 0.3, 0.0)",1.2257039546966553,0.3805330991744995,0.4460940361022949,1
seg+pos,"(3.0, 20.0, 0.3, 0.0)",1.2189967632293701,0.4044409990310669,0.5869033336639404,1
seg+pos,"(3.0, 20.0, 0.3, 0.0)",1.2355121970176697,0.3472096920013428,0.4838736057281494,1
seg+pos,"(3.0, 20.0, 0.3, 0.0)",1.305026650428772,0.44287109375,0.6303083896636963,1
seg+pos,"(3.0, 20.0, 0.3, 0.0)",1.1969624161720276,0.36233270168304443,0.5845305919647217,1
seg+pos,"(3.0, 20.0, 0.3, 0.0)",1.2269384860992432,0.36989057064056396,0.6237852573394775,1
seg+pos,"(3.0, 20.0, 0.3, 0.0)",1.223783254623413,0.4310113191604614,0.6098024845123291,1
seg+pos,"(3.0, 20.0, 0.3, 0.0)",1.2057456970214844,0.42104947566986084,0.6981852054595947,1
seg+pos,"(3.0, 20.0, 0.3, 0.0)",1.2772587537765503,0.37387800216674805,0.6148574352264404,1
seg+pos,"(3.0, 20.0, 0.3, 0.0)",1.2242311239242554,0.39357101917266846,0.5005857944488525,1
seg+pos,"(3.0, 20.0, 0.3, 0.0)",1.195593535900116,0.4040311574935913,0.775367021560669,1
seg+pos,"(3.0, 20.0, 0.3, 0.0)",1.2441211938858032,0.5075513124465942,0.608381986618042,1
seg+pos,"(3.0, 20.0, 0.3, 0.0)",1.205379843711853,0.347758412361145,0.7821569442749023,1
seg+pos,"(3.0, 20.0, 0.3, 0.0)",1.2003958821296692,0.4086148738861084,0.5655076503753662,1
seg+pos,"(3.0, 20.0, 0.3, 0.0)",1.256790578365326,0.38140106201171875,0.5196428298950195,1
seg+pos,"(3.0, 20.0, 0.3, 0.3)",1.235076665878296,0.42218077182769775,0.4428441524505615,1
seg+pos,"(3.0, 20.0, 0.3, 0.3)",1.170863151550293,0.4243931770324707,0.5289297103881836,1
seg+pos,"(3.0, 20.0, 0.3, 0.3)",1.3189184069633484,0.3080868721008301,0.2982025146484375,1
seg+pos,"(3.0, 20.0, 0.3, 0.3)",1.2247869372367859,0.3820377588272095,0.567084789276123,1
seg+pos,"(3.0, 20.0, 0.3, 0.3)",1.1658945083618164,0.32363617420196533,0.36102747917175293,1
seg+pos,"(3.0, 20.0, 0.3, 0.3)",1.2121625542640686,0.41516244411468506,0.39311885833740234,1
seg+pos,"(3.0, 20.0, 0.3, 0.3)",1.2042386531829834,0.35588526725769043,0.24264860153198242,1
seg+pos,"(3.0, 20.0, 0.3, 0.3)",1.162587583065033,0.3771545886993408,0.5569047927856445,1
seg+pos,"(3.0, 20.0, 0.3, 0.3)",1.2976627349853516,0.41319358348846436,0.4454483985900879,1
seg+pos,"(3.0, 20.0, 0.3, 0.3)",1.2061288356781006,0.37170839309692383,0.5670356750488281,1
seg+pos,"(3.0, 20.0, 0.3, 0.3)",1.2431020736694336,0.4019813537597656,0.3369455337524414,1
seg+pos,"(3.0, 20.0, 0.3, 0.3)",1.1990941166877747,0.3903158903121948,0.5160694122314453,1
seg+pos,"(3.0, 20.0, 0.3, 0.3)",1.2694726586341858,0.4951828718185425,0.420177698135376,1
seg+pos,"(3.0, 20.0, 0.3, 0.3)",1.1874132752418518,0.3657938241958618,0.41887593269348145,1
seg+pos,"(3.0, 20.0, 0.3, 0.3)",1.2286407351493835,0.38473284244537354,0.4501674175262451,1
seg+pos,"(3.0, 20.0, 0.3, 0.6)",1.1903087496757507,0.42019736766815186,0.20210886001586914,1
seg+pos,"(3.0, 20.0, 0.3, 0.6)",1.1888951659202576,0.42648613452911377,0.2480297088623047,1
seg+pos,"(3.0, 20.0, 0.3, 0.6)",1.2426766157150269,0.38441002368927,0.1261746883392334,1
seg+pos,"(3.0, 20.0, 0.3, 0.6)",1.2085511088371277,0.356626033782959,0.3268775939941406,1
seg+pos,"(3.0, 20.0, 0.3, 0.6)",1.3071913719177246,0.48610377311706543,0.34474778175354004,1
seg+pos,"(3.0, 20.0, 0.3, 0.6)",1.218571126461029,0.39682161808013916,0.2992861270904541,1
seg+pos,"(3.0, 20.0, 0.3, 0.6)",1.1708842515945435,0.2802680730819702,0.39417529106140137,1
seg+pos,"(3.0, 20.0, 0.3, 0.6)",1.2594212293624878,0.4872053861618042,0.2754368782043457,1
seg+pos,"(3.0, 20.0, 0.3, 0.6)",1.1998968124389648,0.46761786937713623,0.3559725284576416,1
seg+pos,"(3.0, 20.0, 0.3, 0.6)",1.201783537864685,0.430051326751709,0.31214332580566406,1
seg+pos,"(3.0, 20.0, 0.3, 0.6)",1.1978796124458313,0.4251469373703003,0.27936697006225586,1
seg+pos,"(3.0, 20.0, 0.3, 0.6)",1.250782072544098,0.46390867233276367,0.32578563690185547,1
seg+pos,"(3.0, 20.0, 0.3, 0.6)",1.25544273853302,0.5339372158050537,0.5553337335586548,1
seg+pos,"(3.0, 20.0, 0.3, 0.6)",1.167835772037506,0.3067432641983032,0.24829697608947754,1
seg+pos,"(3.0, 20.0, 0.3, 0.6)",1.2336496710777283,0.38436222076416016,0.32046031951904297,1
seg+pos,"(3.0, 20.0, 0.3, -0.3)",1.1751230359077454,0.4347187280654907,0.6354618072509766,1
seg+pos,"(3.0, 20.0, 0.3, -0.3)",1.2166680097579956,0.35733211040496826,0.46451854705810547,1
seg+pos,"(3.0, 20.0, 0.3, -0.3)",1.184481680393219,0.39079713821411133,0.5432968139648438,1
seg+pos,"(3.0, 20.0, 0.3, -0.3)",1.2360170483589172,0.3680393695831299,0.5210695266723633,1
seg+pos,"(3.0, 20.0, 0.3, -0.3)",1.3339515328407288,0.5228235721588135,0.8921065330505371,1
seg+pos,"(3.0, 20.0, 0.3, -0.3)",1.2384757995605469,0.5189259052276611,0.8644673824310303,1
seg+pos,"(3.0, 20.0, 0.3, -0.3)",1.2276639938354492,0.3912614583969116,0.635490894317627,1
seg+pos,"(3.0, 20.0, 0.3, -0.3)",1.202642798423767,0.32029497623443604,0.5910196304321289,1
seg+pos,"(3.0, 20.0, 0.3, -0.3)",1.2114659547805786,0.3410757780075073,0.5427041053771973,1
seg+pos,"(3.0, 20.0, 0.3, -0.3)",1.1577147245407104,0.2812155485153198,0.3561844825744629,1
seg+pos,"(3.0, 20.0, 0.3, -0.3)",1.2495590448379517,0.41362547874450684,0.6803388595581055,1
seg+pos,"(3.0, 20.0, 0.3, -0.3)",1.195209801197052,0.41566896438598633,0.5864863395690918,1
seg+pos,"(3.0, 20.0, 0.3, -0.3)",1.2639740109443665,0.423869252204895,0.567955493927002,1
seg+pos,"(3.0, 20.0, 0.3, -0.3)",1.2534738779067993,0.4020580053329468,0.686924934387207,1
seg+pos,"(3.0, 20.0, 0.3, -0.3)",1.2414759993553162,0.4376335144042969,0.6476726531982422,1
seg+pos,"(3.0, 20.0, 0.7, 0.0)",0.6902996301651001,0.07078671455383301,0.1134333610534668,1
seg+pos,"(3.0, 20.0, 0.7, 0.0)",0.7213141024112701,0.09602808952331543,0.0940389633178711,1
seg+pos,"(3.0, 20.0, 0.7, 0.0)",0.7076407968997955,0.10043907165527344,0.026840686798095703,1
seg+pos,"(3.0, 20.0, 0.7, 0.0)",0.6632459163665771,0.09863615036010742,0.19448089599609375,1
seg+pos,"(3.0, 20.0, 0.7, 0.0)",0.6967492997646332,0.07102406024932861,0.08278918266296387,1
seg+pos,"(3.0, 20.0, 0.7, 0.0)",0.6613866686820984,0.08283364772796631,0.05760049819946289,1
seg+pos,"(3.0, 20.0, 0.7, 0.0)",0.7104698717594147,0.07681667804718018,0.2021346092224121,1
seg+pos,"(3.0, 20.0, 0.7, 0.0)",0.6671820282936096,0.07030189037322998,0.14837074279785156,1
seg+pos,"(3.0, 20.0, 0.7, 0.0)",0.6607875823974609,0.0935511589050293,0.0655674934387207,1
seg+pos,"(3.0, 20.0, 0.7, 0.0)",0.6510407030582428,0.07116234302520752,0.05310487747192383,1
seg+pos,"(3.0, 20.0, 0.7, 0.0)",0.6752116084098816,0.07630407810211182,0.17062115669250488,1
seg+pos,"(3.0, 20.0, 0.7, 0.0)",0.7352176606655121,0.01787114143371582,0.04310894012451172,1
seg+pos,"(3.0, 20.0, 0.7, 0.0)",0.7149259746074677,0.08426773548126221,0.12297177314758301,1
seg+pos,"(3.0, 20.0, 0.7, 0.0)",0.7261358797550201,0.0598149299621582,0.009520530700683594,1
seg+pos,"(3.0, 20.0, 0.7, 0.0)",0.7281715571880341,0.054660797119140625,0.09803271293640137,1
seg+pos,"(3.0, 20.0, 0.7, 0.3)",0.6817280054092407,0.02301788330078125,0.028224468231201172,1
seg+pos,"(3.0, 20.0, 0.7, 0.3)",0.7122351229190826,0.04703843593597412,0.06002330780029297,1
seg+pos,"(3.0, 20.0, 0.7, 0.3)",0.7173304557800293,0.17986726760864258,0.19394779205322266,1
seg+pos,"(3.0, 20.0, 0.7, 0.3)",0.6784267127513885,0.057367920875549316,0.050069570541381836,1
seg+pos,"(3.0, 20.0, 0.7, 0.3)",0.6489073932170868,0.03266751766204834,0.02001643180847168,1
seg+pos,"(3.0, 20.0, 0.7, 0.3)",0.705355316400528,0.09699881076812744,0.049509286880493164,1
seg+pos,"(3.0, 20.0, 0.7, 0.3)",0.6535040736198425,0.05762755870819092,0.01453399658203125,1
seg+pos,"(3.0, 20.0, 0.7, 0.3)",0.6814588010311127,0.07343614101409912,0.0948641300201416,1
seg+pos,"(3.0, 20.0, 0.7, 0.3)",0.7004510164260864,0.0666661262512207,0.12348747253417969,1
seg+pos,"(3.0, 20.0, 0.7, 0.3)",0.6954383850097656,0.06371545791625977,0.12937426567077637,1
seg+pos,"(3.0, 20.0, 0.7, 0.3)",0.7074520587921143,0.11299264430999756,0.026725053787231445,1
seg+pos,"(3.0, 20.0, 0.7, 0.3)",0.6670553982257843,0.07059037685394287,0.014980077743530273,1
seg+pos,"(3.0, 20.0, 0.7, 0.3)",0.668499231338501,0.061579346656799316,0.0518956184387207,1
seg+pos,"(3.0, 20.0, 0.7, 0.3)",0.726416826248169,0.14146006107330322,0.28689098358154297,1
seg+pos,"(3.0, 20.0, 0.7, 0.3)",0.7627102434635162,0.10021340847015381,0.02821636199951172,1
seg+pos,"(3.0, 20.0, 0.7, 0.6)",0.6700787544250488,0.007604837417602539,0.040044307708740234,1
seg+pos,"(3.0, 20.0, 0.7, 0.6)",0.7048767507076263,0.08063936233520508,0.05870509147644043,1
seg+pos,"(3.0, 20.0, 0.7, 0.6)",0.7158521711826324,0.15642321109771729,0.04712724685668945,1
seg+pos,"(3.0, 20.0, 0.7, 0.6)",0.6910569369792938,0.03404068946838379,0.13750553131103516,1
seg+pos,"(3.0, 20.0, 0.7, 0.6)",0.6778938174247742,0.1433258056640625,0.15554547309875488,1
seg+pos,"(3.0, 20.0, 0.7, 0.6)",0.6680101156234741,0.09103989601135254,0.08405709266662598,1
seg+pos,"(3.0, 20.0, 0.7, 0.6)",0.7079184651374817,0.10263144969940186,0.0584254264831543,1
seg+pos,"(3.0, 20.0, 0.7, 0.6)",0.7620964050292969,0.13351809978485107,0.06464433670043945,1
seg+pos,"(3.0, 20.0, 0.7, 0.6)",0.7526169419288635,0.03205299377441406,0.07093358039855957,1
seg+pos,"(3.0, 20.0, 0.7, 0.6)",0.6576355695724487,0.06797349452972412,0.010107755661010742,1
seg+pos,"(3.0, 20.0, 0.7, 0.6)",0.6701547205448151,0.063484787940979,0.018955230712890625,1
seg+pos,"(3.0, 20.0, 0.7, 0.6)",0.6950133144855499,0.14950859546661377,0.07915878295898438,1
seg+pos,"(3.0, 20.0, 0.7, 0.6)",0.6338338851928711,0.05413472652435303,0.021843671798706055,1
seg+pos,"(3.0, 20.0, 0.7, 0.6)",0.7345647215843201,0.11757588386535645,0.11055564880371094,1
seg+pos,"(3.0, 20.0, 0.7, 0.6)",0.773094654083252,0.08924639225006104,0.09402728080749512,1
seg+pos,"(3.0, 20.0, 0.7, -0.3)",0.7339326739311218,0.08690285682678223,0.2268071174621582,1
seg+pos,"(3.0, 20.0, 0.7, -0.3)",0.7034220993518829,0.04495811462402344,0.14434814453125,1
seg+pos,"(3.0, 20.0, 0.7, -0.3)",0.7095862329006195,0.05554378032684326,0.10953378677368164,1
seg+pos,"(3.0, 20.0, 0.7, -0.3)",0.6751459538936615,0.11391687393188477,0.16643476486206055,1
seg+pos,"(3.0, 20.0, 0.7, -0.3)",0.7017171680927277,0.07026422023773193,0.11902999877929688,1
seg+pos,"(3.0, 20.0, 0.7, -0.3)",0.6819332838058472,0.08509910106658936,0.2054457664489746,1
seg+pos,"(3.0, 20.0, 0.7, -0.3)",0.7645561397075653,0.09544062614440918,0.08182668685913086,1
seg+pos,"(3.0, 20.0, 0.7, -0.3)",0.7723032534122467,0.04799473285675049,0.050466060638427734,1
seg+pos,"(3.0, 20.0, 0.7, -0.3)",0.6892125010490417,0.06365585327148438,0.16825008392333984,1
seg+pos,"(3.0, 20.0, 0.7, -0.3)",0.6921142339706421,0.008902192115783691,0.006650447845458984,1
seg+pos,"(3.0, 20.0, 0.7, -0.3)",0.7184589207172394,0.09329783916473389,0.10935544967651367,1
seg+pos,"(3.0, 20.0, 0.7, -0.3)",0.6797546148300171,0.10984039306640625,0.20888471603393555,1
seg+pos,"(3.0, 20.0, 0.7, -0.3)",0.6753120720386505,0.06927108764648438,0.1335911750793457,1
seg+pos,"(3.0, 20.0, 0.7, -0.3)",0.7135933935642242,0.05791807174682617,0.06328678131103516,1
seg+pos,"(3.0, 20.0, 0.7, -0.3)",0.7261970043182373,0.1121283769607544,0.16647863388061523,1
seg+pos,"(1.5, 8.0, 0.3, 0.0)",0.8490140438079834,0.4086472988128662,0.5566602945327759,2
seg+pos,"(1.5, 8.0, 0.3, 0.0)",0.8311044871807098,0.3966837525367737,0.49471473693847656,2
seg+pos,"(1.5, 8.0, 0.3, 0.0)",0.8097593784332275,0.39079296588897705,0.482269287109375,2
seg+pos,"(1.5, 8.0, 0.3, 0.0)",0.8306280970573425,0.45014747977256775,0.5542576313018799,2
seg+pos,"(1.5, 8.0, 0.3, 0.0)",0.812891811132431,0.4016331434249878,0.7530425786972046,2
seg+pos,"(1.5, 8.0, 0.3, 0.0)",0.7960174679756165,0.39271116256713867,0.4783806800842285,2
seg+pos,"(1.5, 8.0, 0.3, 0.0)",0.8514151573181152,0.4728966951370239,0.5878129005432129,2
seg+pos,"(1.5, 8.0, 0.3, 0.0)",0.878255695104599,0.3914439082145691,0.5294544696807861,2
seg+pos,"(1.5, 8.0, 0.3, 0.0)",0.8233591020107269,0.3768765926361084,0.4915962219238281,2
seg+pos,"(1.5, 8.0, 0.3, 0.0)",0.798751950263977,0.42434072494506836,0.544349193572998,2
seg+pos,"(1.5, 8.0, 0.3, 0.0)",0.8351613879203796,0.4609423279762268,0.6370643377304077,2
seg+pos,"(1.5, 8.0, 0.3, 0.0)",0.8118080198764801,0.39864271879196167,0.5029239654541016,2
seg+pos,"(1.5, 8.0, 0.3, 0.0)",0.8522062301635742,0.3703053593635559,0.5528228282928467,2
seg+pos,"(1.5, 8.0, 0.3, 0.0)",0.8319111168384552,0.39414072036743164,0.5550264120101929,2
seg+pos,"(1.5, 8.0, 0.3, 0.0)",0.8325250446796417,0.4098484516143799,0.5594183206558228,2
seg+pos,"(1.5, 8.0, 0.3, 0.3)",0.8415513336658478,0.46288347244262695,0.47299933433532715,2
seg+pos,"(1.5, 8.0, 0.3, 0.3)",0.8253982663154602,0.43234771490097046,0.525446891784668,2
seg+pos,"(1.5, 8.0, 0.3, 0.3)",0.8121552169322968,0.3418189287185669,0.3215970993041992,2
seg+pos,"(1.5, 8.0, 0.3, 0.3)",0.8226306736469269,0.33589452505111694,0.4912017583847046,2
seg+pos,"(1.5, 8.0, 0.3, 0.3)",0.8426201045513153,0.33928030729293823,0.24577486515045166,2
seg+pos,"(1.5, 8.0, 0.3, 0.3)",0.8280130624771118,0.3249489665031433,0.39163148403167725,2
seg+pos,"(1.5, 8.0, 0.3, 0.3)",0.8431481122970581,0.4636475145816803,0.4244312047958374,2
seg+pos,"(1.5, 8.0, 0.3, 0.3)",0.8068106174468994,0.32372450828552246,0.29597389698028564,2
seg+pos,"(1.5, 8.0, 0.3, 0.3)",0.840358555316925,0.3778422474861145,0.5195465087890625,2
seg+pos,"(1.5, 8.0, 0.3, 0.3)",0.8041960895061493,0.37778109312057495,0.5376759767532349,2
seg+pos,"(1.5, 8.0, 0.3, 0.3)",0.8162591457366943,0.38991600275039673,0.42758655548095703,2
seg+pos,"(1.5, 8.0, 0.3, 0.3)",0.8499400019645691,0.3721996247768402,0.440010666847229,2
seg+pos,"(1.5, 8.0, 0.3, 0.3)",0.7804447114467621,0.3743270933628082,0.4209812879562378,2
seg+pos,"(1.5, 8.0, 0.3, 0.3)",0.838919460773468,0.34495413303375244,0.4218330383300781,2
seg+pos,"(1.5, 8.0, 0.3, 0.3)",0.7840259671211243,0.4068478047847748,0.4709804058074951,2
seg+pos,"(1.5, 8.0, 0.3, 0.6)",0.7996413707733154,0.38084107637405396,0.40253663063049316,2
seg+pos,"(1.5, 8.0, 0.3, 0.6)",0.8283633589744568,0.3889053463935852,0.34087908267974854,2
seg+pos,"(1.5, 8.0, 0.3, 0.6)",0.8442080616950989,0.41214683651924133,0.1689997911453247,2
seg+pos,"(1.5, 8.0, 0.3, 0.6)",0.8077638149261475,0.3641522526741028,0.30696260929107666,2
seg+pos,"(1.5, 8.0, 0.3, 0.6)",0.8295570015907288,0.4588407278060913,0.30156004428863525,2
seg+pos,"(1.5, 8.0, 0.3, 0.6)",0.7958977520465851,0.3482871651649475,0.27265143394470215,2
seg+pos,"(1.5, 8.0, 0.3, 0.6)",0.8558215498924255,0.41806474328041077,0.31432652473449707,2
seg+pos,"(1.5, 8.0, 0.3, 0.6)",0.8463867008686066,0.3568108081817627,0.12438476085662842,2
seg+pos,"(1.5, 8.0, 0.3, 0.6)",0.8476150333881378,0.42199745774269104,0.15118956565856934,2
seg+pos,"(1.5, 8.0, 0.3, 0.6)",0.782924234867096,0.3349575996398926,0.27564573287963867,2
seg+pos,"(1.5, 8.0, 0.3, 0.6)",0.8167231678962708,0.3668927550315857,0.12148833274841309,2
seg+pos,"(1.5, 8.0, 0.3, 0.6)",0.8340519368648529,0.37387657165527344,0.27132630348205566,2
seg+pos,"(1.5, 8.0, 0.3, 0.6)",0.8153055012226105,0.3618912696838379,0.3260999917984009,2
seg+pos,"(1.5, 8.0, 0.3, 0.6)",0.8214925527572632,0.4402622878551483,0.32442158460617065,2
seg+pos,"(1.5, 8.0, 0.3, 0.6)",0.814864307641983,0.37644052505493164,0.30512309074401855,2
seg+pos,"(1.5, 8.0, 0.3, -0.3)",0.8601469993591309,0.3610852360725403,0.6244889497756958,2
seg+pos,"(1.5, 8.0, 0.3, -0.3)",0.8597170114517212,0.43096494674682617,0.6949982643127441,2
seg+pos,"(1.5, 8.0, 0.3, -0.3)",0.8487524092197418,0.3642756938934326,0.577666163444519,2
seg+pos,"(1.5, 8.0, 0.3, -0.3)",0.7883546352386475,0.36889296770095825,0.5011978149414062,2
seg+pos,"(1.5, 8.0, 0.3, -0.3)",0.8371463418006897,0.37952208518981934,0.7001733779907227,2
seg+pos,"(1.5, 8.0, 0.3, -0.3)",0.7838655412197113,0.40456509590148926,0.6201531887054443,2
seg+pos,"(1.5, 8.0, 0.3, -0.3)",0.8469286262989044,0.3698462247848511,0.639999270439148,2
seg+pos,"(1.5, 8.0, 0.3, -0.3)",0.8705603182315826,0.4532278776168823,0.7655731439590454,2
seg+pos,"(1.5, 8.0, 0.3, -0.3)",0.8366420865058899,0.40566444396972656,0.6423662900924683,2
seg+pos,"(1.5, 8.0, 0.3, -0.3)",0.8401306867599487,0.4538053870201111,0.8144729137420654,2
seg+pos,"(1.5, 8.0, 0.3, -0.3)",0.8456490337848663,0.3969848155975342,0.6331517696380615,2
seg+pos,"(1.5, 8.0, 0.3, -0.3)",0.8633220195770264,0.43526628613471985,0.7460476160049438,2
seg+pos,"(1.5, 8.0, 0.3, -0.3)",0.8213955760002136,0.37438350915908813,0.6121606826782227,2
seg+pos,"(1.5, 8.0, 0.3, -0.3)",0.7731950283050537,0.4398021697998047,0.7753161191940308,2
seg+pos,"(1.5, 8.0, 0.3, -0.3)",0.8434371948242188,0.4664652347564697,0.8126412630081177,2
seg+pos,"(1.5, 8.0, 0.7, 0.0)",0.6311375200748444,0.15157943964004517,0.22550106048583984,2
seg+pos,"(1.5, 8.0, 0.7, 0.0)",0.6378477513790131,0.18206584453582764,0.26182639598846436,2
seg+pos,"(1.5, 8.0, 0.7, 0.0)",0.6128337979316711,0.23325926065444946,0.425337553024292,2
seg+pos,"(1.5, 8.0, 0.7, 0.0)",0.6257188618183136,0.2162112593650818,0.2439289093017578,2
seg+pos,"(1.5, 8.0, 0.7, 0.0)",0.656493753194809,0.20550554990768433,0.27891671657562256,2
seg+pos,"(1.5, 8.0, 0.7, 0.0)",0.5914068818092346,0.14639395475387573,0.19302797317504883,2
seg+pos,"(1.5, 8.0, 0.7, 0.0)",0.5954171419143677,0.1819581389427185,0.3063157796859741,2
seg+pos,"(1.5, 8.0, 0.7, 0.0)",0.6013705432415009,0.1897526979446411,0.258622407913208,2
seg+pos,"(1.5, 8.0, 0.7, 0.0)",0.6098122596740723,0.07082509994506836,0.02828240394592285,2
seg+pos,"(1.5, 8.0, 0.7, 0.0)",0.6281189620494843,0.22653084993362427,0.37940382957458496,2
seg+pos,"(1.5, 8.0, 0.7, 0.0)",0.6136254072189331,0.16378778219223022,0.29259824752807617,2
seg+pos,"(1.5, 8.0, 0.7, 0.0)",0.6158329248428345,0.2386413812637329,0.29588913917541504,2
seg+pos,"(1.5, 8.0, 0.7, 0.0)",0.5944657325744629,0.19833755493164062,0.35629117488861084,2
seg+pos,"(1.5, 8.0, 0.7, 0.0)",0.635283499956131,0.23993468284606934,0.3619973659515381,2
seg+pos,"(1.5, 8.0, 0.7, 0.0)",0.6080763041973114,0.20432370901107788,0.2481555938720703,2
seg+pos,"(1.5, 8.0, 0.7, 0.3)",0.604447603225708,0.17595547437667847,0.1816575527191162,2
seg+pos,"(1.5, 8.0, 0.7, 0.3)",0.5921469032764435,0.1387178897857666,0.19625318050384521,2
seg+pos,"(1.5, 8.0, 0.7, 0.3)",0.6463662385940552,0.22351300716400146,0.16709256172180176,2
seg+pos,"(1.5, 8.0, 0.7, 0.3)",0.6256871819496155,0.13014596700668335,0.20584452152252197,2
seg+pos,"(1.5, 8.0, 0.7, 0.3)",0.6073790490627289,0.20497775077819824,0.23107671737670898,2
seg+pos,"(1.5, 8.0, 0.7, 0.3)",0.5903349220752716,0.13222593069076538,0.11046373844146729,2
seg+pos,"(1.5, 8.0, 0.7, 0.3)",0.654565840959549,0.21389108896255493,0.2101140022277832,2
seg+pos,"(1.5, 8.0, 0.7, 0.3)",0.662126362323761,0.1466018557548523,0.1385021209716797,2
seg+pos,"(1.5, 8.0, 0.7, 0.3)",0.6368127167224884,0.07935023307800293,0.0680321455001831,2
seg+pos,"(1.5, 8.0, 0.7, 0.3)",0.6059002876281738,0.14278054237365723,0.17192816734313965,2
seg+pos,"(1.5, 8.0, 0.7, 0.3)",0.6035940647125244,0.23339223861694336,0.30468571186065674,2
seg+pos,"(1.5, 8.0, 0.7, 0.3)",0.6387878656387329,0.20761257410049438,0.11997675895690918,2
seg+pos,"(1.5, 8.0, 0.7, 0.3)",0.6072748303413391,0.19321537017822266,0.14428067207336426,2
seg+pos,"(1.5, 8.0, 0.7, 0.3)",0.6030814051628113,0.12922322750091553,0.10628688335418701,2
seg+pos,"(1.5, 8.0, 0.7, 0.3)",0.619273841381073,0.1537439227104187,0.21605145931243896,2
seg+pos,"(1.5, 8.0, 0.7, 0.6)",0.5869030356407166,0.12226241827011108,0.0891730785369873,2
seg+pos,"(1.5, 8.0, 0.7, 0.6)",0.5981844067573547,0.15340793132781982,0.10484588146209717,2
seg+pos,"(1.5, 8.0, 0.7, 0.6)",0.6419270038604736,0.2241673469543457,0.13753294944763184,2
seg+pos,"(1.5, 8.0, 0.7, 0.6)",0.6657660007476807,0.20267456769943237,0.09438431262969971,2
seg+pos,"(1.5, 8.0, 0.7, 0.6)",0.6350406408309937,0.21952849626541138,0.07241952419281006,2
seg+pos,"(1.5, 8.0, 0.7, 0.6)",0.6635863780975342,0.17180854082107544,0.03405284881591797,2
seg+pos,"(1.5, 8.0, 0.7, 0.6)",0.6567867696285248,0.1461504101753235,0.02826058864593506,2
seg+pos,"(1.5, 8.0, 0.7, 0.6)",0.5999579429626465,0.1853262186050415,0.1468675136566162,2
seg+pos,"(1.5, 8.0, 0.7, 0.6)",0.6064147353172302,0.19867759943008423,0.06395840644836426,2
seg+pos,"(1.5, 8.0, 0.7, 0.6)",0.6211990118026733,0.227114737033844,0.06607627868652344,2
seg+pos,"(1.5, 8.0, 0.7, 0.6)",0.6023335158824921,0.20378661155700684,0.08329129219055176,2
seg+pos,"(1.5, 8.0, 0.7, 0.6)",0.6337309181690216,0.16993528604507446,0.11492526531219482,2
seg+pos,"(1.5, 8.0, 0.7, 0.6)",0.6138652265071869,0.1932048797607422,0.11838483810424805,2
seg+pos,"(1.5, 8.0, 0.7, 0.6)",0.6267176270484924,0.14993351697921753,0.1332463026046753,2
seg+pos,"(1.5, 8.0, 0.7, 0.6)",0.604806661605835,0.14998787641525269,0.22574925422668457,2
seg+pos,"(1.5, 8.0, 0.7, -0.3)",0.6402077376842499,0.19562840461730957,0.29823780059814453,2
seg+pos,"(1.5, 8.0, 0.7, -0.3)",0.6124616861343384,0.19349145889282227,0.30797457695007324,2
seg+pos,"(1.5, 8.0, 0.7, -0.3)",0.5908380746841431,0.18710660934448242,0.33316731452941895,2
seg+pos,"(1.5, 8.0, 0.7, -0.3)",0.63977912068367,0.16932052373886108,0.29853177070617676,2
seg+pos,"(1.5, 8.0, 0.7, -0.3)",0.623226135969162,0.1339384913444519,0.2271958589553833,2
seg+pos,"(1.5, 8.0, 0.7, -0.3)",0.6176997423171997,0.17399883270263672,0.2587418556213379,2
seg+pos,"(1.5, 8.0, 0.7, -0.3)",0.6240975558757782,0.1199105978012085,0.20910263061523438,2
seg+pos,"(1.5, 8.0, 0.7, -0.3)",0.5840674340724945,0.17081844806671143,0.24938654899597168,2
seg+pos,"(1.5, 8.0, 0.7, -0.3)",0.6369997560977936,0.19151675701141357,0.30446910858154297,2
seg+pos,"(1.5, 8.0, 0.7, -0.3)",0.5868193209171295,0.12891548871994019,0.17136502265930176,2
seg+pos,"(1.5, 8.0, 0.7, -0.3)",0.6253436505794525,0.14569693803787231,0.21560144424438477,2
seg+pos,"(1.5, 8.0, 0.7, -0.3)",0.6214875280857086,0.25533294677734375,0.5017380714416504,2
seg+pos,"(1.5, 8.0, 0.7, -0.3)",0.6140183508396149,0.16469836235046387,0.3478095531463623,2
seg+pos,"(1.5, 8.0, 0.7, -0.3)",0.604174941778183,0.25241196155548096,0.45791733264923096,2
seg+pos,"(1.5, 8.0, 0.7, -0.3)",0.6066820621490479,0.26774632930755615,0.42185354232788086,2
seg+pos,"(1.5, 20.0, 0.3, 0.0)",0.7015091478824615,0.2536974549293518,0.4199643135070801,2
seg+pos,"(1.5, 20.0, 0.3, 0.0)",0.6584096252918243,0.2052728533744812,0.3502002954483032,2
seg+pos,"(1.5, 20.0, 0.3, 0.0)",0.6513720750808716,0.221721351146698,0.3098043203353882,2
seg+pos,"(1.5, 20.0, 0.3, 0.0)",0.7005850970745087,0.2602963447570801,0.3320298194885254,2
seg+pos,"(1.5, 20.0, 0.3, 0.0)",0.7167476415634155,0.22980189323425293,0.39042413234710693,2
seg+pos,"(1.5, 20.0, 0.3, 0.0)",0.6309604644775391,0.17075103521347046,0.36977124214172363,2
seg+pos,"(1.5, 20.0, 0.3, 0.0)",0.6543694734573364,0.22650909423828125,0.31643402576446533,2
seg+pos,"(1.5, 20.0, 0.3, 0.0)",0.6822862327098846,0.2227175235748291,0.35177600383758545,2
seg+pos,"(1.5, 20.0, 0.3, 0.0)",0.6751008033752441,0.13282841444015503,0.1619471311569214,2
seg+pos,"(1.5, 20.0, 0.3, 0.0)",0.6710565984249115,0.1884925365447998,0.28315162658691406,2
seg+pos,"(1.5, 20.0, 0.3, 0.0)",0.6871967017650604,0.22458142042160034,0.2732546329498291,2
seg+pos,"(1.5, 20.0, 0.3, 0.0)",0.7302019000053406,0.2580103874206543,0.4009925127029419,2
seg+pos,"(1.5, 20.0, 0.3, 0.0)",0.6973488926887512,0.20965582132339478,0.44688594341278076,2
seg+pos,"(1.5, 20.0, 0.3, 0.0)",0.6731903851032257,0.2305607795715332,0.3543081283569336,2
seg+pos,"(1.5, 20.0, 0.3, 0.0)",0.6463120579719543,0.2625274658203125,0.348874568939209,2
seg+pos,"(1.5, 20.0, 0.3, 0.3)",0.6635877192020416,0.20150303840637207,0.20403587818145752,2
seg+pos,"(1.5, 20.0, 0.3, 0.3)",0.6634958982467651,0.24983453750610352,0.13660693168640137,2
seg+pos,"(1.5, 20.0, 0.3, 0.3)",0.6832793653011322,0.21156322956085205,0.20411217212677002,2
seg+pos,"(1.5, 20.0, 0.3, 0.3)",0.6926407814025879,0.27969735860824585,0.25409936904907227,2
seg+pos,"(1.5, 20.0, 0.3, 0.3)",0.6803710162639618,0.24115866422653198,0.2494875192642212,2
seg+pos,"(1.5, 20.0, 0.3, 0.3)",0.6317591071128845,0.18764662742614746,0.1930992603302002,2
seg+pos,"(1.5, 20.0, 0.3, 0.3)",0.6645404696464539,0.21194851398468018,0.274471640586853,2
seg+pos,"(1.5, 20.0, 0.3, 0.3)",0.6740188300609589,0.21844631433486938,0.23912394046783447,2
seg+pos,"(1.5, 20.0, 0.3, 0.3)",0.7379501760005951,0.16275280714035034,0.09418880939483643,2
seg+pos,"(1.5, 20.0, 0.3, 0.3)",0.6786321401596069,0.33901557326316833,0.36955761909484863,2
seg+pos,"(1.5, 20.0, 0.3, 0.3)",0.6586237847805023,0.16828173398971558,0.2957325577735901,2
seg+pos,"(1.5, 20.0, 0.3, 0.3)",0.7347049415111542,0.22248023748397827,0.1178508996963501,2
seg+pos,"(1.5, 20.0, 0.3, 0.3)",0.6694234013557434,0.17671722173690796,0.1765308380126953,2
seg+pos,"(1.5, 20.0, 0.3, 0.3)",0.6998834609985352,0.22860068082809448,0.14538180828094482,2
seg+pos,"(1.5, 20.0, 0.3, 0.3)",0.6657783389091492,0.27673977613449097,0.34610068798065186,2
seg+pos,"(1.5, 20.0, 0.3, 0.6)",0.6541953086853027,0.192782461643219,0.02962791919708252,2
seg+pos,"(1.5, 20.0, 0.3, 0.6)",0.7020712792873383,0.18908977508544922,0.023071765899658203,2
seg+pos,"(1.5, 20.0, 0.3, 0.6)",0.6663515567779541,0.26661354303359985,0.125404953956604,2
seg+pos,"(1.5, 20.0, 0.3, 0.6)",0.6506531834602356,0.26099133491516113,0.21872162818908691,2
seg+pos,"(1.5, 20.0, 0.3, 0.6)",0.6721233129501343,0.18316566944122314,0.027881741523742676,2
seg+pos,"(1.5, 20.0, 0.3, 0.6)",0.6647531092166901,0.16749733686447144,0.0712963342666626,2
seg+pos,"(1.5, 20.0, 0.3, 0.6)",0.6506776511669159,0.22631269693374634,0.08760726451873779,2
seg+pos,"(1.5, 20.0, 0.3, 0.6)",0.6318584680557251,0.2170690894126892,0.10319805145263672,2
seg+pos,"(1.5, 20.0, 0.3, 0.6)",0.7231444418430328,0.2814785838127136,0.13275611400604248,2
seg+pos,"(1.5, 20.0, 0.3, 0.6)",0.6532195806503296,0.26003772020339966,0.11377537250518799,2
seg+pos,"(1.5, 20.0, 0.3, 0.6)",0.6818356812000275,0.19072824716567993,0.09061729907989502,2
seg+pos,"(1.5, 20.0, 0.3, 0.6)",0.6568012237548828,0.1662348508834839,0.08075451850891113,2
seg+pos,"(1.5, 20.0, 0.3, 0.6)",0.7056419253349304,0.25249773263931274,0.21325922012329102,2
seg+pos,"(1.5, 20.0, 0.3, 0.6)",0.689210832118988,0.2339661717414856,0.1561192274093628,2
seg+pos,"(1.5, 20.0, 0.3, 0.6)",0.6887038350105286,0.24813467264175415,0.17311346530914307,2
seg+pos,"(1.5, 20.0, 0.3, -0.3)",0.655164361000061,0.24687892198562622,0.3931117057800293,2
seg+pos,"(1.5, 20.0, 0.3, -0.3)",0.7078429460525513,0.19299083948135376,0.2867558002471924,2
seg+pos,"(1.5, 20.0, 0.3, -0.3)",0.6806588172912598,0.17218714952468872,0.3007166385650635,2
seg+pos,"(1.5, 20.0, 0.3, -0.3)",0.7130022644996643,0.26173317432403564,0.47517073154449463,2
seg+pos,"(1.5, 20.0, 0.3, -0.3)",0.6803073585033417,0.32334643602371216,0.6282726526260376,2
seg+pos,"(1.5, 20.0, 0.3, -0.3)",0.6895640790462494,0.23957914113998413,0.47860217094421387,2
seg+pos,"(1.5, 20.0, 0.3, -0.3)",0.7099509835243225,0.24223482608795166,0.49478232860565186,2
seg+pos,"(1.5, 20.0, 0.3, -0.3)",0.6465825140476227,0.1951109766960144,0.34932684898376465,2
seg+pos,"(1.5, 20.0, 0.3, -0.3)",0.674852192401886,0.1778419017791748,0.2716653347015381,2
seg+pos,"(1.5, 20.0, 0.3, -0.3)",0.6205771863460541,0.11567676067352295,0.2410358190536499,2
seg+pos,"(1.5, 20.0, 0.3, -0.3)",0.6703310608863831,0.19150716066360474,0.30187463760375977,2
seg+pos,"(1.5, 20.0, 0.3, -0.3)",0.691906601190567,0.20992863178253174,0.319385290145874,2
seg+pos,"(1.5, 20.0, 0.3, -0.3)",0.6311427056789398,0.17797428369522095,0.31304049491882324,2
seg+pos,"(1.5, 20.0, 0.3, -0.3)",0.6535188853740692,0.2335330843925476,0.41606616973876953,2
seg+pos,"(1.5, 20.0, 0.3, -0.3)",0.6499107182025909,0.2709607481956482,0.44365930557250977,2
seg+pos,"(1.5, 20.0, 0.7, 0.0)",0.47047027945518494,0.019782185554504395,0.003773927688598633,2
seg+pos,"(1.5, 20.0, 0.7, 0.0)",0.4378559738397598,0.08721297979354858,0.1843576431274414,2
seg+pos,"(1.5, 20.0, 0.7, 0.0)",0.45230498909950256,0.0342976450920105,0.010170698165893555,2
seg+pos,"(1.5, 20.0, 0.7, 0.0)",0.46823054552078247,0.07126778364181519,0.12229931354522705,2
seg+pos,"(1.5, 20.0, 0.7, 0.0)",0.4402204602956772,0.06307882070541382,0.08411478996276855,2
seg+pos,"(1.5, 20.0, 0.7, 0.0)",0.4895942509174347,0.052426934242248535,0.027339458465576172,2
seg+pos,"(1.5, 20.0, 0.7, 0.0)",0.4374200254678726,0.051676392555236816,0.0077887773513793945,2
seg+pos,"(1.5, 20.0, 0.7, 0.0)",0.450838565826416,0.0883331298828125,0.10524129867553711,2
seg+pos,"(1.5, 20.0, 0.7, 0.0)",0.43526022136211395,0.057970523834228516,0.11120080947875977,2
seg+pos,"(1.5, 20.0, 0.7, 0.0)",0.443759560585022,0.006357133388519287,0.054438114166259766,2
seg+pos,"(1.5, 20.0, 0.7, 0.0)",0.47179633378982544,0.05899810791015625,0.011266946792602539,2
seg+pos,"(1.5, 20.0, 0.7, 0.0)",0.4390397071838379,0.040868937969207764,0.05598258972167969,2
seg+pos,"(1.5, 20.0, 0.7, 0.0)",0.43478935956954956,0.09183686971664429,0.1702289581298828,2
seg+pos,"(1.5, 20.0, 0.7, 0.0)",0.454476535320282,0.09623086452484131,0.19923412799835205,2
seg+pos,"(1.5, 20.0, 0.7, 0.0)",0.4418110102415085,0.06389373540878296,0.0361175537109375,2
seg+pos,"(1.5, 20.0, 0.7, 0.3)",0.47043609619140625,0.05081474781036377,0.07976806163787842,2
seg+pos,"(1.5, 20.0, 0.7, 0.3)",0.4613305926322937,0.05008882284164429,0.09919369220733643,2
seg+pos,"(1.5, 20.0, 0.7, 0.3)",0.4226743131875992,0.05711638927459717,0.053140997886657715,2
seg+pos,"(1.5, 20.0, 0.7, 0.3)",0.44726352393627167,0.032318949699401855,0.0051566362380981445,2
seg+pos,"(1.5, 20.0, 0.7, 0.3)",0.4156413972377777,0.08354288339614868,0.15191030502319336,2
seg+pos,"(1.5, 20.0, 0.7, 0.3)",0.40738874673843384,0.05404895544052124,0.09169411659240723,2
seg+pos,"(1.5, 20.0, 0.7, 0.3)",0.441925510764122,0.080322265625,0.0521625280380249,2
seg+pos,"(1.5, 20.0, 0.7, 0.3)",0.45126283168792725,0.055628299713134766,0.0771249532699585,2
seg+pos,"(1.5, 20.0, 0.7, 0.3)",0.40480832755565643,0.10278356075286865,0.11628282070159912,2
seg+pos,"(1.5, 20.0, 0.7, 0.3)",0.420052707195282,0.06530821323394775,0.022480249404907227,2
seg+pos,"(1.5, 20.0, 0.7, 0.3)",0.4752611815929413,0.03919398784637451,0.029394149780273438,2
seg+pos,"(1.5, 20.0, 0.7, 0.3)",0.4890393316745758,0.0361136794090271,0.05120658874511719,2
seg+pos,"(1.5, 20.0, 0.7, 0.3)",0.4505016952753067,0.01427072286605835,0.028066635131835938,2
seg+pos,"(1.5, 20.0, 0.7, 0.3)",0.4634115695953369,0.06297367811203003,0.09385788440704346,2
seg+pos,"(1.5, 20.0, 0.7, 0.3)",0.3896034508943558,0.04108762741088867,0.0840679407119751,2
seg+pos,"(1.5, 20.0, 0.7, 0.6)",0.44682496786117554,0.0803229808807373,0.03946661949157715,2
seg+pos,"(1.5, 20.0, 0.7, 0.6)",0.46448639035224915,0.06264269351959229,0.06786227226257324,2
seg+pos,"(1.5, 20.0, 0.7, 0.6)",0.46305783092975616,0.050194740295410156,0.11246156692504883,2
seg+pos,"(1.5, 20.0, 0.7, 0.6)",0.4426543414592743,0.03378242254257202,0.02612602710723877,2
seg+pos,"(1.5, 20.0, 0.7, 0.6)",0.48906663060188293,0.08849531412124634,0.028802871704101562,2
seg+pos,"(1.5, 20.0, 0.7, 0.6)",0.42757491767406464,0.06219261884689331,0.0686713457107544,2
seg+pos,"(1.5, 20.0, 0.7, 0.6)",0.43892620503902435,0.048195481300354004,0.04398322105407715,2
seg+pos,"(1.5, 20.0, 0.7, 0.6)",0.4934832751750946,0.0663788914680481,0.0064296722412109375,2
seg+pos,"(1.5, 20.0, 0.7, 0.6)",0.4501330852508545,0.017755568027496338,0.003074049949645996,2
seg+pos,"(1.5, 20.0, 0.7, 0.6)",0.446397989988327,0.0819212794303894,0.11239516735076904,2
seg+pos,"(1.5, 20.0, 0.7, 0.6)",0.4436996728181839,0.0637877881526947,0.011113643646240234,2
seg+pos,"(1.5, 20.0, 0.7, 0.6)",0.4458281993865967,0.033892035484313965,0.06980347633361816,2
seg+pos,"(1.5, 20.0, 0.7, 0.6)",0.45425328612327576,0.024288594722747803,0.06337094306945801,2
seg+pos,"(1.5, 20.0, 0.7, 0.6)",0.4701778143644333,0.06651347875595093,0.008131146430969238,2
seg+pos,"(1.5, 20.0, 0.7, 0.6)",0.39736270904541016,0.014696717262268066,0.05347084999084473,2
seg+pos,"(1.5, 20.0, 0.7, -0.3)",0.48357613384723663,0.019577622413635254,0.11066102981567383,2
seg+pos,"(1.5, 20.0, 0.7, -0.3)",0.4595966041088104,0.08896368741989136,0.17133283615112305,2
seg+pos,"(1.5, 20.0, 0.7, -0.3)",0.45135486125946045,0.03736770153045654,0.0547177791595459,2
seg+pos,"(1.5, 20.0, 0.7, -0.3)",0.43666495382785797,0.09334731101989746,0.14855098724365234,2
seg+pos,"(1.5, 20.0, 0.7, -0.3)",0.4723547697067261,0.022899866104125977,0.01686716079711914,2
seg+pos,"(1.5, 20.0, 0.7, -0.3)",0.4489119350910187,0.08413070440292358,0.12336421012878418,2
seg+pos,"(1.5, 20.0, 0.7, -0.3)",0.43337486684322357,0.0949012041091919,0.17884182929992676,2
seg+pos,"(1.5, 20.0, 0.7, -0.3)",0.4844381660223007,0.057190895080566406,0.09089279174804688,2
seg+pos,"(1.5, 20.0, 0.7, -0.3)",0.46901485323905945,0.01866626739501953,0.04260683059692383,2
seg+pos,"(1.5, 20.0, 0.7, -0.3)",0.40703313052654266,0.049936115741729736,0.04361557960510254,2
seg+pos,"(1.5, 20.0, 0.7, -0.3)",0.4734470248222351,0.03885495662689209,0.1487593650817871,2
seg+pos,"(1.5, 20.0, 0.7, -0.3)",0.4348924458026886,0.03183811902999878,0.010947227478027344,2
seg+pos,"(1.5, 20.0, 0.7, -0.3)",0.4318426251411438,0.03196084499359131,0.02868366241455078,2
seg+pos,"(1.5, 20.0, 0.7, -0.3)",0.44234099984169006,0.08768481016159058,0.173675537109375,2
seg+pos,"(1.5, 20.0, 0.7, -0.3)",0.47832512855529785,0.09787601232528687,0.15215206146240234,2
seg+pos,"(3.0, 8.0, 0.3, 0.0)",1.5625150203704834,0.7156033515930176,1.2198631763458252,2
seg+pos,"(3.0, 8.0, 0.3, 0.0)",1.510589838027954,0.735447883605957,0.9208893775939941,2
seg+pos,"(3.0, 8.0, 0.3, 0.0)",1.5128871202468872,0.7280102968215942,1.018235206604004,2
seg+pos,"(3.0, 8.0, 0.3, 0.0)",1.5444270372390747,0.7443432807922363,1.2577815055847168,2
seg+pos,"(3.0, 8.0, 0.3, 0.0)",1.5228713154792786,0.6836203336715698,1.0463769435882568,2
seg+pos,"(3.0, 8.0, 0.3, 0.0)",1.559410274028778,0.7474055290222168,1.0368776321411133,2
seg+pos,"(3.0, 8.0, 0.3, 0.0)",1.5773515105247498,0.7083170413970947,1.0898234844207764,2
seg+pos,"(3.0, 8.0, 0.3, 0.0)",1.5245147943496704,0.741965651512146,1.056307315826416,2
seg+pos,"(3.0, 8.0, 0.3, 0.0)",1.5531317591667175,0.7777674198150635,1.1630327701568604,2
seg+pos,"(3.0, 8.0, 0.3, 0.0)",1.51553213596344,0.7437491416931152,0.863701343536377,2
seg+pos,"(3.0, 8.0, 0.3, 0.0)",1.5737320184707642,0.6980234384536743,1.0327837467193604,2
seg+pos,"(3.0, 8.0, 0.3, 0.0)",1.5205432176589966,0.6849273443222046,1.0973429679870605,2
seg+pos,"(3.0, 8.0, 0.3, 0.0)",1.492826759815216,0.6435254812240601,0.8247427940368652,2
seg+pos,"(3.0, 8.0, 0.3, 0.0)",1.5200290083885193,0.8036271333694458,1.003607988357544,2
seg+pos,"(3.0, 8.0, 0.3, 0.0)",1.5395463705062866,0.7340952157974243,1.0340235233306885,2
seg+pos,"(3.0, 8.0, 0.3, 0.3)",1.532009482383728,0.6174898147583008,0.7552175521850586,2
seg+pos,"(3.0, 8.0, 0.3, 0.3)",1.481550395488739,0.6600422859191895,0.8034300804138184,2
seg+pos,"(3.0, 8.0, 0.3, 0.3)",1.588555097579956,0.9536517858505249,0.9625742435455322,2
seg+pos,"(3.0, 8.0, 0.3, 0.3)",1.4466278553009033,0.5784920454025269,0.8444194793701172,2
seg+pos,"(3.0, 8.0, 0.3, 0.3)",1.5633302330970764,0.8219563364982605,1.0003917217254639,2
seg+pos,"(3.0, 8.0, 0.3, 0.3)",1.4702641367912292,0.6158620119094849,0.8429975509643555,2
seg+pos,"(3.0, 8.0, 0.3, 0.3)",1.6088451147079468,0.870113730430603,0.8960425853729248,2
seg+pos,"(3.0, 8.0, 0.3, 0.3)",1.4879537224769592,0.7025662660598755,0.9263529777526855,2
seg+pos,"(3.0, 8.0, 0.3, 0.3)",1.5084117650985718,0.6415172815322876,0.9109766483306885,2
seg+pos,"(3.0, 8.0, 0.3, 0.3)",1.5377430319786072,0.7304627895355225,0.8352181911468506,2
seg+pos,"(3.0, 8.0, 0.3, 0.3)",1.5272840857505798,0.6473298072814941,0.8142151832580566,2
seg+pos,"(3.0, 8.0, 0.3, 0.3)",1.5416705012321472,0.836558997631073,0.8992063999176025,2
seg+pos,"(3.0, 8.0, 0.3, 0.3)",1.5364208221435547,0.7222403287887573,0.9131908416748047,2
seg+pos,"(3.0, 8.0, 0.3, 0.3)",1.5667836666107178,0.6615110635757446,0.785947322845459,2
seg+pos,"(3.0, 8.0, 0.3, 0.3)",1.562507152557373,0.8383855223655701,0.8430163860321045,2
seg+pos,"(3.0, 8.0, 0.3, 0.6)",1.5843883752822876,0.7777231931686401,0.5333681106567383,2
seg+pos,"(3.0, 8.0, 0.3, 0.6)",1.5562492609024048,0.6811660528182983,0.49950432777404785,2
seg+pos,"(3.0, 8.0, 0.3, 0.6)",1.557594895362854,0.7096861600875854,0.5365605354309082,2
seg+pos,"(3.0, 8.0, 0.3, 0.6)",1.5230461359024048,0.5713294744491577,0.7030184268951416,2
seg+pos,"(3.0, 8.0, 0.3, 0.6)",1.6111136078834534,0.9280414581298828,0.7735857963562012,2
seg+pos,"(3.0, 8.0, 0.3, 0.6)",1.5789055228233337,0.7541877031326294,0.6108250617980957,2
seg+pos,"(3.0, 8.0, 0.3, 0.6)",1.543405294418335,0.6961489915847778,0.6670935153961182,2
seg+pos,"(3.0, 8.0, 0.3, 0.6)",1.5415037870407104,0.8267099261283875,0.6017450094223022,2
seg+pos,"(3.0, 8.0, 0.3, 0.6)",1.5268508195877075,0.7949597239494324,0.6479628086090088,2
seg+pos,"(3.0, 8.0, 0.3, 0.6)",1.510513424873352,0.7039507627487183,0.6417146921157837,2
seg+pos,"(3.0, 8.0, 0.3, 0.6)",1.5429282188415527,0.6562621593475342,0.5403125286102295,2
seg+pos,"(3.0, 8.0, 0.3, 0.6)",1.501901924610138,0.7173216342926025,0.6627635955810547,2
seg+pos,"(3.0, 8.0, 0.3, 0.6)",1.5166213512420654,0.6797972917556763,0.6895776987075806,2
seg+pos,"(3.0, 8.0, 0.3, 0.6)",1.6043177843093872,0.7157728672027588,0.28513145446777344,2
seg+pos,"(3.0, 8.0, 0.3, 0.6)",1.5600758790969849,0.7053927183151245,0.5536456108093262,2
seg+pos,"(3.0, 8.0, 0.3, -0.3)",1.4938368797302246,0.7338255643844604,1.2480030059814453,2
seg+pos,"(3.0, 8.0, 0.3, -0.3)",1.5792062878608704,0.6738449335098267,1.0507385730743408,2
seg+pos,"(3.0, 8.0, 0.3, -0.3)",1.50003319978714,0.7454622387886047,1.1670544147491455,2
seg+pos,"(3.0, 8.0, 0.3, -0.3)",1.4811916947364807,0.7218666076660156,1.2623710632324219,2
seg+pos,"(3.0, 8.0, 0.3, -0.3)",1.5311129093170166,0.7394238710403442,1.1438052654266357,2
seg+pos,"(3.0, 8.0, 0.3, -0.3)",1.5347639918327332,0.7893158197402954,1.1574547290802002,2
seg+pos,"(3.0, 8.0, 0.3, -0.3)",1.5887698531150818,0.7712281942367554,1.352839469909668,2
seg+pos,"(3.0, 8.0, 0.3, -0.3)",1.539886713027954,0.7214556932449341,1.02400541305542,2
seg+pos,"(3.0, 8.0, 0.3, -0.3)",1.4941825866699219,0.732135534286499,1.203739881515503,2
seg+pos,"(3.0, 8.0, 0.3, -0.3)",1.532990038394928,0.8632010221481323,1.6096649169921875,2
seg+pos,"(3.0, 8.0, 0.3, -0.3)",1.5899832248687744,0.8007407188415527,1.327852725982666,2
seg+pos,"(3.0, 8.0, 0.3, -0.3)",1.4924387335777283,0.7114037275314331,1.165123701095581,2
seg+pos,"(3.0, 8.0, 0.3, -0.3)",1.5091115236282349,0.7900245189666748,1.219449520111084,2
seg+pos,"(3.0, 8.0, 0.3, -0.3)",1.605141282081604,0.8294630646705627,1.5037553310394287,2
seg+pos,"(3.0, 8.0, 0.3, -0.3)",1.5201202034950256,0.6112852096557617,1.192763090133667,2
seg+pos,"(3.0, 8.0, 0.7, 0.0)",1.0693888068199158,0.3454420566558838,0.4269886016845703,2
seg+pos,"(3.0, 8.0, 0.7, 0.0)",1.0987587571144104,0.28602731227874756,0.4368741512298584,2
seg+pos,"(3.0, 8.0, 0.7, 0.0)",1.0572083592414856,0.37728583812713623,0.4908628463745117,2
seg+pos,"(3.0, 8.0, 0.7, 0.0)",1.1496241092681885,0.4715346097946167,0.5591082572937012,2
seg+pos,"(3.0, 8.0, 0.7, 0.0)",1.1657224893569946,0.3994152545928955,0.38594627380371094,2
seg+pos,"(3.0, 8.0, 0.7, 0.0)",1.0970908403396606,0.3712158203125,0.6056640148162842,2
seg+pos,"(3.0, 8.0, 0.7, 0.0)",1.0789394974708557,0.37606656551361084,0.5159881114959717,2
seg+pos,"(3.0, 8.0, 0.7, 0.0)",1.0740176439285278,0.33467018604278564,0.5275437831878662,2
seg+pos,"(3.0, 8.0, 0.7, 0.0)",1.0915849208831787,0.3901534080505371,0.500023603439331,2
seg+pos,"(3.0, 8.0, 0.7, 0.0)",1.0405279397964478,0.32447075843811035,0.5261590480804443,2
seg+pos,"(3.0, 8.0, 0.7, 0.0)",1.0909376740455627,0.334964394569397,0.49924397468566895,2
seg+pos,"(3.0, 8.0, 0.7, 0.0)",1.1068907976150513,0.33956027030944824,0.7731242179870605,2
seg+pos,"(3.0, 8.0, 0.7, 0.0)",1.0813576579093933,0.3395421504974365,0.4542222023010254,2
seg+pos,"(3.0, 8.0, 0.7, 0.0)",1.0714826583862305,0.3051161766052246,0.29248046875,2
seg+pos,"(3.0, 8.0, 0.7, 0.0)",1.0739038586616516,0.38139593601226807,0.6691632270812988,2
seg+pos,"(3.0, 8.0, 0.7, 0.3)",1.0043486952781677,0.32610130310058594,0.4187009334564209,2
seg+pos,"(3.0, 8.0, 0.7, 0.3)",1.078993320465088,0.3548506498336792,0.3654146194458008,2
seg+pos,"(3.0, 8.0, 0.7, 0.3)",1.0565792918205261,0.32375144958496094,0.47583937644958496,2
seg+pos,"(3.0, 8.0, 0.7, 0.3)",1.1068676710128784,0.2741149663925171,0.28263258934020996,2
seg+pos,"(3.0, 8.0, 0.7, 0.3)",1.0707879066467285,0.26824069023132324,0.25562167167663574,2
seg+pos,"(3.0, 8.0, 0.7, 0.3)",1.0993732213974,0.3404756784439087,0.2979121208190918,2
seg+pos,"(3.0, 8.0, 0.7, 0.3)",1.1470730304718018,0.3382054567337036,0.4234280586242676,2
seg+pos,"(3.0, 8.0, 0.7, 0.3)",1.0425965785980225,0.3074195384979248,0.33118176460266113,2
seg+pos,"(3.0, 8.0, 0.7, 0.3)",1.1567883491516113,0.4421563148498535,0.35222673416137695,2
seg+pos,"(3.0, 8.0, 0.7, 0.3)",1.0410813093185425,0.30296850204467773,0.3222987651824951,2
seg+pos,"(3.0, 8.0, 0.7, 0.3)",1.1021687984466553,0.30761444568634033,0.49726438522338867,2
seg+pos,"(3.0, 8.0, 0.7, 0.3)",1.0259117484092712,0.3361159563064575,0.3945310115814209,2
seg+pos,"(3.0, 8.0, 0.7, 0.3)",1.0772981643676758,0.29680049419403076,0.3494448661804199,2
seg+pos,"(3.0, 8.0, 0.7, 0.3)",1.038756549358368,0.31890571117401123,0.4232027530670166,2
seg+pos,"(3.0, 8.0, 0.7, 0.3)",1.1409937739372253,0.3875250816345215,0.30973076820373535,2
seg+pos,"(3.0, 8.0, 0.7, 0.6)",1.1721321940422058,0.2668689489364624,0.15658044815063477,2
seg+pos,"(3.0, 8.0, 0.7, 0.6)",1.064923644065857,0.401904821395874,0.19448137283325195,2
seg+pos,"(3.0, 8.0, 0.7, 0.6)",1.1346663236618042,0.2943141460418701,0.1723935604095459,2
seg+pos,"(3.0, 8.0, 0.7, 0.6)",1.0260198712348938,0.3000328540802002,0.15575361251831055,2
seg+pos,"(3.0, 8.0, 0.7, 0.6)",1.0946285724639893,0.31944429874420166,0.17396068572998047,2
seg+pos,"(3.0, 8.0, 0.7, 0.6)",1.0668143033981323,0.30564236640930176,0.20159673690795898,2
seg+pos,"(3.0, 8.0, 0.7, 0.6)",1.061077356338501,0.2698770761489868,0.16667842864990234,2
seg+pos,"(3.0, 8.0, 0.7, 0.6)",1.1694750785827637,0.2978874444961548,0.1578965187072754,2
seg+pos,"(3.0, 8.0, 0.7, 0.6)",1.060169905424118,0.27982771396636963,0.14757537841796875,2
seg+pos,"(3.0, 8.0, 0.7, 0.6)",0.9716733694076538,0.25762176513671875,0.16209077835083008,2
seg+pos,"(3.0, 8.0, 0.7, 0.6)",1.1570737957954407,0.3216373920440674,0.3641479015350342,2
seg+pos,"(3.0, 8.0, 0.7, 0.6)",1.0219109654426575,0.2538348436355591,0.268951416015625,2
seg+pos,"(3.0, 8.0, 0.7, 0.6)",1.1202938556671143,0.2878793478012085,0.15903568267822266,2
seg+pos,"(3.0, 8.0, 0.7, 0.6)",1.0807483196258545,0.32125353813171387,0.2793145179748535,2
seg+pos,"(3.0, 8.0, 0.7, 0.6)",1.1286023259162903,0.4258040189743042,0.22722172737121582,2
seg+pos,"(3.0, 8.0, 0.7, -0.3)",1.0505374670028687,0.32536983489990234,0.715778112411499,2
seg+pos,"(3.0, 8.0, 0.7, -0.3)",1.0192914307117462,0.2533665895462036,0.35748291015625,2
seg+pos,"(3.0, 8.0, 0.7, -0.3)",1.0226140022277832,0.2518641948699951,0.2919578552246094,2
seg+pos,"(3.0, 8.0, 0.7, -0.3)",1.1013818383216858,0.32296788692474365,0.6482501029968262,2
seg+pos,"(3.0, 8.0, 0.7, -0.3)",1.0669068694114685,0.3726159334182739,0.6882832050323486,2
seg+pos,"(3.0, 8.0, 0.7, -0.3)",1.0682632327079773,0.3116428852081299,0.5656733512878418,2
seg+pos,"(3.0, 8.0, 0.7, -0.3)",1.1193583011627197,0.34867310523986816,0.45514535903930664,2
seg+pos,"(3.0, 8.0, 0.7, -0.3)",1.0511896014213562,0.27733445167541504,0.40643310546875,2
seg+pos,"(3.0, 8.0, 0.7, -0.3)",1.121837854385376,0.3865135908126831,0.7386274337768555,2
seg+pos,"(3.0, 8.0, 0.7, -0.3)",1.0809067487716675,0.3513035774230957,0.5548639297485352,2
seg+pos,"(3.0, 8.0, 0.7, -0.3)",1.117879867553711,0.3216254711151123,0.47181081771850586,2
seg+pos,"(3.0, 8.0, 0.7, -0.3)",1.0914105772972107,0.30324292182922363,0.4266486167907715,2
seg+pos,"(3.0, 8.0, 0.7, -0.3)",1.0640057921409607,0.38611292839050293,0.6668856143951416,2
seg+pos,"(3.0, 8.0, 0.7, -0.3)",1.0126012563705444,0.3845372200012207,0.7049028873443604,2
seg+pos,"(3.0, 8.0, 0.7, -0.3)",1.0755575895309448,0.22437763214111328,0.2943272590637207,2
seg+pos,"(3.0, 20.0, 0.3, 0.0)",1.2080241441726685,0.3495030403137207,0.5027589797973633,2
seg+pos,"(3.0, 20.0, 0.3, 0.0)",1.2358588576316833,0.3939119577407837,0.5430777072906494,2
seg+pos,"(3.0, 20.0, 0.3, 0.0)",1.2848947644233704,0.4449690580368042,0.640984296798706,2
seg+pos,"(3.0, 20.0, 0.3, 0.0)",1.2683727145195007,0.4263066053390503,0.6481080055236816,2
seg+pos,"(3.0, 20.0, 0.3, 0.0)",1.1982583403587341,0.365763783454895,0.6000721454620361,2
seg+pos,"(3.0, 20.0, 0.3, 0.0)",1.1778535842895508,0.374530553817749,0.4703190326690674,2
seg+pos,"(3.0, 20.0, 0.3, 0.0)",1.1996220350265503,0.3916454315185547,0.6682353019714355,2
seg+pos,"(3.0, 20.0, 0.3, 0.0)",1.2844379544258118,0.3684147596359253,0.5193588733673096,2
seg+pos,"(3.0, 20.0, 0.3, 0.0)",1.241927683353424,0.48117387294769287,0.5699725151062012,2
seg+pos,"(3.0, 20.0, 0.3, 0.0)",1.20574152469635,0.4343986511230469,0.6372425556182861,2
seg+pos,"(3.0, 20.0, 0.3, 0.0)",1.2332358360290527,0.39120233058929443,0.7257676124572754,2
seg+pos,"(3.0, 20.0, 0.3, 0.0)",1.2933638095855713,0.4935741424560547,0.5960817337036133,2
seg+pos,"(3.0, 20.0, 0.3, 0.0)",1.2351237535476685,0.4060366153717041,0.5365314483642578,2
seg+pos,"(3.0, 20.0, 0.3, 0.0)",1.2672922611236572,0.4351968765258789,0.7304947376251221,2
seg+pos,"(3.0, 20.0, 0.3, 0.0)",1.2488602995872498,0.45047926902770996,0.6309983730316162,2
seg+pos,"(3.0, 20.0, 0.3, 0.3)",1.2544308304786682,0.490001916885376,0.6578567028045654,2
seg+pos,"(3.0, 20.0, 0.3, 0.3)",1.2705606818199158,0.47730159759521484,0.49852752685546875,2
seg+pos,"(3.0, 20.0, 0.3, 0.3)",1.183137595653534,0.5252165794372559,0.5431065559387207,2
seg+pos,"(3.0, 20.0, 0.3, 0.3)",1.2393682599067688,0.5871303081512451,0.4796028137207031,2
seg+pos,"(3.0, 20.0, 0.3, 0.3)",1.2142192125320435,0.43497955799102783,0.5036532878875732,2
seg+pos,"(3.0, 20.0, 0.3, 0.3)",1.2503520846366882,0.46451425552368164,0.5226635932922363,2
seg+pos,"(3.0, 20.0, 0.3, 0.3)",1.2603055238723755,0.4017152786254883,0.4525876045227051,2
seg+pos,"(3.0, 20.0, 0.3, 0.3)",1.207397222518921,0.3771789073944092,0.563610315322876,2
seg+pos,"(3.0, 20.0, 0.3, 0.3)",1.173074722290039,0.3286898136138916,0.4008510112762451,2
seg+pos,"(3.0, 20.0, 0.3, 0.3)",1.1795486807823181,0.3601360321044922,0.5609464645385742,2
seg+pos,"(3.0, 20.0, 0.3, 0.3)",1.2380237579345703,0.4306480884552002,0.3377516269683838,2
seg+pos,"(3.0, 20.0, 0.3, 0.3)",1.2761127948760986,0.4203265905380249,0.5751407146453857,2
seg+pos,"(3.0, 20.0, 0.3, 0.3)",1.269321322441101,0.3940495252609253,0.4524047374725342,2
seg+pos,"(3.0, 20.0, 0.3, 0.3)",1.2165151238441467,0.4699375629425049,0.5054664611816406,2
seg+pos,"(3.0, 20.0, 0.3, 0.3)",1.2059599161148071,0.43116533756256104,0.32204437255859375,2
seg+pos,"(3.0, 20.0, 0.3, 0.6)",1.1527177691459656,0.28122925758361816,0.19328856468200684,2
seg+pos,"(3.0, 20.0, 0.3, 0.6)",1.249271810054779,0.4287552833557129,0.20670795440673828,2
seg+pos,"(3.0, 20.0, 0.3, 0.6)",1.1822643876075745,0.3716844320297241,0.3122901916503906,2
seg+pos,"(3.0, 20.0, 0.3, 0.6)",1.2505320310592651,0.47299957275390625,0.37191247940063477,2
seg+pos,"(3.0, 20.0, 0.3, 0.6)",1.1603776812553406,0.400154709815979,0.4995567798614502,2
seg+pos,"(3.0, 20.0, 0.3, 0.6)",1.172707200050354,0.3881347179412842,0.34107184410095215,2
seg+pos,"(3.0, 20.0, 0.3, 0.6)",1.1883695125579834,0.41927623748779297,0.39822936058044434,2
seg+pos,"(3.0, 20.0, 0.3, 0.6)",1.210890769958496,0.38171815872192383,0.2797541618347168,2
seg+pos,"(3.0, 20.0, 0.3, 0.6)",1.2973054647445679,0.505873441696167,0.3840830326080322,2
seg+pos,"(3.0, 20.0, 0.3, 0.6)",1.2059345245361328,0.3358337879180908,0.20448875427246094,2
seg+pos,"(3.0, 20.0, 0.3, 0.6)",1.2111546397209167,0.4186713695526123,0.16604113578796387,2
seg+pos,"(3.0, 20.0, 0.3, 0.6)",1.2614864110946655,0.4043853282928467,0.3213484287261963,2
seg+pos,"(3.0, 20.0, 0.3, 0.6)",1.2221150398254395,0.45295262336730957,0.295457124710083,2
seg+pos,"(3.0, 20.0, 0.3, 0.6)",1.206355333328247,0.4779437780380249,0.358440637588501,2
seg+pos,"(3.0, 20.0, 0.3, 0.6)",1.2009145617485046,0.40949928760528564,0.24337124824523926,2
seg+pos,"(3.0, 20.0, 0.3, -0.3)",1.1813966631889343,0.33840394020080566,0.5038280487060547,2
seg+pos,"(3.0, 20.0, 0.3, -0.3)",1.279552698135376,0.4539097547531128,0.8948421478271484,2
seg+pos,"(3.0, 20.0, 0.3, -0.3)",1.2040789127349854,0.43210291862487793,0.7535820007324219,2
seg+pos,"(3.0, 20.0, 0.3, -0.3)",1.178696870803833,0.3598853349685669,0.5926017761230469,2
seg+pos,"(3.0, 20.0, 0.3, -0.3)",1.2509921193122864,0.31792449951171875,0.4473228454589844,2
seg+pos,"(3.0, 20.0, 0.3, -0.3)",1.2309472560882568,0.4477825164794922,0.8048698902130127,2
seg+pos,"(3.0, 20.0, 0.3, -0.3)",1.1904157400131226,0.4002683162689209,0.5848140716552734,2
seg+pos,"(3.0, 20.0, 0.3, -0.3)",1.2718685269355774,0.41905248165130615,0.7375304698944092,2
seg+pos,"(3.0, 20.0, 0.3, -0.3)",1.1903566122055054,0.297365665435791,0.455538272857666,2
seg+pos,"(3.0, 20.0, 0.3, -0.3)",1.2398083806037903,0.41333210468292236,0.678105354309082,2
seg+pos,"(3.0, 20.0, 0.3, -0.3)",1.2447019815444946,0.4202648401260376,0.766657829284668,2
seg+pos,"(3.0, 20.0, 0.3, -0.3)",1.1828604340553284,0.3932676315307617,0.8504619598388672,2
seg+pos,"(3.0, 20.0, 0.3, -0.3)",1.2750256061553955,0.41336965560913086,0.7555942535400391,2
seg+pos,"(3.0, 20.0, 0.3, -0.3)",1.2378861904144287,0.38966691493988037,0.6618294715881348,2
seg+pos,"(3.0, 20.0, 0.3, -0.3)",1.202413558959961,0.40750598907470703,0.7604718208312988,2
seg+pos,"(3.0, 20.0, 0.7, 0.0)",0.7263458669185638,0.06657826900482178,0.24024057388305664,2
seg+pos,"(3.0, 20.0, 0.7, 0.0)",0.7661823034286499,0.11249542236328125,0.10916662216186523,2
seg+pos,"(3.0, 20.0, 0.7, 0.0)",0.7131533026695251,0.054756879806518555,0.08386468887329102,2
seg+pos,"(3.0, 20.0, 0.7, 0.0)",0.6841367185115814,0.04308891296386719,0.06166219711303711,2
seg+pos,"(3.0, 20.0, 0.7, 0.0)",0.6999627351760864,0.11490809917449951,0.18087530136108398,2
seg+pos,"(3.0, 20.0, 0.7, 0.0)",0.6948567032814026,0.09370172023773193,0.1587047576904297,2
seg+pos,"(3.0, 20.0, 0.7, 0.0)",0.7692680954933167,0.11350429058074951,0.18916749954223633,2
seg+pos,"(3.0, 20.0, 0.7, 0.0)",0.6982636451721191,0.07317554950714111,0.07943105697631836,2
seg+pos,"(3.0, 20.0, 0.7, 0.0)",0.6864161193370819,0.05449867248535156,0.3155238628387451,2
seg+pos,"(3.0, 20.0, 0.7, 0.0)",0.6732448041439056,0.09709393978118896,0.13105273246765137,2
seg+pos,"(3.0, 20.0, 0.7, 0.0)",0.7068330347537994,0.051509737968444824,0.10497236251831055,2
seg+pos,"(3.0, 20.0, 0.7, 0.0)",0.6761286854743958,0.06599652767181396,0.028552532196044922,2
seg+pos,"(3.0, 20.0, 0.7, 0.0)",0.6657428443431854,0.10534846782684326,0.14706134796142578,2
seg+pos,"(3.0, 20.0, 0.7, 0.0)",0.7240232527256012,0.06751632690429688,0.11140966415405273,2
seg+pos,"(3.0, 20.0, 0.7, 0.0)",0.7198700308799744,0.10429883003234863,0.09961795806884766,2
seg+pos,"(3.0, 20.0, 0.7, 0.3)",0.6919634342193604,0.12836265563964844,0.14052486419677734,2
seg+pos,"(3.0, 20.0, 0.7, 0.3)",0.7347801029682159,0.07292544841766357,0.015816450119018555,2
seg+pos,"(3.0, 20.0, 0.7, 0.3)",0.7310015261173248,0.08529198169708252,0.07097816467285156,2
seg+pos,"(3.0, 20.0, 0.7, 0.3)",0.7597193717956543,0.13283753395080566,0.11578750610351562,2
seg+pos,"(3.0, 20.0, 0.7, 0.3)",0.7122649252414703,0.11054396629333496,0.13160490989685059,2
seg+pos,"(3.0, 20.0, 0.7, 0.3)",0.7123214602470398,0.08448481559753418,0.21944880485534668,2
seg+pos,"(3.0, 20.0, 0.7, 0.3)",0.7309154272079468,0.07770395278930664,0.08879899978637695,2
seg+pos,"(3.0, 20.0, 0.7, 0.3)",0.6715867519378662,0.10067415237426758,0.06761884689331055,2
seg+pos,"(3.0, 20.0, 0.7, 0.3)",0.7300782799720764,0.06499075889587402,0.08470344543457031,2
seg+pos,"(3.0, 20.0, 0.7, 0.3)",0.7087316513061523,0.03825664520263672,0.16134381294250488,2
seg+pos,"(3.0, 20.0, 0.7, 0.3)",0.6682970821857452,0.09826862812042236,0.04984879493713379,2
seg+pos,"(3.0, 20.0, 0.7, 0.3)",0.7520882487297058,0.1047748327255249,0.039368391036987305,2
seg+pos,"(3.0, 20.0, 0.7, 0.3)",0.7017915546894073,0.05009126663208008,0.00416874885559082,2
seg+pos,"(3.0, 20.0, 0.7, 0.3)",0.6961648464202881,0.08558285236358643,0.07633519172668457,2
seg+pos,"(3.0, 20.0, 0.7, 0.3)",0.6802669167518616,0.07762658596038818,0.1504955291748047,2
seg+pos,"(3.0, 20.0, 0.7, 0.6)",0.6875961422920227,0.06583869457244873,0.007527828216552734,2
seg+pos,"(3.0, 20.0, 0.7, 0.6)",0.6758902072906494,0.0602647066116333,0.02665257453918457,2
seg+pos,"(3.0, 20.0, 0.7, 0.6)",0.6824372112751007,0.032351136207580566,0.028321266174316406,2
seg+pos,"(3.0, 20.0, 0.7, 0.6)",0.586219310760498,0.08218204975128174,0.06894993782043457,2
seg+pos,"(3.0, 20.0, 0.7, 0.6)",0.6888405978679657,0.057358503341674805,0.04330754280090332,2
seg+pos,"(3.0, 20.0, 0.7, 0.6)",0.7153192162513733,0.09646892547607422,0.20776057243347168,2
seg+pos,"(3.0, 20.0, 0.7, 0.6)",0.6687110960483551,0.06947970390319824,0.04020571708679199,2
seg+pos,"(3.0, 20.0, 0.7, 0.6)",0.7252175807952881,0.16933012008666992,0.27678632736206055,2
seg+pos,"(3.0, 20.0, 0.7, 0.6)",0.7385234236717224,0.10065722465515137,0.036353111267089844,2
seg+pos,"(3.0, 20.0, 0.7, 0.6)",0.7046802043914795,0.053775668144226074,0.0325775146484375,2
seg+pos,"(3.0, 20.0, 0.7, 0.6)",0.6863447725772858,0.08196532726287842,0.07457995414733887,2
seg+pos,"(3.0, 20.0, 0.7, 0.6)",0.6752382814884186,0.09459233283996582,0.12252545356750488,2
seg+pos,"(3.0, 20.0, 0.7, 0.6)",0.7172916531562805,0.1075737476348877,0.10262560844421387,2
seg+pos,"(3.0, 20.0, 0.7, 0.6)",0.7461616098880768,0.04684257507324219,0.00032019615173339844,2
seg+pos,"(3.0, 20.0, 0.7, 0.6)",0.6961486339569092,0.11273133754730225,0.12285280227661133,2
seg+pos,"(3.0, 20.0, 0.7, -0.3)",0.7146872282028198,0.10243034362792969,0.1529064178466797,2
seg+pos,"(3.0, 20.0, 0.7, -0.3)",0.6941315531730652,0.04307985305786133,0.17209625244140625,2
seg+pos,"(3.0, 20.0, 0.7, -0.3)",0.7065450549125671,0.14534449577331543,0.23173189163208008,2
seg+pos,"(3.0, 20.0, 0.7, -0.3)",0.7168194353580475,0.09465253353118896,0.1658930778503418,2
seg+pos,"(3.0, 20.0, 0.7, -0.3)",0.7119787633419037,0.06626391410827637,0.11153173446655273,2
seg+pos,"(3.0, 20.0, 0.7, -0.3)",0.6839191317558289,0.10587203502655029,0.15593528747558594,2
seg+pos,"(3.0, 20.0, 0.7, -0.3)",0.6775815486907959,0.10811841487884521,0.18435382843017578,2
seg+pos,"(3.0, 20.0, 0.7, -0.3)",0.7028952538967133,0.1497035026550293,0.3532724380493164,2
seg+pos,"(3.0, 20.0, 0.7, -0.3)",0.6639033257961273,0.0696185827255249,0.058107852935791016,2
seg+pos,"(3.0, 20.0, 0.7, -0.3)",0.6684457361698151,0.07233333587646484,0.12951087951660156,2
seg+pos,"(3.0, 20.0, 0.7, -0.3)",0.6367354691028595,0.00844120979309082,0.04688835144042969,2
seg+pos,"(3.0, 20.0, 0.7, -0.3)",0.7591661810874939,0.06419479846954346,0.11357307434082031,2
seg+pos,"(3.0, 20.0, 0.7, -0.3)",0.6926409304141998,0.11737656593322754,0.21571683883666992,2
seg+pos,"(3.0, 20.0, 0.7, -0.3)",0.7190399169921875,0.07470071315765381,0.11099100112915039,2
seg+pos,"(3.0, 20.0, 0.7, -0.3)",0.6783814430236816,0.09964931011199951,0.15624141693115234,2
seg+pos+rms,"(1.5, 8.0, 0.3, 0.0)",0.8537229299545288,0.2871463894844055,0.3427234888076782,0
seg+pos+rms,"(1.5, 8.0, 0.3, 0.0)",0.8165652453899384,0.24098843336105347,0.2756901979446411,0
seg+pos+rms,"(1.5, 8.0, 0.3, 0.0)",0.8619600534439087,0.30389630794525146,0.5377923250198364,0
seg+pos+rms,"(1.5, 8.0, 0.3, 0.0)",0.8442690968513489,0.32255423069000244,0.38737523555755615,0
seg+pos+rms,"(1.5, 8.0, 0.3, 0.0)",0.8231713473796844,0.32784855365753174,0.39754045009613037,0
seg+pos+rms,"(1.5, 8.0, 0.3, 0.0)",0.8539707660675049,0.3850697875022888,0.4740431308746338,0
seg+pos+rms,"(1.5, 8.0, 0.3, 0.0)",0.827307939529419,0.3322386145591736,0.447892427444458,0
seg+pos+rms,"(1.5, 8.0, 0.3, 0.0)",0.8255049288272858,0.2869502902030945,0.4510277509689331,0
seg+pos+rms,"(1.5, 8.0, 0.3, 0.0)",0.8406225442886353,0.2764539122581482,0.3881373405456543,0
seg+pos+rms,"(1.5, 8.0, 0.3, 0.0)",0.8646838068962097,0.32091856002807617,0.3816547393798828,0
seg+pos+rms,"(1.5, 8.0, 0.3, 0.0)",0.8359800279140472,0.2558790445327759,0.4852343797683716,0
seg+pos+rms,"(1.5, 8.0, 0.3, 0.0)",0.8407590091228485,0.3000762462615967,0.5434600114822388,0
seg+pos+rms,"(1.5, 8.0, 0.3, 0.0)",0.8130587935447693,0.2961881756782532,0.4229675531387329,0
seg+pos+rms,"(1.5, 8.0, 0.3, 0.0)",0.8203935623168945,0.3620601296424866,0.5443974733352661,0
seg+pos+rms,"(1.5, 8.0, 0.3, 0.0)",0.8361152708530426,0.30457478761672974,0.40944838523864746,0
seg+pos+rms,"(1.5, 8.0, 0.3, 0.3)",0.8283264636993408,0.3129134178161621,0.3250911235809326,0
seg+pos+rms,"(1.5, 8.0, 0.3, 0.3)",0.8166519999504089,0.31488358974456787,0.22201919555664062,0
seg+pos+rms,"(1.5, 8.0, 0.3, 0.3)",0.8238725066184998,0.18364495038986206,0.2680368423461914,0
seg+pos+rms,"(1.5, 8.0, 0.3, 0.3)",0.7697830200195312,0.2200223207473755,0.25186192989349365,0
seg+pos+rms,"(1.5, 8.0, 0.3, 0.3)",0.817381888628006,0.25099319219589233,0.33722996711730957,0
seg+pos+rms,"(1.5, 8.0, 0.3, 0.3)",0.8248432278633118,0.3535056710243225,0.4797379970550537,0
seg+pos+rms,"(1.5, 8.0, 0.3, 0.3)",0.835026890039444,0.31101495027542114,0.2778235673904419,0
seg+pos+rms,"(1.5, 8.0, 0.3, 0.3)",0.7941321730613708,0.25709205865859985,0.3667323589324951,0
seg+pos+rms,"(1.5, 8.0, 0.3, 0.3)",0.8588868677616119,0.38852137327194214,0.3570365905761719,0
seg+pos+rms,"(1.5, 8.0, 0.3, 0.3)",0.848768413066864,0.3115696310997009,0.3994103670120239,0
seg+pos+rms,"(1.5, 8.0, 0.3, 0.3)",0.856736809015274,0.3676758408546448,0.3864328861236572,0
seg+pos+rms,"(1.5, 8.0, 0.3, 0.3)",0.8082921802997589,0.29424113035202026,0.3368799686431885,0
seg+pos+rms,"(1.5, 8.0, 0.3, 0.3)",0.8205108642578125,0.2792470455169678,0.20363545417785645,0
seg+pos+rms,"(1.5, 8.0, 0.3, 0.3)",0.8041433393955231,0.35106509923934937,0.5059502124786377,0
seg+pos+rms,"(1.5, 8.0, 0.3, 0.3)",0.8418594598770142,0.3468000292778015,0.32028186321258545,0
seg+pos+rms,"(1.5, 8.0, 0.3, 0.6)",0.8039918541908264,0.3186883330345154,0.2453630566596985,0
seg+pos+rms,"(1.5, 8.0, 0.3, 0.6)",0.806722104549408,0.33485740423202515,0.24048566818237305,0
seg+pos+rms,"(1.5, 8.0, 0.3, 0.6)",0.8507683873176575,0.31519854068756104,0.294674277305603,0
seg+pos+rms,"(1.5, 8.0, 0.3, 0.6)",0.8164685368537903,0.27306437492370605,0.013585448265075684,0
seg+pos+rms,"(1.5, 8.0, 0.3, 0.6)",0.8676643073558807,0.27421075105667114,0.0909731388092041,0
seg+pos+rms,"(1.5, 8.0, 0.3, 0.6)",0.8420932590961456,0.3553120493888855,0.2640274167060852,0
seg+pos+rms,"(1.5, 8.0, 0.3, 0.6)",0.8509983420372009,0.33496344089508057,0.1866168975830078,0
seg+pos+rms,"(1.5, 8.0, 0.3, 0.6)",0.8484443128108978,0.2815224528312683,0.3413291573524475,0
seg+pos+rms,"(1.5, 8.0, 0.3, 0.6)",0.8786316514015198,0.3722861409187317,0.05333364009857178,0
seg+pos+rms,"(1.5, 8.0, 0.3, 0.6)",0.8558228611946106,0.28189271688461304,0.17010962963104248,0
seg+pos+rms,"(1.5, 8.0, 0.3, 0.6)",0.8553356528282166,0.3113071918487549,0.1559290885925293,0
seg+pos+rms,"(1.5, 8.0, 0.3, 0.6)",0.8378105759620667,0.3097344636917114,0.1955791711807251,0
seg+pos+rms,"(1.5, 8.0, 0.3, 0.6)",0.8099803030490875,0.22018033266067505,0.04523515701293945,0
seg+pos+rms,"(1.5, 8.0, 0.3, 0.6)",0.8469430208206177,0.3050447702407837,0.18438184261322021,0
seg+pos+rms,"(1.5, 8.0, 0.3, 0.6)",0.795153945684433,0.34181898832321167,0.2270578145980835,0
seg+pos+rms,"(1.5, 8.0, 0.3, -0.3)",0.8718522489070892,0.3314019441604614,0.512981653213501,0
seg+pos+rms,"(1.5, 8.0, 0.3, -0.3)",0.8521570265293121,0.2672664523124695,0.473682165145874,0
seg+pos+rms,"(1.5, 8.0, 0.3, -0.3)",0.7880490720272064,0.29578304290771484,0.5265350341796875,0
seg+pos+rms,"(1.5, 8.0, 0.3, -0.3)",0.8593526780605316,0.3632236123085022,0.5805586576461792,0
seg+pos+rms,"(1.5, 8.0, 0.3, -0.3)",0.871931403875351,0.3494168519973755,0.5407170057296753,0
seg+pos+rms,"(1.5, 8.0, 0.3, -0.3)",0.8733334243297577,0.24911916255950928,0.48279333114624023,0
seg+pos+rms,"(1.5, 8.0, 0.3, -0.3)",0.8095095753669739,0.31977248191833496,0.5719354152679443,0
seg+pos+rms,"(1.5, 8.0, 0.3, -0.3)",0.8288043737411499,0.305091917514801,0.45449304580688477,0
seg+pos+rms,"(1.5, 8.0, 0.3, -0.3)",0.8943375945091248,0.3964993357658386,0.738512396812439,0
seg+pos+rms,"(1.5, 8.0, 0.3, -0.3)",0.8305661380290985,0.2831377387046814,0.45747148990631104,0
seg+pos+rms,"(1.5, 8.0, 0.3, -0.3)",0.8689395189285278,0.37313777208328247,0.6251276731491089,0
seg+pos+rms,"(1.5, 8.0, 0.3, -0.3)",0.845253586769104,0.3176727890968323,0.537973165512085,0
seg+pos+rms,"(1.5, 8.0, 0.3, -0.3)",0.8390246629714966,0.3112748861312866,0.5751168727874756,0
seg+pos+rms,"(1.5, 8.0, 0.3, -0.3)",0.8539465367794037,0.3265992999076843,0.6836593151092529,0
seg+pos+rms,"(1.5, 8.0, 0.3, -0.3)",0.8537087142467499,0.28464609384536743,0.4146205186843872,0
seg+pos+rms,"(1.5, 8.0, 0.7, 0.0)",0.6223267912864685,0.1631644368171692,0.23965108394622803,0
seg+pos+rms,"(1.5, 8.0, 0.7, 0.0)",0.6131412386894226,0.09519362449645996,0.1555173397064209,0
seg+pos+rms,"(1.5, 8.0, 0.7, 0.0)",0.6412354409694672,0.10959577560424805,0.24210023880004883,0
seg+pos+rms,"(1.5, 8.0, 0.7, 0.0)",0.6502969264984131,0.14891678094863892,0.2029585838317871,0
seg+pos+rms,"(1.5, 8.0, 0.7, 0.0)",0.5943270921707153,0.1505003571510315,0.17445802688598633,0
seg+pos+rms,"(1.5, 8.0, 0.7, 0.0)",0.6227524280548096,0.10430347919464111,0.21744704246520996,0
seg+pos+rms,"(1.5, 8.0, 0.7, 0.0)",0.6168853342533112,0.1927390694618225,0.3403513431549072,0
seg+pos+rms,"(1.5, 8.0, 0.7, 0.0)",0.614266574382782,0.09084469079971313,0.11625528335571289,0
seg+pos+rms,"(1.5, 8.0, 0.7, 0.0)",0.6138300895690918,0.09607052803039551,0.2534933090209961,0
seg+pos+rms,"(1.5, 8.0, 0.7, 0.0)",0.6145223081111908,0.08734261989593506,0.041663169860839844,0
seg+pos+rms,"(1.5, 8.0, 0.7, 0.0)",0.6229705512523651,0.11911064386367798,0.08866214752197266,0
seg+pos+rms,"(1.5, 8.0, 0.7, 0.0)",0.6240549385547638,0.1053202748298645,0.19012153148651123,0
seg+pos+rms,"(1.5, 8.0, 0.7, 0.0)",0.6319193542003632,0.1316688060760498,0.1727452278137207,0
seg+pos+rms,"(1.5, 8.0, 0.7, 0.0)",0.5909329354763031,0.17920762300491333,0.2193371057510376,0
seg+pos+rms,"(1.5, 8.0, 0.7, 0.0)",0.669225811958313,0.08132243156433105,0.15665292739868164,0
seg+pos+rms,"(1.5, 8.0, 0.7, 0.3)",0.6291554868221283,0.19046562910079956,0.1696629524230957,0
seg+pos+rms,"(1.5, 8.0, 0.7, 0.3)",0.5991528630256653,0.06089562177658081,0.04232919216156006,0
seg+pos+rms,"(1.5, 8.0, 0.7, 0.3)",0.6084726750850677,0.07606077194213867,0.1440279483795166,0
seg+pos+rms,"(1.5, 8.0, 0.7, 0.3)",0.6458464860916138,0.11419939994812012,0.03269243240356445,0
seg+pos+rms,"(1.5, 8.0, 0.7, 0.3)",0.6424873173236847,0.11359864473342896,0.21836376190185547,0
seg+pos+rms,"(1.5, 8.0, 0.7, 0.3)",0.6865791082382202,0.1545146107673645,0.11704862117767334,0
seg+pos+rms,"(1.5, 8.0, 0.7, 0.3)",0.6344459652900696,0.08161139488220215,0.07771730422973633,0
seg+pos+rms,"(1.5, 8.0, 0.7, 0.3)",0.6280483901500702,0.1117904782295227,0.04683542251586914,0
seg+pos+rms,"(1.5, 8.0, 0.7, 0.3)",0.638625979423523,0.08792144060134888,0.1339648962020874,0
seg+pos+rms,"(1.5, 8.0, 0.7, 0.3)",0.653109610080719,0.15845990180969238,0.23037588596343994,0
seg+pos+rms,"(1.5, 8.0, 0.7, 0.3)",0.6160944998264313,0.07519114017486572,0.01699066162109375,0
seg+pos+rms,"(1.5, 8.0, 0.7, 0.3)",0.6172455847263336,0.10666418075561523,0.11359190940856934,0
seg+pos+rms,"(1.5, 8.0, 0.7, 0.3)",0.5898874998092651,0.07477593421936035,0.08090043067932129,0
seg+pos+rms,"(1.5, 8.0, 0.7, 0.3)",0.6518219709396362,0.09450972080230713,0.08176529407501221,0
seg+pos+rms,"(1.5, 8.0, 0.7, 0.3)",0.5955439805984497,0.11436247825622559,0.13170373439788818,0
seg+pos+rms,"(1.5, 8.0, 0.7, 0.6)",0.5971155762672424,0.11858689785003662,0.05693626403808594,0
seg+pos+rms,"(1.5, 8.0, 0.7, 0.6)",0.6364800333976746,0.14036834239959717,0.051494598388671875,0
seg+pos+rms,"(1.5, 8.0, 0.7, 0.6)",0.5859931707382202,0.07940042018890381,0.05328977108001709,0
seg+pos+rms,"(1.5, 8.0, 0.7, 0.6)",0.6494145393371582,0.1363276243209839,0.0064803361892700195,0
seg+pos+rms,"(1.5, 8.0, 0.7, 0.6)",0.6319550573825836,0.16691619157791138,0.07864940166473389,0
seg+pos+rms,"(1.5, 8.0, 0.7, 0.6)",0.6698582768440247,0.13544464111328125,0.02315652370452881,0
seg+pos+rms,"(1.5, 8.0, 0.7, 0.6)",0.6249899864196777,0.10449635982513428,0.14285588264465332,0
seg+pos+rms,"(1.5, 8.0, 0.7, 0.6)",0.6608378887176514,0.2133597731590271,0.13991975784301758,0
seg+pos+rms,"(1.5, 8.0, 0.7, 0.6)",0.6402669548988342,0.12261039018630981,7.49826431274414e-05,0
seg+pos+rms,"(1.5, 8.0, 0.7, 0.6)",0.6482155323028564,0.1049993634223938,0.0261155366897583,0
seg+pos+rms,"(1.5, 8.0, 0.7, 0.6)",0.6191517412662506,0.1516503095626831,0.07211124897003174,0
seg+pos+rms,"(1.5, 8.0, 0.7, 0.6)",0.6403394341468811,0.0688428282737732,0.04631221294403076,0
seg+pos+rms,"(1.5, 8.0, 0.7, 0.6)",0.6602843403816223,0.12608188390731812,0.10673809051513672,0
seg+pos+rms,"(1.5, 8.0, 0.7, 0.6)",0.6814323365688324,0.16053420305252075,0.013433098793029785,0
seg+pos+rms,"(1.5, 8.0, 0.7, 0.6)",0.6158861219882965,0.17202621698379517,0.16702163219451904,0
seg+pos+rms,"(1.5, 8.0, 0.7, -0.3)",0.6287209391593933,0.11518591642379761,0.37834739685058594,0
seg+pos+rms,"(1.5, 8.0, 0.7, -0.3)",0.6460634469985962,0.049443960189819336,0.005648612976074219,0
seg+pos+rms,"(1.5, 8.0, 0.7, -0.3)",0.6482834815979004,0.13715386390686035,0.24766921997070312,0
seg+pos+rms,"(1.5, 8.0, 0.7, -0.3)",0.6136479377746582,0.12413179874420166,0.20098423957824707,0
seg+pos+rms,"(1.5, 8.0, 0.7, -0.3)",0.6271188259124756,0.13029295206069946,0.2674863338470459,0
seg+pos+rms,"(1.5, 8.0, 0.7, -0.3)",0.6323822140693665,0.15617942810058594,0.27641773223876953,0
seg+pos+rms,"(1.5, 8.0, 0.7, -0.3)",0.6385397017002106,0.11499589681625366,0.27769017219543457,0
seg+pos+rms,"(1.5, 8.0, 0.7, -0.3)",0.5599756240844727,0.11109620332717896,0.13315629959106445,0
seg+pos+rms,"(1.5, 8.0, 0.7, -0.3)",0.6118426620960236,0.1541154980659485,0.29063451290130615,0
seg+pos+rms,"(1.5, 8.0, 0.7, -0.3)",0.6159918010234833,0.09475743770599365,0.1478862762451172,0
seg+pos+rms,"(1.5, 8.0, 0.7, -0.3)",0.6164015233516693,0.16841179132461548,0.2727992534637451,0
seg+pos+rms,"(1.5, 8.0, 0.7, -0.3)",0.6366667747497559,0.17600810527801514,0.42185235023498535,0
seg+pos+rms,"(1.5, 8.0, 0.7, -0.3)",0.6233035922050476,0.13163286447525024,0.2839696407318115,0
seg+pos+rms,"(1.5, 8.0, 0.7, -0.3)",0.648006945848465,0.2347964644432068,0.4497631788253784,0
seg+pos+rms,"(1.5, 8.0, 0.7, -0.3)",0.6409271359443665,0.13270318508148193,0.18217039108276367,0
seg+pos+rms,"(1.5, 20.0, 0.3, 0.0)",0.7023467123508453,0.18282008171081543,0.27786874771118164,0
seg+pos+rms,"(1.5, 20.0, 0.3, 0.0)",0.6570170521736145,0.17949485778808594,0.18051254749298096,0
seg+pos+rms,"(1.5, 20.0, 0.3, 0.0)",0.7157241404056549,0.14491063356399536,0.2733933925628662,0
seg+pos+rms,"(1.5, 20.0, 0.3, 0.0)",0.6798660457134247,0.13886886835098267,0.1899242401123047,0
seg+pos+rms,"(1.5, 20.0, 0.3, 0.0)",0.6967784464359283,0.17033082246780396,0.306488037109375,0
seg+pos+rms,"(1.5, 20.0, 0.3, 0.0)",0.6380728483200073,0.16193538904190063,0.15463614463806152,0
seg+pos+rms,"(1.5, 20.0, 0.3, 0.0)",0.6946744322776794,0.16498684883117676,0.22459566593170166,0
seg+pos+rms,"(1.5, 20.0, 0.3, 0.0)",0.6998441517353058,0.22649312019348145,0.3084830045700073,0
seg+pos+rms,"(1.5, 20.0, 0.3, 0.0)",0.7039101719856262,0.17718881368637085,0.24580693244934082,0
seg+pos+rms,"(1.5, 20.0, 0.3, 0.0)",0.7088175415992737,0.1727549433708191,0.31566810607910156,0
seg+pos+rms,"(1.5, 20.0, 0.3, 0.0)",0.6636894941329956,0.16470867395401,0.23501253128051758,0
seg+pos+rms,"(1.5, 20.0, 0.3, 0.0)",0.7048597633838654,0.2276625633239746,0.35293054580688477,0
seg+pos+rms,"(1.5, 20.0, 0.3, 0.0)",0.6655226349830627,0.17273330688476562,0.17631053924560547,0
seg+pos+rms,"(1.5, 20.0, 0.3, 0.0)",0.6983261406421661,0.11294430494308472,0.18246781826019287,0
seg+pos+rms,"(1.5, 20.0, 0.3, 0.0)",0.6988452970981598,0.17907387018203735,0.3094128370285034,0
seg+pos+rms,"(1.5, 20.0, 0.3, 0.3)",0.6690906882286072,0.1506364345550537,0.08612191677093506,0
seg+pos+rms,"(1.5, 20.0, 0.3, 0.3)",0.7181575298309326,0.14159905910491943,0.07924878597259521,0
seg+pos+rms,"(1.5, 20.0, 0.3, 0.3)",0.6736918389797211,0.16122275590896606,0.22649681568145752,0
seg+pos+rms,"(1.5, 20.0, 0.3, 0.3)",0.686889111995697,0.1853656768798828,0.21550822257995605,0
seg+pos+rms,"(1.5, 20.0, 0.3, 0.3)",0.7200303375720978,0.19099009037017822,0.1510528326034546,0
seg+pos+rms,"(1.5, 20.0, 0.3, 0.3)",0.6816326975822449,0.12090623378753662,0.1581745147705078,0
seg+pos+rms,"(1.5, 20.0, 0.3, 0.3)",0.6853577196598053,0.1755790114402771,0.3137127161026001,0
seg+pos+rms,"(1.5, 20.0, 0.3, 0.3)",0.6721114814281464,0.1640554666519165,0.1314866542816162,0
seg+pos+rms,"(1.5, 20.0, 0.3, 0.3)",0.6546764671802521,0.07730448246002197,0.0048482418060302734,0
seg+pos+rms,"(1.5, 20.0, 0.3, 0.3)",0.6987401247024536,0.11736249923706055,0.15829646587371826,0
seg+pos+rms,"(1.5, 20.0, 0.3, 0.3)",0.667961835861206,0.17362934350967407,0.2624092102050781,0
seg+pos+rms,"(1.5, 20.0, 0.3, 0.3)",0.6773889064788818,0.19290590286254883,0.22854137420654297,0
seg+pos+rms,"(1.5, 20.0, 0.3, 0.3)",0.6687478721141815,0.1297730803489685,0.14324212074279785,0
seg+pos+rms,"(1.5, 20.0, 0.3, 0.3)",0.6613219678401947,0.13953465223312378,0.3300822973251343,0
seg+pos+rms,"(1.5, 20.0, 0.3, 0.3)",0.698167473077774,0.1750403642654419,0.2871819734573364,0
seg+pos+rms,"(1.5, 20.0, 0.3, 0.6)",0.724497526884079,0.10073196887969971,0.0037270784378051758,0
seg+pos+rms,"(1.5, 20.0, 0.3, 0.6)",0.6786177158355713,0.19726061820983887,0.055603623390197754,0
seg+pos+rms,"(1.5, 20.0, 0.3, 0.6)",0.7119699120521545,0.0855787992477417,0.08012354373931885,0
seg+pos+rms,"(1.5, 20.0, 0.3, 0.6)",0.6593971252441406,0.20702409744262695,0.11811721324920654,0
seg+pos+rms,"(1.5, 20.0, 0.3, 0.6)",0.7119815349578857,0.18876177072525024,0.10458493232727051,0
seg+pos+rms,"(1.5, 20.0, 0.3, 0.6)",0.6936019957065582,0.1918429732322693,0.08569538593292236,0
seg+pos+rms,"(1.5, 20.0, 0.3, 0.6)",0.7297815382480621,0.17149007320404053,0.11854207515716553,0
seg+pos+rms,"(1.5, 20.0, 0.3, 0.6)",0.6945795118808746,0.15995091199874878,0.013171672821044922,0
seg+pos+rms,"(1.5, 20.0, 0.3, 0.6)",0.7060162127017975,0.20271921157836914,0.09297990798950195,0
seg+pos+rms,"(1.5, 20.0, 0.3, 0.6)",0.6839167177677155,0.15469759702682495,0.01077890396118164,0
seg+pos+rms,"(1.5, 20.0, 0.3, 0.6)",0.6912190020084381,0.16436374187469482,0.16515803337097168,0
seg+pos+rms,"(1.5, 20.0, 0.3, 0.6)",0.6865153312683105,0.19498378038406372,0.16617858409881592,0
seg+pos+rms,"(1.5, 20.0, 0.3, 0.6)",0.6827517449855804,0.10590040683746338,0.1099395751953125,0
seg+pos+rms,"(1.5, 20.0, 0.3, 0.6)",0.6875071227550507,0.1434360146522522,0.17509281635284424,0
seg+pos+rms,"(1.5, 20.0, 0.3, 0.6)",0.6907376050949097,0.13544785976409912,0.05240893363952637,0
seg+pos+rms,"(1.5, 20.0, 0.3, -0.3)",0.7028782665729523,0.12604278326034546,0.22650682926177979,0
seg+pos+rms,"(1.5, 20.0, 0.3, -0.3)",0.7019701600074768,0.15668541193008423,0.25530338287353516,0
seg+pos+rms,"(1.5, 20.0, 0.3, -0.3)",0.6657387316226959,0.10057765245437622,0.14175772666931152,0
seg+pos+rms,"(1.5, 20.0, 0.3, -0.3)",0.6942494809627533,0.21051311492919922,0.3165903091430664,0
seg+pos+rms,"(1.5, 20.0, 0.3, -0.3)",0.7085621953010559,0.19929981231689453,0.3880794048309326,0
seg+pos+rms,"(1.5, 20.0, 0.3, -0.3)",0.6995983123779297,0.20689421892166138,0.3906528949737549,0
seg+pos+rms,"(1.5, 20.0, 0.3, -0.3)",0.7111625075340271,0.10432606935501099,0.1695709228515625,0
seg+pos+rms,"(1.5, 20.0, 0.3, -0.3)",0.6854707598686218,0.06904774904251099,0.1589665412902832,0
seg+pos+rms,"(1.5, 20.0, 0.3, -0.3)",0.6700438857078552,0.10206055641174316,0.21593737602233887,0
seg+pos+rms,"(1.5, 20.0, 0.3, -0.3)",0.6569279432296753,0.12724006175994873,0.1748960018157959,0
seg+pos+rms,"(1.5, 20.0, 0.3, -0.3)",0.6749808192253113,0.1886962652206421,0.3222240209579468,0
seg+pos+rms,"(1.5, 20.0, 0.3, -0.3)",0.6584853231906891,0.09096914529800415,0.0973660945892334,0
seg+pos+rms,"(1.5, 20.0, 0.3, -0.3)",0.6575205326080322,0.14309316873550415,0.2160944938659668,0
seg+pos+rms,"(1.5, 20.0, 0.3, -0.3)",0.6930688619613647,0.17282891273498535,0.2739222049713135,0
seg+pos+rms,"(1.5, 20.0, 0.3, -0.3)",0.7108008861541748,0.17486786842346191,0.3404693603515625,0
seg+pos+rms,"(1.5, 20.0, 0.7, 0.0)",0.4277224689722061,0.02692890167236328,0.047991037368774414,0
seg+pos+rms,"(1.5, 20.0, 0.7, 0.0)",0.43608061969280243,0.01591026782989502,0.008647918701171875,0
seg+pos+rms,"(1.5, 20.0, 0.7, 0.0)",0.4437960535287857,0.028948426246643066,0.00703883171081543,0
seg+pos+rms,"(1.5, 20.0, 0.7, 0.0)",0.4748356342315674,0.03448754549026489,0.07642984390258789,0
seg+pos+rms,"(1.5, 20.0, 0.7, 0.0)",0.46967440843582153,0.040088772773742676,0.04790329933166504,0
seg+pos+rms,"(1.5, 20.0, 0.7, 0.0)",0.4756024479866028,0.026747941970825195,0.02014923095703125,0
seg+pos+rms,"(1.5, 20.0, 0.7, 0.0)",0.44572438299655914,0.03983193635940552,0.09551429748535156,0
seg+pos+rms,"(1.5, 20.0, 0.7, 0.0)",0.46004579961299896,0.023551762104034424,0.05475020408630371,0
seg+pos+rms,"(1.5, 20.0, 0.7, 0.0)",0.47590625286102295,0.06271523237228394,0.18348455429077148,0
seg+pos+rms,"(1.5, 20.0, 0.7, 0.0)",0.4591478258371353,0.022286295890808105,0.004843473434448242,0
seg+pos+rms,"(1.5, 20.0, 0.7, 0.0)",0.511058509349823,0.062071263790130615,0.029803991317749023,0
seg+pos+rms,"(1.5, 20.0, 0.7, 0.0)",0.4763403832912445,0.0629236102104187,0.04580235481262207,0
seg+pos+rms,"(1.5, 20.0, 0.7, 0.0)",0.4814595580101013,0.03297966718673706,0.052794694900512695,0
seg+pos+rms,"(1.5, 20.0, 0.7, 0.0)",0.406002014875412,0.023469090461730957,0.005142807960510254,0
seg+pos+rms,"(1.5, 20.0, 0.7, 0.0)",0.4761929214000702,0.02145618200302124,0.039659976959228516,0
seg+pos+rms,"(1.5, 20.0, 0.7, 0.3)",0.42901936173439026,0.05452853441238403,0.006508469581604004,0
seg+pos+rms,"(1.5, 20.0, 0.7, 0.3)",0.44598066806793213,0.04798513650894165,0.1375676393508911,0
seg+pos+rms,"(1.5, 20.0, 0.7, 0.3)",0.4646978974342346,0.07717770338058472,0.07372283935546875,0
seg+pos+rms,"(1.5, 20.0, 0.7, 0.3)",0.4651793837547302,0.03300660848617554,0.0857163667678833,0
seg+pos+rms,"(1.5, 20.0, 0.7, 0.3)",0.4531959891319275,0.05698883533477783,0.1513751745223999,0
seg+pos+rms,"(1.5, 20.0, 0.7, 0.3)",0.4514829218387604,0.08487492799758911,0.06374454498291016,0
seg+pos+rms,"(1.5, 20.0, 0.7, 0.3)",0.4405038356781006,0.0370597243309021,0.06422340869903564,0
seg+pos+rms,"(1.5, 20.0, 0.7, 0.3)",0.44658875465393066,0.030724942684173584,0.07008600234985352,0
seg+pos+rms,"(1.5, 20.0, 0.7, 0.3)",0.46715885400772095,0.03142106533050537,0.002282857894897461,0
seg+pos+rms,"(1.5, 20.0, 0.7, 0.3)",0.4181680828332901,0.024967074394226074,0.00048720836639404297,0
seg+pos+rms,"(1.5, 20.0, 0.7, 0.3)",0.4602765440940857,0.039516448974609375,0.01693439483642578,0
seg+pos+rms,"(1.5, 20.0, 0.7, 0.3)",0.46058735251426697,0.015117943286895752,0.004886984825134277,0
seg+pos+rms,"(1.5, 20.0, 0.7, 0.3)",0.45066046714782715,0.03885692358016968,0.0472409725189209,0
seg+pos+rms,"(1.5, 20.0, 0.7, 0.3)",0.454232856631279,0.033834993839263916,0.09381842613220215,0
seg+pos+rms,"(1.5, 20.0, 0.7, 0.3)",0.4791177213191986,0.024819016456604004,0.057335734367370605,0
seg+pos+rms,"(1.5, 20.0, 0.7, 0.6)",0.4264359623193741,0.04722565412521362,0.08387148380279541,0
seg+pos+rms,"(1.5, 20.0, 0.7, 0.6)",0.42834602296352386,0.03595250844955444,0.11533379554748535,0
seg+pos+rms,"(1.5, 20.0, 0.7, 0.6)",0.45121799409389496,0.029661357402801514,0.09182929992675781,0
seg+pos+rms,"(1.5, 20.0, 0.7, 0.6)",0.4064013659954071,0.021766185760498047,0.09103226661682129,0
seg+pos+rms,"(1.5, 20.0, 0.7, 0.6)",0.45247943699359894,0.017368614673614502,0.12475872039794922,0
seg+pos+rms,"(1.5, 20.0, 0.7, 0.6)",0.4520449787378311,0.008681654930114746,0.040196776390075684,0
seg+pos+rms,"(1.5, 20.0, 0.7, 0.6)",0.4400550574064255,0.05760294198989868,0.10412955284118652,0
seg+pos+rms,"(1.5, 20.0, 0.7, 0.6)",0.5245373845100403,0.01737213134765625,0.12102246284484863,0
seg+pos+rms,"(1.5, 20.0, 0.7, 0.6)",0.48704539239406586,0.10184895992279053,0.0073201656341552734,0
seg+pos+rms,"(1.5, 20.0, 0.7, 0.6)",0.4611097723245621,0.017516613006591797,0.16452836990356445,0
seg+pos+rms,"(1.5, 20.0, 0.7, 0.6)",0.5070545077323914,0.02990281581878662,0.09633898735046387,0
seg+pos+rms,"(1.5, 20.0, 0.7, 0.6)",0.48574595153331757,0.023792922496795654,0.10610449314117432,0
seg+pos+rms,"(1.5, 20.0, 0.7, 0.6)",0.45175790786743164,0.014537692070007324,0.0124894380569458,0
seg+pos+rms,"(1.5, 20.0, 0.7, 0.6)",0.4661295413970947,0.039196908473968506,0.08485698699951172,0
seg+pos+rms,"(1.5, 20.0, 0.7, 0.6)",0.4770926982164383,0.03511935472488403,0.14157629013061523,0
seg+pos+rms,"(1.5, 20.0, 0.7, -0.3)",0.4651079475879669,0.06762421131134033,0.08527064323425293,0
seg+pos+rms,"(1.5, 20.0, 0.7, -0.3)",0.4470122754573822,0.012424767017364502,0.030219078063964844,0
seg+pos+rms,"(1.5, 20.0, 0.7, -0.3)",0.4623152017593384,0.04129624366760254,0.03910017013549805,0
seg+pos+rms,"(1.5, 20.0, 0.7, -0.3)",0.4949948489665985,0.04761505126953125,0.16859984397888184,0
seg+pos+rms,"(1.5, 20.0, 0.7, -0.3)",0.4631924033164978,0.02381718158721924,0.02152562141418457,0
seg+pos+rms,"(1.5, 20.0, 0.7, -0.3)",0.4790210723876953,0.04643958806991577,0.07302427291870117,0
seg+pos+rms,"(1.5, 20.0, 0.7, -0.3)",0.4614032953977585,0.07620102167129517,0.052428245544433594,0
seg+pos+rms,"(1.5, 20.0, 0.7, -0.3)",0.45962655544281006,0.06128436326980591,0.09330964088439941,0
seg+pos+rms,"(1.5, 20.0, 0.7, -0.3)",0.4033304899930954,0.008546233177185059,0.01011347770690918,0
seg+pos+rms,"(1.5, 20.0, 0.7, -0.3)",0.4651918411254883,0.06292390823364258,0.10904431343078613,0
seg+pos+rms,"(1.5, 20.0, 0.7, -0.3)",0.4775422364473343,0.04714512825012207,0.08534502983093262,0
seg+pos+rms,"(1.5, 20.0, 0.7, -0.3)",0.44182972609996796,0.020266950130462646,0.09008455276489258,0
seg+pos+rms,"(1.5, 20.0, 0.7, -0.3)",0.43655477464199066,0.007764637470245361,0.00369107723236084,0
seg+pos+rms,"(1.5, 20.0, 0.7, -0.3)",0.4774748980998993,0.011771917343139648,0.01093745231628418,0
seg+pos+rms,"(1.5, 20.0, 0.7, -0.3)",0.4740172028541565,0.09361743927001953,0.022983312606811523,0
seg+pos+rms,"(3.0, 8.0, 0.3, 0.0)",1.520149827003479,0.648598313331604,0.7811553478240967,0
seg+pos+rms,"(3.0, 8.0, 0.3, 0.0)",1.5405676364898682,0.7578787803649902,0.9758398532867432,0
seg+pos+rms,"(3.0, 8.0, 0.3, 0.0)",1.5210818648338318,0.7388697862625122,1.1218817234039307,0
seg+pos+rms,"(3.0, 8.0, 0.3, 0.0)",1.496000051498413,0.7076948881149292,1.2115991115570068,0
seg+pos+rms,"(3.0, 8.0, 0.3, 0.0)",1.6185781359672546,0.7621982097625732,0.9727635383605957,0
seg+pos+rms,"(3.0, 8.0, 0.3, 0.0)",1.5626722574234009,0.7964575290679932,1.0975062847137451,0
seg+pos+rms,"(3.0, 8.0, 0.3, 0.0)",1.520579218864441,0.7347012758255005,1.1808490753173828,0
seg+pos+rms,"(3.0, 8.0, 0.3, 0.0)",1.547760784626007,0.7848625183105469,1.4139528274536133,0
seg+pos+rms,"(3.0, 8.0, 0.3, 0.0)",1.5256077647209167,0.7450602054595947,0.9849567413330078,0
seg+pos+rms,"(3.0, 8.0, 0.3, 0.0)",1.532457172870636,0.6413615942001343,1.012587547302246,0
seg+pos+rms,"(3.0, 8.0, 0.3, 0.0)",1.51755028963089,0.6965150833129883,0.8943486213684082,0
seg+pos+rms,"(3.0, 8.0, 0.3, 0.0)",1.510073184967041,0.7144683599472046,0.7906796932220459,0
seg+pos+rms,"(3.0, 8.0, 0.3, 0.0)",1.5603358149528503,0.698672890663147,0.8820936679840088,0
seg+pos+rms,"(3.0, 8.0, 0.3, 0.0)",1.5868241786956787,0.7347939014434814,1.094820499420166,0
seg+pos+rms,"(3.0, 8.0, 0.3, 0.0)",1.5791866779327393,0.7619729042053223,1.036313533782959,0
seg+pos+rms,"(3.0, 8.0, 0.3, 0.3)",1.6071933507919312,0.8203544616699219,0.8224165439605713,0
seg+pos+rms,"(3.0, 8.0, 0.3, 0.3)",1.6033248901367188,0.7660963535308838,1.1499390602111816,0
seg+pos+rms,"(3.0, 8.0, 0.3, 0.3)",1.5348727703094482,0.6284869909286499,0.7562284469604492,0
seg+pos+rms,"(3.0, 8.0, 0.3, 0.3)",1.5489130020141602,0.7874047160148621,0.8261153697967529,0
seg+pos+rms,"(3.0, 8.0, 0.3, 0.3)",1.5502439737319946,0.7312818765640259,0.7415411472320557,0
seg+pos+rms,"(3.0, 8.0, 0.3, 0.3)",1.4985920190811157,0.58674156665802,0.7628653049468994,0
seg+pos+rms,"(3.0, 8.0, 0.3, 0.3)",1.605225682258606,0.7784037590026855,0.6428241729736328,0
seg+pos+rms,"(3.0, 8.0, 0.3, 0.3)",1.5026787519454956,0.6942490339279175,1.0461828708648682,0
seg+pos+rms,"(3.0, 8.0, 0.3, 0.3)",1.5267464518547058,0.7002102136611938,0.6731228828430176,0
seg+pos+rms,"(3.0, 8.0, 0.3, 0.3)",1.5006341934204102,0.5471620559692383,0.7617192268371582,0
seg+pos+rms,"(3.0, 8.0, 0.3, 0.3)",1.5637826919555664,0.8165153861045837,0.9496943950653076,0
seg+pos+rms,"(3.0, 8.0, 0.3, 0.3)",1.560357928276062,0.7430219650268555,0.7385566234588623,0
seg+pos+rms,"(3.0, 8.0, 0.3, 0.3)",1.6126577258110046,0.7226803302764893,0.831845760345459,0
seg+pos+rms,"(3.0, 8.0, 0.3, 0.3)",1.4998821020126343,0.7214367389678955,0.6431233882904053,0
seg+pos+rms,"(3.0, 8.0, 0.3, 0.3)",1.514406681060791,0.6443415880203247,0.912663459777832,0
seg+pos+rms,"(3.0, 8.0, 0.3, 0.6)",1.5060887336730957,0.6943384408950806,0.48483967781066895,0
seg+pos+rms,"(3.0, 8.0, 0.3, 0.6)",1.5053167343139648,0.7531370520591736,0.5184946060180664,0
seg+pos+rms,"(3.0, 8.0, 0.3, 0.6)",1.5328235030174255,0.6283401250839233,0.510749101638794,0
seg+pos+rms,"(3.0, 8.0, 0.3, 0.6)",1.529919683933258,0.7324174642562866,0.6994173526763916,0
seg+pos+rms,"(3.0, 8.0, 0.3, 0.6)",1.5625468492507935,0.6208158731460571,0.4362294673919678,0
seg+pos+rms,"(3.0, 8.0, 0.3, 0.6)",1.5243907570838928,0.7540766000747681,0.7569843530654907,0
seg+pos+rms,"(3.0, 8.0, 0.3, 0.6)",1.5654841661453247,0.7190626859664917,0.4318530559539795,0
seg+pos+rms,"(3.0, 8.0, 0.3, 0.6)",1.4897785186767578,0.6450445652008057,0.6756212711334229,0
seg+pos+rms,"(3.0, 8.0, 0.3, 0.6)",1.5124229192733765,0.7265843152999878,0.6463329792022705,0
seg+pos+rms,"(3.0, 8.0, 0.3, 0.6)",1.5796271562576294,0.7354886531829834,0.4468207359313965,0
seg+pos+rms,"(3.0, 8.0, 0.3, 0.6)",1.6170750856399536,0.6963005065917969,0.6749762296676636,0
seg+pos+rms,"(3.0, 8.0, 0.3, 0.6)",1.5389554500579834,0.7992992401123047,0.602251410484314,0
seg+pos+rms,"(3.0, 8.0, 0.3, 0.6)",1.5759562253952026,0.7967304587364197,0.5495085716247559,0
seg+pos+rms,"(3.0, 8.0, 0.3, 0.6)",1.6099913120269775,0.8519119024276733,0.6645047664642334,0
seg+pos+rms,"(3.0, 8.0, 0.3, 0.6)",1.5615515112876892,0.7351049184799194,0.427095890045166,0
seg+pos+rms,"(3.0, 8.0, 0.3, -0.3)",1.5252369046211243,0.6314162015914917,1.0213305950164795,0
seg+pos+rms,"(3.0, 8.0, 0.3, -0.3)",1.5754017233848572,0.8135615587234497,1.4259028434753418,0
seg+pos+rms,"(3.0, 8.0, 0.3, -0.3)",1.528544008731842,0.7203619480133057,1.2150492668151855,0
seg+pos+rms,"(3.0, 8.0, 0.3, -0.3)",1.6141058802604675,0.6334155797958374,1.0106968879699707,0
seg+pos+rms,"(3.0, 8.0, 0.3, -0.3)",1.4819575548171997,0.7189615964889526,1.2468292713165283,0
seg+pos+rms,"(3.0, 8.0, 0.3, -0.3)",1.5665919184684753,0.7706784009933472,1.1985244750976562,0
seg+pos+rms,"(3.0, 8.0, 0.3, -0.3)",1.5812545418739319,0.7723625898361206,1.1498372554779053,0
seg+pos+rms,"(3.0, 8.0, 0.3, -0.3)",1.5741204023361206,0.7139387130737305,1.1351163387298584,0
seg+pos+rms,"(3.0, 8.0, 0.3, -0.3)",1.5077745914459229,0.8734087347984314,1.5935866832733154,0
seg+pos+rms,"(3.0, 8.0, 0.3, -0.3)",1.5248991250991821,0.716852068901062,1.1312830448150635,0
seg+pos+rms,"(3.0, 8.0, 0.3, -0.3)",1.601883351802826,0.7767852544784546,1.2997756004333496,0
seg+pos+rms,"(3.0, 8.0, 0.3, -0.3)",1.5205806493759155,0.6975133419036865,1.0500702857971191,0
seg+pos+rms,"(3.0, 8.0, 0.3, -0.3)",1.6316531896591187,0.8150599002838135,1.323878288269043,0
seg+pos+rms,"(3.0, 8.0, 0.3, -0.3)",1.5111149549484253,0.6776713132858276,1.055967092514038,0
seg+pos+rms,"(3.0, 8.0, 0.3, -0.3)",1.536390244960785,0.8002229928970337,1.1690647602081299,0
seg+pos+rms,"(3.0, 8.0, 0.7, 0.0)",1.0898255705833435,0.2991337776184082,0.4622526168823242,0
seg+pos+rms,"(3.0, 8.0, 0.7, 0.0)",1.0806180238723755,0.3084084987640381,0.3557615280151367,0
seg+pos+rms,"(3.0, 8.0, 0.7, 0.0)",1.1204646825790405,0.37944483757019043,0.5286180973052979,0
seg+pos+rms,"(3.0, 8.0, 0.7, 0.0)",1.125131070613861,0.3155785799026489,0.46969032287597656,0
seg+pos+rms,"(3.0, 8.0, 0.7, 0.0)",1.076469898223877,0.27073419094085693,0.1344132423400879,0
seg+pos+rms,"(3.0, 8.0, 0.7, 0.0)",1.094826102256775,0.24794483184814453,0.2299656867980957,0
seg+pos+rms,"(3.0, 8.0, 0.7, 0.0)",1.0952816605567932,0.3694007396697998,0.7200968265533447,0
seg+pos+rms,"(3.0, 8.0, 0.7, 0.0)",1.110846757888794,0.2934145927429199,0.5733475685119629,0
seg+pos+rms,"(3.0, 8.0, 0.7, 0.0)",1.065568745136261,0.34851694107055664,0.47841858863830566,0
seg+pos+rms,"(3.0, 8.0, 0.7, 0.0)",1.066601574420929,0.328288197517395,0.3627963066101074,0
seg+pos+rms,"(3.0, 8.0, 0.7, 0.0)",1.1185848116874695,0.32125377655029297,0.35827040672302246,0
seg+pos+rms,"(3.0, 8.0, 0.7, 0.0)",1.0666165351867676,0.3238569498062134,0.571436882019043,0
seg+pos+rms,"(3.0, 8.0, 0.7, 0.0)",1.0555776953697205,0.3311324119567871,0.35368871688842773,0
seg+pos+rms,"(3.0, 8.0, 0.7, 0.0)",1.106748640537262,0.28635644912719727,0.41123318672180176,0
seg+pos+rms,"(3.0, 8.0, 0.7, 0.0)",1.033179759979248,0.2839757204055786,0.616724967956543,0
seg+pos+rms,"(3.0, 8.0, 0.7, 0.3)",1.0331225991249084,0.2629588842391968,0.26505351066589355,0
seg+pos+rms,"(3.0, 8.0, 0.7, 0.3)",1.0460111498832703,0.2949972152709961,0.3682069778442383,0
seg+pos+rms,"(3.0, 8.0, 0.7, 0.3)",1.096107006072998,0.3138446807861328,0.43961572647094727,0
seg+pos+rms,"(3.0, 8.0, 0.7, 0.3)",1.1229989528656006,0.36908984184265137,0.4563612937927246,0
seg+pos+rms,"(3.0, 8.0, 0.7, 0.3)",1.1259521842002869,0.32852911949157715,0.22527766227722168,0
seg+pos+rms,"(3.0, 8.0, 0.7, 0.3)",1.0967886447906494,0.36934804916381836,0.33922481536865234,0
seg+pos+rms,"(3.0, 8.0, 0.7, 0.3)",1.120539665222168,0.24544811248779297,0.33527398109436035,0
seg+pos+rms,"(3.0, 8.0, 0.7, 0.3)",1.14060777425766,0.27117669582366943,0.2169342041015625,0
seg+pos+rms,"(3.0, 8.0, 0.7, 0.3)",1.0881105661392212,0.3941168785095215,0.5327110290527344,0
seg+pos+rms,"(3.0, 8.0, 0.7, 0.3)",1.1375066637992859,0.3427785634994507,0.4170844554901123,0
seg+pos+rms,"(3.0, 8.0, 0.7, 0.3)",1.1192227602005005,0.4169124364852905,0.3264038562774658,0
seg+pos+rms,"(3.0, 8.0, 0.7, 0.3)",1.0659524202346802,0.3413350582122803,0.397808313369751,0
seg+pos+rms,"(3.0, 8.0, 0.7, 0.3)",1.118844985961914,0.3493165969848633,0.35436081886291504,0
seg+pos+rms,"(3.0, 8.0, 0.7, 0.3)",1.0468770265579224,0.29621148109436035,0.26799488067626953,0
seg+pos+rms,"(3.0, 8.0, 0.7, 0.3)",1.0841492414474487,0.2861502170562744,0.46239256858825684,0
seg+pos+rms,"(3.0, 8.0, 0.7, 0.6)",1.0438262224197388,0.2272258996963501,0.19549894332885742,0
seg+pos+rms,"(3.0, 8.0, 0.7, 0.6)",1.1231463551521301,0.34447669982910156,0.3146493434906006,0
seg+pos+rms,"(3.0, 8.0, 0.7, 0.6)",1.079749345779419,0.31427717208862305,0.10954022407531738,0
seg+pos+rms,"(3.0, 8.0, 0.7, 0.6)",1.1087718605995178,0.3870586156845093,0.14281725883483887,0
seg+pos+rms,"(3.0, 8.0, 0.7, 0.6)",1.1585203409194946,0.31747663021087646,6.604194641113281e-05,0
seg+pos+rms,"(3.0, 8.0, 0.7, 0.6)",1.1721002459526062,0.4599372148513794,0.30617856979370117,0
seg+pos+rms,"(3.0, 8.0, 0.7, 0.6)",1.0531816482543945,0.19037699699401855,0.14457058906555176,0
seg+pos+rms,"(3.0, 8.0, 0.7, 0.6)",1.1378746032714844,0.3247731924057007,0.10750102996826172,0
seg+pos+rms,"(3.0, 8.0, 0.7, 0.6)",1.1453728675842285,0.25598394870758057,0.15130972862243652,0
seg+pos+rms,"(3.0, 8.0, 0.7, 0.6)",1.1199590563774109,0.32237708568573,0.5175188779830933,0
seg+pos+rms,"(3.0, 8.0, 0.7, 0.6)",1.1532398462295532,0.42045724391937256,0.42253899574279785,0
seg+pos+rms,"(3.0, 8.0, 0.7, 0.6)",1.0619990825653076,0.3269035816192627,0.17861723899841309,0
seg+pos+rms,"(3.0, 8.0, 0.7, 0.6)",1.0447081327438354,0.22314846515655518,0.0631110668182373,0
seg+pos+rms,"(3.0, 8.0, 0.7, 0.6)",1.1491091847419739,0.333260178565979,0.29228878021240234,0
seg+pos+rms,"(3.0, 8.0, 0.7, 0.6)",1.1071377992630005,0.26726293563842773,0.2778794765472412,0
seg+pos+rms,"(3.0, 8.0, 0.7, -0.3)",1.0616962313652039,0.36555641889572144,0.6846504211425781,0
seg+pos+rms,"(3.0, 8.0, 0.7, -0.3)",1.0716920495033264,0.3278963565826416,0.5604696273803711,0
seg+pos+rms,"(3.0, 8.0, 0.7, -0.3)",1.0543321669101715,0.26888442039489746,0.26363468170166016,0
seg+pos+rms,"(3.0, 8.0, 0.7, -0.3)",1.0988087058067322,0.3080939054489136,0.49402379989624023,0
seg+pos+rms,"(3.0, 8.0, 0.7, -0.3)",1.0757165551185608,0.2776387929916382,0.3825814723968506,0
seg+pos+rms,"(3.0, 8.0, 0.7, -0.3)",1.1523914337158203,0.37355244159698486,0.609804630279541,0
seg+pos+rms,"(3.0, 8.0, 0.7, -0.3)",1.076431930065155,0.30885303020477295,0.485750675201416,0
seg+pos+rms,"(3.0, 8.0, 0.7, -0.3)",1.099894642829895,0.3109170198440552,0.5004696846008301,0
seg+pos+rms,"(3.0, 8.0, 0.7, -0.3)",1.114687979221344,0.2823368310928345,0.42423033714294434,0
seg+pos+rms,"(3.0, 8.0, 0.7, -0.3)",1.0704292058944702,0.2546672821044922,0.4237246513366699,0
seg+pos+rms,"(3.0, 8.0, 0.7, -0.3)",1.1069778800010681,0.2974141836166382,0.5113458633422852,0
seg+pos+rms,"(3.0, 8.0, 0.7, -0.3)",1.0693866610527039,0.25899600982666016,0.3601393699645996,0
seg+pos+rms,"(3.0, 8.0, 0.7, -0.3)",1.0669629573822021,0.29161131381988525,0.5767951011657715,0
seg+pos+rms,"(3.0, 8.0, 0.7, -0.3)",1.1191233396530151,0.26566827297210693,0.39539051055908203,0
seg+pos+rms,"(3.0, 8.0, 0.7, -0.3)",1.1332927346229553,0.3235710859298706,0.4706439971923828,0
seg+pos+rms,"(3.0, 20.0, 0.3, 0.0)",1.231995165348053,0.39660322666168213,0.5402095317840576,0
seg+pos+rms,"(3.0, 20.0, 0.3, 0.0)",1.2492123246192932,0.41231393814086914,0.6066436767578125,0
seg+pos+rms,"(3.0, 20.0, 0.3, 0.0)",1.2235602140426636,0.4828622341156006,0.774860143661499,0
seg+pos+rms,"(3.0, 20.0, 0.3, 0.0)",1.2330049872398376,0.41319549083709717,0.6412038803100586,0
seg+pos+rms,"(3.0, 20.0, 0.3, 0.0)",1.260637104511261,0.38274121284484863,0.6157119274139404,0
seg+pos+rms,"(3.0, 20.0, 0.3, 0.0)",1.244499385356903,0.34398674964904785,0.4461815357208252,0
seg+pos+rms,"(3.0, 20.0, 0.3, 0.0)",1.2551989555358887,0.3557215929031372,0.673433780670166,0
seg+pos+rms,"(3.0, 20.0, 0.3, 0.0)",1.2436947226524353,0.3851674795150757,0.48090553283691406,0
seg+pos+rms,"(3.0, 20.0, 0.3, 0.0)",1.245539665222168,0.41560614109039307,0.644946813583374,0
seg+pos+rms,"(3.0, 20.0, 0.3, 0.0)",1.2519016861915588,0.38562893867492676,0.41099071502685547,0
seg+pos+rms,"(3.0, 20.0, 0.3, 0.0)",1.2364305257797241,0.37124717235565186,0.3576314449310303,0
seg+pos+rms,"(3.0, 20.0, 0.3, 0.0)",1.1834983825683594,0.38642215728759766,0.6286664009094238,0
seg+pos+rms,"(3.0, 20.0, 0.3, 0.0)",1.1876029968261719,0.3883153200149536,0.5405514240264893,0
seg+pos+rms,"(3.0, 20.0, 0.3, 0.0)",1.2594416737556458,0.4265824556350708,0.6099507808685303,0
seg+pos+rms,"(3.0, 20.0, 0.3, 0.0)",1.187682032585144,0.334702730178833,0.5965185165405273,0
seg+pos+rms,"(3.0, 20.0, 0.3, 0.3)",1.309774100780487,0.39438700675964355,0.49175047874450684,0
seg+pos+rms,"(3.0, 20.0, 0.3, 0.3)",1.1633272171020508,0.2795463800430298,0.3133659362792969,0
seg+pos+rms,"(3.0, 20.0, 0.3, 0.3)",1.2500572204589844,0.43852901458740234,0.47872471809387207,0
seg+pos+rms,"(3.0, 20.0, 0.3, 0.3)",1.2255767583847046,0.3056584596633911,0.513707160949707,0
seg+pos+rms,"(3.0, 20.0, 0.3, 0.3)",1.1875815391540527,0.3606235980987549,0.47698163986206055,0
seg+pos+rms,"(3.0, 20.0, 0.3, 0.3)",1.174568772315979,0.3339921236038208,0.284930944442749,0
seg+pos+rms,"(3.0, 20.0, 0.3, 0.3)",1.2198528051376343,0.2896573543548584,0.2302711009979248,0
seg+pos+rms,"(3.0, 20.0, 0.3, 0.3)",1.1774420738220215,0.4362976551055908,0.4876983165740967,0
seg+pos+rms,"(3.0, 20.0, 0.3, 0.3)",1.2437667846679688,0.42079615592956543,0.5129227638244629,0
seg+pos+rms,"(3.0, 20.0, 0.3, 0.3)",1.206058382987976,0.43681299686431885,0.5178885459899902,0
seg+pos+rms,"(3.0, 20.0, 0.3, 0.3)",1.2257876992225647,0.3748955726623535,0.3994741439819336,0
seg+pos+rms,"(3.0, 20.0, 0.3, 0.3)",1.300538420677185,0.37268614768981934,0.3653528690338135,0
seg+pos+rms,"(3.0, 20.0, 0.3, 0.3)",1.2004594802856445,0.3382014036178589,0.5435624122619629,0
seg+pos+rms,"(3.0, 20.0, 0.3, 0.3)",1.259598433971405,0.4576820135116577,0.5444560050964355,0
seg+pos+rms,"(3.0, 20.0, 0.3, 0.3)",1.2779492735862732,0.41178393363952637,0.4495716094970703,0
seg+pos+rms,"(3.0, 20.0, 0.3, 0.6)",1.2904796600341797,0.4644598960876465,0.28391289710998535,0
seg+pos+rms,"(3.0, 20.0, 0.3, 0.6)",1.1877902746200562,0.37296271324157715,0.15497493743896484,0
seg+pos+rms,"(3.0, 20.0, 0.3, 0.6)",1.1974894404411316,0.4452325105667114,0.40122556686401367,0
seg+pos+rms,"(3.0, 20.0, 0.3, 0.6)",1.1977248191833496,0.3188016414642334,0.09391164779663086,0
seg+pos+rms,"(3.0, 20.0, 0.3, 0.6)",1.1829838752746582,0.3465651273727417,0.4565168619155884,0
seg+pos+rms,"(3.0, 20.0, 0.3, 0.6)",1.1870810389518738,0.3420863151550293,0.2989180088043213,0
seg+pos+rms,"(3.0, 20.0, 0.3, 0.6)",1.2001031041145325,0.35976386070251465,0.33916139602661133,0
seg+pos+rms,"(3.0, 20.0, 0.3, 0.6)",1.1812962889671326,0.4311181306838989,0.3043808937072754,0
seg+pos+rms,"(3.0, 20.0, 0.3, 0.6)",1.3462876081466675,0.6015903949737549,0.5695978403091431,0
seg+pos+rms,"(3.0, 20.0, 0.3, 0.6)",1.2141990661621094,0.3405117988586426,0.22368192672729492,0
seg+pos+rms,"(3.0, 20.0, 0.3, 0.6)",1.2141074538230896,0.41501176357269287,0.3767423629760742,0
seg+pos+rms,"(3.0, 20.0, 0.3, 0.6)",1.319423496723175,0.5271546840667725,0.2036125659942627,0
seg+pos+rms,"(3.0, 20.0, 0.3, 0.6)",1.2736557722091675,0.4641674757003784,0.4258413314819336,0
seg+pos+rms,"(3.0, 20.0, 0.3, 0.6)",1.1688632369041443,0.4280334711074829,0.4105339050292969,0
seg+pos+rms,"(3.0, 20.0, 0.3, 0.6)",1.236018717288971,0.3586233854293823,0.16655373573303223,0
seg+pos+rms,"(3.0, 20.0, 0.3, -0.3)",1.2329540252685547,0.4475429058074951,0.7503335475921631,0
seg+pos+rms,"(3.0, 20.0, 0.3, -0.3)",1.2146361470222473,0.39818274974823,0.7657914161682129,0
seg+pos+rms,"(3.0, 20.0, 0.3, -0.3)",1.1947191953659058,0.44373369216918945,0.6704363822937012,0
seg+pos+rms,"(3.0, 20.0, 0.3, -0.3)",1.2435145378112793,0.45221996307373047,0.9072458744049072,0
seg+pos+rms,"(3.0, 20.0, 0.3, -0.3)",1.2506673336029053,0.41245734691619873,0.6603095531463623,0
seg+pos+rms,"(3.0, 20.0, 0.3, -0.3)",1.2233157753944397,0.4558981657028198,0.7448279857635498,0
seg+pos+rms,"(3.0, 20.0, 0.3, -0.3)",1.2332713603973389,0.46722114086151123,0.7698545455932617,0
seg+pos+rms,"(3.0, 20.0, 0.3, -0.3)",1.230700433254242,0.4370896816253662,0.7483482360839844,0
seg+pos+rms,"(3.0, 20.0, 0.3, -0.3)",1.266926884651184,0.4559345245361328,0.6706881523132324,0
seg+pos+rms,"(3.0, 20.0, 0.3, -0.3)",1.2214901447296143,0.39047765731811523,0.6406183242797852,0
seg+pos+rms,"(3.0, 20.0, 0.3, -0.3)",1.2039291858673096,0.28506433963775635,0.607623815536499,0
seg+pos+rms,"(3.0, 20.0, 0.3, -0.3)",1.2653275728225708,0.33948588371276855,0.5667529106140137,0
seg+pos+rms,"(3.0, 20.0, 0.3, -0.3)",1.3151979446411133,0.45030879974365234,0.675452709197998,0
seg+pos+rms,"(3.0, 20.0, 0.3, -0.3)",1.2320284247398376,0.3819025754928589,0.7303414344787598,0
seg+pos+rms,"(3.0, 20.0, 0.3, -0.3)",1.2061665058135986,0.5222175121307373,0.9441742897033691,0
seg+pos+rms,"(3.0, 20.0, 0.7, 0.0)",0.6937794387340546,0.078605055809021,0.08968544006347656,0
seg+pos+rms,"(3.0, 20.0, 0.7, 0.0)",0.7186337411403656,0.04637157917022705,0.07742452621459961,0
seg+pos+rms,"(3.0, 20.0, 0.7, 0.0)",0.6910356283187866,0.03174853324890137,0.10195016860961914,0
seg+pos+rms,"(3.0, 20.0, 0.7, 0.0)",0.7206554412841797,0.07361316680908203,0.09355926513671875,0
seg+pos+rms,"(3.0, 20.0, 0.7, 0.0)",0.6893607378005981,0.0527956485748291,0.03601527214050293,0
seg+pos+rms,"(3.0, 20.0, 0.7, 0.0)",0.6934066414833069,0.09425246715545654,0.09459686279296875,0
seg+pos+rms,"(3.0, 20.0, 0.7, 0.0)",0.7105892300605774,0.07021331787109375,0.1307377815246582,0
seg+pos+rms,"(3.0, 20.0, 0.7, 0.0)",0.6706814467906952,0.07937145233154297,0.10604310035705566,0
seg+pos+rms,"(3.0, 20.0, 0.7, 0.0)",0.7033582925796509,0.14624762535095215,0.1449441909790039,0
seg+pos+rms,"(3.0, 20.0, 0.7, 0.0)",0.6945647895336151,0.12305963039398193,0.17709112167358398,0
seg+pos+rms,"(3.0, 20.0, 0.7, 0.0)",0.6941890120506287,0.06764662265777588,0.04146075248718262,0
seg+pos+rms,"(3.0, 20.0, 0.7, 0.0)",0.747146487236023,0.03652215003967285,0.03289222717285156,0
seg+pos+rms,"(3.0, 20.0, 0.7, 0.0)",0.7506512403488159,0.09806978702545166,0.21143627166748047,0
seg+pos+rms,"(3.0, 20.0, 0.7, 0.0)",0.6736174821853638,0.10346901416778564,0.1992497444152832,0
seg+pos+rms,"(3.0, 20.0, 0.7, 0.0)",0.7049761414527893,0.07009768486022949,0.1189274787902832,0
seg+pos+rms,"(3.0, 20.0, 0.7, 0.3)",0.6968430578708649,0.08076965808868408,0.14467501640319824,0
seg+pos+rms,"(3.0, 20.0, 0.7, 0.3)",0.7193476557731628,0.10460340976715088,0.024859905242919922,0
seg+pos+rms,"(3.0, 20.0, 0.7, 0.3)",0.6908206343650818,0.09651589393615723,0.20478105545043945,0
seg+pos+rms,"(3.0, 20.0, 0.7, 0.3)",0.693181037902832,0.04423046112060547,0.0012121200561523438,0
seg+pos+rms,"(3.0, 20.0, 0.7, 0.3)",0.7216764688491821,0.09782028198242188,0.12587952613830566,0
seg+pos+rms,"(3.0, 20.0, 0.7, 0.3)",0.7242471873760223,0.152496337890625,0.15860342979431152,0
seg+pos+rms,"(3.0, 20.0, 0.7, 0.3)",0.7206369340419769,0.05871427059173584,0.030797243118286133,0
seg+pos+rms,"(3.0, 20.0, 0.7, 0.3)",0.7755091190338135,0.17475998401641846,0.09436988830566406,0
seg+pos+rms,"(3.0, 20.0, 0.7, 0.3)",0.7118208110332489,0.1545795202255249,0.06047677993774414,0
seg+pos+rms,"(3.0, 20.0, 0.7, 0.3)",0.6891862154006958,0.10402917861938477,0.12788081169128418,0
seg+pos+rms,"(3.0, 20.0, 0.7, 0.3)",0.7187749147415161,0.06656944751739502,0.1640021800994873,0
seg+pos+rms,"(3.0, 20.0, 0.7, 0.3)",0.6983685493469238,0.10095953941345215,0.09022688865661621,0
seg+pos+rms,"(3.0, 20.0, 0.7, 0.3)",0.7020145058631897,0.07195770740509033,0.19574785232543945,0
seg+pos+rms,"(3.0, 20.0, 0.7, 0.3)",0.7033402323722839,0.0990302562713623,0.05486464500427246,0
seg+pos+rms,"(3.0, 20.0, 0.7, 0.3)",0.7154444456100464,0.09053373336791992,0.009854793548583984,0
seg+pos+rms,"(3.0, 20.0, 0.7, 0.6)",0.7075430750846863,0.00893712043762207,0.11664009094238281,0
seg+pos+rms,"(3.0, 20.0, 0.7, 0.6)",0.7198327779769897,0.0844336748123169,0.0388188362121582,0
seg+pos+rms,"(3.0, 20.0, 0.7, 0.6)",0.7091106474399567,0.08968186378479004,0.15898823738098145,0
seg+pos+rms,"(3.0, 20.0, 0.7, 0.6)",0.7018786072731018,0.03213071823120117,0.03514671325683594,0
seg+pos+rms,"(3.0, 20.0, 0.7, 0.6)",0.7301891148090363,0.1746079921722412,0.0036983489990234375,0
seg+pos+rms,"(3.0, 20.0, 0.7, 0.6)",0.6983886361122131,0.0963512659072876,0.01720404624938965,0
seg+pos+rms,"(3.0, 20.0, 0.7, 0.6)",0.6462248861789703,0.11148345470428467,0.1269829273223877,0
seg+pos+rms,"(3.0, 20.0, 0.7, 0.6)",0.7075289487838745,0.08917617797851562,0.03466033935546875,0
seg+pos+rms,"(3.0, 20.0, 0.7, 0.6)",0.7443002462387085,0.0320056676864624,0.03250908851623535,0
seg+pos+rms,"(3.0, 20.0, 0.7, 0.6)",0.6873804926872253,0.05861771106719971,0.014091968536376953,0
seg+pos+rms,"(3.0, 20.0, 0.7, 0.6)",0.6763748824596405,0.05757713317871094,0.05167794227600098,0
seg+pos+rms,"(3.0, 20.0, 0.7, 0.6)",0.7816784381866455,0.1881730556488037,0.006998538970947266,0
seg+pos+rms,"(3.0, 20.0, 0.7, 0.6)",0.6871753931045532,0.11167585849761963,0.018459320068359375,0
seg+pos+rms,"(3.0, 20.0, 0.7, 0.6)",0.6699682772159576,0.05806684494018555,0.05946707725524902,0
seg+pos+rms,"(3.0, 20.0, 0.7, 0.6)",0.665838748216629,0.032539963722229004,0.0488739013671875,0
seg+pos+rms,"(3.0, 20.0, 0.7, -0.3)",0.760543555021286,0.09339356422424316,0.16643047332763672,0
seg+pos+rms,"(3.0, 20.0, 0.7, -0.3)",0.7392755746841431,0.13034868240356445,0.23399829864501953,0
seg+pos+rms,"(3.0, 20.0, 0.7, -0.3)",0.7098093926906586,0.11061835289001465,0.21006011962890625,0
seg+pos+rms,"(3.0, 20.0, 0.7, -0.3)",0.6919926106929779,0.12762975692749023,0.1606760025024414,0
seg+pos+rms,"(3.0, 20.0, 0.7, -0.3)",0.7544565796852112,0.04347193241119385,0.11386394500732422,0
seg+pos+rms,"(3.0, 20.0, 0.7, -0.3)",0.7176155149936676,0.12749171257019043,0.18432998657226562,0
seg+pos+rms,"(3.0, 20.0, 0.7, -0.3)",0.6750860810279846,0.05507385730743408,0.09526920318603516,0
seg+pos+rms,"(3.0, 20.0, 0.7, -0.3)",0.743364155292511,0.13806748390197754,0.27364540100097656,0
seg+pos+rms,"(3.0, 20.0, 0.7, -0.3)",0.6957108974456787,0.13821136951446533,0.2240285873413086,0
seg+pos+rms,"(3.0, 20.0, 0.7, -0.3)",0.7353227138519287,0.09423112869262695,0.1030583381652832,0
seg+pos+rms,"(3.0, 20.0, 0.7, -0.3)",0.6533769071102142,0.0789114236831665,0.1306743621826172,0
seg+pos+rms,"(3.0, 20.0, 0.7, -0.3)",0.6858144104480743,0.04020333290100098,0.05281257629394531,0
seg+pos+rms,"(3.0, 20.0, 0.7, -0.3)",0.695038914680481,0.02527141571044922,0.027456283569335938,0
seg+pos+rms,"(3.0, 20.0, 0.7, -0.3)",0.690989226102829,0.06125175952911377,0.10262775421142578,0
seg+pos+rms,"(3.0, 20.0, 0.7, -0.3)",0.7010968923568726,0.0999528169631958,0.19386720657348633,0
seg+pos+rms,"(1.5, 8.0, 0.3, 0.0)",0.8472615778446198,0.2690369486808777,0.30221033096313477,1
seg+pos+rms,"(1.5, 8.0, 0.3, 0.0)",0.8115296065807343,0.24243777990341187,0.39566755294799805,1
seg+pos+rms,"(1.5, 8.0, 0.3, 0.0)",0.8311885595321655,0.27068430185317993,0.3671102523803711,1
seg+pos+rms,"(1.5, 8.0, 0.3, 0.0)",0.8524182736873627,0.24872267246246338,0.33658742904663086,1
seg+pos+rms,"(1.5, 8.0, 0.3, 0.0)",0.8404800295829773,0.2716546058654785,0.46390974521636963,1
seg+pos+rms,"(1.5, 8.0, 0.3, 0.0)",0.8364554643630981,0.2836323380470276,0.3949892520904541,1
seg+pos+rms,"(1.5, 8.0, 0.3, 0.0)",0.7997574806213379,0.24556922912597656,0.3288452625274658,1
seg+pos+rms,"(1.5, 8.0, 0.3, 0.0)",0.8545186221599579,0.3074095845222473,0.5145473480224609,1
seg+pos+rms,"(1.5, 8.0, 0.3, 0.0)",0.857848048210144,0.2436104416847229,0.37558555603027344,1
seg+pos+rms,"(1.5, 8.0, 0.3, 0.0)",0.8580412268638611,0.19152545928955078,0.2515219449996948,1
seg+pos+rms,"(1.5, 8.0, 0.3, 0.0)",0.8406432867050171,0.22174155712127686,0.19715464115142822,1
seg+pos+rms,"(1.5, 8.0, 0.3, 0.0)",0.8455032110214233,0.2357006072998047,0.3009321689605713,1
seg+pos+rms,"(1.5, 8.0, 0.3, 0.0)",0.8830087184906006,0.3239918351173401,0.3894526958465576,1
seg+pos+rms,"(1.5, 8.0, 0.3, 0.0)",0.8094215393066406,0.22945314645767212,0.3664546012878418,1
seg+pos+rms,"(1.5, 8.0, 0.3, 0.0)",0.8134499788284302,0.3059430718421936,0.36961376667022705,1
seg+pos+rms,"(1.5, 8.0, 0.3, 0.3)",0.8376287221908569,0.25243788957595825,0.2656984329223633,1
seg+pos+rms,"(1.5, 8.0, 0.3, 0.3)",0.8646391928195953,0.2739771604537964,0.4648550748825073,1
seg+pos+rms,"(1.5, 8.0, 0.3, 0.3)",0.8302075564861298,0.28604382276535034,0.3396087884902954,1
seg+pos+rms,"(1.5, 8.0, 0.3, 0.3)",0.8764734268188477,0.27959030866622925,0.29500675201416016,1
seg+pos+rms,"(1.5, 8.0, 0.3, 0.3)",0.8352421522140503,0.2748870849609375,0.40273499488830566,1
seg+pos+rms,"(1.5, 8.0, 0.3, 0.3)",0.8450651168823242,0.24194282293319702,0.3029301166534424,1
seg+pos+rms,"(1.5, 8.0, 0.3, 0.3)",0.7970783114433289,0.29013746976852417,0.24553346633911133,1
seg+pos+rms,"(1.5, 8.0, 0.3, 0.3)",0.8540312647819519,0.3076269030570984,0.48066532611846924,1
seg+pos+rms,"(1.5, 8.0, 0.3, 0.3)",0.7920858263969421,0.2890310287475586,0.3248775005340576,1
seg+pos+rms,"(1.5, 8.0, 0.3, 0.3)",0.854276716709137,0.2590930461883545,0.2883247137069702,1
seg+pos+rms,"(1.5, 8.0, 0.3, 0.3)",0.8291762173175812,0.30013006925582886,0.23922109603881836,1
seg+pos+rms,"(1.5, 8.0, 0.3, 0.3)",0.9334280490875244,0.28591495752334595,0.13359379768371582,1
seg+pos+rms,"(1.5, 8.0, 0.3, 0.3)",0.846039354801178,0.24356836080551147,0.18189966678619385,1
seg+pos+rms,"(1.5, 8.0, 0.3, 0.3)",0.8359551131725311,0.3308960199356079,0.44858789443969727,1
seg+pos+rms,"(1.5, 8.0, 0.3, 0.3)",0.8280780017375946,0.25912177562713623,0.30192720890045166,1
seg+pos+rms,"(1.5, 8.0, 0.3, 0.6)",0.8310288190841675,0.2984594702720642,0.1637744903564453,1
seg+pos+rms,"(1.5, 8.0, 0.3, 0.6)",0.8335927724838257,0.26233989000320435,0.10657858848571777,1
seg+pos+rms,"(1.5, 8.0, 0.3, 0.6)",0.854464054107666,0.2878760099411011,0.11209523677825928,1
seg+pos+rms,"(1.5, 8.0, 0.3, 0.6)",0.8052438199520111,0.2675265073776245,0.09917080402374268,1
seg+pos+rms,"(1.5, 8.0, 0.3, 0.6)",0.8382450938224792,0.32768815755844116,0.2767188549041748,1
seg+pos+rms,"(1.5, 8.0, 0.3, 0.6)",0.8233347535133362,0.20753782987594604,0.07221734523773193,1
seg+pos+rms,"(1.5, 8.0, 0.3, 0.6)",0.8453246355056763,0.305652916431427,0.13403105735778809,1
seg+pos+rms,"(1.5, 8.0, 0.3, 0.6)",0.85517418384552,0.18848717212677002,0.12461936473846436,1
seg+pos+rms,"(1.5, 8.0, 0.3, 0.6)",0.8200993537902832,0.31956419348716736,0.08749091625213623,1
seg+pos+rms,"(1.5, 8.0, 0.3, 0.6)",0.8652636706829071,0.30061769485473633,0.15194523334503174,1
seg+pos+rms,"(1.5, 8.0, 0.3, 0.6)",0.8102583289146423,0.24825048446655273,0.14394259452819824,1
seg+pos+rms,"(1.5, 8.0, 0.3, 0.6)",0.86886927485466,0.36897769570350647,0.2141050100326538,1
seg+pos+rms,"(1.5, 8.0, 0.3, 0.6)",0.8501929044723511,0.24842000007629395,0.19156813621520996,1
seg+pos+rms,"(1.5, 8.0, 0.3, 0.6)",0.8884344398975372,0.20695608854293823,0.12436032295227051,1
seg+pos+rms,"(1.5, 8.0, 0.3, 0.6)",0.8404735028743744,0.3266265392303467,0.15819942951202393,1
seg+pos+rms,"(1.5, 8.0, 0.3, -0.3)",0.8162274062633514,0.2694598436355591,0.5165790319442749,1
seg+pos+rms,"(1.5, 8.0, 0.3, -0.3)",0.8478603363037109,0.26995915174484253,0.3654787540435791,1
seg+pos+rms,"(1.5, 8.0, 0.3, -0.3)",0.8269168138504028,0.2346770167350769,0.4023491144180298,1
seg+pos+rms,"(1.5, 8.0, 0.3, -0.3)",0.8579808175563812,0.2983086109161377,0.4680105447769165,1
seg+pos+rms,"(1.5, 8.0, 0.3, -0.3)",0.8557629883289337,0.24924445152282715,0.43171823024749756,1
seg+pos+rms,"(1.5, 8.0, 0.3, -0.3)",0.8486099243164062,0.32131969928741455,0.49992287158966064,1
seg+pos+rms,"(1.5, 8.0, 0.3, -0.3)",0.8464027941226959,0.15241646766662598,0.3561666011810303,1
seg+pos+rms,"(1.5, 8.0, 0.3, -0.3)",0.8400633037090302,0.2770918607711792,0.5559604167938232,1
seg+pos+rms,"(1.5, 8.0, 0.3, -0.3)",0.8625563383102417,0.24610906839370728,0.37613749504089355,1
seg+pos+rms,"(1.5, 8.0, 0.3, -0.3)",0.8627510070800781,0.27391737699508667,0.4143514633178711,1
seg+pos+rms,"(1.5, 8.0, 0.3, -0.3)",0.8443070352077484,0.27293938398361206,0.432056188583374,1
seg+pos+rms,"(1.5, 8.0, 0.3, -0.3)",0.8614971041679382,0.24732011556625366,0.42555975914001465,1
seg+pos+rms,"(1.5, 8.0, 0.3, -0.3)",0.8070383667945862,0.2559264302253723,0.3987882137298584,1
seg+pos+rms,"(1.5, 8.0, 0.3, -0.3)",0.8731287121772766,0.296647310256958,0.4735705852508545,1
seg+pos+rms,"(1.5, 8.0, 0.3, -0.3)",0.8309357166290283,0.21226727962493896,0.38934946060180664,1
seg+pos+rms,"(1.5, 8.0, 0.7, 0.0)",0.6008616089820862,0.08760875463485718,0.1663450002670288,1
seg+pos+rms,"(1.5, 8.0, 0.7, 0.0)",0.6363753378391266,0.06447350978851318,0.20985329151153564,1
seg+pos+rms,"(1.5, 8.0, 0.7, 0.0)",0.5786259174346924,0.10074561834335327,0.21943700313568115,1
seg+pos+rms,"(1.5, 8.0, 0.7, 0.0)",0.6595402657985687,0.09495830535888672,0.17501044273376465,1
seg+pos+rms,"(1.5, 8.0, 0.7, 0.0)",0.6615366339683533,0.08377939462661743,0.04928016662597656,1
seg+pos+rms,"(1.5, 8.0, 0.7, 0.0)",0.6376641988754272,0.10501199960708618,0.15565967559814453,1
seg+pos+rms,"(1.5, 8.0, 0.7, 0.0)",0.6015451550483704,0.10329163074493408,0.17144083976745605,1
seg+pos+rms,"(1.5, 8.0, 0.7, 0.0)",0.6543313562870026,0.0806039571762085,0.08776259422302246,1
seg+pos+rms,"(1.5, 8.0, 0.7, 0.0)",0.5979450047016144,0.0997995138168335,0.25026869773864746,1
seg+pos+rms,"(1.5, 8.0, 0.7, 0.0)",0.6838490664958954,0.14118510484695435,0.16727352142333984,1
seg+pos+rms,"(1.5, 8.0, 0.7, 0.0)",0.666385680437088,0.08268380165100098,0.08768272399902344,1
seg+pos+rms,"(1.5, 8.0, 0.7, 0.0)",0.6525327861309052,0.07567989826202393,0.09018969535827637,1
seg+pos+rms,"(1.5, 8.0, 0.7, 0.0)",0.6878854036331177,0.07052433490753174,0.017268896102905273,1
seg+pos+rms,"(1.5, 8.0, 0.7, 0.0)",0.651709645986557,0.1669156551361084,0.1709578037261963,1
seg+pos+rms,"(1.5, 8.0, 0.7, 0.0)",0.6678008139133453,0.07612907886505127,0.23074185848236084,1
seg+pos+rms,"(1.5, 8.0, 0.7, 0.3)",0.6613864302635193,0.07617294788360596,0.06651055812835693,1
seg+pos+rms,"(1.5, 8.0, 0.7, 0.3)",0.6670466065406799,0.06202197074890137,0.014467716217041016,1
seg+pos+rms,"(1.5, 8.0, 0.7, 0.3)",0.6630545556545258,0.037881314754486084,0.1416916847229004,1
seg+pos+rms,"(1.5, 8.0, 0.7, 0.3)",0.6862519085407257,0.19082003831863403,0.12667584419250488,1
seg+pos+rms,"(1.5, 8.0, 0.7, 0.3)",0.6073805689811707,0.0227586030960083,0.0019941329956054688,1
seg+pos+rms,"(1.5, 8.0, 0.7, 0.3)",0.6214320063591003,0.04286623001098633,0.01032721996307373,1
seg+pos+rms,"(1.5, 8.0, 0.7, 0.3)",0.6142974197864532,0.11181998252868652,0.09174609184265137,1
seg+pos+rms,"(1.5, 8.0, 0.7, 0.3)",0.6805729269981384,0.12934887409210205,0.05577349662780762,1
seg+pos+rms,"(1.5, 8.0, 0.7, 0.3)",0.5878035128116608,0.03705209493637085,0.02865886688232422,1
seg+pos+rms,"(1.5, 8.0, 0.7, 0.3)",0.6549791395664215,0.07446640729904175,0.021460533142089844,1
seg+pos+rms,"(1.5, 8.0, 0.7, 0.3)",0.6500566005706787,0.03263634443283081,0.018662333488464355,1
seg+pos+rms,"(1.5, 8.0, 0.7, 0.3)",0.6269174218177795,0.11155515909194946,0.12887275218963623,1
seg+pos+rms,"(1.5, 8.0, 0.7, 0.3)",0.6031287312507629,0.07362914085388184,0.11806070804595947,1
seg+pos+rms,"(1.5, 8.0, 0.7, 0.3)",0.5969085991382599,0.07831114530563354,0.18425726890563965,1
seg+pos+rms,"(1.5, 8.0, 0.7, 0.3)",0.6038926839828491,0.05881232023239136,0.15032470226287842,1
seg+pos+rms,"(1.5, 8.0, 0.7, 0.6)",0.6305041909217834,0.0827629566192627,0.10283303260803223,1
seg+pos+rms,"(1.5, 8.0, 0.7, 0.6)",0.658397763967514,0.10328936576843262,0.12070274353027344,1
seg+pos+rms,"(1.5, 8.0, 0.7, 0.6)",0.6911275684833527,0.06785744428634644,0.019780278205871582,1
seg+pos+rms,"(1.5, 8.0, 0.7, 0.6)",0.651135265827179,0.06161576509475708,0.00674283504486084,1
seg+pos+rms,"(1.5, 8.0, 0.7, 0.6)",0.6763176321983337,0.11204397678375244,0.0647125244140625,1
seg+pos+rms,"(1.5, 8.0, 0.7, 0.6)",0.6375455558300018,0.10451960563659668,0.012424945831298828,1
seg+pos+rms,"(1.5, 8.0, 0.7, 0.6)",0.6640495359897614,0.09133464097976685,0.038020968437194824,1
seg+pos+rms,"(1.5, 8.0, 0.7, 0.6)",0.6612039804458618,0.1549818515777588,0.02588045597076416,1
seg+pos+rms,"(1.5, 8.0, 0.7, 0.6)",0.6394801139831543,0.11428403854370117,0.00365293025970459,1
seg+pos+rms,"(1.5, 8.0, 0.7, 0.6)",0.6799705028533936,0.10226219892501831,0.09847462177276611,1
seg+pos+rms,"(1.5, 8.0, 0.7, 0.6)",0.6535853743553162,0.09786838293075562,0.05492198467254639,1
seg+pos+rms,"(1.5, 8.0, 0.7, 0.6)",0.6454607248306274,0.059552133083343506,0.08059859275817871,1
seg+pos+rms,"(1.5, 8.0, 0.7, 0.6)",0.6283415853977203,0.06294924020767212,0.023483872413635254,1
seg+pos+rms,"(1.5, 8.0, 0.7, 0.6)",0.6042055487632751,0.03684818744659424,0.023598790168762207,1
seg+pos+rms,"(1.5, 8.0, 0.7, 0.6)",0.62966388463974,0.06370317935943604,0.11764633655548096,1
seg+pos+rms,"(1.5, 8.0, 0.7, -0.3)",0.6593094170093536,0.16130220890045166,0.33905982971191406,1
seg+pos+rms,"(1.5, 8.0, 0.7, -0.3)",0.6349616348743439,0.11556625366210938,0.1959524154663086,1
seg+pos+rms,"(1.5, 8.0, 0.7, -0.3)",0.6018763184547424,0.05166381597518921,0.12685418128967285,1
seg+pos+rms,"(1.5, 8.0, 0.7, -0.3)",0.598196268081665,0.09455996751785278,0.1482868194580078,1
seg+pos+rms,"(1.5, 8.0, 0.7, -0.3)",0.6374865174293518,0.137304425239563,0.2651665210723877,1
seg+pos+rms,"(1.5, 8.0, 0.7, -0.3)",0.6703133881092072,0.1224711537361145,0.22422361373901367,1
seg+pos+rms,"(1.5, 8.0, 0.7, -0.3)",0.602545440196991,0.11011332273483276,0.08681774139404297,1
seg+pos+rms,"(1.5, 8.0, 0.7, -0.3)",0.6346037089824677,0.09015482664108276,0.20724844932556152,1
seg+pos+rms,"(1.5, 8.0, 0.7, -0.3)",0.629700094461441,0.019981861114501953,0.050946712493896484,1
seg+pos+rms,"(1.5, 8.0, 0.7, -0.3)",0.5742801427841187,0.06388241052627563,0.12423920631408691,1
seg+pos+rms,"(1.5, 8.0, 0.7, -0.3)",0.6392796039581299,0.05576401948928833,0.0763545036315918,1
seg+pos+rms,"(1.5, 8.0, 0.7, -0.3)",0.6866387724876404,0.09498417377471924,0.08956384658813477,1
seg+pos+rms,"(1.5, 8.0, 0.7, -0.3)",0.6270452439785004,0.07714670896530151,0.27659785747528076,1
seg+pos+rms,"(1.5, 8.0, 0.7, -0.3)",0.6667984127998352,0.094199538230896,0.20641279220581055,1
seg+pos+rms,"(1.5, 8.0, 0.7, -0.3)",0.6122475564479828,0.07371824979782104,0.10605764389038086,1
seg+pos+rms,"(1.5, 20.0, 0.3, 0.0)",0.6761788129806519,0.13558268547058105,0.1793668270111084,1
seg+pos+rms,"(1.5, 20.0, 0.3, 0.0)",0.7089619338512421,0.13901567459106445,0.2307751178741455,1
seg+pos+rms,"(1.5, 20.0, 0.3, 0.0)",0.6782792806625366,0.09771406650543213,0.09789228439331055,1
seg+pos+rms,"(1.5, 20.0, 0.3, 0.0)",0.6832777559757233,0.12806028127670288,0.21048665046691895,1
seg+pos+rms,"(1.5, 20.0, 0.3, 0.0)",0.7481562495231628,0.17078077793121338,0.22016000747680664,1
seg+pos+rms,"(1.5, 20.0, 0.3, 0.0)",0.6755139827728271,0.03641653060913086,0.01553201675415039,1
seg+pos+rms,"(1.5, 20.0, 0.3, 0.0)",0.7095626890659332,0.12476015090942383,0.15596890449523926,1
seg+pos+rms,"(1.5, 20.0, 0.3, 0.0)",0.6713139414787292,0.12441509962081909,0.0417630672454834,1
seg+pos+rms,"(1.5, 20.0, 0.3, 0.0)",0.66776904463768,0.19480526447296143,0.22185778617858887,1
seg+pos+rms,"(1.5, 20.0, 0.3, 0.0)",0.7310741543769836,0.11080372333526611,0.15157389640808105,1
seg+pos+rms,"(1.5, 20.0, 0.3, 0.0)",0.7192932367324829,0.12103497982025146,0.14382624626159668,1
seg+pos+rms,"(1.5, 20.0, 0.3, 0.0)",0.7004544138908386,0.16001629829406738,0.30274927616119385,1
seg+pos+rms,"(1.5, 20.0, 0.3, 0.0)",0.7374335527420044,0.09190565347671509,0.04067683219909668,1
seg+pos+rms,"(1.5, 20.0, 0.3, 0.0)",0.6664166152477264,0.16596943140029907,0.14327764511108398,1
seg+pos+rms,"(1.5, 20.0, 0.3, 0.0)",0.6891699433326721,0.11350595951080322,0.22086572647094727,1
seg+pos+rms,"(1.5, 20.0, 0.3, 0.3)",0.6994567513465881,0.18267524242401123,0.20486712455749512,1
seg+pos+rms,"(1.5, 20.0, 0.3, 0.3)",0.7005857229232788,0.17606061697006226,0.18080544471740723,1
seg+pos+rms,"(1.5, 20.0, 0.3, 0.3)",0.7023387253284454,0.16134929656982422,0.13732612133026123,1
seg+pos+rms,"(1.5, 20.0, 0.3, 0.3)",0.6948530077934265,0.17087799310684204,0.1740407943725586,1
seg+pos+rms,"(1.5, 20.0, 0.3, 0.3)",0.7016069293022156,0.12913239002227783,0.06815505027770996,1
seg+pos+rms,"(1.5, 20.0, 0.3, 0.3)",0.6937543153762817,0.150779128074646,0.26467394828796387,1
seg+pos+rms,"(1.5, 20.0, 0.3, 0.3)",0.672118604183197,0.1306217908859253,0.0820012092590332,1
seg+pos+rms,"(1.5, 20.0, 0.3, 0.3)",0.7252785861492157,0.12226444482803345,0.04648852348327637,1
seg+pos+rms,"(1.5, 20.0, 0.3, 0.3)",0.7369520664215088,0.14039796590805054,0.20438694953918457,1
seg+pos+rms,"(1.5, 20.0, 0.3, 0.3)",0.751702070236206,0.14602166414260864,0.2262815237045288,1
seg+pos+rms,"(1.5, 20.0, 0.3, 0.3)",0.723061740398407,0.12653255462646484,0.10362911224365234,1
seg+pos+rms,"(1.5, 20.0, 0.3, 0.3)",0.7345707416534424,0.07061260938644409,0.09623479843139648,1
seg+pos+rms,"(1.5, 20.0, 0.3, 0.3)",0.713780015707016,0.1093827486038208,0.1180957555770874,1
seg+pos+rms,"(1.5, 20.0, 0.3, 0.3)",0.694544106721878,0.08522957563400269,0.19331443309783936,1
seg+pos+rms,"(1.5, 20.0, 0.3, 0.3)",0.7158015668392181,0.08156591653823853,0.07189106941223145,1
seg+pos+rms,"(1.5, 20.0, 0.3, 0.6)",0.7097332179546356,0.15468883514404297,0.14440810680389404,1
seg+pos+rms,"(1.5, 20.0, 0.3, 0.6)",0.7057285010814667,0.12437939643859863,0.052522897720336914,1
seg+pos+rms,"(1.5, 20.0, 0.3, 0.6)",0.6771769523620605,0.16699647903442383,0.0813143253326416,1
seg+pos+rms,"(1.5, 20.0, 0.3, 0.6)",0.6965358257293701,0.10254710912704468,0.055420875549316406,1
seg+pos+rms,"(1.5, 20.0, 0.3, 0.6)",0.6538267433643341,0.08182626962661743,0.0015503168106079102,1
seg+pos+rms,"(1.5, 20.0, 0.3, 0.6)",0.6731669902801514,0.16519075632095337,0.03723180294036865,1
seg+pos+rms,"(1.5, 20.0, 0.3, 0.6)",0.669893741607666,0.0998501181602478,0.03068852424621582,1
seg+pos+rms,"(1.5, 20.0, 0.3, 0.6)",0.6986986696720123,0.18907564878463745,0.1950387954711914,1
seg+pos+rms,"(1.5, 20.0, 0.3, 0.6)",0.7115274965763092,0.10225051641464233,0.055893898010253906,1
seg+pos+rms,"(1.5, 20.0, 0.3, 0.6)",0.6665216684341431,0.12453693151473999,0.0388716459274292,1
seg+pos+rms,"(1.5, 20.0, 0.3, 0.6)",0.6845775246620178,0.13159030675888062,0.03867197036743164,1
seg+pos+rms,"(1.5, 20.0, 0.3, 0.6)",0.7109936475753784,0.03324347734451294,0.05208909511566162,1
seg+pos+rms,"(1.5, 20.0, 0.3, 0.6)",0.7206567227840424,0.12093144655227661,0.05066406726837158,1
seg+pos+rms,"(1.5, 20.0, 0.3, 0.6)",0.7072355151176453,0.1442185640335083,0.22978460788726807,1
seg+pos+rms,"(1.5, 20.0, 0.3, 0.6)",0.6903254985809326,0.18727612495422363,0.023994922637939453,1
seg+pos+rms,"(1.5, 20.0, 0.3, -0.3)",0.6653902232646942,0.0956234335899353,0.22170233726501465,1
seg+pos+rms,"(1.5, 20.0, 0.3, -0.3)",0.6911079287528992,0.12185078859329224,0.1678791046142578,1
seg+pos+rms,"(1.5, 20.0, 0.3, -0.3)",0.6765719652175903,0.0552290678024292,0.04095578193664551,1
seg+pos+rms,"(1.5, 20.0, 0.3, -0.3)",0.6949128210544586,0.16934967041015625,0.2984391450881958,1
seg+pos+rms,"(1.5, 20.0, 0.3, -0.3)",0.6833743751049042,0.18919938802719116,0.39341092109680176,1
seg+pos+rms,"(1.5, 20.0, 0.3, -0.3)",0.6692639589309692,0.05991864204406738,0.18898415565490723,1
seg+pos+rms,"(1.5, 20.0, 0.3, -0.3)",0.6375887393951416,0.0950385332107544,0.20879697799682617,1
seg+pos+rms,"(1.5, 20.0, 0.3, -0.3)",0.6692924499511719,0.1424006223678589,0.35524260997772217,1
seg+pos+rms,"(1.5, 20.0, 0.3, -0.3)",0.7521989345550537,0.15831345319747925,0.27443957328796387,1
seg+pos+rms,"(1.5, 20.0, 0.3, -0.3)",0.6650980114936829,0.018928229808807373,0.0985405445098877,1
seg+pos+rms,"(1.5, 20.0, 0.3, -0.3)",0.7526727616786957,0.06230860948562622,0.1870439052581787,1
seg+pos+rms,"(1.5, 20.0, 0.3, -0.3)",0.7098317742347717,0.1437002420425415,0.18466949462890625,1
seg+pos+rms,"(1.5, 20.0, 0.3, -0.3)",0.7726530432701111,0.1847398281097412,0.27071309089660645,1
seg+pos+rms,"(1.5, 20.0, 0.3, -0.3)",0.6882795691490173,0.07109040021896362,0.13790655136108398,1
seg+pos+rms,"(1.5, 20.0, 0.3, -0.3)",0.7476551532745361,0.1095002293586731,0.24025273323059082,1
seg+pos+rms,"(1.5, 20.0, 0.7, 0.0)",0.4961835891008377,0.012569785118103027,0.006405234336853027,1
seg+pos+rms,"(1.5, 20.0, 0.7, 0.0)",0.46470656991004944,0.05056655406951904,0.0011110305786132812,1
seg+pos+rms,"(1.5, 20.0, 0.7, 0.0)",0.44548797607421875,0.028308987617492676,0.11590838432312012,1
seg+pos+rms,"(1.5, 20.0, 0.7, 0.0)",0.5084162950515747,0.06831949949264526,0.1346147060394287,1
seg+pos+rms,"(1.5, 20.0, 0.7, 0.0)",0.5011570155620575,0.05106067657470703,0.12339615821838379,1
seg+pos+rms,"(1.5, 20.0, 0.7, 0.0)",0.47217124700546265,0.051709532737731934,0.05039691925048828,1
seg+pos+rms,"(1.5, 20.0, 0.7, 0.0)",0.48519040644168854,0.032433152198791504,0.020987749099731445,1
seg+pos+rms,"(1.5, 20.0, 0.7, 0.0)",0.5248640179634094,0.0636109709739685,0.1698446273803711,1
seg+pos+rms,"(1.5, 20.0, 0.7, 0.0)",0.48480066657066345,0.11786842346191406,0.04401135444641113,1
seg+pos+rms,"(1.5, 20.0, 0.7, 0.0)",0.4695649892091751,0.0690506100654602,0.08829283714294434,1
seg+pos+rms,"(1.5, 20.0, 0.7, 0.0)",0.453452929854393,0.024618208408355713,0.030650615692138672,1
seg+pos+rms,"(1.5, 20.0, 0.7, 0.0)",0.4608186036348343,0.07025444507598877,0.14845752716064453,1
seg+pos+rms,"(1.5, 20.0, 0.7, 0.0)",0.5176185667514801,0.03961312770843506,0.13028240203857422,1
seg+pos+rms,"(1.5, 20.0, 0.7, 0.0)",0.47984275221824646,0.028089046478271484,0.07148098945617676,1
seg+pos+rms,"(1.5, 20.0, 0.7, 0.0)",0.4814050644636154,0.06663072109222412,0.026758432388305664,1
seg+pos+rms,"(1.5, 20.0, 0.7, 0.3)",0.4760879725217819,0.038248658180236816,0.030694007873535156,1
seg+pos+rms,"(1.5, 20.0, 0.7, 0.3)",0.487173855304718,0.06490767002105713,0.10527527332305908,1
seg+pos+rms,"(1.5, 20.0, 0.7, 0.3)",0.5031175315380096,0.09914076328277588,0.18380582332611084,1
seg+pos+rms,"(1.5, 20.0, 0.7, 0.3)",0.49301043152809143,0.055715739727020264,0.15300703048706055,1
seg+pos+rms,"(1.5, 20.0, 0.7, 0.3)",0.45306769013404846,0.04461437463760376,0.12757515907287598,1
seg+pos+rms,"(1.5, 20.0, 0.7, 0.3)",0.4537968784570694,0.034616947174072266,0.1097254753112793,1
seg+pos+rms,"(1.5, 20.0, 0.7, 0.3)",0.5135031342506409,0.08217060565948486,0.13211405277252197,1
seg+pos+rms,"(1.5, 20.0, 0.7, 0.3)",0.4766290485858917,0.014159560203552246,0.03466618061065674,1
seg+pos+rms,"(1.5, 20.0, 0.7, 0.3)",0.5027233958244324,0.05693846940994263,0.1875905990600586,1
seg+pos+rms,"(1.5, 20.0, 0.7, 0.3)",0.42589953541755676,0.05547970533370972,0.1256237030029297,1
seg+pos+rms,"(1.5, 20.0, 0.7, 0.3)",0.49268001317977905,0.04181647300720215,0.08315467834472656,1
seg+pos+rms,"(1.5, 20.0, 0.7, 0.3)",0.48100700974464417,0.04108685255050659,0.05617630481719971,1
seg+pos+rms,"(1.5, 20.0, 0.7, 0.3)",0.47361768782138824,0.06670576333999634,0.098671555519104,1
seg+pos+rms,"(1.5, 20.0, 0.7, 0.3)",0.5392264723777771,0.06798207759857178,0.07123613357543945,1
seg+pos+rms,"(1.5, 20.0, 0.7, 0.3)",0.42797496914863586,0.04145956039428711,0.05661725997924805,1
seg+pos+rms,"(1.5, 20.0, 0.7, 0.6)",0.4684206247329712,0.03753542900085449,0.1018831729888916,1
seg+pos+rms,"(1.5, 20.0, 0.7, 0.6)",0.488759309053421,0.03373157978057861,0.1338670253753662,1
seg+pos+rms,"(1.5, 20.0, 0.7, 0.6)",0.4922188073396683,0.03263765573501587,0.12105703353881836,1
seg+pos+rms,"(1.5, 20.0, 0.7, 0.6)",0.5433346331119537,0.03547471761703491,0.13697707653045654,1
seg+pos+rms,"(1.5, 20.0, 0.7, 0.6)",0.4969857335090637,0.04037529230117798,0.019839167594909668,1
seg+pos+rms,"(1.5, 20.0, 0.7, 0.6)",0.4829943776130676,0.03546440601348877,0.21175241470336914,1
seg+pos+rms,"(1.5, 20.0, 0.7, 0.6)",0.5166959464550018,0.058623671531677246,0.1719064712524414,1
seg+pos+rms,"(1.5, 20.0, 0.7, 0.6)",0.48468002676963806,0.06119793653488159,0.07068824768066406,1
seg+pos+rms,"(1.5, 20.0, 0.7, 0.6)",0.5193080604076385,0.06008070707321167,0.11498737335205078,1
seg+pos+rms,"(1.5, 20.0, 0.7, 0.6)",0.4643964618444443,0.024280309677124023,0.11764132976531982,1
seg+pos+rms,"(1.5, 20.0, 0.7, 0.6)",0.4404897391796112,0.03564184904098511,0.06406581401824951,1
seg+pos+rms,"(1.5, 20.0, 0.7, 0.6)",0.49130527675151825,0.05216914415359497,0.03907763957977295,1
seg+pos+rms,"(1.5, 20.0, 0.7, 0.6)",0.4845505356788635,0.022735297679901123,0.09163486957550049,1
seg+pos+rms,"(1.5, 20.0, 0.7, 0.6)",0.5090619772672653,0.06112802028656006,0.04653632640838623,1
seg+pos+rms,"(1.5, 20.0, 0.7, 0.6)",0.5063963383436203,0.060357868671417236,0.038889288902282715,1
seg+pos+rms,"(1.5, 20.0, 0.7, -0.3)",0.5054402053356171,0.12299120426177979,0.043773651123046875,1
seg+pos+rms,"(1.5, 20.0, 0.7, -0.3)",0.5054334104061127,0.024414479732513428,0.0008955001831054688,1
seg+pos+rms,"(1.5, 20.0, 0.7, -0.3)",0.5051251500844955,0.11641579866409302,0.18913936614990234,1
seg+pos+rms,"(1.5, 20.0, 0.7, -0.3)",0.47957418859004974,0.07290536165237427,0.002147197723388672,1
seg+pos+rms,"(1.5, 20.0, 0.7, -0.3)",0.5112410485744476,0.029309451580047607,0.038782358169555664,1
seg+pos+rms,"(1.5, 20.0, 0.7, -0.3)",0.4660988599061966,0.031834185123443604,0.05720925331115723,1
seg+pos+rms,"(1.5, 20.0, 0.7, -0.3)",0.5450862646102905,0.024100959300994873,0.08006691932678223,1
seg+pos+rms,"(1.5, 20.0, 0.7, -0.3)",0.4485325366258621,0.03096073865890503,0.058947086334228516,1
seg+pos+rms,"(1.5, 20.0, 0.7, -0.3)",0.5004642903804779,0.106800377368927,0.13478994369506836,1
seg+pos+rms,"(1.5, 20.0, 0.7, -0.3)",0.4820154011249542,0.0535428524017334,0.060485124588012695,1
seg+pos+rms,"(1.5, 20.0, 0.7, -0.3)",0.4941387325525284,0.02684152126312256,0.059500694274902344,1
seg+pos+rms,"(1.5, 20.0, 0.7, -0.3)",0.4819951355457306,0.0420069694519043,0.05094289779663086,1
seg+pos+rms,"(1.5, 20.0, 0.7, -0.3)",0.4684074819087982,0.01510763168334961,0.08591246604919434,1
seg+pos+rms,"(1.5, 20.0, 0.7, -0.3)",0.4946088194847107,0.035445332527160645,0.149377703666687,1
seg+pos+rms,"(1.5, 20.0, 0.7, -0.3)",0.5030541568994522,0.05932784080505371,0.11264705657958984,1
seg+pos+rms,"(3.0, 8.0, 0.3, 0.0)",1.602082371711731,0.5366098880767822,0.5951004028320312,1
seg+pos+rms,"(3.0, 8.0, 0.3, 0.0)",1.5422729849815369,0.5759487152099609,0.7579281330108643,1
seg+pos+rms,"(3.0, 8.0, 0.3, 0.0)",1.5471194982528687,0.4461784362792969,0.6978394985198975,1
seg+pos+rms,"(3.0, 8.0, 0.3, 0.0)",1.546333372592926,0.5649385452270508,0.7641217708587646,1
seg+pos+rms,"(3.0, 8.0, 0.3, 0.0)",1.5368640422821045,0.4958484172821045,0.6925885677337646,1
seg+pos+rms,"(3.0, 8.0, 0.3, 0.0)",1.5397016406059265,0.5503145456314087,0.8482205867767334,1
seg+pos+rms,"(3.0, 8.0, 0.3, 0.0)",1.573475956916809,0.5945490598678589,1.029907464981079,1
seg+pos+rms,"(3.0, 8.0, 0.3, 0.0)",1.5279542207717896,0.5767570734024048,0.6167349815368652,1
seg+pos+rms,"(3.0, 8.0, 0.3, 0.0)",1.5285595059394836,0.5839205980300903,0.8915185928344727,1
seg+pos+rms,"(3.0, 8.0, 0.3, 0.0)",1.5551674962043762,0.641799807548523,1.024808406829834,1
seg+pos+rms,"(3.0, 8.0, 0.3, 0.0)",1.5747356414794922,0.6609939336776733,0.9552733898162842,1
seg+pos+rms,"(3.0, 8.0, 0.3, 0.0)",1.5633292198181152,0.534081220626831,0.6594181060791016,1
seg+pos+rms,"(3.0, 8.0, 0.3, 0.0)",1.525303840637207,0.5663440227508545,0.7983181476593018,1
seg+pos+rms,"(3.0, 8.0, 0.3, 0.0)",1.5792211294174194,0.5484265089035034,0.7878754138946533,1
seg+pos+rms,"(3.0, 8.0, 0.3, 0.0)",1.5712075233459473,0.4648629426956177,0.6087687015533447,1
seg+pos+rms,"(3.0, 8.0, 0.3, 0.3)",1.569420874118805,0.661766767501831,0.40536928176879883,1
seg+pos+rms,"(3.0, 8.0, 0.3, 0.3)",1.5814153552055359,0.6061352491378784,0.4043269157409668,1
seg+pos+rms,"(3.0, 8.0, 0.3, 0.3)",1.4816241264343262,0.6594854593276978,0.8976402282714844,1
seg+pos+rms,"(3.0, 8.0, 0.3, 0.3)",1.5526915788650513,0.659869909286499,0.5965850353240967,1
seg+pos+rms,"(3.0, 8.0, 0.3, 0.3)",1.547276496887207,0.7363725900650024,0.9312512874603271,1
seg+pos+rms,"(3.0, 8.0, 0.3, 0.3)",1.589968204498291,0.556485652923584,0.5834426879882812,1
seg+pos+rms,"(3.0, 8.0, 0.3, 0.3)",1.51661878824234,0.5870428085327148,0.5668110847473145,1
seg+pos+rms,"(3.0, 8.0, 0.3, 0.3)",1.5617291331291199,0.4665940999984741,0.4068930149078369,1
seg+pos+rms,"(3.0, 8.0, 0.3, 0.3)",1.4975215196609497,0.3855741024017334,0.4301023483276367,1
seg+pos+rms,"(3.0, 8.0, 0.3, 0.3)",1.5199071764945984,0.5673545598983765,0.5301053524017334,1
seg+pos+rms,"(3.0, 8.0, 0.3, 0.3)",1.5478345155715942,0.5551012754440308,0.7108480930328369,1
seg+pos+rms,"(3.0, 8.0, 0.3, 0.3)",1.53023362159729,0.6289981603622437,0.6843039989471436,1
seg+pos+rms,"(3.0, 8.0, 0.3, 0.3)",1.4836209416389465,0.4030052423477173,0.6656529903411865,1
seg+pos+rms,"(3.0, 8.0, 0.3, 0.3)",1.5569466948509216,0.6620954275131226,0.6280112266540527,1
seg+pos+rms,"(3.0, 8.0, 0.3, 0.3)",1.5890336632728577,0.4886772632598877,0.6334736347198486,1
seg+pos+rms,"(3.0, 8.0, 0.3, 0.6)",1.563843548297882,0.6035401821136475,0.4665565490722656,1
seg+pos+rms,"(3.0, 8.0, 0.3, 0.6)",1.5422748923301697,0.6307772397994995,0.45464158058166504,1
seg+pos+rms,"(3.0, 8.0, 0.3, 0.6)",1.5181487798690796,0.4648703336715698,0.5201942920684814,1
seg+pos+rms,"(3.0, 8.0, 0.3, 0.6)",1.6320279240608215,0.6717151403427124,0.49481964111328125,1
seg+pos+rms,"(3.0, 8.0, 0.3, 0.6)",1.5208032727241516,0.4476836919784546,0.47345638275146484,1
seg+pos+rms,"(3.0, 8.0, 0.3, 0.6)",1.4765729904174805,0.6071749925613403,0.46927666664123535,1
seg+pos+rms,"(3.0, 8.0, 0.3, 0.6)",1.5691103339195251,0.517756462097168,0.3849663734436035,1
seg+pos+rms,"(3.0, 8.0, 0.3, 0.6)",1.589519739151001,0.7639390230178833,0.558199405670166,1
seg+pos+rms,"(3.0, 8.0, 0.3, 0.6)",1.4997113347053528,0.5237690210342407,0.42969465255737305,1
seg+pos+rms,"(3.0, 8.0, 0.3, 0.6)",1.553562045097351,0.5211644172668457,0.3391857147216797,1
seg+pos+rms,"(3.0, 8.0, 0.3, 0.6)",1.504056453704834,0.44051551818847656,0.3632194995880127,1
seg+pos+rms,"(3.0, 8.0, 0.3, 0.6)",1.5276174545288086,0.5928524732589722,0.5016858577728271,1
seg+pos+rms,"(3.0, 8.0, 0.3, 0.6)",1.5924349427223206,0.5543962717056274,0.34791994094848633,1
seg+pos+rms,"(3.0, 8.0, 0.3, 0.6)",1.5540605187416077,0.6918882131576538,0.5319929122924805,1
seg+pos+rms,"(3.0, 8.0, 0.3, 0.6)",1.5468662977218628,0.4728567600250244,0.2857241630554199,1
seg+pos+rms,"(3.0, 8.0, 0.3, -0.3)",1.561121940612793,0.5837496519088745,1.0765352249145508,1
seg+pos+rms,"(3.0, 8.0, 0.3, -0.3)",1.558665156364441,0.6856676340103149,1.3736121654510498,1
seg+pos+rms,"(3.0, 8.0, 0.3, -0.3)",1.5638278126716614,0.49104225635528564,0.8833045959472656,1
seg+pos+rms,"(3.0, 8.0, 0.3, -0.3)",1.51608145236969,0.5441175699234009,0.941814661026001,1
seg+pos+rms,"(3.0, 8.0, 0.3, -0.3)",1.5289594531059265,0.5698385238647461,0.9388279914855957,1
seg+pos+rms,"(3.0, 8.0, 0.3, -0.3)",1.6005593538284302,0.610482931137085,1.0370922088623047,1
seg+pos+rms,"(3.0, 8.0, 0.3, -0.3)",1.5635443329811096,0.5508912801742554,0.9378929138183594,1
seg+pos+rms,"(3.0, 8.0, 0.3, -0.3)",1.5737861394882202,0.6510766744613647,1.3008842468261719,1
seg+pos+rms,"(3.0, 8.0, 0.3, -0.3)",1.5198939442634583,0.5892000198364258,0.8162527084350586,1
seg+pos+rms,"(3.0, 8.0, 0.3, -0.3)",1.5852356553077698,0.6888681054115295,1.0104448795318604,1
seg+pos+rms,"(3.0, 8.0, 0.3, -0.3)",1.547813057899475,0.5102342367172241,0.8639135360717773,1
seg+pos+rms,"(3.0, 8.0, 0.3, -0.3)",1.5474944114685059,0.5702434778213501,0.8310813903808594,1
seg+pos+rms,"(3.0, 8.0, 0.3, -0.3)",1.5470292568206787,0.5758761167526245,0.9435360431671143,1
seg+pos+rms,"(3.0, 8.0, 0.3, -0.3)",1.5843585729599,0.4074678421020508,0.6747896671295166,1
seg+pos+rms,"(3.0, 8.0, 0.3, -0.3)",1.5693767666816711,0.6143313646316528,1.101708173751831,1
seg+pos+rms,"(3.0, 8.0, 0.7, 0.0)",1.1322081685066223,0.14087975025177002,0.30193090438842773,1
seg+pos+rms,"(3.0, 8.0, 0.7, 0.0)",1.1219831705093384,0.18276846408843994,0.2955484390258789,1
seg+pos+rms,"(3.0, 8.0, 0.7, 0.0)",1.1118683218955994,0.09943485260009766,0.08996152877807617,1
seg+pos+rms,"(3.0, 8.0, 0.7, 0.0)",1.1539480686187744,0.1167222261428833,0.37240123748779297,1
seg+pos+rms,"(3.0, 8.0, 0.7, 0.0)",1.099078118801117,0.1828310489654541,0.17827081680297852,1
seg+pos+rms,"(3.0, 8.0, 0.7, 0.0)",1.1090229153633118,0.12549710273742676,0.14362525939941406,1
seg+pos+rms,"(3.0, 8.0, 0.7, 0.0)",1.048330545425415,0.16760647296905518,0.29614830017089844,1
seg+pos+rms,"(3.0, 8.0, 0.7, 0.0)",1.089029312133789,0.12070488929748535,0.22525930404663086,1
seg+pos+rms,"(3.0, 8.0, 0.7, 0.0)",1.1355609893798828,0.10377395153045654,0.1442093849182129,1
seg+pos+rms,"(3.0, 8.0, 0.7, 0.0)",1.1197400093078613,0.1398543119430542,0.3496541976928711,1
seg+pos+rms,"(3.0, 8.0, 0.7, 0.0)",1.1004013419151306,0.08731746673583984,0.5895512104034424,1
seg+pos+rms,"(3.0, 8.0, 0.7, 0.0)",1.1595503687858582,0.19037461280822754,0.4685201644897461,1
seg+pos+rms,"(3.0, 8.0, 0.7, 0.0)",1.1055127382278442,0.09184408187866211,0.17340540885925293,1
seg+pos+rms,"(3.0, 8.0, 0.7, 0.0)",1.0998029112815857,0.051787495613098145,0.18175077438354492,1
seg+pos+rms,"(3.0, 8.0, 0.7, 0.0)",1.1208899021148682,0.10596680641174316,0.014836788177490234,1
seg+pos+rms,"(3.0, 8.0, 0.7, 0.3)",1.106469452381134,0.28008782863616943,0.19835281372070312,1
seg+pos+rms,"(3.0, 8.0, 0.7, 0.3)",1.1429272890090942,0.11311399936676025,0.2284409999847412,1
seg+pos+rms,"(3.0, 8.0, 0.7, 0.3)",1.1746565103530884,0.16868090629577637,0.23472929000854492,1
seg+pos+rms,"(3.0, 8.0, 0.7, 0.3)",1.1011261343955994,0.11237013339996338,0.04045820236206055,1
seg+pos+rms,"(3.0, 8.0, 0.7, 0.3)",1.0377318859100342,0.13367414474487305,0.18617486953735352,1
seg+pos+rms,"(3.0, 8.0, 0.7, 0.3)",1.083565890789032,0.12891149520874023,0.027684688568115234,1
seg+pos+rms,"(3.0, 8.0, 0.7, 0.3)",1.095430076122284,0.10116314888000488,0.11936497688293457,1
seg+pos+rms,"(3.0, 8.0, 0.7, 0.3)",1.1173476576805115,0.1811530590057373,0.23332500457763672,1
seg+pos+rms,"(3.0, 8.0, 0.7, 0.3)",1.1229843497276306,0.3008955717086792,0.32896876335144043,1
seg+pos+rms,"(3.0, 8.0, 0.7, 0.3)",1.1677731275558472,0.23149371147155762,0.35717058181762695,1
seg+pos+rms,"(3.0, 8.0, 0.7, 0.3)",1.084260106086731,0.06469285488128662,0.0007526874542236328,1
seg+pos+rms,"(3.0, 8.0, 0.7, 0.3)",1.0960824489593506,0.16014337539672852,0.19699549674987793,1
seg+pos+rms,"(3.0, 8.0, 0.7, 0.3)",1.0487143993377686,0.037821054458618164,0.1526036262512207,1
seg+pos+rms,"(3.0, 8.0, 0.7, 0.3)",1.0689141750335693,0.1731710433959961,0.24773478507995605,1
seg+pos+rms,"(3.0, 8.0, 0.7, 0.3)",1.092814862728119,0.21905338764190674,0.19296669960021973,1
seg+pos+rms,"(3.0, 8.0, 0.7, 0.6)",1.1728699207305908,0.07117462158203125,0.11846780776977539,1
seg+pos+rms,"(3.0, 8.0, 0.7, 0.6)",1.1638571619987488,0.12245392799377441,0.1381392478942871,1
seg+pos+rms,"(3.0, 8.0, 0.7, 0.6)",1.0853098034858704,0.21484625339508057,0.14784836769104004,1
seg+pos+rms,"(3.0, 8.0, 0.7, 0.6)",1.1971665620803833,0.1394416093826294,0.1240394115447998,1
seg+pos+rms,"(3.0, 8.0, 0.7, 0.6)",1.093460202217102,0.22806692123413086,0.11571383476257324,1
seg+pos+rms,"(3.0, 8.0, 0.7, 0.6)",1.1198006868362427,0.14989280700683594,0.18612217903137207,1
seg+pos+rms,"(3.0, 8.0, 0.7, 0.6)",1.0886772274971008,0.17969834804534912,0.34985852241516113,1
seg+pos+rms,"(3.0, 8.0, 0.7, 0.6)",1.1411270499229431,0.17933917045593262,0.15976643562316895,1
seg+pos+rms,"(3.0, 8.0, 0.7, 0.6)",1.1077158451080322,0.06777501106262207,0.0047914981842041016,1
seg+pos+rms,"(3.0, 8.0, 0.7, 0.6)",1.0800995826721191,0.13507473468780518,0.021994590759277344,1
seg+pos+rms,"(3.0, 8.0, 0.7, 0.6)",1.0433558225631714,0.12597739696502686,0.039586544036865234,1
seg+pos+rms,"(3.0, 8.0, 0.7, 0.6)",1.1135245561599731,0.22669565677642822,0.2026228904724121,1
seg+pos+rms,"(3.0, 8.0, 0.7, 0.6)",1.0198282599449158,0.14447247982025146,0.25429630279541016,1
seg+pos+rms,"(3.0, 8.0, 0.7, 0.6)",1.1175104975700378,0.16868805885314941,0.13939619064331055,1
seg+pos+rms,"(3.0, 8.0, 0.7, 0.6)",1.1187754273414612,0.0068454742431640625,0.14653348922729492,1
seg+pos+rms,"(3.0, 8.0, 0.7, -0.3)",1.1323091983795166,0.15868425369262695,0.4294319152832031,1
seg+pos+rms,"(3.0, 8.0, 0.7, -0.3)",1.1740694642066956,0.21597695350646973,0.4530062675476074,1
seg+pos+rms,"(3.0, 8.0, 0.7, -0.3)",1.0598337650299072,0.04909014701843262,0.025438785552978516,1
seg+pos+rms,"(3.0, 8.0, 0.7, -0.3)",1.1214129328727722,0.2813286781311035,0.49547719955444336,1
seg+pos+rms,"(3.0, 8.0, 0.7, -0.3)",1.0743350386619568,0.24009335041046143,0.4158596992492676,1
seg+pos+rms,"(3.0, 8.0, 0.7, -0.3)",1.0359178483486176,0.0907062292098999,0.16225004196166992,1
seg+pos+rms,"(3.0, 8.0, 0.7, -0.3)",1.059188723564148,0.2139960527420044,0.3511314392089844,1
seg+pos+rms,"(3.0, 8.0, 0.7, -0.3)",1.0914860367774963,0.06815159320831299,0.0733346939086914,1
seg+pos+rms,"(3.0, 8.0, 0.7, -0.3)",1.1241301894187927,0.20440411567687988,0.2773013114929199,1
seg+pos+rms,"(3.0, 8.0, 0.7, -0.3)",1.1238213181495667,0.08287477493286133,0.08860397338867188,1
seg+pos+rms,"(3.0, 8.0, 0.7, -0.3)",1.12437242269516,0.11205530166625977,0.2863466739654541,1
seg+pos+rms,"(3.0, 8.0, 0.7, -0.3)",1.1116676926612854,0.2250272035598755,0.43684816360473633,1
seg+pos+rms,"(3.0, 8.0, 0.7, -0.3)",1.1594719290733337,0.21314966678619385,0.4453110694885254,1
seg+pos+rms,"(3.0, 8.0, 0.7, -0.3)",1.091458261013031,0.11385548114776611,0.14284944534301758,1
seg+pos+rms,"(3.0, 8.0, 0.7, -0.3)",1.1216470003128052,0.19831299781799316,0.4547395706176758,1
seg+pos+rms,"(3.0, 20.0, 0.3, 0.0)",1.251810908317566,0.27592945098876953,0.27176523208618164,1
seg+pos+rms,"(3.0, 20.0, 0.3, 0.0)",1.224609375,0.2971937656402588,0.40075016021728516,1
seg+pos+rms,"(3.0, 20.0, 0.3, 0.0)",1.2654930353164673,0.21877789497375488,0.3358604907989502,1
seg+pos+rms,"(3.0, 20.0, 0.3, 0.0)",1.3276909589767456,0.3162482976913452,0.39594221115112305,1
seg+pos+rms,"(3.0, 20.0, 0.3, 0.0)",1.2342991828918457,0.2590346336364746,0.4643685817718506,1
seg+pos+rms,"(3.0, 20.0, 0.3, 0.0)",1.2627596259117126,0.21492648124694824,0.43320751190185547,1
seg+pos+rms,"(3.0, 20.0, 0.3, 0.0)",1.237265408039093,0.3187600374221802,0.4836752414703369,1
seg+pos+rms,"(3.0, 20.0, 0.3, 0.0)",1.2146748304367065,0.30476343631744385,0.5398011207580566,1
seg+pos+rms,"(3.0, 20.0, 0.3, 0.0)",1.297224760055542,0.22358369827270508,0.40612339973449707,1
seg+pos+rms,"(3.0, 20.0, 0.3, 0.0)",1.216460645198822,0.26174139976501465,0.3266336917877197,1
seg+pos+rms,"(3.0, 20.0, 0.3, 0.0)",1.1866313815116882,0.308819055557251,0.5407240390777588,1
seg+pos+rms,"(3.0, 20.0, 0.3, 0.0)",1.2643225193023682,0.419173002243042,0.4757876396179199,1
seg+pos+rms,"(3.0, 20.0, 0.3, 0.0)",1.2173776626586914,0.20685303211212158,0.5797488689422607,1
seg+pos+rms,"(3.0, 20.0, 0.3, 0.0)",1.2224130630493164,0.26490092277526855,0.33298826217651367,1
seg+pos+rms,"(3.0, 20.0, 0.3, 0.0)",1.2653230428695679,0.23996448516845703,0.3540332317352295,1
seg+pos+rms,"(3.0, 20.0, 0.3, 0.3)",1.2586955428123474,0.2713378667831421,0.22247624397277832,1
seg+pos+rms,"(3.0, 20.0, 0.3, 0.3)",1.1853585243225098,0.2865302562713623,0.33149027824401855,1
seg+pos+rms,"(3.0, 20.0, 0.3, 0.3)",1.346522569656372,0.17176222801208496,0.0911552906036377,1
seg+pos+rms,"(3.0, 20.0, 0.3, 0.3)",1.2431552410125732,0.22395789623260498,0.4173731803894043,1
seg+pos+rms,"(3.0, 20.0, 0.3, 0.3)",1.194972038269043,0.15185534954071045,0.10725831985473633,1
seg+pos+rms,"(3.0, 20.0, 0.3, 0.3)",1.2300798892974854,0.24750566482543945,0.12561774253845215,1
seg+pos+rms,"(3.0, 20.0, 0.3, 0.3)",1.2243317365646362,0.20796382427215576,0.036962032318115234,1
seg+pos+rms,"(3.0, 20.0, 0.3, 0.3)",1.1959088444709778,0.27571773529052734,0.4420163631439209,1
seg+pos+rms,"(3.0, 20.0, 0.3, 0.3)",1.3161693215370178,0.2531907558441162,0.2678682804107666,1
seg+pos+rms,"(3.0, 20.0, 0.3, 0.3)",1.2236504554748535,0.3050588369369507,0.44879841804504395,1
seg+pos+rms,"(3.0, 20.0, 0.3, 0.3)",1.2678405046463013,0.23256170749664307,0.1535634994506836,1
seg+pos+rms,"(3.0, 20.0, 0.3, 0.3)",1.1995307207107544,0.2864837646484375,0.3764486312866211,1
seg+pos+rms,"(3.0, 20.0, 0.3, 0.3)",1.2620131969451904,0.4250144958496094,0.3462107181549072,1
seg+pos+rms,"(3.0, 20.0, 0.3, 0.3)",1.2251187562942505,0.20595431327819824,0.20450663566589355,1
seg+pos+rms,"(3.0, 20.0, 0.3, 0.3)",1.2447964549064636,0.25380444526672363,0.3039700984954834,1
seg+pos+rms,"(3.0, 20.0, 0.3, 0.6)",1.2083203196525574,0.256801962852478,0.08530688285827637,1
seg+pos+rms,"(3.0, 20.0, 0.3, 0.6)",1.2031304836273193,0.2529813051223755,0.0803837776184082,1
seg+pos+rms,"(3.0, 20.0, 0.3, 0.6)",1.253798007965088,0.27317380905151367,0.02680683135986328,1
seg+pos+rms,"(3.0, 20.0, 0.3, 0.6)",1.2231760621070862,0.24093163013458252,0.20556378364562988,1
seg+pos+rms,"(3.0, 20.0, 0.3, 0.6)",1.3181264400482178,0.34304964542388916,0.18752360343933105,1
seg+pos+rms,"(3.0, 20.0, 0.3, 0.6)",1.2614997625350952,0.241660475730896,0.09980964660644531,1
seg+pos+rms,"(3.0, 20.0, 0.3, 0.6)",1.1793984174728394,0.17067956924438477,0.30771875381469727,1
seg+pos+rms,"(3.0, 20.0, 0.3, 0.6)",1.282408356666565,0.37108492851257324,0.17061352729797363,1
seg+pos+rms,"(3.0, 20.0, 0.3, 0.6)",1.2118048667907715,0.35694122314453125,0.21002435684204102,1
seg+pos+rms,"(3.0, 20.0, 0.3, 0.6)",1.1921979784965515,0.3005070686340332,0.23261022567749023,1
seg+pos+rms,"(3.0, 20.0, 0.3, 0.6)",1.2087700366973877,0.30729925632476807,0.15910911560058594,1
seg+pos+rms,"(3.0, 20.0, 0.3, 0.6)",1.2649900913238525,0.3613978624343872,0.25620222091674805,1
seg+pos+rms,"(3.0, 20.0, 0.3, 0.6)",1.2732501029968262,0.38493144512176514,0.4375559091567993,1
seg+pos+rms,"(3.0, 20.0, 0.3, 0.6)",1.1743167638778687,0.204015851020813,0.24159479141235352,1
seg+pos+rms,"(3.0, 20.0, 0.3, 0.6)",1.2435855269432068,0.22404873371124268,0.16646027565002441,1
seg+pos+rms,"(3.0, 20.0, 0.3, -0.3)",1.2024405598640442,0.32671523094177246,0.4625711441040039,1
seg+pos+rms,"(3.0, 20.0, 0.3, -0.3)",1.2282332181930542,0.18977773189544678,0.21937847137451172,1
seg+pos+rms,"(3.0, 20.0, 0.3, -0.3)",1.2148823142051697,0.1818457841873169,0.2373356819152832,1
seg+pos+rms,"(3.0, 20.0, 0.3, -0.3)",1.2274173498153687,0.2588205337524414,0.3538484573364258,1
seg+pos+rms,"(3.0, 20.0, 0.3, -0.3)",1.3279877305030823,0.39389288425445557,0.6830263137817383,1
seg+pos+rms,"(3.0, 20.0, 0.3, -0.3)",1.2493733763694763,0.40275073051452637,0.6605954170227051,1
seg+pos+rms,"(3.0, 20.0, 0.3, -0.3)",1.2467032670974731,0.26513540744781494,0.43976831436157227,1
seg+pos+rms,"(3.0, 20.0, 0.3, -0.3)",1.2156920433044434,0.11750483512878418,0.2790713310241699,1
seg+pos+rms,"(3.0, 20.0, 0.3, -0.3)",1.2251052856445312,0.24051713943481445,0.3757786750793457,1
seg+pos+rms,"(3.0, 20.0, 0.3, -0.3)",1.1798447966575623,0.16350460052490234,0.19910097122192383,1
seg+pos+rms,"(3.0, 20.0, 0.3, -0.3)",1.2668233513832092,0.254955530166626,0.4807157516479492,1
seg+pos+rms,"(3.0, 20.0, 0.3, -0.3)",1.1901835203170776,0.2560058832168579,0.26412153244018555,1
seg+pos+rms,"(3.0, 20.0, 0.3, -0.3)",1.2713565230369568,0.3183780908584595,0.41791772842407227,1
seg+pos+rms,"(3.0, 20.0, 0.3, -0.3)",1.2635306119918823,0.26105475425720215,0.4442591667175293,1
seg+pos+rms,"(3.0, 20.0, 0.3, -0.3)",1.2535701990127563,0.2828930616378784,0.40018177032470703,1
seg+pos+rms,"(3.0, 20.0, 0.7, 0.0)",0.7218610048294067,0.06891953945159912,0.0031375885009765625,1
seg+pos+rms,"(3.0, 20.0, 0.7, 0.0)",0.747843861579895,0.026762723922729492,0.07245016098022461,1
seg+pos+rms,"(3.0, 20.0, 0.7, 0.0)",0.7255395352840424,0.02703988552093506,0.09769535064697266,1
seg+pos+rms,"(3.0, 20.0, 0.7, 0.0)",0.7088783979415894,0.021520495414733887,0.07363224029541016,1
seg+pos+rms,"(3.0, 20.0, 0.7, 0.0)",0.7218219041824341,0.01747608184814453,0.01971721649169922,1
seg+pos+rms,"(3.0, 20.0, 0.7, 0.0)",0.719555675983429,0.048978209495544434,0.06828594207763672,1
seg+pos+rms,"(3.0, 20.0, 0.7, 0.0)",0.7247861623764038,0.04694676399230957,0.08712100982666016,1
seg+pos+rms,"(3.0, 20.0, 0.7, 0.0)",0.6993974447250366,0.07107794284820557,0.04304790496826172,1
seg+pos+rms,"(3.0, 20.0, 0.7, 0.0)",0.6767984628677368,0.04342019557952881,0.04018545150756836,1
seg+pos+rms,"(3.0, 20.0, 0.7, 0.0)",0.6895117461681366,0.05007028579711914,0.1222691535949707,1
seg+pos+rms,"(3.0, 20.0, 0.7, 0.0)",0.6899520754814148,0.05265462398529053,0.0750269889831543,1
seg+pos+rms,"(3.0, 20.0, 0.7, 0.0)",0.7846846878528595,0.0960153341293335,0.21369457244873047,1
seg+pos+rms,"(3.0, 20.0, 0.7, 0.0)",0.7255041003227234,0.01897597312927246,0.0046803951263427734,1
seg+pos+rms,"(3.0, 20.0, 0.7, 0.0)",0.7580393254756927,0.07722723484039307,0.14898467063903809,1
seg+pos+rms,"(3.0, 20.0, 0.7, 0.0)",0.7651049196720123,0.10301578044891357,0.08080720901489258,1
seg+pos+rms,"(3.0, 20.0, 0.7, 0.3)",0.7188443541526794,0.07434391975402832,0.10076379776000977,1
seg+pos+rms,"(3.0, 20.0, 0.7, 0.3)",0.7278989255428314,0.06171548366546631,0.07952284812927246,1
seg+pos+rms,"(3.0, 20.0, 0.7, 0.3)",0.7050209045410156,0.11876356601715088,0.10263609886169434,1
seg+pos+rms,"(3.0, 20.0, 0.7, 0.3)",0.7155071198940277,0.04671680927276611,0.0327298641204834,1
seg+pos+rms,"(3.0, 20.0, 0.7, 0.3)",0.693283200263977,0.08996105194091797,0.13498544692993164,1
seg+pos+rms,"(3.0, 20.0, 0.7, 0.3)",0.7409288585186005,0.11168932914733887,0.08651542663574219,1
seg+pos+rms,"(3.0, 20.0, 0.7, 0.3)",0.7198010087013245,0.11147713661193848,0.15586304664611816,1
seg+pos+rms,"(3.0, 20.0, 0.7, 0.3)",0.7040401697158813,0.03495502471923828,0.0023450851440429688,1
seg+pos+rms,"(3.0, 20.0, 0.7, 0.3)",0.7099204063415527,0.0603557825088501,0.007936716079711914,1
seg+pos+rms,"(3.0, 20.0, 0.7, 0.3)",0.7230547666549683,0.05950498580932617,0.002730846405029297,1
seg+pos+rms,"(3.0, 20.0, 0.7, 0.3)",0.7372069954872131,0.05751001834869385,0.08381342887878418,1
seg+pos+rms,"(3.0, 20.0, 0.7, 0.3)",0.705595463514328,0.01250159740447998,0.010509967803955078,1
seg+pos+rms,"(3.0, 20.0, 0.7, 0.3)",0.6880077719688416,0.038695454597473145,0.028979778289794922,1
seg+pos+rms,"(3.0, 20.0, 0.7, 0.3)",0.7675255835056305,0.041205406188964844,0.16940093040466309,1
seg+pos+rms,"(3.0, 20.0, 0.7, 0.3)",0.8030219972133636,0.04211580753326416,0.14944076538085938,1
seg+pos+rms,"(3.0, 20.0, 0.7, 0.6)",0.7125249803066254,0.10616183280944824,0.09686279296875,1
seg+pos+rms,"(3.0, 20.0, 0.7, 0.6)",0.7653731405735016,0.005829453468322754,0.02761983871459961,1
seg+pos+rms,"(3.0, 20.0, 0.7, 0.6)",0.7433964312076569,0.07191550731658936,0.06353545188903809,1
seg+pos+rms,"(3.0, 20.0, 0.7, 0.6)",0.7062989771366119,0.03389179706573486,0.06860756874084473,1
seg+pos+rms,"(3.0, 20.0, 0.7, 0.6)",0.6993454992771149,0.06349408626556396,0.008202552795410156,1
seg+pos+rms,"(3.0, 20.0, 0.7, 0.6)",0.6868669390678406,0.06651771068572998,0.07894754409790039,1
seg+pos+rms,"(3.0, 20.0, 0.7, 0.6)",0.7166982889175415,0.019457459449768066,0.016570329666137695,1
seg+pos+rms,"(3.0, 20.0, 0.7, 0.6)",0.8005876541137695,0.042090773582458496,0.08297061920166016,1
seg+pos+rms,"(3.0, 20.0, 0.7, 0.6)",0.8116886615753174,0.15074360370635986,0.28206324577331543,1
seg+pos+rms,"(3.0, 20.0, 0.7, 0.6)",0.6697591245174408,0.023737549781799316,0.07680130004882812,1
seg+pos+rms,"(3.0, 20.0, 0.7, 0.6)",0.6883217692375183,0.04513883590698242,0.034255266189575195,1
seg+pos+rms,"(3.0, 20.0, 0.7, 0.6)",0.7226447761058807,0.07704567909240723,0.013389825820922852,1
seg+pos+rms,"(3.0, 20.0, 0.7, 0.6)",0.6684522032737732,0.048507094383239746,0.05972003936767578,1
seg+pos+rms,"(3.0, 20.0, 0.7, 0.6)",0.7548237442970276,0.02010488510131836,0.050843000411987305,1
seg+pos+rms,"(3.0, 20.0, 0.7, 0.6)",0.7991386353969574,0.016825318336486816,0.0012984275817871094,1
seg+pos+rms,"(3.0, 20.0, 0.7, -0.3)",0.7688204646110535,0.04858720302581787,0.0968480110168457,1
seg+pos+rms,"(3.0, 20.0, 0.7, -0.3)",0.7139131724834442,0.022176265716552734,0.07051992416381836,1
seg+pos+rms,"(3.0, 20.0, 0.7, -0.3)",0.7616313695907593,0.06893706321716309,0.07631492614746094,1
seg+pos+rms,"(3.0, 20.0, 0.7, -0.3)",0.6971977949142456,0.035337209701538086,0.050713539123535156,1
seg+pos+rms,"(3.0, 20.0, 0.7, -0.3)",0.7254424691200256,0.024327397346496582,0.027605533599853516,1
seg+pos+rms,"(3.0, 20.0, 0.7, -0.3)",0.7240421772003174,0.06842911243438721,0.058797359466552734,1
seg+pos+rms,"(3.0, 20.0, 0.7, -0.3)",0.7854762971401215,0.01401376724243164,0.0637960433959961,1
seg+pos+rms,"(3.0, 20.0, 0.7, -0.3)",0.813227117061615,0.05589401721954346,0.014181137084960938,1
seg+pos+rms,"(3.0, 20.0, 0.7, -0.3)",0.7147184908390045,0.05343043804168701,0.007052898406982422,1
seg+pos+rms,"(3.0, 20.0, 0.7, -0.3)",0.7307640016078949,0.10228562355041504,0.1827840805053711,1
seg+pos+rms,"(3.0, 20.0, 0.7, -0.3)",0.7571961283683777,0.03840994834899902,0.05628061294555664,1
seg+pos+rms,"(3.0, 20.0, 0.7, -0.3)",0.6946702301502228,0.04200267791748047,0.1277785301208496,1
seg+pos+rms,"(3.0, 20.0, 0.7, -0.3)",0.6930553317070007,0.04588508605957031,0.041626930236816406,1
seg+pos+rms,"(3.0, 20.0, 0.7, -0.3)",0.7453288733959198,0.05987060070037842,0.09617853164672852,1
seg+pos+rms,"(3.0, 20.0, 0.7, -0.3)",0.7699055671691895,0.0689706802368164,0.023616313934326172,1
seg+pos+rms,"(1.5, 8.0, 0.3, 0.0)",0.8849291801452637,0.20281380414962769,0.26226806640625,2
seg+pos+rms,"(1.5, 8.0, 0.3, 0.0)",0.85103440284729,0.22326934337615967,0.2637979984283447,2
seg+pos+rms,"(1.5, 8.0, 0.3, 0.0)",0.8204687833786011,0.22219449281692505,0.29373133182525635,2
seg+pos+rms,"(1.5, 8.0, 0.3, 0.0)",0.8506084382534027,0.26529353857040405,0.26690828800201416,2
seg+pos+rms,"(1.5, 8.0, 0.3, 0.0)",0.8204218149185181,0.22779476642608643,0.5158817768096924,2
seg+pos+rms,"(1.5, 8.0, 0.3, 0.0)",0.8278183937072754,0.2184664011001587,0.19374430179595947,2
seg+pos+rms,"(1.5, 8.0, 0.3, 0.0)",0.870528519153595,0.2834993004798889,0.3053445816040039,2
seg+pos+rms,"(1.5, 8.0, 0.3, 0.0)",0.9024299085140228,0.21088749170303345,0.24733507633209229,2
seg+pos+rms,"(1.5, 8.0, 0.3, 0.0)",0.8520332276821136,0.18615734577178955,0.222558856010437,2
seg+pos+rms,"(1.5, 8.0, 0.3, 0.0)",0.8021367192268372,0.24132198095321655,0.2826991081237793,2
seg+pos+rms,"(1.5, 8.0, 0.3, 0.0)",0.8370004892349243,0.26985907554626465,0.3477596044540405,2
seg+pos+rms,"(1.5, 8.0, 0.3, 0.0)",0.8286066055297852,0.2201823592185974,0.23642706871032715,2
seg+pos+rms,"(1.5, 8.0, 0.3, 0.0)",0.8826423585414886,0.19578766822814941,0.32289600372314453,2
seg+pos+rms,"(1.5, 8.0, 0.3, 0.0)",0.8537857532501221,0.21238917112350464,0.34081482887268066,2
seg+pos+rms,"(1.5, 8.0, 0.3, 0.0)",0.8445893824100494,0.1944209337234497,0.22757625579833984,2
seg+pos+rms,"(1.5, 8.0, 0.3, 0.3)",0.8604393005371094,0.27174216508865356,0.21865010261535645,2
seg+pos+rms,"(1.5, 8.0, 0.3, 0.3)",0.8375431001186371,0.22634762525558472,0.25222480297088623,2
seg+pos+rms,"(1.5, 8.0, 0.3, 0.3)",0.842157781124115,0.13847637176513672,0.08349823951721191,2
seg+pos+rms,"(1.5, 8.0, 0.3, 0.3)",0.8393818140029907,0.1545863151550293,0.26144683361053467,2
seg+pos+rms,"(1.5, 8.0, 0.3, 0.3)",0.8535091280937195,0.2008591890335083,0.05310869216918945,2
seg+pos+rms,"(1.5, 8.0, 0.3, 0.3)",0.8584016561508179,0.12303274869918823,0.14633071422576904,2
seg+pos+rms,"(1.5, 8.0, 0.3, 0.3)",0.8637805581092834,0.2577267289161682,0.13486182689666748,2
seg+pos+rms,"(1.5, 8.0, 0.3, 0.3)",0.825016975402832,0.1503550410270691,0.07775819301605225,2
seg+pos+rms,"(1.5, 8.0, 0.3, 0.3)",0.8694263398647308,0.15646880865097046,0.24792790412902832,2
seg+pos+rms,"(1.5, 8.0, 0.3, 0.3)",0.8163040578365326,0.22079116106033325,0.3480350971221924,2
seg+pos+rms,"(1.5, 8.0, 0.3, 0.3)",0.850408673286438,0.2164098024368286,0.15205276012420654,2
seg+pos+rms,"(1.5, 8.0, 0.3, 0.3)",0.8818511366844177,0.18259280920028687,0.2108147144317627,2
seg+pos+rms,"(1.5, 8.0, 0.3, 0.3)",0.8058257699012756,0.18374669551849365,0.1804676055908203,2
seg+pos+rms,"(1.5, 8.0, 0.3, 0.3)",0.8964089751243591,0.1344706416130066,0.1759270429611206,2
seg+pos+rms,"(1.5, 8.0, 0.3, 0.3)",0.8038021922111511,0.2104477882385254,0.24738872051239014,2
seg+pos+rms,"(1.5, 8.0, 0.3, 0.6)",0.8342447578907013,0.1611650586128235,0.1806776523590088,2
seg+pos+rms,"(1.5, 8.0, 0.3, 0.6)",0.8343932330608368,0.19659119844436646,0.1869335174560547,2
seg+pos+rms,"(1.5, 8.0, 0.3, 0.6)",0.8740622997283936,0.19702965021133423,0.1235283613204956,2
seg+pos+rms,"(1.5, 8.0, 0.3, 0.6)",0.8206723034381866,0.19604921340942383,0.14197564125061035,2
seg+pos+rms,"(1.5, 8.0, 0.3, 0.6)",0.8407146632671356,0.2562773823738098,0.08751344680786133,2
seg+pos+rms,"(1.5, 8.0, 0.3, 0.6)",0.8237577080726624,0.13522553443908691,0.07788348197937012,2
seg+pos+rms,"(1.5, 8.0, 0.3, 0.6)",0.8871671557426453,0.2225877046585083,0.15167665481567383,2
seg+pos+rms,"(1.5, 8.0, 0.3, 0.6)",0.8746079504489899,0.19203037023544312,0.07684242725372314,2
seg+pos+rms,"(1.5, 8.0, 0.3, 0.6)",0.8702794015407562,0.2072923183441162,0.07006669044494629,2
seg+pos+rms,"(1.5, 8.0, 0.3, 0.6)",0.8057351410388947,0.1493932008743286,0.021368741989135742,2
seg+pos+rms,"(1.5, 8.0, 0.3, 0.6)",0.8320401906967163,0.16887730360031128,0.10475873947143555,2
seg+pos+rms,"(1.5, 8.0, 0.3, 0.6)",0.8656580448150635,0.1866992712020874,0.0925905704498291,2
seg+pos+rms,"(1.5, 8.0, 0.3, 0.6)",0.8548841774463654,0.13887739181518555,0.06071913242340088,2
seg+pos+rms,"(1.5, 8.0, 0.3, 0.6)",0.8192173838615417,0.2707762122154236,0.13717150688171387,2
seg+pos+rms,"(1.5, 8.0, 0.3, 0.6)",0.8237284719944,0.1693238615989685,0.12570512294769287,2
seg+pos+rms,"(1.5, 8.0, 0.3, -0.3)",0.9007821977138519,0.15386033058166504,0.3094947338104248,2
seg+pos+rms,"(1.5, 8.0, 0.3, -0.3)",0.8691691756248474,0.24764269590377808,0.3790311813354492,2
seg+pos+rms,"(1.5, 8.0, 0.3, -0.3)",0.8878392279148102,0.17910844087600708,0.2988419532775879,2
seg+pos+rms,"(1.5, 8.0, 0.3, -0.3)",0.8082511126995087,0.17394483089447021,0.19677305221557617,2
seg+pos+rms,"(1.5, 8.0, 0.3, -0.3)",0.8686167895793915,0.1315363049507141,0.33840763568878174,2
seg+pos+rms,"(1.5, 8.0, 0.3, -0.3)",0.8037070035934448,0.2501588463783264,0.37604331970214844,2
seg+pos+rms,"(1.5, 8.0, 0.3, -0.3)",0.8693825900554657,0.18866783380508423,0.3694014549255371,2
seg+pos+rms,"(1.5, 8.0, 0.3, -0.3)",0.8734312653541565,0.30411988496780396,0.5389963388442993,2
seg+pos+rms,"(1.5, 8.0, 0.3, -0.3)",0.8575414717197418,0.20623928308486938,0.3539855480194092,2
seg+pos+rms,"(1.5, 8.0, 0.3, -0.3)",0.8577869534492493,0.28181713819503784,0.5932397842407227,2
seg+pos+rms,"(1.5, 8.0, 0.3, -0.3)",0.8767378628253937,0.16446882486343384,0.2932182550430298,2
seg+pos+rms,"(1.5, 8.0, 0.3, -0.3)",0.8671401739120483,0.2656233310699463,0.49560749530792236,2
seg+pos+rms,"(1.5, 8.0, 0.3, -0.3)",0.8355019986629486,0.17965656518936157,0.30394506454467773,2
seg+pos+rms,"(1.5, 8.0, 0.3, -0.3)",0.8005295395851135,0.22678428888320923,0.41184699535369873,2
seg+pos+rms,"(1.5, 8.0, 0.3, -0.3)",0.8561769723892212,0.25931328535079956,0.5067118406295776,2
seg+pos+rms,"(1.5, 8.0, 0.7, 0.0)",0.6520588099956512,0.031444430351257324,0.0016307830810546875,2
seg+pos+rms,"(1.5, 8.0, 0.7, 0.0)",0.6666008830070496,0.05677664279937744,0.009506464004516602,2
seg+pos+rms,"(1.5, 8.0, 0.7, 0.0)",0.6244432628154755,0.06299394369125366,0.1942054033279419,2
seg+pos+rms,"(1.5, 8.0, 0.7, 0.0)",0.660924643278122,0.06560724973678589,0.048641324043273926,2
seg+pos+rms,"(1.5, 8.0, 0.7, 0.0)",0.6785300374031067,0.03841054439544678,0.049395084381103516,2
seg+pos+rms,"(1.5, 8.0, 0.7, 0.0)",0.6087895035743713,0.017657577991485596,0.06023740768432617,2
seg+pos+rms,"(1.5, 8.0, 0.7, 0.0)",0.6291132867336273,0.0028456449508666992,0.08500015735626221,2
seg+pos+rms,"(1.5, 8.0, 0.7, 0.0)",0.6154431700706482,0.04323709011077881,0.004306793212890625,2
seg+pos+rms,"(1.5, 8.0, 0.7, 0.0)",0.6531840562820435,0.11005181074142456,0.21540343761444092,2
seg+pos+rms,"(1.5, 8.0, 0.7, 0.0)",0.6381944417953491,0.07585281133651733,0.18347346782684326,2
seg+pos+rms,"(1.5, 8.0, 0.7, 0.0)",0.660626083612442,0.06984353065490723,0.04046225547790527,2
seg+pos+rms,"(1.5, 8.0, 0.7, 0.0)",0.6131239533424377,0.06310206651687622,0.04039740562438965,2
seg+pos+rms,"(1.5, 8.0, 0.7, 0.0)",0.6089213192462921,0.04799187183380127,0.07980728149414062,2
seg+pos+rms,"(1.5, 8.0, 0.7, 0.0)",0.6558482050895691,0.0655624270439148,0.09158587455749512,2
seg+pos+rms,"(1.5, 8.0, 0.7, 0.0)",0.6366182565689087,0.03425973653793335,0.03212428092956543,2
seg+pos+rms,"(1.5, 8.0, 0.7, 0.3)",0.632918506860733,0.04719531536102295,0.00576937198638916,2
seg+pos+rms,"(1.5, 8.0, 0.7, 0.3)",0.6263980269432068,0.04400444030761719,0.03790545463562012,2
seg+pos+rms,"(1.5, 8.0, 0.7, 0.3)",0.6936375498771667,0.0384373664855957,0.013635396957397461,2
seg+pos+rms,"(1.5, 8.0, 0.7, 0.3)",0.6410984992980957,0.03814154863357544,0.04801905155181885,2
seg+pos+rms,"(1.5, 8.0, 0.7, 0.3)",0.6360273659229279,0.03394132852554321,0.0045528411865234375,2
seg+pos+rms,"(1.5, 8.0, 0.7, 0.3)",0.6232854723930359,0.03710949420928955,0.07641446590423584,2
seg+pos+rms,"(1.5, 8.0, 0.7, 0.3)",0.6610205769538879,0.041566669940948486,0.0017455816268920898,2
seg+pos+rms,"(1.5, 8.0, 0.7, 0.3)",0.6916433572769165,0.05232816934585571,0.06322777271270752,2
seg+pos+rms,"(1.5, 8.0, 0.7, 0.3)",0.6535379886627197,0.07085549831390381,0.11630058288574219,2
seg+pos+rms,"(1.5, 8.0, 0.7, 0.3)",0.6355214416980743,0.02258467674255371,0.03038918972015381,2
seg+pos+rms,"(1.5, 8.0, 0.7, 0.3)",0.6124321520328522,0.05853748321533203,0.06940007209777832,2
seg+pos+rms,"(1.5, 8.0, 0.7, 0.3)",0.6578825116157532,0.06119805574417114,0.07451105117797852,2
seg+pos+rms,"(1.5, 8.0, 0.7, 0.3)",0.6268942058086395,0.044324517250061035,0.04779255390167236,2
seg+pos+rms,"(1.5, 8.0, 0.7, 0.3)",0.6284968852996826,0.023681461811065674,0.025669217109680176,2
seg+pos+rms,"(1.5, 8.0, 0.7, 0.3)",0.642423003911972,0.06896865367889404,0.002404928207397461,2
seg+pos+rms,"(1.5, 8.0, 0.7, 0.6)",0.6085730195045471,0.036201655864715576,0.06727266311645508,2
seg+pos+rms,"(1.5, 8.0, 0.7, 0.6)",0.6233053803443909,0.017259657382965088,0.07362985610961914,2
seg+pos+rms,"(1.5, 8.0, 0.7, 0.6)",0.6662508845329285,0.05024009943008423,0.034826040267944336,2
seg+pos+rms,"(1.5, 8.0, 0.7, 0.6)",0.6986581981182098,0.01046663522720337,0.11612892150878906,2
seg+pos+rms,"(1.5, 8.0, 0.7, 0.6)",0.6610510051250458,0.027948498725891113,0.13501763343811035,2
seg+pos+rms,"(1.5, 8.0, 0.7, 0.6)",0.6857814788818359,0.04354172945022583,0.22789812088012695,2
seg+pos+rms,"(1.5, 8.0, 0.7, 0.6)",0.699070155620575,0.03870946168899536,0.25290393829345703,2
seg+pos+rms,"(1.5, 8.0, 0.7, 0.6)",0.6349263191223145,0.027618348598480225,0.06363213062286377,2
seg+pos+rms,"(1.5, 8.0, 0.7, 0.6)",0.6524592041969299,0.025553107261657715,0.1290227174758911,2
seg+pos+rms,"(1.5, 8.0, 0.7, 0.6)",0.6387878954410553,0.031931161880493164,0.1521376371383667,2
seg+pos+rms,"(1.5, 8.0, 0.7, 0.6)",0.6165661513805389,0.055070579051971436,0.08677351474761963,2
seg+pos+rms,"(1.5, 8.0, 0.7, 0.6)",0.676925927400589,0.043730080127716064,0.0751265287399292,2
seg+pos+rms,"(1.5, 8.0, 0.7, 0.6)",0.6364679336547852,0.08683490753173828,0.07333314418792725,2
seg+pos+rms,"(1.5, 8.0, 0.7, 0.6)",0.6616333425045013,0.02231574058532715,0.05304861068725586,2
seg+pos+rms,"(1.5, 8.0, 0.7, 0.6)",0.6303102374076843,0.03576040267944336,0.13400208950042725,2
seg+pos+rms,"(1.5, 8.0, 0.7, -0.3)",0.6483942270278931,0.0585363507270813,0.08630990982055664,2
seg+pos+rms,"(1.5, 8.0, 0.7, -0.3)",0.6520620584487915,0.04056060314178467,0.05077624320983887,2
seg+pos+rms,"(1.5, 8.0, 0.7, -0.3)",0.6245712041854858,0.019181907176971436,0.053073883056640625,2
seg+pos+rms,"(1.5, 8.0, 0.7, -0.3)",0.6670999825000763,0.025804340839385986,0.08829402923583984,2
seg+pos+rms,"(1.5, 8.0, 0.7, -0.3)",0.6506605744361877,0.03821456432342529,0.03742623329162598,2
seg+pos+rms,"(1.5, 8.0, 0.7, -0.3)",0.6606236696243286,0.038842201232910156,0.0644524097442627,2
seg+pos+rms,"(1.5, 8.0, 0.7, -0.3)",0.6744959354400635,0.06196558475494385,0.028082847595214844,2
seg+pos+rms,"(1.5, 8.0, 0.7, -0.3)",0.6052800118923187,0.03324073553085327,0.03616833686828613,2
seg+pos+rms,"(1.5, 8.0, 0.7, -0.3)",0.673103541135788,0.04616516828536987,0.023111343383789062,2
seg+pos+rms,"(1.5, 8.0, 0.7, -0.3)",0.6235934495925903,0.02129495143890381,0.08623051643371582,2
seg+pos+rms,"(1.5, 8.0, 0.7, -0.3)",0.6717756986618042,0.044837236404418945,0.07330560684204102,2
seg+pos+rms,"(1.5, 8.0, 0.7, -0.3)",0.6367985010147095,0.07077479362487793,0.28654050827026367,2
seg+pos+rms,"(1.5, 8.0, 0.7, -0.3)",0.6416001915931702,0.03267025947570801,0.06223344802856445,2
seg+pos+rms,"(1.5, 8.0, 0.7, -0.3)",0.6121781766414642,0.10276097059249878,0.22055792808532715,2
seg+pos+rms,"(1.5, 8.0, 0.7, -0.3)",0.6031246185302734,0.09399861097335815,0.11987161636352539,2
seg+pos+rms,"(1.5, 20.0, 0.3, 0.0)",0.7282615005970001,0.09914553165435791,0.19207477569580078,2
seg+pos+rms,"(1.5, 20.0, 0.3, 0.0)",0.6874369382858276,0.04503661394119263,0.1614971160888672,2
seg+pos+rms,"(1.5, 20.0, 0.3, 0.0)",0.6698248088359833,0.07311356067657471,0.09009313583374023,2
seg+pos+rms,"(1.5, 20.0, 0.3, 0.0)",0.7155340909957886,0.10837668180465698,0.11680293083190918,2
seg+pos+rms,"(1.5, 20.0, 0.3, 0.0)",0.7331174910068512,0.06411314010620117,0.1800386905670166,2
seg+pos+rms,"(1.5, 20.0, 0.3, 0.0)",0.6550700962543488,0.07197237014770508,0.2338237762451172,2
seg+pos+rms,"(1.5, 20.0, 0.3, 0.0)",0.6680293381214142,0.08215457201004028,0.0490415096282959,2
seg+pos+rms,"(1.5, 20.0, 0.3, 0.0)",0.70023974776268,0.10950642824172974,0.17963898181915283,2
seg+pos+rms,"(1.5, 20.0, 0.3, 0.0)",0.7021114826202393,0.03719222545623779,0.028044700622558594,2
seg+pos+rms,"(1.5, 20.0, 0.3, 0.0)",0.7086972296237946,0.06072884798049927,0.054840803146362305,2
seg+pos+rms,"(1.5, 20.0, 0.3, 0.0)",0.6900240182876587,0.10660499334335327,0.040899038314819336,2
seg+pos+rms,"(1.5, 20.0, 0.3, 0.0)",0.7443804740905762,0.13440459966659546,0.23524689674377441,2
seg+pos+rms,"(1.5, 20.0, 0.3, 0.0)",0.7429892420768738,0.05457770824432373,0.241646409034729,2
seg+pos+rms,"(1.5, 20.0, 0.3, 0.0)",0.7084594666957855,0.09397250413894653,0.1367642879486084,2
seg+pos+rms,"(1.5, 20.0, 0.3, 0.0)",0.6748012900352478,0.10162150859832764,0.10946130752563477,2
seg+pos+rms,"(1.5, 20.0, 0.3, 0.3)",0.6911823749542236,0.06662911176681519,0.024660110473632812,2
seg+pos+rms,"(1.5, 20.0, 0.3, 0.3)",0.6759898662567139,0.08041518926620483,0.07878851890563965,2
seg+pos+rms,"(1.5, 20.0, 0.3, 0.3)",0.7305852174758911,0.08836114406585693,0.029384970664978027,2
seg+pos+rms,"(1.5, 20.0, 0.3, 0.3)",0.7105993032455444,0.1087295413017273,0.005678534507751465,2
seg+pos+rms,"(1.5, 20.0, 0.3, 0.3)",0.7063721418380737,0.08444559574127197,0.003062009811401367,2
seg+pos+rms,"(1.5, 20.0, 0.3, 0.3)",0.6532997190952301,0.04116809368133545,0.028045654296875,2
seg+pos+rms,"(1.5, 20.0, 0.3, 0.3)",0.675358772277832,0.06711089611053467,0.0747213363647461,2
seg+pos+rms,"(1.5, 20.0, 0.3, 0.3)",0.6742875277996063,0.11210799217224121,0.08808648586273193,2
seg+pos+rms,"(1.5, 20.0, 0.3, 0.3)",0.7804854214191437,0.08298707008361816,0.0872037410736084,2
seg+pos+rms,"(1.5, 20.0, 0.3, 0.3)",0.6796192824840546,0.2008264660835266,0.20071589946746826,2
seg+pos+rms,"(1.5, 20.0, 0.3, 0.3)",0.6810702383518219,0.024321556091308594,0.1531134843826294,2
seg+pos+rms,"(1.5, 20.0, 0.3, 0.3)",0.7672201991081238,0.09245872497558594,0.1064310073852539,2
seg+pos+rms,"(1.5, 20.0, 0.3, 0.3)",0.6986387073993683,0.08421999216079712,0.01488029956817627,2
seg+pos+rms,"(1.5, 20.0, 0.3, 0.3)",0.7279250621795654,0.07348114252090454,0.06719732284545898,2
seg+pos+rms,"(1.5, 20.0, 0.3, 0.3)",0.6713324785232544,0.12592655420303345,0.11494600772857666,2
seg+pos+rms,"(1.5, 20.0, 0.3, 0.6)",0.6829161643981934,0.05308729410171509,0.14575493335723877,2
seg+pos+rms,"(1.5, 20.0, 0.3, 0.6)",0.7252777218818665,0.02107292413711548,0.23032188415527344,2
seg+pos+rms,"(1.5, 20.0, 0.3, 0.6)",0.6872099339962006,0.08539682626724243,0.0738821029663086,2
seg+pos+rms,"(1.5, 20.0, 0.3, 0.6)",0.6729624271392822,0.08007359504699707,0.015611410140991211,2
seg+pos+rms,"(1.5, 20.0, 0.3, 0.6)",0.7202385663986206,0.014339208602905273,0.17860877513885498,2
seg+pos+rms,"(1.5, 20.0, 0.3, 0.6)",0.707258015871048,0.051883161067962646,0.07296359539031982,2
seg+pos+rms,"(1.5, 20.0, 0.3, 0.6)",0.6714047193527222,0.047265708446502686,0.08873319625854492,2
seg+pos+rms,"(1.5, 20.0, 0.3, 0.6)",0.6715686023235321,0.08623474836349487,0.05324530601501465,2
seg+pos+rms,"(1.5, 20.0, 0.3, 0.6)",0.7423091530799866,0.10836827754974365,0.027966856956481934,2
seg+pos+rms,"(1.5, 20.0, 0.3, 0.6)",0.6732785403728485,0.08027815818786621,0.09030532836914062,2
seg+pos+rms,"(1.5, 20.0, 0.3, 0.6)",0.7213763892650604,0.09026491641998291,0.06058073043823242,2
seg+pos+rms,"(1.5, 20.0, 0.3, 0.6)",0.6782543659210205,0.044825613498687744,0.09912300109863281,2
seg+pos+rms,"(1.5, 20.0, 0.3, 0.6)",0.7073162198066711,0.07530349493026733,0.007819533348083496,2
seg+pos+rms,"(1.5, 20.0, 0.3, 0.6)",0.7168779969215393,0.08090364933013916,0.029842853546142578,2
seg+pos+rms,"(1.5, 20.0, 0.3, 0.6)",0.6959986686706543,0.09288603067398071,0.04742026329040527,2
seg+pos+rms,"(1.5, 20.0, 0.3, -0.3)",0.6910185813903809,0.08974683284759521,0.14043688774108887,2
seg+pos+rms,"(1.5, 20.0, 0.3, -0.3)",0.7356891930103302,0.038340747356414795,0.04490065574645996,2
seg+pos+rms,"(1.5, 20.0, 0.3, -0.3)",0.7035440504550934,0.05395233631134033,0.08372187614440918,2
seg+pos+rms,"(1.5, 20.0, 0.3, -0.3)",0.7284667491912842,0.08615630865097046,0.20778799057006836,2
seg+pos+rms,"(1.5, 20.0, 0.3, -0.3)",0.6845354437828064,0.14845192432403564,0.34099602699279785,2
seg+pos+rms,"(1.5, 20.0, 0.3, -0.3)",0.7033133506774902,0.08275812864303589,0.22518348693847656,2
seg+pos+rms,"(1.5, 20.0, 0.3, -0.3)",0.7324644923210144,0.1160399317741394,0.2987065315246582,2
seg+pos+rms,"(1.5, 20.0, 0.3, -0.3)",0.6751863360404968,0.06339985132217407,0.13941049575805664,2
seg+pos+rms,"(1.5, 20.0, 0.3, -0.3)",0.6877825856208801,0.06278645992279053,0.09761333465576172,2
seg+pos+rms,"(1.5, 20.0, 0.3, -0.3)",0.6717149913311005,0.03156489133834839,0.010237455368041992,2
seg+pos+rms,"(1.5, 20.0, 0.3, -0.3)",0.6925440728664398,0.04223757982254028,0.06856656074523926,2
seg+pos+rms,"(1.5, 20.0, 0.3, -0.3)",0.6987667977809906,0.08392453193664551,0.09459829330444336,2
seg+pos+rms,"(1.5, 20.0, 0.3, -0.3)",0.6688809394836426,0.02352350950241089,0.06623196601867676,2
seg+pos+rms,"(1.5, 20.0, 0.3, -0.3)",0.6728429794311523,0.061030566692352295,0.14554142951965332,2
seg+pos+rms,"(1.5, 20.0, 0.3, -0.3)",0.6513110399246216,0.10280489921569824,0.18240714073181152,2
seg+pos+rms,"(1.5, 20.0, 0.7, 0.0)",0.4988256096839905,0.0825585126876831,0.16901516914367676,2
seg+pos+rms,"(1.5, 20.0, 0.7, 0.0)",0.4542750418186188,0.03411543369293213,0.04584527015686035,2
seg+pos+rms,"(1.5, 20.0, 0.7, 0.0)",0.5083988308906555,0.08561134338378906,0.13501596450805664,2
seg+pos+rms,"(1.5, 20.0, 0.7, 0.0)",0.5083400160074234,0.05337125062942505,0.062363624572753906,2
seg+pos+rms,"(1.5, 20.0, 0.7, 0.0)",0.47131702303886414,0.11122536659240723,0.2622566223144531,2
seg+pos+rms,"(1.5, 20.0, 0.7, 0.0)",0.5167424380779266,0.07803088426589966,0.10069870948791504,2
seg+pos+rms,"(1.5, 20.0, 0.7, 0.0)",0.4969881474971771,0.0887216329574585,0.23103618621826172,2
seg+pos+rms,"(1.5, 20.0, 0.7, 0.0)",0.47648024559020996,0.09683984518051147,0.024659156799316406,2
seg+pos+rms,"(1.5, 20.0, 0.7, 0.0)",0.4630880355834961,0.05207616090774536,0.056276559829711914,2
seg+pos+rms,"(1.5, 20.0, 0.7, 0.0)",0.49445049464702606,0.12441939115524292,0.24575591087341309,2
seg+pos+rms,"(1.5, 20.0, 0.7, 0.0)",0.5127836167812347,0.07434356212615967,0.20281434059143066,2
seg+pos+rms,"(1.5, 20.0, 0.7, 0.0)",0.508334755897522,0.12642377614974976,0.13083374500274658,2
seg+pos+rms,"(1.5, 20.0, 0.7, 0.0)",0.4796629399061203,0.03627580404281616,0.0040094852447509766,2
seg+pos+rms,"(1.5, 20.0, 0.7, 0.0)",0.48867422342300415,0.056266188621520996,0.0669703483581543,2
seg+pos+rms,"(1.5, 20.0, 0.7, 0.0)",0.47833842039108276,0.07739627361297607,0.15528035163879395,2
seg+pos+rms,"(1.5, 20.0, 0.7, 0.3)",0.5027859807014465,0.07483571767807007,0.2541201114654541,2
seg+pos+rms,"(1.5, 20.0, 0.7, 0.3)",0.48825976252555847,0.05530500411987305,0.0224534273147583,2
seg+pos+rms,"(1.5, 20.0, 0.7, 0.3)",0.46081840991973877,0.06949484348297119,0.05746805667877197,2
seg+pos+rms,"(1.5, 20.0, 0.7, 0.3)",0.4984642118215561,0.1106826663017273,0.14250648021697998,2
seg+pos+rms,"(1.5, 20.0, 0.7, 0.3)",0.43968454003334045,0.00700145959854126,0.002854585647583008,2
seg+pos+rms,"(1.5, 20.0, 0.7, 0.3)",0.4590218961238861,0.08174276351928711,0.11202752590179443,2
seg+pos+rms,"(1.5, 20.0, 0.7, 0.3)",0.45571431517601013,0.018291950225830078,0.0373384952545166,2
seg+pos+rms,"(1.5, 20.0, 0.7, 0.3)",0.48131129145622253,0.06956338882446289,0.06935572624206543,2
seg+pos+rms,"(1.5, 20.0, 0.7, 0.3)",0.4310949891805649,0.029823720455169678,0.039517998695373535,2
seg+pos+rms,"(1.5, 20.0, 0.7, 0.3)",0.4557446986436844,0.06694787740707397,0.12939786911010742,2
seg+pos+rms,"(1.5, 20.0, 0.7, 0.3)",0.5042593628168106,0.11172354221343994,0.16675233840942383,2
seg+pos+rms,"(1.5, 20.0, 0.7, 0.3)",0.5491549372673035,0.11364620923995972,0.20567917823791504,2
seg+pos+rms,"(1.5, 20.0, 0.7, 0.3)",0.5078017711639404,0.13084423542022705,0.1832571029663086,2
seg+pos+rms,"(1.5, 20.0, 0.7, 0.3)",0.515748530626297,0.04595291614532471,0.06460928916931152,2
seg+pos+rms,"(1.5, 20.0, 0.7, 0.3)",0.42308108508586884,0.09104353189468384,0.11208736896514893,2
seg+pos+rms,"(1.5, 20.0, 0.7, 0.6)",0.49610787630081177,0.05096393823623657,0.07283246517181396,2
seg+pos+rms,"(1.5, 20.0, 0.7, 0.6)",0.49862000346183777,0.06653159856796265,0.17190241813659668,2
seg+pos+rms,"(1.5, 20.0, 0.7, 0.6)",0.484177827835083,0.07729417085647583,0.22301506996154785,2
seg+pos+rms,"(1.5, 20.0, 0.7, 0.6)",0.4793219268321991,0.09112328290939331,0.10072779655456543,2
seg+pos+rms,"(1.5, 20.0, 0.7, 0.6)",0.535489559173584,0.0996590256690979,0.08614742755889893,2
seg+pos+rms,"(1.5, 20.0, 0.7, 0.6)",0.4579644501209259,0.07786738872528076,0.2344120740890503,2
seg+pos+rms,"(1.5, 20.0, 0.7, 0.6)",0.48469047248363495,0.06977277994155884,0.16508758068084717,2
seg+pos+rms,"(1.5, 20.0, 0.7, 0.6)",0.5365794003009796,0.07662332057952881,0.13738691806793213,2
seg+pos+rms,"(1.5, 20.0, 0.7, 0.6)",0.495331734418869,0.07236295938491821,0.09953939914703369,2
seg+pos+rms,"(1.5, 20.0, 0.7, 0.6)",0.457676962018013,0.025436103343963623,0.05122864246368408,2
seg+pos+rms,"(1.5, 20.0, 0.7, 0.6)",0.4838640093803406,0.041857004165649414,0.04415690898895264,2
seg+pos+rms,"(1.5, 20.0, 0.7, 0.6)",0.49116745591163635,0.09819203615188599,0.1811152696609497,2
seg+pos+rms,"(1.5, 20.0, 0.7, 0.6)",0.4941294640302658,0.05205196142196655,0.1412796974182129,2
seg+pos+rms,"(1.5, 20.0, 0.7, 0.6)",0.5075399279594421,0.04054844379425049,0.15254473686218262,2
seg+pos+rms,"(1.5, 20.0, 0.7, 0.6)",0.45635223388671875,0.1275237798690796,0.2289566993713379,2
seg+pos+rms,"(1.5, 20.0, 0.7, -0.3)",0.5420155227184296,0.12006223201751709,0.06663870811462402,2
seg+pos+rms,"(1.5, 20.0, 0.7, -0.3)",0.48492035269737244,0.04062432050704956,0.03830289840698242,2
seg+pos+rms,"(1.5, 20.0, 0.7, -0.3)",0.4950915575027466,0.07560670375823975,0.12739229202270508,2
seg+pos+rms,"(1.5, 20.0, 0.7, -0.3)",0.46968604624271393,0.06387418508529663,0.07167887687683105,2
seg+pos+rms,"(1.5, 20.0, 0.7, -0.3)",0.5098550319671631,0.08000349998474121,0.1316969394683838,2
seg+pos+rms,"(1.5, 20.0, 0.7, -0.3)",0.48537901043891907,0.0564388632774353,0.07508611679077148,2
seg+pos+rms,"(1.5, 20.0, 0.7, -0.3)",0.46986159682273865,0.031286418437957764,0.019324779510498047,2
seg+pos+rms,"(1.5, 20.0, 0.7, -0.3)",0.5248283594846725,0.08207434415817261,0.10821056365966797,2
seg+pos+rms,"(1.5, 20.0, 0.7, -0.3)",0.5194974094629288,0.10149902105331421,0.12230849266052246,2
seg+pos+rms,"(1.5, 20.0, 0.7, -0.3)",0.43117351830005646,0.06616228818893433,0.13309931755065918,2
seg+pos+rms,"(1.5, 20.0, 0.7, -0.3)",0.5315199494361877,0.14564621448516846,0.15117621421813965,2
seg+pos+rms,"(1.5, 20.0, 0.7, -0.3)",0.47298938035964966,0.07208490371704102,0.1516265869140625,2
seg+pos+rms,"(1.5, 20.0, 0.7, -0.3)",0.48754073679447174,0.10122174024581909,0.16161060333251953,2
seg+pos+rms,"(1.5, 20.0, 0.7, -0.3)",0.4833167642354965,0.02188032865524292,0.014298439025878906,2
seg+pos+rms,"(1.5, 20.0, 0.7, -0.3)",0.50639608502388,0.016834497451782227,0.015770912170410156,2
seg+pos+rms,"(3.0, 8.0, 0.3, 0.0)",1.5652320981025696,0.43338537216186523,0.7690279483795166,2
seg+pos+rms,"(3.0, 8.0, 0.3, 0.0)",1.5248854756355286,0.45848679542541504,0.5669288635253906,2
seg+pos+rms,"(3.0, 8.0, 0.3, 0.0)",1.527786374092102,0.37477028369903564,0.5224299430847168,2
seg+pos+rms,"(3.0, 8.0, 0.3, 0.0)",1.5601904392242432,0.4934976100921631,0.9348890781402588,2
seg+pos+rms,"(3.0, 8.0, 0.3, 0.0)",1.5461469292640686,0.3505561351776123,0.5340964794158936,2
seg+pos+rms,"(3.0, 8.0, 0.3, 0.0)",1.5527338981628418,0.5117360353469849,0.6726326942443848,2
seg+pos+rms,"(3.0, 8.0, 0.3, 0.0)",1.5917861461639404,0.42967677116394043,0.6327760219573975,2
seg+pos+rms,"(3.0, 8.0, 0.3, 0.0)",1.5435773134231567,0.47681307792663574,0.6744060516357422,2
seg+pos+rms,"(3.0, 8.0, 0.3, 0.0)",1.5499946475028992,0.5148192644119263,0.7681241035461426,2
seg+pos+rms,"(3.0, 8.0, 0.3, 0.0)",1.5470098853111267,0.44327712059020996,0.35079002380371094,2
seg+pos+rms,"(3.0, 8.0, 0.3, 0.0)",1.5797705054283142,0.3936898708343506,0.6729187965393066,2
seg+pos+rms,"(3.0, 8.0, 0.3, 0.0)",1.5308780074119568,0.3858236074447632,0.6802728176116943,2
seg+pos+rms,"(3.0, 8.0, 0.3, 0.0)",1.5138641595840454,0.38339948654174805,0.5201666355133057,2
seg+pos+rms,"(3.0, 8.0, 0.3, 0.0)",1.5008084177970886,0.5809956789016724,0.6564834117889404,2
seg+pos+rms,"(3.0, 8.0, 0.3, 0.0)",1.5496277809143066,0.43151581287384033,0.6788482666015625,2
seg+pos+rms,"(3.0, 8.0, 0.3, 0.3)",1.5510744452476501,0.3662005662918091,0.4877145290374756,2
seg+pos+rms,"(3.0, 8.0, 0.3, 0.3)",1.5015143752098083,0.3997538089752197,0.4828462600708008,2
seg+pos+rms,"(3.0, 8.0, 0.3, 0.3)",1.5992380380630493,0.666965126991272,0.5835151672363281,2
seg+pos+rms,"(3.0, 8.0, 0.3, 0.3)",1.454676628112793,0.2788424491882324,0.5906469821929932,2
seg+pos+rms,"(3.0, 8.0, 0.3, 0.3)",1.576315701007843,0.5731223821640015,0.6926381587982178,2
seg+pos+rms,"(3.0, 8.0, 0.3, 0.3)",1.490999698638916,0.3295130729675293,0.5106902122497559,2
seg+pos+rms,"(3.0, 8.0, 0.3, 0.3)",1.6040947437286377,0.6309800148010254,0.5844480991363525,2
seg+pos+rms,"(3.0, 8.0, 0.3, 0.3)",1.5087773203849792,0.4229077100753784,0.5381326675415039,2
seg+pos+rms,"(3.0, 8.0, 0.3, 0.3)",1.536251425743103,0.37383008003234863,0.6079823970794678,2
seg+pos+rms,"(3.0, 8.0, 0.3, 0.3)",1.5359749794006348,0.45022618770599365,0.48993921279907227,2
seg+pos+rms,"(3.0, 8.0, 0.3, 0.3)",1.5359182357788086,0.4073585271835327,0.46869874000549316,2
seg+pos+rms,"(3.0, 8.0, 0.3, 0.3)",1.5213988423347473,0.5840147733688354,0.6031448841094971,2
seg+pos+rms,"(3.0, 8.0, 0.3, 0.3)",1.54167640209198,0.43458008766174316,0.5593197345733643,2
seg+pos+rms,"(3.0, 8.0, 0.3, 0.3)",1.572161316871643,0.3607417345046997,0.486053466796875,2
seg+pos+rms,"(3.0, 8.0, 0.3, 0.3)",1.5760892033576965,0.57323157787323,0.5620808601379395,2
seg+pos+rms,"(3.0, 8.0, 0.3, 0.6)",1.5565813779830933,0.5708340406417847,0.33289337158203125,2
seg+pos+rms,"(3.0, 8.0, 0.3, 0.6)",1.5753728747367859,0.4360305070877075,0.2098684310913086,2
seg+pos+rms,"(3.0, 8.0, 0.3, 0.6)",1.5728057622909546,0.44708096981048584,0.2613077163696289,2
seg+pos+rms,"(3.0, 8.0, 0.3, 0.6)",1.5461576581001282,0.3158106803894043,0.31391048431396484,2
seg+pos+rms,"(3.0, 8.0, 0.3, 0.6)",1.5803458094596863,0.7262667417526245,0.5200715065002441,2
seg+pos+rms,"(3.0, 8.0, 0.3, 0.6)",1.5668290257453918,0.583498477935791,0.3937840461730957,2
seg+pos+rms,"(3.0, 8.0, 0.3, 0.6)",1.5544955134391785,0.4920576810836792,0.505077600479126,2
seg+pos+rms,"(3.0, 8.0, 0.3, 0.6)",1.5354731678962708,0.6500272750854492,0.38449978828430176,2
seg+pos+rms,"(3.0, 8.0, 0.3, 0.6)",1.5320602059364319,0.5514565706253052,0.40441131591796875,2
seg+pos+rms,"(3.0, 8.0, 0.3, 0.6)",1.4972138404846191,0.4549694061279297,0.3275432586669922,2
seg+pos+rms,"(3.0, 8.0, 0.3, 0.6)",1.568618655204773,0.35875773429870605,0.33512234687805176,2
seg+pos+rms,"(3.0, 8.0, 0.3, 0.6)",1.5123618841171265,0.4464644193649292,0.48404717445373535,2
seg+pos+rms,"(3.0, 8.0, 0.3, 0.6)",1.526686429977417,0.37746965885162354,0.4492185115814209,2
seg+pos+rms,"(3.0, 8.0, 0.3, 0.6)",1.5908045768737793,0.48144662380218506,0.012352943420410156,2
seg+pos+rms,"(3.0, 8.0, 0.3, 0.6)",1.565321922302246,0.35900628566741943,0.22617006301879883,2
seg+pos+rms,"(3.0, 8.0, 0.3, -0.3)",1.4805136322975159,0.4919990301132202,0.8488945960998535,2
seg+pos+rms,"(3.0, 8.0, 0.3, -0.3)",1.5726177096366882,0.44331908226013184,0.6789741516113281,2
seg+pos+rms,"(3.0, 8.0, 0.3, -0.3)",1.494713544845581,0.5135679244995117,0.7874743938446045,2
seg+pos+rms,"(3.0, 8.0, 0.3, -0.3)",1.502226173877716,0.4420480728149414,0.8318173885345459,2
seg+pos+rms,"(3.0, 8.0, 0.3, -0.3)",1.5193716287612915,0.503292441368103,0.7520184516906738,2
seg+pos+rms,"(3.0, 8.0, 0.3, -0.3)",1.5340056419372559,0.46705806255340576,0.6883711814880371,2
seg+pos+rms,"(3.0, 8.0, 0.3, -0.3)",1.612282156944275,0.46405982971191406,0.8361215591430664,2
seg+pos+rms,"(3.0, 8.0, 0.3, -0.3)",1.5544531345367432,0.47145092487335205,0.6046767234802246,2
seg+pos+rms,"(3.0, 8.0, 0.3, -0.3)",1.5110129117965698,0.36957013607025146,0.6138734817504883,2
seg+pos+rms,"(3.0, 8.0, 0.3, -0.3)",1.515253722667694,0.697533369064331,1.308793306350708,2
seg+pos+rms,"(3.0, 8.0, 0.3, -0.3)",1.5949562788009644,0.500421404838562,0.8196001052856445,2
seg+pos+rms,"(3.0, 8.0, 0.3, -0.3)",1.5128641724586487,0.45012521743774414,0.7483301162719727,2
seg+pos+rms,"(3.0, 8.0, 0.3, -0.3)",1.5114384889602661,0.5046876668930054,0.7160849571228027,2
seg+pos+rms,"(3.0, 8.0, 0.3, -0.3)",1.6196050643920898,0.5242750644683838,0.9736340045928955,2
seg+pos+rms,"(3.0, 8.0, 0.3, -0.3)",1.5472312569618225,0.3368626832962036,0.7922782897949219,2
seg+pos+rms,"(3.0, 8.0, 0.7, 0.0)",1.0750647187232971,0.08088254928588867,0.13784122467041016,2
seg+pos+rms,"(3.0, 8.0, 0.7, 0.0)",1.1353792548179626,0.04851830005645752,0.08219718933105469,2
seg+pos+rms,"(3.0, 8.0, 0.7, 0.0)",1.049284815788269,0.113319993019104,0.20531916618347168,2
seg+pos+rms,"(3.0, 8.0, 0.7, 0.0)",1.1313716769218445,0.24428915977478027,0.20904827117919922,2
seg+pos+rms,"(3.0, 8.0, 0.7, 0.0)",1.1673356890678406,0.12408566474914551,0.0007638931274414062,2
seg+pos+rms,"(3.0, 8.0, 0.7, 0.0)",1.103395402431488,0.0783226490020752,0.188446044921875,2
seg+pos+rms,"(3.0, 8.0, 0.7, 0.0)",1.0606923699378967,0.17048513889312744,0.24703049659729004,2
seg+pos+rms,"(3.0, 8.0, 0.7, 0.0)",1.108083188533783,0.0508953332901001,0.10815620422363281,2
seg+pos+rms,"(3.0, 8.0, 0.7, 0.0)",1.0988138914108276,0.1498875617980957,0.19849491119384766,2
seg+pos+rms,"(3.0, 8.0, 0.7, 0.0)",1.059747338294983,0.06754302978515625,0.13787508010864258,2
seg+pos+rms,"(3.0, 8.0, 0.7, 0.0)",1.1161375045776367,0.0661780834197998,0.10196447372436523,2
seg+pos+rms,"(3.0, 8.0, 0.7, 0.0)",1.112822711467743,0.11862850189208984,0.49112677574157715,2
seg+pos+rms,"(3.0, 8.0, 0.7, 0.0)",1.0906000137329102,0.04839122295379639,0.10073280334472656,2
seg+pos+rms,"(3.0, 8.0, 0.7, 0.0)",1.1020668745040894,0.058954715728759766,0.2112898826599121,2
seg+pos+rms,"(3.0, 8.0, 0.7, 0.0)",1.0590558052062988,0.1756749153137207,0.3309803009033203,2
seg+pos+rms,"(3.0, 8.0, 0.7, 0.3)",1.044259250164032,0.05265045166015625,0.11579322814941406,2
seg+pos+rms,"(3.0, 8.0, 0.7, 0.3)",1.126570224761963,0.09724652767181396,0.030158519744873047,2
seg+pos+rms,"(3.0, 8.0, 0.7, 0.3)",1.060072422027588,0.09633660316467285,0.20155978202819824,2
seg+pos+rms,"(3.0, 8.0, 0.7, 0.3)",1.1176727414131165,0.021406888961791992,0.04434847831726074,2
seg+pos+rms,"(3.0, 8.0, 0.7, 0.3)",1.0668413043022156,0.04905831813812256,0.019040584564208984,2
seg+pos+rms,"(3.0, 8.0, 0.7, 0.3)",1.0955676436424255,0.13000643253326416,0.0057866573333740234,2
seg+pos+rms,"(3.0, 8.0, 0.7, 0.3)",1.1866502165794373,0.09935104846954346,0.13417363166809082,2
seg+pos+rms,"(3.0, 8.0, 0.7, 0.3)",1.0643693208694458,0.021064281463623047,0.10369610786437988,2
seg+pos+rms,"(3.0, 8.0, 0.7, 0.3)",1.1693580746650696,0.1486835479736328,0.04123878479003906,2
seg+pos+rms,"(3.0, 8.0, 0.7, 0.3)",1.0752121210098267,0.055676937103271484,0.008095026016235352,2
seg+pos+rms,"(3.0, 8.0, 0.7, 0.3)",1.1089948415756226,0.07296431064605713,0.18928170204162598,2
seg+pos+rms,"(3.0, 8.0, 0.7, 0.3)",1.0456517934799194,0.09448325634002686,0.12714338302612305,2
seg+pos+rms,"(3.0, 8.0, 0.7, 0.3)",1.078027606010437,0.025541186332702637,0.007969856262207031,2
seg+pos+rms,"(3.0, 8.0, 0.7, 0.3)",1.0547082424163818,0.07376813888549805,0.15534329414367676,2
seg+pos+rms,"(3.0, 8.0, 0.7, 0.3)",1.163376271724701,0.08111631870269775,0.03637886047363281,2
seg+pos+rms,"(3.0, 8.0, 0.7, 0.6)",1.1834585070610046,0.016733527183532715,0.04023551940917969,2
seg+pos+rms,"(3.0, 8.0, 0.7, 0.6)",1.0657377243041992,0.11423444747924805,0.09054279327392578,2
seg+pos+rms,"(3.0, 8.0, 0.7, 0.6)",1.1479368209838867,0.02063727378845215,0.06900787353515625,2
seg+pos+rms,"(3.0, 8.0, 0.7, 0.6)",1.071299970149994,0.03326225280761719,0.14445781707763672,2
seg+pos+rms,"(3.0, 8.0, 0.7, 0.6)",1.1038200855255127,0.12152957916259766,0.026735544204711914,2
seg+pos+rms,"(3.0, 8.0, 0.7, 0.6)",1.0862419605255127,0.06398999691009521,0.10174417495727539,2
seg+pos+rms,"(3.0, 8.0, 0.7, 0.6)",1.0769599080085754,0.17610478401184082,0.1222374439239502,2
seg+pos+rms,"(3.0, 8.0, 0.7, 0.6)",1.210198998451233,0.014948010444641113,0.06622576713562012,2
seg+pos+rms,"(3.0, 8.0, 0.7, 0.6)",1.1128236055374146,0.05547285079956055,0.17060327529907227,2
seg+pos+rms,"(3.0, 8.0, 0.7, 0.6)",1.003648281097412,0.027100682258605957,0.09384584426879883,2
seg+pos+rms,"(3.0, 8.0, 0.7, 0.6)",1.1871439218521118,0.02857053279876709,0.10400629043579102,2
seg+pos+rms,"(3.0, 8.0, 0.7, 0.6)",1.0639169812202454,0.05734717845916748,0.027759313583374023,2
seg+pos+rms,"(3.0, 8.0, 0.7, 0.6)",1.160149872303009,0.04069530963897705,0.11827659606933594,2
seg+pos+rms,"(3.0, 8.0, 0.7, 0.6)",1.1072604656219482,0.11873137950897217,0.004791975021362305,2
seg+pos+rms,"(3.0, 8.0, 0.7, 0.6)",1.1425429582595825,0.1866929531097412,0.15904927253723145,2
seg+pos+rms,"(3.0, 8.0, 0.7, -0.3)",1.084941804409027,0.05717897415161133,0.256960391998291,2
seg+pos+rms,"(3.0, 8.0, 0.7, -0.3)",1.010830044746399,0.061985135078430176,0.09416627883911133,2
seg+pos+rms,"(3.0, 8.0, 0.7, -0.3)",1.0492802858352661,0.05287039279937744,0.08871650695800781,2
seg+pos+rms,"(3.0, 8.0, 0.7, -0.3)",1.1599664688110352,0.16631698608398438,0.00893259048461914,2
seg+pos+rms,"(3.0, 8.0, 0.7, -0.3)",1.0871281325817108,0.11945998668670654,0.32401227951049805,2
seg+pos+rms,"(3.0, 8.0, 0.7, -0.3)",1.1402706503868103,0.07929503917694092,0.08045101165771484,2
seg+pos+rms,"(3.0, 8.0, 0.7, -0.3)",1.1265416145324707,0.10992825031280518,0.0556187629699707,2
seg+pos+rms,"(3.0, 8.0, 0.7, -0.3)",1.0841254591941833,0.026171565055847168,0.004065990447998047,2
seg+pos+rms,"(3.0, 8.0, 0.7, -0.3)",1.126305878162384,0.12640607357025146,0.34448862075805664,2
seg+pos+rms,"(3.0, 8.0, 0.7, -0.3)",1.0913524627685547,0.15366172790527344,0.29817962646484375,2
seg+pos+rms,"(3.0, 8.0, 0.7, -0.3)",1.1184362173080444,0.04428708553314209,0.024439334869384766,2
seg+pos+rms,"(3.0, 8.0, 0.7, -0.3)",1.1099493503570557,0.04679238796234131,0.0110626220703125,2
seg+pos+rms,"(3.0, 8.0, 0.7, -0.3)",1.0572005212306976,0.09936726093292236,0.16554737091064453,2
seg+pos+rms,"(3.0, 8.0, 0.7, -0.3)",1.0366979837417603,0.13542425632476807,0.30011510848999023,2
seg+pos+rms,"(3.0, 8.0, 0.7, -0.3)",1.1311571598052979,0.10313332080841064,0.26572322845458984,2
seg+pos+rms,"(3.0, 20.0, 0.3, 0.0)",1.2211652398109436,0.14938127994537354,0.25176286697387695,2
seg+pos+rms,"(3.0, 20.0, 0.3, 0.0)",1.2532808184623718,0.15586495399475098,0.16320562362670898,2
seg+pos+rms,"(3.0, 20.0, 0.3, 0.0)",1.2936830520629883,0.27255165576934814,0.4456956386566162,2
seg+pos+rms,"(3.0, 20.0, 0.3, 0.0)",1.2774450182914734,0.20736372470855713,0.359663724899292,2
seg+pos+rms,"(3.0, 20.0, 0.3, 0.0)",1.2221638560295105,0.15693426132202148,0.28099679946899414,2
seg+pos+rms,"(3.0, 20.0, 0.3, 0.0)",1.1836333274841309,0.22900211811065674,0.24254989624023438,2
seg+pos+rms,"(3.0, 20.0, 0.3, 0.0)",1.2264617681503296,0.1583690643310547,0.4227886199951172,2
seg+pos+rms,"(3.0, 20.0, 0.3, 0.0)",1.298758327960968,0.11001670360565186,0.10649776458740234,2
seg+pos+rms,"(3.0, 20.0, 0.3, 0.0)",1.2298885583877563,0.2909489870071411,0.29357433319091797,2
seg+pos+rms,"(3.0, 20.0, 0.3, 0.0)",1.2181569933891296,0.2087031602859497,0.2993154525756836,2
seg+pos+rms,"(3.0, 20.0, 0.3, 0.0)",1.2324463725090027,0.18776345252990723,0.4979228973388672,2
seg+pos+rms,"(3.0, 20.0, 0.3, 0.0)",1.3209131956100464,0.2420964241027832,0.22495794296264648,2
seg+pos+rms,"(3.0, 20.0, 0.3, 0.0)",1.243026614189148,0.18816661834716797,0.19097614288330078,2
seg+pos+rms,"(3.0, 20.0, 0.3, 0.0)",1.2636131048202515,0.19631576538085938,0.4080686569213867,2
seg+pos+rms,"(3.0, 20.0, 0.3, 0.0)",1.259182333946228,0.28450071811676025,0.41434526443481445,2
seg+pos+rms,"(3.0, 20.0, 0.3, 0.3)",1.2735155820846558,0.3103450536727905,0.4731113910675049,2
seg+pos+rms,"(3.0, 20.0, 0.3, 0.3)",1.2705498933792114,0.25622034072875977,0.24184322357177734,2
seg+pos+rms,"(3.0, 20.0, 0.3, 0.3)",1.1858652830123901,0.24562442302703857,0.21023106575012207,2
seg+pos+rms,"(3.0, 20.0, 0.3, 0.3)",1.2450067400932312,0.4133495092391968,0.2947995662689209,2
seg+pos+rms,"(3.0, 20.0, 0.3, 0.3)",1.2426636219024658,0.24020695686340332,0.279707670211792,2
seg+pos+rms,"(3.0, 20.0, 0.3, 0.3)",1.2692419290542603,0.29865479469299316,0.227400541305542,2
seg+pos+rms,"(3.0, 20.0, 0.3, 0.3)",1.2747992277145386,0.22136962413787842,0.23674893379211426,2
seg+pos+rms,"(3.0, 20.0, 0.3, 0.3)",1.2166325449943542,0.21543455123901367,0.29811882972717285,2
seg+pos+rms,"(3.0, 20.0, 0.3, 0.3)",1.2106622457504272,0.10960125923156738,0.17004799842834473,2
seg+pos+rms,"(3.0, 20.0, 0.3, 0.3)",1.1972910165786743,0.20231294631958008,0.3107566833496094,2
seg+pos+rms,"(3.0, 20.0, 0.3, 0.3)",1.254710078239441,0.19813275337219238,0.0759434700012207,2
seg+pos+rms,"(3.0, 20.0, 0.3, 0.3)",1.2921788692474365,0.1896224021911621,0.3273797035217285,2
seg+pos+rms,"(3.0, 20.0, 0.3, 0.3)",1.2674362659454346,0.26504790782928467,0.23469209671020508,2
seg+pos+rms,"(3.0, 20.0, 0.3, 0.3)",1.2205240726470947,0.29512953758239746,0.2626652717590332,2
seg+pos+rms,"(3.0, 20.0, 0.3, 0.3)",1.2185317277908325,0.2628340721130371,0.10962128639221191,2
seg+pos+rms,"(3.0, 20.0, 0.3, 0.6)",1.1732292771339417,0.13360059261322021,0.11187076568603516,2
seg+pos+rms,"(3.0, 20.0, 0.3, 0.6)",1.2586483359336853,0.19376099109649658,0.014855623245239258,2
seg+pos+rms,"(3.0, 20.0, 0.3, 0.6)",1.1940361857414246,0.23181021213531494,0.05621170997619629,2
seg+pos+rms,"(3.0, 20.0, 0.3, 0.6)",1.274488627910614,0.24792516231536865,0.11218738555908203,2
seg+pos+rms,"(3.0, 20.0, 0.3, 0.6)",1.15159410238266,0.2231529951095581,0.29073452949523926,2
seg+pos+rms,"(3.0, 20.0, 0.3, 0.6)",1.1737124919891357,0.2369527816772461,0.1768476963043213,2
seg+pos+rms,"(3.0, 20.0, 0.3, 0.6)",1.1927399635314941,0.24329149723052979,0.21208786964416504,2
seg+pos+rms,"(3.0, 20.0, 0.3, 0.6)",1.2006996870040894,0.21580266952514648,0.10865187644958496,2
seg+pos+rms,"(3.0, 20.0, 0.3, 0.6)",1.3009881377220154,0.3280189037322998,0.20095252990722656,2
seg+pos+rms,"(3.0, 20.0, 0.3, 0.6)",1.2260217070579529,0.1165848970413208,0.035967111587524414,2
seg+pos+rms,"(3.0, 20.0, 0.3, 0.6)",1.221464455127716,0.24906647205352783,0.06746602058410645,2
seg+pos+rms,"(3.0, 20.0, 0.3, 0.6)",1.267108678817749,0.2708936929702759,0.2112281322479248,2
seg+pos+rms,"(3.0, 20.0, 0.3, 0.6)",1.2356866598129272,0.21601104736328125,0.07373261451721191,2
seg+pos+rms,"(3.0, 20.0, 0.3, 0.6)",1.21433824300766,0.2785370349884033,0.18727779388427734,2
seg+pos+rms,"(3.0, 20.0, 0.3, 0.6)",1.2082853317260742,0.19539451599121094,0.08519721031188965,2
seg+pos+rms,"(3.0, 20.0, 0.3, -0.3)",1.2247672080993652,0.13173389434814453,0.05483055114746094,2
seg+pos+rms,"(3.0, 20.0, 0.3, -0.3)",1.2773414850234985,0.28287649154663086,0.6731753349304199,2
seg+pos+rms,"(3.0, 20.0, 0.3, -0.3)",1.2267308235168457,0.2211298942565918,0.36129236221313477,2
seg+pos+rms,"(3.0, 20.0, 0.3, -0.3)",1.1816956400871277,0.19567835330963135,0.2935657501220703,2
seg+pos+rms,"(3.0, 20.0, 0.3, -0.3)",1.2658933401107788,0.12326061725616455,0.15247106552124023,2
seg+pos+rms,"(3.0, 20.0, 0.3, -0.3)",1.2472243309020996,0.26082706451416016,0.46997499465942383,2
seg+pos+rms,"(3.0, 20.0, 0.3, -0.3)",1.2019970417022705,0.15202677249908447,0.15058183670043945,2
seg+pos+rms,"(3.0, 20.0, 0.3, -0.3)",1.3141262531280518,0.22915387153625488,0.44605445861816406,2
seg+pos+rms,"(3.0, 20.0, 0.3, -0.3)",1.2046395540237427,0.14208674430847168,0.18081998825073242,2
seg+pos+rms,"(3.0, 20.0, 0.3, -0.3)",1.2187689542770386,0.18635427951812744,0.29762983322143555,2
seg+pos+rms,"(3.0, 20.0, 0.3, -0.3)",1.268170416355133,0.22341346740722656,0.47869396209716797,2
seg+pos+rms,"(3.0, 20.0, 0.3, -0.3)",1.1920498609542847,0.19230294227600098,0.548682689666748,2
seg+pos+rms,"(3.0, 20.0, 0.3, -0.3)",1.2931247353553772,0.2849578857421875,0.5676164627075195,2
seg+pos+rms,"(3.0, 20.0, 0.3, -0.3)",1.2552803754806519,0.186731219291687,0.38369178771972656,2
seg+pos+rms,"(3.0, 20.0, 0.3, -0.3)",1.2159181833267212,0.14516258239746094,0.29434967041015625,2
seg+pos+rms,"(3.0, 20.0, 0.7, 0.0)",0.7439407706260681,0.0328679084777832,0.09792685508728027,2
seg+pos+rms,"(3.0, 20.0, 0.7, 0.0)",0.8019007742404938,0.07990658283233643,0.18567991256713867,2
seg+pos+rms,"(3.0, 20.0, 0.7, 0.0)",0.7498760521411896,0.0990748405456543,0.1137080192565918,2
seg+pos+rms,"(3.0, 20.0, 0.7, 0.0)",0.7120077013969421,0.10789811611175537,0.16806745529174805,2
seg+pos+rms,"(3.0, 20.0, 0.7, 0.0)",0.7392765879631042,0.05106377601623535,0.07109689712524414,2
seg+pos+rms,"(3.0, 20.0, 0.7, 0.0)",0.717828094959259,0.033615708351135254,0.0006809234619140625,2
seg+pos+rms,"(3.0, 20.0, 0.7, 0.0)",0.7800501585006714,0.0345766544342041,0.02501058578491211,2
seg+pos+rms,"(3.0, 20.0, 0.7, 0.0)",0.7329135835170746,0.06773936748504639,0.09018325805664062,2
seg+pos+rms,"(3.0, 20.0, 0.7, 0.0)",0.7230075895786285,0.10578763484954834,0.05486631393432617,2
seg+pos+rms,"(3.0, 20.0, 0.7, 0.0)",0.7242077589035034,0.05107223987579346,0.10967302322387695,2
seg+pos+rms,"(3.0, 20.0, 0.7, 0.0)",0.737944632768631,0.08554708957672119,0.06182241439819336,2
seg+pos+rms,"(3.0, 20.0, 0.7, 0.0)",0.7146843373775482,0.11415696144104004,0.30148935317993164,2
seg+pos+rms,"(3.0, 20.0, 0.7, 0.0)",0.6774125099182129,0.07670736312866211,0.10938119888305664,2
seg+pos+rms,"(3.0, 20.0, 0.7, 0.0)",0.7875430285930634,0.10905694961547852,0.09071111679077148,2
seg+pos+rms,"(3.0, 20.0, 0.7, 0.0)",0.7345733046531677,0.07648003101348877,0.069305419921875,2
seg+pos+rms,"(3.0, 20.0, 0.7, 0.3)",0.7191292345523834,0.04173469543457031,0.016995668411254883,2
seg+pos+rms,"(3.0, 20.0, 0.7, 0.3)",0.7630966901779175,0.12002706527709961,0.30147290229797363,2
seg+pos+rms,"(3.0, 20.0, 0.7, 0.3)",0.739772617816925,0.06922554969787598,0.06272554397583008,2
seg+pos+rms,"(3.0, 20.0, 0.7, 0.3)",0.7851414084434509,0.05921316146850586,0.060553550720214844,2
seg+pos+rms,"(3.0, 20.0, 0.7, 0.3)",0.7680229544639587,0.0541003942489624,0.030319929122924805,2
seg+pos+rms,"(3.0, 20.0, 0.7, 0.3)",0.7158662378787994,0.03386974334716797,0.034688472747802734,2
seg+pos+rms,"(3.0, 20.0, 0.7, 0.3)",0.7550213038921356,0.06363570690155029,0.09192347526550293,2
seg+pos+rms,"(3.0, 20.0, 0.7, 0.3)",0.6991203129291534,0.13569951057434082,0.1305384635925293,2
seg+pos+rms,"(3.0, 20.0, 0.7, 0.3)",0.7800436615943909,0.09408962726593018,0.13960838317871094,2
seg+pos+rms,"(3.0, 20.0, 0.7, 0.3)",0.7204378545284271,0.11046993732452393,0.03737187385559082,2
seg+pos+rms,"(3.0, 20.0, 0.7, 0.3)",0.7119259834289551,0.11361896991729736,0.09299039840698242,2
seg+pos+rms,"(3.0, 20.0, 0.7, 0.3)",0.7921122312545776,0.1594775915145874,0.258774995803833,2
seg+pos+rms,"(3.0, 20.0, 0.7, 0.3)",0.7415751218795776,0.12120270729064941,0.14929699897766113,2
seg+pos+rms,"(3.0, 20.0, 0.7, 0.3)",0.7261053323745728,0.03517711162567139,0.11873245239257812,2
seg+pos+rms,"(3.0, 20.0, 0.7, 0.3)",0.7167735993862152,0.07609951496124268,0.059103965759277344,2
seg+pos+rms,"(3.0, 20.0, 0.7, 0.6)",0.726641833782196,0.08894729614257812,0.14469408988952637,2
seg+pos+rms,"(3.0, 20.0, 0.7, 0.6)",0.7238601744174957,0.1390289068222046,0.19112014770507812,2
seg+pos+rms,"(3.0, 20.0, 0.7, 0.6)",0.7232163846492767,0.11602020263671875,0.07576179504394531,2
seg+pos+rms,"(3.0, 20.0, 0.7, 0.6)",0.6043078005313873,0.06836080551147461,0.051345109939575195,2
seg+pos+rms,"(3.0, 20.0, 0.7, 0.6)",0.7452146112918854,0.12545621395111084,0.1661536693572998,2
seg+pos+rms,"(3.0, 20.0, 0.7, 0.6)",0.741712212562561,0.058065176010131836,0.1480693817138672,2
seg+pos+rms,"(3.0, 20.0, 0.7, 0.6)",0.7165252268314362,0.14819276332855225,0.09417915344238281,2
seg+pos+rms,"(3.0, 20.0, 0.7, 0.6)",0.7318102419376373,0.02357494831085205,0.10593914985656738,2
seg+pos+rms,"(3.0, 20.0, 0.7, 0.6)",0.7877102494239807,0.09514105319976807,0.2339475154876709,2
seg+pos+rms,"(3.0, 20.0, 0.7, 0.6)",0.7093280851840973,0.08845412731170654,0.08798885345458984,2
seg+pos+rms,"(3.0, 20.0, 0.7, 0.6)",0.7248817086219788,0.0973055362701416,0.06933474540710449,2
seg+pos+rms,"(3.0, 20.0, 0.7, 0.6)",0.7127948105335236,0.12575721740722656,0.09232616424560547,2
seg+pos+rms,"(3.0, 20.0, 0.7, 0.6)",0.7448730170726776,0.1002805233001709,0.09805464744567871,2
seg+pos+rms,"(3.0, 20.0, 0.7, 0.6)",0.8093990385532379,0.1647864580154419,0.15166044235229492,2
seg+pos+rms,"(3.0, 20.0, 0.7, 0.6)",0.7480769157409668,0.07949650287628174,0.06322073936462402,2
seg+pos+rms,"(3.0, 20.0, 0.7, -0.3)",0.7406163513660431,0.07605290412902832,0.11418867111206055,2
seg+pos+rms,"(3.0, 20.0, 0.7, -0.3)",0.7134189605712891,0.12291669845581055,0.11274957656860352,2
seg+pos+rms,"(3.0, 20.0, 0.7, -0.3)",0.7220497131347656,0.0293809175491333,0.0012350082397460938,2
seg+pos+rms,"(3.0, 20.0, 0.7, -0.3)",0.7392241954803467,0.0587843656539917,0.009157180786132812,2
seg+pos+rms,"(3.0, 20.0, 0.7, -0.3)",0.7405927777290344,0.0990372896194458,0.1414046287536621,2
seg+pos+rms,"(3.0, 20.0, 0.7, -0.3)",0.7089175283908844,0.04568350315093994,0.0011868476867675781,2
seg+pos+rms,"(3.0, 20.0, 0.7, -0.3)",0.711063027381897,0.018908381462097168,0.0437474250793457,2
seg+pos+rms,"(3.0, 20.0, 0.7, -0.3)",0.718879371881485,0.04470539093017578,0.05125141143798828,2
seg+pos+rms,"(3.0, 20.0, 0.7, -0.3)",0.6937705874443054,0.09848296642303467,0.21825027465820312,2
seg+pos+rms,"(3.0, 20.0, 0.7, -0.3)",0.7104202806949615,0.12122726440429688,0.15733051300048828,2
seg+pos+rms,"(3.0, 20.0, 0.7, -0.3)",0.7087167501449585,0.1918572187423706,0.37325000762939453,2
seg+pos+rms,"(3.0, 20.0, 0.7, -0.3)",0.8256724178791046,0.1524367332458496,0.2297191619873047,2
seg+pos+rms,"(3.0, 20.0, 0.7, -0.3)",0.7061269581317902,0.028408408164978027,0.027897357940673828,2
seg+pos+rms,"(3.0, 20.0, 0.7, -0.3)",0.7540788650512695,0.10174036026000977,0.2102813720703125,2
seg+pos+rms,"(3.0, 20.0, 0.7, -0.3)",0.7269429564476013,0.060570359230041504,0.16525745391845703,2
seg+pos+rms+psd,"(1.5, 8.0, 0.3, 0.0)",0.8947338461875916,0.1706331968307495,0.21373355388641357,0
seg+pos+rms+psd,"(1.5, 8.0, 0.3, 0.0)",0.9298368096351624,0.3825985789299011,0.2607487440109253,0
seg+pos+rms+psd,"(1.5, 8.0, 0.3, 0.0)",0.9433351159095764,0.14773321151733398,0.2832961082458496,0
seg+pos+rms+psd,"(1.5, 8.0, 0.3, 0.0)",0.8866980671882629,0.27826279401779175,0.3274728059768677,0
seg+pos+rms+psd,"(1.5, 8.0, 0.3, 0.0)",0.8970940411090851,0.1885138750076294,0.18477118015289307,0
seg+pos+rms+psd,"(1.5, 8.0, 0.3, 0.0)",0.9901491105556488,0.21354877948760986,0.17822003364562988,0
seg+pos+rms+psd,"(1.5, 8.0, 0.3, 0.0)",0.9114586710929871,0.1670202612876892,0.03222322463989258,0
seg+pos+rms+psd,"(1.5, 8.0, 0.3, 0.0)",0.8844260573387146,0.2758353352546692,0.4231836795806885,0
seg+pos+rms+psd,"(1.5, 8.0, 0.3, 0.0)",0.8964431881904602,0.12838035821914673,0.15374088287353516,0
seg+pos+rms+psd,"(1.5, 8.0, 0.3, 0.0)",0.908163458108902,0.3053659200668335,0.40567445755004883,0
seg+pos+rms+psd,"(1.5, 8.0, 0.3, 0.0)",0.8764778971672058,0.18680357933044434,0.38636767864227295,0
seg+pos+rms+psd,"(1.5, 8.0, 0.3, 0.0)",0.9507351815700531,0.25352102518081665,0.01599752902984619,0
seg+pos+rms+psd,"(1.5, 8.0, 0.3, 0.0)",0.8764031529426575,0.12040787935256958,0.1325143575668335,0
seg+pos+rms+psd,"(1.5, 8.0, 0.3, 0.0)",0.8761731386184692,0.2176317572593689,0.35433435440063477,0
seg+pos+rms+psd,"(1.5, 8.0, 0.3, 0.0)",0.8635984361171722,0.15659040212631226,0.24643313884735107,0
seg+pos+rms+psd,"(1.5, 8.0, 0.3, 0.3)",0.892328679561615,0.13028407096862793,0.03847610950469971,0
seg+pos+rms+psd,"(1.5, 8.0, 0.3, 0.3)",0.8919921517372131,0.16436493396759033,0.04250621795654297,0
seg+pos+rms+psd,"(1.5, 8.0, 0.3, 0.3)",0.8854905664920807,0.09916716814041138,0.022624850273132324,0
seg+pos+rms+psd,"(1.5, 8.0, 0.3, 0.3)",0.8256769180297852,0.184972882270813,0.13361823558807373,0
seg+pos+rms+psd,"(1.5, 8.0, 0.3, 0.3)",0.8773531019687653,0.1667538285255432,0.13456404209136963,0
seg+pos+rms+psd,"(1.5, 8.0, 0.3, 0.3)",0.8699595332145691,0.2613023519515991,0.3782128095626831,0
seg+pos+rms+psd,"(1.5, 8.0, 0.3, 0.3)",0.8962917923927307,0.2331565022468567,0.23489069938659668,0
seg+pos+rms+psd,"(1.5, 8.0, 0.3, 0.3)",0.8546828925609589,0.19447386264801025,0.3085976839065552,0
seg+pos+rms+psd,"(1.5, 8.0, 0.3, 0.3)",0.9209408462047577,0.24592649936676025,0.05043947696685791,0
seg+pos+rms+psd,"(1.5, 8.0, 0.3, 0.3)",0.8829111754894257,0.2605522871017456,0.2795250415802002,0
seg+pos+rms+psd,"(1.5, 8.0, 0.3, 0.3)",0.9189035892486572,0.2904282212257385,0.308856725692749,0
seg+pos+rms+psd,"(1.5, 8.0, 0.3, 0.3)",0.911531001329422,0.10650819540023804,0.0954885482788086,0
seg+pos+rms+psd,"(1.5, 8.0, 0.3, 0.3)",0.8860279321670532,0.22337836027145386,0.12780511379241943,0
seg+pos+rms+psd,"(1.5, 8.0, 0.3, 0.3)",0.8295086622238159,0.3769022822380066,0.5225967168807983,0
seg+pos+rms+psd,"(1.5, 8.0, 0.3, 0.3)",0.8770479559898376,0.20604300498962402,0.07309198379516602,0
seg+pos+rms+psd,"(1.5, 8.0, 0.3, 0.6)",0.8832905888557434,0.1821763515472412,0.10373175144195557,0
seg+pos+rms+psd,"(1.5, 8.0, 0.3, 0.6)",0.905686765909195,0.2453937530517578,0.16218888759613037,0
seg+pos+rms+psd,"(1.5, 8.0, 0.3, 0.6)",0.9158190786838531,0.21866083145141602,0.0810847282409668,0
seg+pos+rms+psd,"(1.5, 8.0, 0.3, 0.6)",0.9067556262016296,0.06875723600387573,0.3535240888595581,0
seg+pos+rms+psd,"(1.5, 8.0, 0.3, 0.6)",0.9963478446006775,0.302151083946228,0.583444356918335,0
seg+pos+rms+psd,"(1.5, 8.0, 0.3, 0.6)",0.9078223705291748,0.3219949007034302,0.1136406660079956,0
seg+pos+rms+psd,"(1.5, 8.0, 0.3, 0.6)",0.9093269407749176,0.2041580080986023,0.052614450454711914,0
seg+pos+rms+psd,"(1.5, 8.0, 0.3, 0.6)",0.9491653144359589,0.14081907272338867,0.16105163097381592,0
seg+pos+rms+psd,"(1.5, 8.0, 0.3, 0.6)",0.9106417894363403,0.37666064500808716,0.03899705410003662,0
seg+pos+rms+psd,"(1.5, 8.0, 0.3, 0.6)",0.9306453466415405,0.186551034450531,0.09925651550292969,0
seg+pos+rms+psd,"(1.5, 8.0, 0.3, 0.6)",0.8677259385585785,0.2956201434135437,0.11653435230255127,0
seg+pos+rms+psd,"(1.5, 8.0, 0.3, 0.6)",0.9154214859008789,0.17513012886047363,0.052874207496643066,0
seg+pos+rms+psd,"(1.5, 8.0, 0.3, 0.6)",0.8824450075626373,0.19250470399856567,0.003561735153198242,0
seg+pos+rms+psd,"(1.5, 8.0, 0.3, 0.6)",0.9317713677883148,0.20683729648590088,0.14821457862854004,0
seg+pos+rms+psd,"(1.5, 8.0, 0.3, 0.6)",0.8534054160118103,0.17831510305404663,0.10099518299102783,0
seg+pos+rms+psd,"(1.5, 8.0, 0.3, -0.3)",0.9574964642524719,0.19986885786056519,0.23247337341308594,0
seg+pos+rms+psd,"(1.5, 8.0, 0.3, -0.3)",0.9460707902908325,0.24635273218154907,0.17469167709350586,0
seg+pos+rms+psd,"(1.5, 8.0, 0.3, -0.3)",0.8567498624324799,0.13969266414642334,0.35948705673217773,0
seg+pos+rms+psd,"(1.5, 8.0, 0.3, -0.3)",0.9154208898544312,0.2648685574531555,0.4502427577972412,0
seg+pos+rms+psd,"(1.5, 8.0, 0.3, -0.3)",0.9048806130886078,0.24245542287826538,0.48085784912109375,0
seg+pos+rms+psd,"(1.5, 8.0, 0.3, -0.3)",0.9224892556667328,0.1414889097213745,0.37930750846862793,0
seg+pos+rms+psd,"(1.5, 8.0, 0.3, -0.3)",0.8964449167251587,0.1475735306739807,0.2845492362976074,0
seg+pos+rms+psd,"(1.5, 8.0, 0.3, -0.3)",0.8799082040786743,0.207574725151062,0.33690690994262695,0
seg+pos+rms+psd,"(1.5, 8.0, 0.3, -0.3)",0.9197331368923187,0.37960800528526306,0.7080215215682983,0
seg+pos+rms+psd,"(1.5, 8.0, 0.3, -0.3)",0.8703421056270599,0.24397218227386475,0.4091930389404297,0
seg+pos+rms+psd,"(1.5, 8.0, 0.3, -0.3)",0.892834335565567,0.3427531123161316,0.6041088104248047,0
seg+pos+rms+psd,"(1.5, 8.0, 0.3, -0.3)",0.8965734839439392,0.1675165891647339,0.34239888191223145,0
seg+pos+rms+psd,"(1.5, 8.0, 0.3, -0.3)",0.8639973700046539,0.26319998502731323,0.5134786367416382,0
seg+pos+rms+psd,"(1.5, 8.0, 0.3, -0.3)",0.9968741536140442,0.35858726501464844,0.10273981094360352,0
seg+pos+rms+psd,"(1.5, 8.0, 0.3, -0.3)",0.9714386761188507,0.11643677949905396,0.10511112213134766,0
seg+pos+rms+psd,"(1.5, 8.0, 0.7, 0.0)",0.6673324108123779,0.11547154188156128,0.1817154884338379,0
seg+pos+rms+psd,"(1.5, 8.0, 0.7, 0.0)",0.6767400801181793,0.036169230937957764,0.03816819190979004,0
seg+pos+rms+psd,"(1.5, 8.0, 0.7, 0.0)",0.7732663750648499,0.14914268255233765,0.15234553813934326,0
seg+pos+rms+psd,"(1.5, 8.0, 0.7, 0.0)",0.7762548327445984,0.21700263023376465,0.08564925193786621,0
seg+pos+rms+psd,"(1.5, 8.0, 0.7, 0.0)",0.6737087666988373,0.08520030975341797,0.0030066967010498047,0
seg+pos+rms+psd,"(1.5, 8.0, 0.7, 0.0)",0.6868929266929626,0.09421730041503906,0.19716429710388184,0
seg+pos+rms+psd,"(1.5, 8.0, 0.7, 0.0)",0.7258323431015015,0.29313427209854126,0.15731942653656006,0
seg+pos+rms+psd,"(1.5, 8.0, 0.7, 0.0)",0.6948408484458923,0.04390484094619751,0.06300640106201172,0
seg+pos+rms+psd,"(1.5, 8.0, 0.7, 0.0)",0.6417742371559143,0.09941929578781128,0.21585094928741455,0
seg+pos+rms+psd,"(1.5, 8.0, 0.7, 0.0)",0.6875779032707214,0.04413098096847534,0.01961493492126465,0
seg+pos+rms+psd,"(1.5, 8.0, 0.7, 0.0)",0.6879871785640717,0.0644788146018982,0.07312321662902832,0
seg+pos+rms+psd,"(1.5, 8.0, 0.7, 0.0)",0.6773234903812408,0.08021014928817749,0.14562296867370605,0
seg+pos+rms+psd,"(1.5, 8.0, 0.7, 0.0)",0.7031434774398804,0.12420684099197388,0.009833216667175293,0
seg+pos+rms+psd,"(1.5, 8.0, 0.7, 0.0)",0.6907796561717987,0.10432261228561401,0.08861172199249268,0
seg+pos+rms+psd,"(1.5, 8.0, 0.7, 0.0)",0.7589423060417175,0.08913195133209229,0.04745149612426758,0
seg+pos+rms+psd,"(1.5, 8.0, 0.7, 0.3)",0.6937634646892548,0.15238958597183228,0.049404025077819824,0
seg+pos+rms+psd,"(1.5, 8.0, 0.7, 0.3)",0.6936501264572144,0.034443557262420654,0.06563663482666016,0
seg+pos+rms+psd,"(1.5, 8.0, 0.7, 0.3)",0.67242431640625,0.0630539059638977,0.012813448905944824,0
seg+pos+rms+psd,"(1.5, 8.0, 0.7, 0.3)",0.6800502836704254,0.08778584003448486,0.015418767929077148,0
seg+pos+rms+psd,"(1.5, 8.0, 0.7, 0.3)",0.7446578145027161,0.1595713496208191,0.15090203285217285,0
seg+pos+rms+psd,"(1.5, 8.0, 0.7, 0.3)",0.764738142490387,0.10644066333770752,0.12981438636779785,0
seg+pos+rms+psd,"(1.5, 8.0, 0.7, 0.3)",0.7043023705482483,0.04053473472595215,0.09209311008453369,0
seg+pos+rms+psd,"(1.5, 8.0, 0.7, 0.3)",0.7052471935749054,0.10266804695129395,0.06957149505615234,0
seg+pos+rms+psd,"(1.5, 8.0, 0.7, 0.3)",0.7122588753700256,0.12283164262771606,0.21011829376220703,0
seg+pos+rms+psd,"(1.5, 8.0, 0.7, 0.3)",0.7145799398422241,0.11620903015136719,0.017657756805419922,0
seg+pos+rms+psd,"(1.5, 8.0, 0.7, 0.3)",0.6823080480098724,0.07460665702819824,0.027333855628967285,0
seg+pos+rms+psd,"(1.5, 8.0, 0.7, 0.3)",0.6983916461467743,0.106292724609375,0.13119149208068848,0
seg+pos+rms+psd,"(1.5, 8.0, 0.7, 0.3)",0.6619376540184021,0.05188947916030884,0.010634660720825195,0
seg+pos+rms+psd,"(1.5, 8.0, 0.7, 0.3)",0.7456831336021423,0.09564536809921265,0.19026875495910645,0
seg+pos+rms+psd,"(1.5, 8.0, 0.7, 0.3)",0.6664483547210693,0.06163370609283447,0.12326741218566895,0
seg+pos+rms+psd,"(1.5, 8.0, 0.7, 0.6)",0.6876035928726196,0.17421525716781616,0.2671626806259155,0
seg+pos+rms+psd,"(1.5, 8.0, 0.7, 0.6)",0.7363621294498444,0.1365029215812683,0.26733362674713135,0
seg+pos+rms+psd,"(1.5, 8.0, 0.7, 0.6)",0.6855210959911346,0.0683642029762268,0.35970544815063477,0
seg+pos+rms+psd,"(1.5, 8.0, 0.7, 0.6)",0.7217567563056946,0.12390518188476562,0.03623557090759277,0
seg+pos+rms+psd,"(1.5, 8.0, 0.7, 0.6)",0.7210530042648315,0.08745777606964111,0.12371838092803955,0
seg+pos+rms+psd,"(1.5, 8.0, 0.7, 0.6)",0.7183763980865479,0.13361656665802002,0.19314789772033691,0
seg+pos+rms+psd,"(1.5, 8.0, 0.7, 0.6)",0.6920508742332458,0.013908147811889648,0.08892977237701416,0
seg+pos+rms+psd,"(1.5, 8.0, 0.7, 0.6)",0.7853698432445526,0.23282623291015625,0.3051067590713501,0
seg+pos+rms+psd,"(1.5, 8.0, 0.7, 0.6)",0.6666835844516754,0.05930733680725098,0.12248170375823975,0
seg+pos+rms+psd,"(1.5, 8.0, 0.7, 0.6)",0.7332881093025208,0.05384951829910278,0.16538560390472412,0
seg+pos+rms+psd,"(1.5, 8.0, 0.7, 0.6)",0.7279914617538452,0.24965554475784302,0.3367331027984619,0
seg+pos+rms+psd,"(1.5, 8.0, 0.7, 0.6)",0.7822886109352112,0.22431176900863647,0.4425020217895508,0
seg+pos+rms+psd,"(1.5, 8.0, 0.7, 0.6)",0.731769323348999,0.08709335327148438,0.019596338272094727,0
seg+pos+rms+psd,"(1.5, 8.0, 0.7, 0.6)",0.7985754609107971,0.19960278272628784,0.2824892997741699,0
seg+pos+rms+psd,"(1.5, 8.0, 0.7, 0.6)",0.7390733659267426,0.04896414279937744,0.17958009243011475,0
seg+pos+rms+psd,"(1.5, 8.0, 0.7, -0.3)",0.7118518352508545,0.07296866178512573,0.21695852279663086,0
seg+pos+rms+psd,"(1.5, 8.0, 0.7, -0.3)",0.7015902698040009,0.09035360813140869,0.12435650825500488,0
seg+pos+rms+psd,"(1.5, 8.0, 0.7, -0.3)",0.6805455684661865,0.12606197595596313,0.26719212532043457,0
seg+pos+rms+psd,"(1.5, 8.0, 0.7, -0.3)",0.7282803654670715,0.24205225706100464,0.045055389404296875,0
seg+pos+rms+psd,"(1.5, 8.0, 0.7, -0.3)",0.6663901209831238,0.10486388206481934,0.2598620653152466,0
seg+pos+rms+psd,"(1.5, 8.0, 0.7, -0.3)",0.6813725829124451,0.20986676216125488,0.015826702117919922,0
seg+pos+rms+psd,"(1.5, 8.0, 0.7, -0.3)",0.7342453002929688,0.1264297366142273,0.1437692642211914,0
seg+pos+rms+psd,"(1.5, 8.0, 0.7, -0.3)",0.7276119887828827,0.4561604857444763,0.47643184661865234,0
seg+pos+rms+psd,"(1.5, 8.0, 0.7, -0.3)",0.6514446437358856,0.13007402420043945,0.3041036128997803,0
seg+pos+rms+psd,"(1.5, 8.0, 0.7, -0.3)",0.7119701206684113,0.07274013757705688,0.05574941635131836,0
seg+pos+rms+psd,"(1.5, 8.0, 0.7, -0.3)",0.6930621862411499,0.042268574237823486,0.10269689559936523,0
seg+pos+rms+psd,"(1.5, 8.0, 0.7, -0.3)",0.7456226944923401,0.21783781051635742,0.020326852798461914,0
seg+pos+rms+psd,"(1.5, 8.0, 0.7, -0.3)",0.6864778995513916,0.0672452449798584,0.1775660514831543,0
seg+pos+rms+psd,"(1.5, 8.0, 0.7, -0.3)",0.6925420761108398,0.20535916090011597,0.44346344470977783,0
seg+pos+rms+psd,"(1.5, 8.0, 0.7, -0.3)",0.7242653667926788,0.09920650720596313,0.13735413551330566,0
seg+pos+rms+psd,"(1.5, 20.0, 0.3, 0.0)",0.7580865919589996,0.11489057540893555,0.19665277004241943,0
seg+pos+rms+psd,"(1.5, 20.0, 0.3, 0.0)",0.7147510051727295,0.16697543859481812,0.150812029838562,0
seg+pos+rms+psd,"(1.5, 20.0, 0.3, 0.0)",0.7679464817047119,0.15297603607177734,0.2810814380645752,0
seg+pos+rms+psd,"(1.5, 20.0, 0.3, 0.0)",0.7462077140808105,0.2637764811515808,0.028328657150268555,0
seg+pos+rms+psd,"(1.5, 20.0, 0.3, 0.0)",0.7482917308807373,0.14511263370513916,0.20966792106628418,0
seg+pos+rms+psd,"(1.5, 20.0, 0.3, 0.0)",0.7066884934902191,0.15315163135528564,0.09882354736328125,0
seg+pos+rms+psd,"(1.5, 20.0, 0.3, 0.0)",0.7523636817932129,0.13240736722946167,0.18706774711608887,0
seg+pos+rms+psd,"(1.5, 20.0, 0.3, 0.0)",0.7475079596042633,0.2075439691543579,0.27647864818573,0
seg+pos+rms+psd,"(1.5, 20.0, 0.3, 0.0)",0.746695339679718,0.11278897523880005,0.1433955430984497,0
seg+pos+rms+psd,"(1.5, 20.0, 0.3, 0.0)",0.7922735214233398,0.1531047821044922,0.015553951263427734,0
seg+pos+rms+psd,"(1.5, 20.0, 0.3, 0.0)",0.771521270275116,0.14497977495193481,0.08343362808227539,0
seg+pos+rms+psd,"(1.5, 20.0, 0.3, 0.0)",0.7536733448505402,0.2101181149482727,0.2907991409301758,0
seg+pos+rms+psd,"(1.5, 20.0, 0.3, 0.0)",0.7698949575424194,0.10978400707244873,0.005380153656005859,0
seg+pos+rms+psd,"(1.5, 20.0, 0.3, 0.0)",0.7670555710792542,0.2805444598197937,0.20717406272888184,0
seg+pos+rms+psd,"(1.5, 20.0, 0.3, 0.0)",0.7500996887683868,0.08983957767486572,0.09336245059967041,0
seg+pos+rms+psd,"(1.5, 20.0, 0.3, 0.3)",0.726536899805069,0.1319480538368225,0.04702556133270264,0
seg+pos+rms+psd,"(1.5, 20.0, 0.3, 0.3)",0.7745415270328522,0.08717656135559082,0.20505714416503906,0
seg+pos+rms+psd,"(1.5, 20.0, 0.3, 0.3)",0.7647048234939575,0.23774826526641846,0.16805815696716309,0
seg+pos+rms+psd,"(1.5, 20.0, 0.3, 0.3)",0.718743085861206,0.15588170289993286,0.18107867240905762,0
seg+pos+rms+psd,"(1.5, 20.0, 0.3, 0.3)",0.742268830537796,0.1664409637451172,0.13995492458343506,0
seg+pos+rms+psd,"(1.5, 20.0, 0.3, 0.3)",0.8393347859382629,0.20240283012390137,0.3605947494506836,0
seg+pos+rms+psd,"(1.5, 20.0, 0.3, 0.3)",0.7433537542819977,0.11161202192306519,0.23599374294281006,0
seg+pos+rms+psd,"(1.5, 20.0, 0.3, 0.3)",0.746722549200058,0.08051753044128418,0.0037871599197387695,0
seg+pos+rms+psd,"(1.5, 20.0, 0.3, 0.3)",0.7324888706207275,0.18450117111206055,0.2545604705810547,0
seg+pos+rms+psd,"(1.5, 20.0, 0.3, 0.3)",0.7486485838890076,0.10851120948791504,0.009594202041625977,0
seg+pos+rms+psd,"(1.5, 20.0, 0.3, 0.3)",0.7424581050872803,0.12631624937057495,0.02137017250061035,0
seg+pos+rms+psd,"(1.5, 20.0, 0.3, 0.3)",0.7200255692005157,0.19103634357452393,0.1607508659362793,0
seg+pos+rms+psd,"(1.5, 20.0, 0.3, 0.3)",0.7089270949363708,0.08103674650192261,0.003944754600524902,0
seg+pos+rms+psd,"(1.5, 20.0, 0.3, 0.3)",0.7436899840831757,0.102749764919281,0.24415576457977295,0
seg+pos+rms+psd,"(1.5, 20.0, 0.3, 0.3)",0.7382281422615051,0.13699394464492798,0.21495819091796875,0
seg+pos+rms+psd,"(1.5, 20.0, 0.3, 0.6)",0.7882206439971924,0.023490488529205322,0.2698708772659302,0
seg+pos+rms+psd,"(1.5, 20.0, 0.3, 0.6)",0.7492773532867432,0.15176624059677124,0.15628266334533691,0
seg+pos+rms+psd,"(1.5, 20.0, 0.3, 0.6)",0.7541684508323669,0.07266479730606079,0.0738837718963623,0
seg+pos+rms+psd,"(1.5, 20.0, 0.3, 0.6)",0.7339004278182983,0.0938141942024231,0.03120899200439453,0
seg+pos+rms+psd,"(1.5, 20.0, 0.3, 0.6)",0.7725221514701843,0.20467334985733032,0.30910658836364746,0
seg+pos+rms+psd,"(1.5, 20.0, 0.3, 0.6)",0.7602302730083466,0.15136945247650146,0.25806736946105957,0
seg+pos+rms+psd,"(1.5, 20.0, 0.3, 0.6)",0.8148391544818878,0.062345266342163086,0.19504547119140625,0
seg+pos+rms+psd,"(1.5, 20.0, 0.3, 0.6)",0.7698056995868683,0.17545181512832642,0.23211181163787842,0
seg+pos+rms+psd,"(1.5, 20.0, 0.3, 0.6)",0.8425270020961761,0.15803498029708862,0.16192328929901123,0
seg+pos+rms+psd,"(1.5, 20.0, 0.3, 0.6)",0.7037431001663208,0.15980005264282227,0.03931260108947754,0
seg+pos+rms+psd,"(1.5, 20.0, 0.3, 0.6)",0.776148796081543,0.1515723466873169,0.09390878677368164,0
seg+pos+rms+psd,"(1.5, 20.0, 0.3, 0.6)",0.7071788609027863,0.21647703647613525,0.09480166435241699,0
seg+pos+rms+psd,"(1.5, 20.0, 0.3, 0.6)",0.737013041973114,0.10309094190597534,0.03329348564147949,0
seg+pos+rms+psd,"(1.5, 20.0, 0.3, 0.6)",0.7320460081100464,0.0972699522972107,0.03767549991607666,0
seg+pos+rms+psd,"(1.5, 20.0, 0.3, 0.6)",0.76249098777771,0.09286272525787354,0.00249326229095459,0
seg+pos+rms+psd,"(1.5, 20.0, 0.3, -0.3)",0.7862556576728821,0.1294589638710022,0.1070408821105957,0
seg+pos+rms+psd,"(1.5, 20.0, 0.3, -0.3)",0.7502841949462891,0.13476109504699707,0.24415206909179688,0
seg+pos+rms+psd,"(1.5, 20.0, 0.3, -0.3)",0.7297039330005646,0.06958258152008057,0.06166815757751465,0
seg+pos+rms+psd,"(1.5, 20.0, 0.3, -0.3)",0.7365731298923492,0.12931597232818604,0.1947188377380371,0
seg+pos+rms+psd,"(1.5, 20.0, 0.3, -0.3)",0.7861894369125366,0.12253201007843018,0.1785597801208496,0
seg+pos+rms+psd,"(1.5, 20.0, 0.3, -0.3)",0.751994252204895,0.20776993036270142,0.43463754653930664,0
seg+pos+rms+psd,"(1.5, 20.0, 0.3, -0.3)",0.7932981252670288,0.12204861640930176,0.05774044990539551,0
seg+pos+rms+psd,"(1.5, 20.0, 0.3, -0.3)",0.7274547219276428,0.025572657585144043,0.1120920181274414,0
seg+pos+rms+psd,"(1.5, 20.0, 0.3, -0.3)",0.6963759958744049,0.07722806930541992,0.15711545944213867,0
seg+pos+rms+psd,"(1.5, 20.0, 0.3, -0.3)",0.7241482734680176,0.040916621685028076,0.10567641258239746,0
seg+pos+rms+psd,"(1.5, 20.0, 0.3, -0.3)",0.7811306715011597,0.1275278925895691,0.1604022979736328,0
seg+pos+rms+psd,"(1.5, 20.0, 0.3, -0.3)",0.7432186603546143,0.05977123975753784,0.004017829895019531,0
seg+pos+rms+psd,"(1.5, 20.0, 0.3, -0.3)",0.7146781980991364,0.10434067249298096,0.10213184356689453,0
seg+pos+rms+psd,"(1.5, 20.0, 0.3, -0.3)",0.7618634700775146,0.0715298056602478,0.11766338348388672,0
seg+pos+rms+psd,"(1.5, 20.0, 0.3, -0.3)",0.8013790547847748,0.06022322177886963,0.055426836013793945,0
seg+pos+rms+psd,"(1.5, 20.0, 0.7, 0.0)",0.5390742421150208,0.14313209056854248,0.10545063018798828,0
seg+pos+rms+psd,"(1.5, 20.0, 0.7, 0.0)",0.5531160235404968,0.09329462051391602,0.18471503257751465,0
seg+pos+rms+psd,"(1.5, 20.0, 0.7, 0.0)",0.546046644449234,0.051656365394592285,0.09585714340209961,0
seg+pos+rms+psd,"(1.5, 20.0, 0.7, 0.0)",0.5817338526248932,0.1326587200164795,0.1740407943725586,0
seg+pos+rms+psd,"(1.5, 20.0, 0.7, 0.0)",0.5718913376331329,0.14567053318023682,0.14571380615234375,0
seg+pos+rms+psd,"(1.5, 20.0, 0.7, 0.0)",0.511253222823143,0.020325422286987305,0.003252744674682617,0
seg+pos+rms+psd,"(1.5, 20.0, 0.7, 0.0)",0.5449233651161194,0.06553101539611816,0.1871168613433838,0
seg+pos+rms+psd,"(1.5, 20.0, 0.7, 0.0)",0.5250468254089355,0.025728166103363037,0.1263875961303711,0
seg+pos+rms+psd,"(1.5, 20.0, 0.7, 0.0)",0.5567909181118011,0.11419117450714111,0.24237990379333496,0
seg+pos+rms+psd,"(1.5, 20.0, 0.7, 0.0)",0.5403298437595367,0.08297401666641235,0.13315200805664062,0
seg+pos+rms+psd,"(1.5, 20.0, 0.7, 0.0)",0.5812472403049469,0.1455482840538025,0.10316896438598633,0
seg+pos+rms+psd,"(1.5, 20.0, 0.7, 0.0)",0.5227749049663544,0.07215672731399536,0.03494429588317871,0
seg+pos+rms+psd,"(1.5, 20.0, 0.7, 0.0)",0.5739118456840515,0.11653631925582886,0.1941460371017456,0
seg+pos+rms+psd,"(1.5, 20.0, 0.7, 0.0)",0.46542295813560486,0.03056114912033081,0.020746946334838867,0
seg+pos+rms+psd,"(1.5, 20.0, 0.7, 0.0)",0.5544737875461578,0.04794156551361084,0.016919612884521484,0
seg+pos+rms+psd,"(1.5, 20.0, 0.7, 0.3)",0.5122089385986328,0.08110320568084717,0.18417572975158691,0
seg+pos+rms+psd,"(1.5, 20.0, 0.7, 0.3)",0.519898921251297,0.05309581756591797,0.04752779006958008,0
seg+pos+rms+psd,"(1.5, 20.0, 0.7, 0.3)",0.6023133993148804,0.2907586097717285,0.49730825424194336,0
seg+pos+rms+psd,"(1.5, 20.0, 0.7, 0.3)",0.5558433532714844,0.17268985509872437,0.3689519166946411,0
seg+pos+rms+psd,"(1.5, 20.0, 0.7, 0.3)",0.536804273724556,0.2039690613746643,0.3763827085494995,0
seg+pos+rms+psd,"(1.5, 20.0, 0.7, 0.3)",0.5312164127826691,0.006286919116973877,0.0958017110824585,0
seg+pos+rms+psd,"(1.5, 20.0, 0.7, 0.3)",0.49134472012519836,0.06123071908950806,0.06854236125946045,0
seg+pos+rms+psd,"(1.5, 20.0, 0.7, 0.3)",0.5038473308086395,0.020332932472229004,0.042572736740112305,0
seg+pos+rms+psd,"(1.5, 20.0, 0.7, 0.3)",0.5585315525531769,0.09121835231781006,0.14595186710357666,0
seg+pos+rms+psd,"(1.5, 20.0, 0.7, 0.3)",0.5238958895206451,0.23482775688171387,0.2971341609954834,0
seg+pos+rms+psd,"(1.5, 20.0, 0.7, 0.3)",0.5722265094518661,0.28551292419433594,0.45065367221832275,0
seg+pos+rms+psd,"(1.5, 20.0, 0.7, 0.3)",0.5793415904045105,0.12999176979064941,0.2815680503845215,0
seg+pos+rms+psd,"(1.5, 20.0, 0.7, 0.3)",0.5446251630783081,0.029759466648101807,0.024027585983276367,0
seg+pos+rms+psd,"(1.5, 20.0, 0.7, 0.3)",0.5529925227165222,0.1323174238204956,0.25080037117004395,0
seg+pos+rms+psd,"(1.5, 20.0, 0.7, 0.3)",0.5361123830080032,0.06198477745056152,0.1348799467086792,0
seg+pos+rms+psd,"(1.5, 20.0, 0.7, 0.6)",0.48163311183452606,0.07929277420043945,0.17516422271728516,0
seg+pos+rms+psd,"(1.5, 20.0, 0.7, 0.6)",0.516407310962677,0.047148287296295166,0.22838497161865234,0
seg+pos+rms+psd,"(1.5, 20.0, 0.7, 0.6)",0.5412298738956451,0.16526192426681519,0.38067638874053955,0
seg+pos+rms+psd,"(1.5, 20.0, 0.7, 0.6)",0.4700835198163986,0.01427614688873291,0.10179483890533447,0
seg+pos+rms+psd,"(1.5, 20.0, 0.7, 0.6)",0.5349615216255188,0.050039052963256836,0.270818829536438,0
seg+pos+rms+psd,"(1.5, 20.0, 0.7, 0.6)",0.5688025057315826,0.15081149339675903,0.3083982467651367,0
seg+pos+rms+psd,"(1.5, 20.0, 0.7, 0.6)",0.5114612281322479,0.034382164478302,0.17332422733306885,0
seg+pos+rms+psd,"(1.5, 20.0, 0.7, 0.6)",0.6089482307434082,0.028880953788757324,0.262473464012146,0
seg+pos+rms+psd,"(1.5, 20.0, 0.7, 0.6)",0.5365215837955475,0.05819588899612427,0.10966384410858154,0
seg+pos+rms+psd,"(1.5, 20.0, 0.7, 0.6)",0.563941091299057,0.16736388206481934,0.5329761505126953,0
seg+pos+rms+psd,"(1.5, 20.0, 0.7, 0.6)",0.6087505221366882,0.11742055416107178,0.3838757276535034,0
seg+pos+rms+psd,"(1.5, 20.0, 0.7, 0.6)",0.5425579398870468,0.03822213411331177,0.12456691265106201,0
seg+pos+rms+psd,"(1.5, 20.0, 0.7, 0.6)",0.5311411917209625,0.1038738489151001,0.23938608169555664,0
seg+pos+rms+psd,"(1.5, 20.0, 0.7, 0.6)",0.5474644601345062,0.00656735897064209,0.17167377471923828,0
seg+pos+rms+psd,"(1.5, 20.0, 0.7, 0.6)",0.5336937308311462,0.010908246040344238,0.2181413173675537,0
seg+pos+rms+psd,"(1.5, 20.0, 0.7, -0.3)",0.5383232533931732,0.017887234687805176,0.008095264434814453,0
seg+pos+rms+psd,"(1.5, 20.0, 0.7, -0.3)",0.5112744867801666,0.02648550271987915,0.0005855560302734375,0
seg+pos+rms+psd,"(1.5, 20.0, 0.7, -0.3)",0.5716124773025513,0.14198291301727295,0.06395077705383301,0
seg+pos+rms+psd,"(1.5, 20.0, 0.7, -0.3)",0.5361650884151459,0.08509272336959839,0.13751602172851562,0
seg+pos+rms+psd,"(1.5, 20.0, 0.7, -0.3)",0.5746572017669678,0.194196879863739,0.29764997959136963,0
seg+pos+rms+psd,"(1.5, 20.0, 0.7, -0.3)",0.5213240683078766,0.10261410474777222,0.10173797607421875,0
seg+pos+rms+psd,"(1.5, 20.0, 0.7, -0.3)",0.5664160847663879,0.14831209182739258,0.11201310157775879,0
seg+pos+rms+psd,"(1.5, 20.0, 0.7, -0.3)",0.5125417113304138,0.06885653734207153,0.14025640487670898,0
seg+pos+rms+psd,"(1.5, 20.0, 0.7, -0.3)",0.5114056766033173,0.007340788841247559,0.010903120040893555,0
seg+pos+rms+psd,"(1.5, 20.0, 0.7, -0.3)",0.52828049659729,0.05356001853942871,0.06069064140319824,0
seg+pos+rms+psd,"(1.5, 20.0, 0.7, -0.3)",0.5772043168544769,0.012261271476745605,0.05771350860595703,0
seg+pos+rms+psd,"(1.5, 20.0, 0.7, -0.3)",0.5540912747383118,0.08692824840545654,0.17438912391662598,0
seg+pos+rms+psd,"(1.5, 20.0, 0.7, -0.3)",0.5462116897106171,0.10360908508300781,0.007323861122131348,0
seg+pos+rms+psd,"(1.5, 20.0, 0.7, -0.3)",0.5716249346733093,0.0992041826248169,0.14812707901000977,0
seg+pos+rms+psd,"(1.5, 20.0, 0.7, -0.3)",0.5418498516082764,0.10851776599884033,0.038977622985839844,0
seg+pos+rms+psd,"(3.0, 8.0, 0.3, 0.0)",1.6634096503257751,0.2898685932159424,0.3035001754760742,0
seg+pos+rms+psd,"(3.0, 8.0, 0.3, 0.0)",1.7405853867530823,0.2026609182357788,0.2515225410461426,0
seg+pos+rms+psd,"(3.0, 8.0, 0.3, 0.0)",1.631966471672058,0.4017643928527832,0.6481668949127197,0
seg+pos+rms+psd,"(3.0, 8.0, 0.3, 0.0)",1.679229736328125,0.11093127727508545,0.6467583179473877,0
seg+pos+rms+psd,"(3.0, 8.0, 0.3, 0.0)",1.7827778458595276,0.2323366403579712,0.3491547107696533,0
seg+pos+rms+psd,"(3.0, 8.0, 0.3, 0.0)",1.6684725284576416,0.4418795108795166,0.6280050277709961,0
seg+pos+rms+psd,"(3.0, 8.0, 0.3, 0.0)",1.7333359718322754,0.3051708936691284,0.5269818305969238,0
seg+pos+rms+psd,"(3.0, 8.0, 0.3, 0.0)",1.6385700106620789,0.4937465190887451,0.9680423736572266,0
seg+pos+rms+psd,"(3.0, 8.0, 0.3, 0.0)",1.6712269186973572,0.29251885414123535,0.34241628646850586,0
seg+pos+rms+psd,"(3.0, 8.0, 0.3, 0.0)",1.7377122044563293,0.16023051738739014,0.03407573699951172,0
seg+pos+rms+psd,"(3.0, 8.0, 0.3, 0.0)",1.7637192010879517,0.4254305362701416,0.13631916046142578,0
seg+pos+rms+psd,"(3.0, 8.0, 0.3, 0.0)",1.680286467075348,0.2171257734298706,0.11666011810302734,0
seg+pos+rms+psd,"(3.0, 8.0, 0.3, 0.0)",1.673517107963562,0.35625922679901123,0.4565398693084717,0
seg+pos+rms+psd,"(3.0, 8.0, 0.3, 0.0)",1.7930468916893005,0.28048789501190186,0.23107171058654785,0
seg+pos+rms+psd,"(3.0, 8.0, 0.3, 0.0)",1.7495793104171753,0.3114800453186035,0.35860347747802734,0
seg+pos+rms+psd,"(3.0, 8.0, 0.3, 0.3)",1.6956647038459778,0.5510262250900269,0.5497641563415527,0
seg+pos+rms+psd,"(3.0, 8.0, 0.3, 0.3)",1.7325980067253113,0.3761683702468872,0.4926140308380127,0
seg+pos+rms+psd,"(3.0, 8.0, 0.3, 0.3)",1.7771856784820557,0.1482757329940796,0.17916226387023926,0
seg+pos+rms+psd,"(3.0, 8.0, 0.3, 0.3)",1.6088588237762451,0.6655814051628113,0.5576043128967285,0
seg+pos+rms+psd,"(3.0, 8.0, 0.3, 0.3)",1.6900423169136047,0.22281014919281006,0.02006697654724121,0
seg+pos+rms+psd,"(3.0, 8.0, 0.3, 0.3)",1.5972724556922913,0.35663461685180664,0.36600232124328613,0
seg+pos+rms+psd,"(3.0, 8.0, 0.3, 0.3)",1.847744882106781,0.1285637617111206,0.2825651168823242,0
seg+pos+rms+psd,"(3.0, 8.0, 0.3, 0.3)",1.6564444303512573,0.3287999629974365,0.5319228172302246,0
seg+pos+rms+psd,"(3.0, 8.0, 0.3, 0.3)",1.6674956679344177,0.16763520240783691,0.18747496604919434,0
seg+pos+rms+psd,"(3.0, 8.0, 0.3, 0.3)",1.70718914270401,0.33587968349456787,0.24111628532409668,0
seg+pos+rms+psd,"(3.0, 8.0, 0.3, 0.3)",1.6656254529953003,0.3763918876647949,0.16886067390441895,0
seg+pos+rms+psd,"(3.0, 8.0, 0.3, 0.3)",1.7370200157165527,0.30423128604888916,0.08233523368835449,0
seg+pos+rms+psd,"(3.0, 8.0, 0.3, 0.3)",1.8049313426017761,0.33839666843414307,0.2236926555633545,0
seg+pos+rms+psd,"(3.0, 8.0, 0.3, 0.3)",1.605288028717041,0.4447070360183716,0.22932934761047363,0
seg+pos+rms+psd,"(3.0, 8.0, 0.3, 0.3)",1.5920984745025635,0.4143249988555908,0.4490323066711426,0
seg+pos+rms+psd,"(3.0, 8.0, 0.3, 0.6)",1.6202481389045715,0.34555041790008545,0.039283037185668945,0
seg+pos+rms+psd,"(3.0, 8.0, 0.3, 0.6)",1.6444425582885742,0.35327279567718506,0.19657468795776367,0
seg+pos+rms+psd,"(3.0, 8.0, 0.3, 0.6)",1.7468514442443848,0.11196482181549072,0.3874077796936035,0
seg+pos+rms+psd,"(3.0, 8.0, 0.3, 0.6)",1.6531891226768494,0.4903113842010498,0.15128374099731445,0
seg+pos+rms+psd,"(3.0, 8.0, 0.3, 0.6)",1.7238067984580994,0.22449815273284912,0.19459199905395508,0
seg+pos+rms+psd,"(3.0, 8.0, 0.3, 0.6)",1.7139611840248108,0.3620884418487549,0.0007033348083496094,0
seg+pos+rms+psd,"(3.0, 8.0, 0.3, 0.6)",1.7102489471435547,0.4279695749282837,0.16681694984436035,0
seg+pos+rms+psd,"(3.0, 8.0, 0.3, 0.6)",1.59527587890625,0.383123517036438,0.12126946449279785,0
seg+pos+rms+psd,"(3.0, 8.0, 0.3, 0.6)",1.594433069229126,0.3781040906906128,0.13576865196228027,0
seg+pos+rms+psd,"(3.0, 8.0, 0.3, 0.6)",1.741708219051361,0.41303372383117676,0.07964301109313965,0
seg+pos+rms+psd,"(3.0, 8.0, 0.3, 0.6)",1.7201400995254517,0.44430696964263916,0.21286654472351074,0
seg+pos+rms+psd,"(3.0, 8.0, 0.3, 0.6)",1.7056145668029785,0.2235112190246582,0.3159615993499756,0
seg+pos+rms+psd,"(3.0, 8.0, 0.3, 0.6)",1.6699407696723938,0.5307347774505615,0.1332402229309082,0
seg+pos+rms+psd,"(3.0, 8.0, 0.3, 0.6)",1.7210866212844849,0.506198525428772,0.06035804748535156,0
seg+pos+rms+psd,"(3.0, 8.0, 0.3, 0.6)",1.7349231243133545,0.30284738540649414,0.2785356044769287,0
seg+pos+rms+psd,"(3.0, 8.0, 0.3, -0.3)",1.6069900393486023,0.34925663471221924,0.6942670345306396,0
seg+pos+rms+psd,"(3.0, 8.0, 0.3, -0.3)",1.7139605283737183,0.3328617811203003,0.7589643001556396,0
seg+pos+rms+psd,"(3.0, 8.0, 0.3, -0.3)",1.6732101440429688,0.21626949310302734,0.5690503120422363,0
seg+pos+rms+psd,"(3.0, 8.0, 0.3, -0.3)",1.7091380953788757,0.4243580102920532,0.7205004692077637,0
seg+pos+rms+psd,"(3.0, 8.0, 0.3, -0.3)",1.518288791179657,0.42079102993011475,0.8338627815246582,0
seg+pos+rms+psd,"(3.0, 8.0, 0.3, -0.3)",1.75669527053833,0.16587615013122559,0.43575000762939453,0
seg+pos+rms+psd,"(3.0, 8.0, 0.3, -0.3)",1.7667105197906494,0.22775447368621826,0.39515066146850586,0
seg+pos+rms+psd,"(3.0, 8.0, 0.3, -0.3)",1.6960809230804443,0.3364626169204712,0.6091804504394531,0
seg+pos+rms+psd,"(3.0, 8.0, 0.3, -0.3)",1.675047516822815,0.1235957145690918,0.5863094329833984,0
seg+pos+rms+psd,"(3.0, 8.0, 0.3, -0.3)",1.6544601917266846,0.2590334415435791,0.4874081611633301,0
seg+pos+rms+psd,"(3.0, 8.0, 0.3, -0.3)",1.7070003747940063,0.39716994762420654,0.8628978729248047,0
seg+pos+rms+psd,"(3.0, 8.0, 0.3, -0.3)",1.6574920415878296,0.2960308790206909,0.5943174362182617,0
seg+pos+rms+psd,"(3.0, 8.0, 0.3, -0.3)",1.799925148487091,0.41037309169769287,0.7740941047668457,0
seg+pos+rms+psd,"(3.0, 8.0, 0.3, -0.3)",1.6569008827209473,0.1956568956375122,0.3607773780822754,0
seg+pos+rms+psd,"(3.0, 8.0, 0.3, -0.3)",1.7587302327156067,0.16362476348876953,0.30143165588378906,0
seg+pos+rms+psd,"(3.0, 8.0, 0.7, 0.0)",1.2569952607154846,0.11948025226593018,0.08579206466674805,0
seg+pos+rms+psd,"(3.0, 8.0, 0.7, 0.0)",1.2358689904212952,0.22487008571624756,0.009686470031738281,0
seg+pos+rms+psd,"(3.0, 8.0, 0.7, 0.0)",1.3347368240356445,0.16800785064697266,0.2294139862060547,0
seg+pos+rms+psd,"(3.0, 8.0, 0.7, 0.0)",1.306562066078186,0.2644106149673462,0.13007211685180664,0
seg+pos+rms+psd,"(3.0, 8.0, 0.7, 0.0)",1.2072079181671143,0.13567125797271729,0.13724088668823242,0
seg+pos+rms+psd,"(3.0, 8.0, 0.7, 0.0)",1.2737722396850586,0.2005617618560791,0.10887336730957031,0
seg+pos+rms+psd,"(3.0, 8.0, 0.7, 0.0)",1.271977186203003,0.1234900951385498,0.2793149948120117,0
seg+pos+rms+psd,"(3.0, 8.0, 0.7, 0.0)",1.3313027024269104,0.2695194482803345,0.06829023361206055,0
seg+pos+rms+psd,"(3.0, 8.0, 0.7, 0.0)",1.218337059020996,0.1287137269973755,0.23238134384155273,0
seg+pos+rms+psd,"(3.0, 8.0, 0.7, 0.0)",1.2134276032447815,0.13571488857269287,0.0117034912109375,0
seg+pos+rms+psd,"(3.0, 8.0, 0.7, 0.0)",1.224117398262024,0.22855472564697266,0.061165809631347656,0
seg+pos+rms+psd,"(3.0, 8.0, 0.7, 0.0)",1.3164118528366089,0.22147440910339355,0.27584075927734375,0
seg+pos+rms+psd,"(3.0, 8.0, 0.7, 0.0)",1.2061320543289185,0.07286155223846436,0.21757030487060547,0
seg+pos+rms+psd,"(3.0, 8.0, 0.7, 0.0)",1.3017312288284302,0.10982143878936768,0.1566319465637207,0
seg+pos+rms+psd,"(3.0, 8.0, 0.7, 0.0)",1.2850650548934937,0.296983003616333,0.4022667407989502,0
seg+pos+rms+psd,"(3.0, 8.0, 0.7, 0.3)",1.2309651970863342,0.20333635807037354,0.36856794357299805,0
seg+pos+rms+psd,"(3.0, 8.0, 0.7, 0.3)",1.2572102546691895,0.27221834659576416,0.3353993892669678,0
seg+pos+rms+psd,"(3.0, 8.0, 0.7, 0.3)",1.352022409439087,0.23189306259155273,0.3888833522796631,0
seg+pos+rms+psd,"(3.0, 8.0, 0.7, 0.3)",1.3469603657722473,0.19614136219024658,0.4266340732574463,0
seg+pos+rms+psd,"(3.0, 8.0, 0.7, 0.3)",1.2331359386444092,0.08958280086517334,0.1214900016784668,0
seg+pos+rms+psd,"(3.0, 8.0, 0.7, 0.3)",1.271350383758545,0.14167261123657227,0.08168935775756836,0
seg+pos+rms+psd,"(3.0, 8.0, 0.7, 0.3)",1.2373939752578735,0.14061737060546875,0.23193764686584473,0
seg+pos+rms+psd,"(3.0, 8.0, 0.7, 0.3)",1.3166929483413696,0.19513285160064697,0.5522053241729736,0
seg+pos+rms+psd,"(3.0, 8.0, 0.7, 0.3)",1.1827524304389954,0.16836929321289062,0.22681164741516113,0
seg+pos+rms+psd,"(3.0, 8.0, 0.7, 0.3)",1.2948400378227234,0.10625648498535156,0.013859748840332031,0
seg+pos+rms+psd,"(3.0, 8.0, 0.7, 0.3)",1.297607660293579,0.09331369400024414,0.09318113327026367,0
seg+pos+rms+psd,"(3.0, 8.0, 0.7, 0.3)",1.281303584575653,0.1324836015701294,0.2746734619140625,0
seg+pos+rms+psd,"(3.0, 8.0, 0.7, 0.3)",1.3585257530212402,0.1917431354522705,0.48736047744750977,0
seg+pos+rms+psd,"(3.0, 8.0, 0.7, 0.3)",1.2324926853179932,0.12181150913238525,0.23963069915771484,0
seg+pos+rms+psd,"(3.0, 8.0, 0.7, 0.3)",1.2318503260612488,0.11109387874603271,0.2600398063659668,0
seg+pos+rms+psd,"(3.0, 8.0, 0.7, 0.6)",1.2865994572639465,0.34099280834198,0.5728464126586914,0
seg+pos+rms+psd,"(3.0, 8.0, 0.7, 0.6)",1.2787092328071594,0.06138300895690918,0.27426981925964355,0
seg+pos+rms+psd,"(3.0, 8.0, 0.7, 0.6)",1.2586891055107117,0.10114800930023193,0.50101637840271,0
seg+pos+rms+psd,"(3.0, 8.0, 0.7, 0.6)",1.2628748416900635,0.14544379711151123,0.5418198108673096,0
seg+pos+rms+psd,"(3.0, 8.0, 0.7, 0.6)",1.3325635194778442,0.33680176734924316,0.9026196002960205,0
seg+pos+rms+psd,"(3.0, 8.0, 0.7, 0.6)",1.2609930634498596,0.11907517910003662,0.32622623443603516,0
seg+pos+rms+psd,"(3.0, 8.0, 0.7, 0.6)",1.1751233339309692,0.08709216117858887,0.2850210666656494,0
seg+pos+rms+psd,"(3.0, 8.0, 0.7, 0.6)",1.3316948413848877,0.11486327648162842,0.5612659454345703,0
seg+pos+rms+psd,"(3.0, 8.0, 0.7, 0.6)",1.2641107439994812,0.09137105941772461,0.16865205764770508,0
seg+pos+rms+psd,"(3.0, 8.0, 0.7, 0.6)",1.2684667110443115,0.1267993450164795,0.0986175537109375,0
seg+pos+rms+psd,"(3.0, 8.0, 0.7, 0.6)",1.2344791889190674,0.21126246452331543,0.13292169570922852,0
seg+pos+rms+psd,"(3.0, 8.0, 0.7, 0.6)",1.3037542700767517,0.225244402885437,0.6118755340576172,0
seg+pos+rms+psd,"(3.0, 8.0, 0.7, 0.6)",1.2742049098014832,0.23436319828033447,0.7085864543914795,0
seg+pos+rms+psd,"(3.0, 8.0, 0.7, 0.6)",1.2677865028381348,0.09840607643127441,0.27745795249938965,0
seg+pos+rms+psd,"(3.0, 8.0, 0.7, 0.6)",1.3184727430343628,0.2171252965927124,0.3121316432952881,0
seg+pos+rms+psd,"(3.0, 8.0, 0.7, -0.3)",1.1386919021606445,0.25631392002105713,0.5827558040618896,0
seg+pos+rms+psd,"(3.0, 8.0, 0.7, -0.3)",1.2753488421440125,0.2449808120727539,0.17176055908203125,0
seg+pos+rms+psd,"(3.0, 8.0, 0.7, -0.3)",1.213566541671753,0.032208919525146484,0.01554727554321289,0
seg+pos+rms+psd,"(3.0, 8.0, 0.7, -0.3)",1.257250189781189,0.11503732204437256,0.19110918045043945,0
seg+pos+rms+psd,"(3.0, 8.0, 0.7, -0.3)",1.1930183172225952,0.197442889213562,0.03348493576049805,0
seg+pos+rms+psd,"(3.0, 8.0, 0.7, -0.3)",1.3078776597976685,0.08072996139526367,0.3270735740661621,0
seg+pos+rms+psd,"(3.0, 8.0, 0.7, -0.3)",1.2825812697410583,0.12247610092163086,0.010779380798339844,0
seg+pos+rms+psd,"(3.0, 8.0, 0.7, -0.3)",1.2848711013793945,0.06476318836212158,0.004947185516357422,0
seg+pos+rms+psd,"(3.0, 8.0, 0.7, -0.3)",1.287178874015808,0.180594801902771,0.29821300506591797,0
seg+pos+rms+psd,"(3.0, 8.0, 0.7, -0.3)",1.229726791381836,0.18155646324157715,0.06185436248779297,0
seg+pos+rms+psd,"(3.0, 8.0, 0.7, -0.3)",1.3103254437446594,0.2250683307647705,0.10390377044677734,0
seg+pos+rms+psd,"(3.0, 8.0, 0.7, -0.3)",1.2764575481414795,0.38311541080474854,0.29006147384643555,0
seg+pos+rms+psd,"(3.0, 8.0, 0.7, -0.3)",1.1718618273735046,0.17483341693878174,0.23917531967163086,0
seg+pos+rms+psd,"(3.0, 8.0, 0.7, -0.3)",1.3641482591629028,0.14230215549468994,0.03868436813354492,0
seg+pos+rms+psd,"(3.0, 8.0, 0.7, -0.3)",1.3101308345794678,0.12012648582458496,0.04453229904174805,0
seg+pos+rms+psd,"(3.0, 20.0, 0.3, 0.0)",1.3028592467308044,0.2537006139755249,0.32534289360046387,0
seg+pos+rms+psd,"(3.0, 20.0, 0.3, 0.0)",1.4572912454605103,0.26552677154541016,0.06904745101928711,0
seg+pos+rms+psd,"(3.0, 20.0, 0.3, 0.0)",1.3396856784820557,0.2359105348587036,0.4637935161590576,0
seg+pos+rms+psd,"(3.0, 20.0, 0.3, 0.0)",1.3801564574241638,0.17688679695129395,0.23212385177612305,0
seg+pos+rms+psd,"(3.0, 20.0, 0.3, 0.0)",1.3426520824432373,0.20610976219177246,0.2902812957763672,0
seg+pos+rms+psd,"(3.0, 20.0, 0.3, 0.0)",1.3286750316619873,0.21641910076141357,0.2813897132873535,0
seg+pos+rms+psd,"(3.0, 20.0, 0.3, 0.0)",1.4149543046951294,0.1166682243347168,0.15690827369689941,0
seg+pos+rms+psd,"(3.0, 20.0, 0.3, 0.0)",1.4070625305175781,0.1736990213394165,0.013953208923339844,0
seg+pos+rms+psd,"(3.0, 20.0, 0.3, 0.0)",1.4241414070129395,0.1427140235900879,0.15590977668762207,0
seg+pos+rms+psd,"(3.0, 20.0, 0.3, 0.0)",1.3399868607521057,0.2624322175979614,0.3247518539428711,0
seg+pos+rms+psd,"(3.0, 20.0, 0.3, 0.0)",1.4206680059432983,0.12559103965759277,0.11350345611572266,0
seg+pos+rms+psd,"(3.0, 20.0, 0.3, 0.0)",1.254262089729309,0.2899068593978882,0.4571101665496826,0
seg+pos+rms+psd,"(3.0, 20.0, 0.3, 0.0)",1.3326618671417236,0.052092552185058594,0.08376932144165039,0
seg+pos+rms+psd,"(3.0, 20.0, 0.3, 0.0)",1.3532971143722534,0.22701776027679443,0.37111616134643555,0
seg+pos+rms+psd,"(3.0, 20.0, 0.3, 0.0)",1.309898853302002,0.14640450477600098,0.0517268180847168,0
seg+pos+rms+psd,"(3.0, 20.0, 0.3, 0.3)",1.469405710697174,0.11761975288391113,0.2208728790283203,0
seg+pos+rms+psd,"(3.0, 20.0, 0.3, 0.3)",1.255053460597992,0.13365447521209717,0.011694908142089844,0
seg+pos+rms+psd,"(3.0, 20.0, 0.3, 0.3)",1.3182610869407654,0.3195112943649292,0.28062987327575684,0
seg+pos+rms+psd,"(3.0, 20.0, 0.3, 0.3)",1.3831430077552795,0.26381564140319824,0.1311330795288086,0
seg+pos+rms+psd,"(3.0, 20.0, 0.3, 0.3)",1.359701156616211,0.11236274242401123,0.010223865509033203,0
seg+pos+rms+psd,"(3.0, 20.0, 0.3, 0.3)",1.2262467741966248,0.1842818260192871,0.0278170108795166,0
seg+pos+rms+psd,"(3.0, 20.0, 0.3, 0.3)",1.366231918334961,0.09505283832550049,0.16630983352661133,0
seg+pos+rms+psd,"(3.0, 20.0, 0.3, 0.3)",1.3471503853797913,0.13800466060638428,0.07039308547973633,0
seg+pos+rms+psd,"(3.0, 20.0, 0.3, 0.3)",1.4155235886573792,0.3617713451385498,0.0720212459564209,0
seg+pos+rms+psd,"(3.0, 20.0, 0.3, 0.3)",1.3888087272644043,0.18596351146697998,0.0462188720703125,0
seg+pos+rms+psd,"(3.0, 20.0, 0.3, 0.3)",1.3419486284255981,0.09598469734191895,0.09058308601379395,0
seg+pos+rms+psd,"(3.0, 20.0, 0.3, 0.3)",1.4760420322418213,0.27357614040374756,0.2598280906677246,0
seg+pos+rms+psd,"(3.0, 20.0, 0.3, 0.3)",1.2656900882720947,0.24901890754699707,0.42285704612731934,0
seg+pos+rms+psd,"(3.0, 20.0, 0.3, 0.3)",1.392658531665802,0.09361326694488525,0.038332462310791016,0
seg+pos+rms+psd,"(3.0, 20.0, 0.3, 0.3)",1.3693554997444153,0.2169935703277588,0.1826333999633789,0
seg+pos+rms+psd,"(3.0, 20.0, 0.3, 0.6)",1.3312647938728333,0.38450634479522705,0.16414809226989746,0
seg+pos+rms+psd,"(3.0, 20.0, 0.3, 0.6)",1.2772650122642517,0.21233463287353516,0.15628314018249512,0
seg+pos+rms+psd,"(3.0, 20.0, 0.3, 0.6)",1.4041542410850525,0.015503883361816406,0.4945366382598877,0
seg+pos+rms+psd,"(3.0, 20.0, 0.3, 0.6)",1.4129048585891724,0.15753376483917236,0.7267477512359619,0
seg+pos+rms+psd,"(3.0, 20.0, 0.3, 0.6)",1.2822957038879395,0.11449337005615234,0.039926767349243164,0
seg+pos+rms+psd,"(3.0, 20.0, 0.3, 0.6)",1.356130838394165,0.07019984722137451,0.07515335083007812,0
seg+pos+rms+psd,"(3.0, 20.0, 0.3, 0.6)",1.3500639200210571,0.10526514053344727,0.3753654956817627,0
seg+pos+rms+psd,"(3.0, 20.0, 0.3, 0.6)",1.2973697185516357,0.17007386684417725,0.01645183563232422,0
seg+pos+rms+psd,"(3.0, 20.0, 0.3, 0.6)",1.4904932975769043,0.27653050422668457,0.07625412940979004,0
seg+pos+rms+psd,"(3.0, 20.0, 0.3, 0.6)",1.429930567741394,0.2067863941192627,0.6049306392669678,0
seg+pos+rms+psd,"(3.0, 20.0, 0.3, 0.6)",1.4120469093322754,0.08601498603820801,0.42760372161865234,0
seg+pos+rms+psd,"(3.0, 20.0, 0.3, 0.6)",1.4895454049110413,0.11222434043884277,0.52370285987854,0
seg+pos+rms+psd,"(3.0, 20.0, 0.3, 0.6)",1.4112648367881775,0.11038565635681152,0.12323451042175293,0
seg+pos+rms+psd,"(3.0, 20.0, 0.3, 0.6)",1.303911805152893,0.2164294719696045,0.02684473991394043,0
seg+pos+rms+psd,"(3.0, 20.0, 0.3, 0.6)",1.2796707153320312,0.2591221332550049,0.010931253433227539,0
seg+pos+rms+psd,"(3.0, 20.0, 0.3, -0.3)",1.3043990731239319,0.21646583080291748,0.2934904098510742,0
seg+pos+rms+psd,"(3.0, 20.0, 0.3, -0.3)",1.3285473585128784,0.1679239273071289,0.508580207824707,0
seg+pos+rms+psd,"(3.0, 20.0, 0.3, -0.3)",1.3293201327323914,0.20219945907592773,0.1900792121887207,0
seg+pos+rms+psd,"(3.0, 20.0, 0.3, -0.3)",1.370866596698761,0.1465214490890503,0.4484069347381592,0
seg+pos+rms+psd,"(3.0, 20.0, 0.3, -0.3)",1.4707889556884766,0.24514973163604736,0.10441446304321289,0
seg+pos+rms+psd,"(3.0, 20.0, 0.3, -0.3)",1.4207066297531128,0.14094102382659912,0.019150733947753906,0
seg+pos+rms+psd,"(3.0, 20.0, 0.3, -0.3)",1.2879547476768494,0.37849414348602295,0.6254358291625977,0
seg+pos+rms+psd,"(3.0, 20.0, 0.3, -0.3)",1.3724823594093323,0.11672306060791016,0.25019216537475586,0
seg+pos+rms+psd,"(3.0, 20.0, 0.3, -0.3)",1.3518582582473755,0.2497495412826538,0.40235280990600586,0
seg+pos+rms+psd,"(3.0, 20.0, 0.3, -0.3)",1.319358229637146,0.1528075933456421,0.35155200958251953,0
seg+pos+rms+psd,"(3.0, 20.0, 0.3, -0.3)",1.4231250286102295,0.30182600021362305,0.12894248962402344,0
seg+pos+rms+psd,"(3.0, 20.0, 0.3, -0.3)",1.362286925315857,0.08380687236785889,0.28358936309814453,0
seg+pos+rms+psd,"(3.0, 20.0, 0.3, -0.3)",1.4256163239479065,0.21624743938446045,0.4261898994445801,0
seg+pos+rms+psd,"(3.0, 20.0, 0.3, -0.3)",1.4128323197364807,0.13885867595672607,0.3193073272705078,0
seg+pos+rms+psd,"(3.0, 20.0, 0.3, -0.3)",1.291318655014038,0.33137428760528564,0.5388848781585693,0
seg+pos+rms+psd,"(3.0, 20.0, 0.7, 0.0)",0.9353745877742767,0.1759800910949707,0.3066864013671875,0
seg+pos+rms+psd,"(3.0, 20.0, 0.7, 0.0)",0.8938485383987427,0.20028948783874512,0.23325061798095703,0
seg+pos+rms+psd,"(3.0, 20.0, 0.7, 0.0)",0.8442898392677307,0.15178585052490234,0.17773818969726562,0
seg+pos+rms+psd,"(3.0, 20.0, 0.7, 0.0)",0.824498176574707,0.04999077320098877,0.0416865348815918,0
seg+pos+rms+psd,"(3.0, 20.0, 0.7, 0.0)",0.8402222692966461,0.12575697898864746,0.1594996452331543,0
seg+pos+rms+psd,"(3.0, 20.0, 0.7, 0.0)",0.8483122885227203,0.19286012649536133,0.3175673484802246,0
seg+pos+rms+psd,"(3.0, 20.0, 0.7, 0.0)",0.872231662273407,0.17097997665405273,0.2285451889038086,0
seg+pos+rms+psd,"(3.0, 20.0, 0.7, 0.0)",0.8004468083381653,0.12435972690582275,0.12331891059875488,0
seg+pos+rms+psd,"(3.0, 20.0, 0.7, 0.0)",0.7866485714912415,0.05039668083190918,0.07065677642822266,0
seg+pos+rms+psd,"(3.0, 20.0, 0.7, 0.0)",0.8543365597724915,0.11228013038635254,0.12475347518920898,0
seg+pos+rms+psd,"(3.0, 20.0, 0.7, 0.0)",0.7979048490524292,0.11435508728027344,0.09846615791320801,0
seg+pos+rms+psd,"(3.0, 20.0, 0.7, 0.0)",0.8651288449764252,0.08327913284301758,0.1990985870361328,0
seg+pos+rms+psd,"(3.0, 20.0, 0.7, 0.0)",0.8733124434947968,0.062363624572753906,0.03280448913574219,0
seg+pos+rms+psd,"(3.0, 20.0, 0.7, 0.0)",0.7564056515693665,0.07046926021575928,0.13962960243225098,0
seg+pos+rms+psd,"(3.0, 20.0, 0.7, 0.0)",0.831479549407959,0.15454232692718506,0.08973121643066406,0
seg+pos+rms+psd,"(3.0, 20.0, 0.7, 0.3)",0.8402203321456909,0.14302277565002441,0.25960588455200195,0
seg+pos+rms+psd,"(3.0, 20.0, 0.7, 0.3)",0.8313495814800262,0.030463337898254395,0.20931529998779297,0
seg+pos+rms+psd,"(3.0, 20.0, 0.7, 0.3)",0.7962836921215057,0.11717367172241211,0.0355682373046875,0
seg+pos+rms+psd,"(3.0, 20.0, 0.7, 0.3)",0.8429182469844818,0.13311469554901123,0.12700748443603516,0
seg+pos+rms+psd,"(3.0, 20.0, 0.7, 0.3)",0.8437546789646149,0.0699845552444458,0.08383345603942871,0
seg+pos+rms+psd,"(3.0, 20.0, 0.7, 0.3)",0.7969809770584106,0.19969701766967773,0.05565142631530762,0
seg+pos+rms+psd,"(3.0, 20.0, 0.7, 0.3)",0.8363487720489502,0.08925426006317139,0.28524065017700195,0
seg+pos+rms+psd,"(3.0, 20.0, 0.7, 0.3)",0.8837442696094513,0.07058095932006836,0.08741331100463867,0
seg+pos+rms+psd,"(3.0, 20.0, 0.7, 0.3)",0.8378225862979889,0.06248295307159424,0.07306671142578125,0
seg+pos+rms+psd,"(3.0, 20.0, 0.7, 0.3)",0.7572357356548309,0.06328988075256348,0.04741358757019043,0
seg+pos+rms+psd,"(3.0, 20.0, 0.7, 0.3)",0.8029321432113647,0.08446979522705078,0.14618444442749023,0
seg+pos+rms+psd,"(3.0, 20.0, 0.7, 0.3)",0.7980717420578003,0.12878572940826416,0.09682226181030273,0
seg+pos+rms+psd,"(3.0, 20.0, 0.7, 0.3)",0.8630869686603546,0.09855186939239502,0.025320053100585938,0
seg+pos+rms+psd,"(3.0, 20.0, 0.7, 0.3)",0.8501729071140289,0.17089807987213135,0.4048173427581787,0
seg+pos+rms+psd,"(3.0, 20.0, 0.7, 0.3)",0.8459494709968567,0.20119845867156982,0.27103638648986816,0
seg+pos+rms+psd,"(3.0, 20.0, 0.7, 0.6)",0.8489107191562653,0.14306724071502686,0.49955224990844727,0
seg+pos+rms+psd,"(3.0, 20.0, 0.7, 0.6)",0.8527817726135254,0.13733315467834473,0.30573391914367676,0
seg+pos+rms+psd,"(3.0, 20.0, 0.7, 0.6)",0.8334930241107941,0.09973311424255371,0.10265493392944336,0
seg+pos+rms+psd,"(3.0, 20.0, 0.7, 0.6)",0.861760139465332,0.15800070762634277,0.4371523857116699,0
seg+pos+rms+psd,"(3.0, 20.0, 0.7, 0.6)",0.8463957011699677,0.029014110565185547,0.39153242111206055,0
seg+pos+rms+psd,"(3.0, 20.0, 0.7, 0.6)",0.7971046268939972,0.11430728435516357,0.23943758010864258,0
seg+pos+rms+psd,"(3.0, 20.0, 0.7, 0.6)",0.7736112177371979,0.18312466144561768,0.5020259618759155,0
seg+pos+rms+psd,"(3.0, 20.0, 0.7, 0.6)",0.8068467080593109,0.09029364585876465,0.24837112426757812,0
seg+pos+rms+psd,"(3.0, 20.0, 0.7, 0.6)",0.8383281528949738,0.12451207637786865,0.0750272274017334,0
seg+pos+rms+psd,"(3.0, 20.0, 0.7, 0.6)",0.7554087042808533,0.02369534969329834,0.04984927177429199,0
seg+pos+rms+psd,"(3.0, 20.0, 0.7, 0.6)",0.838879406452179,0.19722700119018555,0.4789865016937256,0
seg+pos+rms+psd,"(3.0, 20.0, 0.7, 0.6)",0.918095588684082,0.05116760730743408,0.16788721084594727,0
seg+pos+rms+psd,"(3.0, 20.0, 0.7, 0.6)",0.7605090141296387,0.053635239601135254,0.20161151885986328,0
seg+pos+rms+psd,"(3.0, 20.0, 0.7, 0.6)",0.8006080687046051,0.126906156539917,0.3323967456817627,0
seg+pos+rms+psd,"(3.0, 20.0, 0.7, 0.6)",0.8693156838417053,0.24699604511260986,0.6833794116973877,0
seg+pos+rms+psd,"(3.0, 20.0, 0.7, -0.3)",0.8683322370052338,0.05643618106842041,0.042838096618652344,0
seg+pos+rms+psd,"(3.0, 20.0, 0.7, -0.3)",0.8442877233028412,0.09213101863861084,0.20514202117919922,0
seg+pos+rms+psd,"(3.0, 20.0, 0.7, -0.3)",0.7888278663158417,0.11370968818664551,0.02341485023498535,0
seg+pos+rms+psd,"(3.0, 20.0, 0.7, -0.3)",0.8348162174224854,0.05353105068206787,0.007473945617675781,0
seg+pos+rms+psd,"(3.0, 20.0, 0.7, -0.3)",0.9259268939495087,0.17893409729003906,0.1600937843322754,0
seg+pos+rms+psd,"(3.0, 20.0, 0.7, -0.3)",0.8032832741737366,0.03391683101654053,0.043549537658691406,0
seg+pos+rms+psd,"(3.0, 20.0, 0.7, -0.3)",0.7924530208110809,0.07410383224487305,0.03526496887207031,0
seg+pos+rms+psd,"(3.0, 20.0, 0.7, -0.3)",0.9178709089756012,0.25210416316986084,0.08181071281433105,0
seg+pos+rms+psd,"(3.0, 20.0, 0.7, -0.3)",0.74946328997612,0.06815540790557861,0.1169595718383789,0
seg+pos+rms+psd,"(3.0, 20.0, 0.7, -0.3)",0.8694455623626709,0.21206367015838623,0.2599678039550781,0
seg+pos+rms+psd,"(3.0, 20.0, 0.7, -0.3)",0.7742356061935425,0.04782235622406006,0.06836128234863281,0
seg+pos+rms+psd,"(3.0, 20.0, 0.7, -0.3)",0.7486494779586792,0.04198503494262695,0.03672218322753906,0
seg+pos+rms+psd,"(3.0, 20.0, 0.7, -0.3)",0.8336938619613647,0.16589152812957764,0.2909126281738281,0
seg+pos+rms+psd,"(3.0, 20.0, 0.7, -0.3)",0.8252224922180176,0.1348799467086792,0.10605430603027344,0
seg+pos+rms+psd,"(3.0, 20.0, 0.7, -0.3)",0.8617904186248779,0.09073078632354736,0.04094505310058594,0
seg+pos+rms+psd,"(1.5, 8.0, 0.3, 0.0)",0.8780004978179932,0.3280194401741028,0.40634822845458984,1
seg+pos+rms+psd,"(1.5, 8.0, 0.3, 0.0)",0.9064468741416931,0.2902746796607971,0.16333270072937012,1
seg+pos+rms+psd,"(1.5, 8.0, 0.3, 0.0)",0.9369340240955353,0.17322462797164917,0.3000063896179199,1
seg+pos+rms+psd,"(1.5, 8.0, 0.3, 0.0)",0.9323330223560333,0.19848912954330444,0.2288724184036255,1
seg+pos+rms+psd,"(1.5, 8.0, 0.3, 0.0)",0.9391388595104218,0.050260961055755615,0.09402704238891602,1
seg+pos+rms+psd,"(1.5, 8.0, 0.3, 0.0)",0.8753648698329926,0.30105769634246826,0.42790770530700684,1
seg+pos+rms+psd,"(1.5, 8.0, 0.3, 0.0)",0.8462979793548584,0.29669851064682007,0.40596818923950195,1
seg+pos+rms+psd,"(1.5, 8.0, 0.3, 0.0)",0.9393884539604187,0.1947970986366272,0.45035219192504883,1
seg+pos+rms+psd,"(1.5, 8.0, 0.3, 0.0)",0.9063159227371216,0.24235355854034424,0.3698157072067261,1
seg+pos+rms+psd,"(1.5, 8.0, 0.3, 0.0)",0.8768043220043182,0.24953949451446533,0.3428018093109131,1
seg+pos+rms+psd,"(1.5, 8.0, 0.3, 0.0)",0.9272447228431702,0.18648415803909302,0.1994493007659912,1
seg+pos+rms+psd,"(1.5, 8.0, 0.3, 0.0)",0.9084098935127258,0.21238946914672852,0.33422064781188965,1
seg+pos+rms+psd,"(1.5, 8.0, 0.3, 0.0)",0.9385506808757782,0.3642351031303406,0.489973783493042,1
seg+pos+rms+psd,"(1.5, 8.0, 0.3, 0.0)",1.0156981647014618,0.2809186577796936,0.22905516624450684,1
seg+pos+rms+psd,"(1.5, 8.0, 0.3, 0.0)",0.8485195636749268,0.28949278593063354,0.34890246391296387,1
seg+pos+rms+psd,"(1.5, 8.0, 0.3, 0.3)",0.8824069797992706,0.2794516086578369,0.29089105129241943,1
seg+pos+rms+psd,"(1.5, 8.0, 0.3, 0.3)",0.8918050527572632,0.3800278902053833,0.5613532066345215,1
seg+pos+rms+psd,"(1.5, 8.0, 0.3, 0.3)",0.9133147299289703,0.20377576351165771,0.16315162181854248,1
seg+pos+rms+psd,"(1.5, 8.0, 0.3, 0.3)",0.9541342556476593,0.1712668538093567,0.020673274993896484,1
seg+pos+rms+psd,"(1.5, 8.0, 0.3, 0.3)",0.9037479162216187,0.2505532503128052,0.1071622371673584,1
seg+pos+rms+psd,"(1.5, 8.0, 0.3, 0.3)",0.8864453732967377,0.2767113447189331,0.2369377613067627,1
seg+pos+rms+psd,"(1.5, 8.0, 0.3, 0.3)",0.915564239025116,0.0772821307182312,0.08041119575500488,1
seg+pos+rms+psd,"(1.5, 8.0, 0.3, 0.3)",0.9072872400283813,0.26178276538848877,0.37995827198028564,1
seg+pos+rms+psd,"(1.5, 8.0, 0.3, 0.3)",0.8622013032436371,0.3321681022644043,0.28234219551086426,1
seg+pos+rms+psd,"(1.5, 8.0, 0.3, 0.3)",0.8963382244110107,0.3595197796821594,0.3805793523788452,1
seg+pos+rms+psd,"(1.5, 8.0, 0.3, 0.3)",0.9483015537261963,0.1388869285583496,0.17402732372283936,1
seg+pos+rms+psd,"(1.5, 8.0, 0.3, 0.3)",0.9722868800163269,0.30026549100875854,0.18892693519592285,1
seg+pos+rms+psd,"(1.5, 8.0, 0.3, 0.3)",0.906408280134201,0.23554116487503052,0.0004881620407104492,1
seg+pos+rms+psd,"(1.5, 8.0, 0.3, 0.3)",0.901617169380188,0.32783734798431396,0.3162773847579956,1
seg+pos+rms+psd,"(1.5, 8.0, 0.3, 0.3)",0.9015103578567505,0.22435563802719116,0.09947776794433594,1
seg+pos+rms+psd,"(1.5, 8.0, 0.3, 0.6)",0.9032460749149323,0.20466220378875732,0.06124305725097656,1
seg+pos+rms+psd,"(1.5, 8.0, 0.3, 0.6)",0.8921705484390259,0.29439181089401245,0.04243814945220947,1
seg+pos+rms+psd,"(1.5, 8.0, 0.3, 0.6)",0.8846355378627777,0.36367493867874146,0.1687861680984497,1
seg+pos+rms+psd,"(1.5, 8.0, 0.3, 0.6)",0.8286162614822388,0.330807089805603,0.12111616134643555,1
seg+pos+rms+psd,"(1.5, 8.0, 0.3, 0.6)",0.8829907774925232,0.39503586292266846,0.32312285900115967,1
seg+pos+rms+psd,"(1.5, 8.0, 0.3, 0.6)",0.911912202835083,0.16347980499267578,0.29367566108703613,1
seg+pos+rms+psd,"(1.5, 8.0, 0.3, 0.6)",0.9002420604228973,0.3961469531059265,0.1358339786529541,1
seg+pos+rms+psd,"(1.5, 8.0, 0.3, 0.6)",0.9368659555912018,0.20551306009292603,0.2500033378601074,1
seg+pos+rms+psd,"(1.5, 8.0, 0.3, 0.6)",0.8690797984600067,0.2887219190597534,0.007197856903076172,1
seg+pos+rms+psd,"(1.5, 8.0, 0.3, 0.6)",0.9574143290519714,0.29229116439819336,0.035799503326416016,1
seg+pos+rms+psd,"(1.5, 8.0, 0.3, 0.6)",0.8938805162906647,0.19112974405288696,0.1079491376876831,1
seg+pos+rms+psd,"(1.5, 8.0, 0.3, 0.6)",0.9094119966030121,0.28787243366241455,0.09698128700256348,1
seg+pos+rms+psd,"(1.5, 8.0, 0.3, 0.6)",0.9029950499534607,0.2751960754394531,0.19316446781158447,1
seg+pos+rms+psd,"(1.5, 8.0, 0.3, 0.6)",0.9506662786006927,0.16561323404312134,0.30628180503845215,1
seg+pos+rms+psd,"(1.5, 8.0, 0.3, 0.6)",0.9015630483627319,0.2602272629737854,0.06208336353302002,1
seg+pos+rms+psd,"(1.5, 8.0, 0.3, -0.3)",0.9236487150192261,0.09683579206466675,0.2597343921661377,1
seg+pos+rms+psd,"(1.5, 8.0, 0.3, -0.3)",0.8968655169010162,0.24333882331848145,0.39359545707702637,1
seg+pos+rms+psd,"(1.5, 8.0, 0.3, -0.3)",0.883335679769516,0.24906164407730103,0.4299353361129761,1
seg+pos+rms+psd,"(1.5, 8.0, 0.3, -0.3)",0.9141601026058197,0.23667651414871216,0.42922675609588623,1
seg+pos+rms+psd,"(1.5, 8.0, 0.3, -0.3)",0.944824606180191,0.18252992630004883,0.3570246696472168,1
seg+pos+rms+psd,"(1.5, 8.0, 0.3, -0.3)",0.9587260484695435,0.18391984701156616,0.22974038124084473,1
seg+pos+rms+psd,"(1.5, 8.0, 0.3, -0.3)",0.8939872980117798,0.07247680425643921,0.2774698734283447,1
seg+pos+rms+psd,"(1.5, 8.0, 0.3, -0.3)",0.891232818365097,0.35560715198516846,0.6883662939071655,1
seg+pos+rms+psd,"(1.5, 8.0, 0.3, -0.3)",0.972069263458252,0.04892373085021973,0.21822619438171387,1
seg+pos+rms+psd,"(1.5, 8.0, 0.3, -0.3)",0.9236913025379181,0.2135852873325348,0.3735419511795044,1
seg+pos+rms+psd,"(1.5, 8.0, 0.3, -0.3)",0.8886472880840302,0.28864333033561707,0.4692513942718506,1
seg+pos+rms+psd,"(1.5, 8.0, 0.3, -0.3)",0.9113298952579498,0.2782678008079529,0.5476105213165283,1
seg+pos+rms+psd,"(1.5, 8.0, 0.3, -0.3)",0.8513697385787964,0.332431435585022,0.5607677698135376,1
seg+pos+rms+psd,"(1.5, 8.0, 0.3, -0.3)",0.9229472875595093,0.26163244247436523,0.4466991424560547,1
seg+pos+rms+psd,"(1.5, 8.0, 0.3, -0.3)",0.9621938765048981,0.19891804456710815,0.2714967727661133,1
seg+pos+rms+psd,"(1.5, 8.0, 0.7, 0.0)",0.7306503057479858,0.05132406949996948,0.08728933334350586,1
seg+pos+rms+psd,"(1.5, 8.0, 0.7, 0.0)",0.7762535810470581,0.19463932514190674,0.22226417064666748,1
seg+pos+rms+psd,"(1.5, 8.0, 0.7, 0.0)",0.7417587637901306,0.11347460746765137,0.19259166717529297,1
seg+pos+rms+psd,"(1.5, 8.0, 0.7, 0.0)",0.7220467925071716,0.11099046468734741,0.21593856811523438,1
seg+pos+rms+psd,"(1.5, 8.0, 0.7, 0.0)",0.7302695214748383,0.1589764952659607,0.13104987144470215,1
seg+pos+rms+psd,"(1.5, 8.0, 0.7, 0.0)",0.7378756999969482,0.07951617240905762,0.0767357349395752,1
seg+pos+rms+psd,"(1.5, 8.0, 0.7, 0.0)",0.7285825610160828,0.08934414386749268,0.09324145317077637,1
seg+pos+rms+psd,"(1.5, 8.0, 0.7, 0.0)",0.7225907742977142,0.08976954221725464,0.09188270568847656,1
seg+pos+rms+psd,"(1.5, 8.0, 0.7, 0.0)",0.7215476334095001,0.03239387273788452,0.028706789016723633,1
seg+pos+rms+psd,"(1.5, 8.0, 0.7, 0.0)",0.7795979380607605,0.09113317728042603,0.08025062084197998,1
seg+pos+rms+psd,"(1.5, 8.0, 0.7, 0.0)",0.769066572189331,0.2199176549911499,0.0801243782043457,1
seg+pos+rms+psd,"(1.5, 8.0, 0.7, 0.0)",0.7183756828308105,0.15155065059661865,0.24572062492370605,1
seg+pos+rms+psd,"(1.5, 8.0, 0.7, 0.0)",0.7539707720279694,0.13033902645111084,0.0646291971206665,1
seg+pos+rms+psd,"(1.5, 8.0, 0.7, 0.0)",0.7191839814186096,0.1876736283302307,0.21136474609375,1
seg+pos+rms+psd,"(1.5, 8.0, 0.7, 0.0)",0.7025340795516968,0.17977207899093628,0.2783229351043701,1
seg+pos+rms+psd,"(1.5, 8.0, 0.7, 0.3)",0.7635539770126343,0.05554908514022827,0.17286086082458496,1
seg+pos+rms+psd,"(1.5, 8.0, 0.7, 0.3)",0.7224721014499664,0.12360739707946777,0.023671746253967285,1
seg+pos+rms+psd,"(1.5, 8.0, 0.7, 0.3)",0.7090060114860535,0.11642014980316162,0.03235018253326416,1
seg+pos+rms+psd,"(1.5, 8.0, 0.7, 0.3)",0.7696334719657898,0.08971148729324341,0.06930243968963623,1
seg+pos+rms+psd,"(1.5, 8.0, 0.7, 0.3)",0.6554780304431915,0.08186745643615723,0.0007004737854003906,1
seg+pos+rms+psd,"(1.5, 8.0, 0.7, 0.3)",0.7064166963100433,0.12952721118927002,0.2041151523590088,1
seg+pos+rms+psd,"(1.5, 8.0, 0.7, 0.3)",0.7268760204315186,0.07025712728500366,0.1766873598098755,1
seg+pos+rms+psd,"(1.5, 8.0, 0.7, 0.3)",0.7117643356323242,0.21518361568450928,0.1651517152786255,1
seg+pos+rms+psd,"(1.5, 8.0, 0.7, 0.3)",0.6454790830612183,0.13259273767471313,0.04313254356384277,1
seg+pos+rms+psd,"(1.5, 8.0, 0.7, 0.3)",0.7423132956027985,0.11431092023849487,0.0459214448928833,1
seg+pos+rms+psd,"(1.5, 8.0, 0.7, 0.3)",0.7486506700515747,0.022558867931365967,0.08680415153503418,1
seg+pos+rms+psd,"(1.5, 8.0, 0.7, 0.3)",0.7735556364059448,0.03224068880081177,0.22604048252105713,1
seg+pos+rms+psd,"(1.5, 8.0, 0.7, 0.3)",0.7403691411018372,0.05891227722167969,0.16400742530822754,1
seg+pos+rms+psd,"(1.5, 8.0, 0.7, 0.3)",0.6551377773284912,0.07005429267883301,0.08247995376586914,1
seg+pos+rms+psd,"(1.5, 8.0, 0.7, 0.3)",0.7065625786781311,0.11086183786392212,0.10625851154327393,1
seg+pos+rms+psd,"(1.5, 8.0, 0.7, 0.6)",0.7060180306434631,0.14348232746124268,0.31762993335723877,1
seg+pos+rms+psd,"(1.5, 8.0, 0.7, 0.6)",0.773583173751831,0.413396954536438,0.8474223613739014,1
seg+pos+rms+psd,"(1.5, 8.0, 0.7, 0.6)",0.7353341281414032,0.06317180395126343,0.15670490264892578,1
seg+pos+rms+psd,"(1.5, 8.0, 0.7, 0.6)",0.7173466980457306,0.09572619199752808,0.04464137554168701,1
seg+pos+rms+psd,"(1.5, 8.0, 0.7, 0.6)",0.7290462255477905,0.018207788467407227,0.3440558910369873,1
seg+pos+rms+psd,"(1.5, 8.0, 0.7, 0.6)",0.7179950475692749,0.21919530630111694,0.20165503025054932,1
seg+pos+rms+psd,"(1.5, 8.0, 0.7, 0.6)",0.7750117480754852,0.12760764360427856,0.28369998931884766,1
seg+pos+rms+psd,"(1.5, 8.0, 0.7, 0.6)",0.7800716161727905,0.10778224468231201,0.18694496154785156,1
seg+pos+rms+psd,"(1.5, 8.0, 0.7, 0.6)",0.6903775930404663,0.1439693570137024,0.14663982391357422,1
seg+pos+rms+psd,"(1.5, 8.0, 0.7, 0.6)",0.7293371558189392,0.16727983951568604,0.17664754390716553,1
seg+pos+rms+psd,"(1.5, 8.0, 0.7, 0.6)",0.7551686763763428,0.16974908113479614,0.39253270626068115,1
seg+pos+rms+psd,"(1.5, 8.0, 0.7, 0.6)",0.737782210111618,0.07473558187484741,0.4233900308609009,1
seg+pos+rms+psd,"(1.5, 8.0, 0.7, 0.6)",0.6741074621677399,0.10288286209106445,0.04748356342315674,1
seg+pos+rms+psd,"(1.5, 8.0, 0.7, 0.6)",0.7098165154457092,0.05156123638153076,0.09103715419769287,1
seg+pos+rms+psd,"(1.5, 8.0, 0.7, 0.6)",0.684550940990448,0.11535310745239258,0.10707294940948486,1
seg+pos+rms+psd,"(1.5, 8.0, 0.7, -0.3)",0.7454550564289093,0.1621292233467102,0.35850048065185547,1
seg+pos+rms+psd,"(1.5, 8.0, 0.7, -0.3)",0.7128539383411407,0.10402733087539673,0.2634599208831787,1
seg+pos+rms+psd,"(1.5, 8.0, 0.7, -0.3)",0.6588924527168274,0.09190046787261963,0.18821310997009277,1
seg+pos+rms+psd,"(1.5, 8.0, 0.7, -0.3)",0.7394571304321289,0.35327762365341187,0.035325050354003906,1
seg+pos+rms+psd,"(1.5, 8.0, 0.7, -0.3)",0.7425529062747955,0.09540075063705444,0.21317577362060547,1
seg+pos+rms+psd,"(1.5, 8.0, 0.7, -0.3)",0.769402951002121,0.18165957927703857,0.011272192001342773,1
seg+pos+rms+psd,"(1.5, 8.0, 0.7, -0.3)",0.6550641059875488,0.19365429878234863,0.2179948091506958,1
seg+pos+rms+psd,"(1.5, 8.0, 0.7, -0.3)",0.7061403095722198,0.18679076433181763,0.10632801055908203,1
seg+pos+rms+psd,"(1.5, 8.0, 0.7, -0.3)",0.663504958152771,0.08696931600570679,0.10810112953186035,1
seg+pos+rms+psd,"(1.5, 8.0, 0.7, -0.3)",0.6849473714828491,0.10536515712738037,0.2004413604736328,1
seg+pos+rms+psd,"(1.5, 8.0, 0.7, -0.3)",0.718562126159668,0.2345861792564392,0.03152585029602051,1
seg+pos+rms+psd,"(1.5, 8.0, 0.7, -0.3)",0.7494312822818756,0.0810403823852539,0.19423604011535645,1
seg+pos+rms+psd,"(1.5, 8.0, 0.7, -0.3)",0.6906954944133759,0.09182888269424438,0.2032301425933838,1
seg+pos+rms+psd,"(1.5, 8.0, 0.7, -0.3)",0.7321028411388397,0.09302115440368652,0.20343494415283203,1
seg+pos+rms+psd,"(1.5, 8.0, 0.7, -0.3)",0.6434257328510284,0.1234968900680542,0.2225785255432129,1
seg+pos+rms+psd,"(1.5, 20.0, 0.3, 0.0)",0.7528765499591827,0.23062819242477417,0.33826565742492676,1
seg+pos+rms+psd,"(1.5, 20.0, 0.3, 0.0)",0.8223329782485962,0.006426095962524414,0.008608818054199219,1
seg+pos+rms+psd,"(1.5, 20.0, 0.3, 0.0)",0.7098613977432251,0.15503835678100586,0.18183588981628418,1
seg+pos+rms+psd,"(1.5, 20.0, 0.3, 0.0)",0.7470055818557739,0.12582510709762573,0.22286534309387207,1
seg+pos+rms+psd,"(1.5, 20.0, 0.3, 0.0)",0.7630375921726227,0.23996412754058838,0.32904911041259766,1
seg+pos+rms+psd,"(1.5, 20.0, 0.3, 0.0)",0.7019408345222473,0.09174859523773193,0.04887545108795166,1
seg+pos+rms+psd,"(1.5, 20.0, 0.3, 0.0)",0.7870056331157684,0.10328149795532227,0.1702735424041748,1
seg+pos+rms+psd,"(1.5, 20.0, 0.3, 0.0)",0.750976949930191,0.06527090072631836,0.025249481201171875,1
seg+pos+rms+psd,"(1.5, 20.0, 0.3, 0.0)",0.7378262877464294,0.2653611898422241,0.3440394401550293,1
seg+pos+rms+psd,"(1.5, 20.0, 0.3, 0.0)",0.7851732671260834,0.08089721202850342,0.19385504722595215,1
seg+pos+rms+psd,"(1.5, 20.0, 0.3, 0.0)",0.8331004679203033,0.051819443702697754,0.049237966537475586,1
seg+pos+rms+psd,"(1.5, 20.0, 0.3, 0.0)",0.7918440699577332,0.17014837265014648,0.22425413131713867,1
seg+pos+rms+psd,"(1.5, 20.0, 0.3, 0.0)",0.7905867993831635,0.18427520990371704,0.1474776268005371,1
seg+pos+rms+psd,"(1.5, 20.0, 0.3, 0.0)",0.6990947127342224,0.22269505262374878,0.26788437366485596,1
seg+pos+rms+psd,"(1.5, 20.0, 0.3, 0.0)",0.7182455062866211,0.17482274770736694,0.29111969470977783,1
seg+pos+rms+psd,"(1.5, 20.0, 0.3, 0.3)",0.7829661965370178,0.17429977655410767,0.09143519401550293,1
seg+pos+rms+psd,"(1.5, 20.0, 0.3, 0.3)",0.7650291621685028,0.19322732090950012,0.166672945022583,1
seg+pos+rms+psd,"(1.5, 20.0, 0.3, 0.3)",0.7512947916984558,0.18360275030136108,0.18702900409698486,1
seg+pos+rms+psd,"(1.5, 20.0, 0.3, 0.3)",0.7329052686691284,0.20632052421569824,0.15163040161132812,1
seg+pos+rms+psd,"(1.5, 20.0, 0.3, 0.3)",0.797959566116333,0.1453925371170044,0.06802737712860107,1
seg+pos+rms+psd,"(1.5, 20.0, 0.3, 0.3)",0.7159324586391449,0.18994110822677612,0.2376164197921753,1
seg+pos+rms+psd,"(1.5, 20.0, 0.3, 0.3)",0.7157967388629913,0.16020578145980835,0.12907910346984863,1
seg+pos+rms+psd,"(1.5, 20.0, 0.3, 0.3)",0.7740960121154785,0.19448065757751465,0.1718130111694336,1
seg+pos+rms+psd,"(1.5, 20.0, 0.3, 0.3)",0.8097777366638184,0.23288118839263916,0.3014606237411499,1
seg+pos+rms+psd,"(1.5, 20.0, 0.3, 0.3)",0.8482173383235931,0.28040629625320435,0.2963753938674927,1
seg+pos+rms+psd,"(1.5, 20.0, 0.3, 0.3)",0.733997642993927,0.22299158573150635,0.1910102367401123,1
seg+pos+rms+psd,"(1.5, 20.0, 0.3, 0.3)",0.7753125727176666,0.1348857283592224,0.10277247428894043,1
seg+pos+rms+psd,"(1.5, 20.0, 0.3, 0.3)",0.7804937958717346,0.17732834815979004,0.05184674263000488,1
seg+pos+rms+psd,"(1.5, 20.0, 0.3, 0.3)",0.7846648395061493,0.2511019706726074,0.1662578582763672,1
seg+pos+rms+psd,"(1.5, 20.0, 0.3, 0.3)",0.7611369490623474,0.1523767113685608,0.13639914989471436,1
seg+pos+rms+psd,"(1.5, 20.0, 0.3, 0.6)",0.7515561878681183,0.19809246063232422,0.14374935626983643,1
seg+pos+rms+psd,"(1.5, 20.0, 0.3, 0.6)",0.7946459650993347,0.09380805492401123,0.44983744621276855,1
seg+pos+rms+psd,"(1.5, 20.0, 0.3, 0.6)",0.749218761920929,0.22919076681137085,0.07843291759490967,1
seg+pos+rms+psd,"(1.5, 20.0, 0.3, 0.6)",0.7344352602958679,0.157429039478302,0.05218839645385742,1
seg+pos+rms+psd,"(1.5, 20.0, 0.3, 0.6)",0.7199622690677643,0.06533634662628174,0.11031484603881836,1
seg+pos+rms+psd,"(1.5, 20.0, 0.3, 0.6)",0.7706220746040344,0.13692182302474976,0.09704041481018066,1
seg+pos+rms+psd,"(1.5, 20.0, 0.3, 0.6)",0.7040202021598816,0.16312533617019653,0.024415016174316406,1
seg+pos+rms+psd,"(1.5, 20.0, 0.3, 0.6)",0.8033136427402496,0.05591380596160889,0.17305469512939453,1
seg+pos+rms+psd,"(1.5, 20.0, 0.3, 0.6)",0.7992856800556183,0.17943477630615234,0.15700054168701172,1
seg+pos+rms+psd,"(1.5, 20.0, 0.3, 0.6)",0.7626378834247589,0.041127562522888184,0.37725818157196045,1
seg+pos+rms+psd,"(1.5, 20.0, 0.3, 0.6)",0.7290580868721008,0.16224771738052368,0.0655663013458252,1
seg+pos+rms+psd,"(1.5, 20.0, 0.3, 0.6)",0.823537290096283,0.11511242389678955,0.40424585342407227,1
seg+pos+rms+psd,"(1.5, 20.0, 0.3, 0.6)",0.7546522915363312,0.1963592767715454,0.05859959125518799,1
seg+pos+rms+psd,"(1.5, 20.0, 0.3, 0.6)",0.764771580696106,0.11489212512969971,0.016048550605773926,1
seg+pos+rms+psd,"(1.5, 20.0, 0.3, 0.6)",0.7940450608730316,0.18890869617462158,0.3606393337249756,1
seg+pos+rms+psd,"(1.5, 20.0, 0.3, -0.3)",0.6988635957241058,0.1614038348197937,0.30989980697631836,1
seg+pos+rms+psd,"(1.5, 20.0, 0.3, -0.3)",0.7400334775447845,0.13759058713912964,0.23971796035766602,1
seg+pos+rms+psd,"(1.5, 20.0, 0.3, -0.3)",0.729042112827301,0.13091760873794556,0.014394998550415039,1
seg+pos+rms+psd,"(1.5, 20.0, 0.3, -0.3)",0.7312965393066406,0.12740230560302734,0.30818092823028564,1
seg+pos+rms+psd,"(1.5, 20.0, 0.3, -0.3)",0.7239723801612854,0.21444624662399292,0.4699825048446655,1
seg+pos+rms+psd,"(1.5, 20.0, 0.3, -0.3)",0.7181047797203064,0.10113364458084106,0.28046154975891113,1
seg+pos+rms+psd,"(1.5, 20.0, 0.3, -0.3)",0.7104797959327698,0.15871715545654297,0.04998624324798584,1
seg+pos+rms+psd,"(1.5, 20.0, 0.3, -0.3)",0.7010178864002228,0.1943492889404297,0.421301007270813,1
seg+pos+rms+psd,"(1.5, 20.0, 0.3, -0.3)",0.8448415994644165,0.18917781114578247,0.16913461685180664,1
seg+pos+rms+psd,"(1.5, 20.0, 0.3, -0.3)",0.7747147381305695,0.13513678312301636,0.09387588500976562,1
seg+pos+rms+psd,"(1.5, 20.0, 0.3, -0.3)",0.8353777229785919,0.03845381736755371,0.10870718955993652,1
seg+pos+rms+psd,"(1.5, 20.0, 0.3, -0.3)",0.7481267154216766,0.07682949304580688,0.1370992660522461,1
seg+pos+rms+psd,"(1.5, 20.0, 0.3, -0.3)",0.8009982109069824,0.21025681495666504,0.34180545806884766,1
seg+pos+rms+psd,"(1.5, 20.0, 0.3, -0.3)",0.7685192823410034,0.13760864734649658,0.10261297225952148,1
seg+pos+rms+psd,"(1.5, 20.0, 0.3, -0.3)",0.7660911083221436,0.18284857273101807,0.36138439178466797,1
seg+pos+rms+psd,"(1.5, 20.0, 0.7, 0.0)",0.5720712244510651,0.04472297430038452,0.07376432418823242,1
seg+pos+rms+psd,"(1.5, 20.0, 0.7, 0.0)",0.46369272470474243,0.0449410080909729,0.09464740753173828,1
seg+pos+rms+psd,"(1.5, 20.0, 0.7, 0.0)",0.5166085809469223,0.09997153282165527,0.23444366455078125,1
seg+pos+rms+psd,"(1.5, 20.0, 0.7, 0.0)",0.5359279215335846,0.014882564544677734,0.026220321655273438,1
seg+pos+rms+psd,"(1.5, 20.0, 0.7, 0.0)",0.5613510310649872,0.12677329778671265,0.19962716102600098,1
seg+pos+rms+psd,"(1.5, 20.0, 0.7, 0.0)",0.5230240225791931,0.01296323537826538,0.03278815746307373,1
seg+pos+rms+psd,"(1.5, 20.0, 0.7, 0.0)",0.5307998061180115,0.05474907159805298,0.03548550605773926,1
seg+pos+rms+psd,"(1.5, 20.0, 0.7, 0.0)",0.6223284602165222,0.19842112064361572,0.31722235679626465,1
seg+pos+rms+psd,"(1.5, 20.0, 0.7, 0.0)",0.5358270704746246,0.1130104660987854,0.03898286819458008,1
seg+pos+rms+psd,"(1.5, 20.0, 0.7, 0.0)",0.5316609740257263,0.012465953826904297,0.012095451354980469,1
seg+pos+rms+psd,"(1.5, 20.0, 0.7, 0.0)",0.5341611504554749,0.10248327255249023,0.17479872703552246,1
seg+pos+rms+psd,"(1.5, 20.0, 0.7, 0.0)",0.5537301898002625,0.07179546356201172,0.20818758010864258,1
seg+pos+rms+psd,"(1.5, 20.0, 0.7, 0.0)",0.5700862109661102,0.11368322372436523,0.12106537818908691,1
seg+pos+rms+psd,"(1.5, 20.0, 0.7, 0.0)",0.553864598274231,0.027065753936767578,0.021951913833618164,1
seg+pos+rms+psd,"(1.5, 20.0, 0.7, 0.0)",0.5534932017326355,0.046800851821899414,0.062493324279785156,1
seg+pos+rms+psd,"(1.5, 20.0, 0.7, 0.3)",0.5433831810951233,0.05715823173522949,0.026748180389404297,1
seg+pos+rms+psd,"(1.5, 20.0, 0.7, 0.3)",0.5770519971847534,0.13125932216644287,0.3441668748855591,1
seg+pos+rms+psd,"(1.5, 20.0, 0.7, 0.3)",0.5808212459087372,0.09271174669265747,0.2385791540145874,1
seg+pos+rms+psd,"(1.5, 20.0, 0.7, 0.3)",0.5100347995758057,0.039786696434020996,0.08810794353485107,1
seg+pos+rms+psd,"(1.5, 20.0, 0.7, 0.3)",0.5244270861148834,0.13407766819000244,0.2771718502044678,1
seg+pos+rms+psd,"(1.5, 20.0, 0.7, 0.3)",0.5697033703327179,0.2510717511177063,0.4476315975189209,1
seg+pos+rms+psd,"(1.5, 20.0, 0.7, 0.3)",0.5839889347553253,0.15230482816696167,0.25441062450408936,1
seg+pos+rms+psd,"(1.5, 20.0, 0.7, 0.3)",0.5184276103973389,0.020931482315063477,0.03901779651641846,1
seg+pos+rms+psd,"(1.5, 20.0, 0.7, 0.3)",0.5892920196056366,0.1276012659072876,0.5106284618377686,1
seg+pos+rms+psd,"(1.5, 20.0, 0.7, 0.3)",0.5091109275817871,0.10948079824447632,0.2173084020614624,1
seg+pos+rms+psd,"(1.5, 20.0, 0.7, 0.3)",0.5373389422893524,0.028527021408081055,0.05502057075500488,1
seg+pos+rms+psd,"(1.5, 20.0, 0.7, 0.3)",0.5515818297863007,0.09438002109527588,0.0727156400680542,1
seg+pos+rms+psd,"(1.5, 20.0, 0.7, 0.3)",0.5043997466564178,0.009999334812164307,0.02884519100189209,1
seg+pos+rms+psd,"(1.5, 20.0, 0.7, 0.3)",0.6447085440158844,0.19394075870513916,0.2837620973587036,1
seg+pos+rms+psd,"(1.5, 20.0, 0.7, 0.3)",0.4939430356025696,0.05876833200454712,0.0031615495681762695,1
seg+pos+rms+psd,"(1.5, 20.0, 0.7, 0.6)",0.49766676127910614,0.07233220338821411,0.07437121868133545,1
seg+pos+rms+psd,"(1.5, 20.0, 0.7, 0.6)",0.5440216660499573,0.0939515233039856,0.13413500785827637,1
seg+pos+rms+psd,"(1.5, 20.0, 0.7, 0.6)",0.5556360483169556,0.030395984649658203,0.074951171875,1
seg+pos+rms+psd,"(1.5, 20.0, 0.7, 0.6)",0.5738111436367035,0.03633695840835571,0.09766209125518799,1
seg+pos+rms+psd,"(1.5, 20.0, 0.7, 0.6)",0.5690328478813171,0.11705601215362549,0.23306071758270264,1
seg+pos+rms+psd,"(1.5, 20.0, 0.7, 0.6)",0.5080142319202423,0.014883816242218018,0.14880406856536865,1
seg+pos+rms+psd,"(1.5, 20.0, 0.7, 0.6)",0.5377969294786453,0.011383771896362305,0.10290789604187012,1
seg+pos+rms+psd,"(1.5, 20.0, 0.7, 0.6)",0.5385779738426208,0.056671142578125,0.06361734867095947,1
seg+pos+rms+psd,"(1.5, 20.0, 0.7, 0.6)",0.555089145898819,0.061425983905792236,0.1371098756790161,1
seg+pos+rms+psd,"(1.5, 20.0, 0.7, 0.6)",0.4983522593975067,0.041812241077423096,0.1197730302810669,1
seg+pos+rms+psd,"(1.5, 20.0, 0.7, 0.6)",0.49462664127349854,0.0535733699798584,0.026493310928344727,1
seg+pos+rms+psd,"(1.5, 20.0, 0.7, 0.6)",0.5598512589931488,0.05555617809295654,0.13711154460906982,1
seg+pos+rms+psd,"(1.5, 20.0, 0.7, 0.6)",0.5326853096485138,0.034653663635253906,0.12681233882904053,1
seg+pos+rms+psd,"(1.5, 20.0, 0.7, 0.6)",0.5776292979717255,0.07357960939407349,0.024068236351013184,1
seg+pos+rms+psd,"(1.5, 20.0, 0.7, 0.6)",0.5584286153316498,0.07915341854095459,0.0943070650100708,1
seg+pos+rms+psd,"(1.5, 20.0, 0.7, -0.3)",0.5719413161277771,0.05842047929763794,0.031865596771240234,1
seg+pos+rms+psd,"(1.5, 20.0, 0.7, -0.3)",0.5499768257141113,0.05169403553009033,0.03715109825134277,1
seg+pos+rms+psd,"(1.5, 20.0, 0.7, -0.3)",0.5507569313049316,0.08250266313552856,0.0926823616027832,1
seg+pos+rms+psd,"(1.5, 20.0, 0.7, -0.3)",0.6075445711612701,0.17344796657562256,0.17532873153686523,1
seg+pos+rms+psd,"(1.5, 20.0, 0.7, -0.3)",0.6153962016105652,0.13851529359817505,0.11031222343444824,1
seg+pos+rms+psd,"(1.5, 20.0, 0.7, -0.3)",0.5470234453678131,0.05673813819885254,0.061457157135009766,1
seg+pos+rms+psd,"(1.5, 20.0, 0.7, -0.3)",0.5935361981391907,0.10449618101119995,0.20034289360046387,1
seg+pos+rms+psd,"(1.5, 20.0, 0.7, -0.3)",0.5267594158649445,0.08318561315536499,0.010720491409301758,1
seg+pos+rms+psd,"(1.5, 20.0, 0.7, -0.3)",0.5284596979618073,0.029921293258666992,0.023375749588012695,1
seg+pos+rms+psd,"(1.5, 20.0, 0.7, -0.3)",0.5734784305095673,0.07920432090759277,0.061316728591918945,1
seg+pos+rms+psd,"(1.5, 20.0, 0.7, -0.3)",0.5362484157085419,0.03026944398880005,0.04422616958618164,1
seg+pos+rms+psd,"(1.5, 20.0, 0.7, -0.3)",0.5593039393424988,0.08431512117385864,0.07097673416137695,1
seg+pos+rms+psd,"(1.5, 20.0, 0.7, -0.3)",0.5392565578222275,0.058950185775756836,0.08975529670715332,1
seg+pos+rms+psd,"(1.5, 20.0, 0.7, -0.3)",0.6027595400810242,0.037819504737854004,0.05910980701446533,1
seg+pos+rms+psd,"(1.5, 20.0, 0.7, -0.3)",0.6212309896945953,0.14280569553375244,0.19246554374694824,1
seg+pos+rms+psd,"(3.0, 8.0, 0.3, 0.0)",1.7449267506599426,0.432664155960083,0.618018627166748,1
seg+pos+rms+psd,"(3.0, 8.0, 0.3, 0.0)",1.780566692352295,0.23683428764343262,0.31742238998413086,1
seg+pos+rms+psd,"(3.0, 8.0, 0.3, 0.0)",1.6494015455245972,0.4389232397079468,0.6203572750091553,1
seg+pos+rms+psd,"(3.0, 8.0, 0.3, 0.0)",1.7567211389541626,0.3996785879135132,0.4975583553314209,1
seg+pos+rms+psd,"(3.0, 8.0, 0.3, 0.0)",1.6844239234924316,0.49666333198547363,0.4481377601623535,1
seg+pos+rms+psd,"(3.0, 8.0, 0.3, 0.0)",1.8485894799232483,0.3886373043060303,0.04465484619140625,1
seg+pos+rms+psd,"(3.0, 8.0, 0.3, 0.0)",1.7423479557037354,0.4348489046096802,0.7439751625061035,1
seg+pos+rms+psd,"(3.0, 8.0, 0.3, 0.0)",1.6426411867141724,0.5169191360473633,0.5132632255554199,1
seg+pos+rms+psd,"(3.0, 8.0, 0.3, 0.0)",1.7152305841445923,0.4016122817993164,0.5593547821044922,1
seg+pos+rms+psd,"(3.0, 8.0, 0.3, 0.0)",1.6890886425971985,0.5989929437637329,0.8900201320648193,1
seg+pos+rms+psd,"(3.0, 8.0, 0.3, 0.0)",1.6672104001045227,0.665533185005188,0.8583881855010986,1
seg+pos+rms+psd,"(3.0, 8.0, 0.3, 0.0)",1.7021283507347107,0.43739211559295654,0.5527958869934082,1
seg+pos+rms+psd,"(3.0, 8.0, 0.3, 0.0)",1.6527327299118042,0.5822744369506836,0.896526575088501,1
seg+pos+rms+psd,"(3.0, 8.0, 0.3, 0.0)",1.6406511068344116,0.6746621131896973,0.8508319854736328,1
seg+pos+rms+psd,"(3.0, 8.0, 0.3, 0.0)",1.7248411178588867,0.34786486625671387,0.5993196964263916,1
seg+pos+rms+psd,"(3.0, 8.0, 0.3, 0.3)",1.7744558453559875,0.34049558639526367,0.024404287338256836,1
seg+pos+rms+psd,"(3.0, 8.0, 0.3, 0.3)",1.8300751447677612,0.27864325046539307,0.06887054443359375,1
seg+pos+rms+psd,"(3.0, 8.0, 0.3, 0.3)",1.6754741072654724,0.39511656761169434,0.25965213775634766,1
seg+pos+rms+psd,"(3.0, 8.0, 0.3, 0.3)",1.79257333278656,0.41769373416900635,0.01944112777709961,1
seg+pos+rms+psd,"(3.0, 8.0, 0.3, 0.3)",1.7013119459152222,0.5878390073776245,0.6165428161621094,1
seg+pos+rms+psd,"(3.0, 8.0, 0.3, 0.3)",1.80405992269516,0.37997543811798096,0.4679398536682129,1
seg+pos+rms+psd,"(3.0, 8.0, 0.3, 0.3)",1.648513674736023,0.5426826477050781,0.5441851615905762,1
seg+pos+rms+psd,"(3.0, 8.0, 0.3, 0.3)",1.7836752533912659,0.32798826694488525,0.12291502952575684,1
seg+pos+rms+psd,"(3.0, 8.0, 0.3, 0.3)",1.7011654376983643,0.21373987197875977,0.31914401054382324,1
seg+pos+rms+psd,"(3.0, 8.0, 0.3, 0.3)",1.751255989074707,0.33962249755859375,0.12739229202270508,1
seg+pos+rms+psd,"(3.0, 8.0, 0.3, 0.3)",1.682337760925293,0.5351057052612305,0.6073229312896729,1
seg+pos+rms+psd,"(3.0, 8.0, 0.3, 0.3)",1.8717268705368042,0.28765296936035156,0.19440078735351562,1
seg+pos+rms+psd,"(3.0, 8.0, 0.3, 0.3)",1.639905333518982,0.25216400623321533,0.20700788497924805,1
seg+pos+rms+psd,"(3.0, 8.0, 0.3, 0.3)",1.724203884601593,0.41130828857421875,0.1730940341949463,1
seg+pos+rms+psd,"(3.0, 8.0, 0.3, 0.3)",1.6427615284919739,0.3545372486114502,0.4910590648651123,1
seg+pos+rms+psd,"(3.0, 8.0, 0.3, 0.6)",1.8487868905067444,0.25941991806030273,0.18586945533752441,1
seg+pos+rms+psd,"(3.0, 8.0, 0.3, 0.6)",1.690766453742981,0.5766017436981201,0.06325888633728027,1
seg+pos+rms+psd,"(3.0, 8.0, 0.3, 0.6)",1.6755279302597046,0.39929378032684326,0.13140583038330078,1
seg+pos+rms+psd,"(3.0, 8.0, 0.3, 0.6)",1.8176538944244385,0.6081790924072266,0.019338369369506836,1
seg+pos+rms+psd,"(3.0, 8.0, 0.3, 0.6)",1.7058627605438232,0.3825613260269165,0.10827517509460449,1
seg+pos+rms+psd,"(3.0, 8.0, 0.3, 0.6)",1.6347495317459106,0.48007774353027344,0.15953469276428223,1
seg+pos+rms+psd,"(3.0, 8.0, 0.3, 0.6)",1.8641277551651,0.27469050884246826,0.48265790939331055,1
seg+pos+rms+psd,"(3.0, 8.0, 0.3, 0.6)",1.746495246887207,0.5559542179107666,0.11531281471252441,1
seg+pos+rms+psd,"(3.0, 8.0, 0.3, 0.6)",1.6478825807571411,0.5509247779846191,0.17711138725280762,1
seg+pos+rms+psd,"(3.0, 8.0, 0.3, 0.6)",1.7866706252098083,0.2847214937210083,0.14905714988708496,1
seg+pos+rms+psd,"(3.0, 8.0, 0.3, 0.6)",1.7170433402061462,0.3244748115539551,0.355712890625,1
seg+pos+rms+psd,"(3.0, 8.0, 0.3, 0.6)",1.8161349296569824,0.25876498222351074,0.3418152332305908,1
seg+pos+rms+psd,"(3.0, 8.0, 0.3, 0.6)",1.7325946688652039,0.5011281967163086,0.11141300201416016,1
seg+pos+rms+psd,"(3.0, 8.0, 0.3, 0.6)",1.6697011590003967,0.6537303924560547,0.09812140464782715,1
seg+pos+rms+psd,"(3.0, 8.0, 0.3, 0.6)",1.9320858716964722,0.292277455329895,1.1396145820617676,1
seg+pos+rms+psd,"(3.0, 8.0, 0.3, -0.3)",1.780958890914917,0.34155333042144775,0.6712663173675537,1
seg+pos+rms+psd,"(3.0, 8.0, 0.3, -0.3)",1.6808940172195435,0.6392612457275391,1.3248534202575684,1
seg+pos+rms+psd,"(3.0, 8.0, 0.3, -0.3)",1.9403195977210999,0.23813378810882568,0.2596168518066406,1
seg+pos+rms+psd,"(3.0, 8.0, 0.3, -0.3)",1.736365258693695,0.3441429138183594,0.49782347679138184,1
seg+pos+rms+psd,"(3.0, 8.0, 0.3, -0.3)",1.7084068059921265,0.3317784070968628,0.6241521835327148,1
seg+pos+rms+psd,"(3.0, 8.0, 0.3, -0.3)",1.884626567363739,0.28405940532684326,0.6307315826416016,1
seg+pos+rms+psd,"(3.0, 8.0, 0.3, -0.3)",1.8050651550292969,0.27023613452911377,0.6633114814758301,1
seg+pos+rms+psd,"(3.0, 8.0, 0.3, -0.3)",1.7855817079544067,0.45646607875823975,0.9567084312438965,1
seg+pos+rms+psd,"(3.0, 8.0, 0.3, -0.3)",1.6944614052772522,0.23467469215393066,0.4520092010498047,1
seg+pos+rms+psd,"(3.0, 8.0, 0.3, -0.3)",1.7074187994003296,0.6544704437255859,1.1018431186676025,1
seg+pos+rms+psd,"(3.0, 8.0, 0.3, -0.3)",1.7322357296943665,0.30159270763397217,0.578493595123291,1
seg+pos+rms+psd,"(3.0, 8.0, 0.3, -0.3)",1.7232614755630493,0.3890267610549927,0.6346440315246582,1
seg+pos+rms+psd,"(3.0, 8.0, 0.3, -0.3)",1.748288631439209,0.353654146194458,0.6740317344665527,1
seg+pos+rms+psd,"(3.0, 8.0, 0.3, -0.3)",1.7518362402915955,0.2806541919708252,0.6011157035827637,1
seg+pos+rms+psd,"(3.0, 8.0, 0.3, -0.3)",1.7851443886756897,0.39691412448883057,0.87233567237854,1
seg+pos+rms+psd,"(3.0, 8.0, 0.7, 0.0)",1.3579830527305603,0.17124652862548828,0.10191535949707031,1
seg+pos+rms+psd,"(3.0, 8.0, 0.7, 0.0)",1.2644470930099487,0.166709303855896,0.29160022735595703,1
seg+pos+rms+psd,"(3.0, 8.0, 0.7, 0.0)",1.2799829244613647,0.039023756980895996,0.061398983001708984,1
seg+pos+rms+psd,"(3.0, 8.0, 0.7, 0.0)",1.2626572847366333,0.2149808406829834,0.5536932945251465,1
seg+pos+rms+psd,"(3.0, 8.0, 0.7, 0.0)",1.2625236511230469,0.18284177780151367,0.18146038055419922,1
seg+pos+rms+psd,"(3.0, 8.0, 0.7, 0.0)",1.1828050017356873,0.3310915231704712,0.537222146987915,1
seg+pos+rms+psd,"(3.0, 8.0, 0.7, 0.0)",1.3821712732315063,0.18057870864868164,0.2881736755371094,1
seg+pos+rms+psd,"(3.0, 8.0, 0.7, 0.0)",1.3715925216674805,0.11717307567596436,0.09528779983520508,1
seg+pos+rms+psd,"(3.0, 8.0, 0.7, 0.0)",1.2602986097335815,0.15237092971801758,0.19370079040527344,1
seg+pos+rms+psd,"(3.0, 8.0, 0.7, 0.0)",1.3575685024261475,0.1479957103729248,0.0065155029296875,1
seg+pos+rms+psd,"(3.0, 8.0, 0.7, 0.0)",1.2151065468788147,0.17168819904327393,0.36069154739379883,1
seg+pos+rms+psd,"(3.0, 8.0, 0.7, 0.0)",1.377764344215393,0.20972561836242676,0.07497787475585938,1
seg+pos+rms+psd,"(3.0, 8.0, 0.7, 0.0)",1.405434012413025,0.24967777729034424,0.321256160736084,1
seg+pos+rms+psd,"(3.0, 8.0, 0.7, 0.0)",1.3637622594833374,0.11791932582855225,0.38442230224609375,1
seg+pos+rms+psd,"(3.0, 8.0, 0.7, 0.0)",1.4085384011268616,0.14153242111206055,0.3174715042114258,1
seg+pos+rms+psd,"(3.0, 8.0, 0.7, 0.3)",1.3544583320617676,0.06287860870361328,0.1959514617919922,1
seg+pos+rms+psd,"(3.0, 8.0, 0.7, 0.3)",1.3864799737930298,0.2001439332962036,0.4004232883453369,1
seg+pos+rms+psd,"(3.0, 8.0, 0.7, 0.3)",1.3146938681602478,0.14884400367736816,0.31807708740234375,1
seg+pos+rms+psd,"(3.0, 8.0, 0.7, 0.3)",1.401634693145752,0.10634458065032959,0.3663935661315918,1
seg+pos+rms+psd,"(3.0, 8.0, 0.7, 0.3)",1.2874535918235779,0.16333270072937012,0.1649456024169922,1
seg+pos+rms+psd,"(3.0, 8.0, 0.7, 0.3)",1.2459616661071777,0.1419525146484375,0.04096221923828125,1
seg+pos+rms+psd,"(3.0, 8.0, 0.7, 0.3)",1.432795226573944,0.4171701669692993,0.8823628425598145,1
seg+pos+rms+psd,"(3.0, 8.0, 0.7, 0.3)",1.3170483112335205,0.01558065414428711,0.07135510444641113,1
seg+pos+rms+psd,"(3.0, 8.0, 0.7, 0.3)",1.3565702438354492,0.16263067722320557,0.19269323348999023,1
seg+pos+rms+psd,"(3.0, 8.0, 0.7, 0.3)",1.3030837178230286,0.16553866863250732,0.16408228874206543,1
seg+pos+rms+psd,"(3.0, 8.0, 0.7, 0.3)",1.314198911190033,0.18565189838409424,0.2114880084991455,1
seg+pos+rms+psd,"(3.0, 8.0, 0.7, 0.3)",1.32732492685318,0.08898699283599854,0.17541098594665527,1
seg+pos+rms+psd,"(3.0, 8.0, 0.7, 0.3)",1.3188822269439697,0.3163355588912964,0.11114931106567383,1
seg+pos+rms+psd,"(3.0, 8.0, 0.7, 0.3)",1.385890007019043,0.3450043201446533,0.34520506858825684,1
seg+pos+rms+psd,"(3.0, 8.0, 0.7, 0.3)",1.3366009593009949,0.024875879287719727,0.23534846305847168,1
seg+pos+rms+psd,"(3.0, 8.0, 0.7, 0.6)",1.4821972846984863,0.1782526969909668,0.6474502086639404,1
seg+pos+rms+psd,"(3.0, 8.0, 0.7, 0.6)",1.3870608806610107,0.15465056896209717,0.2685558795928955,1
seg+pos+rms+psd,"(3.0, 8.0, 0.7, 0.6)",1.3791351914405823,0.056743502616882324,0.4368245601654053,1
seg+pos+rms+psd,"(3.0, 8.0, 0.7, 0.6)",1.4746007323265076,0.21733558177947998,1.1126227378845215,1
seg+pos+rms+psd,"(3.0, 8.0, 0.7, 0.6)",1.2480336427688599,0.16379547119140625,0.22190117835998535,1
seg+pos+rms+psd,"(3.0, 8.0, 0.7, 0.6)",1.438637614250183,0.20173919200897217,0.2912888526916504,1
seg+pos+rms+psd,"(3.0, 8.0, 0.7, 0.6)",1.3913367986679077,0.10683250427246094,0.6128854751586914,1
seg+pos+rms+psd,"(3.0, 8.0, 0.7, 0.6)",1.348606526851654,0.14793789386749268,0.32357358932495117,1
seg+pos+rms+psd,"(3.0, 8.0, 0.7, 0.6)",1.2826321721076965,0.06303524971008301,0.36147022247314453,1
seg+pos+rms+psd,"(3.0, 8.0, 0.7, 0.6)",1.3436111807823181,0.12290263175964355,0.8777105808258057,1
seg+pos+rms+psd,"(3.0, 8.0, 0.7, 0.6)",1.352005660533905,0.37835633754730225,0.7493655681610107,1
seg+pos+rms+psd,"(3.0, 8.0, 0.7, 0.6)",1.2717745304107666,0.22100937366485596,0.1008596420288086,1
seg+pos+rms+psd,"(3.0, 8.0, 0.7, 0.6)",1.2162918448448181,0.2199544906616211,0.06949734687805176,1
seg+pos+rms+psd,"(3.0, 8.0, 0.7, 0.6)",1.3061084747314453,0.11834478378295898,0.3503715991973877,1
seg+pos+rms+psd,"(3.0, 8.0, 0.7, 0.6)",1.3058271408081055,0.10028183460235596,0.11926913261413574,1
seg+pos+rms+psd,"(3.0, 8.0, 0.7, -0.3)",1.2700949311256409,0.2108520269393921,0.5319807529449463,1
seg+pos+rms+psd,"(3.0, 8.0, 0.7, -0.3)",1.3053772449493408,0.26935291290283203,0.6407136917114258,1
seg+pos+rms+psd,"(3.0, 8.0, 0.7, -0.3)",1.3804441094398499,0.3023495674133301,0.28322792053222656,1
seg+pos+rms+psd,"(3.0, 8.0, 0.7, -0.3)",1.2762451767921448,0.3408529758453369,0.6319661140441895,1
seg+pos+rms+psd,"(3.0, 8.0, 0.7, -0.3)",1.416813850402832,0.1749570369720459,0.08492040634155273,1
seg+pos+rms+psd,"(3.0, 8.0, 0.7, -0.3)",1.1514226198196411,0.07418274879455566,0.2913684844970703,1
seg+pos+rms+psd,"(3.0, 8.0, 0.7, -0.3)",1.2005951404571533,0.18031930923461914,0.27581357955932617,1
seg+pos+rms+psd,"(3.0, 8.0, 0.7, -0.3)",1.259018063545227,0.07001733779907227,0.028087139129638672,1
seg+pos+rms+psd,"(3.0, 8.0, 0.7, -0.3)",1.3371431827545166,0.385278582572937,0.06240415573120117,1
seg+pos+rms+psd,"(3.0, 8.0, 0.7, -0.3)",1.3201053738594055,0.1102982759475708,0.3586888313293457,1
seg+pos+rms+psd,"(3.0, 8.0, 0.7, -0.3)",1.3352047204971313,0.12988591194152832,0.0982656478881836,1
seg+pos+rms+psd,"(3.0, 8.0, 0.7, -0.3)",1.3295917510986328,0.2300354242324829,0.41329097747802734,1
seg+pos+rms+psd,"(3.0, 8.0, 0.7, -0.3)",1.2616938948631287,0.2867203950881958,0.573183536529541,1
seg+pos+rms+psd,"(3.0, 8.0, 0.7, -0.3)",1.1791609525680542,0.23793423175811768,0.4088883399963379,1
seg+pos+rms+psd,"(3.0, 8.0, 0.7, -0.3)",1.3466137051582336,0.3448755741119385,0.47745800018310547,1
seg+pos+rms+psd,"(3.0, 20.0, 0.3, 0.0)",1.3275014758110046,0.3953193426132202,0.5017640590667725,1
seg+pos+rms+psd,"(3.0, 20.0, 0.3, 0.0)",1.3825196623802185,0.20800435543060303,0.2813076972961426,1
seg+pos+rms+psd,"(3.0, 20.0, 0.3, 0.0)",1.3215535283088684,0.3280448913574219,0.4987359046936035,1
seg+pos+rms+psd,"(3.0, 20.0, 0.3, 0.0)",1.3925817012786865,0.39570021629333496,0.5720562934875488,1
seg+pos+rms+psd,"(3.0, 20.0, 0.3, 0.0)",1.3115717768669128,0.3683326244354248,0.5151009559631348,1
seg+pos+rms+psd,"(3.0, 20.0, 0.3, 0.0)",1.427022397518158,0.07356894016265869,0.20629096031188965,1
seg+pos+rms+psd,"(3.0, 20.0, 0.3, 0.0)",1.3485747575759888,0.33210110664367676,0.46645689010620117,1
seg+pos+rms+psd,"(3.0, 20.0, 0.3, 0.0)",1.3456463813781738,0.3538566827774048,0.5947844982147217,1
seg+pos+rms+psd,"(3.0, 20.0, 0.3, 0.0)",1.41786527633667,0.15907371044158936,0.27397632598876953,1
seg+pos+rms+psd,"(3.0, 20.0, 0.3, 0.0)",1.4352710843086243,0.09204983711242676,0.10195112228393555,1
seg+pos+rms+psd,"(3.0, 20.0, 0.3, 0.0)",1.4699190258979797,0.04786872863769531,0.05137133598327637,1
seg+pos+rms+psd,"(3.0, 20.0, 0.3, 0.0)",1.4268934726715088,0.26571619510650635,0.30033445358276367,1
seg+pos+rms+psd,"(3.0, 20.0, 0.3, 0.0)",1.3471077680587769,0.13794219493865967,0.3350672721862793,1
seg+pos+rms+psd,"(3.0, 20.0, 0.3, 0.0)",1.2844544649124146,0.4037446975708008,0.5845375061035156,1
seg+pos+rms+psd,"(3.0, 20.0, 0.3, 0.0)",1.393477201461792,0.24589908123016357,0.2322084903717041,1
seg+pos+rms+psd,"(3.0, 20.0, 0.3, 0.3)",1.3801181316375732,0.25014734268188477,0.1648416519165039,1
seg+pos+rms+psd,"(3.0, 20.0, 0.3, 0.3)",1.3359187841415405,0.24781036376953125,0.22956395149230957,1
seg+pos+rms+psd,"(3.0, 20.0, 0.3, 0.3)",1.508945345878601,0.27367281913757324,0.08340024948120117,1
seg+pos+rms+psd,"(3.0, 20.0, 0.3, 0.3)",1.3315643072128296,0.2867194414138794,0.27448201179504395,1
seg+pos+rms+psd,"(3.0, 20.0, 0.3, 0.3)",1.4384195804595947,0.3021566867828369,0.27834272384643555,1
seg+pos+rms+psd,"(3.0, 20.0, 0.3, 0.3)",1.3873235583305359,0.2634207010269165,0.07928776741027832,1
seg+pos+rms+psd,"(3.0, 20.0, 0.3, 0.3)",1.4785402417182922,0.3204110860824585,0.40107083320617676,1
seg+pos+rms+psd,"(3.0, 20.0, 0.3, 0.3)",1.3128231763839722,0.3582805395126343,0.2729952335357666,1
seg+pos+rms+psd,"(3.0, 20.0, 0.3, 0.3)",1.3722562193870544,0.40641021728515625,0.3004922866821289,1
seg+pos+rms+psd,"(3.0, 20.0, 0.3, 0.3)",1.3156068325042725,0.28439486026763916,0.40114903450012207,1
seg+pos+rms+psd,"(3.0, 20.0, 0.3, 0.3)",1.487444818019867,0.12991678714752197,0.2026376724243164,1
seg+pos+rms+psd,"(3.0, 20.0, 0.3, 0.3)",1.3346344232559204,0.27922701835632324,0.17942333221435547,1
seg+pos+rms+psd,"(3.0, 20.0, 0.3, 0.3)",1.3485009670257568,0.46638011932373047,0.32625389099121094,1
seg+pos+rms+psd,"(3.0, 20.0, 0.3, 0.3)",1.3842580318450928,0.21908283233642578,0.06490015983581543,1
seg+pos+rms+psd,"(3.0, 20.0, 0.3, 0.3)",1.3820397853851318,0.16344070434570312,0.2608492374420166,1
seg+pos+rms+psd,"(3.0, 20.0, 0.3, 0.6)",1.3786377906799316,0.1308509111404419,0.1248924732208252,1
seg+pos+rms+psd,"(3.0, 20.0, 0.3, 0.6)",1.3846173882484436,0.16941416263580322,0.3444058895111084,1
seg+pos+rms+psd,"(3.0, 20.0, 0.3, 0.6)",1.3658095598220825,0.2894657850265503,0.11577486991882324,1
seg+pos+rms+psd,"(3.0, 20.0, 0.3, 0.6)",1.4324764013290405,0.02816152572631836,0.5767011642456055,1
seg+pos+rms+psd,"(3.0, 20.0, 0.3, 0.6)",1.5757198333740234,0.29139411449432373,0.5106582641601562,1
seg+pos+rms+psd,"(3.0, 20.0, 0.3, 0.6)",1.524394452571869,0.08473145961761475,0.9120075702667236,1
seg+pos+rms+psd,"(3.0, 20.0, 0.3, 0.6)",1.2694273591041565,0.17397189140319824,0.08576774597167969,1
seg+pos+rms+psd,"(3.0, 20.0, 0.3, 0.6)",1.355579674243927,0.37497472763061523,0.03246784210205078,1
seg+pos+rms+psd,"(3.0, 20.0, 0.3, 0.6)",1.3764919638633728,0.22894465923309326,0.0023183822631835938,1
seg+pos+rms+psd,"(3.0, 20.0, 0.3, 0.6)",1.5061194896697998,0.05635631084442139,0.3405323028564453,1
seg+pos+rms+psd,"(3.0, 20.0, 0.3, 0.6)",1.2878462076187134,0.3771897554397583,0.0938730239868164,1
seg+pos+rms+psd,"(3.0, 20.0, 0.3, 0.6)",1.4440745115280151,0.27938687801361084,0.19339251518249512,1
seg+pos+rms+psd,"(3.0, 20.0, 0.3, 0.6)",1.471664011478424,0.17929232120513916,0.34251999855041504,1
seg+pos+rms+psd,"(3.0, 20.0, 0.3, 0.6)",1.338304042816162,0.2105116844177246,0.17646336555480957,1
seg+pos+rms+psd,"(3.0, 20.0, 0.3, 0.6)",1.3423571586608887,0.29287683963775635,0.06046009063720703,1
seg+pos+rms+psd,"(3.0, 20.0, 0.3, -0.3)",1.3417016863822937,0.3216872215270996,0.39879608154296875,1
seg+pos+rms+psd,"(3.0, 20.0, 0.3, -0.3)",1.4674288034439087,0.04337120056152344,0.14477252960205078,1
seg+pos+rms+psd,"(3.0, 20.0, 0.3, -0.3)",1.4058091044425964,0.22199857234954834,0.1411910057067871,1
seg+pos+rms+psd,"(3.0, 20.0, 0.3, -0.3)",1.4451825618743896,0.09531140327453613,0.2194538116455078,1
seg+pos+rms+psd,"(3.0, 20.0, 0.3, -0.3)",1.4552237391471863,0.3783226013183594,0.7931132316589355,1
seg+pos+rms+psd,"(3.0, 20.0, 0.3, -0.3)",1.4533116221427917,0.20252597332000732,0.44866514205932617,1
seg+pos+rms+psd,"(3.0, 20.0, 0.3, -0.3)",1.3766438364982605,0.3102823495864868,0.6761589050292969,1
seg+pos+rms+psd,"(3.0, 20.0, 0.3, -0.3)",1.4230884313583374,0.058698177337646484,0.27426958084106445,1
seg+pos+rms+psd,"(3.0, 20.0, 0.3, -0.3)",1.31697416305542,0.3459508419036865,0.6331095695495605,1
seg+pos+rms+psd,"(3.0, 20.0, 0.3, -0.3)",1.2937606573104858,0.166498064994812,0.29564666748046875,1
seg+pos+rms+psd,"(3.0, 20.0, 0.3, -0.3)",1.3914949893951416,0.2868901491165161,0.5826468467712402,1
seg+pos+rms+psd,"(3.0, 20.0, 0.3, -0.3)",1.3754421472549438,0.22559893131256104,0.347348690032959,1
seg+pos+rms+psd,"(3.0, 20.0, 0.3, -0.3)",1.4748023748397827,0.21067297458648682,0.3620634078979492,1
seg+pos+rms+psd,"(3.0, 20.0, 0.3, -0.3)",1.4548510313034058,0.12115049362182617,0.4945559501647949,1
seg+pos+rms+psd,"(3.0, 20.0, 0.3, -0.3)",1.3828803300857544,0.31341540813446045,0.4900388717651367,1
seg+pos+rms+psd,"(3.0, 20.0, 0.7, 0.0)",0.8099048435688019,0.05212092399597168,0.13512182235717773,1
seg+pos+rms+psd,"(3.0, 20.0, 0.7, 0.0)",0.8808344006538391,0.12066280841827393,0.17911577224731445,1
seg+pos+rms+psd,"(3.0, 20.0, 0.7, 0.0)",0.8362558484077454,0.09072566032409668,0.10208511352539062,1
seg+pos+rms+psd,"(3.0, 20.0, 0.7, 0.0)",0.7948282361030579,0.09748327732086182,0.28673315048217773,1
seg+pos+rms+psd,"(3.0, 20.0, 0.7, 0.0)",0.8875854313373566,0.0254213809967041,0.06168341636657715,1
seg+pos+rms+psd,"(3.0, 20.0, 0.7, 0.0)",0.8334019780158997,0.04151308536529541,0.10122013092041016,1
seg+pos+rms+psd,"(3.0, 20.0, 0.7, 0.0)",0.8270615935325623,0.017130494117736816,0.03584432601928711,1
seg+pos+rms+psd,"(3.0, 20.0, 0.7, 0.0)",0.7710617482662201,0.07982230186462402,0.12585020065307617,1
seg+pos+rms+psd,"(3.0, 20.0, 0.7, 0.0)",0.7824044227600098,0.09822070598602295,0.12093734741210938,1
seg+pos+rms+psd,"(3.0, 20.0, 0.7, 0.0)",0.7469019293785095,0.09036755561828613,0.00023317337036132812,1
seg+pos+rms+psd,"(3.0, 20.0, 0.7, 0.0)",0.7673163414001465,0.12913823127746582,0.2619922161102295,1
seg+pos+rms+psd,"(3.0, 20.0, 0.7, 0.0)",0.8401721715927124,0.02709496021270752,0.007910728454589844,1
seg+pos+rms+psd,"(3.0, 20.0, 0.7, 0.0)",0.9548172354698181,0.12451374530792236,0.4065225124359131,1
seg+pos+rms+psd,"(3.0, 20.0, 0.7, 0.0)",0.9903700351715088,0.2049163579940796,0.48241376876831055,1
seg+pos+rms+psd,"(3.0, 20.0, 0.7, 0.0)",0.8632091283798218,0.02522122859954834,0.046874046325683594,1
seg+pos+rms+psd,"(3.0, 20.0, 0.7, 0.3)",0.7870995998382568,0.03004741668701172,0.0014216899871826172,1
seg+pos+rms+psd,"(3.0, 20.0, 0.7, 0.3)",0.7982801198959351,0.051888346672058105,0.06749796867370605,1
seg+pos+rms+psd,"(3.0, 20.0, 0.7, 0.3)",0.8011723160743713,0.15800762176513672,0.10474324226379395,1
seg+pos+rms+psd,"(3.0, 20.0, 0.7, 0.3)",0.801087349653244,0.030776143074035645,0.10066580772399902,1
seg+pos+rms+psd,"(3.0, 20.0, 0.7, 0.3)",0.7632156014442444,0.03883254528045654,0.0041730403900146484,1
seg+pos+rms+psd,"(3.0, 20.0, 0.7, 0.3)",0.8893058598041534,0.10444319248199463,0.046118974685668945,1
seg+pos+rms+psd,"(3.0, 20.0, 0.7, 0.3)",0.7693009674549103,0.022725343704223633,0.10052990913391113,1
seg+pos+rms+psd,"(3.0, 20.0, 0.7, 0.3)",0.800561249256134,0.0692446231842041,0.06637740135192871,1
seg+pos+rms+psd,"(3.0, 20.0, 0.7, 0.3)",0.8477909862995148,0.13969600200653076,0.08244538307189941,1
seg+pos+rms+psd,"(3.0, 20.0, 0.7, 0.3)",0.8300962448120117,0.1378490924835205,0.000545501708984375,1
seg+pos+rms+psd,"(3.0, 20.0, 0.7, 0.3)",0.920678049325943,0.16381490230560303,0.32016468048095703,1
seg+pos+rms+psd,"(3.0, 20.0, 0.7, 0.3)",0.8574623167514801,0.10461246967315674,0.2837822437286377,1
seg+pos+rms+psd,"(3.0, 20.0, 0.7, 0.3)",0.7743660807609558,0.07225668430328369,0.060507774353027344,1
seg+pos+rms+psd,"(3.0, 20.0, 0.7, 0.3)",0.9024352133274078,0.07888281345367432,0.05353093147277832,1
seg+pos+rms+psd,"(3.0, 20.0, 0.7, 0.3)",0.9180473685264587,0.08906853199005127,0.0022988319396972656,1
seg+pos+rms+psd,"(3.0, 20.0, 0.7, 0.6)",0.761927992105484,0.0046269893646240234,0.13501453399658203,1
seg+pos+rms+psd,"(3.0, 20.0, 0.7, 0.6)",0.8022485375404358,0.09209418296813965,0.06069040298461914,1
seg+pos+rms+psd,"(3.0, 20.0, 0.7, 0.6)",0.8550315499305725,0.06862425804138184,0.0976409912109375,1
seg+pos+rms+psd,"(3.0, 20.0, 0.7, 0.6)",0.8220656514167786,0.04725027084350586,0.26479458808898926,1
seg+pos+rms+psd,"(3.0, 20.0, 0.7, 0.6)",0.8274312913417816,0.11887204647064209,0.04232048988342285,1
seg+pos+rms+psd,"(3.0, 20.0, 0.7, 0.6)",0.8027580380439758,0.09556913375854492,0.3243420124053955,1
seg+pos+rms+psd,"(3.0, 20.0, 0.7, 0.6)",0.8215340375900269,0.11857867240905762,0.10172843933105469,1
seg+pos+rms+psd,"(3.0, 20.0, 0.7, 0.6)",1.0022134184837341,0.15051662921905518,0.5500032901763916,1
seg+pos+rms+psd,"(3.0, 20.0, 0.7, 0.6)",1.006950557231903,0.10293889045715332,0.5311222076416016,1
seg+pos+rms+psd,"(3.0, 20.0, 0.7, 0.6)",0.7673834562301636,0.04044973850250244,0.14834141731262207,1
seg+pos+rms+psd,"(3.0, 20.0, 0.7, 0.6)",0.8285987973213196,0.17657971382141113,0.2325589656829834,1
seg+pos+rms+psd,"(3.0, 20.0, 0.7, 0.6)",0.801614373922348,0.08910608291625977,0.19480109214782715,1
seg+pos+rms+psd,"(3.0, 20.0, 0.7, 0.6)",0.7747401893138885,0.14422714710235596,0.2320418357849121,1
seg+pos+rms+psd,"(3.0, 20.0, 0.7, 0.6)",0.9071835875511169,0.056594133377075195,0.19866633415222168,1
seg+pos+rms+psd,"(3.0, 20.0, 0.7, 0.6)",0.9382666945457458,0.051213979721069336,0.041344642639160156,1
seg+pos+rms+psd,"(3.0, 20.0, 0.7, -0.3)",0.8465886116027832,0.08971238136291504,0.27427101135253906,1
seg+pos+rms+psd,"(3.0, 20.0, 0.7, -0.3)",0.8130626678466797,0.05591166019439697,0.07192468643188477,1
seg+pos+rms+psd,"(3.0, 20.0, 0.7, -0.3)",0.8683072030544281,0.08643174171447754,0.019984722137451172,1
seg+pos+rms+psd,"(3.0, 20.0, 0.7, -0.3)",0.8046524226665497,0.08823573589324951,0.20282268524169922,1
seg+pos+rms+psd,"(3.0, 20.0, 0.7, -0.3)",0.8075676262378693,0.12321054935455322,0.21065378189086914,1
seg+pos+rms+psd,"(3.0, 20.0, 0.7, -0.3)",0.8695501983165741,0.23405790328979492,0.2176506519317627,1
seg+pos+rms+psd,"(3.0, 20.0, 0.7, -0.3)",0.8684249520301819,0.06470632553100586,0.021393775939941406,1
seg+pos+rms+psd,"(3.0, 20.0, 0.7, -0.3)",0.9237515926361084,0.05198788642883301,0.1625661849975586,1
seg+pos+rms+psd,"(3.0, 20.0, 0.7, -0.3)",0.8256222605705261,0.03872501850128174,0.20552682876586914,1
seg+pos+rms+psd,"(3.0, 20.0, 0.7, -0.3)",0.7725999355316162,0.043082475662231445,0.05199241638183594,1
seg+pos+rms+psd,"(3.0, 20.0, 0.7, -0.3)",0.9234053492546082,0.160211443901062,0.13441228866577148,1
seg+pos+rms+psd,"(3.0, 20.0, 0.7, -0.3)",0.7314577102661133,0.13230109214782715,0.25185203552246094,1
seg+pos+rms+psd,"(3.0, 20.0, 0.7, -0.3)",0.7607950568199158,0.08532834053039551,0.17084312438964844,1
seg+pos+rms+psd,"(3.0, 20.0, 0.7, -0.3)",0.8560516536235809,0.04388391971588135,0.027892589569091797,1
seg+pos+rms+psd,"(3.0, 20.0, 0.7, -0.3)",0.831266462802887,0.13610970973968506,0.2809019088745117,1
seg+pos+rms+psd,"(1.5, 8.0, 0.3, 0.0)",0.8754191398620605,0.35062992572784424,0.4682823419570923,2
seg+pos+rms+psd,"(1.5, 8.0, 0.3, 0.0)",0.8828730285167694,0.22034722566604614,0.22834360599517822,2
seg+pos+rms+psd,"(1.5, 8.0, 0.3, 0.0)",0.8406328856945038,0.306196391582489,0.37313711643218994,2
seg+pos+rms+psd,"(1.5, 8.0, 0.3, 0.0)",0.8959150612354279,0.31471163034439087,0.3771674633026123,2
seg+pos+rms+psd,"(1.5, 8.0, 0.3, 0.0)",0.8411104083061218,0.3244452476501465,0.6254017353057861,2
seg+pos+rms+psd,"(1.5, 8.0, 0.3, 0.0)",0.835367739200592,0.2758464217185974,0.3232853412628174,2
seg+pos+rms+psd,"(1.5, 8.0, 0.3, 0.0)",0.9029185771942139,0.3076598644256592,0.415749192237854,2
seg+pos+rms+psd,"(1.5, 8.0, 0.3, 0.0)",0.8767750561237335,0.3300623297691345,0.43436312675476074,2
seg+pos+rms+psd,"(1.5, 8.0, 0.3, 0.0)",0.8491659760475159,0.32808566093444824,0.43750929832458496,2
seg+pos+rms+psd,"(1.5, 8.0, 0.3, 0.0)",0.8432353436946869,0.2765575051307678,0.35443592071533203,2
seg+pos+rms+psd,"(1.5, 8.0, 0.3, 0.0)",0.8476027846336365,0.3543127775192261,0.4692033529281616,2
seg+pos+rms+psd,"(1.5, 8.0, 0.3, 0.0)",0.8469938933849335,0.24973571300506592,0.2884225845336914,2
seg+pos+rms+psd,"(1.5, 8.0, 0.3, 0.0)",0.9292917251586914,0.0780523419380188,0.14838409423828125,2
seg+pos+rms+psd,"(1.5, 8.0, 0.3, 0.0)",0.8806700110435486,0.1808861494064331,0.24835538864135742,2
seg+pos+rms+psd,"(1.5, 8.0, 0.3, 0.0)",0.8653774857521057,0.2059510350227356,0.20327985286712646,2
seg+pos+rms+psd,"(1.5, 8.0, 0.3, 0.3)",0.8721824884414673,0.34341099858283997,0.24406754970550537,2
seg+pos+rms+psd,"(1.5, 8.0, 0.3, 0.3)",0.853201150894165,0.2991712689399719,0.37212276458740234,2
seg+pos+rms+psd,"(1.5, 8.0, 0.3, 0.3)",0.8203586041927338,0.25907623767852783,0.19345974922180176,2
seg+pos+rms+psd,"(1.5, 8.0, 0.3, 0.3)",0.8660362958908081,0.16211718320846558,0.2660832405090332,2
seg+pos+rms+psd,"(1.5, 8.0, 0.3, 0.3)",0.8643315434455872,0.27408498525619507,0.1608647108078003,2
seg+pos+rms+psd,"(1.5, 8.0, 0.3, 0.3)",0.8500314652919769,0.2859540581703186,0.3270758390426636,2
seg+pos+rms+psd,"(1.5, 8.0, 0.3, 0.3)",0.872454434633255,0.3258533477783203,0.21596741676330566,2
seg+pos+rms+psd,"(1.5, 8.0, 0.3, 0.3)",0.8506105840206146,0.14114505052566528,0.014713406562805176,2
seg+pos+rms+psd,"(1.5, 8.0, 0.3, 0.3)",0.8800399303436279,0.2459842562675476,0.29131197929382324,2
seg+pos+rms+psd,"(1.5, 8.0, 0.3, 0.3)",0.8261600136756897,0.3437931537628174,0.4267725944519043,2
seg+pos+rms+psd,"(1.5, 8.0, 0.3, 0.3)",0.8536460995674133,0.24442678689956665,0.20274364948272705,2
seg+pos+rms+psd,"(1.5, 8.0, 0.3, 0.3)",0.9096691012382507,0.1843581199645996,0.04982197284698486,2
seg+pos+rms+psd,"(1.5, 8.0, 0.3, 0.3)",0.803733766078949,0.23595750331878662,0.18793416023254395,2
seg+pos+rms+psd,"(1.5, 8.0, 0.3, 0.3)",0.9056218266487122,0.20315390825271606,0.17470669746398926,2
seg+pos+rms+psd,"(1.5, 8.0, 0.3, 0.3)",0.8250284492969513,0.20004570484161377,0.1163473129272461,2
seg+pos+rms+psd,"(1.5, 8.0, 0.3, 0.6)",0.8702404201030731,0.1727198362350464,0.04677629470825195,2
seg+pos+rms+psd,"(1.5, 8.0, 0.3, 0.6)",0.8853274881839752,0.18244469165802002,0.133125901222229,2
seg+pos+rms+psd,"(1.5, 8.0, 0.3, 0.6)",0.866093248128891,0.27913081645965576,0.04838752746582031,2
seg+pos+rms+psd,"(1.5, 8.0, 0.3, 0.6)",0.8605311512947083,0.14880698919296265,0.056728482246398926,2
seg+pos+rms+psd,"(1.5, 8.0, 0.3, 0.6)",0.9048565924167633,0.22133827209472656,0.12178933620452881,2
seg+pos+rms+psd,"(1.5, 8.0, 0.3, 0.6)",0.8240360915660858,0.257928729057312,0.11710059642791748,2
seg+pos+rms+psd,"(1.5, 8.0, 0.3, 0.6)",0.8846260011196136,0.33908194303512573,0.1742854118347168,2
seg+pos+rms+psd,"(1.5, 8.0, 0.3, 0.6)",0.8708799183368683,0.3074272871017456,0.035610318183898926,2
seg+pos+rms+psd,"(1.5, 8.0, 0.3, 0.6)",0.8860389888286591,0.3554694652557373,0.03661060333251953,2
seg+pos+rms+psd,"(1.5, 8.0, 0.3, 0.6)",0.8324393033981323,0.11492747068405151,0.1280895471572876,2
seg+pos+rms+psd,"(1.5, 8.0, 0.3, 0.6)",0.8481867611408234,0.27222001552581787,0.03148603439331055,2
seg+pos+rms+psd,"(1.5, 8.0, 0.3, 0.6)",0.9034402072429657,0.11374926567077637,0.16808593273162842,2
seg+pos+rms+psd,"(1.5, 8.0, 0.3, 0.6)",0.8566789925098419,0.0971572995185852,0.11084449291229248,2
seg+pos+rms+psd,"(1.5, 8.0, 0.3, 0.6)",0.8657419085502625,0.2510865032672882,0.015822291374206543,2
seg+pos+rms+psd,"(1.5, 8.0, 0.3, 0.6)",0.8734992146492004,0.16958773136138916,0.05688333511352539,2
seg+pos+rms+psd,"(1.5, 8.0, 0.3, -0.3)",0.9402976036071777,0.11101436614990234,0.2617223262786865,2
seg+pos+rms+psd,"(1.5, 8.0, 0.3, -0.3)",0.881724625825882,0.3491779565811157,0.5599305629730225,2
seg+pos+rms+psd,"(1.5, 8.0, 0.3, -0.3)",0.9052635729312897,0.17287981510162354,0.3352510929107666,2
seg+pos+rms+psd,"(1.5, 8.0, 0.3, -0.3)",0.8099187314510345,0.28987330198287964,0.3834269046783447,2
seg+pos+rms+psd,"(1.5, 8.0, 0.3, -0.3)",0.9025251865386963,0.23858332633972168,0.3180100917816162,2
seg+pos+rms+psd,"(1.5, 8.0, 0.3, -0.3)",0.8109281361103058,0.3458375930786133,0.5385702848434448,2
seg+pos+rms+psd,"(1.5, 8.0, 0.3, -0.3)",0.8638994991779327,0.24956923723220825,0.46377766132354736,2
seg+pos+rms+psd,"(1.5, 8.0, 0.3, -0.3)",0.9157768189907074,0.22808235883712769,0.47779107093811035,2
seg+pos+rms+psd,"(1.5, 8.0, 0.3, -0.3)",0.8447761833667755,0.3507850170135498,0.5472980737686157,2
seg+pos+rms+psd,"(1.5, 8.0, 0.3, -0.3)",0.8995232582092285,0.19492566585540771,0.453304648399353,2
seg+pos+rms+psd,"(1.5, 8.0, 0.3, -0.3)",0.8851906359195709,0.257602721452713,0.43037259578704834,2
seg+pos+rms+psd,"(1.5, 8.0, 0.3, -0.3)",0.8970518112182617,0.29779669642448425,0.5861630439758301,2
seg+pos+rms+psd,"(1.5, 8.0, 0.3, -0.3)",0.8685811460018158,0.16691875457763672,0.3107900619506836,2
seg+pos+rms+psd,"(1.5, 8.0, 0.3, -0.3)",0.8480408787727356,0.15449035167694092,0.27071964740753174,2
seg+pos+rms+psd,"(1.5, 8.0, 0.3, -0.3)",0.8678776323795319,0.3938964605331421,0.7057251930236816,2
seg+pos+rms+psd,"(1.5, 8.0, 0.7, 0.0)",0.6785691678524017,0.05029642581939697,0.07406306266784668,2
seg+pos+rms+psd,"(1.5, 8.0, 0.7, 0.0)",0.6900949478149414,0.039086103439331055,0.022051572799682617,2
seg+pos+rms+psd,"(1.5, 8.0, 0.7, 0.0)",0.6328064501285553,0.1659860610961914,0.31948113441467285,2
seg+pos+rms+psd,"(1.5, 8.0, 0.7, 0.0)",0.6632044315338135,0.180877685546875,0.19937074184417725,2
seg+pos+rms+psd,"(1.5, 8.0, 0.7, 0.0)",0.6847510635852814,0.12325382232666016,0.04082751274108887,2
seg+pos+rms+psd,"(1.5, 8.0, 0.7, 0.0)",0.6447148323059082,0.06462782621383667,0.004213571548461914,2
seg+pos+rms+psd,"(1.5, 8.0, 0.7, 0.0)",0.6403748095035553,0.13150662183761597,0.007977604866027832,2
seg+pos+rms+psd,"(1.5, 8.0, 0.7, 0.0)",0.6677892804145813,0.05995112657546997,0.03158736228942871,2
seg+pos+rms+psd,"(1.5, 8.0, 0.7, 0.0)",0.6976196765899658,0.14215070009231567,0.3042815923690796,2
seg+pos+rms+psd,"(1.5, 8.0, 0.7, 0.0)",0.6572154760360718,0.17801064252853394,0.26515936851501465,2
seg+pos+rms+psd,"(1.5, 8.0, 0.7, 0.0)",0.6612672507762909,0.0850372314453125,0.1730489730834961,2
seg+pos+rms+psd,"(1.5, 8.0, 0.7, 0.0)",0.6535928547382355,0.1716916561126709,0.1965770721435547,2
seg+pos+rms+psd,"(1.5, 8.0, 0.7, 0.0)",0.6451956033706665,0.10058683156967163,0.11204767227172852,2
seg+pos+rms+psd,"(1.5, 8.0, 0.7, 0.0)",0.6605241298675537,0.21483838558197021,0.3474472761154175,2
seg+pos+rms+psd,"(1.5, 8.0, 0.7, 0.0)",0.6742786467075348,0.11958146095275879,0.00799703598022461,2
seg+pos+rms+psd,"(1.5, 8.0, 0.7, 0.3)",0.6480671763420105,0.06821656227111816,0.014464139938354492,2
seg+pos+rms+psd,"(1.5, 8.0, 0.7, 0.3)",0.6839693784713745,0.1680493950843811,0.28792107105255127,2
seg+pos+rms+psd,"(1.5, 8.0, 0.7, 0.3)",0.7444693148136139,0.0499720573425293,0.22110235691070557,2
seg+pos+rms+psd,"(1.5, 8.0, 0.7, 0.3)",0.64446821808815,0.043406546115875244,0.0440828800201416,2
seg+pos+rms+psd,"(1.5, 8.0, 0.7, 0.3)",0.6670574843883514,0.11116605997085571,0.08282184600830078,2
seg+pos+rms+psd,"(1.5, 8.0, 0.7, 0.3)",0.6660822331905365,0.12402200698852539,0.11746609210968018,2
seg+pos+rms+psd,"(1.5, 8.0, 0.7, 0.3)",0.6891739964485168,0.1012541651725769,0.011445045471191406,2
seg+pos+rms+psd,"(1.5, 8.0, 0.7, 0.3)",0.7051767110824585,0.10491430759429932,0.06873071193695068,2
seg+pos+rms+psd,"(1.5, 8.0, 0.7, 0.3)",0.6767983734607697,0.031140625476837158,0.04177820682525635,2
seg+pos+rms+psd,"(1.5, 8.0, 0.7, 0.3)",0.6734178960323334,0.10100096464157104,0.07419514656066895,2
seg+pos+rms+psd,"(1.5, 8.0, 0.7, 0.3)",0.6472145318984985,0.04144108295440674,0.04407823085784912,2
seg+pos+rms+psd,"(1.5, 8.0, 0.7, 0.3)",0.7275564670562744,0.1128394603729248,0.26366496086120605,2
seg+pos+rms+psd,"(1.5, 8.0, 0.7, 0.3)",0.6521696746349335,0.08619552850723267,0.09917593002319336,2
seg+pos+rms+psd,"(1.5, 8.0, 0.7, 0.3)",0.6594659984111786,0.01946932077407837,0.09588873386383057,2
seg+pos+rms+psd,"(1.5, 8.0, 0.7, 0.3)",0.6626259684562683,0.0958479642868042,0.07338440418243408,2
seg+pos+rms+psd,"(1.5, 8.0, 0.7, 0.6)",0.642762303352356,0.06904202699661255,0.0380173921585083,2
seg+pos+rms+psd,"(1.5, 8.0, 0.7, 0.6)",0.6419903337955475,0.10171222686767578,0.09529447555541992,2
seg+pos+rms+psd,"(1.5, 8.0, 0.7, 0.6)",0.6787383258342743,0.15672296285629272,0.026057958602905273,2
seg+pos+rms+psd,"(1.5, 8.0, 0.7, 0.6)",0.7051781713962555,0.1105838418006897,0.04976081848144531,2
seg+pos+rms+psd,"(1.5, 8.0, 0.7, 0.6)",0.652314156293869,0.1149025559425354,0.05960237979888916,2
seg+pos+rms+psd,"(1.5, 8.0, 0.7, 0.6)",0.7086436748504639,0.16320109367370605,0.3214294910430908,2
seg+pos+rms+psd,"(1.5, 8.0, 0.7, 0.6)",0.750920444726944,0.122683584690094,0.46799373626708984,2
seg+pos+rms+psd,"(1.5, 8.0, 0.7, 0.6)",0.7017769515514374,0.13169801235198975,0.28761792182922363,2
seg+pos+rms+psd,"(1.5, 8.0, 0.7, 0.6)",0.6456843614578247,0.15305709838867188,0.030254244804382324,2
seg+pos+rms+psd,"(1.5, 8.0, 0.7, 0.6)",0.6717091500759125,0.08708614110946655,0.17913901805877686,2
seg+pos+rms+psd,"(1.5, 8.0, 0.7, 0.6)",0.6103962063789368,0.17665612697601318,0.0684584379196167,2
seg+pos+rms+psd,"(1.5, 8.0, 0.7, 0.6)",0.6704603433609009,0.13557308912277222,0.0454944372177124,2
seg+pos+rms+psd,"(1.5, 8.0, 0.7, 0.6)",0.6776136755943298,0.05587249994277954,0.19203054904937744,2
seg+pos+rms+psd,"(1.5, 8.0, 0.7, 0.6)",0.6711374819278717,0.07219725847244263,0.020055413246154785,2
seg+pos+rms+psd,"(1.5, 8.0, 0.7, 0.6)",0.6528139114379883,0.0851697325706482,0.014572978019714355,2
seg+pos+rms+psd,"(1.5, 8.0, 0.7, -0.3)",0.6684056520462036,0.15460669994354248,0.2677137851715088,2
seg+pos+rms+psd,"(1.5, 8.0, 0.7, -0.3)",0.6663950383663177,0.10098910331726074,0.1761608123779297,2
seg+pos+rms+psd,"(1.5, 8.0, 0.7, -0.3)",0.6189347505569458,0.09258973598480225,0.2224125862121582,2
seg+pos+rms+psd,"(1.5, 8.0, 0.7, -0.3)",0.6651330888271332,0.13570189476013184,0.2295999526977539,2
seg+pos+rms+psd,"(1.5, 8.0, 0.7, -0.3)",0.6784366965293884,0.0728875994682312,0.07691574096679688,2
seg+pos+rms+psd,"(1.5, 8.0, 0.7, -0.3)",0.680690348148346,0.00837695598602295,0.01824188232421875,2
seg+pos+rms+psd,"(1.5, 8.0, 0.7, -0.3)",0.7107782661914825,0.12952744960784912,0.05978131294250488,2
seg+pos+rms+psd,"(1.5, 8.0, 0.7, -0.3)",0.6251533925533295,0.04897785186767578,0.029570817947387695,2
seg+pos+rms+psd,"(1.5, 8.0, 0.7, -0.3)",0.6945212483406067,0.13671642541885376,0.1369171142578125,2
seg+pos+rms+psd,"(1.5, 8.0, 0.7, -0.3)",0.6288577318191528,0.09517627954483032,0.10868668556213379,2
seg+pos+rms+psd,"(1.5, 8.0, 0.7, -0.3)",0.6758883595466614,0.07217824459075928,0.11461234092712402,2
seg+pos+rms+psd,"(1.5, 8.0, 0.7, -0.3)",0.6593548953533173,0.12551283836364746,0.3045380115509033,2
seg+pos+rms+psd,"(1.5, 8.0, 0.7, -0.3)",0.6821964085102081,0.04411250352859497,0.057982683181762695,2
seg+pos+rms+psd,"(1.5, 8.0, 0.7, -0.3)",0.6270979940891266,0.237646222114563,0.4612530469894409,2
seg+pos+rms+psd,"(1.5, 8.0, 0.7, -0.3)",0.6269027590751648,0.15509557723999023,0.2871277332305908,2
seg+pos+rms+psd,"(1.5, 20.0, 0.3, 0.0)",0.7651434540748596,0.10817128419876099,0.24000680446624756,2
seg+pos+rms+psd,"(1.5, 20.0, 0.3, 0.0)",0.6799078583717346,0.17219525575637817,0.325153112411499,2
seg+pos+rms+psd,"(1.5, 20.0, 0.3, 0.0)",0.6667359471321106,0.19639509916305542,0.290279746055603,2
seg+pos+rms+psd,"(1.5, 20.0, 0.3, 0.0)",0.7313334941864014,0.19921982288360596,0.2830861806869507,2
seg+pos+rms+psd,"(1.5, 20.0, 0.3, 0.0)",0.7577771544456482,0.11203378438949585,0.2420729398727417,2
seg+pos+rms+psd,"(1.5, 20.0, 0.3, 0.0)",0.6988315880298615,0.06584674119949341,0.0038170814514160156,2
seg+pos+rms+psd,"(1.5, 20.0, 0.3, 0.0)",0.6699177920818329,0.20141690969467163,0.27926933765411377,2
seg+pos+rms+psd,"(1.5, 20.0, 0.3, 0.0)",0.7375169098377228,0.1431269645690918,0.22434604167938232,2
seg+pos+rms+psd,"(1.5, 20.0, 0.3, 0.0)",0.7023309469223022,0.08266091346740723,0.08080792427062988,2
seg+pos+rms+psd,"(1.5, 20.0, 0.3, 0.0)",0.7328144609928131,0.10059767961502075,0.18565988540649414,2
seg+pos+rms+psd,"(1.5, 20.0, 0.3, 0.0)",0.7094776034355164,0.19662261009216309,0.2301018238067627,2
seg+pos+rms+psd,"(1.5, 20.0, 0.3, 0.0)",0.7863890528678894,0.07123178243637085,0.11144781112670898,2
seg+pos+rms+psd,"(1.5, 20.0, 0.3, 0.0)",0.7792805731296539,0.06596189737319946,0.09995174407958984,2
seg+pos+rms+psd,"(1.5, 20.0, 0.3, 0.0)",0.7128828763961792,0.13474023342132568,0.21101593971252441,2
seg+pos+rms+psd,"(1.5, 20.0, 0.3, 0.0)",0.6806742250919342,0.18726712465286255,0.2173144817352295,2
seg+pos+rms+psd,"(1.5, 20.0, 0.3, 0.3)",0.6890758574008942,0.12895160913467407,0.0682300329208374,2
seg+pos+rms+psd,"(1.5, 20.0, 0.3, 0.3)",0.6852238178253174,0.22208958864212036,0.06620919704437256,2
seg+pos+rms+psd,"(1.5, 20.0, 0.3, 0.3)",0.7154885232448578,0.1493036150932312,0.10444903373718262,2
seg+pos+rms+psd,"(1.5, 20.0, 0.3, 0.3)",0.749143123626709,0.19854193925857544,0.045003652572631836,2
seg+pos+rms+psd,"(1.5, 20.0, 0.3, 0.3)",0.718679666519165,0.1602436900138855,0.1058427095413208,2
seg+pos+rms+psd,"(1.5, 20.0, 0.3, 0.3)",0.702560305595398,0.041275858879089355,0.09171485900878906,2
seg+pos+rms+psd,"(1.5, 20.0, 0.3, 0.3)",0.6940784454345703,0.1287800669670105,0.0924156904220581,2
seg+pos+rms+psd,"(1.5, 20.0, 0.3, 0.3)",0.688840925693512,0.21323847770690918,0.2267981767654419,2
seg+pos+rms+psd,"(1.5, 20.0, 0.3, 0.3)",0.7739264667034149,0.13570278882980347,0.09771251678466797,2
seg+pos+rms+psd,"(1.5, 20.0, 0.3, 0.3)",0.7153464555740356,0.28225791454315186,0.3052632808685303,2
seg+pos+rms+psd,"(1.5, 20.0, 0.3, 0.3)",0.6721915006637573,0.10867142677307129,0.1838366985321045,2
seg+pos+rms+psd,"(1.5, 20.0, 0.3, 0.3)",0.7862299084663391,0.12425637245178223,0.04282033443450928,2
seg+pos+rms+psd,"(1.5, 20.0, 0.3, 0.3)",0.7521610260009766,0.10473883152008057,0.18047475814819336,2
seg+pos+rms+psd,"(1.5, 20.0, 0.3, 0.3)",0.7571626901626587,0.23703062534332275,0.1651066541671753,2
seg+pos+rms+psd,"(1.5, 20.0, 0.3, 0.3)",0.6953494548797607,0.12605446577072144,0.10925018787384033,2
seg+pos+rms+psd,"(1.5, 20.0, 0.3, 0.6)",0.7003663778305054,0.0845080018043518,0.21744930744171143,2
seg+pos+rms+psd,"(1.5, 20.0, 0.3, 0.6)",0.738747239112854,0.08058607578277588,0.14385223388671875,2
seg+pos+rms+psd,"(1.5, 20.0, 0.3, 0.6)",0.7177211940288544,0.14842963218688965,0.08932971954345703,2
seg+pos+rms+psd,"(1.5, 20.0, 0.3, 0.6)",0.6989794075489044,0.12046051025390625,0.03107297420501709,2
seg+pos+rms+psd,"(1.5, 20.0, 0.3, 0.6)",0.7241834104061127,0.14096593856811523,0.08078444004058838,2
seg+pos+rms+psd,"(1.5, 20.0, 0.3, 0.6)",0.7171445190906525,0.15533357858657837,0.37414348125457764,2
seg+pos+rms+psd,"(1.5, 20.0, 0.3, 0.6)",0.6932719647884369,0.07849782705307007,0.1977602243423462,2
seg+pos+rms+psd,"(1.5, 20.0, 0.3, 0.6)",0.6442007720470428,0.19015741348266602,0.06184053421020508,2
seg+pos+rms+psd,"(1.5, 20.0, 0.3, 0.6)",0.7472472786903381,0.19473594427108765,0.014762282371520996,2
seg+pos+rms+psd,"(1.5, 20.0, 0.3, 0.6)",0.6646286249160767,0.21684110164642334,0.05165231227874756,2
seg+pos+rms+psd,"(1.5, 20.0, 0.3, 0.6)",0.7172680795192719,0.17989414930343628,0.027832508087158203,2
seg+pos+rms+psd,"(1.5, 20.0, 0.3, 0.6)",0.7069360017776489,0.15500205755233765,0.2413773536682129,2
seg+pos+rms+psd,"(1.5, 20.0, 0.3, 0.6)",0.7436890304088593,0.13166755437850952,0.027221083641052246,2
seg+pos+rms+psd,"(1.5, 20.0, 0.3, 0.6)",0.7297735512256622,0.14776510000228882,0.03544211387634277,2
seg+pos+rms+psd,"(1.5, 20.0, 0.3, 0.6)",0.7112161219120026,0.17540526390075684,0.06391382217407227,2
seg+pos+rms+psd,"(1.5, 20.0, 0.3, -0.3)",0.6805589497089386,0.20958250761032104,0.33740234375,2
seg+pos+rms+psd,"(1.5, 20.0, 0.3, -0.3)",0.7260070443153381,0.1075901985168457,0.15257549285888672,2
seg+pos+rms+psd,"(1.5, 20.0, 0.3, -0.3)",0.7404782474040985,0.18417173624038696,0.10240888595581055,2
seg+pos+rms+psd,"(1.5, 20.0, 0.3, -0.3)",0.7576334178447723,0.10667824745178223,0.23720240592956543,2
seg+pos+rms+psd,"(1.5, 20.0, 0.3, -0.3)",0.7044405937194824,0.25874799489974976,0.5249625444412231,2
seg+pos+rms+psd,"(1.5, 20.0, 0.3, -0.3)",0.7013550996780396,0.17429208755493164,0.37305474281311035,2
seg+pos+rms+psd,"(1.5, 20.0, 0.3, -0.3)",0.7389977872371674,0.20407509803771973,0.43045270442962646,2
seg+pos+rms+psd,"(1.5, 20.0, 0.3, -0.3)",0.6755467355251312,0.16377371549606323,0.31044578552246094,2
seg+pos+rms+psd,"(1.5, 20.0, 0.3, -0.3)",0.7061710059642792,0.10337561368942261,0.17777776718139648,2
seg+pos+rms+psd,"(1.5, 20.0, 0.3, -0.3)",0.6634130477905273,0.03264462947845459,0.1279764175415039,2
seg+pos+rms+psd,"(1.5, 20.0, 0.3, -0.3)",0.7098290324211121,0.09181320667266846,0.12181425094604492,2
seg+pos+rms+psd,"(1.5, 20.0, 0.3, -0.3)",0.7347354292869568,0.07265597581863403,0.050710439682006836,2
seg+pos+rms+psd,"(1.5, 20.0, 0.3, -0.3)",0.6738953590393066,0.09406119585037231,0.16978907585144043,2
seg+pos+rms+psd,"(1.5, 20.0, 0.3, -0.3)",0.6719240844249725,0.17596065998077393,0.32985901832580566,2
seg+pos+rms+psd,"(1.5, 20.0, 0.3, -0.3)",0.6649892926216125,0.2422531247138977,0.4014549255371094,2
seg+pos+rms+psd,"(1.5, 20.0, 0.7, 0.0)",0.5211558938026428,0.03449404239654541,0.07230615615844727,2
seg+pos+rms+psd,"(1.5, 20.0, 0.7, 0.0)",0.480547696352005,0.05881768465042114,0.1733095645904541,2
seg+pos+rms+psd,"(1.5, 20.0, 0.7, 0.0)",0.4987722337245941,0.07617521286010742,0.0870053768157959,2
seg+pos+rms+psd,"(1.5, 20.0, 0.7, 0.0)",0.517319068312645,0.08566808700561523,0.05788421630859375,2
seg+pos+rms+psd,"(1.5, 20.0, 0.7, 0.0)",0.5033617317676544,0.09280914068222046,0.2288668155670166,2
seg+pos+rms+psd,"(1.5, 20.0, 0.7, 0.0)",0.5031379610300064,0.03934681415557861,0.015024662017822266,2
seg+pos+rms+psd,"(1.5, 20.0, 0.7, 0.0)",0.5106546580791473,0.09423995018005371,0.14857888221740723,2
seg+pos+rms+psd,"(1.5, 20.0, 0.7, 0.0)",0.47874876856803894,0.09905612468719482,0.08629965782165527,2
seg+pos+rms+psd,"(1.5, 20.0, 0.7, 0.0)",0.4589000344276428,0.04332011938095093,0.09882020950317383,2
seg+pos+rms+psd,"(1.5, 20.0, 0.7, 0.0)",0.4889362156391144,0.014382123947143555,0.05891227722167969,2
seg+pos+rms+psd,"(1.5, 20.0, 0.7, 0.0)",0.5035075545310974,0.012149453163146973,0.07042050361633301,2
seg+pos+rms+psd,"(1.5, 20.0, 0.7, 0.0)",0.5133833885192871,0.03126460313796997,0.03705096244812012,2
seg+pos+rms+psd,"(1.5, 20.0, 0.7, 0.0)",0.4886336326599121,0.06969887018203735,0.1368577480316162,2
seg+pos+rms+psd,"(1.5, 20.0, 0.7, 0.0)",0.5052495300769806,0.03995412588119507,0.0916212797164917,2
seg+pos+rms+psd,"(1.5, 20.0, 0.7, 0.0)",0.48814916610717773,0.1588822603225708,0.15913963317871094,2
seg+pos+rms+psd,"(1.5, 20.0, 0.7, 0.3)",0.5515603721141815,0.08509993553161621,0.3086380958557129,2
seg+pos+rms+psd,"(1.5, 20.0, 0.7, 0.3)",0.49133893847465515,0.05241966247558594,0.03634333610534668,2
seg+pos+rms+psd,"(1.5, 20.0, 0.7, 0.3)",0.4475235939025879,0.07166314125061035,0.03867495059967041,2
seg+pos+rms+psd,"(1.5, 20.0, 0.7, 0.3)",0.4894419312477112,0.03576284646987915,0.08085465431213379,2
seg+pos+rms+psd,"(1.5, 20.0, 0.7, 0.3)",0.44050484895706177,0.08142095804214478,0.15484166145324707,2
seg+pos+rms+psd,"(1.5, 20.0, 0.7, 0.3)",0.468274861574173,0.05357784032821655,0.09231758117675781,2
seg+pos+rms+psd,"(1.5, 20.0, 0.7, 0.3)",0.4744594693183899,0.0522916316986084,0.0030127763748168945,2
seg+pos+rms+psd,"(1.5, 20.0, 0.7, 0.3)",0.4783622622489929,0.050277888774871826,0.04378831386566162,2
seg+pos+rms+psd,"(1.5, 20.0, 0.7, 0.3)",0.4372060000896454,0.05874741077423096,0.061032891273498535,2
seg+pos+rms+psd,"(1.5, 20.0, 0.7, 0.3)",0.4715089201927185,0.04149317741394043,0.07136952877044678,2
seg+pos+rms+psd,"(1.5, 20.0, 0.7, 0.3)",0.5192519426345825,0.02816915512084961,0.06657290458679199,2
seg+pos+rms+psd,"(1.5, 20.0, 0.7, 0.3)",0.542553573846817,0.06948411464691162,0.10888481140136719,2
seg+pos+rms+psd,"(1.5, 20.0, 0.7, 0.3)",0.5081616044044495,0.07025814056396484,0.13268685340881348,2
seg+pos+rms+psd,"(1.5, 20.0, 0.7, 0.3)",0.5160175859928131,0.03769946098327637,0.015410661697387695,2
seg+pos+rms+psd,"(1.5, 20.0, 0.7, 0.3)",0.4345830827951431,0.020018696784973145,0.05030512809753418,2
seg+pos+rms+psd,"(1.5, 20.0, 0.7, 0.6)",0.5277944207191467,0.051216959953308105,0.20915818214416504,2
seg+pos+rms+psd,"(1.5, 20.0, 0.7, 0.6)",0.5099811851978302,0.07794100046157837,0.1468745470046997,2
seg+pos+rms+psd,"(1.5, 20.0, 0.7, 0.6)",0.5252846777439117,0.15339016914367676,0.4501279592514038,2
seg+pos+rms+psd,"(1.5, 20.0, 0.7, 0.6)",0.47855931520462036,0.014530837535858154,0.052469611167907715,2
seg+pos+rms+psd,"(1.5, 20.0, 0.7, 0.6)",0.5439289808273315,0.1029289960861206,0.2394775152206421,2
seg+pos+rms+psd,"(1.5, 20.0, 0.7, 0.6)",0.4819317162036896,0.07995080947875977,0.2663261890411377,2
seg+pos+rms+psd,"(1.5, 20.0, 0.7, 0.6)",0.4758386015892029,0.022999823093414307,0.08899068832397461,2
seg+pos+rms+psd,"(1.5, 20.0, 0.7, 0.6)",0.5131792724132538,0.03777366876602173,0.04703164100646973,2
seg+pos+rms+psd,"(1.5, 20.0, 0.7, 0.6)",0.5061987638473511,0.015607893466949463,0.08900845050811768,2
seg+pos+rms+psd,"(1.5, 20.0, 0.7, 0.6)",0.48922938108444214,0.037119507789611816,0.036592841148376465,2
seg+pos+rms+psd,"(1.5, 20.0, 0.7, 0.6)",0.4804733693599701,0.045613110065460205,0.025873899459838867,2
seg+pos+rms+psd,"(1.5, 20.0, 0.7, 0.6)",0.47627802193164825,0.07057154178619385,0.09499049186706543,2
seg+pos+rms+psd,"(1.5, 20.0, 0.7, 0.6)",0.4731513410806656,0.022642850875854492,0.10478508472442627,2
seg+pos+rms+psd,"(1.5, 20.0, 0.7, 0.6)",0.518327459692955,0.025063514709472656,0.06301498413085938,2
seg+pos+rms+psd,"(1.5, 20.0, 0.7, 0.6)",0.4278796762228012,0.04720759391784668,0.14125728607177734,2
seg+pos+rms+psd,"(1.5, 20.0, 0.7, -0.3)",0.5163337290287018,0.02890413999557495,0.09155011177062988,2
seg+pos+rms+psd,"(1.5, 20.0, 0.7, -0.3)",0.4892149120569229,0.060278892517089844,0.1260221004486084,2
seg+pos+rms+psd,"(1.5, 20.0, 0.7, -0.3)",0.4903680086135864,0.055077970027923584,0.010602474212646484,2
seg+pos+rms+psd,"(1.5, 20.0, 0.7, -0.3)",0.48254041373729706,0.0682373046875,0.08178472518920898,2
seg+pos+rms+psd,"(1.5, 20.0, 0.7, -0.3)",0.5024691224098206,0.03479069471359253,0.04372239112854004,2
seg+pos+rms+psd,"(1.5, 20.0, 0.7, -0.3)",0.4878338575363159,0.035187602043151855,0.053076863288879395,2
seg+pos+rms+psd,"(1.5, 20.0, 0.7, -0.3)",0.45946086943149567,0.06199026107788086,0.10254073143005371,2
seg+pos+rms+psd,"(1.5, 20.0, 0.7, -0.3)",0.5120243430137634,0.08760684728622437,0.054685354232788086,2
seg+pos+rms+psd,"(1.5, 20.0, 0.7, -0.3)",0.5102713108062744,0.0401952862739563,0.0355372428894043,2
seg+pos+rms+psd,"(1.5, 20.0, 0.7, -0.3)",0.4501151144504547,0.07813757658004761,0.02042865753173828,2
seg+pos+rms+psd,"(1.5, 20.0, 0.7, -0.3)",0.5389132499694824,0.13417094945907593,0.10622262954711914,2
seg+pos+rms+psd,"(1.5, 20.0, 0.7, -0.3)",0.4769226312637329,0.025191307067871094,0.03463172912597656,2
seg+pos+rms+psd,"(1.5, 20.0, 0.7, -0.3)",0.47987979650497437,0.016683220863342285,0.007956504821777344,2
seg+pos+rms+psd,"(1.5, 20.0, 0.7, -0.3)",0.507129579782486,0.05156594514846802,0.13848495483398438,2
seg+pos+rms+psd,"(1.5, 20.0, 0.7, -0.3)",0.5447951555252075,0.060626208782196045,0.0033698081970214844,2
seg+pos+rms+psd,"(3.0, 8.0, 0.3, 0.0)",1.6422476768493652,0.5176762342453003,0.9418013095855713,2
seg+pos+rms+psd,"(3.0, 8.0, 0.3, 0.0)",1.6584766507148743,0.33796989917755127,0.32462072372436523,2
seg+pos+rms+psd,"(3.0, 8.0, 0.3, 0.0)",1.6223599314689636,0.30280816555023193,0.4878857135772705,2
seg+pos+rms+psd,"(3.0, 8.0, 0.3, 0.0)",1.674613356590271,0.3264594078063965,0.6032156944274902,2
seg+pos+rms+psd,"(3.0, 8.0, 0.3, 0.0)",1.6969432830810547,0.178749680519104,0.16912508010864258,2
seg+pos+rms+psd,"(3.0, 8.0, 0.3, 0.0)",1.5853701829910278,0.6851893663406372,0.9539275169372559,2
seg+pos+rms+psd,"(3.0, 8.0, 0.3, 0.0)",1.7317567467689514,0.2869131565093994,0.4890165328979492,2
seg+pos+rms+psd,"(3.0, 8.0, 0.3, 0.0)",1.651560664176941,0.4024566411972046,0.5712580680847168,2
seg+pos+rms+psd,"(3.0, 8.0, 0.3, 0.0)",1.6605631113052368,0.4455827474594116,0.6882784366607666,2
seg+pos+rms+psd,"(3.0, 8.0, 0.3, 0.0)",1.609294056892395,0.4565002918243408,0.40598392486572266,2
seg+pos+rms+psd,"(3.0, 8.0, 0.3, 0.0)",1.7182525396347046,0.16718518733978271,0.2838406562805176,2
seg+pos+rms+psd,"(3.0, 8.0, 0.3, 0.0)",1.6086214184761047,0.4579017162322998,0.7280218601226807,2
seg+pos+rms+psd,"(3.0, 8.0, 0.3, 0.0)",1.5816746950149536,0.3320506811141968,0.33445310592651367,2
seg+pos+rms+psd,"(3.0, 8.0, 0.3, 0.0)",1.6085902452468872,0.4355241060256958,0.580132007598877,2
seg+pos+rms+psd,"(3.0, 8.0, 0.3, 0.0)",1.6878242492675781,0.3648296594619751,0.48877429962158203,2
seg+pos+rms+psd,"(3.0, 8.0, 0.3, 0.3)",1.5994068384170532,0.4890056848526001,0.5218122005462646,2
seg+pos+rms+psd,"(3.0, 8.0, 0.3, 0.3)",1.5631210803985596,0.47455382347106934,0.4909343719482422,2
seg+pos+rms+psd,"(3.0, 8.0, 0.3, 0.3)",1.6948476433753967,0.5288307070732117,0.3179962635040283,2
seg+pos+rms+psd,"(3.0, 8.0, 0.3, 0.3)",1.5390952825546265,0.3238002061843872,0.40128326416015625,2
seg+pos+rms+psd,"(3.0, 8.0, 0.3, 0.3)",1.6387448906898499,0.6845577955245972,0.8186905384063721,2
seg+pos+rms+psd,"(3.0, 8.0, 0.3, 0.3)",1.5897412300109863,0.3440282344818115,0.4145963191986084,2
seg+pos+rms+psd,"(3.0, 8.0, 0.3, 0.3)",1.6999109983444214,0.6029926538467407,0.4741067886352539,2
seg+pos+rms+psd,"(3.0, 8.0, 0.3, 0.3)",1.609347939491272,0.25149106979370117,0.002766847610473633,2
seg+pos+rms+psd,"(3.0, 8.0, 0.3, 0.3)",1.6109874844551086,0.337604284286499,0.46309900283813477,2
seg+pos+rms+psd,"(3.0, 8.0, 0.3, 0.3)",1.6753486394882202,0.2850229740142822,0.1711428165435791,2
seg+pos+rms+psd,"(3.0, 8.0, 0.3, 0.3)",1.6255199313163757,0.45539748668670654,0.3417093753814697,2
seg+pos+rms+psd,"(3.0, 8.0, 0.3, 0.3)",1.6468298435211182,0.47271084785461426,0.38692140579223633,2
seg+pos+rms+psd,"(3.0, 8.0, 0.3, 0.3)",1.662129819393158,0.31400060653686523,0.3309049606323242,2
seg+pos+rms+psd,"(3.0, 8.0, 0.3, 0.3)",1.676499605178833,0.3605283498764038,0.19641923904418945,2
seg+pos+rms+psd,"(3.0, 8.0, 0.3, 0.3)",1.6830191612243652,0.5611178874969482,0.43860793113708496,2
seg+pos+rms+psd,"(3.0, 8.0, 0.3, 0.6)",1.6748948097229004,0.4512600898742676,0.0384218692779541,2
seg+pos+rms+psd,"(3.0, 8.0, 0.3, 0.6)",1.7359591126441956,0.26529932022094727,0.23530149459838867,2
seg+pos+rms+psd,"(3.0, 8.0, 0.3, 0.6)",1.7217085361480713,0.3437463045120239,0.14449095726013184,2
seg+pos+rms+psd,"(3.0, 8.0, 0.3, 0.6)",1.5769690871238708,0.43185126781463623,0.2333078384399414,2
seg+pos+rms+psd,"(3.0, 8.0, 0.3, 0.6)",1.7087761163711548,0.6048622131347656,0.23788881301879883,2
seg+pos+rms+psd,"(3.0, 8.0, 0.3, 0.6)",1.7055044174194336,0.47270679473876953,0.08619880676269531,2
seg+pos+rms+psd,"(3.0, 8.0, 0.3, 0.6)",1.5983145833015442,0.4676932096481323,0.18100762367248535,2
seg+pos+rms+psd,"(3.0, 8.0, 0.3, 0.6)",1.5836752653121948,0.7050301432609558,0.3406200408935547,2
seg+pos+rms+psd,"(3.0, 8.0, 0.3, 0.6)",1.5887827277183533,0.5375717878341675,0.19255471229553223,2
seg+pos+rms+psd,"(3.0, 8.0, 0.3, 0.6)",1.6042853593826294,0.4622836112976074,0.03601479530334473,2
seg+pos+rms+psd,"(3.0, 8.0, 0.3, 0.6)",1.7272242903709412,0.16761183738708496,0.1946101188659668,2
seg+pos+rms+psd,"(3.0, 8.0, 0.3, 0.6)",1.5681178569793701,0.48151254653930664,0.3986649513244629,2
seg+pos+rms+psd,"(3.0, 8.0, 0.3, 0.6)",1.6166535019874573,0.32163822650909424,0.03172779083251953,2
seg+pos+rms+psd,"(3.0, 8.0, 0.3, 0.6)",1.6998130083084106,0.435144305229187,0.14592671394348145,2
seg+pos+rms+psd,"(3.0, 8.0, 0.3, 0.6)",1.735576868057251,0.2084590196609497,0.19044089317321777,2
seg+pos+rms+psd,"(3.0, 8.0, 0.3, -0.3)",1.6127338409423828,0.45664095878601074,0.7257592678070068,2
seg+pos+rms+psd,"(3.0, 8.0, 0.3, -0.3)",1.714175820350647,0.30901360511779785,0.5684571266174316,2
seg+pos+rms+psd,"(3.0, 8.0, 0.3, -0.3)",1.5587347149848938,0.5910937786102295,0.9375407695770264,2
seg+pos+rms+psd,"(3.0, 8.0, 0.3, -0.3)",1.5613394975662231,0.3356003761291504,0.5539059638977051,2
seg+pos+rms+psd,"(3.0, 8.0, 0.3, -0.3)",1.5939421653747559,0.5221171379089355,0.8644797801971436,2
seg+pos+rms+psd,"(3.0, 8.0, 0.3, -0.3)",1.6741524934768677,0.33949971199035645,0.6257634162902832,2
seg+pos+rms+psd,"(3.0, 8.0, 0.3, -0.3)",1.710499107837677,0.43829894065856934,0.8537683486938477,2
seg+pos+rms+psd,"(3.0, 8.0, 0.3, -0.3)",1.6724402904510498,0.3783167600631714,0.503516674041748,2
seg+pos+rms+psd,"(3.0, 8.0, 0.3, -0.3)",1.7448780536651611,0.07756352424621582,0.1641097068786621,2
seg+pos+rms+psd,"(3.0, 8.0, 0.3, -0.3)",1.5789636969566345,0.7602270245552063,1.4998648166656494,2
seg+pos+rms+psd,"(3.0, 8.0, 0.3, -0.3)",1.7199683785438538,0.5143792629241943,0.9305248260498047,2
seg+pos+rms+psd,"(3.0, 8.0, 0.3, -0.3)",1.5719137787818909,0.44816040992736816,0.8541727066040039,2
seg+pos+rms+psd,"(3.0, 8.0, 0.3, -0.3)",1.6452606916427612,0.3129003047943115,0.5838279724121094,2
seg+pos+rms+psd,"(3.0, 8.0, 0.3, -0.3)",1.7429088354110718,0.3841778039932251,0.8502533435821533,2
seg+pos+rms+psd,"(3.0, 8.0, 0.3, -0.3)",1.5719261765480042,0.5012187957763672,1.0659980773925781,2
seg+pos+rms+psd,"(3.0, 8.0, 0.7, 0.0)",1.2171694040298462,0.026049375534057617,0.005458831787109375,2
seg+pos+rms+psd,"(3.0, 8.0, 0.7, 0.0)",1.18606436252594,0.08868598937988281,0.11923789978027344,2
seg+pos+rms+psd,"(3.0, 8.0, 0.7, 0.0)",1.226052701473236,0.08629894256591797,0.0746607780456543,2
seg+pos+rms+psd,"(3.0, 8.0, 0.7, 0.0)",1.320215106010437,0.10422360897064209,0.1140594482421875,2
seg+pos+rms+psd,"(3.0, 8.0, 0.7, 0.0)",1.3100097179412842,0.16262245178222656,0.14180994033813477,2
seg+pos+rms+psd,"(3.0, 8.0, 0.7, 0.0)",1.21013605594635,0.09793281555175781,0.13514423370361328,2
seg+pos+rms+psd,"(3.0, 8.0, 0.7, 0.0)",1.1170567274093628,0.3097403049468994,0.46649789810180664,2
seg+pos+rms+psd,"(3.0, 8.0, 0.7, 0.0)",1.2730231285095215,0.11353302001953125,0.10029172897338867,2
seg+pos+rms+psd,"(3.0, 8.0, 0.7, 0.0)",1.2269635796546936,0.1389303207397461,0.14423418045043945,2
seg+pos+rms+psd,"(3.0, 8.0, 0.7, 0.0)",1.1630975008010864,0.08600854873657227,0.18477535247802734,2
seg+pos+rms+psd,"(3.0, 8.0, 0.7, 0.0)",1.2180655002593994,0.06825149059295654,0.004932403564453125,2
seg+pos+rms+psd,"(3.0, 8.0, 0.7, 0.0)",1.2031453847885132,0.08338093757629395,0.290264368057251,2
seg+pos+rms+psd,"(3.0, 8.0, 0.7, 0.0)",1.2217903137207031,0.08893108367919922,0.06826019287109375,2
seg+pos+rms+psd,"(3.0, 8.0, 0.7, 0.0)",1.1775747537612915,0.1202402114868164,0.019269943237304688,2
seg+pos+rms+psd,"(3.0, 8.0, 0.7, 0.0)",1.1834841966629028,0.14124155044555664,0.2561178207397461,2
seg+pos+rms+psd,"(3.0, 8.0, 0.7, 0.3)",1.155932068824768,0.04037165641784668,0.06982660293579102,2
seg+pos+rms+psd,"(3.0, 8.0, 0.7, 0.3)",1.1605148315429688,0.17430508136749268,0.05505943298339844,2
seg+pos+rms+psd,"(3.0, 8.0, 0.7, 0.3)",1.1857278943061829,0.0906069278717041,0.04640936851501465,2
seg+pos+rms+psd,"(3.0, 8.0, 0.7, 0.3)",1.2049853205680847,0.1813950538635254,0.03740501403808594,2
seg+pos+rms+psd,"(3.0, 8.0, 0.7, 0.3)",1.1883516907691956,0.0981285572052002,0.07731080055236816,2
seg+pos+rms+psd,"(3.0, 8.0, 0.7, 0.3)",1.1858503818511963,0.11069130897521973,0.04481315612792969,2
seg+pos+rms+psd,"(3.0, 8.0, 0.7, 0.3)",1.2959965467453003,0.11524105072021484,0.0958855152130127,2
seg+pos+rms+psd,"(3.0, 8.0, 0.7, 0.3)",1.1608896255493164,0.05802464485168457,0.03722715377807617,2
seg+pos+rms+psd,"(3.0, 8.0, 0.7, 0.3)",1.25493586063385,0.21753954887390137,0.0029103755950927734,2
seg+pos+rms+psd,"(3.0, 8.0, 0.7, 0.3)",1.1697205305099487,0.02115786075592041,0.033782958984375,2
seg+pos+rms+psd,"(3.0, 8.0, 0.7, 0.3)",1.2018133401870728,0.16436505317687988,0.006834983825683594,2
seg+pos+rms+psd,"(3.0, 8.0, 0.7, 0.3)",1.1563130617141724,0.09200108051300049,0.143021821975708,2
seg+pos+rms+psd,"(3.0, 8.0, 0.7, 0.3)",1.1499073505401611,0.1451880931854248,0.12569642066955566,2
seg+pos+rms+psd,"(3.0, 8.0, 0.7, 0.3)",1.1540793776512146,0.1216667890548706,0.017785072326660156,2
seg+pos+rms+psd,"(3.0, 8.0, 0.7, 0.3)",1.3052323460578918,0.045308828353881836,0.1932973861694336,2
seg+pos+rms+psd,"(3.0, 8.0, 0.7, 0.6)",1.2679499387741089,0.054260969161987305,0.22030925750732422,2
seg+pos+rms+psd,"(3.0, 8.0, 0.7, 0.6)",1.1945602297782898,0.26151394844055176,0.36006665229797363,2
seg+pos+rms+psd,"(3.0, 8.0, 0.7, 0.6)",1.2751824259757996,0.047136783599853516,0.5031871795654297,2
seg+pos+rms+psd,"(3.0, 8.0, 0.7, 0.6)",1.1554376482963562,0.07023036479949951,0.2838294506072998,2
seg+pos+rms+psd,"(3.0, 8.0, 0.7, 0.6)",1.212478518486023,0.08192110061645508,0.26731395721435547,2
seg+pos+rms+psd,"(3.0, 8.0, 0.7, 0.6)",1.1937355995178223,0.08907222747802734,0.44247984886169434,2
seg+pos+rms+psd,"(3.0, 8.0, 0.7, 0.6)",1.145695149898529,0.300040602684021,0.2721080780029297,2
seg+pos+rms+psd,"(3.0, 8.0, 0.7, 0.6)",1.299010992050171,0.17501652240753174,0.39902281761169434,2
seg+pos+rms+psd,"(3.0, 8.0, 0.7, 0.6)",1.1999134421348572,0.07716286182403564,0.28046464920043945,2
seg+pos+rms+psd,"(3.0, 8.0, 0.7, 0.6)",1.0997435450553894,0.0025205612182617188,0.4782588481903076,2
seg+pos+rms+psd,"(3.0, 8.0, 0.7, 0.6)",1.2613179683685303,0.1578364372253418,0.17189550399780273,2
seg+pos+rms+psd,"(3.0, 8.0, 0.7, 0.6)",1.1806253790855408,0.08571791648864746,0.3404500484466553,2
seg+pos+rms+psd,"(3.0, 8.0, 0.7, 0.6)",1.256890594959259,0.10969769954681396,0.37168264389038086,2
seg+pos+rms+psd,"(3.0, 8.0, 0.7, 0.6)",1.1722719073295593,0.09336531162261963,0.18107938766479492,2
seg+pos+rms+psd,"(3.0, 8.0, 0.7, 0.6)",1.2791283130645752,0.023664236068725586,0.43245768547058105,2
seg+pos+rms+psd,"(3.0, 8.0, 0.7, -0.3)",1.1853898763656616,0.06278753280639648,0.23830556869506836,2
seg+pos+rms+psd,"(3.0, 8.0, 0.7, -0.3)",1.143907070159912,0.10090184211730957,0.009902000427246094,2
seg+pos+rms+psd,"(3.0, 8.0, 0.7, -0.3)",1.1432811617851257,0.2113335132598877,0.14950895309448242,2
seg+pos+rms+psd,"(3.0, 8.0, 0.7, -0.3)",1.3443592190742493,0.2745600938796997,0.29456472396850586,2
seg+pos+rms+psd,"(3.0, 8.0, 0.7, -0.3)",1.1865914463996887,0.04020357131958008,0.2090144157409668,2
seg+pos+rms+psd,"(3.0, 8.0, 0.7, -0.3)",1.194433867931366,0.029264092445373535,0.07722711563110352,2
seg+pos+rms+psd,"(3.0, 8.0, 0.7, -0.3)",1.2781057357788086,0.1376943588256836,0.20954132080078125,2
seg+pos+rms+psd,"(3.0, 8.0, 0.7, -0.3)",1.1962077021598816,0.03822910785675049,0.0946054458618164,2
seg+pos+rms+psd,"(3.0, 8.0, 0.7, -0.3)",1.2068259716033936,0.13869786262512207,0.26935672760009766,2
seg+pos+rms+psd,"(3.0, 8.0, 0.7, -0.3)",1.1838589906692505,0.10341858863830566,0.3745760917663574,2
seg+pos+rms+psd,"(3.0, 8.0, 0.7, -0.3)",1.2455164194107056,0.11999595165252686,0.2694878578186035,2
seg+pos+rms+psd,"(3.0, 8.0, 0.7, -0.3)",1.2200406789779663,0.03578794002532959,0.019931793212890625,2
seg+pos+rms+psd,"(3.0, 8.0, 0.7, -0.3)",1.190739631652832,0.04834771156311035,0.1534867286682129,2
seg+pos+rms+psd,"(3.0, 8.0, 0.7, -0.3)",1.1455166339874268,0.1345360279083252,0.3632841110229492,2
seg+pos+rms+psd,"(3.0, 8.0, 0.7, -0.3)",1.1891048550605774,0.10886609554290771,0.09526443481445312,2
seg+pos+rms+psd,"(3.0, 20.0, 0.3, 0.0)",1.2869357466697693,0.24186444282531738,0.38060688972473145,2
seg+pos+rms+psd,"(3.0, 20.0, 0.3, 0.0)",1.3411860466003418,0.17845642566680908,0.22942829132080078,2
seg+pos+rms+psd,"(3.0, 20.0, 0.3, 0.0)",1.328475832939148,0.35411179065704346,0.5239441394805908,2
seg+pos+rms+psd,"(3.0, 20.0, 0.3, 0.0)",1.3477778434753418,0.30480217933654785,0.4751412868499756,2
seg+pos+rms+psd,"(3.0, 20.0, 0.3, 0.0)",1.2766056060791016,0.1576448678970337,0.28934764862060547,2
seg+pos+rms+psd,"(3.0, 20.0, 0.3, 0.0)",1.230126440525055,0.2730135917663574,0.37758708000183105,2
seg+pos+rms+psd,"(3.0, 20.0, 0.3, 0.0)",1.3228459358215332,0.12509214878082275,0.31875038146972656,2
seg+pos+rms+psd,"(3.0, 20.0, 0.3, 0.0)",1.3561893105506897,0.1956157684326172,0.1442875862121582,2
seg+pos+rms+psd,"(3.0, 20.0, 0.3, 0.0)",1.2875308990478516,0.3907201290130615,0.5080137252807617,2
seg+pos+rms+psd,"(3.0, 20.0, 0.3, 0.0)",1.270398199558258,0.28694653511047363,0.4314584732055664,2
seg+pos+rms+psd,"(3.0, 20.0, 0.3, 0.0)",1.2618796825408936,0.2780090570449829,0.5391125679016113,2
seg+pos+rms+psd,"(3.0, 20.0, 0.3, 0.0)",1.4309503436088562,0.2553417682647705,0.17144393920898438,2
seg+pos+rms+psd,"(3.0, 20.0, 0.3, 0.0)",1.3141674399375916,0.2876662015914917,0.3369710445404053,2
seg+pos+rms+psd,"(3.0, 20.0, 0.3, 0.0)",1.3781610131263733,0.17238569259643555,0.3956899642944336,2
seg+pos+rms+psd,"(3.0, 20.0, 0.3, 0.0)",1.3475367426872253,0.22755229473114014,0.2155141830444336,2
seg+pos+rms+psd,"(3.0, 20.0, 0.3, 0.3)",1.2995356321334839,0.32220637798309326,0.31064724922180176,2
seg+pos+rms+psd,"(3.0, 20.0, 0.3, 0.3)",1.396868646144867,0.1304382085800171,0.003708362579345703,2
seg+pos+rms+psd,"(3.0, 20.0, 0.3, 0.3)",1.2841578722000122,0.2608882188796997,0.23659276962280273,2
seg+pos+rms+psd,"(3.0, 20.0, 0.3, 0.3)",1.329196572303772,0.2345660924911499,0.11950039863586426,2
seg+pos+rms+psd,"(3.0, 20.0, 0.3, 0.3)",1.3515949845314026,0.09227383136749268,0.04187417030334473,2
seg+pos+rms+psd,"(3.0, 20.0, 0.3, 0.3)",1.361729383468628,0.30076169967651367,0.2885897159576416,2
seg+pos+rms+psd,"(3.0, 20.0, 0.3, 0.3)",1.3673341274261475,0.17509210109710693,0.13347411155700684,2
seg+pos+rms+psd,"(3.0, 20.0, 0.3, 0.3)",1.2958093881607056,0.20892810821533203,0.10760498046875,2
seg+pos+rms+psd,"(3.0, 20.0, 0.3, 0.3)",1.2727619409561157,0.20421075820922852,0.08392143249511719,2
seg+pos+rms+psd,"(3.0, 20.0, 0.3, 0.3)",1.2554386258125305,0.18841159343719482,0.23444533348083496,2
seg+pos+rms+psd,"(3.0, 20.0, 0.3, 0.3)",1.2949477434158325,0.22879183292388916,0.0893392562866211,2
seg+pos+rms+psd,"(3.0, 20.0, 0.3, 0.3)",1.3585528135299683,0.25244390964508057,0.2741270065307617,2
seg+pos+rms+psd,"(3.0, 20.0, 0.3, 0.3)",1.3110437989234924,0.340228796005249,0.36062049865722656,2
seg+pos+rms+psd,"(3.0, 20.0, 0.3, 0.3)",1.307555913925171,0.2562645673751831,0.2175912857055664,2
seg+pos+rms+psd,"(3.0, 20.0, 0.3, 0.3)",1.3300304412841797,0.1783202886581421,0.02780294418334961,2
seg+pos+rms+psd,"(3.0, 20.0, 0.3, 0.6)",1.2075997591018677,0.22599685192108154,0.013013124465942383,2
seg+pos+rms+psd,"(3.0, 20.0, 0.3, 0.6)",1.4216940999031067,0.26974332332611084,0.3724644184112549,2
seg+pos+rms+psd,"(3.0, 20.0, 0.3, 0.6)",1.2540594339370728,0.2789297103881836,0.03319835662841797,2
seg+pos+rms+psd,"(3.0, 20.0, 0.3, 0.6)",1.3436487913131714,0.1918489933013916,0.15835142135620117,2
seg+pos+rms+psd,"(3.0, 20.0, 0.3, 0.6)",1.3149743676185608,0.028994083404541016,0.1963038444519043,2
seg+pos+rms+psd,"(3.0, 20.0, 0.3, 0.6)",1.2428339719772339,0.24789869785308838,0.08943986892700195,2
seg+pos+rms+psd,"(3.0, 20.0, 0.3, 0.6)",1.281187891960144,0.28527629375457764,0.1091465950012207,2
seg+pos+rms+psd,"(3.0, 20.0, 0.3, 0.6)",1.295827567577362,0.1972295045852661,0.014888525009155273,2
seg+pos+rms+psd,"(3.0, 20.0, 0.3, 0.6)",1.3900213241577148,0.22490143775939941,0.03763079643249512,2
seg+pos+rms+psd,"(3.0, 20.0, 0.3, 0.6)",1.2805174589157104,0.27629125118255615,0.2507920265197754,2
seg+pos+rms+psd,"(3.0, 20.0, 0.3, 0.6)",1.3176937103271484,0.19161224365234375,0.24589228630065918,2
seg+pos+rms+psd,"(3.0, 20.0, 0.3, 0.6)",1.3469374179840088,0.25922060012817383,0.013247489929199219,2
seg+pos+rms+psd,"(3.0, 20.0, 0.3, 0.6)",1.384921908378601,0.05583024024963379,0.2971510887145996,2
seg+pos+rms+psd,"(3.0, 20.0, 0.3, 0.6)",1.3199164867401123,0.28390371799468994,0.3760073184967041,2
seg+pos+rms+psd,"(3.0, 20.0, 0.3, 0.6)",1.2817721366882324,0.17270910739898682,0.19586610794067383,2
seg+pos+rms+psd,"(3.0, 20.0, 0.3, -0.3)",1.2635715007781982,0.15174436569213867,0.29236650466918945,2
seg+pos+rms+psd,"(3.0, 20.0, 0.3, -0.3)",1.291767656803131,0.4184882640838623,0.926537036895752,2
seg+pos+rms+psd,"(3.0, 20.0, 0.3, -0.3)",1.3691037893295288,0.14028561115264893,0.12575101852416992,2
seg+pos+rms+psd,"(3.0, 20.0, 0.3, -0.3)",1.2018990516662598,0.3631103038787842,0.6273479461669922,2
seg+pos+rms+psd,"(3.0, 20.0, 0.3, -0.3)",1.3300838470458984,0.17046523094177246,0.28575611114501953,2
seg+pos+rms+psd,"(3.0, 20.0, 0.3, -0.3)",1.3595872521400452,0.12209582328796387,0.31025028228759766,2
seg+pos+rms+psd,"(3.0, 20.0, 0.3, -0.3)",1.2646706104278564,0.23350238800048828,0.3553156852722168,2
seg+pos+rms+psd,"(3.0, 20.0, 0.3, -0.3)",1.3524141907691956,0.3013664484024048,0.6062512397766113,2
seg+pos+rms+psd,"(3.0, 20.0, 0.3, -0.3)",1.2402732372283936,0.20931673049926758,0.3141055107116699,2
seg+pos+rms+psd,"(3.0, 20.0, 0.3, -0.3)",1.3493295907974243,0.16558468341827393,0.32198286056518555,2
seg+pos+rms+psd,"(3.0, 20.0, 0.3, -0.3)",1.3083364367485046,0.2856411933898926,0.592587947845459,2
seg+pos+rms+psd,"(3.0, 20.0, 0.3, -0.3)",1.2855337262153625,0.21398985385894775,0.6295838356018066,2
seg+pos+rms+psd,"(3.0, 20.0, 0.3, -0.3)",1.3503265976905823,0.2684539556503296,0.6167459487915039,2
seg+pos+rms+psd,"(3.0, 20.0, 0.3, -0.3)",1.3422892689704895,0.2190619707107544,0.47571706771850586,2
seg+pos+rms+psd,"(3.0, 20.0, 0.3, -0.3)",1.2950338125228882,0.2655050754547119,0.5370893478393555,2
seg+pos+rms+psd,"(3.0, 20.0, 0.7, 0.0)",0.7553456127643585,0.04013502597808838,0.19257259368896484,2
seg+pos+rms+psd,"(3.0, 20.0, 0.7, 0.0)",0.828060656785965,0.0808250904083252,0.02260303497314453,2
seg+pos+rms+psd,"(3.0, 20.0, 0.7, 0.0)",0.793217658996582,0.14242565631866455,0.051480770111083984,2
seg+pos+rms+psd,"(3.0, 20.0, 0.7, 0.0)",0.7541996538639069,0.05334639549255371,0.07179927825927734,2
seg+pos+rms+psd,"(3.0, 20.0, 0.7, 0.0)",0.8090150654315948,0.05201148986816406,0.017714977264404297,2
seg+pos+rms+psd,"(3.0, 20.0, 0.7, 0.0)",0.7442166209220886,0.055387020111083984,0.13007211685180664,2
seg+pos+rms+psd,"(3.0, 20.0, 0.7, 0.0)",0.8268903493881226,0.005715608596801758,0.02131175994873047,2
seg+pos+rms+psd,"(3.0, 20.0, 0.7, 0.0)",0.7648724317550659,0.060610294342041016,0.11915397644042969,2
seg+pos+rms+psd,"(3.0, 20.0, 0.7, 0.0)",0.7270233035087585,0.055994629859924316,0.15097689628601074,2
seg+pos+rms+psd,"(3.0, 20.0, 0.7, 0.0)",0.7543222606182098,0.048161983489990234,0.026065826416015625,2
seg+pos+rms+psd,"(3.0, 20.0, 0.7, 0.0)",0.7613704800605774,0.037661194801330566,0.0751795768737793,2
seg+pos+rms+psd,"(3.0, 20.0, 0.7, 0.0)",0.781059056520462,0.0818411111831665,0.2775087356567383,2
seg+pos+rms+psd,"(3.0, 20.0, 0.7, 0.0)",0.7193975448608398,0.04577922821044922,0.06421518325805664,2
seg+pos+rms+psd,"(3.0, 20.0, 0.7, 0.0)",0.808870792388916,0.06037116050720215,0.04761219024658203,2
seg+pos+rms+psd,"(3.0, 20.0, 0.7, 0.0)",0.7602403163909912,0.06980264186859131,0.0577545166015625,2
seg+pos+rms+psd,"(3.0, 20.0, 0.7, 0.3)",0.7162916660308838,0.13744688034057617,0.13631606101989746,2
seg+pos+rms+psd,"(3.0, 20.0, 0.7, 0.3)",0.8134342730045319,0.044917941093444824,0.1845383644104004,2
seg+pos+rms+psd,"(3.0, 20.0, 0.7, 0.3)",0.8112068772315979,0.044748544692993164,0.08112764358520508,2
seg+pos+rms+psd,"(3.0, 20.0, 0.7, 0.3)",0.8231485486030579,0.12392747402191162,0.10773181915283203,2
seg+pos+rms+psd,"(3.0, 20.0, 0.7, 0.3)",0.7981240749359131,0.06525993347167969,0.08271908760070801,2
seg+pos+rms+psd,"(3.0, 20.0, 0.7, 0.3)",0.8119342923164368,0.05550646781921387,0.11346435546875,2
seg+pos+rms+psd,"(3.0, 20.0, 0.7, 0.3)",0.7997441589832306,0.036647915840148926,0.1077415943145752,2
seg+pos+rms+psd,"(3.0, 20.0, 0.7, 0.3)",0.6918653547763824,0.06316745281219482,0.0001285076141357422,2
seg+pos+rms+psd,"(3.0, 20.0, 0.7, 0.3)",0.7950966656208038,0.021567583084106445,0.0023124217987060547,2
seg+pos+rms+psd,"(3.0, 20.0, 0.7, 0.3)",0.7785489559173584,0.021006226539611816,0.08876895904541016,2
seg+pos+rms+psd,"(3.0, 20.0, 0.7, 0.3)",0.7338623106479645,0.03970658779144287,0.05659770965576172,2
seg+pos+rms+psd,"(3.0, 20.0, 0.7, 0.3)",0.7962474822998047,0.10157597064971924,0.06523823738098145,2
seg+pos+rms+psd,"(3.0, 20.0, 0.7, 0.3)",0.7564596831798553,0.04275774955749512,0.13768219947814941,2
seg+pos+rms+psd,"(3.0, 20.0, 0.7, 0.3)",0.7167443633079529,0.08979392051696777,0.05700969696044922,2
seg+pos+rms+psd,"(3.0, 20.0, 0.7, 0.3)",0.8022772073745728,0.09197163581848145,0.08218979835510254,2
seg+pos+rms+psd,"(3.0, 20.0, 0.7, 0.6)",0.746045857667923,0.03303885459899902,0.08003616333007812,2
seg+pos+rms+psd,"(3.0, 20.0, 0.7, 0.6)",0.755081832408905,0.03038763999938965,0.12834548950195312,2
seg+pos+rms+psd,"(3.0, 20.0, 0.7, 0.6)",0.77405646443367,0.090798020362854,0.18753576278686523,2
seg+pos+rms+psd,"(3.0, 20.0, 0.7, 0.6)",0.6192575395107269,0.03983902931213379,0.01622939109802246,2
seg+pos+rms+psd,"(3.0, 20.0, 0.7, 0.6)",0.7762067914009094,0.10678672790527344,0.11229372024536133,2
seg+pos+rms+psd,"(3.0, 20.0, 0.7, 0.6)",0.8174815773963928,0.14833438396453857,0.13741064071655273,2
seg+pos+rms+psd,"(3.0, 20.0, 0.7, 0.6)",0.7292439937591553,0.06905114650726318,0.014899492263793945,2
seg+pos+rms+psd,"(3.0, 20.0, 0.7, 0.6)",0.8203302919864655,0.09708976745605469,0.08600187301635742,2
seg+pos+rms+psd,"(3.0, 20.0, 0.7, 0.6)",0.8191585540771484,0.06970870494842529,0.13521265983581543,2
seg+pos+rms+psd,"(3.0, 20.0, 0.7, 0.6)",0.7415069937705994,0.08914196491241455,0.03765559196472168,2
seg+pos+rms+psd,"(3.0, 20.0, 0.7, 0.6)",0.721034973859787,0.11070656776428223,0.03463172912597656,2
seg+pos+rms+psd,"(3.0, 20.0, 0.7, 0.6)",0.7559370398521423,0.04147481918334961,0.03765106201171875,2
seg+pos+rms+psd,"(3.0, 20.0, 0.7, 0.6)",0.8167015612125397,0.051638245582580566,0.2363903522491455,2
seg+pos+rms+psd,"(3.0, 20.0, 0.7, 0.6)",0.8755417466163635,0.1504117250442505,0.40256738662719727,2
seg+pos+rms+psd,"(3.0, 20.0, 0.7, 0.6)",0.8017493188381195,0.0038280487060546875,0.1806497573852539,2
seg+pos+rms+psd,"(3.0, 20.0, 0.7, -0.3)",0.8773521482944489,0.14181315898895264,0.0933380126953125,2
seg+pos+rms+psd,"(3.0, 20.0, 0.7, -0.3)",0.7713242173194885,0.11309456825256348,0.08210372924804688,2
seg+pos+rms+psd,"(3.0, 20.0, 0.7, -0.3)",0.754674106836319,0.15239405632019043,0.26983118057250977,2
seg+pos+rms+psd,"(3.0, 20.0, 0.7, -0.3)",0.7718687057495117,0.02265465259552002,0.07509565353393555,2
seg+pos+rms+psd,"(3.0, 20.0, 0.7, -0.3)",0.7785280346870422,0.029532313346862793,0.07822608947753906,2
seg+pos+rms+psd,"(3.0, 20.0, 0.7, -0.3)",0.709845244884491,0.08909642696380615,0.1406116485595703,2
seg+pos+rms+psd,"(3.0, 20.0, 0.7, -0.3)",0.8012355864048004,0.09042704105377197,0.09429931640625,2
seg+pos+rms+psd,"(3.0, 20.0, 0.7, -0.3)",0.736603170633316,0.13932502269744873,0.32520294189453125,2
seg+pos+rms+psd,"(3.0, 20.0, 0.7, -0.3)",0.7410300672054291,0.007438540458679199,0.018620014190673828,2
seg+pos+rms+psd,"(3.0, 20.0, 0.7, -0.3)",0.7393433451652527,0.051905155181884766,0.011384010314941406,2
seg+pos+rms+psd,"(3.0, 20.0, 0.7, -0.3)",0.7305873036384583,0.15353643894195557,0.18440485000610352,2
seg+pos+rms+psd,"(3.0, 20.0, 0.7, -0.3)",0.9045038819313049,0.19276034832000732,0.1937732696533203,2
seg+pos+rms+psd,"(3.0, 20.0, 0.7, -0.3)",0.7913322746753693,0.01384878158569336,0.11378812789916992,2
seg+pos+rms+psd,"(3.0, 20.0, 0.7, -0.3)",0.8088088631629944,0.10018408298492432,0.07974815368652344,2
seg+pos+rms+psd,"(3.0, 20.0, 0.7, -0.3)",0.772718757390976,0.03475058078765869,0.0343012809753418,2
full,"(1.5, 8.0, 0.3, 0.0)",0.9320627152919769,0.08116108179092407,0.1266176700592041,0
full,"(1.5, 8.0, 0.3, 0.0)",0.8892439007759094,0.0659608244895935,0.011741399765014648,0
full,"(1.5, 8.0, 0.3, 0.0)",0.9414984583854675,0.21392875909805298,0.3969864845275879,0
full,"(1.5, 8.0, 0.3, 0.0)",0.9374843835830688,0.14407706260681152,0.2262120246887207,0
full,"(1.5, 8.0, 0.3, 0.0)",0.885260283946991,0.3027578592300415,0.37488746643066406,0
full,"(1.5, 8.0, 0.3, 0.0)",0.8965734541416168,0.3641563057899475,0.42214977741241455,0
full,"(1.5, 8.0, 0.3, 0.0)",0.8510969281196594,0.35723620653152466,0.4739682674407959,0
full,"(1.5, 8.0, 0.3, 0.0)",0.8689751625061035,0.23536992073059082,0.34072422981262207,0
full,"(1.5, 8.0, 0.3, 0.0)",0.888712465763092,0.29359859228134155,0.4285167455673218,0
full,"(1.5, 8.0, 0.3, 0.0)",0.9115548431873322,0.24156367778778076,0.30035948753356934,0
full,"(1.5, 8.0, 0.3, 0.0)",0.8782888054847717,0.18937832117080688,0.324246883392334,0
full,"(1.5, 8.0, 0.3, 0.0)",0.9566260576248169,0.07589447498321533,0.003934144973754883,0
full,"(1.5, 8.0, 0.3, 0.0)",0.9079494774341583,0.07181090116500854,0.026829957962036133,0
full,"(1.5, 8.0, 0.3, 0.0)",0.900922030210495,0.26031243801116943,0.3358856439590454,0
full,"(1.5, 8.0, 0.3, 0.0)",0.901063472032547,0.16385871171951294,0.2623189687728882,0
full,"(1.5, 8.0, 0.3, 0.3)",0.8643290996551514,0.271614134311676,0.2424616813659668,0
full,"(1.5, 8.0, 0.3, 0.3)",0.875216543674469,0.1999611258506775,0.023928284645080566,0
full,"(1.5, 8.0, 0.3, 0.3)",0.8797299563884735,0.10383772850036621,0.07534027099609375,0
full,"(1.5, 8.0, 0.3, 0.3)",0.8761434555053711,0.19204014539718628,0.11090350151062012,0
full,"(1.5, 8.0, 0.3, 0.3)",0.8801061511039734,0.20462888479232788,0.21073222160339355,0
full,"(1.5, 8.0, 0.3, 0.3)",0.8976913392543793,0.2152521014213562,0.2729964256286621,0
full,"(1.5, 8.0, 0.3, 0.3)",0.8869879841804504,0.1914038062095642,0.13642537593841553,0
full,"(1.5, 8.0, 0.3, 0.3)",0.8862310647964478,0.17803138494491577,0.23981618881225586,0
full,"(1.5, 8.0, 0.3, 0.3)",0.939941793680191,0.21354246139526367,0.01905381679534912,0
full,"(1.5, 8.0, 0.3, 0.3)",0.8981884717941284,0.17804348468780518,0.20584368705749512,0
full,"(1.5, 8.0, 0.3, 0.3)",0.9199360311031342,0.3029095530509949,0.28555750846862793,0
full,"(1.5, 8.0, 0.3, 0.3)",0.931154727935791,0.23344141244888306,0.2436981201171875,0
full,"(1.5, 8.0, 0.3, 0.3)",0.8975220322608948,0.20439445972442627,0.04363858699798584,0
full,"(1.5, 8.0, 0.3, 0.3)",0.8381192982196808,0.39215123653411865,0.5462754964828491,0
full,"(1.5, 8.0, 0.3, 0.3)",0.8866198360919952,0.3545820116996765,0.2774921655654907,0
full,"(1.5, 8.0, 0.3, 0.6)",0.8771714866161346,0.22597986459732056,0.03142118453979492,0
full,"(1.5, 8.0, 0.3, 0.6)",0.8417866826057434,0.37250465154647827,0.28884196281433105,0
full,"(1.5, 8.0, 0.3, 0.6)",0.8672902584075928,0.3354796767234802,0.2518247365951538,0
full,"(1.5, 8.0, 0.3, 0.6)",0.9342101216316223,0.26440370082855225,0.5765185356140137,0
full,"(1.5, 8.0, 0.3, 0.6)",0.9796882569789886,0.10889065265655518,0.4844651222229004,0
full,"(1.5, 8.0, 0.3, 0.6)",0.9250072836875916,0.18420642614364624,0.0632023811340332,0
full,"(1.5, 8.0, 0.3, 0.6)",0.9022118747234344,0.26066920161247253,0.0018236637115478516,0
full,"(1.5, 8.0, 0.3, 0.6)",0.9332960247993469,0.21419847011566162,0.25025951862335205,0
full,"(1.5, 8.0, 0.3, 0.6)",0.9131566882133484,0.3536744713783264,0.02721107006072998,0
full,"(1.5, 8.0, 0.3, 0.6)",0.8964008390903473,0.21544533967971802,0.02066195011138916,0
full,"(1.5, 8.0, 0.3, 0.6)",0.8818650543689728,0.2610284090042114,0.02106308937072754,0
full,"(1.5, 8.0, 0.3, 0.6)",0.9253481030464172,0.11366462707519531,0.2714076042175293,0
full,"(1.5, 8.0, 0.3, 0.6)",0.9029721021652222,0.18010926246643066,0.25104832649230957,0
full,"(1.5, 8.0, 0.3, 0.6)",0.9501423835754395,0.09803587198257446,0.22512221336364746,0
full,"(1.5, 8.0, 0.3, 0.6)",0.8471291363239288,0.19938135147094727,0.01351618766784668,0
full,"(1.5, 8.0, 0.3, -0.3)",0.9329851865768433,0.20625197887420654,0.38428616523742676,0
full,"(1.5, 8.0, 0.3, -0.3)",0.8952917158603668,0.3057420253753662,0.5412788391113281,0
full,"(1.5, 8.0, 0.3, -0.3)",0.848566472530365,0.19154518842697144,0.3472280502319336,0
full,"(1.5, 8.0, 0.3, -0.3)",0.9236315786838531,0.21561157703399658,0.3659989833831787,0
full,"(1.5, 8.0, 0.3, -0.3)",0.935806006193161,0.22491711378097534,0.4225742816925049,0
full,"(1.5, 8.0, 0.3, -0.3)",0.9667115211486816,0.15886765718460083,0.19907045364379883,0
full,"(1.5, 8.0, 0.3, -0.3)",0.8773130178451538,0.21309983730316162,0.4530731439590454,0
full,"(1.5, 8.0, 0.3, -0.3)",0.8571061789989471,0.30500251054763794,0.5110018253326416,0
full,"(1.5, 8.0, 0.3, -0.3)",0.9293626248836517,0.37315118312835693,0.7176660299301147,0
full,"(1.5, 8.0, 0.3, -0.3)",0.8669920265674591,0.2183244824409485,0.36127030849456787,0
full,"(1.5, 8.0, 0.3, -0.3)",0.928229808807373,0.2097252607345581,0.41337084770202637,0
full,"(1.5, 8.0, 0.3, -0.3)",0.8750672042369843,0.2813394069671631,0.4917137622833252,0
full,"(1.5, 8.0, 0.3, -0.3)",0.854698121547699,0.3059125542640686,0.5579434633255005,0
full,"(1.5, 8.0, 0.3, -0.3)",0.99207603931427,0.06389278173446655,0.09706521034240723,0
full,"(1.5, 8.0, 0.3, -0.3)",0.9120863378047943,0.1643223762512207,0.26520657539367676,0
full,"(1.5, 8.0, 0.7, 0.0)",0.6890256702899933,0.14136958122253418,0.2005544900894165,0
full,"(1.5, 8.0, 0.7, 0.0)",0.6753250956535339,0.03612619638442993,0.0035147666931152344,0
full,"(1.5, 8.0, 0.7, 0.0)",0.7206401824951172,0.12928259372711182,0.020731210708618164,0
full,"(1.5, 8.0, 0.7, 0.0)",0.7671232521533966,0.17054539918899536,0.10791182518005371,0
full,"(1.5, 8.0, 0.7, 0.0)",0.6664594411849976,0.10601437091827393,0.0030984878540039062,0
full,"(1.5, 8.0, 0.7, 0.0)",0.6877037286758423,0.06749558448791504,0.19152593612670898,0
full,"(1.5, 8.0, 0.7, 0.0)",0.6906296610832214,0.1340695023536682,0.24863696098327637,0
full,"(1.5, 8.0, 0.7, 0.0)",0.6644373834133148,0.0802696943283081,0.0867459774017334,0
full,"(1.5, 8.0, 0.7, 0.0)",0.6481580436229706,0.08872997760772705,0.19299960136413574,0
full,"(1.5, 8.0, 0.7, 0.0)",0.6892108619213104,0.06538480520248413,0.04226493835449219,0
full,"(1.5, 8.0, 0.7, 0.0)",0.6947430372238159,0.04625624418258667,0.0030052661895751953,0
full,"(1.5, 8.0, 0.7, 0.0)",0.7285769283771515,0.06087660789489746,0.15101969242095947,0
full,"(1.5, 8.0, 0.7, 0.0)",0.6944019198417664,0.07803404331207275,0.020493030548095703,0
full,"(1.5, 8.0, 0.7, 0.0)",0.7335686385631561,0.03235834836959839,0.03450274467468262,0
full,"(1.5, 8.0, 0.7, 0.0)",0.7260340452194214,0.08999133110046387,0.12866926193237305,0
full,"(1.5, 8.0, 0.7, 0.3)",0.7091280817985535,0.08436447381973267,0.058847904205322266,0
full,"(1.5, 8.0, 0.7, 0.3)",0.7039139270782471,0.16254949569702148,0.3212934732437134,0
full,"(1.5, 8.0, 0.7, 0.3)",0.6690678000450134,0.0745323896408081,0.0029414892196655273,0
full,"(1.5, 8.0, 0.7, 0.3)",0.6789688169956207,0.08310097455978394,0.034546494483947754,0
full,"(1.5, 8.0, 0.7, 0.3)",0.7029264569282532,0.10463011264801025,0.14308857917785645,0
full,"(1.5, 8.0, 0.7, 0.3)",0.7392989695072174,0.1377352476119995,0.03974723815917969,0
full,"(1.5, 8.0, 0.7, 0.3)",0.6880744099617004,0.05709713697433472,0.0371556282043457,0
full,"(1.5, 8.0, 0.7, 0.3)",0.6744405925273895,0.10304313898086548,0.031601667404174805,0
full,"(1.5, 8.0, 0.7, 0.3)",0.7195791006088257,0.18202871084213257,0.165704607963562,0
full,"(1.5, 8.0, 0.7, 0.3)",0.688026636838913,0.12201136350631714,0.14995336532592773,0
full,"(1.5, 8.0, 0.7, 0.3)",0.6751908659934998,0.0833171010017395,0.0078277587890625,0
full,"(1.5, 8.0, 0.7, 0.3)",0.7337660193443298,0.10461020469665527,0.17874109745025635,0
full,"(1.5, 8.0, 0.7, 0.3)",0.6745092868804932,0.1211087703704834,0.08578252792358398,0
full,"(1.5, 8.0, 0.7, 0.3)",0.7466980218887329,0.18816137313842773,0.17409276962280273,0
full,"(1.5, 8.0, 0.7, 0.3)",0.6720986366271973,0.018414974212646484,0.0848318338394165,0
full,"(1.5, 8.0, 0.7, 0.6)",0.6835463345050812,0.09110426902770996,0.19337189197540283,0
full,"(1.5, 8.0, 0.7, 0.6)",0.7296432852745056,0.09012198448181152,0.32946932315826416,0
full,"(1.5, 8.0, 0.7, 0.6)",0.6804203391075134,0.046232402324676514,0.1265019178390503,0
full,"(1.5, 8.0, 0.7, 0.6)",0.7010945677757263,0.07867211103439331,0.12035763263702393,0
full,"(1.5, 8.0, 0.7, 0.6)",0.7407531142234802,0.15561991930007935,0.2937542200088501,0
full,"(1.5, 8.0, 0.7, 0.6)",0.7570502161979675,0.17558139562606812,0.20964908599853516,0
full,"(1.5, 8.0, 0.7, 0.6)",0.7118161916732788,0.1185876727104187,0.3920947313308716,0
full,"(1.5, 8.0, 0.7, 0.6)",0.7349390983581543,0.1599307656288147,0.03203415870666504,0
full,"(1.5, 8.0, 0.7, 0.6)",0.7040031254291534,0.0909193754196167,0.14355719089508057,0
full,"(1.5, 8.0, 0.7, 0.6)",0.7931814193725586,0.18203085660934448,0.5408754348754883,0
full,"(1.5, 8.0, 0.7, 0.6)",0.7082616090774536,0.02219933271408081,0.25225675106048584,0
full,"(1.5, 8.0, 0.7, 0.6)",0.6960761547088623,0.11419332027435303,0.35433173179626465,0
full,"(1.5, 8.0, 0.7, 0.6)",0.7242340445518494,0.13751935958862305,0.051059842109680176,0
full,"(1.5, 8.0, 0.7, 0.6)",0.7421194612979889,0.11187899112701416,0.13275623321533203,0
full,"(1.5, 8.0, 0.7, 0.6)",0.716108649969101,0.05459839105606079,0.17543792724609375,0
full,"(1.5, 8.0, 0.7, -0.3)",0.7298776209354401,0.019760727882385254,0.2100820541381836,0
full,"(1.5, 8.0, 0.7, -0.3)",0.6991065144538879,0.026082932949066162,0.05862283706665039,0
full,"(1.5, 8.0, 0.7, -0.3)",0.7176628112792969,0.014953970909118652,0.08523035049438477,0
full,"(1.5, 8.0, 0.7, -0.3)",0.6866216063499451,0.16366249322891235,0.27261829376220703,0
full,"(1.5, 8.0, 0.7, -0.3)",0.6917846202850342,0.16416150331497192,0.3196824789047241,0
full,"(1.5, 8.0, 0.7, -0.3)",0.6871516704559326,0.07563650608062744,0.1668720245361328,0
full,"(1.5, 8.0, 0.7, -0.3)",0.6855747699737549,0.12867170572280884,0.2854790687561035,0
full,"(1.5, 8.0, 0.7, -0.3)",0.6815585792064667,0.20034456253051758,0.16626238822937012,0
full,"(1.5, 8.0, 0.7, -0.3)",0.6618407964706421,0.1382061243057251,0.3196946382522583,0
full,"(1.5, 8.0, 0.7, -0.3)",0.6700788736343384,0.10259699821472168,0.19864940643310547,0
full,"(1.5, 8.0, 0.7, -0.3)",0.696137547492981,0.06643873453140259,0.049330711364746094,0
full,"(1.5, 8.0, 0.7, -0.3)",0.7028448283672333,0.1746901273727417,0.4506068229675293,0
full,"(1.5, 8.0, 0.7, -0.3)",0.680375725030899,0.1222185492515564,0.19037485122680664,0
full,"(1.5, 8.0, 0.7, -0.3)",0.7140209078788757,0.1497012972831726,0.35658061504364014,0
full,"(1.5, 8.0, 0.7, -0.3)",0.750011146068573,0.07957005500793457,0.11465716361999512,0
full,"(1.5, 20.0, 0.3, 0.0)",0.7386287450790405,0.12052881717681885,0.18614602088928223,0
full,"(1.5, 20.0, 0.3, 0.0)",0.7242264151573181,0.14270997047424316,0.14815258979797363,0
full,"(1.5, 20.0, 0.3, 0.0)",0.8015788793563843,0.05220794677734375,0.03438138961791992,0
full,"(1.5, 20.0, 0.3, 0.0)",0.7655770182609558,0.0760393738746643,0.06346297264099121,0
full,"(1.5, 20.0, 0.3, 0.0)",0.7534248530864716,0.12614011764526367,0.14879262447357178,0
full,"(1.5, 20.0, 0.3, 0.0)",0.7036412060260773,0.0821986198425293,0.035210609436035156,0
full,"(1.5, 20.0, 0.3, 0.0)",0.7287328243255615,0.16353696584701538,0.233559250831604,0
full,"(1.5, 20.0, 0.3, 0.0)",0.7621265947818756,0.13718342781066895,0.17129170894622803,0
full,"(1.5, 20.0, 0.3, 0.0)",0.7399106621742249,0.18148255348205566,0.2488408088684082,0
full,"(1.5, 20.0, 0.3, 0.0)",0.733801931142807,0.16940009593963623,0.2818436622619629,0
full,"(1.5, 20.0, 0.3, 0.0)",0.7084246575832367,0.17653685808181763,0.2247716188430786,0
full,"(1.5, 20.0, 0.3, 0.0)",0.7432739734649658,0.24355876445770264,0.3317939043045044,0
full,"(1.5, 20.0, 0.3, 0.0)",0.712937742471695,0.16353029012680054,0.19166839122772217,0
full,"(1.5, 20.0, 0.3, 0.0)",0.7426861524581909,0.07113277912139893,0.1100010871887207,0
full,"(1.5, 20.0, 0.3, 0.0)",0.7433620989322662,0.17363405227661133,0.30718350410461426,0
full,"(1.5, 20.0, 0.3, 0.3)",0.7162518799304962,0.16000616550445557,0.09893321990966797,0
full,"(1.5, 20.0, 0.3, 0.3)",0.7700526416301727,0.0923607349395752,0.03921210765838623,0
full,"(1.5, 20.0, 0.3, 0.3)",0.7367573380470276,0.1411834955215454,0.20219671726226807,0
full,"(1.5, 20.0, 0.3, 0.3)",0.759952187538147,0.06464767456054688,0.026755332946777344,0
full,"(1.5, 20.0, 0.3, 0.3)",0.789953887462616,0.142572820186615,0.07330048084259033,0
full,"(1.5, 20.0, 0.3, 0.3)",0.7151845693588257,0.10094672441482544,0.008779764175415039,0
full,"(1.5, 20.0, 0.3, 0.3)",0.773327648639679,0.011145293712615967,0.0774691104888916,0
full,"(1.5, 20.0, 0.3, 0.3)",0.6970686316490173,0.17072921991348267,0.15336430072784424,0
full,"(1.5, 20.0, 0.3, 0.3)",0.7238479554653168,0.1286277174949646,0.17237043380737305,0
full,"(1.5, 20.0, 0.3, 0.3)",0.7254416048526764,0.05235624313354492,0.058736443519592285,0
full,"(1.5, 20.0, 0.3, 0.3)",0.7366302013397217,0.07640904188156128,0.05373728275299072,0
full,"(1.5, 20.0, 0.3, 0.3)",0.7441118657588959,0.17193907499313354,0.10271227359771729,0
full,"(1.5, 20.0, 0.3, 0.3)",0.7013041377067566,0.12341886758804321,0.07788574695587158,0
full,"(1.5, 20.0, 0.3, 0.3)",0.7405931353569031,0.07027274370193481,0.14869177341461182,0
full,"(1.5, 20.0, 0.3, 0.3)",0.7103776633739471,0.13072222471237183,0.2117764949798584,0
full,"(1.5, 20.0, 0.3, 0.6)",0.7836042642593384,0.09331858158111572,0.08456337451934814,0
full,"(1.5, 20.0, 0.3, 0.6)",0.7551178634166718,0.09394419193267822,0.41323256492614746,0
full,"(1.5, 20.0, 0.3, 0.6)",0.7672058641910553,0.079520583152771,0.18797552585601807,0
full,"(1.5, 20.0, 0.3, 0.6)",0.696546733379364,0.20810645818710327,0.10696911811828613,0
full,"(1.5, 20.0, 0.3, 0.6)",0.7797797620296478,0.0649450421333313,0.20783090591430664,0
full,"(1.5, 20.0, 0.3, 0.6)",0.749122828245163,0.14594823122024536,0.16036105155944824,0
full,"(1.5, 20.0, 0.3, 0.6)",0.8112907707691193,0.02753239870071411,0.2359384298324585,0
full,"(1.5, 20.0, 0.3, 0.6)",0.7490281462669373,0.13391083478927612,0.025980830192565918,0
full,"(1.5, 20.0, 0.3, 0.6)",0.7902743816375732,0.11606830358505249,0.14142584800720215,0
full,"(1.5, 20.0, 0.3, 0.6)",0.7229899168014526,0.14285916090011597,0.05550551414489746,0
full,"(1.5, 20.0, 0.3, 0.6)",0.7333330810070038,0.18769341707229614,0.10234153270721436,0
full,"(1.5, 20.0, 0.3, 0.6)",0.7282318472862244,0.21083974838256836,0.11775577068328857,0
full,"(1.5, 20.0, 0.3, 0.6)",0.7490526735782623,0.08116143941879272,0.016970038414001465,0
full,"(1.5, 20.0, 0.3, 0.6)",0.7112860977649689,0.13806825876235962,0.09089362621307373,0
full,"(1.5, 20.0, 0.3, 0.6)",0.7379669547080994,0.09942656755447388,0.020646214485168457,0
full,"(1.5, 20.0, 0.3, -0.3)",0.7657769024372101,0.16364675760269165,0.14811372756958008,0
full,"(1.5, 20.0, 0.3, -0.3)",0.7532362639904022,0.15783840417861938,0.2795236110687256,0
full,"(1.5, 20.0, 0.3, -0.3)",0.718724399805069,0.03674238920211792,0.057863473892211914,0
full,"(1.5, 20.0, 0.3, -0.3)",0.7176370024681091,0.22139686346054077,0.3607912063598633,0
full,"(1.5, 20.0, 0.3, -0.3)",0.7781502604484558,0.13842475414276123,0.26834940910339355,0
full,"(1.5, 20.0, 0.3, -0.3)",0.7378407716751099,0.18823671340942383,0.36815404891967773,0
full,"(1.5, 20.0, 0.3, -0.3)",0.7420653700828552,0.10128277540206909,0.17961406707763672,0
full,"(1.5, 20.0, 0.3, -0.3)",0.7511506974697113,0.023452341556549072,0.07679319381713867,0
full,"(1.5, 20.0, 0.3, -0.3)",0.746514081954956,0.01979595422744751,0.06176042556762695,0
full,"(1.5, 20.0, 0.3, -0.3)",0.710364043712616,0.12255752086639404,0.20833659172058105,0
full,"(1.5, 20.0, 0.3, -0.3)",0.7292076945304871,0.1906084418296814,0.34463393688201904,0
full,"(1.5, 20.0, 0.3, -0.3)",0.7351765632629395,0.1466502547264099,0.07274651527404785,0
full,"(1.5, 20.0, 0.3, -0.3)",0.7184054255485535,0.0907101035118103,0.21426606178283691,0
full,"(1.5, 20.0, 0.3, -0.3)",0.8019828200340271,0.12007933855056763,0.07803773880004883,0
full,"(1.5, 20.0, 0.3, -0.3)",0.7643589973449707,0.16628193855285645,0.2690620422363281,0
full,"(1.5, 20.0, 0.7, 0.0)",0.4896102547645569,0.04995322227478027,0.011842012405395508,0
full,"(1.5, 20.0, 0.7, 0.0)",0.48716801404953003,0.06534779071807861,0.08514130115509033,0
full,"(1.5, 20.0, 0.7, 0.0)",0.5003028213977814,0.07453286647796631,0.1306593418121338,0
full,"(1.5, 20.0, 0.7, 0.0)",0.5291312038898468,0.06098896265029907,0.02034926414489746,0
full,"(1.5, 20.0, 0.7, 0.0)",0.5216034054756165,0.07084691524505615,0.047209739685058594,0
full,"(1.5, 20.0, 0.7, 0.0)",0.4931657612323761,0.02860414981842041,0.0389711856842041,0
full,"(1.5, 20.0, 0.7, 0.0)",0.5302168428897858,0.08724242448806763,0.25400614738464355,0
full,"(1.5, 20.0, 0.7, 0.0)",0.5340352654457092,0.05214226245880127,0.11925554275512695,0
full,"(1.5, 20.0, 0.7, 0.0)",0.5469870567321777,0.1331767439842224,0.26563262939453125,0
full,"(1.5, 20.0, 0.7, 0.0)",0.5312415957450867,0.07977145910263062,0.07129287719726562,0
full,"(1.5, 20.0, 0.7, 0.0)",0.5398143529891968,0.08176666498184204,0.06579351425170898,0
full,"(1.5, 20.0, 0.7, 0.0)",0.5328942239284515,0.06226462125778198,0.050127506256103516,0
full,"(1.5, 20.0, 0.7, 0.0)",0.5124829262495041,0.05331563949584961,0.08948194980621338,0
full,"(1.5, 20.0, 0.7, 0.0)",0.4472876042127609,0.037699759006500244,0.00482022762298584,0
full,"(1.5, 20.0, 0.7, 0.0)",0.5599228143692017,0.15644127130508423,0.20137524604797363,0
full,"(1.5, 20.0, 0.7, 0.3)",0.5144038796424866,0.12449824810028076,0.23154973983764648,0
full,"(1.5, 20.0, 0.7, 0.3)",0.5179257690906525,0.03668791055679321,0.05328047275543213,0
full,"(1.5, 20.0, 0.7, 0.3)",0.5264812111854553,0.09631317853927612,0.12963366508483887,0
full,"(1.5, 20.0, 0.7, 0.3)",0.5290100574493408,0.13041460514068604,0.28726279735565186,0
full,"(1.5, 20.0, 0.7, 0.3)",0.48553842306137085,0.045790672302246094,0.14007306098937988,0
full,"(1.5, 20.0, 0.7, 0.3)",0.5241132229566574,0.056665897369384766,0.08326256275177002,0
full,"(1.5, 20.0, 0.7, 0.3)",0.48888348042964935,0.03974086046218872,0.05867278575897217,0
full,"(1.5, 20.0, 0.7, 0.3)",0.504990428686142,0.07722365856170654,0.04562735557556152,0
full,"(1.5, 20.0, 0.7, 0.3)",0.5311563313007355,0.0526047945022583,0.09894108772277832,0
full,"(1.5, 20.0, 0.7, 0.3)",0.4960055649280548,0.06206756830215454,0.05513787269592285,0
full,"(1.5, 20.0, 0.7, 0.3)",0.4796983301639557,0.04204666614532471,0.06800687313079834,0
full,"(1.5, 20.0, 0.7, 0.3)",0.5286232531070709,0.04570138454437256,0.08574187755584717,0
full,"(1.5, 20.0, 0.7, 0.3)",0.5194351524114609,0.013406574726104736,0.03894829750061035,0
full,"(1.5, 20.0, 0.7, 0.3)",0.5498830080032349,0.21223127841949463,0.31516599655151367,0
full,"(1.5, 20.0, 0.7, 0.3)",0.5104835033416748,0.027256667613983154,0.06664717197418213,0
full,"(1.5, 20.0, 0.7, 0.6)",0.5014055371284485,0.07443106174468994,0.052600741386413574,0
full,"(1.5, 20.0, 0.7, 0.6)",0.4973931163549423,0.014098644256591797,0.24498069286346436,0
full,"(1.5, 20.0, 0.7, 0.6)",0.5197024643421173,0.040867388248443604,0.13573205471038818,0
full,"(1.5, 20.0, 0.7, 0.6)",0.45787958800792694,0.035652875900268555,0.08652067184448242,0
full,"(1.5, 20.0, 0.7, 0.6)",0.5163676589727402,0.03566867113113403,0.1657949686050415,0
full,"(1.5, 20.0, 0.7, 0.6)",0.4937484413385391,0.006001293659210205,0.06752669811248779,0
full,"(1.5, 20.0, 0.7, 0.6)",0.4878530949354172,0.05958288908004761,0.10316216945648193,0
full,"(1.5, 20.0, 0.7, 0.6)",0.613795816898346,0.05533289909362793,0.2477421760559082,0
full,"(1.5, 20.0, 0.7, 0.6)",0.5172187387943268,0.10129690170288086,0.033007264137268066,0
full,"(1.5, 20.0, 0.7, 0.6)",0.5192060470581055,0.04342097043991089,0.2130221128463745,0
full,"(1.5, 20.0, 0.7, 0.6)",0.5456102788448334,0.0267179012298584,0.13608217239379883,0
full,"(1.5, 20.0, 0.7, 0.6)",0.5511219501495361,0.08090770244598389,0.22119760513305664,0
full,"(1.5, 20.0, 0.7, 0.6)",0.4777866303920746,0.01804053783416748,0.0954662561416626,0
full,"(1.5, 20.0, 0.7, 0.6)",0.5042611658573151,0.050987064838409424,0.19808101654052734,0
full,"(1.5, 20.0, 0.7, 0.6)",0.5399113893508911,0.034802377223968506,0.21921706199645996,0
full,"(1.5, 20.0, 0.7, -0.3)",0.5218252539634705,0.033685505390167236,0.008761405944824219,0
full,"(1.5, 20.0, 0.7, -0.3)",0.48951616883277893,0.028277337551116943,0.021542072296142578,0
full,"(1.5, 20.0, 0.7, -0.3)",0.5218940377235413,0.013150453567504883,0.01999211311340332,0
full,"(1.5, 20.0, 0.7, -0.3)",0.5522045195102692,0.07517766952514648,0.1624603271484375,0
full,"(1.5, 20.0, 0.7, -0.3)",0.5125375688076019,0.07287818193435669,0.05554986000061035,0
full,"(1.5, 20.0, 0.7, -0.3)",0.52669358253479,0.043097078800201416,0.0021555423736572266,0
full,"(1.5, 20.0, 0.7, -0.3)",0.5505391359329224,0.16664910316467285,0.15033793449401855,0
full,"(1.5, 20.0, 0.7, -0.3)",0.5177847146987915,0.08623093366622925,0.12934565544128418,0
full,"(1.5, 20.0, 0.7, -0.3)",0.46854017674922943,0.013784527778625488,0.024419784545898438,0
full,"(1.5, 20.0, 0.7, -0.3)",0.5014917850494385,0.06337964534759521,0.1197960376739502,0
full,"(1.5, 20.0, 0.7, -0.3)",0.5547839105129242,0.05320286750793457,0.07508158683776855,0
full,"(1.5, 20.0, 0.7, -0.3)",0.4821544289588928,0.020206868648529053,0.05454254150390625,0
full,"(1.5, 20.0, 0.7, -0.3)",0.5281541049480438,0.08604097366333008,0.014599919319152832,0
full,"(1.5, 20.0, 0.7, -0.3)",0.5610720217227936,0.11269354820251465,0.1350860595703125,0
full,"(1.5, 20.0, 0.7, -0.3)",0.5463825166225433,0.08005005121231079,0.0764925479888916,0
full,"(3.0, 8.0, 0.3, 0.0)",1.6382393836975098,0.4831148386001587,0.5855119228363037,0
full,"(3.0, 8.0, 0.3, 0.0)",1.6580488085746765,0.47866761684417725,0.6220588684082031,0
full,"(3.0, 8.0, 0.3, 0.0)",1.6572036743164062,0.37265288829803467,0.5415232181549072,0
full,"(3.0, 8.0, 0.3, 0.0)",1.5984580516815186,0.531075119972229,0.8523025512695312,0
full,"(3.0, 8.0, 0.3, 0.0)",1.755558729171753,0.42425060272216797,0.3921487331390381,0
full,"(3.0, 8.0, 0.3, 0.0)",1.7046354413032532,0.520566463470459,0.7187554836273193,0
full,"(3.0, 8.0, 0.3, 0.0)",1.7296188473701477,0.3950310945510864,0.5845367908477783,0
full,"(3.0, 8.0, 0.3, 0.0)",1.6734997034072876,0.36430227756500244,0.734830379486084,0
full,"(3.0, 8.0, 0.3, 0.0)",1.681811273097992,0.46914005279541016,0.574007511138916,0
full,"(3.0, 8.0, 0.3, 0.0)",1.703965187072754,0.31106579303741455,0.537245512008667,0
full,"(3.0, 8.0, 0.3, 0.0)",1.7746615409851074,0.3156801462173462,0.4772768020629883,0
full,"(3.0, 8.0, 0.3, 0.0)",1.642811357975006,0.4685204029083252,0.41757655143737793,0
full,"(3.0, 8.0, 0.3, 0.0)",1.7020589709281921,0.45059967041015625,0.5448148250579834,0
full,"(3.0, 8.0, 0.3, 0.0)",1.7374925017356873,0.4237862825393677,0.5738122463226318,0
full,"(3.0, 8.0, 0.3, 0.0)",1.7865660190582275,0.30416738986968994,0.24978280067443848,0
full,"(3.0, 8.0, 0.3, 0.3)",1.6948224902153015,0.5742267370223999,0.4366581439971924,0
full,"(3.0, 8.0, 0.3, 0.3)",1.72151517868042,0.5566871166229248,0.7290980815887451,0
full,"(3.0, 8.0, 0.3, 0.3)",1.6176550388336182,0.38767945766448975,0.3514742851257324,0
full,"(3.0, 8.0, 0.3, 0.3)",1.641418695449829,0.5144932270050049,0.3261699676513672,0
full,"(3.0, 8.0, 0.3, 0.3)",1.6971186995506287,0.24737548828125,0.09476232528686523,0
full,"(3.0, 8.0, 0.3, 0.3)",1.67203950881958,0.1932588815689087,0.12130904197692871,0
full,"(3.0, 8.0, 0.3, 0.3)",1.8309889435768127,0.2655123472213745,0.055554866790771484,0
full,"(3.0, 8.0, 0.3, 0.3)",1.619130253791809,0.5438538789749146,0.7721390724182129,0
full,"(3.0, 8.0, 0.3, 0.3)",1.635132908821106,0.4721866846084595,0.2440793514251709,0
full,"(3.0, 8.0, 0.3, 0.3)",1.6565747261047363,0.29376888275146484,0.18784141540527344,0
full,"(3.0, 8.0, 0.3, 0.3)",1.621405005455017,0.6341375112533569,0.6243696212768555,0
full,"(3.0, 8.0, 0.3, 0.3)",1.712489366531372,0.48912715911865234,0.45243263244628906,0
full,"(3.0, 8.0, 0.3, 0.3)",1.7164104580879211,0.48717546463012695,0.3116161823272705,0
full,"(3.0, 8.0, 0.3, 0.3)",1.6539605259895325,0.4339691400527954,0.1707746982574463,0
full,"(3.0, 8.0, 0.3, 0.3)",1.6701579093933105,0.3557850122451782,0.5287611484527588,0
full,"(3.0, 8.0, 0.3, 0.6)",1.6629590392112732,0.3991936445236206,0.00908660888671875,0
full,"(3.0, 8.0, 0.3, 0.6)",1.5950016379356384,0.5901497602462769,0.20542669296264648,0
full,"(3.0, 8.0, 0.3, 0.6)",1.7571541666984558,0.2877429723739624,0.4271202087402344,0
full,"(3.0, 8.0, 0.3, 0.6)",1.687307059764862,0.366497278213501,0.07324719429016113,0
full,"(3.0, 8.0, 0.3, 0.6)",1.6986635327339172,0.4542447328567505,0.00519871711730957,0
full,"(3.0, 8.0, 0.3, 0.6)",1.7435508966445923,0.2942628860473633,0.06134223937988281,0
full,"(3.0, 8.0, 0.3, 0.6)",1.698731541633606,0.4812530279159546,0.09016680717468262,0
full,"(3.0, 8.0, 0.3, 0.6)",1.6202731728553772,0.3659573793411255,0.025705814361572266,0
full,"(3.0, 8.0, 0.3, 0.6)",1.648325800895691,0.5082554817199707,0.25815725326538086,0
full,"(3.0, 8.0, 0.3, 0.6)",1.7515593767166138,0.328311562538147,0.18332982063293457,0
full,"(3.0, 8.0, 0.3, 0.6)",1.8215321898460388,0.3504902124404907,0.1604442596435547,0
full,"(3.0, 8.0, 0.3, 0.6)",1.7484705448150635,0.31603920459747314,0.14709734916687012,0
full,"(3.0, 8.0, 0.3, 0.6)",1.742021918296814,0.45850324630737305,0.0045888423919677734,0
full,"(3.0, 8.0, 0.3, 0.6)",1.7380627989768982,0.527878999710083,0.09058403968811035,0
full,"(3.0, 8.0, 0.3, 0.6)",1.7162110209465027,0.4754112958908081,0.11574482917785645,0
full,"(3.0, 8.0, 0.3, -0.3)",1.661285638809204,0.3194772005081177,0.6669771671295166,0
full,"(3.0, 8.0, 0.3, -0.3)",1.7494615316390991,0.38437962532043457,0.8408715724945068,0
full,"(3.0, 8.0, 0.3, -0.3)",1.6757890582084656,0.37283408641815186,0.8466095924377441,0
full,"(3.0, 8.0, 0.3, -0.3)",1.7697516083717346,0.406183123588562,0.7447109222412109,0
full,"(3.0, 8.0, 0.3, -0.3)",1.6440733671188354,0.4134254455566406,0.9248092174530029,0
full,"(3.0, 8.0, 0.3, -0.3)",1.7733911871910095,0.33185648918151855,0.5560574531555176,0
full,"(3.0, 8.0, 0.3, -0.3)",1.706649124622345,0.4858734607696533,0.7354445457458496,0
full,"(3.0, 8.0, 0.3, -0.3)",1.7228612899780273,0.42735159397125244,0.802577018737793,0
full,"(3.0, 8.0, 0.3, -0.3)",1.6988145112991333,0.38493430614471436,0.9483747482299805,0
full,"(3.0, 8.0, 0.3, -0.3)",1.6745792627334595,0.4464423656463623,0.7220821380615234,0
full,"(3.0, 8.0, 0.3, -0.3)",1.798600196838379,0.3391033411026001,0.7289581298828125,0
full,"(3.0, 8.0, 0.3, -0.3)",1.7152724266052246,0.3528006076812744,0.6693077087402344,0
full,"(3.0, 8.0, 0.3, -0.3)",1.866023063659668,0.3050243854522705,0.5490593910217285,0
full,"(3.0, 8.0, 0.3, -0.3)",1.6754977703094482,0.3598555326461792,0.5846338272094727,0
full,"(3.0, 8.0, 0.3, -0.3)",1.716836154460907,0.29310154914855957,0.5500202178955078,0
full,"(3.0, 8.0, 0.7, 0.0)",1.2467149496078491,0.13884413242340088,0.1364452838897705,0
full,"(3.0, 8.0, 0.7, 0.0)",1.2411966919898987,0.04168426990509033,0.006098747253417969,0
full,"(3.0, 8.0, 0.7, 0.0)",1.3448600769042969,0.10502517223358154,0.1318192481994629,0
full,"(3.0, 8.0, 0.7, 0.0)",1.2572599649429321,0.05999946594238281,0.1937241554260254,0
full,"(3.0, 8.0, 0.7, 0.0)",1.2551521062850952,0.016580581665039062,0.17657136917114258,0
full,"(3.0, 8.0, 0.7, 0.0)",1.2372283935546875,0.12671732902526855,0.02357006072998047,0
full,"(3.0, 8.0, 0.7, 0.0)",1.2666109800338745,0.1535327434539795,0.3204030990600586,0
full,"(3.0, 8.0, 0.7, 0.0)",1.2149825692176819,0.07803940773010254,0.059105634689331055,0
full,"(3.0, 8.0, 0.7, 0.0)",1.3640323877334595,0.2648489475250244,0.42021989822387695,0
full,"(3.0, 8.0, 0.7, 0.0)",1.1842662692070007,0.2477177381515503,0.2975959777832031,0
full,"(3.0, 8.0, 0.7, 0.0)",1.2776421904563904,0.07932078838348389,0.04786872863769531,0
full,"(3.0, 8.0, 0.7, 0.0)",1.2895406484603882,0.24265670776367188,0.05811595916748047,0
full,"(3.0, 8.0, 0.7, 0.0)",1.1990201473236084,0.08570146560668945,0.024539470672607422,0
full,"(3.0, 8.0, 0.7, 0.0)",1.3246830701828003,0.05936992168426514,0.04775047302246094,0
full,"(3.0, 8.0, 0.7, 0.0)",1.2536187171936035,0.13565373420715332,0.14345574378967285,0
full,"(3.0, 8.0, 0.7, 0.3)",1.2078530192375183,0.2347879409790039,0.2084670066833496,0
full,"(3.0, 8.0, 0.7, 0.3)",1.2221171855926514,0.09434962272644043,0.024249792098999023,0
full,"(3.0, 8.0, 0.7, 0.3)",1.3288019895553589,0.02091348171234131,0.09067630767822266,0
full,"(3.0, 8.0, 0.7, 0.3)",1.3134733438491821,0.18270111083984375,0.04058647155761719,0
full,"(3.0, 8.0, 0.7, 0.3)",1.2514817118644714,0.15485095977783203,0.07437562942504883,0
full,"(3.0, 8.0, 0.7, 0.3)",1.2606433629989624,0.07497358322143555,0.1941213607788086,0
full,"(3.0, 8.0, 0.7, 0.3)",1.265599250793457,0.07830703258514404,0.311598539352417,0
full,"(3.0, 8.0, 0.7, 0.3)",1.363481342792511,0.15988588333129883,0.46655869483947754,0
full,"(3.0, 8.0, 0.7, 0.3)",1.1760538816452026,0.1957613229751587,0.18271899223327637,0
full,"(3.0, 8.0, 0.7, 0.3)",1.2979114651679993,0.20589327812194824,0.18468952178955078,0
full,"(3.0, 8.0, 0.7, 0.3)",1.3264417052268982,0.19697439670562744,0.29633450508117676,0
full,"(3.0, 8.0, 0.7, 0.3)",1.2282655835151672,0.1539461612701416,0.07629036903381348,0
full,"(3.0, 8.0, 0.7, 0.3)",1.3372820019721985,0.11431050300598145,0.2323296070098877,0
full,"(3.0, 8.0, 0.7, 0.3)",1.2529674768447876,0.14067673683166504,0.1579878330230713,0
full,"(3.0, 8.0, 0.7, 0.3)",1.2335194945335388,0.12314462661743164,0.024288654327392578,0
full,"(3.0, 8.0, 0.7, 0.6)",1.2637143731117249,0.10492193698883057,0.36106395721435547,0
full,"(3.0, 8.0, 0.7, 0.6)",1.3216410875320435,0.01987016201019287,0.31392741203308105,0
full,"(3.0, 8.0, 0.7, 0.6)",1.3129088282585144,0.32420384883880615,0.5479974746704102,0
full,"(3.0, 8.0, 0.7, 0.6)",1.2936310768127441,0.13136768341064453,0.4494163990020752,0
full,"(3.0, 8.0, 0.7, 0.6)",1.3915459513664246,0.0786813497543335,0.7728142738342285,0
full,"(3.0, 8.0, 0.7, 0.6)",1.2949973940849304,0.22787749767303467,0.18408966064453125,0
full,"(3.0, 8.0, 0.7, 0.6)",1.1934310793876648,0.1759103536605835,0.17370104789733887,0
full,"(3.0, 8.0, 0.7, 0.6)",1.3425306677818298,0.03783857822418213,0.42215824127197266,0
full,"(3.0, 8.0, 0.7, 0.6)",1.3251758813858032,0.3182854652404785,0.20836639404296875,0
full,"(3.0, 8.0, 0.7, 0.6)",1.254097819328308,0.009443163871765137,0.08736753463745117,0
full,"(3.0, 8.0, 0.7, 0.6)",1.3141695857048035,0.14885318279266357,0.06788468360900879,0
full,"(3.0, 8.0, 0.7, 0.6)",1.2489746809005737,0.10063636302947998,0.48909544944763184,0
full,"(3.0, 8.0, 0.7, 0.6)",1.2601231932640076,0.13933181762695312,0.6156044006347656,0
full,"(3.0, 8.0, 0.7, 0.6)",1.3862078189849854,0.009415030479431152,0.45078325271606445,0
full,"(3.0, 8.0, 0.7, 0.6)",1.2706311345100403,0.16255342960357666,0.2755570411682129,0
full,"(3.0, 8.0, 0.7, -0.3)",1.1930464506149292,0.18349504470825195,0.22234153747558594,0
full,"(3.0, 8.0, 0.7, -0.3)",1.2353057861328125,0.1407454013824463,0.30966949462890625,0
full,"(3.0, 8.0, 0.7, -0.3)",1.1556427478790283,0.17857515811920166,0.17609119415283203,0
full,"(3.0, 8.0, 0.7, -0.3)",1.3050636649131775,0.060030341148376465,0.05075407028198242,0
full,"(3.0, 8.0, 0.7, -0.3)",1.2129334807395935,0.10518777370452881,0.024044036865234375,0
full,"(3.0, 8.0, 0.7, -0.3)",1.3318816423416138,0.06947159767150879,0.06767845153808594,0
full,"(3.0, 8.0, 0.7, -0.3)",1.2662084102630615,0.03959619998931885,0.2791919708251953,0
full,"(3.0, 8.0, 0.7, -0.3)",1.260203242301941,0.13836264610290527,0.3637657165527344,0
full,"(3.0, 8.0, 0.7, -0.3)",1.2502665519714355,0.20215940475463867,0.08832979202270508,0
full,"(3.0, 8.0, 0.7, -0.3)",1.2278347611427307,0.18374192714691162,0.19939613342285156,0
full,"(3.0, 8.0, 0.7, -0.3)",1.2828714847564697,0.08069443702697754,0.07310056686401367,0
full,"(3.0, 8.0, 0.7, -0.3)",1.266199767589569,0.13577497005462646,0.04749870300292969,0
full,"(3.0, 8.0, 0.7, -0.3)",1.1887753009796143,0.014607548713684082,0.07986831665039062,0
full,"(3.0, 8.0, 0.7, -0.3)",1.3444100618362427,0.19394457340240479,0.2433638572692871,0
full,"(3.0, 8.0, 0.7, -0.3)",1.3083247542381287,0.03970539569854736,0.08351612091064453,0
full,"(3.0, 20.0, 0.3, 0.0)",1.326068639755249,0.2638866901397705,0.3478105068206787,0
full,"(3.0, 20.0, 0.3, 0.0)",1.4237611293792725,0.04086709022521973,0.08518171310424805,0
full,"(3.0, 20.0, 0.3, 0.0)",1.3451679348945618,0.4011002779006958,0.6627025604248047,0
full,"(3.0, 20.0, 0.3, 0.0)",1.384056568145752,0.16789710521697998,0.40433406829833984,0
full,"(3.0, 20.0, 0.3, 0.0)",1.3972018957138062,0.20402514934539795,0.22153449058532715,0
full,"(3.0, 20.0, 0.3, 0.0)",1.3721345663070679,0.19680535793304443,0.19496870040893555,0
full,"(3.0, 20.0, 0.3, 0.0)",1.3809418678283691,0.14218151569366455,0.07354927062988281,0
full,"(3.0, 20.0, 0.3, 0.0)",1.3666049242019653,0.22691810131072998,0.21219205856323242,0
full,"(3.0, 20.0, 0.3, 0.0)",1.3724437952041626,0.1508728265762329,0.25244688987731934,0
full,"(3.0, 20.0, 0.3, 0.0)",1.322608232498169,0.2023622989654541,0.14345645904541016,0
full,"(3.0, 20.0, 0.3, 0.0)",1.3572619557380676,0.20617008209228516,0.0029654502868652344,0
full,"(3.0, 20.0, 0.3, 0.0)",1.3242336511611938,0.20599234104156494,0.3053090572357178,0
full,"(3.0, 20.0, 0.3, 0.0)",1.3996891975402832,0.18604934215545654,0.026556968688964844,0
full,"(3.0, 20.0, 0.3, 0.0)",1.361135721206665,0.3100416660308838,0.42970991134643555,0
full,"(3.0, 20.0, 0.3, 0.0)",1.2980194687843323,0.15498173236846924,0.23265957832336426,0
full,"(3.0, 20.0, 0.3, 0.3)",1.4162594676017761,0.241202712059021,0.1302037239074707,0
full,"(3.0, 20.0, 0.3, 0.3)",1.3233062028884888,0.10062038898468018,0.04997396469116211,0
full,"(3.0, 20.0, 0.3, 0.3)",1.3559110760688782,0.3318660259246826,0.16826319694519043,0
full,"(3.0, 20.0, 0.3, 0.3)",1.3914781212806702,0.12881922721862793,0.005439281463623047,0
full,"(3.0, 20.0, 0.3, 0.3)",1.3693666458129883,0.06467676162719727,0.0018124580383300781,0
full,"(3.0, 20.0, 0.3, 0.3)",1.33949613571167,0.22697341442108154,0.21557307243347168,0
full,"(3.0, 20.0, 0.3, 0.3)",1.3091968894004822,0.1733342409133911,0.16045022010803223,0
full,"(3.0, 20.0, 0.3, 0.3)",1.2676975727081299,0.30312108993530273,0.2780609130859375,0
full,"(3.0, 20.0, 0.3, 0.3)",1.421510100364685,0.16429126262664795,0.09647774696350098,0
full,"(3.0, 20.0, 0.3, 0.3)",1.300344705581665,0.2161264419555664,0.26902174949645996,0
full,"(3.0, 20.0, 0.3, 0.3)",1.2962656617164612,0.3147461414337158,0.27344322204589844,0
full,"(3.0, 20.0, 0.3, 0.3)",1.4734874963760376,0.11436581611633301,0.11031651496887207,0
full,"(3.0, 20.0, 0.3, 0.3)",1.2741364240646362,0.28001832962036133,0.5822410583496094,0
full,"(3.0, 20.0, 0.3, 0.3)",1.3855091333389282,0.312061071395874,0.21811461448669434,0
full,"(3.0, 20.0, 0.3, 0.3)",1.4082090854644775,0.3046708106994629,0.16341948509216309,0
full,"(3.0, 20.0, 0.3, 0.6)",1.414925217628479,0.28481006622314453,0.05003190040588379,0
full,"(3.0, 20.0, 0.3, 0.6)",1.3638842701911926,0.0459294319152832,0.34596753120422363,0
full,"(3.0, 20.0, 0.3, 0.6)",1.335908055305481,0.2327711582183838,0.22077512741088867,0
full,"(3.0, 20.0, 0.3, 0.6)",1.3157519102096558,0.15867960453033447,0.3072800636291504,0
full,"(3.0, 20.0, 0.3, 0.6)",1.2602115869522095,0.1811445951461792,0.1507422924041748,0
full,"(3.0, 20.0, 0.3, 0.6)",1.3367323875427246,0.1020815372467041,0.18422937393188477,0
full,"(3.0, 20.0, 0.3, 0.6)",1.3438465595245361,0.21210813522338867,0.01582026481628418,0
full,"(3.0, 20.0, 0.3, 0.6)",1.2815158367156982,0.2521618604660034,0.04375457763671875,0
full,"(3.0, 20.0, 0.3, 0.6)",1.4759135842323303,0.37364935874938965,0.16860413551330566,0
full,"(3.0, 20.0, 0.3, 0.6)",1.3807600736618042,0.22863316535949707,0.13420557975769043,0
full,"(3.0, 20.0, 0.3, 0.6)",1.3418676257133484,0.2918599843978882,0.13446784019470215,0
full,"(3.0, 20.0, 0.3, 0.6)",1.4427650570869446,0.2400038242340088,0.20453739166259766,0
full,"(3.0, 20.0, 0.3, 0.6)",1.389124870300293,0.23151695728302002,0.2449781894683838,0
full,"(3.0, 20.0, 0.3, 0.6)",1.3696746826171875,0.16005241870880127,0.2082064151763916,0
full,"(3.0, 20.0, 0.3, 0.6)",1.357389211654663,0.20798134803771973,0.20867538452148438,0
full,"(3.0, 20.0, 0.3, -0.3)",1.3603074550628662,0.2525160312652588,0.47366952896118164,0
full,"(3.0, 20.0, 0.3, -0.3)",1.3710048198699951,0.23249804973602295,0.6049823760986328,0
full,"(3.0, 20.0, 0.3, -0.3)",1.3193143606185913,0.18079674243927002,0.35336947441101074,0
full,"(3.0, 20.0, 0.3, -0.3)",1.3495348691940308,0.22763431072235107,0.5019001960754395,0
full,"(3.0, 20.0, 0.3, -0.3)",1.3960533738136292,0.28793632984161377,0.0574336051940918,0
full,"(3.0, 20.0, 0.3, -0.3)",1.3336313962936401,0.3092780113220215,0.605543851852417,0
full,"(3.0, 20.0, 0.3, -0.3)",1.3523153066635132,0.27831923961639404,0.4764585494995117,0
full,"(3.0, 20.0, 0.3, -0.3)",1.3448471426963806,0.2389436960220337,0.5000524520874023,0
full,"(3.0, 20.0, 0.3, -0.3)",1.380759835243225,0.20761704444885254,0.15477275848388672,0
full,"(3.0, 20.0, 0.3, -0.3)",1.3849946856498718,0.10810184478759766,0.2618732452392578,0
full,"(3.0, 20.0, 0.3, -0.3)",1.372722566127777,0.015110492706298828,0.2360544204711914,0
full,"(3.0, 20.0, 0.3, -0.3)",1.3414598107337952,0.25886499881744385,0.4813251495361328,0
full,"(3.0, 20.0, 0.3, -0.3)",1.5469539761543274,0.04424905776977539,0.2162456512451172,0
full,"(3.0, 20.0, 0.3, -0.3)",1.3544502258300781,0.21179747581481934,0.5452756881713867,0
full,"(3.0, 20.0, 0.3, -0.3)",1.3033210635185242,0.21785259246826172,0.41635680198669434,0
full,"(3.0, 20.0, 0.7, 0.0)",0.8177124559879303,0.04812169075012207,0.08413505554199219,0
full,"(3.0, 20.0, 0.7, 0.0)",0.8398119509220123,0.04240059852600098,0.05267143249511719,0
full,"(3.0, 20.0, 0.7, 0.0)",0.8405765295028687,0.12952947616577148,0.1331491470336914,0
full,"(3.0, 20.0, 0.7, 0.0)",0.8702449202537537,0.0397874116897583,0.010336875915527344,0
full,"(3.0, 20.0, 0.7, 0.0)",0.8342269957065582,0.03617250919342041,0.02137446403503418,0
full,"(3.0, 20.0, 0.7, 0.0)",0.7816173434257507,0.07522797584533691,0.043511390686035156,0
full,"(3.0, 20.0, 0.7, 0.0)",0.8635713160037994,0.09371376037597656,0.15400409698486328,0
full,"(3.0, 20.0, 0.7, 0.0)",0.8056986927986145,0.0839376449584961,0.19510436058044434,0
full,"(3.0, 20.0, 0.7, 0.0)",0.7948523163795471,0.14037597179412842,0.0013909339904785156,0
full,"(3.0, 20.0, 0.7, 0.0)",0.849664956331253,0.017844200134277344,0.1102304458618164,0
full,"(3.0, 20.0, 0.7, 0.0)",0.7767690122127533,0.052611470222473145,0.02887558937072754,0
full,"(3.0, 20.0, 0.7, 0.0)",0.8369771838188171,0.0781480073928833,0.006615161895751953,0
full,"(3.0, 20.0, 0.7, 0.0)",0.8803179562091827,0.06975972652435303,0.20021629333496094,0
full,"(3.0, 20.0, 0.7, 0.0)",0.7386318743228912,0.08565640449523926,0.15482306480407715,0
full,"(3.0, 20.0, 0.7, 0.0)",0.8445156812667847,0.05643153190612793,0.014031410217285156,0
full,"(3.0, 20.0, 0.7, 0.3)",0.8243843913078308,0.0296478271484375,0.04807901382446289,0
full,"(3.0, 20.0, 0.7, 0.3)",0.8362480103969574,0.028835177421569824,0.16392850875854492,0
full,"(3.0, 20.0, 0.7, 0.3)",0.7993559539318085,0.050664663314819336,0.03824353218078613,0
full,"(3.0, 20.0, 0.7, 0.3)",0.7872276306152344,0.032941222190856934,0.017162799835205078,0
full,"(3.0, 20.0, 0.7, 0.3)",0.818047046661377,0.06445586681365967,0.0768892765045166,0
full,"(3.0, 20.0, 0.7, 0.3)",0.773926168680191,0.10997724533081055,0.11743736267089844,0
full,"(3.0, 20.0, 0.7, 0.3)",0.8327508866786957,0.13077819347381592,0.1522068977355957,0
full,"(3.0, 20.0, 0.7, 0.3)",0.854060709476471,0.09526050090789795,0.03098917007446289,0
full,"(3.0, 20.0, 0.7, 0.3)",0.799727201461792,0.0805438756942749,0.14257287979125977,0
full,"(3.0, 20.0, 0.7, 0.3)",0.7415721416473389,0.07128679752349854,0.09775066375732422,0
full,"(3.0, 20.0, 0.7, 0.3)",0.8268662691116333,0.0941847562789917,0.061578989028930664,0
full,"(3.0, 20.0, 0.7, 0.3)",0.778657853603363,0.05373513698577881,0.058786630630493164,0
full,"(3.0, 20.0, 0.7, 0.3)",0.8116280138492584,0.03155314922332764,0.11140060424804688,0
full,"(3.0, 20.0, 0.7, 0.3)",0.8130224645137787,0.07604837417602539,0.17892718315124512,0
full,"(3.0, 20.0, 0.7, 0.3)",0.8718001842498779,0.04414522647857666,0.31322550773620605,0
full,"(3.0, 20.0, 0.7, 0.6)",0.8643958568572998,0.20644056797027588,0.6521213054656982,0
full,"(3.0, 20.0, 0.7, 0.6)",0.8058386147022247,0.0899883508682251,0.0829019546508789,0
full,"(3.0, 20.0, 0.7, 0.6)",0.8037081360816956,0.02483677864074707,0.0992727279663086,0
full,"(3.0, 20.0, 0.7, 0.6)",0.8383789658546448,0.05425715446472168,0.17879152297973633,0
full,"(3.0, 20.0, 0.7, 0.6)",0.8097182512283325,0.12899279594421387,0.07643556594848633,0
full,"(3.0, 20.0, 0.7, 0.6)",0.824393630027771,0.037137627601623535,0.26180577278137207,0
full,"(3.0, 20.0, 0.7, 0.6)",0.7944175601005554,0.07621181011199951,0.3603498935699463,0
full,"(3.0, 20.0, 0.7, 0.6)",0.8096898198127747,0.04398369789123535,0.18159937858581543,0
full,"(3.0, 20.0, 0.7, 0.6)",0.8495675623416901,0.07115828990936279,0.17449021339416504,0
full,"(3.0, 20.0, 0.7, 0.6)",0.7953632771968842,0.09050905704498291,0.33688998222351074,0
full,"(3.0, 20.0, 0.7, 0.6)",0.825416624546051,0.10166621208190918,0.28593897819519043,0
full,"(3.0, 20.0, 0.7, 0.6)",0.9584352076053619,0.11644613742828369,0.4051401615142822,0
full,"(3.0, 20.0, 0.7, 0.6)",0.7710253298282623,0.06177103519439697,0.18173718452453613,0
full,"(3.0, 20.0, 0.7, 0.6)",0.7447557747364044,0.07129943370819092,0.21466326713562012,0
full,"(3.0, 20.0, 0.7, 0.6)",0.7793752551078796,0.038869619369506836,0.1920008659362793,0
full,"(3.0, 20.0, 0.7, -0.3)",0.8605271577835083,0.08643090724945068,0.19208717346191406,0
full,"(3.0, 20.0, 0.7, -0.3)",0.8844806253910065,0.042778849601745605,0.13756990432739258,0
full,"(3.0, 20.0, 0.7, -0.3)",0.8168712258338928,0.009791851043701172,0.008024215698242188,0
full,"(3.0, 20.0, 0.7, -0.3)",0.8018420934677124,0.03942108154296875,0.08603239059448242,0
full,"(3.0, 20.0, 0.7, -0.3)",0.8857851922512054,0.035388946533203125,0.03933572769165039,0
full,"(3.0, 20.0, 0.7, -0.3)",0.7943520843982697,0.06584644317626953,0.06676721572875977,0
full,"(3.0, 20.0, 0.7, -0.3)",0.8059300184249878,0.07368612289428711,0.016553401947021484,0
full,"(3.0, 20.0, 0.7, -0.3)",0.8733968734741211,0.07720530033111572,0.001322031021118164,0
full,"(3.0, 20.0, 0.7, -0.3)",0.8001863062381744,0.09510231018066406,0.16846704483032227,0
full,"(3.0, 20.0, 0.7, -0.3)",0.9300535619258881,0.19223380088806152,0.24317693710327148,0
full,"(3.0, 20.0, 0.7, -0.3)",0.7784833908081055,0.11502575874328613,0.04901742935180664,0
full,"(3.0, 20.0, 0.7, -0.3)",0.7287703156471252,0.05877673625946045,0.07912063598632812,0
full,"(3.0, 20.0, 0.7, -0.3)",0.8330577909946442,0.09602570533752441,0.1630268096923828,0
full,"(3.0, 20.0, 0.7, -0.3)",0.7597239017486572,0.06429564952850342,0.10001850128173828,0
full,"(3.0, 20.0, 0.7, -0.3)",0.8522226810455322,0.058588624000549316,0.04400920867919922,0
full,"(1.5, 8.0, 0.3, 0.0)",0.895929604768753,0.330819308757782,0.3889493942260742,1
full,"(1.5, 8.0, 0.3, 0.0)",0.8720705509185791,0.3308412432670593,0.5087380409240723,1
full,"(1.5, 8.0, 0.3, 0.0)",0.9225257039070129,0.3334559202194214,0.47827863693237305,1
full,"(1.5, 8.0, 0.3, 0.0)",0.9223244488239288,0.294757604598999,0.39754700660705566,1
full,"(1.5, 8.0, 0.3, 0.0)",0.9023144543170929,0.26462167501449585,0.47372114658355713,1
full,"(1.5, 8.0, 0.3, 0.0)",0.8928055167198181,0.33475035429000854,0.46047091484069824,1
full,"(1.5, 8.0, 0.3, 0.0)",0.8568152189254761,0.32484084367752075,0.4457685947418213,1
full,"(1.5, 8.0, 0.3, 0.0)",0.9108880460262299,0.36855781078338623,0.6120983362197876,1
full,"(1.5, 8.0, 0.3, 0.0)",0.9261163473129272,0.2966386675834656,0.43961310386657715,1
full,"(1.5, 8.0, 0.3, 0.0)",0.9042300879955292,0.21611404418945312,0.2974628210067749,1
full,"(1.5, 8.0, 0.3, 0.0)",0.9183663725852966,0.2853391766548157,0.28501033782958984,1
full,"(1.5, 8.0, 0.3, 0.0)",0.9156343936920166,0.30563145875930786,0.4220445156097412,1
full,"(1.5, 8.0, 0.3, 0.0)",0.943691611289978,0.3872303366661072,0.4857076406478882,1
full,"(1.5, 8.0, 0.3, 0.0)",0.8909134268760681,0.23367542028427124,0.3678722381591797,1
full,"(1.5, 8.0, 0.3, 0.0)",0.8804009556770325,0.2728777527809143,0.3609045743942261,1
full,"(1.5, 8.0, 0.3, 0.3)",0.88811856508255,0.3277665376663208,0.3426363468170166,1
full,"(1.5, 8.0, 0.3, 0.3)",0.9098123908042908,0.3564901351928711,0.5154379606246948,1
full,"(1.5, 8.0, 0.3, 0.3)",0.8779748380184174,0.3342270255088806,0.39245402812957764,1
full,"(1.5, 8.0, 0.3, 0.3)",0.921369194984436,0.30741870403289795,0.29562222957611084,1
full,"(1.5, 8.0, 0.3, 0.3)",0.9241970181465149,0.2475680708885193,0.17248666286468506,1
full,"(1.5, 8.0, 0.3, 0.3)",0.9179857075214386,0.28889012336730957,0.34029150009155273,1
full,"(1.5, 8.0, 0.3, 0.3)",0.8689764142036438,0.26692795753479004,0.19409632682800293,1
full,"(1.5, 8.0, 0.3, 0.3)",0.9129073619842529,0.3763691186904907,0.5399870872497559,1
full,"(1.5, 8.0, 0.3, 0.3)",0.8454929888248444,0.37453195452690125,0.4016767740249634,1
full,"(1.5, 8.0, 0.3, 0.3)",0.929400771856308,0.3547394275665283,0.3761550188064575,1
full,"(1.5, 8.0, 0.3, 0.3)",0.9315913021564484,0.21811950206756592,0.11266446113586426,1
full,"(1.5, 8.0, 0.3, 0.3)",0.9698692560195923,0.35634857416152954,0.31072402000427246,1
full,"(1.5, 8.0, 0.3, 0.3)",0.8937479555606842,0.3104609251022339,0.25886070728302,1
full,"(1.5, 8.0, 0.3, 0.3)",0.9017438292503357,0.3657873272895813,0.4510904550552368,1
full,"(1.5, 8.0, 0.3, 0.3)",0.8861061930656433,0.33986085653305054,0.40097522735595703,1
full,"(1.5, 8.0, 0.3, 0.6)",0.9088872969150543,0.31403881311416626,0.14153826236724854,1
full,"(1.5, 8.0, 0.3, 0.6)",0.8952245116233826,0.3362548351287842,0.16450023651123047,1
full,"(1.5, 8.0, 0.3, 0.6)",0.9118717908859253,0.37071681022644043,0.1822192668914795,1
full,"(1.5, 8.0, 0.3, 0.6)",0.8686331510543823,0.29611736536026,0.09256219863891602,1
full,"(1.5, 8.0, 0.3, 0.6)",0.9081552028656006,0.35266202688217163,0.2575650215148926,1
full,"(1.5, 8.0, 0.3, 0.6)",0.8821560442447662,0.22258681058883667,0.04140353202819824,1
full,"(1.5, 8.0, 0.3, 0.6)",0.9044242799282074,0.3303305506706238,0.09359872341156006,1
full,"(1.5, 8.0, 0.3, 0.6)",0.9165019989013672,0.24772971868515015,0.11268210411071777,1
full,"(1.5, 8.0, 0.3, 0.6)",0.8997999727725983,0.30989962816238403,0.02997267246246338,1
full,"(1.5, 8.0, 0.3, 0.6)",0.9491464197635651,0.3684688210487366,0.2257479429244995,1
full,"(1.5, 8.0, 0.3, 0.6)",0.869337260723114,0.30969178676605225,0.16765546798706055,1
full,"(1.5, 8.0, 0.3, 0.6)",0.8920212090015411,0.4166957139968872,0.2899472713470459,1
full,"(1.5, 8.0, 0.3, 0.6)",0.8925833404064178,0.2471967339515686,0.03909611701965332,1
full,"(1.5, 8.0, 0.3, 0.6)",0.9563520550727844,0.18822097778320312,0.03215456008911133,1
full,"(1.5, 8.0, 0.3, 0.6)",0.9072925448417664,0.32702839374542236,0.0898207426071167,1
full,"(1.5, 8.0, 0.3, -0.3)",0.8865269422531128,0.28507351875305176,0.5555645227432251,1
full,"(1.5, 8.0, 0.3, -0.3)",0.9217266738414764,0.33676284551620483,0.4945356845855713,1
full,"(1.5, 8.0, 0.3, -0.3)",0.9171192049980164,0.28299230337142944,0.4555281400680542,1
full,"(1.5, 8.0, 0.3, -0.3)",0.9096229076385498,0.37171852588653564,0.6003549098968506,1
full,"(1.5, 8.0, 0.3, -0.3)",0.9191924929618835,0.2648969292640686,0.46967029571533203,1
full,"(1.5, 8.0, 0.3, -0.3)",0.9475436210632324,0.3299561142921448,0.5311126708984375,1
full,"(1.5, 8.0, 0.3, -0.3)",0.8705691397190094,0.26413285732269287,0.5721011161804199,1
full,"(1.5, 8.0, 0.3, -0.3)",0.925938069820404,0.3035302460193634,0.5817112922668457,1
full,"(1.5, 8.0, 0.3, -0.3)",0.918474406003952,0.30456697940826416,0.5099265575408936,1
full,"(1.5, 8.0, 0.3, -0.3)",0.9116072654724121,0.34235501289367676,0.5791261196136475,1
full,"(1.5, 8.0, 0.3, -0.3)",0.9098866283893585,0.2687988877296448,0.44225025177001953,1
full,"(1.5, 8.0, 0.3, -0.3)",0.9036603569984436,0.3266254663467407,0.5514800548553467,1
full,"(1.5, 8.0, 0.3, -0.3)",0.91128009557724,0.2593277096748352,0.4686307907104492,1
full,"(1.5, 8.0, 0.3, -0.3)",0.9377768337726593,0.3430076241493225,0.5312755107879639,1
full,"(1.5, 8.0, 0.3, -0.3)",0.9239570796489716,0.2917413115501404,0.5109577178955078,1
full,"(1.5, 8.0, 0.7, 0.0)",0.6763381958007812,0.14933031797409058,0.23574912548065186,1
full,"(1.5, 8.0, 0.7, 0.0)",0.7231385707855225,0.12897396087646484,0.22192513942718506,1
full,"(1.5, 8.0, 0.7, 0.0)",0.688301295042038,0.14145320653915405,0.26545190811157227,1
full,"(1.5, 8.0, 0.7, 0.0)",0.7355538010597229,0.17594152688980103,0.27567601203918457,1
full,"(1.5, 8.0, 0.7, 0.0)",0.7112847566604614,0.1441667675971985,0.10882973670959473,1
full,"(1.5, 8.0, 0.7, 0.0)",0.7374850809574127,0.14927029609680176,0.2517756223678589,1
full,"(1.5, 8.0, 0.7, 0.0)",0.7258809804916382,0.14608615636825562,0.2701706886291504,1
full,"(1.5, 8.0, 0.7, 0.0)",0.7322936356067657,0.11768686771392822,0.1838243007659912,1
full,"(1.5, 8.0, 0.7, 0.0)",0.7029361128807068,0.16606521606445312,0.3299216032028198,1
full,"(1.5, 8.0, 0.7, 0.0)",0.7595568597316742,0.16036534309387207,0.20974278450012207,1
full,"(1.5, 8.0, 0.7, 0.0)",0.7313210070133209,0.13666540384292603,0.21961307525634766,1
full,"(1.5, 8.0, 0.7, 0.0)",0.765789806842804,0.1547679901123047,0.21213698387145996,1
full,"(1.5, 8.0, 0.7, 0.0)",0.783585250377655,0.15381300449371338,0.1392374038696289,1
full,"(1.5, 8.0, 0.7, 0.0)",0.7324407398700714,0.2274274230003357,0.25514745712280273,1
full,"(1.5, 8.0, 0.7, 0.0)",0.7303104102611542,0.14420515298843384,0.2548784017562866,1
full,"(1.5, 8.0, 0.7, 0.3)",0.7151791453361511,0.1293756365776062,0.14878487586975098,1
full,"(1.5, 8.0, 0.7, 0.3)",0.7414655685424805,0.16374051570892334,0.11380529403686523,1
full,"(1.5, 8.0, 0.7, 0.3)",0.7395130395889282,0.0989958643913269,0.010822772979736328,1
full,"(1.5, 8.0, 0.7, 0.3)",0.7863861918449402,0.15681374073028564,0.05159890651702881,1
full,"(1.5, 8.0, 0.7, 0.3)",0.670500785112381,0.12376779317855835,0.10551238059997559,1
full,"(1.5, 8.0, 0.7, 0.3)",0.719834566116333,0.10794150829315186,0.07129800319671631,1
full,"(1.5, 8.0, 0.7, 0.3)",0.7001378536224365,0.13770753145217896,0.10827434062957764,1
full,"(1.5, 8.0, 0.7, 0.3)",0.7825781404972076,0.15242540836334229,0.01685786247253418,1
full,"(1.5, 8.0, 0.7, 0.3)",0.6863682270050049,0.10713493824005127,0.035858154296875,1
full,"(1.5, 8.0, 0.7, 0.3)",0.752847820520401,0.16507041454315186,0.07992672920227051,1
full,"(1.5, 8.0, 0.7, 0.3)",0.7598561942577362,0.07849597930908203,0.032485127449035645,1
full,"(1.5, 8.0, 0.7, 0.3)",0.7268294394016266,0.17502200603485107,0.21705222129821777,1
full,"(1.5, 8.0, 0.7, 0.3)",0.7231122553348541,0.1411699652671814,0.21037137508392334,1
full,"(1.5, 8.0, 0.7, 0.3)",0.664884626865387,0.15880614519119263,0.27426421642303467,1
full,"(1.5, 8.0, 0.7, 0.3)",0.6842150092124939,0.1332383155822754,0.18778622150421143,1
full,"(1.5, 8.0, 0.7, 0.6)",0.7136009931564331,0.15400362014770508,0.017520785331726074,1
full,"(1.5, 8.0, 0.7, 0.6)",0.6815870702266693,0.1867639422416687,0.05142498016357422,1
full,"(1.5, 8.0, 0.7, 0.6)",0.7566860020160675,0.14700812101364136,0.025989532470703125,1
full,"(1.5, 8.0, 0.7, 0.6)",0.7578200697898865,0.08757168054580688,0.09324908256530762,1
full,"(1.5, 8.0, 0.7, 0.6)",0.7078199982643127,0.16145747900009155,0.04728424549102783,1
full,"(1.5, 8.0, 0.7, 0.6)",0.7151284515857697,0.10874617099761963,0.05296146869659424,1
full,"(1.5, 8.0, 0.7, 0.6)",0.7648653388023376,0.16944622993469238,0.054732441902160645,1
full,"(1.5, 8.0, 0.7, 0.6)",0.7615253329277039,0.1524912714958191,0.10169100761413574,1
full,"(1.5, 8.0, 0.7, 0.6)",0.7523587644100189,0.07826709747314453,0.11563467979431152,1
full,"(1.5, 8.0, 0.7, 0.6)",0.7697022259235382,0.11846953630447388,0.25361740589141846,1
full,"(1.5, 8.0, 0.7, 0.6)",0.7364761233329773,0.09173023700714111,0.1717015504837036,1
full,"(1.5, 8.0, 0.7, 0.6)",0.7113492786884308,0.09581685066223145,0.06602811813354492,1
full,"(1.5, 8.0, 0.7, 0.6)",0.6923976540565491,0.12499666213989258,0.04503953456878662,1
full,"(1.5, 8.0, 0.7, 0.6)",0.707066535949707,0.1206209659576416,0.02707958221435547,1
full,"(1.5, 8.0, 0.7, 0.6)",0.6902110278606415,0.14970576763153076,0.046015262603759766,1
full,"(1.5, 8.0, 0.7, -0.3)",0.7494877278804779,0.21494626998901367,0.4382697343826294,1
full,"(1.5, 8.0, 0.7, -0.3)",0.7293875217437744,0.17795759439468384,0.3249332904815674,1
full,"(1.5, 8.0, 0.7, -0.3)",0.6764084994792938,0.09845554828643799,0.21422958374023438,1
full,"(1.5, 8.0, 0.7, -0.3)",0.6656861901283264,0.15072041749954224,0.2738304138183594,1
full,"(1.5, 8.0, 0.7, -0.3)",0.720902681350708,0.18054550886154175,0.3159494400024414,1
full,"(1.5, 8.0, 0.7, -0.3)",0.7186119556427002,0.1875152587890625,0.36545729637145996,1
full,"(1.5, 8.0, 0.7, -0.3)",0.7069552838802338,0.1431673765182495,0.12508606910705566,1
full,"(1.5, 8.0, 0.7, -0.3)",0.6963794529438019,0.15132677555084229,0.28740525245666504,1
full,"(1.5, 8.0, 0.7, -0.3)",0.6684593260288239,0.10531872510910034,0.09929752349853516,1
full,"(1.5, 8.0, 0.7, -0.3)",0.6735394895076752,0.10462123155593872,0.2073676586151123,1
full,"(1.5, 8.0, 0.7, -0.3)",0.7167220115661621,0.06271201372146606,0.11411523818969727,1
full,"(1.5, 8.0, 0.7, -0.3)",0.7525938153266907,0.1867850422859192,0.30848097801208496,1
full,"(1.5, 8.0, 0.7, -0.3)",0.7133918404579163,0.15938901901245117,0.32543444633483887,1
full,"(1.5, 8.0, 0.7, -0.3)",0.757680207490921,0.09216564893722534,0.20171356201171875,1
full,"(1.5, 8.0, 0.7, -0.3)",0.6694284975528717,0.10645312070846558,0.17284750938415527,1
full,"(1.5, 20.0, 0.3, 0.0)",0.7777277529239655,0.18972110748291016,0.2569904327392578,1
full,"(1.5, 20.0, 0.3, 0.0)",0.785673201084137,0.20589524507522583,0.2920973300933838,1
full,"(1.5, 20.0, 0.3, 0.0)",0.7470641732215881,0.1505347490310669,0.16624903678894043,1
full,"(1.5, 20.0, 0.3, 0.0)",0.7611529231071472,0.17776942253112793,0.2806224822998047,1
full,"(1.5, 20.0, 0.3, 0.0)",0.7976384162902832,0.24214231967926025,0.36041247844696045,1
full,"(1.5, 20.0, 0.3, 0.0)",0.7354768812656403,0.10926580429077148,0.09920799732208252,1
full,"(1.5, 20.0, 0.3, 0.0)",0.7921954989433289,0.17107290029525757,0.20386838912963867,1
full,"(1.5, 20.0, 0.3, 0.0)",0.7487822473049164,0.1255708932876587,0.12478280067443848,1
full,"(1.5, 20.0, 0.3, 0.0)",0.7537798881530762,0.22405093908309937,0.27670955657958984,1
full,"(1.5, 20.0, 0.3, 0.0)",0.7974669337272644,0.15684658288955688,0.21970534324645996,1
full,"(1.5, 20.0, 0.3, 0.0)",0.7882253527641296,0.18912917375564575,0.22668027877807617,1
full,"(1.5, 20.0, 0.3, 0.0)",0.7914837002754211,0.20632612705230713,0.3497190475463867,1
full,"(1.5, 20.0, 0.3, 0.0)",0.8221213817596436,0.19403564929962158,0.18066632747650146,1
full,"(1.5, 20.0, 0.3, 0.0)",0.7307841181755066,0.2215862274169922,0.2689119577407837,1
full,"(1.5, 20.0, 0.3, 0.0)",0.7486736178398132,0.18402737379074097,0.2920721769332886,1
full,"(1.5, 20.0, 0.3, 0.3)",0.7769685983657837,0.17320466041564941,0.1551673412322998,1
full,"(1.5, 20.0, 0.3, 0.3)",0.758103758096695,0.20450574159622192,0.21326124668121338,1
full,"(1.5, 20.0, 0.3, 0.3)",0.7915268838405609,0.22049862146377563,0.20334124565124512,1
full,"(1.5, 20.0, 0.3, 0.3)",0.7436976134777069,0.22040897607803345,0.2264009714126587,1
full,"(1.5, 20.0, 0.3, 0.3)",0.8049009740352631,0.1183009147644043,0.05294179916381836,1
full,"(1.5, 20.0, 0.3, 0.3)",0.7450256049633026,0.2078278660774231,0.2958345413208008,1
full,"(1.5, 20.0, 0.3, 0.3)",0.7426305115222931,0.17350643873214722,0.12037241458892822,1
full,"(1.5, 20.0, 0.3, 0.3)",0.7925318777561188,0.17831450700759888,0.1608361005783081,1
full,"(1.5, 20.0, 0.3, 0.3)",0.8179876804351807,0.21125870943069458,0.2540018558502197,1
full,"(1.5, 20.0, 0.3, 0.3)",0.7919311225414276,0.20402926206588745,0.22160792350769043,1
full,"(1.5, 20.0, 0.3, 0.3)",0.788442999124527,0.19533437490463257,0.13532578945159912,1
full,"(1.5, 20.0, 0.3, 0.3)",0.7879148721694946,0.1358245611190796,0.11450755596160889,1
full,"(1.5, 20.0, 0.3, 0.3)",0.7770418226718903,0.15560013055801392,0.1569499969482422,1
full,"(1.5, 20.0, 0.3, 0.3)",0.7661760151386261,0.08013010025024414,0.10081028938293457,1
full,"(1.5, 20.0, 0.3, 0.3)",0.7816532552242279,0.1485081911087036,0.16411256790161133,1
full,"(1.5, 20.0, 0.3, 0.6)",0.7761189639568329,0.16811418533325195,0.15549981594085693,1
full,"(1.5, 20.0, 0.3, 0.6)",0.7780673503875732,0.18679940700531006,0.014792323112487793,1
full,"(1.5, 20.0, 0.3, 0.6)",0.7585229277610779,0.21010667085647583,0.10742902755737305,1
full,"(1.5, 20.0, 0.3, 0.6)",0.7733174264431,0.08482402563095093,0.05928146839141846,1
full,"(1.5, 20.0, 0.3, 0.6)",0.7679349482059479,0.12435001134872437,0.00373995304107666,1
full,"(1.5, 20.0, 0.3, 0.6)",0.7647794783115387,0.21047371625900269,0.06926596164703369,1
full,"(1.5, 20.0, 0.3, 0.6)",0.7388402223587036,0.14363890886306763,0.07035863399505615,1
full,"(1.5, 20.0, 0.3, 0.6)",0.8175708949565887,0.21195095777511597,0.15227830410003662,1
full,"(1.5, 20.0, 0.3, 0.6)",0.7676378488540649,0.15115994215011597,0.06070208549499512,1
full,"(1.5, 20.0, 0.3, 0.6)",0.761672854423523,0.13348442316055298,0.09893155097961426,1
full,"(1.5, 20.0, 0.3, 0.6)",0.749753475189209,0.15497982501983643,0.06647276878356934,1
full,"(1.5, 20.0, 0.3, 0.6)",0.778929591178894,0.06722438335418701,0.06508803367614746,1
full,"(1.5, 20.0, 0.3, 0.6)",0.7878584563732147,0.14629441499710083,0.036963582038879395,1
full,"(1.5, 20.0, 0.3, 0.6)",0.7716889381408691,0.20127266645431519,0.23161101341247559,1
full,"(1.5, 20.0, 0.3, 0.6)",0.7875873744487762,0.21737539768218994,0.034690022468566895,1
full,"(1.5, 20.0, 0.3, -0.3)",0.7141273617744446,0.16928225755691528,0.33137965202331543,1
full,"(1.5, 20.0, 0.3, -0.3)",0.7414957582950592,0.18524402379989624,0.27397918701171875,1
full,"(1.5, 20.0, 0.3, -0.3)",0.7477392256259918,0.0986219048500061,0.19327211380004883,1
full,"(1.5, 20.0, 0.3, -0.3)",0.747018426656723,0.22613167762756348,0.4104959964752197,1
full,"(1.5, 20.0, 0.3, -0.3)",0.741741955280304,0.2177254557609558,0.4231750965118408,1
full,"(1.5, 20.0, 0.3, -0.3)",0.7273917496204376,0.1397990584373474,0.3337135314941406,1
full,"(1.5, 20.0, 0.3, -0.3)",0.7043555080890656,0.12363499402999878,0.24561166763305664,1
full,"(1.5, 20.0, 0.3, -0.3)",0.7201747596263885,0.1759732961654663,0.3742488622665405,1
full,"(1.5, 20.0, 0.3, -0.3)",0.8198297023773193,0.20633810758590698,0.32854247093200684,1
full,"(1.5, 20.0, 0.3, -0.3)",0.7512111067771912,0.038275063037872314,0.12890958786010742,1
full,"(1.5, 20.0, 0.3, -0.3)",0.8241837024688721,0.15099596977233887,0.3408176898956299,1
full,"(1.5, 20.0, 0.3, -0.3)",0.7642674446105957,0.20792996883392334,0.28334641456604004,1
full,"(1.5, 20.0, 0.3, -0.3)",0.7972399592399597,0.23559999465942383,0.3680298328399658,1
full,"(1.5, 20.0, 0.3, -0.3)",0.7703136205673218,0.1688401699066162,0.28635287284851074,1
full,"(1.5, 20.0, 0.3, -0.3)",0.8250390291213989,0.13352066278457642,0.27104973793029785,1
full,"(1.5, 20.0, 0.7, 0.0)",0.594255656003952,0.03752321004867554,0.08134746551513672,1
full,"(1.5, 20.0, 0.7, 0.0)",0.5332853496074677,0.006325125694274902,0.05705428123474121,1
full,"(1.5, 20.0, 0.7, 0.0)",0.5699215680360794,0.15298306941986084,0.3032228946685791,1
full,"(1.5, 20.0, 0.7, 0.0)",0.5698402225971222,0.027296006679534912,0.007530927658081055,1
full,"(1.5, 20.0, 0.7, 0.0)",0.5633336007595062,0.013190865516662598,0.028479576110839844,1
full,"(1.5, 20.0, 0.7, 0.0)",0.5555712282657623,0.027294695377349854,0.0064002275466918945,1
full,"(1.5, 20.0, 0.7, 0.0)",0.5569527447223663,0.03032785654067993,0.0421222448348999,1
full,"(1.5, 20.0, 0.7, 0.0)",0.5917000472545624,0.06712591648101807,0.06531548500061035,1
full,"(1.5, 20.0, 0.7, 0.0)",0.5855279564857483,0.12364572286605835,0.02560257911682129,1
full,"(1.5, 20.0, 0.7, 0.0)",0.5939404368400574,0.03928351402282715,0.050486087799072266,1
full,"(1.5, 20.0, 0.7, 0.0)",0.5522657632827759,0.035971879959106445,0.007630825042724609,1
full,"(1.5, 20.0, 0.7, 0.0)",0.5434244871139526,0.009801149368286133,0.059173583984375,1
full,"(1.5, 20.0, 0.7, 0.0)",0.6062238812446594,0.035911500453948975,0.01607537269592285,1
full,"(1.5, 20.0, 0.7, 0.0)",0.5985513627529144,0.015397071838378906,0.04263758659362793,1
full,"(1.5, 20.0, 0.7, 0.0)",0.5768303275108337,0.08592838048934937,0.0682992935180664,1
full,"(1.5, 20.0, 0.7, 0.3)",0.5718831121921539,0.05011469125747681,0.02865910530090332,1
full,"(1.5, 20.0, 0.7, 0.3)",0.5475550293922424,0.0776779055595398,0.07727527618408203,1
full,"(1.5, 20.0, 0.7, 0.3)",0.605597585439682,0.09647530317306519,0.21513354778289795,1
full,"(1.5, 20.0, 0.7, 0.3)",0.5505051910877228,0.032822370529174805,0.09039068222045898,1
full,"(1.5, 20.0, 0.7, 0.3)",0.5011633038520813,0.0212019681930542,0.07793116569519043,1
full,"(1.5, 20.0, 0.7, 0.3)",0.5475995093584061,0.03350412845611572,0.08227598667144775,1
full,"(1.5, 20.0, 0.7, 0.3)",0.6000284552574158,0.06144136190414429,0.11089599132537842,1
full,"(1.5, 20.0, 0.7, 0.3)",0.5685332864522934,0.03627651929855347,0.022545337677001953,1
full,"(1.5, 20.0, 0.7, 0.3)",0.5938542485237122,0.08327943086624146,0.08269333839416504,1
full,"(1.5, 20.0, 0.7, 0.3)",0.5299011617898941,0.01388484239578247,0.0635138750076294,1
full,"(1.5, 20.0, 0.7, 0.3)",0.5806337893009186,0.04532128572463989,0.008736252784729004,1
full,"(1.5, 20.0, 0.7, 0.3)",0.5889196693897247,0.050541043281555176,0.1195913553237915,1
full,"(1.5, 20.0, 0.7, 0.3)",0.53483647108078,0.042851924896240234,0.08005201816558838,1
full,"(1.5, 20.0, 0.7, 0.3)",0.6058065593242645,0.02420109510421753,0.017332911491394043,1
full,"(1.5, 20.0, 0.7, 0.3)",0.5110517293214798,0.025496959686279297,0.025165677070617676,1
full,"(1.5, 20.0, 0.7, 0.6)",0.5646165311336517,0.0449182391166687,0.031369566917419434,1
full,"(1.5, 20.0, 0.7, 0.6)",0.5965160429477692,0.040699541568756104,0.08026432991027832,1
full,"(1.5, 20.0, 0.7, 0.6)",0.567244291305542,0.04023885726928711,0.08032560348510742,1
full,"(1.5, 20.0, 0.7, 0.6)",0.6085857152938843,0.028816819190979004,0.06381607055664062,1
full,"(1.5, 20.0, 0.7, 0.6)",0.6079884171485901,0.004173219203948975,0.0977935791015625,1
full,"(1.5, 20.0, 0.7, 0.6)",0.5442312657833099,0.04354071617126465,0.15690159797668457,1
full,"(1.5, 20.0, 0.7, 0.6)",0.6088738441467285,0.03909289836883545,0.10976147651672363,1
full,"(1.5, 20.0, 0.7, 0.6)",0.5566149652004242,0.04441434144973755,0.009418487548828125,1
full,"(1.5, 20.0, 0.7, 0.6)",0.6214891076087952,0.02879476547241211,0.09993410110473633,1
full,"(1.5, 20.0, 0.7, 0.6)",0.5442342162132263,0.04972761869430542,0.03663051128387451,1
full,"(1.5, 20.0, 0.7, 0.6)",0.5474438071250916,0.03221559524536133,0.11733591556549072,1
full,"(1.5, 20.0, 0.7, 0.6)",0.5806732177734375,0.09195137023925781,0.028864145278930664,1
full,"(1.5, 20.0, 0.7, 0.6)",0.6035374999046326,0.02287006378173828,0.10669374465942383,1
full,"(1.5, 20.0, 0.7, 0.6)",0.6016820967197418,0.045253634452819824,0.0460585355758667,1
full,"(1.5, 20.0, 0.7, 0.6)",0.5663605034351349,0.03247565031051636,0.06929135322570801,1
full,"(1.5, 20.0, 0.7, -0.3)",0.6136049926280975,0.08233702182769775,0.016092777252197266,1
full,"(1.5, 20.0, 0.7, -0.3)",0.5926582515239716,0.02983832359313965,0.027907609939575195,1
full,"(1.5, 20.0, 0.7, -0.3)",0.5739955902099609,0.04630249738693237,0.06612443923950195,1
full,"(1.5, 20.0, 0.7, -0.3)",0.5753132402896881,0.03270375728607178,0.03840517997741699,1
full,"(1.5, 20.0, 0.7, -0.3)",0.6073972582817078,0.028490304946899414,0.026471614837646484,1
full,"(1.5, 20.0, 0.7, -0.3)",0.5867208540439606,0.021487891674041748,0.04137015342712402,1
full,"(1.5, 20.0, 0.7, -0.3)",0.661906510591507,0.07891994714736938,0.17978525161743164,1
full,"(1.5, 20.0, 0.7, -0.3)",0.5434600561857224,0.023790359497070312,0.007000446319580078,1
full,"(1.5, 20.0, 0.7, -0.3)",0.5757548213005066,0.06522393226623535,0.030647993087768555,1
full,"(1.5, 20.0, 0.7, -0.3)",0.5706757009029388,0.017540454864501953,0.003246784210205078,1
full,"(1.5, 20.0, 0.7, -0.3)",0.5622413754463196,0.03767287731170654,0.014117240905761719,1
full,"(1.5, 20.0, 0.7, -0.3)",0.5748530924320221,0.03351873159408569,0.05317533016204834,1
full,"(1.5, 20.0, 0.7, -0.3)",0.5822617560625076,0.03695642948150635,0.11643505096435547,1
full,"(1.5, 20.0, 0.7, -0.3)",0.6292678117752075,0.031055808067321777,0.17427659034729004,1
full,"(1.5, 20.0, 0.7, -0.3)",0.6004223823547363,0.016454458236694336,0.015967130661010742,1
full,"(3.0, 8.0, 0.3, 0.0)",1.701629638671875,0.4594050645828247,0.5294249057769775,1
full,"(3.0, 8.0, 0.3, 0.0)",1.6088989973068237,0.5265095233917236,0.7042958736419678,1
full,"(3.0, 8.0, 0.3, 0.0)",1.5950636863708496,0.5323648452758789,0.8335821628570557,1
full,"(3.0, 8.0, 0.3, 0.0)",1.6750805974006653,0.583707332611084,0.7877495288848877,1
full,"(3.0, 8.0, 0.3, 0.0)",1.6480584144592285,0.47770607471466064,0.7243356704711914,1
full,"(3.0, 8.0, 0.3, 0.0)",1.6322391033172607,0.5898524522781372,0.8277628421783447,1
full,"(3.0, 8.0, 0.3, 0.0)",1.7251340746879578,0.4581845998764038,0.7853395938873291,1
full,"(3.0, 8.0, 0.3, 0.0)",1.6280086040496826,0.6258208751678467,0.7463290691375732,1
full,"(3.0, 8.0, 0.3, 0.0)",1.6052095890045166,0.6239171028137207,1.0117416381835938,1
full,"(3.0, 8.0, 0.3, 0.0)",1.6134766340255737,0.7806978225708008,1.30161452293396,1
full,"(3.0, 8.0, 0.3, 0.0)",1.6306875348091125,0.6841481924057007,0.9266021251678467,1
full,"(3.0, 8.0, 0.3, 0.0)",1.6903517246246338,0.5182813405990601,0.6800632476806641,1
full,"(3.0, 8.0, 0.3, 0.0)",1.6182414293289185,0.6481269598007202,0.8976502418518066,1
full,"(3.0, 8.0, 0.3, 0.0)",1.6748602390289307,0.5879272222518921,0.8079023361206055,1
full,"(3.0, 8.0, 0.3, 0.0)",1.6485674977302551,0.5475891828536987,0.7821135520935059,1
full,"(3.0, 8.0, 0.3, 0.3)",1.6714295148849487,0.6521009206771851,0.5535664558410645,1
full,"(3.0, 8.0, 0.3, 0.3)",1.6763505935668945,0.6541820764541626,0.3838984966278076,1
full,"(3.0, 8.0, 0.3, 0.3)",1.5705421566963196,0.6980764865875244,0.896174430847168,1
full,"(3.0, 8.0, 0.3, 0.3)",1.6185511350631714,0.6589527130126953,0.49816465377807617,1
full,"(3.0, 8.0, 0.3, 0.3)",1.653092384338379,0.7707870006561279,0.960885763168335,1
full,"(3.0, 8.0, 0.3, 0.3)",1.667301058769226,0.6321879625320435,0.6810905933380127,1
full,"(3.0, 8.0, 0.3, 0.3)",1.614531934261322,0.5895427465438843,0.5578181743621826,1
full,"(3.0, 8.0, 0.3, 0.3)",1.6799467206001282,0.5022468566894531,0.34751081466674805,1
full,"(3.0, 8.0, 0.3, 0.3)",1.6816160678863525,0.22670221328735352,0.3326864242553711,1
full,"(3.0, 8.0, 0.3, 0.3)",1.6419745087623596,0.504859209060669,0.4932241439819336,1
full,"(3.0, 8.0, 0.3, 0.3)",1.653343379497528,0.5244486331939697,0.5343842506408691,1
full,"(3.0, 8.0, 0.3, 0.3)",1.6476776003837585,0.753889799118042,0.7462184429168701,1
full,"(3.0, 8.0, 0.3, 0.3)",1.5557230114936829,0.5048983097076416,0.7779560089111328,1
full,"(3.0, 8.0, 0.3, 0.3)",1.6507471203804016,0.6491747498512268,0.5311686992645264,1
full,"(3.0, 8.0, 0.3, 0.3)",1.6125167608261108,0.5123999118804932,0.5718655586242676,1
full,"(3.0, 8.0, 0.3, 0.6)",1.7442534565925598,0.49238622188568115,0.1575944423675537,1
full,"(3.0, 8.0, 0.3, 0.6)",1.6631702780723572,0.5488543510437012,0.3382357358932495,1
full,"(3.0, 8.0, 0.3, 0.6)",1.5746257901191711,0.6755784749984741,0.6214151382446289,1
full,"(3.0, 8.0, 0.3, 0.6)",1.733033835887909,0.700411319732666,0.39980077743530273,1
full,"(3.0, 8.0, 0.3, 0.6)",1.6019572019577026,0.6337846517562866,0.4890012741088867,1
full,"(3.0, 8.0, 0.3, 0.6)",1.5176366567611694,0.6173207759857178,0.3277440071105957,1
full,"(3.0, 8.0, 0.3, 0.6)",1.6534035205841064,0.6010787487030029,0.47464799880981445,1
full,"(3.0, 8.0, 0.3, 0.6)",1.6859968304634094,0.7148983478546143,0.3768935203552246,1
full,"(3.0, 8.0, 0.3, 0.6)",1.5755815505981445,0.7307189702987671,0.5492894649505615,1
full,"(3.0, 8.0, 0.3, 0.6)",1.673187017440796,0.4562258720397949,0.10226082801818848,1
full,"(3.0, 8.0, 0.3, 0.6)",1.6133131384849548,0.5053808689117432,0.21807599067687988,1
full,"(3.0, 8.0, 0.3, 0.6)",1.6102659702301025,0.588414192199707,0.3835427761077881,1
full,"(3.0, 8.0, 0.3, 0.6)",1.6382296085357666,0.6957245469093323,0.48671841621398926,1
full,"(3.0, 8.0, 0.3, 0.6)",1.6217957139015198,0.7217791676521301,0.49105048179626465,1
full,"(3.0, 8.0, 0.3, 0.6)",1.6671822667121887,0.46572208404541016,0.03313422203063965,1
full,"(3.0, 8.0, 0.3, -0.3)",1.6478396654129028,0.5822128057479858,1.057020664215088,1
full,"(3.0, 8.0, 0.3, -0.3)",1.6174693703651428,0.7564834356307983,1.4097723960876465,1
full,"(3.0, 8.0, 0.3, -0.3)",1.6437163352966309,0.4984755516052246,1.0325450897216797,1
full,"(3.0, 8.0, 0.3, -0.3)",1.617950677871704,0.5606575012207031,1.07542085647583,1
full,"(3.0, 8.0, 0.3, -0.3)",1.6181824207305908,0.4948183298110962,0.9189910888671875,1
full,"(3.0, 8.0, 0.3, -0.3)",1.7240220308303833,0.5325227975845337,0.9781899452209473,1
full,"(3.0, 8.0, 0.3, -0.3)",1.6370885372161865,0.6572437286376953,1.0545861721038818,1
full,"(3.0, 8.0, 0.3, -0.3)",1.7306386828422546,0.593684196472168,1.180199384689331,1
full,"(3.0, 8.0, 0.3, -0.3)",1.5519421100616455,0.6885719299316406,1.0504107475280762,1
full,"(3.0, 8.0, 0.3, -0.3)",1.6389579772949219,0.8236351013183594,1.2488362789154053,1
full,"(3.0, 8.0, 0.3, -0.3)",1.6532514691352844,0.45519816875457764,0.7771239280700684,1
full,"(3.0, 8.0, 0.3, -0.3)",1.6323281526565552,0.6694597005844116,0.9836628437042236,1
full,"(3.0, 8.0, 0.3, -0.3)",1.640745222568512,0.627630352973938,1.0650441646575928,1
full,"(3.0, 8.0, 0.3, -0.3)",1.7098862528800964,0.423409104347229,0.814795970916748,1
full,"(3.0, 8.0, 0.3, -0.3)",1.6612979173660278,0.6834274530410767,1.1231062412261963,1
full,"(3.0, 8.0, 0.7, 0.0)",1.23151433467865,0.23287785053253174,0.3780231475830078,1
full,"(3.0, 8.0, 0.7, 0.0)",1.2601485848426819,0.19494283199310303,0.26032447814941406,1
full,"(3.0, 8.0, 0.7, 0.0)",1.2026211619377136,0.19425225257873535,0.09398603439331055,1
full,"(3.0, 8.0, 0.7, 0.0)",1.225675880908966,0.2681620121002197,0.5525155067443848,1
full,"(3.0, 8.0, 0.7, 0.0)",1.2506006956100464,0.21398580074310303,0.23664140701293945,1
full,"(3.0, 8.0, 0.7, 0.0)",1.2191619277000427,0.20618009567260742,0.28011274337768555,1
full,"(3.0, 8.0, 0.7, 0.0)",1.1624029278755188,0.2827099561691284,0.5040137767791748,1
full,"(3.0, 8.0, 0.7, 0.0)",1.2161306142807007,0.15014898777008057,0.17084503173828125,1
full,"(3.0, 8.0, 0.7, 0.0)",1.2303966879844666,0.18236660957336426,0.27787160873413086,1
full,"(3.0, 8.0, 0.7, 0.0)",1.2485971450805664,0.21495628356933594,0.4316697120666504,1
full,"(3.0, 8.0, 0.7, 0.0)",1.2586982250213623,0.09214520454406738,0.37566280364990234,1
full,"(3.0, 8.0, 0.7, 0.0)",1.2804057002067566,0.2409217357635498,0.471987247467041,1
full,"(3.0, 8.0, 0.7, 0.0)",1.235076665878296,0.12114942073822021,0.11136674880981445,1
full,"(3.0, 8.0, 0.7, 0.0)",1.2569843530654907,0.053266048431396484,0.18760061264038086,1
full,"(3.0, 8.0, 0.7, 0.0)",1.2472134232521057,0.16603410243988037,0.1314983367919922,1
full,"(3.0, 8.0, 0.7, 0.3)",1.2365815043449402,0.26477086544036865,0.1299610137939453,1
full,"(3.0, 8.0, 0.7, 0.3)",1.260417103767395,0.10854959487915039,0.12825894355773926,1
full,"(3.0, 8.0, 0.7, 0.3)",1.2703558206558228,0.21713638305664062,0.3132948875427246,1
full,"(3.0, 8.0, 0.7, 0.3)",1.255160391330719,0.1369948387145996,0.030380964279174805,1
full,"(3.0, 8.0, 0.7, 0.3)",1.1967118978500366,0.06132209300994873,0.04563093185424805,1
full,"(3.0, 8.0, 0.7, 0.3)",1.1611889004707336,0.20984530448913574,0.049841880798339844,1
full,"(3.0, 8.0, 0.7, 0.3)",1.2520069479942322,0.011133313179016113,0.12810277938842773,1
full,"(3.0, 8.0, 0.7, 0.3)",1.2232377529144287,0.26180553436279297,0.296278715133667,1
full,"(3.0, 8.0, 0.7, 0.3)",1.220742106437683,0.25036323070526123,0.28485727310180664,1
full,"(3.0, 8.0, 0.7, 0.3)",1.2589978575706482,0.3214423656463623,0.38478994369506836,1
full,"(3.0, 8.0, 0.7, 0.3)",1.235556960105896,0.07743144035339355,0.10433268547058105,1
full,"(3.0, 8.0, 0.7, 0.3)",1.170573353767395,0.1575934886932373,0.13319134712219238,1
full,"(3.0, 8.0, 0.7, 0.3)",1.1923282146453857,0.12026524543762207,0.1433107852935791,1
full,"(3.0, 8.0, 0.7, 0.3)",1.2524453997612,0.15439438819885254,0.06800341606140137,1
full,"(3.0, 8.0, 0.7, 0.3)",1.2662753462791443,0.17254853248596191,0.10102343559265137,1
full,"(3.0, 8.0, 0.7, 0.6)",1.2449836730957031,0.2139195203781128,0.04440426826477051,1
full,"(3.0, 8.0, 0.7, 0.6)",1.2369860410690308,0.3451598882675171,0.23042750358581543,1
full,"(3.0, 8.0, 0.7, 0.6)",1.2408462166786194,0.1591176986694336,0.1815633773803711,1
full,"(3.0, 8.0, 0.7, 0.6)",1.3515241146087646,0.03572046756744385,0.36547017097473145,1
full,"(3.0, 8.0, 0.7, 0.6)",1.1859958171844482,0.29600000381469727,0.12825465202331543,1
full,"(3.0, 8.0, 0.7, 0.6)",1.2948753833770752,0.08894145488739014,0.15520644187927246,1
full,"(3.0, 8.0, 0.7, 0.6)",1.2228089570999146,0.0966559648513794,0.02052140235900879,1
full,"(3.0, 8.0, 0.7, 0.6)",1.2294843196868896,0.20582127571105957,0.03271365165710449,1
full,"(3.0, 8.0, 0.7, 0.6)",1.180595874786377,0.10160386562347412,0.027046918869018555,1
full,"(3.0, 8.0, 0.7, 0.6)",1.1762040853500366,0.20296776294708252,0.010560274124145508,1
full,"(3.0, 8.0, 0.7, 0.6)",1.2039211988449097,0.172896146774292,0.08310937881469727,1
full,"(3.0, 8.0, 0.7, 0.6)",1.2420249581336975,0.24222326278686523,0.15375423431396484,1
full,"(3.0, 8.0, 0.7, 0.6)",1.1371652483940125,0.1544802188873291,0.08466649055480957,1
full,"(3.0, 8.0, 0.7, 0.6)",1.2079554796218872,0.23387682437896729,0.09674525260925293,1
full,"(3.0, 8.0, 0.7, 0.6)",1.187804102897644,0.1618938446044922,0.08299112319946289,1
full,"(3.0, 8.0, 0.7, -0.3)",1.2587541937828064,0.1076509952545166,0.36647558212280273,1
full,"(3.0, 8.0, 0.7, -0.3)",1.2763981223106384,0.26150083541870117,0.4964442253112793,1
full,"(3.0, 8.0, 0.7, -0.3)",1.1540462374687195,0.10023725032806396,0.13780879974365234,1
full,"(3.0, 8.0, 0.7, -0.3)",1.21059250831604,0.47226572036743164,0.7721147537231445,1
full,"(3.0, 8.0, 0.7, -0.3)",1.2081363797187805,0.255979061126709,0.5477244853973389,1
full,"(3.0, 8.0, 0.7, -0.3)",1.075514554977417,0.2930053472518921,0.4659404754638672,1
full,"(3.0, 8.0, 0.7, -0.3)",1.220139741897583,0.18705737590789795,0.30204057693481445,1
full,"(3.0, 8.0, 0.7, -0.3)",1.114982545375824,0.23115479946136475,0.4406428337097168,1
full,"(3.0, 8.0, 0.7, -0.3)",1.2451105117797852,0.1654815673828125,0.3264889717102051,1
full,"(3.0, 8.0, 0.7, -0.3)",1.2361969351768494,0.12487566471099854,0.2980232238769531,1
full,"(3.0, 8.0, 0.7, -0.3)",1.2677555084228516,0.042458534240722656,0.21058154106140137,1
full,"(3.0, 8.0, 0.7, -0.3)",1.2372319102287292,0.29064643383026123,0.523155689239502,1
full,"(3.0, 8.0, 0.7, -0.3)",1.2393816113471985,0.31502866744995117,0.6098694801330566,1
full,"(3.0, 8.0, 0.7, -0.3)",1.1850640773773193,0.23600494861602783,0.3318443298339844,1
full,"(3.0, 8.0, 0.7, -0.3)",1.2660746574401855,0.222753643989563,0.39687585830688477,1
full,"(3.0, 20.0, 0.3, 0.0)",1.3217799067497253,0.38959801197052,0.4917473793029785,1
full,"(3.0, 20.0, 0.3, 0.0)",1.3077130317687988,0.36670804023742676,0.520594596862793,1
full,"(3.0, 20.0, 0.3, 0.0)",1.3463655710220337,0.2879447937011719,0.40196967124938965,1
full,"(3.0, 20.0, 0.3, 0.0)",1.395397663116455,0.3573802709579468,0.49239587783813477,1
full,"(3.0, 20.0, 0.3, 0.0)",1.2877888083457947,0.302648663520813,0.5526258945465088,1
full,"(3.0, 20.0, 0.3, 0.0)",1.3645976185798645,0.28309571743011475,0.4553248882293701,1
full,"(3.0, 20.0, 0.3, 0.0)",1.288678228855133,0.41603410243988037,0.5930533409118652,1
full,"(3.0, 20.0, 0.3, 0.0)",1.285736322402954,0.35035955905914307,0.5359864234924316,1
full,"(3.0, 20.0, 0.3, 0.0)",1.334471881389618,0.3315318822860718,0.4989936351776123,1
full,"(3.0, 20.0, 0.3, 0.0)",1.3148501515388489,0.292972207069397,0.38084864616394043,1
full,"(3.0, 20.0, 0.3, 0.0)",1.3000025153160095,0.35789740085601807,0.6311843395233154,1
full,"(3.0, 20.0, 0.3, 0.0)",1.3452943563461304,0.40725767612457275,0.46352195739746094,1
full,"(3.0, 20.0, 0.3, 0.0)",1.2921711802482605,0.26234519481658936,0.6023623943328857,1
full,"(3.0, 20.0, 0.3, 0.0)",1.2760518789291382,0.42477893829345703,0.5977268218994141,1
full,"(3.0, 20.0, 0.3, 0.0)",1.3578617572784424,0.29105043411254883,0.4002678394317627,1
full,"(3.0, 20.0, 0.3, 0.3)",1.3676718473434448,0.30572712421417236,0.1971721649169922,1
full,"(3.0, 20.0, 0.3, 0.3)",1.288587749004364,0.3526496887207031,0.3144261837005615,1
full,"(3.0, 20.0, 0.3, 0.3)",1.3885868787765503,0.37283146381378174,0.31447291374206543,1
full,"(3.0, 20.0, 0.3, 0.3)",1.3518760204315186,0.25776422023773193,0.23972797393798828,1
full,"(3.0, 20.0, 0.3, 0.3)",1.2960463166236877,0.21028292179107666,0.11419558525085449,1
full,"(3.0, 20.0, 0.3, 0.3)",1.289445698261261,0.38336992263793945,0.28674840927124023,1
full,"(3.0, 20.0, 0.3, 0.3)",1.4235817193984985,0.02733898162841797,0.1747899055480957,1
full,"(3.0, 20.0, 0.3, 0.3)",1.2472821474075317,0.35802149772644043,0.447589635848999,1
full,"(3.0, 20.0, 0.3, 0.3)",1.3671745657920837,0.4087340831756592,0.44855809211730957,1
full,"(3.0, 20.0, 0.3, 0.3)",1.2968621253967285,0.3111327886581421,0.44629740715026855,1
full,"(3.0, 20.0, 0.3, 0.3)",1.3803263902664185,0.2956298589706421,0.211714506149292,1
full,"(3.0, 20.0, 0.3, 0.3)",1.2610654830932617,0.40128910541534424,0.5117506980895996,1
full,"(3.0, 20.0, 0.3, 0.3)",1.3622770309448242,0.44366419315338135,0.3258957862854004,1
full,"(3.0, 20.0, 0.3, 0.3)",1.263496994972229,0.3285636901855469,0.35221076011657715,1
full,"(3.0, 20.0, 0.3, 0.3)",1.346470832824707,0.26769590377807617,0.21162033081054688,1
full,"(3.0, 20.0, 0.3, 0.6)",1.3412659764289856,0.22999846935272217,0.0118560791015625,1
full,"(3.0, 20.0, 0.3, 0.6)",1.2816473841667175,0.397419810295105,0.18308472633361816,1
full,"(3.0, 20.0, 0.3, 0.6)",1.340522587299347,0.2931704521179199,0.08420443534851074,1
full,"(3.0, 20.0, 0.3, 0.6)",1.286394715309143,0.3360081911087036,0.19973254203796387,1
full,"(3.0, 20.0, 0.3, 0.6)",1.484084129333496,0.20198547840118408,0.050980329513549805,1
full,"(3.0, 20.0, 0.3, 0.6)",1.3858717679977417,0.21658146381378174,0.14410686492919922,1
full,"(3.0, 20.0, 0.3, 0.6)",1.2629475593566895,0.23331165313720703,0.07473278045654297,1
full,"(3.0, 20.0, 0.3, 0.6)",1.3355967998504639,0.4522823095321655,0.13787031173706055,1
full,"(3.0, 20.0, 0.3, 0.6)",1.3340766429901123,0.30669844150543213,0.13889050483703613,1
full,"(3.0, 20.0, 0.3, 0.6)",1.3032569289207458,0.2552602291107178,0.06055736541748047,1
full,"(3.0, 20.0, 0.3, 0.6)",1.272180199623108,0.31147825717926025,0.14424467086791992,1
full,"(3.0, 20.0, 0.3, 0.6)",1.3437288999557495,0.2897573709487915,0.11220455169677734,1
full,"(3.0, 20.0, 0.3, 0.6)",1.4223037958145142,0.31987667083740234,0.1457350254058838,1
full,"(3.0, 20.0, 0.3, 0.6)",1.2725049257278442,0.35291123390197754,0.23233389854431152,1
full,"(3.0, 20.0, 0.3, 0.6)",1.3293452858924866,0.30007505416870117,0.1162562370300293,1
full,"(3.0, 20.0, 0.3, -0.3)",1.2648106217384338,0.4346669912338257,0.6311428546905518,1
full,"(3.0, 20.0, 0.3, -0.3)",1.3435837626457214,0.15823328495025635,0.19343900680541992,1
full,"(3.0, 20.0, 0.3, -0.3)",1.3180422186851501,0.22697973251342773,0.3174562454223633,1
full,"(3.0, 20.0, 0.3, -0.3)",1.3281394243240356,0.28625476360321045,0.405487060546875,1
full,"(3.0, 20.0, 0.3, -0.3)",1.4217268824577332,0.483272910118103,0.8527121543884277,1
full,"(3.0, 20.0, 0.3, -0.3)",1.3206817507743835,0.3473001718521118,0.6318502426147461,1
full,"(3.0, 20.0, 0.3, -0.3)",1.3808958530426025,0.31154298782348633,0.5689506530761719,1
full,"(3.0, 20.0, 0.3, -0.3)",1.2970967292785645,0.26183080673217773,0.5155386924743652,1
full,"(3.0, 20.0, 0.3, -0.3)",1.3255968689918518,0.28925204277038574,0.46130847930908203,1
full,"(3.0, 20.0, 0.3, -0.3)",1.2254757285118103,0.26775074005126953,0.37387609481811523,1
full,"(3.0, 20.0, 0.3, -0.3)",1.318480670452118,0.3586413860321045,0.5511150360107422,1
full,"(3.0, 20.0, 0.3, -0.3)",1.32927668094635,0.3505035638809204,0.4972062110900879,1
full,"(3.0, 20.0, 0.3, -0.3)",1.4015069603919983,0.25096559524536133,0.35723400115966797,1
full,"(3.0, 20.0, 0.3, -0.3)",1.3476231694221497,0.3020150661468506,0.5720005035400391,1
full,"(3.0, 20.0, 0.3, -0.3)",1.3436813950538635,0.37371206283569336,0.6178689002990723,1
full,"(3.0, 20.0, 0.7, 0.0)",0.8245928287506104,0.04054903984069824,0.07625627517700195,1
full,"(3.0, 20.0, 0.7, 0.0)",0.8528023064136505,0.0854729413986206,0.022821426391601562,1
full,"(3.0, 20.0, 0.7, 0.0)",0.8044193983078003,0.11555182933807373,0.08713626861572266,1
full,"(3.0, 20.0, 0.7, 0.0)",0.7812560796737671,0.10972785949707031,0.2277817726135254,1
full,"(3.0, 20.0, 0.7, 0.0)",0.8164056241512299,0.08112180233001709,0.0362553596496582,1
full,"(3.0, 20.0, 0.7, 0.0)",0.7787227630615234,0.0907752513885498,0.03902006149291992,1
full,"(3.0, 20.0, 0.7, 0.0)",0.804941862821579,0.044185638427734375,0.15159320831298828,1
full,"(3.0, 20.0, 0.7, 0.0)",0.7964868545532227,0.13251352310180664,0.09611320495605469,1
full,"(3.0, 20.0, 0.7, 0.0)",0.7741447985172272,0.12674283981323242,0.1178288459777832,1
full,"(3.0, 20.0, 0.7, 0.0)",0.7595159411430359,0.07425951957702637,0.07233333587646484,1
full,"(3.0, 20.0, 0.7, 0.0)",0.8162642121315002,0.09641110897064209,0.17941498756408691,1
full,"(3.0, 20.0, 0.7, 0.0)",0.8399977087974548,0.029126763343811035,0.020836830139160156,1
full,"(3.0, 20.0, 0.7, 0.0)",0.8760448098182678,0.031832098960876465,0.05374717712402344,1
full,"(3.0, 20.0, 0.7, 0.0)",0.8632376194000244,0.08235037326812744,0.06710124015808105,1
full,"(3.0, 20.0, 0.7, 0.0)",0.8383068442344666,0.04490458965301514,0.06319189071655273,1
full,"(3.0, 20.0, 0.7, 0.3)",0.7765020430088043,0.06778442859649658,0.049173831939697266,1
full,"(3.0, 20.0, 0.7, 0.3)",0.7797086536884308,0.06929874420166016,0.025387287139892578,1
full,"(3.0, 20.0, 0.7, 0.3)",0.8051831722259521,0.16557681560516357,0.19907712936401367,1
full,"(3.0, 20.0, 0.7, 0.3)",0.7649465799331665,0.047766923904418945,0.04539918899536133,1
full,"(3.0, 20.0, 0.7, 0.3)",0.7853218615055084,0.08789622783660889,0.07492589950561523,1
full,"(3.0, 20.0, 0.7, 0.3)",0.863037645816803,0.06576037406921387,0.08611392974853516,1
full,"(3.0, 20.0, 0.7, 0.3)",0.7929648756980896,0.020474791526794434,0.13149237632751465,1
full,"(3.0, 20.0, 0.7, 0.3)",0.7960569262504578,0.11275088787078857,0.028847932815551758,1
full,"(3.0, 20.0, 0.7, 0.3)",0.7974935173988342,0.05125010013580322,0.08588051795959473,1
full,"(3.0, 20.0, 0.7, 0.3)",0.7893573045730591,0.06770491600036621,0.11746597290039062,1
full,"(3.0, 20.0, 0.7, 0.3)",0.8693931996822357,0.11019265651702881,0.03522920608520508,1
full,"(3.0, 20.0, 0.7, 0.3)",0.7965590953826904,0.10486352443695068,0.03619503974914551,1
full,"(3.0, 20.0, 0.7, 0.3)",0.822752058506012,0.03910017013549805,0.06729245185852051,1
full,"(3.0, 20.0, 0.7, 0.3)",0.8740293979644775,0.061998724937438965,0.14546775817871094,1
full,"(3.0, 20.0, 0.7, 0.3)",0.9263899624347687,0.08293700218200684,0.004507541656494141,1
full,"(3.0, 20.0, 0.7, 0.6)",0.7763476371765137,0.03798484802246094,0.0037660598754882812,1
full,"(3.0, 20.0, 0.7, 0.6)",0.8190396130084991,0.11472749710083008,0.05915188789367676,1
full,"(3.0, 20.0, 0.7, 0.6)",0.8453780710697174,0.12631511688232422,0.05114316940307617,1
full,"(3.0, 20.0, 0.7, 0.6)",0.775018036365509,0.07443571090698242,0.1050032377243042,1
full,"(3.0, 20.0, 0.7, 0.6)",0.8081263303756714,0.14927196502685547,0.10721707344055176,1
full,"(3.0, 20.0, 0.7, 0.6)",0.7799918949604034,0.07699108123779297,0.007122516632080078,1
full,"(3.0, 20.0, 0.7, 0.6)",0.8205622434616089,0.06755757331848145,0.13635611534118652,1
full,"(3.0, 20.0, 0.7, 0.6)",0.9256046116352081,0.04196369647979736,0.2255842685699463,1
full,"(3.0, 20.0, 0.7, 0.6)",0.9054608941078186,0.09891271591186523,0.29726123809814453,1
full,"(3.0, 20.0, 0.7, 0.6)",0.7519428431987762,0.09917724132537842,0.004602193832397461,1
full,"(3.0, 20.0, 0.7, 0.6)",0.8081330358982086,0.11278188228607178,0.06490755081176758,1
full,"(3.0, 20.0, 0.7, 0.6)",0.8221112787723541,0.14081287384033203,0.000621795654296875,1
full,"(3.0, 20.0, 0.7, 0.6)",0.7756164073944092,0.04977536201477051,0.09739923477172852,1
full,"(3.0, 20.0, 0.7, 0.6)",0.8521876037120819,0.1401667594909668,0.15493488311767578,1
full,"(3.0, 20.0, 0.7, 0.6)",0.9119070172309875,0.05578482151031494,0.07318234443664551,1
full,"(3.0, 20.0, 0.7, -0.3)",0.827666848897934,0.10476183891296387,0.2134990692138672,1
full,"(3.0, 20.0, 0.7, -0.3)",0.7735500335693359,0.07252764701843262,0.20223426818847656,1
full,"(3.0, 20.0, 0.7, -0.3)",0.831091046333313,0.039647817611694336,0.09916067123413086,1
full,"(3.0, 20.0, 0.7, -0.3)",0.7678312361240387,0.1234431266784668,0.20502233505249023,1
full,"(3.0, 20.0, 0.7, -0.3)",0.8085043132305145,0.09267055988311768,0.1691427230834961,1
full,"(3.0, 20.0, 0.7, -0.3)",0.7651486098766327,0.12649941444396973,0.29561495780944824,1
full,"(3.0, 20.0, 0.7, -0.3)",0.887959748506546,0.01864302158355713,0.024247169494628906,1
full,"(3.0, 20.0, 0.7, -0.3)",0.8700337409973145,0.10434699058532715,0.17846298217773438,1
full,"(3.0, 20.0, 0.7, -0.3)",0.8260402679443359,0.01933920383453369,0.08055877685546875,1
full,"(3.0, 20.0, 0.7, -0.3)",0.8053473234176636,0.016093850135803223,0.012548446655273438,1
full,"(3.0, 20.0, 0.7, -0.3)",0.8581353724002838,0.079262375831604,0.053768157958984375,1
full,"(3.0, 20.0, 0.7, -0.3)",0.7947890162467957,0.10986995697021484,0.20740652084350586,1
full,"(3.0, 20.0, 0.7, -0.3)",0.7974639534950256,0.03841054439544678,0.1060647964477539,1
full,"(3.0, 20.0, 0.7, -0.3)",0.8529511988162994,0.05814969539642334,0.00827646255493164,1
full,"(3.0, 20.0, 0.7, -0.3)",0.8869333267211914,0.1143265962600708,0.08946084976196289,1
full,"(1.5, 8.0, 0.3, 0.0)",0.8966700732707977,0.26143717765808105,0.331467866897583,2
full,"(1.5, 8.0, 0.3, 0.0)",0.860822468996048,0.31808966398239136,0.39499711990356445,2
full,"(1.5, 8.0, 0.3, 0.0)",0.8518354296684265,0.19474685192108154,0.255568265914917,2
full,"(1.5, 8.0, 0.3, 0.0)",0.8711079955101013,0.34862440824508667,0.4125843048095703,2
full,"(1.5, 8.0, 0.3, 0.0)",0.8302939236164093,0.3872874975204468,0.7263001203536987,2
full,"(1.5, 8.0, 0.3, 0.0)",0.8237550854682922,0.2803437113761902,0.3166693449020386,2
full,"(1.5, 8.0, 0.3, 0.0)",0.8895487189292908,0.38077646493911743,0.46071720123291016,2
full,"(1.5, 8.0, 0.3, 0.0)",0.8995548486709595,0.34595251083374023,0.44045865535736084,2
full,"(1.5, 8.0, 0.3, 0.0)",0.8722302317619324,0.2090964913368225,0.29048633575439453,2
full,"(1.5, 8.0, 0.3, 0.0)",0.8221431076526642,0.33273470401763916,0.4142199754714966,2
full,"(1.5, 8.0, 0.3, 0.0)",0.8508139848709106,0.344740092754364,0.5090621709823608,2
full,"(1.5, 8.0, 0.3, 0.0)",0.8280439972877502,0.3012685179710388,0.33866429328918457,2
full,"(1.5, 8.0, 0.3, 0.0)",0.9159111976623535,0.08226710557937622,0.12265372276306152,2
full,"(1.5, 8.0, 0.3, 0.0)",0.8842538595199585,0.26185405254364014,0.336925745010376,2
full,"(1.5, 8.0, 0.3, 0.0)",0.8491043448448181,0.3457821011543274,0.4376497268676758,2
full,"(1.5, 8.0, 0.3, 0.3)",0.8605183064937592,0.4254637360572815,0.41198229789733887,2
full,"(1.5, 8.0, 0.3, 0.3)",0.8521423637866974,0.28684526681900024,0.3593801259994507,2
full,"(1.5, 8.0, 0.3, 0.3)",0.8409423232078552,0.2813466191291809,0.21790647506713867,2
full,"(1.5, 8.0, 0.3, 0.3)",0.8774702250957489,0.16881024837493896,0.1233370304107666,2
full,"(1.5, 8.0, 0.3, 0.3)",0.8603237867355347,0.24440878629684448,0.1255582571029663,2
full,"(1.5, 8.0, 0.3, 0.3)",0.8515207767486572,0.2537357211112976,0.23548626899719238,2
full,"(1.5, 8.0, 0.3, 0.3)",0.8733601570129395,0.42357826232910156,0.36729180812835693,2
full,"(1.5, 8.0, 0.3, 0.3)",0.8304619491100311,0.26393651962280273,0.20825231075286865,2
full,"(1.5, 8.0, 0.3, 0.3)",0.8894379734992981,0.19123482704162598,0.22022557258605957,2
full,"(1.5, 8.0, 0.3, 0.3)",0.8306609988212585,0.320401668548584,0.3930225372314453,2
full,"(1.5, 8.0, 0.3, 0.3)",0.8257226645946503,0.34945714473724365,0.38347017765045166,2
full,"(1.5, 8.0, 0.3, 0.3)",0.8982573747634888,0.19353452324867249,0.16392433643341064,2
full,"(1.5, 8.0, 0.3, 0.3)",0.8167888224124908,0.22027385234832764,0.1608140468597412,2
full,"(1.5, 8.0, 0.3, 0.3)",0.874214380979538,0.22202283143997192,0.24263620376586914,2
full,"(1.5, 8.0, 0.3, 0.3)",0.8217228055000305,0.3012288808822632,0.2965371608734131,2
full,"(1.5, 8.0, 0.3, 0.6)",0.8665636777877808,0.18492013216018677,0.05288982391357422,2
full,"(1.5, 8.0, 0.3, 0.6)",0.8396813273429871,0.2920230031013489,0.12024545669555664,2
full,"(1.5, 8.0, 0.3, 0.6)",0.8625152111053467,0.3203390836715698,0.039677977561950684,2
full,"(1.5, 8.0, 0.3, 0.6)",0.8477897644042969,0.296191930770874,0.16999423503875732,2
full,"(1.5, 8.0, 0.3, 0.6)",0.8881048858165741,0.35083356499671936,0.27611637115478516,2
full,"(1.5, 8.0, 0.3, 0.6)",0.8288334906101227,0.22317230701446533,0.001791238784790039,2
full,"(1.5, 8.0, 0.3, 0.6)",0.8809617161750793,0.29630035161972046,0.11600673198699951,2
full,"(1.5, 8.0, 0.3, 0.6)",0.8895432353019714,0.24505555629730225,0.050042152404785156,2
full,"(1.5, 8.0, 0.3, 0.6)",0.8859224915504456,0.3109152019023895,0.0573728084564209,2
full,"(1.5, 8.0, 0.3, 0.6)",0.8099880814552307,0.188778817653656,0.060476064682006836,2
full,"(1.5, 8.0, 0.3, 0.6)",0.8207449316978455,0.2811439037322998,0.007779598236083984,2
full,"(1.5, 8.0, 0.3, 0.6)",0.880443274974823,0.2125902771949768,0.025293827056884766,2
full,"(1.5, 8.0, 0.3, 0.6)",0.8504056930541992,0.2199508547782898,0.07175588607788086,2
full,"(1.5, 8.0, 0.3, 0.6)",0.8289175927639008,0.39386337995529175,0.25176990032196045,2
full,"(1.5, 8.0, 0.3, 0.6)",0.8476083874702454,0.1800311803817749,0.0281754732131958,2
full,"(1.5, 8.0, 0.3, -0.3)",0.8995475471019745,0.20831316709518433,0.4603465795516968,2
full,"(1.5, 8.0, 0.3, -0.3)",0.867236852645874,0.39789968729019165,0.6427072286605835,2
full,"(1.5, 8.0, 0.3, -0.3)",0.8832325339317322,0.2823293209075928,0.5153852701187134,2
full,"(1.5, 8.0, 0.3, -0.3)",0.8090618550777435,0.2887353301048279,0.3895092010498047,2
full,"(1.5, 8.0, 0.3, -0.3)",0.8878732025623322,0.10813313722610474,0.2894601821899414,2
full,"(1.5, 8.0, 0.3, -0.3)",0.8086039423942566,0.3775419592857361,0.6014467477798462,2
full,"(1.5, 8.0, 0.3, -0.3)",0.889310359954834,0.21719235181808472,0.40511155128479004,2
full,"(1.5, 8.0, 0.3, -0.3)",0.9162174463272095,0.2936064302921295,0.5573816299438477,2
full,"(1.5, 8.0, 0.3, -0.3)",0.8839812874794006,0.2224968671798706,0.4332810640335083,2
full,"(1.5, 8.0, 0.3, -0.3)",0.8664723634719849,0.3899543583393097,0.7535266876220703,2
full,"(1.5, 8.0, 0.3, -0.3)",0.8877203464508057,0.22244316339492798,0.3797098398208618,2
full,"(1.5, 8.0, 0.3, -0.3)",0.911485880613327,0.20553648471832275,0.41769587993621826,2
full,"(1.5, 8.0, 0.3, -0.3)",0.8332242667675018,0.28051209449768066,0.50484299659729,2
full,"(1.5, 8.0, 0.3, -0.3)",0.846376895904541,0.06912350654602051,0.10272073745727539,2
full,"(1.5, 8.0, 0.3, -0.3)",0.8843282163143158,0.28148704767227173,0.504672646522522,2
full,"(1.5, 8.0, 0.7, 0.0)",0.6510472595691681,0.055853307247161865,0.11134815216064453,2
full,"(1.5, 8.0, 0.7, 0.0)",0.6883926689624786,0.06165379285812378,0.04284071922302246,2
full,"(1.5, 8.0, 0.7, 0.0)",0.6429049670696259,0.17938363552093506,0.32798051834106445,2
full,"(1.5, 8.0, 0.7, 0.0)",0.6608187258243561,0.21470046043395996,0.2366786003112793,2
full,"(1.5, 8.0, 0.7, 0.0)",0.6898947358131409,0.13533782958984375,0.18969237804412842,2
full,"(1.5, 8.0, 0.7, 0.0)",0.6409874558448792,0.08520764112472534,0.11898946762084961,2
full,"(1.5, 8.0, 0.7, 0.0)",0.656522810459137,0.025993824005126953,0.00623929500579834,2
full,"(1.5, 8.0, 0.7, 0.0)",0.648731529712677,0.12143445014953613,0.15845417976379395,2
full,"(1.5, 8.0, 0.7, 0.0)",0.6856729984283447,0.2186681032180786,0.3819311857223511,2
full,"(1.5, 8.0, 0.7, 0.0)",0.6602403223514557,0.12441986799240112,0.29434847831726074,2
full,"(1.5, 8.0, 0.7, 0.0)",0.6783425211906433,0.07031482458114624,0.021361351013183594,2
full,"(1.5, 8.0, 0.7, 0.0)",0.6334505677223206,0.2264956831932068,0.27721691131591797,2
full,"(1.5, 8.0, 0.7, 0.0)",0.6331999897956848,0.08018332719802856,0.1776418685913086,2
full,"(1.5, 8.0, 0.7, 0.0)",0.6606546342372894,0.22388416528701782,0.35720980167388916,2
full,"(1.5, 8.0, 0.7, 0.0)",0.6309797167778015,0.18779486417770386,0.2137085199356079,2
full,"(1.5, 8.0, 0.7, 0.3)",0.6670975387096405,0.08107370138168335,0.026557087898254395,2
full,"(1.5, 8.0, 0.7, 0.3)",0.6400153040885925,0.0733327865600586,0.0180666446685791,2
full,"(1.5, 8.0, 0.7, 0.3)",0.695857584476471,0.09825783967971802,0.00269472599029541,2
full,"(1.5, 8.0, 0.7, 0.3)",0.6964422762393951,0.17357409000396729,0.25469934940338135,2
full,"(1.5, 8.0, 0.7, 0.3)",0.6555449366569519,0.116535484790802,0.10954475402832031,2
full,"(1.5, 8.0, 0.7, 0.3)",0.6384115219116211,0.10665583610534668,0.0426253080368042,2
full,"(1.5, 8.0, 0.7, 0.3)",0.6718683242797852,0.14890682697296143,0.12122762203216553,2
full,"(1.5, 8.0, 0.7, 0.3)",0.6820056736469269,0.14992982149124146,0.14900708198547363,2
full,"(1.5, 8.0, 0.7, 0.3)",0.6774051785469055,0.059235334396362305,0.1068727970123291,2
full,"(1.5, 8.0, 0.7, 0.3)",0.634736031293869,0.08038139343261719,0.03134012222290039,2
full,"(1.5, 8.0, 0.7, 0.3)",0.632377028465271,0.08321541547775269,0.10884153842926025,2
full,"(1.5, 8.0, 0.7, 0.3)",0.6831870079040527,0.06082957983016968,0.06479251384735107,2
full,"(1.5, 8.0, 0.7, 0.3)",0.6640051007270813,0.06734597682952881,0.0962454080581665,2
full,"(1.5, 8.0, 0.7, 0.3)",0.6603864431381226,0.12726181745529175,0.05224728584289551,2
full,"(1.5, 8.0, 0.7, 0.3)",0.6524365246295929,0.07203894853591919,0.06585025787353516,2
full,"(1.5, 8.0, 0.7, 0.6)",0.6186472475528717,0.09882980585098267,0.08263504505157471,2
full,"(1.5, 8.0, 0.7, 0.6)",0.6683858931064606,0.1271510124206543,0.3806341886520386,2
full,"(1.5, 8.0, 0.7, 0.6)",0.6607256829738617,0.21946251392364502,0.1302887201309204,2
full,"(1.5, 8.0, 0.7, 0.6)",0.7151844501495361,0.10622435808181763,0.1374136209487915,2
full,"(1.5, 8.0, 0.7, 0.6)",0.6447868645191193,0.19425302743911743,0.04545450210571289,2
full,"(1.5, 8.0, 0.7, 0.6)",0.6925772726535797,0.15318304300308228,0.25736522674560547,2
full,"(1.5, 8.0, 0.7, 0.6)",0.7098012864589691,0.07462763786315918,0.2873955965042114,2
full,"(1.5, 8.0, 0.7, 0.6)",0.6475198864936829,0.023085713386535645,0.22901451587677002,2
full,"(1.5, 8.0, 0.7, 0.6)",0.6587868332862854,0.06419390439987183,0.16125285625457764,2
full,"(1.5, 8.0, 0.7, 0.6)",0.6516676545143127,0.1291658878326416,0.1075592041015625,2
full,"(1.5, 8.0, 0.7, 0.6)",0.6117752194404602,0.13448989391326904,0.034525513648986816,2
full,"(1.5, 8.0, 0.7, 0.6)",0.6557673811912537,0.08470141887664795,0.022648334503173828,2
full,"(1.5, 8.0, 0.7, 0.6)",0.6423419713973999,0.1986503005027771,0.0731656551361084,2
full,"(1.5, 8.0, 0.7, 0.6)",0.6716200411319733,0.0987902283668518,0.025508999824523926,2
full,"(1.5, 8.0, 0.7, 0.6)",0.6295470893383026,0.13539046049118042,0.1656404733657837,2
full,"(1.5, 8.0, 0.7, -0.3)",0.6729235947132111,0.09563881158828735,0.16841530799865723,2
full,"(1.5, 8.0, 0.7, -0.3)",0.6436217427253723,0.15177249908447266,0.23946022987365723,2
full,"(1.5, 8.0, 0.7, -0.3)",0.6385442018508911,0.06829458475112915,0.18475914001464844,2
full,"(1.5, 8.0, 0.7, -0.3)",0.6625808477401733,0.1173352599143982,0.23156976699829102,2
full,"(1.5, 8.0, 0.7, -0.3)",0.6644124686717987,0.09865260124206543,0.06230974197387695,2
full,"(1.5, 8.0, 0.7, -0.3)",0.6654895544052124,0.12284129858016968,0.054422616958618164,2
full,"(1.5, 8.0, 0.7, -0.3)",0.672327309846878,0.06402581930160522,0.15534138679504395,2
full,"(1.5, 8.0, 0.7, -0.3)",0.6015810966491699,0.14213240146636963,0.2195366621017456,2
full,"(1.5, 8.0, 0.7, -0.3)",0.6836679577827454,0.048615992069244385,0.09003829956054688,2
full,"(1.5, 8.0, 0.7, -0.3)",0.6674222946166992,0.03398323059082031,0.08991837501525879,2
full,"(1.5, 8.0, 0.7, -0.3)",0.6736188232898712,0.0739855170249939,0.11561155319213867,2
full,"(1.5, 8.0, 0.7, -0.3)",0.6488719880580902,0.11731487512588501,0.3169935941696167,2
full,"(1.5, 8.0, 0.7, -0.3)",0.6756016612052917,0.1745813488960266,0.08217120170593262,2
full,"(1.5, 8.0, 0.7, -0.3)",0.6367776393890381,0.17703843116760254,0.3233921527862549,2
full,"(1.5, 8.0, 0.7, -0.3)",0.6379740238189697,0.1625666618347168,0.221815824508667,2
full,"(1.5, 20.0, 0.3, 0.0)",0.7306330800056458,0.1729467511177063,0.32009291648864746,2
full,"(1.5, 20.0, 0.3, 0.0)",0.7095482051372528,0.10743480920791626,0.1918720006942749,2
full,"(1.5, 20.0, 0.3, 0.0)",0.6600826382637024,0.22069674730300903,0.3222266435623169,2
full,"(1.5, 20.0, 0.3, 0.0)",0.7241193950176239,0.14787423610687256,0.20940101146697998,2
full,"(1.5, 20.0, 0.3, 0.0)",0.7341986298561096,0.19087481498718262,0.35731232166290283,2
full,"(1.5, 20.0, 0.3, 0.0)",0.6878511607646942,0.17937451601028442,0.1059417724609375,2
full,"(1.5, 20.0, 0.3, 0.0)",0.6607712805271149,0.21370744705200195,0.29126250743865967,2
full,"(1.5, 20.0, 0.3, 0.0)",0.7248905301094055,0.17156344652175903,0.24936115741729736,2
full,"(1.5, 20.0, 0.3, 0.0)",0.6893602609634399,0.12162202596664429,0.15256476402282715,2
full,"(1.5, 20.0, 0.3, 0.0)",0.7185215353965759,0.1999407410621643,0.043018341064453125,2
full,"(1.5, 20.0, 0.3, 0.0)",0.688172847032547,0.20968753099441528,0.2422029972076416,2
full,"(1.5, 20.0, 0.3, 0.0)",0.7681662142276764,0.13992518186569214,0.21925044059753418,2
full,"(1.5, 20.0, 0.3, 0.0)",0.7228914499282837,0.1818498969078064,0.3869144916534424,2
full,"(1.5, 20.0, 0.3, 0.0)",0.7057796716690063,0.14300799369812012,0.21683454513549805,2
full,"(1.5, 20.0, 0.3, 0.0)",0.6875541806221008,0.19224220514297485,0.24470317363739014,2
full,"(1.5, 20.0, 0.3, 0.3)",0.6554028987884521,0.19033557176589966,0.14113426208496094,2
full,"(1.5, 20.0, 0.3, 0.3)",0.6937576532363892,0.18114537000656128,0.04916203022003174,2
full,"(1.5, 20.0, 0.3, 0.3)",0.7223514020442963,0.12274718284606934,0.04606735706329346,2
full,"(1.5, 20.0, 0.3, 0.3)",0.7028139233589172,0.2554551362991333,0.21288681030273438,2
full,"(1.5, 20.0, 0.3, 0.3)",0.6973015367984772,0.21873968839645386,0.18129587173461914,2
full,"(1.5, 20.0, 0.3, 0.3)",0.6911908090114594,0.06785541772842407,0.062035202980041504,2
full,"(1.5, 20.0, 0.3, 0.3)",0.6997410655021667,0.1350821852684021,0.1045076847076416,2
full,"(1.5, 20.0, 0.3, 0.3)",0.6991186141967773,0.15002405643463135,0.10082399845123291,2
full,"(1.5, 20.0, 0.3, 0.3)",0.760930597782135,0.10730117559432983,0.018522262573242188,2
full,"(1.5, 20.0, 0.3, 0.3)",0.6852042973041534,0.32711261510849,0.35214412212371826,2
full,"(1.5, 20.0, 0.3, 0.3)",0.6738265156745911,0.12898743152618408,0.2298372983932495,2
full,"(1.5, 20.0, 0.3, 0.3)",0.7505788207054138,0.19825822114944458,0.06253397464752197,2
full,"(1.5, 20.0, 0.3, 0.3)",0.7232559323310852,0.07429778575897217,0.0054280757904052734,2
full,"(1.5, 20.0, 0.3, 0.3)",0.7428964376449585,0.14800453186035156,0.017461180686950684,2
full,"(1.5, 20.0, 0.3, 0.3)",0.6652719676494598,0.24426555633544922,0.29858720302581787,2
full,"(1.5, 20.0, 0.3, 0.6)",0.6888762712478638,0.1463409662246704,0.056746482849121094,2
full,"(1.5, 20.0, 0.3, 0.6)",0.7252891659736633,0.1365383267402649,0.15469610691070557,2
full,"(1.5, 20.0, 0.3, 0.6)",0.7039230465888977,0.1317029595375061,0.14105558395385742,2
full,"(1.5, 20.0, 0.3, 0.6)",0.6800146400928497,0.16809415817260742,0.09953773021697998,2
full,"(1.5, 20.0, 0.3, 0.6)",0.7386961877346039,0.07485437393188477,0.18435180187225342,2
full,"(1.5, 20.0, 0.3, 0.6)",0.7133794128894806,0.043719351291656494,0.16667687892913818,2
full,"(1.5, 20.0, 0.3, 0.6)",0.7086515426635742,0.01370316743850708,0.3191481828689575,2
full,"(1.5, 20.0, 0.3, 0.6)",0.6582159399986267,0.1538630723953247,0.03422391414642334,2
full,"(1.5, 20.0, 0.3, 0.6)",0.7280131280422211,0.2307124137878418,0.023611783981323242,2
full,"(1.5, 20.0, 0.3, 0.6)",0.6791831851005554,0.10101604461669922,0.0657045841217041,2
full,"(1.5, 20.0, 0.3, 0.6)",0.704001247882843,0.18722426891326904,0.05725133419036865,2
full,"(1.5, 20.0, 0.3, 0.6)",0.6881349384784698,0.08835285902023315,0.09406721591949463,2
full,"(1.5, 20.0, 0.3, 0.6)",0.7428931295871735,0.1039775013923645,0.08095192909240723,2
full,"(1.5, 20.0, 0.3, 0.6)",0.7345002293586731,0.05990564823150635,0.14287221431732178,2
full,"(1.5, 20.0, 0.3, 0.6)",0.6958861947059631,0.24712896347045898,0.18552064895629883,2
full,"(1.5, 20.0, 0.3, -0.3)",0.7017593681812286,0.08440124988555908,0.19179987907409668,2
full,"(1.5, 20.0, 0.3, -0.3)",0.7235932350158691,0.11570888757705688,0.20130372047424316,2
full,"(1.5, 20.0, 0.3, -0.3)",0.7231906652450562,0.1710682511329651,0.1368727684020996,2
full,"(1.5, 20.0, 0.3, -0.3)",0.7160760462284088,0.23079955577850342,0.45099449157714844,2
full,"(1.5, 20.0, 0.3, -0.3)",0.6858395040035248,0.3009747862815857,0.577387809753418,2
full,"(1.5, 20.0, 0.3, -0.3)",0.7036876678466797,0.20431238412857056,0.41554415225982666,2
full,"(1.5, 20.0, 0.3, -0.3)",0.7246682643890381,0.24585384130477905,0.48284316062927246,2
full,"(1.5, 20.0, 0.3, -0.3)",0.6692832708358765,0.14771419763565063,0.29029130935668945,2
full,"(1.5, 20.0, 0.3, -0.3)",0.6853179037570953,0.16254037618637085,0.22525286674499512,2
full,"(1.5, 20.0, 0.3, -0.3)",0.666276216506958,0.05601269006729126,0.08046984672546387,2
full,"(1.5, 20.0, 0.3, -0.3)",0.6790129542350769,0.16501623392105103,0.2681887149810791,2
full,"(1.5, 20.0, 0.3, -0.3)",0.715476930141449,0.06381231546401978,0.12143707275390625,2
full,"(1.5, 20.0, 0.3, -0.3)",0.6611973643302917,0.10179853439331055,0.18295502662658691,2
full,"(1.5, 20.0, 0.3, -0.3)",0.6748136579990387,0.21615779399871826,0.3804926872253418,2
full,"(1.5, 20.0, 0.3, -0.3)",0.6695219874382019,0.21110934019088745,0.37265026569366455,2
full,"(1.5, 20.0, 0.7, 0.0)",0.49496228992938995,0.03617990016937256,0.1045997142791748,2
full,"(1.5, 20.0, 0.7, 0.0)",0.45345042645931244,0.08299577236175537,0.19918453693389893,2
full,"(1.5, 20.0, 0.7, 0.0)",0.47785481810569763,0.07775294780731201,0.023497581481933594,2
full,"(1.5, 20.0, 0.7, 0.0)",0.4955001324415207,0.046316564083099365,0.007840752601623535,2
full,"(1.5, 20.0, 0.7, 0.0)",0.4749685227870941,0.04610240459442139,0.16424107551574707,2
full,"(1.5, 20.0, 0.7, 0.0)",0.5151024162769318,0.10785835981369019,0.04365849494934082,2
full,"(1.5, 20.0, 0.7, 0.0)",0.46248237788677216,0.03355652093887329,0.0260159969329834,2
full,"(1.5, 20.0, 0.7, 0.0)",0.476616233587265,0.06923156976699829,0.08498072624206543,2
full,"(1.5, 20.0, 0.7, 0.0)",0.4642035514116287,0.03349006175994873,0.07863259315490723,2
full,"(1.5, 20.0, 0.7, 0.0)",0.44650550186634064,0.04603171348571777,0.13586735725402832,2
full,"(1.5, 20.0, 0.7, 0.0)",0.49521975219249725,0.018444180488586426,0.07244563102722168,2
full,"(1.5, 20.0, 0.7, 0.0)",0.4918694347143173,0.12149423360824585,0.08939683437347412,2
full,"(1.5, 20.0, 0.7, 0.0)",0.4689534306526184,0.0890655517578125,0.1630537509918213,2
full,"(1.5, 20.0, 0.7, 0.0)",0.4647981971502304,0.09013259410858154,0.17543721199035645,2
full,"(1.5, 20.0, 0.7, 0.0)",0.5114098787307739,0.1578729748725891,0.24975824356079102,2
full,"(1.5, 20.0, 0.7, 0.3)",0.5196739435195923,0.14244920015335083,0.25460147857666016,2
full,"(1.5, 20.0, 0.7, 0.3)",0.462389811873436,0.05166715383529663,0.12091076374053955,2
full,"(1.5, 20.0, 0.7, 0.3)",0.4349551796913147,0.035235583782196045,0.030089735984802246,2
full,"(1.5, 20.0, 0.7, 0.3)",0.46277916431427,0.044421613216400146,0.10416960716247559,2
full,"(1.5, 20.0, 0.7, 0.3)",0.41922473907470703,0.06593430042266846,0.11679375171661377,2
full,"(1.5, 20.0, 0.7, 0.3)",0.43632872402668,0.030110418796539307,0.00983881950378418,2
full,"(1.5, 20.0, 0.7, 0.3)",0.46765369176864624,0.09118658304214478,0.07120764255523682,2
full,"(1.5, 20.0, 0.7, 0.3)",0.4670204520225525,0.02480214834213257,0.009674072265625,2
full,"(1.5, 20.0, 0.7, 0.3)",0.41022545099258423,0.09862309694290161,0.10736441612243652,2
full,"(1.5, 20.0, 0.7, 0.3)",0.44497136771678925,0.06619542837142944,0.01716601848602295,2
full,"(1.5, 20.0, 0.7, 0.3)",0.4896644800901413,0.01736605167388916,0.040465593338012695,2
full,"(1.5, 20.0, 0.7, 0.3)",0.5058990269899368,0.048931658267974854,0.0361943244934082,2
full,"(1.5, 20.0, 0.7, 0.3)",0.46659737825393677,0.004113614559173584,0.04977452754974365,2
full,"(1.5, 20.0, 0.7, 0.3)",0.5039165914058685,0.05228126049041748,0.057331204414367676,2
full,"(1.5, 20.0, 0.7, 0.3)",0.40415702760219574,0.02089858055114746,0.024224400520324707,2
full,"(1.5, 20.0, 0.7, 0.6)",0.5007192194461823,0.09049946069717407,0.16830182075500488,2
full,"(1.5, 20.0, 0.7, 0.6)",0.49940675497055054,0.1314442753791809,0.23549437522888184,2
full,"(1.5, 20.0, 0.7, 0.6)",0.48488712310791016,0.06805640459060669,0.18162810802459717,2
full,"(1.5, 20.0, 0.7, 0.6)",0.4786129593849182,0.06420761346817017,0.20955324172973633,2
full,"(1.5, 20.0, 0.7, 0.6)",0.5238442122936249,0.046990036964416504,0.10450851917266846,2
full,"(1.5, 20.0, 0.7, 0.6)",0.4633380174636841,0.06743460893630981,0.2425694465637207,2
full,"(1.5, 20.0, 0.7, 0.6)",0.46607235074043274,0.03373676538467407,0.10741949081420898,2
full,"(1.5, 20.0, 0.7, 0.6)",0.5004811882972717,0.05857741832733154,0.006378054618835449,2
full,"(1.5, 20.0, 0.7, 0.6)",0.4860805422067642,0.029640376567840576,0.133347749710083,2
full,"(1.5, 20.0, 0.7, 0.6)",0.44896893203258514,0.07151585817337036,0.08568787574768066,2
full,"(1.5, 20.0, 0.7, 0.6)",0.4718831479549408,0.038714468479156494,0.013348221778869629,2
full,"(1.5, 20.0, 0.7, 0.6)",0.4762827754020691,0.06100577116012573,0.08020901679992676,2
full,"(1.5, 20.0, 0.7, 0.6)",0.4640551805496216,0.02610987424850464,0.04602253437042236,2
full,"(1.5, 20.0, 0.7, 0.6)",0.4853256344795227,0.05841684341430664,0.050772905349731445,2
full,"(1.5, 20.0, 0.7, 0.6)",0.4359477609395981,0.05281776189804077,0.19401538372039795,2
full,"(1.5, 20.0, 0.7, -0.3)",0.49338820576667786,0.030416488647460938,0.07481002807617188,2
full,"(1.5, 20.0, 0.7, -0.3)",0.47169966995716095,0.07044363021850586,0.13543176651000977,2
full,"(1.5, 20.0, 0.7, -0.3)",0.4775167554616928,0.06754457950592041,0.04900789260864258,2
full,"(1.5, 20.0, 0.7, -0.3)",0.4631136953830719,0.02705073356628418,0.004608154296875,2
full,"(1.5, 20.0, 0.7, -0.3)",0.46409937739372253,0.03724187612533569,0.028799772262573242,2
full,"(1.5, 20.0, 0.7, -0.3)",0.4591620862483978,0.07091861963272095,0.12402522563934326,2
full,"(1.5, 20.0, 0.7, -0.3)",0.46410071849823,0.062149763107299805,0.12757539749145508,2
full,"(1.5, 20.0, 0.7, -0.3)",0.4881711006164551,0.07150596380233765,0.1728377342224121,2
full,"(1.5, 20.0, 0.7, -0.3)",0.49375119805336,0.012449026107788086,0.020916461944580078,2
full,"(1.5, 20.0, 0.7, -0.3)",0.4175606220960617,0.0676809549331665,0.04949498176574707,2
full,"(1.5, 20.0, 0.7, -0.3)",0.5381715595722198,0.12141263484954834,0.12027215957641602,2
full,"(1.5, 20.0, 0.7, -0.3)",0.4588129222393036,0.04981589317321777,0.009164094924926758,2
full,"(1.5, 20.0, 0.7, -0.3)",0.46813373267650604,0.11716997623443604,0.1452651023864746,2
full,"(1.5, 20.0, 0.7, -0.3)",0.4796757847070694,0.08576279878616333,0.15868234634399414,2
full,"(1.5, 20.0, 0.7, -0.3)",0.4923100173473358,0.07798618078231812,0.12015414237976074,2
full,"(3.0, 8.0, 0.3, 0.0)",1.606040358543396,0.5829485654830933,1.0219368934631348,2
full,"(3.0, 8.0, 0.3, 0.0)",1.5974074006080627,0.48974478244781494,0.528062105178833,2
full,"(3.0, 8.0, 0.3, 0.0)",1.6227449178695679,0.3487823009490967,0.5112504959106445,2
full,"(3.0, 8.0, 0.3, 0.0)",1.6342185139656067,0.4105006456375122,0.7380473613739014,2
full,"(3.0, 8.0, 0.3, 0.0)",1.6590763926506042,0.3439302444458008,0.3477444648742676,2
full,"(3.0, 8.0, 0.3, 0.0)",1.613930583000183,0.625929594039917,0.8269624710083008,2
full,"(3.0, 8.0, 0.3, 0.0)",1.7228134870529175,0.34630298614501953,0.46636009216308594,2
full,"(3.0, 8.0, 0.3, 0.0)",1.6382414102554321,0.4627138376235962,0.5188941955566406,2
full,"(3.0, 8.0, 0.3, 0.0)",1.6749383211135864,0.5048859119415283,0.8098649978637695,2
full,"(3.0, 8.0, 0.3, 0.0)",1.624850332736969,0.3985884189605713,0.385528564453125,2
full,"(3.0, 8.0, 0.3, 0.0)",1.6639320850372314,0.3848315477371216,0.5982387065887451,2
full,"(3.0, 8.0, 0.3, 0.0)",1.6047013401985168,0.6122175455093384,0.9936318397521973,2
full,"(3.0, 8.0, 0.3, 0.0)",1.6124700903892517,0.4159494638442993,0.5171229839324951,2
full,"(3.0, 8.0, 0.3, 0.0)",1.5921537280082703,0.5185267925262451,0.6108441352844238,2
full,"(3.0, 8.0, 0.3, 0.0)",1.6270339488983154,0.4940718412399292,0.7473394870758057,2
full,"(3.0, 8.0, 0.3, 0.3)",1.6536120176315308,0.2833198308944702,0.23197507858276367,2
full,"(3.0, 8.0, 0.3, 0.3)",1.5521581172943115,0.4188232421875,0.41402101516723633,2
full,"(3.0, 8.0, 0.3, 0.3)",1.7032465934753418,0.5750241279602051,0.4238102436065674,2
full,"(3.0, 8.0, 0.3, 0.3)",1.5605380535125732,0.3443244695663452,0.45572853088378906,2
full,"(3.0, 8.0, 0.3, 0.3)",1.6415507197380066,0.6427750587463379,0.7434329986572266,2
full,"(3.0, 8.0, 0.3, 0.3)",1.5857998728752136,0.32310163974761963,0.3910408020019531,2
full,"(3.0, 8.0, 0.3, 0.3)",1.652757167816162,0.7301540374755859,0.6204264163970947,2
full,"(3.0, 8.0, 0.3, 0.3)",1.5729241967201233,0.3806185722351074,0.29875922203063965,2
full,"(3.0, 8.0, 0.3, 0.3)",1.6121872663497925,0.3956284523010254,0.6022062301635742,2
full,"(3.0, 8.0, 0.3, 0.3)",1.6726048588752747,0.40389347076416016,0.37685608863830566,2
full,"(3.0, 8.0, 0.3, 0.3)",1.6075981855392456,0.41901659965515137,0.41818833351135254,2
full,"(3.0, 8.0, 0.3, 0.3)",1.6207846403121948,0.4857964515686035,0.4256117343902588,2
full,"(3.0, 8.0, 0.3, 0.3)",1.6434563398361206,0.4342097043991089,0.4948160648345947,2
full,"(3.0, 8.0, 0.3, 0.3)",1.6459906101226807,0.44050824642181396,0.5077512264251709,2
full,"(3.0, 8.0, 0.3, 0.3)",1.6315166354179382,0.6536127328872681,0.609886646270752,2
full,"(3.0, 8.0, 0.3, 0.6)",1.6669917702674866,0.5357375144958496,0.10709428787231445,2
full,"(3.0, 8.0, 0.3, 0.6)",1.7546175718307495,0.1812683343887329,0.4638967514038086,2
full,"(3.0, 8.0, 0.3, 0.6)",1.7292152643203735,0.30409133434295654,0.2107839584350586,2
full,"(3.0, 8.0, 0.3, 0.6)",1.6104717254638672,0.4030975103378296,0.24222779273986816,2
full,"(3.0, 8.0, 0.3, 0.6)",1.6504318714141846,0.8011331558227539,0.4839763641357422,2
full,"(3.0, 8.0, 0.3, 0.6)",1.6973779201507568,0.49928390979766846,0.08909082412719727,2
full,"(3.0, 8.0, 0.3, 0.6)",1.5905870199203491,0.6104311943054199,0.4689483642578125,2
full,"(3.0, 8.0, 0.3, 0.6)",1.5977726578712463,0.7180564403533936,0.3046715259552002,2
full,"(3.0, 8.0, 0.3, 0.6)",1.6876569390296936,0.25547313690185547,0.2909200191497803,2
full,"(3.0, 8.0, 0.3, 0.6)",1.595297932624817,0.4592958688735962,0.04974627494812012,2
full,"(3.0, 8.0, 0.3, 0.6)",1.6798475980758667,0.33109569549560547,0.05762767791748047,2
full,"(3.0, 8.0, 0.3, 0.6)",1.5848576426506042,0.4187641143798828,0.28220462799072266,2
full,"(3.0, 8.0, 0.3, 0.6)",1.6377796530723572,0.35564351081848145,0.09536623954772949,2
full,"(3.0, 8.0, 0.3, 0.6)",1.6992623805999756,0.4820321798324585,0.0863640308380127,2
full,"(3.0, 8.0, 0.3, 0.6)",1.665381133556366,0.4655115604400635,0.14896392822265625,2
full,"(3.0, 8.0, 0.3, -0.3)",1.5746692419052124,0.5230013132095337,0.9407875537872314,2
full,"(3.0, 8.0, 0.3, -0.3)",1.7407217621803284,0.25377392768859863,0.48426246643066406,2
full,"(3.0, 8.0, 0.3, -0.3)",1.5514718890190125,0.598386287689209,0.9013254642486572,2
full,"(3.0, 8.0, 0.3, -0.3)",1.5982916355133057,0.21654367446899414,0.256563663482666,2
full,"(3.0, 8.0, 0.3, -0.3)",1.614247977733612,0.5281586647033691,0.7069745063781738,2
full,"(3.0, 8.0, 0.3, -0.3)",1.6962599754333496,0.3139573335647583,0.5753211975097656,2
full,"(3.0, 8.0, 0.3, -0.3)",1.7154103517532349,0.4257948398590088,0.8342409133911133,2
full,"(3.0, 8.0, 0.3, -0.3)",1.6413662433624268,0.5070058107376099,0.7038602828979492,2
full,"(3.0, 8.0, 0.3, -0.3)",1.6350387930870056,0.381503701210022,0.6846737861633301,2
full,"(3.0, 8.0, 0.3, -0.3)",1.5558446645736694,0.7741899490356445,1.4885997772216797,2
full,"(3.0, 8.0, 0.3, -0.3)",1.7214207649230957,0.4127885103225708,0.7508068084716797,2
full,"(3.0, 8.0, 0.3, -0.3)",1.5647812485694885,0.4817277193069458,0.8468451499938965,2
full,"(3.0, 8.0, 0.3, -0.3)",1.630790650844574,0.41807830333709717,0.6984398365020752,2
full,"(3.0, 8.0, 0.3, -0.3)",1.8145254850387573,0.23896420001983643,0.6529443264007568,2
full,"(3.0, 8.0, 0.3, -0.3)",1.6268530488014221,0.3155958652496338,0.6923933029174805,2
full,"(3.0, 8.0, 0.7, 0.0)",1.1993012428283691,0.16745805740356445,0.21465444564819336,2
full,"(3.0, 8.0, 0.7, 0.0)",1.2140775918960571,0.04496657848358154,0.04154491424560547,2
full,"(3.0, 8.0, 0.7, 0.0)",1.1583048105239868,0.18324100971221924,0.18578720092773438,2
full,"(3.0, 8.0, 0.7, 0.0)",1.2673874497413635,0.3081510066986084,0.35773754119873047,2
full,"(3.0, 8.0, 0.7, 0.0)",1.2592013478279114,0.10625016689300537,0.0333704948425293,2
full,"(3.0, 8.0, 0.7, 0.0)",1.1656758189201355,0.19770503044128418,0.357480525970459,2
full,"(3.0, 8.0, 0.7, 0.0)",1.2013313174247742,0.13305950164794922,0.20141100883483887,2
full,"(3.0, 8.0, 0.7, 0.0)",1.2013753652572632,0.07128536701202393,0.17931628227233887,2
full,"(3.0, 8.0, 0.7, 0.0)",1.1532422304153442,0.27246034145355225,0.32332611083984375,2
full,"(3.0, 8.0, 0.7, 0.0)",1.1829931735992432,0.030619144439697266,0.05001258850097656,2
full,"(3.0, 8.0, 0.7, 0.0)",1.2258239388465881,0.053375840187072754,0.09973573684692383,2
full,"(3.0, 8.0, 0.7, 0.0)",1.2022438645362854,0.17046761512756348,0.2796342372894287,2
full,"(3.0, 8.0, 0.7, 0.0)",1.2165852189064026,0.10224568843841553,0.11990809440612793,2
full,"(3.0, 8.0, 0.7, 0.0)",1.2317941784858704,0.15693140029907227,0.14224863052368164,2
full,"(3.0, 8.0, 0.7, 0.0)",1.1638677716255188,0.16766250133514404,0.3592948913574219,2
full,"(3.0, 8.0, 0.7, 0.3)",1.1463583111763,0.13376498222351074,0.03546619415283203,2
full,"(3.0, 8.0, 0.7, 0.3)",1.1928504705429077,0.054000139236450195,0.2438819408416748,2
full,"(3.0, 8.0, 0.7, 0.3)",1.1322768926620483,0.18151986598968506,0.25301146507263184,2
full,"(3.0, 8.0, 0.7, 0.3)",1.2012585401535034,0.15212035179138184,0.08003425598144531,2
full,"(3.0, 8.0, 0.7, 0.3)",1.1612773537635803,0.11176466941833496,0.02898693084716797,2
full,"(3.0, 8.0, 0.7, 0.3)",1.1737119555473328,0.18639302253723145,0.08223700523376465,2
full,"(3.0, 8.0, 0.7, 0.3)",1.2860960364341736,0.2658599615097046,0.056189775466918945,2
full,"(3.0, 8.0, 0.7, 0.3)",1.1831441521644592,0.057293057441711426,0.08164453506469727,2
full,"(3.0, 8.0, 0.7, 0.3)",1.2894864678382874,0.22101819515228271,0.049178123474121094,2
full,"(3.0, 8.0, 0.7, 0.3)",1.153498351573944,0.04901134967803955,0.015308618545532227,2
full,"(3.0, 8.0, 0.7, 0.3)",1.201181173324585,0.043018341064453125,0.10621857643127441,2
full,"(3.0, 8.0, 0.7, 0.3)",1.118869423866272,0.09436750411987305,0.10743832588195801,2
full,"(3.0, 8.0, 0.7, 0.3)",1.163230061531067,0.12199509143829346,0.07373881340026855,2
full,"(3.0, 8.0, 0.7, 0.3)",1.1831974387168884,0.1125267744064331,0.06691265106201172,2
full,"(3.0, 8.0, 0.7, 0.3)",1.2531477212905884,0.18618988990783691,0.22896647453308105,2
full,"(3.0, 8.0, 0.7, 0.6)",1.3391351699829102,0.12884032726287842,0.37363576889038086,2
full,"(3.0, 8.0, 0.7, 0.6)",1.1743398308753967,0.06396031379699707,0.25795817375183105,2
full,"(3.0, 8.0, 0.7, 0.6)",1.2686839699745178,0.19044387340545654,0.46916794776916504,2
full,"(3.0, 8.0, 0.7, 0.6)",1.1054726243019104,0.11203861236572266,0.14417004585266113,2
full,"(3.0, 8.0, 0.7, 0.6)",1.216890811920166,0.04966461658477783,0.24492788314819336,2
full,"(3.0, 8.0, 0.7, 0.6)",1.1984715461730957,0.07243037223815918,0.3858773708343506,2
full,"(3.0, 8.0, 0.7, 0.6)",1.1358185410499573,0.24424827098846436,0.10207581520080566,2
full,"(3.0, 8.0, 0.7, 0.6)",1.325713872909546,0.09205210208892822,0.36371374130249023,2
full,"(3.0, 8.0, 0.7, 0.6)",1.1556185483932495,0.0982668399810791,0.09959673881530762,2
full,"(3.0, 8.0, 0.7, 0.6)",1.0601450204849243,0.11449837684631348,0.23073196411132812,2
full,"(3.0, 8.0, 0.7, 0.6)",1.2934023141860962,0.09640169143676758,0.010270833969116211,2
full,"(3.0, 8.0, 0.7, 0.6)",1.1377170085906982,0.07574641704559326,0.16537714004516602,2
full,"(3.0, 8.0, 0.7, 0.6)",1.1825852394104004,0.25115668773651123,0.07204985618591309,2
full,"(3.0, 8.0, 0.7, 0.6)",1.175317645072937,0.16476094722747803,0.0073201656341552734,2
full,"(3.0, 8.0, 0.7, 0.6)",1.226379156112671,0.20209920406341553,0.08899950981140137,2
full,"(3.0, 8.0, 0.7, -0.3)",1.1662738919258118,0.07731199264526367,0.264035701751709,2
full,"(3.0, 8.0, 0.7, -0.3)",1.1124443411827087,0.251994252204895,0.03683328628540039,2
full,"(3.0, 8.0, 0.7, -0.3)",1.1317002773284912,0.07889091968536377,0.031291961669921875,2
full,"(3.0, 8.0, 0.7, -0.3)",1.279915690422058,0.11338686943054199,0.043123722076416016,2
full,"(3.0, 8.0, 0.7, -0.3)",1.2267179489135742,0.11175346374511719,0.20882654190063477,2
full,"(3.0, 8.0, 0.7, -0.3)",1.2451911568641663,0.11837124824523926,0.04622459411621094,2
full,"(3.0, 8.0, 0.7, -0.3)",1.2424234747886658,0.20102882385253906,0.22780418395996094,2
full,"(3.0, 8.0, 0.7, -0.3)",1.1459212899208069,0.110892653465271,0.23812007904052734,2
full,"(3.0, 8.0, 0.7, -0.3)",1.228646695613861,0.1388847827911377,0.4492835998535156,2
full,"(3.0, 8.0, 0.7, -0.3)",1.1405974626541138,0.23592066764831543,0.41696929931640625,2
full,"(3.0, 8.0, 0.7, -0.3)",1.2239603400230408,0.14844858646392822,0.23029279708862305,2
full,"(3.0, 8.0, 0.7, -0.3)",1.2111275792121887,0.12349927425384521,0.011059761047363281,2
full,"(3.0, 8.0, 0.7, -0.3)",1.1705030798912048,0.09105503559112549,0.2445507049560547,2
full,"(3.0, 8.0, 0.7, -0.3)",1.100993275642395,0.23966097831726074,0.5014171600341797,2
full,"(3.0, 8.0, 0.7, -0.3)",1.2591779828071594,0.22807729244232178,0.47273826599121094,2
full,"(3.0, 20.0, 0.3, 0.0)",1.3265562057495117,0.12138974666595459,0.21177077293395996,2
full,"(3.0, 20.0, 0.3, 0.0)",1.340152621269226,0.2310878038406372,0.3132038116455078,2
full,"(3.0, 20.0, 0.3, 0.0)",1.3481180667877197,0.2638815641403198,0.41870641708374023,2
full,"(3.0, 20.0, 0.3, 0.0)",1.332213580608368,0.3109675645828247,0.46344780921936035,2
full,"(3.0, 20.0, 0.3, 0.0)",1.2665910720825195,0.1997750997543335,0.3317546844482422,2
full,"(3.0, 20.0, 0.3, 0.0)",1.2579858303070068,0.24794793128967285,0.34583115577697754,2
full,"(3.0, 20.0, 0.3, 0.0)",1.3138986825942993,0.1450355052947998,0.3357546329498291,2
full,"(3.0, 20.0, 0.3, 0.0)",1.3902892470359802,0.1523364782333374,0.14211750030517578,2
full,"(3.0, 20.0, 0.3, 0.0)",1.290955901145935,0.3393440246582031,0.43036556243896484,2
full,"(3.0, 20.0, 0.3, 0.0)",1.2897852063179016,0.27585935592651367,0.3974130153656006,2
full,"(3.0, 20.0, 0.3, 0.0)",1.284635603427887,0.2482661008834839,0.5108547210693359,2
full,"(3.0, 20.0, 0.3, 0.0)",1.3802175521850586,0.30878937244415283,0.3110232353210449,2
full,"(3.0, 20.0, 0.3, 0.0)",1.313541829586029,0.2873506546020508,0.35083961486816406,2
full,"(3.0, 20.0, 0.3, 0.0)",1.3891620635986328,0.1779625415802002,0.41981077194213867,2
full,"(3.0, 20.0, 0.3, 0.0)",1.3077300190925598,0.4347163438796997,0.5697863101959229,2
full,"(3.0, 20.0, 0.3, 0.3)",1.3411189317703247,0.2884331941604614,0.31398677825927734,2
full,"(3.0, 20.0, 0.3, 0.3)",1.3913681507110596,0.16493356227874756,0.04581475257873535,2
full,"(3.0, 20.0, 0.3, 0.3)",1.2719727158546448,0.3319960832595825,0.3236560821533203,2
full,"(3.0, 20.0, 0.3, 0.3)",1.3226394057273865,0.42174744606018066,0.3451418876647949,2
full,"(3.0, 20.0, 0.3, 0.3)",1.2966748476028442,0.20693719387054443,0.17360711097717285,2
full,"(3.0, 20.0, 0.3, 0.3)",1.3384038209915161,0.3291710615158081,0.32597994804382324,2
full,"(3.0, 20.0, 0.3, 0.3)",1.3475888967514038,0.24220561981201172,0.21000123023986816,2
full,"(3.0, 20.0, 0.3, 0.3)",1.2959449291229248,0.23136162757873535,0.1925652027130127,2
full,"(3.0, 20.0, 0.3, 0.3)",1.2797826528549194,0.137001633644104,0.10205578804016113,2
full,"(3.0, 20.0, 0.3, 0.3)",1.2315293550491333,0.24800753593444824,0.4217040538787842,2
full,"(3.0, 20.0, 0.3, 0.3)",1.320341169834137,0.1973494291305542,0.023930072784423828,2
full,"(3.0, 20.0, 0.3, 0.3)",1.348699688911438,0.21539390087127686,0.27794909477233887,2
full,"(3.0, 20.0, 0.3, 0.3)",1.3075064420700073,0.36461400985717773,0.389815092086792,2
full,"(3.0, 20.0, 0.3, 0.3)",1.3233833312988281,0.22029948234558105,0.16262006759643555,2
full,"(3.0, 20.0, 0.3, 0.3)",1.2951164841651917,0.29978251457214355,0.1658790111541748,2
full,"(3.0, 20.0, 0.3, 0.6)",1.2319201827049255,0.2065647840499878,0.020379304885864258,2
full,"(3.0, 20.0, 0.3, 0.6)",1.3620160818099976,0.17997539043426514,0.1872272491455078,2
full,"(3.0, 20.0, 0.3, 0.6)",1.2648487091064453,0.21921277046203613,0.02860093116760254,2
full,"(3.0, 20.0, 0.3, 0.6)",1.3094741106033325,0.3697946071624756,0.2078094482421875,2
full,"(3.0, 20.0, 0.3, 0.6)",1.2283090353012085,0.21809005737304688,0.16985845565795898,2
full,"(3.0, 20.0, 0.3, 0.6)",1.2459282875061035,0.3499046564102173,0.15120315551757812,2
full,"(3.0, 20.0, 0.3, 0.6)",1.2874123454093933,0.22489619255065918,0.0900728702545166,2
full,"(3.0, 20.0, 0.3, 0.6)",1.2535135746002197,0.33732450008392334,0.13236784934997559,2
full,"(3.0, 20.0, 0.3, 0.6)",1.369784653186798,0.33621490001678467,0.1292726993560791,2
full,"(3.0, 20.0, 0.3, 0.6)",1.2975674867630005,0.1542760133743286,0.23623347282409668,2
full,"(3.0, 20.0, 0.3, 0.6)",1.2652673721313477,0.3019012212753296,0.03472566604614258,2
full,"(3.0, 20.0, 0.3, 0.6)",1.3034499287605286,0.34146571159362793,0.2140517234802246,2
full,"(3.0, 20.0, 0.3, 0.6)",1.31186842918396,0.14345026016235352,0.10505032539367676,2
full,"(3.0, 20.0, 0.3, 0.6)",1.3202986121177673,0.17239093780517578,0.15773534774780273,2
full,"(3.0, 20.0, 0.3, 0.6)",1.285328447818756,0.22585678100585938,0.08526873588562012,2
full,"(3.0, 20.0, 0.3, -0.3)",1.2262316942214966,0.23229515552520752,0.3058204650878906,2
full,"(3.0, 20.0, 0.3, -0.3)",1.3224101066589355,0.39530062675476074,0.8333284854888916,2
full,"(3.0, 20.0, 0.3, -0.3)",1.381541132926941,0.06510686874389648,0.2427206039428711,2
full,"(3.0, 20.0, 0.3, -0.3)",1.21461820602417,0.3892718553543091,0.6291537284851074,2
full,"(3.0, 20.0, 0.3, -0.3)",1.3105570673942566,0.2528308629989624,0.42597055435180664,2
full,"(3.0, 20.0, 0.3, -0.3)",1.3313100337982178,0.1868075132369995,0.41802310943603516,2
full,"(3.0, 20.0, 0.3, -0.3)",1.2711985111236572,0.21314573287963867,0.290285587310791,2
full,"(3.0, 20.0, 0.3, -0.3)",1.331011950969696,0.35780858993530273,0.677734375,2
full,"(3.0, 20.0, 0.3, -0.3)",1.2414657473564148,0.23769724369049072,0.35029029846191406,2
full,"(3.0, 20.0, 0.3, -0.3)",1.3332249522209167,0.28063178062438965,0.47770071029663086,2
full,"(3.0, 20.0, 0.3, -0.3)",1.3226637840270996,0.3204571008682251,0.6621627807617188,2
full,"(3.0, 20.0, 0.3, -0.3)",1.271732211112976,0.20077753067016602,0.5298027992248535,2
full,"(3.0, 20.0, 0.3, -0.3)",1.3387470245361328,0.34586310386657715,0.6720151901245117,2
full,"(3.0, 20.0, 0.3, -0.3)",1.3068370819091797,0.2538949251174927,0.46225738525390625,2
full,"(3.0, 20.0, 0.3, -0.3)",1.2817592024803162,0.20946848392486572,0.44753074645996094,2
full,"(3.0, 20.0, 0.7, 0.0)",0.7873147130012512,0.031404733657836914,0.17675995826721191,2
full,"(3.0, 20.0, 0.7, 0.0)",0.8083239495754242,0.0645989179611206,0.004653453826904297,2
full,"(3.0, 20.0, 0.7, 0.0)",0.8317676484584808,0.08398568630218506,0.048340797424316406,2
full,"(3.0, 20.0, 0.7, 0.0)",0.7201705873012543,0.05250823497772217,0.050002098083496094,2
full,"(3.0, 20.0, 0.7, 0.0)",0.7664856314659119,0.07628095149993896,0.08272743225097656,2
full,"(3.0, 20.0, 0.7, 0.0)",0.7617754936218262,0.019969820976257324,0.06664848327636719,2
full,"(3.0, 20.0, 0.7, 0.0)",0.8479091823101044,0.12422263622283936,0.0438838005065918,2
full,"(3.0, 20.0, 0.7, 0.0)",0.7661033868789673,0.05152010917663574,0.005809307098388672,2
full,"(3.0, 20.0, 0.7, 0.0)",0.7275046706199646,0.034223079681396484,0.056525468826293945,2
full,"(3.0, 20.0, 0.7, 0.0)",0.7425731122493744,0.08757650852203369,0.008454084396362305,2
full,"(3.0, 20.0, 0.7, 0.0)",0.7658246755599976,0.01509392261505127,0.039357662200927734,2
full,"(3.0, 20.0, 0.7, 0.0)",0.7322041690349579,0.08802974224090576,0.07612895965576172,2
full,"(3.0, 20.0, 0.7, 0.0)",0.7131433188915253,0.07002472877502441,0.10540008544921875,2
full,"(3.0, 20.0, 0.7, 0.0)",0.7968412339687347,0.022207140922546387,0.04442739486694336,2
full,"(3.0, 20.0, 0.7, 0.0)",0.7546290755271912,0.04772531986236572,0.007000923156738281,2
full,"(3.0, 20.0, 0.7, 0.3)",0.7143963575363159,0.15714240074157715,0.17115449905395508,2
full,"(3.0, 20.0, 0.7, 0.3)",0.7954083681106567,0.042630553245544434,0.14210748672485352,2
full,"(3.0, 20.0, 0.7, 0.3)",0.8055887222290039,0.04366660118103027,0.12928295135498047,2
full,"(3.0, 20.0, 0.7, 0.3)",0.8030919432640076,0.1338895559310913,0.1466841697692871,2
full,"(3.0, 20.0, 0.7, 0.3)",0.7552865445613861,0.09838330745697021,0.1284186840057373,2
full,"(3.0, 20.0, 0.7, 0.3)",0.7774579226970673,0.03496837615966797,0.027845144271850586,2
full,"(3.0, 20.0, 0.7, 0.3)",0.7809360027313232,0.09971535205841064,0.03457188606262207,2
full,"(3.0, 20.0, 0.7, 0.3)",0.7142209410667419,0.05484199523925781,0.004572629928588867,2
full,"(3.0, 20.0, 0.7, 0.3)",0.8098478615283966,0.04676926136016846,0.11750316619873047,2
full,"(3.0, 20.0, 0.7, 0.3)",0.7629688084125519,0.08268952369689941,0.013335466384887695,2
full,"(3.0, 20.0, 0.7, 0.3)",0.7560814321041107,0.0375903844833374,0.0764932632446289,2
full,"(3.0, 20.0, 0.7, 0.3)",0.8447527289390564,0.16673386096954346,0.14888644218444824,2
full,"(3.0, 20.0, 0.7, 0.3)",0.7647781074047089,0.05847609043121338,0.16880035400390625,2
full,"(3.0, 20.0, 0.7, 0.3)",0.779547244310379,0.010038971900939941,0.13041114807128906,2
full,"(3.0, 20.0, 0.7, 0.3)",0.7617645859718323,0.033560872077941895,0.004992961883544922,2
full,"(3.0, 20.0, 0.7, 0.6)",0.7509207129478455,0.014253854751586914,0.16396522521972656,2
full,"(3.0, 20.0, 0.7, 0.6)",0.7189196348190308,0.02720940113067627,0.14851832389831543,2
full,"(3.0, 20.0, 0.7, 0.6)",0.7408469915390015,0.020838260650634766,0.07096385955810547,2
full,"(3.0, 20.0, 0.7, 0.6)",0.6577843725681305,0.022709131240844727,0.05586576461791992,2
full,"(3.0, 20.0, 0.7, 0.6)",0.7492810487747192,0.024091243743896484,0.08794808387756348,2
full,"(3.0, 20.0, 0.7, 0.6)",0.8495952486991882,0.13123667240142822,0.1427302360534668,2
full,"(3.0, 20.0, 0.7, 0.6)",0.7287285327911377,0.06544232368469238,0.1456894874572754,2
full,"(3.0, 20.0, 0.7, 0.6)",0.7785854041576385,0.1285616159439087,0.1306142807006836,2
full,"(3.0, 20.0, 0.7, 0.6)",0.8279995620250702,0.03512287139892578,0.19358205795288086,2
full,"(3.0, 20.0, 0.7, 0.6)",0.7332016825675964,0.07492804527282715,0.006488323211669922,2
full,"(3.0, 20.0, 0.7, 0.6)",0.7452828884124756,0.014568448066711426,0.05734539031982422,2
full,"(3.0, 20.0, 0.7, 0.6)",0.7324478030204773,0.036324262619018555,0.020274639129638672,2
full,"(3.0, 20.0, 0.7, 0.6)",0.782638818025589,0.05733847618103027,0.24226665496826172,2
full,"(3.0, 20.0, 0.7, 0.6)",0.8366756439208984,0.12316179275512695,0.2817983627319336,2
full,"(3.0, 20.0, 0.7, 0.6)",0.7810072600841522,0.05316948890686035,0.08245205879211426,2
full,"(3.0, 20.0, 0.7, -0.3)",0.7756911218166351,0.05935072898864746,0.10476398468017578,2
full,"(3.0, 20.0, 0.7, -0.3)",0.7402858138084412,0.009279847145080566,0.12305164337158203,2
full,"(3.0, 20.0, 0.7, -0.3)",0.7667886316776276,0.07213473320007324,0.12829303741455078,2
full,"(3.0, 20.0, 0.7, -0.3)",0.7507805824279785,0.0838310718536377,0.1686229705810547,2
full,"(3.0, 20.0, 0.7, -0.3)",0.7875429093837738,0.014592885971069336,0.029588699340820312,2
full,"(3.0, 20.0, 0.7, -0.3)",0.6971977949142456,0.0838233232498169,0.11141109466552734,2
full,"(3.0, 20.0, 0.7, -0.3)",0.7419171333312988,0.04448258876800537,0.13213634490966797,2
full,"(3.0, 20.0, 0.7, -0.3)",0.7811347842216492,0.018851757049560547,0.07378339767456055,2
full,"(3.0, 20.0, 0.7, -0.3)",0.7276239693164825,0.03003513813018799,0.024720191955566406,2
full,"(3.0, 20.0, 0.7, -0.3)",0.7389956116676331,0.05102109909057617,0.014116764068603516,2
full,"(3.0, 20.0, 0.7, -0.3)",0.7187709510326385,0.07786786556243896,0.10720205307006836,2
full,"(3.0, 20.0, 0.7, -0.3)",0.8727467656135559,0.14014196395874023,0.18241167068481445,2
full,"(3.0, 20.0, 0.7, -0.3)",0.7788390517234802,0.03976309299468994,0.12731504440307617,2
full,"(3.0, 20.0, 0.7, -0.3)",0.7976618707180023,0.050965070724487305,0.09488058090209961,2
full,"(3.0, 20.0, 0.7, -0.3)",0.7445467412471771,0.07061135768890381,0.028217792510986328,2
