method,config,edge_mae,ler_mae,lwr_mae,seed
seg-only,"(1.5, 8.0, 0.3, 0.0)",0.24123305827379227,0.043843746185302734,0.0539860725402832,0
seg-only,"(1.5, 8.0, 0.3, 0.0)",0.27169373631477356,0.0441400408744812,0.05896878242492676,0
seg-only,"(1.5, 8.0, 0.3, 0.0)",0.2630685120820999,0.04754900932312012,0.07842302322387695,0
seg-only,"(1.5, 8.0, 0.3, 0.0)",0.27937470376491547,0.04036742448806763,0.04580831527709961,0
seg-only,"(1.5, 8.0, 0.3, 0.0)",0.23610583692789078,0.057407259941101074,0.07728219032287598,0
seg-only,"(1.5, 8.0, 0.3, 0.0)",0.25492535531520844,0.051135361194610596,0.08340716361999512,0
seg-only,"(1.5, 8.0, 0.3, 0.0)",0.23786429315805435,0.04371446371078491,0.06398415565490723,0
seg-only,"(1.5, 8.0, 0.3, 0.0)",0.2664879560470581,0.024777472019195557,0.02713179588317871,0
seg-only,"(1.5, 8.0, 0.3, 0.0)",0.2756490409374237,0.03965038061141968,0.06419706344604492,0
seg-only,"(1.5, 8.0, 0.3, 0.0)",0.2699415683746338,0.053134143352508545,0.07400965690612793,0
seg-only,"(1.5, 8.0, 0.3, 0.0)",0.2668531835079193,0.05196791887283325,0.06166231632232666,0
seg-only,"(1.5, 8.0, 0.3, 0.0)",0.22755933552980423,0.036581456661224365,0.04988539218902588,0
seg-only,"(1.5, 8.0, 0.3, 0.0)",0.24049943685531616,0.022532403469085693,0.028890252113342285,0
seg-only,"(1.5, 8.0, 0.3, 0.0)",0.23401334136724472,0.055177271366119385,0.08761465549468994,0
seg-only,"(1.5, 8.0, 0.3, 0.0)",0.2681521028280258,0.03689318895339966,0.057056427001953125,0
seg-only,"(1.5, 8.0, 0.3, 0.3)",0.24710281938314438,0.048551321029663086,0.05098545551300049,0
seg-only,"(1.5, 8.0, 0.3, 0.3)",0.23286473006010056,0.037359774112701416,0.00865936279296875,0
seg-only,"(1.5, 8.0, 0.3, 0.3)",0.24008262902498245,0.039134681224823,0.05006122589111328,0
seg-only,"(1.5, 8.0, 0.3, 0.3)",0.24781833589076996,0.02890557050704956,0.00622868537902832,0
seg-only,"(1.5, 8.0, 0.3, 0.3)",0.24617359042167664,0.045419394969940186,0.01898014545440674,0
seg-only,"(1.5, 8.0, 0.3, 0.3)",0.24472211301326752,0.05698573589324951,0.04416537284851074,0
seg-only,"(1.5, 8.0, 0.3, 0.3)",0.24625588208436966,0.03941828012466431,0.042760252952575684,0
seg-only,"(1.5, 8.0, 0.3, 0.3)",0.23725126683712006,0.040553390979766846,0.048610806465148926,0
seg-only,"(1.5, 8.0, 0.3, 0.3)",0.24038221687078476,0.035922884941101074,0.043584227561950684,0
seg-only,"(1.5, 8.0, 0.3, 0.3)",0.24291468411684036,0.02459549903869629,0.0036963224411010742,0
seg-only,"(1.5, 8.0, 0.3, 0.3)",0.23329132050275803,0.04676908254623413,0.057793498039245605,0
seg-only,"(1.5, 8.0, 0.3, 0.3)",0.2434104084968567,0.04899471998214722,0.05645930767059326,0
seg-only,"(1.5, 8.0, 0.3, 0.3)",0.25323376804590225,0.05212348699569702,0.03721821308135986,0
seg-only,"(1.5, 8.0, 0.3, 0.3)",0.2358843758702278,0.0471767783164978,0.07058203220367432,0
seg-only,"(1.5, 8.0, 0.3, 0.3)",0.23119555413722992,0.04431253671646118,0.03245210647583008,0
seg-only,"(1.5, 8.0, 0.3, 0.6)",0.24396242946386337,0.0467490553855896,0.01782357692718506,0
seg-only,"(1.5, 8.0, 0.3, 0.6)",0.2594209164381027,0.05769246816635132,0.019682765007019043,0
seg-only,"(1.5, 8.0, 0.3, 0.6)",0.27168983221054077,0.04590880870819092,0.0464019775390625,0
seg-only,"(1.5, 8.0, 0.3, 0.6)",0.24852409958839417,0.039866507053375244,0.017397522926330566,0
seg-only,"(1.5, 8.0, 0.3, 0.6)",0.24684063345193863,0.055933475494384766,0.037375569343566895,0
seg-only,"(1.5, 8.0, 0.3, 0.6)",0.2556764930486679,0.054626405239105225,0.017656445503234863,0
seg-only,"(1.5, 8.0, 0.3, 0.6)",0.25902169942855835,0.04543948173522949,0.003343939781188965,0
seg-only,"(1.5, 8.0, 0.3, 0.6)",0.2566061019897461,0.05784797668457031,0.018522977828979492,0
seg-only,"(1.5, 8.0, 0.3, 0.6)",0.24222976714372635,0.042317867279052734,0.013198018074035645,0
seg-only,"(1.5, 8.0, 0.3, 0.6)",0.2448282539844513,0.05072265863418579,0.03978383541107178,0
seg-only,"(1.5, 8.0, 0.3, 0.6)",0.26845701038837433,0.035096049308776855,0.02266085147857666,0
seg-only,"(1.5, 8.0, 0.3, 0.6)",0.2603830546140671,0.03456813097000122,0.016852736473083496,0
seg-only,"(1.5, 8.0, 0.3, 0.6)",0.2335953190922737,0.04260021448135376,0.03225350379943848,0
seg-only,"(1.5, 8.0, 0.3, 0.6)",0.2608230710029602,0.01647096872329712,0.01704084873199463,0
seg-only,"(1.5, 8.0, 0.3, 0.6)",0.2424919754266739,0.04814577102661133,2.1457672119140625e-06,0
seg-only,"(1.5, 8.0, 0.3, -0.3)",0.24134321510791779,0.05488044023513794,0.08350753784179688,0
seg-only,"(1.5, 8.0, 0.3, -0.3)",0.2712348401546478,0.034499406814575195,0.063079833984375,0
seg-only,"(1.5, 8.0, 0.3, -0.3)",0.24034392833709717,0.036264777183532715,0.07068061828613281,0
seg-only,"(1.5, 8.0, 0.3, -0.3)",0.2423524186015129,0.04006069898605347,0.062041521072387695,0
seg-only,"(1.5, 8.0, 0.3, -0.3)",0.240559920668602,0.03936779499053955,0.06075024604797363,0
seg-only,"(1.5, 8.0, 0.3, -0.3)",0.2623620927333832,0.042811036109924316,0.06999731063842773,0
seg-only,"(1.5, 8.0, 0.3, -0.3)",0.24664690345525742,0.0350911021232605,0.05992722511291504,0
seg-only,"(1.5, 8.0, 0.3, -0.3)",0.26441843807697296,0.028142154216766357,0.05667304992675781,0
seg-only,"(1.5, 8.0, 0.3, -0.3)",0.2408599704504013,0.0652390718460083,0.10954093933105469,0
seg-only,"(1.5, 8.0, 0.3, -0.3)",0.2575386017560959,0.016307950019836426,0.045494794845581055,0
seg-only,"(1.5, 8.0, 0.3, -0.3)",0.24442513287067413,0.03455621004104614,0.08691740036010742,0
seg-only,"(1.5, 8.0, 0.3, -0.3)",0.2391490563750267,0.049067676067352295,0.07873749732971191,0
seg-only,"(1.5, 8.0, 0.3, -0.3)",0.24874789267778397,0.03640717267990112,0.0714561939239502,0
seg-only,"(1.5, 8.0, 0.3, -0.3)",0.23588762432336807,0.05377882719039917,0.10668730735778809,0
seg-only,"(1.5, 8.0, 0.3, -0.3)",0.27054621279239655,0.031307101249694824,0.05357861518859863,0
seg-only,"(1.5, 8.0, 0.7, 0.0)",0.21878467500209808,0.04238998889923096,0.06370925903320312,0
seg-only,"(1.5, 8.0, 0.7, 0.0)",0.20577292889356613,0.014604449272155762,0.024016618728637695,0
seg-only,"(1.5, 8.0, 0.7, 0.0)",0.22166446596384048,0.02281242609024048,0.045217156410217285,0
seg-only,"(1.5, 8.0, 0.7, 0.0)",0.2015388086438179,0.02726578712463379,0.03452610969543457,0
seg-only,"(1.5, 8.0, 0.7, 0.0)",0.22443527728319168,0.008112132549285889,0.011874675750732422,0
seg-only,"(1.5, 8.0, 0.7, 0.0)",0.2062416672706604,0.019728541374206543,0.034226179122924805,0
seg-only,"(1.5, 8.0, 0.7, 0.0)",0.1917344555258751,0.015029370784759521,0.0094376802444458,0
seg-only,"(1.5, 8.0, 0.7, 0.0)",0.19335146248340607,0.013556420803070068,0.02597522735595703,0
seg-only,"(1.5, 8.0, 0.7, 0.0)",0.1983661875128746,0.004853367805480957,0.009641051292419434,0
seg-only,"(1.5, 8.0, 0.7, 0.0)",0.20979449898004532,0.03832036256790161,0.0479731559753418,0
seg-only,"(1.5, 8.0, 0.7, 0.0)",0.2046399861574173,0.01550590991973877,0.013563394546508789,0
seg-only,"(1.5, 8.0, 0.7, 0.0)",0.18784311413764954,0.017145633697509766,0.010403156280517578,0
seg-only,"(1.5, 8.0, 0.7, 0.0)",0.21195761859416962,0.013638198375701904,0.021245837211608887,0
seg-only,"(1.5, 8.0, 0.7, 0.0)",0.19920212030410767,0.014426589012145996,0.023425579071044922,0
seg-only,"(1.5, 8.0, 0.7, 0.0)",0.20032662898302078,0.03004544973373413,0.06005215644836426,0
seg-only,"(1.5, 8.0, 0.7, 0.3)",0.19713343679904938,0.021535634994506836,0.006382346153259277,0
seg-only,"(1.5, 8.0, 0.7, 0.3)",0.20183108747005463,0.014997363090515137,0.016138672828674316,0
seg-only,"(1.5, 8.0, 0.7, 0.3)",0.19467651844024658,0.013281285762786865,0.017168045043945312,0
seg-only,"(1.5, 8.0, 0.7, 0.3)",0.21313633769750595,0.010112941265106201,0.005210280418395996,0
seg-only,"(1.5, 8.0, 0.7, 0.3)",0.20751569420099258,0.011790990829467773,0.023459434509277344,0
seg-only,"(1.5, 8.0, 0.7, 0.3)",0.18770994246006012,0.025631308555603027,0.022308826446533203,0
seg-only,"(1.5, 8.0, 0.7, 0.3)",0.18654076009988785,0.012071311473846436,0.010077476501464844,0
seg-only,"(1.5, 8.0, 0.7, 0.3)",0.19446096569299698,0.021187901496887207,0.014947295188903809,0
seg-only,"(1.5, 8.0, 0.7, 0.3)",0.19429831206798553,0.009028196334838867,0.0010671615600585938,0
seg-only,"(1.5, 8.0, 0.7, 0.3)",0.19673090428113937,0.025033295154571533,0.009046196937561035,0
seg-only,"(1.5, 8.0, 0.7, 0.3)",0.19492323696613312,0.005477249622344971,0.022078990936279297,0
seg-only,"(1.5, 8.0, 0.7, 0.3)",0.20888640731573105,0.00961756706237793,0.02638828754425049,0
seg-only,"(1.5, 8.0, 0.7, 0.3)",0.19139029830694199,0.005162537097930908,0.016619443893432617,0
seg-only,"(1.5, 8.0, 0.7, 0.3)",0.19486525654792786,0.008225083351135254,0.009377002716064453,0
seg-only,"(1.5, 8.0, 0.7, 0.3)",0.20139539241790771,0.014746427536010742,0.0159682035446167,0
seg-only,"(1.5, 8.0, 0.7, 0.6)",0.20691750943660736,0.027116835117340088,0.004327535629272461,0
seg-only,"(1.5, 8.0, 0.7, 0.6)",0.19688668102025986,0.031232774257659912,0.013021469116210938,0
seg-only,"(1.5, 8.0, 0.7, 0.6)",0.2072678655385971,0.008068978786468506,0.021819353103637695,0
seg-only,"(1.5, 8.0, 0.7, 0.6)",0.21881826221942902,0.013062477111816406,0.018866300582885742,0
seg-only,"(1.5, 8.0, 0.7, 0.6)",0.19677076488733292,0.011891961097717285,0.03343772888183594,0
seg-only,"(1.5, 8.0, 0.7, 0.6)",0.20041291415691376,0.018763720989227295,0.0178682804107666,0
seg-only,"(1.5, 8.0, 0.7, 0.6)",0.21225931495428085,0.006395280361175537,0.006166338920593262,0
seg-only,"(1.5, 8.0, 0.7, 0.6)",0.1943657100200653,0.020708560943603516,0.0003775358200073242,0
seg-only,"(1.5, 8.0, 0.7, 0.6)",0.19874677807092667,0.009921610355377197,0.006466507911682129,0
seg-only,"(1.5, 8.0, 0.7, 0.6)",0.19030507653951645,0.012116611003875732,0.01579880714416504,0
seg-only,"(1.5, 8.0, 0.7, 0.6)",0.21200549602508545,0.018002092838287354,0.04059398174285889,0
seg-only,"(1.5, 8.0, 0.7, 0.6)",0.20395151525735855,0.010866284370422363,0.02997267246246338,0
seg-only,"(1.5, 8.0, 0.7, 0.6)",0.21342679858207703,0.029520630836486816,0.03166556358337402,0
seg-only,"(1.5, 8.0, 0.7, 0.6)",0.20511122047901154,0.01803487539291382,0.01006007194519043,0
seg-only,"(1.5, 8.0, 0.7, 0.6)",0.19478872418403625,0.028086841106414795,0.004457354545593262,0
seg-only,"(1.5, 8.0, 0.7, -0.3)",0.19041384011507034,0.0053403377532958984,0.0161898136138916,0
seg-only,"(1.5, 8.0, 0.7, -0.3)",0.19806800037622452,0.00244218111038208,0.004128217697143555,0
seg-only,"(1.5, 8.0, 0.7, -0.3)",0.20763015002012253,0.026947319507598877,0.06115078926086426,0
seg-only,"(1.5, 8.0, 0.7, -0.3)",0.1948031783103943,0.01999044418334961,0.0362696647644043,0
seg-only,"(1.5, 8.0, 0.7, -0.3)",0.2102791965007782,0.011802732944488525,0.0019423961639404297,0
seg-only,"(1.5, 8.0, 0.7, -0.3)",0.1911924108862877,0.016400694847106934,0.03804779052734375,0
seg-only,"(1.5, 8.0, 0.7, -0.3)",0.21759315580129623,0.013740956783294678,0.0165863037109375,0
seg-only,"(1.5, 8.0, 0.7, -0.3)",0.1914936974644661,0.013893604278564453,0.02543473243713379,0
seg-only,"(1.5, 8.0, 0.7, -0.3)",0.19410176575183868,0.016750633716583252,0.04282522201538086,0
seg-only,"(1.5, 8.0, 0.7, -0.3)",0.19054759293794632,0.0036522746086120605,0.017475128173828125,0
seg-only,"(1.5, 8.0, 0.7, -0.3)",0.20812855660915375,0.03179663419723511,0.030849933624267578,0
seg-only,"(1.5, 8.0, 0.7, -0.3)",0.1977701187133789,0.025744616985321045,0.048830628395080566,0
seg-only,"(1.5, 8.0, 0.7, -0.3)",0.19346904754638672,0.006973326206207275,0.015316963195800781,0
seg-only,"(1.5, 8.0, 0.7, -0.3)",0.19278215616941452,0.023759186267852783,0.06524085998535156,0
seg-only,"(1.5, 8.0, 0.7, -0.3)",0.19505809247493744,0.012677788734436035,0.038236379623413086,0
seg-only,"(1.5, 20.0, 0.3, 0.0)",0.22460304200649261,0.032395005226135254,0.03520560264587402,0
seg-only,"(1.5, 20.0, 0.3, 0.0)",0.22245725244283676,0.04476410150527954,0.05830967426300049,0
seg-only,"(1.5, 20.0, 0.3, 0.0)",0.24022536724805832,0.017880260944366455,0.03600573539733887,0
seg-only,"(1.5, 20.0, 0.3, 0.0)",0.21897421777248383,0.02028411626815796,0.032891035079956055,0
seg-only,"(1.5, 20.0, 0.3, 0.0)",0.24476463347673416,0.018231987953186035,0.024583101272583008,0
seg-only,"(1.5, 20.0, 0.3, 0.0)",0.24725399166345596,0.029604196548461914,0.017751693725585938,0
seg-only,"(1.5, 20.0, 0.3, 0.0)",0.2173968106508255,0.044621825218200684,0.05504798889160156,0
seg-only,"(1.5, 20.0, 0.3, 0.0)",0.2509586066007614,0.03685706853866577,0.06561076641082764,0
seg-only,"(1.5, 20.0, 0.3, 0.0)",0.21941373497247696,0.02388942241668701,0.035245656967163086,0
seg-only,"(1.5, 20.0, 0.3, 0.0)",0.22722285985946655,0.03259211778640747,0.057306766510009766,0
seg-only,"(1.5, 20.0, 0.3, 0.0)",0.24167868494987488,0.029364049434661865,0.0370790958404541,0
seg-only,"(1.5, 20.0, 0.3, 0.0)",0.2253962680697441,0.019910156726837158,0.03058779239654541,0
seg-only,"(1.5, 20.0, 0.3, 0.0)",0.2263312265276909,0.020901024341583252,0.0360112190246582,0
seg-only,"(1.5, 20.0, 0.3, 0.0)",0.22060925513505936,0.026265501976013184,0.0525970458984375,0
seg-only,"(1.5, 20.0, 0.3, 0.0)",0.22195224463939667,0.03304499387741089,0.053305864334106445,0
seg-only,"(1.5, 20.0, 0.3, 0.3)",0.2294009104371071,0.02256399393081665,0.019286751747131348,0
seg-only,"(1.5, 20.0, 0.3, 0.3)",0.22647491097450256,0.0404125452041626,0.0525975227355957,0
seg-only,"(1.5, 20.0, 0.3, 0.3)",0.2160830944776535,0.025813043117523193,0.036873817443847656,0
seg-only,"(1.5, 20.0, 0.3, 0.3)",0.22278990596532822,0.039375245571136475,0.05137920379638672,0
seg-only,"(1.5, 20.0, 0.3, 0.3)",0.24584058672189713,0.015279114246368408,0.003167867660522461,0
seg-only,"(1.5, 20.0, 0.3, 0.3)",0.21286767721176147,0.023880600929260254,0.03535151481628418,0
seg-only,"(1.5, 20.0, 0.3, 0.3)",0.23458772152662277,0.03889179229736328,0.04607963562011719,0
seg-only,"(1.5, 20.0, 0.3, 0.3)",0.2519649341702461,0.04462558031082153,0.052602529525756836,0
seg-only,"(1.5, 20.0, 0.3, 0.3)",0.24222490936517715,0.02490895986557007,0.00692594051361084,0
seg-only,"(1.5, 20.0, 0.3, 0.3)",0.23538067936897278,0.028149724006652832,0.037810444831848145,0
seg-only,"(1.5, 20.0, 0.3, 0.3)",0.2580637037754059,0.01319652795791626,0.05601227283477783,0
seg-only,"(1.5, 20.0, 0.3, 0.3)",0.24816301465034485,0.031935155391693115,0.02235591411590576,0
seg-only,"(1.5, 20.0, 0.3, 0.3)",0.21254338324069977,0.024703562259674072,0.020984888076782227,0
seg-only,"(1.5, 20.0, 0.3, 0.3)",0.21811004728078842,0.01667553186416626,0.027129650115966797,0
seg-only,"(1.5, 20.0, 0.3, 0.3)",0.24521522969007492,0.03150373697280884,0.04980039596557617,0
seg-only,"(1.5, 20.0, 0.3, 0.6)",0.24752353131771088,0.006234467029571533,0.029245734214782715,0
seg-only,"(1.5, 20.0, 0.3, 0.6)",0.21924005448818207,0.03813999891281128,0.0011489391326904297,0
seg-only,"(1.5, 20.0, 0.3, 0.6)",0.22832834720611572,0.029074549674987793,0.0003197193145751953,0
seg-only,"(1.5, 20.0, 0.3, 0.6)",0.23211271315813065,0.02842468023300171,0.015053391456604004,0
seg-only,"(1.5, 20.0, 0.3, 0.6)",0.2342512384057045,0.031194865703582764,0.008399128913879395,0
seg-only,"(1.5, 20.0, 0.3, 0.6)",0.21892961114645004,0.03453284502029419,0.013636469841003418,0
seg-only,"(1.5, 20.0, 0.3, 0.6)",0.2553916573524475,0.033039629459381104,0.003689885139465332,0
seg-only,"(1.5, 20.0, 0.3, 0.6)",0.2188962996006012,0.03215515613555908,0.0185011625289917,0
seg-only,"(1.5, 20.0, 0.3, 0.6)",0.21632268279790878,0.031463682651519775,0.02426278591156006,0
seg-only,"(1.5, 20.0, 0.3, 0.6)",0.23731359839439392,0.022701382637023926,0.020069479942321777,0
seg-only,"(1.5, 20.0, 0.3, 0.6)",0.22297335416078568,0.022680222988128662,0.022147059440612793,0
seg-only,"(1.5, 20.0, 0.3, 0.6)",0.23805809766054153,0.03682941198348999,0.030123591423034668,0
seg-only,"(1.5, 20.0, 0.3, 0.6)",0.2548649236559868,0.030202805995941162,0.008757352828979492,0
seg-only,"(1.5, 20.0, 0.3, 0.6)",0.21998310834169388,0.0361749529838562,0.010602116584777832,0
seg-only,"(1.5, 20.0, 0.3, 0.6)",0.22080081701278687,0.03524160385131836,0.027001142501831055,0
seg-only,"(1.5, 20.0, 0.3, -0.3)",0.21868448704481125,0.032870709896087646,0.07252812385559082,0
seg-only,"(1.5, 20.0, 0.3, -0.3)",0.22871530801057816,0.02847456932067871,0.0274350643157959,0
seg-only,"(1.5, 20.0, 0.3, -0.3)",0.2174782156944275,0.03546208143234253,0.05431723594665527,0
seg-only,"(1.5, 20.0, 0.3, -0.3)",0.25549106299877167,0.03693234920501709,0.06706118583679199,0
seg-only,"(1.5, 20.0, 0.3, -0.3)",0.23558279871940613,0.017510056495666504,0.02383589744567871,0
seg-only,"(1.5, 20.0, 0.3, -0.3)",0.22097785770893097,0.028198301792144775,0.03581881523132324,0
seg-only,"(1.5, 20.0, 0.3, -0.3)",0.2174401581287384,0.027855515480041504,0.05072784423828125,0
seg-only,"(1.5, 20.0, 0.3, -0.3)",0.21605374664068222,0.01981639862060547,0.03305482864379883,0
seg-only,"(1.5, 20.0, 0.3, -0.3)",0.2435518354177475,0.01709824800491333,0.031395912170410156,0
seg-only,"(1.5, 20.0, 0.3, -0.3)",0.22697162628173828,0.03676265478134155,0.08139491081237793,0
seg-only,"(1.5, 20.0, 0.3, -0.3)",0.21658905595541,0.02945077419281006,0.04398488998413086,0
seg-only,"(1.5, 20.0, 0.3, -0.3)",0.22200246900320053,0.027412474155426025,0.07489633560180664,0
seg-only,"(1.5, 20.0, 0.3, -0.3)",0.22540028393268585,0.031747400760650635,0.05975914001464844,0
seg-only,"(1.5, 20.0, 0.3, -0.3)",0.22375589609146118,0.01837068796157837,0.0272979736328125,0
seg-only,"(1.5, 20.0, 0.3, -0.3)",0.25441761314868927,0.030838489532470703,0.07221674919128418,0
seg-only,"(1.5, 20.0, 0.7, 0.0)",0.1724187582731247,0.013229966163635254,0.010450363159179688,0
seg-only,"(1.5, 20.0, 0.7, 0.0)",0.18852096796035767,0.0024834275245666504,0.0030753612518310547,0
seg-only,"(1.5, 20.0, 0.7, 0.0)",0.1767648607492447,0.011687934398651123,0.026140451431274414,0
seg-only,"(1.5, 20.0, 0.7, 0.0)",0.19113586097955704,0.01767909526824951,0.01838994026184082,0
seg-only,"(1.5, 20.0, 0.7, 0.0)",0.1974700763821602,0.0076004862785339355,0.008088111877441406,0
seg-only,"(1.5, 20.0, 0.7, 0.0)",0.1880905106663704,0.01105654239654541,0.0265805721282959,0
seg-only,"(1.5, 20.0, 0.7, 0.0)",0.1810782626271248,0.021691083908081055,0.0378420352935791,0
seg-only,"(1.5, 20.0, 0.7, 0.0)",0.1792982816696167,0.014380693435668945,0.005160093307495117,0
seg-only,"(1.5, 20.0, 0.7, 0.0)",0.18238339573144913,0.009378790855407715,0.014795064926147461,0
seg-only,"(1.5, 20.0, 0.7, 0.0)",0.18939383327960968,0.014270007610321045,0.0336756706237793,0
seg-only,"(1.5, 20.0, 0.7, 0.0)",0.17470520734786987,0.012590885162353516,0.017393112182617188,0
seg-only,"(1.5, 20.0, 0.7, 0.0)",0.20151272416114807,0.004970550537109375,0.02416372299194336,0
seg-only,"(1.5, 20.0, 0.7, 0.0)",0.187260240316391,0.010710000991821289,0.010144829750061035,0
seg-only,"(1.5, 20.0, 0.7, 0.0)",0.1896757408976555,0.008104145526885986,0.022048354148864746,0
seg-only,"(1.5, 20.0, 0.7, 0.0)",0.17641303688287735,0.011679649353027344,0.0035839080810546875,0
seg-only,"(1.5, 20.0, 0.7, 0.3)",0.1922466680407524,0.005659937858581543,0.010225653648376465,0
seg-only,"(1.5, 20.0, 0.7, 0.3)",0.1870769038796425,0.010868728160858154,0.03528451919555664,0
seg-only,"(1.5, 20.0, 0.7, 0.3)",0.18936576694250107,0.004630982875823975,0.004736900329589844,0
seg-only,"(1.5, 20.0, 0.7, 0.3)",0.18730101734399796,0.014370501041412354,0.00636136531829834,0
seg-only,"(1.5, 20.0, 0.7, 0.3)",0.1820802539587021,0.009059131145477295,0.036604881286621094,0
seg-only,"(1.5, 20.0, 0.7, 0.3)",0.1884441003203392,0.010321855545043945,0.007750034332275391,0
seg-only,"(1.5, 20.0, 0.7, 0.3)",0.20259705930948257,0.00635606050491333,0.029892444610595703,0
seg-only,"(1.5, 20.0, 0.7, 0.3)",0.17053893953561783,0.009980320930480957,0.026228904724121094,0
seg-only,"(1.5, 20.0, 0.7, 0.3)",0.19486652314662933,0.012502849102020264,0.0006569623947143555,0
seg-only,"(1.5, 20.0, 0.7, 0.3)",0.19975756108760834,0.00824129581451416,0.0020078420639038086,0
seg-only,"(1.5, 20.0, 0.7, 0.3)",0.18437132239341736,0.002697467803955078,0.0045125484466552734,0
seg-only,"(1.5, 20.0, 0.7, 0.3)",0.1856861710548401,0.004021108150482178,0.012270808219909668,0
seg-only,"(1.5, 20.0, 0.7, 0.3)",0.18727365136146545,0.005219876766204834,0.029953479766845703,0
seg-only,"(1.5, 20.0, 0.7, 0.3)",0.17502932250499725,0.009118616580963135,0.00016796588897705078,0
seg-only,"(1.5, 20.0, 0.7, 0.3)",0.18153458088636398,0.006044328212738037,0.022974133491516113,0
seg-only,"(1.5, 20.0, 0.7, 0.6)",0.18159570544958115,0.015788614749908447,0.03302121162414551,0
seg-only,"(1.5, 20.0, 0.7, 0.6)",0.18350200355052948,0.009268224239349365,0.026511192321777344,0
seg-only,"(1.5, 20.0, 0.7, 0.6)",0.1917296200990677,0.012338817119598389,0.007103681564331055,0
seg-only,"(1.5, 20.0, 0.7, 0.6)",0.1799931824207306,0.019785642623901367,0.027672290802001953,0
seg-only,"(1.5, 20.0, 0.7, 0.6)",0.19146350771188736,0.004936695098876953,0.0013309717178344727,0
seg-only,"(1.5, 20.0, 0.7, 0.6)",0.19564376026391983,0.018716812133789062,0.03915262222290039,0
seg-only,"(1.5, 20.0, 0.7, 0.6)",0.1872701644897461,0.011991500854492188,0.01985323429107666,0
seg-only,"(1.5, 20.0, 0.7, 0.6)",0.17893198877573013,0.015139520168304443,0.003209829330444336,0
seg-only,"(1.5, 20.0, 0.7, 0.6)",0.18811945617198944,0.007428646087646484,0.013049960136413574,0
seg-only,"(1.5, 20.0, 0.7, 0.6)",0.1841084137558937,0.019933760166168213,0.037053823471069336,0
seg-only,"(1.5, 20.0, 0.7, 0.6)",0.18729154020547867,0.011704862117767334,0.026086091995239258,0
seg-only,"(1.5, 20.0, 0.7, 0.6)",0.18039573729038239,0.004033386707305908,0.0051795244216918945,0
seg-only,"(1.5, 20.0, 0.7, 0.6)",0.17898378521203995,0.013299942016601562,0.029147744178771973,0
seg-only,"(1.5, 20.0, 0.7, 0.6)",0.17808320373296738,0.010036706924438477,0.013877511024475098,0
seg-only,"(1.5, 20.0, 0.7, 0.6)",0.19704066216945648,0.0020525455474853516,0.001677393913269043,0
seg-only,"(1.5, 20.0, 0.7, -0.3)",0.182200625538826,0.006580173969268799,0.010919570922851562,0
seg-only,"(1.5, 20.0, 0.7, -0.3)",0.1852271929383278,0.010698795318603516,0.006440639495849609,0
seg-only,"(1.5, 20.0, 0.7, -0.3)",0.1869518682360649,0.005066215991973877,0.006742715835571289,0
seg-only,"(1.5, 20.0, 0.7, -0.3)",0.17915262281894684,0.014318466186523438,0.02626323699951172,0
seg-only,"(1.5, 20.0, 0.7, -0.3)",0.17552216351032257,0.018794894218444824,0.029686927795410156,0
seg-only,"(1.5, 20.0, 0.7, -0.3)",0.18596362322568893,0.01987636089324951,0.009711980819702148,0
seg-only,"(1.5, 20.0, 0.7, -0.3)",0.17506954818964005,0.018700003623962402,0.010521888732910156,0
seg-only,"(1.5, 20.0, 0.7, -0.3)",0.1838996857404709,0.0235975980758667,0.013502836227416992,0
seg-only,"(1.5, 20.0, 0.7, -0.3)",0.1746911257505417,0.006289660930633545,0.040492892265319824,0
seg-only,"(1.5, 20.0, 0.7, -0.3)",0.17895478010177612,0.024915218353271484,0.05036425590515137,0
seg-only,"(1.5, 20.0, 0.7, -0.3)",0.19529815763235092,0.010336875915527344,0.00374603271484375,0
seg-only,"(1.5, 20.0, 0.7, -0.3)",0.18718533217906952,0.023389697074890137,0.010530233383178711,0
seg-only,"(1.5, 20.0, 0.7, -0.3)",0.17465735971927643,0.012483596801757812,0.03091299533843994,0
seg-only,"(1.5, 20.0, 0.7, -0.3)",0.18434391915798187,0.010142982006072998,0.006404876708984375,0
seg-only,"(1.5, 20.0, 0.7, -0.3)",0.1761026531457901,0.025020837783813477,0.030392169952392578,0
seg-only,"(3.0, 8.0, 0.3, 0.0)",0.2846298962831497,0.04006326198577881,0.04411172866821289,0
seg-only,"(3.0, 8.0, 0.3, 0.0)",0.2709803283214569,0.046314120292663574,0.07003259658813477,0
seg-only,"(3.0, 8.0, 0.3, 0.0)",0.3140094131231308,0.04157662391662598,0.07753849029541016,0
seg-only,"(3.0, 8.0, 0.3, 0.0)",0.28067657351493835,0.034337401390075684,0.05863380432128906,0
seg-only,"(3.0, 8.0, 0.3, 0.0)",0.33398450911045074,0.03128206729888916,0.06629133224487305,0
seg-only,"(3.0, 8.0, 0.3, 0.0)",0.33205053210258484,0.025393009185791016,0.05365705490112305,0
seg-only,"(3.0, 8.0, 0.3, 0.0)",0.3351527154445648,0.027354121208190918,0.02951192855834961,0
seg-only,"(3.0, 8.0, 0.3, 0.0)",0.26175935566425323,0.034691691398620605,0.07509756088256836,0
seg-only,"(3.0, 8.0, 0.3, 0.0)",0.32400092482566833,0.03511607646942139,0.06616830825805664,0
seg-only,"(3.0, 8.0, 0.3, 0.0)",0.30305467545986176,0.03273463249206543,0.03757143020629883,0
seg-only,"(3.0, 8.0, 0.3, 0.0)",0.32179395854473114,0.011664628982543945,0.003803253173828125,0
seg-only,"(3.0, 8.0, 0.3, 0.0)",0.2738554775714874,0.0295029878616333,0.04305553436279297,0
seg-only,"(3.0, 8.0, 0.3, 0.0)",0.3052562475204468,0.03371477127075195,0.027491092681884766,0
seg-only,"(3.0, 8.0, 0.3, 0.0)",0.3168193995952606,0.03770792484283447,0.034670352935791016,0
seg-only,"(3.0, 8.0, 0.3, 0.0)",0.27494098246097565,0.029204845428466797,0.040570735931396484,0
seg-only,"(3.0, 8.0, 0.3, 0.3)",0.28730738162994385,0.030936241149902344,0.021774768829345703,0
seg-only,"(3.0, 8.0, 0.3, 0.3)",0.28724971413612366,0.017745137214660645,0.014609336853027344,0
seg-only,"(3.0, 8.0, 0.3, 0.3)",0.2801281660795212,0.02666759490966797,0.05911517143249512,0
seg-only,"(3.0, 8.0, 0.3, 0.3)",0.27809938788414,0.016934990882873535,0.0018587112426757812,0
seg-only,"(3.0, 8.0, 0.3, 0.3)",0.3457048833370209,0.042931199073791504,0.049523353576660156,0
seg-only,"(3.0, 8.0, 0.3, 0.3)",0.31669580936431885,0.029220104217529297,0.019504785537719727,0
seg-only,"(3.0, 8.0, 0.3, 0.3)",0.2771623432636261,0.02650129795074463,0.03986477851867676,0
seg-only,"(3.0, 8.0, 0.3, 0.3)",0.2847837954759598,0.049901723861694336,0.07656335830688477,0
seg-only,"(3.0, 8.0, 0.3, 0.3)",0.32881416380405426,0.02510058879852295,0.007899284362792969,0
seg-only,"(3.0, 8.0, 0.3, 0.3)",0.3150305151939392,0.029111385345458984,0.03219437599182129,0
seg-only,"(3.0, 8.0, 0.3, 0.3)",0.2918090224266052,0.03888595104217529,0.041085004806518555,0
seg-only,"(3.0, 8.0, 0.3, 0.3)",0.2731653302907944,0.018958210945129395,0.015292882919311523,0
seg-only,"(3.0, 8.0, 0.3, 0.3)",0.27426882088184357,0.038100600242614746,0.04189038276672363,0
seg-only,"(3.0, 8.0, 0.3, 0.3)",0.279983252286911,0.04097104072570801,0.054470062255859375,0
seg-only,"(3.0, 8.0, 0.3, 0.3)",0.2836972028017044,0.040295958518981934,0.030793190002441406,0
seg-only,"(3.0, 8.0, 0.3, 0.6)",0.3059126138687134,0.03401637077331543,0.000522613525390625,0
seg-only,"(3.0, 8.0, 0.3, 0.6)",0.27383145689964294,0.018596172332763672,0.013821125030517578,0
seg-only,"(3.0, 8.0, 0.3, 0.6)",0.3059849441051483,0.035291433334350586,0.02861642837524414,0
seg-only,"(3.0, 8.0, 0.3, 0.6)",0.2982185631990433,0.03708994388580322,0.018563032150268555,0
seg-only,"(3.0, 8.0, 0.3, 0.6)",0.2868667244911194,0.029116272926330566,0.0017116069793701172,0
seg-only,"(3.0, 8.0, 0.3, 0.6)",0.2933543026447296,0.023264765739440918,0.006629228591918945,0
seg-only,"(3.0, 8.0, 0.3, 0.6)",0.29422779381275177,0.03731977939605713,0.03871440887451172,0
seg-only,"(3.0, 8.0, 0.3, 0.6)",0.2705138325691223,0.025156021118164062,0.02056145668029785,0
seg-only,"(3.0, 8.0, 0.3, 0.6)",0.29749077558517456,0.03027927875518799,0.019877910614013672,0
seg-only,"(3.0, 8.0, 0.3, 0.6)",0.30053237080574036,0.04170560836791992,0.027019977569580078,0
seg-only,"(3.0, 8.0, 0.3, 0.6)",0.28472183644771576,0.04905414581298828,0.039728641510009766,0
seg-only,"(3.0, 8.0, 0.3, 0.6)",0.2759399861097336,0.02753591537475586,0.0203402042388916,0
seg-only,"(3.0, 8.0, 0.3, 0.6)",0.2820749580860138,0.04265260696411133,0.017169952392578125,0
seg-only,"(3.0, 8.0, 0.3, 0.6)",0.25993095338344574,0.04531574249267578,0.02363300323486328,0
seg-only,"(3.0, 8.0, 0.3, 0.6)",0.2912116199731827,0.04794144630432129,0.04794669151306152,0
seg-only,"(3.0, 8.0, 0.3, -0.3)",0.2742405980825424,0.05051290988922119,0.07468223571777344,0
seg-only,"(3.0, 8.0, 0.3, -0.3)",0.28299662470817566,0.028968334197998047,0.04235219955444336,0
seg-only,"(3.0, 8.0, 0.3, -0.3)",0.3015507906675339,0.03835165500640869,0.08104753494262695,0
seg-only,"(3.0, 8.0, 0.3, -0.3)",0.27830207347869873,0.04857444763183594,0.09177303314208984,0
seg-only,"(3.0, 8.0, 0.3, -0.3)",0.2992784231901169,0.04194796085357666,0.06756830215454102,0
seg-only,"(3.0, 8.0, 0.3, -0.3)",0.32270997762680054,0.04114389419555664,0.07219552993774414,0
seg-only,"(3.0, 8.0, 0.3, -0.3)",0.2856990844011307,0.05875205993652344,0.09973716735839844,0
seg-only,"(3.0, 8.0, 0.3, -0.3)",0.2702985852956772,0.026084065437316895,0.05929756164550781,0
seg-only,"(3.0, 8.0, 0.3, -0.3)",0.27885693311691284,0.030144810676574707,0.05299496650695801,0
seg-only,"(3.0, 8.0, 0.3, -0.3)",0.2718217968940735,0.03748047351837158,0.06514549255371094,0
seg-only,"(3.0, 8.0, 0.3, -0.3)",0.2566302418708801,0.014073729515075684,0.032198429107666016,0
seg-only,"(3.0, 8.0, 0.3, -0.3)",0.27480439841747284,0.04257035255432129,0.06768083572387695,0
seg-only,"(3.0, 8.0, 0.3, -0.3)",0.2712832987308502,0.013036251068115234,0.03482818603515625,0
seg-only,"(3.0, 8.0, 0.3, -0.3)",0.28555747866630554,0.02142190933227539,0.03383779525756836,0
seg-only,"(3.0, 8.0, 0.3, -0.3)",0.29680055379867554,0.04388415813446045,0.07207489013671875,0
seg-only,"(3.0, 8.0, 0.7, 0.0)",0.22195922583341599,0.01653730869293213,0.01120615005493164,0
seg-only,"(3.0, 8.0, 0.7, 0.0)",0.2319888323545456,0.016286253929138184,0.0043182373046875,0
seg-only,"(3.0, 8.0, 0.7, 0.0)",0.23790805786848068,0.010949134826660156,0.006947517395019531,0
seg-only,"(3.0, 8.0, 0.7, 0.0)",0.22998224198818207,0.019214272499084473,0.036774635314941406,0
seg-only,"(3.0, 8.0, 0.7, 0.0)",0.25259412825107574,0.01680922508239746,0.03679704666137695,0
seg-only,"(3.0, 8.0, 0.7, 0.0)",0.2365538328886032,0.03300917148590088,0.06723928451538086,0
seg-only,"(3.0, 8.0, 0.7, 0.0)",0.2588808089494705,0.015460014343261719,0.03288078308105469,0
seg-only,"(3.0, 8.0, 0.7, 0.0)",0.22571149468421936,0.013342618942260742,0.008285284042358398,0
seg-only,"(3.0, 8.0, 0.7, 0.0)",0.2347899153828621,0.013294458389282227,0.0006017684936523438,0
seg-only,"(3.0, 8.0, 0.7, 0.0)",0.24313639104366302,0.01363992691040039,0.008586406707763672,0
seg-only,"(3.0, 8.0, 0.7, 0.0)",0.23747699707746506,0.01571953296661377,0.005167484283447266,0
seg-only,"(3.0, 8.0, 0.7, 0.0)",0.23418206721544266,0.02331101894378662,0.012549400329589844,0
seg-only,"(3.0, 8.0, 0.7, 0.0)",0.23181847482919693,0.007897496223449707,0.007846832275390625,0
seg-only,"(3.0, 8.0, 0.7, 0.0)",0.2535988464951515,0.026065349578857422,0.03353309631347656,0
seg-only,"(3.0, 8.0, 0.7, 0.0)",0.22506102919578552,0.02183818817138672,0.04239392280578613,0
seg-only,"(3.0, 8.0, 0.7, 0.3)",0.24145831167697906,0.024632811546325684,0.002155303955078125,0
seg-only,"(3.0, 8.0, 0.7, 0.3)",0.22804047167301178,0.021509408950805664,0.04706001281738281,0
seg-only,"(3.0, 8.0, 0.7, 0.3)",0.23730522394180298,0.01379692554473877,0.005429267883300781,0
seg-only,"(3.0, 8.0, 0.7, 0.3)",0.2347220480442047,0.028293848037719727,0.02080702781677246,0
seg-only,"(3.0, 8.0, 0.7, 0.3)",0.24305590987205505,0.01778090000152588,0.029413461685180664,0
seg-only,"(3.0, 8.0, 0.7, 0.3)",0.23064380139112473,0.0183335542678833,0.0004947185516357422,0
seg-only,"(3.0, 8.0, 0.7, 0.3)",0.23105382174253464,0.00896155834197998,0.0037860870361328125,0
seg-only,"(3.0, 8.0, 0.7, 0.3)",0.23317400366067886,0.014628052711486816,0.007429361343383789,0
seg-only,"(3.0, 8.0, 0.7, 0.3)",0.26334811747074127,0.01702249050140381,0.013138055801391602,0
seg-only,"(3.0, 8.0, 0.7, 0.3)",0.23560257256031036,0.008574366569519043,0.019690513610839844,0
seg-only,"(3.0, 8.0, 0.7, 0.3)",0.2565801218152046,0.02069258689880371,0.0037453174591064453,0
seg-only,"(3.0, 8.0, 0.7, 0.3)",0.2413843646645546,0.008770227432250977,0.017354965209960938,0
seg-only,"(3.0, 8.0, 0.7, 0.3)",0.25777944922447205,0.007997751235961914,0.002967357635498047,0
seg-only,"(3.0, 8.0, 0.7, 0.3)",0.22849053889513016,0.025173664093017578,0.006111621856689453,0
seg-only,"(3.0, 8.0, 0.7, 0.3)",0.22799572348594666,0.009018421173095703,0.022997617721557617,0
seg-only,"(3.0, 8.0, 0.7, 0.6)",0.2256883680820465,0.014383673667907715,0.03362131118774414,0
seg-only,"(3.0, 8.0, 0.7, 0.6)",0.23239745199680328,0.016800999641418457,0.003958463668823242,0
seg-only,"(3.0, 8.0, 0.7, 0.6)",0.237565316259861,0.01636481285095215,0.026144742965698242,0
seg-only,"(3.0, 8.0, 0.7, 0.6)",0.2690688967704773,0.027567744255065918,0.0308377742767334,0
seg-only,"(3.0, 8.0, 0.7, 0.6)",0.23259062319993973,0.023377418518066406,0.020011425018310547,0
seg-only,"(3.0, 8.0, 0.7, 0.6)",0.24642184376716614,0.0183182954788208,0.01378774642944336,0
seg-only,"(3.0, 8.0, 0.7, 0.6)",0.2576046586036682,0.01483166217803955,0.011373043060302734,0
seg-only,"(3.0, 8.0, 0.7, 0.6)",0.23417390137910843,0.016754984855651855,0.004172086715698242,0
seg-only,"(3.0, 8.0, 0.7, 0.6)",0.217323899269104,0.023989558219909668,0.0201261043548584,0
seg-only,"(3.0, 8.0, 0.7, 0.6)",0.22509487718343735,0.01455235481262207,0.024556636810302734,0
seg-only,"(3.0, 8.0, 0.7, 0.6)",0.25753647089004517,0.012599825859069824,0.008724689483642578,0
seg-only,"(3.0, 8.0, 0.7, 0.6)",0.25754065811634064,0.014398813247680664,0.0009696483612060547,0
seg-only,"(3.0, 8.0, 0.7, 0.6)",0.24688713997602463,0.008712530136108398,0.0032486915588378906,0
seg-only,"(3.0, 8.0, 0.7, 0.6)",0.22528189420700073,0.01028144359588623,0.002974987030029297,0
seg-only,"(3.0, 8.0, 0.7, 0.6)",0.22039801627397537,0.013182282447814941,0.014975547790527344,0
seg-only,"(3.0, 8.0, 0.7, -0.3)",0.23228945583105087,0.02851724624633789,0.05363130569458008,0
seg-only,"(3.0, 8.0, 0.7, -0.3)",0.2651395797729492,0.023872852325439453,0.07230854034423828,0
seg-only,"(3.0, 8.0, 0.7, -0.3)",0.22576474398374557,0.02553117275238037,0.05358457565307617,0
seg-only,"(3.0, 8.0, 0.7, -0.3)",0.23207418620586395,0.01939380168914795,0.018616676330566406,0
seg-only,"(3.0, 8.0, 0.7, -0.3)",0.25528140366077423,0.009774446487426758,0.01002359390258789,0
seg-only,"(3.0, 8.0, 0.7, -0.3)",0.22840263694524765,0.018975257873535156,0.05326700210571289,0
seg-only,"(3.0, 8.0, 0.7, -0.3)",0.24929621815681458,0.013649344444274902,0.011340618133544922,0
seg-only,"(3.0, 8.0, 0.7, -0.3)",0.24544604867696762,0.01606607437133789,0.028594970703125,0
seg-only,"(3.0, 8.0, 0.7, -0.3)",0.23102931678295135,0.023247718811035156,0.03982114791870117,0
seg-only,"(3.0, 8.0, 0.7, -0.3)",0.22447196394205093,0.004255771636962891,0.006068706512451172,0
seg-only,"(3.0, 8.0, 0.7, -0.3)",0.23204229027032852,0.025087952613830566,0.01901721954345703,0
seg-only,"(3.0, 8.0, 0.7, -0.3)",0.22077077627182007,0.008261561393737793,0.012683868408203125,0
seg-only,"(3.0, 8.0, 0.7, -0.3)",0.25128163397312164,0.02233719825744629,0.03401899337768555,0
seg-only,"(3.0, 8.0, 0.7, -0.3)",0.23335905373096466,0.010124683380126953,0.014805793762207031,0
seg-only,"(3.0, 8.0, 0.7, -0.3)",0.22313152253627777,0.0273282527923584,0.0484919548034668,0
seg-only,"(3.0, 20.0, 0.3, 0.0)",0.28083258867263794,0.03613245487213135,0.04850149154663086,0
seg-only,"(3.0, 20.0, 0.3, 0.0)",0.28438040614128113,0.04053080081939697,0.036051273345947266,0
seg-only,"(3.0, 20.0, 0.3, 0.0)",0.2884184420108795,0.025915026664733887,0.03946065902709961,0
seg-only,"(3.0, 20.0, 0.3, 0.0)",0.27536816895008087,0.02982950210571289,0.02041339874267578,0
seg-only,"(3.0, 20.0, 0.3, 0.0)",0.2512374222278595,0.01570582389831543,0.04253411293029785,0
seg-only,"(3.0, 20.0, 0.3, 0.0)",0.25887688994407654,0.017498493194580078,0.01674938201904297,0
seg-only,"(3.0, 20.0, 0.3, 0.0)",0.30996303260326385,0.03886771202087402,0.09542632102966309,0
seg-only,"(3.0, 20.0, 0.3, 0.0)",0.271757110953331,0.028550267219543457,0.049990177154541016,0
seg-only,"(3.0, 20.0, 0.3, 0.0)",0.28801028430461884,0.013740777969360352,0.0010890960693359375,0
seg-only,"(3.0, 20.0, 0.3, 0.0)",0.31389041244983673,0.020826220512390137,0.01694011688232422,0
seg-only,"(3.0, 20.0, 0.3, 0.0)",0.2662988007068634,0.03021407127380371,0.04966449737548828,0
seg-only,"(3.0, 20.0, 0.3, 0.0)",0.2803582698106766,0.024739384651184082,0.036814212799072266,0
seg-only,"(3.0, 20.0, 0.3, 0.0)",0.31048017740249634,0.041231751441955566,0.06376028060913086,0
seg-only,"(3.0, 20.0, 0.3, 0.0)",0.2682430297136307,0.03516387939453125,0.028082609176635742,0
seg-only,"(3.0, 20.0, 0.3, 0.0)",0.2878882884979248,0.03659701347351074,0.03140091896057129,0
seg-only,"(3.0, 20.0, 0.3, 0.3)",0.2749924063682556,0.03746354579925537,0.023833274841308594,0
seg-only,"(3.0, 20.0, 0.3, 0.3)",0.25826457142829895,0.017284035682678223,0.033280134201049805,0
seg-only,"(3.0, 20.0, 0.3, 0.3)",0.27108167111873627,0.021535158157348633,0.03731870651245117,0
seg-only,"(3.0, 20.0, 0.3, 0.3)",0.3103749006986618,0.022968649864196777,0.003330707550048828,0
seg-only,"(3.0, 20.0, 0.3, 0.3)",0.27229562401771545,0.026981234550476074,0.03895139694213867,0
seg-only,"(3.0, 20.0, 0.3, 0.3)",0.248846635222435,0.037893056869506836,0.016319751739501953,0
seg-only,"(3.0, 20.0, 0.3, 0.3)",0.2827693372964859,0.03813302516937256,0.0639955997467041,0
seg-only,"(3.0, 20.0, 0.3, 0.3)",0.2575928568840027,0.019496440887451172,0.01828789710998535,0
seg-only,"(3.0, 20.0, 0.3, 0.3)",0.2575838565826416,0.03821706771850586,0.0566103458404541,0
seg-only,"(3.0, 20.0, 0.3, 0.3)",0.27593106031417847,0.01819586753845215,0.002145528793334961,0
seg-only,"(3.0, 20.0, 0.3, 0.3)",0.2514679282903671,0.03328597545623779,0.018515586853027344,0
seg-only,"(3.0, 20.0, 0.3, 0.3)",0.26468493044376373,0.01686418056488037,0.0027322769165039062,0
seg-only,"(3.0, 20.0, 0.3, 0.3)",0.2998477965593338,0.03149092197418213,0.027391433715820312,0
seg-only,"(3.0, 20.0, 0.3, 0.3)",0.2987174093723297,0.011750936508178711,0.02422046661376953,0
seg-only,"(3.0, 20.0, 0.3, 0.3)",0.26666679978370667,0.03249657154083252,0.045417070388793945,0
seg-only,"(3.0, 20.0, 0.3, 0.6)",0.2692025601863861,0.044188857078552246,0.008071660995483398,0
seg-only,"(3.0, 20.0, 0.3, 0.6)",0.2656309902667999,0.024994969367980957,0.008453369140625,0
seg-only,"(3.0, 20.0, 0.3, 0.6)",0.31467799842357635,0.018530726432800293,0.0018610954284667969,0
seg-only,"(3.0, 20.0, 0.3, 0.6)",0.25465597212314606,0.029735684394836426,0.03378129005432129,0
seg-only,"(3.0, 20.0, 0.3, 0.6)",0.26518893241882324,0.03298676013946533,0.05842018127441406,0
seg-only,"(3.0, 20.0, 0.3, 0.6)",0.2773366868495941,0.02970445156097412,0.007014751434326172,0
seg-only,"(3.0, 20.0, 0.3, 0.6)",0.2800983339548111,0.030856609344482422,0.010672807693481445,0
seg-only,"(3.0, 20.0, 0.3, 0.6)",0.2576482445001602,0.03345048427581787,0.02382040023803711,0
seg-only,"(3.0, 20.0, 0.3, 0.6)",0.3024566173553467,0.023984551429748535,0.010000467300415039,0
seg-only,"(3.0, 20.0, 0.3, 0.6)",0.266755074262619,0.0233001708984375,0.005471229553222656,0
seg-only,"(3.0, 20.0, 0.3, 0.6)",0.3157387226819992,0.03995358943939209,0.043772220611572266,0
seg-only,"(3.0, 20.0, 0.3, 0.6)",0.2996375858783722,0.035482168197631836,0.011748552322387695,0
seg-only,"(3.0, 20.0, 0.3, 0.6)",0.26073747128248215,0.01897430419921875,0.007018089294433594,0
seg-only,"(3.0, 20.0, 0.3, 0.6)",0.24764923006296158,0.03138589859008789,0.01621866226196289,0
seg-only,"(3.0, 20.0, 0.3, 0.6)",0.27010002732276917,0.03701937198638916,9.584426879882812e-05,0
seg-only,"(3.0, 20.0, 0.3, -0.3)",0.2625393569469452,0.03652644157409668,0.05897068977355957,0
seg-only,"(3.0, 20.0, 0.3, -0.3)",0.2845557779073715,0.019709229469299316,0.038869380950927734,0
seg-only,"(3.0, 20.0, 0.3, -0.3)",0.27691836655139923,0.018785476684570312,0.030698776245117188,0
seg-only,"(3.0, 20.0, 0.3, -0.3)",0.268183097243309,0.047408223152160645,0.07011079788208008,0
seg-only,"(3.0, 20.0, 0.3, -0.3)",0.258873775601387,0.03074634075164795,0.026252269744873047,0
seg-only,"(3.0, 20.0, 0.3, -0.3)",0.252131350338459,0.03432464599609375,0.04169797897338867,0
seg-only,"(3.0, 20.0, 0.3, -0.3)",0.25671614706516266,0.020335912704467773,0.042659759521484375,0
seg-only,"(3.0, 20.0, 0.3, -0.3)",0.25684425234794617,0.031057000160217285,0.05897665023803711,0
seg-only,"(3.0, 20.0, 0.3, -0.3)",0.258147269487381,0.024264931678771973,0.03579235076904297,0
seg-only,"(3.0, 20.0, 0.3, -0.3)",0.26397766172885895,0.036257028579711914,0.04621171951293945,0
seg-only,"(3.0, 20.0, 0.3, -0.3)",0.30813612043857574,0.03663325309753418,0.08910131454467773,0
seg-only,"(3.0, 20.0, 0.3, -0.3)",0.27355682849884033,0.0229184627532959,0.04830360412597656,0
seg-only,"(3.0, 20.0, 0.3, -0.3)",0.26538804173469543,0.01711428165435791,0.028650283813476562,0
seg-only,"(3.0, 20.0, 0.3, -0.3)",0.29954794049263,0.013725876808166504,0.041031837463378906,0
seg-only,"(3.0, 20.0, 0.3, -0.3)",0.2662217915058136,0.02163100242614746,0.04993629455566406,0
seg-only,"(3.0, 20.0, 0.7, 0.0)",0.19621267169713974,0.016872286796569824,0.013773918151855469,0
seg-only,"(3.0, 20.0, 0.7, 0.0)",0.20617344975471497,0.007552146911621094,0.00030112266540527344,0
seg-only,"(3.0, 20.0, 0.7, 0.0)",0.1953173279762268,0.015501618385314941,0.010037422180175781,0
seg-only,"(3.0, 20.0, 0.7, 0.0)",0.20642170310020447,0.0271681547164917,0.0570981502532959,0
seg-only,"(3.0, 20.0, 0.7, 0.0)",0.19372275471687317,0.0031938552856445312,0.0034499168395996094,0
seg-only,"(3.0, 20.0, 0.7, 0.0)",0.19244790822267532,0.008257627487182617,0.007534503936767578,0
seg-only,"(3.0, 20.0, 0.7, 0.0)",0.20764869451522827,0.014408230781555176,0.024046659469604492,0
seg-only,"(3.0, 20.0, 0.7, 0.0)",0.19915719330310822,0.011228084564208984,0.00678706169128418,0
seg-only,"(3.0, 20.0, 0.7, 0.0)",0.22042737156152725,0.0241696834564209,0.04084014892578125,0
seg-only,"(3.0, 20.0, 0.7, 0.0)",0.2107883095741272,0.01712775230407715,0.03403949737548828,0
seg-only,"(3.0, 20.0, 0.7, 0.0)",0.19680821895599365,0.018459677696228027,0.0011069774627685547,0
seg-only,"(3.0, 20.0, 0.7, 0.0)",0.20982080698013306,0.0130082368850708,0.0341944694519043,0
seg-only,"(3.0, 20.0, 0.7, 0.0)",0.2314940169453621,0.00839996337890625,0.024446964263916016,0
seg-only,"(3.0, 20.0, 0.7, 0.0)",0.2016758993268013,0.027813076972961426,0.06773686408996582,0
seg-only,"(3.0, 20.0, 0.7, 0.0)",0.22156375646591187,0.017505407333374023,0.034458160400390625,0
seg-only,"(3.0, 20.0, 0.7, 0.3)",0.22875525802373886,0.007522463798522949,0.013319969177246094,0
seg-only,"(3.0, 20.0, 0.7, 0.3)",0.20019418001174927,0.004150390625,0.024036884307861328,0
seg-only,"(3.0, 20.0, 0.7, 0.3)",0.20597870647907257,0.01906406879425049,0.026728391647338867,0
seg-only,"(3.0, 20.0, 0.7, 0.3)",0.22283729910850525,0.021995902061462402,0.023877620697021484,0
seg-only,"(3.0, 20.0, 0.7, 0.3)",0.20017115771770477,0.015474677085876465,0.007649660110473633,0
seg-only,"(3.0, 20.0, 0.7, 0.3)",0.19806160032749176,0.012081265449523926,0.008861064910888672,0
seg-only,"(3.0, 20.0, 0.7, 0.3)",0.20921072363853455,0.0021431446075439453,0.013249874114990234,0
seg-only,"(3.0, 20.0, 0.7, 0.3)",0.20518065243959427,0.015816330909729004,0.01336050033569336,0
seg-only,"(3.0, 20.0, 0.7, 0.3)",0.21201831102371216,0.0053174495697021484,0.021370887756347656,0
seg-only,"(3.0, 20.0, 0.7, 0.3)",0.21153444796800613,0.00548243522644043,0.003370523452758789,0
seg-only,"(3.0, 20.0, 0.7, 0.3)",0.20185444504022598,0.003951072692871094,0.004225015640258789,0
seg-only,"(3.0, 20.0, 0.7, 0.3)",0.2055550515651703,0.017589330673217773,0.016524791717529297,0
seg-only,"(3.0, 20.0, 0.7, 0.3)",0.22683094441890717,0.003933548927307129,0.0035424232482910156,0
seg-only,"(3.0, 20.0, 0.7, 0.3)",0.19509871304035187,0.029636740684509277,0.05718588829040527,0
seg-only,"(3.0, 20.0, 0.7, 0.3)",0.19652434438467026,0.0082017183303833,0.006197929382324219,0
seg-only,"(3.0, 20.0, 0.7, 0.6)",0.21088044345378876,0.01646900177001953,0.0010883808135986328,0
seg-only,"(3.0, 20.0, 0.7, 0.6)",0.21834730356931686,0.00435793399810791,0.015294075012207031,0
seg-only,"(3.0, 20.0, 0.7, 0.6)",0.21719413250684738,0.013843536376953125,0.03100752830505371,0
seg-only,"(3.0, 20.0, 0.7, 0.6)",0.2048177272081375,0.0033283233642578125,0.01706242561340332,0
seg-only,"(3.0, 20.0, 0.7, 0.6)",0.2200760617852211,0.023648500442504883,0.016283273696899414,0
seg-only,"(3.0, 20.0, 0.7, 0.6)",0.2038113996386528,0.01750767230987549,0.0035021305084228516,0
seg-only,"(3.0, 20.0, 0.7, 0.6)",0.21615178883075714,0.013702392578125,0.007676124572753906,0
seg-only,"(3.0, 20.0, 0.7, 0.6)",0.19950082898139954,0.023799419403076172,0.004865884780883789,0
seg-only,"(3.0, 20.0, 0.7, 0.6)",0.2076619639992714,0.009610652923583984,0.013174772262573242,0
seg-only,"(3.0, 20.0, 0.7, 0.6)",0.19589471071958542,0.0038788318634033203,0.024374961853027344,0
seg-only,"(3.0, 20.0, 0.7, 0.6)",0.192134290933609,0.007946968078613281,0.008715391159057617,0
seg-only,"(3.0, 20.0, 0.7, 0.6)",0.20563258230686188,0.01945316791534424,0.019369125366210938,0
seg-only,"(3.0, 20.0, 0.7, 0.6)",0.20288267731666565,0.003712773323059082,0.013432025909423828,0
seg-only,"(3.0, 20.0, 0.7, 0.6)",0.19885340332984924,0.01268458366394043,0.0018188953399658203,0
seg-only,"(3.0, 20.0, 0.7, 0.6)",0.2079838663339615,0.016039133071899414,0.01220703125,0
seg-only,"(3.0, 20.0, 0.7, -0.3)",0.20578880608081818,0.02500307559967041,0.03530550003051758,0
seg-only,"(3.0, 20.0, 0.7, -0.3)",0.22037572413682938,0.0020862817764282227,0.0005235671997070312,0
seg-only,"(3.0, 20.0, 0.7, -0.3)",0.20718829333782196,0.028592705726623535,0.05141019821166992,0
seg-only,"(3.0, 20.0, 0.7, -0.3)",0.21047163009643555,0.01674211025238037,0.024551868438720703,0
seg-only,"(3.0, 20.0, 0.7, -0.3)",0.1995834782719612,0.008332371711730957,0.025439739227294922,0
seg-only,"(3.0, 20.0, 0.7, -0.3)",0.22097286581993103,0.021508336067199707,0.013002872467041016,0
seg-only,"(3.0, 20.0, 0.7, -0.3)",0.1959998607635498,0.014759540557861328,0.005791187286376953,0
seg-only,"(3.0, 20.0, 0.7, -0.3)",0.19970328360795975,0.00899207592010498,0.017548799514770508,0
seg-only,"(3.0, 20.0, 0.7, -0.3)",0.19629009813070297,0.015196800231933594,0.032370567321777344,0
seg-only,"(3.0, 20.0, 0.7, -0.3)",0.20395402610301971,0.017873764038085938,0.047153472900390625,0
seg-only,"(3.0, 20.0, 0.7, -0.3)",0.21424225717782974,0.012112021446228027,0.04362344741821289,0
seg-only,"(3.0, 20.0, 0.7, -0.3)",0.2065429911017418,0.007874011993408203,0.0011191368103027344,0
seg-only,"(3.0, 20.0, 0.7, -0.3)",0.2226705476641655,0.012782573699951172,0.021442413330078125,0
seg-only,"(3.0, 20.0, 0.7, -0.3)",0.2259712591767311,0.00974118709564209,0.014490127563476562,0
seg-only,"(3.0, 20.0, 0.7, -0.3)",0.20872338861227036,0.013991594314575195,0.02350473403930664,0
seg-only,"(1.5, 8.0, 0.3, 0.0)",0.2456640750169754,0.05229121446609497,0.057874202728271484,1
seg-only,"(1.5, 8.0, 0.3, 0.0)",0.24922065436840057,0.06316840648651123,0.08751153945922852,1
seg-only,"(1.5, 8.0, 0.3, 0.0)",0.27934136986732483,0.04779613018035889,0.093658447265625,1
seg-only,"(1.5, 8.0, 0.3, 0.0)",0.2598347067832947,0.04115784168243408,0.040966033935546875,1
seg-only,"(1.5, 8.0, 0.3, 0.0)",0.24452409148216248,0.04696834087371826,0.045383453369140625,1
seg-only,"(1.5, 8.0, 0.3, 0.0)",0.25470948219299316,0.05824899673461914,0.06661605834960938,1
seg-only,"(1.5, 8.0, 0.3, 0.0)",0.2329263761639595,0.03575092554092407,0.05031752586364746,1
seg-only,"(1.5, 8.0, 0.3, 0.0)",0.2563704401254654,0.05974477529525757,0.09571456909179688,1
seg-only,"(1.5, 8.0, 0.3, 0.0)",0.23501403629779816,0.0480729341506958,0.0764155387878418,1
seg-only,"(1.5, 8.0, 0.3, 0.0)",0.2398023009300232,0.034342944622039795,0.032781124114990234,1
seg-only,"(1.5, 8.0, 0.3, 0.0)",0.24679327756166458,0.05287444591522217,0.07849752902984619,1
seg-only,"(1.5, 8.0, 0.3, 0.0)",0.22722403705120087,0.04485738277435303,0.05745363235473633,1
seg-only,"(1.5, 8.0, 0.3, 0.0)",0.2700859606266022,0.038860440254211426,0.037297964096069336,1
seg-only,"(1.5, 8.0, 0.3, 0.0)",0.23445647954940796,0.03810763359069824,0.05342531204223633,1
seg-only,"(1.5, 8.0, 0.3, 0.0)",0.2637764513492584,0.04609602689743042,0.05873727798461914,1
seg-only,"(1.5, 8.0, 0.3, 0.3)",0.23267526179552078,0.04630988836288452,0.03153789043426514,1
seg-only,"(1.5, 8.0, 0.3, 0.3)",0.24654436856508255,0.052950918674468994,0.06883668899536133,1
seg-only,"(1.5, 8.0, 0.3, 0.3)",0.2377905622124672,0.05187356472015381,0.07249832153320312,1
seg-only,"(1.5, 8.0, 0.3, 0.3)",0.24833477288484573,0.06212115287780762,0.0625147819519043,1
seg-only,"(1.5, 8.0, 0.3, 0.3)",0.24218150973320007,0.02472001314163208,0.0203857421875,1
seg-only,"(1.5, 8.0, 0.3, 0.3)",0.26803384721279144,0.034817278385162354,0.054854512214660645,1
seg-only,"(1.5, 8.0, 0.3, 0.3)",0.2597861588001251,0.04301178455352783,0.03268468379974365,1
seg-only,"(1.5, 8.0, 0.3, 0.3)",0.2499866634607315,0.051566362380981445,0.02952277660369873,1
seg-only,"(1.5, 8.0, 0.3, 0.3)",0.23825854808092117,0.04486095905303955,0.06675601005554199,1
seg-only,"(1.5, 8.0, 0.3, 0.3)",0.271613210439682,0.044613659381866455,0.059435486793518066,1
seg-only,"(1.5, 8.0, 0.3, 0.3)",0.22987033426761627,0.030186772346496582,0.008089303970336914,1
seg-only,"(1.5, 8.0, 0.3, 0.3)",0.27206316590309143,0.05512714385986328,0.03432154655456543,1
seg-only,"(1.5, 8.0, 0.3, 0.3)",0.26126861572265625,0.04067343473434448,0.0159914493560791,1
seg-only,"(1.5, 8.0, 0.3, 0.3)",0.2368602156639099,0.03525388240814209,0.049820661544799805,1
seg-only,"(1.5, 8.0, 0.3, 0.3)",0.23720194399356842,0.04356926679611206,0.038545846939086914,1
seg-only,"(1.5, 8.0, 0.3, 0.6)",0.25237585604190826,0.04269301891326904,0.010031819343566895,1
seg-only,"(1.5, 8.0, 0.3, 0.6)",0.2323755845427513,0.03384244441986084,0.00019538402557373047,1
seg-only,"(1.5, 8.0, 0.3, 0.6)",0.25017302483320236,0.04453486204147339,0.018752098083496094,1
seg-only,"(1.5, 8.0, 0.3, 0.6)",0.25953590869903564,0.04976654052734375,0.00943899154663086,1
seg-only,"(1.5, 8.0, 0.3, 0.6)",0.24646995216608047,0.05340534448623657,0.003276348114013672,1
seg-only,"(1.5, 8.0, 0.3, 0.6)",0.26903896033763885,0.030278265476226807,0.015453100204467773,1
seg-only,"(1.5, 8.0, 0.3, 0.6)",0.27955739200115204,0.04465150833129883,0.008673548698425293,1
seg-only,"(1.5, 8.0, 0.3, 0.6)",0.2328878417611122,0.05533921718597412,0.039833784103393555,1
seg-only,"(1.5, 8.0, 0.3, 0.6)",0.27579449117183685,0.04763436317443848,0.0041533708572387695,1
seg-only,"(1.5, 8.0, 0.3, 0.6)",0.2791648507118225,0.04871249198913574,0.013649821281433105,1
seg-only,"(1.5, 8.0, 0.3, 0.6)",0.23576922714710236,0.04355621337890625,0.03187370300292969,1
seg-only,"(1.5, 8.0, 0.3, 0.6)",0.23606864362955093,0.06327533721923828,0.012255430221557617,1
seg-only,"(1.5, 8.0, 0.3, 0.6)",0.23591293394565582,0.030971229076385498,0.0066683292388916016,1
seg-only,"(1.5, 8.0, 0.3, 0.6)",0.251117005944252,0.028718113899230957,0.0023043155670166016,1
seg-only,"(1.5, 8.0, 0.3, 0.6)",0.27854928374290466,0.04358583688735962,0.0036308765411376953,1
seg-only,"(1.5, 8.0, 0.3, -0.3)",0.25144192576408386,0.04759448766708374,0.0856928825378418,1
seg-only,"(1.5, 8.0, 0.3, -0.3)",0.2794981002807617,0.04938787221908569,0.09795546531677246,1
seg-only,"(1.5, 8.0, 0.3, -0.3)",0.25215279310941696,0.05995774269104004,0.12555575370788574,1
seg-only,"(1.5, 8.0, 0.3, -0.3)",0.2751408815383911,0.04234713315963745,0.08104586601257324,1
seg-only,"(1.5, 8.0, 0.3, -0.3)",0.23747115582227707,0.05707061290740967,0.09962296485900879,1
seg-only,"(1.5, 8.0, 0.3, -0.3)",0.24863973259925842,0.05281871557235718,0.0879523754119873,1
seg-only,"(1.5, 8.0, 0.3, -0.3)",0.24273668974637985,0.05881315469741821,0.12733173370361328,1
seg-only,"(1.5, 8.0, 0.3, -0.3)",0.24008812010288239,0.0679248571395874,0.10130882263183594,1
seg-only,"(1.5, 8.0, 0.3, -0.3)",0.24085957556962967,0.044073283672332764,0.06880521774291992,1
seg-only,"(1.5, 8.0, 0.3, -0.3)",0.24536924064159393,0.04851639270782471,0.08257412910461426,1
seg-only,"(1.5, 8.0, 0.3, -0.3)",0.25354620069265366,0.05001521110534668,0.09061574935913086,1
seg-only,"(1.5, 8.0, 0.3, -0.3)",0.2555348575115204,0.03573065996170044,0.06817936897277832,1
seg-only,"(1.5, 8.0, 0.3, -0.3)",0.27518296241760254,0.04713749885559082,0.07925581932067871,1
seg-only,"(1.5, 8.0, 0.3, -0.3)",0.27516603469848633,0.04375660419464111,0.08988428115844727,1
seg-only,"(1.5, 8.0, 0.3, -0.3)",0.24965430796146393,0.038661062717437744,0.05972099304199219,1
seg-only,"(1.5, 8.0, 0.7, 0.0)",0.19791178405284882,0.021154165267944336,0.04245305061340332,1
seg-only,"(1.5, 8.0, 0.7, 0.0)",0.19745691120624542,0.014417827129364014,0.041655659675598145,1
seg-only,"(1.5, 8.0, 0.7, 0.0)",0.22145425528287888,0.02071136236190796,0.02419281005859375,1
seg-only,"(1.5, 8.0, 0.7, 0.0)",0.19300220161676407,0.018047809600830078,0.01676201820373535,1
seg-only,"(1.5, 8.0, 0.7, 0.0)",0.21511130034923553,0.003257274627685547,0.008854150772094727,1
seg-only,"(1.5, 8.0, 0.7, 0.0)",0.2044278085231781,0.014615058898925781,0.03511619567871094,1
seg-only,"(1.5, 8.0, 0.7, 0.0)",0.22082946449518204,0.00792396068572998,0.01669144630432129,1
seg-only,"(1.5, 8.0, 0.7, 0.0)",0.2003186047077179,0.01733875274658203,0.024142026901245117,1
seg-only,"(1.5, 8.0, 0.7, 0.0)",0.19921644032001495,0.010945737361907959,0.014153242111206055,1
seg-only,"(1.5, 8.0, 0.7, 0.0)",0.20153796672821045,0.00997394323348999,0.01883673667907715,1
seg-only,"(1.5, 8.0, 0.7, 0.0)",0.19508709013462067,0.005658090114593506,0.006690502166748047,1
seg-only,"(1.5, 8.0, 0.7, 0.0)",0.19426947087049484,0.018966197967529297,0.02314305305480957,1
seg-only,"(1.5, 8.0, 0.7, 0.0)",0.1866530030965805,0.017145514488220215,0.031010866165161133,1
seg-only,"(1.5, 8.0, 0.7, 0.0)",0.18965651094913483,0.018849432468414307,0.038480281829833984,1
seg-only,"(1.5, 8.0, 0.7, 0.0)",0.2201765850186348,0.006450772285461426,0.03365206718444824,1
seg-only,"(1.5, 8.0, 0.7, 0.3)",0.1966802328824997,0.009059488773345947,0.019480347633361816,1
seg-only,"(1.5, 8.0, 0.7, 0.3)",0.19006923586130142,0.027095377445220947,0.020065903663635254,1
seg-only,"(1.5, 8.0, 0.7, 0.3)",0.21294589340686798,0.01129525899887085,0.019767165184020996,1
seg-only,"(1.5, 8.0, 0.7, 0.3)",0.2150585874915123,0.023545026779174805,0.02075982093811035,1
seg-only,"(1.5, 8.0, 0.7, 0.3)",0.19007957726716995,0.005880892276763916,0.011084556579589844,1
seg-only,"(1.5, 8.0, 0.7, 0.3)",0.19414802640676498,0.015502572059631348,0.008386611938476562,1
seg-only,"(1.5, 8.0, 0.7, 0.3)",0.2159367874264717,0.0088767409324646,0.0074536800384521484,1
seg-only,"(1.5, 8.0, 0.7, 0.3)",0.22389153391122818,0.016030609607696533,0.024559855461120605,1
seg-only,"(1.5, 8.0, 0.7, 0.3)",0.20280391722917557,0.015449464321136475,0.02190577983856201,1
seg-only,"(1.5, 8.0, 0.7, 0.3)",0.19595204293727875,0.006192803382873535,0.0084000825881958,1
seg-only,"(1.5, 8.0, 0.7, 0.3)",0.1964242234826088,0.025047242641448975,0.021582603454589844,1
seg-only,"(1.5, 8.0, 0.7, 0.3)",0.19542869180440903,0.004930436611175537,0.0108565092086792,1
seg-only,"(1.5, 8.0, 0.7, 0.3)",0.1955498456954956,0.011920630931854248,0.009423136711120605,1
seg-only,"(1.5, 8.0, 0.7, 0.3)",0.2112564966082573,0.01518547534942627,0.03725087642669678,1
seg-only,"(1.5, 8.0, 0.7, 0.3)",0.22766855359077454,0.02407175302505493,0.056842923164367676,1
seg-only,"(1.5, 8.0, 0.7, 0.6)",0.2003183215856552,0.01787024736404419,0.02646768093109131,1
seg-only,"(1.5, 8.0, 0.7, 0.6)",0.22438408434391022,0.019172191619873047,0.012229442596435547,1
seg-only,"(1.5, 8.0, 0.7, 0.6)",0.19235759973526,0.00949925184249878,0.019137978553771973,1
seg-only,"(1.5, 8.0, 0.7, 0.6)",0.19803360104560852,0.0179404616355896,0.019669294357299805,1
seg-only,"(1.5, 8.0, 0.7, 0.6)",0.20191767066717148,0.009473085403442383,0.030907869338989258,1
seg-only,"(1.5, 8.0, 0.7, 0.6)",0.20475998520851135,0.020119130611419678,0.004073739051818848,1
seg-only,"(1.5, 8.0, 0.7, 0.6)",0.20712650567293167,0.028577327728271484,0.007216930389404297,1
seg-only,"(1.5, 8.0, 0.7, 0.6)",0.18898584693670273,0.02961796522140503,0.0035903453826904297,1
seg-only,"(1.5, 8.0, 0.7, 0.6)",0.21796593070030212,0.00282973051071167,0.022764921188354492,1
seg-only,"(1.5, 8.0, 0.7, 0.6)",0.20809411257505417,0.015779316425323486,0.019694089889526367,1
seg-only,"(1.5, 8.0, 0.7, 0.6)",0.21404653042554855,0.007623434066772461,0.0064465999603271484,1
seg-only,"(1.5, 8.0, 0.7, 0.6)",0.21321693807840347,0.010342001914978027,0.03163325786590576,1
seg-only,"(1.5, 8.0, 0.7, 0.6)",0.20825477689504623,0.020700573921203613,0.03185570240020752,1
seg-only,"(1.5, 8.0, 0.7, 0.6)",0.18964529782533646,0.019972383975982666,0.019717693328857422,1
seg-only,"(1.5, 8.0, 0.7, 0.6)",0.21919357031583786,0.010131359100341797,0.027408838272094727,1
seg-only,"(1.5, 8.0, 0.7, -0.3)",0.21228235214948654,0.029200077056884766,0.05921435356140137,1
seg-only,"(1.5, 8.0, 0.7, -0.3)",0.19822125136852264,0.018910765647888184,0.00562596321105957,1
seg-only,"(1.5, 8.0, 0.7, -0.3)",0.1848153918981552,0.016759872436523438,0.0154266357421875,1
seg-only,"(1.5, 8.0, 0.7, -0.3)",0.19341376423835754,0.02323472499847412,0.04045295715332031,1
seg-only,"(1.5, 8.0, 0.7, -0.3)",0.21961667388677597,0.019271910190582275,0.04153180122375488,1
seg-only,"(1.5, 8.0, 0.7, -0.3)",0.20143749564886093,0.02564138174057007,0.045880794525146484,1
seg-only,"(1.5, 8.0, 0.7, -0.3)",0.20262030512094498,0.015891075134277344,0.019172191619873047,1
seg-only,"(1.5, 8.0, 0.7, -0.3)",0.20895756781101227,0.004079163074493408,0.0029172897338867188,1
seg-only,"(1.5, 8.0, 0.7, -0.3)",0.18950621038675308,0.017320454120635986,0.020001888275146484,1
seg-only,"(1.5, 8.0, 0.7, -0.3)",0.19130706042051315,0.014198362827301025,0.009092569351196289,1
seg-only,"(1.5, 8.0, 0.7, -0.3)",0.1924518719315529,0.013572931289672852,0.05029106140136719,1
seg-only,"(1.5, 8.0, 0.7, -0.3)",0.188058502972126,0.007140755653381348,0.009082317352294922,1
seg-only,"(1.5, 8.0, 0.7, -0.3)",0.1963636428117752,0.017287731170654297,0.05223894119262695,1
seg-only,"(1.5, 8.0, 0.7, -0.3)",0.19497090578079224,0.018540501594543457,0.034624338150024414,1
seg-only,"(1.5, 8.0, 0.7, -0.3)",0.21630577743053436,0.017090201377868652,0.03517556190490723,1
seg-only,"(1.5, 20.0, 0.3, 0.0)",0.263027548789978,0.03661191463470459,0.05809783935546875,1
seg-only,"(1.5, 20.0, 0.3, 0.0)",0.24497582018375397,0.0297318696975708,0.04324674606323242,1
seg-only,"(1.5, 20.0, 0.3, 0.0)",0.21890247613191605,0.02329796552658081,0.032639503479003906,1
seg-only,"(1.5, 20.0, 0.3, 0.0)",0.22342386096715927,0.02552950382232666,0.029896259307861328,1
seg-only,"(1.5, 20.0, 0.3, 0.0)",0.22500178217887878,0.014126300811767578,0.0184476375579834,1
seg-only,"(1.5, 20.0, 0.3, 0.0)",0.2529400885105133,0.013589918613433838,0.03847646713256836,1
seg-only,"(1.5, 20.0, 0.3, 0.0)",0.2095136046409607,0.03961116075515747,0.08391261100769043,1
seg-only,"(1.5, 20.0, 0.3, 0.0)",0.2128538265824318,0.031222999095916748,0.04363083839416504,1
seg-only,"(1.5, 20.0, 0.3, 0.0)",0.2274055778980255,0.0316997766494751,0.04790806770324707,1
seg-only,"(1.5, 20.0, 0.3, 0.0)",0.23671896010637283,0.022378981113433838,0.016210317611694336,1
seg-only,"(1.5, 20.0, 0.3, 0.0)",0.21114512532949448,0.03950983285903931,0.03424477577209473,1
seg-only,"(1.5, 20.0, 0.3, 0.0)",0.23897671699523926,0.02921658754348755,0.0392606258392334,1
seg-only,"(1.5, 20.0, 0.3, 0.0)",0.22246944159269333,0.02614814043045044,0.023604393005371094,1
seg-only,"(1.5, 20.0, 0.3, 0.0)",0.2110069990158081,0.03597468137741089,0.02873969078063965,1
seg-only,"(1.5, 20.0, 0.3, 0.0)",0.23655948787927628,0.03494369983673096,0.06279730796813965,1
seg-only,"(1.5, 20.0, 0.3, 0.3)",0.22476854175329208,0.04306596517562866,0.09280455112457275,1
seg-only,"(1.5, 20.0, 0.3, 0.3)",0.23540791124105453,0.03718245029449463,0.026517271995544434,1
seg-only,"(1.5, 20.0, 0.3, 0.3)",0.21994256973266602,0.04443138837814331,0.05376315116882324,1
seg-only,"(1.5, 20.0, 0.3, 0.3)",0.2243446558713913,0.03359329700469971,0.006566643714904785,1
seg-only,"(1.5, 20.0, 0.3, 0.3)",0.22142787277698517,0.027476608753204346,0.014111995697021484,1
seg-only,"(1.5, 20.0, 0.3, 0.3)",0.2480296492576599,0.0377345085144043,0.04145956039428711,1
seg-only,"(1.5, 20.0, 0.3, 0.3)",0.21796999871730804,0.0362323522567749,0.06248807907104492,1
seg-only,"(1.5, 20.0, 0.3, 0.3)",0.2471817582845688,0.01869136095046997,0.02620065212249756,1
seg-only,"(1.5, 20.0, 0.3, 0.3)",0.23252826929092407,0.033643484115600586,0.020896553993225098,1
seg-only,"(1.5, 20.0, 0.3, 0.3)",0.24996627867221832,0.02724003791809082,0.03710436820983887,1
seg-only,"(1.5, 20.0, 0.3, 0.3)",0.22448311746120453,0.03746074438095093,0.02054131031036377,1
seg-only,"(1.5, 20.0, 0.3, 0.3)",0.2265763133764267,0.03644609451293945,0.04365253448486328,1
seg-only,"(1.5, 20.0, 0.3, 0.3)",0.23395773768424988,0.036461591720581055,0.011197328567504883,1
seg-only,"(1.5, 20.0, 0.3, 0.3)",0.21748704463243484,0.042186200618743896,0.0632249116897583,1
seg-only,"(1.5, 20.0, 0.3, 0.3)",0.23246324807405472,0.029153764247894287,0.01293957233428955,1
seg-only,"(1.5, 20.0, 0.3, 0.6)",0.2200341820716858,0.03422832489013672,0.03238213062286377,1
seg-only,"(1.5, 20.0, 0.3, 0.6)",0.21538924425840378,0.046697020530700684,0.018671512603759766,1
seg-only,"(1.5, 20.0, 0.3, 0.6)",0.24380046874284744,0.023806452751159668,0.018214702606201172,1
seg-only,"(1.5, 20.0, 0.3, 0.6)",0.23750805854797363,0.04756200313568115,0.02455615997314453,1
seg-only,"(1.5, 20.0, 0.3, 0.6)",0.2384447380900383,0.038877785205841064,0.015279173851013184,1
seg-only,"(1.5, 20.0, 0.3, 0.6)",0.23033707588911057,0.025577247142791748,0.011271238327026367,1
seg-only,"(1.5, 20.0, 0.3, 0.6)",0.21655113250017166,0.02128756046295166,0.014565110206604004,1
seg-only,"(1.5, 20.0, 0.3, 0.6)",0.21848458796739578,0.025799334049224854,0.014304518699645996,1
seg-only,"(1.5, 20.0, 0.3, 0.6)",0.22293975949287415,0.01677870750427246,0.006432652473449707,1
seg-only,"(1.5, 20.0, 0.3, 0.6)",0.23258663713932037,0.035668253898620605,0.03054368495941162,1
seg-only,"(1.5, 20.0, 0.3, 0.6)",0.231169231235981,0.04714757204055786,0.02508533000946045,1
seg-only,"(1.5, 20.0, 0.3, 0.6)",0.2364746704697609,0.0352855920791626,0.012680888175964355,1
seg-only,"(1.5, 20.0, 0.3, 0.6)",0.23091641068458557,0.03454172611236572,0.018329262733459473,1
seg-only,"(1.5, 20.0, 0.3, 0.6)",0.24141667038202286,0.05209916830062866,0.020029783248901367,1
seg-only,"(1.5, 20.0, 0.3, 0.6)",0.2545411139726639,0.024697422981262207,0.03408324718475342,1
seg-only,"(1.5, 20.0, 0.3, -0.3)",0.22202201187610626,0.03099769353866577,0.06047177314758301,1
seg-only,"(1.5, 20.0, 0.3, -0.3)",0.22851119190454483,0.02467244863510132,0.0368046760559082,1
seg-only,"(1.5, 20.0, 0.3, -0.3)",0.2339552640914917,0.028265774250030518,0.06925797462463379,1
seg-only,"(1.5, 20.0, 0.3, -0.3)",0.22781287133693695,0.06259584426879883,0.12138175964355469,1
seg-only,"(1.5, 20.0, 0.3, -0.3)",0.229456827044487,0.02142810821533203,0.008769512176513672,1
seg-only,"(1.5, 20.0, 0.3, -0.3)",0.23376663029193878,0.03250175714492798,0.04670858383178711,1
seg-only,"(1.5, 20.0, 0.3, -0.3)",0.2347843274474144,0.02627784013748169,0.060402631759643555,1
seg-only,"(1.5, 20.0, 0.3, -0.3)",0.2214805632829666,0.04518061876296997,0.07116198539733887,1
seg-only,"(1.5, 20.0, 0.3, -0.3)",0.22820287197828293,0.04116314649581909,0.06445646286010742,1
seg-only,"(1.5, 20.0, 0.3, -0.3)",0.2136300951242447,0.02667844295501709,0.057600975036621094,1
seg-only,"(1.5, 20.0, 0.3, -0.3)",0.2425391972064972,0.029993295669555664,0.06633162498474121,1
seg-only,"(1.5, 20.0, 0.3, -0.3)",0.22131305932998657,0.03492939472198486,0.058449745178222656,1
seg-only,"(1.5, 20.0, 0.3, -0.3)",0.21693141013383865,0.032440125942230225,0.0489964485168457,1
seg-only,"(1.5, 20.0, 0.3, -0.3)",0.2337290197610855,0.031391918659210205,0.07130694389343262,1
seg-only,"(1.5, 20.0, 0.3, -0.3)",0.26167115569114685,0.02467668056488037,0.04195880889892578,1
seg-only,"(1.5, 20.0, 0.7, 0.0)",0.1797899305820465,0.01643693447113037,0.03160750865936279,1
seg-only,"(1.5, 20.0, 0.7, 0.0)",0.1974508911371231,0.01425623893737793,0.021061420440673828,1
seg-only,"(1.5, 20.0, 0.7, 0.0)",0.18860795348882675,0.005118131637573242,0.0018807649612426758,1
seg-only,"(1.5, 20.0, 0.7, 0.0)",0.2127121388912201,0.012803375720977783,0.007930517196655273,1
seg-only,"(1.5, 20.0, 0.7, 0.0)",0.21085070818662643,0.018164634704589844,0.02362823486328125,1
seg-only,"(1.5, 20.0, 0.7, 0.0)",0.1799759343266487,0.014534294605255127,0.01903402805328369,1
seg-only,"(1.5, 20.0, 0.7, 0.0)",0.21417471021413803,0.017074167728424072,0.020167827606201172,1
seg-only,"(1.5, 20.0, 0.7, 0.0)",0.1855803206562996,0.01837027072906494,0.024158954620361328,1
seg-only,"(1.5, 20.0, 0.7, 0.0)",0.1876496896147728,0.016743957996368408,0.014895439147949219,1
seg-only,"(1.5, 20.0, 0.7, 0.0)",0.18001747876405716,0.011397719383239746,0.010177850723266602,1
seg-only,"(1.5, 20.0, 0.7, 0.0)",0.18150600045919418,0.0049536824226379395,0.013216733932495117,1
seg-only,"(1.5, 20.0, 0.7, 0.0)",0.19391783326864243,0.005615055561065674,0.0106889009475708,1
seg-only,"(1.5, 20.0, 0.7, 0.0)",0.19475670903921127,0.015268802642822266,0.03213310241699219,1
seg-only,"(1.5, 20.0, 0.7, 0.0)",0.21219408512115479,0.012328922748565674,0.013782501220703125,1
seg-only,"(1.5, 20.0, 0.7, 0.0)",0.2077493518590927,0.010531067848205566,0.017648696899414062,1
seg-only,"(1.5, 20.0, 0.7, 0.3)",0.18662836402654648,0.01960742473602295,0.038269996643066406,1
seg-only,"(1.5, 20.0, 0.7, 0.3)",0.20306521654129028,0.01894444227218628,0.03509366512298584,1
seg-only,"(1.5, 20.0, 0.7, 0.3)",0.19615399837493896,0.006859898567199707,0.042896389961242676,1
seg-only,"(1.5, 20.0, 0.7, 0.3)",0.19637873768806458,0.00704503059387207,0.03472459316253662,1
seg-only,"(1.5, 20.0, 0.7, 0.3)",0.1791895031929016,0.0024858713150024414,0.011472702026367188,1
seg-only,"(1.5, 20.0, 0.7, 0.3)",0.19552863389253616,0.001477658748626709,0.01647353172302246,1
seg-only,"(1.5, 20.0, 0.7, 0.3)",0.20796144753694534,0.005133509635925293,0.03409099578857422,1
seg-only,"(1.5, 20.0, 0.7, 0.3)",0.18792353570461273,0.008666753768920898,0.014749526977539062,1
seg-only,"(1.5, 20.0, 0.7, 0.3)",0.1922391727566719,0.0191117525100708,0.06681692600250244,1
seg-only,"(1.5, 20.0, 0.7, 0.3)",0.18792474269866943,0.01682335138320923,0.030755043029785156,1
seg-only,"(1.5, 20.0, 0.7, 0.3)",0.18249089270830154,0.0018402338027954102,0.021240949630737305,1
seg-only,"(1.5, 20.0, 0.7, 0.3)",0.18524515628814697,0.018258750438690186,0.012202024459838867,1
seg-only,"(1.5, 20.0, 0.7, 0.3)",0.17932523787021637,0.01110994815826416,0.0005260705947875977,1
seg-only,"(1.5, 20.0, 0.7, 0.3)",0.1843539997935295,0.0126304030418396,0.0008438825607299805,1
seg-only,"(1.5, 20.0, 0.7, 0.3)",0.2023911476135254,0.009058356285095215,0.0014823675155639648,1
seg-only,"(1.5, 20.0, 0.7, 0.6)",0.20637346804141998,0.018675386905670166,0.009052157402038574,1
seg-only,"(1.5, 20.0, 0.7, 0.6)",0.1925085484981537,0.001711428165435791,0.015518426895141602,1
seg-only,"(1.5, 20.0, 0.7, 0.6)",0.18165882676839828,0.010249316692352295,0.021473050117492676,1
seg-only,"(1.5, 20.0, 0.7, 0.6)",0.1868746504187584,0.015438079833984375,0.03501546382904053,1
seg-only,"(1.5, 20.0, 0.7, 0.6)",0.19915063679218292,0.025891542434692383,0.04035604000091553,1
seg-only,"(1.5, 20.0, 0.7, 0.6)",0.20019834488630295,0.007227957248687744,0.0318603515625,1
seg-only,"(1.5, 20.0, 0.7, 0.6)",0.18461859226226807,0.01744377613067627,0.01822507381439209,1
seg-only,"(1.5, 20.0, 0.7, 0.6)",0.20365815609693527,0.009925246238708496,0.0041588544845581055,1
seg-only,"(1.5, 20.0, 0.7, 0.6)",0.17707034945487976,0.004027187824249268,0.005857348442077637,1
seg-only,"(1.5, 20.0, 0.7, 0.6)",0.2048434466123581,0.007881522178649902,0.02093636989593506,1
seg-only,"(1.5, 20.0, 0.7, 0.6)",0.19631841033697128,0.005164623260498047,0.011411070823669434,1
seg-only,"(1.5, 20.0, 0.7, 0.6)",0.18443703651428223,0.01449275016784668,0.05305802822113037,1
seg-only,"(1.5, 20.0, 0.7, 0.6)",0.20108651369810104,0.005148410797119141,0.015184998512268066,1
seg-only,"(1.5, 20.0, 0.7, 0.6)",0.21535558998584747,0.010128557682037354,0.023418307304382324,1
seg-only,"(1.5, 20.0, 0.7, 0.6)",0.19756069034337997,0.016568362712860107,0.026177048683166504,1
seg-only,"(1.5, 20.0, 0.7, -0.3)",0.1864342764019966,0.010883212089538574,0.023120880126953125,1
seg-only,"(1.5, 20.0, 0.7, -0.3)",0.19211138039827347,0.011421561241149902,0.013190746307373047,1
seg-only,"(1.5, 20.0, 0.7, -0.3)",0.18706022948026657,0.014595985412597656,0.014883756637573242,1
seg-only,"(1.5, 20.0, 0.7, -0.3)",0.20735345035791397,0.02060455083847046,0.014386415481567383,1
seg-only,"(1.5, 20.0, 0.7, -0.3)",0.19126365333795547,0.01546013355255127,0.025062084197998047,1
seg-only,"(1.5, 20.0, 0.7, -0.3)",0.1849392130970955,0.01226574182510376,0.0010788440704345703,1
seg-only,"(1.5, 20.0, 0.7, -0.3)",0.1911248043179512,0.016862213611602783,0.013928890228271484,1
seg-only,"(1.5, 20.0, 0.7, -0.3)",0.19391722232103348,0.016564369201660156,0.003473997116088867,1
seg-only,"(1.5, 20.0, 0.7, -0.3)",0.18385767191648483,0.01676797866821289,0.023555517196655273,1
seg-only,"(1.5, 20.0, 0.7, -0.3)",0.1956033557653427,0.004724860191345215,0.0073430538177490234,1
seg-only,"(1.5, 20.0, 0.7, -0.3)",0.19774968177080154,0.005081892013549805,0.00942540168762207,1
seg-only,"(1.5, 20.0, 0.7, -0.3)",0.18111670017242432,0.007433056831359863,0.020589351654052734,1
seg-only,"(1.5, 20.0, 0.7, -0.3)",0.20261932164430618,0.004020273685455322,0.009131908416748047,1
seg-only,"(1.5, 20.0, 0.7, -0.3)",0.20987291634082794,0.011490046977996826,0.023908615112304688,1
seg-only,"(1.5, 20.0, 0.7, -0.3)",0.18385904282331467,0.013761460781097412,0.028971195220947266,1
seg-only,"(3.0, 8.0, 0.3, 0.0)",0.3507792353630066,0.049791812896728516,0.08269357681274414,1
seg-only,"(3.0, 8.0, 0.3, 0.0)",0.3483557552099228,0.051985979080200195,0.07405853271484375,1
seg-only,"(3.0, 8.0, 0.3, 0.0)",0.29730014503002167,0.05344736576080322,0.0715184211730957,1
seg-only,"(3.0, 8.0, 0.3, 0.0)",0.3113187998533249,0.061354756355285645,0.09681510925292969,1
seg-only,"(3.0, 8.0, 0.3, 0.0)",0.33812467753887177,0.03729903697967529,0.04246234893798828,1
seg-only,"(3.0, 8.0, 0.3, 0.0)",0.2766912877559662,0.03653717041015625,0.04176664352416992,1
seg-only,"(3.0, 8.0, 0.3, 0.0)",0.31179551780223846,0.034665584564208984,0.015944957733154297,1
seg-only,"(3.0, 8.0, 0.3, 0.0)",0.2700239568948746,0.033864617347717285,0.017257213592529297,1
seg-only,"(3.0, 8.0, 0.3, 0.0)",0.2857506722211838,0.03378558158874512,0.04232525825500488,1
seg-only,"(3.0, 8.0, 0.3, 0.0)",0.29658159613609314,0.06026279926300049,0.0825495719909668,1
seg-only,"(3.0, 8.0, 0.3, 0.0)",0.2717329412698746,0.041732072830200195,0.06292080879211426,1
seg-only,"(3.0, 8.0, 0.3, 0.0)",0.32694093883037567,0.0479130744934082,0.09267425537109375,1
seg-only,"(3.0, 8.0, 0.3, 0.0)",0.29694364964962006,0.050209999084472656,0.06874942779541016,1
seg-only,"(3.0, 8.0, 0.3, 0.0)",0.332626149058342,0.049018263816833496,0.058951377868652344,1
seg-only,"(3.0, 8.0, 0.3, 0.0)",0.30512288212776184,0.05942213535308838,0.08383893966674805,1
seg-only,"(3.0, 8.0, 0.3, 0.3)",0.33930979669094086,0.036566734313964844,0.0313723087310791,1
seg-only,"(3.0, 8.0, 0.3, 0.3)",0.29028233885765076,0.030195951461791992,0.02642059326171875,1
seg-only,"(3.0, 8.0, 0.3, 0.3)",0.32939858734607697,0.03630053997039795,0.04355025291442871,1
seg-only,"(3.0, 8.0, 0.3, 0.3)",0.28070737421512604,0.02820611000061035,0.022806882858276367,1
seg-only,"(3.0, 8.0, 0.3, 0.3)",0.3027290999889374,0.033447980880737305,0.03253340721130371,1
seg-only,"(3.0, 8.0, 0.3, 0.3)",0.29964032769203186,0.052889466285705566,0.05383014678955078,1
seg-only,"(3.0, 8.0, 0.3, 0.3)",0.3271542936563492,0.04212594032287598,0.03175544738769531,1
seg-only,"(3.0, 8.0, 0.3, 0.3)",0.29121391475200653,0.03578305244445801,0.039904117584228516,1
seg-only,"(3.0, 8.0, 0.3, 0.3)",0.29975633323192596,0.04060995578765869,0.04220008850097656,1
seg-only,"(3.0, 8.0, 0.3, 0.3)",0.28615136444568634,0.05085957050323486,0.05017852783203125,1
seg-only,"(3.0, 8.0, 0.3, 0.3)",0.31252045929431915,0.056738972663879395,0.03371024131774902,1
seg-only,"(3.0, 8.0, 0.3, 0.3)",0.3115168362855911,0.041669487953186035,0.05025315284729004,1
seg-only,"(3.0, 8.0, 0.3, 0.3)",0.28734931349754333,0.03428053855895996,0.04051804542541504,1
seg-only,"(3.0, 8.0, 0.3, 0.3)",0.34602271020412445,0.04167580604553223,0.05414724349975586,1
seg-only,"(3.0, 8.0, 0.3, 0.3)",0.296880379319191,0.038958072662353516,0.0320582389831543,1
seg-only,"(3.0, 8.0, 0.3, 0.6)",0.3143514096736908,0.06366157531738281,0.0280911922454834,1
seg-only,"(3.0, 8.0, 0.3, 0.6)",0.26929572224617004,0.057006001472473145,0.01544952392578125,1
seg-only,"(3.0, 8.0, 0.3, 0.6)",0.3089258074760437,0.030788660049438477,0.021389245986938477,1
seg-only,"(3.0, 8.0, 0.3, 0.6)",0.2946240305900574,0.03755199909210205,0.0021278858184814453,1
seg-only,"(3.0, 8.0, 0.3, 0.6)",0.27348722517490387,0.038072824478149414,0.010655879974365234,1
seg-only,"(3.0, 8.0, 0.3, 0.6)",0.31026819348335266,0.05245792865753174,0.009177446365356445,1
seg-only,"(3.0, 8.0, 0.3, 0.6)",0.3374740481376648,0.03133547306060791,0.01116323471069336,1
seg-only,"(3.0, 8.0, 0.3, 0.6)",0.27902790904045105,0.03531444072723389,0.02286553382873535,1
seg-only,"(3.0, 8.0, 0.3, 0.6)",0.30269305408000946,0.04043614864349365,0.025838375091552734,1
seg-only,"(3.0, 8.0, 0.3, 0.6)",0.2999557703733444,0.041118621826171875,0.025864124298095703,1
seg-only,"(3.0, 8.0, 0.3, 0.6)",0.3356093764305115,0.049180030822753906,0.004017829895019531,1
seg-only,"(3.0, 8.0, 0.3, 0.6)",0.33641746640205383,0.02719736099243164,0.00039577484130859375,1
seg-only,"(3.0, 8.0, 0.3, 0.6)",0.2830946296453476,0.04530763626098633,0.02413153648376465,1
seg-only,"(3.0, 8.0, 0.3, 0.6)",0.2976659834384918,0.058342814445495605,0.03057265281677246,1
seg-only,"(3.0, 8.0, 0.3, 0.6)",0.28176940977573395,0.038137078285217285,0.0010457038879394531,1
seg-only,"(3.0, 8.0, 0.3, -0.3)",0.28217771649360657,0.0304415225982666,0.0615386962890625,1
seg-only,"(3.0, 8.0, 0.3, -0.3)",0.3123432844877243,0.05074763298034668,0.09654426574707031,1
seg-only,"(3.0, 8.0, 0.3, -0.3)",0.2882588505744934,0.0216597318649292,0.0400090217590332,1
seg-only,"(3.0, 8.0, 0.3, -0.3)",0.2939697206020355,0.051801085472106934,0.0890340805053711,1
seg-only,"(3.0, 8.0, 0.3, -0.3)",0.29141250252723694,0.04344475269317627,0.08741283416748047,1
seg-only,"(3.0, 8.0, 0.3, -0.3)",0.28628015518188477,0.0485607385635376,0.08858585357666016,1
seg-only,"(3.0, 8.0, 0.3, -0.3)",0.34723271429538727,0.054445743560791016,0.059732913970947266,1
seg-only,"(3.0, 8.0, 0.3, -0.3)",0.33572204411029816,0.03887975215911865,0.0393061637878418,1
seg-only,"(3.0, 8.0, 0.3, -0.3)",0.29764020442962646,0.04383683204650879,0.06084394454956055,1
seg-only,"(3.0, 8.0, 0.3, -0.3)",0.3122701793909073,0.05568408966064453,0.09179401397705078,1
seg-only,"(3.0, 8.0, 0.3, -0.3)",0.27239973843097687,0.025145888328552246,0.0480647087097168,1
seg-only,"(3.0, 8.0, 0.3, -0.3)",0.2786215543746948,0.0444028377532959,0.06983280181884766,1
seg-only,"(3.0, 8.0, 0.3, -0.3)",0.3174150288105011,0.0423814058303833,0.06555557250976562,1
seg-only,"(3.0, 8.0, 0.3, -0.3)",0.2965589761734009,0.044258713722229004,0.07953357696533203,1
seg-only,"(3.0, 8.0, 0.3, -0.3)",0.3053959757089615,0.052077651023864746,0.08884048461914062,1
seg-only,"(3.0, 8.0, 0.7, 0.0)",0.26756443083286285,0.018492817878723145,0.005698204040527344,1
seg-only,"(3.0, 8.0, 0.7, 0.0)",0.2591760754585266,0.02095198631286621,0.04211997985839844,1
seg-only,"(3.0, 8.0, 0.7, 0.0)",0.23592732101678848,0.02148735523223877,0.030752182006835938,1
seg-only,"(3.0, 8.0, 0.7, 0.0)",0.2315606027841568,0.024759888648986816,0.03843832015991211,1
seg-only,"(3.0, 8.0, 0.7, 0.0)",0.2304197996854782,0.045363426208496094,0.06817817687988281,1
seg-only,"(3.0, 8.0, 0.7, 0.0)",0.23504729568958282,0.012454986572265625,0.04378318786621094,1
seg-only,"(3.0, 8.0, 0.7, 0.0)",0.21802640706300735,0.01720726490020752,0.016932964324951172,1
seg-only,"(3.0, 8.0, 0.7, 0.0)",0.2401244044303894,0.022251248359680176,0.014521121978759766,1
seg-only,"(3.0, 8.0, 0.7, 0.0)",0.22909926623106003,0.017378807067871094,0.02634739875793457,1
seg-only,"(3.0, 8.0, 0.7, 0.0)",0.2651214152574539,0.007367372512817383,0.0025391578674316406,1
seg-only,"(3.0, 8.0, 0.7, 0.0)",0.272184282541275,0.032509684562683105,0.05855965614318848,1
seg-only,"(3.0, 8.0, 0.7, 0.0)",0.2370118573307991,0.01353609561920166,0.011260032653808594,1
seg-only,"(3.0, 8.0, 0.7, 0.0)",0.24113275855779648,0.013926267623901367,0.007566928863525391,1
seg-only,"(3.0, 8.0, 0.7, 0.0)",0.2539723664522171,0.02269923686981201,0.031966209411621094,1
seg-only,"(3.0, 8.0, 0.7, 0.0)",0.26093609631061554,0.01842057704925537,0.02837371826171875,1
seg-only,"(3.0, 8.0, 0.7, 0.3)",0.23953209072351456,0.02813112735748291,0.021215200424194336,1
seg-only,"(3.0, 8.0, 0.7, 0.3)",0.23007366061210632,0.030150651931762695,0.010449409484863281,1
seg-only,"(3.0, 8.0, 0.7, 0.3)",0.2315782755613327,0.019406437873840332,0.012511730194091797,1
seg-only,"(3.0, 8.0, 0.7, 0.3)",0.23889268189668655,0.01877880096435547,0.0033981800079345703,1
seg-only,"(3.0, 8.0, 0.7, 0.3)",0.2729355990886688,0.022187471389770508,0.054131507873535156,1
seg-only,"(3.0, 8.0, 0.7, 0.3)",0.22424273937940598,0.018109679222106934,0.0043354034423828125,1
seg-only,"(3.0, 8.0, 0.7, 0.3)",0.26720526814460754,0.02437114715576172,0.018030881881713867,1
seg-only,"(3.0, 8.0, 0.7, 0.3)",0.25083133578300476,0.012946009635925293,0.006476163864135742,1
seg-only,"(3.0, 8.0, 0.7, 0.3)",0.2505243271589279,0.04092824459075928,0.03478264808654785,1
seg-only,"(3.0, 8.0, 0.7, 0.3)",0.26115836203098297,0.018358707427978516,0.0026617050170898438,1
seg-only,"(3.0, 8.0, 0.7, 0.3)",0.24346306174993515,0.010132551193237305,0.00010848045349121094,1
seg-only,"(3.0, 8.0, 0.7, 0.3)",0.2503807842731476,0.04119539260864258,0.06153512001037598,1
seg-only,"(3.0, 8.0, 0.7, 0.3)",0.22800561040639877,0.027925491333007812,0.020128965377807617,1
seg-only,"(3.0, 8.0, 0.7, 0.3)",0.2602201998233795,0.008111000061035156,0.0017535686492919922,1
seg-only,"(3.0, 8.0, 0.7, 0.3)",0.2410014644265175,0.01691603660583496,0.012065887451171875,1
seg-only,"(3.0, 8.0, 0.7, 0.6)",0.23519503325223923,0.020538806915283203,0.002541065216064453,1
seg-only,"(3.0, 8.0, 0.7, 0.6)",0.24627750366926193,0.023851633071899414,0.004743337631225586,1
seg-only,"(3.0, 8.0, 0.7, 0.6)",0.23241731524467468,0.03245508670806885,0.02049112319946289,1
seg-only,"(3.0, 8.0, 0.7, 0.6)",0.2577379643917084,0.017784953117370605,0.008174657821655273,1
seg-only,"(3.0, 8.0, 0.7, 0.6)",0.2471458911895752,0.03050684928894043,0.007718324661254883,1
seg-only,"(3.0, 8.0, 0.7, 0.6)",0.25535622239112854,0.028662681579589844,0.010283231735229492,1
seg-only,"(3.0, 8.0, 0.7, 0.6)",0.22796127945184708,0.01689314842224121,0.008296012878417969,1
seg-only,"(3.0, 8.0, 0.7, 0.6)",0.2312311828136444,0.010758757591247559,0.006799459457397461,1
seg-only,"(3.0, 8.0, 0.7, 0.6)",0.23244256526231766,0.028101205825805664,0.021300792694091797,1
seg-only,"(3.0, 8.0, 0.7, 0.6)",0.23780110478401184,0.015025138854980469,0.01476430892944336,1
seg-only,"(3.0, 8.0, 0.7, 0.6)",0.2381276935338974,0.02895677089691162,0.00442957878112793,1
seg-only,"(3.0, 8.0, 0.7, 0.6)",0.24510903656482697,0.020997285842895508,0.046608686447143555,1
seg-only,"(3.0, 8.0, 0.7, 0.6)",0.2395421490073204,0.040384531021118164,0.019707679748535156,1
seg-only,"(3.0, 8.0, 0.7, 0.6)",0.25903069972991943,0.015306711196899414,0.020488262176513672,1
seg-only,"(3.0, 8.0, 0.7, 0.6)",0.23919406533241272,0.026948928833007812,0.045172929763793945,1
seg-only,"(3.0, 8.0, 0.7, -0.3)",0.26822900772094727,0.025011062622070312,0.039900779724121094,1
seg-only,"(3.0, 8.0, 0.7, -0.3)",0.23629608750343323,0.03114449977874756,0.03947734832763672,1
seg-only,"(3.0, 8.0, 0.7, -0.3)",0.23234421014785767,0.012750625610351562,0.028200626373291016,1
seg-only,"(3.0, 8.0, 0.7, -0.3)",0.27033890783786774,0.0404280424118042,0.09070825576782227,1
seg-only,"(3.0, 8.0, 0.7, -0.3)",0.23912224918603897,0.024695277214050293,0.050662994384765625,1
seg-only,"(3.0, 8.0, 0.7, -0.3)",0.2556874677538872,0.0137251615524292,0.004372119903564453,1
seg-only,"(3.0, 8.0, 0.7, -0.3)",0.22553034871816635,0.03938651084899902,0.050345420837402344,1
seg-only,"(3.0, 8.0, 0.7, -0.3)",0.2473304271697998,0.028959274291992188,0.05456686019897461,1
seg-only,"(3.0, 8.0, 0.7, -0.3)",0.24856454133987427,0.026028037071228027,0.02469778060913086,1
seg-only,"(3.0, 8.0, 0.7, -0.3)",0.24369341880083084,0.03168010711669922,0.05532073974609375,1
seg-only,"(3.0, 8.0, 0.7, -0.3)",0.24388668686151505,0.03775835037231445,0.06800079345703125,1
seg-only,"(3.0, 8.0, 0.7, -0.3)",0.22090663015842438,0.025017738342285156,0.045740604400634766,1
seg-only,"(3.0, 8.0, 0.7, -0.3)",0.2500690519809723,0.0345461368560791,0.05797910690307617,1
seg-only,"(3.0, 8.0, 0.7, -0.3)",0.22975686192512512,0.03054487705230713,0.0620884895324707,1
seg-only,"(3.0, 8.0, 0.7, -0.3)",0.26769083738327026,0.03148519992828369,0.048865318298339844,1
seg-only,"(3.0, 20.0, 0.3, 0.0)",0.270004004240036,0.04525601863861084,0.0686502456665039,1
seg-only,"(3.0, 20.0, 0.3, 0.0)",0.27717970311641693,0.03747260570526123,0.04870939254760742,1
seg-only,"(3.0, 20.0, 0.3, 0.0)",0.29328854382038116,0.029523730278015137,0.01595306396484375,1
seg-only,"(3.0, 20.0, 0.3, 0.0)",0.2884104400873184,0.02284562587738037,0.011307239532470703,1
seg-only,"(3.0, 20.0, 0.3, 0.0)",0.25802192091941833,0.04762554168701172,0.05083799362182617,1
seg-only,"(3.0, 20.0, 0.3, 0.0)",0.2906290888786316,0.02700328826904297,0.06865453720092773,1
seg-only,"(3.0, 20.0, 0.3, 0.0)",0.2672557234764099,0.052596211433410645,0.0902705192565918,1
seg-only,"(3.0, 20.0, 0.3, 0.0)",0.2672465443611145,0.037770628929138184,0.055394649505615234,1
seg-only,"(3.0, 20.0, 0.3, 0.0)",0.26492923498153687,0.031007766723632812,0.05099964141845703,1
seg-only,"(3.0, 20.0, 0.3, 0.0)",0.28062957525253296,0.03780210018157959,0.0649259090423584,1
seg-only,"(3.0, 20.0, 0.3, 0.0)",0.2737976014614105,0.04002857208251953,0.05905771255493164,1
seg-only,"(3.0, 20.0, 0.3, 0.0)",0.2647874355316162,0.052451372146606445,0.06942939758300781,1
seg-only,"(3.0, 20.0, 0.3, 0.0)",0.26993732154369354,0.036828041076660156,0.06898355484008789,1
seg-only,"(3.0, 20.0, 0.3, 0.0)",0.2788137346506119,0.034398555755615234,0.05271148681640625,1
seg-only,"(3.0, 20.0, 0.3, 0.0)",0.2744491696357727,0.046140193939208984,0.06274080276489258,1
seg-only,"(3.0, 20.0, 0.3, 0.3)",0.2675260901451111,0.023474454879760742,0.04163384437561035,1
seg-only,"(3.0, 20.0, 0.3, 0.3)",0.26675891876220703,0.04571950435638428,0.03348827362060547,1
seg-only,"(3.0, 20.0, 0.3, 0.3)",0.2715577781200409,0.03394818305969238,0.06619620323181152,1
seg-only,"(3.0, 20.0, 0.3, 0.3)",0.31529606878757477,0.01405191421508789,0.01217508316040039,1
seg-only,"(3.0, 20.0, 0.3, 0.3)",0.28590863943099976,0.03210031986236572,0.031729698181152344,1
seg-only,"(3.0, 20.0, 0.3, 0.3)",0.27138057351112366,0.04577755928039551,0.030634403228759766,1
seg-only,"(3.0, 20.0, 0.3, 0.3)",0.27369026839733124,0.033991336822509766,0.04274892807006836,1
seg-only,"(3.0, 20.0, 0.3, 0.3)",0.27594082057476044,0.03404116630554199,0.027213335037231445,1
seg-only,"(3.0, 20.0, 0.3, 0.3)",0.323835164308548,0.03437185287475586,0.03748750686645508,1
seg-only,"(3.0, 20.0, 0.3, 0.3)",0.3196426331996918,0.04808211326599121,0.050574302673339844,1
seg-only,"(3.0, 20.0, 0.3, 0.3)",0.28687575459480286,0.013456583023071289,0.012286663055419922,1
seg-only,"(3.0, 20.0, 0.3, 0.3)",0.2794317752122879,0.03790438175201416,0.025804996490478516,1
seg-only,"(3.0, 20.0, 0.3, 0.3)",0.3084181994199753,0.050071120262145996,0.0334620475769043,1
seg-only,"(3.0, 20.0, 0.3, 0.3)",0.2575836479663849,0.02166604995727539,0.022558927536010742,1
seg-only,"(3.0, 20.0, 0.3, 0.3)",0.28468240797519684,0.03563487529754639,0.049363136291503906,1
seg-only,"(3.0, 20.0, 0.3, 0.6)",0.2814345359802246,0.044614434242248535,0.009105682373046875,1
seg-only,"(3.0, 20.0, 0.3, 0.6)",0.28034305572509766,0.027875542640686035,0.01688098907470703,1
seg-only,"(3.0, 20.0, 0.3, 0.6)",0.2868663966655731,0.02865743637084961,0.051151275634765625,1
seg-only,"(3.0, 20.0, 0.3, 0.6)",0.2865556627511978,0.057460904121398926,0.037275075912475586,1
seg-only,"(3.0, 20.0, 0.3, 0.6)",0.3213120847940445,0.0290982723236084,0.008768081665039062,1
seg-only,"(3.0, 20.0, 0.3, 0.6)",0.2634827196598053,0.03146791458129883,0.021345853805541992,1
seg-only,"(3.0, 20.0, 0.3, 0.6)",0.28548526763916016,0.017612814903259277,0.026988744735717773,1
seg-only,"(3.0, 20.0, 0.3, 0.6)",0.3117321580648422,0.02826082706451416,0.026386737823486328,1
seg-only,"(3.0, 20.0, 0.3, 0.6)",0.26283177733421326,0.046915292739868164,0.03852510452270508,1
seg-only,"(3.0, 20.0, 0.3, 0.6)",0.2601306587457657,0.03695178031921387,0.011448144912719727,1
seg-only,"(3.0, 20.0, 0.3, 0.6)",0.2803157866001129,0.02785360813140869,0.018235445022583008,1
seg-only,"(3.0, 20.0, 0.3, 0.6)",0.31126222014427185,0.021061062812805176,0.061159372329711914,1
seg-only,"(3.0, 20.0, 0.3, 0.6)",0.2860376089811325,0.04377031326293945,0.03549003601074219,1
seg-only,"(3.0, 20.0, 0.3, 0.6)",0.26345013082027435,0.02546513080596924,0.005251407623291016,1
seg-only,"(3.0, 20.0, 0.3, 0.6)",0.27834030985832214,0.030714988708496094,0.0026214122772216797,1
seg-only,"(3.0, 20.0, 0.3, -0.3)",0.2593105733394623,0.027839183807373047,0.040137290954589844,1
seg-only,"(3.0, 20.0, 0.3, -0.3)",0.3039896637201309,0.027862071990966797,0.02795696258544922,1
seg-only,"(3.0, 20.0, 0.3, -0.3)",0.27589353919029236,0.038379669189453125,0.06455469131469727,1
seg-only,"(3.0, 20.0, 0.3, -0.3)",0.27288593351840973,0.030384421348571777,0.03248310089111328,1
seg-only,"(3.0, 20.0, 0.3, -0.3)",0.2652714103460312,0.046307921409606934,0.09136056900024414,1
seg-only,"(3.0, 20.0, 0.3, -0.3)",0.2682507783174515,0.045079946517944336,0.08057260513305664,1
seg-only,"(3.0, 20.0, 0.3, -0.3)",0.2676476240158081,0.03618741035461426,0.05762767791748047,1
seg-only,"(3.0, 20.0, 0.3, -0.3)",0.27106013894081116,0.018680095672607422,0.041563987731933594,1
seg-only,"(3.0, 20.0, 0.3, -0.3)",0.3074682950973511,0.033922672271728516,0.05702400207519531,1
seg-only,"(3.0, 20.0, 0.3, -0.3)",0.2717626988887787,0.034168243408203125,0.05622053146362305,1
seg-only,"(3.0, 20.0, 0.3, -0.3)",0.2644616663455963,0.024627089500427246,0.047779083251953125,1
seg-only,"(3.0, 20.0, 0.3, -0.3)",0.27053821086883545,0.04199826717376709,0.04223966598510742,1
seg-only,"(3.0, 20.0, 0.3, -0.3)",0.3218015879392624,0.042359113693237305,0.0757594108581543,1
seg-only,"(3.0, 20.0, 0.3, -0.3)",0.2770761698484421,0.05147814750671387,0.08997869491577148,1
seg-only,"(3.0, 20.0, 0.3, -0.3)",0.2907662093639374,0.06472289562225342,0.12229204177856445,1
seg-only,"(3.0, 20.0, 0.7, 0.0)",0.20734833180904388,0.007116079330444336,0.026468276977539062,1
seg-only,"(3.0, 20.0, 0.7, 0.0)",0.2047179862856865,0.02088320255279541,0.02686166763305664,1
seg-only,"(3.0, 20.0, 0.7, 0.0)",0.20860157907009125,0.01631629467010498,0.018815994262695312,1
seg-only,"(3.0, 20.0, 0.7, 0.0)",0.19887301325798035,0.010738730430603027,0.02783346176147461,1
seg-only,"(3.0, 20.0, 0.7, 0.0)",0.21914459764957428,0.012874722480773926,0.02011728286743164,1
seg-only,"(3.0, 20.0, 0.7, 0.0)",0.2264612466096878,0.0049784183502197266,0.010150432586669922,1
seg-only,"(3.0, 20.0, 0.7, 0.0)",0.22777245938777924,0.015785932540893555,0.03191852569580078,1
seg-only,"(3.0, 20.0, 0.7, 0.0)",0.20049577206373215,0.011308073997497559,0.011301994323730469,1
seg-only,"(3.0, 20.0, 0.7, 0.0)",0.21190018206834793,0.009770870208740234,0.020794391632080078,1
seg-only,"(3.0, 20.0, 0.7, 0.0)",0.2201399803161621,0.008278369903564453,0.02633047103881836,1
seg-only,"(3.0, 20.0, 0.7, 0.0)",0.20019473135471344,0.003563523292541504,0.006839752197265625,1
seg-only,"(3.0, 20.0, 0.7, 0.0)",0.20583529770374298,0.012061834335327148,0.003101348876953125,1
seg-only,"(3.0, 20.0, 0.7, 0.0)",0.20792406797409058,0.005301237106323242,0.010241508483886719,1
seg-only,"(3.0, 20.0, 0.7, 0.0)",0.20266776531934738,0.027782797813415527,0.019118309020996094,1
seg-only,"(3.0, 20.0, 0.7, 0.0)",0.21653514355421066,0.019484996795654297,0.00930643081665039,1
seg-only,"(3.0, 20.0, 0.7, 0.3)",0.20698484778404236,0.007673859596252441,0.0004971027374267578,1
seg-only,"(3.0, 20.0, 0.7, 0.3)",0.1968046873807907,0.014865279197692871,0.022347450256347656,1
seg-only,"(3.0, 20.0, 0.7, 0.3)",0.2213761806488037,0.012921571731567383,0.00783991813659668,1
seg-only,"(3.0, 20.0, 0.7, 0.3)",0.19507192075252533,0.019673705101013184,0.05557513236999512,1
seg-only,"(3.0, 20.0, 0.7, 0.3)",0.19957131147384644,0.009476065635681152,0.0103759765625,1
seg-only,"(3.0, 20.0, 0.7, 0.3)",0.200193889439106,0.010237932205200195,0.0015459060668945312,1
seg-only,"(3.0, 20.0, 0.7, 0.3)",0.20570385456085205,0.027749061584472656,0.02503824234008789,1
seg-only,"(3.0, 20.0, 0.7, 0.3)",0.2055986449122429,0.002507328987121582,0.015403270721435547,1
seg-only,"(3.0, 20.0, 0.7, 0.3)",0.201645165681839,0.013688802719116211,0.021709442138671875,1
seg-only,"(3.0, 20.0, 0.7, 0.3)",0.1892048493027687,0.011847138404846191,0.022784948348999023,1
seg-only,"(3.0, 20.0, 0.7, 0.3)",0.1967790722846985,0.026540517807006836,0.029874801635742188,1
seg-only,"(3.0, 20.0, 0.7, 0.3)",0.2084706872701645,0.03139817714691162,0.035700321197509766,1
seg-only,"(3.0, 20.0, 0.7, 0.3)",0.2209494560956955,0.009648442268371582,0.00928497314453125,1
seg-only,"(3.0, 20.0, 0.7, 0.3)",0.19815760105848312,0.010103583335876465,0.05327343940734863,1
seg-only,"(3.0, 20.0, 0.7, 0.3)",0.20201228559017181,0.017452120780944824,0.014235973358154297,1
seg-only,"(3.0, 20.0, 0.7, 0.6)",0.2026359960436821,0.014812231063842773,0.017794370651245117,1
seg-only,"(3.0, 20.0, 0.7, 0.6)",0.18933222442865372,0.011205196380615234,0.017425060272216797,1
seg-only,"(3.0, 20.0, 0.7, 0.6)",0.2279536873102188,0.020044445991516113,0.04643511772155762,1
seg-only,"(3.0, 20.0, 0.7, 0.6)",0.200418122112751,0.009012103080749512,0.013056635856628418,1
seg-only,"(3.0, 20.0, 0.7, 0.6)",0.20032698661088943,0.010317802429199219,0.005953311920166016,1
seg-only,"(3.0, 20.0, 0.7, 0.6)",0.22583266347646713,0.01264941692352295,0.008552074432373047,1
seg-only,"(3.0, 20.0, 0.7, 0.6)",0.19052963703870773,0.0201263427734375,0.003021717071533203,1
seg-only,"(3.0, 20.0, 0.7, 0.6)",0.20348791778087616,0.015544772148132324,0.01772904396057129,1
seg-only,"(3.0, 20.0, 0.7, 0.6)",0.20966612547636032,0.021976232528686523,0.04318380355834961,1
seg-only,"(3.0, 20.0, 0.7, 0.6)",0.22430159896612167,0.012444496154785156,0.01703166961669922,1
seg-only,"(3.0, 20.0, 0.7, 0.6)",0.19596657156944275,0.0019783973693847656,0.008210182189941406,1
seg-only,"(3.0, 20.0, 0.7, 0.6)",0.21055373549461365,0.01896035671234131,0.008098125457763672,1
seg-only,"(3.0, 20.0, 0.7, 0.6)",0.20115917176008224,0.012230277061462402,0.02853226661682129,1
seg-only,"(3.0, 20.0, 0.7, 0.6)",0.21018262207508087,0.0071260929107666016,0.01899552345275879,1
seg-only,"(3.0, 20.0, 0.7, 0.6)",0.20314670354127884,0.021161437034606934,0.02896571159362793,1
seg-only,"(3.0, 20.0, 0.7, -0.3)",0.195390485227108,0.01786625385284424,0.0462493896484375,1
seg-only,"(3.0, 20.0, 0.7, -0.3)",0.20464028418064117,0.005274176597595215,0.03781890869140625,1
seg-only,"(3.0, 20.0, 0.7, -0.3)",0.21281851828098297,0.006893157958984375,0.030425071716308594,1
seg-only,"(3.0, 20.0, 0.7, -0.3)",0.19634174555540085,0.0031578540802001953,0.004822731018066406,1
seg-only,"(3.0, 20.0, 0.7, -0.3)",0.22528089582920074,0.007172942161560059,0.020162105560302734,1
seg-only,"(3.0, 20.0, 0.7, -0.3)",0.20141562074422836,0.00903463363647461,0.04503774642944336,1
seg-only,"(3.0, 20.0, 0.7, -0.3)",0.2116345763206482,0.007152915000915527,0.012232780456542969,1
seg-only,"(3.0, 20.0, 0.7, -0.3)",0.22324828803539276,0.016952991485595703,0.0375666618347168,1
seg-only,"(3.0, 20.0, 0.7, -0.3)",0.19483336061239243,0.019948124885559082,0.016286849975585938,1
seg-only,"(3.0, 20.0, 0.7, -0.3)",0.19272473454475403,0.010857820510864258,0.0072498321533203125,1
seg-only,"(3.0, 20.0, 0.7, -0.3)",0.2013467699289322,0.011477470397949219,0.01116323471069336,1
seg-only,"(3.0, 20.0, 0.7, -0.3)",0.2239595130085945,0.02274346351623535,0.030658245086669922,1
seg-only,"(3.0, 20.0, 0.7, -0.3)",0.2019299864768982,0.01857459545135498,0.03934192657470703,1
seg-only,"(3.0, 20.0, 0.7, -0.3)",0.22949650138616562,0.009418010711669922,0.010160446166992188,1
seg-only,"(3.0, 20.0, 0.7, -0.3)",0.20207393169403076,0.015344381332397461,0.013302326202392578,1
seg-only,"(1.5, 8.0, 0.3, 0.0)",0.26560842990875244,0.030300021171569824,0.03432583808898926,2
seg-only,"(1.5, 8.0, 0.3, 0.0)",0.26476117968559265,0.04823470115661621,0.06287086009979248,2
seg-only,"(1.5, 8.0, 0.3, 0.0)",0.27163897454738617,0.03984808921813965,0.04811561107635498,2
seg-only,"(1.5, 8.0, 0.3, 0.0)",0.2747976779937744,0.05677521228790283,0.090118408203125,2
seg-only,"(1.5, 8.0, 0.3, 0.0)",0.2724684774875641,0.03743964433670044,0.07887542247772217,2
seg-only,"(1.5, 8.0, 0.3, 0.0)",0.24765374511480331,0.053929805755615234,0.07067930698394775,2
seg-only,"(1.5, 8.0, 0.3, 0.0)",0.2411373183131218,0.03627294301986694,0.06001591682434082,2
seg-only,"(1.5, 8.0, 0.3, 0.0)",0.27055028080940247,0.029954910278320312,0.04602670669555664,2
seg-only,"(1.5, 8.0, 0.3, 0.0)",0.2361801415681839,0.028655052185058594,0.03687787055969238,2
seg-only,"(1.5, 8.0, 0.3, 0.0)",0.23343559354543686,0.035155534744262695,0.04154157638549805,2
seg-only,"(1.5, 8.0, 0.3, 0.0)",0.2338353767991066,0.03926825523376465,0.051854610443115234,2
seg-only,"(1.5, 8.0, 0.3, 0.0)",0.24166571348905563,0.03829801082611084,0.04554247856140137,2
seg-only,"(1.5, 8.0, 0.3, 0.0)",0.24899622797966003,0.04581904411315918,0.06406784057617188,2
seg-only,"(1.5, 8.0, 0.3, 0.0)",0.22833702713251114,0.04223519563674927,0.05296969413757324,2
seg-only,"(1.5, 8.0, 0.3, 0.0)",0.2624742090702057,0.04845315217971802,0.11458802223205566,2
seg-only,"(1.5, 8.0, 0.3, 0.3)",0.26093466579914093,0.062438786029815674,0.07728946208953857,2
seg-only,"(1.5, 8.0, 0.3, 0.3)",0.23566334694623947,0.043606579303741455,0.037603020668029785,2
seg-only,"(1.5, 8.0, 0.3, 0.3)",0.2759736627340317,0.050969064235687256,0.04059779644012451,2
seg-only,"(1.5, 8.0, 0.3, 0.3)",0.2449117973446846,0.045262694358825684,0.06481671333312988,2
seg-only,"(1.5, 8.0, 0.3, 0.3)",0.23458623886108398,0.03685557842254639,0.014702558517456055,2
seg-only,"(1.5, 8.0, 0.3, 0.3)",0.22146008163690567,0.03177189826965332,0.010460495948791504,2
seg-only,"(1.5, 8.0, 0.3, 0.3)",0.23644302785396576,0.03496462106704712,0.03574800491333008,2
seg-only,"(1.5, 8.0, 0.3, 0.3)",0.2685481756925583,0.06010991334915161,0.06622087955474854,2
seg-only,"(1.5, 8.0, 0.3, 0.3)",0.2537632957100868,0.04630309343338013,0.06171905994415283,2
seg-only,"(1.5, 8.0, 0.3, 0.3)",0.26478756964206696,0.04623079299926758,0.034487128257751465,2
seg-only,"(1.5, 8.0, 0.3, 0.3)",0.2663894593715668,0.022940993309020996,0.012487173080444336,2
seg-only,"(1.5, 8.0, 0.3, 0.3)",0.26280246675014496,0.056752920150756836,0.05598092079162598,2
seg-only,"(1.5, 8.0, 0.3, 0.3)",0.23173078149557114,0.05298507213592529,0.05639183521270752,2
seg-only,"(1.5, 8.0, 0.3, 0.3)",0.2284812107682228,0.03684806823730469,0.014155745506286621,2
seg-only,"(1.5, 8.0, 0.3, 0.3)",0.2351595088839531,0.02804124355316162,0.023718833923339844,2
seg-only,"(1.5, 8.0, 0.3, 0.6)",0.24904747307300568,0.042181313037872314,0.011196017265319824,2
seg-only,"(1.5, 8.0, 0.3, 0.6)",0.2441212236881256,0.045388877391815186,0.020928502082824707,2
seg-only,"(1.5, 8.0, 0.3, 0.6)",0.2422243133187294,0.042017996311187744,0.018119096755981445,2
seg-only,"(1.5, 8.0, 0.3, 0.6)",0.23243888467550278,0.03751736879348755,0.004151344299316406,2
seg-only,"(1.5, 8.0, 0.3, 0.6)",0.23634296655654907,0.04025685787200928,0.0016301870346069336,2
seg-only,"(1.5, 8.0, 0.3, 0.6)",0.23717661201953888,0.04429614543914795,0.007385134696960449,2
seg-only,"(1.5, 8.0, 0.3, 0.6)",0.2614022344350815,0.04791450500488281,0.009850263595581055,2
seg-only,"(1.5, 8.0, 0.3, 0.6)",0.2658340036869049,0.035208702087402344,0.004523038864135742,2
seg-only,"(1.5, 8.0, 0.3, 0.6)",0.23790033161640167,0.052677810192108154,0.002193927764892578,2
seg-only,"(1.5, 8.0, 0.3, 0.6)",0.26098519563674927,0.038610756397247314,0.004395484924316406,2
seg-only,"(1.5, 8.0, 0.3, 0.6)",0.24108785390853882,0.01382225751876831,0.048079490661621094,2
seg-only,"(1.5, 8.0, 0.3, 0.6)",0.23642734438180923,0.028743088245391846,0.006730079650878906,2
seg-only,"(1.5, 8.0, 0.3, 0.6)",0.27064794301986694,0.03904736042022705,0.0033990144729614258,2
seg-only,"(1.5, 8.0, 0.3, 0.6)",0.23602941632270813,0.04379904270172119,0.00811910629272461,2
seg-only,"(1.5, 8.0, 0.3, 0.6)",0.2668207734823227,0.027353405952453613,0.008890390396118164,2
seg-only,"(1.5, 8.0, 0.3, -0.3)",0.24796336144208908,0.0415346622467041,0.08057069778442383,2
seg-only,"(1.5, 8.0, 0.3, -0.3)",0.24897553026676178,0.041303813457489014,0.08911800384521484,2
seg-only,"(1.5, 8.0, 0.3, -0.3)",0.28374670445919037,0.030154109001159668,0.06003284454345703,2
seg-only,"(1.5, 8.0, 0.3, -0.3)",0.23953569680452347,0.02499842643737793,0.04479789733886719,2
seg-only,"(1.5, 8.0, 0.3, -0.3)",0.2337319180369377,0.041796088218688965,0.07722663879394531,2
seg-only,"(1.5, 8.0, 0.3, -0.3)",0.26032979786396027,0.058508336544036865,0.09777045249938965,2
seg-only,"(1.5, 8.0, 0.3, -0.3)",0.24262842535972595,0.042220890522003174,0.08535265922546387,2
seg-only,"(1.5, 8.0, 0.3, -0.3)",0.2696097046136856,0.06235814094543457,0.11516976356506348,2
seg-only,"(1.5, 8.0, 0.3, -0.3)",0.2340330183506012,0.045996129512786865,0.09744691848754883,2
seg-only,"(1.5, 8.0, 0.3, -0.3)",0.25231242179870605,0.050402164459228516,0.10187649726867676,2
seg-only,"(1.5, 8.0, 0.3, -0.3)",0.27888859808444977,0.031562864780426025,0.06962943077087402,2
seg-only,"(1.5, 8.0, 0.3, -0.3)",0.24445775151252747,0.03089219331741333,0.06267857551574707,2
seg-only,"(1.5, 8.0, 0.3, -0.3)",0.26974204182624817,0.04160386323928833,0.08187055587768555,2
seg-only,"(1.5, 8.0, 0.3, -0.3)",0.2442522495985031,0.04360395669937134,0.07782292366027832,2
seg-only,"(1.5, 8.0, 0.3, -0.3)",0.270740807056427,0.031586527824401855,0.053797245025634766,2
seg-only,"(1.5, 8.0, 0.7, 0.0)",0.19855646044015884,0.007815718650817871,0.018808603286743164,2
seg-only,"(1.5, 8.0, 0.7, 0.0)",0.18859544396400452,0.004243314266204834,0.0023932456970214844,2
seg-only,"(1.5, 8.0, 0.7, 0.0)",0.19843172281980515,0.023679614067077637,0.02757573127746582,2
seg-only,"(1.5, 8.0, 0.7, 0.0)",0.20681701600551605,0.03362149000167847,0.05533421039581299,2
seg-only,"(1.5, 8.0, 0.7, 0.0)",0.19282016903162003,0.008506953716278076,0.010969877243041992,2
seg-only,"(1.5, 8.0, 0.7, 0.0)",0.19654438644647598,0.009653627872467041,0.0057713985443115234,2
seg-only,"(1.5, 8.0, 0.7, 0.0)",0.19214534759521484,0.007955014705657959,0.006613731384277344,2
seg-only,"(1.5, 8.0, 0.7, 0.0)",0.20100107789039612,0.009490668773651123,0.004018545150756836,2
seg-only,"(1.5, 8.0, 0.7, 0.0)",0.19350586086511612,0.015972793102264404,0.008678197860717773,2
seg-only,"(1.5, 8.0, 0.7, 0.0)",0.20359884202480316,0.02806156873703003,0.05636143684387207,2
seg-only,"(1.5, 8.0, 0.7, 0.0)",0.19338791072368622,0.0249403715133667,0.008434295654296875,2
seg-only,"(1.5, 8.0, 0.7, 0.0)",0.19104279577732086,0.014489233493804932,0.01820683479309082,2
seg-only,"(1.5, 8.0, 0.7, 0.0)",0.20858006179332733,0.01927018165588379,0.02285456657409668,2
seg-only,"(1.5, 8.0, 0.7, 0.0)",0.1991235613822937,0.015162348747253418,0.03589177131652832,2
seg-only,"(1.5, 8.0, 0.7, 0.0)",0.21184559166431427,0.0121917724609375,0.016029834747314453,2
seg-only,"(1.5, 8.0, 0.7, 0.3)",0.20203575491905212,0.017803609371185303,0.0027763843536376953,2
seg-only,"(1.5, 8.0, 0.7, 0.3)",0.1995457261800766,0.017346620559692383,0.02821826934814453,2
seg-only,"(1.5, 8.0, 0.7, 0.3)",0.20329444110393524,0.020756006240844727,0.018562912940979004,2
seg-only,"(1.5, 8.0, 0.7, 0.3)",0.1943730041384697,0.022328555583953857,0.005102396011352539,2
seg-only,"(1.5, 8.0, 0.7, 0.3)",0.19419099390506744,0.013808846473693848,0.0088423490524292,2
seg-only,"(1.5, 8.0, 0.7, 0.3)",0.2095428705215454,0.003315150737762451,0.026979565620422363,2
seg-only,"(1.5, 8.0, 0.7, 0.3)",0.19928889721632004,0.00505298376083374,0.005111575126647949,2
seg-only,"(1.5, 8.0, 0.7, 0.3)",0.19206798821687698,0.0158957839012146,0.012311697006225586,2
seg-only,"(1.5, 8.0, 0.7, 0.3)",0.1883520781993866,0.003948628902435303,0.02381157875061035,2
seg-only,"(1.5, 8.0, 0.7, 0.3)",0.20265155285596848,0.009726107120513916,0.015543341636657715,2
seg-only,"(1.5, 8.0, 0.7, 0.3)",0.1892569661140442,0.006965279579162598,0.008154630661010742,2
seg-only,"(1.5, 8.0, 0.7, 0.3)",0.19007612019777298,0.014590740203857422,0.02598857879638672,2
seg-only,"(1.5, 8.0, 0.7, 0.3)",0.20081909745931625,0.011514008045196533,0.0025805234909057617,2
seg-only,"(1.5, 8.0, 0.7, 0.3)",0.2144181951880455,0.02802330255508423,0.01723337173461914,2
seg-only,"(1.5, 8.0, 0.7, 0.3)",0.19642429798841476,0.008056640625,0.013688325881958008,2
seg-only,"(1.5, 8.0, 0.7, 0.6)",0.1998964175581932,0.013186872005462646,0.03521728515625,2
seg-only,"(1.5, 8.0, 0.7, 0.6)",0.19816021621227264,0.009303092956542969,0.003624558448791504,2
seg-only,"(1.5, 8.0, 0.7, 0.6)",0.187580905854702,0.027111828327178955,0.001146078109741211,2
seg-only,"(1.5, 8.0, 0.7, 0.6)",0.20275181531906128,0.02014780044555664,0.03153872489929199,2
seg-only,"(1.5, 8.0, 0.7, 0.6)",0.20897424966096878,0.023968994617462158,0.00909888744354248,2
seg-only,"(1.5, 8.0, 0.7, 0.6)",0.2024141550064087,0.0062718987464904785,0.050081849098205566,2
seg-only,"(1.5, 8.0, 0.7, 0.6)",0.22150691598653793,0.02104085683822632,0.015593767166137695,2
seg-only,"(1.5, 8.0, 0.7, 0.6)",0.20222695171833038,0.019864916801452637,0.011178135871887207,2
seg-only,"(1.5, 8.0, 0.7, 0.6)",0.19724393635988235,0.01568281650543213,0.010513663291931152,2
seg-only,"(1.5, 8.0, 0.7, 0.6)",0.19022958725690842,0.030515432357788086,0.02099621295928955,2
seg-only,"(1.5, 8.0, 0.7, 0.6)",0.2113807499408722,0.021918535232543945,0.006684064865112305,2
seg-only,"(1.5, 8.0, 0.7, 0.6)",0.19950322061777115,0.017688632011413574,0.0005341768264770508,2
seg-only,"(1.5, 8.0, 0.7, 0.6)",0.19874265044927597,0.003136157989501953,0.0009888410568237305,2
seg-only,"(1.5, 8.0, 0.7, 0.6)",0.2152196615934372,0.016617953777313232,0.005205869674682617,2
seg-only,"(1.5, 8.0, 0.7, 0.6)",0.19425693154335022,0.004953444004058838,0.013287663459777832,2
seg-only,"(1.5, 8.0, 0.7, -0.3)",0.19799767434597015,0.015211522579193115,0.042101144790649414,2
seg-only,"(1.5, 8.0, 0.7, -0.3)",0.20190031081438065,0.02196735143661499,0.03239607810974121,2
seg-only,"(1.5, 8.0, 0.7, -0.3)",0.2072153091430664,0.016379177570343018,0.036313772201538086,2
seg-only,"(1.5, 8.0, 0.7, -0.3)",0.19969537109136581,0.01045137643814087,0.04253411293029785,2
seg-only,"(1.5, 8.0, 0.7, -0.3)",0.20036210864782333,0.0027424097061157227,0.015935182571411133,2
seg-only,"(1.5, 8.0, 0.7, -0.3)",0.19910041987895966,0.019008159637451172,0.03717923164367676,2
seg-only,"(1.5, 8.0, 0.7, -0.3)",0.192817822098732,0.015693485736846924,0.0307309627532959,2
seg-only,"(1.5, 8.0, 0.7, -0.3)",0.2034536898136139,0.025750935077667236,0.05883169174194336,2
seg-only,"(1.5, 8.0, 0.7, -0.3)",0.20155370235443115,0.013736605644226074,0.03886842727661133,2
seg-only,"(1.5, 8.0, 0.7, -0.3)",0.21327470242977142,0.007963418960571289,0.00804448127746582,2
seg-only,"(1.5, 8.0, 0.7, -0.3)",0.20037271827459335,0.01489114761352539,0.028367996215820312,2
seg-only,"(1.5, 8.0, 0.7, -0.3)",0.20093408226966858,0.004623591899871826,0.02886807918548584,2
seg-only,"(1.5, 8.0, 0.7, -0.3)",0.21947874873876572,0.016818642616271973,0.028831958770751953,2
seg-only,"(1.5, 8.0, 0.7, -0.3)",0.1941131055355072,0.011699855327606201,0.03319525718688965,2
seg-only,"(1.5, 8.0, 0.7, -0.3)",0.1919570490717888,0.013555049896240234,0.01931619644165039,2
seg-only,"(1.5, 20.0, 0.3, 0.0)",0.24798843264579773,0.04040563106536865,0.06653952598571777,2
seg-only,"(1.5, 20.0, 0.3, 0.0)",0.2316157966852188,0.034387946128845215,0.052262306213378906,2
seg-only,"(1.5, 20.0, 0.3, 0.0)",0.2548513486981392,0.03307056427001953,0.039367079734802246,2
seg-only,"(1.5, 20.0, 0.3, 0.0)",0.2279445379972458,0.030744433403015137,0.03546428680419922,2
seg-only,"(1.5, 20.0, 0.3, 0.0)",0.20729754120111465,0.02621370553970337,0.04664897918701172,2
seg-only,"(1.5, 20.0, 0.3, 0.0)",0.22022191435098648,0.009745955467224121,0.04144418239593506,2
seg-only,"(1.5, 20.0, 0.3, 0.0)",0.21719878911972046,0.029966890811920166,0.055869340896606445,2
seg-only,"(1.5, 20.0, 0.3, 0.0)",0.22229521721601486,0.032702863216400146,0.06286144256591797,2
seg-only,"(1.5, 20.0, 0.3, 0.0)",0.22337017953395844,0.03992915153503418,0.06578302383422852,2
seg-only,"(1.5, 20.0, 0.3, 0.0)",0.22231478244066238,0.025806963443756104,0.02321600914001465,2
seg-only,"(1.5, 20.0, 0.3, 0.0)",0.22909348458051682,0.02770322561264038,0.03884387016296387,2
seg-only,"(1.5, 20.0, 0.3, 0.0)",0.21839162707328796,0.013055622577667236,0.006470918655395508,2
seg-only,"(1.5, 20.0, 0.3, 0.0)",0.21010319888591766,0.02661949396133423,0.03675854206085205,2
seg-only,"(1.5, 20.0, 0.3, 0.0)",0.2597448527812958,0.013905048370361328,0.05158519744873047,2
seg-only,"(1.5, 20.0, 0.3, 0.0)",0.22264724969863892,0.04262685775756836,0.0571439266204834,2
seg-only,"(1.5, 20.0, 0.3, 0.3)",0.21836835891008377,0.011249423027038574,0.014966249465942383,2
seg-only,"(1.5, 20.0, 0.3, 0.3)",0.21852968633174896,0.029895246028900146,0.009451746940612793,2
seg-only,"(1.5, 20.0, 0.3, 0.3)",0.2413376271724701,0.019722044467926025,0.01935887336730957,2
seg-only,"(1.5, 20.0, 0.3, 0.3)",0.2143697738647461,0.03312253952026367,0.00040435791015625,2
seg-only,"(1.5, 20.0, 0.3, 0.3)",0.2318991795182228,0.034357666969299316,0.02418839931488037,2
seg-only,"(1.5, 20.0, 0.3, 0.3)",0.2229854315519333,0.04456979036331177,0.03427398204803467,2
seg-only,"(1.5, 20.0, 0.3, 0.3)",0.2285822108387947,0.04867285490036011,0.07111382484436035,2
seg-only,"(1.5, 20.0, 0.3, 0.3)",0.24793130159378052,0.017735779285430908,0.0011299848556518555,2
seg-only,"(1.5, 20.0, 0.3, 0.3)",0.2186511605978012,0.019952476024627686,0.026224732398986816,2
seg-only,"(1.5, 20.0, 0.3, 0.3)",0.23236674070358276,0.02568894624710083,0.04693293571472168,2
seg-only,"(1.5, 20.0, 0.3, 0.3)",0.2233356535434723,0.012973248958587646,0.02414560317993164,2
seg-only,"(1.5, 20.0, 0.3, 0.3)",0.2465592622756958,0.02080368995666504,0.0200040340423584,2
seg-only,"(1.5, 20.0, 0.3, 0.3)",0.22305519878864288,0.014395356178283691,0.02415299415588379,2
seg-only,"(1.5, 20.0, 0.3, 0.3)",0.217646524310112,0.038787782192230225,0.005793452262878418,2
seg-only,"(1.5, 20.0, 0.3, 0.3)",0.22913232445716858,0.04626375436782837,0.019241809844970703,2
seg-only,"(1.5, 20.0, 0.3, 0.6)",0.22143849730491638,0.026309847831726074,0.007048130035400391,2
seg-only,"(1.5, 20.0, 0.3, 0.6)",0.2471017688512802,0.031006276607513428,0.021039485931396484,2
seg-only,"(1.5, 20.0, 0.3, 0.6)",0.23835913836956024,0.03375118970870972,0.014277935028076172,2
seg-only,"(1.5, 20.0, 0.3, 0.6)",0.24605000019073486,0.037781715393066406,0.01973891258239746,2
seg-only,"(1.5, 20.0, 0.3, 0.6)",0.2562967389822006,0.05300009250640869,0.0575178861618042,2
seg-only,"(1.5, 20.0, 0.3, 0.6)",0.2343696430325508,0.02584052085876465,0.022504568099975586,2
seg-only,"(1.5, 20.0, 0.3, 0.6)",0.22840242832899094,0.020357251167297363,0.006855487823486328,2
seg-only,"(1.5, 20.0, 0.3, 0.6)",0.21693887561559677,0.04423236846923828,0.0032159090042114258,2
seg-only,"(1.5, 20.0, 0.3, 0.6)",0.2167268693447113,0.04354161024093628,0.006412029266357422,2
seg-only,"(1.5, 20.0, 0.3, 0.6)",0.21639171987771988,0.020229876041412354,0.030161142349243164,2
seg-only,"(1.5, 20.0, 0.3, 0.6)",0.22474780678749084,0.02160501480102539,0.014859676361083984,2
seg-only,"(1.5, 20.0, 0.3, 0.6)",0.22763512283563614,0.03378862142562866,0.01417839527130127,2
seg-only,"(1.5, 20.0, 0.3, 0.6)",0.22999893128871918,0.03225266933441162,0.023433566093444824,2
seg-only,"(1.5, 20.0, 0.3, 0.6)",0.2224712148308754,0.009629011154174805,0.005741119384765625,2
seg-only,"(1.5, 20.0, 0.3, 0.6)",0.26036323606967926,0.025334537029266357,0.03144681453704834,2
seg-only,"(1.5, 20.0, 0.3, -0.3)",0.2220587506890297,0.03200829029083252,0.05478549003601074,2
seg-only,"(1.5, 20.0, 0.3, -0.3)",0.24388006329536438,0.03102743625640869,0.03883624076843262,2
seg-only,"(1.5, 20.0, 0.3, -0.3)",0.21688253432512283,0.028486907482147217,0.040143489837646484,2
seg-only,"(1.5, 20.0, 0.3, -0.3)",0.2154758796095848,0.03883570432662964,0.0929417610168457,2
seg-only,"(1.5, 20.0, 0.3, -0.3)",0.23680152744054794,0.0289229154586792,0.0413365364074707,2
seg-only,"(1.5, 20.0, 0.3, -0.3)",0.22414494305849075,0.026256442070007324,0.06760406494140625,2
seg-only,"(1.5, 20.0, 0.3, -0.3)",0.21759578585624695,0.026525437831878662,0.06224846839904785,2
seg-only,"(1.5, 20.0, 0.3, -0.3)",0.24337955564260483,0.02549070119857788,0.03793597221374512,2
seg-only,"(1.5, 20.0, 0.3, -0.3)",0.24980953335762024,0.018503010272979736,0.032401323318481445,2
seg-only,"(1.5, 20.0, 0.3, -0.3)",0.22102554142475128,0.01891911029815674,0.03214287757873535,2
seg-only,"(1.5, 20.0, 0.3, -0.3)",0.21927674859762192,0.013828873634338379,0.018329381942749023,2
seg-only,"(1.5, 20.0, 0.3, -0.3)",0.24925421178340912,0.015509843826293945,0.05204892158508301,2
seg-only,"(1.5, 20.0, 0.3, -0.3)",0.21990928798913956,0.02510964870452881,0.059462547302246094,2
seg-only,"(1.5, 20.0, 0.3, -0.3)",0.2260005921125412,0.011083245277404785,0.022272109985351562,2
seg-only,"(1.5, 20.0, 0.3, -0.3)",0.24379666149616241,0.02589118480682373,0.02584052085876465,2
seg-only,"(1.5, 20.0, 0.7, 0.0)",0.1898973062634468,0.013599276542663574,0.012196063995361328,2
seg-only,"(1.5, 20.0, 0.7, 0.0)",0.18185193091630936,0.01124584674835205,0.014697551727294922,2
seg-only,"(1.5, 20.0, 0.7, 0.0)",0.18473444879055023,0.009337544441223145,0.004796266555786133,2
seg-only,"(1.5, 20.0, 0.7, 0.0)",0.18116795271635056,0.0033456087112426758,0.02105569839477539,2
seg-only,"(1.5, 20.0, 0.7, 0.0)",0.18845970183610916,0.013824224472045898,0.020203828811645508,2
seg-only,"(1.5, 20.0, 0.7, 0.0)",0.191321462392807,0.015807926654815674,0.021836519241333008,2
seg-only,"(1.5, 20.0, 0.7, 0.0)",0.18921194225549698,0.01538240909576416,0.008623719215393066,2
seg-only,"(1.5, 20.0, 0.7, 0.0)",0.18267636001110077,0.018391847610473633,0.027649641036987305,2
seg-only,"(1.5, 20.0, 0.7, 0.0)",0.2081591710448265,0.004999399185180664,0.009438514709472656,2
seg-only,"(1.5, 20.0, 0.7, 0.0)",0.19898127764463425,0.00392758846282959,0.01102447509765625,2
seg-only,"(1.5, 20.0, 0.7, 0.0)",0.1876118779182434,0.008753716945648193,0.009052276611328125,2
seg-only,"(1.5, 20.0, 0.7, 0.0)",0.18480676412582397,0.013394355773925781,0.05195748805999756,2
seg-only,"(1.5, 20.0, 0.7, 0.0)",0.18940644711256027,0.009973466396331787,0.0017244815826416016,2
seg-only,"(1.5, 20.0, 0.7, 0.0)",0.1757863089442253,0.01086968183517456,0.0018689632415771484,2
seg-only,"(1.5, 20.0, 0.7, 0.0)",0.18380671739578247,0.007692813873291016,0.013477087020874023,2
seg-only,"(1.5, 20.0, 0.7, 0.3)",0.19280190765857697,0.018561124801635742,0.006827235221862793,2
seg-only,"(1.5, 20.0, 0.7, 0.3)",0.18970363587141037,0.00852888822555542,0.004833102226257324,2
seg-only,"(1.5, 20.0, 0.7, 0.3)",0.18410778045654297,0.010231971740722656,0.00026786327362060547,2
seg-only,"(1.5, 20.0, 0.7, 0.3)",0.18559565395116806,0.014616250991821289,0.04490959644317627,2
seg-only,"(1.5, 20.0, 0.7, 0.3)",0.20174414664506912,0.006452202796936035,0.0034279823303222656,2
seg-only,"(1.5, 20.0, 0.7, 0.3)",0.1878308281302452,0.0021443963050842285,0.008864045143127441,2
seg-only,"(1.5, 20.0, 0.7, 0.3)",0.20411083102226257,0.005433380603790283,0.045168161392211914,2
seg-only,"(1.5, 20.0, 0.7, 0.3)",0.1824267879128456,0.006814122200012207,0.009622693061828613,2
seg-only,"(1.5, 20.0, 0.7, 0.3)",0.18973834812641144,0.013091564178466797,0.04919314384460449,2
seg-only,"(1.5, 20.0, 0.7, 0.3)",0.19911376386880875,0.005992472171783447,0.02018606662750244,2
seg-only,"(1.5, 20.0, 0.7, 0.3)",0.20230374485254288,0.016291022300720215,0.01893782615661621,2
seg-only,"(1.5, 20.0, 0.7, 0.3)",0.19208204001188278,0.020374834537506104,0.022072315216064453,2
seg-only,"(1.5, 20.0, 0.7, 0.3)",0.2013707309961319,0.016882658004760742,0.052688002586364746,2
seg-only,"(1.5, 20.0, 0.7, 0.3)",0.18493065983057022,0.005979180335998535,0.0017037391662597656,2
seg-only,"(1.5, 20.0, 0.7, 0.3)",0.1789189726114273,0.015602648258209229,0.040079474449157715,2
seg-only,"(1.5, 20.0, 0.7, 0.6)",0.1788499355316162,0.0062634944915771484,0.011054158210754395,2
seg-only,"(1.5, 20.0, 0.7, 0.6)",0.19081997126340866,0.013649940490722656,0.003056049346923828,2
seg-only,"(1.5, 20.0, 0.7, 0.6)",0.19021552056074142,0.009887754917144775,0.062338411808013916,2
seg-only,"(1.5, 20.0, 0.7, 0.6)",0.1940334215760231,0.010701775550842285,0.07533609867095947,2
seg-only,"(1.5, 20.0, 0.7, 0.6)",0.19516907632350922,0.01021277904510498,0.041397809982299805,2
seg-only,"(1.5, 20.0, 0.7, 0.6)",0.18828054517507553,0.015293002128601074,0.02154672145843506,2
seg-only,"(1.5, 20.0, 0.7, 0.6)",0.2007635459303856,0.006331920623779297,0.04020380973815918,2
seg-only,"(1.5, 20.0, 0.7, 0.6)",0.18140967935323715,0.007347226142883301,0.030516624450683594,2
seg-only,"(1.5, 20.0, 0.7, 0.6)",0.2009533792734146,0.005940675735473633,0.017151832580566406,2
seg-only,"(1.5, 20.0, 0.7, 0.6)",0.20660507678985596,0.014188647270202637,0.02052450180053711,2
seg-only,"(1.5, 20.0, 0.7, 0.6)",0.1874353438615799,0.009918928146362305,0.017313003540039062,2
seg-only,"(1.5, 20.0, 0.7, 0.6)",0.20365571975708008,0.008086204528808594,0.04259991645812988,2
seg-only,"(1.5, 20.0, 0.7, 0.6)",0.19264470785856247,0.009416639804840088,0.033634305000305176,2
seg-only,"(1.5, 20.0, 0.7, 0.6)",0.18856319785118103,0.011542677879333496,0.002458810806274414,2
seg-only,"(1.5, 20.0, 0.7, 0.6)",0.18959585577249527,0.017803192138671875,0.020876169204711914,2
seg-only,"(1.5, 20.0, 0.7, -0.3)",0.18421443551778793,0.010812699794769287,0.016524076461791992,2
seg-only,"(1.5, 20.0, 0.7, -0.3)",0.1796812266111374,0.01270836591720581,0.04476737976074219,2
seg-only,"(1.5, 20.0, 0.7, -0.3)",0.2006361186504364,0.0075876712799072266,0.018398523330688477,2
seg-only,"(1.5, 20.0, 0.7, -0.3)",0.19366031885147095,0.005580306053161621,0.015446186065673828,2
seg-only,"(1.5, 20.0, 0.7, -0.3)",0.18825185298919678,0.017375409603118896,0.01825237274169922,2
seg-only,"(1.5, 20.0, 0.7, -0.3)",0.18518517911434174,0.010108351707458496,0.024988651275634766,2
seg-only,"(1.5, 20.0, 0.7, -0.3)",0.1916855424642563,0.009051144123077393,0.015458822250366211,2
seg-only,"(1.5, 20.0, 0.7, -0.3)",0.18496787548065186,0.024392902851104736,0.011912822723388672,2
seg-only,"(1.5, 20.0, 0.7, -0.3)",0.18536145240068436,0.003953516483306885,0.016252994537353516,2
seg-only,"(1.5, 20.0, 0.7, -0.3)",0.19372767210006714,0.005765736103057861,0.020350217819213867,2
seg-only,"(1.5, 20.0, 0.7, -0.3)",0.19426560401916504,0.00745844841003418,0.0011339187622070312,2
seg-only,"(1.5, 20.0, 0.7, -0.3)",0.18432240188121796,0.008209168910980225,0.0181276798248291,2
seg-only,"(1.5, 20.0, 0.7, -0.3)",0.18476886302232742,0.008870422840118408,0.0014233589172363281,2
seg-only,"(1.5, 20.0, 0.7, -0.3)",0.20259081572294235,0.008520781993865967,0.0085906982421875,2
seg-only,"(1.5, 20.0, 0.7, -0.3)",0.18406357616186142,0.019754886627197266,0.02360701560974121,2
seg-only,"(3.0, 8.0, 0.3, 0.0)",0.3168909549713135,0.03870725631713867,0.04930925369262695,2
seg-only,"(3.0, 8.0, 0.3, 0.0)",0.32484422624111176,0.04270195960998535,0.06478571891784668,2
seg-only,"(3.0, 8.0, 0.3, 0.0)",0.2742898315191269,0.041805267333984375,0.0529789924621582,2
seg-only,"(3.0, 8.0, 0.3, 0.0)",0.30338524281978607,0.0452347993850708,0.05518960952758789,2
seg-only,"(3.0, 8.0, 0.3, 0.0)",0.2901502698659897,0.03283286094665527,0.03911018371582031,2
seg-only,"(3.0, 8.0, 0.3, 0.0)",0.27410465478897095,0.031438350677490234,0.04332399368286133,2
seg-only,"(3.0, 8.0, 0.3, 0.0)",0.2759769707918167,0.03669106960296631,0.030989408493041992,2
seg-only,"(3.0, 8.0, 0.3, 0.0)",0.327313557267189,0.042790889739990234,0.05526018142700195,2
seg-only,"(3.0, 8.0, 0.3, 0.0)",0.29036982357501984,0.044080138206481934,0.07522869110107422,2
seg-only,"(3.0, 8.0, 0.3, 0.0)",0.27687372267246246,0.03366410732269287,0.045588016510009766,2
seg-only,"(3.0, 8.0, 0.3, 0.0)",0.27026253938674927,0.023197650909423828,0.027052879333496094,2
seg-only,"(3.0, 8.0, 0.3, 0.0)",0.2608352452516556,0.03365600109100342,0.05708789825439453,2
seg-only,"(3.0, 8.0, 0.3, 0.0)",0.2848307192325592,0.02618849277496338,0.03979635238647461,2
seg-only,"(3.0, 8.0, 0.3, 0.0)",0.2874912917613983,0.04014718532562256,0.04047584533691406,2
seg-only,"(3.0, 8.0, 0.3, 0.0)",0.2833841145038605,0.03464233875274658,0.0629575252532959,2
seg-only,"(3.0, 8.0, 0.3, 0.3)",0.29393526911735535,0.03956937789916992,0.05599689483642578,2
seg-only,"(3.0, 8.0, 0.3, 0.3)",0.27191662788391113,0.045603394508361816,0.029665470123291016,2
seg-only,"(3.0, 8.0, 0.3, 0.3)",0.27532273530960083,0.050827741622924805,0.060133934020996094,2
seg-only,"(3.0, 8.0, 0.3, 0.3)",0.2982404828071594,0.039353370666503906,0.04163193702697754,2
seg-only,"(3.0, 8.0, 0.3, 0.3)",0.33171387016773224,0.048119187355041504,0.05795741081237793,2
seg-only,"(3.0, 8.0, 0.3, 0.3)",0.31233541667461395,0.02979433536529541,0.018233776092529297,2
seg-only,"(3.0, 8.0, 0.3, 0.3)",0.2682119160890579,0.04313921928405762,0.028684139251708984,2
seg-only,"(3.0, 8.0, 0.3, 0.3)",0.27061593532562256,0.03999316692352295,0.045117855072021484,2
seg-only,"(3.0, 8.0, 0.3, 0.3)",0.28275465965270996,0.033240556716918945,0.04895353317260742,2
seg-only,"(3.0, 8.0, 0.3, 0.3)",0.31648819148540497,0.03346383571624756,0.015981197357177734,2
seg-only,"(3.0, 8.0, 0.3, 0.3)",0.26568374037742615,0.030184149742126465,0.047162532806396484,2
seg-only,"(3.0, 8.0, 0.3, 0.3)",0.3211003243923187,0.03402400016784668,0.04349398612976074,2
seg-only,"(3.0, 8.0, 0.3, 0.3)",0.2908042222261429,0.0235823392868042,0.014075040817260742,2
seg-only,"(3.0, 8.0, 0.3, 0.3)",0.26430846750736237,0.02112865447998047,0.04402518272399902,2
seg-only,"(3.0, 8.0, 0.3, 0.3)",0.2806696891784668,0.0284193754196167,0.01644110679626465,2
seg-only,"(3.0, 8.0, 0.3, 0.6)",0.28907035291194916,0.04889082908630371,0.01460123062133789,2
seg-only,"(3.0, 8.0, 0.3, 0.6)",0.2740171402692795,0.026645183563232422,0.015807390213012695,2
seg-only,"(3.0, 8.0, 0.3, 0.6)",0.31627726554870605,0.058237433433532715,0.018572330474853516,2
seg-only,"(3.0, 8.0, 0.3, 0.6)",0.25650061666965485,0.040407419204711914,0.015627622604370117,2
seg-only,"(3.0, 8.0, 0.3, 0.6)",0.2727734297513962,0.05505561828613281,0.04183506965637207,2
seg-only,"(3.0, 8.0, 0.3, 0.6)",0.3148100972175598,0.04425168037414551,0.0339055061340332,2
seg-only,"(3.0, 8.0, 0.3, 0.6)",0.3019819110631943,0.06049907207489014,0.018650293350219727,2
seg-only,"(3.0, 8.0, 0.3, 0.6)",0.3101961016654968,0.04718375205993652,0.00026917457580566406,2
seg-only,"(3.0, 8.0, 0.3, 0.6)",0.26642727851867676,0.04860985279083252,0.02950596809387207,2
seg-only,"(3.0, 8.0, 0.3, 0.6)",0.2816888988018036,0.03642559051513672,0.012847900390625,2
seg-only,"(3.0, 8.0, 0.3, 0.6)",0.2669917047023773,0.02683126926422119,0.0020296573638916016,2
seg-only,"(3.0, 8.0, 0.3, 0.6)",0.2783931493759155,0.047734856605529785,0.03725457191467285,2
seg-only,"(3.0, 8.0, 0.3, 0.6)",0.28188495337963104,0.02020728588104248,0.025716304779052734,2
seg-only,"(3.0, 8.0, 0.3, 0.6)",0.2784913182258606,0.028852105140686035,0.03314495086669922,2
seg-only,"(3.0, 8.0, 0.3, 0.6)",0.3199014663696289,0.02718174457550049,0.011754751205444336,2
seg-only,"(3.0, 8.0, 0.3, -0.3)",0.29470011591911316,0.042174696922302246,0.08056259155273438,2
seg-only,"(3.0, 8.0, 0.3, -0.3)",0.3168666511774063,0.015088796615600586,0.020164012908935547,2
seg-only,"(3.0, 8.0, 0.3, -0.3)",0.3106956332921982,0.03899645805358887,0.04688835144042969,2
seg-only,"(3.0, 8.0, 0.3, -0.3)",0.31457316875457764,0.041756629943847656,0.07658052444458008,2
seg-only,"(3.0, 8.0, 0.3, -0.3)",0.3048068434000015,0.0402827262878418,0.09998893737792969,2
seg-only,"(3.0, 8.0, 0.3, -0.3)",0.2918981462717056,0.03525209426879883,0.07435178756713867,2
seg-only,"(3.0, 8.0, 0.3, -0.3)",0.2954310476779938,0.051577091217041016,0.07988452911376953,2
seg-only,"(3.0, 8.0, 0.3, -0.3)",0.27938905358314514,0.04695439338684082,0.06319952011108398,2
seg-only,"(3.0, 8.0, 0.3, -0.3)",0.28156979382038116,0.03494465351104736,0.07550430297851562,2
seg-only,"(3.0, 8.0, 0.3, -0.3)",0.32648979127407074,0.046709656715393066,0.08489513397216797,2
seg-only,"(3.0, 8.0, 0.3, -0.3)",0.2737862765789032,0.04429340362548828,0.08878517150878906,2
seg-only,"(3.0, 8.0, 0.3, -0.3)",0.3265036642551422,0.061506032943725586,0.12923765182495117,2
seg-only,"(3.0, 8.0, 0.3, -0.3)",0.27696941792964935,0.04691743850708008,0.08565855026245117,2
seg-only,"(3.0, 8.0, 0.3, -0.3)",0.3198353946208954,0.03260397911071777,0.05439043045043945,2
seg-only,"(3.0, 8.0, 0.3, -0.3)",0.2827566862106323,0.03682601451873779,0.04593515396118164,2
seg-only,"(3.0, 8.0, 0.7, 0.0)",0.23569393903017044,0.01617753505706787,0.023717403411865234,2
seg-only,"(3.0, 8.0, 0.7, 0.0)",0.231566421687603,0.010233521461486816,0.01714611053466797,2
seg-only,"(3.0, 8.0, 0.7, 0.0)",0.25871701538562775,0.009695768356323242,0.036138057708740234,2
seg-only,"(3.0, 8.0, 0.7, 0.0)",0.24216987937688828,0.011561274528503418,0.03660154342651367,2
seg-only,"(3.0, 8.0, 0.7, 0.0)",0.23120906949043274,0.02931654453277588,0.036728858947753906,2
seg-only,"(3.0, 8.0, 0.7, 0.0)",0.22766640037298203,0.010735869407653809,0.019654273986816406,2
seg-only,"(3.0, 8.0, 0.7, 0.0)",0.23293503373861313,0.027490854263305664,0.05106353759765625,2
seg-only,"(3.0, 8.0, 0.7, 0.0)",0.23737578094005585,0.009318828582763672,0.01094675064086914,2
seg-only,"(3.0, 8.0, 0.7, 0.0)",0.23313011229038239,0.017168402671813965,0.007786750793457031,2
seg-only,"(3.0, 8.0, 0.7, 0.0)",0.25703075528144836,0.02394402027130127,0.023281097412109375,2
seg-only,"(3.0, 8.0, 0.7, 0.0)",0.2560167908668518,0.018285632133483887,0.010212421417236328,2
seg-only,"(3.0, 8.0, 0.7, 0.0)",0.23327437788248062,0.02180004119873047,0.03386187553405762,2
seg-only,"(3.0, 8.0, 0.7, 0.0)",0.24138106405735016,0.037416815757751465,0.04044938087463379,2
seg-only,"(3.0, 8.0, 0.7, 0.0)",0.2342284694314003,0.02154695987701416,0.031833648681640625,2
seg-only,"(3.0, 8.0, 0.7, 0.0)",0.23880712687969208,0.029218077659606934,0.05738353729248047,2
seg-only,"(3.0, 8.0, 0.7, 0.3)",0.23343080282211304,0.026801109313964844,0.02996063232421875,2
seg-only,"(3.0, 8.0, 0.7, 0.3)",0.25297099351882935,0.010976910591125488,0.0014331340789794922,2
seg-only,"(3.0, 8.0, 0.7, 0.3)",0.22850431501865387,0.005539417266845703,0.01758885383605957,2
seg-only,"(3.0, 8.0, 0.7, 0.3)",0.2315729781985283,0.012570619583129883,0.01769542694091797,2
seg-only,"(3.0, 8.0, 0.7, 0.3)",0.25116974115371704,0.022386670112609863,0.010555028915405273,2
seg-only,"(3.0, 8.0, 0.7, 0.3)",0.23690634965896606,0.01212453842163086,0.005115985870361328,2
seg-only,"(3.0, 8.0, 0.7, 0.3)",0.25815483927726746,0.02848637104034424,0.04137754440307617,2
seg-only,"(3.0, 8.0, 0.7, 0.3)",0.23432894051074982,0.00672757625579834,0.005497932434082031,2
seg-only,"(3.0, 8.0, 0.7, 0.3)",0.2605532556772232,0.006726980209350586,0.015173912048339844,2
seg-only,"(3.0, 8.0, 0.7, 0.3)",0.223198302090168,0.007572650909423828,0.013051986694335938,2
seg-only,"(3.0, 8.0, 0.7, 0.3)",0.22700172662734985,0.021054983139038086,0.0023767948150634766,2
seg-only,"(3.0, 8.0, 0.7, 0.3)",0.23033399134874344,0.03679466247558594,0.0470881462097168,2
seg-only,"(3.0, 8.0, 0.7, 0.3)",0.2582242786884308,0.02408885955810547,0.01576995849609375,2
seg-only,"(3.0, 8.0, 0.7, 0.3)",0.24429785460233688,0.019434690475463867,0.03237271308898926,2
seg-only,"(3.0, 8.0, 0.7, 0.3)",0.23677723854780197,0.028998255729675293,0.020178794860839844,2
seg-only,"(3.0, 8.0, 0.7, 0.6)",0.24161171913146973,0.018381357192993164,0.009507417678833008,2
seg-only,"(3.0, 8.0, 0.7, 0.6)",0.22670622169971466,0.01117551326751709,0.0021195411682128906,2
seg-only,"(3.0, 8.0, 0.7, 0.6)",0.23861844837665558,0.015558838844299316,0.011142969131469727,2
seg-only,"(3.0, 8.0, 0.7, 0.6)",0.23089952766895294,0.014937639236450195,0.015100240707397461,2
seg-only,"(3.0, 8.0, 0.7, 0.6)",0.23584868758916855,0.0243149995803833,0.0013289451599121094,2
seg-only,"(3.0, 8.0, 0.7, 0.6)",0.23669551312923431,0.014856100082397461,0.0040166378021240234,2
seg-only,"(3.0, 8.0, 0.7, 0.6)",0.23555639386177063,0.012848854064941406,0.0019428730010986328,2
seg-only,"(3.0, 8.0, 0.7, 0.6)",0.2612280547618866,0.004609107971191406,0.013962268829345703,2
seg-only,"(3.0, 8.0, 0.7, 0.6)",0.2601799815893173,0.016718626022338867,0.01094961166381836,2
seg-only,"(3.0, 8.0, 0.7, 0.6)",0.2401256337761879,0.016083836555480957,0.00953531265258789,2
seg-only,"(3.0, 8.0, 0.7, 0.6)",0.2554073631763458,0.021555542945861816,0.01928544044494629,2
seg-only,"(3.0, 8.0, 0.7, 0.6)",0.23429057747125626,0.030762672424316406,0.02795124053955078,2
seg-only,"(3.0, 8.0, 0.7, 0.6)",0.2586224004626274,0.004303455352783203,0.008354902267456055,2
seg-only,"(3.0, 8.0, 0.7, 0.6)",0.2474917471408844,0.008642792701721191,0.0009293556213378906,2
seg-only,"(3.0, 8.0, 0.7, 0.6)",0.2318350151181221,0.02029252052307129,0.00531315803527832,2
seg-only,"(3.0, 8.0, 0.7, -0.3)",0.2382621243596077,0.006886839866638184,0.009331226348876953,2
seg-only,"(3.0, 8.0, 0.7, -0.3)",0.22885388880968094,0.01211559772491455,0.023102760314941406,2
seg-only,"(3.0, 8.0, 0.7, -0.3)",0.23520411550998688,0.023116469383239746,0.012644767761230469,2
seg-only,"(3.0, 8.0, 0.7, -0.3)",0.2560964822769165,0.02130413055419922,0.03836870193481445,2
seg-only,"(3.0, 8.0, 0.7, -0.3)",0.25751176476478577,0.011250019073486328,0.020782947540283203,2
seg-only,"(3.0, 8.0, 0.7, -0.3)",0.22783280164003372,0.023456931114196777,0.026269912719726562,2
seg-only,"(3.0, 8.0, 0.7, -0.3)",0.24064522981643677,0.00584101676940918,0.01351308822631836,2
seg-only,"(3.0, 8.0, 0.7, -0.3)",0.22423313558101654,0.01451873779296875,0.04506111145019531,2
seg-only,"(3.0, 8.0, 0.7, -0.3)",0.24101093411445618,0.029446005821228027,0.054656982421875,2
seg-only,"(3.0, 8.0, 0.7, -0.3)",0.22952187806367874,0.011667728424072266,0.019834518432617188,2
seg-only,"(3.0, 8.0, 0.7, -0.3)",0.26145295798778534,0.02794814109802246,0.050211429595947266,2
seg-only,"(3.0, 8.0, 0.7, -0.3)",0.236630879342556,0.02536165714263916,0.04811906814575195,2
seg-only,"(3.0, 8.0, 0.7, -0.3)",0.22939597070217133,0.01945209503173828,0.010286331176757812,2
seg-only,"(3.0, 8.0, 0.7, -0.3)",0.23497698456048965,0.027254819869995117,0.05672597885131836,2
seg-only,"(3.0, 8.0, 0.7, -0.3)",0.250349760055542,0.01129758358001709,0.011245250701904297,2
seg-only,"(3.0, 20.0, 0.3, 0.0)",0.2516249343752861,0.0140610933303833,0.03296685218811035,2
seg-only,"(3.0, 20.0, 0.3, 0.0)",0.3037334531545639,0.04168355464935303,0.04698038101196289,2
seg-only,"(3.0, 20.0, 0.3, 0.0)",0.26603224873542786,0.027258634567260742,0.03476285934448242,2
seg-only,"(3.0, 20.0, 0.3, 0.0)",0.30179713666439056,0.03559005260467529,0.06549811363220215,2
seg-only,"(3.0, 20.0, 0.3, 0.0)",0.28784535825252533,0.02606046199798584,0.036547183990478516,2
seg-only,"(3.0, 20.0, 0.3, 0.0)",0.2702162563800812,0.03301846981048584,0.049268245697021484,2
seg-only,"(3.0, 20.0, 0.3, 0.0)",0.2527892738580704,0.03178250789642334,0.07394242286682129,2
seg-only,"(3.0, 20.0, 0.3, 0.0)",0.304539754986763,0.02323770523071289,0.025035619735717773,2
seg-only,"(3.0, 20.0, 0.3, 0.0)",0.30718034505844116,0.027474164962768555,0.047183990478515625,2
seg-only,"(3.0, 20.0, 0.3, 0.0)",0.26890772581100464,0.025780797004699707,0.04352283477783203,2
seg-only,"(3.0, 20.0, 0.3, 0.0)",0.2512204423546791,0.022535324096679688,0.03769636154174805,2
seg-only,"(3.0, 20.0, 0.3, 0.0)",0.2631158381700516,0.050390005111694336,0.07845926284790039,2
seg-only,"(3.0, 20.0, 0.3, 0.0)",0.30406174063682556,0.021007895469665527,0.04330801963806152,2
seg-only,"(3.0, 20.0, 0.3, 0.0)",0.30279457569122314,0.03932809829711914,0.07939481735229492,2
seg-only,"(3.0, 20.0, 0.3, 0.0)",0.29698219895362854,0.014806151390075684,0.020806312561035156,2
seg-only,"(3.0, 20.0, 0.3, 0.3)",0.29029156267642975,0.03297293186187744,0.03377056121826172,2
seg-only,"(3.0, 20.0, 0.3, 0.3)",0.277996689081192,0.04084920883178711,0.020898818969726562,2
seg-only,"(3.0, 20.0, 0.3, 0.3)",0.2763962298631668,0.025459766387939453,0.02710270881652832,2
seg-only,"(3.0, 20.0, 0.3, 0.3)",0.27653995156288147,0.03887045383453369,0.039719343185424805,2
seg-only,"(3.0, 20.0, 0.3, 0.3)",0.26635313034057617,0.031127333641052246,0.0385746955871582,2
seg-only,"(3.0, 20.0, 0.3, 0.3)",0.28380125761032104,0.04670596122741699,0.060716867446899414,2
seg-only,"(3.0, 20.0, 0.3, 0.3)",0.27807970345020294,0.024042129516601562,0.0049898624420166016,2
seg-only,"(3.0, 20.0, 0.3, 0.3)",0.2802443653345108,0.017441153526306152,0.03334641456604004,2
seg-only,"(3.0, 20.0, 0.3, 0.3)",0.26427502930164337,0.030944228172302246,0.03187847137451172,2
seg-only,"(3.0, 20.0, 0.3, 0.3)",0.29696036875247955,0.035399675369262695,0.046614885330200195,2
seg-only,"(3.0, 20.0, 0.3, 0.3)",0.24961861968040466,0.025981545448303223,0.008627653121948242,2
seg-only,"(3.0, 20.0, 0.3, 0.3)",0.28066661953926086,0.02142465114593506,0.01790642738342285,2
seg-only,"(3.0, 20.0, 0.3, 0.3)",0.2460063248872757,0.025446295738220215,0.016610383987426758,2
seg-only,"(3.0, 20.0, 0.3, 0.3)",0.26496483385562897,0.03709864616394043,0.04051494598388672,2
seg-only,"(3.0, 20.0, 0.3, 0.3)",0.30293555557727814,0.043566107749938965,0.04351043701171875,2
seg-only,"(3.0, 20.0, 0.3, 0.6)",0.27177882194519043,0.03195071220397949,0.004719734191894531,2
seg-only,"(3.0, 20.0, 0.3, 0.6)",0.2725727707147598,0.039734721183776855,0.015340328216552734,2
seg-only,"(3.0, 20.0, 0.3, 0.6)",0.3019518554210663,0.03610730171203613,0.014471292495727539,2
seg-only,"(3.0, 20.0, 0.3, 0.6)",0.3145727813243866,0.037610769271850586,0.031055927276611328,2
seg-only,"(3.0, 20.0, 0.3, 0.6)",0.26578478515148163,0.030379891395568848,0.025317907333374023,2
seg-only,"(3.0, 20.0, 0.3, 0.6)",0.295809730887413,0.01854729652404785,5.2928924560546875e-05,2
seg-only,"(3.0, 20.0, 0.3, 0.6)",0.24864082783460617,0.025912165641784668,0.009312629699707031,2
seg-only,"(3.0, 20.0, 0.3, 0.6)",0.24933984130620956,0.015834331512451172,0.00018405914306640625,2
seg-only,"(3.0, 20.0, 0.3, 0.6)",0.2718871831893921,0.03600192070007324,0.017175674438476562,2
seg-only,"(3.0, 20.0, 0.3, 0.6)",0.2500670775771141,0.020601391792297363,0.0037622451782226562,2
seg-only,"(3.0, 20.0, 0.3, 0.6)",0.27470923960208893,0.02383601665496826,0.0002765655517578125,2
seg-only,"(3.0, 20.0, 0.3, 0.6)",0.25798434019088745,0.030972599983215332,0.016823768615722656,2
seg-only,"(3.0, 20.0, 0.3, 0.6)",0.27485594153404236,0.03276705741882324,0.0056989192962646484,2
seg-only,"(3.0, 20.0, 0.3, 0.6)",0.2516430765390396,0.004595637321472168,0.006457090377807617,2
seg-only,"(3.0, 20.0, 0.3, 0.6)",0.27946652472019196,0.026285648345947266,0.002990245819091797,2
seg-only,"(3.0, 20.0, 0.3, -0.3)",0.2575388252735138,0.028795361518859863,0.05226278305053711,2
seg-only,"(3.0, 20.0, 0.3, -0.3)",0.2706863582134247,0.017853736877441406,0.04067802429199219,2
seg-only,"(3.0, 20.0, 0.3, -0.3)",0.25849971175193787,0.03603363037109375,0.05177927017211914,2
seg-only,"(3.0, 20.0, 0.3, -0.3)",0.27072790265083313,0.029788732528686523,0.05443620681762695,2
seg-only,"(3.0, 20.0, 0.3, -0.3)",0.2530752867460251,0.02705860137939453,0.04346656799316406,2
seg-only,"(3.0, 20.0, 0.3, -0.3)",0.29316502809524536,0.02743971347808838,0.03929424285888672,2
seg-only,"(3.0, 20.0, 0.3, -0.3)",0.25904494524002075,0.03315234184265137,0.032735347747802734,2
seg-only,"(3.0, 20.0, 0.3, -0.3)",0.26115991175174713,0.024753212928771973,0.05346870422363281,2
seg-only,"(3.0, 20.0, 0.3, -0.3)",0.2653239369392395,0.03814256191253662,0.0608673095703125,2
seg-only,"(3.0, 20.0, 0.3, -0.3)",0.280020073056221,0.028744816780090332,0.045473575592041016,2
seg-only,"(3.0, 20.0, 0.3, -0.3)",0.2627624124288559,0.02487623691558838,0.036375999450683594,2
seg-only,"(3.0, 20.0, 0.3, -0.3)",0.25393201410770416,0.03449404239654541,0.06999492645263672,2
seg-only,"(3.0, 20.0, 0.3, -0.3)",0.282914400100708,0.03403329849243164,0.059972286224365234,2
seg-only,"(3.0, 20.0, 0.3, -0.3)",0.25271737575531006,0.03823387622833252,0.06468963623046875,2
seg-only,"(3.0, 20.0, 0.3, -0.3)",0.2656470388174057,0.02360975742340088,0.02803945541381836,2
seg-only,"(3.0, 20.0, 0.7, 0.0)",0.19588223844766617,0.0043277740478515625,0.0011322498321533203,2
seg-only,"(3.0, 20.0, 0.7, 0.0)",0.20216966420412064,0.011676907539367676,0.035250186920166016,2
seg-only,"(3.0, 20.0, 0.7, 0.0)",0.2003297135233879,0.006469368934631348,0.012141704559326172,2
seg-only,"(3.0, 20.0, 0.7, 0.0)",0.19762714952230453,0.008366227149963379,0.018226146697998047,2
seg-only,"(3.0, 20.0, 0.7, 0.0)",0.19697868824005127,0.01507556438446045,0.0406346321105957,2
seg-only,"(3.0, 20.0, 0.7, 0.0)",0.19165661185979843,0.003858804702758789,0.0036368370056152344,2
seg-only,"(3.0, 20.0, 0.7, 0.0)",0.19971934705972672,0.02087545394897461,0.021130084991455078,2
seg-only,"(3.0, 20.0, 0.7, 0.0)",0.20294704288244247,0.02279984951019287,0.031402587890625,2
seg-only,"(3.0, 20.0, 0.7, 0.0)",0.20740064978599548,0.013384342193603516,0.05911540985107422,2
seg-only,"(3.0, 20.0, 0.7, 0.0)",0.19627516716718674,0.012031197547912598,0.01010894775390625,2
seg-only,"(3.0, 20.0, 0.7, 0.0)",0.20660454779863358,0.0012892484664916992,0.027306556701660156,2
seg-only,"(3.0, 20.0, 0.7, 0.0)",0.22212041169404984,0.017511367797851562,0.03257894515991211,2
seg-only,"(3.0, 20.0, 0.7, 0.0)",0.19922611862421036,0.02015209197998047,0.006667613983154297,2
seg-only,"(3.0, 20.0, 0.7, 0.0)",0.223728246986866,0.012169480323791504,0.030680179595947266,2
seg-only,"(3.0, 20.0, 0.7, 0.0)",0.1910683736205101,0.020702838897705078,0.01899862289428711,2
seg-only,"(3.0, 20.0, 0.7, 0.3)",0.21227503567934036,0.021482229232788086,0.02274489402770996,2
seg-only,"(3.0, 20.0, 0.7, 0.3)",0.20192698389291763,0.006294965744018555,0.017186641693115234,2
seg-only,"(3.0, 20.0, 0.7, 0.3)",0.20893393456935883,0.009186744689941406,0.012170076370239258,2
seg-only,"(3.0, 20.0, 0.7, 0.3)",0.19809282571077347,0.019266605377197266,0.0027379989624023438,2
seg-only,"(3.0, 20.0, 0.7, 0.3)",0.20393796265125275,0.019438982009887695,0.013786077499389648,2
seg-only,"(3.0, 20.0, 0.7, 0.3)",0.206098772585392,0.010661721229553223,0.007363319396972656,2
seg-only,"(3.0, 20.0, 0.7, 0.3)",0.20665111392736435,0.012460708618164062,0.03803896903991699,2
seg-only,"(3.0, 20.0, 0.7, 0.3)",0.2078990712761879,0.013662338256835938,0.016518115997314453,2
seg-only,"(3.0, 20.0, 0.7, 0.3)",0.2111261785030365,0.008327722549438477,0.006304025650024414,2
seg-only,"(3.0, 20.0, 0.7, 0.3)",0.2096547782421112,0.010387539863586426,0.05114102363586426,2
seg-only,"(3.0, 20.0, 0.7, 0.3)",0.2221677601337433,0.014967203140258789,0.011171340942382812,2
seg-only,"(3.0, 20.0, 0.7, 0.3)",0.2021646946668625,0.007809162139892578,0.02552008628845215,2
seg-only,"(3.0, 20.0, 0.7, 0.3)",0.20180010795593262,0.0018002986907958984,0.025902271270751953,2
seg-only,"(3.0, 20.0, 0.7, 0.3)",0.20499123632907867,0.008756041526794434,0.01100301742553711,2
seg-only,"(3.0, 20.0, 0.7, 0.3)",0.20454757660627365,0.033364176750183105,0.014054059982299805,2
seg-only,"(3.0, 20.0, 0.7, 0.6)",0.22069407254457474,0.008157968521118164,0.004511356353759766,2
seg-only,"(3.0, 20.0, 0.7, 0.6)",0.20223207771778107,0.018471240997314453,0.009779691696166992,2
seg-only,"(3.0, 20.0, 0.7, 0.6)",0.21914313733577728,0.014566659927368164,0.010046005249023438,2
seg-only,"(3.0, 20.0, 0.7, 0.6)",0.194046251475811,0.018597841262817383,0.009492874145507812,2
seg-only,"(3.0, 20.0, 0.7, 0.6)",0.19681280106306076,0.006857156753540039,0.0068836212158203125,2
seg-only,"(3.0, 20.0, 0.7, 0.6)",0.2055789828300476,0.026336193084716797,0.038826704025268555,2
seg-only,"(3.0, 20.0, 0.7, 0.6)",0.2021183967590332,0.009343385696411133,0.02943134307861328,2
seg-only,"(3.0, 20.0, 0.7, 0.6)",0.20135178416967392,0.028261184692382812,0.040274620056152344,2
seg-only,"(3.0, 20.0, 0.7, 0.6)",0.22519175708293915,0.020596027374267578,0.02821969985961914,2
seg-only,"(3.0, 20.0, 0.7, 0.6)",0.22143666446208954,0.011749625205993652,0.012164115905761719,2
seg-only,"(3.0, 20.0, 0.7, 0.6)",0.21666301041841507,0.018213748931884766,0.04986071586608887,2
seg-only,"(3.0, 20.0, 0.7, 0.6)",0.2081075683236122,0.020941615104675293,0.014885663986206055,2
seg-only,"(3.0, 20.0, 0.7, 0.6)",0.19380541890859604,0.02063906192779541,0.012542724609375,2
seg-only,"(3.0, 20.0, 0.7, 0.6)",0.20993701368570328,0.013400912284851074,0.016817569732666016,2
seg-only,"(3.0, 20.0, 0.7, 0.6)",0.20879796892404556,0.013216614723205566,0.02319812774658203,2
seg-only,"(3.0, 20.0, 0.7, -0.3)",0.20283808559179306,0.009850502014160156,0.023073673248291016,2
seg-only,"(3.0, 20.0, 0.7, -0.3)",0.2125229761004448,0.013145685195922852,0.036271095275878906,2
seg-only,"(3.0, 20.0, 0.7, -0.3)",0.22226494550704956,0.013530850410461426,0.019315719604492188,2
seg-only,"(3.0, 20.0, 0.7, -0.3)",0.19721387326717377,0.013517022132873535,0.03508424758911133,2
seg-only,"(3.0, 20.0, 0.7, -0.3)",0.20157726109027863,0.013447165489196777,0.022075176239013672,2
seg-only,"(3.0, 20.0, 0.7, -0.3)",0.2231438308954239,0.03284609317779541,0.04785299301147461,2
seg-only,"(3.0, 20.0, 0.7, -0.3)",0.19816836714744568,0.003038644790649414,0.020157337188720703,2
seg-only,"(3.0, 20.0, 0.7, -0.3)",0.20960921049118042,0.021161317825317383,0.035036563873291016,2
seg-only,"(3.0, 20.0, 0.7, -0.3)",0.2071610689163208,0.01527559757232666,0.019077777862548828,2
seg-only,"(3.0, 20.0, 0.7, -0.3)",0.19815851002931595,0.011212944984436035,0.013750076293945312,2
seg-only,"(3.0, 20.0, 0.7, -0.3)",0.21500588953495026,0.019899487495422363,0.020184993743896484,2
seg-only,"(3.0, 20.0, 0.7, -0.3)",0.2085084766149521,0.016766786575317383,0.01815176010131836,2
seg-only,"(3.0, 20.0, 0.7, -0.3)",0.2020457312464714,0.01549220085144043,0.0113067626953125,2
seg-only,"(3.0, 20.0, 0.7, -0.3)",0.20564207434654236,0.013388991355895996,0.01735973358154297,2
seg-only,"(3.0, 20.0, 0.7, -0.3)",0.2005850076675415,0.01256406307220459,0.02498912811279297,2
seg+pos,"(1.5, 8.0, 0.3, 0.0)",0.23996363580226898,0.04007643461227417,0.04900240898132324,0
seg+pos,"(1.5, 8.0, 0.3, 0.0)",0.27152983844280243,0.04193085432052612,0.05498063564300537,0
seg+pos,"(1.5, 8.0, 0.3, 0.0)",0.2634112685918808,0.04469871520996094,0.07135176658630371,0
seg+pos,"(1.5, 8.0, 0.3, 0.0)",0.27700401842594147,0.03846466541290283,0.04117321968078613,0
seg+pos,"(1.5, 8.0, 0.3, 0.0)",0.23297803103923798,0.053824663162231445,0.07388472557067871,0
seg+pos,"(1.5, 8.0, 0.3, 0.0)",0.2522342875599861,0.046570420265197754,0.0769510269165039,0
seg+pos,"(1.5, 8.0, 0.3, 0.0)",0.2366591989994049,0.04251980781555176,0.06053590774536133,0
seg+pos,"(1.5, 8.0, 0.3, 0.0)",0.2638925164937973,0.022697031497955322,0.02600407600402832,0
seg+pos,"(1.5, 8.0, 0.3, 0.0)",0.2752309590578079,0.03827869892120361,0.061861515045166016,0
seg+pos,"(1.5, 8.0, 0.3, 0.0)",0.2675492763519287,0.05035543441772461,0.07065558433532715,0
seg+pos,"(1.5, 8.0, 0.3, 0.0)",0.26753249764442444,0.04785209894180298,0.055010199546813965,0
seg+pos,"(1.5, 8.0, 0.3, 0.0)",0.22483628243207932,0.033620595932006836,0.04450058937072754,0
seg+pos,"(1.5, 8.0, 0.3, 0.0)",0.2392921820282936,0.01802438497543335,0.020780444145202637,0
seg+pos,"(1.5, 8.0, 0.3, 0.0)",0.2316502034664154,0.052095115184783936,0.08085155487060547,0
seg+pos,"(1.5, 8.0, 0.3, 0.0)",0.2701822519302368,0.03273898363113403,0.05136275291442871,0
seg+pos,"(1.5, 8.0, 0.3, 0.3)",0.24560268968343735,0.044455766677856445,0.05015993118286133,0
seg+pos,"(1.5, 8.0, 0.3, 0.3)",0.23089773207902908,0.03369218111038208,0.0005202293395996094,0
seg+pos,"(1.5, 8.0, 0.3, 0.3)",0.2385590448975563,0.03837168216705322,0.04584956169128418,0
seg+pos,"(1.5, 8.0, 0.3, 0.3)",0.24626341462135315,0.02717369794845581,0.0021507740020751953,0
seg+pos,"(1.5, 8.0, 0.3, 0.3)",0.24248158931732178,0.04099726676940918,0.012847661972045898,0
seg+pos,"(1.5, 8.0, 0.3, 0.3)",0.2422787994146347,0.05420184135437012,0.039959073066711426,0
seg+pos,"(1.5, 8.0, 0.3, 0.3)",0.24308892339468002,0.036929428577423096,0.03920423984527588,0
seg+pos,"(1.5, 8.0, 0.3, 0.3)",0.23615695536136627,0.036568284034729004,0.04325759410858154,0
seg+pos,"(1.5, 8.0, 0.3, 0.3)",0.23743978887796402,0.033224403858184814,0.040290236473083496,0
seg+pos,"(1.5, 8.0, 0.3, 0.3)",0.2399008572101593,0.02276688814163208,0.0039054155349731445,0
seg+pos,"(1.5, 8.0, 0.3, 0.3)",0.23139794915914536,0.04344755411148071,0.0508807897567749,0
seg+pos,"(1.5, 8.0, 0.3, 0.3)",0.23990163952112198,0.04598909616470337,0.05436718463897705,0
seg+pos,"(1.5, 8.0, 0.3, 0.3)",0.25236528366804123,0.04929685592651367,0.03244030475616455,0
seg+pos,"(1.5, 8.0, 0.3, 0.3)",0.23647942394018173,0.04406088590621948,0.06783819198608398,0
seg+pos,"(1.5, 8.0, 0.3, 0.3)",0.22873374074697495,0.039998769760131836,0.02777409553527832,0
seg+pos,"(1.5, 8.0, 0.3, 0.6)",0.24150598794221878,0.04527151584625244,0.020826101303100586,0
seg+pos,"(1.5, 8.0, 0.3, 0.6)",0.2593967616558075,0.050037682056427,0.010403990745544434,0
seg+pos,"(1.5, 8.0, 0.3, 0.6)",0.2700134962797165,0.04116946458816528,0.04399538040161133,0
seg+pos,"(1.5, 8.0, 0.3, 0.6)",0.24604716897010803,0.035682857036590576,0.0201723575592041,0
seg+pos,"(1.5, 8.0, 0.3, 0.6)",0.24910719692707062,0.052643537521362305,0.03242766857147217,0
seg+pos,"(1.5, 8.0, 0.3, 0.6)",0.25351058691740036,0.052799761295318604,0.015620946884155273,0
seg+pos,"(1.5, 8.0, 0.3, 0.6)",0.257770299911499,0.04450434446334839,0.002695798873901367,0
seg+pos,"(1.5, 8.0, 0.3, 0.6)",0.2556914687156677,0.05401808023452759,0.01376807689666748,0
seg+pos,"(1.5, 8.0, 0.3, 0.6)",0.24203722178936005,0.038212716579437256,0.009400606155395508,0
seg+pos,"(1.5, 8.0, 0.3, 0.6)",0.24647677689790726,0.045895516872406006,0.03200685977935791,0
seg+pos,"(1.5, 8.0, 0.3, 0.6)",0.26920123398303986,0.0318303108215332,0.02136063575744629,0
seg+pos,"(1.5, 8.0, 0.3, 0.6)",0.2592993378639221,0.03066837787628174,0.012233376502990723,0
seg+pos,"(1.5, 8.0, 0.3, 0.6)",0.23133253306150436,0.04036766290664673,0.029494881629943848,0
seg+pos,"(1.5, 8.0, 0.3, 0.6)",0.2596845328807831,0.017428874969482422,0.019999146461486816,0
seg+pos,"(1.5, 8.0, 0.3, 0.6)",0.2409619241952896,0.04407840967178345,0.003976106643676758,0
seg+pos,"(1.5, 8.0, 0.3, -0.3)",0.24223484098911285,0.05350774526596069,0.08004999160766602,0
seg+pos,"(1.5, 8.0, 0.3, -0.3)",0.27098865807056427,0.03136610984802246,0.05822873115539551,0
seg+pos,"(1.5, 8.0, 0.3, -0.3)",0.23965775966644287,0.03268784284591675,0.06526422500610352,0
seg+pos,"(1.5, 8.0, 0.3, -0.3)",0.24136513471603394,0.03674548864364624,0.05669665336608887,0
seg+pos,"(1.5, 8.0, 0.3, -0.3)",0.23899982869625092,0.037655413150787354,0.05796313285827637,0
seg+pos,"(1.5, 8.0, 0.3, -0.3)",0.25936321914196014,0.03791177272796631,0.061044931411743164,0
seg+pos,"(1.5, 8.0, 0.3, -0.3)",0.245047889649868,0.03338414430618286,0.05685138702392578,0
seg+pos,"(1.5, 8.0, 0.3, -0.3)",0.26063506305217743,0.023895978927612305,0.047330379486083984,0
seg+pos,"(1.5, 8.0, 0.3, -0.3)",0.23908831924200058,0.06044137477874756,0.10159063339233398,0
seg+pos,"(1.5, 8.0, 0.3, -0.3)",0.2572505921125412,0.014921963214874268,0.04396319389343262,0
seg+pos,"(1.5, 8.0, 0.3, -0.3)",0.2408347949385643,0.03237605094909668,0.08155703544616699,0
seg+pos,"(1.5, 8.0, 0.3, -0.3)",0.23997826874256134,0.043994784355163574,0.07126832008361816,0
seg+pos,"(1.5, 8.0, 0.3, -0.3)",0.24559824913740158,0.03170669078826904,0.06566977500915527,0
seg+pos,"(1.5, 8.0, 0.3, -0.3)",0.235279880464077,0.0516737699508667,0.10368132591247559,0
seg+pos,"(1.5, 8.0, 0.3, -0.3)",0.2695223093032837,0.03011077642440796,0.050658464431762695,0
seg+pos,"(1.5, 8.0, 0.7, 0.0)",0.2184048518538475,0.0388907790184021,0.057738542556762695,0
seg+pos,"(1.5, 8.0, 0.7, 0.0)",0.20830576866865158,0.011544585227966309,0.02136063575744629,0
seg+pos,"(1.5, 8.0, 0.7, 0.0)",0.22105206549167633,0.018982291221618652,0.04215598106384277,0
seg+pos,"(1.5, 8.0, 0.7, 0.0)",0.2018234208226204,0.02679687738418579,0.03302931785583496,0
seg+pos,"(1.5, 8.0, 0.7, 0.0)",0.22588198632001877,0.009453296661376953,0.014045238494873047,0
seg+pos,"(1.5, 8.0, 0.7, 0.0)",0.2084166407585144,0.020487606525421143,0.032051801681518555,0
seg+pos,"(1.5, 8.0, 0.7, 0.0)",0.19187837839126587,0.014203369617462158,0.008106231689453125,0
seg+pos,"(1.5, 8.0, 0.7, 0.0)",0.19427483528852463,0.012790322303771973,0.027129650115966797,0
seg+pos,"(1.5, 8.0, 0.7, 0.0)",0.1973400041460991,0.004045546054840088,0.0047533512115478516,0
seg+pos,"(1.5, 8.0, 0.7, 0.0)",0.20836596190929413,0.03674745559692383,0.04443526268005371,0
seg+pos,"(1.5, 8.0, 0.7, 0.0)",0.20522980391979218,0.01352471113204956,0.010204076766967773,0
seg+pos,"(1.5, 8.0, 0.7, 0.0)",0.18936990946531296,0.017435789108276367,0.007348775863647461,0
seg+pos,"(1.5, 8.0, 0.7, 0.0)",0.211653932929039,0.011011958122253418,0.01520991325378418,0
seg+pos,"(1.5, 8.0, 0.7, 0.0)",0.20006350427865982,0.014758169651031494,0.020371079444885254,0
seg+pos,"(1.5, 8.0, 0.7, 0.0)",0.20108246058225632,0.028920531272888184,0.060540199279785156,0
seg+pos,"(1.5, 8.0, 0.7, 0.3)",0.197151280939579,0.019946813583374023,0.006191134452819824,0
seg+pos,"(1.5, 8.0, 0.7, 0.3)",0.20120053738355637,0.014586329460144043,0.014868855476379395,0
seg+pos,"(1.5, 8.0, 0.7, 0.3)",0.1945851668715477,0.01132345199584961,0.013159394264221191,0
seg+pos,"(1.5, 8.0, 0.7, 0.3)",0.21307969093322754,0.011457741260528564,0.005865573883056641,0
seg+pos,"(1.5, 8.0, 0.7, 0.3)",0.20751184970140457,0.011919558048248291,0.02504730224609375,0
seg+pos,"(1.5, 8.0, 0.7, 0.3)",0.18787270784378052,0.02284759283065796,0.022003769874572754,0
seg+pos,"(1.5, 8.0, 0.7, 0.3)",0.18700186908245087,0.0102156400680542,0.007187366485595703,0
seg+pos,"(1.5, 8.0, 0.7, 0.3)",0.1948946863412857,0.020022988319396973,0.015506148338317871,0
seg+pos,"(1.5, 8.0, 0.7, 0.3)",0.19473446905612946,0.007582664489746094,0.0025606155395507812,0
seg+pos,"(1.5, 8.0, 0.7, 0.3)",0.19783349335193634,0.022430896759033203,0.007117152214050293,0
seg+pos,"(1.5, 8.0, 0.7, 0.3)",0.19754518568515778,0.006311297416687012,0.02518320083618164,0
seg+pos,"(1.5, 8.0, 0.7, 0.3)",0.2096627876162529,0.009626924991607666,0.02023160457611084,0
seg+pos,"(1.5, 8.0, 0.7, 0.3)",0.19171009212732315,0.00459444522857666,0.018069028854370117,0
seg+pos,"(1.5, 8.0, 0.7, 0.3)",0.19354179501533508,0.006735026836395264,0.007164955139160156,0
seg+pos,"(1.5, 8.0, 0.7, 0.3)",0.1997290626168251,0.013047277927398682,0.013740062713623047,0
seg+pos,"(1.5, 8.0, 0.7, 0.6)",0.20775975286960602,0.024629294872283936,0.007661104202270508,0
seg+pos,"(1.5, 8.0, 0.7, 0.6)",0.19663111120462418,0.030152738094329834,0.010101675987243652,0
seg+pos,"(1.5, 8.0, 0.7, 0.6)",0.20879579335451126,0.006578683853149414,0.02462458610534668,0
seg+pos,"(1.5, 8.0, 0.7, 0.6)",0.2179078832268715,0.014060795307159424,0.02050924301147461,0
seg+pos,"(1.5, 8.0, 0.7, 0.6)",0.1959732174873352,0.010615766048431396,0.03277778625488281,0
seg+pos,"(1.5, 8.0, 0.7, 0.6)",0.20009403675794601,0.01661062240600586,0.019635915756225586,0
seg+pos,"(1.5, 8.0, 0.7, 0.6)",0.21328353136777878,0.007225513458251953,0.010376930236816406,0
seg+pos,"(1.5, 8.0, 0.7, 0.6)",0.19611603766679764,0.0191037654876709,0.002405524253845215,0
seg+pos,"(1.5, 8.0, 0.7, 0.6)",0.1993017941713333,0.00679701566696167,0.008076190948486328,0
seg+pos,"(1.5, 8.0, 0.7, 0.6)",0.19091041386127472,0.010658621788024902,0.016656875610351562,0
seg+pos,"(1.5, 8.0, 0.7, 0.6)",0.21157776564359665,0.017410457134246826,0.04938662052154541,0
seg+pos,"(1.5, 8.0, 0.7, 0.6)",0.20159490406513214,0.008873522281646729,0.030472517013549805,0
seg+pos,"(1.5, 8.0, 0.7, 0.6)",0.21358422189950943,0.026027798652648926,0.027963995933532715,0
seg+pos,"(1.5, 8.0, 0.7, 0.6)",0.2052987888455391,0.015198051929473877,0.008896946907043457,0
seg+pos,"(1.5, 8.0, 0.7, 0.6)",0.19346758723258972,0.026359260082244873,0.004513144493103027,0
seg+pos,"(1.5, 8.0, 0.7, -0.3)",0.19154612720012665,0.005519986152648926,0.013868331909179688,0
seg+pos,"(1.5, 8.0, 0.7, -0.3)",0.19842339307069778,0.002146005630493164,0.00400233268737793,0
seg+pos,"(1.5, 8.0, 0.7, -0.3)",0.20740259438753128,0.025262296199798584,0.06016397476196289,0
seg+pos,"(1.5, 8.0, 0.7, -0.3)",0.19464027136564255,0.01767939329147339,0.0319671630859375,0
seg+pos,"(1.5, 8.0, 0.7, -0.3)",0.20943094789981842,0.013186275959014893,0.003984212875366211,0
seg+pos,"(1.5, 8.0, 0.7, -0.3)",0.19023029506206512,0.015561938285827637,0.03717327117919922,0
seg+pos,"(1.5, 8.0, 0.7, -0.3)",0.2188112884759903,0.015080809593200684,0.014768838882446289,0
seg+pos,"(1.5, 8.0, 0.7, -0.3)",0.19228911399841309,0.011393845081329346,0.022569894790649414,0
seg+pos,"(1.5, 8.0, 0.7, -0.3)",0.19404464960098267,0.015053868293762207,0.03893876075744629,0
seg+pos,"(1.5, 8.0, 0.7, -0.3)",0.1894124299287796,0.002022981643676758,0.013320684432983398,0
seg+pos,"(1.5, 8.0, 0.7, -0.3)",0.2076743096113205,0.031168758869171143,0.029852628707885742,0
seg+pos,"(1.5, 8.0, 0.7, -0.3)",0.19455479085445404,0.025227129459381104,0.049315810203552246,0
seg+pos,"(1.5, 8.0, 0.7, -0.3)",0.19405967742204666,0.00393444299697876,0.008338451385498047,0
seg+pos,"(1.5, 8.0, 0.7, -0.3)",0.1935606300830841,0.02253878116607666,0.06332755088806152,0
seg+pos,"(1.5, 8.0, 0.7, -0.3)",0.19533176720142365,0.011709451675415039,0.03883981704711914,0
seg+pos,"(1.5, 20.0, 0.3, 0.0)",0.22268063575029373,0.0299796462059021,0.03094935417175293,0
seg+pos,"(1.5, 20.0, 0.3, 0.0)",0.22098908573389053,0.04113423824310303,0.05145716667175293,0
seg+pos,"(1.5, 20.0, 0.3, 0.0)",0.23934874683618546,0.019072890281677246,0.03889107704162598,0
seg+pos,"(1.5, 20.0, 0.3, 0.0)",0.21766967326402664,0.016737699508666992,0.027240991592407227,0
seg+pos,"(1.5, 20.0, 0.3, 0.0)",0.2425624504685402,0.016710937023162842,0.02119302749633789,0
seg+pos,"(1.5, 20.0, 0.3, 0.0)",0.24919049441814423,0.027277648448944092,0.01701664924621582,0
seg+pos,"(1.5, 20.0, 0.3, 0.0)",0.21642717719078064,0.04110461473464966,0.04900050163269043,0
seg+pos,"(1.5, 20.0, 0.3, 0.0)",0.24799346923828125,0.033507466316223145,0.06016123294830322,0
seg+pos,"(1.5, 20.0, 0.3, 0.0)",0.2196371927857399,0.02306908369064331,0.035604238510131836,0
seg+pos,"(1.5, 20.0, 0.3, 0.0)",0.2252100631594658,0.031936824321746826,0.05679440498352051,0
seg+pos,"(1.5, 20.0, 0.3, 0.0)",0.24162037670612335,0.027369141578674316,0.03685188293457031,0
seg+pos,"(1.5, 20.0, 0.3, 0.0)",0.22567631304264069,0.017416656017303467,0.0256882905960083,0
seg+pos,"(1.5, 20.0, 0.3, 0.0)",0.22822117805480957,0.018851518630981445,0.033281803131103516,0
seg+pos,"(1.5, 20.0, 0.3, 0.0)",0.21981175988912582,0.023875832557678223,0.04793548583984375,0
seg+pos,"(1.5, 20.0, 0.3, 0.0)",0.22199106961488724,0.029059886932373047,0.047400474548339844,0
seg+pos,"(1.5, 20.0, 0.3, 0.3)",0.229124516248703,0.01885700225830078,0.015355467796325684,0
seg+pos,"(1.5, 20.0, 0.3, 0.3)",0.22476215660572052,0.03873300552368164,0.05229663848876953,0
seg+pos,"(1.5, 20.0, 0.3, 0.3)",0.21578139811754227,0.023850977420806885,0.03347313404083252,0
seg+pos,"(1.5, 20.0, 0.3, 0.3)",0.22377794981002808,0.03664219379425049,0.047617197036743164,0
seg+pos,"(1.5, 20.0, 0.3, 0.3)",0.24525176733732224,0.011755228042602539,0.0019899606704711914,0
seg+pos,"(1.5, 20.0, 0.3, 0.3)",0.21223703771829605,0.023120999336242676,0.0332258939743042,0
seg+pos,"(1.5, 20.0, 0.3, 0.3)",0.23563583940267563,0.037050604820251465,0.04100775718688965,0
seg+pos,"(1.5, 20.0, 0.3, 0.3)",0.2519877552986145,0.03985452651977539,0.0448002815246582,0
seg+pos,"(1.5, 20.0, 0.3, 0.3)",0.24260591715574265,0.02084362506866455,0.0014587640762329102,0
seg+pos,"(1.5, 20.0, 0.3, 0.3)",0.23316634446382523,0.02548849582672119,0.029609084129333496,0
seg+pos,"(1.5, 20.0, 0.3, 0.3)",0.2561638057231903,0.010866940021514893,0.055344343185424805,0
seg+pos,"(1.5, 20.0, 0.3, 0.3)",0.2477661445736885,0.02866607904434204,0.017284274101257324,0
seg+pos,"(1.5, 20.0, 0.3, 0.3)",0.21050800383090973,0.020935535430908203,0.016139984130859375,0
seg+pos,"(1.5, 20.0, 0.3, 0.3)",0.21953342854976654,0.013598144054412842,0.02716851234436035,0
seg+pos,"(1.5, 20.0, 0.3, 0.3)",0.24481521546840668,0.02662724256515503,0.04368877410888672,0
seg+pos,"(1.5, 20.0, 0.3, 0.6)",0.24824625253677368,0.005515396595001221,0.03353464603424072,0
seg+pos,"(1.5, 20.0, 0.3, 0.6)",0.21693043410778046,0.034356117248535156,0.0011076927185058594,0
seg+pos,"(1.5, 20.0, 0.3, 0.6)",0.22613592445850372,0.026272296905517578,0.0019515752792358398,0
seg+pos,"(1.5, 20.0, 0.3, 0.6)",0.2310117781162262,0.024487793445587158,0.009873390197753906,0
seg+pos,"(1.5, 20.0, 0.3, 0.6)",0.2352079078555107,0.026065528392791748,0.013409733772277832,0
seg+pos,"(1.5, 20.0, 0.3, 0.6)",0.21668534725904465,0.03113269805908203,0.015677928924560547,0
seg+pos,"(1.5, 20.0, 0.3, 0.6)",0.2541022449731827,0.03163415193557739,0.0006265640258789062,0
seg+pos,"(1.5, 20.0, 0.3, 0.6)",0.21795790642499924,0.029128670692443848,0.02123725414276123,0
seg+pos,"(1.5, 20.0, 0.3, 0.6)",0.2163478434085846,0.02962738275527954,0.022011995315551758,0
seg+pos,"(1.5, 20.0, 0.3, 0.6)",0.23714188486337662,0.018812179565429688,0.02563178539276123,0
seg+pos,"(1.5, 20.0, 0.3, 0.6)",0.22287136316299438,0.022072315216064453,0.026829242706298828,0
seg+pos,"(1.5, 20.0, 0.3, 0.6)",0.24078983068466187,0.032936930656433105,0.024537205696105957,0
seg+pos,"(1.5, 20.0, 0.3, 0.6)",0.2554640918970108,0.025379717350006104,0.0019099712371826172,0
seg+pos,"(1.5, 20.0, 0.3, 0.6)",0.21859514713287354,0.03469645977020264,0.013855695724487305,0
seg+pos,"(1.5, 20.0, 0.3, 0.6)",0.22047188133001328,0.030160486698150635,0.0206831693649292,0
seg+pos,"(1.5, 20.0, 0.3, -0.3)",0.21825607120990753,0.029245615005493164,0.06767153739929199,0
seg+pos,"(1.5, 20.0, 0.3, -0.3)",0.2270527109503746,0.028820395469665527,0.01920771598815918,0
seg+pos,"(1.5, 20.0, 0.3, -0.3)",0.21589010953903198,0.03286820650100708,0.05090665817260742,0
seg+pos,"(1.5, 20.0, 0.3, -0.3)",0.25589917600154877,0.03507763147354126,0.06332135200500488,0
seg+pos,"(1.5, 20.0, 0.3, -0.3)",0.2371605932712555,0.017038345336914062,0.023363351821899414,0
seg+pos,"(1.5, 20.0, 0.3, -0.3)",0.22014190256595612,0.023297607898712158,0.029026508331298828,0
seg+pos,"(1.5, 20.0, 0.3, -0.3)",0.2146691456437111,0.023945331573486328,0.04607868194580078,0
seg+pos,"(1.5, 20.0, 0.3, -0.3)",0.21605940908193588,0.017764687538146973,0.028696060180664062,0
seg+pos,"(1.5, 20.0, 0.3, -0.3)",0.24249858409166336,0.014020025730133057,0.02687859535217285,0
seg+pos,"(1.5, 20.0, 0.3, -0.3)",0.22723041474819183,0.0325922966003418,0.07482743263244629,0
seg+pos,"(1.5, 20.0, 0.3, -0.3)",0.21849633753299713,0.02809685468673706,0.04081082344055176,0
seg+pos,"(1.5, 20.0, 0.3, -0.3)",0.22043970972299576,0.02355670928955078,0.06921029090881348,0
seg+pos,"(1.5, 20.0, 0.3, -0.3)",0.22404741495847702,0.02917933464050293,0.055866241455078125,0
seg+pos,"(1.5, 20.0, 0.3, -0.3)",0.22297488152980804,0.01587432622909546,0.025033950805664062,0
seg+pos,"(1.5, 20.0, 0.3, -0.3)",0.25613656640052795,0.02852153778076172,0.06825017929077148,0
seg+pos,"(1.5, 20.0, 0.7, 0.0)",0.17392314970493317,0.013018667697906494,0.007092952728271484,0
seg+pos,"(1.5, 20.0, 0.7, 0.0)",0.19243361055850983,0.0036183595657348633,0.0077561140060424805,0
seg+pos,"(1.5, 20.0, 0.7, 0.0)",0.1796819269657135,0.010881245136260986,0.030652761459350586,0
seg+pos,"(1.5, 20.0, 0.7, 0.0)",0.19242136925458908,0.015959322452545166,0.017779111862182617,0
seg+pos,"(1.5, 20.0, 0.7, 0.0)",0.1994151547551155,0.00970470905303955,0.012323617935180664,0
seg+pos,"(1.5, 20.0, 0.7, 0.0)",0.19045746326446533,0.007966995239257812,0.021692991256713867,0
seg+pos,"(1.5, 20.0, 0.7, 0.0)",0.1849205568432808,0.02424168586730957,0.0429530143737793,0
seg+pos,"(1.5, 20.0, 0.7, 0.0)",0.18195804208517075,0.0133553147315979,0.006819963455200195,0
seg+pos,"(1.5, 20.0, 0.7, 0.0)",0.18356920778751373,0.007935643196105957,0.01719951629638672,0
seg+pos,"(1.5, 20.0, 0.7, 0.0)",0.1916135847568512,0.013677060604095459,0.032013893127441406,0
seg+pos,"(1.5, 20.0, 0.7, 0.0)",0.17724315077066422,0.011474549770355225,0.015323877334594727,0
seg+pos,"(1.5, 20.0, 0.7, 0.0)",0.20207927376031876,0.005162239074707031,0.02419447898864746,0
seg+pos,"(1.5, 20.0, 0.7, 0.0)",0.1892707720398903,0.012270808219909668,0.016347765922546387,0
seg+pos,"(1.5, 20.0, 0.7, 0.0)",0.19103331863880157,0.005063831806182861,0.01397550106048584,0
seg+pos,"(1.5, 20.0, 0.7, 0.0)",0.17791730165481567,0.01307225227355957,0.0032052993774414062,0
seg+pos,"(1.5, 20.0, 0.7, 0.3)",0.19405747950077057,0.004735767841339111,0.00993812084197998,0
seg+pos,"(1.5, 20.0, 0.7, 0.3)",0.1894843801856041,0.013455986976623535,0.02839529514312744,0
seg+pos,"(1.5, 20.0, 0.7, 0.3)",0.1915883868932724,0.007263064384460449,0.002841353416442871,0
seg+pos,"(1.5, 20.0, 0.7, 0.3)",0.19048528373241425,0.016961276531219482,0.01065516471862793,0
seg+pos,"(1.5, 20.0, 0.7, 0.3)",0.1844082623720169,0.008523166179656982,0.04132282733917236,0
seg+pos,"(1.5, 20.0, 0.7, 0.3)",0.19134755432605743,0.007190823554992676,0.010747551918029785,0
seg+pos,"(1.5, 20.0, 0.7, 0.3)",0.20616675168275833,0.009292304515838623,0.032562971115112305,0
seg+pos,"(1.5, 20.0, 0.7, 0.3)",0.1722836121916771,0.011012256145477295,0.031756043434143066,0
seg+pos,"(1.5, 20.0, 0.7, 0.3)",0.19808419048786163,0.01094895601272583,0.005071401596069336,0
seg+pos,"(1.5, 20.0, 0.7, 0.3)",0.20305006206035614,0.006909072399139404,0.001966238021850586,0
seg+pos,"(1.5, 20.0, 0.7, 0.3)",0.18522518873214722,0.002208888530731201,0.004703402519226074,0
seg+pos,"(1.5, 20.0, 0.7, 0.3)",0.18856177479028702,0.002618849277496338,0.017212629318237305,0
seg+pos,"(1.5, 20.0, 0.7, 0.3)",0.1896773725748062,0.007196009159088135,0.03335428237915039,0
seg+pos,"(1.5, 20.0, 0.7, 0.3)",0.17732848972082138,0.007454514503479004,0.000970005989074707,0
seg+pos,"(1.5, 20.0, 0.7, 0.3)",0.18710090965032578,0.0056264400482177734,0.02831709384918213,0
seg+pos,"(1.5, 20.0, 0.7, 0.6)",0.18381518870592117,0.014618635177612305,0.03354501724243164,0
seg+pos,"(1.5, 20.0, 0.7, 0.6)",0.18660926818847656,0.012160658836364746,0.029217839241027832,0
seg+pos,"(1.5, 20.0, 0.7, 0.6)",0.1934497132897377,0.012039363384246826,0.005781769752502441,0
seg+pos,"(1.5, 20.0, 0.7, 0.6)",0.18355291336774826,0.02076178789138794,0.027470946311950684,0
seg+pos,"(1.5, 20.0, 0.7, 0.6)",0.19296523928642273,0.007669270038604736,0.006419777870178223,0
seg+pos,"(1.5, 20.0, 0.7, 0.6)",0.19725969433784485,0.02053171396255493,0.04210400581359863,0
seg+pos,"(1.5, 20.0, 0.7, 0.6)",0.19066930562257767,0.012320458889007568,0.024004697799682617,0
seg+pos,"(1.5, 20.0, 0.7, 0.6)",0.18102429062128067,0.01405954360961914,0.0003572702407836914,0
seg+pos,"(1.5, 20.0, 0.7, 0.6)",0.18946798145771027,0.008332371711730957,0.015970468521118164,0
seg+pos,"(1.5, 20.0, 0.7, 0.6)",0.1864946037530899,0.021899819374084473,0.03987991809844971,0
seg+pos,"(1.5, 20.0, 0.7, 0.6)",0.19097356498241425,0.012674391269683838,0.03003537654876709,0
seg+pos,"(1.5, 20.0, 0.7, 0.6)",0.18376744538545609,0.006302535533905029,0.00357210636138916,0
seg+pos,"(1.5, 20.0, 0.7, 0.6)",0.1828889474272728,0.012219369411468506,0.035474538803100586,0
seg+pos,"(1.5, 20.0, 0.7, 0.6)",0.1811823919415474,0.008789777755737305,0.014168262481689453,0
seg+pos,"(1.5, 20.0, 0.7, 0.6)",0.19889826327562332,0.0043021440505981445,0.0032874345779418945,0
seg+pos,"(1.5, 20.0, 0.7, -0.3)",0.18576806038618088,0.005002439022064209,0.008850574493408203,0
seg+pos,"(1.5, 20.0, 0.7, -0.3)",0.186534583568573,0.011010825634002686,0.0061304569244384766,0
seg+pos,"(1.5, 20.0, 0.7, -0.3)",0.1893741637468338,0.004212319850921631,0.00758814811706543,0
seg+pos,"(1.5, 20.0, 0.7, -0.3)",0.18179112672805786,0.013031601905822754,0.025793790817260742,0
seg+pos,"(1.5, 20.0, 0.7, -0.3)",0.17677407711744308,0.02044612169265747,0.032233595848083496,0
seg+pos,"(1.5, 20.0, 0.7, -0.3)",0.1891329064965248,0.019661009311676025,0.012102842330932617,0
seg+pos,"(1.5, 20.0, 0.7, -0.3)",0.17883145809173584,0.020760059356689453,0.013763427734375,0
seg+pos,"(1.5, 20.0, 0.7, -0.3)",0.1858493685722351,0.02497553825378418,0.015735864639282227,0
seg+pos,"(1.5, 20.0, 0.7, -0.3)",0.1774221658706665,0.00845259428024292,0.04388606548309326,0
seg+pos,"(1.5, 20.0, 0.7, -0.3)",0.18071358650922775,0.022100329399108887,0.045854806900024414,0
seg+pos,"(1.5, 20.0, 0.7, -0.3)",0.19741316139698029,0.0111236572265625,0.005741596221923828,0
seg+pos,"(1.5, 20.0, 0.7, -0.3)",0.18998884409666061,0.02375161647796631,0.017143726348876953,0
seg+pos,"(1.5, 20.0, 0.7, -0.3)",0.17664621770381927,0.012012243270874023,0.02680683135986328,0
seg+pos,"(1.5, 20.0, 0.7, -0.3)",0.18782277405261993,0.010479152202606201,0.007302999496459961,0
seg+pos,"(1.5, 20.0, 0.7, -0.3)",0.17967435717582703,0.02763265371322632,0.03394365310668945,0
seg+pos,"(3.0, 8.0, 0.3, 0.0)",0.28344473242759705,0.04096543788909912,0.042513370513916016,0
seg+pos,"(3.0, 8.0, 0.3, 0.0)",0.26649612188339233,0.04662179946899414,0.07111310958862305,0
seg+pos,"(3.0, 8.0, 0.3, 0.0)",0.31186266243457794,0.040575623512268066,0.07430505752563477,0
seg+pos,"(3.0, 8.0, 0.3, 0.0)",0.27627694606781006,0.03643500804901123,0.0610959529876709,0
seg+pos,"(3.0, 8.0, 0.3, 0.0)",0.33440960943698883,0.03210330009460449,0.07270050048828125,0
seg+pos,"(3.0, 8.0, 0.3, 0.0)",0.3308088630437851,0.022925853729248047,0.04843568801879883,0
seg+pos,"(3.0, 8.0, 0.3, 0.0)",0.32800737023353577,0.02558720111846924,0.03308868408203125,0
seg+pos,"(3.0, 8.0, 0.3, 0.0)",0.2590600550174713,0.030408263206481934,0.06855463981628418,0
seg+pos,"(3.0, 8.0, 0.3, 0.0)",0.3197232037782669,0.03383457660675049,0.06601285934448242,0
seg+pos,"(3.0, 8.0, 0.3, 0.0)",0.30080243945121765,0.03220236301422119,0.03805398941040039,0
seg+pos,"(3.0, 8.0, 0.3, 0.0)",0.3211640417575836,0.011921525001525879,0.0012378692626953125,0
seg+pos,"(3.0, 8.0, 0.3, 0.0)",0.26835043728351593,0.026802539825439453,0.042194366455078125,0
seg+pos,"(3.0, 8.0, 0.3, 0.0)",0.3042369931936264,0.026917219161987305,0.02184152603149414,0
seg+pos,"(3.0, 8.0, 0.3, 0.0)",0.31286779046058655,0.0362856388092041,0.03773927688598633,0
seg+pos,"(3.0, 8.0, 0.3, 0.0)",0.2751764953136444,0.030704975128173828,0.04144287109375,0
seg+pos,"(3.0, 8.0, 0.3, 0.3)",0.2851877957582474,0.027272462844848633,0.014714956283569336,0
seg+pos,"(3.0, 8.0, 0.3, 0.3)",0.286188006401062,0.016861796379089355,0.017601728439331055,0
seg+pos,"(3.0, 8.0, 0.3, 0.3)",0.27757199108600616,0.022596001625061035,0.049958229064941406,0
seg+pos,"(3.0, 8.0, 0.3, 0.3)",0.2785974591970444,0.01694774627685547,0.0021965503692626953,0
seg+pos,"(3.0, 8.0, 0.3, 0.3)",0.3421042114496231,0.04307520389556885,0.04579496383666992,0
seg+pos,"(3.0, 8.0, 0.3, 0.3)",0.3108588755130768,0.029166460037231445,0.016949176788330078,0
seg+pos,"(3.0, 8.0, 0.3, 0.3)",0.2733631283044815,0.025362610816955566,0.044988155364990234,0
seg+pos,"(3.0, 8.0, 0.3, 0.3)",0.28137579560279846,0.04470062255859375,0.07045221328735352,0
seg+pos,"(3.0, 8.0, 0.3, 0.3)",0.3291245102882385,0.022953510284423828,0.015794754028320312,0
seg+pos,"(3.0, 8.0, 0.3, 0.3)",0.3132306635379791,0.025123119354248047,0.01996159553527832,0
seg+pos,"(3.0, 8.0, 0.3, 0.3)",0.287668913602829,0.036261558532714844,0.03349781036376953,0
seg+pos,"(3.0, 8.0, 0.3, 0.3)",0.27254898846149445,0.016852855682373047,0.011348485946655273,0
seg+pos,"(3.0, 8.0, 0.3, 0.3)",0.2712332606315613,0.036724209785461426,0.04616403579711914,0
seg+pos,"(3.0, 8.0, 0.3, 0.3)",0.2809771001338959,0.039931654930114746,0.057272911071777344,0
seg+pos,"(3.0, 8.0, 0.3, 0.3)",0.28066234290599823,0.03781628608703613,0.029979705810546875,0
seg+pos,"(3.0, 8.0, 0.3, 0.6)",0.3020782619714737,0.03532516956329346,0.005748271942138672,0
seg+pos,"(3.0, 8.0, 0.3, 0.6)",0.27006182074546814,0.017185091972351074,0.01758098602294922,0
seg+pos,"(3.0, 8.0, 0.3, 0.6)",0.3019261658191681,0.03329157829284668,0.028777360916137695,0
seg+pos,"(3.0, 8.0, 0.3, 0.6)",0.29757170379161835,0.03832554817199707,0.01857900619506836,0
seg+pos,"(3.0, 8.0, 0.3, 0.6)",0.2872542589902878,0.02702462673187256,0.0032188892364501953,0
seg+pos,"(3.0, 8.0, 0.3, 0.6)",0.28911860287189484,0.025621652603149414,0.001001596450805664,0
seg+pos,"(3.0, 8.0, 0.3, 0.6)",0.29184240102767944,0.03833663463592529,0.03972125053405762,0
seg+pos,"(3.0, 8.0, 0.3, 0.6)",0.2664715051651001,0.022406458854675293,0.011687755584716797,0
seg+pos,"(3.0, 8.0, 0.3, 0.6)",0.29472678899765015,0.02941286563873291,0.014046192169189453,0
seg+pos,"(3.0, 8.0, 0.3, 0.6)",0.2994901090860367,0.03989124298095703,0.023227691650390625,0
seg+pos,"(3.0, 8.0, 0.3, 0.6)",0.28210827708244324,0.048227906227111816,0.03675365447998047,0
seg+pos,"(3.0, 8.0, 0.3, 0.6)",0.2738620936870575,0.028075575828552246,0.023379087448120117,0
seg+pos,"(3.0, 8.0, 0.3, 0.6)",0.272602379322052,0.0444103479385376,0.02063751220703125,0
seg+pos,"(3.0, 8.0, 0.3, 0.6)",0.25721749663352966,0.0454404354095459,0.02471137046813965,0
seg+pos,"(3.0, 8.0, 0.3, 0.6)",0.28651162981987,0.0478593111038208,0.04887270927429199,0
seg+pos,"(3.0, 8.0, 0.3, -0.3)",0.2689371109008789,0.044791340827941895,0.06948184967041016,0
seg+pos,"(3.0, 8.0, 0.3, -0.3)",0.28292234241962433,0.02713799476623535,0.03722810745239258,0
seg+pos,"(3.0, 8.0, 0.3, -0.3)",0.2962234318256378,0.04090142250061035,0.0869898796081543,0
seg+pos,"(3.0, 8.0, 0.3, -0.3)",0.2811916768550873,0.04723918437957764,0.09052848815917969,0
seg+pos,"(3.0, 8.0, 0.3, -0.3)",0.29852525889873505,0.039691925048828125,0.06525945663452148,0
seg+pos,"(3.0, 8.0, 0.3, -0.3)",0.3216813951730728,0.0380481481552124,0.06540632247924805,0
seg+pos,"(3.0, 8.0, 0.3, -0.3)",0.28027454018592834,0.05706954002380371,0.09692668914794922,0
seg+pos,"(3.0, 8.0, 0.3, -0.3)",0.26757681369781494,0.022937297821044922,0.05392646789550781,0
seg+pos,"(3.0, 8.0, 0.3, -0.3)",0.27589890360832214,0.030467510223388672,0.04855489730834961,0
seg+pos,"(3.0, 8.0, 0.3, -0.3)",0.26784996688365936,0.034584760665893555,0.0623173713684082,0
seg+pos,"(3.0, 8.0, 0.3, -0.3)",0.2563721388578415,0.014818310737609863,0.03585195541381836,0
seg+pos,"(3.0, 8.0, 0.3, -0.3)",0.27109184861183167,0.03879237174987793,0.06581640243530273,0
seg+pos,"(3.0, 8.0, 0.3, -0.3)",0.2678917348384857,0.01498258113861084,0.032941341400146484,0
seg+pos,"(3.0, 8.0, 0.3, -0.3)",0.28248028457164764,0.019955158233642578,0.028163909912109375,0
seg+pos,"(3.0, 8.0, 0.3, -0.3)",0.29243746399879456,0.044275641441345215,0.07607221603393555,0
seg+pos,"(3.0, 8.0, 0.7, 0.0)",0.22093754261732101,0.014856457710266113,0.008669376373291016,0
seg+pos,"(3.0, 8.0, 0.7, 0.0)",0.23290091007947922,0.017243266105651855,0.002025604248046875,0
seg+pos,"(3.0, 8.0, 0.7, 0.0)",0.23789244890213013,0.010834693908691406,0.012294769287109375,0
seg+pos,"(3.0, 8.0, 0.7, 0.0)",0.23060575127601624,0.019249796867370605,0.041683197021484375,0
seg+pos,"(3.0, 8.0, 0.7, 0.0)",0.25136367976665497,0.01663827896118164,0.037924766540527344,0
seg+pos,"(3.0, 8.0, 0.7, 0.0)",0.23392394930124283,0.032803893089294434,0.06523799896240234,0
seg+pos,"(3.0, 8.0, 0.7, 0.0)",0.2569173574447632,0.012520909309387207,0.025963783264160156,0
seg+pos,"(3.0, 8.0, 0.7, 0.0)",0.22571028023958206,0.016693711280822754,0.003502368927001953,0
seg+pos,"(3.0, 8.0, 0.7, 0.0)",0.23570460826158524,0.015086889266967773,6.246566772460938e-05,0
seg+pos,"(3.0, 8.0, 0.7, 0.0)",0.2408893033862114,0.011848092079162598,0.008456707000732422,0
seg+pos,"(3.0, 8.0, 0.7, 0.0)",0.23693837970495224,0.016165971755981445,0.006516933441162109,0
seg+pos,"(3.0, 8.0, 0.7, 0.0)",0.23275941610336304,0.02409517765045166,0.016350746154785156,0
seg+pos,"(3.0, 8.0, 0.7, 0.0)",0.2316778302192688,0.008368134498596191,0.0063190460205078125,0
seg+pos,"(3.0, 8.0, 0.7, 0.0)",0.2551625519990921,0.02428412437438965,0.031310081481933594,0
seg+pos,"(3.0, 8.0, 0.7, 0.0)",0.22353361546993256,0.022348999977111816,0.041563987731933594,0
seg+pos,"(3.0, 8.0, 0.7, 0.3)",0.23978883773088455,0.02396833896636963,0.003806591033935547,0
seg+pos,"(3.0, 8.0, 0.7, 0.3)",0.22605640441179276,0.021277904510498047,0.044353485107421875,0
seg+pos,"(3.0, 8.0, 0.7, 0.3)",0.23691843450069427,0.014420032501220703,0.004488229751586914,0
seg+pos,"(3.0, 8.0, 0.7, 0.3)",0.23163893073797226,0.02684485912322998,0.0167539119720459,0
seg+pos,"(3.0, 8.0, 0.7, 0.3)",0.24427556991577148,0.01816713809967041,0.026640653610229492,0
seg+pos,"(3.0, 8.0, 0.7, 0.3)",0.22863005101680756,0.017840027809143066,0.0011899471282958984,0
seg+pos,"(3.0, 8.0, 0.7, 0.3)",0.22975295037031174,0.009399771690368652,0.0028710365295410156,0
seg+pos,"(3.0, 8.0, 0.7, 0.3)",0.23302268981933594,0.010797500610351562,0.014702320098876953,0
seg+pos,"(3.0, 8.0, 0.7, 0.3)",0.2655560076236725,0.015941143035888672,0.014539003372192383,0
seg+pos,"(3.0, 8.0, 0.7, 0.3)",0.23373929411172867,0.0064465999603271484,0.025004863739013672,0
seg+pos,"(3.0, 8.0, 0.7, 0.3)",0.25378040224313736,0.02204155921936035,0.01207733154296875,0
seg+pos,"(3.0, 8.0, 0.7, 0.3)",0.24088335037231445,0.006999015808105469,0.01386260986328125,0
seg+pos,"(3.0, 8.0, 0.7, 0.3)",0.256130576133728,0.008848309516906738,0.0010364055633544922,0
seg+pos,"(3.0, 8.0, 0.7, 0.3)",0.2303377389907837,0.023039579391479492,0.0025374889373779297,0
seg+pos,"(3.0, 8.0, 0.7, 0.3)",0.22644519805908203,0.009688019752502441,0.025433063507080078,0
seg+pos,"(3.0, 8.0, 0.7, 0.6)",0.22482609003782272,0.014874458312988281,0.02918529510498047,0
seg+pos,"(3.0, 8.0, 0.7, 0.6)",0.23200926929712296,0.01640474796295166,0.003785371780395508,0
seg+pos,"(3.0, 8.0, 0.7, 0.6)",0.23467399179935455,0.018437743186950684,0.020747900009155273,0
seg+pos,"(3.0, 8.0, 0.7, 0.6)",0.2662411332130432,0.02306509017944336,0.0317230224609375,0
seg+pos,"(3.0, 8.0, 0.7, 0.6)",0.23200597614049911,0.024178385734558105,0.01803112030029297,0
seg+pos,"(3.0, 8.0, 0.7, 0.6)",0.24462208896875381,0.016002178192138672,0.0162961483001709,0
seg+pos,"(3.0, 8.0, 0.7, 0.6)",0.2597312331199646,0.0123823881149292,0.019008159637451172,0
seg+pos,"(3.0, 8.0, 0.7, 0.6)",0.23556843400001526,0.01772022247314453,0.0028181076049804688,0
seg+pos,"(3.0, 8.0, 0.7, 0.6)",0.2169366329908371,0.023960232734680176,0.018062591552734375,0
seg+pos,"(3.0, 8.0, 0.7, 0.6)",0.22522369027137756,0.01677548885345459,0.019489765167236328,0
seg+pos,"(3.0, 8.0, 0.7, 0.6)",0.25845013558864594,0.015569567680358887,0.009865522384643555,0
seg+pos,"(3.0, 8.0, 0.7, 0.6)",0.2594272345304489,0.017167210578918457,0.0075283050537109375,0
seg+pos,"(3.0, 8.0, 0.7, 0.6)",0.24420824646949768,0.007697343826293945,0.0039632320404052734,0
seg+pos,"(3.0, 8.0, 0.7, 0.6)",0.22528374940156937,0.00929558277130127,0.0006129741668701172,0
seg+pos,"(3.0, 8.0, 0.7, 0.6)",0.22224941849708557,0.013068079948425293,0.0150146484375,0
seg+pos,"(3.0, 8.0, 0.7, -0.3)",0.23208153992891312,0.030664920806884766,0.05816364288330078,0
seg+pos,"(3.0, 8.0, 0.7, -0.3)",0.2658574730157852,0.024945974349975586,0.07565498352050781,0
seg+pos,"(3.0, 8.0, 0.7, -0.3)",0.22630459815263748,0.026947379112243652,0.0561370849609375,0
seg+pos,"(3.0, 8.0, 0.7, -0.3)",0.23001830279827118,0.01849365234375,0.016304969787597656,0
seg+pos,"(3.0, 8.0, 0.7, -0.3)",0.254994161427021,0.010278820991516113,0.008987903594970703,0
seg+pos,"(3.0, 8.0, 0.7, -0.3)",0.22934521734714508,0.018114805221557617,0.05138731002807617,0
seg+pos,"(3.0, 8.0, 0.7, -0.3)",0.2511562258005142,0.009252190589904785,0.004469394683837891,0
seg+pos,"(3.0, 8.0, 0.7, -0.3)",0.24438156932592392,0.01650381088256836,0.028609752655029297,0
seg+pos,"(3.0, 8.0, 0.7, -0.3)",0.23031944036483765,0.023396015167236328,0.040463924407958984,0
seg+pos,"(3.0, 8.0, 0.7, -0.3)",0.22397666424512863,0.005308032035827637,0.007529258728027344,0
seg+pos,"(3.0, 8.0, 0.7, -0.3)",0.2305883914232254,0.024077773094177246,0.01844024658203125,0
seg+pos,"(3.0, 8.0, 0.7, -0.3)",0.22253002226352692,0.007495880126953125,0.00943136215209961,0
seg+pos,"(3.0, 8.0, 0.7, -0.3)",0.24731509387493134,0.019187211990356445,0.030927658081054688,0
seg+pos,"(3.0, 8.0, 0.7, -0.3)",0.23089461773633957,0.011132478713989258,0.014896869659423828,0
seg+pos,"(3.0, 8.0, 0.7, -0.3)",0.2226773425936699,0.025823116302490234,0.04543638229370117,0
seg+pos,"(3.0, 20.0, 0.3, 0.0)",0.27638669312000275,0.03496813774108887,0.046396732330322266,0
seg+pos,"(3.0, 20.0, 0.3, 0.0)",0.2803698629140854,0.04056096076965332,0.03570890426635742,0
seg+pos,"(3.0, 20.0, 0.3, 0.0)",0.2837038040161133,0.025140047073364258,0.03781890869140625,0
seg+pos,"(3.0, 20.0, 0.3, 0.0)",0.2713799923658371,0.028954505920410156,0.023368358612060547,0
seg+pos,"(3.0, 20.0, 0.3, 0.0)",0.2519522160291672,0.015519022941589355,0.04044842720031738,0
seg+pos,"(3.0, 20.0, 0.3, 0.0)",0.25715847313404083,0.015118598937988281,0.013922691345214844,0
seg+pos,"(3.0, 20.0, 0.3, 0.0)",0.30589038133621216,0.039138197898864746,0.09424042701721191,0
seg+pos,"(3.0, 20.0, 0.3, 0.0)",0.27096112072467804,0.026964187622070312,0.04634904861450195,0
seg+pos,"(3.0, 20.0, 0.3, 0.0)",0.28596827387809753,0.018436551094055176,0.0066680908203125,0
seg+pos,"(3.0, 20.0, 0.3, 0.0)",0.3145757466554642,0.015283823013305664,0.005235195159912109,0
seg+pos,"(3.0, 20.0, 0.3, 0.0)",0.26566676795482635,0.026810288429260254,0.04691171646118164,0
seg+pos,"(3.0, 20.0, 0.3, 0.0)",0.2793447822332382,0.025027036666870117,0.03577136993408203,0
seg+pos,"(3.0, 20.0, 0.3, 0.0)",0.3068290203809738,0.03820991516113281,0.05577802658081055,0
seg+pos,"(3.0, 20.0, 0.3, 0.0)",0.26243487000465393,0.03427088260650635,0.023598909378051758,0
seg+pos,"(3.0, 20.0, 0.3, 0.0)",0.28569139540195465,0.03533315658569336,0.02724003791809082,0
seg+pos,"(3.0, 20.0, 0.3, 0.3)",0.2734387665987015,0.03728175163269043,0.02640700340270996,0
seg+pos,"(3.0, 20.0, 0.3, 0.3)",0.25796668231487274,0.017183423042297363,0.03499126434326172,0
seg+pos,"(3.0, 20.0, 0.3, 0.3)",0.26786550879478455,0.022540926933288574,0.03775191307067871,0
seg+pos,"(3.0, 20.0, 0.3, 0.3)",0.3137659877538681,0.01608729362487793,0.0066738128662109375,0
seg+pos,"(3.0, 20.0, 0.3, 0.3)",0.26757651567459106,0.02477884292602539,0.035064697265625,0
seg+pos,"(3.0, 20.0, 0.3, 0.3)",0.24970322847366333,0.03900885581970215,0.015492439270019531,0
seg+pos,"(3.0, 20.0, 0.3, 0.3)",0.2813073694705963,0.037159085273742676,0.06384730339050293,0
seg+pos,"(3.0, 20.0, 0.3, 0.3)",0.2534644156694412,0.019730687141418457,0.015993356704711914,0
seg+pos,"(3.0, 20.0, 0.3, 0.3)",0.253668412566185,0.04072880744934082,0.05499696731567383,0
seg+pos,"(3.0, 20.0, 0.3, 0.3)",0.2729579508304596,0.01680123805999756,0.0024042129516601562,0
seg+pos,"(3.0, 20.0, 0.3, 0.3)",0.2506686598062515,0.02970719337463379,0.014154195785522461,0
seg+pos,"(3.0, 20.0, 0.3, 0.3)",0.26500147581100464,0.01633286476135254,0.003628969192504883,0
seg+pos,"(3.0, 20.0, 0.3, 0.3)",0.29706239700317383,0.031218528747558594,0.02787041664123535,0
seg+pos,"(3.0, 20.0, 0.3, 0.3)",0.2995574623346329,0.008994340896606445,0.013590574264526367,0
seg+pos,"(3.0, 20.0, 0.3, 0.3)",0.2660282850265503,0.03211331367492676,0.046370744705200195,0
seg+pos,"(3.0, 20.0, 0.3, 0.6)",0.2675906717777252,0.04270017147064209,0.009018182754516602,0
seg+pos,"(3.0, 20.0, 0.3, 0.6)",0.2630329132080078,0.0282285213470459,0.013731002807617188,0
seg+pos,"(3.0, 20.0, 0.3, 0.6)",0.31215357780456543,0.017398476600646973,0.005218505859375,0
seg+pos,"(3.0, 20.0, 0.3, 0.6)",0.2518366724252701,0.029500365257263184,0.02857375144958496,0
seg+pos,"(3.0, 20.0, 0.3, 0.6)",0.2616844028234482,0.03296780586242676,0.06095409393310547,0
seg+pos,"(3.0, 20.0, 0.3, 0.6)",0.2749890685081482,0.029730558395385742,0.004148006439208984,0
seg+pos,"(3.0, 20.0, 0.3, 0.6)",0.2791803926229477,0.033696532249450684,0.010236740112304688,0
seg+pos,"(3.0, 20.0, 0.3, 0.6)",0.25638890266418457,0.03344249725341797,0.02392101287841797,0
seg+pos,"(3.0, 20.0, 0.3, 0.6)",0.301366850733757,0.02329385280609131,0.011291742324829102,0
seg+pos,"(3.0, 20.0, 0.3, 0.6)",0.2628781348466873,0.02182328701019287,0.011133432388305664,0
seg+pos,"(3.0, 20.0, 0.3, 0.6)",0.31244492530822754,0.0396043062210083,0.03855752944946289,0
seg+pos,"(3.0, 20.0, 0.3, 0.6)",0.2976529747247696,0.030933737754821777,0.02118706703186035,0
seg+pos,"(3.0, 20.0, 0.3, 0.6)",0.25964879989624023,0.017211318016052246,0.006268739700317383,0
seg+pos,"(3.0, 20.0, 0.3, 0.6)",0.24689218401908875,0.03150033950805664,0.0187070369720459,0
seg+pos,"(3.0, 20.0, 0.3, 0.6)",0.26649925112724304,0.0339583158493042,0.002663850784301758,0
seg+pos,"(3.0, 20.0, 0.3, -0.3)",0.26275843381881714,0.03697311878204346,0.05935859680175781,0
seg+pos,"(3.0, 20.0, 0.3, -0.3)",0.2852308005094528,0.016614317893981934,0.03062295913696289,0
seg+pos,"(3.0, 20.0, 0.3, -0.3)",0.2756379544734955,0.01707470417022705,0.027294158935546875,0
seg+pos,"(3.0, 20.0, 0.3, -0.3)",0.2657374441623688,0.04390311241149902,0.06786727905273438,0
seg+pos,"(3.0, 20.0, 0.3, -0.3)",0.2589970529079437,0.02956104278564453,0.024216175079345703,0
seg+pos,"(3.0, 20.0, 0.3, -0.3)",0.25244610756635666,0.03153681755065918,0.036263465881347656,0
seg+pos,"(3.0, 20.0, 0.3, -0.3)",0.25515320897102356,0.02097177505493164,0.04205942153930664,0
seg+pos,"(3.0, 20.0, 0.3, -0.3)",0.25359661877155304,0.029729008674621582,0.05345296859741211,0
seg+pos,"(3.0, 20.0, 0.3, -0.3)",0.2552385926246643,0.02972733974456787,0.045950889587402344,0
seg+pos,"(3.0, 20.0, 0.3, -0.3)",0.2597658187150955,0.03317844867706299,0.042063236236572266,0
seg+pos,"(3.0, 20.0, 0.3, -0.3)",0.3093695193529129,0.03437983989715576,0.08981990814208984,0
seg+pos,"(3.0, 20.0, 0.3, -0.3)",0.26995621621608734,0.02152097225189209,0.046910762786865234,0
seg+pos,"(3.0, 20.0, 0.3, -0.3)",0.26521922647953033,0.014508843421936035,0.02523326873779297,0
seg+pos,"(3.0, 20.0, 0.3, -0.3)",0.3006588816642761,0.015868782997131348,0.03954648971557617,0
seg+pos,"(3.0, 20.0, 0.3, -0.3)",0.2644577771425247,0.021697402000427246,0.04606819152832031,0
seg+pos,"(3.0, 20.0, 0.7, 0.0)",0.19562628865242004,0.018064141273498535,0.013161182403564453,0
seg+pos,"(3.0, 20.0, 0.7, 0.0)",0.2067864015698433,0.00745701789855957,0.000270843505859375,0
seg+pos,"(3.0, 20.0, 0.7, 0.0)",0.19615156948566437,0.014424681663513184,0.006649017333984375,0
seg+pos,"(3.0, 20.0, 0.7, 0.0)",0.20687997341156006,0.027503371238708496,0.05569815635681152,0
seg+pos,"(3.0, 20.0, 0.7, 0.0)",0.19304337352514267,0.004479527473449707,0.0008323192596435547,0
seg+pos,"(3.0, 20.0, 0.7, 0.0)",0.19261258095502853,0.009702563285827637,0.005727291107177734,0
seg+pos,"(3.0, 20.0, 0.7, 0.0)",0.20633206516504288,0.016498923301696777,0.025786161422729492,0
seg+pos,"(3.0, 20.0, 0.7, 0.0)",0.20009411126375198,0.011713862419128418,0.0054168701171875,0
seg+pos,"(3.0, 20.0, 0.7, 0.0)",0.21933535486459732,0.024272441864013672,0.04109334945678711,0
seg+pos,"(3.0, 20.0, 0.7, 0.0)",0.20880136638879776,0.017539262771606445,0.03576040267944336,0
seg+pos,"(3.0, 20.0, 0.7, 0.0)",0.1969212144613266,0.016055822372436523,0.0008759498596191406,0
seg+pos,"(3.0, 20.0, 0.7, 0.0)",0.21015587449073792,0.013383865356445312,0.03642606735229492,0
seg+pos,"(3.0, 20.0, 0.7, 0.0)",0.23180603235960007,0.004705071449279785,0.024338722229003906,0
seg+pos,"(3.0, 20.0, 0.7, 0.0)",0.2001548632979393,0.027062535285949707,0.06511807441711426,0
seg+pos,"(3.0, 20.0, 0.7, 0.0)",0.2213752642273903,0.016338706016540527,0.03263044357299805,0
seg+pos,"(3.0, 20.0, 0.7, 0.3)",0.2292565181851387,0.006363391876220703,0.013042926788330078,0
seg+pos,"(3.0, 20.0, 0.7, 0.3)",0.19966796785593033,0.0027250051498413086,0.02563309669494629,0
seg+pos,"(3.0, 20.0, 0.7, 0.3)",0.2068014219403267,0.02037966251373291,0.030725955963134766,0
seg+pos,"(3.0, 20.0, 0.7, 0.3)",0.22296422719955444,0.018729448318481445,0.02147674560546875,0
seg+pos,"(3.0, 20.0, 0.7, 0.3)",0.19974810630083084,0.015521883964538574,0.007738590240478516,0
seg+pos,"(3.0, 20.0, 0.7, 0.3)",0.19812726974487305,0.01259469985961914,0.010291814804077148,0
seg+pos,"(3.0, 20.0, 0.7, 0.3)",0.20713888853788376,0.002724766731262207,0.01599907875061035,0
seg+pos,"(3.0, 20.0, 0.7, 0.3)",0.2053966149687767,0.014814257621765137,0.011954545974731445,0
seg+pos,"(3.0, 20.0, 0.7, 0.3)",0.21024198085069656,0.002970576286315918,0.02179861068725586,0
seg+pos,"(3.0, 20.0, 0.7, 0.3)",0.21031714975833893,0.005138874053955078,0.0020890235900878906,0
seg+pos,"(3.0, 20.0, 0.7, 0.3)",0.20145698636770248,0.003978729248046875,0.00679326057434082,0
seg+pos,"(3.0, 20.0, 0.7, 0.3)",0.20538191497325897,0.01713383197784424,0.015463829040527344,0
seg+pos,"(3.0, 20.0, 0.7, 0.3)",0.2254093661904335,0.0028183460235595703,0.005880832672119141,0
seg+pos,"(3.0, 20.0, 0.7, 0.3)",0.1956774964928627,0.029812216758728027,0.057856082916259766,0
seg+pos,"(3.0, 20.0, 0.7, 0.3)",0.19575614482164383,0.0076628923416137695,0.010118484497070312,0
seg+pos,"(3.0, 20.0, 0.7, 0.6)",0.20964489877223969,0.01734936237335205,0.0008478164672851562,0
seg+pos,"(3.0, 20.0, 0.7, 0.6)",0.21928196400403976,0.008464574813842773,0.013985633850097656,0
seg+pos,"(3.0, 20.0, 0.7, 0.6)",0.21883787214756012,0.01523435115814209,0.02892613410949707,0
seg+pos,"(3.0, 20.0, 0.7, 0.6)",0.20469104498624802,0.0034499168395996094,0.016333341598510742,0
seg+pos,"(3.0, 20.0, 0.7, 0.6)",0.21988359838724136,0.02316880226135254,0.012564420700073242,0
seg+pos,"(3.0, 20.0, 0.7, 0.6)",0.20268818736076355,0.016777515411376953,0.0031006336212158203,0
seg+pos,"(3.0, 20.0, 0.7, 0.6)",0.2157241478562355,0.012842535972595215,0.010055899620056152,0
seg+pos,"(3.0, 20.0, 0.7, 0.6)",0.19992050528526306,0.025098800659179688,0.006787776947021484,0
seg+pos,"(3.0, 20.0, 0.7, 0.6)",0.2059549167752266,0.010239005088806152,0.012886285781860352,0
seg+pos,"(3.0, 20.0, 0.7, 0.6)",0.19772650301456451,0.0029401779174804688,0.02764296531677246,0
seg+pos,"(3.0, 20.0, 0.7, 0.6)",0.19147871434688568,0.0074841976165771484,0.009938240051269531,0
seg+pos,"(3.0, 20.0, 0.7, 0.6)",0.20558727532625198,0.019460678100585938,0.021632671356201172,0
seg+pos,"(3.0, 20.0, 0.7, 0.6)",0.2024267613887787,0.0023322105407714844,0.016178369522094727,0
seg+pos,"(3.0, 20.0, 0.7, 0.6)",0.19887859374284744,0.01102900505065918,0.004574775695800781,0
seg+pos,"(3.0, 20.0, 0.7, 0.6)",0.20764388889074326,0.015833139419555664,0.01136159896850586,0
seg+pos,"(3.0, 20.0, 0.7, -0.3)",0.2059483379125595,0.024950385093688965,0.03429746627807617,0
seg+pos,"(3.0, 20.0, 0.7, -0.3)",0.21841908991336823,0.0026988983154296875,0.003730297088623047,0
seg+pos,"(3.0, 20.0, 0.7, -0.3)",0.20658162981271744,0.028319478034973145,0.05112886428833008,0
seg+pos,"(3.0, 20.0, 0.7, -0.3)",0.20917260646820068,0.01677727699279785,0.02568960189819336,0
seg+pos,"(3.0, 20.0, 0.7, -0.3)",0.1995519995689392,0.007893085479736328,0.024591922760009766,0
seg+pos,"(3.0, 20.0, 0.7, -0.3)",0.21905479580163956,0.023746490478515625,0.012080192565917969,0
seg+pos,"(3.0, 20.0, 0.7, -0.3)",0.1970064342021942,0.01595175266265869,0.00911569595336914,0
seg+pos,"(3.0, 20.0, 0.7, -0.3)",0.19814383238554,0.008957743644714355,0.019054412841796875,0
seg+pos,"(3.0, 20.0, 0.7, -0.3)",0.19667009264230728,0.017005205154418945,0.03469562530517578,0
seg+pos,"(3.0, 20.0, 0.7, -0.3)",0.20339525490999222,0.017544150352478027,0.04607963562011719,0
seg+pos,"(3.0, 20.0, 0.7, -0.3)",0.21240051835775375,0.010118961334228516,0.03984260559082031,0
seg+pos,"(3.0, 20.0, 0.7, -0.3)",0.20510293543338776,0.00981605052947998,0.0056476593017578125,0
seg+pos,"(3.0, 20.0, 0.7, -0.3)",0.22169842571020126,0.011689901351928711,0.02039051055908203,0
seg+pos,"(3.0, 20.0, 0.7, -0.3)",0.22468698769807816,0.009714484214782715,0.015277862548828125,0
seg+pos,"(3.0, 20.0, 0.7, -0.3)",0.20684508234262466,0.012219071388244629,0.02019786834716797,0
seg+pos,"(1.5, 8.0, 0.3, 0.0)",0.248955599963665,0.05093264579772949,0.0569155216217041,1
seg+pos,"(1.5, 8.0, 0.3, 0.0)",0.24845511466264725,0.06116199493408203,0.0836484432220459,1
seg+pos,"(1.5, 8.0, 0.3, 0.0)",0.2772739380598068,0.04781067371368408,0.09519839286804199,1
seg+pos,"(1.5, 8.0, 0.3, 0.0)",0.25975897908210754,0.039382755756378174,0.04077458381652832,1
seg+pos,"(1.5, 8.0, 0.3, 0.0)",0.24379520863294601,0.04528975486755371,0.045772552490234375,1
seg+pos,"(1.5, 8.0, 0.3, 0.0)",0.2554834485054016,0.055748939514160156,0.0651254653930664,1
seg+pos,"(1.5, 8.0, 0.3, 0.0)",0.23469755053520203,0.03587520122528076,0.05257296562194824,1
seg+pos,"(1.5, 8.0, 0.3, 0.0)",0.2556319683790207,0.060108721256256104,0.09535789489746094,1
seg+pos,"(1.5, 8.0, 0.3, 0.0)",0.23665375262498856,0.046868324279785156,0.07424521446228027,1
seg+pos,"(1.5, 8.0, 0.3, 0.0)",0.24163690209388733,0.03026449680328369,0.02460503578186035,1
seg+pos,"(1.5, 8.0, 0.3, 0.0)",0.24818648397922516,0.05075770616531372,0.07148885726928711,1
seg+pos,"(1.5, 8.0, 0.3, 0.0)",0.22511790692806244,0.04261738061904907,0.054141998291015625,1
seg+pos,"(1.5, 8.0, 0.3, 0.0)",0.2706485688686371,0.03614616394042969,0.032472848892211914,1
seg+pos,"(1.5, 8.0, 0.3, 0.0)",0.23081734031438828,0.03675121068954468,0.05277061462402344,1
seg+pos,"(1.5, 8.0, 0.3, 0.0)",0.260368213057518,0.045699894428253174,0.06180429458618164,1
seg+pos,"(1.5, 8.0, 0.3, 0.3)",0.23146386444568634,0.04457026720046997,0.028650999069213867,1
seg+pos,"(1.5, 8.0, 0.3, 0.3)",0.24761870503425598,0.05208873748779297,0.06710124015808105,1
seg+pos,"(1.5, 8.0, 0.3, 0.3)",0.238869808614254,0.04955476522445679,0.06899821758270264,1
seg+pos,"(1.5, 8.0, 0.3, 0.3)",0.2453049048781395,0.06224173307418823,0.06282222270965576,1
seg+pos,"(1.5, 8.0, 0.3, 0.3)",0.23534974455833435,0.02582770586013794,0.020009517669677734,1
seg+pos,"(1.5, 8.0, 0.3, 0.3)",0.2723768800497055,0.03410208225250244,0.05353724956512451,1
seg+pos,"(1.5, 8.0, 0.3, 0.3)",0.26025083661079407,0.042484402656555176,0.033809661865234375,1
seg+pos,"(1.5, 8.0, 0.3, 0.3)",0.24820717424154282,0.05136227607727051,0.032599806785583496,1
seg+pos,"(1.5, 8.0, 0.3, 0.3)",0.23378463834524155,0.046771883964538574,0.06603825092315674,1
seg+pos,"(1.5, 8.0, 0.3, 0.3)",0.27308808267116547,0.04170942306518555,0.051354289054870605,1
seg+pos,"(1.5, 8.0, 0.3, 0.3)",0.22961702942848206,0.029585599899291992,0.008684277534484863,1
seg+pos,"(1.5, 8.0, 0.3, 0.3)",0.26619239151477814,0.05245453119277954,0.03713715076446533,1
seg+pos,"(1.5, 8.0, 0.3, 0.3)",0.25886236131191254,0.04056793451309204,0.017314434051513672,1
seg+pos,"(1.5, 8.0, 0.3, 0.3)",0.23363900184631348,0.03509598970413208,0.05037510395050049,1
seg+pos,"(1.5, 8.0, 0.3, 0.3)",0.23779883235692978,0.04308420419692993,0.03912389278411865,1
seg+pos,"(1.5, 8.0, 0.3, 0.6)",0.25329500436782837,0.042816102504730225,0.008116960525512695,1
seg+pos,"(1.5, 8.0, 0.3, 0.6)",0.23116319626569748,0.03298705816268921,0.0022231340408325195,1
seg+pos,"(1.5, 8.0, 0.3, 0.6)",0.2533302530646324,0.043137550354003906,0.01951742172241211,1
seg+pos,"(1.5, 8.0, 0.3, 0.6)",0.2595229595899582,0.05020630359649658,0.008752703666687012,1
seg+pos,"(1.5, 8.0, 0.3, 0.6)",0.2477903515100479,0.051021456718444824,2.1696090698242188e-05,1
seg+pos,"(1.5, 8.0, 0.3, 0.6)",0.26742522418498993,0.029880940914154053,0.010608077049255371,1
seg+pos,"(1.5, 8.0, 0.3, 0.6)",0.27901631593704224,0.04481750726699829,0.00048661231994628906,1
seg+pos,"(1.5, 8.0, 0.3, 0.6)",0.23406673967838287,0.055448293685913086,0.042784690856933594,1
seg+pos,"(1.5, 8.0, 0.3, 0.6)",0.2764497846364975,0.043649256229400635,0.004128098487854004,1
seg+pos,"(1.5, 8.0, 0.3, 0.6)",0.2807820290327072,0.04596972465515137,0.01797318458557129,1
seg+pos,"(1.5, 8.0, 0.3, 0.6)",0.23785961419343948,0.043872177600860596,0.03379511833190918,1
seg+pos,"(1.5, 8.0, 0.3, 0.6)",0.23784689605236053,0.06281048059463501,0.010942459106445312,1
seg+pos,"(1.5, 8.0, 0.3, 0.6)",0.23677211999893188,0.029898643493652344,0.0014208555221557617,1
seg+pos,"(1.5, 8.0, 0.3, 0.6)",0.24951864778995514,0.028514325618743896,0.0015718936920166016,1
seg+pos,"(1.5, 8.0, 0.3, 0.6)",0.28125371038913727,0.04177522659301758,0.005506396293640137,1
seg+pos,"(1.5, 8.0, 0.3, -0.3)",0.2532261610031128,0.046654582023620605,0.0848090648651123,1
seg+pos,"(1.5, 8.0, 0.3, -0.3)",0.2782350480556488,0.0462527871131897,0.09368705749511719,1
seg+pos,"(1.5, 8.0, 0.3, -0.3)",0.25378382205963135,0.06107497215270996,0.1284496784210205,1
seg+pos,"(1.5, 8.0, 0.3, -0.3)",0.2745889574289322,0.042901813983917236,0.08367514610290527,1
seg+pos,"(1.5, 8.0, 0.3, -0.3)",0.23566826432943344,0.056693434715270996,0.10084700584411621,1
seg+pos,"(1.5, 8.0, 0.3, -0.3)",0.24905499815940857,0.05141991376876831,0.08809399604797363,1
seg+pos,"(1.5, 8.0, 0.3, -0.3)",0.2402319312095642,0.05626136064529419,0.12403416633605957,1
seg+pos,"(1.5, 8.0, 0.3, -0.3)",0.23887281864881516,0.06967997550964355,0.10281574726104736,1
seg+pos,"(1.5, 8.0, 0.3, -0.3)",0.24342073500156403,0.04377114772796631,0.06942248344421387,1
seg+pos,"(1.5, 8.0, 0.3, -0.3)",0.24198951572179794,0.049197256565093994,0.08757591247558594,1
seg+pos,"(1.5, 8.0, 0.3, -0.3)",0.2508419305086136,0.05066031217575073,0.09147429466247559,1
seg+pos,"(1.5, 8.0, 0.3, -0.3)",0.25343817472457886,0.03518879413604736,0.06853103637695312,1
seg+pos,"(1.5, 8.0, 0.3, -0.3)",0.2745862901210785,0.044745802879333496,0.07630181312561035,1
seg+pos,"(1.5, 8.0, 0.3, -0.3)",0.27622219920158386,0.042836785316467285,0.08717942237854004,1
seg+pos,"(1.5, 8.0, 0.3, -0.3)",0.24739959090948105,0.038343608379364014,0.058057308197021484,1
seg+pos,"(1.5, 8.0, 0.7, 0.0)",0.1982026919722557,0.018508732318878174,0.04114651679992676,1
seg+pos,"(1.5, 8.0, 0.7, 0.0)",0.1967201679944992,0.011256039142608643,0.03688061237335205,1
seg+pos,"(1.5, 8.0, 0.7, 0.0)",0.21942781656980515,0.021551430225372314,0.02644062042236328,1
seg+pos,"(1.5, 8.0, 0.7, 0.0)",0.19325856119394302,0.016129910945892334,0.014212846755981445,1
seg+pos,"(1.5, 8.0, 0.7, 0.0)",0.2157820537686348,0.0015307068824768066,0.00988149642944336,1
seg+pos,"(1.5, 8.0, 0.7, 0.0)",0.20909401774406433,0.012970566749572754,0.031056880950927734,1
seg+pos,"(1.5, 8.0, 0.7, 0.0)",0.22025728225708008,0.004582107067108154,0.012583255767822266,1
seg+pos,"(1.5, 8.0, 0.7, 0.0)",0.19836120307445526,0.01399463415145874,0.022535324096679688,1
seg+pos,"(1.5, 8.0, 0.7, 0.0)",0.19966503977775574,0.009344637393951416,0.01290130615234375,1
seg+pos,"(1.5, 8.0, 0.7, 0.0)",0.2016899287700653,0.012387752532958984,0.02319812774658203,1
seg+pos,"(1.5, 8.0, 0.7, 0.0)",0.19630097597837448,0.007907211780548096,0.004486083984375,1
seg+pos,"(1.5, 8.0, 0.7, 0.0)",0.19446731358766556,0.016397476196289062,0.0198061466217041,1
seg+pos,"(1.5, 8.0, 0.7, 0.0)",0.18664080649614334,0.01504218578338623,0.02881026268005371,1
seg+pos,"(1.5, 8.0, 0.7, 0.0)",0.190528005361557,0.017696619033813477,0.03702425956726074,1
seg+pos,"(1.5, 8.0, 0.7, 0.0)",0.220524363219738,0.005172908306121826,0.03388261795043945,1
seg+pos,"(1.5, 8.0, 0.7, 0.3)",0.19738074392080307,0.008160829544067383,0.020136117935180664,1
seg+pos,"(1.5, 8.0, 0.7, 0.3)",0.19277488440275192,0.023700594902038574,0.01390695571899414,1
seg+pos,"(1.5, 8.0, 0.7, 0.3)",0.21285557001829147,0.007511496543884277,0.017073988914489746,1
seg+pos,"(1.5, 8.0, 0.7, 0.3)",0.21699533611536026,0.02028977870941162,0.016925811767578125,1
seg+pos,"(1.5, 8.0, 0.7, 0.3)",0.1901290938258171,0.0032393932342529297,0.01085364818572998,1
seg+pos,"(1.5, 8.0, 0.7, 0.3)",0.19618964940309525,0.015131354331970215,0.008861780166625977,1
seg+pos,"(1.5, 8.0, 0.7, 0.3)",0.21514934301376343,0.008281588554382324,0.008914589881896973,1
seg+pos,"(1.5, 8.0, 0.7, 0.3)",0.22039537131786346,0.016456246376037598,0.021211981773376465,1
seg+pos,"(1.5, 8.0, 0.7, 0.3)",0.20303717255592346,0.013560891151428223,0.018669724464416504,1
seg+pos,"(1.5, 8.0, 0.7, 0.3)",0.19849085807800293,0.0040397047996521,0.011573076248168945,1
seg+pos,"(1.5, 8.0, 0.7, 0.3)",0.19637522101402283,0.021912097930908203,0.018184304237365723,1
seg+pos,"(1.5, 8.0, 0.7, 0.3)",0.1936316266655922,0.00805675983428955,0.01280057430267334,1
seg+pos,"(1.5, 8.0, 0.7, 0.3)",0.19847044348716736,0.014348626136779785,0.013119220733642578,1
seg+pos,"(1.5, 8.0, 0.7, 0.3)",0.21380846947431564,0.014297008514404297,0.03550112247467041,1
seg+pos,"(1.5, 8.0, 0.7, 0.3)",0.225590780377388,0.022172868251800537,0.05407357215881348,1
seg+pos,"(1.5, 8.0, 0.7, 0.6)",0.20096753537654877,0.017164111137390137,0.025244712829589844,1
seg+pos,"(1.5, 8.0, 0.7, 0.6)",0.2243417203426361,0.019062161445617676,0.012008428573608398,1
seg+pos,"(1.5, 8.0, 0.7, 0.6)",0.19243542104959488,0.007569611072540283,0.018318891525268555,1
seg+pos,"(1.5, 8.0, 0.7, 0.6)",0.1982065588235855,0.014708220958709717,0.01872837543487549,1
seg+pos,"(1.5, 8.0, 0.7, 0.6)",0.2047286331653595,0.008371829986572266,0.03287792205810547,1
seg+pos,"(1.5, 8.0, 0.7, 0.6)",0.20327842235565186,0.018801391124725342,0.004240989685058594,1
seg+pos,"(1.5, 8.0, 0.7, 0.6)",0.21067267656326294,0.02689993381500244,0.006021261215209961,1
seg+pos,"(1.5, 8.0, 0.7, 0.6)",0.19035343080759048,0.026909351348876953,0.0045948028564453125,1
seg+pos,"(1.5, 8.0, 0.7, 0.6)",0.21926236897706985,0.0023404359817504883,0.025619029998779297,1
seg+pos,"(1.5, 8.0, 0.7, 0.6)",0.2102642059326172,0.014850378036499023,0.02022576332092285,1
seg+pos,"(1.5, 8.0, 0.7, 0.6)",0.2175123617053032,0.0065844058990478516,0.00874316692352295,1
seg+pos,"(1.5, 8.0, 0.7, 0.6)",0.21515173465013504,0.009983241558074951,0.034873366355895996,1
seg+pos,"(1.5, 8.0, 0.7, 0.6)",0.20684128999710083,0.018624961376190186,0.032620906829833984,1
seg+pos,"(1.5, 8.0, 0.7, 0.6)",0.1914975866675377,0.01712334156036377,0.02565932273864746,1
seg+pos,"(1.5, 8.0, 0.7, 0.6)",0.21785686165094376,0.00858461856842041,0.02772688865661621,1
seg+pos,"(1.5, 8.0, 0.7, -0.3)",0.21383173763751984,0.02543628215789795,0.0528111457824707,1
seg+pos,"(1.5, 8.0, 0.7, -0.3)",0.19791671633720398,0.01711183786392212,0.0010728836059570312,1
seg+pos,"(1.5, 8.0, 0.7, -0.3)",0.188206285238266,0.0157548189163208,0.014450311660766602,1
seg+pos,"(1.5, 8.0, 0.7, -0.3)",0.19738508760929108,0.02214670181274414,0.03595137596130371,1
seg+pos,"(1.5, 8.0, 0.7, -0.3)",0.2174173668026924,0.018380701541900635,0.03833603858947754,1
seg+pos,"(1.5, 8.0, 0.7, -0.3)",0.2023121863603592,0.024588465690612793,0.04393506050109863,1
seg+pos,"(1.5, 8.0, 0.7, -0.3)",0.2027001902461052,0.012695729732513428,0.019056081771850586,1
seg+pos,"(1.5, 8.0, 0.7, -0.3)",0.20912546664476395,0.005101621150970459,0.0029087066650390625,1
seg+pos,"(1.5, 8.0, 0.7, -0.3)",0.18901510536670685,0.015896975994110107,0.016286849975585938,1
seg+pos,"(1.5, 8.0, 0.7, -0.3)",0.1944602131843567,0.012635588645935059,0.00785064697265625,1
seg+pos,"(1.5, 8.0, 0.7, -0.3)",0.19032565504312515,0.012578189373016357,0.047627925872802734,1
seg+pos,"(1.5, 8.0, 0.7, -0.3)",0.1917177364230156,0.005355656147003174,0.006401777267456055,1
seg+pos,"(1.5, 8.0, 0.7, -0.3)",0.19731874763965607,0.016192734241485596,0.05051827430725098,1
seg+pos,"(1.5, 8.0, 0.7, -0.3)",0.1967828869819641,0.015971601009368896,0.03240489959716797,1
seg+pos,"(1.5, 8.0, 0.7, -0.3)",0.21654704213142395,0.015540778636932373,0.033257246017456055,1
seg+pos,"(1.5, 20.0, 0.3, 0.0)",0.26262742280960083,0.033962905406951904,0.05679893493652344,1
seg+pos,"(1.5, 20.0, 0.3, 0.0)",0.24409066140651703,0.027747392654418945,0.03699350357055664,1
seg+pos,"(1.5, 20.0, 0.3, 0.0)",0.22017017006874084,0.022720038890838623,0.031584978103637695,1
seg+pos,"(1.5, 20.0, 0.3, 0.0)",0.22327572107315063,0.025879979133605957,0.030747175216674805,1
seg+pos,"(1.5, 20.0, 0.3, 0.0)",0.22593814134597778,0.01458519697189331,0.018169164657592773,1
seg+pos,"(1.5, 20.0, 0.3, 0.0)",0.25453826785087585,0.01267319917678833,0.03662407398223877,1
seg+pos,"(1.5, 20.0, 0.3, 0.0)",0.2135268673300743,0.03829514980316162,0.08522844314575195,1
seg+pos,"(1.5, 20.0, 0.3, 0.0)",0.2119334116578102,0.0305597186088562,0.04063916206359863,1
seg+pos,"(1.5, 20.0, 0.3, 0.0)",0.2278420552611351,0.03311169147491455,0.04989981651306152,1
seg+pos,"(1.5, 20.0, 0.3, 0.0)",0.2399340495467186,0.022204697132110596,0.017473220825195312,1
seg+pos,"(1.5, 20.0, 0.3, 0.0)",0.21264754980802536,0.0394444465637207,0.032388925552368164,1
seg+pos,"(1.5, 20.0, 0.3, 0.0)",0.24035678803920746,0.029094815254211426,0.03976082801818848,1
seg+pos,"(1.5, 20.0, 0.3, 0.0)",0.21829130500555038,0.0253371000289917,0.022354722023010254,1
seg+pos,"(1.5, 20.0, 0.3, 0.0)",0.2096450924873352,0.037819087505340576,0.03241991996765137,1
seg+pos,"(1.5, 20.0, 0.3, 0.0)",0.2360512986779213,0.035204291343688965,0.06487107276916504,1
seg+pos,"(1.5, 20.0, 0.3, 0.3)",0.227550707757473,0.042559802532196045,0.09069681167602539,1
seg+pos,"(1.5, 20.0, 0.3, 0.3)",0.23229838907718658,0.03435659408569336,0.023139357566833496,1
seg+pos,"(1.5, 20.0, 0.3, 0.3)",0.21975403279066086,0.04427915811538696,0.052073001861572266,1
seg+pos,"(1.5, 20.0, 0.3, 0.3)",0.22292831540107727,0.03373754024505615,0.006929278373718262,1
seg+pos,"(1.5, 20.0, 0.3, 0.3)",0.2200697585940361,0.024979829788208008,0.011034250259399414,1
seg+pos,"(1.5, 20.0, 0.3, 0.3)",0.2507709264755249,0.03895813226699829,0.040719032287597656,1
seg+pos,"(1.5, 20.0, 0.3, 0.3)",0.2195993885397911,0.03717547655105591,0.06204712390899658,1
seg+pos,"(1.5, 20.0, 0.3, 0.3)",0.2449255883693695,0.015240192413330078,0.026951074600219727,1
seg+pos,"(1.5, 20.0, 0.3, 0.3)",0.23284682631492615,0.033168673515319824,0.0246962308883667,1
seg+pos,"(1.5, 20.0, 0.3, 0.3)",0.2479417622089386,0.026116251945495605,0.041281938552856445,1
seg+pos,"(1.5, 20.0, 0.3, 0.3)",0.22612364590168,0.037166714668273926,0.020776748657226562,1
seg+pos,"(1.5, 20.0, 0.3, 0.3)",0.2264011949300766,0.03380382061004639,0.038057923316955566,1
seg+pos,"(1.5, 20.0, 0.3, 0.3)",0.2354852333664894,0.03738778829574585,0.016791701316833496,1
seg+pos,"(1.5, 20.0, 0.3, 0.3)",0.2166523039340973,0.04409509897232056,0.06633508205413818,1
seg+pos,"(1.5, 20.0, 0.3, 0.3)",0.23165901750326157,0.03182482719421387,0.016582846641540527,1
seg+pos,"(1.5, 20.0, 0.3, 0.6)",0.219764843583107,0.03463935852050781,0.03204071521759033,1
seg+pos,"(1.5, 20.0, 0.3, 0.6)",0.21425826847553253,0.045685768127441406,0.019834041595458984,1
seg+pos,"(1.5, 20.0, 0.3, 0.6)",0.24275849014520645,0.025304198265075684,0.019322514533996582,1
seg+pos,"(1.5, 20.0, 0.3, 0.6)",0.2361418604850769,0.046296775341033936,0.023438215255737305,1
seg+pos,"(1.5, 20.0, 0.3, 0.6)",0.23601533472537994,0.0378757119178772,0.016326189041137695,1
seg+pos,"(1.5, 20.0, 0.3, 0.6)",0.22834131866693497,0.025803446769714355,0.008903264999389648,1
seg+pos,"(1.5, 20.0, 0.3, 0.6)",0.21768692880868912,0.02178436517715454,0.014493584632873535,1
seg+pos,"(1.5, 20.0, 0.3, 0.6)",0.21948077529668808,0.025259077548980713,0.013346552848815918,1
seg+pos,"(1.5, 20.0, 0.3, 0.6)",0.2205757424235344,0.015870273113250732,0.005801796913146973,1
seg+pos,"(1.5, 20.0, 0.3, 0.6)",0.22974853217601776,0.03605031967163086,0.02621769905090332,1
seg+pos,"(1.5, 20.0, 0.3, 0.6)",0.22964610904455185,0.047429561614990234,0.027591347694396973,1
seg+pos,"(1.5, 20.0, 0.3, 0.6)",0.2316971868276596,0.034935176372528076,0.01667952537536621,1
seg+pos,"(1.5, 20.0, 0.3, 0.6)",0.22805150598287582,0.03204399347305298,0.019629716873168945,1
seg+pos,"(1.5, 20.0, 0.3, 0.6)",0.2396937608718872,0.051915526390075684,0.01987314224243164,1
seg+pos,"(1.5, 20.0, 0.3, 0.6)",0.2553495913743973,0.02451801300048828,0.03842282295227051,1
seg+pos,"(1.5, 20.0, 0.3, -0.3)",0.2222001552581787,0.030380427837371826,0.060498952865600586,1
seg+pos,"(1.5, 20.0, 0.3, -0.3)",0.22715479880571365,0.025464534759521484,0.039487600326538086,1
seg+pos,"(1.5, 20.0, 0.3, -0.3)",0.2351524531841278,0.028216421604156494,0.06746435165405273,1
seg+pos,"(1.5, 20.0, 0.3, -0.3)",0.22636127471923828,0.06349784135818481,0.12272524833679199,1
seg+pos,"(1.5, 20.0, 0.3, -0.3)",0.22727753221988678,0.021638035774230957,0.009882926940917969,1
seg+pos,"(1.5, 20.0, 0.3, -0.3)",0.23324093967676163,0.030271410942077637,0.04224848747253418,1
seg+pos,"(1.5, 20.0, 0.3, -0.3)",0.233815036714077,0.027649760246276855,0.06513607501983643,1
seg+pos,"(1.5, 20.0, 0.3, -0.3)",0.2205456718802452,0.04649615287780762,0.07102203369140625,1
seg+pos,"(1.5, 20.0, 0.3, -0.3)",0.23117204010486603,0.03989839553833008,0.06098222732543945,1
seg+pos,"(1.5, 20.0, 0.3, -0.3)",0.21142856031656265,0.0265960693359375,0.05765795707702637,1
seg+pos,"(1.5, 20.0, 0.3, -0.3)",0.2380293384194374,0.029877185821533203,0.0657193660736084,1
seg+pos,"(1.5, 20.0, 0.3, -0.3)",0.22114133089780807,0.03462904691696167,0.059660911560058594,1
seg+pos,"(1.5, 20.0, 0.3, -0.3)",0.21809307485818863,0.033554136753082275,0.04901885986328125,1
seg+pos,"(1.5, 20.0, 0.3, -0.3)",0.23455261439085007,0.03075045347213745,0.06851792335510254,1
seg+pos,"(1.5, 20.0, 0.3, -0.3)",0.26163962483406067,0.021896064281463623,0.03753376007080078,1
seg+pos,"(1.5, 20.0, 0.7, 0.0)",0.18128717690706253,0.018541038036346436,0.03734266757965088,1
seg+pos,"(1.5, 20.0, 0.7, 0.0)",0.19780268520116806,0.010686814785003662,0.020281076431274414,1
seg+pos,"(1.5, 20.0, 0.7, 0.0)",0.18935993313789368,0.0036160945892333984,0.0009957551956176758,1
seg+pos,"(1.5, 20.0, 0.7, 0.0)",0.214825339615345,0.014136135578155518,0.011225461959838867,1
seg+pos,"(1.5, 20.0, 0.7, 0.0)",0.2095850184559822,0.019179224967956543,0.026108503341674805,1
seg+pos,"(1.5, 20.0, 0.7, 0.0)",0.18322142213582993,0.013010144233703613,0.018308281898498535,1
seg+pos,"(1.5, 20.0, 0.7, 0.0)",0.21700095385313034,0.017081022262573242,0.020082473754882812,1
seg+pos,"(1.5, 20.0, 0.7, 0.0)",0.19045814871788025,0.01659858226776123,0.026951313018798828,1
seg+pos,"(1.5, 20.0, 0.7, 0.0)",0.18830681592226028,0.017319440841674805,0.012826681137084961,1
seg+pos,"(1.5, 20.0, 0.7, 0.0)",0.18324073404073715,0.011002004146575928,0.009861946105957031,1
seg+pos,"(1.5, 20.0, 0.7, 0.0)",0.18598224967718124,0.003133237361907959,0.012742280960083008,1
seg+pos,"(1.5, 20.0, 0.7, 0.0)",0.19415642321109772,0.004883527755737305,0.00961315631866455,1
seg+pos,"(1.5, 20.0, 0.7, 0.0)",0.19640547037124634,0.016278088092803955,0.03390836715698242,1
seg+pos,"(1.5, 20.0, 0.7, 0.0)",0.21572992950677872,0.011705338954925537,0.016369104385375977,1
seg+pos,"(1.5, 20.0, 0.7, 0.0)",0.2101638838648796,0.010693728923797607,0.018118619918823242,1
seg+pos,"(1.5, 20.0, 0.7, 0.3)",0.1890244260430336,0.019692718982696533,0.03834414482116699,1
seg+pos,"(1.5, 20.0, 0.7, 0.3)",0.20146691799163818,0.016899824142456055,0.034407973289489746,1
seg+pos,"(1.5, 20.0, 0.7, 0.3)",0.19825835525989532,0.0053408145904541016,0.04257500171661377,1
seg+pos,"(1.5, 20.0, 0.7, 0.3)",0.19558323174715042,0.006554782390594482,0.036928772926330566,1
seg+pos,"(1.5, 20.0, 0.7, 0.3)",0.1794745996594429,0.004268944263458252,0.01378011703491211,1
seg+pos,"(1.5, 20.0, 0.7, 0.3)",0.19421009719371796,7.462501525878906e-05,0.018789052963256836,1
seg+pos,"(1.5, 20.0, 0.7, 0.3)",0.207727812230587,0.0026153922080993652,0.03513777256011963,1
seg+pos,"(1.5, 20.0, 0.7, 0.3)",0.1923002079129219,0.006888210773468018,0.014742255210876465,1
seg+pos,"(1.5, 20.0, 0.7, 0.3)",0.19192393869161606,0.01820772886276245,0.0646963119506836,1
seg+pos,"(1.5, 20.0, 0.7, 0.3)",0.19026921689510345,0.018276572227478027,0.02908933162689209,1
seg+pos,"(1.5, 20.0, 0.7, 0.3)",0.18289241939783096,0.0015507340431213379,0.018651247024536133,1
seg+pos,"(1.5, 20.0, 0.7, 0.3)",0.18810994178056717,0.01657325029373169,0.016086697578430176,1
seg+pos,"(1.5, 20.0, 0.7, 0.3)",0.18169934302568436,0.012815654277801514,0.00022971630096435547,1
seg+pos,"(1.5, 20.0, 0.7, 0.3)",0.18577220290899277,0.013563752174377441,0.006350874900817871,1
seg+pos,"(1.5, 20.0, 0.7, 0.3)",0.206342451274395,0.006778836250305176,0.0035715103149414062,1
seg+pos,"(1.5, 20.0, 0.7, 0.6)",0.2056719958782196,0.01823103427886963,0.00920414924621582,1
seg+pos,"(1.5, 20.0, 0.7, 0.6)",0.19341593235731125,0.0025734901428222656,0.016892671585083008,1
seg+pos,"(1.5, 20.0, 0.7, 0.6)",0.18265033513307571,0.009651660919189453,0.02177274227142334,1
seg+pos,"(1.5, 20.0, 0.7, 0.6)",0.18819908797740936,0.015719592571258545,0.033562421798706055,1
seg+pos,"(1.5, 20.0, 0.7, 0.6)",0.20007751137018204,0.02482140064239502,0.0361098051071167,1
seg+pos,"(1.5, 20.0, 0.7, 0.6)",0.20316782593727112,0.005222797393798828,0.02789616584777832,1
seg+pos,"(1.5, 20.0, 0.7, 0.6)",0.18797344714403152,0.018532276153564453,0.017576932907104492,1
seg+pos,"(1.5, 20.0, 0.7, 0.6)",0.20017904788255692,0.007653415203094482,0.003559708595275879,1
seg+pos,"(1.5, 20.0, 0.7, 0.6)",0.17758610844612122,0.003431379795074463,0.004300355911254883,1
seg+pos,"(1.5, 20.0, 0.7, 0.6)",0.2051170915365219,0.009271860122680664,0.022722244262695312,1
seg+pos,"(1.5, 20.0, 0.7, 0.6)",0.19846206903457642,0.003442049026489258,0.0090867280960083,1
seg+pos,"(1.5, 20.0, 0.7, 0.6)",0.18486948311328888,0.01358860731124878,0.052170395851135254,1
seg+pos,"(1.5, 20.0, 0.7, 0.6)",0.20069842785596848,0.0019074082374572754,0.014416337013244629,1
seg+pos,"(1.5, 20.0, 0.7, 0.6)",0.21438780426979065,0.007952392101287842,0.023398995399475098,1
seg+pos,"(1.5, 20.0, 0.7, 0.6)",0.1976330801844597,0.01327890157699585,0.02331411838531494,1
seg+pos,"(1.5, 20.0, 0.7, -0.3)",0.188934788107872,0.00879579782485962,0.02002549171447754,1
seg+pos,"(1.5, 20.0, 0.7, -0.3)",0.19194255024194717,0.01000124216079712,0.010445833206176758,1
seg+pos,"(1.5, 20.0, 0.7, -0.3)",0.18768635392189026,0.013287663459777832,0.013017654418945312,1
seg+pos,"(1.5, 20.0, 0.7, -0.3)",0.20430078357458115,0.019209325313568115,0.01162409782409668,1
seg+pos,"(1.5, 20.0, 0.7, -0.3)",0.1943405643105507,0.016950786113739014,0.02446126937866211,1
seg+pos,"(1.5, 20.0, 0.7, -0.3)",0.1848813220858574,0.011399924755096436,0.002360820770263672,1
seg+pos,"(1.5, 20.0, 0.7, -0.3)",0.193937748670578,0.014287948608398438,0.014766454696655273,1
seg+pos,"(1.5, 20.0, 0.7, -0.3)",0.19507090747356415,0.014563679695129395,0.006487131118774414,1
seg+pos,"(1.5, 20.0, 0.7, -0.3)",0.18767601996660233,0.015836000442504883,0.022020578384399414,1
seg+pos,"(1.5, 20.0, 0.7, -0.3)",0.19668003171682358,0.005188465118408203,0.007347583770751953,1
seg+pos,"(1.5, 20.0, 0.7, -0.3)",0.19630803912878036,0.0037564635276794434,0.008911371231079102,1
seg+pos,"(1.5, 20.0, 0.7, -0.3)",0.18324463814496994,0.006936132907867432,0.019078731536865234,1
seg+pos,"(1.5, 20.0, 0.7, -0.3)",0.2029757723212242,0.0037830471992492676,0.008866310119628906,1
seg+pos,"(1.5, 20.0, 0.7, -0.3)",0.2123829647898674,0.012289226055145264,0.022552967071533203,1
seg+pos,"(1.5, 20.0, 0.7, -0.3)",0.1827196106314659,0.0138435959815979,0.03153395652770996,1
seg+pos,"(3.0, 8.0, 0.3, 0.0)",0.3479374647140503,0.04646003246307373,0.0741877555847168,1
seg+pos,"(3.0, 8.0, 0.3, 0.0)",0.3473636209964752,0.05733692646026611,0.07731151580810547,1
seg+pos,"(3.0, 8.0, 0.3, 0.0)",0.29774586856365204,0.047386884689331055,0.05275869369506836,1
seg+pos,"(3.0, 8.0, 0.3, 0.0)",0.3050622344017029,0.059952497482299805,0.08912515640258789,1
seg+pos,"(3.0, 8.0, 0.3, 0.0)",0.32719947397708893,0.039284467697143555,0.046967506408691406,1
seg+pos,"(3.0, 8.0, 0.3, 0.0)",0.27753664553165436,0.03357863426208496,0.041764259338378906,1
seg+pos,"(3.0, 8.0, 0.3, 0.0)",0.3102126270532608,0.032658934593200684,0.008682727813720703,1
seg+pos,"(3.0, 8.0, 0.3, 0.0)",0.27235016226768494,0.03102588653564453,0.01148223876953125,1
seg+pos,"(3.0, 8.0, 0.3, 0.0)",0.28653673827648163,0.03895711898803711,0.04669451713562012,1
seg+pos,"(3.0, 8.0, 0.3, 0.0)",0.2949972599744797,0.06004619598388672,0.08507680892944336,1
seg+pos,"(3.0, 8.0, 0.3, 0.0)",0.2714442014694214,0.03877615928649902,0.058820247650146484,1
seg+pos,"(3.0, 8.0, 0.3, 0.0)",0.32926252484321594,0.05082964897155762,0.10088229179382324,1
seg+pos,"(3.0, 8.0, 0.3, 0.0)",0.29629741609096527,0.04730522632598877,0.06691408157348633,1
seg+pos,"(3.0, 8.0, 0.3, 0.0)",0.3306385576725006,0.04583907127380371,0.0471034049987793,1
seg+pos,"(3.0, 8.0, 0.3, 0.0)",0.3011826276779175,0.05384397506713867,0.07222986221313477,1
seg+pos,"(3.0, 8.0, 0.3, 0.3)",0.3393080234527588,0.031241655349731445,0.02878594398498535,1
seg+pos,"(3.0, 8.0, 0.3, 0.3)",0.29465363919734955,0.026390671730041504,0.016980409622192383,1
seg+pos,"(3.0, 8.0, 0.3, 0.3)",0.3290224224328995,0.035286903381347656,0.04005026817321777,1
seg+pos,"(3.0, 8.0, 0.3, 0.3)",0.27926619350910187,0.02629995346069336,0.021916627883911133,1
seg+pos,"(3.0, 8.0, 0.3, 0.3)",0.30701489746570587,0.026235342025756836,0.026324033737182617,1
seg+pos,"(3.0, 8.0, 0.3, 0.3)",0.2996405065059662,0.055954813957214355,0.05415058135986328,1
seg+pos,"(3.0, 8.0, 0.3, 0.3)",0.3264041543006897,0.04789543151855469,0.04159665107727051,1
seg+pos,"(3.0, 8.0, 0.3, 0.3)",0.2949691265821457,0.03428220748901367,0.041587114334106445,1
seg+pos,"(3.0, 8.0, 0.3, 0.3)",0.29748621582984924,0.0372011661529541,0.031100034713745117,1
seg+pos,"(3.0, 8.0, 0.3, 0.3)",0.2831622362136841,0.04723072052001953,0.04595780372619629,1
seg+pos,"(3.0, 8.0, 0.3, 0.3)",0.310317799448967,0.06091344356536865,0.03593087196350098,1
seg+pos,"(3.0, 8.0, 0.3, 0.3)",0.31445926427841187,0.04543197154998779,0.04703998565673828,1
seg+pos,"(3.0, 8.0, 0.3, 0.3)",0.2828330099582672,0.03720128536224365,0.050421953201293945,1
seg+pos,"(3.0, 8.0, 0.3, 0.3)",0.3376946449279785,0.041704535484313965,0.053096771240234375,1
seg+pos,"(3.0, 8.0, 0.3, 0.3)",0.29618167877197266,0.0427241325378418,0.039435386657714844,1
seg+pos,"(3.0, 8.0, 0.3, 0.6)",0.31101444363594055,0.06220531463623047,0.0323331356048584,1
seg+pos,"(3.0, 8.0, 0.3, 0.6)",0.2669229209423065,0.05279695987701416,0.018006563186645508,1
seg+pos,"(3.0, 8.0, 0.3, 0.6)",0.30522316694259644,0.03485715389251709,0.023118972778320312,1
seg+pos,"(3.0, 8.0, 0.3, 0.6)",0.29002004861831665,0.040679931640625,0.0008742809295654297,1
seg+pos,"(3.0, 8.0, 0.3, 0.6)",0.2644861340522766,0.03773021697998047,0.014186620712280273,1
seg+pos,"(3.0, 8.0, 0.3, 0.6)",0.31116925179958344,0.054036736488342285,0.005655050277709961,1
seg+pos,"(3.0, 8.0, 0.3, 0.6)",0.33546172082424164,0.031186938285827637,0.020784854888916016,1
seg+pos,"(3.0, 8.0, 0.3, 0.6)",0.27508382499217987,0.03738832473754883,0.024321556091308594,1
seg+pos,"(3.0, 8.0, 0.3, 0.6)",0.2956610321998596,0.03748011589050293,0.025696992874145508,1
seg+pos,"(3.0, 8.0, 0.3, 0.6)",0.2994709312915802,0.036930203437805176,0.021277189254760742,1
seg+pos,"(3.0, 8.0, 0.3, 0.6)",0.3339153528213501,0.051099300384521484,0.00026869773864746094,1
seg+pos,"(3.0, 8.0, 0.3, 0.6)",0.3351932466030121,0.028539061546325684,0.00032591819763183594,1
seg+pos,"(3.0, 8.0, 0.3, 0.6)",0.2785157263278961,0.04754805564880371,0.026373863220214844,1
seg+pos,"(3.0, 8.0, 0.3, 0.6)",0.2952357232570648,0.06116688251495361,0.03025507926940918,1
seg+pos,"(3.0, 8.0, 0.3, 0.6)",0.27857254445552826,0.04117023944854736,0.0029523372650146484,1
seg+pos,"(3.0, 8.0, 0.3, -0.3)",0.2790459394454956,0.025616168975830078,0.04851961135864258,1
seg+pos,"(3.0, 8.0, 0.3, -0.3)",0.31033089756965637,0.049599409103393555,0.09167671203613281,1
seg+pos,"(3.0, 8.0, 0.3, -0.3)",0.27804410457611084,0.023979783058166504,0.04353046417236328,1
seg+pos,"(3.0, 8.0, 0.3, -0.3)",0.2970241904258728,0.04953491687774658,0.08675050735473633,1
seg+pos,"(3.0, 8.0, 0.3, -0.3)",0.2844114899635315,0.03951907157897949,0.082000732421875,1
seg+pos,"(3.0, 8.0, 0.3, -0.3)",0.2838549315929413,0.04916656017303467,0.09145784378051758,1
seg+pos,"(3.0, 8.0, 0.3, -0.3)",0.3415544480085373,0.05321145057678223,0.06323766708374023,1
seg+pos,"(3.0, 8.0, 0.3, -0.3)",0.32884740829467773,0.04157376289367676,0.044356346130371094,1
seg+pos,"(3.0, 8.0, 0.3, -0.3)",0.2944161593914032,0.04751873016357422,0.06995058059692383,1
seg+pos,"(3.0, 8.0, 0.3, -0.3)",0.3076282888650894,0.05777597427368164,0.09747934341430664,1
seg+pos,"(3.0, 8.0, 0.3, -0.3)",0.2704484313726425,0.023818373680114746,0.043962955474853516,1
seg+pos,"(3.0, 8.0, 0.3, -0.3)",0.27602653205394745,0.04382777214050293,0.06557989120483398,1
seg+pos,"(3.0, 8.0, 0.3, -0.3)",0.3181381821632385,0.04179191589355469,0.06531858444213867,1
seg+pos,"(3.0, 8.0, 0.3, -0.3)",0.29547570645809174,0.044924020767211914,0.0760655403137207,1
seg+pos,"(3.0, 8.0, 0.3, -0.3)",0.3038919121026993,0.05153250694274902,0.08957290649414062,1
seg+pos,"(3.0, 8.0, 0.7, 0.0)",0.2653968632221222,0.017527222633361816,0.0034186840057373047,1
seg+pos,"(3.0, 8.0, 0.7, 0.0)",0.260951966047287,0.01956760883331299,0.038083553314208984,1
seg+pos,"(3.0, 8.0, 0.7, 0.0)",0.23473595827817917,0.01852583885192871,0.024306297302246094,1
seg+pos,"(3.0, 8.0, 0.7, 0.0)",0.2300737053155899,0.021313786506652832,0.034064292907714844,1
seg+pos,"(3.0, 8.0, 0.7, 0.0)",0.2330940216779709,0.04307103157043457,0.06424903869628906,1
seg+pos,"(3.0, 8.0, 0.7, 0.0)",0.23586932569742203,0.009540081024169922,0.03796529769897461,1
seg+pos,"(3.0, 8.0, 0.7, 0.0)",0.21802754700183868,0.013861656188964844,0.010766983032226562,1
seg+pos,"(3.0, 8.0, 0.7, 0.0)",0.24022271484136581,0.018390893936157227,0.006007671356201172,1
seg+pos,"(3.0, 8.0, 0.7, 0.0)",0.22832977771759033,0.013895392417907715,0.019861936569213867,1
seg+pos,"(3.0, 8.0, 0.7, 0.0)",0.2632928639650345,0.0031355619430541992,0.0009062290191650391,1
seg+pos,"(3.0, 8.0, 0.7, 0.0)",0.26845043897628784,0.03244376182556152,0.055936574935913086,1
seg+pos,"(3.0, 8.0, 0.7, 0.0)",0.23771771043539047,0.011920571327209473,0.008575916290283203,1
seg+pos,"(3.0, 8.0, 0.7, 0.0)",0.24245727062225342,0.013973116874694824,0.0028328895568847656,1
seg+pos,"(3.0, 8.0, 0.7, 0.0)",0.253776416182518,0.02408754825592041,0.03326225280761719,1
seg+pos,"(3.0, 8.0, 0.7, 0.0)",0.2593053728342056,0.01804172992706299,0.031543731689453125,1
seg+pos,"(3.0, 8.0, 0.7, 0.3)",0.23940762132406235,0.027634739875793457,0.020569324493408203,1
seg+pos,"(3.0, 8.0, 0.7, 0.3)",0.23000233620405197,0.0286557674407959,0.009881734848022461,1
seg+pos,"(3.0, 8.0, 0.7, 0.3)",0.23049378395080566,0.01556241512298584,0.009764432907104492,1
seg+pos,"(3.0, 8.0, 0.7, 0.3)",0.23413238674402237,0.016691207885742188,0.004937887191772461,1
seg+pos,"(3.0, 8.0, 0.7, 0.3)",0.27304527163505554,0.023004651069641113,0.053884029388427734,1
seg+pos,"(3.0, 8.0, 0.7, 0.3)",0.22174716740846634,0.017069697380065918,0.0024895668029785156,1
seg+pos,"(3.0, 8.0, 0.7, 0.3)",0.26798561215400696,0.019575953483581543,0.013159990310668945,1
seg+pos,"(3.0, 8.0, 0.7, 0.3)",0.24789465963840485,0.012641429901123047,0.005793333053588867,1
seg+pos,"(3.0, 8.0, 0.7, 0.3)",0.2518208771944046,0.03993713855743408,0.03867077827453613,1
seg+pos,"(3.0, 8.0, 0.7, 0.3)",0.2586277723312378,0.015539288520812988,0.005551338195800781,1
seg+pos,"(3.0, 8.0, 0.7, 0.3)",0.24302426725625992,0.007986903190612793,0.0016775131225585938,1
seg+pos,"(3.0, 8.0, 0.7, 0.3)",0.24973643571138382,0.03825414180755615,0.05830025672912598,1
seg+pos,"(3.0, 8.0, 0.7, 0.3)",0.22947745025157928,0.026869654655456543,0.020955801010131836,1
seg+pos,"(3.0, 8.0, 0.7, 0.3)",0.25985513627529144,0.008033990859985352,0.0025794506072998047,1
seg+pos,"(3.0, 8.0, 0.7, 0.3)",0.23754660785198212,0.015537142753601074,0.011214494705200195,1
seg+pos,"(3.0, 8.0, 0.7, 0.6)",0.2381073534488678,0.018638968467712402,0.002382040023803711,1
seg+pos,"(3.0, 8.0, 0.7, 0.6)",0.24479003250598907,0.020355224609375,0.0063207149505615234,1
seg+pos,"(3.0, 8.0, 0.7, 0.6)",0.23309580981731415,0.02922236919403076,0.01904296875,1
seg+pos,"(3.0, 8.0, 0.7, 0.6)",0.25562651455402374,0.015890836715698242,0.007212162017822266,1
seg+pos,"(3.0, 8.0, 0.7, 0.6)",0.2460452988743782,0.026374340057373047,0.01254892349243164,1
seg+pos,"(3.0, 8.0, 0.7, 0.6)",0.256214439868927,0.02183389663696289,0.018040180206298828,1
seg+pos,"(3.0, 8.0, 0.7, 0.6)",0.22772914916276932,0.013152241706848145,0.009227991104125977,1
seg+pos,"(3.0, 8.0, 0.7, 0.6)",0.23121126741170883,0.007324814796447754,0.013115406036376953,1
seg+pos,"(3.0, 8.0, 0.7, 0.6)",0.23174050450325012,0.02933335304260254,0.020759105682373047,1
seg+pos,"(3.0, 8.0, 0.7, 0.6)",0.23826010525226593,0.01383364200592041,0.017632484436035156,1
seg+pos,"(3.0, 8.0, 0.7, 0.6)",0.23808340728282928,0.025523781776428223,0.010562419891357422,1
seg+pos,"(3.0, 8.0, 0.7, 0.6)",0.24549346417188644,0.02000439167022705,0.05036330223083496,1
seg+pos,"(3.0, 8.0, 0.7, 0.6)",0.23941129446029663,0.036978721618652344,0.016935110092163086,1
seg+pos,"(3.0, 8.0, 0.7, 0.6)",0.25622279942035675,0.012581348419189453,0.01754307746887207,1
seg+pos,"(3.0, 8.0, 0.7, 0.6)",0.23852600902318954,0.026187658309936523,0.03938889503479004,1
seg+pos,"(3.0, 8.0, 0.7, -0.3)",0.26961538195610046,0.023706793785095215,0.0381617546081543,1
seg+pos,"(3.0, 8.0, 0.7, -0.3)",0.23488789796829224,0.029730796813964844,0.036015987396240234,1
seg+pos,"(3.0, 8.0, 0.7, -0.3)",0.22920046001672745,0.011678695678710938,0.02860260009765625,1
seg+pos,"(3.0, 8.0, 0.7, -0.3)",0.27224990725517273,0.039609313011169434,0.08975362777709961,1
seg+pos,"(3.0, 8.0, 0.7, -0.3)",0.23874109983444214,0.023258447647094727,0.046529293060302734,1
seg+pos,"(3.0, 8.0, 0.7, -0.3)",0.2547606900334358,0.011448979377746582,0.00713348388671875,1
seg+pos,"(3.0, 8.0, 0.7, -0.3)",0.22701723128557205,0.03745377063751221,0.049616336822509766,1
seg+pos,"(3.0, 8.0, 0.7, -0.3)",0.2468908131122589,0.02737247943878174,0.05529022216796875,1
seg+pos,"(3.0, 8.0, 0.7, -0.3)",0.24732260406017303,0.023703455924987793,0.019140243530273438,1
seg+pos,"(3.0, 8.0, 0.7, -0.3)",0.24462463706731796,0.031002402305603027,0.052504539489746094,1
seg+pos,"(3.0, 8.0, 0.7, -0.3)",0.24052361398935318,0.03502774238586426,0.06335878372192383,1
seg+pos,"(3.0, 8.0, 0.7, -0.3)",0.22088255733251572,0.023622751235961914,0.04580545425415039,1
seg+pos,"(3.0, 8.0, 0.7, -0.3)",0.25069527328014374,0.03343093395233154,0.05629396438598633,1
seg+pos,"(3.0, 8.0, 0.7, -0.3)",0.22880934923887253,0.028020262718200684,0.059716224670410156,1
seg+pos,"(3.0, 8.0, 0.7, -0.3)",0.26517146825790405,0.026441097259521484,0.04157209396362305,1
seg+pos,"(3.0, 20.0, 0.3, 0.0)",0.2675182819366455,0.04189705848693848,0.061070919036865234,1
seg+pos,"(3.0, 20.0, 0.3, 0.0)",0.2714978754520416,0.036556243896484375,0.04580497741699219,1
seg+pos,"(3.0, 20.0, 0.3, 0.0)",0.29034894704818726,0.028714418411254883,0.02072906494140625,1
seg+pos,"(3.0, 20.0, 0.3, 0.0)",0.2886194437742233,0.019281506538391113,0.0042057037353515625,1
seg+pos,"(3.0, 20.0, 0.3, 0.0)",0.263723760843277,0.04553508758544922,0.049271583557128906,1
seg+pos,"(3.0, 20.0, 0.3, 0.0)",0.29139308631420135,0.027538180351257324,0.0728616714477539,1
seg+pos,"(3.0, 20.0, 0.3, 0.0)",0.26724591851234436,0.04779207706451416,0.08251333236694336,1
seg+pos,"(3.0, 20.0, 0.3, 0.0)",0.26995569467544556,0.03669428825378418,0.05392885208129883,1
seg+pos,"(3.0, 20.0, 0.3, 0.0)",0.2627541869878769,0.032834649085998535,0.05319547653198242,1
seg+pos,"(3.0, 20.0, 0.3, 0.0)",0.2825893461704254,0.03097689151763916,0.0562441349029541,1
seg+pos,"(3.0, 20.0, 0.3, 0.0)",0.2741602957248688,0.03579282760620117,0.05057382583618164,1
seg+pos,"(3.0, 20.0, 0.3, 0.0)",0.26524029672145844,0.047519564628601074,0.06177043914794922,1
seg+pos,"(3.0, 20.0, 0.3, 0.0)",0.2674051374197006,0.037017822265625,0.06967592239379883,1
seg+pos,"(3.0, 20.0, 0.3, 0.0)",0.27798938751220703,0.0301283597946167,0.04937028884887695,1
seg+pos,"(3.0, 20.0, 0.3, 0.0)",0.2735353261232376,0.04381966590881348,0.05968284606933594,1
seg+pos,"(3.0, 20.0, 0.3, 0.3)",0.26900964975357056,0.022830843925476074,0.039603471755981445,1
seg+pos,"(3.0, 20.0, 0.3, 0.3)",0.27038317918777466,0.046717286109924316,0.03574824333190918,1
seg+pos,"(3.0, 20.0, 0.3, 0.3)",0.27055564522743225,0.03281128406524658,0.06543493270874023,1
seg+pos,"(3.0, 20.0, 0.3, 0.3)",0.31318527460098267,0.018082022666931152,0.02103734016418457,1
seg+pos,"(3.0, 20.0, 0.3, 0.3)",0.286814883351326,0.02731025218963623,0.027596712112426758,1
seg+pos,"(3.0, 20.0, 0.3, 0.3)",0.2675260156393051,0.043209075927734375,0.02790236473083496,1
seg+pos,"(3.0, 20.0, 0.3, 0.3)",0.27126891911029816,0.03477632999420166,0.04742002487182617,1
seg+pos,"(3.0, 20.0, 0.3, 0.3)",0.2757675051689148,0.028771042823791504,0.02379751205444336,1
seg+pos,"(3.0, 20.0, 0.3, 0.3)",0.3220341056585312,0.03280770778656006,0.036277055740356445,1
seg+pos,"(3.0, 20.0, 0.3, 0.3)",0.32072585821151733,0.04255354404449463,0.04053902626037598,1
seg+pos,"(3.0, 20.0, 0.3, 0.3)",0.2873048037290573,0.01635587215423584,0.007168292999267578,1
seg+pos,"(3.0, 20.0, 0.3, 0.3)",0.28052520751953125,0.035605669021606445,0.024523019790649414,1
seg+pos,"(3.0, 20.0, 0.3, 0.3)",0.31232595443725586,0.04469728469848633,0.020676136016845703,1
seg+pos,"(3.0, 20.0, 0.3, 0.3)",0.2575591504573822,0.02030813694000244,0.02617168426513672,1
seg+pos,"(3.0, 20.0, 0.3, 0.3)",0.28618641197681427,0.03466391563415527,0.04959297180175781,1
seg+pos,"(3.0, 20.0, 0.3, 0.6)",0.28467173874378204,0.04474008083343506,0.01457357406616211,1
seg+pos,"(3.0, 20.0, 0.3, 0.6)",0.2834443151950836,0.028211355209350586,0.01777815818786621,1
seg+pos,"(3.0, 20.0, 0.3, 0.6)",0.2833421230316162,0.027375102043151855,0.048778533935546875,1
seg+pos,"(3.0, 20.0, 0.3, 0.6)",0.2839629054069519,0.05527186393737793,0.03723311424255371,1
seg+pos,"(3.0, 20.0, 0.3, 0.6)",0.32408617436885834,0.027016878128051758,0.017829179763793945,1
seg+pos,"(3.0, 20.0, 0.3, 0.6)",0.25762978196144104,0.03233206272125244,0.02031421661376953,1
seg+pos,"(3.0, 20.0, 0.3, 0.6)",0.282515212893486,0.01720130443572998,0.026906490325927734,1
seg+pos,"(3.0, 20.0, 0.3, 0.6)",0.3091021180152893,0.023098111152648926,0.017248868942260742,1
seg+pos,"(3.0, 20.0, 0.3, 0.6)",0.26330380141735077,0.044927000999450684,0.035773515701293945,1
seg+pos,"(3.0, 20.0, 0.3, 0.6)",0.25889167189598083,0.036621928215026855,0.011685609817504883,1
seg+pos,"(3.0, 20.0, 0.3, 0.6)",0.2812689542770386,0.028249740600585938,0.021863698959350586,1
seg+pos,"(3.0, 20.0, 0.3, 0.6)",0.3162926286458969,0.018375515937805176,0.06363439559936523,1
seg+pos,"(3.0, 20.0, 0.3, 0.6)",0.2881176769733429,0.03789877891540527,0.027170419692993164,1
seg+pos,"(3.0, 20.0, 0.3, 0.6)",0.2656936049461365,0.023974061012268066,0.007047891616821289,1
seg+pos,"(3.0, 20.0, 0.3, 0.6)",0.27719226479530334,0.02961742877960205,0.002295970916748047,1
seg+pos,"(3.0, 20.0, 0.3, -0.3)",0.2588271349668503,0.02867913246154785,0.03917264938354492,1
seg+pos,"(3.0, 20.0, 0.3, -0.3)",0.3055347502231598,0.02641427516937256,0.026603221893310547,1
seg+pos,"(3.0, 20.0, 0.3, -0.3)",0.27669674158096313,0.03791320323944092,0.06855297088623047,1
seg+pos,"(3.0, 20.0, 0.3, -0.3)",0.27259954810142517,0.031557321548461914,0.03517484664916992,1
seg+pos,"(3.0, 20.0, 0.3, -0.3)",0.26685377955436707,0.0429912805557251,0.09055519104003906,1
seg+pos,"(3.0, 20.0, 0.3, -0.3)",0.26656362414360046,0.04167318344116211,0.07589387893676758,1
seg+pos,"(3.0, 20.0, 0.3, -0.3)",0.2707196772098541,0.03493380546569824,0.053582191467285156,1
seg+pos,"(3.0, 20.0, 0.3, -0.3)",0.2711460292339325,0.020982980728149414,0.04446840286254883,1
seg+pos,"(3.0, 20.0, 0.3, -0.3)",0.3097198158502579,0.029708027839660645,0.04685020446777344,1
seg+pos,"(3.0, 20.0, 0.3, -0.3)",0.2777281105518341,0.03285050392150879,0.0557408332824707,1
seg+pos,"(3.0, 20.0, 0.3, -0.3)",0.2611403912305832,0.02153778076171875,0.0417485237121582,1
seg+pos,"(3.0, 20.0, 0.3, -0.3)",0.26819685101509094,0.04066658020019531,0.04200124740600586,1
seg+pos,"(3.0, 20.0, 0.3, -0.3)",0.3203967809677124,0.03948235511779785,0.06827163696289062,1
seg+pos,"(3.0, 20.0, 0.3, -0.3)",0.2730613350868225,0.04927682876586914,0.0860280990600586,1
seg+pos,"(3.0, 20.0, 0.3, -0.3)",0.29591870307922363,0.06336390972137451,0.11735868453979492,1
seg+pos,"(3.0, 20.0, 0.7, 0.0)",0.20973851531744003,0.008800745010375977,0.02867412567138672,1
seg+pos,"(3.0, 20.0, 0.7, 0.0)",0.20393520593643188,0.020846128463745117,0.026658058166503906,1
seg+pos,"(3.0, 20.0, 0.7, 0.0)",0.2100716158747673,0.0158158540725708,0.016483306884765625,1
seg+pos,"(3.0, 20.0, 0.7, 0.0)",0.20141249150037766,0.011683940887451172,0.03214120864868164,1
seg+pos,"(3.0, 20.0, 0.7, 0.0)",0.2214963287115097,0.011422991752624512,0.019269466400146484,1
seg+pos,"(3.0, 20.0, 0.7, 0.0)",0.22551395744085312,0.005815386772155762,0.013125896453857422,1
seg+pos,"(3.0, 20.0, 0.7, 0.0)",0.22553618997335434,0.016965627670288086,0.03167009353637695,1
seg+pos,"(3.0, 20.0, 0.7, 0.0)",0.20125852525234222,0.011932373046875,0.01511240005493164,1
seg+pos,"(3.0, 20.0, 0.7, 0.0)",0.21227233111858368,0.007926106452941895,0.016383647918701172,1
seg+pos,"(3.0, 20.0, 0.7, 0.0)",0.22176926583051682,0.007079005241394043,0.022966861724853516,1
seg+pos,"(3.0, 20.0, 0.7, 0.0)",0.20239147543907166,0.001271963119506836,0.0033588409423828125,1
seg+pos,"(3.0, 20.0, 0.7, 0.0)",0.20507657527923584,0.010529160499572754,0.0004334449768066406,1
seg+pos,"(3.0, 20.0, 0.7, 0.0)",0.21007639169692993,0.0045795440673828125,0.012328147888183594,1
seg+pos,"(3.0, 20.0, 0.7, 0.0)",0.20311064273118973,0.026927590370178223,0.01823902130126953,1
seg+pos,"(3.0, 20.0, 0.7, 0.0)",0.2183283194899559,0.01808464527130127,0.006946563720703125,1
seg+pos,"(3.0, 20.0, 0.7, 0.3)",0.20652609318494797,0.009598374366760254,0.0008478164672851562,1
seg+pos,"(3.0, 20.0, 0.7, 0.3)",0.19917570799589157,0.01277923583984375,0.026386499404907227,1
seg+pos,"(3.0, 20.0, 0.7, 0.3)",0.21744271367788315,0.012272119522094727,0.007463932037353516,1
seg+pos,"(3.0, 20.0, 0.7, 0.3)",0.1964467316865921,0.01796269416809082,0.05447077751159668,1
seg+pos,"(3.0, 20.0, 0.7, 0.3)",0.19878094643354416,0.008852839469909668,0.010225534439086914,1
seg+pos,"(3.0, 20.0, 0.7, 0.3)",0.20206508040428162,0.008736133575439453,0.0011761188507080078,1
seg+pos,"(3.0, 20.0, 0.7, 0.3)",0.20402295887470245,0.024760961532592773,0.024838924407958984,1
seg+pos,"(3.0, 20.0, 0.7, 0.3)",0.20830923318862915,0.004385590553283691,0.01900339126586914,1
seg+pos,"(3.0, 20.0, 0.7, 0.3)",0.20026107877492905,0.012743234634399414,0.022744178771972656,1
seg+pos,"(3.0, 20.0, 0.7, 0.3)",0.19088786840438843,0.01160728931427002,0.019013166427612305,1
seg+pos,"(3.0, 20.0, 0.7, 0.3)",0.2001967579126358,0.027670621871948242,0.03075885772705078,1
seg+pos,"(3.0, 20.0, 0.7, 0.3)",0.20816946774721146,0.02935314178466797,0.03412795066833496,1
seg+pos,"(3.0, 20.0, 0.7, 0.3)",0.21888773143291473,0.007962465286254883,0.008507966995239258,1
seg+pos,"(3.0, 20.0, 0.7, 0.3)",0.20241589844226837,0.009325027465820312,0.05118441581726074,1
seg+pos,"(3.0, 20.0, 0.7, 0.3)",0.202416330575943,0.016904473304748535,0.012596607208251953,1
seg+pos,"(3.0, 20.0, 0.7, 0.6)",0.20310872793197632,0.014910459518432617,0.01697254180908203,1
seg+pos,"(3.0, 20.0, 0.7, 0.6)",0.19031108915805817,0.009678959846496582,0.016729116439819336,1
seg+pos,"(3.0, 20.0, 0.7, 0.6)",0.22488121688365936,0.018328547477722168,0.041658878326416016,1
seg+pos,"(3.0, 20.0, 0.7, 0.6)",0.19788648188114166,0.009521245956420898,0.01423656940460205,1
seg+pos,"(3.0, 20.0, 0.7, 0.6)",0.20105582475662231,0.008802533149719238,0.008749008178710938,1
seg+pos,"(3.0, 20.0, 0.7, 0.6)",0.2247059866786003,0.012846827507019043,0.010409832000732422,1
seg+pos,"(3.0, 20.0, 0.7, 0.6)",0.19242516160011292,0.020600199699401855,0.004400968551635742,1
seg+pos,"(3.0, 20.0, 0.7, 0.6)",0.2033112570643425,0.013649463653564453,0.01891016960144043,1
seg+pos,"(3.0, 20.0, 0.7, 0.6)",0.20717985183000565,0.020966768264770508,0.046431541442871094,1
seg+pos,"(3.0, 20.0, 0.7, 0.6)",0.2216961309313774,0.011610627174377441,0.01882028579711914,1
seg+pos,"(3.0, 20.0, 0.7, 0.6)",0.197962187230587,0.002901434898376465,0.0061419010162353516,1
seg+pos,"(3.0, 20.0, 0.7, 0.6)",0.21275047957897186,0.01773357391357422,0.00926971435546875,1
seg+pos,"(3.0, 20.0, 0.7, 0.6)",0.20283061265945435,0.012943625450134277,0.03158712387084961,1
seg+pos,"(3.0, 20.0, 0.7, 0.6)",0.2076358199119568,0.006577014923095703,0.016635656356811523,1
seg+pos,"(3.0, 20.0, 0.7, 0.6)",0.2059364765882492,0.021004557609558105,0.02913665771484375,1
seg+pos,"(3.0, 20.0, 0.7, -0.3)",0.19504079222679138,0.01744365692138672,0.0428924560546875,1
seg+pos,"(3.0, 20.0, 0.7, -0.3)",0.20329276472330093,0.008130908012390137,0.03655195236206055,1
seg+pos,"(3.0, 20.0, 0.7, -0.3)",0.21174170076847076,0.005511641502380371,0.02788400650024414,1
seg+pos,"(3.0, 20.0, 0.7, -0.3)",0.19781873375177383,0.006066799163818359,0.005665302276611328,1
seg+pos,"(3.0, 20.0, 0.7, -0.3)",0.22033949941396713,0.0037859678268432617,0.014223098754882812,1
seg+pos,"(3.0, 20.0, 0.7, -0.3)",0.20033466815948486,0.007262587547302246,0.041576385498046875,1
seg+pos,"(3.0, 20.0, 0.7, -0.3)",0.21199919283390045,0.005057811737060547,0.008063793182373047,1
seg+pos,"(3.0, 20.0, 0.7, -0.3)",0.22155393660068512,0.015225052833557129,0.03603792190551758,1
seg+pos,"(3.0, 20.0, 0.7, -0.3)",0.1935606524348259,0.0192033052444458,0.016440391540527344,1
seg+pos,"(3.0, 20.0, 0.7, -0.3)",0.19436335563659668,0.007687926292419434,0.0037713050842285156,1
seg+pos,"(3.0, 20.0, 0.7, -0.3)",0.20081280916929245,0.009791254997253418,0.009265422821044922,1
seg+pos,"(3.0, 20.0, 0.7, -0.3)",0.22124262154102325,0.023508429527282715,0.032616615295410156,1
seg+pos,"(3.0, 20.0, 0.7, -0.3)",0.20181667804718018,0.016822218894958496,0.03726387023925781,1
seg+pos,"(3.0, 20.0, 0.7, -0.3)",0.22576962411403656,0.009978771209716797,0.008527278900146484,1
seg+pos,"(3.0, 20.0, 0.7, -0.3)",0.20470499247312546,0.01603257656097412,0.013696670532226562,1
seg+pos,"(1.5, 8.0, 0.3, 0.0)",0.26972445845603943,0.030378341674804688,0.033025264739990234,2
seg+pos,"(1.5, 8.0, 0.3, 0.0)",0.2751200944185257,0.04373198747634888,0.05676746368408203,2
seg+pos,"(1.5, 8.0, 0.3, 0.0)",0.27776405215263367,0.037789344787597656,0.042838454246520996,2
seg+pos,"(1.5, 8.0, 0.3, 0.0)",0.27852196991443634,0.05433177947998047,0.09152007102966309,2
seg+pos,"(1.5, 8.0, 0.3, 0.0)",0.27722272276878357,0.033497393131256104,0.07013726234436035,2
seg+pos,"(1.5, 8.0, 0.3, 0.0)",0.2555687725543976,0.05417752265930176,0.0747537612915039,2
seg+pos,"(1.5, 8.0, 0.3, 0.0)",0.24059898406267166,0.03805476427078247,0.059021949768066406,2
seg+pos,"(1.5, 8.0, 0.3, 0.0)",0.2736467719078064,0.02651888132095337,0.0460817813873291,2
seg+pos,"(1.5, 8.0, 0.3, 0.0)",0.23720163851976395,0.030627071857452393,0.042635202407836914,2
seg+pos,"(1.5, 8.0, 0.3, 0.0)",0.23602347820997238,0.03735750913619995,0.046842098236083984,2
seg+pos,"(1.5, 8.0, 0.3, 0.0)",0.23727411776781082,0.043920278549194336,0.058809518814086914,2
seg+pos,"(1.5, 8.0, 0.3, 0.0)",0.2495267316699028,0.04006373882293701,0.047805070877075195,2
seg+pos,"(1.5, 8.0, 0.3, 0.0)",0.25306735932826996,0.043924033641815186,0.053797006607055664,2
seg+pos,"(1.5, 8.0, 0.3, 0.0)",0.23432590067386627,0.045702576637268066,0.05715584754943848,2
seg+pos,"(1.5, 8.0, 0.3, 0.0)",0.271128848195076,0.046131908893585205,0.11164140701293945,2
seg+pos,"(1.5, 8.0, 0.3, 0.3)",0.26060061156749725,0.06224590539932251,0.06998097896575928,2
seg+pos,"(1.5, 8.0, 0.3, 0.3)",0.23738674074411392,0.04864746332168579,0.04621148109436035,2
seg+pos,"(1.5, 8.0, 0.3, 0.3)",0.28222209215164185,0.04709172248840332,0.03834176063537598,2
seg+pos,"(1.5, 8.0, 0.3, 0.3)",0.2497864067554474,0.04663538932800293,0.06639313697814941,2
seg+pos,"(1.5, 8.0, 0.3, 0.3)",0.231819786131382,0.04074382781982422,0.020561695098876953,2
seg+pos,"(1.5, 8.0, 0.3, 0.3)",0.22028034925460815,0.03494530916213989,0.01601433753967285,2
seg+pos,"(1.5, 8.0, 0.3, 0.3)",0.2354615479707718,0.037806689739227295,0.03857576847076416,2
seg+pos,"(1.5, 8.0, 0.3, 0.3)",0.2817941755056381,0.05373847484588623,0.054211974143981934,2
seg+pos,"(1.5, 8.0, 0.3, 0.3)",0.2542395293712616,0.0487707257270813,0.06794536113739014,2
seg+pos,"(1.5, 8.0, 0.3, 0.3)",0.27388356626033783,0.04280799627304077,0.025856375694274902,2
seg+pos,"(1.5, 8.0, 0.3, 0.3)",0.2742195278406143,0.02110004425048828,0.007859587669372559,2
seg+pos,"(1.5, 8.0, 0.3, 0.3)",0.27094751596450806,0.05495405197143555,0.05192899703979492,2
seg+pos,"(1.5, 8.0, 0.3, 0.3)",0.22918888926506042,0.057659804821014404,0.05863022804260254,2
seg+pos,"(1.5, 8.0, 0.3, 0.3)",0.22935467213392258,0.04144161939620972,0.017958760261535645,2
seg+pos,"(1.5, 8.0, 0.3, 0.3)",0.2338080108165741,0.03275376558303833,0.030358314514160156,2
seg+pos,"(1.5, 8.0, 0.3, 0.6)",0.25401636958122253,0.04296767711639404,0.01235973834991455,2
seg+pos,"(1.5, 8.0, 0.3, 0.6)",0.24700523912906647,0.052304625511169434,0.03206372261047363,2
seg+pos,"(1.5, 8.0, 0.3, 0.6)",0.2452968955039978,0.04287797212600708,0.020421981811523438,2
seg+pos,"(1.5, 8.0, 0.3, 0.6)",0.23179323226213455,0.03822082281112671,0.003628373146057129,2
seg+pos,"(1.5, 8.0, 0.3, 0.6)",0.23870494216680527,0.045604407787323,0.007963061332702637,2
seg+pos,"(1.5, 8.0, 0.3, 0.6)",0.23438555002212524,0.048344194889068604,0.010966658592224121,2
seg+pos,"(1.5, 8.0, 0.3, 0.6)",0.2729862481355667,0.04167675971984863,0.0028914213180541992,2
seg+pos,"(1.5, 8.0, 0.3, 0.6)",0.2741049975156784,0.0366707444190979,0.006464362144470215,2
seg+pos,"(1.5, 8.0, 0.3, 0.6)",0.2407926544547081,0.05592828989028931,0.006039023399353027,2
seg+pos,"(1.5, 8.0, 0.3, 0.6)",0.27128712832927704,0.034162044525146484,0.003468155860900879,2
seg+pos,"(1.5, 8.0, 0.3, 0.6)",0.24025246500968933,0.01465386152267456,0.047585487365722656,2
seg+pos,"(1.5, 8.0, 0.3, 0.6)",0.23608476668596268,0.03001415729522705,0.00920403003692627,2
seg+pos,"(1.5, 8.0, 0.3, 0.6)",0.2738027572631836,0.03762674331665039,0.0012766122817993164,2
seg+pos,"(1.5, 8.0, 0.3, 0.6)",0.24032285064458847,0.04791945219039917,0.015851616859436035,2
seg+pos,"(1.5, 8.0, 0.3, 0.6)",0.27336470782756805,0.02750992774963379,0.01138615608215332,2
seg+pos,"(1.5, 8.0, 0.3, -0.3)",0.2549576461315155,0.045188307762145996,0.08671736717224121,2
seg+pos,"(1.5, 8.0, 0.3, -0.3)",0.25130733102560043,0.04281419515609741,0.09017634391784668,2
seg+pos,"(1.5, 8.0, 0.3, -0.3)",0.2901504784822464,0.03151482343673706,0.0579836368560791,2
seg+pos,"(1.5, 8.0, 0.3, -0.3)",0.23689977824687958,0.028921663761138916,0.04913759231567383,2
seg+pos,"(1.5, 8.0, 0.3, -0.3)",0.2363588586449623,0.04200732707977295,0.07928347587585449,2
seg+pos,"(1.5, 8.0, 0.3, -0.3)",0.27082762122154236,0.05380058288574219,0.08737444877624512,2
seg+pos,"(1.5, 8.0, 0.3, -0.3)",0.24184680730104446,0.04384571313858032,0.08859801292419434,2
seg+pos,"(1.5, 8.0, 0.3, -0.3)",0.2744154781103134,0.06206953525543213,0.11323189735412598,2
seg+pos,"(1.5, 8.0, 0.3, -0.3)",0.23649877309799194,0.04779845476150513,0.10267233848571777,2
seg+pos,"(1.5, 8.0, 0.3, -0.3)",0.25774261355400085,0.05279731750488281,0.09981322288513184,2
seg+pos,"(1.5, 8.0, 0.3, -0.3)",0.28438928723335266,0.03175795078277588,0.07091021537780762,2
seg+pos,"(1.5, 8.0, 0.3, -0.3)",0.24314379692077637,0.03535258769989014,0.07558798789978027,2
seg+pos,"(1.5, 8.0, 0.3, -0.3)",0.2794337570667267,0.03912472724914551,0.07575821876525879,2
seg+pos,"(1.5, 8.0, 0.3, -0.3)",0.24836880713701248,0.041806161403656006,0.0742652416229248,2
seg+pos,"(1.5, 8.0, 0.3, -0.3)",0.27211950719356537,0.029383599758148193,0.04499506950378418,2
seg+pos,"(1.5, 8.0, 0.7, 0.0)",0.19534721225500107,0.013947010040283203,0.02707958221435547,2
seg+pos,"(1.5, 8.0, 0.7, 0.0)",0.1899198666214943,0.009214282035827637,0.009983301162719727,2
seg+pos,"(1.5, 8.0, 0.7, 0.0)",0.19501414149999619,0.027864575386047363,0.03429055213928223,2
seg+pos,"(1.5, 8.0, 0.7, 0.0)",0.2042979896068573,0.03799325227737427,0.05826127529144287,2
seg+pos,"(1.5, 8.0, 0.7, 0.0)",0.18932944536209106,0.013509154319763184,0.01825857162475586,2
seg+pos,"(1.5, 8.0, 0.7, 0.0)",0.19417475908994675,0.00900113582611084,0.009769916534423828,2
seg+pos,"(1.5, 8.0, 0.7, 0.0)",0.18940377980470657,0.010045826435089111,0.008494019508361816,2
seg+pos,"(1.5, 8.0, 0.7, 0.0)",0.19650911539793015,0.013790667057037354,0.011956930160522461,2
seg+pos,"(1.5, 8.0, 0.7, 0.0)",0.18979715555906296,0.019584298133850098,0.013455033302307129,2
seg+pos,"(1.5, 8.0, 0.7, 0.0)",0.20484156906604767,0.030460059642791748,0.05660700798034668,2
seg+pos,"(1.5, 8.0, 0.7, 0.0)",0.1913420483469963,0.026317059993743896,0.009768247604370117,2
seg+pos,"(1.5, 8.0, 0.7, 0.0)",0.18799342215061188,0.016228318214416504,0.020152807235717773,2
seg+pos,"(1.5, 8.0, 0.7, 0.0)",0.20740599185228348,0.02427297830581665,0.0346834659576416,2
seg+pos,"(1.5, 8.0, 0.7, 0.0)",0.20137380063533783,0.018388867378234863,0.04197835922241211,2
seg+pos,"(1.5, 8.0, 0.7, 0.0)",0.21195951849222183,0.013352453708648682,0.010595083236694336,2
seg+pos,"(1.5, 8.0, 0.7, 0.3)",0.20278634876012802,0.02022463083267212,0.0031191110610961914,2
seg+pos,"(1.5, 8.0, 0.7, 0.3)",0.196699857711792,0.020774424076080322,0.02976858615875244,2
seg+pos,"(1.5, 8.0, 0.7, 0.3)",0.20311901718378067,0.02444911003112793,0.01659560203552246,2
seg+pos,"(1.5, 8.0, 0.7, 0.3)",0.19519209116697311,0.026102185249328613,0.012433648109436035,2
seg+pos,"(1.5, 8.0, 0.7, 0.3)",0.19225088506937027,0.017083942890167236,0.007930397987365723,2
seg+pos,"(1.5, 8.0, 0.7, 0.3)",0.2118297815322876,0.0024963021278381348,0.03320157527923584,2
seg+pos,"(1.5, 8.0, 0.7, 0.3)",0.20064514130353928,0.005627334117889404,0.0012106895446777344,2
seg+pos,"(1.5, 8.0, 0.7, 0.3)",0.1889018639922142,0.01718205213546753,0.019653916358947754,2
seg+pos,"(1.5, 8.0, 0.7, 0.3)",0.18516357988119125,0.008402585983276367,0.014444470405578613,2
seg+pos,"(1.5, 8.0, 0.7, 0.3)",0.20388183742761612,0.011366188526153564,0.021805405616760254,2
seg+pos,"(1.5, 8.0, 0.7, 0.3)",0.18940242379903793,0.008882880210876465,0.014947056770324707,2
seg+pos,"(1.5, 8.0, 0.7, 0.3)",0.18866261094808578,0.013579189777374268,0.01902604103088379,2
seg+pos,"(1.5, 8.0, 0.7, 0.3)",0.20142661035060883,0.012285947799682617,0.002468585968017578,2
seg+pos,"(1.5, 8.0, 0.7, 0.3)",0.2167002558708191,0.028340280055999756,0.01591026782989502,2
seg+pos,"(1.5, 8.0, 0.7, 0.3)",0.19088467955589294,0.013113081455230713,0.01902294158935547,2
seg+pos,"(1.5, 8.0, 0.7, 0.6)",0.19930113852024078,0.014363467693328857,0.037195682525634766,2
seg+pos,"(1.5, 8.0, 0.7, 0.6)",0.1990239918231964,0.013419687747955322,0.0013440847396850586,2
seg+pos,"(1.5, 8.0, 0.7, 0.6)",0.1864589974284172,0.03356271982192993,0.004022121429443359,2
seg+pos,"(1.5, 8.0, 0.7, 0.6)",0.19900677353143692,0.018554866313934326,0.025811314582824707,2
seg+pos,"(1.5, 8.0, 0.7, 0.6)",0.21167823672294617,0.022520065307617188,0.007505536079406738,2
seg+pos,"(1.5, 8.0, 0.7, 0.6)",0.20049575716257095,0.00851660966873169,0.04830491542816162,2
seg+pos,"(1.5, 8.0, 0.7, 0.6)",0.22664259374141693,0.02022695541381836,0.020823359489440918,2
seg+pos,"(1.5, 8.0, 0.7, 0.6)",0.20169589668512344,0.02244555950164795,0.009343862533569336,2
seg+pos,"(1.5, 8.0, 0.7, 0.6)",0.19486546516418457,0.01690596342086792,0.009057283401489258,2
seg+pos,"(1.5, 8.0, 0.7, 0.6)",0.1880359798669815,0.03498882055282593,0.01585519313812256,2
seg+pos,"(1.5, 8.0, 0.7, 0.6)",0.2136303409934044,0.025162994861602783,0.00955653190612793,2
seg+pos,"(1.5, 8.0, 0.7, 0.6)",0.19559886306524277,0.022066712379455566,0.004701733589172363,2
seg+pos,"(1.5, 8.0, 0.7, 0.6)",0.1941007524728775,0.007190525531768799,0.004648327827453613,2
seg+pos,"(1.5, 8.0, 0.7, 0.6)",0.21800155192613602,0.017236828804016113,0.008262038230895996,2
seg+pos,"(1.5, 8.0, 0.7, 0.6)",0.19189025461673737,0.007037937641143799,0.012260794639587402,2
seg+pos,"(1.5, 8.0, 0.7, -0.3)",0.1958703100681305,0.019814252853393555,0.047513723373413086,2
seg+pos,"(1.5, 8.0, 0.7, -0.3)",0.20225846767425537,0.026839494705200195,0.036838531494140625,2
seg+pos,"(1.5, 8.0, 0.7, -0.3)",0.20893089473247528,0.01812821626663208,0.03876924514770508,2
seg+pos,"(1.5, 8.0, 0.7, -0.3)",0.19438520073890686,0.013513326644897461,0.045632123947143555,2
seg+pos,"(1.5, 8.0, 0.7, -0.3)",0.19584725052118301,0.006435036659240723,0.022402048110961914,2
seg+pos,"(1.5, 8.0, 0.7, -0.3)",0.1985427364706993,0.024036705493927002,0.04522967338562012,2
seg+pos,"(1.5, 8.0, 0.7, -0.3)",0.19333794713020325,0.020495057106018066,0.03816628456115723,2
seg+pos,"(1.5, 8.0, 0.7, -0.3)",0.20334352552890778,0.02865755558013916,0.06325626373291016,2
seg+pos,"(1.5, 8.0, 0.7, -0.3)",0.20220129936933517,0.016458988189697266,0.04527878761291504,2
seg+pos,"(1.5, 8.0, 0.7, -0.3)",0.2135729119181633,0.009870052337646484,0.013997077941894531,2
seg+pos,"(1.5, 8.0, 0.7, -0.3)",0.20406584441661835,0.01858842372894287,0.03487110137939453,2
seg+pos,"(1.5, 8.0, 0.7, -0.3)",0.20601949840784073,0.003944873809814453,0.025193333625793457,2
seg+pos,"(1.5, 8.0, 0.7, -0.3)",0.22528734803199768,0.01593613624572754,0.028118133544921875,2
seg+pos,"(1.5, 8.0, 0.7, -0.3)",0.191164530813694,0.01258021593093872,0.03943657875061035,2
seg+pos,"(1.5, 8.0, 0.7, -0.3)",0.18987072259187698,0.01590949296951294,0.0259091854095459,2
seg+pos,"(1.5, 20.0, 0.3, 0.0)",0.2545948028564453,0.04145228862762451,0.06993317604064941,2
seg+pos,"(1.5, 20.0, 0.3, 0.0)",0.23536621779203415,0.036233723163604736,0.05795741081237793,2
seg+pos,"(1.5, 20.0, 0.3, 0.0)",0.25864526629447937,0.03288811445236206,0.0367276668548584,2
seg+pos,"(1.5, 20.0, 0.3, 0.0)",0.22971176356077194,0.03476297855377197,0.04277443885803223,2
seg+pos,"(1.5, 20.0, 0.3, 0.0)",0.20717395097017288,0.030976951122283936,0.05648207664489746,2
seg+pos,"(1.5, 20.0, 0.3, 0.0)",0.22095900028944016,0.01051485538482666,0.04256927967071533,2
seg+pos,"(1.5, 20.0, 0.3, 0.0)",0.2181185781955719,0.03495985269546509,0.06470513343811035,2
seg+pos,"(1.5, 20.0, 0.3, 0.0)",0.22295115143060684,0.03620100021362305,0.06778526306152344,2
seg+pos,"(1.5, 20.0, 0.3, 0.0)",0.22312214225530624,0.04352438449859619,0.07078671455383301,2
seg+pos,"(1.5, 20.0, 0.3, 0.0)",0.22309526801109314,0.028744876384735107,0.0276491641998291,2
seg+pos,"(1.5, 20.0, 0.3, 0.0)",0.23247353732585907,0.031134426593780518,0.04236268997192383,2
seg+pos,"(1.5, 20.0, 0.3, 0.0)",0.21693876385688782,0.017535805702209473,0.01582193374633789,2
seg+pos,"(1.5, 20.0, 0.3, 0.0)",0.2124572992324829,0.0289880633354187,0.040949225425720215,2
seg+pos,"(1.5, 20.0, 0.3, 0.0)",0.2649109363555908,0.01745593547821045,0.05773758888244629,2
seg+pos,"(1.5, 20.0, 0.3, 0.0)",0.22163114696741104,0.04744887351989746,0.0653846263885498,2
seg+pos,"(1.5, 20.0, 0.3, 0.3)",0.21348289400339127,0.016267120838165283,0.008400440216064453,2
seg+pos,"(1.5, 20.0, 0.3, 0.3)",0.21656342595815659,0.03479033708572388,0.0046689510345458984,2
seg+pos,"(1.5, 20.0, 0.3, 0.3)",0.247164286673069,0.02034735679626465,0.01932978630065918,2
seg+pos,"(1.5, 20.0, 0.3, 0.3)",0.2136077731847763,0.033457398414611816,0.006047964096069336,2
seg+pos,"(1.5, 20.0, 0.3, 0.3)",0.23441600799560547,0.039728641510009766,0.032648444175720215,2
seg+pos,"(1.5, 20.0, 0.3, 0.3)",0.2261812910437584,0.04764127731323242,0.038160085678100586,2
seg+pos,"(1.5, 20.0, 0.3, 0.3)",0.22736608982086182,0.05215132236480713,0.0773247480392456,2
seg+pos,"(1.5, 20.0, 0.3, 0.3)",0.25715088844299316,0.018806397914886475,0.005522727966308594,2
seg+pos,"(1.5, 20.0, 0.3, 0.3)",0.21900255978107452,0.025966644287109375,0.03511202335357666,2
seg+pos,"(1.5, 20.0, 0.3, 0.3)",0.24132195860147476,0.026498258113861084,0.04873371124267578,2
seg+pos,"(1.5, 20.0, 0.3, 0.3)",0.22722720354795456,0.014466524124145508,0.029133200645446777,2
seg+pos,"(1.5, 20.0, 0.3, 0.3)",0.2533651143312454,0.02001720666885376,0.015869736671447754,2
seg+pos,"(1.5, 20.0, 0.3, 0.3)",0.2224573940038681,0.018894493579864502,0.03036653995513916,2
seg+pos,"(1.5, 20.0, 0.3, 0.3)",0.21888786554336548,0.03769230842590332,0.013574481010437012,2
seg+pos,"(1.5, 20.0, 0.3, 0.3)",0.22817949950695038,0.05092453956604004,0.0270918607711792,2
seg+pos,"(1.5, 20.0, 0.3, 0.6)",0.221843384206295,0.032822489738464355,0.0012716054916381836,2
seg+pos,"(1.5, 20.0, 0.3, 0.6)",0.2562268376350403,0.03366994857788086,0.010448932647705078,2
seg+pos,"(1.5, 20.0, 0.3, 0.6)",0.2409132793545723,0.03485637903213501,0.014331579208374023,2
seg+pos,"(1.5, 20.0, 0.3, 0.6)",0.25027523189783096,0.04056274890899658,0.015439152717590332,2
seg+pos,"(1.5, 20.0, 0.3, 0.6)",0.26013991236686707,0.050708115100860596,0.048407793045043945,2
seg+pos,"(1.5, 20.0, 0.3, 0.6)",0.23631642013788223,0.02668684720993042,0.025343775749206543,2
seg+pos,"(1.5, 20.0, 0.3, 0.6)",0.22852510958909988,0.02230137586593628,0.004648327827453613,2
seg+pos,"(1.5, 20.0, 0.3, 0.6)",0.21617336571216583,0.04856717586517334,0.002198457717895508,2
seg+pos,"(1.5, 20.0, 0.3, 0.6)",0.21856074780225754,0.049191057682037354,0.012219786643981934,2
seg+pos,"(1.5, 20.0, 0.3, 0.6)",0.21867027878761292,0.02592337131500244,0.022829890251159668,2
seg+pos,"(1.5, 20.0, 0.3, 0.6)",0.22663842886686325,0.027636229991912842,0.02023446559906006,2
seg+pos,"(1.5, 20.0, 0.3, 0.6)",0.22850815206766129,0.035733819007873535,0.015003800392150879,2
seg+pos,"(1.5, 20.0, 0.3, 0.6)",0.23206695914268494,0.03629106283187866,0.02816939353942871,2
seg+pos,"(1.5, 20.0, 0.3, 0.6)",0.22620660066604614,0.012324333190917969,0.0034313201904296875,2
seg+pos,"(1.5, 20.0, 0.3, 0.6)",0.2633296400308609,0.024602174758911133,0.03483760356903076,2
seg+pos,"(1.5, 20.0, 0.3, -0.3)",0.21991221606731415,0.03746998310089111,0.06199479103088379,2
seg+pos,"(1.5, 20.0, 0.3, -0.3)",0.241894893348217,0.03614687919616699,0.04764747619628906,2
seg+pos,"(1.5, 20.0, 0.3, -0.3)",0.21660606563091278,0.0308724045753479,0.042624711990356445,2
seg+pos,"(1.5, 20.0, 0.3, -0.3)",0.21554889529943466,0.04364246129989624,0.09793615341186523,2
seg+pos,"(1.5, 20.0, 0.3, -0.3)",0.23889799416065216,0.030580997467041016,0.038368940353393555,2
seg+pos,"(1.5, 20.0, 0.3, -0.3)",0.22304056584835052,0.030600011348724365,0.07286334037780762,2
seg+pos,"(1.5, 20.0, 0.3, -0.3)",0.21637969464063644,0.032453298568725586,0.07018828392028809,2
seg+pos,"(1.5, 20.0, 0.3, -0.3)",0.2531421259045601,0.025307178497314453,0.03912925720214844,2
seg+pos,"(1.5, 20.0, 0.3, -0.3)",0.2590247392654419,0.018610477447509766,0.03460288047790527,2
seg+pos,"(1.5, 20.0, 0.3, -0.3)",0.21976974606513977,0.025266587734222412,0.03838324546813965,2
seg+pos,"(1.5, 20.0, 0.3, -0.3)",0.2206031084060669,0.017995238304138184,0.02216649055480957,2
seg+pos,"(1.5, 20.0, 0.3, -0.3)",0.2521127462387085,0.015853166580200195,0.054218292236328125,2
seg+pos,"(1.5, 20.0, 0.3, -0.3)",0.21959760785102844,0.03000819683074951,0.07087159156799316,2
seg+pos,"(1.5, 20.0, 0.3, -0.3)",0.22854986786842346,0.01065969467163086,0.020395517349243164,2
seg+pos,"(1.5, 20.0, 0.3, -0.3)",0.25193440169095993,0.023937463760375977,0.024507522583007812,2
seg+pos,"(1.5, 20.0, 0.7, 0.0)",0.1865912601351738,0.014648199081420898,0.014140129089355469,2
seg+pos,"(1.5, 20.0, 0.7, 0.0)",0.1772986352443695,0.011379361152648926,0.015915870666503906,2
seg+pos,"(1.5, 20.0, 0.7, 0.0)",0.1767609417438507,0.01053154468536377,0.002994537353515625,2
seg+pos,"(1.5, 20.0, 0.7, 0.0)",0.17623337358236313,0.003154277801513672,0.022116541862487793,2
seg+pos,"(1.5, 20.0, 0.7, 0.0)",0.18317429721355438,0.013464391231536865,0.01984095573425293,2
seg+pos,"(1.5, 20.0, 0.7, 0.0)",0.18608445674180984,0.017945289611816406,0.02264690399169922,2
seg+pos,"(1.5, 20.0, 0.7, 0.0)",0.18117021024227142,0.01728212833404541,0.013159632682800293,2
seg+pos,"(1.5, 20.0, 0.7, 0.0)",0.17652634531259537,0.015699565410614014,0.029236316680908203,2
seg+pos,"(1.5, 20.0, 0.7, 0.0)",0.2031039446592331,0.005225002765655518,0.007050752639770508,2
seg+pos,"(1.5, 20.0, 0.7, 0.0)",0.2015143260359764,0.006061553955078125,0.011241912841796875,2
seg+pos,"(1.5, 20.0, 0.7, 0.0)",0.17990924417972565,0.00771254301071167,0.007924556732177734,2
seg+pos,"(1.5, 20.0, 0.7, 0.0)",0.17578839510679245,0.011225879192352295,0.04993152618408203,2
seg+pos,"(1.5, 20.0, 0.7, 0.0)",0.19157291948795319,0.01032024621963501,0.0003883838653564453,2
seg+pos,"(1.5, 20.0, 0.7, 0.0)",0.17019657790660858,0.012294232845306396,0.010015130043029785,2
seg+pos,"(1.5, 20.0, 0.7, 0.0)",0.17991334944963455,0.0057337284088134766,0.012658119201660156,2
seg+pos,"(1.5, 20.0, 0.7, 0.3)",0.18710234761238098,0.018072187900543213,0.014312267303466797,2
seg+pos,"(1.5, 20.0, 0.7, 0.3)",0.18259049952030182,0.008982062339782715,0.0022420883178710938,2
seg+pos,"(1.5, 20.0, 0.7, 0.3)",0.1734272465109825,0.012417435646057129,0.0063866376876831055,2
seg+pos,"(1.5, 20.0, 0.7, 0.3)",0.17652495205402374,0.012970924377441406,0.041739463806152344,2
seg+pos,"(1.5, 20.0, 0.7, 0.3)",0.1994364634156227,0.00772780179977417,0.0005505084991455078,2
seg+pos,"(1.5, 20.0, 0.7, 0.3)",0.18128050863742828,0.0015959739685058594,0.002074122428894043,2
seg+pos,"(1.5, 20.0, 0.7, 0.3)",0.20082393288612366,0.0035167932510375977,0.04688000679016113,2
seg+pos,"(1.5, 20.0, 0.7, 0.3)",0.17637474089860916,0.005789756774902344,0.00664520263671875,2
seg+pos,"(1.5, 20.0, 0.7, 0.3)",0.18831206858158112,0.011619091033935547,0.04889559745788574,2
seg+pos,"(1.5, 20.0, 0.7, 0.3)",0.19585014134645462,0.0059212446212768555,0.02161693572998047,2
seg+pos,"(1.5, 20.0, 0.7, 0.3)",0.20737393200397491,0.016342639923095703,0.019345521926879883,2
seg+pos,"(1.5, 20.0, 0.7, 0.3)",0.18597165495157242,0.020317256450653076,0.022020936012268066,2
seg+pos,"(1.5, 20.0, 0.7, 0.3)",0.20202377438545227,0.015341758728027344,0.05365180969238281,2
seg+pos,"(1.5, 20.0, 0.7, 0.3)",0.1797587051987648,0.003776073455810547,0.00025081634521484375,2
seg+pos,"(1.5, 20.0, 0.7, 0.3)",0.17282239347696304,0.014343440532684326,0.03365123271942139,2
seg+pos,"(1.5, 20.0, 0.7, 0.6)",0.16818300634622574,0.00642549991607666,0.010114669799804688,2
seg+pos,"(1.5, 20.0, 0.7, 0.6)",0.19343946129083633,0.015250027179718018,0.005666851997375488,2
seg+pos,"(1.5, 20.0, 0.7, 0.6)",0.18323000520467758,0.007559001445770264,0.055187225341796875,2
seg+pos,"(1.5, 20.0, 0.7, 0.6)",0.1908685266971588,0.0133095383644104,0.0712360143661499,2
seg+pos,"(1.5, 20.0, 0.7, 0.6)",0.1947140246629715,0.009491682052612305,0.039433836936950684,2
seg+pos,"(1.5, 20.0, 0.7, 0.6)",0.17838367074728012,0.01171720027923584,0.02186751365661621,2
seg+pos,"(1.5, 20.0, 0.7, 0.6)",0.20052801072597504,0.005519092082977295,0.03798341751098633,2
seg+pos,"(1.5, 20.0, 0.7, 0.6)",0.17530563473701477,0.005730092525482178,0.02660822868347168,2
seg+pos,"(1.5, 20.0, 0.7, 0.6)",0.2008180320262909,0.007204711437225342,0.025937318801879883,2
seg+pos,"(1.5, 20.0, 0.7, 0.6)",0.20466700941324234,0.01470339298248291,0.01858222484588623,2
seg+pos,"(1.5, 20.0, 0.7, 0.6)",0.1782115325331688,0.00794297456741333,0.014118432998657227,2
seg+pos,"(1.5, 20.0, 0.7, 0.6)",0.1997116431593895,0.006341755390167236,0.041346192359924316,2
seg+pos,"(1.5, 20.0, 0.7, 0.6)",0.1909710392355919,0.010330796241760254,0.0308912992477417,2
seg+pos,"(1.5, 20.0, 0.7, 0.6)",0.18522273749113083,0.012423098087310791,0.000554203987121582,2
seg+pos,"(1.5, 20.0, 0.7, 0.6)",0.18253367394208908,0.015088915824890137,0.01373910903930664,2
seg+pos,"(1.5, 20.0, 0.7, -0.3)",0.1831013187766075,0.009793519973754883,0.0203402042388916,2
seg+pos,"(1.5, 20.0, 0.7, -0.3)",0.17327315360307693,0.012897670269012451,0.041765689849853516,2
seg+pos,"(1.5, 20.0, 0.7, -0.3)",0.20057331025600433,0.007273375988006592,0.017533063888549805,2
seg+pos,"(1.5, 20.0, 0.7, -0.3)",0.1887793093919754,0.00876462459564209,0.015174388885498047,2
seg+pos,"(1.5, 20.0, 0.7, -0.3)",0.18275383114814758,0.017382562160491943,0.016440391540527344,2
seg+pos,"(1.5, 20.0, 0.7, -0.3)",0.18087591230869293,0.006559610366821289,0.03313267230987549,2
seg+pos,"(1.5, 20.0, 0.7, -0.3)",0.1838919222354889,0.01053929328918457,0.018673419952392578,2
seg+pos,"(1.5, 20.0, 0.7, -0.3)",0.18440715968608856,0.0230562686920166,0.015183210372924805,2
seg+pos,"(1.5, 20.0, 0.7, -0.3)",0.1744828224182129,0.0007700920104980469,0.02321004867553711,2
seg+pos,"(1.5, 20.0, 0.7, -0.3)",0.19763297587633133,0.006387233734130859,0.020090818405151367,2
seg+pos,"(1.5, 20.0, 0.7, -0.3)",0.19475051760673523,0.007507681846618652,0.0017933845520019531,2
seg+pos,"(1.5, 20.0, 0.7, -0.3)",0.17679853737354279,0.009100198745727539,0.01688671112060547,2
seg+pos,"(1.5, 20.0, 0.7, -0.3)",0.17579271644353867,0.010801613330841064,0.0013964176177978516,2
seg+pos,"(1.5, 20.0, 0.7, -0.3)",0.20171261578798294,0.009645998477935791,0.0062983036041259766,2
seg+pos,"(1.5, 20.0, 0.7, -0.3)",0.18022481352090836,0.017929017543792725,0.03072190284729004,2
seg+pos,"(3.0, 8.0, 0.3, 0.0)",0.3322560042142868,0.03198039531707764,0.03641629219055176,2
seg+pos,"(3.0, 8.0, 0.3, 0.0)",0.3327499330043793,0.03682732582092285,0.053694725036621094,2
seg+pos,"(3.0, 8.0, 0.3, 0.0)",0.2755967527627945,0.0306626558303833,0.035605430603027344,2
seg+pos,"(3.0, 8.0, 0.3, 0.0)",0.30236467719078064,0.0396653413772583,0.05002307891845703,2
seg+pos,"(3.0, 8.0, 0.3, 0.0)",0.29504235088825226,0.032627105712890625,0.04270124435424805,2
seg+pos,"(3.0, 8.0, 0.3, 0.0)",0.2732180953025818,0.028658628463745117,0.0377349853515625,2
seg+pos,"(3.0, 8.0, 0.3, 0.0)",0.2794272303581238,0.032624125480651855,0.025000333786010742,2
seg+pos,"(3.0, 8.0, 0.3, 0.0)",0.32895129919052124,0.03609883785247803,0.04578661918640137,2
seg+pos,"(3.0, 8.0, 0.3, 0.0)",0.29208263754844666,0.03434431552886963,0.0650782585144043,2
seg+pos,"(3.0, 8.0, 0.3, 0.0)",0.28401562571525574,0.023070454597473145,0.029050350189208984,2
seg+pos,"(3.0, 8.0, 0.3, 0.0)",0.27163292467594147,0.01547086238861084,0.013834476470947266,2
seg+pos,"(3.0, 8.0, 0.3, 0.0)",0.2659805566072464,0.026116371154785156,0.044394493103027344,2
seg+pos,"(3.0, 8.0, 0.3, 0.0)",0.2903520464897156,0.019858241081237793,0.02622079849243164,2
seg+pos,"(3.0, 8.0, 0.3, 0.0)",0.295467346906662,0.03005087375640869,0.023144245147705078,2
seg+pos,"(3.0, 8.0, 0.3, 0.0)",0.29223330318927765,0.026026368141174316,0.04722476005554199,2
seg+pos,"(3.0, 8.0, 0.3, 0.3)",0.2967422157526016,0.03936266899108887,0.04860496520996094,2
seg+pos,"(3.0, 8.0, 0.3, 0.3)",0.2765762209892273,0.03849589824676514,0.024328231811523438,2
seg+pos,"(3.0, 8.0, 0.3, 0.3)",0.2763524353504181,0.04997849464416504,0.06872725486755371,2
seg+pos,"(3.0, 8.0, 0.3, 0.3)",0.2987562119960785,0.03534698486328125,0.04075431823730469,2
seg+pos,"(3.0, 8.0, 0.3, 0.3)",0.3354523479938507,0.04120755195617676,0.05181312561035156,2
seg+pos,"(3.0, 8.0, 0.3, 0.3)",0.32050251960754395,0.02522885799407959,0.0010895729064941406,2
seg+pos,"(3.0, 8.0, 0.3, 0.3)",0.27214157581329346,0.0373072624206543,0.026521682739257812,2
seg+pos,"(3.0, 8.0, 0.3, 0.3)",0.26782284677028656,0.03062152862548828,0.03641486167907715,2
seg+pos,"(3.0, 8.0, 0.3, 0.3)",0.28435932099819183,0.0270082950592041,0.03959393501281738,2
seg+pos,"(3.0, 8.0, 0.3, 0.3)",0.3263311982154846,0.02134692668914795,0.0023550987243652344,2
seg+pos,"(3.0, 8.0, 0.3, 0.3)",0.26819612085819244,0.027187108993530273,0.040657997131347656,2
seg+pos,"(3.0, 8.0, 0.3, 0.3)",0.33799920976161957,0.026284456253051758,0.03891944885253906,2
seg+pos,"(3.0, 8.0, 0.3, 0.3)",0.2962654083967209,0.014384269714355469,0.010989904403686523,2
seg+pos,"(3.0, 8.0, 0.3, 0.3)",0.2664676159620285,0.01627063751220703,0.03624224662780762,2
seg+pos,"(3.0, 8.0, 0.3, 0.3)",0.2775748670101166,0.02084636688232422,0.012151241302490234,2
seg+pos,"(3.0, 8.0, 0.3, 0.6)",0.2909109592437744,0.042079806327819824,0.029278039932250977,2
seg+pos,"(3.0, 8.0, 0.3, 0.6)",0.2807893753051758,0.022441387176513672,0.010615348815917969,2
seg+pos,"(3.0, 8.0, 0.3, 0.6)",0.3256922513246536,0.05167067050933838,0.005738735198974609,2
seg+pos,"(3.0, 8.0, 0.3, 0.6)",0.2627016454935074,0.03822493553161621,0.010596275329589844,2
seg+pos,"(3.0, 8.0, 0.3, 0.6)",0.2754449397325516,0.055350542068481445,0.042481184005737305,2
seg+pos,"(3.0, 8.0, 0.3, 0.6)",0.32769083976745605,0.03768301010131836,0.02790355682373047,2
seg+pos,"(3.0, 8.0, 0.3, 0.6)",0.3034290671348572,0.06376373767852783,0.0198516845703125,2
seg+pos,"(3.0, 8.0, 0.3, 0.6)",0.31793466210365295,0.03749704360961914,0.010376930236816406,2
seg+pos,"(3.0, 8.0, 0.3, 0.6)",0.2688990533351898,0.04113197326660156,0.02047896385192871,2
seg+pos,"(3.0, 8.0, 0.3, 0.6)",0.2831951379776001,0.0322192907333374,0.0032727718353271484,2
seg+pos,"(3.0, 8.0, 0.3, 0.6)",0.27825410664081573,0.02119576930999756,0.010029792785644531,2
seg+pos,"(3.0, 8.0, 0.3, 0.6)",0.28494998812675476,0.040645718574523926,0.028626203536987305,2
seg+pos,"(3.0, 8.0, 0.3, 0.6)",0.2861494719982147,0.018075942993164062,0.025793075561523438,2
seg+pos,"(3.0, 8.0, 0.3, 0.6)",0.28215065598487854,0.02501678466796875,0.04173684120178223,2
seg+pos,"(3.0, 8.0, 0.3, 0.6)",0.33357690274715424,0.01612114906311035,0.0018715858459472656,2
seg+pos,"(3.0, 8.0, 0.3, -0.3)",0.2993803024291992,0.03099215030670166,0.06266117095947266,2
seg+pos,"(3.0, 8.0, 0.3, -0.3)",0.3268725275993347,0.016799330711364746,0.011525154113769531,2
seg+pos,"(3.0, 8.0, 0.3, -0.3)",0.32364633679389954,0.027350306510925293,0.03483152389526367,2
seg+pos,"(3.0, 8.0, 0.3, -0.3)",0.3190789222717285,0.030763864517211914,0.06015300750732422,2
seg+pos,"(3.0, 8.0, 0.3, -0.3)",0.3049304336309433,0.04031980037689209,0.09654378890991211,2
seg+pos,"(3.0, 8.0, 0.3, -0.3)",0.29724550247192383,0.02756333351135254,0.055901527404785156,2
seg+pos,"(3.0, 8.0, 0.3, -0.3)",0.30068302154541016,0.04223787784576416,0.0672607421875,2
seg+pos,"(3.0, 8.0, 0.3, -0.3)",0.2828836143016815,0.04774045944213867,0.06264209747314453,2
seg+pos,"(3.0, 8.0, 0.3, -0.3)",0.29129019379615784,0.031042933464050293,0.06688117980957031,2
seg+pos,"(3.0, 8.0, 0.3, -0.3)",0.3388242721557617,0.03670346736907959,0.07724857330322266,2
seg+pos,"(3.0, 8.0, 0.3, -0.3)",0.27749626338481903,0.041881442070007324,0.08143424987792969,2
seg+pos,"(3.0, 8.0, 0.3, -0.3)",0.342114195227623,0.057878971099853516,0.12257671356201172,2
seg+pos,"(3.0, 8.0, 0.3, -0.3)",0.27860598266124725,0.046190500259399414,0.0887918472290039,2
seg+pos,"(3.0, 8.0, 0.3, -0.3)",0.3325983136892319,0.026723265647888184,0.03877067565917969,2
seg+pos,"(3.0, 8.0, 0.3, -0.3)",0.2860720306634903,0.026178479194641113,0.03256559371948242,2
seg+pos,"(3.0, 8.0, 0.7, 0.0)",0.2382194846868515,0.015813708305358887,0.02701282501220703,2
seg+pos,"(3.0, 8.0, 0.7, 0.0)",0.23656536638736725,0.009096503257751465,0.021561145782470703,2
seg+pos,"(3.0, 8.0, 0.7, 0.0)",0.2659842371940613,0.007882952690124512,0.0332491397857666,2
seg+pos,"(3.0, 8.0, 0.7, 0.0)",0.24535458534955978,0.011188387870788574,0.034895896911621094,2
seg+pos,"(3.0, 8.0, 0.7, 0.0)",0.23425444960594177,0.028061628341674805,0.03699207305908203,2
seg+pos,"(3.0, 8.0, 0.7, 0.0)",0.22827818989753723,0.004809021949768066,0.014551639556884766,2
seg+pos,"(3.0, 8.0, 0.7, 0.0)",0.23257872462272644,0.028777718544006348,0.051751136779785156,2
seg+pos,"(3.0, 8.0, 0.7, 0.0)",0.2348899394273758,0.010595917701721191,0.008602142333984375,2
seg+pos,"(3.0, 8.0, 0.7, 0.0)",0.2327697053551674,0.013461709022521973,0.0011897087097167969,2
seg+pos,"(3.0, 8.0, 0.7, 0.0)",0.26542240381240845,0.02336442470550537,0.024143218994140625,2
seg+pos,"(3.0, 8.0, 0.7, 0.0)",0.2660926729440689,0.01832294464111328,0.008335590362548828,2
seg+pos,"(3.0, 8.0, 0.7, 0.0)",0.23390008509159088,0.0158083438873291,0.02794957160949707,2
seg+pos,"(3.0, 8.0, 0.7, 0.0)",0.25136130303144455,0.03328573703765869,0.03384256362915039,2
seg+pos,"(3.0, 8.0, 0.7, 0.0)",0.23940325528383255,0.019774436950683594,0.029999732971191406,2
seg+pos,"(3.0, 8.0, 0.7, 0.0)",0.24509940296411514,0.028307437896728516,0.05274200439453125,2
seg+pos,"(3.0, 8.0, 0.7, 0.3)",0.23236438632011414,0.026287555694580078,0.02920818328857422,2
seg+pos,"(3.0, 8.0, 0.7, 0.3)",0.26599545776844025,0.008301496505737305,0.0014026165008544922,2
seg+pos,"(3.0, 8.0, 0.7, 0.3)",0.22773711383342743,0.0046770572662353516,0.021965980529785156,2
seg+pos,"(3.0, 8.0, 0.7, 0.3)",0.23243457078933716,0.009796142578125,0.012674093246459961,2
seg+pos,"(3.0, 8.0, 0.7, 0.3)",0.2601836323738098,0.022135019302368164,0.00473475456237793,2
seg+pos,"(3.0, 8.0, 0.7, 0.3)",0.23785142600536346,0.00897061824798584,0.005513429641723633,2
seg+pos,"(3.0, 8.0, 0.7, 0.3)",0.2631257474422455,0.02558112144470215,0.03851962089538574,2
seg+pos,"(3.0, 8.0, 0.7, 0.3)",0.237852543592453,0.00874936580657959,0.0004756450653076172,2
seg+pos,"(3.0, 8.0, 0.7, 0.3)",0.2663777321577072,0.006494998931884766,0.010051965713500977,2
seg+pos,"(3.0, 8.0, 0.7, 0.3)",0.22494913637638092,0.009195804595947266,0.012171506881713867,2
seg+pos,"(3.0, 8.0, 0.7, 0.3)",0.22892986238002777,0.02142953872680664,0.006691932678222656,2
seg+pos,"(3.0, 8.0, 0.7, 0.3)",0.2340431958436966,0.03838646411895752,0.05201888084411621,2
seg+pos,"(3.0, 8.0, 0.7, 0.3)",0.26898570358753204,0.022764921188354492,0.00959014892578125,2
seg+pos,"(3.0, 8.0, 0.7, 0.3)",0.24696706235408783,0.018534064292907715,0.02794480323791504,2
seg+pos,"(3.0, 8.0, 0.7, 0.3)",0.23855340480804443,0.0283815860748291,0.02283644676208496,2
seg+pos,"(3.0, 8.0, 0.7, 0.6)",0.24059390276670456,0.015622496604919434,0.010791540145874023,2
seg+pos,"(3.0, 8.0, 0.7, 0.6)",0.22936168313026428,0.013213276863098145,0.010992765426635742,2
seg+pos,"(3.0, 8.0, 0.7, 0.6)",0.2434162050485611,0.012899041175842285,0.00895071029663086,2
seg+pos,"(3.0, 8.0, 0.7, 0.6)",0.23388328403234482,0.018901586532592773,0.012634992599487305,2
seg+pos,"(3.0, 8.0, 0.7, 0.6)",0.23929383605718613,0.02614438533782959,0.0008435249328613281,2
seg+pos,"(3.0, 8.0, 0.7, 0.6)",0.24173525720834732,0.015066146850585938,0.00539708137512207,2
seg+pos,"(3.0, 8.0, 0.7, 0.6)",0.23580116778612137,0.013424515724182129,0.004913330078125,2
seg+pos,"(3.0, 8.0, 0.7, 0.6)",0.26629777252674103,0.0013453960418701172,0.01636338233947754,2
seg+pos,"(3.0, 8.0, 0.7, 0.6)",0.27231521904468536,0.015387415885925293,0.009446859359741211,2
seg+pos,"(3.0, 8.0, 0.7, 0.6)",0.24071011692285538,0.014934301376342773,0.011238574981689453,2
seg+pos,"(3.0, 8.0, 0.7, 0.6)",0.2662469446659088,0.018309831619262695,0.012207508087158203,2
seg+pos,"(3.0, 8.0, 0.7, 0.6)",0.24234124273061752,0.026290178298950195,0.033223628997802734,2
seg+pos,"(3.0, 8.0, 0.7, 0.6)",0.2647591233253479,0.0074700117111206055,0.0218813419342041,2
seg+pos,"(3.0, 8.0, 0.7, 0.6)",0.2600981146097183,0.005983591079711914,0.0034427642822265625,2
seg+pos,"(3.0, 8.0, 0.7, 0.6)",0.23009387403726578,0.020255327224731445,0.006812572479248047,2
seg+pos,"(3.0, 8.0, 0.7, -0.3)",0.2477397620677948,0.004162907600402832,0.008804798126220703,2
seg+pos,"(3.0, 8.0, 0.7, -0.3)",0.2250821441411972,0.014240741729736328,0.025716781616210938,2
seg+pos,"(3.0, 8.0, 0.7, -0.3)",0.2367035299539566,0.024640202522277832,0.010667800903320312,2
seg+pos,"(3.0, 8.0, 0.7, -0.3)",0.2634415477514267,0.015236616134643555,0.030638694763183594,2
seg+pos,"(3.0, 8.0, 0.7, -0.3)",0.2711643576622009,0.008502483367919922,0.006768703460693359,2
seg+pos,"(3.0, 8.0, 0.7, -0.3)",0.22930922359228134,0.023714423179626465,0.02697896957397461,2
seg+pos,"(3.0, 8.0, 0.7, -0.3)",0.2457345947623253,0.0044040679931640625,0.02443408966064453,2
seg+pos,"(3.0, 8.0, 0.7, -0.3)",0.22383787482976913,0.015111684799194336,0.049289703369140625,2
seg+pos,"(3.0, 8.0, 0.7, -0.3)",0.24908503890037537,0.031300902366638184,0.06301546096801758,2
seg+pos,"(3.0, 8.0, 0.7, -0.3)",0.2321145161986351,0.013257145881652832,0.023064613342285156,2
seg+pos,"(3.0, 8.0, 0.7, -0.3)",0.27117228507995605,0.02691507339477539,0.04968738555908203,2
seg+pos,"(3.0, 8.0, 0.7, -0.3)",0.23704414814710617,0.021251797676086426,0.04306459426879883,2
seg+pos,"(3.0, 8.0, 0.7, -0.3)",0.22855258733034134,0.01917397975921631,0.010848522186279297,2
seg+pos,"(3.0, 8.0, 0.7, -0.3)",0.23883481323719025,0.02794349193572998,0.06273508071899414,2
seg+pos,"(3.0, 8.0, 0.7, -0.3)",0.26222795248031616,0.006934165954589844,0.0007162094116210938,2
seg+pos,"(3.0, 20.0, 0.3, 0.0)",0.253545805811882,0.01196753978729248,0.03061819076538086,2
seg+pos,"(3.0, 20.0, 0.3, 0.0)",0.3145560324192047,0.03473067283630371,0.036284446716308594,2
seg+pos,"(3.0, 20.0, 0.3, 0.0)",0.2615121304988861,0.023437857627868652,0.026910781860351562,2
seg+pos,"(3.0, 20.0, 0.3, 0.0)",0.3116094619035721,0.031742095947265625,0.05684018135070801,2
seg+pos,"(3.0, 20.0, 0.3, 0.0)",0.2936245799064636,0.021457672119140625,0.028295040130615234,2
seg+pos,"(3.0, 20.0, 0.3, 0.0)",0.27185632288455963,0.029369354248046875,0.04585075378417969,2
seg+pos,"(3.0, 20.0, 0.3, 0.0)",0.25476861000061035,0.02670919895172119,0.06768178939819336,2
seg+pos,"(3.0, 20.0, 0.3, 0.0)",0.3201677203178406,0.011980295181274414,0.013004064559936523,2
seg+pos,"(3.0, 20.0, 0.3, 0.0)",0.3192030340433121,0.025796890258789062,0.03875017166137695,2
seg+pos,"(3.0, 20.0, 0.3, 0.0)",0.27272601425647736,0.028837084770202637,0.04470539093017578,2
seg+pos,"(3.0, 20.0, 0.3, 0.0)",0.2533562034368515,0.02044212818145752,0.03055286407470703,2
seg+pos,"(3.0, 20.0, 0.3, 0.0)",0.26441431045532227,0.047721266746520996,0.0778188705444336,2
seg+pos,"(3.0, 20.0, 0.3, 0.0)",0.31362079083919525,0.018447279930114746,0.023242950439453125,2
seg+pos,"(3.0, 20.0, 0.3, 0.0)",0.31547868251800537,0.036803483963012695,0.07257986068725586,2
seg+pos,"(3.0, 20.0, 0.3, 0.0)",0.3072865158319473,0.008597970008850098,0.017151355743408203,2
seg+pos,"(3.0, 20.0, 0.3, 0.3)",0.29316192865371704,0.02544116973876953,0.025580644607543945,2
seg+pos,"(3.0, 20.0, 0.3, 0.3)",0.2859511226415634,0.03749871253967285,0.0096282958984375,2
seg+pos,"(3.0, 20.0, 0.3, 0.3)",0.27587780356407166,0.022419095039367676,0.02053236961364746,2
seg+pos,"(3.0, 20.0, 0.3, 0.3)",0.27675260603427887,0.03466665744781494,0.028382062911987305,2
seg+pos,"(3.0, 20.0, 0.3, 0.3)",0.27001453936100006,0.03130960464477539,0.043581247329711914,2
seg+pos,"(3.0, 20.0, 0.3, 0.3)",0.28456152975559235,0.046071410179138184,0.06209540367126465,2
seg+pos,"(3.0, 20.0, 0.3, 0.3)",0.28198856115341187,0.02052009105682373,0.005990505218505859,2
seg+pos,"(3.0, 20.0, 0.3, 0.3)",0.2867266982793808,0.01455986499786377,0.027567625045776367,2
seg+pos,"(3.0, 20.0, 0.3, 0.3)",0.2649826258420944,0.03280079364776611,0.03489995002746582,2
seg+pos,"(3.0, 20.0, 0.3, 0.3)",0.30625922977924347,0.02974236011505127,0.046973466873168945,2
seg+pos,"(3.0, 20.0, 0.3, 0.3)",0.2539425492286682,0.020116209983825684,0.004991292953491211,2
seg+pos,"(3.0, 20.0, 0.3, 0.3)",0.28202231228351593,0.016347169876098633,0.013391733169555664,2
seg+pos,"(3.0, 20.0, 0.3, 0.3)",0.24857676029205322,0.023702502250671387,0.01972508430480957,2
seg+pos,"(3.0, 20.0, 0.3, 0.3)",0.27050451934337616,0.03351914882659912,0.03153085708618164,2
seg+pos,"(3.0, 20.0, 0.3, 0.3)",0.30772434175014496,0.03491342067718506,0.032404422760009766,2
seg+pos,"(3.0, 20.0, 0.3, 0.6)",0.27119749784469604,0.026306867599487305,0.00488591194152832,2
seg+pos,"(3.0, 20.0, 0.3, 0.6)",0.2812085449695587,0.03490805625915527,0.01053166389465332,2
seg+pos,"(3.0, 20.0, 0.3, 0.6)",0.3161192983388901,0.03197050094604492,0.005838155746459961,2
seg+pos,"(3.0, 20.0, 0.3, 0.6)",0.32473039627075195,0.0310516357421875,0.024331331253051758,2
seg+pos,"(3.0, 20.0, 0.3, 0.6)",0.27250179648399353,0.025050997734069824,0.01937723159790039,2
seg+pos,"(3.0, 20.0, 0.3, 0.6)",0.30237703025341034,0.013653039932250977,0.003370523452758789,2
seg+pos,"(3.0, 20.0, 0.3, 0.6)",0.24899981170892715,0.0248105525970459,0.007182598114013672,2
seg+pos,"(3.0, 20.0, 0.3, 0.6)",0.24835097789764404,0.014295697212219238,0.001338958740234375,2
seg+pos,"(3.0, 20.0, 0.3, 0.6)",0.272737056016922,0.03272366523742676,0.014174461364746094,2
seg+pos,"(3.0, 20.0, 0.3, 0.6)",0.24929533898830414,0.0186309814453125,0.00069427490234375,2
seg+pos,"(3.0, 20.0, 0.3, 0.6)",0.28449834883213043,0.02035081386566162,0.009894371032714844,2
seg+pos,"(3.0, 20.0, 0.3, 0.6)",0.2610248774290085,0.029894351959228516,0.015103340148925781,2
seg+pos,"(3.0, 20.0, 0.3, 0.6)",0.27674415707588196,0.02201378345489502,0.008119583129882812,2
seg+pos,"(3.0, 20.0, 0.3, 0.6)",0.253595232963562,0.0037970542907714844,0.007505893707275391,2
seg+pos,"(3.0, 20.0, 0.3, 0.6)",0.28611938655376434,0.019631385803222656,0.004622220993041992,2
seg+pos,"(3.0, 20.0, 0.3, -0.3)",0.2599114179611206,0.027445197105407715,0.053938865661621094,2
seg+pos,"(3.0, 20.0, 0.3, -0.3)",0.2731137275695801,0.011464953422546387,0.02974987030029297,2
seg+pos,"(3.0, 20.0, 0.3, -0.3)",0.25778181850910187,0.031830668449401855,0.045163631439208984,2
seg+pos,"(3.0, 20.0, 0.3, -0.3)",0.2777996361255646,0.02807331085205078,0.05746793746948242,2
seg+pos,"(3.0, 20.0, 0.3, -0.3)",0.250088170170784,0.017903685569763184,0.030846118927001953,2
seg+pos,"(3.0, 20.0, 0.3, -0.3)",0.3022141009569168,0.022085189819335938,0.03760480880737305,2
seg+pos,"(3.0, 20.0, 0.3, -0.3)",0.25971801578998566,0.027737855911254883,0.028035640716552734,2
seg+pos,"(3.0, 20.0, 0.3, -0.3)",0.26390062272548676,0.017765045166015625,0.04604625701904297,2
seg+pos,"(3.0, 20.0, 0.3, -0.3)",0.26842907071113586,0.03615832328796387,0.06266307830810547,2
seg+pos,"(3.0, 20.0, 0.3, -0.3)",0.2801741808652878,0.031590819358825684,0.04952669143676758,2
seg+pos,"(3.0, 20.0, 0.3, -0.3)",0.25949329137802124,0.024006366729736328,0.03551912307739258,2
seg+pos,"(3.0, 20.0, 0.3, -0.3)",0.25635679066181183,0.03562939167022705,0.07174444198608398,2
seg+pos,"(3.0, 20.0, 0.3, -0.3)",0.28741832077503204,0.030084967613220215,0.05866098403930664,2
seg+pos,"(3.0, 20.0, 0.3, -0.3)",0.255251869559288,0.034584879875183105,0.055573463439941406,2
seg+pos,"(3.0, 20.0, 0.3, -0.3)",0.26974618434906006,0.022515058517456055,0.025969505310058594,2
seg+pos,"(3.0, 20.0, 0.7, 0.0)",0.19473955035209656,0.0030913352966308594,0.0012824535369873047,2
seg+pos,"(3.0, 20.0, 0.7, 0.0)",0.19916661828756332,0.017098188400268555,0.04337263107299805,2
seg+pos,"(3.0, 20.0, 0.7, 0.0)",0.197899229824543,0.00676572322845459,0.012536048889160156,2
seg+pos,"(3.0, 20.0, 0.7, 0.0)",0.1999582275748253,0.009891152381896973,0.02260875701904297,2
seg+pos,"(3.0, 20.0, 0.7, 0.0)",0.19247887283563614,0.017624378204345703,0.043261051177978516,2
seg+pos,"(3.0, 20.0, 0.7, 0.0)",0.18957975506782532,0.00588381290435791,0.0057239532470703125,2
seg+pos,"(3.0, 20.0, 0.7, 0.0)",0.1979518085718155,0.02305614948272705,0.023714542388916016,2
seg+pos,"(3.0, 20.0, 0.7, 0.0)",0.2005227729678154,0.02482438087463379,0.03551626205444336,2
seg+pos,"(3.0, 20.0, 0.7, 0.0)",0.2066316157579422,0.015377640724182129,0.05936384201049805,2
seg+pos,"(3.0, 20.0, 0.7, 0.0)",0.19573774933815002,0.016367793083190918,0.016918659210205078,2
seg+pos,"(3.0, 20.0, 0.7, 0.0)",0.20779135823249817,0.003344297409057617,0.032277584075927734,2
seg+pos,"(3.0, 20.0, 0.7, 0.0)",0.22838176041841507,0.01821005344390869,0.0348811149597168,2
seg+pos,"(3.0, 20.0, 0.7, 0.0)",0.19805803149938583,0.019831061363220215,0.005028247833251953,2
seg+pos,"(3.0, 20.0, 0.7, 0.0)",0.23023829609155655,0.01381540298461914,0.03866100311279297,2
seg+pos,"(3.0, 20.0, 0.7, 0.0)",0.18904060125350952,0.017201781272888184,0.025200366973876953,2
seg+pos,"(3.0, 20.0, 0.7, 0.3)",0.2099352404475212,0.023560523986816406,0.0243680477142334,2
seg+pos,"(3.0, 20.0, 0.7, 0.3)",0.1967480555176735,0.008838057518005371,0.013829946517944336,2
seg+pos,"(3.0, 20.0, 0.7, 0.3)",0.2106015756726265,0.011103034019470215,0.014942646026611328,2
seg+pos,"(3.0, 20.0, 0.7, 0.3)",0.19847551733255386,0.021376490592956543,0.0065097808837890625,2
seg+pos,"(3.0, 20.0, 0.7, 0.3)",0.20938146114349365,0.020628809928894043,0.015769004821777344,2
seg+pos,"(3.0, 20.0, 0.7, 0.3)",0.20722530782222748,0.012441515922546387,0.008764266967773438,2
seg+pos,"(3.0, 20.0, 0.7, 0.3)",0.2040184661746025,0.014388084411621094,0.03340029716491699,2
seg+pos,"(3.0, 20.0, 0.7, 0.3)",0.20464907586574554,0.01751530170440674,0.017423152923583984,2
seg+pos,"(3.0, 20.0, 0.7, 0.3)",0.21203352510929108,0.009261488914489746,0.005858182907104492,2
seg+pos,"(3.0, 20.0, 0.7, 0.3)",0.21805953979492188,0.011278390884399414,0.05115866661071777,2
seg+pos,"(3.0, 20.0, 0.7, 0.3)",0.23081538826227188,0.013321399688720703,0.006489753723144531,2
seg+pos,"(3.0, 20.0, 0.7, 0.3)",0.20178481936454773,0.007338523864746094,0.023682594299316406,2
seg+pos,"(3.0, 20.0, 0.7, 0.3)",0.20175409317016602,0.0026856660842895508,0.01879405975341797,2
seg+pos,"(3.0, 20.0, 0.7, 0.3)",0.20306023210287094,0.009778141975402832,0.014079093933105469,2
seg+pos,"(3.0, 20.0, 0.7, 0.3)",0.20217064023017883,0.030359268188476562,0.011096715927124023,2
seg+pos,"(3.0, 20.0, 0.7, 0.6)",0.22841543704271317,0.009017229080200195,0.007980585098266602,2
seg+pos,"(3.0, 20.0, 0.7, 0.6)",0.20516835898160934,0.021478891372680664,0.017422199249267578,2
seg+pos,"(3.0, 20.0, 0.7, 0.6)",0.21949432790279388,0.016724824905395508,0.007720947265625,2
seg+pos,"(3.0, 20.0, 0.7, 0.6)",0.19357984513044357,0.0220644474029541,0.014172554016113281,2
seg+pos,"(3.0, 20.0, 0.7, 0.6)",0.19640939682722092,0.006697177886962891,0.006143331527709961,2
seg+pos,"(3.0, 20.0, 0.7, 0.6)",0.20661962032318115,0.02673637866973877,0.03772926330566406,2
seg+pos,"(3.0, 20.0, 0.7, 0.6)",0.19962440431118011,0.006744503974914551,0.03177475929260254,2
seg+pos,"(3.0, 20.0, 0.7, 0.6)",0.19950460642576218,0.0298614501953125,0.0392603874206543,2
seg+pos,"(3.0, 20.0, 0.7, 0.6)",0.2308816909790039,0.02170848846435547,0.03326272964477539,2
seg+pos,"(3.0, 20.0, 0.7, 0.6)",0.2272334024310112,0.012892365455627441,0.011822938919067383,2
seg+pos,"(3.0, 20.0, 0.7, 0.6)",0.22088080644607544,0.01561272144317627,0.052091360092163086,2
seg+pos,"(3.0, 20.0, 0.7, 0.6)",0.2047148272395134,0.02108132839202881,0.01309061050415039,2
seg+pos,"(3.0, 20.0, 0.7, 0.6)",0.19348926097154617,0.02318131923675537,0.008124113082885742,2
seg+pos,"(3.0, 20.0, 0.7, 0.6)",0.21218028664588928,0.015120267868041992,0.012387990951538086,2
seg+pos,"(3.0, 20.0, 0.7, 0.6)",0.21141519397497177,0.009918451309204102,0.020142316818237305,2
seg+pos,"(3.0, 20.0, 0.7, -0.3)",0.19901736080646515,0.011498451232910156,0.027779102325439453,2
seg+pos,"(3.0, 20.0, 0.7, -0.3)",0.21301903575658798,0.012917637825012207,0.03526735305786133,2
seg+pos,"(3.0, 20.0, 0.7, -0.3)",0.2312098667025566,0.012720704078674316,0.01717662811279297,2
seg+pos,"(3.0, 20.0, 0.7, -0.3)",0.1932189017534256,0.015133500099182129,0.040314674377441406,2
seg+pos,"(3.0, 20.0, 0.7, -0.3)",0.20358222723007202,0.014507532119750977,0.02386760711669922,2
seg+pos,"(3.0, 20.0, 0.7, -0.3)",0.2296241894364357,0.03326916694641113,0.05067157745361328,2
seg+pos,"(3.0, 20.0, 0.7, -0.3)",0.19500458985567093,0.0030891895294189453,0.021963119506835938,2
seg+pos,"(3.0, 20.0, 0.7, -0.3)",0.20508988201618195,0.021782875061035156,0.03508615493774414,2
seg+pos,"(3.0, 20.0, 0.7, -0.3)",0.20820488780736923,0.01717996597290039,0.020751476287841797,2
seg+pos,"(3.0, 20.0, 0.7, -0.3)",0.19548702985048294,0.01325678825378418,0.015089988708496094,2
seg+pos,"(3.0, 20.0, 0.7, -0.3)",0.2216094210743904,0.021369338035583496,0.02243185043334961,2
seg+pos,"(3.0, 20.0, 0.7, -0.3)",0.21085040271282196,0.016527295112609863,0.017323017120361328,2
seg+pos,"(3.0, 20.0, 0.7, -0.3)",0.19982606172561646,0.01716315746307373,0.012914180755615234,2
seg+pos,"(3.0, 20.0, 0.7, -0.3)",0.20187988877296448,0.01496124267578125,0.01938152313232422,2
seg+pos,"(3.0, 20.0, 0.7, -0.3)",0.19986078888177872,0.014538407325744629,0.02923297882080078,2
seg+pos+rms,"(1.5, 8.0, 0.3, 0.0)",0.25132718682289124,0.0030093789100646973,0.007503509521484375,0
seg+pos+rms,"(1.5, 8.0, 0.3, 0.0)",0.2817877233028412,0.008086085319519043,0.0017303228378295898,0
seg+pos+rms,"(1.5, 8.0, 0.3, 0.0)",0.2757450193166733,0.020184576511383057,0.020891666412353516,0
seg+pos+rms,"(1.5, 8.0, 0.3, 0.0)",0.290869802236557,0.010175883769989014,0.0038547515869140625,0
seg+pos+rms,"(1.5, 8.0, 0.3, 0.0)",0.24235527962446213,0.019727766513824463,0.024945735931396484,0
seg+pos+rms,"(1.5, 8.0, 0.3, 0.0)",0.2585352659225464,0.010086774826049805,0.02433300018310547,0
seg+pos+rms,"(1.5, 8.0, 0.3, 0.0)",0.24597346782684326,0.010179281234741211,0.014940738677978516,0
seg+pos+rms,"(1.5, 8.0, 0.3, 0.0)",0.2727817893028259,0.007658898830413818,0.014124155044555664,0
seg+pos+rms,"(1.5, 8.0, 0.3, 0.0)",0.2850073277950287,0.023157954216003418,0.010142803192138672,0
seg+pos+rms,"(1.5, 8.0, 0.3, 0.0)",0.28265009820461273,0.013981282711029053,0.017218828201293945,0
seg+pos+rms,"(1.5, 8.0, 0.3, 0.0)",0.2797643840312958,0.014302074909210205,0.009106278419494629,0
seg+pos+rms,"(1.5, 8.0, 0.3, 0.0)",0.23099716007709503,0.0021027326583862305,0.001044154167175293,0
seg+pos+rms,"(1.5, 8.0, 0.3, 0.0)",0.24843718111515045,0.01974552869796753,0.029001712799072266,0
seg+pos+rms,"(1.5, 8.0, 0.3, 0.0)",0.24092985689640045,0.020956575870513916,0.043033480644226074,0
seg+pos+rms,"(1.5, 8.0, 0.3, 0.0)",0.27573929727077484,0.006068527698516846,0.008151531219482422,0
seg+pos+rms,"(1.5, 8.0, 0.3, 0.3)",0.2541348338127136,0.006955265998840332,0.0009639263153076172,0
seg+pos+rms,"(1.5, 8.0, 0.3, 0.3)",0.23823272436857224,0.00861823558807373,0.02873241901397705,0
seg+pos+rms,"(1.5, 8.0, 0.3, 0.3)",0.24504844844341278,0.00610727071762085,0.013283491134643555,0
seg+pos+rms,"(1.5, 8.0, 0.3, 0.3)",0.2557877004146576,0.00830620527267456,0.04083120822906494,0
seg+pos+rms,"(1.5, 8.0, 0.3, 0.3)",0.2531251683831215,0.007285892963409424,0.035930514335632324,0
seg+pos+rms,"(1.5, 8.0, 0.3, 0.3)",0.2518468499183655,0.016111433506011963,0.006425976753234863,0
seg+pos+rms,"(1.5, 8.0, 0.3, 0.3)",0.25352323055267334,0.009789586067199707,0.008796095848083496,0
seg+pos+rms,"(1.5, 8.0, 0.3, 0.3)",0.246201753616333,0.012866795063018799,0.011578559875488281,0
seg+pos+rms,"(1.5, 8.0, 0.3, 0.3)",0.2469225972890854,0.004579365253448486,0.001757979393005371,0
seg+pos+rms,"(1.5, 8.0, 0.3, 0.3)",0.2514984905719757,0.007785975933074951,0.03509664535522461,0
seg+pos+rms,"(1.5, 8.0, 0.3, 0.3)",0.24105096608400345,0.0066228508949279785,0.0069037675857543945,0
seg+pos+rms,"(1.5, 8.0, 0.3, 0.3)",0.24630587548017502,0.015739500522613525,0.0160062313079834,0
seg+pos+rms,"(1.5, 8.0, 0.3, 0.3)",0.26329511404037476,0.02323448657989502,0.004330158233642578,0
seg+pos+rms,"(1.5, 8.0, 0.3, 0.3)",0.24588851630687714,0.014080226421356201,0.027034282684326172,0
seg+pos+rms,"(1.5, 8.0, 0.3, 0.3)",0.23745030164718628,0.008657515048980713,0.01733076572418213,0
seg+pos+rms,"(1.5, 8.0, 0.3, 0.6)",0.251827135682106,0.012709498405456543,0.057462334632873535,0
seg+pos+rms,"(1.5, 8.0, 0.3, 0.6)",0.26856856048107147,0.021098554134368896,0.0242081880569458,0
seg+pos+rms,"(1.5, 8.0, 0.3, 0.6)",0.2812325060367584,0.019355833530426025,0.007742881774902344,0
seg+pos+rms,"(1.5, 8.0, 0.3, 0.6)",0.25737784802913666,0.002132236957550049,0.053619384765625,0
seg+pos+rms,"(1.5, 8.0, 0.3, 0.6)",0.25825780630111694,0.013735055923461914,0.00837552547454834,0
seg+pos+rms,"(1.5, 8.0, 0.3, 0.6)",0.2589404433965683,0.014108538627624512,0.02070760726928711,0
seg+pos+rms,"(1.5, 8.0, 0.3, 0.6)",0.27335140109062195,0.011183500289916992,0.035601258277893066,0
seg+pos+rms,"(1.5, 8.0, 0.3, 0.6)",0.26438644528388977,0.021864712238311768,0.012655854225158691,0
seg+pos+rms,"(1.5, 8.0, 0.3, 0.6)",0.25205718725919724,0.0007767677307128906,0.023529529571533203,0
seg+pos+rms,"(1.5, 8.0, 0.3, 0.6)",0.2540316730737686,0.02625441551208496,0.0005563497543334961,0
seg+pos+rms,"(1.5, 8.0, 0.3, 0.6)",0.28108224272727966,0.006550729274749756,0.05873227119445801,0
seg+pos+rms,"(1.5, 8.0, 0.3, 0.6)",0.27379442751407623,0.009843051433563232,0.025803327560424805,0
seg+pos+rms,"(1.5, 8.0, 0.3, 0.6)",0.23860425502061844,0.008580029010772705,0.0034455060958862305,0
seg+pos+rms,"(1.5, 8.0, 0.3, 0.6)",0.274784579873085,0.019109785556793213,0.05900609493255615,0
seg+pos+rms,"(1.5, 8.0, 0.3, 0.6)",0.24917856603860855,0.01570451259613037,0.03274679183959961,0
seg+pos+rms,"(1.5, 8.0, 0.3, -0.3)",0.2487194761633873,0.018630027770996094,0.026363372802734375,0
seg+pos+rms,"(1.5, 8.0, 0.3, -0.3)",0.2843444049358368,0.008971869945526123,0.0036725997924804688,0
seg+pos+rms,"(1.5, 8.0, 0.3, -0.3)",0.2518317773938179,0.0032074451446533203,0.007153511047363281,0
seg+pos+rms,"(1.5, 8.0, 0.3, -0.3)",0.24993453919887543,0.008635461330413818,0.007283449172973633,0
seg+pos+rms,"(1.5, 8.0, 0.3, -0.3)",0.25141557306051254,0.006201803684234619,0.004856109619140625,0
seg+pos+rms,"(1.5, 8.0, 0.3, -0.3)",0.26989535987377167,0.005233883857727051,0.008892297744750977,0
seg+pos+rms,"(1.5, 8.0, 0.3, -0.3)",0.2531949281692505,0.011722743511199951,0.004670143127441406,0
seg+pos+rms,"(1.5, 8.0, 0.3, -0.3)",0.27667421102523804,0.017351806163787842,0.011292457580566406,0
seg+pos+rms,"(1.5, 8.0, 0.3, -0.3)",0.24858468025922775,0.021262168884277344,0.039359092712402344,0
seg+pos+rms,"(1.5, 8.0, 0.3, -0.3)",0.27240875363349915,0.023982465267181396,0.014232635498046875,0
seg+pos+rms,"(1.5, 8.0, 0.3, -0.3)",0.24832943826913834,0.0036134719848632812,0.02147507667541504,0
seg+pos+rms,"(1.5, 8.0, 0.3, -0.3)",0.24460379779338837,0.008549213409423828,0.016017913818359375,0
seg+pos+rms,"(1.5, 8.0, 0.3, -0.3)",0.2582712173461914,0.007219552993774414,0.0062046051025390625,0
seg+pos+rms,"(1.5, 8.0, 0.3, -0.3)",0.2410792112350464,0.017069876194000244,0.0413060188293457,0
seg+pos+rms,"(1.5, 8.0, 0.3, -0.3)",0.2800009399652481,0.008437633514404297,0.0036699771881103516,0
seg+pos+rms,"(1.5, 8.0, 0.7, 0.0)",0.23036794364452362,0.023396432399749756,0.03533530235290527,0
seg+pos+rms,"(1.5, 8.0, 0.7, 0.0)",0.2207077369093895,0.01622331142425537,0.0004367828369140625,0
seg+pos+rms,"(1.5, 8.0, 0.7, 0.0)",0.23002231121063232,0.015314698219299316,0.017522096633911133,0
seg+pos+rms,"(1.5, 8.0, 0.7, 0.0)",0.20759400725364685,0.00914764404296875,0.006004810333251953,0
seg+pos+rms,"(1.5, 8.0, 0.7, 0.0)",0.23988116532564163,0.02871572971343994,0.04351329803466797,0
seg+pos+rms,"(1.5, 8.0, 0.7, 0.0)",0.22286512702703476,0.022863447666168213,0.0009179115295410156,0
seg+pos+rms,"(1.5, 8.0, 0.7, 0.0)",0.19600844383239746,0.0078012943267822266,0.01339864730834961,0
seg+pos+rms,"(1.5, 8.0, 0.7, 0.0)",0.2019902765750885,0.007232248783111572,0.002982616424560547,0
seg+pos+rms,"(1.5, 8.0, 0.7, 0.0)",0.20868799090385437,0.01519542932510376,0.015512585639953613,0
seg+pos+rms,"(1.5, 8.0, 0.7, 0.0)",0.2144356295466423,0.01966303586959839,0.021573543548583984,0
seg+pos+rms,"(1.5, 8.0, 0.7, 0.0)",0.2122371941804886,0.00269472599029541,0.010340452194213867,0
seg+pos+rms,"(1.5, 8.0, 0.7, 0.0)",0.19549180567264557,0.018681883811950684,0.017869234085083008,0
seg+pos+rms,"(1.5, 8.0, 0.7, 0.0)",0.22673659771680832,0.011116266250610352,0.011560797691345215,0
seg+pos+rms,"(1.5, 8.0, 0.7, 0.0)",0.20948275178670883,0.017168402671813965,0.0031441450119018555,0
seg+pos+rms,"(1.5, 8.0, 0.7, 0.0)",0.20911798626184464,0.014007806777954102,0.034159183502197266,0
seg+pos+rms,"(1.5, 8.0, 0.7, 0.3)",0.20347008854150772,0.004176795482635498,0.0198136568069458,0
seg+pos+rms,"(1.5, 8.0, 0.7, 0.3)",0.2145237848162651,0.0005831122398376465,0.006693482398986816,0
seg+pos+rms,"(1.5, 8.0, 0.7, 0.3)",0.20150963962078094,0.009180665016174316,0.002301812171936035,0
seg+pos+rms,"(1.5, 8.0, 0.7, 0.3)",0.2217487394809723,0.014565348625183105,0.020497560501098633,0
seg+pos+rms,"(1.5, 8.0, 0.7, 0.3)",0.22310160100460052,0.013943731784820557,0.04967927932739258,0
seg+pos+rms,"(1.5, 8.0, 0.7, 0.3)",0.19592835754156113,0.012315869331359863,0.00112152099609375,0
seg+pos+rms,"(1.5, 8.0, 0.7, 0.3)",0.19177807867527008,0.004488170146942139,0.01102900505065918,0
seg+pos+rms,"(1.5, 8.0, 0.7, 0.3)",0.20226142555475235,0.00782853364944458,0.005086302757263184,0
seg+pos+rms,"(1.5, 8.0, 0.7, 0.3)",0.19955983757972717,0.009326756000518799,0.01972639560699463,0
seg+pos+rms,"(1.5, 8.0, 0.7, 0.3)",0.20629214495420456,0.004131972789764404,0.019705772399902344,0
seg+pos+rms,"(1.5, 8.0, 0.7, 0.3)",0.2075992450118065,0.01690232753753662,0.04793238639831543,0
seg+pos+rms,"(1.5, 8.0, 0.7, 0.3)",0.22493334859609604,0.010574162006378174,0.0027091503143310547,0
seg+pos+rms,"(1.5, 8.0, 0.7, 0.3)",0.1974828690290451,0.009489297866821289,0.03744769096374512,0
seg+pos+rms,"(1.5, 8.0, 0.7, 0.3)",0.19990123808383942,0.007576167583465576,0.007997751235961914,0
seg+pos+rms,"(1.5, 8.0, 0.7, 0.3)",0.20954281091690063,0.009234845638275146,0.010583281517028809,0
seg+pos+rms,"(1.5, 8.0, 0.7, 0.6)",0.21396220475435257,0.009965777397155762,0.024255037307739258,0
seg+pos+rms,"(1.5, 8.0, 0.7, 0.6)",0.20337942987680435,0.010324418544769287,0.01603841781616211,0
seg+pos+rms,"(1.5, 8.0, 0.7, 0.6)",0.21923921257257462,0.01757514476776123,0.037570953369140625,0
seg+pos+rms,"(1.5, 8.0, 0.7, 0.6)",0.23200558125972748,0.015089094638824463,0.04139065742492676,0
seg+pos+rms,"(1.5, 8.0, 0.7, 0.6)",0.20292384922504425,0.004568994045257568,0.039002180099487305,0
seg+pos+rms,"(1.5, 8.0, 0.7, 0.6)",0.21043559908866882,0.0010015368461608887,0.03948056697845459,0
seg+pos+rms,"(1.5, 8.0, 0.7, 0.6)",0.22399692237377167,0.010755717754364014,0.028295278549194336,0
seg+pos+rms,"(1.5, 8.0, 0.7, 0.6)",0.20316202193498611,0.0028476715087890625,0.025991320610046387,0
seg+pos+rms,"(1.5, 8.0, 0.7, 0.6)",0.20657750964164734,0.008675038814544678,0.025553226470947266,0
seg+pos+rms,"(1.5, 8.0, 0.7, 0.6)",0.19772936403751373,0.0073130130767822266,0.027450203895568848,0
seg+pos+rms,"(1.5, 8.0, 0.7, 0.6)",0.22423023730516434,0.019518673419952393,0.06608998775482178,0
seg+pos+rms,"(1.5, 8.0, 0.7, 0.6)",0.2084222212433815,0.01167762279510498,0.042250990867614746,0
seg+pos+rms,"(1.5, 8.0, 0.7, 0.6)",0.22673530876636505,0.011688053607940674,0.015572428703308105,0
seg+pos+rms,"(1.5, 8.0, 0.7, 0.6)",0.21529819071292877,0.005517542362213135,0.009965777397155762,0
seg+pos+rms,"(1.5, 8.0, 0.7, 0.6)",0.20087801665067673,0.009027481079101562,0.02080678939819336,0
seg+pos+rms,"(1.5, 8.0, 0.7, -0.3)",0.2023809775710106,0.012790977954864502,0.009053468704223633,0
seg+pos+rms,"(1.5, 8.0, 0.7, -0.3)",0.2057817205786705,0.016257882118225098,0.033118486404418945,0
seg+pos+rms,"(1.5, 8.0, 0.7, -0.3)",0.21536245942115784,0.008815646171569824,0.029247760772705078,0
seg+pos+rms,"(1.5, 8.0, 0.7, -0.3)",0.20062917470932007,0.018662095069885254,0.005844593048095703,0
seg+pos+rms,"(1.5, 8.0, 0.7, -0.3)",0.22502277046442032,0.031188011169433594,0.03454995155334473,0
seg+pos+rms,"(1.5, 8.0, 0.7, -0.3)",0.19583670794963837,0.015860021114349365,0.003838777542114258,0
seg+pos+rms,"(1.5, 8.0, 0.7, -0.3)",0.23510171473026276,0.017067015171051025,0.01734638214111328,0
seg+pos+rms,"(1.5, 8.0, 0.7, -0.3)",0.19712324440479279,0.005726277828216553,0.0025568008422851562,0
seg+pos+rms,"(1.5, 8.0, 0.7, -0.3)",0.20418909937143326,0.0043089985847473145,0.008051872253417969,0
seg+pos+rms,"(1.5, 8.0, 0.7, -0.3)",0.2013755813241005,0.013762116432189941,0.008976936340332031,0
seg+pos+rms,"(1.5, 8.0, 0.7, -0.3)",0.22237761318683624,0.012215495109558105,0.0010974407196044922,0
seg+pos+rms,"(1.5, 8.0, 0.7, -0.3)",0.2015579268336296,0.00775909423828125,0.019846439361572266,0
seg+pos+rms,"(1.5, 8.0, 0.7, -0.3)",0.20372406393289566,0.01568436622619629,0.018039703369140625,0
seg+pos+rms,"(1.5, 8.0, 0.7, -0.3)",0.19745509326457977,0.007739126682281494,0.029672622680664062,0
seg+pos+rms,"(1.5, 8.0, 0.7, -0.3)",0.20468947291374207,0.004869520664215088,0.009062051773071289,0
seg+pos+rms,"(1.5, 20.0, 0.3, 0.0)",0.22880841046571732,0.020464837551116943,0.006849050521850586,0
seg+pos+rms,"(1.5, 20.0, 0.3, 0.0)",0.22925430536270142,0.019678950309753418,0.020938515663146973,0
seg+pos+rms,"(1.5, 20.0, 0.3, 0.0)",0.256277434527874,0.0074724555015563965,0.004835605621337891,0
seg+pos+rms,"(1.5, 20.0, 0.3, 0.0)",0.22720852494239807,0.008707761764526367,0.007089376449584961,0
seg+pos+rms,"(1.5, 20.0, 0.3, 0.0)",0.2535439431667328,0.011181294918060303,0.018063783645629883,0
seg+pos+rms,"(1.5, 20.0, 0.3, 0.0)",0.26103314757347107,0.010086357593536377,0.003711700439453125,0
seg+pos+rms,"(1.5, 20.0, 0.3, 0.0)",0.22523543238639832,0.019625544548034668,0.017273902893066406,0
seg+pos+rms,"(1.5, 20.0, 0.3, 0.0)",0.26438723504543304,0.009019613265991211,0.03355097770690918,0
seg+pos+rms,"(1.5, 20.0, 0.3, 0.0)",0.2257874235510826,0.012668907642364502,0.004811286926269531,0
seg+pos+rms,"(1.5, 20.0, 0.3, 0.0)",0.23431900143623352,0.010575354099273682,0.03167009353637695,0
seg+pos+rms,"(1.5, 20.0, 0.3, 0.0)",0.25463008880615234,0.013043105602264404,9.012222290039062e-05,0
seg+pos+rms,"(1.5, 20.0, 0.3, 0.0)",0.23379966616630554,0.018052399158477783,0.0022891759872436523,0
seg+pos+rms,"(1.5, 20.0, 0.3, 0.0)",0.23628292232751846,0.0020607709884643555,0.0009033679962158203,0
seg+pos+rms,"(1.5, 20.0, 0.3, 0.0)",0.22770536690950394,0.0038008689880371094,0.012793540954589844,0
seg+pos+rms,"(1.5, 20.0, 0.3, 0.0)",0.23015344887971878,0.00710904598236084,0.009264826774597168,0
seg+pos+rms,"(1.5, 20.0, 0.3, 0.3)",0.23914342373609543,0.013836383819580078,0.008400559425354004,0
seg+pos+rms,"(1.5, 20.0, 0.3, 0.3)",0.2326372265815735,0.013664960861206055,0.022804856300354004,0
seg+pos+rms,"(1.5, 20.0, 0.3, 0.3)",0.2244328111410141,0.0025764107704162598,0.006281495094299316,0
seg+pos+rms,"(1.5, 20.0, 0.3, 0.3)",0.23276884853839874,0.012663006782531738,0.01674628257751465,0
seg+pos+rms,"(1.5, 20.0, 0.3, 0.3)",0.2598421424627304,0.013371586799621582,0.03379213809967041,0
seg+pos+rms,"(1.5, 20.0, 0.3, 0.3)",0.21875394880771637,0.013653934001922607,0.004627108573913574,0
seg+pos+rms,"(1.5, 20.0, 0.3, 0.3)",0.2444516271352768,0.013270795345306396,0.012545466423034668,0
seg+pos+rms,"(1.5, 20.0, 0.3, 0.3)",0.2625981867313385,0.020068824291229248,0.018630146980285645,0
seg+pos+rms,"(1.5, 20.0, 0.3, 0.3)",0.2526140511035919,0.0011749863624572754,0.02499568462371826,0
seg+pos+rms,"(1.5, 20.0, 0.3, 0.3)",0.24400398880243301,0.012138009071350098,0.0021772384643554688,0
seg+pos+rms,"(1.5, 20.0, 0.3, 0.3)",0.26789848506450653,0.01366567611694336,0.0850592851638794,0
seg+pos+rms,"(1.5, 20.0, 0.3, 0.3)",0.2601301074028015,0.005007922649383545,0.019196748733520508,0
seg+pos+rms,"(1.5, 20.0, 0.3, 0.3)",0.22109117358922958,0.0023189783096313477,0.007523894309997559,0
seg+pos+rms,"(1.5, 20.0, 0.3, 0.3)",0.23150460422039032,0.00942838191986084,0.002361893653869629,0
seg+pos+rms,"(1.5, 20.0, 0.3, 0.3)",0.2502790689468384,0.0047571659088134766,0.01814734935760498,0
seg+pos+rms,"(1.5, 20.0, 0.3, 0.6)",0.2585519850254059,0.02014225721359253,0.0598987340927124,0
seg+pos+rms,"(1.5, 20.0, 0.3, 0.6)",0.22767646610736847,0.015189766883850098,0.027246952056884766,0
seg+pos+rms,"(1.5, 20.0, 0.3, 0.6)",0.2357536256313324,0.008213520050048828,0.023553013801574707,0
seg+pos+rms,"(1.5, 20.0, 0.3, 0.6)",0.24179918318986893,0.008386373519897461,0.007042527198791504,0
seg+pos+rms,"(1.5, 20.0, 0.3, 0.6)",0.24687252938747406,0.003567039966583252,0.03459525108337402,0
seg+pos+rms,"(1.5, 20.0, 0.3, 0.6)",0.22338420152664185,0.0035396218299865723,0.04579126834869385,0
seg+pos+rms,"(1.5, 20.0, 0.3, 0.6)",0.26496070623397827,0.010998189449310303,0.03256797790527344,0
seg+pos+rms,"(1.5, 20.0, 0.3, 0.6)",0.22259671986103058,0.007316887378692627,0.044666171073913574,0
seg+pos+rms,"(1.5, 20.0, 0.3, 0.6)",0.22461547702550888,0.006516754627227783,0.004503965377807617,0
seg+pos+rms,"(1.5, 20.0, 0.3, 0.6)",0.2435835599899292,0.008061110973358154,0.049074530601501465,0
seg+pos+rms,"(1.5, 20.0, 0.3, 0.6)",0.236044280230999,0.024968326091766357,0.04479789733886719,0
seg+pos+rms,"(1.5, 20.0, 0.3, 0.6)",0.2549864202737808,0.004315018653869629,0.0025861263275146484,0
seg+pos+rms,"(1.5, 20.0, 0.3, 0.6)",0.2684558480978012,0.021986782550811768,0.022183775901794434,0
seg+pos+rms,"(1.5, 20.0, 0.3, 0.6)",0.22323397547006607,0.008395969867706299,0.031951069831848145,0
seg+pos+rms,"(1.5, 20.0, 0.3, 0.6)",0.23005609959363937,0.008988440036773682,0.0018270015716552734,0
seg+pos+rms,"(1.5, 20.0, 0.3, -0.3)",0.22861552238464355,0.004372596740722656,0.023818016052246094,0
seg+pos+rms,"(1.5, 20.0, 0.3, -0.3)",0.23398765176534653,0.025783896446228027,0.019819259643554688,0
seg+pos+rms,"(1.5, 20.0, 0.3, -0.3)",0.22442371398210526,0.011745572090148926,0.014740228652954102,0
seg+pos+rms,"(1.5, 20.0, 0.3, -0.3)",0.27009326219558716,0.006813108921051025,0.026882410049438477,0
seg+pos+rms,"(1.5, 20.0, 0.3, -0.3)",0.2450689598917961,0.007844090461730957,0.01459956169128418,0
seg+pos+rms,"(1.5, 20.0, 0.3, -0.3)",0.23098303377628326,0.009652376174926758,0.006251811981201172,0
seg+pos+rms,"(1.5, 20.0, 0.3, -0.3)",0.22440111637115479,0.001637279987335205,5.507469177246094e-05,0
seg+pos+rms,"(1.5, 20.0, 0.3, -0.3)",0.2238858938217163,0.01763606071472168,0.012568235397338867,0
seg+pos+rms,"(1.5, 20.0, 0.3, -0.3)",0.26093997061252594,0.014125943183898926,0.01967453956604004,0
seg+pos+rms,"(1.5, 20.0, 0.3, -0.3)",0.23292110115289688,0.01084280014038086,0.04531073570251465,0
seg+pos+rms,"(1.5, 20.0, 0.3, -0.3)",0.22771576792001724,0.01510322093963623,0.004440784454345703,0
seg+pos+rms,"(1.5, 20.0, 0.3, -0.3)",0.2247767373919487,0.005497455596923828,0.03490161895751953,0
seg+pos+rms,"(1.5, 20.0, 0.3, -0.3)",0.23014196753501892,0.009293735027313232,0.01636672019958496,0
seg+pos+rms,"(1.5, 20.0, 0.3, -0.3)",0.23337964713573456,0.004840373992919922,0.008125543594360352,0
seg+pos+rms,"(1.5, 20.0, 0.3, -0.3)",0.2622261643409729,0.012817442417144775,0.0372157096862793,0
seg+pos+rms,"(1.5, 20.0, 0.7, 0.0)",0.18187885731458664,0.015534520149230957,0.0002846717834472656,0
seg+pos+rms,"(1.5, 20.0, 0.7, 0.0)",0.19847355037927628,0.012496471405029297,0.020426630973815918,0
seg+pos+rms,"(1.5, 20.0, 0.7, 0.0)",0.1850169152021408,0.016293466091156006,0.0370488166809082,0
seg+pos+rms,"(1.5, 20.0, 0.7, 0.0)",0.20203494280576706,0.01469719409942627,0.0007171630859375,0
seg+pos+rms,"(1.5, 20.0, 0.7, 0.0)",0.215946227312088,0.01836836338043213,0.024897098541259766,0
seg+pos+rms,"(1.5, 20.0, 0.7, 0.0)",0.19925445318222046,0.003957271575927734,0.009554624557495117,0
seg+pos+rms,"(1.5, 20.0, 0.7, 0.0)",0.1933606043457985,0.03427994251251221,0.05774831771850586,0
seg+pos+rms,"(1.5, 20.0, 0.7, 0.0)",0.188302643597126,0.012825727462768555,0.013251304626464844,0
seg+pos+rms,"(1.5, 20.0, 0.7, 0.0)",0.19191518425941467,0.012911677360534668,0.027985811233520508,0
seg+pos+rms,"(1.5, 20.0, 0.7, 0.0)",0.20162852108478546,0.023842453956604004,0.04367709159851074,0
seg+pos+rms,"(1.5, 20.0, 0.7, 0.0)",0.18401125818490982,0.010570704936981201,0.0023300647735595703,0
seg+pos+rms,"(1.5, 20.0, 0.7, 0.0)",0.21613208949565887,0.009731769561767578,0.027267932891845703,0
seg+pos+rms,"(1.5, 20.0, 0.7, 0.0)",0.19638224691152573,0.015022456645965576,0.018890738487243652,0
seg+pos+rms,"(1.5, 20.0, 0.7, 0.0)",0.2041606530547142,0.0014542937278747559,0.0037174224853515625,0
seg+pos+rms,"(1.5, 20.0, 0.7, 0.0)",0.18533716350793839,0.011828958988189697,0.008953571319580078,0
seg+pos+rms,"(1.5, 20.0, 0.7, 0.3)",0.20351499319076538,0.0038818717002868652,0.0024595260620117188,0
seg+pos+rms,"(1.5, 20.0, 0.7, 0.3)",0.20078033208847046,0.021171987056732178,0.020628929138183594,0
seg+pos+rms,"(1.5, 20.0, 0.7, 0.3)",0.19827350229024887,0.012393057346343994,0.015461921691894531,0
seg+pos+rms,"(1.5, 20.0, 0.7, 0.3)",0.20199406147003174,0.0237044095993042,0.015305399894714355,0
seg+pos+rms,"(1.5, 20.0, 0.7, 0.3)",0.19291164726018906,0.014250695705413818,0.0604710578918457,0
seg+pos+rms,"(1.5, 20.0, 0.7, 0.3)",0.19940943270921707,0.002097606658935547,0.021918058395385742,0
seg+pos+rms,"(1.5, 20.0, 0.7, 0.3)",0.21805720031261444,0.015635788440704346,0.04436659812927246,0
seg+pos+rms,"(1.5, 20.0, 0.7, 0.3)",0.18060345947742462,0.01476675271987915,0.03970992565155029,0
seg+pos+rms,"(1.5, 20.0, 0.7, 0.3)",0.21318960189819336,0.01837211847305298,0.01577472686767578,0
seg+pos+rms,"(1.5, 20.0, 0.7, 0.3)",0.21833722293376923,0.01609879732131958,0.0169447660446167,0
seg+pos+rms,"(1.5, 20.0, 0.7, 0.3)",0.19159317761659622,0.0082283616065979,0.016126394271850586,0
seg+pos+rms,"(1.5, 20.0, 0.7, 0.3)",0.19526871293783188,0.0036510825157165527,0.02255070209503174,0
seg+pos+rms,"(1.5, 20.0, 0.7, 0.3)",0.19969122856855392,0.01499032974243164,0.04142880439758301,0
seg+pos+rms,"(1.5, 20.0, 0.7, 0.3)",0.18604939430952072,0.0036086440086364746,0.012417435646057129,0
seg+pos+rms,"(1.5, 20.0, 0.7, 0.3)",0.1955668330192566,0.005974709987640381,0.039373040199279785,0
seg+pos+rms,"(1.5, 20.0, 0.7, 0.6)",0.19177787750959396,0.017607271671295166,0.04410672187805176,0
seg+pos+rms,"(1.5, 20.0, 0.7, 0.6)",0.1940591037273407,0.01732468605041504,0.03993332386016846,0
seg+pos+rms,"(1.5, 20.0, 0.7, 0.6)",0.2050904780626297,0.010350823402404785,0.0063779354095458984,0
seg+pos+rms,"(1.5, 20.0, 0.7, 0.6)",0.19074751436710358,0.01732790470123291,0.029926180839538574,0
seg+pos+rms,"(1.5, 20.0, 0.7, 0.6)",0.203336201608181,0.016491413116455078,0.016512393951416016,0
seg+pos+rms,"(1.5, 20.0, 0.7, 0.6)",0.21259216964244843,0.03614461421966553,0.056000709533691406,0
seg+pos+rms,"(1.5, 20.0, 0.7, 0.6)",0.2025245651602745,0.015254855155944824,0.03173792362213135,0
seg+pos+rms,"(1.5, 20.0, 0.7, 0.6)",0.18900050967931747,0.008115649223327637,0.009136795997619629,0
seg+pos+rms,"(1.5, 20.0, 0.7, 0.6)",0.1964055746793747,0.012203037738800049,0.021575331687927246,0
seg+pos+rms,"(1.5, 20.0, 0.7, 0.6)",0.19505345076322556,0.02536684274673462,0.04550361633300781,0
seg+pos+rms,"(1.5, 20.0, 0.7, 0.6)",0.20167110860347748,0.014483869075775146,0.042961955070495605,0
seg+pos+rms,"(1.5, 20.0, 0.7, 0.6)",0.18960832059383392,0.01181715726852417,0.004865407943725586,0
seg+pos+rms,"(1.5, 20.0, 0.7, 0.6)",0.19289857894182205,0.017556309700012207,0.044034481048583984,0
seg+pos+rms,"(1.5, 20.0, 0.7, 0.6)",0.18897975981235504,0.006029903888702393,0.023924589157104492,0
seg+pos+rms,"(1.5, 20.0, 0.7, 0.6)",0.21256431192159653,0.014133810997009277,0.015293240547180176,0
seg+pos+rms,"(1.5, 20.0, 0.7, -0.3)",0.19366034120321274,0.004171848297119141,0.012441396713256836,0
seg+pos+rms,"(1.5, 20.0, 0.7, -0.3)",0.19753673672676086,0.012738525867462158,0.0025720596313476562,0
seg+pos+rms,"(1.5, 20.0, 0.7, -0.3)",0.20023741573095322,0.006167948246002197,0.018443584442138672,0
seg+pos+rms,"(1.5, 20.0, 0.7, -0.3)",0.1933644860982895,0.0077664852142333984,0.015819311141967773,0
seg+pos+rms,"(1.5, 20.0, 0.7, -0.3)",0.1848476231098175,0.03160148859024048,0.046952128410339355,0
seg+pos+rms,"(1.5, 20.0, 0.7, -0.3)",0.19993365556001663,0.016694962978363037,0.0260622501373291,0
seg+pos+rms,"(1.5, 20.0, 0.7, -0.3)",0.18583942204713821,0.026794373989105225,0.021849870681762695,0
seg+pos+rms,"(1.5, 20.0, 0.7, -0.3)",0.19684025645256042,0.02686631679534912,0.02746438980102539,0
seg+pos+rms,"(1.5, 20.0, 0.7, -0.3)",0.18577080219984055,0.01678258180618286,0.05546581745147705,0
seg+pos+rms,"(1.5, 20.0, 0.7, -0.3)",0.18973545730113983,0.017137467861175537,0.039612531661987305,0
seg+pos+rms,"(1.5, 20.0, 0.7, -0.3)",0.21181431412696838,0.022762298583984375,0.01985931396484375,0
seg+pos+rms,"(1.5, 20.0, 0.7, -0.3)",0.19502662867307663,0.022949397563934326,0.025261640548706055,0
seg+pos+rms,"(1.5, 20.0, 0.7, -0.3)",0.1824250966310501,0.011384069919586182,0.013628482818603516,0
seg+pos+rms,"(1.5, 20.0, 0.7, -0.3)",0.19295910000801086,0.011461496353149414,0.013344526290893555,0
seg+pos+rms,"(1.5, 20.0, 0.7, -0.3)",0.1871335133910179,0.031393587589263916,0.03876495361328125,0
seg+pos+rms,"(3.0, 8.0, 0.3, 0.0)",0.2987871617078781,0.019914984703063965,0.0041980743408203125,0
seg+pos+rms,"(3.0, 8.0, 0.3, 0.0)",0.28042860329151154,0.007645130157470703,0.01537942886352539,0
seg+pos+rms,"(3.0, 8.0, 0.3, 0.0)",0.3318184167146683,0.01712179183959961,0.022076129913330078,0
seg+pos+rms,"(3.0, 8.0, 0.3, 0.0)",0.2979489117860794,0.002511262893676758,0.003433704376220703,0
seg+pos+rms,"(3.0, 8.0, 0.3, 0.0)",0.352237731218338,0.008913755416870117,0.016029834747314453,0
seg+pos+rms,"(3.0, 8.0, 0.3, 0.0)",0.34887227416038513,0.013241171836853027,0.00832986831665039,0
seg+pos+rms,"(3.0, 8.0, 0.3, 0.0)",0.34679269790649414,0.010081052780151367,0.02765941619873047,0
seg+pos+rms,"(3.0, 8.0, 0.3, 0.0)",0.2770674526691437,0.001659989356994629,0.020243167877197266,0
seg+pos+rms,"(3.0, 8.0, 0.3, 0.0)",0.3401097059249878,0.01135408878326416,0.0016217231750488281,0
seg+pos+rms,"(3.0, 8.0, 0.3, 0.0)",0.3172701299190521,0.010913848876953125,0.0032296180725097656,0
seg+pos+rms,"(3.0, 8.0, 0.3, 0.0)",0.33594024181365967,0.030125021934509277,0.060176849365234375,0
seg+pos+rms,"(3.0, 8.0, 0.3, 0.0)",0.2943809926509857,0.013275742530822754,0.0007772445678710938,0
seg+pos+rms,"(3.0, 8.0, 0.3, 0.0)",0.3222223222255707,0.004114031791687012,0.011102676391601562,0
seg+pos+rms,"(3.0, 8.0, 0.3, 0.0)",0.3235781490802765,0.010837554931640625,0.004436492919921875,0
seg+pos+rms,"(3.0, 8.0, 0.3, 0.0)",0.287573978304863,0.01505422592163086,0.007769107818603516,0
seg+pos+rms,"(3.0, 8.0, 0.3, 0.3)",0.30399422347545624,0.008168458938598633,0.011806249618530273,0
seg+pos+rms,"(3.0, 8.0, 0.3, 0.3)",0.3030101805925369,0.018492698669433594,0.03949475288391113,0
seg+pos+rms,"(3.0, 8.0, 0.3, 0.3)",0.29774177074432373,0.017162084579467773,0.000255584716796875,0
seg+pos+rms,"(3.0, 8.0, 0.3, 0.3)",0.29712215065956116,0.02866506576538086,0.05005764961242676,0
seg+pos+rms,"(3.0, 8.0, 0.3, 0.3)",0.35673563182353973,0.014119744300842285,0.0016109943389892578,0
seg+pos+rms,"(3.0, 8.0, 0.3, 0.3)",0.3322107195854187,0.006476163864135742,0.018580198287963867,0
seg+pos+rms,"(3.0, 8.0, 0.3, 0.3)",0.2971109449863434,0.008787393569946289,0.006774187088012695,0
seg+pos+rms,"(3.0, 8.0, 0.3, 0.3)",0.2915521264076233,0.009269237518310547,0.028079986572265625,0
seg+pos+rms,"(3.0, 8.0, 0.3, 0.3)",0.33971481025218964,0.011366963386535645,0.048938751220703125,0
seg+pos+rms,"(3.0, 8.0, 0.3, 0.3)",0.3378765881061554,0.006431698799133301,0.025509119033813477,0
seg+pos+rms,"(3.0, 8.0, 0.3, 0.3)",0.3040255606174469,0.006656169891357422,0.024055004119873047,0
seg+pos+rms,"(3.0, 8.0, 0.3, 0.3)",0.293451726436615,0.024625182151794434,0.036084890365600586,0
seg+pos+rms,"(3.0, 8.0, 0.3, 0.3)",0.28751713037490845,0.003931879997253418,0.0035316944122314453,0
seg+pos+rms,"(3.0, 8.0, 0.3, 0.3)",0.29608364403247833,0.008346796035766602,0.00867009162902832,0
seg+pos+rms,"(3.0, 8.0, 0.3, 0.3)",0.2969241142272949,0.010641813278198242,0.02832937240600586,0
seg+pos+rms,"(3.0, 8.0, 0.3, 0.6)",0.32159385085105896,0.004185676574707031,0.03186368942260742,0
seg+pos+rms,"(3.0, 8.0, 0.3, 0.6)",0.2921063154935837,0.01573026180267334,0.006704568862915039,0
seg+pos+rms,"(3.0, 8.0, 0.3, 0.6)",0.3196447044610977,0.010470986366271973,0.06097555160522461,0
seg+pos+rms,"(3.0, 8.0, 0.3, 0.6)",0.3118753880262375,0.02008974552154541,0.004029035568237305,0
seg+pos+rms,"(3.0, 8.0, 0.3, 0.6)",0.3064958304166794,0.007982850074768066,0.017670869827270508,0
seg+pos+rms,"(3.0, 8.0, 0.3, 0.6)",0.3052612394094467,0.012642502784729004,0.04508829116821289,0
seg+pos+rms,"(3.0, 8.0, 0.3, 0.6)",0.3088371455669403,0.004817008972167969,0.06846189498901367,0
seg+pos+rms,"(3.0, 8.0, 0.3, 0.6)",0.2823796570301056,0.014587759971618652,0.012866020202636719,0
seg+pos+rms,"(3.0, 8.0, 0.3, 0.6)",0.3096995949745178,0.00982511043548584,0.010942697525024414,0
seg+pos+rms,"(3.0, 8.0, 0.3, 0.6)",0.3153252899646759,0.003794074058532715,0.0021898746490478516,0
seg+pos+rms,"(3.0, 8.0, 0.3, 0.6)",0.3022468686103821,0.011278986930847168,0.0006062984466552734,0
seg+pos+rms,"(3.0, 8.0, 0.3, 0.6)",0.293047696352005,0.010741472244262695,0.06032729148864746,0
seg+pos+rms,"(3.0, 8.0, 0.3, 0.6)",0.2948843240737915,0.0012968778610229492,0.014608383178710938,0
seg+pos+rms,"(3.0, 8.0, 0.3, 0.6)",0.27644437551498413,0.005452871322631836,0.005692005157470703,0
seg+pos+rms,"(3.0, 8.0, 0.3, 0.6)",0.3076496422290802,0.01040196418762207,0.005944490432739258,0
seg+pos+rms,"(3.0, 8.0, 0.3, -0.3)",0.287683367729187,0.007039904594421387,0.008263587951660156,0
seg+pos+rms,"(3.0, 8.0, 0.3, -0.3)",0.29732221364974976,0.013165950775146484,0.0276031494140625,0
seg+pos+rms,"(3.0, 8.0, 0.3, -0.3)",0.31317906081676483,0.023620128631591797,0.02926015853881836,0
seg+pos+rms,"(3.0, 8.0, 0.3, -0.3)",0.29371336102485657,0.011307716369628906,0.02713489532470703,0
seg+pos+rms,"(3.0, 8.0, 0.3, -0.3)",0.3153899312019348,0.008589029312133789,0.01330423355102539,0
seg+pos+rms,"(3.0, 8.0, 0.3, -0.3)",0.3324304074048996,0.01144707202911377,0.013836860656738281,0
seg+pos+rms,"(3.0, 8.0, 0.3, -0.3)",0.29962024092674255,0.021543145179748535,0.04247426986694336,0
seg+pos+rms,"(3.0, 8.0, 0.3, -0.3)",0.2858574092388153,0.012877345085144043,0.0003533363342285156,0
seg+pos+rms,"(3.0, 8.0, 0.3, -0.3)",0.29368673264980316,0.014809012413024902,0.016567707061767578,0
seg+pos+rms,"(3.0, 8.0, 0.3, -0.3)",0.28607358038425446,0.0018025636672973633,0.005177021026611328,0
seg+pos+rms,"(3.0, 8.0, 0.3, -0.3)",0.28225037455558777,0.023289203643798828,0.025272846221923828,0
seg+pos+rms,"(3.0, 8.0, 0.3, -0.3)",0.29055483639240265,0.0101393461227417,0.0018448829650878906,0
seg+pos+rms,"(3.0, 8.0, 0.3, -0.3)",0.2918007969856262,0.01980435848236084,0.020378589630126953,0
seg+pos+rms,"(3.0, 8.0, 0.3, -0.3)",0.2994741201400757,0.016423583030700684,0.007996082305908203,0
seg+pos+rms,"(3.0, 8.0, 0.3, -0.3)",0.31703701615333557,0.01647627353668213,0.007107257843017578,0
seg+pos+rms,"(3.0, 8.0, 0.7, 0.0)",0.2267075851559639,0.017987370491027832,0.021613121032714844,0
seg+pos+rms,"(3.0, 8.0, 0.7, 0.0)",0.23458164185285568,0.0028258562088012695,0.02608489990234375,0
seg+pos+rms,"(3.0, 8.0, 0.7, 0.0)",0.24411378800868988,0.01860523223876953,0.03727006912231445,0
seg+pos+rms,"(3.0, 8.0, 0.7, 0.0)",0.23746442049741745,0.0029338598251342773,0.017800331115722656,0
seg+pos+rms,"(3.0, 8.0, 0.7, 0.0)",0.25979235768318176,0.00502467155456543,0.003098011016845703,0
seg+pos+rms,"(3.0, 8.0, 0.7, 0.0)",0.23979461938142776,0.014900922775268555,0.04058980941772461,0
seg+pos+rms,"(3.0, 8.0, 0.7, 0.0)",0.2617799788713455,0.010245323181152344,0.005444526672363281,0
seg+pos+rms,"(3.0, 8.0, 0.7, 0.0)",0.23216334730386734,0.002570509910583496,0.02645277976989746,0
seg+pos+rms,"(3.0, 8.0, 0.7, 0.0)",0.2442677691578865,0.01810288429260254,0.03111553192138672,0
seg+pos+rms,"(3.0, 8.0, 0.7, 0.0)",0.2501062750816345,0.012022137641906738,0.018790721893310547,0
seg+pos+rms,"(3.0, 8.0, 0.7, 0.0)",0.24357879906892776,0.005464076995849609,0.033284664154052734,0
seg+pos+rms,"(3.0, 8.0, 0.7, 0.0)",0.23878014832735062,0.01836371421813965,0.02044963836669922,0
seg+pos+rms,"(3.0, 8.0, 0.7, 0.0)",0.23982789367437363,0.009628891944885254,0.025839805603027344,0
seg+pos+rms,"(3.0, 8.0, 0.7, 0.0)",0.2647228091955185,0.010669708251953125,0.011812686920166016,0
seg+pos+rms,"(3.0, 8.0, 0.7, 0.0)",0.22904308140277863,0.004696846008300781,0.013128519058227539,0
seg+pos+rms,"(3.0, 8.0, 0.7, 0.3)",0.24819311499595642,0.008862614631652832,0.018793106079101562,0
seg+pos+rms,"(3.0, 8.0, 0.7, 0.3)",0.23230572044849396,0.01600348949432373,0.019123315811157227,0
seg+pos+rms,"(3.0, 8.0, 0.7, 0.3)",0.24863339215517044,0.007997274398803711,0.01942729949951172,0
seg+pos+rms,"(3.0, 8.0, 0.7, 0.3)",0.24057836830615997,0.022967934608459473,0.010644674301147461,0
seg+pos+rms,"(3.0, 8.0, 0.7, 0.3)",0.24912633001804352,0.004035830497741699,0.0014388561248779297,0
seg+pos+rms,"(3.0, 8.0, 0.7, 0.3)",0.2339930161833763,0.0042231082916259766,0.014017343521118164,0
seg+pos+rms,"(3.0, 8.0, 0.7, 0.3)",0.23652397841215134,0.00901484489440918,0.010726213455200195,0
seg+pos+rms,"(3.0, 8.0, 0.7, 0.3)",0.23770605772733688,0.005914449691772461,0.02513909339904785,0
seg+pos+rms,"(3.0, 8.0, 0.7, 0.3)",0.27193430066108704,0.01808464527130127,0.010397672653198242,0
seg+pos+rms,"(3.0, 8.0, 0.7, 0.3)",0.24123434722423553,0.01740264892578125,0.0035157203674316406,0
seg+pos+rms,"(3.0, 8.0, 0.7, 0.3)",0.264511838555336,0.01784992218017578,0.00637054443359375,0
seg+pos+rms,"(3.0, 8.0, 0.7, 0.3)",0.25373266637325287,0.010314702987670898,0.0029866695404052734,0
seg+pos+rms,"(3.0, 8.0, 0.7, 0.3)",0.2673339992761612,0.008400201797485352,0.01967477798461914,0
seg+pos+rms,"(3.0, 8.0, 0.7, 0.3)",0.23181118816137314,0.009998559951782227,0.013899803161621094,0
seg+pos+rms,"(3.0, 8.0, 0.7, 0.3)",0.23632285743951797,0.008951187133789062,0.0011553764343261719,0
seg+pos+rms,"(3.0, 8.0, 0.7, 0.6)",0.23380622267723083,0.018990516662597656,0.05585432052612305,0
seg+pos+rms,"(3.0, 8.0, 0.7, 0.6)",0.24200575798749924,0.00708615779876709,0.00675511360168457,0
seg+pos+rms,"(3.0, 8.0, 0.7, 0.6)",0.23786647617816925,0.0047795772552490234,0.0485835075378418,0
seg+pos+rms,"(3.0, 8.0, 0.7, 0.6)",0.27070775628089905,0.02382516860961914,0.04524111747741699,0
seg+pos+rms,"(3.0, 8.0, 0.7, 0.6)",0.23349948227405548,0.003911495208740234,0.00345611572265625,0
seg+pos+rms,"(3.0, 8.0, 0.7, 0.6)",0.25258511304855347,0.0015677213668823242,0.003672361373901367,0
seg+pos+rms,"(3.0, 8.0, 0.7, 0.6)",0.26672959327697754,0.01144421100616455,0.029998779296875,0
seg+pos+rms,"(3.0, 8.0, 0.7, 0.6)",0.24363549798727036,0.012374520301818848,0.015422821044921875,0
seg+pos+rms,"(3.0, 8.0, 0.7, 0.6)",0.22536651045084,0.01184689998626709,0.003498077392578125,0
seg+pos+rms,"(3.0, 8.0, 0.7, 0.6)",0.2319106161594391,0.019872307777404785,0.005141496658325195,0
seg+pos+rms,"(3.0, 8.0, 0.7, 0.6)",0.26748141646385193,0.008775591850280762,0.009227514266967773,0
seg+pos+rms,"(3.0, 8.0, 0.7, 0.6)",0.2624400556087494,0.01159679889678955,0.02292943000793457,0
seg+pos+rms,"(3.0, 8.0, 0.7, 0.6)",0.25281547755002975,0.004997730255126953,0.017213106155395508,0
seg+pos+rms,"(3.0, 8.0, 0.7, 0.6)",0.23400523513555527,0.013369321823120117,0.018596887588500977,0
seg+pos+rms,"(3.0, 8.0, 0.7, 0.6)",0.23135242611169815,0.005365133285522461,0.024417638778686523,0
seg+pos+rms,"(3.0, 8.0, 0.7, -0.3)",0.23911147564649582,0.010997176170349121,0.02068805694580078,0
seg+pos+rms,"(3.0, 8.0, 0.7, -0.3)",0.26966492831707,0.01125192642211914,0.05063962936401367,0
seg+pos+rms,"(3.0, 8.0, 0.7, -0.3)",0.23250282555818558,0.00818181037902832,0.027441978454589844,0
seg+pos+rms,"(3.0, 8.0, 0.7, -0.3)",0.23029959201812744,0.0020667314529418945,0.009675025939941406,0
seg+pos+rms,"(3.0, 8.0, 0.7, -0.3)",0.26581771671772003,0.005941271781921387,0.01146078109741211,0
seg+pos+rms,"(3.0, 8.0, 0.7, -0.3)",0.23798580467700958,0.003621339797973633,0.029648780822753906,0
seg+pos+rms,"(3.0, 8.0, 0.7, -0.3)",0.25379499793052673,0.007523059844970703,0.02684164047241211,0
seg+pos+rms,"(3.0, 8.0, 0.7, -0.3)",0.2519892007112503,0.011903047561645508,0.010395050048828125,0
seg+pos+rms,"(3.0, 8.0, 0.7, -0.3)",0.23810011893510818,0.0031777620315551758,0.007105827331542969,0
seg+pos+rms,"(3.0, 8.0, 0.7, -0.3)",0.23032192140817642,0.021304726600646973,0.02141857147216797,0
seg+pos+rms,"(3.0, 8.0, 0.7, -0.3)",0.24080105125904083,0.00835418701171875,0.007742881774902344,0
seg+pos+rms,"(3.0, 8.0, 0.7, -0.3)",0.23263689130544662,0.01020348072052002,0.010665416717529297,0
seg+pos+rms,"(3.0, 8.0, 0.7, -0.3)",0.2609800398349762,0.0018123388290405273,0.0033102035522460938,0
seg+pos+rms,"(3.0, 8.0, 0.7, -0.3)",0.2389126867055893,0.005662798881530762,0.007213115692138672,0
seg+pos+rms,"(3.0, 8.0, 0.7, -0.3)",0.2264905497431755,0.015240669250488281,0.015363216400146484,0
seg+pos+rms,"(3.0, 20.0, 0.3, 0.0)",0.2874780595302582,0.010545849800109863,0.017983436584472656,0
seg+pos+rms,"(3.0, 20.0, 0.3, 0.0)",0.2949780225753784,0.021392822265625,0.0048065185546875,0
seg+pos+rms,"(3.0, 20.0, 0.3, 0.0)",0.2973974347114563,0.012787342071533203,0.006062507629394531,0
seg+pos+rms,"(3.0, 20.0, 0.3, 0.0)",0.2843489646911621,0.01815474033355713,0.0230865478515625,0
seg+pos+rms,"(3.0, 20.0, 0.3, 0.0)",0.26388169825077057,0.00984203815460205,0.0019161701202392578,0
seg+pos+rms,"(3.0, 20.0, 0.3, 0.0)",0.2705424875020981,0.013646841049194336,0.016505718231201172,0
seg+pos+rms,"(3.0, 20.0, 0.3, 0.0)",0.31728240847587585,0.016312122344970703,0.05539655685424805,0
seg+pos+rms,"(3.0, 20.0, 0.3, 0.0)",0.2850087583065033,0.001429915428161621,0.025417327880859375,0
seg+pos+rms,"(3.0, 20.0, 0.3, 0.0)",0.29997967183589935,0.01579463481903076,0.020652294158935547,0
seg+pos+rms,"(3.0, 20.0, 0.3, 0.0)",0.32636846601963043,0.010210514068603516,0.028982162475585938,0
seg+pos+rms,"(3.0, 20.0, 0.3, 0.0)",0.2815215587615967,0.018705010414123535,0.01581287384033203,0
seg+pos+rms,"(3.0, 20.0, 0.3, 0.0)",0.28856828808784485,0.023532509803771973,0.011800289154052734,0
seg+pos+rms,"(3.0, 20.0, 0.3, 0.0)",0.3293256312608719,0.010419130325317383,0.024848461151123047,0
seg+pos+rms,"(3.0, 20.0, 0.3, 0.0)",0.2761538475751877,0.017960190773010254,0.00647735595703125,0
seg+pos+rms,"(3.0, 20.0, 0.3, 0.0)",0.3005310297012329,0.017859816551208496,0.015680551528930664,0
seg+pos+rms,"(3.0, 20.0, 0.3, 0.3)",0.2924015372991562,0.01219797134399414,0.002821683883666992,0
seg+pos+rms,"(3.0, 20.0, 0.3, 0.3)",0.2689872533082962,0.009749650955200195,0.0021016597747802734,0
seg+pos+rms,"(3.0, 20.0, 0.3, 0.3)",0.2843784838914871,0.001149296760559082,0.010263442993164062,0
seg+pos+rms,"(3.0, 20.0, 0.3, 0.3)",0.3187504708766937,0.00551152229309082,0.0399632453918457,0
seg+pos+rms,"(3.0, 20.0, 0.3, 0.3)",0.2770809382200241,0.004540205001831055,0.0010325908660888672,0
seg+pos+rms,"(3.0, 20.0, 0.3, 0.3)",0.2678663730621338,0.01100921630859375,0.01690840721130371,0
seg+pos+rms,"(3.0, 20.0, 0.3, 0.3)",0.2946039289236069,0.014687299728393555,0.03446078300476074,0
seg+pos+rms,"(3.0, 20.0, 0.3, 0.3)",0.26854901015758514,0.010566949844360352,0.014774084091186523,0
seg+pos+rms,"(3.0, 20.0, 0.3, 0.3)",0.27158720791339874,0.011925458908081055,0.02483820915222168,0
seg+pos+rms,"(3.0, 20.0, 0.3, 0.3)",0.285715788602829,0.015393376350402832,0.02605271339416504,0
seg+pos+rms,"(3.0, 20.0, 0.3, 0.3)",0.2620817571878433,0.0030651092529296875,0.01574540138244629,0
seg+pos+rms,"(3.0, 20.0, 0.3, 0.3)",0.280692994594574,0.006137847900390625,0.03159904479980469,0
seg+pos+rms,"(3.0, 20.0, 0.3, 0.3)",0.31196579337120056,0.005380392074584961,0.016077041625976562,0
seg+pos+rms,"(3.0, 20.0, 0.3, 0.3)",0.3064180612564087,0.012819647789001465,0.020212888717651367,0
seg+pos+rms,"(3.0, 20.0, 0.3, 0.3)",0.27720998227596283,0.0041577816009521484,0.012812137603759766,0
seg+pos+rms,"(3.0, 20.0, 0.3, 0.6)",0.2785676568746567,0.017372608184814453,0.005482673645019531,0
seg+pos+rms,"(3.0, 20.0, 0.3, 0.6)",0.2807725667953491,0.004865765571594238,0.016740798950195312,0
seg+pos+rms,"(3.0, 20.0, 0.3, 0.6)",0.3262171298265457,0.010144233703613281,0.03154778480529785,0
seg+pos+rms,"(3.0, 20.0, 0.3, 0.6)",0.2647370845079422,0.010389089584350586,0.010071277618408203,0
seg+pos+rms,"(3.0, 20.0, 0.3, 0.6)",0.27804484963417053,0.009679913520812988,0.035074472427368164,0
seg+pos+rms,"(3.0, 20.0, 0.3, 0.6)",0.2877676784992218,0.009258389472961426,0.01696038246154785,0
seg+pos+rms,"(3.0, 20.0, 0.3, 0.6)",0.28966519236564636,0.03136885166168213,0.02143239974975586,0
seg+pos+rms,"(3.0, 20.0, 0.3, 0.6)",0.27277322113513947,0.010099053382873535,0.0006709098815917969,0
seg+pos+rms,"(3.0, 20.0, 0.3, 0.6)",0.3146320581436157,0.00946807861328125,0.031065940856933594,0
seg+pos+rms,"(3.0, 20.0, 0.3, 0.6)",0.2786528468132019,0.002843499183654785,0.018930435180664062,0
seg+pos+rms,"(3.0, 20.0, 0.3, 0.6)",0.32174673676490784,0.012302398681640625,0.018136024475097656,0
seg+pos+rms,"(3.0, 20.0, 0.3, 0.6)",0.3132018595933914,0.017224788665771484,0.05228090286254883,0
seg+pos+rms,"(3.0, 20.0, 0.3, 0.6)",0.27851836383342743,0.013663530349731445,0.02897191047668457,0
seg+pos+rms,"(3.0, 20.0, 0.3, 0.6)",0.2594944089651108,0.004454851150512695,0.0030176639556884766,0
seg+pos+rms,"(3.0, 20.0, 0.3, 0.6)",0.2768682837486267,0.013819575309753418,0.017886638641357422,0
seg+pos+rms,"(3.0, 20.0, 0.3, -0.3)",0.279363289475441,0.014847874641418457,0.019503116607666016,0
seg+pos+rms,"(3.0, 20.0, 0.3, -0.3)",0.2989155054092407,0.004198551177978516,0.003288745880126953,0
seg+pos+rms,"(3.0, 20.0, 0.3, -0.3)",0.29087403416633606,0.013315916061401367,0.011948108673095703,0
seg+pos+rms,"(3.0, 20.0, 0.3, -0.3)",0.2772248238325119,0.015065908432006836,0.012939929962158203,0
seg+pos+rms,"(3.0, 20.0, 0.3, -0.3)",0.271186888217926,0.03205585479736328,0.020134925842285156,0
seg+pos+rms,"(3.0, 20.0, 0.3, -0.3)",0.2641292065382004,0.004613041877746582,0.0124359130859375,0
seg+pos+rms,"(3.0, 20.0, 0.3, -0.3)",0.26778431236743927,0.006193280220031738,0.0010590553283691406,0
seg+pos+rms,"(3.0, 20.0, 0.3, -0.3)",0.26823869347572327,0.00861966609954834,0.017416954040527344,0
seg+pos+rms,"(3.0, 20.0, 0.3, -0.3)",0.27136728167533875,0.0015233755111694336,0.004622936248779297,0
seg+pos+rms,"(3.0, 20.0, 0.3, -0.3)",0.27481164038181305,0.009400367736816406,0.003521442413330078,0
seg+pos+rms,"(3.0, 20.0, 0.3, -0.3)",0.31610751152038574,0.008382081985473633,0.04329204559326172,0
seg+pos+rms,"(3.0, 20.0, 0.3, -0.3)",0.28358252346515656,0.010464668273925781,0.00037479400634765625,0
seg+pos+rms,"(3.0, 20.0, 0.3, -0.3)",0.27837052941322327,0.015654802322387695,0.025856971740722656,0
seg+pos+rms,"(3.0, 20.0, 0.3, -0.3)",0.3078419864177704,0.008255481719970703,0.009044170379638672,0
seg+pos+rms,"(3.0, 20.0, 0.3, -0.3)",0.2830071598291397,0.015619039535522461,0.01210641860961914,0
seg+pos+rms,"(3.0, 20.0, 0.7, 0.0)",0.20216774940490723,0.008506059646606445,0.0007367134094238281,0
seg+pos+rms,"(3.0, 20.0, 0.7, 0.0)",0.21412360668182373,0.009269952774047852,0.015504837036132812,0
seg+pos+rms,"(3.0, 20.0, 0.7, 0.0)",0.2027973011136055,0.010647892951965332,0.010310173034667969,0
seg+pos+rms,"(3.0, 20.0, 0.7, 0.0)",0.21257201582193375,0.020192503929138184,0.038535118103027344,0
seg+pos+rms,"(3.0, 20.0, 0.7, 0.0)",0.19692793488502502,0.005653023719787598,0.0052642822265625,0
seg+pos+rms,"(3.0, 20.0, 0.7, 0.0)",0.19961130619049072,0.0015000104904174805,0.017065048217773438,0
seg+pos+rms,"(3.0, 20.0, 0.7, 0.0)",0.2125609964132309,0.011510491371154785,0.015194177627563477,0
seg+pos+rms,"(3.0, 20.0, 0.7, 0.0)",0.20609581470489502,0.0108109712600708,0.019260644912719727,0
seg+pos+rms,"(3.0, 20.0, 0.7, 0.0)",0.22940164059400558,0.01588296890258789,0.033261775970458984,0
seg+pos+rms,"(3.0, 20.0, 0.7, 0.0)",0.21718350797891617,0.01041710376739502,0.02512359619140625,0
seg+pos+rms,"(3.0, 20.0, 0.7, 0.0)",0.19992048293352127,0.015396595001220703,0.010068893432617188,0
seg+pos+rms,"(3.0, 20.0, 0.7, 0.0)",0.21649932861328125,0.010272622108459473,0.020851612091064453,0
seg+pos+rms,"(3.0, 20.0, 0.7, 0.0)",0.23779891431331635,0.009292125701904297,0.02938079833984375,0
seg+pos+rms,"(3.0, 20.0, 0.7, 0.0)",0.20638319849967957,0.023369193077087402,0.05662417411804199,0
seg+pos+rms,"(3.0, 20.0, 0.7, 0.0)",0.23063700646162033,0.009485960006713867,0.024129390716552734,0
seg+pos+rms,"(3.0, 20.0, 0.7, 0.3)",0.2383381500840187,0.0057326555252075195,0.009513139724731445,0
seg+pos+rms,"(3.0, 20.0, 0.7, 0.3)",0.20338694006204605,0.003682732582092285,0.01805853843688965,0
seg+pos+rms,"(3.0, 20.0, 0.7, 0.3)",0.21459891647100449,0.021570324897766113,0.01633596420288086,0
seg+pos+rms,"(3.0, 20.0, 0.7, 0.3)",0.2316085398197174,0.01273643970489502,0.0124664306640625,0
seg+pos+rms,"(3.0, 20.0, 0.7, 0.3)",0.2048717513680458,0.009221196174621582,0.00408625602722168,0
seg+pos+rms,"(3.0, 20.0, 0.7, 0.3)",0.20576414465904236,0.011298537254333496,0.01968097686767578,0
seg+pos+rms,"(3.0, 20.0, 0.7, 0.3)",0.21242085844278336,0.009363770484924316,0.0011436939239501953,0
seg+pos+rms,"(3.0, 20.0, 0.7, 0.3)",0.21212084591388702,0.010335922241210938,0.0067462921142578125,0
seg+pos+rms,"(3.0, 20.0, 0.7, 0.3)",0.2197958454489708,0.0056574344635009766,0.03207063674926758,0
seg+pos+rms,"(3.0, 20.0, 0.7, 0.3)",0.2180408090353012,0.010306835174560547,0.01144862174987793,0
seg+pos+rms,"(3.0, 20.0, 0.7, 0.3)",0.20784694701433182,0.009279012680053711,0.01565837860107422,0
seg+pos+rms,"(3.0, 20.0, 0.7, 0.3)",0.2100764587521553,0.011978983879089355,0.008529424667358398,0
seg+pos+rms,"(3.0, 20.0, 0.7, 0.3)",0.24111100286245346,0.005150794982910156,0.0035429000854492188,0
seg+pos+rms,"(3.0, 20.0, 0.7, 0.3)",0.20447824150323868,0.018900275230407715,0.04578661918640137,0
seg+pos+rms,"(3.0, 20.0, 0.7, 0.3)",0.201879121363163,0.014580249786376953,0.017615318298339844,0
seg+pos+rms,"(3.0, 20.0, 0.7, 0.6)",0.2177729532122612,0.01897728443145752,0.005761146545410156,0
seg+pos+rms,"(3.0, 20.0, 0.7, 0.6)",0.23137739300727844,0.010419249534606934,0.01838397979736328,0
seg+pos+rms,"(3.0, 20.0, 0.7, 0.6)",0.23104768991470337,0.004846453666687012,0.013804435729980469,0
seg+pos+rms,"(3.0, 20.0, 0.7, 0.6)",0.2128155380487442,0.006741762161254883,0.02114391326904297,0
seg+pos+rms,"(3.0, 20.0, 0.7, 0.6)",0.2297874242067337,0.014319062232971191,0.007995128631591797,0
seg+pos+rms,"(3.0, 20.0, 0.7, 0.6)",0.209821455180645,0.011935830116271973,0.020899295806884766,0
seg+pos+rms,"(3.0, 20.0, 0.7, 0.6)",0.22783686965703964,0.012283921241760254,0.01683664321899414,0
seg+pos+rms,"(3.0, 20.0, 0.7, 0.6)",0.20754268020391464,0.02060401439666748,0.005847930908203125,0
seg+pos+rms,"(3.0, 20.0, 0.7, 0.6)",0.21163592487573624,0.0013468265533447266,0.020775318145751953,0
seg+pos+rms,"(3.0, 20.0, 0.7, 0.6)",0.20246216654777527,0.006397843360900879,0.032202959060668945,0
seg+pos+rms,"(3.0, 20.0, 0.7, 0.6)",0.19697070121765137,0.003962397575378418,0.006012916564941406,0
seg+pos+rms,"(3.0, 20.0, 0.7, 0.6)",0.21002165973186493,0.021616816520690918,0.023745298385620117,0
seg+pos+rms,"(3.0, 20.0, 0.7, 0.6)",0.21409416943788528,0.004645347595214844,0.022101163864135742,0
seg+pos+rms,"(3.0, 20.0, 0.7, 0.6)",0.20444714277982712,0.009171247482299805,0.009150266647338867,0
seg+pos+rms,"(3.0, 20.0, 0.7, 0.6)",0.21753624081611633,0.01949131488800049,0.009216785430908203,0
seg+pos+rms,"(3.0, 20.0, 0.7, -0.3)",0.21051717549562454,0.016174674034118652,0.019366741180419922,0
seg+pos+rms,"(3.0, 20.0, 0.7, -0.3)",0.2299974337220192,0.0019778013229370117,0.0003376007080078125,0
seg+pos+rms,"(3.0, 20.0, 0.7, -0.3)",0.21516693383455276,0.017454981803894043,0.03657174110412598,0
seg+pos+rms,"(3.0, 20.0, 0.7, -0.3)",0.21560268849134445,0.010593295097351074,0.017183303833007812,0
seg+pos+rms,"(3.0, 20.0, 0.7, -0.3)",0.20538188517093658,0.006130218505859375,0.01652050018310547,0
seg+pos+rms,"(3.0, 20.0, 0.7, -0.3)",0.2295810580253601,0.02226579189300537,0.008801937103271484,0
seg+pos+rms,"(3.0, 20.0, 0.7, -0.3)",0.20189160108566284,0.020512938499450684,0.003703594207763672,0
seg+pos+rms,"(3.0, 20.0, 0.7, -0.3)",0.20289789885282516,0.00219571590423584,0.004046440124511719,0
seg+pos+rms,"(3.0, 20.0, 0.7, -0.3)",0.20022409409284592,0.011882543563842773,0.024793624877929688,0
seg+pos+rms,"(3.0, 20.0, 0.7, -0.3)",0.21096275001764297,0.013493537902832031,0.0371551513671875,0
seg+pos+rms,"(3.0, 20.0, 0.7, -0.3)",0.2173476666212082,0.011678457260131836,0.03220939636230469,0
seg+pos+rms,"(3.0, 20.0, 0.7, -0.3)",0.21314788609743118,0.004409074783325195,0.012271404266357422,0
seg+pos+rms,"(3.0, 20.0, 0.7, -0.3)",0.23548085987567902,0.010893106460571289,0.019495010375976562,0
seg+pos+rms,"(3.0, 20.0, 0.7, -0.3)",0.23904243111610413,0.0009206533432006836,0.0008463859558105469,0
seg+pos+rms,"(3.0, 20.0, 0.7, -0.3)",0.21847695857286453,0.007159709930419922,0.008820533752441406,0
seg+pos+rms,"(1.5, 8.0, 0.3, 0.0)",0.24808890372514725,0.030691146850585938,0.029106616973876953,1
seg+pos+rms,"(1.5, 8.0, 0.3, 0.0)",0.25301285088062286,0.04122638702392578,0.05720043182373047,1
seg+pos+rms,"(1.5, 8.0, 0.3, 0.0)",0.2857423424720764,0.02483457326889038,0.056024789810180664,1
seg+pos+rms,"(1.5, 8.0, 0.3, 0.0)",0.26328541338443756,0.01811516284942627,0.01085352897644043,1
seg+pos+rms,"(1.5, 8.0, 0.3, 0.0)",0.24542243778705597,0.025320589542388916,0.014642000198364258,1
seg+pos+rms,"(1.5, 8.0, 0.3, 0.0)",0.2577735185623169,0.03651338815689087,0.0399932861328125,1
seg+pos+rms,"(1.5, 8.0, 0.3, 0.0)",0.2365902066230774,0.017067432403564453,0.02306962013244629,1
seg+pos+rms,"(1.5, 8.0, 0.3, 0.0)",0.25707295536994934,0.03725939989089966,0.06582236289978027,1
seg+pos+rms,"(1.5, 8.0, 0.3, 0.0)",0.23797617107629776,0.02670055627822876,0.04411959648132324,1
seg+pos+rms,"(1.5, 8.0, 0.3, 0.0)",0.24558229744434357,0.007557690143585205,0.010413885116577148,1
seg+pos+rms,"(1.5, 8.0, 0.3, 0.0)",0.2513861432671547,0.033642709255218506,0.0478670597076416,1
seg+pos+rms,"(1.5, 8.0, 0.3, 0.0)",0.23149500787258148,0.022799015045166016,0.027576208114624023,1
seg+pos+rms,"(1.5, 8.0, 0.3, 0.0)",0.2765258103609085,0.018479347229003906,0.0063152313232421875,1
seg+pos+rms,"(1.5, 8.0, 0.3, 0.0)",0.238046333193779,0.015238463878631592,0.02596139907836914,1
seg+pos+rms,"(1.5, 8.0, 0.3, 0.0)",0.26345497369766235,0.023401737213134766,0.02811884880065918,1
seg+pos+rms,"(1.5, 8.0, 0.3, 0.3)",0.23477421700954437,0.023691952228546143,0.0002589225769042969,1
seg+pos+rms,"(1.5, 8.0, 0.3, 0.3)",0.25219711661338806,0.026456892490386963,0.03423261642456055,1
seg+pos+rms,"(1.5, 8.0, 0.3, 0.3)",0.243554949760437,0.02708524465560913,0.04287123680114746,1
seg+pos+rms,"(1.5, 8.0, 0.3, 0.3)",0.24866381287574768,0.03742039203643799,0.03754472732543945,1
seg+pos+rms,"(1.5, 8.0, 0.3, 0.3)",0.24006861448287964,0.010879576206207275,0.001526951789855957,1
seg+pos+rms,"(1.5, 8.0, 0.3, 0.3)",0.2769448012113571,0.008345723152160645,0.021982192993164062,1
seg+pos+rms,"(1.5, 8.0, 0.3, 0.3)",0.26416313648223877,0.02397286891937256,0.009004831314086914,1
seg+pos+rms,"(1.5, 8.0, 0.3, 0.3)",0.2535037323832512,0.030011415481567383,0.0037724971771240234,1
seg+pos+rms,"(1.5, 8.0, 0.3, 0.3)",0.23892789334058762,0.023848772048950195,0.04039287567138672,1
seg+pos+rms,"(1.5, 8.0, 0.3, 0.3)",0.27899235486984253,0.019111812114715576,0.026913166046142578,1
seg+pos+rms,"(1.5, 8.0, 0.3, 0.3)",0.23367752879858017,0.007142484188079834,0.017340540885925293,1
seg+pos+rms,"(1.5, 8.0, 0.3, 0.3)",0.2713155150413513,0.02654409408569336,0.0009955167770385742,1
seg+pos+rms,"(1.5, 8.0, 0.3, 0.3)",0.26162107288837433,0.01919323205947876,0.0016088485717773438,1
seg+pos+rms,"(1.5, 8.0, 0.3, 0.3)",0.23895487934350967,0.012202739715576172,0.024349212646484375,1
seg+pos+rms,"(1.5, 8.0, 0.3, 0.3)",0.24095775187015533,0.023036420345306396,0.012836098670959473,1
seg+pos+rms,"(1.5, 8.0, 0.3, 0.6)",0.2529405653476715,0.021822690963745117,0.007639169692993164,1
seg+pos+rms,"(1.5, 8.0, 0.3, 0.6)",0.23597176373004913,0.01175069808959961,0.02175116539001465,1
seg+pos+rms,"(1.5, 8.0, 0.3, 0.6)",0.254832424223423,0.020611941814422607,0.03884434700012207,1
seg+pos+rms,"(1.5, 8.0, 0.3, 0.6)",0.2656830996274948,0.02627718448638916,0.01251220703125,1
seg+pos+rms,"(1.5, 8.0, 0.3, 0.6)",0.24838005751371384,0.03195178508758545,0.01765298843383789,1
seg+pos+rms,"(1.5, 8.0, 0.3, 0.6)",0.2740933299064636,0.010955750942230225,0.001180410385131836,1
seg+pos+rms,"(1.5, 8.0, 0.3, 0.6)",0.28193914890289307,0.022971928119659424,0.021202445030212402,1
seg+pos+rms,"(1.5, 8.0, 0.3, 0.6)",0.23389041423797607,0.03440135717391968,0.020765185356140137,1
seg+pos+rms,"(1.5, 8.0, 0.3, 0.6)",0.28438952565193176,0.02205270528793335,0.022358179092407227,1
seg+pos+rms,"(1.5, 8.0, 0.3, 0.6)",0.2842295914888382,0.02291947603225708,0.04278087615966797,1
seg+pos+rms,"(1.5, 8.0, 0.3, 0.6)",0.24416416883468628,0.020203709602355957,0.052815794944763184,1
seg+pos+rms,"(1.5, 8.0, 0.3, 0.6)",0.23762981593608856,0.0404353141784668,0.009219646453857422,1
seg+pos+rms,"(1.5, 8.0, 0.3, 0.6)",0.24129343032836914,0.008336544036865234,0.0154954195022583,1
seg+pos+rms,"(1.5, 8.0, 0.3, 0.6)",0.2554088979959488,0.01008063554763794,0.01642906665802002,1
seg+pos+rms,"(1.5, 8.0, 0.3, 0.6)",0.2859972417354584,0.015528559684753418,0.025259733200073242,1
seg+pos+rms,"(1.5, 8.0, 0.3, -0.3)",0.25714346766471863,0.026230812072753906,0.0507354736328125,1
seg+pos+rms,"(1.5, 8.0, 0.3, -0.3)",0.28128163516521454,0.025152981281280518,0.05949711799621582,1
seg+pos+rms,"(1.5, 8.0, 0.3, -0.3)",0.2530752792954445,0.03895461559295654,0.09217214584350586,1
seg+pos+rms,"(1.5, 8.0, 0.3, -0.3)",0.2843787670135498,0.016827404499053955,0.04460763931274414,1
seg+pos+rms,"(1.5, 8.0, 0.3, -0.3)",0.2385614961385727,0.03244143724441528,0.05707192420959473,1
seg+pos+rms,"(1.5, 8.0, 0.3, -0.3)",0.25225937366485596,0.02888500690460205,0.051991939544677734,1
seg+pos+rms,"(1.5, 8.0, 0.3, -0.3)",0.2426263839006424,0.03523498773574829,0.09173274040222168,1
seg+pos+rms,"(1.5, 8.0, 0.3, -0.3)",0.2416011393070221,0.04597264528274536,0.06605648994445801,1
seg+pos+rms,"(1.5, 8.0, 0.3, -0.3)",0.24436837434768677,0.02197045087814331,0.03221893310546875,1
seg+pos+rms,"(1.5, 8.0, 0.3, -0.3)",0.24535847455263138,0.0288885235786438,0.05263328552246094,1
seg+pos+rms,"(1.5, 8.0, 0.3, -0.3)",0.2523562014102936,0.027465760707855225,0.05608010292053223,1
seg+pos+rms,"(1.5, 8.0, 0.3, -0.3)",0.2607792317867279,0.01792532205581665,0.04385995864868164,1
seg+pos+rms,"(1.5, 8.0, 0.3, -0.3)",0.27822981774806976,0.02535158395767212,0.047559499740600586,1
seg+pos+rms,"(1.5, 8.0, 0.3, -0.3)",0.2794714570045471,0.01332247257232666,0.04075312614440918,1
seg+pos+rms,"(1.5, 8.0, 0.3, -0.3)",0.2505663186311722,0.017966389656066895,0.025246143341064453,1
seg+pos+rms,"(1.5, 8.0, 0.7, 0.0)",0.1958068683743477,0.015156805515289307,0.03313577175140381,1
seg+pos+rms,"(1.5, 8.0, 0.7, 0.0)",0.19644571095705032,0.009126663208007812,0.033864498138427734,1
seg+pos+rms,"(1.5, 8.0, 0.7, 0.0)",0.2255091667175293,0.011784672737121582,0.01298832893371582,1
seg+pos+rms,"(1.5, 8.0, 0.7, 0.0)",0.19580882042646408,0.010740399360656738,0.005176544189453125,1
seg+pos+rms,"(1.5, 8.0, 0.7, 0.0)",0.2223748415708542,0.006725907325744629,0.021458148956298828,1
seg+pos+rms,"(1.5, 8.0, 0.7, 0.0)",0.20748339593410492,0.009704053401947021,0.028737545013427734,1
seg+pos+rms,"(1.5, 8.0, 0.7, 0.0)",0.2267099693417549,0.0032312870025634766,0.0015575885772705078,1
seg+pos+rms,"(1.5, 8.0, 0.7, 0.0)",0.20084266364574432,0.014133989810943604,0.015857696533203125,1
seg+pos+rms,"(1.5, 8.0, 0.7, 0.0)",0.1986125260591507,0.004360854625701904,0.008643627166748047,1
seg+pos+rms,"(1.5, 8.0, 0.7, 0.0)",0.2033935785293579,0.004120469093322754,0.011830806732177734,1
seg+pos+rms,"(1.5, 8.0, 0.7, 0.0)",0.20008984953165054,0.010951519012451172,0.009795427322387695,1
seg+pos+rms,"(1.5, 8.0, 0.7, 0.0)",0.19221491366624832,0.010894477367401123,0.014040231704711914,1
seg+pos+rms,"(1.5, 8.0, 0.7, 0.0)",0.18495364487171173,0.00823277235031128,0.018893957138061523,1
seg+pos+rms,"(1.5, 8.0, 0.7, 0.0)",0.1899963989853859,0.01297682523727417,0.028071165084838867,1
seg+pos+rms,"(1.5, 8.0, 0.7, 0.0)",0.22732888162136078,0.013300716876983643,0.042563676834106445,1
seg+pos+rms,"(1.5, 8.0, 0.7, 0.3)",0.19477788358926773,0.004802525043487549,0.01620936393737793,1
seg+pos+rms,"(1.5, 8.0, 0.7, 0.3)",0.19217929244041443,0.016838371753692627,0.01048886775970459,1
seg+pos+rms,"(1.5, 8.0, 0.7, 0.3)",0.21892795711755753,0.004381954669952393,0.028457164764404297,1
seg+pos+rms,"(1.5, 8.0, 0.7, 0.3)",0.22084525227546692,0.014903247356414795,0.00900280475616455,1
seg+pos+rms,"(1.5, 8.0, 0.7, 0.3)",0.1899990290403366,0.0026769638061523438,0.0026227235794067383,1
seg+pos+rms,"(1.5, 8.0, 0.7, 0.3)",0.19503958523273468,0.008722901344299316,0.016659259796142578,1
seg+pos+rms,"(1.5, 8.0, 0.7, 0.3)",0.22190601378679276,0.011472940444946289,0.005629897117614746,1
seg+pos+rms,"(1.5, 8.0, 0.7, 0.3)",0.2294604852795601,0.023462951183319092,0.013579368591308594,1
seg+pos+rms,"(1.5, 8.0, 0.7, 0.3)",0.20628056675195694,0.005937635898590088,0.010585665702819824,1
seg+pos+rms,"(1.5, 8.0, 0.7, 0.3)",0.1972389668226242,0.002710103988647461,0.020148873329162598,1
seg+pos+rms,"(1.5, 8.0, 0.7, 0.3)",0.1991913542151451,0.01570504903793335,0.007777214050292969,1
seg+pos+rms,"(1.5, 8.0, 0.7, 0.3)",0.1972075030207634,0.006991267204284668,0.01545250415802002,1
seg+pos+rms,"(1.5, 8.0, 0.7, 0.3)",0.19600436091423035,0.016673564910888672,0.013710975646972656,1
seg+pos+rms,"(1.5, 8.0, 0.7, 0.3)",0.21760376542806625,0.0094224214553833,0.027896881103515625,1
seg+pos+rms,"(1.5, 8.0, 0.7, 0.3)",0.2306033968925476,0.01509922742843628,0.040611982345581055,1
seg+pos+rms,"(1.5, 8.0, 0.7, 0.6)",0.2014360949397087,0.011265158653259277,0.03171694278717041,1
seg+pos+rms,"(1.5, 8.0, 0.7, 0.6)",0.2274819314479828,0.01132124662399292,0.018313169479370117,1
seg+pos+rms,"(1.5, 8.0, 0.7, 0.6)",0.19691845774650574,0.005759000778198242,0.009432792663574219,1
seg+pos+rms,"(1.5, 8.0, 0.7, 0.6)",0.19696591049432755,0.014145851135253906,0.02154362201690674,1
seg+pos+rms,"(1.5, 8.0, 0.7, 0.6)",0.20769129693508148,0.0029210448265075684,0.04141557216644287,1
seg+pos+rms,"(1.5, 8.0, 0.7, 0.6)",0.20522236078977585,0.01494210958480835,0.0019758939743041992,1
seg+pos+rms,"(1.5, 8.0, 0.7, 0.6)",0.21226836740970612,0.021352708339691162,0.003671407699584961,1
seg+pos+rms,"(1.5, 8.0, 0.7, 0.6)",0.1894070729613304,0.02213388681411743,0.009650111198425293,1
seg+pos+rms,"(1.5, 8.0, 0.7, 0.6)",0.2269103303551674,0.007768094539642334,0.035337209701538086,1
seg+pos+rms,"(1.5, 8.0, 0.7, 0.6)",0.21025611460208893,0.0096663236618042,0.027379155158996582,1
seg+pos+rms,"(1.5, 8.0, 0.7, 0.6)",0.2230677381157875,0.0021715760231018066,0.016373276710510254,1
seg+pos+rms,"(1.5, 8.0, 0.7, 0.6)",0.21668070554733276,0.01595824956893921,0.042093634605407715,1
seg+pos+rms,"(1.5, 8.0, 0.7, 0.6)",0.20967375487089157,0.011866927146911621,0.03209638595581055,1
seg+pos+rms,"(1.5, 8.0, 0.7, 0.6)",0.18793144822120667,0.015925824642181396,0.030803918838500977,1
seg+pos+rms,"(1.5, 8.0, 0.7, 0.6)",0.22390756756067276,0.002466559410095215,0.030114293098449707,1
seg+pos+rms,"(1.5, 8.0, 0.7, -0.3)",0.21636641770601273,0.02129608392715454,0.044699907302856445,1
seg+pos+rms,"(1.5, 8.0, 0.7, -0.3)",0.20161880552768707,0.011242032051086426,0.009284734725952148,1
seg+pos+rms,"(1.5, 8.0, 0.7, -0.3)",0.1873166337609291,0.012762129306793213,0.007204294204711914,1
seg+pos+rms,"(1.5, 8.0, 0.7, -0.3)",0.1949101686477661,0.015951573848724365,0.023482561111450195,1
seg+pos+rms,"(1.5, 8.0, 0.7, -0.3)",0.21971573680639267,0.013541638851165771,0.030428409576416016,1
seg+pos+rms,"(1.5, 8.0, 0.7, -0.3)",0.2036205381155014,0.020211637020111084,0.03612327575683594,1
seg+pos+rms,"(1.5, 8.0, 0.7, -0.3)",0.20501360297203064,0.014743447303771973,0.005410432815551758,1
seg+pos+rms,"(1.5, 8.0, 0.7, -0.3)",0.21432720869779587,0.010279238224029541,0.008893966674804688,1
seg+pos+rms,"(1.5, 8.0, 0.7, -0.3)",0.18935970962047577,0.011238455772399902,0.011017560958862305,1
seg+pos+rms,"(1.5, 8.0, 0.7, -0.3)",0.19621340185403824,0.007254958152770996,0.00037789344787597656,1
seg+pos+rms,"(1.5, 8.0, 0.7, -0.3)",0.19171647727489471,0.005645751953125,0.037737131118774414,1
seg+pos+rms,"(1.5, 8.0, 0.7, -0.3)",0.19362502545118332,0.005194485187530518,0.0001819133758544922,1
seg+pos+rms,"(1.5, 8.0, 0.7, -0.3)",0.1960480958223343,0.010891914367675781,0.04451441764831543,1
seg+pos+rms,"(1.5, 8.0, 0.7, -0.3)",0.19825299829244614,0.011618852615356445,0.022865772247314453,1
seg+pos+rms,"(1.5, 8.0, 0.7, -0.3)",0.22152970731258392,0.015173554420471191,0.023339033126831055,1
seg+pos+rms,"(1.5, 20.0, 0.3, 0.0)",0.2677241414785385,0.02491593360900879,0.036093711853027344,1
seg+pos+rms,"(1.5, 20.0, 0.3, 0.0)",0.24945613741874695,0.019243955612182617,0.026772737503051758,1
seg+pos+rms,"(1.5, 20.0, 0.3, 0.0)",0.22382311522960663,0.022493183612823486,0.020030736923217773,1
seg+pos+rms,"(1.5, 20.0, 0.3, 0.0)",0.22371740639209747,0.017071306705474854,0.0202634334564209,1
seg+pos+rms,"(1.5, 20.0, 0.3, 0.0)",0.22578174620866776,0.009173810482025146,0.0005004405975341797,1
seg+pos+rms,"(1.5, 20.0, 0.3, 0.0)",0.25778333842754364,0.0036788582801818848,0.018261313438415527,1
seg+pos+rms,"(1.5, 20.0, 0.3, 0.0)",0.21437446027994156,0.026933670043945312,0.06534457206726074,1
seg+pos+rms,"(1.5, 20.0, 0.3, 0.0)",0.21348503232002258,0.020167827606201172,0.021638870239257812,1
seg+pos+rms,"(1.5, 20.0, 0.3, 0.0)",0.23177293688058853,0.019771158695220947,0.027809858322143555,1
seg+pos+rms,"(1.5, 20.0, 0.3, 0.0)",0.24146026372909546,0.012317240238189697,0.0001742839813232422,1
seg+pos+rms,"(1.5, 20.0, 0.3, 0.0)",0.21418069303035736,0.028448641300201416,0.01736760139465332,1
seg+pos+rms,"(1.5, 20.0, 0.3, 0.0)",0.24614130705595016,0.017274141311645508,0.0272829532623291,1
seg+pos+rms,"(1.5, 20.0, 0.3, 0.0)",0.2230829820036888,0.012485921382904053,0.006253957748413086,1
seg+pos+rms,"(1.5, 20.0, 0.3, 0.0)",0.21354731172323227,0.02631962299346924,0.016806840896606445,1
seg+pos+rms,"(1.5, 20.0, 0.3, 0.0)",0.2371004819869995,0.02313530445098877,0.04580068588256836,1
seg+pos+rms,"(1.5, 20.0, 0.3, 0.3)",0.22616270929574966,0.032474517822265625,0.07646811008453369,1
seg+pos+rms,"(1.5, 20.0, 0.3, 0.3)",0.2366160899400711,0.02114725112915039,0.009771466255187988,1
seg+pos+rms,"(1.5, 20.0, 0.3, 0.3)",0.2224428579211235,0.03067803382873535,0.03461885452270508,1
seg+pos+rms,"(1.5, 20.0, 0.3, 0.3)",0.2257770299911499,0.021721363067626953,0.017668724060058594,1
seg+pos+rms,"(1.5, 20.0, 0.3, 0.3)",0.22053168714046478,0.011864840984344482,0.007588744163513184,1
seg+pos+rms,"(1.5, 20.0, 0.3, 0.3)",0.25508442521095276,0.028131544589996338,0.023610830307006836,1
seg+pos+rms,"(1.5, 20.0, 0.3, 0.3)",0.22352474927902222,0.023840010166168213,0.04369854927062988,1
seg+pos+rms,"(1.5, 20.0, 0.3, 0.3)",0.2543644309043884,0.014908134937286377,0.011908292770385742,1
seg+pos+rms,"(1.5, 20.0, 0.3, 0.3)",0.23363515734672546,0.024105966091156006,0.012197017669677734,1
seg+pos+rms,"(1.5, 20.0, 0.3, 0.3)",0.2521972209215164,0.013939261436462402,0.02581787109375,1
seg+pos+rms,"(1.5, 20.0, 0.3, 0.3)",0.22690550982952118,0.023715317249298096,0.003088831901550293,1
seg+pos+rms,"(1.5, 20.0, 0.3, 0.3)",0.2264527752995491,0.026750385761260986,0.02943575382232666,1
seg+pos+rms,"(1.5, 20.0, 0.3, 0.3)",0.23525531589984894,0.02456045150756836,0.0022847652435302734,1
seg+pos+rms,"(1.5, 20.0, 0.3, 0.3)",0.2181466966867447,0.03471660614013672,0.05812406539916992,1
seg+pos+rms,"(1.5, 20.0, 0.3, 0.3)",0.23813007771968842,0.01697075366973877,0.0015499591827392578,1
seg+pos+rms,"(1.5, 20.0, 0.3, 0.6)",0.2206701561808586,0.021103739738464355,0.023718595504760742,1
seg+pos+rms,"(1.5, 20.0, 0.3, 0.6)",0.21600693464279175,0.03140956163406372,0.006984829902648926,1
seg+pos+rms,"(1.5, 20.0, 0.3, 0.6)",0.25264980643987656,0.009130656719207764,0.040285348892211914,1
seg+pos+rms,"(1.5, 20.0, 0.3, 0.6)",0.23928508907556534,0.033548176288604736,0.0145186185836792,1
seg+pos+rms,"(1.5, 20.0, 0.3, 0.6)",0.24114318192005157,0.03023773431777954,0.008468985557556152,1
seg+pos+rms,"(1.5, 20.0, 0.3, 0.6)",0.2313014268875122,0.01653885841369629,0.020750880241394043,1
seg+pos+rms,"(1.5, 20.0, 0.3, 0.6)",0.22132930904626846,0.009745478630065918,0.02313518524169922,1
seg+pos+rms,"(1.5, 20.0, 0.3, 0.6)",0.21871548891067505,0.015236616134643555,0.022157788276672363,1
seg+pos+rms,"(1.5, 20.0, 0.3, 0.6)",0.2229701429605484,0.004408478736877441,0.018186569213867188,1
seg+pos+rms,"(1.5, 20.0, 0.3, 0.6)",0.23217753320932388,0.02378261089324951,0.04222977161407471,1
seg+pos+rms,"(1.5, 20.0, 0.3, 0.6)",0.23283453285694122,0.04033863544464111,0.020344018936157227,1
seg+pos+rms,"(1.5, 20.0, 0.3, 0.6)",0.23548033088445663,0.022869408130645752,0.0009046792984008789,1
seg+pos+rms,"(1.5, 20.0, 0.3, 0.6)",0.23074091225862503,0.017951369285583496,0.0032023191452026367,1
seg+pos+rms,"(1.5, 20.0, 0.3, 0.6)",0.24567397683858871,0.03886443376541138,0.004143714904785156,1
seg+pos+rms,"(1.5, 20.0, 0.3, 0.6)",0.2631203979253769,0.022588491439819336,0.05257058143615723,1
seg+pos+rms,"(1.5, 20.0, 0.3, -0.3)",0.22480641305446625,0.019652724266052246,0.04181408882141113,1
seg+pos+rms,"(1.5, 20.0, 0.3, -0.3)",0.2329590618610382,0.016204416751861572,0.02279186248779297,1
seg+pos+rms,"(1.5, 20.0, 0.3, -0.3)",0.2383013367652893,0.01811927556991577,0.05128598213195801,1
seg+pos+rms,"(1.5, 20.0, 0.3, -0.3)",0.22500944137573242,0.05216395854949951,0.10309910774230957,1
seg+pos+rms,"(1.5, 20.0, 0.3, -0.3)",0.22951789945363998,0.017473280429840088,0.0037174224853515625,1
seg+pos+rms,"(1.5, 20.0, 0.3, -0.3)",0.2351561337709427,0.023752152919769287,0.03399538993835449,1
seg+pos+rms,"(1.5, 20.0, 0.3, -0.3)",0.2365519180893898,0.017133712768554688,0.04739582538604736,1
seg+pos+rms,"(1.5, 20.0, 0.3, -0.3)",0.222643680870533,0.032975852489471436,0.050890445709228516,1
seg+pos+rms,"(1.5, 20.0, 0.3, -0.3)",0.23379743844270706,0.028976082801818848,0.04945063591003418,1
seg+pos+rms,"(1.5, 20.0, 0.3, -0.3)",0.2147487923502922,0.016778409481048584,0.04384350776672363,1
seg+pos+rms,"(1.5, 20.0, 0.3, -0.3)",0.2435777559876442,0.019899189472198486,0.05273914337158203,1
seg+pos+rms,"(1.5, 20.0, 0.3, -0.3)",0.2229498326778412,0.026483118534088135,0.0443272590637207,1
seg+pos+rms,"(1.5, 20.0, 0.3, -0.3)",0.21759915351867676,0.01889193058013916,0.027989864349365234,1
seg+pos+rms,"(1.5, 20.0, 0.3, -0.3)",0.23591220378875732,0.021846413612365723,0.056650638580322266,1
seg+pos+rms,"(1.5, 20.0, 0.3, -0.3)",0.2659931182861328,0.009001672267913818,0.015466690063476562,1
seg+pos+rms,"(1.5, 20.0, 0.7, 0.0)",0.17987818270921707,0.018914222717285156,0.03772294521331787,1
seg+pos+rms,"(1.5, 20.0, 0.7, 0.0)",0.20364917069673538,0.010547220706939697,0.0181734561920166,1
seg+pos+rms,"(1.5, 20.0, 0.7, 0.0)",0.19229614734649658,0.002551734447479248,0.0022541284561157227,1
seg+pos+rms,"(1.5, 20.0, 0.7, 0.0)",0.21757570654153824,0.013716638088226318,0.009753704071044922,1
seg+pos+rms,"(1.5, 20.0, 0.7, 0.0)",0.2160215526819229,0.01944887638092041,0.026311159133911133,1
seg+pos+rms,"(1.5, 20.0, 0.7, 0.0)",0.18157923966646194,0.01448291540145874,0.014583945274353027,1
seg+pos+rms,"(1.5, 20.0, 0.7, 0.0)",0.22161351889371872,0.019920051097869873,0.02261793613433838,1
seg+pos+rms,"(1.5, 20.0, 0.7, 0.0)",0.18959519267082214,0.015408098697662354,0.02558422088623047,1
seg+pos+rms,"(1.5, 20.0, 0.7, 0.0)",0.19100263714790344,0.01805049180984497,0.01667618751525879,1
seg+pos+rms,"(1.5, 20.0, 0.7, 0.0)",0.18018729239702225,0.015986740589141846,0.018825769424438477,1
seg+pos+rms,"(1.5, 20.0, 0.7, 0.0)",0.18187499046325684,0.004163801670074463,0.010757207870483398,1
seg+pos+rms,"(1.5, 20.0, 0.7, 0.0)",0.19829412549734116,0.005767703056335449,0.011466383934020996,1
seg+pos+rms,"(1.5, 20.0, 0.7, 0.0)",0.19502384960651398,0.014478445053100586,0.02919149398803711,1
seg+pos+rms,"(1.5, 20.0, 0.7, 0.0)",0.2218288704752922,0.01094728708267212,0.013655424118041992,1
seg+pos+rms,"(1.5, 20.0, 0.7, 0.0)",0.21196840703487396,0.01401609182357788,0.019115447998046875,1
seg+pos+rms,"(1.5, 20.0, 0.7, 0.3)",0.18784719705581665,0.020571529865264893,0.04065060615539551,1
seg+pos+rms,"(1.5, 20.0, 0.7, 0.3)",0.20878486335277557,0.014718890190124512,0.03758358955383301,1
seg+pos+rms,"(1.5, 20.0, 0.7, 0.3)",0.19924335181713104,0.003739655017852783,0.04672801494598389,1
seg+pos+rms,"(1.5, 20.0, 0.7, 0.3)",0.20054779201745987,0.003983736038208008,0.037307143211364746,1
seg+pos+rms,"(1.5, 20.0, 0.7, 0.3)",0.17899218946695328,0.002820432186126709,0.019349098205566406,1
seg+pos+rms,"(1.5, 20.0, 0.7, 0.3)",0.19724833965301514,0.001865983009338379,0.023280739784240723,1
seg+pos+rms,"(1.5, 20.0, 0.7, 0.3)",0.21252460777759552,0.0032317638397216797,0.03415858745574951,1
seg+pos+rms,"(1.5, 20.0, 0.7, 0.3)",0.19013676792383194,0.006840407848358154,0.01944887638092041,1
seg+pos+rms,"(1.5, 20.0, 0.7, 0.3)",0.19449804723262787,0.021832764148712158,0.07454812526702881,1
seg+pos+rms,"(1.5, 20.0, 0.7, 0.3)",0.18963833898305893,0.019357025623321533,0.02977883815765381,1
seg+pos+rms,"(1.5, 20.0, 0.7, 0.3)",0.18724124878644943,0.004425525665283203,0.02593708038330078,1
seg+pos+rms,"(1.5, 20.0, 0.7, 0.3)",0.1868102326989174,0.017737269401550293,0.016757845878601074,1
seg+pos+rms,"(1.5, 20.0, 0.7, 0.3)",0.18115059286355972,0.01163715124130249,0.0061571598052978516,1
seg+pos+rms,"(1.5, 20.0, 0.7, 0.3)",0.18325825035572052,0.013510167598724365,0.002320528030395508,1
seg+pos+rms,"(1.5, 20.0, 0.7, 0.3)",0.20801211893558502,0.008925199508666992,0.0018246173858642578,1
seg+pos+rms,"(1.5, 20.0, 0.7, 0.6)",0.21024582535028458,0.012207448482513428,0.003687620162963867,1
seg+pos+rms,"(1.5, 20.0, 0.7, 0.6)",0.19073166698217392,0.0036538243293762207,0.022433042526245117,1
seg+pos+rms,"(1.5, 20.0, 0.7, 0.6)",0.18598680198192596,0.011286914348602295,0.02346205711364746,1
seg+pos+rms,"(1.5, 20.0, 0.7, 0.6)",0.18764743953943253,0.02054774761199951,0.04310417175292969,1
seg+pos+rms,"(1.5, 20.0, 0.7, 0.6)",0.20245172083377838,0.023368895053863525,0.03979039192199707,1
seg+pos+rms,"(1.5, 20.0, 0.7, 0.6)",0.20807206630706787,0.00948864221572876,0.04041862487792969,1
seg+pos+rms,"(1.5, 20.0, 0.7, 0.6)",0.18598362058401108,0.02209627628326416,0.023976802825927734,1
seg+pos+rms,"(1.5, 20.0, 0.7, 0.6)",0.20786380022764206,0.007338404655456543,0.0011148452758789062,1
seg+pos+rms,"(1.5, 20.0, 0.7, 0.6)",0.1775631532073021,0.008131682872772217,4.0650367736816406e-05,1
seg+pos+rms,"(1.5, 20.0, 0.7, 0.6)",0.21210873126983643,0.010619521141052246,0.0256192684173584,1
seg+pos+rms,"(1.5, 20.0, 0.7, 0.6)",0.1994532197713852,0.0029407739639282227,0.007615566253662109,1
seg+pos+rms,"(1.5, 20.0, 0.7, 0.6)",0.18491247296333313,0.012836754322052002,0.044745564460754395,1
seg+pos+rms,"(1.5, 20.0, 0.7, 0.6)",0.20580867677927017,0.004092574119567871,0.015477538108825684,1
seg+pos+rms,"(1.5, 20.0, 0.7, 0.6)",0.21943826228380203,0.0071623921394348145,0.030390620231628418,1
seg+pos+rms,"(1.5, 20.0, 0.7, 0.6)",0.2048807293176651,0.013036131858825684,0.025345325469970703,1
seg+pos+rms,"(1.5, 20.0, 0.7, -0.3)",0.19122262299060822,0.009900510311126709,0.02227473258972168,1
seg+pos+rms,"(1.5, 20.0, 0.7, -0.3)",0.19855964183807373,0.007364153861999512,0.007852554321289062,1
seg+pos+rms,"(1.5, 20.0, 0.7, -0.3)",0.18947932869195938,0.018153846263885498,0.021885156631469727,1
seg+pos+rms,"(1.5, 20.0, 0.7, -0.3)",0.209811769425869,0.023383617401123047,0.019071102142333984,1
seg+pos+rms,"(1.5, 20.0, 0.7, -0.3)",0.1944313868880272,0.018631696701049805,0.023700714111328125,1
seg+pos+rms,"(1.5, 20.0, 0.7, -0.3)",0.18671724200248718,0.010065317153930664,0.005524158477783203,1
seg+pos+rms,"(1.5, 20.0, 0.7, -0.3)",0.1941118687391281,0.010610222816467285,0.008501529693603516,1
seg+pos+rms,"(1.5, 20.0, 0.7, -0.3)",0.1962341144680977,0.011783480644226074,0.009185075759887695,1
seg+pos+rms,"(1.5, 20.0, 0.7, -0.3)",0.18480506539344788,0.013666093349456787,0.019898414611816406,1
seg+pos+rms,"(1.5, 20.0, 0.7, -0.3)",0.20095259696245193,0.006149947643280029,0.010366201400756836,1
seg+pos+rms,"(1.5, 20.0, 0.7, -0.3)",0.19617904722690582,0.0037473440170288086,0.004688739776611328,1
seg+pos+rms,"(1.5, 20.0, 0.7, -0.3)",0.18381775170564651,0.008613288402557373,0.023929595947265625,1
seg+pos+rms,"(1.5, 20.0, 0.7, -0.3)",0.20965928584337234,0.00908881425857544,0.003360748291015625,1
seg+pos+rms,"(1.5, 20.0, 0.7, -0.3)",0.2164721116423607,0.015446901321411133,0.013234496116638184,1
seg+pos+rms,"(1.5, 20.0, 0.7, -0.3)",0.18593625724315643,0.01777184009552002,0.035538673400878906,1
seg+pos+rms,"(3.0, 8.0, 0.3, 0.0)",0.3722662329673767,0.01937711238861084,0.014158248901367188,1
seg+pos+rms,"(3.0, 8.0, 0.3, 0.0)",0.3631114512681961,0.015611886978149414,0.014958858489990234,1
seg+pos+rms,"(3.0, 8.0, 0.3, 0.0)",0.3141680508852005,0.011862993240356445,0.0021271705627441406,1
seg+pos+rms,"(3.0, 8.0, 0.3, 0.0)",0.32319313287734985,0.0174252986907959,0.035790443420410156,1
seg+pos+rms,"(3.0, 8.0, 0.3, 0.0)",0.35045984387397766,0.009325027465820312,0.017668724060058594,1
seg+pos+rms,"(3.0, 8.0, 0.3, 0.0)",0.2935477942228317,0.008281469345092773,0.020328044891357422,1
seg+pos+rms,"(3.0, 8.0, 0.3, 0.0)",0.3349263370037079,0.012186527252197266,0.06760835647583008,1
seg+pos+rms,"(3.0, 8.0, 0.3, 0.0)",0.2916311025619507,0.007863402366638184,0.03928327560424805,1
seg+pos+rms,"(3.0, 8.0, 0.3, 0.0)",0.30200614035129547,0.002143263816833496,0.012825727462768555,1
seg+pos+rms,"(3.0, 8.0, 0.3, 0.0)",0.31148791313171387,0.02455878257751465,0.036730289459228516,1
seg+pos+rms,"(3.0, 8.0, 0.3, 0.0)",0.28153978288173676,0.007960677146911621,0.0016636848449707031,1
seg+pos+rms,"(3.0, 8.0, 0.3, 0.0)",0.3425173759460449,0.011646032333374023,0.04603147506713867,1
seg+pos+rms,"(3.0, 8.0, 0.3, 0.0)",0.31474846601486206,0.02101612091064453,0.022863388061523438,1
seg+pos+rms,"(3.0, 8.0, 0.3, 0.0)",0.3518669009208679,0.02174520492553711,0.0014653205871582031,1
seg+pos+rms,"(3.0, 8.0, 0.3, 0.0)",0.3220428228378296,0.015545368194580078,0.02396535873413086,1
seg+pos+rms,"(3.0, 8.0, 0.3, 0.3)",0.35554376244544983,0.01122283935546875,0.016037940979003906,1
seg+pos+rms,"(3.0, 8.0, 0.3, 0.3)",0.30619947612285614,0.008324503898620605,0.016445636749267578,1
seg+pos+rms,"(3.0, 8.0, 0.3, 0.3)",0.3515826016664505,0.014442682266235352,0.01003265380859375,1
seg+pos+rms,"(3.0, 8.0, 0.3, 0.3)",0.29901567101478577,0.01036059856414795,0.02312922477722168,1
seg+pos+rms,"(3.0, 8.0, 0.3, 0.3)",0.31465020775794983,0.014491796493530273,0.029520750045776367,1
seg+pos+rms,"(3.0, 8.0, 0.3, 0.3)",0.313728392124176,0.015496373176574707,0.004096269607543945,1
seg+pos+rms,"(3.0, 8.0, 0.3, 0.3)",0.34467898309230804,0.009833097457885742,0.00552058219909668,1
seg+pos+rms,"(3.0, 8.0, 0.3, 0.3)",0.30566634237766266,0.012076854705810547,0.0019500255584716797,1
seg+pos+rms,"(3.0, 8.0, 0.3, 0.3)",0.3175022453069687,0.014576077461242676,0.005980253219604492,1
seg+pos+rms,"(3.0, 8.0, 0.3, 0.3)",0.2947753369808197,0.011671304702758789,0.012062311172485352,1
seg+pos+rms,"(3.0, 8.0, 0.3, 0.3)",0.32685455679893494,0.024211645126342773,0.007615327835083008,1
seg+pos+rms,"(3.0, 8.0, 0.3, 0.3)",0.32928697764873505,0.0018650293350219727,0.004997968673706055,1
seg+pos+rms,"(3.0, 8.0, 0.3, 0.3)",0.301794096827507,0.007758975028991699,0.0025582313537597656,1
seg+pos+rms,"(3.0, 8.0, 0.3, 0.3)",0.3588900566101074,0.008104681968688965,0.019274234771728516,1
seg+pos+rms,"(3.0, 8.0, 0.3, 0.3)",0.3122459352016449,0.004878401756286621,0.009101629257202148,1
seg+pos+rms,"(3.0, 8.0, 0.3, 0.6)",0.3381001800298691,0.02816319465637207,0.0005702972412109375,1
seg+pos+rms,"(3.0, 8.0, 0.3, 0.6)",0.2855484336614609,0.01991558074951172,0.05498671531677246,1
seg+pos+rms,"(3.0, 8.0, 0.3, 0.6)",0.32560086250305176,0.012663006782531738,8.225440979003906e-05,1
seg+pos+rms,"(3.0, 8.0, 0.3, 0.6)",0.31208473443984985,0.028304219245910645,0.03461909294128418,1
seg+pos+rms,"(3.0, 8.0, 0.3, 0.6)",0.28314922749996185,0.01938939094543457,0.02390432357788086,1
seg+pos+rms,"(3.0, 8.0, 0.3, 0.6)",0.3284221738576889,0.02281808853149414,0.02212810516357422,1
seg+pos+rms,"(3.0, 8.0, 0.3, 0.6)",0.35381558537483215,0.010553717613220215,0.05211925506591797,1
seg+pos+rms,"(3.0, 8.0, 0.3, 0.6)",0.2934871166944504,0.006761908531188965,0.022118330001831055,1
seg+pos+rms,"(3.0, 8.0, 0.3, 0.6)",0.32103143632411957,0.008698701858520508,0.06730222702026367,1
seg+pos+rms,"(3.0, 8.0, 0.3, 0.6)",0.314067542552948,0.015126347541809082,0.01275777816772461,1
seg+pos+rms,"(3.0, 8.0, 0.3, 0.6)",0.3477706015110016,0.017525196075439453,0.018137693405151367,1
seg+pos+rms,"(3.0, 8.0, 0.3, 0.6)",0.34424394369125366,0.011517643928527832,0.03122997283935547,1
seg+pos+rms,"(3.0, 8.0, 0.3, 0.6)",0.29713939130306244,0.019307732582092285,0.01834845542907715,1
seg+pos+rms,"(3.0, 8.0, 0.3, 0.6)",0.31241557002067566,0.01915454864501953,0.007902383804321289,1
seg+pos+rms,"(3.0, 8.0, 0.3, 0.6)",0.2935783267021179,0.0038112401962280273,0.030848026275634766,1
seg+pos+rms,"(3.0, 8.0, 0.3, -0.3)",0.2956758886575699,0.01217663288116455,0.0069427490234375,1
seg+pos+rms,"(3.0, 8.0, 0.3, -0.3)",0.324757382273674,0.01092076301574707,0.020267486572265625,1
seg+pos+rms,"(3.0, 8.0, 0.3, -0.3)",0.3011428713798523,0.012785911560058594,0.016081809997558594,1
seg+pos+rms,"(3.0, 8.0, 0.3, -0.3)",0.31036852300167084,0.008864641189575195,0.017869949340820312,1
seg+pos+rms,"(3.0, 8.0, 0.3, -0.3)",0.29908277094364166,0.0010222196578979492,0.012879371643066406,1
seg+pos+rms,"(3.0, 8.0, 0.3, -0.3)",0.30297620594501495,0.026023030281066895,0.032459259033203125,1
seg+pos+rms,"(3.0, 8.0, 0.3, -0.3)",0.3639490157365799,0.014962553977966309,0.0002551078796386719,1
seg+pos+rms,"(3.0, 8.0, 0.3, -0.3)",0.343637153506279,0.009937644004821777,0.024324893951416016,1
seg+pos+rms,"(3.0, 8.0, 0.3, -0.3)",0.31138624250888824,0.009047389030456543,0.008034706115722656,1
seg+pos+rms,"(3.0, 8.0, 0.3, -0.3)",0.32765695452690125,0.013606548309326172,0.02354717254638672,1
seg+pos+rms,"(3.0, 8.0, 0.3, -0.3)",0.28991809487342834,0.011466741561889648,0.015193462371826172,1
seg+pos+rms,"(3.0, 8.0, 0.3, -0.3)",0.2910463213920593,0.0075103044509887695,0.004289150238037109,1
seg+pos+rms,"(3.0, 8.0, 0.3, -0.3)",0.3311688303947449,0.009217381477355957,0.0033979415893554688,1
seg+pos+rms,"(3.0, 8.0, 0.3, -0.3)",0.31399184465408325,0.014171600341796875,0.010045051574707031,1
seg+pos+rms,"(3.0, 8.0, 0.3, -0.3)",0.32211512327194214,0.018092751502990723,0.020788192749023438,1
seg+pos+rms,"(3.0, 8.0, 0.7, 0.0)",0.27252617478370667,0.016667962074279785,0.013857841491699219,1
seg+pos+rms,"(3.0, 8.0, 0.7, 0.0)",0.2658933401107788,0.011397838592529297,0.01146078109741211,1
seg+pos+rms,"(3.0, 8.0, 0.7, 0.0)",0.2373676598072052,0.003287672996520996,0.00072479248046875,1
seg+pos+rms,"(3.0, 8.0, 0.7, 0.0)",0.23736505955457687,0.005853056907653809,0.01262807846069336,1
seg+pos+rms,"(3.0, 8.0, 0.7, 0.0)",0.23199843615293503,0.026707887649536133,0.04288053512573242,1
seg+pos+rms,"(3.0, 8.0, 0.7, 0.0)",0.23759986460208893,0.006385922431945801,0.01799631118774414,1
seg+pos+rms,"(3.0, 8.0, 0.7, 0.0)",0.22023509442806244,0.0124664306640625,0.01844930648803711,1
seg+pos+rms,"(3.0, 8.0, 0.7, 0.0)",0.24435105174779892,0.007395267486572266,0.009405136108398438,1
seg+pos+rms,"(3.0, 8.0, 0.7, 0.0)",0.23174910247325897,0.003427863121032715,0.0021245479583740234,1
seg+pos+rms,"(3.0, 8.0, 0.7, 0.0)",0.2746553421020508,0.015308737754821777,0.024912118911743164,1
seg+pos+rms,"(3.0, 8.0, 0.7, 0.0)",0.2724756598472595,0.026308298110961914,0.027730941772460938,1
seg+pos+rms,"(3.0, 8.0, 0.7, 0.0)",0.23913904279470444,0.010030508041381836,0.01863718032836914,1
seg+pos+rms,"(3.0, 8.0, 0.7, 0.0)",0.24375154823064804,0.01649463176727295,0.018489837646484375,1
seg+pos+rms,"(3.0, 8.0, 0.7, 0.0)",0.2590828835964203,0.01963496208190918,0.00510406494140625,1
seg+pos+rms,"(3.0, 8.0, 0.7, 0.0)",0.2716238498687744,0.002388596534729004,0.0093994140625,1
seg+pos+rms,"(3.0, 8.0, 0.7, 0.3)",0.24607601761817932,0.0077408552169799805,0.009101629257202148,1
seg+pos+rms,"(3.0, 8.0, 0.7, 0.3)",0.22995778173208237,0.012206315994262695,0.011300802230834961,1
seg+pos+rms,"(3.0, 8.0, 0.7, 0.3)",0.23186039924621582,0.010362744331359863,0.009913921356201172,1
seg+pos+rms,"(3.0, 8.0, 0.7, 0.3)",0.23864565044641495,0.010905027389526367,0.01773357391357422,1
seg+pos+rms,"(3.0, 8.0, 0.7, 0.3)",0.2830951511859894,0.019324421882629395,0.03318047523498535,1
seg+pos+rms,"(3.0, 8.0, 0.7, 0.3)",0.22673264890909195,0.0007156133651733398,0.01933574676513672,1
seg+pos+rms,"(3.0, 8.0, 0.7, 0.3)",0.2762926518917084,0.016550660133361816,0.007193326950073242,1
seg+pos+rms,"(3.0, 8.0, 0.7, 0.3)",0.2568688318133354,0.011678695678710938,0.01970362663269043,1
seg+pos+rms,"(3.0, 8.0, 0.7, 0.3)",0.25744859874248505,0.02004992961883545,0.012313604354858398,1
seg+pos+rms,"(3.0, 8.0, 0.7, 0.3)",0.2660241425037384,0.007492661476135254,0.014302730560302734,1
seg+pos+rms,"(3.0, 8.0, 0.7, 0.3)",0.23978255689144135,0.00732421875,0.021117448806762695,1
seg+pos+rms,"(3.0, 8.0, 0.7, 0.3)",0.25381316244602203,0.020719528198242188,0.03786420822143555,1
seg+pos+rms,"(3.0, 8.0, 0.7, 0.3)",0.2305108606815338,0.00986623764038086,0.0038025379180908203,1
seg+pos+rms,"(3.0, 8.0, 0.7, 0.3)",0.2702341377735138,0.011155843734741211,0.025641202926635742,1
seg+pos+rms,"(3.0, 8.0, 0.7, 0.3)",0.24180245399475098,0.0036110877990722656,0.013434410095214844,1
seg+pos+rms,"(3.0, 8.0, 0.7, 0.6)",0.24258499592542648,0.01800715923309326,0.011349916458129883,1
seg+pos+rms,"(3.0, 8.0, 0.7, 0.6)",0.25008223205804825,0.005457162857055664,0.010155677795410156,1
seg+pos+rms,"(3.0, 8.0, 0.7, 0.6)",0.23285923898220062,0.01711559295654297,0.0005424022674560547,1
seg+pos+rms,"(3.0, 8.0, 0.7, 0.6)",0.26656486093997955,0.002186417579650879,0.019919633865356445,1
seg+pos+rms,"(3.0, 8.0, 0.7, 0.6)",0.2502461075782776,0.02259814739227295,0.012336254119873047,1
seg+pos+rms,"(3.0, 8.0, 0.7, 0.6)",0.26758982241153717,0.011576652526855469,0.028943777084350586,1
seg+pos+rms,"(3.0, 8.0, 0.7, 0.6)",0.231903575360775,0.014017581939697266,0.02383112907409668,1
seg+pos+rms,"(3.0, 8.0, 0.7, 0.6)",0.2362111434340477,0.007818460464477539,0.02480769157409668,1
seg+pos+rms,"(3.0, 8.0, 0.7, 0.6)",0.23458103835582733,0.016042709350585938,0.006067514419555664,1
seg+pos+rms,"(3.0, 8.0, 0.7, 0.6)",0.2400130182504654,0.013034343719482422,0.035006046295166016,1
seg+pos+rms,"(3.0, 8.0, 0.7, 0.6)",0.24204589426517487,0.022624492645263672,0.03810596466064453,1
seg+pos+rms,"(3.0, 8.0, 0.7, 0.6)",0.2486339807510376,0.004785776138305664,0.05941367149353027,1
seg+pos+rms,"(3.0, 8.0, 0.7, 0.6)",0.24392438679933548,0.026899218559265137,0.008052587509155273,1
seg+pos+rms,"(3.0, 8.0, 0.7, 0.6)",0.26128973066806793,0.005032658576965332,0.0009272098541259766,1
seg+pos+rms,"(3.0, 8.0, 0.7, 0.6)",0.23678900301456451,0.012019753456115723,0.02286553382873535,1
seg+pos+rms,"(3.0, 8.0, 0.7, -0.3)",0.2729435861110687,0.003636956214904785,0.0012631416320800781,1
seg+pos+rms,"(3.0, 8.0, 0.7, -0.3)",0.23827534168958664,0.009745597839355469,0.002457141876220703,1
seg+pos+rms,"(3.0, 8.0, 0.7, -0.3)",0.23177463561296463,0.004049062728881836,0.008838653564453125,1
seg+pos+rms,"(3.0, 8.0, 0.7, -0.3)",0.2827567011117935,0.024748563766479492,0.06840848922729492,1
seg+pos+rms,"(3.0, 8.0, 0.7, -0.3)",0.24066169559955597,0.014740228652954102,0.01584768295288086,1
seg+pos+rms,"(3.0, 8.0, 0.7, -0.3)",0.2622121572494507,0.010952591896057129,0.02740955352783203,1
seg+pos+rms,"(3.0, 8.0, 0.7, -0.3)",0.22522512078285217,0.02109825611114502,0.024426937103271484,1
seg+pos+rms,"(3.0, 8.0, 0.7, -0.3)",0.24981039762496948,0.012494325637817383,0.03299093246459961,1
seg+pos+rms,"(3.0, 8.0, 0.7, -0.3)",0.2502409443259239,0.013374567031860352,0.002589702606201172,1
seg+pos+rms,"(3.0, 8.0, 0.7, -0.3)",0.24829475581645966,0.012261390686035156,0.02322864532470703,1
seg+pos+rms,"(3.0, 8.0, 0.7, -0.3)",0.24407228827476501,0.02010810375213623,0.03682661056518555,1
seg+pos+rms,"(3.0, 8.0, 0.7, -0.3)",0.22530217468738556,0.007781267166137695,0.018575668334960938,1
seg+pos+rms,"(3.0, 8.0, 0.7, -0.3)",0.25311337411403656,0.01861882209777832,0.030056476593017578,1
seg+pos+rms,"(3.0, 8.0, 0.7, -0.3)",0.22984135150909424,0.012677907943725586,0.030565261840820312,1
seg+pos+rms,"(3.0, 8.0, 0.7, -0.3)",0.2704770565032959,0.013152599334716797,0.023424148559570312,1
seg+pos+rms,"(3.0, 20.0, 0.3, 0.0)",0.2750129997730255,0.021539807319641113,0.030658721923828125,1
seg+pos+rms,"(3.0, 20.0, 0.3, 0.0)",0.28045904636383057,0.012566804885864258,0.009401798248291016,1
seg+pos+rms,"(3.0, 20.0, 0.3, 0.0)",0.29775772988796234,0.01821887493133545,0.014988899230957031,1
seg+pos+rms,"(3.0, 20.0, 0.3, 0.0)",0.2934468239545822,0.007742047309875488,0.024946212768554688,1
seg+pos+rms,"(3.0, 20.0, 0.3, 0.0)",0.26638174057006836,0.019541382789611816,0.013610363006591797,1
seg+pos+rms,"(3.0, 20.0, 0.3, 0.0)",0.29964666068553925,0.0016570091247558594,0.024770736694335938,1
seg+pos+rms,"(3.0, 20.0, 0.3, 0.0)",0.27669039368629456,0.026352524757385254,0.051609039306640625,1
seg+pos+rms,"(3.0, 20.0, 0.3, 0.0)",0.27843619883060455,0.014365911483764648,0.021574020385742188,1
seg+pos+rms,"(3.0, 20.0, 0.3, 0.0)",0.27386507391929626,0.011760234832763672,0.021494388580322266,1
seg+pos+rms,"(3.0, 20.0, 0.3, 0.0)",0.3000374287366867,0.005652427673339844,0.02575969696044922,1
seg+pos+rms,"(3.0, 20.0, 0.3, 0.0)",0.28477896749973297,0.013990163803100586,0.009790658950805664,1
seg+pos+rms,"(3.0, 20.0, 0.3, 0.0)",0.2759580761194229,0.025345683097839355,0.03409433364868164,1
seg+pos+rms,"(3.0, 20.0, 0.3, 0.0)",0.27972590923309326,0.012737274169921875,0.023961544036865234,1
seg+pos+rms,"(3.0, 20.0, 0.3, 0.0)",0.29520659148693085,0.00789952278137207,0.017030715942382812,1
seg+pos+rms,"(3.0, 20.0, 0.3, 0.0)",0.2846065014600754,0.01897597312927246,0.02319812774658203,1
seg+pos+rms,"(3.0, 20.0, 0.3, 0.3)",0.2785746604204178,0.011536955833435059,0.008934259414672852,1
seg+pos+rms,"(3.0, 20.0, 0.3, 0.3)",0.2745637893676758,0.022960424423217773,0.0011165142059326172,1
seg+pos+rms,"(3.0, 20.0, 0.3, 0.3)",0.28059394657611847,0.004827618598937988,0.03136324882507324,1
seg+pos+rms,"(3.0, 20.0, 0.3, 0.3)",0.3287412226200104,0.020949721336364746,0.04424905776977539,1
seg+pos+rms,"(3.0, 20.0, 0.3, 0.3)",0.29616203904151917,0.007431149482727051,0.0036783218383789062,1
seg+pos+rms,"(3.0, 20.0, 0.3, 0.3)",0.27622103691101074,0.015669822692871094,9.703636169433594e-05,1
seg+pos+rms,"(3.0, 20.0, 0.3, 0.3)",0.2851557582616806,0.016203880310058594,0.020757198333740234,1
seg+pos+rms,"(3.0, 20.0, 0.3, 0.3)",0.28408434987068176,0.008331775665283203,0.0126190185546875,1
seg+pos+rms,"(3.0, 20.0, 0.3, 0.3)",0.3270009607076645,0.006708979606628418,0.007185935974121094,1
seg+pos+rms,"(3.0, 20.0, 0.3, 0.3)",0.3249607980251312,0.022906780242919922,0.015445232391357422,1
seg+pos+rms,"(3.0, 20.0, 0.3, 0.3)",0.2985864728689194,0.011024951934814453,0.04430055618286133,1
seg+pos+rms,"(3.0, 20.0, 0.3, 0.3)",0.2847677171230316,0.01533520221710205,0.0016982555389404297,1
seg+pos+rms,"(3.0, 20.0, 0.3, 0.3)",0.32051433622837067,0.015996456146240234,0.015106916427612305,1
seg+pos+rms,"(3.0, 20.0, 0.3, 0.3)",0.26601332426071167,0.014818906784057617,0.013553142547607422,1
seg+pos+rms,"(3.0, 20.0, 0.3, 0.3)",0.297408789396286,0.027492642402648926,0.023801088333129883,1
seg+pos+rms,"(3.0, 20.0, 0.3, 0.6)",0.29139868915081024,0.02236342430114746,0.0044403076171875,1
seg+pos+rms,"(3.0, 20.0, 0.3, 0.6)",0.29663343727588654,0.0035400390625,0.006856679916381836,1
seg+pos+rms,"(3.0, 20.0, 0.3, 0.6)",0.2886282503604889,0.0037758350372314453,0.02395153045654297,1
seg+pos+rms,"(3.0, 20.0, 0.3, 0.6)",0.2976664900779724,0.032300710678100586,0.009739398956298828,1
seg+pos+rms,"(3.0, 20.0, 0.3, 0.6)",0.3376321345567703,0.009022712707519531,0.008788585662841797,1
seg+pos+rms,"(3.0, 20.0, 0.3, 0.6)",0.2693709284067154,0.00930178165435791,0.0065152645111083984,1
seg+pos+rms,"(3.0, 20.0, 0.3, 0.6)",0.2978152185678482,0.003780961036682129,0.007502079010009766,1
seg+pos+rms,"(3.0, 20.0, 0.3, 0.6)",0.31953883171081543,0.002396225929260254,0.00870656967163086,1
seg+pos+rms,"(3.0, 20.0, 0.3, 0.6)",0.27106547355651855,0.02053964138031006,0.00555419921875,1
seg+pos+rms,"(3.0, 20.0, 0.3, 0.6)",0.2695144861936569,0.01170814037322998,0.0060122013092041016,1
seg+pos+rms,"(3.0, 20.0, 0.3, 0.6)",0.28971630334854126,0.01446390151977539,0.004014015197753906,1
seg+pos+rms,"(3.0, 20.0, 0.3, 0.6)",0.32664284110069275,0.008901238441467285,0.08498954772949219,1
seg+pos+rms,"(3.0, 20.0, 0.3, 0.6)",0.2991332709789276,0.008579373359680176,0.0021238327026367188,1
seg+pos+rms,"(3.0, 20.0, 0.3, 0.6)",0.27327606081962585,0.004204273223876953,0.02686309814453125,1
seg+pos+rms,"(3.0, 20.0, 0.3, 0.6)",0.28836190700531006,0.006948232650756836,0.021226167678833008,1
seg+pos+rms,"(3.0, 20.0, 0.3, -0.3)",0.2692735493183136,0.003901958465576172,0.0010113716125488281,1
seg+pos+rms,"(3.0, 20.0, 0.3, -0.3)",0.31509190797805786,0.006350994110107422,0.00019741058349609375,1
seg+pos+rms,"(3.0, 20.0, 0.3, -0.3)",0.28387248516082764,0.012409329414367676,0.03026580810546875,1
seg+pos+rms,"(3.0, 20.0, 0.3, -0.3)",0.28077131509780884,0.008655309677124023,0.0028076171875,1
seg+pos+rms,"(3.0, 20.0, 0.3, -0.3)",0.2747795879840851,0.017827630043029785,0.04276084899902344,1
seg+pos+rms,"(3.0, 20.0, 0.3, -0.3)",0.27768227458000183,0.014246463775634766,0.031236648559570312,1
seg+pos+rms,"(3.0, 20.0, 0.3, -0.3)",0.28094273805618286,0.00941622257232666,0.015217304229736328,1
seg+pos+rms,"(3.0, 20.0, 0.3, -0.3)",0.2798602133989334,0.007639884948730469,0.006781578063964844,1
seg+pos+rms,"(3.0, 20.0, 0.3, -0.3)",0.3168811947107315,0.01195836067199707,0.02195596694946289,1
seg+pos+rms,"(3.0, 20.0, 0.3, -0.3)",0.28111065924167633,0.01861262321472168,0.02554178237915039,1
seg+pos+rms,"(3.0, 20.0, 0.3, -0.3)",0.27491573989391327,0.01134955883026123,0.0013942718505859375,1
seg+pos+rms,"(3.0, 20.0, 0.3, -0.3)",0.27377039194107056,0.01996147632598877,0.009023666381835938,1
seg+pos+rms,"(3.0, 20.0, 0.3, -0.3)",0.33330801129341125,0.012135982513427734,0.02985858917236328,1
seg+pos+rms,"(3.0, 20.0, 0.3, -0.3)",0.2881961166858673,0.023918628692626953,0.04443550109863281,1
seg+pos+rms,"(3.0, 20.0, 0.3, -0.3)",0.30486276745796204,0.038429975509643555,0.08100414276123047,1
seg+pos+rms,"(3.0, 20.0, 0.7, 0.0)",0.20906945317983627,0.011874794960021973,0.03172492980957031,1
seg+pos+rms,"(3.0, 20.0, 0.7, 0.0)",0.20859277248382568,0.018479466438293457,0.02239370346069336,1
seg+pos+rms,"(3.0, 20.0, 0.7, 0.0)",0.21160854399204254,0.016802072525024414,0.015155315399169922,1
seg+pos+rms,"(3.0, 20.0, 0.7, 0.0)",0.19890522956848145,0.013963937759399414,0.035778045654296875,1
seg+pos+rms,"(3.0, 20.0, 0.7, 0.0)",0.22218230366706848,0.007385969161987305,0.0073223114013671875,1
seg+pos+rms,"(3.0, 20.0, 0.7, 0.0)",0.2341824397444725,0.00586700439453125,0.012917518615722656,1
seg+pos+rms,"(3.0, 20.0, 0.7, 0.0)",0.23440825194120407,0.013129472732543945,0.027013301849365234,1
seg+pos+rms,"(3.0, 20.0, 0.7, 0.0)",0.20229386538267136,0.011824965476989746,0.013287544250488281,1
seg+pos+rms,"(3.0, 20.0, 0.7, 0.0)",0.21369754523038864,0.008986115455627441,0.015759944915771484,1
seg+pos+rms,"(3.0, 20.0, 0.7, 0.0)",0.23035205155611038,0.006342053413391113,0.02537393569946289,1
seg+pos+rms,"(3.0, 20.0, 0.7, 0.0)",0.19929182529449463,0.0028952360153198242,0.0031232833862304688,1
seg+pos+rms,"(3.0, 20.0, 0.7, 0.0)",0.2055945247411728,0.007435917854309082,0.0022764205932617188,1
seg+pos+rms,"(3.0, 20.0, 0.7, 0.0)",0.20927127450704575,0.0028284788131713867,0.0025827884674072266,1
seg+pos+rms,"(3.0, 20.0, 0.7, 0.0)",0.20299964398145676,0.02227342128753662,0.014117956161499023,1
seg+pos+rms,"(3.0, 20.0, 0.7, 0.0)",0.2126850262284279,0.016791582107543945,0.00588536262512207,1
seg+pos+rms,"(3.0, 20.0, 0.7, 0.3)",0.20776573568582535,0.0074307918548583984,0.003301858901977539,1
seg+pos+rms,"(3.0, 20.0, 0.7, 0.3)",0.2015075981616974,0.011845111846923828,0.02632308006286621,1
seg+pos+rms,"(3.0, 20.0, 0.7, 0.3)",0.22275125980377197,0.010474443435668945,0.016599178314208984,1
seg+pos+rms,"(3.0, 20.0, 0.7, 0.3)",0.1949266642332077,0.01749718189239502,0.05614328384399414,1
seg+pos+rms,"(3.0, 20.0, 0.7, 0.3)",0.19949017465114594,0.0052547454833984375,0.005053997039794922,1
seg+pos+rms,"(3.0, 20.0, 0.7, 0.3)",0.1998562440276146,0.0063860416412353516,0.008553028106689453,1
seg+pos+rms,"(3.0, 20.0, 0.7, 0.3)",0.20758412778377533,0.023970484733581543,0.02591729164123535,1
seg+pos+rms,"(3.0, 20.0, 0.7, 0.3)",0.21140821278095245,0.00718235969543457,0.019657611846923828,1
seg+pos+rms,"(3.0, 20.0, 0.7, 0.3)",0.20731526613235474,0.010906100273132324,0.017000198364257812,1
seg+pos+rms,"(3.0, 20.0, 0.7, 0.3)",0.18951686471700668,0.008978724479675293,0.012963294982910156,1
seg+pos+rms,"(3.0, 20.0, 0.7, 0.3)",0.1991138830780983,0.022504448890686035,0.02328944206237793,1
seg+pos+rms,"(3.0, 20.0, 0.7, 0.3)",0.20838796347379684,0.029031872749328613,0.030806303024291992,1
seg+pos+rms,"(3.0, 20.0, 0.7, 0.3)",0.22963737696409225,0.008640766143798828,0.007315397262573242,1
seg+pos+rms,"(3.0, 20.0, 0.7, 0.3)",0.20073235780000687,0.01230621337890625,0.04254007339477539,1
seg+pos+rms,"(3.0, 20.0, 0.7, 0.3)",0.20253977179527283,0.010436773300170898,0.0036416053771972656,1
seg+pos+rms,"(3.0, 20.0, 0.7, 0.6)",0.20452095568180084,0.013372063636779785,0.023189306259155273,1
seg+pos+rms,"(3.0, 20.0, 0.7, 0.6)",0.19047049432992935,0.010951519012451172,0.01126408576965332,1
seg+pos+rms,"(3.0, 20.0, 0.7, 0.6)",0.23036138713359833,0.012696981430053711,0.035186052322387695,1
seg+pos+rms,"(3.0, 20.0, 0.7, 0.6)",0.19975431263446808,0.006857752799987793,0.014601469039916992,1
seg+pos+rms,"(3.0, 20.0, 0.7, 0.6)",0.20046376436948776,0.00790870189666748,0.012595653533935547,1
seg+pos+rms,"(3.0, 20.0, 0.7, 0.6)",0.2309863641858101,0.01177215576171875,0.014934301376342773,1
seg+pos+rms,"(3.0, 20.0, 0.7, 0.6)",0.19237089902162552,0.018466830253601074,0.012689590454101562,1
seg+pos+rms,"(3.0, 20.0, 0.7, 0.6)",0.2049647495150566,0.00970768928527832,0.0250089168548584,1
seg+pos+rms,"(3.0, 20.0, 0.7, 0.6)",0.20809561014175415,0.022220134735107422,0.04623985290527344,1
seg+pos+rms,"(3.0, 20.0, 0.7, 0.6)",0.22927673906087875,0.011360406875610352,0.0208437442779541,1
seg+pos+rms,"(3.0, 20.0, 0.7, 0.6)",0.19422894716262817,0.0064640045166015625,0.009131193161010742,1
seg+pos+rms,"(3.0, 20.0, 0.7, 0.6)",0.2133973091840744,0.014355659484863281,0.013053417205810547,1
seg+pos+rms,"(3.0, 20.0, 0.7, 0.6)",0.20211995393037796,0.008629441261291504,0.02860283851623535,1
seg+pos+rms,"(3.0, 20.0, 0.7, 0.6)",0.21004154533147812,0.0018759965896606445,0.013244152069091797,1
seg+pos+rms,"(3.0, 20.0, 0.7, 0.6)",0.20709925144910812,0.022269487380981445,0.02152848243713379,1
seg+pos+rms,"(3.0, 20.0, 0.7, -0.3)",0.1934380605816841,0.017607808113098145,0.03882646560668945,1
seg+pos+rms,"(3.0, 20.0, 0.7, -0.3)",0.20539307594299316,0.01100301742553711,0.037473201751708984,1
seg+pos+rms,"(3.0, 20.0, 0.7, -0.3)",0.21517884731292725,0.004854798316955566,0.028220176696777344,1
seg+pos+rms,"(3.0, 20.0, 0.7, -0.3)",0.1958162933588028,0.004974842071533203,0.013434886932373047,1
seg+pos+rms,"(3.0, 20.0, 0.7, -0.3)",0.22836504131555557,0.008402109146118164,0.009467124938964844,1
seg+pos+rms,"(3.0, 20.0, 0.7, -0.3)",0.200040303170681,0.006859421730041504,0.046631813049316406,1
seg+pos+rms,"(3.0, 20.0, 0.7, -0.3)",0.21653138101100922,0.0067691802978515625,0.00039005279541015625,1
seg+pos+rms,"(3.0, 20.0, 0.7, -0.3)",0.23101310431957245,0.007238984107971191,0.026796340942382812,1
seg+pos+rms,"(3.0, 20.0, 0.7, -0.3)",0.19285693764686584,0.017112016677856445,0.01202249526977539,1
seg+pos+rms,"(3.0, 20.0, 0.7, -0.3)",0.19231566786766052,0.00760650634765625,0.000926971435546875,1
seg+pos+rms,"(3.0, 20.0, 0.7, -0.3)",0.2012331783771515,0.00786137580871582,0.004009246826171875,1
seg+pos+rms,"(3.0, 20.0, 0.7, -0.3)",0.22929956763982773,0.02043020725250244,0.027863025665283203,1
seg+pos+rms,"(3.0, 20.0, 0.7, -0.3)",0.19961518794298172,0.015450596809387207,0.037367820739746094,1
seg+pos+rms,"(3.0, 20.0, 0.7, -0.3)",0.23386291414499283,0.006060361862182617,0.00494384765625,1
seg+pos+rms,"(3.0, 20.0, 0.7, -0.3)",0.20277000218629837,0.019421100616455078,0.004894733428955078,1
seg+pos+rms,"(1.5, 8.0, 0.3, 0.0)",0.2826393395662308,0.017917156219482422,0.023028135299682617,2
seg+pos+rms,"(1.5, 8.0, 0.3, 0.0)",0.29164426028728485,0.008577048778533936,0.0076482295989990234,2
seg+pos+rms,"(1.5, 8.0, 0.3, 0.0)",0.29543910920619965,0.002000153064727783,0.0057926177978515625,2
seg+pos+rms,"(1.5, 8.0, 0.3, 0.0)",0.2894100397825241,0.0209197998046875,0.04173398017883301,2
seg+pos+rms,"(1.5, 8.0, 0.3, 0.0)",0.2905035614967346,0.022516191005706787,0.02169060707092285,2
seg+pos+rms,"(1.5, 8.0, 0.3, 0.0)",0.26944680511951447,0.025251328945159912,0.023634672164916992,2
seg+pos+rms,"(1.5, 8.0, 0.3, 0.0)",0.25870369374752045,0.0038990378379821777,0.014909982681274414,2
seg+pos+rms,"(1.5, 8.0, 0.3, 0.0)",0.28852394223213196,0.01945674419403076,0.0018849372863769531,2
seg+pos+rms,"(1.5, 8.0, 0.3, 0.0)",0.2513643503189087,0.012434542179107666,0.0037326812744140625,2
seg+pos+rms,"(1.5, 8.0, 0.3, 0.0)",0.2476680874824524,0.003722250461578369,0.000858306884765625,2
seg+pos+rms,"(1.5, 8.0, 0.3, 0.0)",0.24855932593345642,0.01095724105834961,0.0148468017578125,2
seg+pos+rms,"(1.5, 8.0, 0.3, 0.0)",0.2629990577697754,0.012496590614318848,0.004510283470153809,2
seg+pos+rms,"(1.5, 8.0, 0.3, 0.0)",0.26464319229125977,0.02122575044631958,0.012662410736083984,2
seg+pos+rms,"(1.5, 8.0, 0.3, 0.0)",0.23811857402324677,0.019370973110198975,0.006069064140319824,2
seg+pos+rms,"(1.5, 8.0, 0.3, 0.0)",0.2903844714164734,0.00754392147064209,0.05067121982574463,2
seg+pos+rms,"(1.5, 8.0, 0.3, 0.3)",0.27268198132514954,0.02563655376434326,0.0246046781539917,2
seg+pos+rms,"(1.5, 8.0, 0.3, 0.3)",0.24707093089818954,0.017146646976470947,0.006451606750488281,2
seg+pos+rms,"(1.5, 8.0, 0.3, 0.3)",0.29371076822280884,0.01620948314666748,0.001847982406616211,2
seg+pos+rms,"(1.5, 8.0, 0.3, 0.3)",0.258176252245903,0.016625702381134033,0.028570175170898438,2
seg+pos+rms,"(1.5, 8.0, 0.3, 0.3)",0.24294738471508026,0.013950884342193604,0.010536551475524902,2
seg+pos+rms,"(1.5, 8.0, 0.3, 0.3)",0.23327383399009705,0.005131125450134277,0.021204590797424316,2
seg+pos+rms,"(1.5, 8.0, 0.3, 0.3)",0.2479078620672226,0.00911778211593628,0.0033028125762939453,2
seg+pos+rms,"(1.5, 8.0, 0.3, 0.3)",0.29071030020713806,0.02259618043899536,0.01432335376739502,2
seg+pos+rms,"(1.5, 8.0, 0.3, 0.3)",0.26285068690776825,0.014964759349822998,0.020869731903076172,2
seg+pos+rms,"(1.5, 8.0, 0.3, 0.3)",0.27702488005161285,0.011652886867523193,0.018241286277770996,2
seg+pos+rms,"(1.5, 8.0, 0.3, 0.3)",0.29058438539505005,0.01151055097579956,0.03581428527832031,2
seg+pos+rms,"(1.5, 8.0, 0.3, 0.3)",0.28376397490501404,0.01761382818222046,0.011461973190307617,2
seg+pos+rms,"(1.5, 8.0, 0.3, 0.3)",0.23848433792591095,0.0219498872756958,0.016666412353515625,2
seg+pos+rms,"(1.5, 8.0, 0.3, 0.3)",0.23950014263391495,0.0056116580963134766,0.03108668327331543,2
seg+pos+rms,"(1.5, 8.0, 0.3, 0.3)",0.2473871111869812,0.007150828838348389,0.0023299455642700195,2
seg+pos+rms,"(1.5, 8.0, 0.3, 0.6)",0.26346948742866516,0.017098426818847656,0.021799564361572266,2
seg+pos+rms,"(1.5, 8.0, 0.3, 0.6)",0.25330865383148193,0.026032328605651855,0.004060029983520508,2
seg+pos+rms,"(1.5, 8.0, 0.3, 0.6)",0.2532787397503853,0.013471245765686035,0.02434396743774414,2
seg+pos+rms,"(1.5, 8.0, 0.3, 0.6)",0.2413174882531166,0.00952678918838501,0.028571367263793945,2
seg+pos+rms,"(1.5, 8.0, 0.3, 0.6)",0.2489403411746025,0.016126811504364014,0.02857208251953125,2
seg+pos+rms,"(1.5, 8.0, 0.3, 0.6)",0.24336165189743042,0.01574939489364624,0.014571666717529297,2
seg+pos+rms,"(1.5, 8.0, 0.3, 0.6)",0.28603196144104004,0.01097935438156128,0.03844046592712402,2
seg+pos+rms,"(1.5, 8.0, 0.3, 0.6)",0.28393325209617615,0.015398681163787842,0.02961266040802002,2
seg+pos+rms,"(1.5, 8.0, 0.3, 0.6)",0.25395575165748596,0.0215798020362854,0.030785679817199707,2
seg+pos+rms,"(1.5, 8.0, 0.3, 0.6)",0.2934409826993942,0.014030098915100098,0.02842998504638672,2
seg+pos+rms,"(1.5, 8.0, 0.3, 0.6)",0.25067898631095886,0.015385627746582031,0.0641411542892456,2
seg+pos+rms,"(1.5, 8.0, 0.3, 0.6)",0.24950236827135086,0.009210765361785889,0.013569116592407227,2
seg+pos+rms,"(1.5, 8.0, 0.3, 0.6)",0.2950180321931839,0.01994699239730835,0.04618024826049805,2
seg+pos+rms,"(1.5, 8.0, 0.3, 0.6)",0.24923940002918243,0.023071587085723877,0.028836488723754883,2
seg+pos+rms,"(1.5, 8.0, 0.3, 0.6)",0.29930081963539124,0.00795280933380127,0.03278851509094238,2
seg+pos+rms,"(1.5, 8.0, 0.3, -0.3)",0.264156237244606,0.01693439483642578,0.027013540267944336,2
seg+pos+rms,"(1.5, 8.0, 0.3, -0.3)",0.2705516517162323,0.006020843982696533,0.02058577537536621,2
seg+pos+rms,"(1.5, 8.0, 0.3, -0.3)",0.3033149689435959,0.01759171485900879,0.008765697479248047,2
seg+pos+rms,"(1.5, 8.0, 0.3, -0.3)",0.24568291753530502,0.006342589855194092,0.006593942642211914,2
seg+pos+rms,"(1.5, 8.0, 0.3, -0.3)",0.24345754086971283,0.010759353637695312,0.02804112434387207,2
seg+pos+rms,"(1.5, 8.0, 0.3, -0.3)",0.28670430183410645,0.023136615753173828,0.04396390914916992,2
seg+pos+rms,"(1.5, 8.0, 0.3, -0.3)",0.24781353026628494,0.015738487243652344,0.04221940040588379,2
seg+pos+rms,"(1.5, 8.0, 0.3, -0.3)",0.2872845530509949,0.028536856174468994,0.05202198028564453,2
seg+pos+rms,"(1.5, 8.0, 0.3, -0.3)",0.24956022948026657,0.0164719820022583,0.04984879493713379,2
seg+pos+rms,"(1.5, 8.0, 0.3, -0.3)",0.266888752579689,0.01254582405090332,0.046485185623168945,2
seg+pos+rms,"(1.5, 8.0, 0.3, -0.3)",0.3014127016067505,0.018186211585998535,0.011294364929199219,2
seg+pos+rms,"(1.5, 8.0, 0.3, -0.3)",0.25423721224069595,0.005555331707000732,0.004277706146240234,2
seg+pos+rms,"(1.5, 8.0, 0.3, -0.3)",0.29012157022953033,0.028553247451782227,0.024183988571166992,2
seg+pos+rms,"(1.5, 8.0, 0.3, -0.3)",0.26400338113307953,0.02121150493621826,0.012656211853027344,2
seg+pos+rms,"(1.5, 8.0, 0.3, -0.3)",0.2891558110713959,0.027055442333221436,0.028205156326293945,2
seg+pos+rms,"(1.5, 8.0, 0.7, 0.0)",0.20135273784399033,0.003603339195251465,0.006011009216308594,2
seg+pos+rms,"(1.5, 8.0, 0.7, 0.0)",0.19884129613637924,0.010703980922698975,0.02207040786743164,2
seg+pos+rms,"(1.5, 8.0, 0.7, 0.0)",0.199865885078907,0.016508817672729492,0.017212867736816406,2
seg+pos+rms,"(1.5, 8.0, 0.7, 0.0)",0.22207727283239365,0.021415293216705322,0.028812885284423828,2
seg+pos+rms,"(1.5, 8.0, 0.7, 0.0)",0.19636154174804688,0.0024144649505615234,0.005119800567626953,2
seg+pos+rms,"(1.5, 8.0, 0.7, 0.0)",0.20403850078582764,0.009921073913574219,0.00039958953857421875,2
seg+pos+rms,"(1.5, 8.0, 0.7, 0.0)",0.20391230285167694,0.003750324249267578,0.0051795244216918945,2
seg+pos+rms,"(1.5, 8.0, 0.7, 0.0)",0.21458601206541061,0.005447447299957275,0.011831998825073242,2
seg+pos+rms,"(1.5, 8.0, 0.7, 0.0)",0.19944660365581512,0.004917502403259277,0.01269233226776123,2
seg+pos+rms,"(1.5, 8.0, 0.7, 0.0)",0.21772721409797668,0.014613330364227295,0.035767316818237305,2
seg+pos+rms,"(1.5, 8.0, 0.7, 0.0)",0.19933289289474487,0.017031431198120117,0.011991500854492188,2
seg+pos+rms,"(1.5, 8.0, 0.7, 0.0)",0.20297104120254517,0.004346489906311035,0.0008306503295898438,2
seg+pos+rms,"(1.5, 8.0, 0.7, 0.0)",0.22204028815031052,0.013785898685455322,0.014565229415893555,2
seg+pos+rms,"(1.5, 8.0, 0.7, 0.0)",0.21383097767829895,0.005630433559417725,0.014307737350463867,2
seg+pos+rms,"(1.5, 8.0, 0.7, 0.0)",0.23393000662326813,0.011039018630981445,0.011998176574707031,2
seg+pos+rms,"(1.5, 8.0, 0.7, 0.3)",0.22209445387125015,0.015992939472198486,0.022136569023132324,2
seg+pos+rms,"(1.5, 8.0, 0.7, 0.3)",0.21745525300502777,0.00581967830657959,0.00970160961151123,2
seg+pos+rms,"(1.5, 8.0, 0.7, 0.3)",0.22111818939447403,0.015781939029693604,0.028236746788024902,2
seg+pos+rms,"(1.5, 8.0, 0.7, 0.3)",0.209512360394001,0.0071375370025634766,0.012552499771118164,2
seg+pos+rms,"(1.5, 8.0, 0.7, 0.3)",0.20281673967838287,0.014643847942352295,0.02577531337738037,2
seg+pos+rms,"(1.5, 8.0, 0.7, 0.3)",0.23611175268888474,0.011336982250213623,0.051848769187927246,2
seg+pos+rms,"(1.5, 8.0, 0.7, 0.3)",0.21661809086799622,0.012465953826904297,0.02616870403289795,2
seg+pos+rms,"(1.5, 8.0, 0.7, 0.3)",0.19384626299142838,0.014740288257598877,0.003193378448486328,2
seg+pos+rms,"(1.5, 8.0, 0.7, 0.3)",0.19347219914197922,0.003169238567352295,0.03842604160308838,2
seg+pos+rms,"(1.5, 8.0, 0.7, 0.3)",0.2225087657570839,0.008181452751159668,0.007703185081481934,2
seg+pos+rms,"(1.5, 8.0, 0.7, 0.3)",0.2009115293622017,0.005628347396850586,0.003242969512939453,2
seg+pos+rms,"(1.5, 8.0, 0.7, 0.3)",0.19766592234373093,0.015810012817382812,0.031809091567993164,2
seg+pos+rms,"(1.5, 8.0, 0.7, 0.3)",0.21916361153125763,0.0043898820877075195,0.0212557315826416,2
seg+pos+rms,"(1.5, 8.0, 0.7, 0.3)",0.2414509356021881,0.026401400566101074,0.0002205371856689453,2
seg+pos+rms,"(1.5, 8.0, 0.7, 0.3)",0.19431228190660477,0.005324721336364746,0.0009365081787109375,2
seg+pos+rms,"(1.5, 8.0, 0.7, 0.6)",0.2129683941602707,0.0037967562675476074,0.02046513557434082,2
seg+pos+rms,"(1.5, 8.0, 0.7, 0.6)",0.2180372178554535,0.005422413349151611,0.022226452827453613,2
seg+pos+rms,"(1.5, 8.0, 0.7, 0.6)",0.18868134915828705,0.01870131492614746,0.012730002403259277,2
seg+pos+rms,"(1.5, 8.0, 0.7, 0.6)",0.20425226539373398,0.02067732810974121,0.04557955265045166,2
seg+pos+rms,"(1.5, 8.0, 0.7, 0.6)",0.23381204903125763,0.010722219944000244,0.006370186805725098,2
seg+pos+rms,"(1.5, 8.0, 0.7, 0.6)",0.21591245383024216,0.00917583703994751,0.06983780860900879,2
seg+pos+rms,"(1.5, 8.0, 0.7, 0.6)",0.24675430357456207,0.017173349857330322,0.03759944438934326,2
seg+pos+rms,"(1.5, 8.0, 0.7, 0.6)",0.21508294343948364,0.006959795951843262,0.028874874114990234,2
seg+pos+rms,"(1.5, 8.0, 0.7, 0.6)",0.20272502303123474,0.0068468451499938965,0.026856303215026855,2
seg+pos+rms,"(1.5, 8.0, 0.7, 0.6)",0.19426221400499344,0.021087288856506348,0.02880406379699707,2
seg+pos+rms,"(1.5, 8.0, 0.7, 0.6)",0.22916188091039658,0.01046299934387207,0.013743996620178223,2
seg+pos+rms,"(1.5, 8.0, 0.7, 0.6)",0.2021539956331253,0.009991824626922607,0.009990811347961426,2
seg+pos+rms,"(1.5, 8.0, 0.7, 0.6)",0.19877015054225922,0.002560734748840332,0.005091309547424316,2
seg+pos+rms,"(1.5, 8.0, 0.7, 0.6)",0.2376125082373619,0.018756985664367676,0.03603088855743408,2
seg+pos+rms,"(1.5, 8.0, 0.7, 0.6)",0.1973295584321022,0.007013082504272461,0.024443626403808594,2
seg+pos+rms,"(1.5, 8.0, 0.7, -0.3)",0.20432473719120026,0.011337220668792725,0.025228261947631836,2
seg+pos+rms,"(1.5, 8.0, 0.7, -0.3)",0.20984217524528503,0.015432953834533691,0.021254539489746094,2
seg+pos+rms,"(1.5, 8.0, 0.7, -0.3)",0.23338785767555237,0.0104714035987854,0.018493175506591797,2
seg+pos+rms,"(1.5, 8.0, 0.7, -0.3)",0.21792270988225937,0.005510091781616211,0.019222021102905273,2
seg+pos+rms,"(1.5, 8.0, 0.7, -0.3)",0.20611219853162766,0.008237302303314209,0.0037491321563720703,2
seg+pos+rms,"(1.5, 8.0, 0.7, -0.3)",0.21781855076551437,0.006356239318847656,0.01549386978149414,2
seg+pos+rms,"(1.5, 8.0, 0.7, -0.3)",0.19655589014291763,0.008968174457550049,0.02305436134338379,2
seg+pos+rms,"(1.5, 8.0, 0.7, -0.3)",0.21282164752483368,0.013584673404693604,0.040659189224243164,2
seg+pos+rms,"(1.5, 8.0, 0.7, -0.3)",0.2162291631102562,0.008349955081939697,0.020844697952270508,2
seg+pos+rms,"(1.5, 8.0, 0.7, -0.3)",0.2461322918534279,0.008964955806732178,0.012194395065307617,2
seg+pos+rms,"(1.5, 8.0, 0.7, -0.3)",0.2184263840317726,0.008081138134002686,0.008127450942993164,2
seg+pos+rms,"(1.5, 8.0, 0.7, -0.3)",0.23350893706083298,0.02598392963409424,0.00798654556274414,2
seg+pos+rms,"(1.5, 8.0, 0.7, -0.3)",0.242365300655365,0.003467381000518799,0.007207393646240234,2
seg+pos+rms,"(1.5, 8.0, 0.7, -0.3)",0.2027621865272522,0.012417972087860107,0.012256860733032227,2
seg+pos+rms,"(1.5, 8.0, 0.7, -0.3)",0.19802925735712051,0.011458218097686768,0.005976438522338867,2
seg+pos+rms,"(1.5, 20.0, 0.3, 0.0)",0.26694513857364655,0.021609246730804443,0.04313158988952637,2
seg+pos+rms,"(1.5, 20.0, 0.3, 0.0)",0.24456652998924255,0.013721048831939697,0.02631998062133789,2
seg+pos+rms,"(1.5, 20.0, 0.3, 0.0)",0.27564476430416107,0.012248992919921875,0.008025169372558594,2
seg+pos+rms,"(1.5, 20.0, 0.3, 0.0)",0.23827728629112244,0.006682932376861572,0.004610776901245117,2
seg+pos+rms,"(1.5, 20.0, 0.3, 0.0)",0.21554572880268097,0.006455898284912109,0.02083897590637207,2
seg+pos+rms,"(1.5, 20.0, 0.3, 0.0)",0.22972901165485382,0.012417733669281006,0.009348750114440918,2
seg+pos+rms,"(1.5, 20.0, 0.3, 0.0)",0.2223765179514885,0.01333552598953247,0.03482556343078613,2
seg+pos+rms,"(1.5, 20.0, 0.3, 0.0)",0.2267177850008011,0.018418967723846436,0.041756629943847656,2
seg+pos+rms,"(1.5, 20.0, 0.3, 0.0)",0.2281147614121437,0.01868647336959839,0.03168749809265137,2
seg+pos+rms,"(1.5, 20.0, 0.3, 0.0)",0.22830621153116226,0.0065004825592041016,0.0028476715087890625,2
seg+pos+rms,"(1.5, 20.0, 0.3, 0.0)",0.24848489463329315,0.012879252433776855,0.0024590492248535156,2
seg+pos+rms,"(1.5, 20.0, 0.3, 0.0)",0.2200585976243019,0.008689403533935547,0.025815963745117188,2
seg+pos+rms,"(1.5, 20.0, 0.3, 0.0)",0.21719738095998764,0.01404106616973877,0.011992692947387695,2
seg+pos+rms,"(1.5, 20.0, 0.3, 0.0)",0.2802737206220627,0.002998530864715576,0.027482032775878906,2
seg+pos+rms,"(1.5, 20.0, 0.3, 0.0)",0.22135739773511887,0.02770054340362549,0.03882145881652832,2
seg+pos+rms,"(1.5, 20.0, 0.3, 0.3)",0.2215040922164917,0.016105473041534424,0.035872459411621094,2
seg+pos+rms,"(1.5, 20.0, 0.3, 0.3)",0.225375197827816,0.010212600231170654,0.02736341953277588,2
seg+pos+rms,"(1.5, 20.0, 0.3, 0.3)",0.2570789158344269,0.015460371971130371,0.01687312126159668,2
seg+pos+rms,"(1.5, 20.0, 0.3, 0.3)",0.2172991782426834,0.031637489795684814,0.025641322135925293,2
seg+pos+rms,"(1.5, 20.0, 0.3, 0.3)",0.24148623645305634,0.013009607791900635,0.004797458648681641,2
seg+pos+rms,"(1.5, 20.0, 0.3, 0.3)",0.22950801998376846,0.025799691677093506,0.011132240295410156,2
seg+pos+rms,"(1.5, 20.0, 0.3, 0.3)",0.23685114085674286,0.03017735481262207,0.05049169063568115,2
seg+pos+rms,"(1.5, 20.0, 0.3, 0.3)",0.27240222692489624,0.012793660163879395,0.027329444885253906,2
seg+pos+rms,"(1.5, 20.0, 0.3, 0.3)",0.22330819070339203,0.007362425327301025,0.011996269226074219,2
seg+pos+rms,"(1.5, 20.0, 0.3, 0.3)",0.24896905571222305,0.005281209945678711,0.015682578086853027,2
seg+pos+rms,"(1.5, 20.0, 0.3, 0.3)",0.23154568672180176,0.009763538837432861,0.00938558578491211,2
seg+pos+rms,"(1.5, 20.0, 0.3, 0.3)",0.273563951253891,0.011081337928771973,0.018856167793273926,2
seg+pos+rms,"(1.5, 20.0, 0.3, 0.3)",0.23252484947443008,0.008869588375091553,0.005526900291442871,2
seg+pos+rms,"(1.5, 20.0, 0.3, 0.3)",0.22440540045499802,0.03250843286514282,0.01768958568572998,2
seg+pos+rms,"(1.5, 20.0, 0.3, 0.3)",0.23357513546943665,0.030634641647338867,0.0135955810546875,2
seg+pos+rms,"(1.5, 20.0, 0.3, 0.6)",0.21910057216882706,0.011830687522888184,0.020416617393493652,2
seg+pos+rms,"(1.5, 20.0, 0.3, 0.6)",0.27143292129039764,0.00869661569595337,0.01300954818725586,2
seg+pos+rms,"(1.5, 20.0, 0.3, 0.6)",0.2484099492430687,0.008736491203308105,0.038217902183532715,2
seg+pos+rms,"(1.5, 20.0, 0.3, 0.6)",0.2717641294002533,0.026883304119110107,0.052268385887145996,2
seg+pos+rms,"(1.5, 20.0, 0.3, 0.6)",0.2764749526977539,0.02843862771987915,0.025983452796936035,2
seg+pos+rms,"(1.5, 20.0, 0.3, 0.6)",0.24913467466831207,0.00815892219543457,0.048647403717041016,2
seg+pos+rms,"(1.5, 20.0, 0.3, 0.6)",0.2398328110575676,0.008703947067260742,0.034815073013305664,2
seg+pos+rms,"(1.5, 20.0, 0.3, 0.6)",0.22124047577381134,0.03092026710510254,0.012405633926391602,2
seg+pos+rms,"(1.5, 20.0, 0.3, 0.6)",0.22305656224489212,0.02436155080795288,0.014962315559387207,2
seg+pos+rms,"(1.5, 20.0, 0.3, 0.6)",0.2255636528134346,0.0023300647735595703,0.050092101097106934,2
seg+pos+rms,"(1.5, 20.0, 0.3, 0.6)",0.23593013733625412,0.008839964866638184,0.0014257431030273438,2
seg+pos+rms,"(1.5, 20.0, 0.3, 0.6)",0.23796294629573822,0.017528831958770752,0.012508869171142578,2
seg+pos+rms,"(1.5, 20.0, 0.3, 0.6)",0.24215712398290634,0.013526439666748047,0.0035294294357299805,2
seg+pos+rms,"(1.5, 20.0, 0.3, 0.6)",0.23523211479187012,0.011160492897033691,0.026018977165222168,2
seg+pos+rms,"(1.5, 20.0, 0.3, 0.6)",0.2775963395833969,0.006884098052978516,0.06076514720916748,2
seg+pos+rms,"(1.5, 20.0, 0.3, -0.3)",0.2225489243865013,0.013474047183990479,0.03021836280822754,2
seg+pos+rms,"(1.5, 20.0, 0.3, -0.3)",0.2481982335448265,0.007923126220703125,0.004754781723022461,2
seg+pos+rms,"(1.5, 20.0, 0.3, -0.3)",0.22367645055055618,0.020797431468963623,0.012548208236694336,2
seg+pos+rms,"(1.5, 20.0, 0.3, -0.3)",0.22558161616325378,0.019540607929229736,0.061681509017944336,2
seg+pos+rms,"(1.5, 20.0, 0.3, -0.3)",0.24759937822818756,0.02687358856201172,0.009441614151000977,2
seg+pos+rms,"(1.5, 20.0, 0.3, -0.3)",0.2267889827489853,0.015509426593780518,0.042897939682006836,2
seg+pos+rms,"(1.5, 20.0, 0.3, -0.3)",0.22187025845050812,0.020407915115356445,0.037322282791137695,2
seg+pos+rms,"(1.5, 20.0, 0.3, -0.3)",0.26695485413074493,0.002938389778137207,2.2411346435546875e-05,2
seg+pos+rms,"(1.5, 20.0, 0.3, -0.3)",0.26923274993896484,0.005487263202667236,0.0044438838958740234,2
seg+pos+rms,"(1.5, 20.0, 0.3, -0.3)",0.2270243689417839,0.00893169641494751,0.01045989990234375,2
seg+pos+rms,"(1.5, 20.0, 0.3, -0.3)",0.22626089304685593,0.0022661685943603516,0.012123823165893555,2
seg+pos+rms,"(1.5, 20.0, 0.3, -0.3)",0.2712654769420624,0.005926787853240967,0.01973891258239746,2
seg+pos+rms,"(1.5, 20.0, 0.3, -0.3)",0.22695636749267578,0.01196056604385376,0.04092693328857422,2
seg+pos+rms,"(1.5, 20.0, 0.3, -0.3)",0.2417769730091095,0.00791633129119873,0.006439208984375,2
seg+pos+rms,"(1.5, 20.0, 0.3, -0.3)",0.2651173025369644,0.014666080474853516,0.015185832977294922,2
seg+pos+rms,"(1.5, 20.0, 0.7, 0.0)",0.20897021144628525,0.009923100471496582,0.003453493118286133,2
seg+pos+rms,"(1.5, 20.0, 0.7, 0.0)",0.19975044578313828,0.010284423828125,0.011352300643920898,2
seg+pos+rms,"(1.5, 20.0, 0.7, 0.0)",0.19164050370454788,0.015044987201690674,0.002620697021484375,2
seg+pos+rms,"(1.5, 20.0, 0.7, 0.0)",0.18672330677509308,0.005498409271240234,0.01811063289642334,2
seg+pos+rms,"(1.5, 20.0, 0.7, 0.0)",0.1961406096816063,0.01346498727798462,0.011841297149658203,2
seg+pos+rms,"(1.5, 20.0, 0.7, 0.0)",0.20212098211050034,0.01555413007736206,0.014492273330688477,2
seg+pos+rms,"(1.5, 20.0, 0.7, 0.0)",0.1854041889309883,0.012580037117004395,0.006701827049255371,2
seg+pos+rms,"(1.5, 20.0, 0.7, 0.0)",0.19267898797988892,0.01742762327194214,0.022287368774414062,2
seg+pos+rms,"(1.5, 20.0, 0.7, 0.0)",0.23233702778816223,0.017020046710968018,0.028612613677978516,2
seg+pos+rms,"(1.5, 20.0, 0.7, 0.0)",0.22575725615024567,0.006016850471496582,0.01674056053161621,2
seg+pos+rms,"(1.5, 20.0, 0.7, 0.0)",0.18884701281785965,0.007344424724578857,0.007379770278930664,2
seg+pos+rms,"(1.5, 20.0, 0.7, 0.0)",0.19144585728645325,0.013009846210479736,0.05373239517211914,2
seg+pos+rms,"(1.5, 20.0, 0.7, 0.0)",0.21796546131372452,0.012136876583099365,0.015198469161987305,2
seg+pos+rms,"(1.5, 20.0, 0.7, 0.0)",0.18073105812072754,0.013958871364593506,0.0029802322387695312,2
seg+pos+rms,"(1.5, 20.0, 0.7, 0.0)",0.19632216542959213,0.009972631931304932,0.01740431785583496,2
seg+pos+rms,"(1.5, 20.0, 0.7, 0.3)",0.20751214772462845,0.019336998462677002,0.0062103271484375,2
seg+pos+rms,"(1.5, 20.0, 0.7, 0.3)",0.1937655508518219,0.013001024723052979,0.0013659000396728516,2
seg+pos+rms,"(1.5, 20.0, 0.7, 0.3)",0.19184952229261398,0.006877779960632324,0.007566690444946289,2
seg+pos+rms,"(1.5, 20.0, 0.7, 0.3)",0.18843894451856613,0.01057422161102295,0.04987907409667969,2
seg+pos+rms,"(1.5, 20.0, 0.7, 0.3)",0.23388176411390305,0.008229374885559082,0.010909557342529297,2
seg+pos+rms,"(1.5, 20.0, 0.7, 0.3)",0.19590045511722565,0.0016490817070007324,0.010852575302124023,2
seg+pos+rms,"(1.5, 20.0, 0.7, 0.3)",0.23197684437036514,0.005219936370849609,0.06276857852935791,2
seg+pos+rms,"(1.5, 20.0, 0.7, 0.3)",0.18708983063697815,0.004444599151611328,0.007623076438903809,2
seg+pos+rms,"(1.5, 20.0, 0.7, 0.3)",0.21138665080070496,0.01829606294631958,0.05992257595062256,2
seg+pos+rms,"(1.5, 20.0, 0.7, 0.3)",0.22455351799726486,0.004363715648651123,0.03283357620239258,2
seg+pos+rms,"(1.5, 20.0, 0.7, 0.3)",0.23877372592687607,0.0083998441696167,0.025364398956298828,2
seg+pos+rms,"(1.5, 20.0, 0.7, 0.3)",0.20429253578186035,0.01995033025741577,0.026560306549072266,2
seg+pos+rms,"(1.5, 20.0, 0.7, 0.3)",0.2281186729669571,0.024428069591522217,0.06755220890045166,2
seg+pos+rms,"(1.5, 20.0, 0.7, 0.3)",0.1966441348195076,0.008497178554534912,0.008126020431518555,2
seg+pos+rms,"(1.5, 20.0, 0.7, 0.3)",0.18731390684843063,0.01674407720565796,0.03864014148712158,2
seg+pos+rms,"(1.5, 20.0, 0.7, 0.6)",0.17949441075325012,0.008442282676696777,0.020229101181030273,2
seg+pos+rms,"(1.5, 20.0, 0.7, 0.6)",0.22288154810667038,0.006265759468078613,0.018335938453674316,2
seg+pos+rms,"(1.5, 20.0, 0.7, 0.6)",0.1909061148762703,0.005881249904632568,0.061575889587402344,2
seg+pos+rms,"(1.5, 20.0, 0.7, 0.6)",0.20465467870235443,0.0153656005859375,0.08522164821624756,2
seg+pos+rms,"(1.5, 20.0, 0.7, 0.6)",0.22541477531194687,0.018051862716674805,0.05488169193267822,2
seg+pos+rms,"(1.5, 20.0, 0.7, 0.6)",0.19101828336715698,0.01677602529525757,0.02672553062438965,2
seg+pos+rms,"(1.5, 20.0, 0.7, 0.6)",0.2288638949394226,0.012352228164672852,0.05232954025268555,2
seg+pos+rms,"(1.5, 20.0, 0.7, 0.6)",0.19053980708122253,0.0069806575775146484,0.028552770614624023,2
seg+pos+rms,"(1.5, 20.0, 0.7, 0.6)",0.2291097566485405,0.011448979377746582,0.031661391258239746,2
seg+pos+rms,"(1.5, 20.0, 0.7, 0.6)",0.23085122555494308,0.023051023483276367,0.033143043518066406,2
seg+pos+rms,"(1.5, 20.0, 0.7, 0.6)",0.1895001381635666,0.007868170738220215,0.01764214038848877,2
seg+pos+rms,"(1.5, 20.0, 0.7, 0.6)",0.22610758990049362,0.013584375381469727,0.05804562568664551,2
seg+pos+rms,"(1.5, 20.0, 0.7, 0.6)",0.2114361822605133,0.01270139217376709,0.03778254985809326,2
seg+pos+rms,"(1.5, 20.0, 0.7, 0.6)",0.20738648623228073,0.008710086345672607,0.015138745307922363,2
seg+pos+rms,"(1.5, 20.0, 0.7, 0.6)",0.19996928423643112,0.02311462163925171,0.027805089950561523,2
seg+pos+rms,"(1.5, 20.0, 0.7, -0.3)",0.20753483474254608,0.012089371681213379,0.0032837390899658203,2
seg+pos+rms,"(1.5, 20.0, 0.7, -0.3)",0.18288421630859375,0.010537683963775635,0.038771629333496094,2
seg+pos+rms,"(1.5, 20.0, 0.7, -0.3)",0.23038338869810104,0.0135001540184021,0.0010001659393310547,2
seg+pos+rms,"(1.5, 20.0, 0.7, -0.3)",0.21093598008155823,0.006469368934631348,0.027074813842773438,2
seg+pos+rms,"(1.5, 20.0, 0.7, -0.3)",0.19856666773557663,0.02018904685974121,0.019078731536865234,2
seg+pos+rms,"(1.5, 20.0, 0.7, -0.3)",0.1920957937836647,0.012743949890136719,0.019454479217529297,2
seg+pos+rms,"(1.5, 20.0, 0.7, -0.3)",0.20912083238363266,0.0053691864013671875,0.0027298927307128906,2
seg+pos+rms,"(1.5, 20.0, 0.7, -0.3)",0.20008482038974762,0.022197723388671875,0.010345220565795898,2
seg+pos+rms,"(1.5, 20.0, 0.7, -0.3)",0.18784019351005554,0.00784212350845337,0.012125730514526367,2
seg+pos+rms,"(1.5, 20.0, 0.7, -0.3)",0.22231429815292358,0.018608570098876953,0.03490638732910156,2
seg+pos+rms,"(1.5, 20.0, 0.7, -0.3)",0.22162684053182602,0.021242737770080566,0.02361774444580078,2
seg+pos+rms,"(1.5, 20.0, 0.7, -0.3)",0.18691559880971909,0.01060032844543457,0.019840240478515625,2
seg+pos+rms,"(1.5, 20.0, 0.7, -0.3)",0.18739965558052063,0.00678253173828125,0.005689144134521484,2
seg+pos+rms,"(1.5, 20.0, 0.7, -0.3)",0.23577199131250381,0.006422519683837891,0.0010101795196533203,2
seg+pos+rms,"(1.5, 20.0, 0.7, -0.3)",0.18798881024122238,0.019254088401794434,0.020823001861572266,2
seg+pos+rms,"(3.0, 8.0, 0.3, 0.0)",0.35605353116989136,0.019722819328308105,0.03277254104614258,2
seg+pos+rms,"(3.0, 8.0, 0.3, 0.0)",0.36514313519001007,0.025906920433044434,0.0377655029296875,2
seg+pos+rms,"(3.0, 8.0, 0.3, 0.0)",0.3144053667783737,0.016819477081298828,0.011980056762695312,2
seg+pos+rms,"(3.0, 8.0, 0.3, 0.0)",0.345866322517395,0.017511367797851562,0.030200958251953125,2
seg+pos+rms,"(3.0, 8.0, 0.3, 0.0)",0.3339381664991379,0.018100976943969727,0.034261226654052734,2
seg+pos+rms,"(3.0, 8.0, 0.3, 0.0)",0.3073381632566452,0.027296781539916992,0.03838968276977539,2
seg+pos+rms,"(3.0, 8.0, 0.3, 0.0)",0.31302468478679657,0.022637367248535156,0.06243300437927246,2
seg+pos+rms,"(3.0, 8.0, 0.3, 0.0)",0.36158305406570435,0.019781827926635742,0.018701553344726562,2
seg+pos+rms,"(3.0, 8.0, 0.3, 0.0)",0.33585305511951447,0.01909041404724121,0.0138702392578125,2
seg+pos+rms,"(3.0, 8.0, 0.3, 0.0)",0.31492622196674347,0.02208709716796875,0.027399063110351562,2
seg+pos+rms,"(3.0, 8.0, 0.3, 0.0)",0.3152848035097122,0.03517425060272217,0.0541234016418457,2
seg+pos+rms,"(3.0, 8.0, 0.3, 0.0)",0.3071820139884949,0.030889034271240234,0.04070329666137695,2
seg+pos+rms,"(3.0, 8.0, 0.3, 0.0)",0.3250906616449356,0.027087926864624023,0.037804603576660156,2
seg+pos+rms,"(3.0, 8.0, 0.3, 0.0)",0.32791368663311005,0.017099618911743164,0.03452634811401367,2
seg+pos+rms,"(3.0, 8.0, 0.3, 0.0)",0.3205679953098297,0.019951820373535156,0.004134178161621094,2
seg+pos+rms,"(3.0, 8.0, 0.3, 0.3)",0.3339426815509796,0.011104345321655273,0.005562782287597656,2
seg+pos+rms,"(3.0, 8.0, 0.3, 0.3)",0.30988605320453644,0.007358431816101074,0.04335784912109375,2
seg+pos+rms,"(3.0, 8.0, 0.3, 0.3)",0.3114311695098877,0.01109170913696289,0.003245830535888672,2
seg+pos+rms,"(3.0, 8.0, 0.3, 0.3)",0.33995944261550903,0.015581965446472168,0.032174110412597656,2
seg+pos+rms,"(3.0, 8.0, 0.3, 0.3)",0.3726498484611511,0.02273857593536377,0.019333600997924805,2
seg+pos+rms,"(3.0, 8.0, 0.3, 0.3)",0.3549102246761322,0.028849005699157715,0.08667802810668945,2
seg+pos+rms,"(3.0, 8.0, 0.3, 0.3)",0.31243592500686646,0.019467473030090332,0.03551435470581055,2
seg+pos+rms,"(3.0, 8.0, 0.3, 0.3)",0.3003464639186859,0.016557931900024414,0.028375625610351562,2
seg+pos+rms,"(3.0, 8.0, 0.3, 0.3)",0.32871589064598083,0.0221177339553833,0.01520848274230957,2
seg+pos+rms,"(3.0, 8.0, 0.3, 0.3)",0.3603123128414154,0.022274255752563477,0.051161766052246094,2
seg+pos+rms,"(3.0, 8.0, 0.3, 0.3)",0.3070789873600006,0.023664236068725586,0.020446300506591797,2
seg+pos+rms,"(3.0, 8.0, 0.3, 0.3)",0.3744054138660431,0.034577369689941406,0.03294873237609863,2
seg+pos+rms,"(3.0, 8.0, 0.3, 0.3)",0.330685093998909,0.034174561500549316,0.05940842628479004,2
seg+pos+rms,"(3.0, 8.0, 0.3, 0.3)",0.3113742768764496,0.03625226020812988,0.025122404098510742,2
seg+pos+rms,"(3.0, 8.0, 0.3, 0.3)",0.3190307766199112,0.03527474403381348,0.060715675354003906,2
seg+pos+rms,"(3.0, 8.0, 0.3, 0.6)",0.33451396226882935,0.013292074203491211,0.07323980331420898,2
seg+pos+rms,"(3.0, 8.0, 0.3, 0.6)",0.3169167935848236,0.028389692306518555,0.0465846061706543,2
seg+pos+rms,"(3.0, 8.0, 0.3, 0.6)",0.35876625776290894,0.0098496675491333,0.05674409866333008,2
seg+pos+rms,"(3.0, 8.0, 0.3, 0.6)",0.30651257932186127,0.014211654663085938,0.038486480712890625,2
seg+pos+rms,"(3.0, 8.0, 0.3, 0.6)",0.3186074197292328,0.005110621452331543,0.005185842514038086,2
seg+pos+rms,"(3.0, 8.0, 0.3, 0.6)",0.3565426617860794,0.021321535110473633,0.018101215362548828,2
seg+pos+rms,"(3.0, 8.0, 0.3, 0.6)",0.3390808254480362,0.018045663833618164,0.0258181095123291,2
seg+pos+rms,"(3.0, 8.0, 0.3, 0.6)",0.3471153676509857,0.015652179718017578,0.056112051010131836,2
seg+pos+rms,"(3.0, 8.0, 0.3, 0.6)",0.3046795427799225,0.015871524810791016,0.023985624313354492,2
seg+pos+rms,"(3.0, 8.0, 0.3, 0.6)",0.3227421045303345,0.02211439609527588,0.061065673828125,2
seg+pos+rms,"(3.0, 8.0, 0.3, 0.6)",0.31978635489940643,0.03170943260192871,0.04897165298461914,2
seg+pos+rms,"(3.0, 8.0, 0.3, 0.6)",0.3295630067586899,0.02349543571472168,0.04703021049499512,2
seg+pos+rms,"(3.0, 8.0, 0.3, 0.6)",0.32184362411499023,0.038181424140930176,0.08923459053039551,2
seg+pos+rms,"(3.0, 8.0, 0.3, 0.6)",0.3200222849845886,0.014971375465393066,0.07293462753295898,2
seg+pos+rms,"(3.0, 8.0, 0.3, 0.6)",0.3706642985343933,0.045503854751586914,0.06072044372558594,2
seg+pos+rms,"(3.0, 8.0, 0.3, -0.3)",0.3376848101615906,0.015841245651245117,0.01187896728515625,2
seg+pos+rms,"(3.0, 8.0, 0.3, -0.3)",0.3565378785133362,0.038983941078186035,0.06296586990356445,2
seg+pos+rms,"(3.0, 8.0, 0.3, -0.3)",0.35140126943588257,0.02439415454864502,0.0541229248046875,2
seg+pos+rms,"(3.0, 8.0, 0.3, -0.3)",0.3566264659166336,0.02037966251373291,0.01269674301147461,2
seg+pos+rms,"(3.0, 8.0, 0.3, -0.3)",0.340697318315506,0.015771865844726562,0.030118465423583984,2
seg+pos+rms,"(3.0, 8.0, 0.3, -0.3)",0.3312501311302185,0.028377771377563477,0.024555683135986328,2
seg+pos+rms,"(3.0, 8.0, 0.3, -0.3)",0.3427431881427765,0.00837254524230957,0.011231422424316406,2
seg+pos+rms,"(3.0, 8.0, 0.3, -0.3)",0.3190472275018692,0.011316061019897461,0.033544063568115234,2
seg+pos+rms,"(3.0, 8.0, 0.3, -0.3)",0.3176535665988922,0.01560056209564209,0.005641460418701172,2
seg+pos+rms,"(3.0, 8.0, 0.3, -0.3)",0.3649643808603287,0.03894507884979248,0.016608715057373047,2
seg+pos+rms,"(3.0, 8.0, 0.3, -0.3)",0.31108562648296356,0.013565301895141602,0.01566934585571289,2
seg+pos+rms,"(3.0, 8.0, 0.3, -0.3)",0.3790413737297058,0.0061304569244384766,0.03374624252319336,2
seg+pos+rms,"(3.0, 8.0, 0.3, -0.3)",0.3115062266588211,0.014745950698852539,0.0023832321166992188,2
seg+pos+rms,"(3.0, 8.0, 0.3, -0.3)",0.3685426712036133,0.02610945701599121,0.04637289047241211,2
seg+pos+rms,"(3.0, 8.0, 0.3, -0.3)",0.3243933767080307,0.021739482879638672,0.053990840911865234,2
seg+pos+rms,"(3.0, 8.0, 0.7, 0.0)",0.2453157603740692,0.011737585067749023,0.0028924942016601562,2
seg+pos+rms,"(3.0, 8.0, 0.7, 0.0)",0.2436620593070984,0.017986297607421875,0.026254653930664062,2
seg+pos+rms,"(3.0, 8.0, 0.7, 0.0)",0.27897775173187256,0.012865900993347168,0.0010461807250976562,2
seg+pos+rms,"(3.0, 8.0, 0.7, 0.0)",0.26504258811473846,0.0291440486907959,0.06700658798217773,2
seg+pos+rms,"(3.0, 8.0, 0.7, 0.0)",0.23612361401319504,0.006133437156677246,0.0032105445861816406,2
seg+pos+rms,"(3.0, 8.0, 0.7, 0.0)",0.24118846654891968,0.01776564121246338,0.015146732330322266,2
seg+pos+rms,"(3.0, 8.0, 0.7, 0.0)",0.2479507476091385,0.006196379661560059,0.007580280303955078,2
seg+pos+rms,"(3.0, 8.0, 0.7, 0.0)",0.2413649559020996,0.010776877403259277,0.04291486740112305,2
seg+pos+rms,"(3.0, 8.0, 0.7, 0.0)",0.24618573486804962,0.014525294303894043,0.024075984954833984,2
seg+pos+rms,"(3.0, 8.0, 0.7, 0.0)",0.2746885418891907,0.012677431106567383,0.016508102416992188,2
seg+pos+rms,"(3.0, 8.0, 0.7, 0.0)",0.2775301933288574,0.005241870880126953,0.023372650146484375,2
seg+pos+rms,"(3.0, 8.0, 0.7, 0.0)",0.24951358884572983,0.004422664642333984,0.013744831085205078,2
seg+pos+rms,"(3.0, 8.0, 0.7, 0.0)",0.26056672632694244,0.014350414276123047,0.01273965835571289,2
seg+pos+rms,"(3.0, 8.0, 0.7, 0.0)",0.24817418307065964,0.004123210906982422,0.0011816024780273438,2
seg+pos+rms,"(3.0, 8.0, 0.7, 0.0)",0.25858815014362335,0.007413506507873535,0.021306991577148438,2
seg+pos+rms,"(3.0, 8.0, 0.7, 0.3)",0.23475659638643265,0.010876774787902832,0.00470280647277832,2
seg+pos+rms,"(3.0, 8.0, 0.7, 0.3)",0.2780696898698807,0.01897561550140381,0.021291494369506836,2
seg+pos+rms,"(3.0, 8.0, 0.7, 0.3)",0.23408303409814835,0.017745614051818848,0.042387962341308594,2
seg+pos+rms,"(3.0, 8.0, 0.7, 0.3)",0.24293743073940277,0.01848125457763672,0.015181541442871094,2
seg+pos+rms,"(3.0, 8.0, 0.7, 0.3)",0.28112412989139557,0.008182048797607422,0.021328449249267578,2
seg+pos+rms,"(3.0, 8.0, 0.7, 0.3)",0.2517940551042557,0.014711856842041016,0.029771804809570312,2
seg+pos+rms,"(3.0, 8.0, 0.7, 0.3)",0.2749806344509125,0.0027567148208618164,0.0037157535552978516,2
seg+pos+rms,"(3.0, 8.0, 0.7, 0.3)",0.2545360028743744,0.01786220073699951,0.020887374877929688,2
seg+pos+rms,"(3.0, 8.0, 0.7, 0.3)",0.28169068694114685,0.019509553909301758,0.01915121078491211,2
seg+pos+rms,"(3.0, 8.0, 0.7, 0.3)",0.230972059071064,0.016535043716430664,0.04294753074645996,2
seg+pos+rms,"(3.0, 8.0, 0.7, 0.3)",0.2349076047539711,0.01516568660736084,0.026151418685913086,2
seg+pos+rms,"(3.0, 8.0, 0.7, 0.3)",0.245794840157032,0.01576840877532959,0.02350449562072754,2
seg+pos+rms,"(3.0, 8.0, 0.7, 0.3)",0.2732439488172531,0.004718780517578125,0.0011796951293945312,2
seg+pos+rms,"(3.0, 8.0, 0.7, 0.3)",0.25960759818553925,0.004359006881713867,0.0037260055541992188,2
seg+pos+rms,"(3.0, 8.0, 0.7, 0.3)",0.24986449629068375,0.002391815185546875,0.001973867416381836,2
seg+pos+rms,"(3.0, 8.0, 0.7, 0.6)",0.25370365381240845,0.010397553443908691,0.018715381622314453,2
seg+pos+rms,"(3.0, 8.0, 0.7, 0.6)",0.2443457394838333,0.010267138481140137,0.016453027725219727,2
seg+pos+rms,"(3.0, 8.0, 0.7, 0.6)",0.2588769942522049,0.010056853294372559,0.013655424118041992,2
seg+pos+rms,"(3.0, 8.0, 0.7, 0.6)",0.2363268882036209,0.0007897615432739258,0.0275113582611084,2
seg+pos+rms,"(3.0, 8.0, 0.7, 0.6)",0.2436589151620865,0.012323141098022461,0.0190885066986084,2
seg+pos+rms,"(3.0, 8.0, 0.7, 0.6)",0.2575222849845886,0.013666987419128418,0.018683910369873047,2
seg+pos+rms,"(3.0, 8.0, 0.7, 0.6)",0.2428831234574318,0.013837933540344238,0.025003671646118164,2
seg+pos+rms,"(3.0, 8.0, 0.7, 0.6)",0.2841699570417404,0.024383544921875,0.03989386558532715,2
seg+pos+rms,"(3.0, 8.0, 0.7, 0.6)",0.2784847915172577,0.009842753410339355,0.02726459503173828,2
seg+pos+rms,"(3.0, 8.0, 0.7, 0.6)",0.2547241896390915,0.006197333335876465,0.03447532653808594,2
seg+pos+rms,"(3.0, 8.0, 0.7, 0.6)",0.2791592478752136,0.02124309539794922,0.008278608322143555,2
seg+pos+rms,"(3.0, 8.0, 0.7, 0.6)",0.2507491409778595,0.0032889842987060547,0.053082942962646484,2
seg+pos+rms,"(3.0, 8.0, 0.7, 0.6)",0.2761329412460327,0.02411675453186035,0.04143714904785156,2
seg+pos+rms,"(3.0, 8.0, 0.7, 0.6)",0.2750750184059143,0.01585853099822998,0.03421425819396973,2
seg+pos+rms,"(3.0, 8.0, 0.7, 0.6)",0.23616810142993927,0.00866997241973877,0.010315418243408203,2
seg+pos+rms,"(3.0, 8.0, 0.7, -0.3)",0.2604556530714035,0.018919944763183594,0.02841949462890625,2
seg+pos+rms,"(3.0, 8.0, 0.7, -0.3)",0.2249348908662796,0.006632804870605469,0.0006165504455566406,2
seg+pos+rms,"(3.0, 8.0, 0.7, -0.3)",0.2483367845416069,0.022365570068359375,0.024393558502197266,2
seg+pos+rms,"(3.0, 8.0, 0.7, -0.3)",0.27564406394958496,0.009222030639648438,0.011857032775878906,2
seg+pos+rms,"(3.0, 8.0, 0.7, -0.3)",0.2858005315065384,0.02719259262084961,0.04181528091430664,2
seg+pos+rms,"(3.0, 8.0, 0.7, -0.3)",0.23469967395067215,0.005382895469665527,0.012188911437988281,2
seg+pos+rms,"(3.0, 8.0, 0.7, -0.3)",0.2654859721660614,0.028446316719055176,0.0617671012878418,2
seg+pos+rms,"(3.0, 8.0, 0.7, -0.3)",0.2342211976647377,0.010607361793518066,0.009310245513916016,2
seg+pos+rms,"(3.0, 8.0, 0.7, -0.3)",0.258882611989975,0.0061026811599731445,0.014979362487792969,2
seg+pos+rms,"(3.0, 8.0, 0.7, -0.3)",0.2439897283911705,0.008252501487731934,0.009531497955322266,2
seg+pos+rms,"(3.0, 8.0, 0.7, -0.3)",0.28689634799957275,0.010133147239685059,0.0203399658203125,2
seg+pos+rms,"(3.0, 8.0, 0.7, -0.3)",0.24414201825857162,0.0013394355773925781,0.009129524230957031,2
seg+pos+rms,"(3.0, 8.0, 0.7, -0.3)",0.23553866147994995,0.011655807495117188,0.032145023345947266,2
seg+pos+rms,"(3.0, 8.0, 0.7, -0.3)",0.24854552745819092,0.021979451179504395,0.015157699584960938,2
seg+pos+rms,"(3.0, 8.0, 0.7, -0.3)",0.27583637833595276,0.016938090324401855,0.034334659576416016,2
seg+pos+rms,"(3.0, 20.0, 0.3, 0.0)",0.28319427371025085,0.021624088287353516,0.009689569473266602,2
seg+pos+rms,"(3.0, 20.0, 0.3, 0.0)",0.3305101841688156,0.02126765251159668,0.01658487319946289,2
seg+pos+rms,"(3.0, 20.0, 0.3, 0.0)",0.28862157464027405,0.007735729217529297,0.017269611358642578,2
seg+pos+rms,"(3.0, 20.0, 0.3, 0.0)",0.3363821357488632,0.012341022491455078,0.01360464096069336,2
seg+pos+rms,"(3.0, 20.0, 0.3, 0.0)",0.31645631790161133,0.011586189270019531,0.007426261901855469,2
seg+pos+rms,"(3.0, 20.0, 0.3, 0.0)",0.2978513538837433,0.013278841972351074,0.004251956939697266,2
seg+pos+rms,"(3.0, 20.0, 0.3, 0.0)",0.28131547570228577,0.00883495807647705,0.03261208534240723,2
seg+pos+rms,"(3.0, 20.0, 0.3, 0.0)",0.3339310884475708,0.01744997501373291,0.03488492965698242,2
seg+pos+rms,"(3.0, 20.0, 0.3, 0.0)",0.3383197784423828,0.014351606369018555,0.011100292205810547,2
seg+pos+rms,"(3.0, 20.0, 0.3, 0.0)",0.299167662858963,0.011548161506652832,0.0027375221252441406,2
seg+pos+rms,"(3.0, 20.0, 0.3, 0.0)",0.28011296689510345,0.010990262031555176,0.020805835723876953,2
seg+pos+rms,"(3.0, 20.0, 0.3, 0.0)",0.28654715418815613,0.03018367290496826,0.028018951416015625,2
seg+pos+rms,"(3.0, 20.0, 0.3, 0.0)",0.3340049088001251,0.01769852638244629,0.013634443283081055,2
seg+pos+rms,"(3.0, 20.0, 0.3, 0.0)",0.32850392162799835,0.004886746406555176,0.021162986755371094,2
seg+pos+rms,"(3.0, 20.0, 0.3, 0.0)",0.32399237155914307,0.018578410148620605,0.02633380889892578,2
seg+pos+rms,"(3.0, 20.0, 0.3, 0.3)",0.3167071044445038,0.012565016746520996,0.00872182846069336,2
seg+pos+rms,"(3.0, 20.0, 0.3, 0.3)",0.3095504343509674,0.004158735275268555,0.03234720230102539,2
seg+pos+rms,"(3.0, 20.0, 0.3, 0.3)",0.30494406819343567,0.0077266693115234375,0.014993429183959961,2
seg+pos+rms,"(3.0, 20.0, 0.3, 0.3)",0.2991415858268738,0.0019327402114868164,0.0027587413787841797,2
seg+pos+rms,"(3.0, 20.0, 0.3, 0.3)",0.2941830903291702,0.001669168472290039,0.00738978385925293,2
seg+pos+rms,"(3.0, 20.0, 0.3, 0.3)",0.3069196790456772,0.01655280590057373,0.0263824462890625,2
seg+pos+rms,"(3.0, 20.0, 0.3, 0.3)",0.3109763413667679,0.015147089958190918,0.06452274322509766,2
seg+pos+rms,"(3.0, 20.0, 0.3, 0.3)",0.3091439753770828,0.009867429733276367,0.009733200073242188,2
seg+pos+rms,"(3.0, 20.0, 0.3, 0.3)",0.29441532492637634,0.00838470458984375,0.006829023361206055,2
seg+pos+rms,"(3.0, 20.0, 0.3, 0.3)",0.3288673162460327,0.00284421443939209,0.008660554885864258,2
seg+pos+rms,"(3.0, 20.0, 0.3, 0.3)",0.28192277252674103,0.008195638656616211,0.025490760803222656,2
seg+pos+rms,"(3.0, 20.0, 0.3, 0.3)",0.3058772385120392,0.009335756301879883,0.022496938705444336,2
seg+pos+rms,"(3.0, 20.0, 0.3, 0.3)",0.2770863175392151,0.01651298999786377,0.009318113327026367,2
seg+pos+rms,"(3.0, 20.0, 0.3, 0.3)",0.29326969385147095,0.005068182945251465,0.006676435470581055,2
seg+pos+rms,"(3.0, 20.0, 0.3, 0.3)",0.3219178020954132,0.011119961738586426,0.007193565368652344,2
seg+pos+rms,"(3.0, 20.0, 0.3, 0.6)",0.2911178469657898,0.011731624603271484,0.03245854377746582,2
seg+pos+rms,"(3.0, 20.0, 0.3, 0.6)",0.30495181679725647,0.0027652978897094727,0.0015327930450439453,2
seg+pos+rms,"(3.0, 20.0, 0.3, 0.6)",0.33102792501449585,0.008126139640808105,0.02979302406311035,2
seg+pos+rms,"(3.0, 20.0, 0.3, 0.6)",0.33993248641490936,0.012912869453430176,0.0062639713287353516,2
seg+pos+rms,"(3.0, 20.0, 0.3, 0.6)",0.29409077763557434,0.011620640754699707,0.015748023986816406,2
seg+pos+rms,"(3.0, 20.0, 0.3, 0.6)",0.331198126077652,0.019013285636901855,0.03902316093444824,2
seg+pos+rms,"(3.0, 20.0, 0.3, 0.6)",0.27320024371147156,0.009503006935119629,0.047895193099975586,2
seg+pos+rms,"(3.0, 20.0, 0.3, 0.6)",0.2718607187271118,0.011127471923828125,0.020238161087036133,2
seg+pos+rms,"(3.0, 20.0, 0.3, 0.6)",0.2983192354440689,0.004671573638916016,0.01622796058654785,2
seg+pos+rms,"(3.0, 20.0, 0.3, 0.6)",0.2729395776987076,0.011353015899658203,0.04021000862121582,2
seg+pos+rms,"(3.0, 20.0, 0.3, 0.6)",0.3044288754463196,0.011865377426147461,0.03459739685058594,2
seg+pos+rms,"(3.0, 20.0, 0.3, 0.6)",0.28551143407821655,0.013236284255981445,0.04522824287414551,2
seg+pos+rms,"(3.0, 20.0, 0.3, 0.6)",0.30100537836551666,0.01368701457977295,0.03914594650268555,2
seg+pos+rms,"(3.0, 20.0, 0.3, 0.6)",0.2775439918041229,0.02959287166595459,0.026502132415771484,2
seg+pos+rms,"(3.0, 20.0, 0.3, 0.6)",0.3049824982881546,0.012922883033752441,0.03589153289794922,2
seg+pos+rms,"(3.0, 20.0, 0.3, -0.3)",0.2853804677724838,0.003119945526123047,0.006887912750244141,2
seg+pos+rms,"(3.0, 20.0, 0.3, -0.3)",0.29884278774261475,0.020238280296325684,0.02332925796508789,2
seg+pos+rms,"(3.0, 20.0, 0.3, -0.3)",0.28065964579582214,0.005120754241943359,0.008445262908935547,2
seg+pos+rms,"(3.0, 20.0, 0.3, -0.3)",0.30129826068878174,0.004205107688903809,0.008791923522949219,2
seg+pos+rms,"(3.0, 20.0, 0.3, -0.3)",0.2777543216943741,0.00674748420715332,0.0032205581665039062,2
seg+pos+rms,"(3.0, 20.0, 0.3, -0.3)",0.32423537969589233,0.01697564125061035,0.029090404510498047,2
seg+pos+rms,"(3.0, 20.0, 0.3, -0.3)",0.2793811112642288,0.00121307373046875,0.01469278335571289,2
seg+pos+rms,"(3.0, 20.0, 0.3, -0.3)",0.2943341135978699,0.01580798625946045,0.00951528549194336,2
seg+pos+rms,"(3.0, 20.0, 0.3, -0.3)",0.289848729968071,0.011049866676330566,0.01691436767578125,2
seg+pos+rms,"(3.0, 20.0, 0.3, -0.3)",0.3089548945426941,0.02632772922515869,0.0024161338806152344,2
seg+pos+rms,"(3.0, 20.0, 0.3, -0.3)",0.2886931300163269,0.013163566589355469,0.008833885192871094,2
seg+pos+rms,"(3.0, 20.0, 0.3, -0.3)",0.2784866839647293,0.009195804595947266,0.0205841064453125,2
seg+pos+rms,"(3.0, 20.0, 0.3, -0.3)",0.3060257136821747,0.009435176849365234,0.0029630661010742188,2
seg+pos+rms,"(3.0, 20.0, 0.3, -0.3)",0.27184824645519257,0.006649494171142578,0.01748800277709961,2
seg+pos+rms,"(3.0, 20.0, 0.3, -0.3)",0.29347024857997894,0.019179463386535645,0.017922401428222656,2
seg+pos+rms,"(3.0, 20.0, 0.7, 0.0)",0.20162173360586166,0.010975241661071777,0.006245613098144531,2
seg+pos+rms,"(3.0, 20.0, 0.7, 0.0)",0.2032063752412796,0.005516529083251953,0.025517940521240234,2
seg+pos+rms,"(3.0, 20.0, 0.7, 0.0)",0.203163281083107,0.0037723779678344727,0.010342597961425781,2
seg+pos+rms,"(3.0, 20.0, 0.7, 0.0)",0.2138373702764511,0.006964564323425293,0.0064334869384765625,2
seg+pos+rms,"(3.0, 20.0, 0.7, 0.0)",0.1969265341758728,0.008555412292480469,0.032833099365234375,2
seg+pos+rms,"(3.0, 20.0, 0.7, 0.0)",0.19190699607133865,0.003968000411987305,0.007311820983886719,2
seg+pos+rms,"(3.0, 20.0, 0.7, 0.0)",0.20080877840518951,0.013059496879577637,0.010049819946289062,2
seg+pos+rms,"(3.0, 20.0, 0.7, 0.0)",0.2121671959757805,0.021412253379821777,0.039409637451171875,2
seg+pos+rms,"(3.0, 20.0, 0.7, 0.0)",0.212117001414299,0.009560704231262207,0.05254936218261719,2
seg+pos+rms,"(3.0, 20.0, 0.7, 0.0)",0.2033246085047722,0.011897921562194824,0.0012848377227783203,2
seg+pos+rms,"(3.0, 20.0, 0.7, 0.0)",0.2219865918159485,0.004285216331481934,0.02141714096069336,2
seg+pos+rms,"(3.0, 20.0, 0.7, 0.0)",0.2503009960055351,0.010451197624206543,0.020520687103271484,2
seg+pos+rms,"(3.0, 20.0, 0.7, 0.0)",0.21232203394174576,0.023601055145263672,0.013596057891845703,2
seg+pos+rms,"(3.0, 20.0, 0.7, 0.0)",0.2480040043592453,0.023990631103515625,0.051793575286865234,2
seg+pos+rms,"(3.0, 20.0, 0.7, 0.0)",0.19765514880418777,0.017657995223999023,0.016029834747314453,2
seg+pos+rms,"(3.0, 20.0, 0.7, 0.3)",0.2210291475057602,0.019890904426574707,0.016149520874023438,2
seg+pos+rms,"(3.0, 20.0, 0.7, 0.3)",0.19834867119789124,0.007758378982543945,0.018418550491333008,2
seg+pos+rms,"(3.0, 20.0, 0.7, 0.3)",0.21983030438423157,0.0018523931503295898,0.00559544563293457,2
seg+pos+rms,"(3.0, 20.0, 0.7, 0.3)",0.20189056545495987,0.015961766242980957,0.0017871856689453125,2
seg+pos+rms,"(3.0, 20.0, 0.7, 0.3)",0.22252050042152405,0.010096311569213867,0.0033392906188964844,2
seg+pos+rms,"(3.0, 20.0, 0.7, 0.3)",0.22108959406614304,0.005936026573181152,0.017073631286621094,2
seg+pos+rms,"(3.0, 20.0, 0.7, 0.3)",0.211648590862751,0.011324405670166016,0.038474082946777344,2
seg+pos+rms,"(3.0, 20.0, 0.7, 0.3)",0.2061236947774887,0.012489795684814453,0.018701553344726562,2
seg+pos+rms,"(3.0, 20.0, 0.7, 0.3)",0.2225043624639511,0.004407763481140137,0.0038597583770751953,2
seg+pos+rms,"(3.0, 20.0, 0.7, 0.3)",0.22965458780527115,0.011643171310424805,0.03564047813415527,2
seg+pos+rms,"(3.0, 20.0, 0.7, 0.3)",0.24917268007993698,0.013297677040100098,0.0032448768615722656,2
seg+pos+rms,"(3.0, 20.0, 0.7, 0.3)",0.20937060564756393,0.019260168075561523,0.04100227355957031,2
seg+pos+rms,"(3.0, 20.0, 0.7, 0.3)",0.21382226049900055,0.00515592098236084,0.029450178146362305,2
seg+pos+rms,"(3.0, 20.0, 0.7, 0.3)",0.21381507813930511,0.010945677757263184,0.016193866729736328,2
seg+pos+rms,"(3.0, 20.0, 0.7, 0.3)",0.208616241812706,0.03101634979248047,0.010766744613647461,2
seg+pos+rms,"(3.0, 20.0, 0.7, 0.6)",0.25245732069015503,0.005251765251159668,0.00694727897644043,2
seg+pos+rms,"(3.0, 20.0, 0.7, 0.6)",0.21319063007831573,0.013563275337219238,0.008936882019042969,2
seg+pos+rms,"(3.0, 20.0, 0.7, 0.6)",0.23776443302631378,0.015074968338012695,0.010287761688232422,2
seg+pos+rms,"(3.0, 20.0, 0.7, 0.6)",0.19603832811117172,0.01645052433013916,0.009901046752929688,2
seg+pos+rms,"(3.0, 20.0, 0.7, 0.6)",0.21560465544462204,0.003198862075805664,0.013722419738769531,2
seg+pos+rms,"(3.0, 20.0, 0.7, 0.6)",0.21449008584022522,0.017922163009643555,0.03023552894592285,2
seg+pos+rms,"(3.0, 20.0, 0.7, 0.6)",0.20976776629686356,0.007021784782409668,0.039937734603881836,2
seg+pos+rms,"(3.0, 20.0, 0.7, 0.6)",0.20105499029159546,0.0244673490524292,0.02744913101196289,2
seg+pos+rms,"(3.0, 20.0, 0.7, 0.6)",0.25058870017528534,0.01852262020111084,0.0025148391723632812,2
seg+pos+rms,"(3.0, 20.0, 0.7, 0.6)",0.24610504508018494,0.015967965126037598,0.028972864151000977,2
seg+pos+rms,"(3.0, 20.0, 0.7, 0.6)",0.24086154252290726,0.012206673622131348,0.06106305122375488,2
seg+pos+rms,"(3.0, 20.0, 0.7, 0.6)",0.22087833285331726,0.013317465782165527,0.003919124603271484,2
seg+pos+rms,"(3.0, 20.0, 0.7, 0.6)",0.1982082724571228,0.01624143123626709,0.02024674415588379,2
seg+pos+rms,"(3.0, 20.0, 0.7, 0.6)",0.22612842172384262,0.008841156959533691,0.02070760726928711,2
seg+pos+rms,"(3.0, 20.0, 0.7, 0.6)",0.2270270511507988,0.025929808616638184,0.04443788528442383,2
seg+pos+rms,"(3.0, 20.0, 0.7, -0.3)",0.20396427810192108,0.006487488746643066,0.022021770477294922,2
seg+pos+rms,"(3.0, 20.0, 0.7, -0.3)",0.22557029128074646,0.005421876907348633,0.022189617156982422,2
seg+pos+rms,"(3.0, 20.0, 0.7, -0.3)",0.2530573606491089,0.0023103952407836914,0.0029282569885253906,2
seg+pos+rms,"(3.0, 20.0, 0.7, -0.3)",0.198097363114357,0.008569717407226562,0.029351234436035156,2
seg+pos+rms,"(3.0, 20.0, 0.7, -0.3)",0.2191867008805275,0.008122086524963379,0.012413978576660156,2
seg+pos+rms,"(3.0, 20.0, 0.7, -0.3)",0.24813316017389297,0.025652408599853516,0.04124784469604492,2
seg+pos+rms,"(3.0, 20.0, 0.7, -0.3)",0.20464782416820526,0.001355290412902832,0.017733097076416016,2
seg+pos+rms,"(3.0, 20.0, 0.7, -0.3)",0.21382011473178864,0.01469123363494873,0.023421764373779297,2
seg+pos+rms,"(3.0, 20.0, 0.7, -0.3)",0.22865024209022522,0.008516550064086914,0.010594844818115234,2
seg+pos+rms,"(3.0, 20.0, 0.7, -0.3)",0.19593534618616104,0.0074732303619384766,0.006088733673095703,2
seg+pos+rms,"(3.0, 20.0, 0.7, -0.3)",0.23806799948215485,0.02523505687713623,0.008519172668457031,2
seg+pos+rms,"(3.0, 20.0, 0.7, -0.3)",0.22687311470508575,0.012792348861694336,0.00022172927856445312,2
seg+pos+rms,"(3.0, 20.0, 0.7, -0.3)",0.1997084841132164,0.01175224781036377,0.0025701522827148438,2
seg+pos+rms,"(3.0, 20.0, 0.7, -0.3)",0.2017468810081482,0.015534400939941406,0.01515054702758789,2
seg+pos+rms,"(3.0, 20.0, 0.7, -0.3)",0.20968224853277206,0.004711747169494629,0.01461648941040039,2
seg+pos+rms+psd,"(1.5, 8.0, 0.3, 0.0)",0.25109344720840454,0.015381574630737305,0.013684988021850586,0
seg+pos+rms+psd,"(1.5, 8.0, 0.3, 0.0)",0.2851858139038086,0.018256783485412598,0.01993250846862793,0
seg+pos+rms+psd,"(1.5, 8.0, 0.3, 0.0)",0.2865616977214813,0.021925032138824463,0.037464141845703125,0
seg+pos+rms+psd,"(1.5, 8.0, 0.3, 0.0)",0.294699564576149,0.013918459415435791,0.007699728012084961,0
seg+pos+rms+psd,"(1.5, 8.0, 0.3, 0.0)",0.23929857462644577,0.032802581787109375,0.042006731033325195,0
seg+pos+rms+psd,"(1.5, 8.0, 0.3, 0.0)",0.26921316981315613,0.023724496364593506,0.04316425323486328,0
seg+pos+rms+psd,"(1.5, 8.0, 0.3, 0.0)",0.248466856777668,0.021708548069000244,0.03002309799194336,0
seg+pos+rms+psd,"(1.5, 8.0, 0.3, 0.0)",0.2778327018022537,0.0034376978874206543,0.004513978958129883,0
seg+pos+rms+psd,"(1.5, 8.0, 0.3, 0.0)",0.2901742160320282,0.017981350421905518,0.03546547889709473,0
seg+pos+rms+psd,"(1.5, 8.0, 0.3, 0.0)",0.2885163128376007,0.025128304958343506,0.03427267074584961,0
seg+pos+rms+psd,"(1.5, 8.0, 0.3, 0.0)",0.2829135060310364,0.026104986667633057,0.024815678596496582,0
seg+pos+rms+psd,"(1.5, 8.0, 0.3, 0.0)",0.233816459774971,0.014458179473876953,0.024641752243041992,0
seg+pos+rms+psd,"(1.5, 8.0, 0.3, 0.0)",0.25133495032787323,0.0013337135314941406,0.005402088165283203,0
seg+pos+rms+psd,"(1.5, 8.0, 0.3, 0.0)",0.24382836371660233,0.03292238712310791,0.059178709983825684,0
seg+pos+rms+psd,"(1.5, 8.0, 0.3, 0.0)",0.28202085196971893,0.01098722219467163,0.021245718002319336,0
seg+pos+rms+psd,"(1.5, 8.0, 0.3, 0.3)",0.2570302486419678,0.02462327480316162,0.0214768648147583,0
seg+pos+rms+psd,"(1.5, 8.0, 0.3, 0.3)",0.24107100814580917,0.015615880489349365,0.012760281562805176,0
seg+pos+rms+psd,"(1.5, 8.0, 0.3, 0.3)",0.2508620023727417,0.016337871551513672,0.022506117820739746,0
seg+pos+rms+psd,"(1.5, 8.0, 0.3, 0.3)",0.25909143686294556,0.010803520679473877,0.027535438537597656,0
seg+pos+rms+psd,"(1.5, 8.0, 0.3, 0.3)",0.25987130403518677,0.01781374216079712,0.014672040939331055,0
seg+pos+rms+psd,"(1.5, 8.0, 0.3, 0.3)",0.25315478444099426,0.02667003870010376,0.013061046600341797,0
seg+pos+rms+psd,"(1.5, 8.0, 0.3, 0.3)",0.26248449087142944,0.015921413898468018,0.004490017890930176,0
seg+pos+rms+psd,"(1.5, 8.0, 0.3, 0.3)",0.2515234649181366,0.013953566551208496,0.009874105453491211,0
seg+pos+rms+psd,"(1.5, 8.0, 0.3, 0.3)",0.2483481913805008,0.015728414058685303,0.024030685424804688,0
seg+pos+rms+psd,"(1.5, 8.0, 0.3, 0.3)",0.2589881271123886,0.005745053291320801,0.02310466766357422,0
seg+pos+rms+psd,"(1.5, 8.0, 0.3, 0.3)",0.24278926104307175,0.02350670099258423,0.022362709045410156,0
seg+pos+rms+psd,"(1.5, 8.0, 0.3, 0.3)",0.2486506998538971,0.02979379892349243,0.034644365310668945,0
seg+pos+rms+psd,"(1.5, 8.0, 0.3, 0.3)",0.26486149430274963,0.0241624116897583,0.0073049068450927734,0
seg+pos+rms+psd,"(1.5, 8.0, 0.3, 0.3)",0.24954518675804138,0.026656627655029297,0.047377943992614746,0
seg+pos+rms+psd,"(1.5, 8.0, 0.3, 0.3)",0.24067974835634232,0.01661020517349243,0.0009778738021850586,0
seg+pos+rms+psd,"(1.5, 8.0, 0.3, 0.6)",0.2534811496734619,0.024829089641571045,0.04317057132720947,0
seg+pos+rms+psd,"(1.5, 8.0, 0.3, 0.6)",0.2698672264814377,0.032732605934143066,0.011185646057128906,0
seg+pos+rms+psd,"(1.5, 8.0, 0.3, 0.6)",0.2893197238445282,0.02757173776626587,0.019582748413085938,0
seg+pos+rms+psd,"(1.5, 8.0, 0.3, 0.6)",0.2618364095687866,0.01687222719192505,0.044408440589904785,0
seg+pos+rms+psd,"(1.5, 8.0, 0.3, 0.6)",0.2589276060461998,0.02827167510986328,0.004242897033691406,0
seg+pos+rms+psd,"(1.5, 8.0, 0.3, 0.6)",0.26508814096450806,0.027364253997802734,0.013521909713745117,0
seg+pos+rms+psd,"(1.5, 8.0, 0.3, 0.6)",0.27771879732608795,0.022032856941223145,0.026570916175842285,0
seg+pos+rms+psd,"(1.5, 8.0, 0.3, 0.6)",0.26959019899368286,0.03432941436767578,0.005742669105529785,0
seg+pos+rms+psd,"(1.5, 8.0, 0.3, 0.6)",0.2484760284423828,0.012353241443634033,0.013179302215576172,0
seg+pos+rms+psd,"(1.5, 8.0, 0.3, 0.6)",0.25817425549030304,0.025829792022705078,0.01568770408630371,0
seg+pos+rms+psd,"(1.5, 8.0, 0.3, 0.6)",0.2799777686595917,0.008044719696044922,0.054754018783569336,0
seg+pos+rms+psd,"(1.5, 8.0, 0.3, 0.6)",0.26991406083106995,0.0073479413986206055,0.010046601295471191,0
seg+pos+rms+psd,"(1.5, 8.0, 0.3, 0.6)",0.24595537781715393,0.024585962295532227,0.008852124214172363,0
seg+pos+rms+psd,"(1.5, 8.0, 0.3, 0.6)",0.2755374610424042,0.0037331581115722656,0.0434798002243042,0
seg+pos+rms+psd,"(1.5, 8.0, 0.3, 0.6)",0.25292687863111496,0.028906285762786865,0.020708084106445312,0
seg+pos+rms+psd,"(1.5, 8.0, 0.3, -0.3)",0.25127143412828445,0.032557904720306396,0.050925493240356445,0
seg+pos+rms+psd,"(1.5, 8.0, 0.3, -0.3)",0.290275439620018,0.010611891746520996,0.021869421005249023,0
seg+pos+rms+psd,"(1.5, 8.0, 0.3, -0.3)",0.24991891533136368,0.013886749744415283,0.03363823890686035,0
seg+pos+rms+psd,"(1.5, 8.0, 0.3, -0.3)",0.2542020231485367,0.021019041538238525,0.029081106185913086,0
seg+pos+rms+psd,"(1.5, 8.0, 0.3, -0.3)",0.24866808205842972,0.017206788063049316,0.02206730842590332,0
seg+pos+rms+psd,"(1.5, 8.0, 0.3, -0.3)",0.27511049807071686,0.02011096477508545,0.0328371524810791,0
seg+pos+rms+psd,"(1.5, 8.0, 0.3, -0.3)",0.25690561532974243,0.020566821098327637,0.019000768661499023,0
seg+pos+rms+psd,"(1.5, 8.0, 0.3, -0.3)",0.2796136289834976,0.011694371700286865,0.010192155838012695,0
seg+pos+rms+psd,"(1.5, 8.0, 0.3, -0.3)",0.24933328479528427,0.03587692975997925,0.06502699851989746,0
seg+pos+rms+psd,"(1.5, 8.0, 0.3, -0.3)",0.27516236901283264,0.011432468891143799,0.005110025405883789,0
seg+pos+rms+psd,"(1.5, 8.0, 0.3, -0.3)",0.25343190133571625,0.011556148529052734,0.04580950736999512,0
seg+pos+rms+psd,"(1.5, 8.0, 0.3, -0.3)",0.24637006968259811,0.020496368408203125,0.031658172607421875,0
seg+pos+rms+psd,"(1.5, 8.0, 0.3, -0.3)",0.25589364767074585,0.008655428886413574,0.027843713760375977,0
seg+pos+rms+psd,"(1.5, 8.0, 0.3, -0.3)",0.2435484230518341,0.031240999698638916,0.07262516021728516,0
seg+pos+rms+psd,"(1.5, 8.0, 0.3, -0.3)",0.2850243151187897,0.006855964660644531,0.01490163803100586,0
seg+pos+rms+psd,"(1.5, 8.0, 0.7, 0.0)",0.23415808379650116,0.034604668617248535,0.04725456237792969,0
seg+pos+rms+psd,"(1.5, 8.0, 0.7, 0.0)",0.2210458666086197,0.012685596942901611,0.013849496841430664,0
seg+pos+rms+psd,"(1.5, 8.0, 0.7, 0.0)",0.23685653507709503,0.01133817434310913,0.029532551765441895,0
seg+pos+rms+psd,"(1.5, 8.0, 0.7, 0.0)",0.2039634883403778,0.023898541927337646,0.027588367462158203,0
seg+pos+rms+psd,"(1.5, 8.0, 0.7, 0.0)",0.2397877499461174,0.021326124668121338,0.029584169387817383,0
seg+pos+rms+psd,"(1.5, 8.0, 0.7, 0.0)",0.22589953243732452,0.022187471389770508,0.013955116271972656,0
seg+pos+rms+psd,"(1.5, 8.0, 0.7, 0.0)",0.19375541061162949,0.010435223579406738,0.00240325927734375,0
seg+pos+rms+psd,"(1.5, 8.0, 0.7, 0.0)",0.1991882622241974,0.005693256855010986,0.0198819637298584,0
seg+pos+rms+psd,"(1.5, 8.0, 0.7, 0.0)",0.20260003954172134,0.005889177322387695,0.0035331249237060547,0
seg+pos+rms+psd,"(1.5, 8.0, 0.7, 0.0)",0.21815114468336105,0.03374350070953369,0.03812694549560547,0
seg+pos+rms+psd,"(1.5, 8.0, 0.7, 0.0)",0.21251260489225388,0.005818367004394531,0.0013077259063720703,0
seg+pos+rms+psd,"(1.5, 8.0, 0.7, 0.0)",0.19024866819381714,0.01883465051651001,0.004673004150390625,0
seg+pos+rms+psd,"(1.5, 8.0, 0.7, 0.0)",0.22546325623989105,0.008224546909332275,0.0035959482192993164,0
seg+pos+rms+psd,"(1.5, 8.0, 0.7, 0.0)",0.19893041253089905,0.016885578632354736,0.02219700813293457,0
seg+pos+rms+psd,"(1.5, 8.0, 0.7, 0.0)",0.20039931684732437,0.02626776695251465,0.04904890060424805,0
seg+pos+rms+psd,"(1.5, 8.0, 0.7, 0.3)",0.19817627221345901,0.011910676956176758,0.01071476936340332,0
seg+pos+rms+psd,"(1.5, 8.0, 0.7, 0.3)",0.21019870042800903,0.010468840599060059,0.008275985717773438,0
seg+pos+rms+psd,"(1.5, 8.0, 0.7, 0.3)",0.1967439353466034,0.005866944789886475,0.011524438858032227,0
seg+pos+rms+psd,"(1.5, 8.0, 0.7, 0.3)",0.22278349846601486,0.011149227619171143,0.005742192268371582,0
seg+pos+rms+psd,"(1.5, 8.0, 0.7, 0.3)",0.2249951809644699,0.009582459926605225,0.038986802101135254,0
seg+pos+rms+psd,"(1.5, 8.0, 0.7, 0.3)",0.1837756112217903,0.016532421112060547,0.010460734367370605,0
seg+pos+rms+psd,"(1.5, 8.0, 0.7, 0.3)",0.18497873097658157,0.008494555950164795,0.003786921501159668,0
seg+pos+rms+psd,"(1.5, 8.0, 0.7, 0.3)",0.20213493704795837,0.015016376972198486,0.0026755332946777344,0
seg+pos+rms+psd,"(1.5, 8.0, 0.7, 0.3)",0.19030286371707916,0.00272977352142334,0.007994890213012695,0
seg+pos+rms+psd,"(1.5, 8.0, 0.7, 0.3)",0.20247695595026016,0.01607489585876465,0.0009000301361083984,0
seg+pos+rms+psd,"(1.5, 8.0, 0.7, 0.3)",0.20167719572782516,0.008631885051727295,0.03642725944519043,0
seg+pos+rms+psd,"(1.5, 8.0, 0.7, 0.3)",0.22295299917459488,0.010178625583648682,0.004875779151916504,0
seg+pos+rms+psd,"(1.5, 8.0, 0.7, 0.3)",0.18933646380901337,0.0011653900146484375,0.02858710289001465,0
seg+pos+rms+psd,"(1.5, 8.0, 0.7, 0.3)",0.19427941739559174,0.006203353404998779,0.005925893783569336,0
seg+pos+rms+psd,"(1.5, 8.0, 0.7, 0.3)",0.20904918760061264,0.011036515235900879,0.0067059993743896484,0
seg+pos+rms+psd,"(1.5, 8.0, 0.7, 0.6)",0.21308094263076782,0.02165144681930542,0.00693964958190918,0
seg+pos+rms+psd,"(1.5, 8.0, 0.7, 0.6)",0.19954370707273483,0.022509872913360596,0.004391193389892578,0
seg+pos+rms+psd,"(1.5, 8.0, 0.7, 0.6)",0.22162354737520218,0.007909774780273438,0.03526496887207031,0
seg+pos+rms+psd,"(1.5, 8.0, 0.7, 0.6)",0.23210598528385162,0.00994420051574707,0.029048562049865723,0
seg+pos+rms+psd,"(1.5, 8.0, 0.7, 0.6)",0.19954640418291092,0.006910085678100586,0.033244967460632324,0
seg+pos+rms+psd,"(1.5, 8.0, 0.7, 0.6)",0.21086926758289337,0.012830555438995361,0.027594923973083496,0
seg+pos+rms+psd,"(1.5, 8.0, 0.7, 0.6)",0.22598298639059067,0.005730986595153809,0.018172740936279297,0
seg+pos+rms+psd,"(1.5, 8.0, 0.7, 0.6)",0.20291192084550858,0.011561214923858643,0.015929102897644043,0
seg+pos+rms+psd,"(1.5, 8.0, 0.7, 0.6)",0.19910311698913574,0.004756152629852295,0.006514072418212891,0
seg+pos+rms+psd,"(1.5, 8.0, 0.7, 0.6)",0.19129940122365952,0.010705292224884033,0.017741799354553223,0
seg+pos+rms+psd,"(1.5, 8.0, 0.7, 0.6)",0.22361711412668228,0.018894314765930176,0.06060504913330078,0
seg+pos+rms+psd,"(1.5, 8.0, 0.7, 0.6)",0.21248135715723038,0.012347996234893799,0.03945791721343994,0
seg+pos+rms+psd,"(1.5, 8.0, 0.7, 0.6)",0.2306220978498459,0.024291396141052246,0.029737234115600586,0
seg+pos+rms+psd,"(1.5, 8.0, 0.7, 0.6)",0.21591675281524658,0.013361155986785889,0.002528667449951172,0
seg+pos+rms+psd,"(1.5, 8.0, 0.7, 0.6)",0.19832555949687958,0.020421981811523438,0.00892019271850586,0
seg+pos+rms+psd,"(1.5, 8.0, 0.7, -0.3)",0.19914497435092926,0.005980134010314941,0.007834196090698242,0
seg+pos+rms+psd,"(1.5, 8.0, 0.7, -0.3)",0.2026510313153267,0.00294649600982666,0.01147317886352539,0
seg+pos+rms+psd,"(1.5, 8.0, 0.7, -0.3)",0.21434521675109863,0.018186628818511963,0.047991037368774414,0
seg+pos+rms+psd,"(1.5, 8.0, 0.7, -0.3)",0.19696678966283798,0.012724578380584717,0.024247407913208008,0
seg+pos+rms+psd,"(1.5, 8.0, 0.7, -0.3)",0.22876682877540588,0.017191290855407715,0.013517379760742188,0
seg+pos+rms+psd,"(1.5, 8.0, 0.7, -0.3)",0.19013987481594086,0.011366307735443115,0.0282595157623291,0
seg+pos+rms+psd,"(1.5, 8.0, 0.7, -0.3)",0.23286405205726624,0.014887392520904541,0.002088785171508789,0
seg+pos+rms+psd,"(1.5, 8.0, 0.7, -0.3)",0.19437968730926514,0.010828495025634766,0.014583110809326172,0
seg+pos+rms+psd,"(1.5, 8.0, 0.7, -0.3)",0.19981136918067932,0.008609175682067871,0.02811145782470703,0
seg+pos+rms+psd,"(1.5, 8.0, 0.7, -0.3)",0.19753877818584442,0.003928542137145996,0.009395360946655273,0
seg+pos+rms+psd,"(1.5, 8.0, 0.7, -0.3)",0.22412939369678497,0.022784888744354248,0.015326499938964844,0
seg+pos+rms+psd,"(1.5, 8.0, 0.7, -0.3)",0.19795860350131989,0.017417967319488525,0.035341620445251465,0
seg+pos+rms+psd,"(1.5, 8.0, 0.7, -0.3)",0.1999586969614029,0.0030494332313537598,0.0009682178497314453,0
seg+pos+rms+psd,"(1.5, 8.0, 0.7, -0.3)",0.18887311220169067,0.013933360576629639,0.049436330795288086,0
seg+pos+rms+psd,"(1.5, 8.0, 0.7, -0.3)",0.20112837105989456,0.00546717643737793,0.030399084091186523,0
seg+pos+rms+psd,"(1.5, 20.0, 0.3, 0.0)",0.23102474957704544,0.01709657907485962,0.015561103820800781,0
seg+pos+rms+psd,"(1.5, 20.0, 0.3, 0.0)",0.22659239917993546,0.03199058771133423,0.03402078151702881,0
seg+pos+rms+psd,"(1.5, 20.0, 0.3, 0.0)",0.25693100690841675,0.001963317394256592,0.016024112701416016,0
seg+pos+rms+psd,"(1.5, 20.0, 0.3, 0.0)",0.23182959109544754,0.006437718868255615,0.013288736343383789,0
seg+pos+rms+psd,"(1.5, 20.0, 0.3, 0.0)",0.26284848153591156,0.008813858032226562,0.006137847900390625,0
seg+pos+rms+psd,"(1.5, 20.0, 0.3, 0.0)",0.2663327008485794,0.01611459255218506,0.0020093917846679688,0
seg+pos+rms+psd,"(1.5, 20.0, 0.3, 0.0)",0.2258521467447281,0.028910160064697266,0.031385183334350586,0
seg+pos+rms+psd,"(1.5, 20.0, 0.3, 0.0)",0.2680011987686157,0.0194280743598938,0.04496109485626221,0
seg+pos+rms+psd,"(1.5, 20.0, 0.3, 0.0)",0.2251797914505005,0.016947925090789795,0.02369999885559082,0
seg+pos+rms+psd,"(1.5, 20.0, 0.3, 0.0)",0.2339976206421852,0.018041551113128662,0.04125547409057617,0
seg+pos+rms+psd,"(1.5, 20.0, 0.3, 0.0)",0.2551516592502594,0.014591991901397705,0.015804290771484375,0
seg+pos+rms+psd,"(1.5, 20.0, 0.3, 0.0)",0.2354484423995018,0.010666131973266602,0.009316802024841309,0
seg+pos+rms+psd,"(1.5, 20.0, 0.3, 0.0)",0.23765254020690918,0.009806036949157715,0.018689632415771484,0
seg+pos+rms+psd,"(1.5, 20.0, 0.3, 0.0)",0.2274855598807335,0.011644244194030762,0.02524280548095703,0
seg+pos+rms+psd,"(1.5, 20.0, 0.3, 0.0)",0.2275121957063675,0.018371403217315674,0.03166770935058594,0
seg+pos+rms+psd,"(1.5, 20.0, 0.3, 0.3)",0.24188892543315887,0.016019225120544434,0.0077457427978515625,0
seg+pos+rms+psd,"(1.5, 20.0, 0.3, 0.3)",0.2362232655286789,0.025993704795837402,0.032763004302978516,0
seg+pos+rms+psd,"(1.5, 20.0, 0.3, 0.3)",0.22468291968107224,0.011622250080108643,0.015343666076660156,0
seg+pos+rms+psd,"(1.5, 20.0, 0.3, 0.3)",0.23422923684120178,0.02154439687728882,0.021797895431518555,0
seg+pos+rms+psd,"(1.5, 20.0, 0.3, 0.3)",0.2593661844730377,0.004450380802154541,0.021404147148132324,0
seg+pos+rms+psd,"(1.5, 20.0, 0.3, 0.3)",0.2202334776520729,0.01774752140045166,0.01257622241973877,0
seg+pos+rms+psd,"(1.5, 20.0, 0.3, 0.3)",0.24376312643289566,0.02371954917907715,0.025339126586914062,0
seg+pos+rms+psd,"(1.5, 20.0, 0.3, 0.3)",0.2674485296010971,0.027705252170562744,0.028006911277770996,0
seg+pos+rms+psd,"(1.5, 20.0, 0.3, 0.3)",0.2605115473270416,0.006445765495300293,0.014194250106811523,0
seg+pos+rms+psd,"(1.5, 20.0, 0.3, 0.3)",0.24652012437582016,0.013907134532928467,0.01668870449066162,0
seg+pos+rms+psd,"(1.5, 20.0, 0.3, 0.3)",0.2737084776163101,0.009112298488616943,0.0693826675415039,0
seg+pos+rms+psd,"(1.5, 20.0, 0.3, 0.3)",0.26364031434059143,0.014736473560333252,0.0023919343948364258,0
seg+pos+rms+psd,"(1.5, 20.0, 0.3, 0.3)",0.21703194826841354,0.014583706855773926,0.0058515071868896484,0
seg+pos+rms+psd,"(1.5, 20.0, 0.3, 0.3)",0.2309480682015419,0.0030139684677124023,0.010156989097595215,0
seg+pos+rms+psd,"(1.5, 20.0, 0.3, 0.3)",0.25829407572746277,0.014913320541381836,0.030815601348876953,0
seg+pos+rms+psd,"(1.5, 20.0, 0.3, 0.6)",0.2643687427043915,0.010771632194519043,0.05378842353820801,0
seg+pos+rms+psd,"(1.5, 20.0, 0.3, 0.6)",0.22800368815660477,0.02348649501800537,0.010247588157653809,0
seg+pos+rms+psd,"(1.5, 20.0, 0.3, 0.6)",0.2319929003715515,0.015774011611938477,0.01379084587097168,0
seg+pos+rms+psd,"(1.5, 20.0, 0.3, 0.6)",0.2439756989479065,0.011709332466125488,0.004252076148986816,0
seg+pos+rms+psd,"(1.5, 20.0, 0.3, 0.6)",0.24897046387195587,0.01067584753036499,0.02530539035797119,0
seg+pos+rms+psd,"(1.5, 20.0, 0.3, 0.6)",0.22293175011873245,0.01635688543319702,0.03458893299102783,0
seg+pos+rms+psd,"(1.5, 20.0, 0.3, 0.6)",0.2725376784801483,0.01561516523361206,0.02807295322418213,0
seg+pos+rms+psd,"(1.5, 20.0, 0.3, 0.6)",0.22494450956583023,0.017276227474212646,0.03931534290313721,0
seg+pos+rms+psd,"(1.5, 20.0, 0.3, 0.6)",0.22285107523202896,0.014352262020111084,0.004710197448730469,0
seg+pos+rms+psd,"(1.5, 20.0, 0.3, 0.6)",0.24818401038646698,0.013810873031616211,0.03678393363952637,0
seg+pos+rms+psd,"(1.5, 20.0, 0.3, 0.6)",0.23727869242429733,0.023295998573303223,0.04262113571166992,0
seg+pos+rms+psd,"(1.5, 20.0, 0.3, 0.6)",0.2604395002126694,0.015661180019378662,0.0028580427169799805,0
seg+pos+rms+psd,"(1.5, 20.0, 0.3, 0.6)",0.27269667387008667,0.024058222770690918,0.009772539138793945,0
seg+pos+rms+psd,"(1.5, 20.0, 0.3, 0.6)",0.22255872935056686,0.023334801197052002,0.01597583293914795,0
seg+pos+rms+psd,"(1.5, 20.0, 0.3, 0.6)",0.22544538229703903,0.01735144853591919,0.01566147804260254,0
seg+pos+rms+psd,"(1.5, 20.0, 0.3, -0.3)",0.22596091777086258,0.013591110706329346,0.041950225830078125,0
seg+pos+rms+psd,"(1.5, 20.0, 0.3, -0.3)",0.23239970207214355,0.03144890069961548,0.0008955001831054688,0
seg+pos+rms+psd,"(1.5, 20.0, 0.3, -0.3)",0.22579457610845566,0.02236032485961914,0.030120372772216797,0
seg+pos+rms+psd,"(1.5, 20.0, 0.3, -0.3)",0.2712376117706299,0.017491638660430908,0.03960156440734863,0
seg+pos+rms+psd,"(1.5, 20.0, 0.3, -0.3)",0.24643904715776443,0.004029452800750732,0.005626201629638672,0
seg+pos+rms+psd,"(1.5, 20.0, 0.3, -0.3)",0.23409665375947952,0.014421582221984863,0.010141849517822266,0
seg+pos+rms+psd,"(1.5, 20.0, 0.3, -0.3)",0.22562985122203827,0.01110929250717163,0.01804351806640625,0
seg+pos+rms+psd,"(1.5, 20.0, 0.3, -0.3)",0.22720328718423843,0.012438833713531494,0.004768848419189453,0
seg+pos+rms+psd,"(1.5, 20.0, 0.3, -0.3)",0.2621239125728607,0.00853055715560913,0.0034673213958740234,0
seg+pos+rms+psd,"(1.5, 20.0, 0.3, -0.3)",0.23491715639829636,0.021158993244171143,0.061882734298706055,0
seg+pos+rms+psd,"(1.5, 20.0, 0.3, -0.3)",0.22313042730093002,0.01656520366668701,0.01997685432434082,0
seg+pos+rms+psd,"(1.5, 20.0, 0.3, -0.3)",0.22475440800189972,0.016080796718597412,0.05806994438171387,0
seg+pos+rms+psd,"(1.5, 20.0, 0.3, -0.3)",0.22958870977163315,0.016414284706115723,0.03451371192932129,0
seg+pos+rms+psd,"(1.5, 20.0, 0.3, -0.3)",0.2349683940410614,0.0036434531211853027,0.0057184696197509766,0
seg+pos+rms+psd,"(1.5, 20.0, 0.3, -0.3)",0.2675103545188904,0.01509636640548706,0.05081653594970703,0
seg+pos+rms+psd,"(1.5, 20.0, 0.7, 0.0)",0.1693916991353035,0.01298224925994873,0.012048006057739258,0
seg+pos+rms+psd,"(1.5, 20.0, 0.7, 0.0)",0.19337446242570877,0.002926170825958252,0.006936907768249512,0
seg+pos+rms+psd,"(1.5, 20.0, 0.7, 0.0)",0.17363397777080536,0.011965036392211914,0.025026798248291016,0
seg+pos+rms+psd,"(1.5, 20.0, 0.7, 0.0)",0.19536886364221573,0.0139961838722229,0.021665573120117188,0
seg+pos+rms+psd,"(1.5, 20.0, 0.7, 0.0)",0.207794189453125,0.006697475910186768,0.009561300277709961,0
seg+pos+rms+psd,"(1.5, 20.0, 0.7, 0.0)",0.18381787836551666,0.0112343430519104,0.024337053298950195,0
seg+pos+rms+psd,"(1.5, 20.0, 0.7, 0.0)",0.1798277422785759,0.0230942964553833,0.04261612892150879,0
seg+pos+rms+psd,"(1.5, 20.0, 0.7, 0.0)",0.17394356429576874,0.01661449670791626,0.0007169246673583984,0
seg+pos+rms+psd,"(1.5, 20.0, 0.7, 0.0)",0.18443451821804047,0.009823143482208252,0.018424034118652344,0
seg+pos+rms+psd,"(1.5, 20.0, 0.7, 0.0)",0.1914387047290802,0.01357722282409668,0.03530550003051758,0
seg+pos+rms+psd,"(1.5, 20.0, 0.7, 0.0)",0.17339613288640976,0.01470649242401123,0.019768476486206055,0
seg+pos+rms+psd,"(1.5, 20.0, 0.7, 0.0)",0.21206968277692795,0.004811346530914307,0.0167691707611084,0
seg+pos+rms+psd,"(1.5, 20.0, 0.7, 0.0)",0.19208434969186783,0.013842582702636719,0.007344722747802734,0
seg+pos+rms+psd,"(1.5, 20.0, 0.7, 0.0)",0.200641930103302,0.007320702075958252,0.020883679389953613,0
seg+pos+rms+psd,"(1.5, 20.0, 0.7, 0.0)",0.17281720787286758,0.010600447654724121,0.001962900161743164,0
seg+pos+rms+psd,"(1.5, 20.0, 0.7, 0.3)",0.19800842553377151,0.004058420658111572,0.006040453910827637,0
seg+pos+rms+psd,"(1.5, 20.0, 0.7, 0.3)",0.19298145174980164,0.010256946086883545,0.03072965145111084,0
seg+pos+rms+psd,"(1.5, 20.0, 0.7, 0.3)",0.18461284041404724,0.004296839237213135,0.00253140926361084,0
seg+pos+rms+psd,"(1.5, 20.0, 0.7, 0.3)",0.18658046424388885,0.014410734176635742,0.002432703971862793,0
seg+pos+rms+psd,"(1.5, 20.0, 0.7, 0.3)",0.18149434030056,0.00911867618560791,0.03465080261230469,0
seg+pos+rms+psd,"(1.5, 20.0, 0.7, 0.3)",0.19439588487148285,0.008238017559051514,0.00865161418914795,0
seg+pos+rms+psd,"(1.5, 20.0, 0.7, 0.3)",0.21723173558712006,0.008768737316131592,0.03468906879425049,0
seg+pos+rms+psd,"(1.5, 20.0, 0.7, 0.3)",0.16758913546800613,0.010753929615020752,0.02058541774749756,0
seg+pos+rms+psd,"(1.5, 20.0, 0.7, 0.3)",0.20648624747991562,0.013525962829589844,0.006943821907043457,0
seg+pos+rms+psd,"(1.5, 20.0, 0.7, 0.3)",0.2120855152606964,0.007677555084228516,0.005415797233581543,0
seg+pos+rms+psd,"(1.5, 20.0, 0.7, 0.3)",0.17887362837791443,0.004130303859710693,0.0032488107681274414,0
seg+pos+rms+psd,"(1.5, 20.0, 0.7, 0.3)",0.17996615916490555,0.004931092262268066,0.007671952247619629,0
seg+pos+rms+psd,"(1.5, 20.0, 0.7, 0.3)",0.19263991713523865,0.007151305675506592,0.03674030303955078,0
seg+pos+rms+psd,"(1.5, 20.0, 0.7, 0.3)",0.17275594174861908,0.008837759494781494,0.0015953779220581055,0
seg+pos+rms+psd,"(1.5, 20.0, 0.7, 0.3)",0.1803150475025177,0.0064103007316589355,0.022232651710510254,0
seg+pos+rms+psd,"(1.5, 20.0, 0.7, 0.6)",0.17604023963212967,0.0172194242477417,0.0289156436920166,0
seg+pos+rms+psd,"(1.5, 20.0, 0.7, 0.6)",0.18078381568193436,0.008955001831054688,0.023862719535827637,0
seg+pos+rms+psd,"(1.5, 20.0, 0.7, 0.6)",0.1971421018242836,0.012773513793945312,0.011622190475463867,0
seg+pos+rms+psd,"(1.5, 20.0, 0.7, 0.6)",0.17517922073602676,0.01571333408355713,0.02438950538635254,0
seg+pos+rms+psd,"(1.5, 20.0, 0.7, 0.6)",0.19375454634428024,0.008243560791015625,0.004067063331604004,0
seg+pos+rms+psd,"(1.5, 20.0, 0.7, 0.6)",0.20846251398324966,0.02218407392501831,0.04447221755981445,0
seg+pos+rms+psd,"(1.5, 20.0, 0.7, 0.6)",0.1944681853055954,0.013124227523803711,0.02089214324951172,0
seg+pos+rms+psd,"(1.5, 20.0, 0.7, 0.6)",0.17854295670986176,0.02065032720565796,0.009451031684875488,0
seg+pos+rms+psd,"(1.5, 20.0, 0.7, 0.6)",0.1918846294283867,0.010456323623657227,0.01422274112701416,0
seg+pos+rms+psd,"(1.5, 20.0, 0.7, 0.6)",0.18132830411195755,0.01703965663909912,0.03511083126068115,0
seg+pos+rms+psd,"(1.5, 20.0, 0.7, 0.6)",0.19083131104707718,0.012487828731536865,0.02930581569671631,0
seg+pos+rms+psd,"(1.5, 20.0, 0.7, 0.6)",0.17781738191843033,0.003961741924285889,0.01289665699005127,0
seg+pos+rms+psd,"(1.5, 20.0, 0.7, 0.6)",0.18304474651813507,0.013698279857635498,0.033745765686035156,0
seg+pos+rms+psd,"(1.5, 20.0, 0.7, 0.6)",0.1729365810751915,0.00985407829284668,0.010728716850280762,0
seg+pos+rms+psd,"(1.5, 20.0, 0.7, 0.6)",0.20950700342655182,0.0033074617385864258,0.004239916801452637,0
seg+pos+rms+psd,"(1.5, 20.0, 0.7, -0.3)",0.1796289086341858,0.006853222846984863,0.010938644409179688,0
seg+pos+rms+psd,"(1.5, 20.0, 0.7, -0.3)",0.18876176327466965,0.010906875133514404,0.009654998779296875,0
seg+pos+rms+psd,"(1.5, 20.0, 0.7, -0.3)",0.1895591989159584,0.004473090171813965,0.0016429424285888672,0
seg+pos+rms+psd,"(1.5, 20.0, 0.7, -0.3)",0.18698368966579437,0.014811217784881592,0.03011775016784668,0
seg+pos+rms+psd,"(1.5, 20.0, 0.7, -0.3)",0.16987688094377518,0.016874194145202637,0.026371240615844727,0
seg+pos+rms+psd,"(1.5, 20.0, 0.7, -0.3)",0.1857941374182701,0.018806159496307373,0.009388208389282227,0
seg+pos+rms+psd,"(1.5, 20.0, 0.7, -0.3)",0.17110271751880646,0.017231523990631104,0.00464940071105957,0
seg+pos+rms+psd,"(1.5, 20.0, 0.7, -0.3)",0.1883595511317253,0.023980259895324707,0.013118267059326172,0
seg+pos+rms+psd,"(1.5, 20.0, 0.7, -0.3)",0.17227835208177567,0.0039514899253845215,0.035686612129211426,0
seg+pos+rms+psd,"(1.5, 20.0, 0.7, -0.3)",0.18303899466991425,0.02866506576538086,0.05524039268493652,0
seg+pos+rms+psd,"(1.5, 20.0, 0.7, -0.3)",0.2098488286137581,0.012920618057250977,0.006233692169189453,0
seg+pos+rms+psd,"(1.5, 20.0, 0.7, -0.3)",0.1853703111410141,0.021269500255584717,0.01396632194519043,0
seg+pos+rms+psd,"(1.5, 20.0, 0.7, -0.3)",0.1682656779885292,0.013902723789215088,0.035649776458740234,0
seg+pos+rms+psd,"(1.5, 20.0, 0.7, -0.3)",0.1778116673231125,0.009939491748809814,0.00441288948059082,0
seg+pos+rms+psd,"(1.5, 20.0, 0.7, -0.3)",0.17153220623731613,0.02060168981552124,0.02318096160888672,0
seg+pos+rms+psd,"(3.0, 8.0, 0.3, 0.0)",0.3058970868587494,0.02294623851776123,0.017408370971679688,0
seg+pos+rms+psd,"(3.0, 8.0, 0.3, 0.0)",0.287519171833992,0.026951909065246582,0.042229652404785156,0
seg+pos+rms+psd,"(3.0, 8.0, 0.3, 0.0)",0.34094764292240143,0.023865222930908203,0.04892778396606445,0
seg+pos+rms+psd,"(3.0, 8.0, 0.3, 0.0)",0.30974914133548737,0.014504671096801758,0.03145170211791992,0
seg+pos+rms+psd,"(3.0, 8.0, 0.3, 0.0)",0.3604332357645035,0.006820201873779297,0.03127861022949219,0
seg+pos+rms+psd,"(3.0, 8.0, 0.3, 0.0)",0.35815568268299103,0.007807731628417969,0.01979351043701172,0
seg+pos+rms+psd,"(3.0, 8.0, 0.3, 0.0)",0.3595047891139984,0.007462739944458008,0.013867855072021484,0
seg+pos+rms+psd,"(3.0, 8.0, 0.3, 0.0)",0.2829892188310623,0.0183030366897583,0.055442094802856445,0
seg+pos+rms+psd,"(3.0, 8.0, 0.3, 0.0)",0.3428368717432022,0.013389825820922852,0.03684043884277344,0
seg+pos+rms+psd,"(3.0, 8.0, 0.3, 0.0)",0.3269997537136078,0.011936664581298828,0.013048648834228516,0
seg+pos+rms+psd,"(3.0, 8.0, 0.3, 0.0)",0.34239570796489716,0.010000467300415039,0.03297138214111328,0
seg+pos+rms+psd,"(3.0, 8.0, 0.3, 0.0)",0.2970789968967438,0.01351785659790039,0.015594005584716797,0
seg+pos+rms+psd,"(3.0, 8.0, 0.3, 0.0)",0.3330654352903366,0.01761317253112793,0.009458541870117188,0
seg+pos+rms+psd,"(3.0, 8.0, 0.3, 0.0)",0.3401067703962326,0.014030694961547852,0.009979724884033203,0
seg+pos+rms+psd,"(3.0, 8.0, 0.3, 0.0)",0.2993345856666565,0.01576840877532959,0.019723892211914062,0
seg+pos+rms+psd,"(3.0, 8.0, 0.3, 0.3)",0.30647052824497223,0.014964580535888672,0.0034432411193847656,0
seg+pos+rms+psd,"(3.0, 8.0, 0.3, 0.3)",0.3114473819732666,0.009273529052734375,0.008448362350463867,0
seg+pos+rms+psd,"(3.0, 8.0, 0.3, 0.3)",0.30725759267807007,0.005418539047241211,0.028191328048706055,0
seg+pos+rms+psd,"(3.0, 8.0, 0.3, 0.3)",0.30255667865276337,0.013553261756896973,0.021692991256713867,0
seg+pos+rms+psd,"(3.0, 8.0, 0.3, 0.3)",0.3742256909608841,0.021258234977722168,0.01644277572631836,0
seg+pos+rms+psd,"(3.0, 8.0, 0.3, 0.3)",0.33739282190799713,0.010685563087463379,2.86102294921875e-06,0
seg+pos+rms+psd,"(3.0, 8.0, 0.3, 0.3)",0.3023555278778076,0.007991433143615723,0.015710115432739258,0
seg+pos+rms+psd,"(3.0, 8.0, 0.3, 0.3)",0.30073606967926025,0.02640092372894287,0.046410560607910156,0
seg+pos+rms+psd,"(3.0, 8.0, 0.3, 0.3)",0.34817199409008026,0.005888700485229492,0.037489891052246094,0
seg+pos+rms+psd,"(3.0, 8.0, 0.3, 0.3)",0.34366630017757416,0.01403510570526123,0.019857406616210938,0
seg+pos+rms+psd,"(3.0, 8.0, 0.3, 0.3)",0.3208005875349045,0.017354249954223633,0.012915611267089844,0
seg+pos+rms+psd,"(3.0, 8.0, 0.3, 0.3)",0.2966271638870239,0.016797542572021484,0.0006668567657470703,0
seg+pos+rms+psd,"(3.0, 8.0, 0.3, 0.3)",0.29537612199783325,0.018943190574645996,0.02303147315979004,0
seg+pos+rms+psd,"(3.0, 8.0, 0.3, 0.3)",0.2965557724237442,0.01948237419128418,0.025910139083862305,0
seg+pos+rms+psd,"(3.0, 8.0, 0.3, 0.3)",0.3102579414844513,0.019008517265319824,0.004631519317626953,0
seg+pos+rms+psd,"(3.0, 8.0, 0.3, 0.6)",0.3290882408618927,0.014768004417419434,0.01970672607421875,0
seg+pos+rms+psd,"(3.0, 8.0, 0.3, 0.6)",0.2964404672384262,0.005936622619628906,0.003938913345336914,0
seg+pos+rms+psd,"(3.0, 8.0, 0.3, 0.6)",0.3299657702445984,0.017902135848999023,0.043840885162353516,0
seg+pos+rms+psd,"(3.0, 8.0, 0.3, 0.6)",0.3129224479198456,0.02266371250152588,0.0047414302825927734,0
seg+pos+rms+psd,"(3.0, 8.0, 0.3, 0.6)",0.31536340713500977,0.014075756072998047,0.014609336853027344,0
seg+pos+rms+psd,"(3.0, 8.0, 0.3, 0.6)",0.3124755471944809,0.0029445886611938477,0.012068748474121094,0
seg+pos+rms+psd,"(3.0, 8.0, 0.3, 0.6)",0.31858597695827484,0.015921711921691895,0.06433916091918945,0
seg+pos+rms+psd,"(3.0, 8.0, 0.3, 0.6)",0.2899162173271179,0.0071184635162353516,0.0023696422576904297,0
seg+pos+rms+psd,"(3.0, 8.0, 0.3, 0.6)",0.32001593708992004,0.013889431953430176,0.004551887512207031,0
seg+pos+rms+psd,"(3.0, 8.0, 0.3, 0.6)",0.31953613460063934,0.022857069969177246,0.016663789749145508,0
seg+pos+rms+psd,"(3.0, 8.0, 0.3, 0.6)",0.306539848446846,0.02871882915496826,0.024169921875,0
seg+pos+rms+psd,"(3.0, 8.0, 0.3, 0.6)",0.3030555695295334,0.00955808162689209,0.04291987419128418,0
seg+pos+rms+psd,"(3.0, 8.0, 0.3, 0.6)",0.3018384128808975,0.02382183074951172,0.002827167510986328,0
seg+pos+rms+psd,"(3.0, 8.0, 0.3, 0.6)",0.28000906109809875,0.027513980865478516,0.024280071258544922,0
seg+pos+rms+psd,"(3.0, 8.0, 0.3, 0.6)",0.3168531060218811,0.03190469741821289,0.019275665283203125,0
seg+pos+rms+psd,"(3.0, 8.0, 0.3, -0.3)",0.2928769290447235,0.027695417404174805,0.03604316711425781,0
seg+pos+rms+psd,"(3.0, 8.0, 0.3, -0.3)",0.3056328445672989,0.008955597877502441,0.003950595855712891,0
seg+pos+rms+psd,"(3.0, 8.0, 0.3, -0.3)",0.32603025436401367,0.020011186599731445,0.05249309539794922,0
seg+pos+rms+psd,"(3.0, 8.0, 0.3, -0.3)",0.30289220809936523,0.027215242385864258,0.055023193359375,0
seg+pos+rms+psd,"(3.0, 8.0, 0.3, -0.3)",0.32144641876220703,0.028786182403564453,0.041245460510253906,0
seg+pos+rms+psd,"(3.0, 8.0, 0.3, -0.3)",0.34488295018672943,0.020854949951171875,0.03925275802612305,0
seg+pos+rms+psd,"(3.0, 8.0, 0.3, -0.3)",0.30895501375198364,0.03979992866516113,0.07268524169921875,0
seg+pos+rms+psd,"(3.0, 8.0, 0.3, -0.3)",0.2963390350341797,0.016771912574768066,0.03748941421508789,0
seg+pos+rms+psd,"(3.0, 8.0, 0.3, -0.3)",0.29667651653289795,0.014027118682861328,0.012722969055175781,0
seg+pos+rms+psd,"(3.0, 8.0, 0.3, -0.3)",0.29689058661460876,0.013480067253112793,0.029201030731201172,0
seg+pos+rms+psd,"(3.0, 8.0, 0.3, -0.3)",0.28246618807315826,0.008146047592163086,0.0077457427978515625,0
seg+pos+rms+psd,"(3.0, 8.0, 0.3, -0.3)",0.2977555841207504,0.018494009971618652,0.030330181121826172,0
seg+pos+rms+psd,"(3.0, 8.0, 0.3, -0.3)",0.2937144637107849,0.01309502124786377,0.002498149871826172,0
seg+pos+rms+psd,"(3.0, 8.0, 0.3, -0.3)",0.3141096383333206,0.016719818115234375,0.01373147964477539,0
seg+pos+rms+psd,"(3.0, 8.0, 0.3, -0.3)",0.32339654862880707,0.030066251754760742,0.05043220520019531,0
seg+pos+rms+psd,"(3.0, 8.0, 0.7, 0.0)",0.22693420201539993,0.015687942504882812,0.006567478179931641,0
seg+pos+rms+psd,"(3.0, 8.0, 0.7, 0.0)",0.23524975776672363,0.0030483007431030273,0.014895915985107422,0
seg+pos+rms+psd,"(3.0, 8.0, 0.7, 0.0)",0.24154362082481384,0.012549638748168945,0.03022146224975586,0
seg+pos+rms+psd,"(3.0, 8.0, 0.7, 0.0)",0.2439582347869873,0.007333993911743164,0.02037191390991211,0
seg+pos+rms+psd,"(3.0, 8.0, 0.7, 0.0)",0.26345492899417877,0.0014126300811767578,0.014499187469482422,0
seg+pos+rms+psd,"(3.0, 8.0, 0.7, 0.0)",0.24473948031663895,0.022553563117980957,0.051577091217041016,0
seg+pos+rms+psd,"(3.0, 8.0, 0.7, 0.0)",0.27055618166923523,0.007422447204589844,0.001384735107421875,0
seg+pos+rms+psd,"(3.0, 8.0, 0.7, 0.0)",0.23428457975387573,0.003961086273193359,0.016462087631225586,0
seg+pos+rms+psd,"(3.0, 8.0, 0.7, 0.0)",0.2419743910431862,0.01269841194152832,0.02168893814086914,0
seg+pos+rms+psd,"(3.0, 8.0, 0.7, 0.0)",0.2530873566865921,0.011008024215698242,0.005326271057128906,0
seg+pos+rms+psd,"(3.0, 8.0, 0.7, 0.0)",0.24332253634929657,0.005299806594848633,0.022170066833496094,0
seg+pos+rms+psd,"(3.0, 8.0, 0.7, 0.0)",0.24198324233293533,0.01474153995513916,0.0033545494079589844,0
seg+pos+rms+psd,"(3.0, 8.0, 0.7, 0.0)",0.23654446005821228,0.003628373146057129,0.0189056396484375,0
seg+pos+rms+psd,"(3.0, 8.0, 0.7, 0.0)",0.26244302839040756,0.010766148567199707,0.00988626480102539,0
seg+pos+rms+psd,"(3.0, 8.0, 0.7, 0.0)",0.2351827546954155,0.010432720184326172,0.02221536636352539,0
seg+pos+rms+psd,"(3.0, 8.0, 0.7, 0.3)",0.25592608749866486,0.014229416847229004,0.016278743743896484,0
seg+pos+rms+psd,"(3.0, 8.0, 0.7, 0.3)",0.2319827824831009,0.018243074417114258,0.027148962020874023,0
seg+pos+rms+psd,"(3.0, 8.0, 0.7, 0.3)",0.24760808050632477,0.0005315542221069336,0.010332345962524414,0
seg+pos+rms+psd,"(3.0, 8.0, 0.7, 0.3)",0.24036861211061478,0.02653825283050537,0.004286766052246094,0
seg+pos+rms+psd,"(3.0, 8.0, 0.7, 0.3)",0.2500280737876892,0.008432865142822266,0.014215230941772461,0
seg+pos+rms+psd,"(3.0, 8.0, 0.7, 0.3)",0.23687909543514252,0.0058106184005737305,0.011610269546508789,0
seg+pos+rms+psd,"(3.0, 8.0, 0.7, 0.3)",0.23804153501987457,0.007458209991455078,0.005417823791503906,0
seg+pos+rms+psd,"(3.0, 8.0, 0.7, 0.3)",0.2358502820134163,0.0076138973236083984,0.023160696029663086,0
seg+pos+rms+psd,"(3.0, 8.0, 0.7, 0.3)",0.27145689725875854,0.019162416458129883,0.0020656585693359375,0
seg+pos+rms+psd,"(3.0, 8.0, 0.7, 0.3)",0.2420620620250702,0.010801553726196289,0.0003476142883300781,0
seg+pos+rms+psd,"(3.0, 8.0, 0.7, 0.3)",0.2728007733821869,0.019154906272888184,0.0047528743743896484,0
seg+pos+rms+psd,"(3.0, 8.0, 0.7, 0.3)",0.25597965717315674,0.012952923774719238,0.00423431396484375,0
seg+pos+rms+psd,"(3.0, 8.0, 0.7, 0.3)",0.27456074953079224,0.006341695785522461,0.017509937286376953,0
seg+pos+rms+psd,"(3.0, 8.0, 0.7, 0.3)",0.2358419969677925,0.015269875526428223,0.0063571929931640625,0
seg+pos+rms+psd,"(3.0, 8.0, 0.7, 0.3)",0.23258890956640244,0.00732266902923584,0.011624813079833984,0
seg+pos+rms+psd,"(3.0, 8.0, 0.7, 0.6)",0.2331824079155922,0.01802957057952881,0.04828834533691406,0
seg+pos+rms+psd,"(3.0, 8.0, 0.7, 0.6)",0.2379617914557457,0.006411075592041016,0.01015162467956543,0
seg+pos+rms+psd,"(3.0, 8.0, 0.7, 0.6)",0.24158188700675964,0.004225969314575195,0.041841983795166016,0
seg+pos+rms+psd,"(3.0, 8.0, 0.7, 0.6)",0.2780641168355942,0.02362227439880371,0.04524493217468262,0
seg+pos+rms+psd,"(3.0, 8.0, 0.7, 0.6)",0.23564653098583221,0.010268211364746094,0.012876272201538086,0
seg+pos+rms+psd,"(3.0, 8.0, 0.7, 0.6)",0.2572841942310333,0.007284402847290039,0.006438016891479492,0
seg+pos+rms+psd,"(3.0, 8.0, 0.7, 0.6)",0.2725455164909363,0.006438016891479492,0.017900705337524414,0
seg+pos+rms+psd,"(3.0, 8.0, 0.7, 0.6)",0.24425218999385834,0.013888001441955566,0.008830785751342773,0
seg+pos+rms+psd,"(3.0, 8.0, 0.7, 0.6)",0.22629791498184204,0.005923867225646973,0.0012178421020507812,0
seg+pos+rms+psd,"(3.0, 8.0, 0.7, 0.6)",0.23043658584356308,0.01626408100128174,0.0064465999603271484,0
seg+pos+rms+psd,"(3.0, 8.0, 0.7, 0.6)",0.26881155371665955,0.014251947402954102,0.01428675651550293,0
seg+pos+rms+psd,"(3.0, 8.0, 0.7, 0.6)",0.26827460527420044,0.013377547264099121,0.01614093780517578,0
seg+pos+rms+psd,"(3.0, 8.0, 0.7, 0.6)",0.2585686147212982,0.0010228157043457031,0.013576507568359375,0
seg+pos+rms+psd,"(3.0, 8.0, 0.7, 0.6)",0.22876491397619247,0.005395412445068359,0.006437540054321289,0
seg+pos+rms+psd,"(3.0, 8.0, 0.7, 0.6)",0.23135269433259964,0.009009003639221191,0.025854825973510742,0
seg+pos+rms+psd,"(3.0, 8.0, 0.7, -0.3)",0.23687877506017685,0.014851093292236328,0.03037738800048828,0
seg+pos+rms+psd,"(3.0, 8.0, 0.7, -0.3)",0.2791007310152054,0.012866497039794922,0.05224895477294922,0
seg+pos+rms+psd,"(3.0, 8.0, 0.7, -0.3)",0.23019477725028992,0.012223362922668457,0.03446245193481445,0
seg+pos+rms+psd,"(3.0, 8.0, 0.7, -0.3)",0.23357804119586945,0.006098508834838867,0.006465435028076172,0
seg+pos+rms+psd,"(3.0, 8.0, 0.7, -0.3)",0.2675696164369583,0.0050956010818481445,0.01313161849975586,0
seg+pos+rms+psd,"(3.0, 8.0, 0.7, -0.3)",0.2329878732562065,0.0056122541427612305,0.030675411224365234,0
seg+pos+rms+psd,"(3.0, 8.0, 0.7, -0.3)",0.2549930810928345,0.007295012474060059,0.018000125885009766,0
seg+pos+rms+psd,"(3.0, 8.0, 0.7, -0.3)",0.2566486597061157,0.010903596878051758,0.019292354583740234,0
seg+pos+rms+psd,"(3.0, 8.0, 0.7, -0.3)",0.23691993206739426,0.01108098030090332,0.025345325469970703,0
seg+pos+rms+psd,"(3.0, 8.0, 0.7, -0.3)",0.22780967503786087,0.009225964546203613,0.0028481483459472656,0
seg+pos+rms+psd,"(3.0, 8.0, 0.7, -0.3)",0.242442786693573,0.012140750885009766,0.0003714561462402344,0
seg+pos+rms+psd,"(3.0, 8.0, 0.7, -0.3)",0.22390000522136688,0.006329655647277832,0.005885601043701172,0
seg+pos+rms+psd,"(3.0, 8.0, 0.7, -0.3)",0.26904693245887756,0.008926987648010254,0.011196613311767578,0
seg+pos+rms+psd,"(3.0, 8.0, 0.7, -0.3)",0.24536781013011932,0.005961179733276367,0.0020232200622558594,0
seg+pos+rms+psd,"(3.0, 8.0, 0.7, -0.3)",0.22506920248270035,0.014473676681518555,0.023899555206298828,0
seg+pos+rms+psd,"(3.0, 20.0, 0.3, 0.0)",0.2917623072862625,0.024715185165405273,0.037807464599609375,0
seg+pos+rms+psd,"(3.0, 20.0, 0.3, 0.0)",0.2969435155391693,0.028537511825561523,0.019507884979248047,0
seg+pos+rms+psd,"(3.0, 20.0, 0.3, 0.0)",0.3025040477514267,0.009730696678161621,0.013357162475585938,0
seg+pos+rms+psd,"(3.0, 20.0, 0.3, 0.0)",0.29016099870204926,0.01832878589630127,0.0024704933166503906,0
seg+pos+rms+psd,"(3.0, 20.0, 0.3, 0.0)",0.2706219404935837,0.0074384212493896484,0.02024102210998535,0
seg+pos+rms+psd,"(3.0, 20.0, 0.3, 0.0)",0.27525508403778076,0.010741472244262695,0.007571697235107422,0
seg+pos+rms+psd,"(3.0, 20.0, 0.3, 0.0)",0.3280700445175171,0.02811586856842041,0.07095980644226074,0
seg+pos+rms+psd,"(3.0, 20.0, 0.3, 0.0)",0.2857416868209839,0.014563798904418945,0.032903194427490234,0
seg+pos+rms+psd,"(3.0, 20.0, 0.3, 0.0)",0.3113771378993988,0.013010859489440918,0.013784408569335938,0
seg+pos+rms+psd,"(3.0, 20.0, 0.3, 0.0)",0.33353519439697266,0.005276322364807129,0.00348663330078125,0
seg+pos+rms+psd,"(3.0, 20.0, 0.3, 0.0)",0.28732605278491974,0.01972067356109619,0.027515888214111328,0
seg+pos+rms+psd,"(3.0, 20.0, 0.3, 0.0)",0.2965875416994095,0.020122766494750977,0.016611099243164062,0
seg+pos+rms+psd,"(3.0, 20.0, 0.3, 0.0)",0.3278561681509018,0.019535064697265625,0.03965902328491211,0
seg+pos+rms+psd,"(3.0, 20.0, 0.3, 0.0)",0.27891068160533905,0.01949000358581543,0.007790088653564453,0
seg+pos+rms+psd,"(3.0, 20.0, 0.3, 0.0)",0.3030117154121399,0.020280122756958008,0.004265308380126953,0
seg+pos+rms+psd,"(3.0, 20.0, 0.3, 0.3)",0.2927023470401764,0.019176840782165527,0.0056040287017822266,0
seg+pos+rms+psd,"(3.0, 20.0, 0.3, 0.3)",0.27162031829357147,0.008839726448059082,0.01687788963317871,0
seg+pos+rms+psd,"(3.0, 20.0, 0.3, 0.3)",0.29109516739845276,0.007105588912963867,0.02363729476928711,0
seg+pos+rms+psd,"(3.0, 20.0, 0.3, 0.3)",0.3228534162044525,0.006342291831970215,0.026200532913208008,0
seg+pos+rms+psd,"(3.0, 20.0, 0.3, 0.3)",0.2846710979938507,0.010702252388000488,0.014563798904418945,0
seg+pos+rms+psd,"(3.0, 20.0, 0.3, 0.3)",0.2706328332424164,0.022931575775146484,0.0013890266418457031,0
seg+pos+rms+psd,"(3.0, 20.0, 0.3, 0.3)",0.2983606159687042,0.024889469146728516,0.046518564224243164,0
seg+pos+rms+psd,"(3.0, 20.0, 0.3, 0.3)",0.27031683921813965,0.01252603530883789,0.0012850761413574219,0
seg+pos+rms+psd,"(3.0, 20.0, 0.3, 0.3)",0.270998552441597,0.02375030517578125,0.036832571029663086,0
seg+pos+rms+psd,"(3.0, 20.0, 0.3, 0.3)",0.2875162810087204,0.012246966361999512,0.00975179672241211,0
seg+pos+rms+psd,"(3.0, 20.0, 0.3, 0.3)",0.26695889234542847,0.015975356101989746,0.003138303756713867,0
seg+pos+rms+psd,"(3.0, 20.0, 0.3, 0.3)",0.27958476543426514,0.003449678421020508,0.018248558044433594,0
seg+pos+rms+psd,"(3.0, 20.0, 0.3, 0.3)",0.32088494300842285,0.013439059257507324,0.0043909549713134766,0
seg+pos+rms+psd,"(3.0, 20.0, 0.3, 0.3)",0.31210213899612427,0.006333708763122559,0.0016782283782958984,0
seg+pos+rms+psd,"(3.0, 20.0, 0.3, 0.3)",0.2835778445005417,0.018508434295654297,0.02437424659729004,0
seg+pos+rms+psd,"(3.0, 20.0, 0.3, 0.6)",0.280273899435997,0.03138875961303711,0.0054128170013427734,0
seg+pos+rms+psd,"(3.0, 20.0, 0.3, 0.6)",0.2826259434223175,0.01537168025970459,0.002595186233520508,0
seg+pos+rms+psd,"(3.0, 20.0, 0.3, 0.6)",0.33019256591796875,0.011923551559448242,0.020742177963256836,0
seg+pos+rms+psd,"(3.0, 20.0, 0.3, 0.6)",0.27195507287979126,0.013689875602722168,0.017417192459106445,0
seg+pos+rms+psd,"(3.0, 20.0, 0.3, 0.6)",0.28124500811100006,0.02031886577606201,0.04673457145690918,0
seg+pos+rms+psd,"(3.0, 20.0, 0.3, 0.6)",0.30097872018814087,0.014880180358886719,0.013633012771606445,0
seg+pos+rms+psd,"(3.0, 20.0, 0.3, 0.6)",0.2914851903915405,0.0331348180770874,0.0032455921173095703,0
seg+pos+rms+psd,"(3.0, 20.0, 0.3, 0.6)",0.2752397805452347,0.01805245876312256,0.0040018558502197266,0
seg+pos+rms+psd,"(3.0, 20.0, 0.3, 0.6)",0.3225417286157608,0.003895282745361328,0.028083086013793945,0
seg+pos+rms+psd,"(3.0, 20.0, 0.3, 0.6)",0.2847880870103836,0.010123968124389648,0.009828329086303711,0
seg+pos+rms+psd,"(3.0, 20.0, 0.3, 0.6)",0.3322618305683136,0.0233154296875,0.022542238235473633,0
seg+pos+rms+psd,"(3.0, 20.0, 0.3, 0.6)",0.3252343535423279,0.016953110694885254,0.04635763168334961,0
seg+pos+rms+psd,"(3.0, 20.0, 0.3, 0.6)",0.2775084227323532,0.004278063774108887,0.012141704559326172,0
seg+pos+rms+psd,"(3.0, 20.0, 0.3, 0.6)",0.26306474208831787,0.014304041862487793,0.004524707794189453,0
seg+pos+rms+psd,"(3.0, 20.0, 0.3, 0.6)",0.2843128740787506,0.02476048469543457,0.01616668701171875,0
seg+pos+rms+psd,"(3.0, 20.0, 0.3, -0.3)",0.280791312456131,0.029892325401306152,0.04368948936462402,0
seg+pos+rms+psd,"(3.0, 20.0, 0.3, -0.3)",0.30466635525226593,0.005989432334899902,0.017371177673339844,0
seg+pos+rms+psd,"(3.0, 20.0, 0.3, -0.3)",0.2951112389564514,0.005857348442077637,0.007014751434326172,0
seg+pos+rms+psd,"(3.0, 20.0, 0.3, -0.3)",0.28303343057632446,0.027649402618408203,0.03955221176147461,0
seg+pos+rms+psd,"(3.0, 20.0, 0.3, -0.3)",0.272067666053772,0.03252458572387695,0.004959583282470703,0
seg+pos+rms+psd,"(3.0, 20.0, 0.3, -0.3)",0.2688389867544174,0.01592707633972168,0.013619422912597656,0
seg+pos+rms+psd,"(3.0, 20.0, 0.3, -0.3)",0.2708325684070587,0.006263613700866699,0.014925956726074219,0
seg+pos+rms+psd,"(3.0, 20.0, 0.3, -0.3)",0.2703454792499542,0.024044513702392578,0.04595375061035156,0
seg+pos+rms+psd,"(3.0, 20.0, 0.3, -0.3)",0.2753438651561737,0.012331604957580566,0.01834392547607422,0
seg+pos+rms+psd,"(3.0, 20.0, 0.3, -0.3)",0.2824459969997406,0.023097991943359375,0.021219730377197266,0
seg+pos+rms+psd,"(3.0, 20.0, 0.3, -0.3)",0.3240211755037308,0.014847278594970703,0.05299949645996094,0
seg+pos+rms+psd,"(3.0, 20.0, 0.3, -0.3)",0.28961585462093353,0.004375934600830078,0.020995616912841797,0
seg+pos+rms+psd,"(3.0, 20.0, 0.3, -0.3)",0.2800128161907196,0.013388991355895996,9.965896606445312e-05,0
seg+pos+rms+psd,"(3.0, 20.0, 0.3, -0.3)",0.32493405044078827,0.009186148643493652,0.019769668579101562,0
seg+pos+rms+psd,"(3.0, 20.0, 0.3, -0.3)",0.28751565515995026,0.006825685501098633,0.013400077819824219,0
seg+pos+rms+psd,"(3.0, 20.0, 0.7, 0.0)",0.19808344542980194,0.010492801666259766,0.004976749420166016,0
seg+pos+rms+psd,"(3.0, 20.0, 0.7, 0.0)",0.2110682874917984,0.006971836090087891,0.0036520957946777344,0
seg+pos+rms+psd,"(3.0, 20.0, 0.7, 0.0)",0.19569125771522522,0.015201449394226074,0.003414630889892578,0
seg+pos+rms+psd,"(3.0, 20.0, 0.7, 0.0)",0.2039492055773735,0.0251997709274292,0.05213284492492676,0
seg+pos+rms+psd,"(3.0, 20.0, 0.7, 0.0)",0.19563759118318558,0.001820683479309082,0.00696873664855957,0
seg+pos+rms+psd,"(3.0, 20.0, 0.7, 0.0)",0.19000590592622757,0.003661513328552246,0.01173543930053711,0
seg+pos+rms+psd,"(3.0, 20.0, 0.7, 0.0)",0.2127940133213997,0.011230111122131348,0.019573211669921875,0
seg+pos+rms+psd,"(3.0, 20.0, 0.7, 0.0)",0.19947753846645355,0.009462475776672363,0.005891323089599609,0
seg+pos+rms+psd,"(3.0, 20.0, 0.7, 0.0)",0.22910815477371216,0.021109580993652344,0.0342717170715332,0
seg+pos+rms+psd,"(3.0, 20.0, 0.7, 0.0)",0.21330954134464264,0.014865875244140625,0.03185081481933594,0
seg+pos+rms+psd,"(3.0, 20.0, 0.7, 0.0)",0.19450663775205612,0.017430543899536133,0.004456520080566406,0
seg+pos+rms+psd,"(3.0, 20.0, 0.7, 0.0)",0.21689262986183167,0.01042783260345459,0.026622295379638672,0
seg+pos+rms+psd,"(3.0, 20.0, 0.7, 0.0)",0.24276480078697205,0.010027647018432617,0.031749725341796875,0
seg+pos+rms+psd,"(3.0, 20.0, 0.7, 0.0)",0.20452415198087692,0.030100107192993164,0.06899118423461914,0
seg+pos+rms+psd,"(3.0, 20.0, 0.7, 0.0)",0.23564112186431885,0.014156222343444824,0.03039407730102539,0
seg+pos+rms+psd,"(3.0, 20.0, 0.7, 0.3)",0.24155834317207336,0.001994013786315918,0.0074808597564697266,0
seg+pos+rms+psd,"(3.0, 20.0, 0.7, 0.3)",0.20033565908670425,0.003552556037902832,0.01791095733642578,0
seg+pos+rms+psd,"(3.0, 20.0, 0.7, 0.3)",0.20936457812786102,0.021522879600524902,0.02571272850036621,0
seg+pos+rms+psd,"(3.0, 20.0, 0.7, 0.3)",0.23636123538017273,0.016508102416992188,0.018460750579833984,0
seg+pos+rms+psd,"(3.0, 20.0, 0.7, 0.3)",0.200163371860981,0.01227259635925293,0.0006420612335205078,0
seg+pos+rms+psd,"(3.0, 20.0, 0.7, 0.3)",0.1975315362215042,0.012292742729187012,0.0057065486907958984,0
seg+pos+rms+psd,"(3.0, 20.0, 0.7, 0.3)",0.21559879928827286,0.005635380744934082,0.004058361053466797,0
seg+pos+rms+psd,"(3.0, 20.0, 0.7, 0.3)",0.20568587630987167,0.01457667350769043,0.01564168930053711,0
seg+pos+rms+psd,"(3.0, 20.0, 0.7, 0.3)",0.22301631420850754,0.004172086715698242,0.02277660369873047,0
seg+pos+rms+psd,"(3.0, 20.0, 0.7, 0.3)",0.21852101385593414,0.0075293779373168945,0.01126241683959961,0
seg+pos+rms+psd,"(3.0, 20.0, 0.7, 0.3)",0.20424488931894302,0.00831139087677002,0.015973329544067383,0
seg+pos+rms+psd,"(3.0, 20.0, 0.7, 0.3)",0.21031875163316727,0.01700127124786377,0.016513824462890625,0
seg+pos+rms+psd,"(3.0, 20.0, 0.7, 0.3)",0.24538306891918182,0.0016367435455322266,0.003703594207763672,0
seg+pos+rms+psd,"(3.0, 20.0, 0.7, 0.3)",0.20271661132574081,0.02494955062866211,0.04966282844543457,0
seg+pos+rms+psd,"(3.0, 20.0, 0.7, 0.3)",0.19735659658908844,0.009041905403137207,0.011750936508178711,0
seg+pos+rms+psd,"(3.0, 20.0, 0.7, 0.6)",0.21605081111192703,0.019401073455810547,0.00020194053649902344,0
seg+pos+rms+psd,"(3.0, 20.0, 0.7, 0.6)",0.23362863808870316,0.006797432899475098,0.020354032516479492,0
seg+pos+rms+psd,"(3.0, 20.0, 0.7, 0.6)",0.2328067421913147,0.008334875106811523,0.024441957473754883,0
seg+pos+rms+psd,"(3.0, 20.0, 0.7, 0.6)",0.20856311172246933,0.0015834569931030273,0.015061616897583008,0
seg+pos+rms+psd,"(3.0, 20.0, 0.7, 0.6)",0.23527520149946213,0.0195767879486084,0.00479435920715332,0
seg+pos+rms+psd,"(3.0, 20.0, 0.7, 0.6)",0.202735535800457,0.014711260795593262,0.01317143440246582,0
seg+pos+rms+psd,"(3.0, 20.0, 0.7, 0.6)",0.23162884265184402,0.013503432273864746,0.013989925384521484,0
seg+pos+rms+psd,"(3.0, 20.0, 0.7, 0.6)",0.1968967393040657,0.023375511169433594,0.007849454879760742,0
seg+pos+rms+psd,"(3.0, 20.0, 0.7, 0.6)",0.21011915057897568,0.008513569831848145,0.005466461181640625,0
seg+pos+rms+psd,"(3.0, 20.0, 0.7, 0.6)",0.1990870088338852,0.0048122406005859375,0.027937650680541992,0
seg+pos+rms+psd,"(3.0, 20.0, 0.7, 0.6)",0.18894334137439728,0.003705263137817383,0.004302263259887695,0
seg+pos+rms+psd,"(3.0, 20.0, 0.7, 0.6)",0.20350611209869385,0.019680023193359375,0.020552635192871094,0
seg+pos+rms+psd,"(3.0, 20.0, 0.7, 0.6)",0.21285859495401382,0.0016260147094726562,0.01933741569519043,0
seg+pos+rms+psd,"(3.0, 20.0, 0.7, 0.6)",0.20297733694314957,0.012202262878417969,0.0051729679107666016,0
seg+pos+rms+psd,"(3.0, 20.0, 0.7, 0.6)",0.21734416484832764,0.015847086906433105,0.015841007232666016,0
seg+pos+rms+psd,"(3.0, 20.0, 0.7, -0.3)",0.20849880576133728,0.02264571189880371,0.029422760009765625,0
seg+pos+rms+psd,"(3.0, 20.0, 0.7, -0.3)",0.23649826645851135,0.004051685333251953,0.00453948974609375,0
seg+pos+rms+psd,"(3.0, 20.0, 0.7, -0.3)",0.21447234600782394,0.021037817001342773,0.04098224639892578,0
seg+pos+rms+psd,"(3.0, 20.0, 0.7, -0.3)",0.21325726807117462,0.013934731483459473,0.020049571990966797,0
seg+pos+rms+psd,"(3.0, 20.0, 0.7, -0.3)",0.20002570003271103,0.003826141357421875,0.020664691925048828,0
seg+pos+rms+psd,"(3.0, 20.0, 0.7, -0.3)",0.2334684357047081,0.020110368728637695,0.0013241767883300781,0
seg+pos+rms+psd,"(3.0, 20.0, 0.7, -0.3)",0.19833540171384811,0.020433425903320312,0.0007700920104980469,0
seg+pos+rms+psd,"(3.0, 20.0, 0.7, -0.3)",0.20174776017665863,0.00567781925201416,0.015230894088745117,0
seg+pos+rms+psd,"(3.0, 20.0, 0.7, -0.3)",0.19877279549837112,0.015960216522216797,0.032268524169921875,0
seg+pos+rms+psd,"(3.0, 20.0, 0.7, -0.3)",0.2041493058204651,0.017392873764038086,0.04646921157836914,0
seg+pos+rms+psd,"(3.0, 20.0, 0.7, -0.3)",0.21946153044700623,0.011851191520690918,0.0364232063293457,0
seg+pos+rms+psd,"(3.0, 20.0, 0.7, -0.3)",0.21339379996061325,0.004774570465087891,0.007678508758544922,0
seg+pos+rms+psd,"(3.0, 20.0, 0.7, -0.3)",0.23912664502859116,0.012916326522827148,0.0205078125,0
seg+pos+rms+psd,"(3.0, 20.0, 0.7, -0.3)",0.24121730029582977,0.007951021194458008,0.014643669128417969,0
seg+pos+rms+psd,"(3.0, 20.0, 0.7, -0.3)",0.21741212904453278,0.011532425880432129,0.018914222717285156,0
seg+pos+rms+psd,"(1.5, 8.0, 0.3, 0.0)",0.25569911301136017,0.019207894802093506,0.010261297225952148,1
seg+pos+rms+psd,"(1.5, 8.0, 0.3, 0.0)",0.2588505446910858,0.03216671943664551,0.04132843017578125,1
seg+pos+rms+psd,"(1.5, 8.0, 0.3, 0.0)",0.29146695137023926,0.02030283212661743,0.04620647430419922,1
seg+pos+rms+psd,"(1.5, 8.0, 0.3, 0.0)",0.2679700702428818,0.013265669345855713,0.008017539978027344,1
seg+pos+rms+psd,"(1.5, 8.0, 0.3, 0.0)",0.2561599612236023,0.015009284019470215,0.0004992485046386719,1
seg+pos+rms+psd,"(1.5, 8.0, 0.3, 0.0)",0.27071240544319153,0.026484668254852295,0.028954267501831055,1
seg+pos+rms+psd,"(1.5, 8.0, 0.3, 0.0)",0.24557164311408997,0.0060160160064697266,0.003655672073364258,1
seg+pos+rms+psd,"(1.5, 8.0, 0.3, 0.0)",0.26792801916599274,0.0244905948638916,0.0439448356628418,1
seg+pos+rms+psd,"(1.5, 8.0, 0.3, 0.0)",0.2500576823949814,0.015700221061706543,0.028239011764526367,1
seg+pos+rms+psd,"(1.5, 8.0, 0.3, 0.0)",0.2538165897130966,0.009851396083831787,0.03119635581970215,1
seg+pos+rms+psd,"(1.5, 8.0, 0.3, 0.0)",0.25357823073863983,0.02443253993988037,0.029678821563720703,1
seg+pos+rms+psd,"(1.5, 8.0, 0.3, 0.0)",0.2366480901837349,0.01218116283416748,0.008641481399536133,1
seg+pos+rms+psd,"(1.5, 8.0, 0.3, 0.0)",0.28535225987434387,0.006956040859222412,0.019821882247924805,1
seg+pos+rms+psd,"(1.5, 8.0, 0.3, 0.0)",0.24672840535640717,0.003158867359161377,0.0049076080322265625,1
seg+pos+rms+psd,"(1.5, 8.0, 0.3, 0.0)",0.27678510546684265,0.013492465019226074,0.02115154266357422,1
seg+pos+rms+psd,"(1.5, 8.0, 0.3, 0.3)",0.24417368322610855,0.012359976768493652,0.01419520378112793,1
seg+pos+rms+psd,"(1.5, 8.0, 0.3, 0.3)",0.25446556508541107,0.018036842346191406,0.02155590057373047,1
seg+pos+rms+psd,"(1.5, 8.0, 0.3, 0.3)",0.25032274425029755,0.011908888816833496,0.023608803749084473,1
seg+pos+rms+psd,"(1.5, 8.0, 0.3, 0.3)",0.2487005814909935,0.030341267585754395,0.024156808853149414,1
seg+pos+rms+psd,"(1.5, 8.0, 0.3, 0.3)",0.25116583704948425,0.013291537761688232,0.012197494506835938,1
seg+pos+rms+psd,"(1.5, 8.0, 0.3, 0.3)",0.29208509624004364,0.0045626163482666016,0.005513310432434082,1
seg+pos+rms+psd,"(1.5, 8.0, 0.3, 0.3)",0.2688083350658417,0.011677980422973633,0.0039740800857543945,1
seg+pos+rms+psd,"(1.5, 8.0, 0.3, 0.3)",0.2590448707342148,0.02415841817855835,0.006705522537231445,1
seg+pos+rms+psd,"(1.5, 8.0, 0.3, 0.3)",0.2452523112297058,0.014438629150390625,0.031937360763549805,1
seg+pos+rms+psd,"(1.5, 8.0, 0.3, 0.3)",0.28568558394908905,0.008469998836517334,0.013709068298339844,1
seg+pos+rms+psd,"(1.5, 8.0, 0.3, 0.3)",0.2393750250339508,0.008352458477020264,0.03307831287384033,1
seg+pos+rms+psd,"(1.5, 8.0, 0.3, 0.3)",0.2847837507724762,0.02426856756210327,0.021780014038085938,1
seg+pos+rms+psd,"(1.5, 8.0, 0.3, 0.3)",0.27772800624370575,0.007865190505981445,0.024224281311035156,1
seg+pos+rms+psd,"(1.5, 8.0, 0.3, 0.3)",0.24246345460414886,0.0025194883346557617,0.009672284126281738,1
seg+pos+rms+psd,"(1.5, 8.0, 0.3, 0.3)",0.24763475358486176,0.01430201530456543,0.001096963882446289,1
seg+pos+rms+psd,"(1.5, 8.0, 0.3, 0.6)",0.2638557553291321,0.011186718940734863,0.01798224449157715,1
seg+pos+rms+psd,"(1.5, 8.0, 0.3, 0.6)",0.2479730024933815,0.0005161762237548828,0.03798210620880127,1
seg+pos+rms+psd,"(1.5, 8.0, 0.3, 0.6)",0.2710253745317459,0.008653759956359863,0.05251431465148926,1
seg+pos+rms+psd,"(1.5, 8.0, 0.3, 0.6)",0.27173689007759094,0.01566481590270996,0.0326380729675293,1
seg+pos+rms+psd,"(1.5, 8.0, 0.3, 0.6)",0.2540046274662018,0.019016742706298828,0.030797839164733887,1
seg+pos+rms+psd,"(1.5, 8.0, 0.3, 0.6)",0.28441187739372253,0.0033470988273620605,0.012741684913635254,1
seg+pos+rms+psd,"(1.5, 8.0, 0.3, 0.6)",0.2975308448076248,0.020428836345672607,0.04175233840942383,1
seg+pos+rms+psd,"(1.5, 8.0, 0.3, 0.6)",0.24153774976730347,0.02374434471130371,0.009705781936645508,1
seg+pos+rms+psd,"(1.5, 8.0, 0.3, 0.6)",0.2937312722206116,0.013211369514465332,0.03513813018798828,1
seg+pos+rms+psd,"(1.5, 8.0, 0.3, 0.6)",0.29572780430316925,0.013451755046844482,0.055670976638793945,1
seg+pos+rms+psd,"(1.5, 8.0, 0.3, 0.6)",0.24534687399864197,0.008665025234222412,0.06740176677703857,1
seg+pos+rms+psd,"(1.5, 8.0, 0.3, 0.6)",0.24120890349149704,0.028688549995422363,0.018326163291931152,1
seg+pos+rms+psd,"(1.5, 8.0, 0.3, 0.6)",0.24945465475320816,0.006531834602355957,0.03285634517669678,1
seg+pos+rms+psd,"(1.5, 8.0, 0.3, 0.6)",0.26251040399074554,0.003688812255859375,0.03647124767303467,1
seg+pos+rms+psd,"(1.5, 8.0, 0.3, 0.6)",0.2957313507795334,0.00798952579498291,0.04211127758026123,1
seg+pos+rms+psd,"(1.5, 8.0, 0.3, -0.3)",0.2662935107946396,0.010486900806427002,0.023035287857055664,1
seg+pos+rms+psd,"(1.5, 8.0, 0.3, -0.3)",0.28875042498111725,0.014918625354766846,0.04927229881286621,1
seg+pos+rms+psd,"(1.5, 8.0, 0.3, -0.3)",0.2617221251130104,0.026163041591644287,0.07540130615234375,1
seg+pos+rms+psd,"(1.5, 8.0, 0.3, -0.3)",0.29369187355041504,0.012672007083892822,0.017104148864746094,1
seg+pos+rms+psd,"(1.5, 8.0, 0.3, -0.3)",0.24778831005096436,0.020457565784454346,0.03779149055480957,1
seg+pos+rms+psd,"(1.5, 8.0, 0.3, -0.3)",0.25925497710704803,0.0233495831489563,0.04238581657409668,1
seg+pos+rms+psd,"(1.5, 8.0, 0.3, -0.3)",0.2496078982949257,0.023083090782165527,0.0745398998260498,1
seg+pos+rms+psd,"(1.5, 8.0, 0.3, -0.3)",0.244377002120018,0.03181427717208862,0.04666006565093994,1
seg+pos+rms+psd,"(1.5, 8.0, 0.3, -0.3)",0.2526579648256302,0.010865330696105957,0.020334720611572266,1
seg+pos+rms+psd,"(1.5, 8.0, 0.3, -0.3)",0.2505490109324455,0.0171281099319458,0.03149724006652832,1
seg+pos+rms+psd,"(1.5, 8.0, 0.3, -0.3)",0.262329638004303,0.020801961421966553,0.044985294342041016,1
seg+pos+rms+psd,"(1.5, 8.0, 0.3, -0.3)",0.27002304792404175,0.007122159004211426,0.026876449584960938,1
seg+pos+rms+psd,"(1.5, 8.0, 0.3, -0.3)",0.2961154580116272,0.018418610095977783,0.031000614166259766,1
seg+pos+rms+psd,"(1.5, 8.0, 0.3, -0.3)",0.29205091297626495,0.006901919841766357,0.020467281341552734,1
seg+pos+rms+psd,"(1.5, 8.0, 0.3, -0.3)",0.2627188116312027,0.001977682113647461,0.0001456737518310547,1
seg+pos+rms+psd,"(1.5, 8.0, 0.7, 0.0)",0.19669408351182938,0.014230966567993164,0.03274941444396973,1
seg+pos+rms+psd,"(1.5, 8.0, 0.7, 0.0)",0.19957876205444336,0.006501495838165283,0.03146648406982422,1
seg+pos+rms+psd,"(1.5, 8.0, 0.7, 0.0)",0.2298024296760559,0.01181793212890625,0.012567758560180664,1
seg+pos+rms+psd,"(1.5, 8.0, 0.7, 0.0)",0.19937584549188614,0.011410772800445557,0.005941867828369141,1
seg+pos+rms+psd,"(1.5, 8.0, 0.7, 0.0)",0.2300378829240799,0.00871044397354126,0.021474599838256836,1
seg+pos+rms+psd,"(1.5, 8.0, 0.7, 0.0)",0.21244808286428452,0.009200096130371094,0.03107309341430664,1
seg+pos+rms+psd,"(1.5, 8.0, 0.7, 0.0)",0.23260225355625153,0.002983272075653076,0.0015141963958740234,1
seg+pos+rms+psd,"(1.5, 8.0, 0.7, 0.0)",0.20454160124063492,0.015492022037506104,0.015413999557495117,1
seg+pos+rms+psd,"(1.5, 8.0, 0.7, 0.0)",0.19680751115083694,0.006981611251831055,0.003228425979614258,1
seg+pos+rms+psd,"(1.5, 8.0, 0.7, 0.0)",0.21353065967559814,0.003607451915740967,0.010059595108032227,1
seg+pos+rms+psd,"(1.5, 8.0, 0.7, 0.0)",0.19809002429246902,0.0108872652053833,0.004148960113525391,1
seg+pos+rms+psd,"(1.5, 8.0, 0.7, 0.0)",0.1995651125907898,0.008911371231079102,0.005993366241455078,1
seg+pos+rms+psd,"(1.5, 8.0, 0.7, 0.0)",0.188543438911438,0.008834123611450195,0.02567315101623535,1
seg+pos+rms+psd,"(1.5, 8.0, 0.7, 0.0)",0.1930547058582306,0.01324838399887085,0.03181123733520508,1
seg+pos+rms+psd,"(1.5, 8.0, 0.7, 0.0)",0.2340979352593422,0.012734591960906982,0.049017906188964844,1
seg+pos+rms+psd,"(1.5, 8.0, 0.7, 0.3)",0.20094042271375656,0.0017922520637512207,0.011389851570129395,1
seg+pos+rms+psd,"(1.5, 8.0, 0.7, 0.3)",0.19460941851139069,0.01820826530456543,0.010357022285461426,1
seg+pos+rms+psd,"(1.5, 8.0, 0.7, 0.3)",0.22615981847047806,0.004353344440460205,0.026699542999267578,1
seg+pos+rms+psd,"(1.5, 8.0, 0.7, 0.3)",0.2292577251791954,0.012018442153930664,0.002210378646850586,1
seg+pos+rms+psd,"(1.5, 8.0, 0.7, 0.3)",0.18978378921747208,0.0024704337120056152,0.0005812644958496094,1
seg+pos+rms+psd,"(1.5, 8.0, 0.7, 0.3)",0.20048995316028595,0.006678104400634766,0.020444750785827637,1
seg+pos+rms+psd,"(1.5, 8.0, 0.7, 0.3)",0.23092021048069,0.01276099681854248,0.017854928970336914,1
seg+pos+rms+psd,"(1.5, 8.0, 0.7, 0.3)",0.23427899181842804,0.019189119338989258,0.012732267379760742,1
seg+pos+rms+psd,"(1.5, 8.0, 0.7, 0.3)",0.2096073105931282,0.0031935572624206543,0.005055069923400879,1
seg+pos+rms+psd,"(1.5, 8.0, 0.7, 0.3)",0.20170530676841736,0.00525742769241333,0.01694190502166748,1
seg+pos+rms+psd,"(1.5, 8.0, 0.7, 0.3)",0.20680919289588928,0.01113438606262207,0.001710653305053711,1
seg+pos+rms+psd,"(1.5, 8.0, 0.7, 0.3)",0.19850947707891464,0.008428335189819336,0.02016615867614746,1
seg+pos+rms+psd,"(1.5, 8.0, 0.7, 0.3)",0.20153119415044785,0.0181962251663208,0.01714766025543213,1
seg+pos+rms+psd,"(1.5, 8.0, 0.7, 0.3)",0.22565987706184387,0.007140457630157471,0.026976943016052246,1
seg+pos+rms+psd,"(1.5, 8.0, 0.7, 0.3)",0.24044940620660782,0.009027600288391113,0.0360257625579834,1
seg+pos+rms+psd,"(1.5, 8.0, 0.7, 0.6)",0.2120821699500084,0.008350968360900879,0.0326617956161499,1
seg+pos+rms+psd,"(1.5, 8.0, 0.7, 0.6)",0.23518984764814377,0.008180499076843262,0.024048447608947754,1
seg+pos+rms+psd,"(1.5, 8.0, 0.7, 0.6)",0.20340315997600555,0.0044596195220947266,0.012417197227478027,1
seg+pos+rms+psd,"(1.5, 8.0, 0.7, 0.6)",0.20003297924995422,0.01539599895477295,0.017272472381591797,1
seg+pos+rms+psd,"(1.5, 8.0, 0.7, 0.6)",0.21385405212640762,0.0038274526596069336,0.04137778282165527,1
seg+pos+rms+psd,"(1.5, 8.0, 0.7, 0.6)",0.21186453849077225,0.018400907516479492,0.0048067569732666016,1
seg+pos+rms+psd,"(1.5, 8.0, 0.7, 0.6)",0.21739862859249115,0.02052968740463257,0.003978252410888672,1
seg+pos+rms+psd,"(1.5, 8.0, 0.7, 0.6)",0.19123727083206177,0.02394568920135498,0.004103183746337891,1
seg+pos+rms+psd,"(1.5, 8.0, 0.7, 0.6)",0.23360036313533783,0.007965028285980225,0.03852200508117676,1
seg+pos+rms+psd,"(1.5, 8.0, 0.7, 0.6)",0.21614595502614975,0.010752856731414795,0.030855536460876465,1
seg+pos+rms+psd,"(1.5, 8.0, 0.7, 0.6)",0.2271806299686432,0.003171682357788086,0.013404369354248047,1
seg+pos+rms+psd,"(1.5, 8.0, 0.7, 0.6)",0.22649075835943222,0.01749598979949951,0.04555070400238037,1
seg+pos+rms+psd,"(1.5, 8.0, 0.7, 0.6)",0.21630967408418655,0.011514127254486084,0.033109188079833984,1
seg+pos+rms+psd,"(1.5, 8.0, 0.7, 0.6)",0.19400085508823395,0.013845622539520264,0.028856754302978516,1
seg+pos+rms+psd,"(1.5, 8.0, 0.7, 0.6)",0.23169443756341934,0.0037057995796203613,0.028246641159057617,1
seg+pos+rms+psd,"(1.5, 8.0, 0.7, -0.3)",0.22654107958078384,0.022602200508117676,0.034314870834350586,1
seg+pos+rms+psd,"(1.5, 8.0, 0.7, -0.3)",0.20177767425775528,0.013154983520507812,0.0044536590576171875,1
seg+pos+rms+psd,"(1.5, 8.0, 0.7, -0.3)",0.18686076998710632,0.010483980178833008,0.004645109176635742,1
seg+pos+rms+psd,"(1.5, 8.0, 0.7, -0.3)",0.19441980868577957,0.013906776905059814,0.02325296401977539,1
seg+pos+rms+psd,"(1.5, 8.0, 0.7, -0.3)",0.23226682096719742,0.012771904468536377,0.027283191680908203,1
seg+pos+rms+psd,"(1.5, 8.0, 0.7, -0.3)",0.20969954878091812,0.017387807369232178,0.03540444374084473,1
seg+pos+rms+psd,"(1.5, 8.0, 0.7, -0.3)",0.2126641646027565,0.012027204036712646,0.00848388671875,1
seg+pos+rms+psd,"(1.5, 8.0, 0.7, -0.3)",0.21930188685655594,0.008234024047851562,0.00699162483215332,1
seg+pos+rms+psd,"(1.5, 8.0, 0.7, -0.3)",0.191146120429039,0.009055376052856445,0.008915901184082031,1
seg+pos+rms+psd,"(1.5, 8.0, 0.7, -0.3)",0.20052248984575272,0.009809136390686035,0.00127410888671875,1
seg+pos+rms+psd,"(1.5, 8.0, 0.7, -0.3)",0.1911993771791458,0.005003929138183594,0.035059452056884766,1
seg+pos+rms+psd,"(1.5, 8.0, 0.7, -0.3)",0.19588199257850647,0.003399193286895752,0.00029540061950683594,1
seg+pos+rms+psd,"(1.5, 8.0, 0.7, -0.3)",0.20380832254886627,0.008570551872253418,0.040091753005981445,1
seg+pos+rms+psd,"(1.5, 8.0, 0.7, -0.3)",0.2033773735165596,0.011851966381072998,0.02818465232849121,1
seg+pos+rms+psd,"(1.5, 8.0, 0.7, -0.3)",0.23417725414037704,0.013329684734344482,0.028984546661376953,1
seg+pos+rms+psd,"(1.5, 20.0, 0.3, 0.0)",0.2778475731611252,0.018295764923095703,0.028879880905151367,1
seg+pos+rms+psd,"(1.5, 20.0, 0.3, 0.0)",0.2629523426294327,0.019811570644378662,0.019039392471313477,1
seg+pos+rms+psd,"(1.5, 20.0, 0.3, 0.0)",0.22958508878946304,0.02423638105392456,0.016640424728393555,1
seg+pos+rms+psd,"(1.5, 20.0, 0.3, 0.0)",0.23091334849596024,0.013419866561889648,0.01434016227722168,1
seg+pos+rms+psd,"(1.5, 20.0, 0.3, 0.0)",0.2380288764834404,0.01034533977508545,0.0075457096099853516,1
seg+pos+rms+psd,"(1.5, 20.0, 0.3, 0.0)",0.26804229617118835,0.004090726375579834,0.02127516269683838,1
seg+pos+rms+psd,"(1.5, 20.0, 0.3, 0.0)",0.22013796865940094,0.02243053913116455,0.059548377990722656,1
seg+pos+rms+psd,"(1.5, 20.0, 0.3, 0.0)",0.22036738693714142,0.01628434658050537,0.0156707763671875,1
seg+pos+rms+psd,"(1.5, 20.0, 0.3, 0.0)",0.24008101224899292,0.017094433307647705,0.02427387237548828,1
seg+pos+rms+psd,"(1.5, 20.0, 0.3, 0.0)",0.24589234590530396,0.007621705532073975,0.0011210441589355469,1
seg+pos+rms+psd,"(1.5, 20.0, 0.3, 0.0)",0.2248445600271225,0.02549445629119873,0.013681888580322266,1
seg+pos+rms+psd,"(1.5, 20.0, 0.3, 0.0)",0.25526200234889984,0.014366626739501953,0.024173498153686523,1
seg+pos+rms+psd,"(1.5, 20.0, 0.3, 0.0)",0.22801819443702698,0.011905431747436523,0.0022101402282714844,1
seg+pos+rms+psd,"(1.5, 20.0, 0.3, 0.0)",0.21743535995483398,0.018397092819213867,0.007173776626586914,1
seg+pos+rms+psd,"(1.5, 20.0, 0.3, 0.0)",0.25036855787038803,0.017511367797851562,0.03699135780334473,1
seg+pos+rms+psd,"(1.5, 20.0, 0.3, 0.3)",0.23471122980117798,0.02638077735900879,0.07122135162353516,1
seg+pos+rms+psd,"(1.5, 20.0, 0.3, 0.3)",0.24390050768852234,0.017042040824890137,0.006629347801208496,1
seg+pos+rms+psd,"(1.5, 20.0, 0.3, 0.3)",0.22842879593372345,0.02463322877883911,0.029073238372802734,1
seg+pos+rms+psd,"(1.5, 20.0, 0.3, 0.3)",0.23066024482250214,0.017138540744781494,0.02661740779876709,1
seg+pos+rms+psd,"(1.5, 20.0, 0.3, 0.3)",0.22364648431539536,0.008315622806549072,0.012909889221191406,1
seg+pos+rms+psd,"(1.5, 20.0, 0.3, 0.3)",0.26639479398727417,0.024946391582489014,0.020993709564208984,1
seg+pos+rms+psd,"(1.5, 20.0, 0.3, 0.3)",0.2273252233862877,0.02080237865447998,0.041782498359680176,1
seg+pos+rms+psd,"(1.5, 20.0, 0.3, 0.3)",0.26500368118286133,0.012207090854644775,0.009595155715942383,1
seg+pos+rms+psd,"(1.5, 20.0, 0.3, 0.3)",0.2416875660419464,0.019774973392486572,0.008213043212890625,1
seg+pos+rms+psd,"(1.5, 20.0, 0.3, 0.3)",0.26353979855775833,0.009662389755249023,0.019405007362365723,1
seg+pos+rms+psd,"(1.5, 20.0, 0.3, 0.3)",0.23572475463151932,0.0176393985748291,0.007287263870239258,1
seg+pos+rms+psd,"(1.5, 20.0, 0.3, 0.3)",0.23150024563074112,0.01881331205368042,0.024394750595092773,1
seg+pos+rms+psd,"(1.5, 20.0, 0.3, 0.3)",0.2476850152015686,0.021160542964935303,0.0019184350967407227,1
seg+pos+rms+psd,"(1.5, 20.0, 0.3, 0.3)",0.22192498296499252,0.031127572059631348,0.05557560920715332,1
seg+pos+rms+psd,"(1.5, 20.0, 0.3, 0.3)",0.2414134293794632,0.014544963836669922,0.002253413200378418,1
seg+pos+rms+psd,"(1.5, 20.0, 0.3, 0.6)",0.22680536657571793,0.01798802614212036,0.01494300365447998,1
seg+pos+rms+psd,"(1.5, 20.0, 0.3, 0.6)",0.2223019003868103,0.02924180030822754,0.004006385803222656,1
seg+pos+rms+psd,"(1.5, 20.0, 0.3, 0.6)",0.25991690158843994,0.012003540992736816,0.038237929344177246,1
seg+pos+rms+psd,"(1.5, 20.0, 0.3, 0.6)",0.25226038694381714,0.03017139434814453,0.004581570625305176,1
seg+pos+rms+psd,"(1.5, 20.0, 0.3, 0.6)",0.24630621075630188,0.02516639232635498,0.0006759166717529297,1
seg+pos+rms+psd,"(1.5, 20.0, 0.3, 0.6)",0.23951423913240433,0.010540246963500977,0.026486992835998535,1
seg+pos+rms+psd,"(1.5, 20.0, 0.3, 0.6)",0.2266666293144226,0.0070323944091796875,0.03698229789733887,1
seg+pos+rms+psd,"(1.5, 20.0, 0.3, 0.6)",0.22457540035247803,0.012590110301971436,0.02626359462738037,1
seg+pos+rms+psd,"(1.5, 20.0, 0.3, 0.6)",0.23265426605939865,0.001522064208984375,0.02537524700164795,1
seg+pos+rms+psd,"(1.5, 20.0, 0.3, 0.6)",0.24537226557731628,0.017365217208862305,0.04907488822937012,1
seg+pos+rms+psd,"(1.5, 20.0, 0.3, 0.6)",0.24056488275527954,0.03575694561004639,0.01874256134033203,1
seg+pos+rms+psd,"(1.5, 20.0, 0.3, 0.6)",0.24611197412014008,0.02259773015975952,0.0054138898849487305,1
seg+pos+rms+psd,"(1.5, 20.0, 0.3, 0.6)",0.2376134991645813,0.017154276371002197,0.0038884878158569336,1
seg+pos+rms+psd,"(1.5, 20.0, 0.3, 0.6)",0.2582819163799286,0.029540836811065674,0.002033829689025879,1
seg+pos+rms+psd,"(1.5, 20.0, 0.3, 0.6)",0.2746037244796753,0.019664108753204346,0.0644906759262085,1
seg+pos+rms+psd,"(1.5, 20.0, 0.3, -0.3)",0.2269791141152382,0.017068922519683838,0.039565086364746094,1
seg+pos+rms+psd,"(1.5, 20.0, 0.3, -0.3)",0.23881912231445312,0.00888371467590332,0.009633064270019531,1
seg+pos+rms+psd,"(1.5, 20.0, 0.3, -0.3)",0.2483389526605606,0.012280166149139404,0.04313182830810547,1
seg+pos+rms+psd,"(1.5, 20.0, 0.3, -0.3)",0.23102619498968124,0.045899152755737305,0.09553933143615723,1
seg+pos+rms+psd,"(1.5, 20.0, 0.3, -0.3)",0.24123474210500717,0.019402682781219482,0.02033233642578125,1
seg+pos+rms+psd,"(1.5, 20.0, 0.3, -0.3)",0.23815685510635376,0.02265244722366333,0.030408620834350586,1
seg+pos+rms+psd,"(1.5, 20.0, 0.3, -0.3)",0.24430330097675323,0.014040708541870117,0.044202566146850586,1
seg+pos+rms+psd,"(1.5, 20.0, 0.3, -0.3)",0.22593632340431213,0.028559386730194092,0.04465889930725098,1
seg+pos+rms+psd,"(1.5, 20.0, 0.3, -0.3)",0.24400077015161514,0.02138996124267578,0.03590655326843262,1
seg+pos+rms+psd,"(1.5, 20.0, 0.3, -0.3)",0.22052205353975296,0.01405876874923706,0.03701210021972656,1
seg+pos+rms+psd,"(1.5, 20.0, 0.3, -0.3)",0.2517719715833664,0.013013780117034912,0.04708075523376465,1
seg+pos+rms+psd,"(1.5, 20.0, 0.3, -0.3)",0.22770148515701294,0.020835280418395996,0.03518533706665039,1
seg+pos+rms+psd,"(1.5, 20.0, 0.3, -0.3)",0.22583263367414474,0.017627716064453125,0.026734590530395508,1
seg+pos+rms+psd,"(1.5, 20.0, 0.3, -0.3)",0.2474185824394226,0.017893075942993164,0.05011868476867676,1
seg+pos+rms+psd,"(1.5, 20.0, 0.3, -0.3)",0.27354611456394196,0.0036929845809936523,0.010499238967895508,1
seg+pos+rms+psd,"(1.5, 20.0, 0.7, 0.0)",0.171353280544281,0.016567349433898926,0.030203700065612793,1
seg+pos+rms+psd,"(1.5, 20.0, 0.7, 0.0)",0.20306816697120667,0.011324107646942139,0.018664121627807617,1
seg+pos+rms+psd,"(1.5, 20.0, 0.7, 0.0)",0.1875210404396057,0.004185855388641357,0.003621697425842285,1
seg+pos+rms+psd,"(1.5, 20.0, 0.7, 0.0)",0.21659985184669495,0.012668251991271973,0.00391077995300293,1
seg+pos+rms+psd,"(1.5, 20.0, 0.7, 0.0)",0.21220369637012482,0.017635464668273926,0.021063566207885742,1
seg+pos+rms+psd,"(1.5, 20.0, 0.7, 0.0)",0.17251409590244293,0.012665748596191406,0.023835182189941406,1
seg+pos+rms+psd,"(1.5, 20.0, 0.7, 0.0)",0.21520555764436722,0.019645273685455322,0.02380073070526123,1
seg+pos+rms+psd,"(1.5, 20.0, 0.7, 0.0)",0.17818041890859604,0.015162765979766846,0.027657032012939453,1
seg+pos+rms+psd,"(1.5, 20.0, 0.7, 0.0)",0.1859395131468773,0.019844532012939453,0.013905763626098633,1
seg+pos+rms+psd,"(1.5, 20.0, 0.7, 0.0)",0.17796307802200317,0.01146632432937622,0.014174461364746094,1
seg+pos+rms+psd,"(1.5, 20.0, 0.7, 0.0)",0.17968035489320755,0.0058653950691223145,0.022013187408447266,1
seg+pos+rms+psd,"(1.5, 20.0, 0.7, 0.0)",0.19382937252521515,0.0008921027183532715,0.0061795711517333984,1
seg+pos+rms+psd,"(1.5, 20.0, 0.7, 0.0)",0.1899760663509369,0.01647484302520752,0.03625226020812988,1
seg+pos+rms+psd,"(1.5, 20.0, 0.7, 0.0)",0.21770457178354263,0.01058804988861084,0.015519380569458008,1
seg+pos+rms+psd,"(1.5, 20.0, 0.7, 0.0)",0.21195483207702637,0.00878763198852539,0.01733708381652832,1
seg+pos+rms+psd,"(1.5, 20.0, 0.7, 0.3)",0.18628070503473282,0.020810484886169434,0.0428774356842041,1
seg+pos+rms+psd,"(1.5, 20.0, 0.7, 0.3)",0.20696675032377243,0.017081022262573242,0.03322470188140869,1
seg+pos+rms+psd,"(1.5, 20.0, 0.7, 0.3)",0.1999453902244568,0.0034791231155395508,0.04614663124084473,1
seg+pos+rms+psd,"(1.5, 20.0, 0.7, 0.3)",0.1970716267824173,0.008005321025848389,0.03466832637786865,1
seg+pos+rms+psd,"(1.5, 20.0, 0.7, 0.3)",0.17065643519163132,0.00450897216796875,0.010280847549438477,1
seg+pos+rms+psd,"(1.5, 20.0, 0.7, 0.3)",0.19380605965852737,0.003413975238800049,0.029857993125915527,1
seg+pos+rms+psd,"(1.5, 20.0, 0.7, 0.3)",0.21456298977136612,0.002147197723388672,0.03210246562957764,1
seg+pos+rms+psd,"(1.5, 20.0, 0.7, 0.3)",0.18175461888313293,0.0023459196090698242,0.0158233642578125,1
seg+pos+rms+psd,"(1.5, 20.0, 0.7, 0.3)",0.19380875676870346,0.01755315065383911,0.06809329986572266,1
seg+pos+rms+psd,"(1.5, 20.0, 0.7, 0.3)",0.1860329881310463,0.021893084049224854,0.019519686698913574,1
seg+pos+rms+psd,"(1.5, 20.0, 0.7, 0.3)",0.1788610816001892,0.0010635852813720703,0.022140026092529297,1
seg+pos+rms+psd,"(1.5, 20.0, 0.7, 0.3)",0.1791493073105812,0.013640403747558594,0.006089568138122559,1
seg+pos+rms+psd,"(1.5, 20.0, 0.7, 0.3)",0.17711582779884338,0.015966594219207764,4.291534423828125e-06,1
seg+pos+rms+psd,"(1.5, 20.0, 0.7, 0.3)",0.17943015694618225,0.009550988674163818,0.0040395259857177734,1
seg+pos+rms+psd,"(1.5, 20.0, 0.7, 0.3)",0.20589834451675415,0.00410538911819458,0.001033186912536621,1
seg+pos+rms+psd,"(1.5, 20.0, 0.7, 0.6)",0.208413265645504,0.01753711700439453,0.012334585189819336,1
seg+pos+rms+psd,"(1.5, 20.0, 0.7, 0.6)",0.18969342857599258,0.00235062837600708,0.01407766342163086,1
seg+pos+rms+psd,"(1.5, 20.0, 0.7, 0.6)",0.1802862212061882,0.003081798553466797,0.01771235466003418,1
seg+pos+rms+psd,"(1.5, 20.0, 0.7, 0.6)",0.18262913823127747,0.014504551887512207,0.03339838981628418,1
seg+pos+rms+psd,"(1.5, 20.0, 0.7, 0.6)",0.1994677186012268,0.025191307067871094,0.03502655029296875,1
seg+pos+rms+psd,"(1.5, 20.0, 0.7, 0.6)",0.21085357666015625,0.004908919334411621,0.031125187873840332,1
seg+pos+rms+psd,"(1.5, 20.0, 0.7, 0.6)",0.18397103995084763,0.017097115516662598,0.0174177885055542,1
seg+pos+rms+psd,"(1.5, 20.0, 0.7, 0.6)",0.21057060360908508,0.007291555404663086,0.0009870529174804688,1
seg+pos+rms+psd,"(1.5, 20.0, 0.7, 0.6)",0.16998019814491272,0.0025175809860229492,0.004592299461364746,1
seg+pos+rms+psd,"(1.5, 20.0, 0.7, 0.6)",0.21028617769479752,0.013431668281555176,0.02567732334136963,1
seg+pos+rms+psd,"(1.5, 20.0, 0.7, 0.6)",0.19737209379673004,0.004513263702392578,0.010669589042663574,1
seg+pos+rms+psd,"(1.5, 20.0, 0.7, 0.6)",0.1760035902261734,0.01087653636932373,0.041728973388671875,1
seg+pos+rms+psd,"(1.5, 20.0, 0.7, 0.6)",0.2042316198348999,0.0005799531936645508,0.009625792503356934,1
seg+pos+rms+psd,"(1.5, 20.0, 0.7, 0.6)",0.22019394487142563,0.008203983306884766,0.028791069984436035,1
seg+pos+rms+psd,"(1.5, 20.0, 0.7, 0.6)",0.20574317127466202,0.011535167694091797,0.027640342712402344,1
seg+pos+rms+psd,"(1.5, 20.0, 0.7, -0.3)",0.18798380345106125,0.007780790328979492,0.032059431076049805,1
seg+pos+rms+psd,"(1.5, 20.0, 0.7, -0.3)",0.1937301829457283,0.0032401680946350098,0.012754678726196289,1
seg+pos+rms+psd,"(1.5, 20.0, 0.7, -0.3)",0.18085231631994247,0.010638535022735596,0.013181447982788086,1
seg+pos+rms+psd,"(1.5, 20.0, 0.7, -0.3)",0.2109098881483078,0.01961272954940796,0.014901876449584961,1
seg+pos+rms+psd,"(1.5, 20.0, 0.7, -0.3)",0.1929011195898056,0.019084632396697998,0.03022289276123047,1
seg+pos+rms+psd,"(1.5, 20.0, 0.7, -0.3)",0.18153905868530273,0.006496012210845947,0.0011334419250488281,1
seg+pos+rms+psd,"(1.5, 20.0, 0.7, -0.3)",0.18900913000106812,0.00798875093460083,0.012761592864990234,1
seg+pos+rms+psd,"(1.5, 20.0, 0.7, -0.3)",0.1914650723338127,0.01186513900756836,0.005126237869262695,1
seg+pos+rms+psd,"(1.5, 20.0, 0.7, -0.3)",0.18404988199472427,0.01903587579727173,0.03032231330871582,1
seg+pos+rms+psd,"(1.5, 20.0, 0.7, -0.3)",0.20180455595254898,0.0033022165298461914,0.007477521896362305,1
seg+pos+rms+psd,"(1.5, 20.0, 0.7, -0.3)",0.1970634162425995,0.0027164816856384277,0.0005524158477783203,1
seg+pos+rms+psd,"(1.5, 20.0, 0.7, -0.3)",0.1800093576312065,0.006802797317504883,0.0175931453704834,1
seg+pos+rms+psd,"(1.5, 20.0, 0.7, -0.3)",0.20474056154489517,0.006910562515258789,0.011372804641723633,1
seg+pos+rms+psd,"(1.5, 20.0, 0.7, -0.3)",0.21690192818641663,0.011558890342712402,0.030472397804260254,1
seg+pos+rms+psd,"(1.5, 20.0, 0.7, -0.3)",0.17928849160671234,0.012185931205749512,0.027495384216308594,1
seg+pos+rms+psd,"(3.0, 8.0, 0.3, 0.0)",0.3702324777841568,0.015861988067626953,0.01127004623413086,1
seg+pos+rms+psd,"(3.0, 8.0, 0.3, 0.0)",0.3721102327108383,0.01849198341369629,0.030719280242919922,1
seg+pos+rms+psd,"(3.0, 8.0, 0.3, 0.0)",0.31760184466838837,0.00944209098815918,0.01178121566772461,1
seg+pos+rms+psd,"(3.0, 8.0, 0.3, 0.0)",0.334769606590271,0.02270948886871338,0.039194583892822266,1
seg+pos+rms+psd,"(3.0, 8.0, 0.3, 0.0)",0.35565659403800964,0.009382486343383789,0.02544260025024414,1
seg+pos+rms+psd,"(3.0, 8.0, 0.3, 0.0)",0.29444438219070435,0.004111886024475098,0.018733978271484375,1
seg+pos+rms+psd,"(3.0, 8.0, 0.3, 0.0)",0.3439923971891403,0.01398313045501709,0.05560922622680664,1
seg+pos+rms+psd,"(3.0, 8.0, 0.3, 0.0)",0.2974204570055008,0.010809183120727539,0.04289579391479492,1
seg+pos+rms+psd,"(3.0, 8.0, 0.3, 0.0)",0.31631436944007874,0.007143497467041016,0.018985509872436523,1
seg+pos+rms+psd,"(3.0, 8.0, 0.3, 0.0)",0.3270096927881241,0.01809680461883545,0.022191524505615234,1
seg+pos+rms+psd,"(3.0, 8.0, 0.3, 0.0)",0.2954492121934891,0.004217624664306641,0.001539468765258789,1
seg+pos+rms+psd,"(3.0, 8.0, 0.3, 0.0)",0.34702929854393005,0.02323901653289795,0.034360408782958984,1
seg+pos+rms+psd,"(3.0, 8.0, 0.3, 0.0)",0.3144701272249222,0.007612824440002441,0.00428009033203125,1
seg+pos+rms+psd,"(3.0, 8.0, 0.3, 0.0)",0.34971681237220764,0.014388203620910645,0.01411294937133789,1
seg+pos+rms+psd,"(3.0, 8.0, 0.3, 0.0)",0.3248395323753357,0.008229255676269531,0.010141849517822266,1
seg+pos+rms+psd,"(3.0, 8.0, 0.3, 0.3)",0.3657272011041641,0.010909199714660645,0.015150785446166992,1
seg+pos+rms+psd,"(3.0, 8.0, 0.3, 0.3)",0.3174358308315277,0.010785698890686035,0.027628660202026367,1
seg+pos+rms+psd,"(3.0, 8.0, 0.3, 0.3)",0.3556816279888153,0.008671283721923828,0.023077964782714844,1
seg+pos+rms+psd,"(3.0, 8.0, 0.3, 0.3)",0.3040006011724472,0.013083457946777344,0.024886131286621094,1
seg+pos+rms+psd,"(3.0, 8.0, 0.3, 0.3)",0.32195498049259186,0.012582063674926758,0.0243685245513916,1
seg+pos+rms+psd,"(3.0, 8.0, 0.3, 0.3)",0.32640859484672546,0.012111663818359375,0.004670858383178711,1
seg+pos+rms+psd,"(3.0, 8.0, 0.3, 0.3)",0.3509548753499985,0.006970405578613281,0.0037393569946289062,1
seg+pos+rms+psd,"(3.0, 8.0, 0.3, 0.3)",0.31154878437519073,0.0031582117080688477,0.0005848407745361328,1
seg+pos+rms+psd,"(3.0, 8.0, 0.3, 0.3)",0.32715025544166565,0.008584022521972656,0.011654853820800781,1
seg+pos+rms+psd,"(3.0, 8.0, 0.3, 0.3)",0.31228935718536377,0.007221817970275879,0.013874053955078125,1
seg+pos+rms+psd,"(3.0, 8.0, 0.3, 0.3)",0.3380991071462631,0.01740419864654541,0.018247365951538086,1
seg+pos+rms+psd,"(3.0, 8.0, 0.3, 0.3)",0.33777396380901337,0.005693793296813965,0.006767988204956055,1
seg+pos+rms+psd,"(3.0, 8.0, 0.3, 0.3)",0.31375569105148315,0.016521573066711426,0.013154983520507812,1
seg+pos+rms+psd,"(3.0, 8.0, 0.3, 0.3)",0.36924542486667633,0.0021840333938598633,0.012340307235717773,1
seg+pos+rms+psd,"(3.0, 8.0, 0.3, 0.3)",0.3306981176137924,0.004031777381896973,0.02320575714111328,1
seg+pos+rms+psd,"(3.0, 8.0, 0.3, 0.6)",0.34016381204128265,0.022669434547424316,0.016576290130615234,1
seg+pos+rms+psd,"(3.0, 8.0, 0.3, 0.6)",0.2913866639137268,0.017981886863708496,0.06248593330383301,1
seg+pos+rms+psd,"(3.0, 8.0, 0.3, 0.6)",0.3338916301727295,0.011532068252563477,0.01728081703186035,1
seg+pos+rms+psd,"(3.0, 8.0, 0.3, 0.6)",0.3239612579345703,0.03165543079376221,0.03372502326965332,1
seg+pos+rms+psd,"(3.0, 8.0, 0.3, 0.6)",0.2943313270807266,0.021422147750854492,0.02371072769165039,1
seg+pos+rms+psd,"(3.0, 8.0, 0.3, 0.6)",0.33302733302116394,0.018766283988952637,0.020963668823242188,1
seg+pos+rms+psd,"(3.0, 8.0, 0.3, 0.6)",0.3796544820070267,0.016973257064819336,0.07238268852233887,1
seg+pos+rms+psd,"(3.0, 8.0, 0.3, 0.6)",0.30552513897418976,0.011475563049316406,0.027622461318969727,1
seg+pos+rms+psd,"(3.0, 8.0, 0.3, 0.6)",0.3350622355937958,0.01283109188079834,0.06907200813293457,1
seg+pos+rms+psd,"(3.0, 8.0, 0.3, 0.6)",0.32015541195869446,0.018720388412475586,0.02784419059753418,1
seg+pos+rms+psd,"(3.0, 8.0, 0.3, 0.6)",0.3715285658836365,0.016130924224853516,0.0373530387878418,1
seg+pos+rms+psd,"(3.0, 8.0, 0.3, 0.6)",0.35690464079380035,0.022718429565429688,0.043286800384521484,1
seg+pos+rms+psd,"(3.0, 8.0, 0.3, 0.6)",0.2988554984331131,0.025676488876342773,0.005200386047363281,1
seg+pos+rms+psd,"(3.0, 8.0, 0.3, 0.6)",0.3184063732624054,0.014343023300170898,0.009243011474609375,1
seg+pos+rms+psd,"(3.0, 8.0, 0.3, 0.6)",0.30401426553726196,0.008529186248779297,0.04031205177307129,1
seg+pos+rms+psd,"(3.0, 8.0, 0.3, -0.3)",0.30145667493343353,0.009593844413757324,0.008713245391845703,1
seg+pos+rms+psd,"(3.0, 8.0, 0.3, -0.3)",0.3380157798528671,0.014236688613891602,0.03078603744506836,1
seg+pos+rms+psd,"(3.0, 8.0, 0.3, -0.3)",0.3059915453195572,0.017242789268493652,0.02173900604248047,1
seg+pos+rms+psd,"(3.0, 8.0, 0.3, -0.3)",0.31987786293029785,0.010792255401611328,0.019157886505126953,1
seg+pos+rms+psd,"(3.0, 8.0, 0.3, -0.3)",0.31599271297454834,0.0053632259368896484,0.005703926086425781,1
seg+pos+rms+psd,"(3.0, 8.0, 0.3, -0.3)",0.31096959114074707,0.02815115451812744,0.010054588317871094,1
seg+pos+rms+psd,"(3.0, 8.0, 0.3, -0.3)",0.36881953477859497,0.00910484790802002,0.007051944732666016,1
seg+pos+rms+psd,"(3.0, 8.0, 0.3, -0.3)",0.3490990400314331,0.007434248924255371,0.01843738555908203,1
seg+pos+rms+psd,"(3.0, 8.0, 0.3, -0.3)",0.31834644079208374,0.011700630187988281,0.0003209114074707031,1
seg+pos+rms+psd,"(3.0, 8.0, 0.3, -0.3)",0.3326447606086731,0.015292763710021973,0.03208303451538086,1
seg+pos+rms+psd,"(3.0, 8.0, 0.3, -0.3)",0.2967299669981003,0.007287263870239258,0.004008769989013672,1
seg+pos+rms+psd,"(3.0, 8.0, 0.3, -0.3)",0.29806530475616455,0.002318263053894043,0.0016188621520996094,1
seg+pos+rms+psd,"(3.0, 8.0, 0.3, -0.3)",0.34779299795627594,0.01713097095489502,0.017064571380615234,1
seg+pos+rms+psd,"(3.0, 8.0, 0.3, -0.3)",0.31844866275787354,0.013044238090515137,0.014062881469726562,1
seg+pos+rms+psd,"(3.0, 8.0, 0.3, -0.3)",0.33052416145801544,0.010554313659667969,0.02791309356689453,1
seg+pos+rms+psd,"(3.0, 8.0, 0.7, 0.0)",0.28675466775894165,0.018842220306396484,0.022584915161132812,1
seg+pos+rms+psd,"(3.0, 8.0, 0.7, 0.0)",0.27606306970119476,0.012755870819091797,0.010767936706542969,1
seg+pos+rms+psd,"(3.0, 8.0, 0.7, 0.0)",0.24469609558582306,0.006529331207275391,0.0010952949523925781,1
seg+pos+rms+psd,"(3.0, 8.0, 0.7, 0.0)",0.24098685383796692,0.0014119148254394531,0.004611015319824219,1
seg+pos+rms+psd,"(3.0, 8.0, 0.7, 0.0)",0.2357693910598755,0.026253461837768555,0.04549741744995117,1
seg+pos+rms+psd,"(3.0, 8.0, 0.7, 0.0)",0.25324924290180206,0.00889897346496582,0.018532752990722656,1
seg+pos+rms+psd,"(3.0, 8.0, 0.7, 0.0)",0.22440844774246216,0.013939380645751953,0.02789449691772461,1
seg+pos+rms+psd,"(3.0, 8.0, 0.7, 0.0)",0.2551070749759674,0.008345365524291992,0.020848751068115234,1
seg+pos+rms+psd,"(3.0, 8.0, 0.7, 0.0)",0.24097853153944016,0.0052301883697509766,0.003513813018798828,1
seg+pos+rms+psd,"(3.0, 8.0, 0.7, 0.0)",0.2892265319824219,0.016048908233642578,0.022548437118530273,1
seg+pos+rms+psd,"(3.0, 8.0, 0.7, 0.0)",0.2864764630794525,0.02796018123626709,0.02477574348449707,1
seg+pos+rms+psd,"(3.0, 8.0, 0.7, 0.0)",0.2507137432694435,0.013377666473388672,0.02329397201538086,1
seg+pos+rms+psd,"(3.0, 8.0, 0.7, 0.0)",0.253084272146225,0.020812630653381348,0.022670269012451172,1
seg+pos+rms+psd,"(3.0, 8.0, 0.7, 0.0)",0.2669558823108673,0.016420483589172363,0.0023593902587890625,1
seg+pos+rms+psd,"(3.0, 8.0, 0.7, 0.0)",0.2816551774740219,0.0008189678192138672,0.002060413360595703,1
seg+pos+rms+psd,"(3.0, 8.0, 0.7, 0.3)",0.254195399582386,0.004726767539978027,0.015671730041503906,1
seg+pos+rms+psd,"(3.0, 8.0, 0.7, 0.3)",0.23823785036802292,0.00866842269897461,0.019798755645751953,1
seg+pos+rms+psd,"(3.0, 8.0, 0.7, 0.3)",0.24411624670028687,0.011159777641296387,0.019823551177978516,1
seg+pos+rms+psd,"(3.0, 8.0, 0.7, 0.3)",0.2486274093389511,0.011156558990478516,0.02953195571899414,1
seg+pos+rms+psd,"(3.0, 8.0, 0.7, 0.3)",0.2891451418399811,0.015015602111816406,0.029506206512451172,1
seg+pos+rms+psd,"(3.0, 8.0, 0.7, 0.3)",0.23596012592315674,0.004576921463012695,0.027366161346435547,1
seg+pos+rms+psd,"(3.0, 8.0, 0.7, 0.3)",0.2865428477525711,0.013276934623718262,0.019801616668701172,1
seg+pos+rms+psd,"(3.0, 8.0, 0.7, 0.3)",0.26631200313568115,0.011310577392578125,0.025035619735717773,1
seg+pos+rms+psd,"(3.0, 8.0, 0.7, 0.3)",0.27271774411201477,0.016585111618041992,0.005426168441772461,1
seg+pos+rms+psd,"(3.0, 8.0, 0.7, 0.3)",0.281792089343071,0.008500099182128906,0.022016525268554688,1
seg+pos+rms+psd,"(3.0, 8.0, 0.7, 0.3)",0.2534209042787552,0.01104271411895752,0.025851726531982422,1
seg+pos+rms+psd,"(3.0, 8.0, 0.7, 0.3)",0.2666218876838684,0.0191192626953125,0.03493070602416992,1
seg+pos+rms+psd,"(3.0, 8.0, 0.7, 0.3)",0.23868576437234879,0.01315319538116455,0.011857271194458008,1
seg+pos+rms+psd,"(3.0, 8.0, 0.7, 0.3)",0.27829238772392273,0.009366631507873535,0.02348613739013672,1
seg+pos+rms+psd,"(3.0, 8.0, 0.7, 0.3)",0.2516876608133316,0.0029439926147460938,0.007134675979614258,1
seg+pos+rms+psd,"(3.0, 8.0, 0.7, 0.6)",0.25059202313423157,0.01590728759765625,0.01954030990600586,1
seg+pos+rms+psd,"(3.0, 8.0, 0.7, 0.6)",0.2604314833879471,0.00687718391418457,0.005599021911621094,1
seg+pos+rms+psd,"(3.0, 8.0, 0.7, 0.6)",0.23810037970542908,0.02052450180053711,0.0028650760650634766,1
seg+pos+rms+psd,"(3.0, 8.0, 0.7, 0.6)",0.2722247242927551,0.0035387277603149414,0.0251922607421875,1
seg+pos+rms+psd,"(3.0, 8.0, 0.7, 0.6)",0.2570963203907013,0.02079784870147705,0.012311220169067383,1
seg+pos+rms+psd,"(3.0, 8.0, 0.7, 0.6)",0.2685942053794861,0.015513777732849121,0.03442668914794922,1
seg+pos+rms+psd,"(3.0, 8.0, 0.7, 0.6)",0.22968877851963043,0.011317849159240723,0.028192520141601562,1
seg+pos+rms+psd,"(3.0, 8.0, 0.7, 0.6)",0.24417401105165482,0.011241316795349121,0.04053211212158203,1
seg+pos+rms+psd,"(3.0, 8.0, 0.7, 0.6)",0.24374129623174667,0.01836836338043213,0.0057566165924072266,1
seg+pos+rms+psd,"(3.0, 8.0, 0.7, 0.6)",0.24267910420894623,0.015255331993103027,0.03570270538330078,1
seg+pos+rms+psd,"(3.0, 8.0, 0.7, 0.6)",0.24953259527683258,0.016762495040893555,0.037212371826171875,1
seg+pos+rms+psd,"(3.0, 8.0, 0.7, 0.6)",0.2559508681297302,0.002306699752807617,0.06021904945373535,1
seg+pos+rms+psd,"(3.0, 8.0, 0.7, 0.6)",0.25010647624731064,0.019420504570007324,0.004881620407104492,1
seg+pos+rms+psd,"(3.0, 8.0, 0.7, 0.6)",0.26968085765838623,0.008379697799682617,0.0012972354888916016,1
seg+pos+rms+psd,"(3.0, 8.0, 0.7, 0.6)",0.24258189648389816,0.012926697731018066,0.017183542251586914,1
seg+pos+rms+psd,"(3.0, 8.0, 0.7, -0.3)",0.2879887819290161,0.0024788379669189453,0.002044200897216797,1
seg+pos+rms+psd,"(3.0, 8.0, 0.7, -0.3)",0.24096816033124924,0.011582493782043457,0.0022268295288085938,1
seg+pos+rms+psd,"(3.0, 8.0, 0.7, -0.3)",0.2426541969180107,0.005773663520812988,0.004687309265136719,1
seg+pos+rms+psd,"(3.0, 8.0, 0.7, -0.3)",0.2949330061674118,0.016609549522399902,0.05420970916748047,1
seg+pos+rms+psd,"(3.0, 8.0, 0.7, -0.3)",0.2492564618587494,0.015301704406738281,0.00923013687133789,1
seg+pos+rms+psd,"(3.0, 8.0, 0.7, -0.3)",0.2771773040294647,0.013245344161987305,0.03262042999267578,1
seg+pos+rms+psd,"(3.0, 8.0, 0.7, -0.3)",0.227278932929039,0.01809084415435791,0.024860858917236328,1
seg+pos+rms+psd,"(3.0, 8.0, 0.7, -0.3)",0.259965717792511,0.0072280168533325195,0.029484272003173828,1
seg+pos+rms+psd,"(3.0, 8.0, 0.7, -0.3)",0.2605062872171402,0.008795619010925293,0.003509044647216797,1
seg+pos+rms+psd,"(3.0, 8.0, 0.7, -0.3)",0.2511855587363243,0.013945460319519043,0.02368783950805664,1
seg+pos+rms+psd,"(3.0, 8.0, 0.7, -0.3)",0.25442489981651306,0.021911978721618652,0.03389286994934082,1
seg+pos+rms+psd,"(3.0, 8.0, 0.7, -0.3)",0.23274225741624832,0.007755160331726074,0.019499778747558594,1
seg+pos+rms+psd,"(3.0, 8.0, 0.7, -0.3)",0.2576600909233093,0.01705634593963623,0.028418540954589844,1
seg+pos+rms+psd,"(3.0, 8.0, 0.7, -0.3)",0.2351684793829918,0.012567400932312012,0.030365467071533203,1
seg+pos+rms+psd,"(3.0, 8.0, 0.7, -0.3)",0.28217265009880066,0.01040959358215332,0.01928853988647461,1
seg+pos+rms+psd,"(3.0, 20.0, 0.3, 0.0)",0.28007587790489197,0.016708731651306152,0.02886199951171875,1
seg+pos+rms+psd,"(3.0, 20.0, 0.3, 0.0)",0.2894984036684036,0.008733153343200684,0.013427734375,1
seg+pos+rms+psd,"(3.0, 20.0, 0.3, 0.0)",0.30711498856544495,0.01336050033569336,0.02538919448852539,1
seg+pos+rms+psd,"(3.0, 20.0, 0.3, 0.0)",0.3053398132324219,0.010091900825500488,0.029856204986572266,1
seg+pos+rms+psd,"(3.0, 20.0, 0.3, 0.0)",0.2783986032009125,0.01623237133026123,0.010144710540771484,1
seg+pos+rms+psd,"(3.0, 20.0, 0.3, 0.0)",0.30911438167095184,0.005753040313720703,0.020041227340698242,1
seg+pos+rms+psd,"(3.0, 20.0, 0.3, 0.0)",0.28599901497364044,0.016756892204284668,0.03581094741821289,1
seg+pos+rms+psd,"(3.0, 20.0, 0.3, 0.0)",0.2859596461057663,0.01299130916595459,0.0015277862548828125,1
seg+pos+rms+psd,"(3.0, 20.0, 0.3, 0.0)",0.281169593334198,0.012540698051452637,0.008512020111083984,1
seg+pos+rms+psd,"(3.0, 20.0, 0.3, 0.0)",0.3007727563381195,0.002040863037109375,0.015196800231933594,1
seg+pos+rms+psd,"(3.0, 20.0, 0.3, 0.0)",0.29576022922992706,0.006353855133056641,0.006016969680786133,1
seg+pos+rms+psd,"(3.0, 20.0, 0.3, 0.0)",0.28432072699069977,0.017338275909423828,0.02213430404663086,1
seg+pos+rms+psd,"(3.0, 20.0, 0.3, 0.0)",0.2842869460582733,0.0036660432815551758,0.0019910335540771484,1
seg+pos+rms+psd,"(3.0, 20.0, 0.3, 0.0)",0.2987941801548004,0.011323213577270508,0.0052928924560546875,1
seg+pos+rms+psd,"(3.0, 20.0, 0.3, 0.0)",0.284027099609375,0.01917111873626709,0.014138221740722656,1
seg+pos+rms+psd,"(3.0, 20.0, 0.3, 0.3)",0.28792329132556915,0.016437172889709473,0.011612892150878906,1
seg+pos+rms+psd,"(3.0, 20.0, 0.3, 0.3)",0.27946723997592926,0.01786661148071289,0.003855466842651367,1
seg+pos+rms+psd,"(3.0, 20.0, 0.3, 0.3)",0.2826131135225296,0.0038138628005981445,0.028412580490112305,1
seg+pos+rms+psd,"(3.0, 20.0, 0.3, 0.3)",0.33534833788871765,0.01987016201019287,0.03853583335876465,1
seg+pos+rms+psd,"(3.0, 20.0, 0.3, 0.3)",0.29931554198265076,0.00878298282623291,0.006124973297119141,1
seg+pos+rms+psd,"(3.0, 20.0, 0.3, 0.3)",0.28037208318710327,0.01043546199798584,0.005173683166503906,1
seg+pos+rms+psd,"(3.0, 20.0, 0.3, 0.3)",0.29401685297489166,0.012840032577514648,0.0005121231079101562,1
seg+pos+rms+psd,"(3.0, 20.0, 0.3, 0.3)",0.29209113121032715,0.0034732818603515625,0.030817747116088867,1
seg+pos+rms+psd,"(3.0, 20.0, 0.3, 0.3)",0.3383007198572159,0.006832242012023926,0.008121967315673828,1
seg+pos+rms+psd,"(3.0, 20.0, 0.3, 0.3)",0.336593896150589,0.015073657035827637,0.004498958587646484,1
seg+pos+rms+psd,"(3.0, 20.0, 0.3, 0.3)",0.30377770960330963,0.01442861557006836,0.0456995964050293,1
seg+pos+rms+psd,"(3.0, 20.0, 0.3, 0.3)",0.29486796259880066,0.009791970252990723,0.006180763244628906,1
seg+pos+rms+psd,"(3.0, 20.0, 0.3, 0.3)",0.3350601941347122,0.016759037971496582,0.007040500640869141,1
seg+pos+rms+psd,"(3.0, 20.0, 0.3, 0.3)",0.27912358939647675,0.01776754856109619,0.024803876876831055,1
seg+pos+rms+psd,"(3.0, 20.0, 0.3, 0.3)",0.30199481546878815,0.01986563205718994,0.019223451614379883,1
seg+pos+rms+psd,"(3.0, 20.0, 0.3, 0.6)",0.2960180193185806,0.01811814308166504,0.01672959327697754,1
seg+pos+rms+psd,"(3.0, 20.0, 0.3, 0.6)",0.3013717830181122,0.008229851722717285,0.022480249404907227,1
seg+pos+rms+psd,"(3.0, 20.0, 0.3, 0.6)",0.30410121381282806,0.0055664777755737305,0.015871047973632812,1
seg+pos+rms+psd,"(3.0, 20.0, 0.3, 0.6)",0.30622492730617523,0.019988656044006348,0.0060994625091552734,1
seg+pos+rms+psd,"(3.0, 20.0, 0.3, 0.6)",0.3485126495361328,0.013482928276062012,0.019610881805419922,1
seg+pos+rms+psd,"(3.0, 20.0, 0.3, 0.6)",0.2801845520734787,0.006634116172790527,0.007295370101928711,1
seg+pos+rms+psd,"(3.0, 20.0, 0.3, 0.6)",0.3079015612602234,0.007995247840881348,0.0008115768432617188,1
seg+pos+rms+psd,"(3.0, 20.0, 0.3, 0.6)",0.32969869673252106,0.006865501403808594,0.013069391250610352,1
seg+pos+rms+psd,"(3.0, 20.0, 0.3, 0.6)",0.2814360111951828,0.01306295394897461,0.002209901809692383,1
seg+pos+rms+psd,"(3.0, 20.0, 0.3, 0.6)",0.2737663686275482,0.010601520538330078,0.012626409530639648,1
seg+pos+rms+psd,"(3.0, 20.0, 0.3, 0.6)",0.2965053617954254,0.012609720230102539,0.00577545166015625,1
seg+pos+rms+psd,"(3.0, 20.0, 0.3, 0.6)",0.3359677791595459,0.014748334884643555,0.0860297679901123,1
seg+pos+rms+psd,"(3.0, 20.0, 0.3, 0.6)",0.30278150737285614,0.0007439851760864258,0.0028884410858154297,1
seg+pos+rms+psd,"(3.0, 20.0, 0.3, 0.6)",0.27812138199806213,0.004593610763549805,0.029680490493774414,1
seg+pos+rms+psd,"(3.0, 20.0, 0.3, 0.6)",0.2987827658653259,0.0015592575073242188,0.03020930290222168,1
seg+pos+rms+psd,"(3.0, 20.0, 0.3, -0.3)",0.27822376787662506,0.0009019374847412109,0.010268211364746094,1
seg+pos+rms+psd,"(3.0, 20.0, 0.3, -0.3)",0.3240482211112976,0.007857322692871094,0.015709877014160156,1
seg+pos+rms+psd,"(3.0, 20.0, 0.3, -0.3)",0.29464131593704224,0.01357114315032959,0.020700931549072266,1
seg+pos+rms+psd,"(3.0, 20.0, 0.3, -0.3)",0.28926095366477966,0.001507401466369629,0.01851797103881836,1
seg+pos+rms+psd,"(3.0, 20.0, 0.3, -0.3)",0.28066495060920715,0.012905478477478027,0.037423133850097656,1
seg+pos+rms+psd,"(3.0, 20.0, 0.3, -0.3)",0.28439196944236755,0.005896568298339844,0.01630401611328125,1
seg+pos+rms+psd,"(3.0, 20.0, 0.3, -0.3)",0.2861010432243347,0.01531970500946045,0.0060596466064453125,1
seg+pos+rms+psd,"(3.0, 20.0, 0.3, -0.3)",0.28747452795505524,0.011546015739440918,0.0063037872314453125,1
seg+pos+rms+psd,"(3.0, 20.0, 0.3, -0.3)",0.3306785374879837,0.015407204627990723,0.0058917999267578125,1
seg+pos+rms+psd,"(3.0, 20.0, 0.3, -0.3)",0.29338327050209045,0.015333771705627441,0.012720108032226562,1
seg+pos+rms+psd,"(3.0, 20.0, 0.3, -0.3)",0.2857587933540344,0.016538262367248535,0.008512496948242188,1
seg+pos+rms+psd,"(3.0, 20.0, 0.3, -0.3)",0.28453753888607025,0.02004265785217285,0.005250453948974609,1
seg+pos+rms+psd,"(3.0, 20.0, 0.3, -0.3)",0.3375791162252426,0.013010978698730469,0.02895975112915039,1
seg+pos+rms+psd,"(3.0, 20.0, 0.3, -0.3)",0.28891177475452423,0.02452266216278076,0.049447059631347656,1
seg+pos+rms+psd,"(3.0, 20.0, 0.3, -0.3)",0.304423451423645,0.03874814510345459,0.07758092880249023,1
seg+pos+rms+psd,"(3.0, 20.0, 0.7, 0.0)",0.21515875309705734,0.013018012046813965,0.03384876251220703,1
seg+pos+rms+psd,"(3.0, 20.0, 0.7, 0.0)",0.21602345257997513,0.01907050609588623,0.02520465850830078,1
seg+pos+rms+psd,"(3.0, 20.0, 0.7, 0.0)",0.213180810213089,0.01698601245880127,0.010048866271972656,1
seg+pos+rms+psd,"(3.0, 20.0, 0.7, 0.0)",0.2013724520802498,0.01119983196258545,0.03287506103515625,1
seg+pos+rms+psd,"(3.0, 20.0, 0.7, 0.0)",0.23168344050645828,0.005086660385131836,0.005631446838378906,1
seg+pos+rms+psd,"(3.0, 20.0, 0.7, 0.0)",0.2418324574828148,0.01139211654663086,0.022731781005859375,1
seg+pos+rms+psd,"(3.0, 20.0, 0.7, 0.0)",0.24369532614946365,0.012382984161376953,0.018734455108642578,1
seg+pos+rms+psd,"(3.0, 20.0, 0.7, 0.0)",0.2070169821381569,0.013322114944458008,0.021131038665771484,1
seg+pos+rms+psd,"(3.0, 20.0, 0.7, 0.0)",0.21790989488363266,0.00739896297454834,0.015297412872314453,1
seg+pos+rms+psd,"(3.0, 20.0, 0.7, 0.0)",0.2387424185872078,0.008506178855895996,0.02375936508178711,1
seg+pos+rms+psd,"(3.0, 20.0, 0.7, 0.0)",0.2053527683019638,0.002564072608947754,0.008061885833740234,1
seg+pos+rms+psd,"(3.0, 20.0, 0.7, 0.0)",0.21125562489032745,0.004688620567321777,0.003505706787109375,1
seg+pos+rms+psd,"(3.0, 20.0, 0.7, 0.0)",0.22148675471544266,0.006798148155212402,0.004580497741699219,1
seg+pos+rms+psd,"(3.0, 20.0, 0.7, 0.0)",0.20324182510375977,0.02239406108856201,0.011995553970336914,1
seg+pos+rms+psd,"(3.0, 20.0, 0.7, 0.0)",0.22366267442703247,0.013748645782470703,0.0017685890197753906,1
seg+pos+rms+psd,"(3.0, 20.0, 0.7, 0.3)",0.22052662819623947,0.010341525077819824,0.004082918167114258,1
seg+pos+rms+psd,"(3.0, 20.0, 0.7, 0.3)",0.20579000562429428,0.010669946670532227,0.027401447296142578,1
seg+pos+rms+psd,"(3.0, 20.0, 0.7, 0.3)",0.23186951130628586,0.008555173873901367,0.010079383850097656,1
seg+pos+rms+psd,"(3.0, 20.0, 0.7, 0.3)",0.19807182997465134,0.01663827896118164,0.05419778823852539,1
seg+pos+rms+psd,"(3.0, 20.0, 0.7, 0.3)",0.2043876349925995,0.00758969783782959,0.0051784515380859375,1
seg+pos+rms+psd,"(3.0, 20.0, 0.7, 0.3)",0.20271030813455582,0.0073958635330200195,0.009935379028320312,1
seg+pos+rms+psd,"(3.0, 20.0, 0.7, 0.3)",0.21317709237337112,0.020978093147277832,0.02941131591796875,1
seg+pos+rms+psd,"(3.0, 20.0, 0.7, 0.3)",0.21837421506643295,0.01069486141204834,0.02778148651123047,1
seg+pos+rms+psd,"(3.0, 20.0, 0.7, 0.3)",0.21465710550546646,0.009685039520263672,0.014562606811523438,1
seg+pos+rms+psd,"(3.0, 20.0, 0.7, 0.3)",0.19280552864074707,0.01076662540435791,0.016073942184448242,1
seg+pos+rms+psd,"(3.0, 20.0, 0.7, 0.3)",0.20217721909284592,0.020534515380859375,0.02700352668762207,1
seg+pos+rms+psd,"(3.0, 20.0, 0.7, 0.3)",0.2170049250125885,0.029986262321472168,0.035370588302612305,1
seg+pos+rms+psd,"(3.0, 20.0, 0.7, 0.3)",0.23379960656166077,0.00992131233215332,0.005936145782470703,1
seg+pos+rms+psd,"(3.0, 20.0, 0.7, 0.3)",0.205177940428257,0.010316014289855957,0.044610023498535156,1
seg+pos+rms+psd,"(3.0, 20.0, 0.7, 0.3)",0.205646313726902,0.008026838302612305,0.0012135505676269531,1
seg+pos+rms+psd,"(3.0, 20.0, 0.7, 0.6)",0.2108793780207634,0.012085914611816406,0.012865781784057617,1
seg+pos+rms+psd,"(3.0, 20.0, 0.7, 0.6)",0.19443295896053314,0.00977027416229248,0.01309514045715332,1
seg+pos+rms+psd,"(3.0, 20.0, 0.7, 0.6)",0.24436745792627335,0.01338040828704834,0.03142571449279785,1
seg+pos+rms+psd,"(3.0, 20.0, 0.7, 0.6)",0.20496515929698944,0.006826996803283691,0.012530803680419922,1
seg+pos+rms+psd,"(3.0, 20.0, 0.7, 0.6)",0.20470739156007767,0.004772186279296875,0.020117759704589844,1
seg+pos+rms+psd,"(3.0, 20.0, 0.7, 0.6)",0.2379891201853752,0.014267444610595703,0.023676633834838867,1
seg+pos+rms+psd,"(3.0, 20.0, 0.7, 0.6)",0.19559134542942047,0.018079400062561035,0.007869958877563477,1
seg+pos+rms+psd,"(3.0, 20.0, 0.7, 0.6)",0.21241644769906998,0.007531166076660156,0.0264132022857666,1
seg+pos+rms+psd,"(3.0, 20.0, 0.7, 0.6)",0.21664683520793915,0.020572781562805176,0.05462479591369629,1
seg+pos+rms+psd,"(3.0, 20.0, 0.7, 0.6)",0.23918312788009644,0.007726430892944336,0.02254009246826172,1
seg+pos+rms+psd,"(3.0, 20.0, 0.7, 0.6)",0.1980614960193634,0.005852222442626953,0.008390426635742188,1
seg+pos+rms+psd,"(3.0, 20.0, 0.7, 0.6)",0.21951940655708313,0.012138128280639648,0.015822410583496094,1
seg+pos+rms+psd,"(3.0, 20.0, 0.7, 0.6)",0.20496812462806702,0.009788990020751953,0.027570009231567383,1
seg+pos+rms+psd,"(3.0, 20.0, 0.7, 0.6)",0.2176898568868637,0.0049610137939453125,0.01042938232421875,1
seg+pos+rms+psd,"(3.0, 20.0, 0.7, 0.6)",0.2126530483365059,0.023083090782165527,0.01701521873474121,1
seg+pos+rms+psd,"(3.0, 20.0, 0.7, -0.3)",0.1931837573647499,0.018580198287963867,0.04536247253417969,1
seg+pos+rms+psd,"(3.0, 20.0, 0.7, -0.3)",0.21443506330251694,0.014216065406799316,0.03350543975830078,1
seg+pos+rms+psd,"(3.0, 20.0, 0.7, -0.3)",0.22151751816272736,0.0025321245193481445,0.02551555633544922,1
seg+pos+rms+psd,"(3.0, 20.0, 0.7, -0.3)",0.1982114240527153,0.0068923234939575195,0.013399600982666016,1
seg+pos+rms+psd,"(3.0, 20.0, 0.7, -0.3)",0.2390526831150055,0.006240487098693848,0.0066776275634765625,1
seg+pos+rms+psd,"(3.0, 20.0, 0.7, -0.3)",0.20030031353235245,0.006124377250671387,0.03666830062866211,1
seg+pos+rms+psd,"(3.0, 20.0, 0.7, -0.3)",0.22493474185466766,0.0015687942504882812,0.0007457733154296875,1
seg+pos+rms+psd,"(3.0, 20.0, 0.7, -0.3)",0.24511171877384186,0.0022194385528564453,0.01970195770263672,1
seg+pos+rms+psd,"(3.0, 20.0, 0.7, -0.3)",0.19983559846878052,0.01712965965270996,0.013863086700439453,1
seg+pos+rms+psd,"(3.0, 20.0, 0.7, -0.3)",0.19750285148620605,0.007052302360534668,0.005580902099609375,1
seg+pos+rms+psd,"(3.0, 20.0, 0.7, -0.3)",0.20774081349372864,0.005800366401672363,0.003558635711669922,1
seg+pos+rms+psd,"(3.0, 20.0, 0.7, -0.3)",0.2368178889155388,0.02031099796295166,0.024916648864746094,1
seg+pos+rms+psd,"(3.0, 20.0, 0.7, -0.3)",0.21196868270635605,0.013861894607543945,0.034440040588378906,1
seg+pos+rms+psd,"(3.0, 20.0, 0.7, -0.3)",0.2413281798362732,0.0020333528518676758,0.00152587890625,1
seg+pos+rms+psd,"(3.0, 20.0, 0.7, -0.3)",0.2105083391070366,0.01937878131866455,0.00922250747680664,1
seg+pos+rms+psd,"(1.5, 8.0, 0.3, 0.0)",0.2770359069108963,0.018476486206054688,0.0031137466430664062,2
seg+pos+rms+psd,"(1.5, 8.0, 0.3, 0.0)",0.2782888114452362,0.020111918449401855,0.030593395233154297,2
seg+pos+rms+psd,"(1.5, 8.0, 0.3, 0.0)",0.28957222402095795,0.01055765151977539,0.007852673530578613,2
seg+pos+rms+psd,"(1.5, 8.0, 0.3, 0.0)",0.2852150499820709,0.027094721794128418,0.04696083068847656,2
seg+pos+rms+psd,"(1.5, 8.0, 0.3, 0.0)",0.286888062953949,0.016575634479522705,0.03385031223297119,2
seg+pos+rms+psd,"(1.5, 8.0, 0.3, 0.0)",0.26369476318359375,0.027374446392059326,0.0310971736907959,2
seg+pos+rms+psd,"(1.5, 8.0, 0.3, 0.0)",0.2537756860256195,0.010826826095581055,0.027399063110351562,2
seg+pos+rms+psd,"(1.5, 8.0, 0.3, 0.0)",0.282559409737587,0.015533924102783203,0.004244804382324219,2
seg+pos+rms+psd,"(1.5, 8.0, 0.3, 0.0)",0.2491343766450882,0.013538777828216553,0.00585174560546875,2
seg+pos+rms+psd,"(1.5, 8.0, 0.3, 0.0)",0.24700094014406204,0.010333061218261719,0.009460687637329102,2
seg+pos+rms+psd,"(1.5, 8.0, 0.3, 0.0)",0.24541138112545013,0.012094438076019287,0.009074211120605469,2
seg+pos+rms+psd,"(1.5, 8.0, 0.3, 0.0)",0.2556654363870621,0.013642966747283936,0.00872194766998291,2
seg+pos+rms+psd,"(1.5, 8.0, 0.3, 0.0)",0.2594882398843765,0.01872187852859497,0.01741647720336914,2
seg+pos+rms+psd,"(1.5, 8.0, 0.3, 0.0)",0.23628182709217072,0.01829659938812256,0.01630234718322754,2
seg+pos+rms+psd,"(1.5, 8.0, 0.3, 0.0)",0.2828277498483658,0.01772308349609375,0.07272589206695557,2
seg+pos+rms+psd,"(1.5, 8.0, 0.3, 0.3)",0.2668224573135376,0.03544199466705322,0.03369152545928955,2
seg+pos+rms+psd,"(1.5, 8.0, 0.3, 0.3)",0.24770040065050125,0.019264161586761475,0.00425565242767334,2
seg+pos+rms+psd,"(1.5, 8.0, 0.3, 0.3)",0.2940557599067688,0.021511554718017578,0.0018641948699951172,2
seg+pos+rms+psd,"(1.5, 8.0, 0.3, 0.3)",0.25543852150440216,0.020348966121673584,0.03635406494140625,2
seg+pos+rms+psd,"(1.5, 8.0, 0.3, 0.3)",0.242779903113842,0.016032695770263672,0.012386441230773926,2
seg+pos+rms+psd,"(1.5, 8.0, 0.3, 0.3)",0.23418015241622925,0.009061455726623535,0.013582825660705566,2
seg+pos+rms+psd,"(1.5, 8.0, 0.3, 0.3)",0.2479798123240471,0.009887158870697021,0.00786888599395752,2
seg+pos+rms+psd,"(1.5, 8.0, 0.3, 0.3)",0.28735071420669556,0.029263198375701904,0.03120279312133789,2
seg+pos+rms+psd,"(1.5, 8.0, 0.3, 0.3)",0.2586454004049301,0.02233654260635376,0.039031147956848145,2
seg+pos+rms+psd,"(1.5, 8.0, 0.3, 0.3)",0.28127726912498474,0.019196748733520508,0.006127595901489258,2
seg+pos+rms+psd,"(1.5, 8.0, 0.3, 0.3)",0.2851276844739914,0.005395829677581787,0.028281807899475098,2
seg+pos+rms+psd,"(1.5, 8.0, 0.3, 0.3)",0.2786218523979187,0.02949702739715576,0.024697303771972656,2
seg+pos+rms+psd,"(1.5, 8.0, 0.3, 0.3)",0.2424035519361496,0.028019607067108154,0.02495396137237549,2
seg+pos+rms+psd,"(1.5, 8.0, 0.3, 0.3)",0.23949164152145386,0.010764718055725098,0.018193721771240234,2
seg+pos+rms+psd,"(1.5, 8.0, 0.3, 0.3)",0.243935227394104,0.012295365333557129,0.00765228271484375,2
seg+pos+rms+psd,"(1.5, 8.0, 0.3, 0.6)",0.2612932324409485,0.021359682083129883,0.008851051330566406,2
seg+pos+rms+psd,"(1.5, 8.0, 0.3, 0.6)",0.25398974120616913,0.027848005294799805,0.002105116844177246,2
seg+pos+rms+psd,"(1.5, 8.0, 0.3, 0.6)",0.24886835366487503,0.016384899616241455,0.019308805465698242,2
seg+pos+rms+psd,"(1.5, 8.0, 0.3, 0.6)",0.24545276165008545,0.011247575283050537,0.02114081382751465,2
seg+pos+rms+psd,"(1.5, 8.0, 0.3, 0.6)",0.24820208549499512,0.019629240036010742,0.020642995834350586,2
seg+pos+rms+psd,"(1.5, 8.0, 0.3, 0.6)",0.23971623927354813,0.02234441041946411,0.01163017749786377,2
seg+pos+rms+psd,"(1.5, 8.0, 0.3, 0.6)",0.28101296722888947,0.016378164291381836,0.036004066467285156,2
seg+pos+rms+psd,"(1.5, 8.0, 0.3, 0.6)",0.2831924557685852,0.010845661163330078,0.022861480712890625,2
seg+pos+rms+psd,"(1.5, 8.0, 0.3, 0.6)",0.2515919506549835,0.023315012454986572,0.025116443634033203,2
seg+pos+rms+psd,"(1.5, 8.0, 0.3, 0.6)",0.28313349187374115,0.015239834785461426,0.021312355995178223,2
seg+pos+rms+psd,"(1.5, 8.0, 0.3, 0.6)",0.2532002255320549,0.012120485305786133,0.06563723087310791,2
seg+pos+rms+psd,"(1.5, 8.0, 0.3, 0.6)",0.24787454307079315,0.010192573070526123,0.014711260795593262,2
seg+pos+rms+psd,"(1.5, 8.0, 0.3, 0.6)",0.28918907046318054,0.014719367027282715,0.034394025802612305,2
seg+pos+rms+psd,"(1.5, 8.0, 0.3, 0.6)",0.24795347452163696,0.019697606563568115,0.022563576698303223,2
seg+pos+rms+psd,"(1.5, 8.0, 0.3, 0.6)",0.2869879752397537,0.002390563488006592,0.016404151916503906,2
seg+pos+rms+psd,"(1.5, 8.0, 0.3, -0.3)",0.2622135281562805,0.01840156316757202,0.04744267463684082,2
seg+pos+rms+psd,"(1.5, 8.0, 0.3, -0.3)",0.25985895842313766,0.014437973499298096,0.04962801933288574,2
seg+pos+rms+psd,"(1.5, 8.0, 0.3, -0.3)",0.2989923059940338,0.011127471923828125,0.01275944709777832,2
seg+pos+rms+psd,"(1.5, 8.0, 0.3, -0.3)",0.24988000839948654,0.005410552024841309,0.012191534042358398,2
seg+pos+rms+psd,"(1.5, 8.0, 0.3, -0.3)",0.2485816925764084,0.012491881847381592,0.03334832191467285,2
seg+pos+rms+psd,"(1.5, 8.0, 0.3, -0.3)",0.27937494218349457,0.028940916061401367,0.051668643951416016,2
seg+pos+rms+psd,"(1.5, 8.0, 0.3, -0.3)",0.2481864094734192,0.021122217178344727,0.05361795425415039,2
seg+pos+rms+psd,"(1.5, 8.0, 0.3, -0.3)",0.2825983762741089,0.03269326686859131,0.06728029251098633,2
seg+pos+rms+psd,"(1.5, 8.0, 0.3, -0.3)",0.2516631782054901,0.019513368606567383,0.058000802993774414,2
seg+pos+rms+psd,"(1.5, 8.0, 0.3, -0.3)",0.26905255019664764,0.020564913749694824,0.0517580509185791,2
seg+pos+rms+psd,"(1.5, 8.0, 0.3, -0.3)",0.2964358925819397,0.011590421199798584,0.029445409774780273,2
seg+pos+rms+psd,"(1.5, 8.0, 0.3, -0.3)",0.2537289261817932,0.0023795366287231445,0.018136024475097656,2
seg+pos+rms+psd,"(1.5, 8.0, 0.3, -0.3)",0.29223117232322693,0.02266073226928711,0.03631281852722168,2
seg+pos+rms+psd,"(1.5, 8.0, 0.3, -0.3)",0.260666623711586,0.02143239974975586,0.026880979537963867,2
seg+pos+rms+psd,"(1.5, 8.0, 0.3, -0.3)",0.28592169284820557,0.022968590259552002,0.0025103092193603516,2
seg+pos+rms+psd,"(1.5, 8.0, 0.7, 0.0)",0.19443130493164062,0.004680454730987549,0.010105133056640625,2
seg+pos+rms+psd,"(1.5, 8.0, 0.7, 0.0)",0.19070948660373688,0.004456579685211182,0.01024007797241211,2
seg+pos+rms+psd,"(1.5, 8.0, 0.7, 0.0)",0.1987505704164505,0.02121192216873169,0.025057077407836914,2
seg+pos+rms+psd,"(1.5, 8.0, 0.7, 0.0)",0.21121854335069656,0.030938029289245605,0.04751729965209961,2
seg+pos+rms+psd,"(1.5, 8.0, 0.7, 0.0)",0.1933041661977768,0.005507171154022217,0.0012357234954833984,2
seg+pos+rms+psd,"(1.5, 8.0, 0.7, 0.0)",0.1987805739045143,0.005164682865142822,0.0028183460235595703,2
seg+pos+rms+psd,"(1.5, 8.0, 0.7, 0.0)",0.1968749314546585,0.0028221607208251953,0.0021649599075317383,2
seg+pos+rms+psd,"(1.5, 8.0, 0.7, 0.0)",0.20458441972732544,0.007527470588684082,0.0045239925384521484,2
seg+pos+rms+psd,"(1.5, 8.0, 0.7, 0.0)",0.19646911323070526,0.009013831615447998,0.0023114681243896484,2
seg+pos+rms+psd,"(1.5, 8.0, 0.7, 0.0)",0.20868557691574097,0.021408498287200928,0.047484397888183594,2
seg+pos+rms+psd,"(1.5, 8.0, 0.7, 0.0)",0.1927240490913391,0.017393529415130615,0.0033676624298095703,2
seg+pos+rms+psd,"(1.5, 8.0, 0.7, 0.0)",0.1929755061864853,0.00953596830368042,0.009283304214477539,2
seg+pos+rms+psd,"(1.5, 8.0, 0.7, 0.0)",0.21052925288677216,0.01567906141281128,0.0204620361328125,2
seg+pos+rms+psd,"(1.5, 8.0, 0.7, 0.0)",0.20703086256980896,0.010781049728393555,0.0316927433013916,2
seg+pos+rms+psd,"(1.5, 8.0, 0.7, 0.0)",0.22079774737358093,0.008249342441558838,0.004481077194213867,2
seg+pos+rms+psd,"(1.5, 8.0, 0.7, 0.3)",0.20888882130384445,0.01576673984527588,0.006186246871948242,2
seg+pos+rms+psd,"(1.5, 8.0, 0.7, 0.3)",0.20945530384778976,0.011248230934143066,0.017145991325378418,2
seg+pos+rms+psd,"(1.5, 8.0, 0.7, 0.3)",0.21169716119766235,0.014691710472106934,0.0232771635055542,2
seg+pos+rms+psd,"(1.5, 8.0, 0.7, 0.3)",0.19969147443771362,0.016291677951812744,0.0012483596801757812,2
seg+pos+rms+psd,"(1.5, 8.0, 0.7, 0.3)",0.19801826775074005,0.010776102542877197,0.014459371566772461,2
seg+pos+rms+psd,"(1.5, 8.0, 0.7, 0.3)",0.22222667932510376,0.0053444504737854,0.04612171649932861,2
seg+pos+rms+psd,"(1.5, 8.0, 0.7, 0.3)",0.20683526247739792,0.00755155086517334,0.011549830436706543,2
seg+pos+rms+psd,"(1.5, 8.0, 0.7, 0.3)",0.19039130210876465,0.015568673610687256,0.005823969841003418,2
seg+pos+rms+psd,"(1.5, 8.0, 0.7, 0.3)",0.18765144050121307,0.00043660402297973633,0.03260159492492676,2
seg+pos+rms+psd,"(1.5, 8.0, 0.7, 0.3)",0.20566164702177048,0.0059503912925720215,0.005321145057678223,2
seg+pos+rms+psd,"(1.5, 8.0, 0.7, 0.3)",0.1945590376853943,0.0063555240631103516,0.006215333938598633,2
seg+pos+rms+psd,"(1.5, 8.0, 0.7, 0.3)",0.1917397454380989,0.012417852878570557,0.02827918529510498,2
seg+pos+rms+psd,"(1.5, 8.0, 0.7, 0.3)",0.20607580244541168,0.004638791084289551,0.003324270248413086,2
seg+pos+rms+psd,"(1.5, 8.0, 0.7, 0.3)",0.22289958596229553,0.026513755321502686,0.007418155670166016,2
seg+pos+rms+psd,"(1.5, 8.0, 0.7, 0.3)",0.1897217556834221,0.006977975368499756,0.006119251251220703,2
seg+pos+rms+psd,"(1.5, 8.0, 0.7, 0.6)",0.20409992337226868,0.011174142360687256,0.03199565410614014,2
seg+pos+rms+psd,"(1.5, 8.0, 0.7, 0.6)",0.20155494660139084,0.0069509148597717285,0.0036585330963134766,2
seg+pos+rms+psd,"(1.5, 8.0, 0.7, 0.6)",0.18547198176383972,0.02468407154083252,0.0016301870346069336,2
seg+pos+rms+psd,"(1.5, 8.0, 0.7, 0.6)",0.20169369876384735,0.018413066864013672,0.0427708625793457,2
seg+pos+rms+psd,"(1.5, 8.0, 0.7, 0.6)",0.2181023433804512,0.020529568195343018,0.0005797147750854492,2
seg+pos+rms+psd,"(1.5, 8.0, 0.7, 0.6)",0.20655737817287445,0.006671309471130371,0.0633476972579956,2
seg+pos+rms+psd,"(1.5, 8.0, 0.7, 0.6)",0.2268030121922493,0.02023369073867798,0.028251051902770996,2
seg+pos+rms+psd,"(1.5, 8.0, 0.7, 0.6)",0.20311235636472702,0.013723909854888916,0.01551210880279541,2
seg+pos+rms+psd,"(1.5, 8.0, 0.7, 0.6)",0.195993572473526,0.01108008623123169,0.009193062782287598,2
seg+pos+rms+psd,"(1.5, 8.0, 0.7, 0.6)",0.19308562576770782,0.02461451292037964,0.022780895233154297,2
seg+pos+rms+psd,"(1.5, 8.0, 0.7, 0.6)",0.21971001476049423,0.012768924236297607,0.007325172424316406,2
seg+pos+rms+psd,"(1.5, 8.0, 0.7, 0.6)",0.19750238955020905,0.013733088970184326,0.003386855125427246,2
seg+pos+rms+psd,"(1.5, 8.0, 0.7, 0.6)",0.19692742079496384,0.0002574920654296875,0.002726316452026367,2
seg+pos+rms+psd,"(1.5, 8.0, 0.7, 0.6)",0.2229963168501854,0.015150129795074463,0.023488879203796387,2
seg+pos+rms+psd,"(1.5, 8.0, 0.7, 0.6)",0.1908624991774559,0.006334900856018066,0.01675271987915039,2
seg+pos+rms+psd,"(1.5, 8.0, 0.7, -0.3)",0.20109273493289948,0.009505987167358398,0.033748626708984375,2
seg+pos+rms+psd,"(1.5, 8.0, 0.7, -0.3)",0.20229610055685043,0.016955673694610596,0.021074295043945312,2
seg+pos+rms+psd,"(1.5, 8.0, 0.7, -0.3)",0.21901435405015945,0.00897759199142456,0.020505666732788086,2
seg+pos+rms+psd,"(1.5, 8.0, 0.7, -0.3)",0.2048901841044426,0.0028688907623291016,0.03312253952026367,2
seg+pos+rms+psd,"(1.5, 8.0, 0.7, -0.3)",0.20214934647083282,0.0026513338088989258,0.009246587753295898,2
seg+pos+rms+psd,"(1.5, 8.0, 0.7, -0.3)",0.20775892585515976,0.010972380638122559,0.02464747428894043,2
seg+pos+rms+psd,"(1.5, 8.0, 0.7, -0.3)",0.19208862632513046,0.013547956943511963,0.03172016143798828,2
seg+pos+rms+psd,"(1.5, 8.0, 0.7, -0.3)",0.20613044500350952,0.01703864336013794,0.044132232666015625,2
seg+pos+rms+psd,"(1.5, 8.0, 0.7, -0.3)",0.2063964381814003,0.00919032096862793,0.028617143630981445,2
seg+pos+rms+psd,"(1.5, 8.0, 0.7, -0.3)",0.2300223559141159,0.012324929237365723,0.008525371551513672,2
seg+pos+rms+psd,"(1.5, 8.0, 0.7, -0.3)",0.2076878473162651,0.00606614351272583,0.01620173454284668,2
seg+pos+rms+psd,"(1.5, 8.0, 0.7, -0.3)",0.21486283838748932,0.014725089073181152,0.005803108215332031,2
seg+pos+rms+psd,"(1.5, 8.0, 0.7, -0.3)",0.22821685671806335,0.010028243064880371,0.009734630584716797,2
seg+pos+rms+psd,"(1.5, 8.0, 0.7, -0.3)",0.19585849344730377,0.009961128234863281,0.02326202392578125,2
seg+pos+rms+psd,"(1.5, 8.0, 0.7, -0.3)",0.19614628702402115,0.009523928165435791,0.007048368453979492,2
seg+pos+rms+psd,"(1.5, 20.0, 0.3, 0.0)",0.2593941390514374,0.027329683303833008,0.0494842529296875,2
seg+pos+rms+psd,"(1.5, 20.0, 0.3, 0.0)",0.2402734011411667,0.01964735984802246,0.038017988204956055,2
seg+pos+rms+psd,"(1.5, 20.0, 0.3, 0.0)",0.26873576641082764,0.013190865516662598,0.014446854591369629,2
seg+pos+rms+psd,"(1.5, 20.0, 0.3, 0.0)",0.23493100702762604,0.012914776802062988,0.008115530014038086,2
seg+pos+rms+psd,"(1.5, 20.0, 0.3, 0.0)",0.21731079369783401,0.010951399803161621,0.028472423553466797,2
seg+pos+rms+psd,"(1.5, 20.0, 0.3, 0.0)",0.23210937529802322,0.010640442371368408,0.023313045501708984,2
seg+pos+rms+psd,"(1.5, 20.0, 0.3, 0.0)",0.22402792423963547,0.019590020179748535,0.04476475715637207,2
seg+pos+rms+psd,"(1.5, 20.0, 0.3, 0.0)",0.23108826577663422,0.02076035737991333,0.042079925537109375,2
seg+pos+rms+psd,"(1.5, 20.0, 0.3, 0.0)",0.22413752228021622,0.02717489004135132,0.046227455139160156,2
seg+pos+rms+psd,"(1.5, 20.0, 0.3, 0.0)",0.22983159124851227,0.014082133769989014,0.008842706680297852,2
seg+pos+rms+psd,"(1.5, 20.0, 0.3, 0.0)",0.23777630925178528,0.015258073806762695,0.01433706283569336,2
seg+pos+rms+psd,"(1.5, 20.0, 0.3, 0.0)",0.21892518550157547,0.005753874778747559,0.01850414276123047,2
seg+pos+rms+psd,"(1.5, 20.0, 0.3, 0.0)",0.21619299054145813,0.014859676361083984,0.016502022743225098,2
seg+pos+rms+psd,"(1.5, 20.0, 0.3, 0.0)",0.2675586938858032,0.0027378201484680176,0.03401064872741699,2
seg+pos+rms+psd,"(1.5, 20.0, 0.3, 0.0)",0.22388745844364166,0.03478115797042847,0.044245004653930664,2
seg+pos+rms+psd,"(1.5, 20.0, 0.3, 0.3)",0.2205330654978752,0.010048449039459229,0.029198765754699707,2
seg+pos+rms+psd,"(1.5, 20.0, 0.3, 0.3)",0.22520621865987778,0.019909381866455078,0.02172708511352539,2
seg+pos+rms+psd,"(1.5, 20.0, 0.3, 0.3)",0.2501821145415306,0.014585793018341064,0.0027168989181518555,2
seg+pos+rms+psd,"(1.5, 20.0, 0.3, 0.3)",0.22383812069892883,0.028680026531219482,0.016508936882019043,2
seg+pos+rms+psd,"(1.5, 20.0, 0.3, 0.3)",0.23831449449062347,0.021272361278533936,0.008693456649780273,2
seg+pos+rms+psd,"(1.5, 20.0, 0.3, 0.3)",0.23071390390396118,0.031388700008392334,0.012917280197143555,2
seg+pos+rms+psd,"(1.5, 20.0, 0.3, 0.3)",0.23315394669771194,0.036855220794677734,0.05845773220062256,2
seg+pos+rms+psd,"(1.5, 20.0, 0.3, 0.3)",0.2680188715457916,0.01370382308959961,0.020576000213623047,2
seg+pos+rms+psd,"(1.5, 20.0, 0.3, 0.3)",0.2244415208697319,0.01043468713760376,0.01780557632446289,2
seg+pos+rms+psd,"(1.5, 20.0, 0.3, 0.3)",0.2424353063106537,0.007849514484405518,0.029659628868103027,2
seg+pos+rms+psd,"(1.5, 20.0, 0.3, 0.3)",0.23164574056863785,0.0034785866737365723,0.006796360015869141,2
seg+pos+rms+psd,"(1.5, 20.0, 0.3, 0.3)",0.2635411024093628,0.003540217876434326,0.012193083763122559,2
seg+pos+rms+psd,"(1.5, 20.0, 0.3, 0.3)",0.23146258294582367,0.0031161904335021973,0.005782365798950195,2
seg+pos+rms+psd,"(1.5, 20.0, 0.3, 0.3)",0.2191600799560547,0.03399336338043213,0.0039948225021362305,2
seg+pos+rms+psd,"(1.5, 20.0, 0.3, 0.3)",0.23289845883846283,0.03620380163192749,0.0008854866027832031,2
seg+pos+rms+psd,"(1.5, 20.0, 0.3, 0.6)",0.22462256252765656,0.01824009418487549,0.015486478805541992,2
seg+pos+rms+psd,"(1.5, 20.0, 0.3, 0.6)",0.2600901424884796,0.019256293773651123,0.0022046566009521484,2
seg+pos+rms+psd,"(1.5, 20.0, 0.3, 0.6)",0.24390210956335068,0.014397978782653809,0.03304481506347656,2
seg+pos+rms+psd,"(1.5, 20.0, 0.3, 0.6)",0.26529885828495026,0.025455951690673828,0.03867948055267334,2
seg+pos+rms+psd,"(1.5, 20.0, 0.3, 0.6)",0.2658088803291321,0.0384332537651062,0.029248595237731934,2
seg+pos+rms+psd,"(1.5, 20.0, 0.3, 0.6)",0.24532893300056458,0.015147030353546143,0.03916525840759277,2
seg+pos+rms+psd,"(1.5, 20.0, 0.3, 0.6)",0.23688573390245438,0.006068170070648193,0.02763664722442627,2
seg+pos+rms+psd,"(1.5, 20.0, 0.3, 0.6)",0.22116760909557343,0.037480294704437256,0.010925650596618652,2
seg+pos+rms+psd,"(1.5, 20.0, 0.3, 0.6)",0.22389475256204605,0.028853237628936768,0.006702780723571777,2
seg+pos+rms+psd,"(1.5, 20.0, 0.3, 0.6)",0.22832035273313522,0.006663501262664795,0.04324531555175781,2
seg+pos+rms+psd,"(1.5, 20.0, 0.3, 0.6)",0.23518861085176468,0.01320648193359375,0.011706948280334473,2
seg+pos+rms+psd,"(1.5, 20.0, 0.3, 0.6)",0.23647475987672806,0.02235233783721924,0.0009609460830688477,2
seg+pos+rms+psd,"(1.5, 20.0, 0.3, 0.6)",0.2378634214401245,0.014851987361907959,0.005623817443847656,2
seg+pos+rms+psd,"(1.5, 20.0, 0.3, 0.6)",0.2361079603433609,0.0102003812789917,0.012845396995544434,2
seg+pos+rms+psd,"(1.5, 20.0, 0.3, 0.6)",0.27536067366600037,0.009143829345703125,0.04967164993286133,2
seg+pos+rms+psd,"(1.5, 20.0, 0.3, -0.3)",0.2242114245891571,0.018739163875579834,0.03291440010070801,2
seg+pos+rms+psd,"(1.5, 20.0, 0.3, -0.3)",0.2517392113804817,0.019478976726531982,0.020979642868041992,2
seg+pos+rms+psd,"(1.5, 20.0, 0.3, -0.3)",0.22291817516088486,0.021267592906951904,0.024633407592773438,2
seg+pos+rms+psd,"(1.5, 20.0, 0.3, -0.3)",0.2258230224251747,0.026386260986328125,0.06693840026855469,2
seg+pos+rms+psd,"(1.5, 20.0, 0.3, -0.3)",0.2461457923054695,0.026536226272583008,0.010916709899902344,2
seg+pos+rms+psd,"(1.5, 20.0, 0.3, -0.3)",0.22852322459220886,0.013667881488800049,0.0477757453918457,2
seg+pos+rms+psd,"(1.5, 20.0, 0.3, -0.3)",0.22264699637889862,0.015104472637176514,0.03746438026428223,2
seg+pos+rms+psd,"(1.5, 20.0, 0.3, -0.3)",0.25874194502830505,0.012378096580505371,0.021561384201049805,2
seg+pos+rms+psd,"(1.5, 20.0, 0.3, -0.3)",0.2632456421852112,0.008266985416412354,0.015351057052612305,2
seg+pos+rms+psd,"(1.5, 20.0, 0.3, -0.3)",0.22774866223335266,0.014423847198486328,0.0225980281829834,2
seg+pos+rms+psd,"(1.5, 20.0, 0.3, -0.3)",0.22315430641174316,0.0014838576316833496,0.006056308746337891,2
seg+pos+rms+psd,"(1.5, 20.0, 0.3, -0.3)",0.26215672492980957,0.0035520195960998535,0.027512073516845703,2
seg+pos+rms+psd,"(1.5, 20.0, 0.3, -0.3)",0.22546369582414627,0.01758641004562378,0.04451632499694824,2
seg+pos+rms+psd,"(1.5, 20.0, 0.3, -0.3)",0.23641907423734665,0.005791664123535156,0.0034503936767578125,2
seg+pos+rms+psd,"(1.5, 20.0, 0.3, -0.3)",0.2568686828017235,0.011062264442443848,0.00041294097900390625,2
seg+pos+rms+psd,"(1.5, 20.0, 0.7, 0.0)",0.18758609145879745,0.013133823871612549,0.00912928581237793,2
seg+pos+rms+psd,"(1.5, 20.0, 0.7, 0.0)",0.17881213873624802,0.011507868766784668,0.019460201263427734,2
seg+pos+rms+psd,"(1.5, 20.0, 0.7, 0.0)",0.17586176842451096,0.01174253225326538,0.0031147003173828125,2
seg+pos+rms+psd,"(1.5, 20.0, 0.7, 0.0)",0.1767915114760399,0.0039601922035217285,0.024419426918029785,2
seg+pos+rms+psd,"(1.5, 20.0, 0.7, 0.0)",0.18395965546369553,0.01745140552520752,0.020566701889038086,2
seg+pos+rms+psd,"(1.5, 20.0, 0.7, 0.0)",0.1851537823677063,0.01584339141845703,0.024731159210205078,2
seg+pos+rms+psd,"(1.5, 20.0, 0.7, 0.0)",0.17357993125915527,0.01567476987838745,0.00970458984375,2
seg+pos+rms+psd,"(1.5, 20.0, 0.7, 0.0)",0.17545906454324722,0.01814091205596924,0.027793169021606445,2
seg+pos+rms+psd,"(1.5, 20.0, 0.7, 0.0)",0.20528297871351242,0.009107470512390137,0.020008087158203125,2
seg+pos+rms+psd,"(1.5, 20.0, 0.7, 0.0)",0.19786258041858673,0.0025873780250549316,0.015497922897338867,2
seg+pos+rms+psd,"(1.5, 20.0, 0.7, 0.0)",0.17890381067991257,0.00875312089920044,0.013721466064453125,2
seg+pos+rms+psd,"(1.5, 20.0, 0.7, 0.0)",0.17881115525960922,0.011794567108154297,0.04765617847442627,2
seg+pos+rms+psd,"(1.5, 20.0, 0.7, 0.0)",0.18902316689491272,0.006386458873748779,0.0027909278869628906,2
seg+pos+rms+psd,"(1.5, 20.0, 0.7, 0.0)",0.16946034133434296,0.01600867509841919,0.0021169185638427734,2
seg+pos+rms+psd,"(1.5, 20.0, 0.7, 0.0)",0.18044507503509521,0.0072702765464782715,0.016284465789794922,2
seg+pos+rms+psd,"(1.5, 20.0, 0.7, 0.3)",0.18763350695371628,0.018953561782836914,0.009810447692871094,2
seg+pos+rms+psd,"(1.5, 20.0, 0.7, 0.3)",0.18353302031755447,0.012148916721343994,0.005030393600463867,2
seg+pos+rms+psd,"(1.5, 20.0, 0.7, 0.3)",0.1814185455441475,0.014102578163146973,0.011937141418457031,2
seg+pos+rms+psd,"(1.5, 20.0, 0.7, 0.3)",0.17777840048074722,0.009050607681274414,0.04911363124847412,2
seg+pos+rms+psd,"(1.5, 20.0, 0.7, 0.3)",0.20186875015497208,0.005957424640655518,0.005018472671508789,2
seg+pos+rms+psd,"(1.5, 20.0, 0.7, 0.3)",0.18005657941102982,0.0016657114028930664,0.005663871765136719,2
seg+pos+rms+psd,"(1.5, 20.0, 0.7, 0.3)",0.20813651382923126,0.005629479885101318,0.04018843173980713,2
seg+pos+rms+psd,"(1.5, 20.0, 0.7, 0.3)",0.17300578951835632,0.005354642868041992,0.002736687660217285,2
seg+pos+rms+psd,"(1.5, 20.0, 0.7, 0.3)",0.18834036588668823,0.010965824127197266,0.04899096488952637,2
seg+pos+rms+psd,"(1.5, 20.0, 0.7, 0.3)",0.20404040068387985,0.005536854267120361,0.017165780067443848,2
seg+pos+rms+psd,"(1.5, 20.0, 0.7, 0.3)",0.206352099776268,0.012689292430877686,0.02579355239868164,2
seg+pos+rms+psd,"(1.5, 20.0, 0.7, 0.3)",0.1831090897321701,0.0173376202583313,0.022503972053527832,2
seg+pos+rms+psd,"(1.5, 20.0, 0.7, 0.3)",0.20216770470142365,0.017362594604492188,0.05826687812805176,2
seg+pos+rms+psd,"(1.5, 20.0, 0.7, 0.3)",0.1778234764933586,0.0046694278717041016,0.0005450248718261719,2
seg+pos+rms+psd,"(1.5, 20.0, 0.7, 0.3)",0.17000244557857513,0.013300955295562744,0.030439257621765137,2
seg+pos+rms+psd,"(1.5, 20.0, 0.7, 0.6)",0.1712295040488243,0.006063640117645264,0.009348034858703613,2
seg+pos+rms+psd,"(1.5, 20.0, 0.7, 0.6)",0.19038554280996323,0.011698544025421143,0.005472302436828613,2
seg+pos+rms+psd,"(1.5, 20.0, 0.7, 0.6)",0.18099011480808258,0.003063201904296875,0.052240729331970215,2
seg+pos+rms+psd,"(1.5, 20.0, 0.7, 0.6)",0.18397033959627151,0.01342010498046875,0.06942307949066162,2
seg+pos+rms+psd,"(1.5, 20.0, 0.7, 0.6)",0.19468490034341812,0.008430242538452148,0.03850889205932617,2
seg+pos+rms+psd,"(1.5, 20.0, 0.7, 0.6)",0.1774347722530365,0.01576995849609375,0.026348233222961426,2
seg+pos+rms+psd,"(1.5, 20.0, 0.7, 0.6)",0.20404740422964096,0.0024509429931640625,0.03156566619873047,2
seg+pos+rms+psd,"(1.5, 20.0, 0.7, 0.6)",0.1742885708808899,0.006474792957305908,0.02184581756591797,2
seg+pos+rms+psd,"(1.5, 20.0, 0.7, 0.6)",0.20716039836406708,0.0061359405517578125,0.017667770385742188,2
seg+pos+rms+psd,"(1.5, 20.0, 0.7, 0.6)",0.20226699858903885,0.01540285348892212,0.02398216724395752,2
seg+pos+rms+psd,"(1.5, 20.0, 0.7, 0.6)",0.17394450306892395,0.0034736990928649902,0.0067855119705200195,2
seg+pos+rms+psd,"(1.5, 20.0, 0.7, 0.6)",0.1993638053536415,0.009238183498382568,0.04408252239227295,2
seg+pos+rms+psd,"(1.5, 20.0, 0.7, 0.6)",0.19356431812047958,0.007675588130950928,0.030235648155212402,2
seg+pos+rms+psd,"(1.5, 20.0, 0.7, 0.6)",0.18132861703634262,0.008504152297973633,0.00489354133605957,2
seg+pos+rms+psd,"(1.5, 20.0, 0.7, 0.6)",0.18862050026655197,0.019294798374176025,0.01896381378173828,2
seg+pos+rms+psd,"(1.5, 20.0, 0.7, -0.3)",0.18448442220687866,0.010278701782226562,0.019038915634155273,2
seg+pos+rms+psd,"(1.5, 20.0, 0.7, -0.3)",0.1717197597026825,0.015726327896118164,0.04780721664428711,2
seg+pos+rms+psd,"(1.5, 20.0, 0.7, -0.3)",0.20271603763103485,0.006941437721252441,0.015035152435302734,2
seg+pos+rms+psd,"(1.5, 20.0, 0.7, -0.3)",0.18798154592514038,0.007344424724578857,0.01544952392578125,2
seg+pos+rms+psd,"(1.5, 20.0, 0.7, -0.3)",0.18219341337680817,0.02199995517730713,0.019605398178100586,2
seg+pos+rms+psd,"(1.5, 20.0, 0.7, -0.3)",0.18284840881824493,0.006827294826507568,0.033058762550354004,2
seg+pos+rms+psd,"(1.5, 20.0, 0.7, -0.3)",0.1868489608168602,0.00640946626663208,0.008565664291381836,2
seg+pos+rms+psd,"(1.5, 20.0, 0.7, -0.3)",0.18375851213932037,0.023218214511871338,0.01878643035888672,2
seg+pos+rms+psd,"(1.5, 20.0, 0.7, -0.3)",0.1759820133447647,0.0032964348793029785,0.01909327507019043,2
seg+pos+rms+psd,"(1.5, 20.0, 0.7, -0.3)",0.19544824212789536,0.009332239627838135,0.02585744857788086,2
seg+pos+rms+psd,"(1.5, 20.0, 0.7, -0.3)",0.19630829244852066,0.012768268585205078,0.01471400260925293,2
seg+pos+rms+psd,"(1.5, 20.0, 0.7, -0.3)",0.174066960811615,0.009066581726074219,0.014473438262939453,2
seg+pos+rms+psd,"(1.5, 20.0, 0.7, -0.3)",0.17607185244560242,0.00919562578201294,0.00026154518127441406,2
seg+pos+rms+psd,"(1.5, 20.0, 0.7, -0.3)",0.20707910507917404,0.008283078670501709,0.013235092163085938,2
seg+pos+rms+psd,"(1.5, 20.0, 0.7, -0.3)",0.17843030393123627,0.015731096267700195,0.02577948570251465,2
seg+pos+rms+psd,"(3.0, 8.0, 0.3, 0.0)",0.3500715345144272,0.006539583206176758,0.017010211944580078,2
seg+pos+rms+psd,"(3.0, 8.0, 0.3, 0.0)",0.35709148645401,0.006841063499450684,0.013445138931274414,2
seg+pos+rms+psd,"(3.0, 8.0, 0.3, 0.0)",0.3001682609319687,0.013541817665100098,0.000682830810546875,2
seg+pos+rms+psd,"(3.0, 8.0, 0.3, 0.0)",0.328671857714653,0.011366486549377441,0.0023369789123535156,2
seg+pos+rms+psd,"(3.0, 8.0, 0.3, 0.0)",0.31503021717071533,0.012059807777404785,8.58306884765625e-05,2
seg+pos+rms+psd,"(3.0, 8.0, 0.3, 0.0)",0.2939598262310028,0.004031181335449219,0.0008721351623535156,2
seg+pos+rms+psd,"(3.0, 8.0, 0.3, 0.0)",0.30321863293647766,0.00867927074432373,0.0285489559173584,2
seg+pos+rms+psd,"(3.0, 8.0, 0.3, 0.0)",0.3597973883152008,0.01138603687286377,0.005800485610961914,2
seg+pos+rms+psd,"(3.0, 8.0, 0.3, 0.0)",0.3164530545473099,0.005358099937438965,0.016156673431396484,2
seg+pos+rms+psd,"(3.0, 8.0, 0.3, 0.0)",0.30542224645614624,0.013648629188537598,0.004405021667480469,2
seg+pos+rms+psd,"(3.0, 8.0, 0.3, 0.0)",0.3005116581916809,0.018123388290405273,0.033373355865478516,2
seg+pos+rms+psd,"(3.0, 8.0, 0.3, 0.0)",0.28277385234832764,0.010555624961853027,0.006557941436767578,2
seg+pos+rms+psd,"(3.0, 8.0, 0.3, 0.0)",0.31276533007621765,0.006692767143249512,0.005802631378173828,2
seg+pos+rms+psd,"(3.0, 8.0, 0.3, 0.0)",0.3241158425807953,0.01877284049987793,0.02183246612548828,2
seg+pos+rms+psd,"(3.0, 8.0, 0.3, 0.0)",0.3056154400110245,0.01362144947052002,0.023191452026367188,2
seg+pos+rms+psd,"(3.0, 8.0, 0.3, 0.3)",0.3264336735010147,0.008213400840759277,0.01069951057434082,2
seg+pos+rms+psd,"(3.0, 8.0, 0.3, 0.3)",0.30198320746421814,0.012371301651000977,0.0042188167572021484,2
seg+pos+rms+psd,"(3.0, 8.0, 0.3, 0.3)",0.2978920340538025,0.017725825309753418,0.029384136199951172,2
seg+pos+rms+psd,"(3.0, 8.0, 0.3, 0.3)",0.3226586729288101,0.004948258399963379,0.0036449432373046875,2
seg+pos+rms+psd,"(3.0, 8.0, 0.3, 0.3)",0.35713115334510803,0.004662632942199707,0.0038449764251708984,2
seg+pos+rms+psd,"(3.0, 8.0, 0.3, 0.3)",0.3470223844051361,0.009212493896484375,0.0441434383392334,2
seg+pos+rms+psd,"(3.0, 8.0, 0.3, 0.3)",0.29008038341999054,0.004927873611450195,0.01380777359008789,2
seg+pos+rms+psd,"(3.0, 8.0, 0.3, 0.3)",0.29007744789123535,0.013244152069091797,0.003780364990234375,2
seg+pos+rms+psd,"(3.0, 8.0, 0.3, 0.3)",0.31327442824840546,0.005988717079162598,0.0052947998046875,2
seg+pos+rms+psd,"(3.0, 8.0, 0.3, 0.3)",0.3453974425792694,0.015958547592163086,0.05080747604370117,2
seg+pos+rms+psd,"(3.0, 8.0, 0.3, 0.3)",0.29320378601551056,0.012070059776306152,0.0056645870208740234,2
seg+pos+rms+psd,"(3.0, 8.0, 0.3, 0.3)",0.3618556559085846,0.008936405181884766,0.0011096000671386719,2
seg+pos+rms+psd,"(3.0, 8.0, 0.3, 0.3)",0.32630035281181335,0.019502997398376465,0.04174494743347168,2
seg+pos+rms+psd,"(3.0, 8.0, 0.3, 0.3)",0.29460620880126953,0.014140486717224121,0.003991603851318359,2
seg+pos+rms+psd,"(3.0, 8.0, 0.3, 0.3)",0.3066130727529526,0.012785077095031738,0.03632235527038574,2
seg+pos+rms+psd,"(3.0, 8.0, 0.3, 0.6)",0.3154129981994629,0.012006163597106934,0.06643915176391602,2
seg+pos+rms+psd,"(3.0, 8.0, 0.3, 0.6)",0.30626749992370605,0.009114980697631836,0.022847890853881836,2
seg+pos+rms+psd,"(3.0, 8.0, 0.3, 0.6)",0.34416845440864563,0.018156051635742188,0.039714813232421875,2
seg+pos+rms+psd,"(3.0, 8.0, 0.3, 0.6)",0.2867088317871094,0.009192943572998047,0.019871234893798828,2
seg+pos+rms+psd,"(3.0, 8.0, 0.3, 0.6)",0.2977944016456604,0.01539909839630127,0.004991292953491211,2
seg+pos+rms+psd,"(3.0, 8.0, 0.3, 0.6)",0.35710491240024567,0.015128493309020996,0.005052804946899414,2
seg+pos+rms+psd,"(3.0, 8.0, 0.3, 0.6)",0.3224543035030365,0.03054523468017578,0.01273798942565918,2
seg+pos+rms+psd,"(3.0, 8.0, 0.3, 0.6)",0.3387099802494049,0.011347055435180664,0.03182649612426758,2
seg+pos+rms+psd,"(3.0, 8.0, 0.3, 0.6)",0.2928837835788727,0.020326852798461914,0.008865833282470703,2
seg+pos+rms+psd,"(3.0, 8.0, 0.3, 0.6)",0.3096372187137604,0.006389260292053223,0.036989688873291016,2
seg+pos+rms+psd,"(3.0, 8.0, 0.3, 0.6)",0.30130310356616974,0.008814573287963867,0.030916690826416016,2
seg+pos+rms+psd,"(3.0, 8.0, 0.3, 0.6)",0.3052181601524353,0.02084982395172119,0.007411956787109375,2
seg+pos+rms+psd,"(3.0, 8.0, 0.3, 0.6)",0.3088231086730957,0.017028450965881348,0.06717252731323242,2
seg+pos+rms+psd,"(3.0, 8.0, 0.3, 0.6)",0.3055824488401413,0.008814811706542969,0.06999778747558594,2
seg+pos+rms+psd,"(3.0, 8.0, 0.3, 0.6)",0.35504017770290375,0.017983198165893555,0.03283810615539551,2
seg+pos+rms+psd,"(3.0, 8.0, 0.3, -0.3)",0.32388338446617126,0.006377696990966797,0.025595664978027344,2
seg+pos+rms+psd,"(3.0, 8.0, 0.3, -0.3)",0.34616151452064514,0.0248715877532959,0.04004716873168945,2
seg+pos+rms+psd,"(3.0, 8.0, 0.3, -0.3)",0.34111861884593964,0.00898599624633789,0.024476051330566406,2
seg+pos+rms+psd,"(3.0, 8.0, 0.3, -0.3)",0.33919480443000793,0.010671496391296387,0.007960796356201172,2
seg+pos+rms+psd,"(3.0, 8.0, 0.3, -0.3)",0.3335493803024292,0.009142637252807617,0.03974723815917969,2
seg+pos+rms+psd,"(3.0, 8.0, 0.3, -0.3)",0.3247422128915787,0.011359810829162598,0.016878604888916016,2
seg+pos+rms+psd,"(3.0, 8.0, 0.3, -0.3)",0.327328622341156,0.011893749237060547,0.009209632873535156,2
seg+pos+rms+psd,"(3.0, 8.0, 0.3, -0.3)",0.30158573389053345,0.013186335563659668,0.015472888946533203,2
seg+pos+rms+psd,"(3.0, 8.0, 0.3, -0.3)",0.3034386932849884,0.011707067489624023,0.018930912017822266,2
seg+pos+rms+psd,"(3.0, 8.0, 0.3, -0.3)",0.3573239743709564,0.03429985046386719,0.014489173889160156,2
seg+pos+rms+psd,"(3.0, 8.0, 0.3, -0.3)",0.29618312418460846,0.009299278259277344,0.02131032943725586,2
seg+pos+rms+psd,"(3.0, 8.0, 0.3, -0.3)",0.35872265696525574,0.020535707473754883,0.06598472595214844,2
seg+pos+rms+psd,"(3.0, 8.0, 0.3, -0.3)",0.29750391840934753,0.017184734344482422,0.040895938873291016,2
seg+pos+rms+psd,"(3.0, 8.0, 0.3, -0.3)",0.3601713925600052,0.005577564239501953,0.013430118560791016,2
seg+pos+rms+psd,"(3.0, 8.0, 0.3, -0.3)",0.30393868684768677,0.012211084365844727,0.009493827819824219,2
seg+pos+rms+psd,"(3.0, 8.0, 0.7, 0.0)",0.24536455422639847,0.007696628570556641,0.005969524383544922,2
seg+pos+rms+psd,"(3.0, 8.0, 0.7, 0.0)",0.24216359108686447,0.009437322616577148,0.005290508270263672,2
seg+pos+rms+psd,"(3.0, 8.0, 0.7, 0.0)",0.27681900560855865,0.00388181209564209,0.015195369720458984,2
seg+pos+rms+psd,"(3.0, 8.0, 0.7, 0.0)",0.25822415947914124,0.02043890953063965,0.05657005310058594,2
seg+pos+rms+psd,"(3.0, 8.0, 0.7, 0.0)",0.2392595112323761,0.010970830917358398,0.013394832611083984,2
seg+pos+rms+psd,"(3.0, 8.0, 0.7, 0.0)",0.23780597001314163,0.014842629432678223,0.0128173828125,2
seg+pos+rms+psd,"(3.0, 8.0, 0.7, 0.0)",0.2434997856616974,0.00854504108428955,0.02068805694580078,2
seg+pos+rms+psd,"(3.0, 8.0, 0.7, 0.0)",0.2415064424276352,0.008529901504516602,0.0360722541809082,2
seg+pos+rms+psd,"(3.0, 8.0, 0.7, 0.0)",0.24190331995487213,0.007618069648742676,0.019458293914794922,2
seg+pos+rms+psd,"(3.0, 8.0, 0.7, 0.0)",0.27414579689502716,0.011746764183044434,0.013251304626464844,2
seg+pos+rms+psd,"(3.0, 8.0, 0.7, 0.0)",0.2745208591222763,0.0018656253814697266,0.01826190948486328,2
seg+pos+rms+psd,"(3.0, 8.0, 0.7, 0.0)",0.2418786659836769,0.003965616226196289,0.0037729740142822266,2
seg+pos+rms+psd,"(3.0, 8.0, 0.7, 0.0)",0.25705263018608093,0.02152073383331299,0.01870584487915039,2
seg+pos+rms+psd,"(3.0, 8.0, 0.7, 0.0)",0.248689204454422,0.00395512580871582,0.0034890174865722656,2
seg+pos+rms+psd,"(3.0, 8.0, 0.7, 0.0)",0.2500807195901871,0.010544300079345703,0.028588294982910156,2
seg+pos+rms+psd,"(3.0, 8.0, 0.7, 0.3)",0.23586083203554153,0.012415528297424316,0.011404037475585938,2
seg+pos+rms+psd,"(3.0, 8.0, 0.7, 0.3)",0.27349770069122314,0.011805057525634766,0.0140380859375,2
seg+pos+rms+psd,"(3.0, 8.0, 0.7, 0.3)",0.2346070185303688,0.018103480339050293,0.04320478439331055,2
seg+pos+rms+psd,"(3.0, 8.0, 0.7, 0.3)",0.24420274049043655,0.00940096378326416,0.00567936897277832,2
seg+pos+rms+psd,"(3.0, 8.0, 0.7, 0.3)",0.2750038802623749,0.010309219360351562,0.019814491271972656,2
seg+pos+rms+psd,"(3.0, 8.0, 0.7, 0.3)",0.2514185383915901,0.009793400764465332,0.019619226455688477,2
seg+pos+rms+psd,"(3.0, 8.0, 0.7, 0.3)",0.27077046036720276,0.008418083190917969,0.022335052490234375,2
seg+pos+rms+psd,"(3.0, 8.0, 0.7, 0.3)",0.24649330973625183,0.011239409446716309,0.015255212783813477,2
seg+pos+rms+psd,"(3.0, 8.0, 0.7, 0.3)",0.2795552462339401,0.01613938808441162,0.006516933441162109,2
seg+pos+rms+psd,"(3.0, 8.0, 0.7, 0.3)",0.2327921986579895,0.01014256477355957,0.03630185127258301,2
seg+pos+rms+psd,"(3.0, 8.0, 0.7, 0.3)",0.22927254438400269,0.015552520751953125,0.02116560935974121,2
seg+pos+rms+psd,"(3.0, 8.0, 0.7, 0.3)",0.24698393046855927,0.01843857765197754,0.031642913818359375,2
seg+pos+rms+psd,"(3.0, 8.0, 0.7, 0.3)",0.2727752923965454,0.006517887115478516,0.009237289428710938,2
seg+pos+rms+psd,"(3.0, 8.0, 0.7, 0.3)",0.25278139114379883,0.005717873573303223,0.01218271255493164,2
seg+pos+rms+psd,"(3.0, 8.0, 0.7, 0.3)",0.2508295625448227,0.009023666381835938,0.0070552825927734375,2
seg+pos+rms+psd,"(3.0, 8.0, 0.7, 0.6)",0.2522798776626587,0.008070230484008789,0.014543771743774414,2
seg+pos+rms+psd,"(3.0, 8.0, 0.7, 0.6)",0.24254687130451202,0.014501571655273438,0.013150691986083984,2
seg+pos+rms+psd,"(3.0, 8.0, 0.7, 0.6)",0.25272226333618164,0.008837342262268066,0.00473332405090332,2
seg+pos+rms+psd,"(3.0, 8.0, 0.7, 0.6)",0.23558375984430313,0.0033665895462036133,0.026499032974243164,2
seg+pos+rms+psd,"(3.0, 8.0, 0.7, 0.6)",0.24619296193122864,0.010233163833618164,0.0233151912689209,2
seg+pos+rms+psd,"(3.0, 8.0, 0.7, 0.6)",0.2527390792965889,0.010979056358337402,0.010570764541625977,2
seg+pos+rms+psd,"(3.0, 8.0, 0.7, 0.6)",0.243174709379673,0.011705994606018066,0.017831087112426758,2
seg+pos+rms+psd,"(3.0, 8.0, 0.7, 0.6)",0.28192460536956787,0.015749335289001465,0.038421630859375,2
seg+pos+rms+psd,"(3.0, 8.0, 0.7, 0.6)",0.28328362107276917,0.008129119873046875,0.0188751220703125,2
seg+pos+rms+psd,"(3.0, 8.0, 0.7, 0.6)",0.2495976686477661,0.0022891759872436523,0.023949146270751953,2
seg+pos+rms+psd,"(3.0, 8.0, 0.7, 0.6)",0.2761955261230469,0.020229458808898926,0.00313568115234375,2
seg+pos+rms+psd,"(3.0, 8.0, 0.7, 0.6)",0.25102200359106064,0.010042190551757812,0.05449342727661133,2
seg+pos+rms+psd,"(3.0, 8.0, 0.7, 0.6)",0.2773384600877762,0.01635432243347168,0.028467178344726562,2
seg+pos+rms+psd,"(3.0, 8.0, 0.7, 0.6)",0.2660359591245651,0.010223984718322754,0.01847219467163086,2
seg+pos+rms+psd,"(3.0, 8.0, 0.7, 0.6)",0.23551495373249054,0.005899548530578613,0.012369155883789062,2
seg+pos+rms+psd,"(3.0, 8.0, 0.7, -0.3)",0.26167166233062744,0.014245748519897461,0.02281475067138672,2
seg+pos+rms+psd,"(3.0, 8.0, 0.7, -0.3)",0.226512111723423,0.0017414093017578125,0.008086204528808594,2
seg+pos+rms+psd,"(3.0, 8.0, 0.7, -0.3)",0.2524833157658577,0.02465832233428955,0.013652801513671875,2
seg+pos+rms+psd,"(3.0, 8.0, 0.7, -0.3)",0.27953770756721497,0.004339694976806641,0.0003676414489746094,2
seg+pos+rms+psd,"(3.0, 8.0, 0.7, -0.3)",0.2781679779291153,0.01256406307220459,0.017132282257080078,2
seg+pos+rms+psd,"(3.0, 8.0, 0.7, -0.3)",0.23856046050786972,0.007310271263122559,0.0014748573303222656,2
seg+pos+rms+psd,"(3.0, 8.0, 0.7, -0.3)",0.2569696754217148,0.022679686546325684,0.049013614654541016,2
seg+pos+rms+psd,"(3.0, 8.0, 0.7, -0.3)",0.22944937646389008,0.005684971809387207,0.02152395248413086,2
seg+pos+rms+psd,"(3.0, 8.0, 0.7, -0.3)",0.25596895813941956,0.01057898998260498,0.025287151336669922,2
seg+pos+rms+psd,"(3.0, 8.0, 0.7, -0.3)",0.23973575979471207,0.008420825004577637,0.006230354309082031,2
seg+pos+rms+psd,"(3.0, 8.0, 0.7, -0.3)",0.27682019770145416,0.015014886856079102,0.032077789306640625,2
seg+pos+rms+psd,"(3.0, 8.0, 0.7, -0.3)",0.2467936873435974,0.005403399467468262,0.019725322723388672,2
seg+pos+rms+psd,"(3.0, 8.0, 0.7, -0.3)",0.23378176242113113,0.010550141334533691,0.01375579833984375,2
seg+pos+rms+psd,"(3.0, 8.0, 0.7, -0.3)",0.250702328979969,0.020038723945617676,0.023725032806396484,2
seg+pos+rms+psd,"(3.0, 8.0, 0.7, -0.3)",0.28018493950366974,0.0110626220703125,0.022902965545654297,2
seg+pos+rms+psd,"(3.0, 20.0, 0.3, 0.0)",0.27287375926971436,0.00787508487701416,0.0037369728088378906,2
seg+pos+rms+psd,"(3.0, 20.0, 0.3, 0.0)",0.3330373615026474,0.021193504333496094,0.011162757873535156,2
seg+pos+rms+psd,"(3.0, 20.0, 0.3, 0.0)",0.27769888937473297,0.006642460823059082,0.005951881408691406,2
seg+pos+rms+psd,"(3.0, 20.0, 0.3, 0.0)",0.3373818099498749,0.011562108993530273,0.029282331466674805,2
seg+pos+rms+psd,"(3.0, 20.0, 0.3, 0.0)",0.29877980053424835,0.002495884895324707,0.011943340301513672,2
seg+pos+rms+psd,"(3.0, 20.0, 0.3, 0.0)",0.2920130044221878,0.01676762104034424,0.0169219970703125,2
seg+pos+rms+psd,"(3.0, 20.0, 0.3, 0.0)",0.2768400013446808,0.008982658386230469,0.045896291732788086,2
seg+pos+rms+psd,"(3.0, 20.0, 0.3, 0.0)",0.3391154259443283,0.009081006050109863,0.027228593826293945,2
seg+pos+rms+psd,"(3.0, 20.0, 0.3, 0.0)",0.34227439761161804,0.0028078556060791016,0.010286331176757812,2
seg+pos+rms+psd,"(3.0, 20.0, 0.3, 0.0)",0.29642854630947113,0.012149333953857422,0.010288238525390625,2
seg+pos+rms+psd,"(3.0, 20.0, 0.3, 0.0)",0.27364322543144226,0.0024219751358032227,0.0032269954681396484,2
seg+pos+rms+psd,"(3.0, 20.0, 0.3, 0.0)",0.2832653820514679,0.02500593662261963,0.04217100143432617,2
seg+pos+rms+psd,"(3.0, 20.0, 0.3, 0.0)",0.3243405222892761,0.008866071701049805,0.008369207382202148,2
seg+pos+rms+psd,"(3.0, 20.0, 0.3, 0.0)",0.3332196772098541,0.014827251434326172,0.04122018814086914,2
seg+pos+rms+psd,"(3.0, 20.0, 0.3, 0.0)",0.3241425156593323,0.012687087059020996,0.018125295639038086,2
seg+pos+rms+psd,"(3.0, 20.0, 0.3, 0.3)",0.31776630878448486,0.01004171371459961,0.0008113384246826172,2
seg+pos+rms+psd,"(3.0, 20.0, 0.3, 0.3)",0.30341003835201263,0.014279007911682129,0.013495683670043945,2
seg+pos+rms+psd,"(3.0, 20.0, 0.3, 0.3)",0.29008202254772186,0.007054567337036133,0.011909246444702148,2
seg+pos+rms+psd,"(3.0, 20.0, 0.3, 0.3)",0.28836385905742645,0.010306358337402344,0.009657144546508789,2
seg+pos+rms+psd,"(3.0, 20.0, 0.3, 0.3)",0.29063838720321655,0.010117292404174805,0.010979652404785156,2
seg+pos+rms+psd,"(3.0, 20.0, 0.3, 0.3)",0.30364903807640076,0.024569153785705566,0.035904645919799805,2
seg+pos+rms+psd,"(3.0, 20.0, 0.3, 0.3)",0.3007899820804596,0.009382367134094238,0.039273738861083984,2
seg+pos+rms+psd,"(3.0, 20.0, 0.3, 0.3)",0.2999659776687622,0.008158445358276367,0.010198593139648438,2
seg+pos+rms+psd,"(3.0, 20.0, 0.3, 0.3)",0.28419074416160583,0.008987784385681152,0.0009672641754150391,2
seg+pos+rms+psd,"(3.0, 20.0, 0.3, 0.3)",0.32172223925590515,0.008324146270751953,0.0007426738739013672,2
seg+pos+rms+psd,"(3.0, 20.0, 0.3, 0.3)",0.2709046006202698,0.002215862274169922,0.025884628295898438,2
seg+pos+rms+psd,"(3.0, 20.0, 0.3, 0.3)",0.29824410378932953,0.008114814758300781,0.017771482467651367,2
seg+pos+rms+psd,"(3.0, 20.0, 0.3, 0.3)",0.2717026472091675,0.0154191255569458,0.010760784149169922,2
seg+pos+rms+psd,"(3.0, 20.0, 0.3, 0.3)",0.283827468752861,0.008772492408752441,0.004298210144042969,2
seg+pos+rms+psd,"(3.0, 20.0, 0.3, 0.3)",0.32496869564056396,0.02039635181427002,0.014043807983398438,2
seg+pos+rms+psd,"(3.0, 20.0, 0.3, 0.6)",0.2851437032222748,0.007022738456726074,0.031928300857543945,2
seg+pos+rms+psd,"(3.0, 20.0, 0.3, 0.6)",0.294428214430809,0.013517379760742188,0.008531332015991211,2
seg+pos+rms+psd,"(3.0, 20.0, 0.3, 0.6)",0.33176587522029877,0.008574247360229492,0.026549816131591797,2
seg+pos+rms+psd,"(3.0, 20.0, 0.3, 0.6)",0.33816856145858765,0.007616758346557617,0.004414558410644531,2
seg+pos+rms+psd,"(3.0, 20.0, 0.3, 0.6)",0.28597375750541687,0.009871125221252441,0.0005288124084472656,2
seg+pos+rms+psd,"(3.0, 20.0, 0.3, 0.6)",0.31963545083999634,0.007650017738342285,0.02979588508605957,2
seg+pos+rms+psd,"(3.0, 20.0, 0.3, 0.6)",0.26428957283496857,0.012492656707763672,0.037842750549316406,2
seg+pos+rms+psd,"(3.0, 20.0, 0.3, 0.6)",0.26153843104839325,0.0038290023803710938,0.018926620483398438,2
seg+pos+rms+psd,"(3.0, 20.0, 0.3, 0.6)",0.29329240322113037,0.009547591209411621,0.0016512870788574219,2
seg+pos+rms+psd,"(3.0, 20.0, 0.3, 0.6)",0.266034871339798,0.006928205490112305,0.018074989318847656,2
seg+pos+rms+psd,"(3.0, 20.0, 0.3, 0.6)",0.2960624694824219,0.01192021369934082,0.024091720581054688,2
seg+pos+rms+psd,"(3.0, 20.0, 0.3, 0.6)",0.2817498743534088,0.010427713394165039,0.04078364372253418,2
seg+pos+rms+psd,"(3.0, 20.0, 0.3, 0.6)",0.2937697172164917,0.010912537574768066,0.030932903289794922,2
seg+pos+rms+psd,"(3.0, 20.0, 0.3, 0.6)",0.2715914845466614,0.019779324531555176,0.021415233612060547,2
seg+pos+rms+psd,"(3.0, 20.0, 0.3, 0.6)",0.2999007999897003,0.012325644493103027,0.024438142776489258,2
seg+pos+rms+psd,"(3.0, 20.0, 0.3, -0.3)",0.27855363488197327,0.008467793464660645,0.025583744049072266,2
seg+pos+rms+psd,"(3.0, 20.0, 0.3, -0.3)",0.2917952537536621,0.007204890251159668,0.0026535987854003906,2
seg+pos+rms+psd,"(3.0, 20.0, 0.3, -0.3)",0.27689866721630096,0.008425116539001465,0.010746479034423828,2
seg+pos+rms+psd,"(3.0, 20.0, 0.3, -0.3)",0.2902602106332779,0.010000228881835938,0.024552345275878906,2
seg+pos+rms+psd,"(3.0, 20.0, 0.3, -0.3)",0.2698602229356766,0.00957798957824707,0.012360095977783203,2
seg+pos+rms+psd,"(3.0, 20.0, 0.3, -0.3)",0.3228069841861725,0.012306809425354004,0.006588935852050781,2
seg+pos+rms+psd,"(3.0, 20.0, 0.3, -0.3)",0.27483393251895905,0.009306550025939941,0.003952503204345703,2
seg+pos+rms+psd,"(3.0, 20.0, 0.3, -0.3)",0.28327377140522003,0.004310488700866699,0.016202449798583984,2
seg+pos+rms+psd,"(3.0, 20.0, 0.3, -0.3)",0.28091365098953247,0.011777162551879883,0.022475719451904297,2
seg+pos+rms+psd,"(3.0, 20.0, 0.3, -0.3)",0.3000193387269974,0.022514820098876953,0.000301361083984375,2
seg+pos+rms+psd,"(3.0, 20.0, 0.3, -0.3)",0.2800479978322983,0.011094331741333008,0.005142688751220703,2
seg+pos+rms+psd,"(3.0, 20.0, 0.3, -0.3)",0.2734285145998001,0.011284351348876953,0.028810501098632812,2
seg+pos+rms+psd,"(3.0, 20.0, 0.3, -0.3)",0.3025266081094742,0.007951498031616211,0.017712116241455078,2
seg+pos+rms+psd,"(3.0, 20.0, 0.3, -0.3)",0.2662617117166519,0.012079715728759766,0.021843433380126953,2
seg+pos+rms+psd,"(3.0, 20.0, 0.3, -0.3)",0.2871401011943817,0.01455998420715332,0.02138519287109375,2
seg+pos+rms+psd,"(3.0, 20.0, 0.7, 0.0)",0.1980832815170288,0.00828564167022705,0.008353710174560547,2
seg+pos+rms+psd,"(3.0, 20.0, 0.7, 0.0)",0.20565256476402283,0.008532166481018066,0.030536651611328125,2
seg+pos+rms+psd,"(3.0, 20.0, 0.7, 0.0)",0.20045601576566696,0.002634763717651367,0.013675689697265625,2
seg+pos+rms+psd,"(3.0, 20.0, 0.7, 0.0)",0.20664410293102264,0.009394645690917969,0.01730632781982422,2
seg+pos+rms+psd,"(3.0, 20.0, 0.7, 0.0)",0.19624411314725876,0.012475013732910156,0.035248756408691406,2
seg+pos+rms+psd,"(3.0, 20.0, 0.7, 0.0)",0.19311963766813278,0.003276824951171875,0.005988597869873047,2
seg+pos+rms+psd,"(3.0, 20.0, 0.7, 0.0)",0.20077667385339737,0.016896843910217285,0.014928340911865234,2
seg+pos+rms+psd,"(3.0, 20.0, 0.7, 0.0)",0.20496031641960144,0.020792365074157715,0.03151082992553711,2
seg+pos+rms+psd,"(3.0, 20.0, 0.7, 0.0)",0.20646048337221146,0.010012030601501465,0.05182528495788574,2
seg+pos+rms+psd,"(3.0, 20.0, 0.7, 0.0)",0.20164912939071655,0.010776281356811523,0.00973963737487793,2
seg+pos+rms+psd,"(3.0, 20.0, 0.7, 0.0)",0.21589969843626022,0.005280137062072754,0.020303726196289062,2
seg+pos+rms+psd,"(3.0, 20.0, 0.7, 0.0)",0.2402249276638031,0.011342883110046387,0.019952774047851562,2
seg+pos+rms+psd,"(3.0, 20.0, 0.7, 0.0)",0.2084903120994568,0.02085864543914795,0.011019229888916016,2
seg+pos+rms+psd,"(3.0, 20.0, 0.7, 0.0)",0.24058304727077484,0.019986271858215332,0.04768228530883789,2
seg+pos+rms+psd,"(3.0, 20.0, 0.7, 0.0)",0.19648709148168564,0.0197981595993042,0.008837223052978516,2
seg+pos+rms+psd,"(3.0, 20.0, 0.7, 0.3)",0.21910350769758224,0.0203094482421875,0.01902461051940918,2
seg+pos+rms+psd,"(3.0, 20.0, 0.7, 0.3)",0.19693829864263535,0.008861303329467773,0.0209505558013916,2
seg+pos+rms+psd,"(3.0, 20.0, 0.7, 0.3)",0.21212201565504074,0.0023577213287353516,0.00535273551940918,2
seg+pos+rms+psd,"(3.0, 20.0, 0.7, 0.3)",0.1985505446791649,0.015009284019470215,0.0029959678649902344,2
seg+pos+rms+psd,"(3.0, 20.0, 0.7, 0.3)",0.21517997980117798,0.012595415115356445,0.006804227828979492,2
seg+pos+rms+psd,"(3.0, 20.0, 0.7, 0.3)",0.21021587401628494,0.007336139678955078,0.01383662223815918,2
seg+pos+rms+psd,"(3.0, 20.0, 0.7, 0.3)",0.20697306841611862,0.012704968452453613,0.04377388954162598,2
seg+pos+rms+psd,"(3.0, 20.0, 0.7, 0.3)",0.20547177642583847,0.010117769241333008,0.012504816055297852,2
seg+pos+rms+psd,"(3.0, 20.0, 0.7, 0.3)",0.21647554636001587,0.0031348466873168945,0.0032868385314941406,2
seg+pos+rms+psd,"(3.0, 20.0, 0.7, 0.3)",0.22303911298513412,0.010069608688354492,0.04577898979187012,2
seg+pos+rms+psd,"(3.0, 20.0, 0.7, 0.3)",0.2369559109210968,0.014577150344848633,0.004416227340698242,2
seg+pos+rms+psd,"(3.0, 20.0, 0.7, 0.3)",0.20507461577653885,0.018070697784423828,0.04217982292175293,2
seg+pos+rms+psd,"(3.0, 20.0, 0.7, 0.3)",0.21125157922506332,0.0044432878494262695,0.028058290481567383,2
seg+pos+rms+psd,"(3.0, 20.0, 0.7, 0.3)",0.21105889230966568,0.007973909378051758,0.015023231506347656,2
seg+pos+rms+psd,"(3.0, 20.0, 0.7, 0.3)",0.20548617094755173,0.03177845478057861,0.014649629592895508,2
seg+pos+rms+psd,"(3.0, 20.0, 0.7, 0.6)",0.2373603954911232,0.008184194564819336,0.0016415119171142578,2
seg+pos+rms+psd,"(3.0, 20.0, 0.7, 0.6)",0.20862633734941483,0.013357400894165039,0.004177570343017578,2
seg+pos+rms+psd,"(3.0, 20.0, 0.7, 0.6)",0.22656240314245224,0.011562466621398926,0.0030736923217773438,2
seg+pos+rms+psd,"(3.0, 20.0, 0.7, 0.6)",0.192954882979393,0.015328168869018555,0.008267641067504883,2
seg+pos+rms+psd,"(3.0, 20.0, 0.7, 0.6)",0.20423295348882675,0.0022562742233276367,0.006476163864135742,2
seg+pos+rms+psd,"(3.0, 20.0, 0.7, 0.6)",0.208476223051548,0.020335674285888672,0.03212237358093262,2
seg+pos+rms+psd,"(3.0, 20.0, 0.7, 0.6)",0.20415915548801422,0.007384538650512695,0.031830787658691406,2
seg+pos+rms+psd,"(3.0, 20.0, 0.7, 0.6)",0.1992226168513298,0.024502158164978027,0.03138875961303711,2
seg+pos+rms+psd,"(3.0, 20.0, 0.7, 0.6)",0.24067363142967224,0.02209651470184326,0.017464637756347656,2
seg+pos+rms+psd,"(3.0, 20.0, 0.7, 0.6)",0.23081074655056,0.009953975677490234,0.024095535278320312,2
seg+pos+rms+psd,"(3.0, 20.0, 0.7, 0.6)",0.23086530715227127,0.012830615043640137,0.06491684913635254,2
seg+pos+rms+psd,"(3.0, 20.0, 0.7, 0.6)",0.20887481421232224,0.013139486312866211,0.005344390869140625,2
seg+pos+rms+psd,"(3.0, 20.0, 0.7, 0.6)",0.19917314499616623,0.016553878784179688,0.016716718673706055,2
seg+pos+rms+psd,"(3.0, 20.0, 0.7, 0.6)",0.2207646369934082,0.013253450393676758,0.02318716049194336,2
seg+pos+rms+psd,"(3.0, 20.0, 0.7, 0.6)",0.21689030528068542,0.01750767230987549,0.028037548065185547,2
seg+pos+rms+psd,"(3.0, 20.0, 0.7, -0.3)",0.20316310971975327,0.008812427520751953,0.017302989959716797,2
seg+pos+rms+psd,"(3.0, 20.0, 0.7, -0.3)",0.2198442667722702,0.008271098136901855,0.026946544647216797,2
seg+pos+rms+psd,"(3.0, 20.0, 0.7, -0.3)",0.23449698090553284,0.007083296775817871,0.004460334777832031,2
seg+pos+rms+psd,"(3.0, 20.0, 0.7, -0.3)",0.19813091307878494,0.01064300537109375,0.030462265014648438,2
seg+pos+rms+psd,"(3.0, 20.0, 0.7, -0.3)",0.21173182874917984,0.012390971183776855,0.022938251495361328,2
seg+pos+rms+psd,"(3.0, 20.0, 0.7, -0.3)",0.22858400642871857,0.027484893798828125,0.04191017150878906,2
seg+pos+rms+psd,"(3.0, 20.0, 0.7, -0.3)",0.20179756730794907,0.0008794069290161133,0.015343666076660156,2
seg+pos+rms+psd,"(3.0, 20.0, 0.7, -0.3)",0.21208243072032928,0.018596410751342773,0.030894756317138672,2
seg+pos+rms+psd,"(3.0, 20.0, 0.7, -0.3)",0.21629519760608673,0.01194155216217041,0.013113975524902344,2
seg+pos+rms+psd,"(3.0, 20.0, 0.7, -0.3)",0.1938704252243042,0.008993744850158691,0.007117748260498047,2
seg+pos+rms+psd,"(3.0, 20.0, 0.7, -0.3)",0.2301260232925415,0.024183034896850586,0.016458988189697266,2
seg+pos+rms+psd,"(3.0, 20.0, 0.7, -0.3)",0.21862058341503143,0.009337067604064941,0.0027780532836914062,2
seg+pos+rms+psd,"(3.0, 20.0, 0.7, -0.3)",0.20156773924827576,0.011064410209655762,0.0059871673583984375,2
seg+pos+rms+psd,"(3.0, 20.0, 0.7, -0.3)",0.204732283949852,0.012462019920349121,0.011565208435058594,2
seg+pos+rms+psd,"(3.0, 20.0, 0.7, -0.3)",0.20788110047578812,0.007705092430114746,0.017990589141845703,2
full,"(1.5, 8.0, 0.3, 0.0)",0.2565734535455704,0.016385376453399658,0.012282848358154297,0
full,"(1.5, 8.0, 0.3, 0.0)",0.2844565808773041,0.020192205905914307,0.02036154270172119,0
full,"(1.5, 8.0, 0.3, 0.0)",0.27865269780158997,0.02375161647796631,0.03933978080749512,0
full,"(1.5, 8.0, 0.3, 0.0)",0.2879539579153061,0.01798015832901001,0.009599447250366211,0
full,"(1.5, 8.0, 0.3, 0.0)",0.2508126199245453,0.03512990474700928,0.048310279846191406,0
full,"(1.5, 8.0, 0.3, 0.0)",0.2715803533792496,0.026713311672210693,0.04991555213928223,0
full,"(1.5, 8.0, 0.3, 0.0)",0.2543429061770439,0.02462136745452881,0.03430008888244629,0
full,"(1.5, 8.0, 0.3, 0.0)",0.2710580974817276,0.009708285331726074,0.009393930435180664,0
full,"(1.5, 8.0, 0.3, 0.0)",0.28717803955078125,0.02395707368850708,0.03398561477661133,0
full,"(1.5, 8.0, 0.3, 0.0)",0.2781409025192261,0.030248939990997314,0.04449868202209473,0
full,"(1.5, 8.0, 0.3, 0.0)",0.2767264246940613,0.02920055389404297,0.03061985969543457,0
full,"(1.5, 8.0, 0.3, 0.0)",0.24307765811681747,0.015652179718017578,0.026347041130065918,0
full,"(1.5, 8.0, 0.3, 0.0)",0.2515750676393509,0.0029772520065307617,0.006379365921020508,0
full,"(1.5, 8.0, 0.3, 0.0)",0.2490556836128235,0.03471654653549194,0.06386196613311768,0
full,"(1.5, 8.0, 0.3, 0.0)",0.280825138092041,0.013513505458831787,0.024453401565551758,0
full,"(1.5, 8.0, 0.3, 0.3)",0.2651051878929138,0.021117568016052246,0.017096400260925293,0
full,"(1.5, 8.0, 0.3, 0.3)",0.2521347850561142,0.01650238037109375,0.011404633522033691,0
full,"(1.5, 8.0, 0.3, 0.3)",0.25622811913490295,0.019672274589538574,0.03055882453918457,0
full,"(1.5, 8.0, 0.3, 0.3)",0.2637587785720825,0.008276700973510742,0.022173404693603516,0
full,"(1.5, 8.0, 0.3, 0.3)",0.2612341493368149,0.021663665771484375,0.013197898864746094,0
full,"(1.5, 8.0, 0.3, 0.3)",0.26223281025886536,0.03038114309310913,0.01785266399383545,0
full,"(1.5, 8.0, 0.3, 0.3)",0.2642541080713272,0.015916764736175537,0.013248324394226074,0
full,"(1.5, 8.0, 0.3, 0.3)",0.25554975867271423,0.017364978790283203,0.01413571834564209,0
full,"(1.5, 8.0, 0.3, 0.3)",0.257991224527359,0.013463973999023438,0.02399587631225586,0
full,"(1.5, 8.0, 0.3, 0.3)",0.25947079062461853,0.0057062506675720215,0.019984841346740723,0
full,"(1.5, 8.0, 0.3, 0.3)",0.24780993908643723,0.023833096027374268,0.023157477378845215,0
full,"(1.5, 8.0, 0.3, 0.3)",0.25818106532096863,0.0296630859375,0.034720778465270996,0
full,"(1.5, 8.0, 0.3, 0.3)",0.269413560628891,0.026677966117858887,0.00636136531829834,0
full,"(1.5, 8.0, 0.3, 0.3)",0.2562381327152252,0.02424764633178711,0.04289889335632324,0
full,"(1.5, 8.0, 0.3, 0.3)",0.25438715517520905,0.01751267910003662,0.0056111812591552734,0
full,"(1.5, 8.0, 0.3, 0.6)",0.2612207531929016,0.025254666805267334,0.040625691413879395,0
full,"(1.5, 8.0, 0.3, 0.6)",0.2729373723268509,0.03716075420379639,0.009292006492614746,0
full,"(1.5, 8.0, 0.3, 0.6)",0.28563402593135834,0.025454282760620117,0.02320230007171631,0
full,"(1.5, 8.0, 0.3, 0.6)",0.26588863134384155,0.01727139949798584,0.03576302528381348,0
full,"(1.5, 8.0, 0.3, 0.6)",0.26590868830680847,0.029155969619750977,0.009320974349975586,0
full,"(1.5, 8.0, 0.3, 0.6)",0.2692454010248184,0.028273046016693115,0.004397034645080566,0
full,"(1.5, 8.0, 0.3, 0.6)",0.2753603607416153,0.022595584392547607,0.02594900131225586,0
full,"(1.5, 8.0, 0.3, 0.6)",0.2716441750526428,0.034860074520111084,0.002074599266052246,0
full,"(1.5, 8.0, 0.3, 0.6)",0.25704506784677505,0.016737937927246094,0.008385539054870605,0
full,"(1.5, 8.0, 0.3, 0.6)",0.26460549235343933,0.027817606925964355,0.015589356422424316,0
full,"(1.5, 8.0, 0.3, 0.6)",0.2795806974172592,0.010406434535980225,0.048084378242492676,0
full,"(1.5, 8.0, 0.3, 0.6)",0.269451305270195,0.010979413986206055,0.004637241363525391,0
full,"(1.5, 8.0, 0.3, 0.6)",0.2568146288394928,0.025990307331085205,0.013115525245666504,0
full,"(1.5, 8.0, 0.3, 0.6)",0.27095428109169006,0.006006956100463867,0.03426647186279297,0
full,"(1.5, 8.0, 0.3, 0.6)",0.2616886794567108,0.029922127723693848,0.01665019989013672,0
full,"(1.5, 8.0, 0.3, -0.3)",0.2588287442922592,0.03110659122467041,0.04372048377990723,0
full,"(1.5, 8.0, 0.3, -0.3)",0.28654366731643677,0.01221919059753418,0.022620677947998047,0
full,"(1.5, 8.0, 0.3, -0.3)",0.26293954253196716,0.014919400215148926,0.033527374267578125,0
full,"(1.5, 8.0, 0.3, -0.3)",0.2593823969364166,0.018803119659423828,0.025310754776000977,0
full,"(1.5, 8.0, 0.3, -0.3)",0.25866614282131195,0.01897794008255005,0.0243377685546875,0
full,"(1.5, 8.0, 0.3, -0.3)",0.2793953865766525,0.020665347576141357,0.035189151763916016,0
full,"(1.5, 8.0, 0.3, -0.3)",0.26002007722854614,0.020063579082489014,0.024806976318359375,0
full,"(1.5, 8.0, 0.3, -0.3)",0.27608758211135864,0.01877725124359131,0.01666855812072754,0
full,"(1.5, 8.0, 0.3, -0.3)",0.25688934326171875,0.03698164224624634,0.06415653228759766,0
full,"(1.5, 8.0, 0.3, -0.3)",0.2720133066177368,0.011915802955627441,0.0043108463287353516,0
full,"(1.5, 8.0, 0.3, -0.3)",0.26223284006118774,0.013788580894470215,0.04305076599121094,0
full,"(1.5, 8.0, 0.3, -0.3)",0.2537126839160919,0.02397775650024414,0.03490424156188965,0
full,"(1.5, 8.0, 0.3, -0.3)",0.2640209197998047,0.011134147644042969,0.031036376953125,0
full,"(1.5, 8.0, 0.3, -0.3)",0.25214990973472595,0.03244215250015259,0.07468342781066895,0
full,"(1.5, 8.0, 0.3, -0.3)",0.27834247052669525,0.003935515880584717,0.00772857666015625,0
full,"(1.5, 8.0, 0.7, 0.0)",0.21982919424772263,0.034587323665618896,0.049976348876953125,0
full,"(1.5, 8.0, 0.7, 0.0)",0.20489118993282318,0.015059232711791992,0.007977485656738281,0
full,"(1.5, 8.0, 0.7, 0.0)",0.22190526872873306,0.01264113187789917,0.031387925148010254,0
full,"(1.5, 8.0, 0.7, 0.0)",0.20048746466636658,0.01886117458343506,0.019479036331176758,0
full,"(1.5, 8.0, 0.7, 0.0)",0.22305667400360107,0.018620312213897705,0.024667024612426758,0
full,"(1.5, 8.0, 0.7, 0.0)",0.21005579084157944,0.02282536029815674,0.017716646194458008,0
full,"(1.5, 8.0, 0.7, 0.0)",0.18997932970523834,0.00574880838394165,0.0028232336044311523,0
full,"(1.5, 8.0, 0.7, 0.0)",0.193605937063694,0.00510793924331665,0.018402099609375,0
full,"(1.5, 8.0, 0.7, 0.0)",0.19909342378377914,0.006968140602111816,0.005014300346374512,0
full,"(1.5, 8.0, 0.7, 0.0)",0.2102005034685135,0.031226396560668945,0.03552699089050293,0
full,"(1.5, 8.0, 0.7, 0.0)",0.20308411866426468,0.006393551826477051,0.0010573863983154297,0
full,"(1.5, 8.0, 0.7, 0.0)",0.1885492131114006,0.017896294593811035,0.005312204360961914,0
full,"(1.5, 8.0, 0.7, 0.0)",0.21195630729198456,0.007014632225036621,0.009691715240478516,0
full,"(1.5, 8.0, 0.7, 0.0)",0.1949753537774086,0.015602350234985352,0.021247029304504395,0
full,"(1.5, 8.0, 0.7, 0.0)",0.19927866756916046,0.022151947021484375,0.04501223564147949,0
full,"(1.5, 8.0, 0.7, 0.3)",0.19635092467069626,0.010249018669128418,0.008011817932128906,0
full,"(1.5, 8.0, 0.7, 0.3)",0.20294997841119766,0.009237587451934814,0.007588386535644531,0
full,"(1.5, 8.0, 0.7, 0.3)",0.19084549695253372,0.006197988986968994,0.011295795440673828,0
full,"(1.5, 8.0, 0.7, 0.3)",0.20829171687364578,0.010328710079193115,0.00029408931732177734,0
full,"(1.5, 8.0, 0.7, 0.3)",0.2085980772972107,0.012240886688232422,0.031232833862304688,0
full,"(1.5, 8.0, 0.7, 0.3)",0.18334489315748215,0.016019880771636963,0.01244509220123291,0
full,"(1.5, 8.0, 0.7, 0.3)",0.18370851129293442,0.0057356953620910645,4.851818084716797e-05,0
full,"(1.5, 8.0, 0.7, 0.3)",0.19362465292215347,0.013232111930847168,0.00045669078826904297,0
full,"(1.5, 8.0, 0.7, 0.3)",0.19099726527929306,0.0027404427528381348,0.01291501522064209,0
full,"(1.5, 8.0, 0.7, 0.3)",0.19306331127882004,0.015768766403198242,0.0012694597244262695,0
full,"(1.5, 8.0, 0.7, 0.3)",0.1955217644572258,0.00638347864151001,0.03628349304199219,0
full,"(1.5, 8.0, 0.7, 0.3)",0.20775273442268372,0.009497880935668945,0.011139631271362305,0
full,"(1.5, 8.0, 0.7, 0.3)",0.18746895343065262,0.0035056471824645996,0.03322196006774902,0
full,"(1.5, 8.0, 0.7, 0.3)",0.19372522085905075,0.003663003444671631,0.0059146881103515625,0
full,"(1.5, 8.0, 0.7, 0.3)",0.20278747379779816,0.010578513145446777,0.00657498836517334,0
full,"(1.5, 8.0, 0.7, 0.6)",0.20512598752975464,0.02113133668899536,0.00522005558013916,0
full,"(1.5, 8.0, 0.7, 0.6)",0.197284497320652,0.019773542881011963,0.004088401794433594,0
full,"(1.5, 8.0, 0.7, 0.6)",0.2080470621585846,0.00811535120010376,0.028530478477478027,0
full,"(1.5, 8.0, 0.7, 0.6)",0.21408798545598984,0.011220037937164307,0.03113722801208496,0
full,"(1.5, 8.0, 0.7, 0.6)",0.1950066015124321,0.005077660083770752,0.029781818389892578,0
full,"(1.5, 8.0, 0.7, 0.6)",0.2041299268603325,0.00888901948928833,0.028122782707214355,0
full,"(1.5, 8.0, 0.7, 0.6)",0.21154215186834335,0.008218705654144287,0.012769937515258789,0
full,"(1.5, 8.0, 0.7, 0.6)",0.19273455440998077,0.010502874851226807,0.013579249382019043,0
full,"(1.5, 8.0, 0.7, 0.6)",0.19720616936683655,0.005733966827392578,0.004936933517456055,0
full,"(1.5, 8.0, 0.7, 0.6)",0.18901441991329193,0.009724318981170654,0.02088785171508789,0
full,"(1.5, 8.0, 0.7, 0.6)",0.20803630352020264,0.017774879932403564,0.05180394649505615,0
full,"(1.5, 8.0, 0.7, 0.6)",0.20361843705177307,0.009720265865325928,0.03219497203826904,0
full,"(1.5, 8.0, 0.7, 0.6)",0.21320220082998276,0.02361518144607544,0.03403580188751221,0
full,"(1.5, 8.0, 0.7, 0.6)",0.2046447992324829,0.009874582290649414,0.002820253372192383,0
full,"(1.5, 8.0, 0.7, 0.6)",0.19309818744659424,0.015394270420074463,0.01004326343536377,0
full,"(1.5, 8.0, 0.7, -0.3)",0.19222169369459152,0.0064806342124938965,0.0065648555755615234,0
full,"(1.5, 8.0, 0.7, -0.3)",0.19827624410390854,0.006889164447784424,0.01764225959777832,0
full,"(1.5, 8.0, 0.7, -0.3)",0.2052372246980667,0.015003204345703125,0.04152107238769531,0
full,"(1.5, 8.0, 0.7, -0.3)",0.1936730518937111,0.015429794788360596,0.020122766494750977,0
full,"(1.5, 8.0, 0.7, -0.3)",0.21360399574041367,0.019690275192260742,0.016708850860595703,0
full,"(1.5, 8.0, 0.7, -0.3)",0.18858274817466736,0.01235264539718628,0.024628162384033203,0
full,"(1.5, 8.0, 0.7, -0.3)",0.21950893104076385,0.017577171325683594,0.008621454238891602,0
full,"(1.5, 8.0, 0.7, -0.3)",0.18672160804271698,0.009547770023345947,0.019184589385986328,0
full,"(1.5, 8.0, 0.7, -0.3)",0.19294605404138565,0.00825566053390503,0.027469396591186523,0
full,"(1.5, 8.0, 0.7, -0.3)",0.19038093835115433,0.00528329610824585,0.008193731307983398,0
full,"(1.5, 8.0, 0.7, -0.3)",0.21181324869394302,0.022505104541778564,0.013900995254516602,0
full,"(1.5, 8.0, 0.7, -0.3)",0.19376569241285324,0.016383707523345947,0.03511083126068115,0
full,"(1.5, 8.0, 0.7, -0.3)",0.19271059334278107,0.005330026149749756,0.007250785827636719,0
full,"(1.5, 8.0, 0.7, -0.3)",0.18632963299751282,0.01322638988494873,0.04754328727722168,0
full,"(1.5, 8.0, 0.7, -0.3)",0.19352897256612778,0.00235748291015625,0.021702289581298828,0
full,"(1.5, 20.0, 0.3, 0.0)",0.23319746553897858,0.01940983533859253,0.020791053771972656,0
full,"(1.5, 20.0, 0.3, 0.0)",0.2274354174733162,0.03141564130783081,0.03506767749786377,0
full,"(1.5, 20.0, 0.3, 0.0)",0.25414514541625977,0.006112992763519287,0.025264859199523926,0
full,"(1.5, 20.0, 0.3, 0.0)",0.22951041907072067,0.008787751197814941,0.015681028366088867,0
full,"(1.5, 20.0, 0.3, 0.0)",0.25220591574907303,0.005258738994598389,0.00530552864074707,0
full,"(1.5, 20.0, 0.3, 0.0)",0.2578791230916977,0.02276986837387085,0.005507469177246094,0
full,"(1.5, 20.0, 0.3, 0.0)",0.22707316279411316,0.027057349681854248,0.03183746337890625,0
full,"(1.5, 20.0, 0.3, 0.0)",0.2592727690935135,0.024121880531311035,0.05452609062194824,0
full,"(1.5, 20.0, 0.3, 0.0)",0.2238657921552658,0.016674280166625977,0.02906513214111328,0
full,"(1.5, 20.0, 0.3, 0.0)",0.23636146634817123,0.022710204124450684,0.04735565185546875,0
full,"(1.5, 20.0, 0.3, 0.0)",0.24648915231227875,0.01650768518447876,0.02336406707763672,0
full,"(1.5, 20.0, 0.3, 0.0)",0.23500029742717743,0.012784779071807861,0.017543911933898926,0
full,"(1.5, 20.0, 0.3, 0.0)",0.2383686527609825,0.012078166007995605,0.02046489715576172,0
full,"(1.5, 20.0, 0.3, 0.0)",0.22970763593912125,0.014158308506011963,0.027411222457885742,0
full,"(1.5, 20.0, 0.3, 0.0)",0.23234625160694122,0.01932847499847412,0.03264451026916504,0
full,"(1.5, 20.0, 0.3, 0.3)",0.236553356051445,0.016757071018218994,0.00576627254486084,0
full,"(1.5, 20.0, 0.3, 0.3)",0.23908472061157227,0.028842389583587646,0.04166245460510254,0
full,"(1.5, 20.0, 0.3, 0.3)",0.23102100938558578,0.01545935869216919,0.02228081226348877,0
full,"(1.5, 20.0, 0.3, 0.3)",0.23428861796855927,0.023215532302856445,0.020742058753967285,0
full,"(1.5, 20.0, 0.3, 0.3)",0.2541535049676895,0.003652215003967285,0.02024245262145996,0
full,"(1.5, 20.0, 0.3, 0.3)",0.22715076804161072,0.018480122089385986,0.010011076927185059,0
full,"(1.5, 20.0, 0.3, 0.3)",0.2415344938635826,0.023595750331878662,0.02251303195953369,0
full,"(1.5, 20.0, 0.3, 0.3)",0.2567681819200516,0.031418442726135254,0.03412294387817383,0
full,"(1.5, 20.0, 0.3, 0.3)",0.25240767002105713,0.007151365280151367,0.0163651704788208,0
full,"(1.5, 20.0, 0.3, 0.3)",0.24486517161130905,0.018883168697357178,0.022586345672607422,0
full,"(1.5, 20.0, 0.3, 0.3)",0.26424266397953033,0.008081912994384766,0.06371355056762695,0
full,"(1.5, 20.0, 0.3, 0.3)",0.2546142041683197,0.015377521514892578,0.0013786554336547852,0
full,"(1.5, 20.0, 0.3, 0.3)",0.22237921506166458,0.017247796058654785,0.012545466423034668,0
full,"(1.5, 20.0, 0.3, 0.3)",0.22941327840089798,0.0041387081146240234,0.01953434944152832,0
full,"(1.5, 20.0, 0.3, 0.3)",0.253972664475441,0.01936429738998413,0.04352748394012451,0
full,"(1.5, 20.0, 0.3, 0.6)",0.2549137771129608,0.005841434001922607,0.038996100425720215,0
full,"(1.5, 20.0, 0.3, 0.6)",0.23033197969198227,0.028207063674926758,0.0073359012603759766,0
full,"(1.5, 20.0, 0.3, 0.6)",0.23461394011974335,0.019831418991088867,0.012016534805297852,0
full,"(1.5, 20.0, 0.3, 0.6)",0.24256278574466705,0.014616549015045166,0.0007072687149047852,0
full,"(1.5, 20.0, 0.3, 0.6)",0.24575188010931015,0.012971758842468262,0.016164183616638184,0
full,"(1.5, 20.0, 0.3, 0.6)",0.22588737308979034,0.017742514610290527,0.031503915786743164,0
full,"(1.5, 20.0, 0.3, 0.6)",0.2653012126684189,0.016267776489257812,0.02080357074737549,0
full,"(1.5, 20.0, 0.3, 0.6)",0.229249007999897,0.01813662052154541,0.037625670433044434,0
full,"(1.5, 20.0, 0.3, 0.6)",0.22920194268226624,0.015095353126525879,0.010774850845336914,0
full,"(1.5, 20.0, 0.3, 0.6)",0.24554336071014404,0.008591234683990479,0.03651857376098633,0
full,"(1.5, 20.0, 0.3, 0.6)",0.23424621671438217,0.024844467639923096,0.02904641628265381,0
full,"(1.5, 20.0, 0.3, 0.6)",0.25480490922927856,0.019816040992736816,0.011897087097167969,0
full,"(1.5, 20.0, 0.3, 0.6)",0.26573748886585236,0.018362343311309814,0.0058746337890625,0
full,"(1.5, 20.0, 0.3, 0.6)",0.22841275483369827,0.02463686466217041,0.01109611988067627,0
full,"(1.5, 20.0, 0.3, 0.6)",0.22660687565803528,0.022732555866241455,0.01828300952911377,0
full,"(1.5, 20.0, 0.3, -0.3)",0.22770299762487411,0.012876689434051514,0.04534792900085449,0
full,"(1.5, 20.0, 0.3, -0.3)",0.23605868965387344,0.029520273208618164,0.0010852813720703125,0
full,"(1.5, 20.0, 0.3, -0.3)",0.22880223393440247,0.02247554063796997,0.03074359893798828,0
full,"(1.5, 20.0, 0.3, -0.3)",0.26390112936496735,0.020865917205810547,0.042263031005859375,0
full,"(1.5, 20.0, 0.3, -0.3)",0.24193378537893295,0.007694542407989502,0.011641263961791992,0
full,"(1.5, 20.0, 0.3, -0.3)",0.23423924297094345,0.014163434505462646,0.012511014938354492,0
full,"(1.5, 20.0, 0.3, -0.3)",0.23097093403339386,0.011699438095092773,0.018013954162597656,0
full,"(1.5, 20.0, 0.3, -0.3)",0.2268429771065712,0.013080179691314697,0.0067975521087646484,0
full,"(1.5, 20.0, 0.3, -0.3)",0.2536017745733261,0.011200129985809326,0.00021409988403320312,0
full,"(1.5, 20.0, 0.3, -0.3)",0.23562846332788467,0.023197531700134277,0.06598162651062012,0
full,"(1.5, 20.0, 0.3, -0.3)",0.2244831919670105,0.017542243003845215,0.0224611759185791,0
full,"(1.5, 20.0, 0.3, -0.3)",0.22966624051332474,0.014759302139282227,0.05323600769042969,0
full,"(1.5, 20.0, 0.3, -0.3)",0.2325446605682373,0.017345786094665527,0.035622596740722656,0
full,"(1.5, 20.0, 0.3, -0.3)",0.23608232289552689,0.005341053009033203,0.006003618240356445,0
full,"(1.5, 20.0, 0.3, -0.3)",0.25826480984687805,0.01847970485687256,0.06008481979370117,0
full,"(1.5, 20.0, 0.7, 0.0)",0.16648314893245697,0.015475869178771973,0.00774693489074707,0
full,"(1.5, 20.0, 0.7, 0.0)",0.18398282676935196,0.003959000110626221,0.006906867027282715,0
full,"(1.5, 20.0, 0.7, 0.0)",0.17012696713209152,0.013917505741119385,0.025881528854370117,0
full,"(1.5, 20.0, 0.7, 0.0)",0.18653862923383713,0.016517698764801025,0.015028715133666992,0
full,"(1.5, 20.0, 0.7, 0.0)",0.19138389080762863,0.010394752025604248,0.017316818237304688,0
full,"(1.5, 20.0, 0.7, 0.0)",0.1798425242304802,0.004213690757751465,0.011752605438232422,0
full,"(1.5, 20.0, 0.7, 0.0)",0.1734732836484909,0.026865720748901367,0.04623079299926758,0
full,"(1.5, 20.0, 0.7, 0.0)",0.17090339213609695,0.018299996852874756,0.0012860298156738281,0
full,"(1.5, 20.0, 0.7, 0.0)",0.17833609133958817,0.010368108749389648,0.02268362045288086,0
full,"(1.5, 20.0, 0.7, 0.0)",0.1845877692103386,0.017652273178100586,0.04055070877075195,0
full,"(1.5, 20.0, 0.7, 0.0)",0.16766836494207382,0.00966709852218628,0.01770186424255371,0
full,"(1.5, 20.0, 0.7, 0.0)",0.19807512313127518,0.003045499324798584,0.017594099044799805,0
full,"(1.5, 20.0, 0.7, 0.0)",0.18319180607795715,0.013737142086029053,0.007603764533996582,0
full,"(1.5, 20.0, 0.7, 0.0)",0.19026169180870056,0.008965075016021729,0.02379310131072998,0
full,"(1.5, 20.0, 0.7, 0.0)",0.1677503064274788,0.01054835319519043,0.0016977787017822266,0
full,"(1.5, 20.0, 0.7, 0.3)",0.1863541305065155,0.0024510622024536133,0.0013806819915771484,0
full,"(1.5, 20.0, 0.7, 0.3)",0.18371646106243134,0.01381915807723999,0.031572937965393066,0
full,"(1.5, 20.0, 0.7, 0.3)",0.18131238967180252,0.008560895919799805,0.010156869888305664,0
full,"(1.5, 20.0, 0.7, 0.3)",0.18197676539421082,0.018844127655029297,0.006459712982177734,0
full,"(1.5, 20.0, 0.7, 0.3)",0.17600348591804504,0.008449673652648926,0.03952288627624512,0
full,"(1.5, 20.0, 0.7, 0.3)",0.18381650000810623,0.006810426712036133,0.01002967357635498,0
full,"(1.5, 20.0, 0.7, 0.3)",0.19833596795797348,0.009573936462402344,0.03538322448730469,0
full,"(1.5, 20.0, 0.7, 0.3)",0.1632261723279953,0.008862435817718506,0.025820136070251465,0
full,"(1.5, 20.0, 0.7, 0.3)",0.1916932463645935,0.017715811729431152,0.003351449966430664,0
full,"(1.5, 20.0, 0.7, 0.3)",0.19501548260450363,0.008568763732910156,0.0061959028244018555,0
full,"(1.5, 20.0, 0.7, 0.3)",0.1776484251022339,0.0003510117530822754,0.007578253746032715,0
full,"(1.5, 20.0, 0.7, 0.3)",0.17882855981588364,0.002578914165496826,0.011481761932373047,0
full,"(1.5, 20.0, 0.7, 0.3)",0.18451868742704391,0.005770862102508545,0.03269314765930176,0
full,"(1.5, 20.0, 0.7, 0.3)",0.16853363811969757,0.0038226842880249023,0.007242679595947266,0
full,"(1.5, 20.0, 0.7, 0.3)",0.17806360870599747,0.004448294639587402,0.027630209922790527,0
full,"(1.5, 20.0, 0.7, 0.6)",0.1717216819524765,0.01778489351272583,0.034003496170043945,0
full,"(1.5, 20.0, 0.7, 0.6)",0.1789807602763176,0.01346886157989502,0.0244673490524292,0
full,"(1.5, 20.0, 0.7, 0.6)",0.18863406777381897,0.01269674301147461,0.010917305946350098,0
full,"(1.5, 20.0, 0.7, 0.6)",0.17234131693840027,0.015608787536621094,0.022602081298828125,0
full,"(1.5, 20.0, 0.7, 0.6)",0.1853341981768608,0.009306550025939941,0.00856626033782959,0
full,"(1.5, 20.0, 0.7, 0.6)",0.19134800136089325,0.025448501110076904,0.042812466621398926,0
full,"(1.5, 20.0, 0.7, 0.6)",0.1843070164322853,0.011693954467773438,0.024770021438598633,0
full,"(1.5, 20.0, 0.7, 0.6)",0.17598692327737808,0.013752281665802002,0.004616975784301758,0
full,"(1.5, 20.0, 0.7, 0.6)",0.18426229804754257,0.012214839458465576,0.009766578674316406,0
full,"(1.5, 20.0, 0.7, 0.6)",0.17528405040502548,0.018114149570465088,0.03204977512359619,0
full,"(1.5, 20.0, 0.7, 0.6)",0.18257396668195724,0.010823667049407959,0.027420401573181152,0
full,"(1.5, 20.0, 0.7, 0.6)",0.17603199183940887,0.0027837753295898438,0.010830283164978027,0
full,"(1.5, 20.0, 0.7, 0.6)",0.1746084839105606,0.01510000228881836,0.03305554389953613,0
full,"(1.5, 20.0, 0.7, 0.6)",0.17018289864063263,0.00418776273727417,0.016013383865356445,0
full,"(1.5, 20.0, 0.7, 0.6)",0.19506701081991196,0.004967153072357178,0.0033197402954101562,0
full,"(1.5, 20.0, 0.7, -0.3)",0.17367666214704514,0.00633692741394043,0.0017673969268798828,0
full,"(1.5, 20.0, 0.7, -0.3)",0.18027399480342865,0.01120150089263916,0.0051577091217041016,0
full,"(1.5, 20.0, 0.7, -0.3)",0.18263991922140121,0.003951728343963623,0.009438037872314453,0
full,"(1.5, 20.0, 0.7, -0.3)",0.1758802905678749,0.011451482772827148,0.022749662399291992,0
full,"(1.5, 20.0, 0.7, -0.3)",0.16945107281208038,0.021323680877685547,0.03364765644073486,0
full,"(1.5, 20.0, 0.7, -0.3)",0.17885572463274002,0.018048226833343506,0.022835969924926758,0
full,"(1.5, 20.0, 0.7, -0.3)",0.16795825213193893,0.021220803260803223,0.014620304107666016,0
full,"(1.5, 20.0, 0.7, -0.3)",0.17851585894823074,0.02282041311264038,0.018757104873657227,0
full,"(1.5, 20.0, 0.7, -0.3)",0.16924983263015747,0.011088311672210693,0.04713141918182373,0
full,"(1.5, 20.0, 0.7, -0.3)",0.17327307164669037,0.02376258373260498,0.05078268051147461,0
full,"(1.5, 20.0, 0.7, -0.3)",0.19680818915367126,0.011390984058380127,0.005682706832885742,0
full,"(1.5, 20.0, 0.7, -0.3)",0.1814197525382042,0.020414352416992188,0.015612125396728516,0
full,"(1.5, 20.0, 0.7, -0.3)",0.16585414111614227,0.009464621543884277,0.026430845260620117,0
full,"(1.5, 20.0, 0.7, -0.3)",0.17483822256326675,0.01129913330078125,0.003718852996826172,0
full,"(1.5, 20.0, 0.7, -0.3)",0.1680358424782753,0.024878203868865967,0.02810835838317871,0
full,"(3.0, 8.0, 0.3, 0.0)",0.32484734058380127,0.02267599105834961,0.00811004638671875,0
full,"(3.0, 8.0, 0.3, 0.0)",0.31089162826538086,0.01932692527770996,0.035587310791015625,0
full,"(3.0, 8.0, 0.3, 0.0)",0.3412209153175354,0.019823312759399414,0.0424799919128418,0
full,"(3.0, 8.0, 0.3, 0.0)",0.334036648273468,0.011478543281555176,0.025725364685058594,0
full,"(3.0, 8.0, 0.3, 0.0)",0.36742718517780304,0.005050182342529297,0.026166915893554688,0
full,"(3.0, 8.0, 0.3, 0.0)",0.3691953718662262,0.0032824277877807617,0.004261493682861328,0
full,"(3.0, 8.0, 0.3, 0.0)",0.3774770051240921,0.009635090827941895,0.015789508819580078,0
full,"(3.0, 8.0, 0.3, 0.0)",0.30659547448158264,0.01178598403930664,0.04697465896606445,0
full,"(3.0, 8.0, 0.3, 0.0)",0.3506377637386322,0.011775732040405273,0.02335357666015625,0
full,"(3.0, 8.0, 0.3, 0.0)",0.3439168334007263,0.010780692100524902,0.009026050567626953,0
full,"(3.0, 8.0, 0.3, 0.0)",0.3532689958810806,0.014873147010803223,0.03832197189331055,0
full,"(3.0, 8.0, 0.3, 0.0)",0.3217636048793793,0.01606130599975586,0.009994983673095703,0
full,"(3.0, 8.0, 0.3, 0.0)",0.3453190326690674,0.010458230972290039,0.004848003387451172,0
full,"(3.0, 8.0, 0.3, 0.0)",0.346551850438118,0.016120433807373047,0.0032320022583007812,0
full,"(3.0, 8.0, 0.3, 0.0)",0.3261556178331375,0.007486104965209961,0.005667209625244141,0
full,"(3.0, 8.0, 0.3, 0.3)",0.3287271708250046,0.00851130485534668,0.015015363693237305,0
full,"(3.0, 8.0, 0.3, 0.3)",0.33605368435382843,0.003998994827270508,0.023392200469970703,0
full,"(3.0, 8.0, 0.3, 0.3)",0.32606326043605804,0.006261110305786133,0.02345895767211914,0
full,"(3.0, 8.0, 0.3, 0.3)",0.32495686411857605,0.01088106632232666,0.030475616455078125,0
full,"(3.0, 8.0, 0.3, 0.3)",0.37997882068157196,0.018222689628601074,0.00999140739440918,0
full,"(3.0, 8.0, 0.3, 0.3)",0.35381972789764404,0.004051923751831055,0.015791654586791992,0
full,"(3.0, 8.0, 0.3, 0.3)",0.3265511095523834,0.003777742385864258,0.008209943771362305,0
full,"(3.0, 8.0, 0.3, 0.3)",0.31734229624271393,0.023024797439575195,0.03891468048095703,0
full,"(3.0, 8.0, 0.3, 0.3)",0.35969774425029755,0.004117608070373535,0.04423236846923828,0
full,"(3.0, 8.0, 0.3, 0.3)",0.35495424270629883,0.01402902603149414,0.0018038749694824219,0
full,"(3.0, 8.0, 0.3, 0.3)",0.3425024598836899,0.007202029228210449,0.0019719600677490234,0
full,"(3.0, 8.0, 0.3, 0.3)",0.3155514597892761,0.02057063579559326,0.020990610122680664,0
full,"(3.0, 8.0, 0.3, 0.3)",0.32159335911273956,0.013413786888122559,0.012793779373168945,0
full,"(3.0, 8.0, 0.3, 0.3)",0.3149004429578781,0.008626699447631836,0.017645835876464844,0
full,"(3.0, 8.0, 0.3, 0.3)",0.32777853310108185,0.011836886405944824,0.00028133392333984375,0
full,"(3.0, 8.0, 0.3, 0.6)",0.3482520282268524,0.009317636489868164,0.020960092544555664,0
full,"(3.0, 8.0, 0.3, 0.6)",0.31828607618808746,0.009652376174926758,0.0133209228515625,0
full,"(3.0, 8.0, 0.3, 0.6)",0.3471551984548569,0.010348320007324219,0.059755802154541016,0
full,"(3.0, 8.0, 0.3, 0.6)",0.32909663021564484,0.02048313617706299,0.0036017894744873047,0
full,"(3.0, 8.0, 0.3, 0.6)",0.3324836194515228,0.01632392406463623,0.028034210205078125,0
full,"(3.0, 8.0, 0.3, 0.6)",0.3299223780632019,0.005329012870788574,0.013369560241699219,0
full,"(3.0, 8.0, 0.3, 0.6)",0.33448515832424164,0.01580643653869629,0.06981706619262695,0
full,"(3.0, 8.0, 0.3, 0.6)",0.3119889199733734,0.011276721954345703,0.008858919143676758,0
full,"(3.0, 8.0, 0.3, 0.6)",0.33650122582912445,0.0063779354095458984,0.01712656021118164,0
full,"(3.0, 8.0, 0.3, 0.6)",0.33513183891773224,0.016994595527648926,0.018583059310913086,0
full,"(3.0, 8.0, 0.3, 0.6)",0.3268895447254181,0.01685500144958496,0.014988183975219727,0
full,"(3.0, 8.0, 0.3, 0.6)",0.325454980134964,0.00742030143737793,0.04733562469482422,0
full,"(3.0, 8.0, 0.3, 0.6)",0.32517753541469574,0.018299102783203125,0.009940624237060547,0
full,"(3.0, 8.0, 0.3, 0.6)",0.30210474133491516,0.020206928253173828,0.015318870544433594,0
full,"(3.0, 8.0, 0.3, 0.6)",0.33308911323547363,0.022308349609375,0.012415409088134766,0
full,"(3.0, 8.0, 0.3, -0.3)",0.31789591908454895,0.017687678337097168,0.019655704498291016,0
full,"(3.0, 8.0, 0.3, -0.3)",0.32816196978092194,0.012323141098022461,0.007280826568603516,0
full,"(3.0, 8.0, 0.3, -0.3)",0.34420153498649597,0.021371960639953613,0.05015230178833008,0
full,"(3.0, 8.0, 0.3, -0.3)",0.32235223054885864,0.023505449295043945,0.05274629592895508,0
full,"(3.0, 8.0, 0.3, -0.3)",0.3421175479888916,0.019096732139587402,0.03041553497314453,0
full,"(3.0, 8.0, 0.3, -0.3)",0.35167834162712097,0.01819300651550293,0.03448963165283203,0
full,"(3.0, 8.0, 0.3, -0.3)",0.32480910420417786,0.03599560260772705,0.06048917770385742,0
full,"(3.0, 8.0, 0.3, -0.3)",0.3225718289613724,0.017199158668518066,0.028586387634277344,0
full,"(3.0, 8.0, 0.3, -0.3)",0.31940311193466187,0.02221834659576416,0.0032091140747070312,0
full,"(3.0, 8.0, 0.3, -0.3)",0.3215031921863556,0.005395293235778809,0.015059947967529297,0
full,"(3.0, 8.0, 0.3, -0.3)",0.3072255253791809,0.011847138404846191,0.009621143341064453,0
full,"(3.0, 8.0, 0.3, -0.3)",0.31999140977859497,0.013253331184387207,0.019356250762939453,0
full,"(3.0, 8.0, 0.3, -0.3)",0.3171626627445221,0.014223933219909668,0.0069789886474609375,0
full,"(3.0, 8.0, 0.3, -0.3)",0.33203479647636414,0.016241788864135742,0.002524852752685547,0
full,"(3.0, 8.0, 0.3, -0.3)",0.3420727401971817,0.02560722827911377,0.048979759216308594,0
full,"(3.0, 8.0, 0.7, 0.0)",0.23393136262893677,0.016715526580810547,0.015156030654907227,0
full,"(3.0, 8.0, 0.7, 0.0)",0.23908699303865433,0.0004106760025024414,0.01776742935180664,0
full,"(3.0, 8.0, 0.7, 0.0)",0.24296064674854279,0.014064192771911621,0.030824661254882812,0
full,"(3.0, 8.0, 0.7, 0.0)",0.239708311855793,0.004958510398864746,0.012616157531738281,0
full,"(3.0, 8.0, 0.7, 0.0)",0.258592814207077,0.002939939498901367,0.013472557067871094,0
full,"(3.0, 8.0, 0.7, 0.0)",0.24430682510137558,0.02100372314453125,0.04789018630981445,0
full,"(3.0, 8.0, 0.7, 0.0)",0.25740304589271545,0.010316610336303711,0.0015368461608886719,0
full,"(3.0, 8.0, 0.7, 0.0)",0.23624413460493088,0.0009183883666992188,0.029937744140625,0
full,"(3.0, 8.0, 0.7, 0.0)",0.2448335811495781,0.013883113861083984,0.019503116607666016,0
full,"(3.0, 8.0, 0.7, 0.0)",0.2535763382911682,0.011823058128356934,0.01643228530883789,0
full,"(3.0, 8.0, 0.7, 0.0)",0.24548926949501038,0.0018221139907836914,0.032767295837402344,0
full,"(3.0, 8.0, 0.7, 0.0)",0.24121954292058945,0.013475418090820312,0.004708290100097656,0
full,"(3.0, 8.0, 0.7, 0.0)",0.23896192014217377,0.005757451057434082,0.02304220199584961,0
full,"(3.0, 8.0, 0.7, 0.0)",0.2606937065720558,0.011079668998718262,0.014714717864990234,0
full,"(3.0, 8.0, 0.7, 0.0)",0.23585809767246246,0.008448481559753418,0.013885498046875,0
full,"(3.0, 8.0, 0.7, 0.3)",0.25344740599393845,0.012281298637390137,0.017209529876708984,0
full,"(3.0, 8.0, 0.7, 0.3)",0.23422279208898544,0.013523578643798828,0.0215456485748291,0
full,"(3.0, 8.0, 0.7, 0.3)",0.24376139044761658,0.0013326406478881836,0.014734029769897461,0
full,"(3.0, 8.0, 0.7, 0.3)",0.2424851953983307,0.025005817413330078,0.0004191398620605469,0
full,"(3.0, 8.0, 0.7, 0.3)",0.2499406337738037,0.002803325653076172,0.010316133499145508,0
full,"(3.0, 8.0, 0.7, 0.3)",0.24113983660936356,0.005109190940856934,0.014690399169921875,0
full,"(3.0, 8.0, 0.7, 0.3)",0.24092748016119003,0.009749650955200195,0.006689310073852539,0
full,"(3.0, 8.0, 0.7, 0.3)",0.23967327922582626,0.00916600227355957,0.02830028533935547,0
full,"(3.0, 8.0, 0.7, 0.3)",0.26650992035865784,0.018720269203186035,0.004228830337524414,0
full,"(3.0, 8.0, 0.7, 0.3)",0.2474156841635704,0.01380002498626709,0.0019884109497070312,0
full,"(3.0, 8.0, 0.7, 0.3)",0.26202403008937836,0.013783574104309082,0.0019314289093017578,0
full,"(3.0, 8.0, 0.7, 0.3)",0.25522667169570923,0.01442408561706543,0.0024073123931884766,0
full,"(3.0, 8.0, 0.7, 0.3)",0.2662101238965988,0.008609771728515625,0.01176905632019043,0
full,"(3.0, 8.0, 0.7, 0.3)",0.23813317716121674,0.014926314353942871,0.01045370101928711,0
full,"(3.0, 8.0, 0.7, 0.3)",0.23848912119865417,0.00854802131652832,0.00801396369934082,0
full,"(3.0, 8.0, 0.7, 0.6)",0.23503576964139938,0.017442822456359863,0.04963541030883789,0
full,"(3.0, 8.0, 0.7, 0.6)",0.23965633660554886,0.00688481330871582,0.011279106140136719,0
full,"(3.0, 8.0, 0.7, 0.6)",0.2381538450717926,0.005007266998291016,0.041231393814086914,0
full,"(3.0, 8.0, 0.7, 0.6)",0.27181655168533325,0.03284907341003418,0.046979665756225586,0
full,"(3.0, 8.0, 0.7, 0.6)",0.2388647422194481,0.0039528608322143555,0.008392572402954102,0
full,"(3.0, 8.0, 0.7, 0.6)",0.24838156253099442,0.005669951438903809,0.004961967468261719,0
full,"(3.0, 8.0, 0.7, 0.6)",0.2632857710123062,0.005558490753173828,0.020470619201660156,0
full,"(3.0, 8.0, 0.7, 0.6)",0.24941155314445496,0.01488804817199707,0.007109880447387695,0
full,"(3.0, 8.0, 0.7, 0.6)",0.2296285256743431,0.008340239524841309,0.007241010665893555,0
full,"(3.0, 8.0, 0.7, 0.6)",0.24020085483789444,0.017508625984191895,0.005182743072509766,0
full,"(3.0, 8.0, 0.7, 0.6)",0.26165658235549927,0.011947393417358398,0.012190103530883789,0
full,"(3.0, 8.0, 0.7, 0.6)",0.2608802914619446,0.014197111129760742,0.006321430206298828,0
full,"(3.0, 8.0, 0.7, 0.6)",0.257294625043869,0.003670811653137207,0.015612602233886719,0
full,"(3.0, 8.0, 0.7, 0.6)",0.23279891163110733,0.008089423179626465,0.015256881713867188,0
full,"(3.0, 8.0, 0.7, 0.6)",0.23370370268821716,0.008560895919799805,0.027031660079956055,0
full,"(3.0, 8.0, 0.7, -0.3)",0.24331152439117432,0.012342333793640137,0.024255037307739258,0
full,"(3.0, 8.0, 0.7, -0.3)",0.2670576423406601,0.015049934387207031,0.04574108123779297,0
full,"(3.0, 8.0, 0.7, -0.3)",0.23407170921564102,0.010261893272399902,0.031365394592285156,0
full,"(3.0, 8.0, 0.7, -0.3)",0.24074633419513702,0.00310516357421875,0.013197898864746094,0
full,"(3.0, 8.0, 0.7, -0.3)",0.26218657195568085,0.00421297550201416,0.010644912719726562,0
full,"(3.0, 8.0, 0.7, -0.3)",0.23577948659658432,0.0009870529174804688,0.023641109466552734,0
full,"(3.0, 8.0, 0.7, -0.3)",0.25706353783607483,0.009330987930297852,0.011209487915039062,0
full,"(3.0, 8.0, 0.7, -0.3)",0.25332508981227875,0.012432456016540527,0.01177835464477539,0
full,"(3.0, 8.0, 0.7, -0.3)",0.24058959633111954,0.0059359073638916016,0.015328407287597656,0
full,"(3.0, 8.0, 0.7, -0.3)",0.23371180891990662,0.013794302940368652,0.00792837142944336,0
full,"(3.0, 8.0, 0.7, -0.3)",0.24141216278076172,0.0082777738571167,0.011976242065429688,0
full,"(3.0, 8.0, 0.7, -0.3)",0.22854751348495483,0.0072144269943237305,0.007624149322509766,0
full,"(3.0, 8.0, 0.7, -0.3)",0.2569355070590973,0.00518953800201416,0.005376338958740234,0
full,"(3.0, 8.0, 0.7, -0.3)",0.2425069510936737,0.007830142974853516,0.01107168197631836,0
full,"(3.0, 8.0, 0.7, -0.3)",0.23280446231365204,0.013980388641357422,0.023018360137939453,0
full,"(3.0, 20.0, 0.3, 0.0)",0.30447806417942047,0.02111828327178955,0.032099246978759766,0
full,"(3.0, 20.0, 0.3, 0.0)",0.3064478039741516,0.023319482803344727,0.005960941314697266,0
full,"(3.0, 20.0, 0.3, 0.0)",0.3158968985080719,0.01177990436553955,0.011780738830566406,0
full,"(3.0, 20.0, 0.3, 0.0)",0.3013473153114319,0.019170284271240234,0.0033025741577148438,0
full,"(3.0, 20.0, 0.3, 0.0)",0.28864291310310364,0.006753206253051758,0.015454530715942383,0
full,"(3.0, 20.0, 0.3, 0.0)",0.29278530180454254,0.008281230926513672,0.0039539337158203125,0
full,"(3.0, 20.0, 0.3, 0.0)",0.33030734956264496,0.023324012756347656,0.05455136299133301,0
full,"(3.0, 20.0, 0.3, 0.0)",0.2981765568256378,0.0046994686126708984,0.01270151138305664,0
full,"(3.0, 20.0, 0.3, 0.0)",0.3152567744255066,0.011502504348754883,0.022083282470703125,0
full,"(3.0, 20.0, 0.3, 0.0)",0.3307385742664337,0.0006736516952514648,0.012413501739501953,0
full,"(3.0, 20.0, 0.3, 0.0)",0.30412447452545166,0.017247796058654785,0.020356178283691406,0
full,"(3.0, 20.0, 0.3, 0.0)",0.309042751789093,0.022293686866760254,0.01138162612915039,0
full,"(3.0, 20.0, 0.3, 0.0)",0.3314068168401718,0.02166438102722168,0.039551734924316406,0
full,"(3.0, 20.0, 0.3, 0.0)",0.2987237870693207,0.01973271369934082,0.012289047241210938,0
full,"(3.0, 20.0, 0.3, 0.0)",0.31185203790664673,0.017159700393676758,0.0027654170989990234,0
full,"(3.0, 20.0, 0.3, 0.3)",0.3101968914270401,0.021195411682128906,0.012335062026977539,0
full,"(3.0, 20.0, 0.3, 0.3)",0.2912895679473877,0.012127280235290527,0.008537054061889648,0
full,"(3.0, 20.0, 0.3, 0.3)",0.3009001910686493,0.0036580562591552734,0.012543916702270508,0
full,"(3.0, 20.0, 0.3, 0.3)",0.3303130865097046,0.00617671012878418,0.02593255043029785,0
full,"(3.0, 20.0, 0.3, 0.3)",0.2975999414920807,0.007684946060180664,0.006026029586791992,0
full,"(3.0, 20.0, 0.3, 0.3)",0.29120565950870514,0.014490723609924316,0.013829708099365234,0
full,"(3.0, 20.0, 0.3, 0.3)",0.30794283747673035,0.016418099403381348,0.03803539276123047,0
full,"(3.0, 20.0, 0.3, 0.3)",0.29101163148880005,0.011554121971130371,0.006134033203125,0
full,"(3.0, 20.0, 0.3, 0.3)",0.2903482913970947,0.015940546989440918,0.022395849227905273,0
full,"(3.0, 20.0, 0.3, 0.3)",0.2975006699562073,0.011341094970703125,0.010132789611816406,0
full,"(3.0, 20.0, 0.3, 0.3)",0.2848542332649231,0.013746023178100586,0.00197601318359375,0
full,"(3.0, 20.0, 0.3, 0.3)",0.29891854524612427,0.004207730293273926,0.021433115005493164,0
full,"(3.0, 20.0, 0.3, 0.3)",0.3247421234846115,0.013992667198181152,0.0027272701263427734,0
full,"(3.0, 20.0, 0.3, 0.3)",0.3201252967119217,0.005503416061401367,0.009763717651367188,0
full,"(3.0, 20.0, 0.3, 0.3)",0.29971499741077423,0.01656341552734375,0.020655155181884766,0
full,"(3.0, 20.0, 0.3, 0.6)",0.2914356142282486,0.028038620948791504,0.0011434555053710938,0
full,"(3.0, 20.0, 0.3, 0.6)",0.2966598719358444,0.011515617370605469,0.00671839714050293,0
full,"(3.0, 20.0, 0.3, 0.6)",0.33304230868816376,0.010943293571472168,0.021775245666503906,0
full,"(3.0, 20.0, 0.3, 0.6)",0.284574031829834,0.017730355262756348,0.014907598495483398,0
full,"(3.0, 20.0, 0.3, 0.6)",0.2988012433052063,0.017561793327331543,0.03998708724975586,0
full,"(3.0, 20.0, 0.3, 0.6)",0.3069915175437927,0.013116121292114258,0.01902914047241211,0
full,"(3.0, 20.0, 0.3, 0.6)",0.3033488243818283,0.03192150592803955,0.003893613815307617,0
full,"(3.0, 20.0, 0.3, 0.6)",0.2925589084625244,0.01665937900543213,0.0018277168273925781,0
full,"(3.0, 20.0, 0.3, 0.6)",0.3307986557483673,0.005404949188232422,0.03201174736022949,0
full,"(3.0, 20.0, 0.3, 0.6)",0.29704156517982483,0.0037474632263183594,0.019811630249023438,0
full,"(3.0, 20.0, 0.3, 0.6)",0.33562859892845154,0.021010756492614746,0.02604198455810547,0
full,"(3.0, 20.0, 0.3, 0.6)",0.3304230123758316,0.015027642250061035,0.055413246154785156,0
full,"(3.0, 20.0, 0.3, 0.6)",0.29387640953063965,0.008420109748840332,0.021953105926513672,0
full,"(3.0, 20.0, 0.3, 0.6)",0.28192079067230225,0.012784004211425781,0.002893686294555664,0
full,"(3.0, 20.0, 0.3, 0.6)",0.302236407995224,0.020978927612304688,0.0182192325592041,0
full,"(3.0, 20.0, 0.3, -0.3)",0.3020368367433548,0.025255799293518066,0.0400848388671875,0
full,"(3.0, 20.0, 0.3, -0.3)",0.3150550276041031,0.004484057426452637,0.012327194213867188,0
full,"(3.0, 20.0, 0.3, -0.3)",0.3013400137424469,0.007031559944152832,0.004817962646484375,0
full,"(3.0, 20.0, 0.3, -0.3)",0.2949174642562866,0.027338027954101562,0.030224323272705078,0
full,"(3.0, 20.0, 0.3, -0.3)",0.2898794561624527,0.035852789878845215,0.007955074310302734,0
full,"(3.0, 20.0, 0.3, -0.3)",0.28920866549015045,0.01060032844543457,0.005379199981689453,0
full,"(3.0, 20.0, 0.3, -0.3)",0.2903813421726227,0.004929184913635254,0.012372970581054688,0
full,"(3.0, 20.0, 0.3, -0.3)",0.2878152132034302,0.0188981294631958,0.03906822204589844,0
full,"(3.0, 20.0, 0.3, -0.3)",0.29536011815071106,0.009129166603088379,0.00083160400390625,0
full,"(3.0, 20.0, 0.3, -0.3)",0.298671692609787,0.019061803817749023,0.012363910675048828,0
full,"(3.0, 20.0, 0.3, -0.3)",0.33200499415397644,0.012812137603759766,0.053505897521972656,0
full,"(3.0, 20.0, 0.3, -0.3)",0.30764850974082947,0.0032216310501098633,0.02291250228881836,0
full,"(3.0, 20.0, 0.3, -0.3)",0.29615695774555206,0.011745929718017578,0.008274078369140625,0
full,"(3.0, 20.0, 0.3, -0.3)",0.33373016119003296,0.012350678443908691,0.01447153091430664,0
full,"(3.0, 20.0, 0.3, -0.3)",0.29734867811203003,0.006786465644836426,0.017830371856689453,0
full,"(3.0, 20.0, 0.7, 0.0)",0.19717886298894882,0.008410334587097168,0.0008106231689453125,0
full,"(3.0, 20.0, 0.7, 0.0)",0.2065323069691658,0.008521795272827148,0.013245105743408203,0
full,"(3.0, 20.0, 0.7, 0.0)",0.19338267296552658,0.012814640998840332,0.004425525665283203,0
full,"(3.0, 20.0, 0.7, 0.0)",0.2053896188735962,0.02122056484222412,0.04463696479797363,0
full,"(3.0, 20.0, 0.7, 0.0)",0.1966741904616356,0.004448890686035156,0.0035431385040283203,0
full,"(3.0, 20.0, 0.7, 0.0)",0.19028788805007935,0.004205465316772461,0.010897159576416016,0
full,"(3.0, 20.0, 0.7, 0.0)",0.20890669524669647,0.010634779930114746,0.01949787139892578,0
full,"(3.0, 20.0, 0.7, 0.0)",0.1966545507311821,0.011092305183410645,0.012040376663208008,0
full,"(3.0, 20.0, 0.7, 0.0)",0.22072629630565643,0.020915627479553223,0.03781318664550781,0
full,"(3.0, 20.0, 0.7, 0.0)",0.2087853029370308,0.013608336448669434,0.03293037414550781,0
full,"(3.0, 20.0, 0.7, 0.0)",0.1948639303445816,0.018929123878479004,0.007516145706176758,0
full,"(3.0, 20.0, 0.7, 0.0)",0.21463609486818314,0.011669278144836426,0.02736949920654297,0
full,"(3.0, 20.0, 0.7, 0.0)",0.2282242849469185,0.011352300643920898,0.03136110305786133,0
full,"(3.0, 20.0, 0.7, 0.0)",0.2005338817834854,0.0276336669921875,0.064727783203125,0
full,"(3.0, 20.0, 0.7, 0.0)",0.21986018121242523,0.012020111083984375,0.028516292572021484,0
full,"(3.0, 20.0, 0.7, 0.3)",0.22597560286521912,0.0021103620529174805,0.010679960250854492,0
full,"(3.0, 20.0, 0.7, 0.3)",0.19740141928195953,0.004963517189025879,0.01778101921081543,0
full,"(3.0, 20.0, 0.7, 0.3)",0.20232965797185898,0.02041923999786377,0.01890420913696289,0
full,"(3.0, 20.0, 0.7, 0.3)",0.22271426022052765,0.01594722270965576,0.013329505920410156,0
full,"(3.0, 20.0, 0.7, 0.3)",0.19971098750829697,0.012388467788696289,0.0014262199401855469,0
full,"(3.0, 20.0, 0.7, 0.3)",0.19560464471578598,0.012516379356384277,0.011868715286254883,0
full,"(3.0, 20.0, 0.7, 0.3)",0.208381287753582,0.007204294204711914,0.0011677742004394531,0
full,"(3.0, 20.0, 0.7, 0.3)",0.2027401551604271,0.012957930564880371,0.01000213623046875,0
full,"(3.0, 20.0, 0.7, 0.3)",0.21596499532461166,0.005109667778015137,0.024708271026611328,0
full,"(3.0, 20.0, 0.7, 0.3)",0.21095605194568634,0.011196732521057129,0.013552188873291016,0
full,"(3.0, 20.0, 0.7, 0.3)",0.20317915081977844,0.011432886123657227,0.01996922492980957,0
full,"(3.0, 20.0, 0.7, 0.3)",0.20287135988473892,0.014312386512756348,0.010540008544921875,0
full,"(3.0, 20.0, 0.7, 0.3)",0.23229940980672836,0.0017768144607543945,0.006515026092529297,0
full,"(3.0, 20.0, 0.7, 0.3)",0.19804047793149948,0.02392876148223877,0.05117535591125488,0
full,"(3.0, 20.0, 0.7, 0.3)",0.1961197704076767,0.009865283966064453,0.01677417755126953,0
full,"(3.0, 20.0, 0.7, 0.6)",0.21034834533929825,0.018346190452575684,0.003301382064819336,0
full,"(3.0, 20.0, 0.7, 0.6)",0.21766623109579086,0.007133841514587402,0.01626443862915039,0
full,"(3.0, 20.0, 0.7, 0.6)",0.21963003277778625,0.010422229766845703,0.027991294860839844,0
full,"(3.0, 20.0, 0.7, 0.6)",0.20370110869407654,0.002354145050048828,0.013313770294189453,0
full,"(3.0, 20.0, 0.7, 0.6)",0.22029434144496918,0.021693110466003418,0.012940168380737305,0
full,"(3.0, 20.0, 0.7, 0.6)",0.19963647425174713,0.010396361351013184,0.01001429557800293,0
full,"(3.0, 20.0, 0.7, 0.6)",0.21926169097423553,0.015390634536743164,0.0012274980545043945,0
full,"(3.0, 20.0, 0.7, 0.6)",0.19588147848844528,0.024939417839050293,0.010122060775756836,0
full,"(3.0, 20.0, 0.7, 0.6)",0.20454596728086472,0.008016586303710938,0.009832143783569336,0
full,"(3.0, 20.0, 0.7, 0.6)",0.19547023624181747,0.003935098648071289,0.020621776580810547,0
full,"(3.0, 20.0, 0.7, 0.6)",0.18886134028434753,0.004150867462158203,0.004274606704711914,0
full,"(3.0, 20.0, 0.7, 0.6)",0.1994863823056221,0.022344470024108887,0.015950918197631836,0
full,"(3.0, 20.0, 0.7, 0.6)",0.20672417432069778,0.004355430603027344,0.020908355712890625,0
full,"(3.0, 20.0, 0.7, 0.6)",0.19774143397808075,0.009525537490844727,0.006657600402832031,0
full,"(3.0, 20.0, 0.7, 0.6)",0.20805583149194717,0.018798470497131348,0.01588273048400879,0
full,"(3.0, 20.0, 0.7, -0.3)",0.20518244802951813,0.01901233196258545,0.020385265350341797,0
full,"(3.0, 20.0, 0.7, -0.3)",0.223334401845932,0.001783609390258789,0.002074718475341797,0
full,"(3.0, 20.0, 0.7, -0.3)",0.20858722925186157,0.02120518684387207,0.04468894004821777,0
full,"(3.0, 20.0, 0.7, -0.3)",0.20603803545236588,0.014595746994018555,0.021438121795654297,0
full,"(3.0, 20.0, 0.7, -0.3)",0.1989588886499405,0.004330277442932129,0.020078659057617188,0
full,"(3.0, 20.0, 0.7, -0.3)",0.2170739471912384,0.022099018096923828,0.0009670257568359375,0
full,"(3.0, 20.0, 0.7, -0.3)",0.19458995759487152,0.019673943519592285,0.0038614273071289062,0
full,"(3.0, 20.0, 0.7, -0.3)",0.20103641599416733,0.0058307647705078125,0.017089128494262695,0
full,"(3.0, 20.0, 0.7, -0.3)",0.19576823711395264,0.014433026313781738,0.030269145965576172,0
full,"(3.0, 20.0, 0.7, -0.3)",0.2032468020915985,0.015531182289123535,0.0447697639465332,0
full,"(3.0, 20.0, 0.7, -0.3)",0.21068056672811508,0.010482072830200195,0.032207489013671875,0
full,"(3.0, 20.0, 0.7, -0.3)",0.20507656037807465,0.004908084869384766,0.01413726806640625,0
full,"(3.0, 20.0, 0.7, -0.3)",0.2248641476035118,0.012899041175842285,0.019562244415283203,0
full,"(3.0, 20.0, 0.7, -0.3)",0.2272948995232582,0.0078051090240478516,0.014171123504638672,0
full,"(3.0, 20.0, 0.7, -0.3)",0.20799953490495682,0.011449694633483887,0.01718759536743164,0
full,"(1.5, 8.0, 0.3, 0.0)",0.2653070092201233,0.029909968376159668,0.026416301727294922,1
full,"(1.5, 8.0, 0.3, 0.0)",0.2688872963190079,0.03884345293045044,0.046491146087646484,1
full,"(1.5, 8.0, 0.3, 0.0)",0.2898213416337967,0.0338250994682312,0.06632375717163086,1
full,"(1.5, 8.0, 0.3, 0.0)",0.27506721019744873,0.014797091484069824,0.004281759262084961,1
full,"(1.5, 8.0, 0.3, 0.0)",0.26131975650787354,0.025749623775482178,0.013537168502807617,1
full,"(1.5, 8.0, 0.3, 0.0)",0.2712484300136566,0.03937816619873047,0.03865623474121094,1
full,"(1.5, 8.0, 0.3, 0.0)",0.2612929940223694,0.008084714412689209,0.012968778610229492,1
full,"(1.5, 8.0, 0.3, 0.0)",0.2708151042461395,0.030521929264068604,0.05510735511779785,1
full,"(1.5, 8.0, 0.3, 0.0)",0.25533170998096466,0.021985411643981934,0.03954052925109863,1
full,"(1.5, 8.0, 0.3, 0.0)",0.2617385536432266,0.008678555488586426,0.01342463493347168,1
full,"(1.5, 8.0, 0.3, 0.0)",0.2715770751237869,0.031048595905303955,0.03925061225891113,1
full,"(1.5, 8.0, 0.3, 0.0)",0.24969224631786346,0.019808650016784668,0.022069454193115234,1
full,"(1.5, 8.0, 0.3, 0.0)",0.28692910075187683,0.013992786407470703,0.002361774444580078,1
full,"(1.5, 8.0, 0.3, 0.0)",0.2583422064781189,0.01387476921081543,0.023301362991333008,1
full,"(1.5, 8.0, 0.3, 0.0)",0.27874329686164856,0.019361257553100586,0.032083749771118164,1
full,"(1.5, 8.0, 0.3, 0.3)",0.2580909878015518,0.018080830574035645,0.012696266174316406,1
full,"(1.5, 8.0, 0.3, 0.3)",0.2672244906425476,0.02664315700531006,0.030515551567077637,1
full,"(1.5, 8.0, 0.3, 0.3)",0.2613890469074249,0.02295708656311035,0.037742018699645996,1
full,"(1.5, 8.0, 0.3, 0.3)",0.2665468603372574,0.03421318531036377,0.025532007217407227,1
full,"(1.5, 8.0, 0.3, 0.3)",0.26204854249954224,0.010177314281463623,0.003710031509399414,1
full,"(1.5, 8.0, 0.3, 0.3)",0.283952921628952,0.004980921745300293,0.015691280364990234,1
full,"(1.5, 8.0, 0.3, 0.3)",0.27537041902542114,0.02300882339477539,0.013309717178344727,1
full,"(1.5, 8.0, 0.3, 0.3)",0.27188386023044586,0.02985173463821411,0.00041425228118896484,1
full,"(1.5, 8.0, 0.3, 0.3)",0.2558187395334244,0.01975393295288086,0.04699242115020752,1
full,"(1.5, 8.0, 0.3, 0.3)",0.2846269905567169,0.02090167999267578,0.02419126033782959,1
full,"(1.5, 8.0, 0.3, 0.3)",0.25229132175445557,0.005349576473236084,0.026857376098632812,1
full,"(1.5, 8.0, 0.3, 0.3)",0.28178170323371887,0.026208877563476562,0.010568618774414062,1
full,"(1.5, 8.0, 0.3, 0.3)",0.2712069898843765,0.011542260646820068,0.015347123146057129,1
full,"(1.5, 8.0, 0.3, 0.3)",0.25769825279712677,0.009205937385559082,0.022516369819641113,1
full,"(1.5, 8.0, 0.3, 0.3)",0.26258111000061035,0.018090248107910156,0.0051708221435546875,1
full,"(1.5, 8.0, 0.3, 0.6)",0.2768341302871704,0.018666386604309082,0.005456805229187012,1
full,"(1.5, 8.0, 0.3, 0.6)",0.25520947575569153,0.007156193256378174,0.025634288787841797,1
full,"(1.5, 8.0, 0.3, 0.6)",0.27175387740135193,0.019785523414611816,0.03770172595977783,1
full,"(1.5, 8.0, 0.3, 0.6)",0.2747138440608978,0.02413731813430786,0.02243173122406006,1
full,"(1.5, 8.0, 0.3, 0.6)",0.26216931641101837,0.02708345651626587,0.027785658836364746,1
full,"(1.5, 8.0, 0.3, 0.6)",0.2842669039964676,0.014435529708862305,0.009991288185119629,1
full,"(1.5, 8.0, 0.3, 0.6)",0.2946978509426117,0.02083408832550049,0.018767952919006348,1
full,"(1.5, 8.0, 0.3, 0.6)",0.25278837978839874,0.0321270227432251,0.014047741889953613,1
full,"(1.5, 8.0, 0.3, 0.6)",0.2896275222301483,0.022754132747650146,0.017804622650146484,1
full,"(1.5, 8.0, 0.3, 0.6)",0.28992749750614166,0.023206353187561035,0.04149210453033447,1
full,"(1.5, 8.0, 0.3, 0.6)",0.26246170699596405,0.012588977813720703,0.06223297119140625,1
full,"(1.5, 8.0, 0.3, 0.6)",0.25475582480430603,0.036659836769104004,0.014643549919128418,1
full,"(1.5, 8.0, 0.3, 0.6)",0.26031531393527985,0.00443190336227417,0.015439152717590332,1
full,"(1.5, 8.0, 0.3, 0.6)",0.27001485228538513,0.006248772144317627,0.02369105815887451,1
full,"(1.5, 8.0, 0.3, 0.6)",0.29243703186511993,0.013956248760223389,0.025696992874145508,1
full,"(1.5, 8.0, 0.3, -0.3)",0.273166224360466,0.019381225109100342,0.040036678314208984,1
full,"(1.5, 8.0, 0.3, -0.3)",0.29014982283115387,0.025416553020477295,0.06184816360473633,1
full,"(1.5, 8.0, 0.3, -0.3)",0.2686076760292053,0.03457552194595337,0.0914759635925293,1
full,"(1.5, 8.0, 0.3, -0.3)",0.29216569662094116,0.015459954738616943,0.03617286682128906,1
full,"(1.5, 8.0, 0.3, -0.3)",0.2617422938346863,0.026740193367004395,0.0469820499420166,1
full,"(1.5, 8.0, 0.3, -0.3)",0.27188244462013245,0.031303465366363525,0.057172536849975586,1
full,"(1.5, 8.0, 0.3, -0.3)",0.26222944259643555,0.026623666286468506,0.08411312103271484,1
full,"(1.5, 8.0, 0.3, -0.3)",0.2613210380077362,0.03978896141052246,0.06410348415374756,1
full,"(1.5, 8.0, 0.3, -0.3)",0.2610880881547928,0.018832504749298096,0.028789281845092773,1
full,"(1.5, 8.0, 0.3, -0.3)",0.2632600665092468,0.024051666259765625,0.04649543762207031,1
full,"(1.5, 8.0, 0.3, -0.3)",0.27098678052425385,0.030590415000915527,0.06822657585144043,1
full,"(1.5, 8.0, 0.3, -0.3)",0.27359986305236816,0.012387275695800781,0.031287431716918945,1
full,"(1.5, 8.0, 0.3, -0.3)",0.2929794043302536,0.024616599082946777,0.04115915298461914,1
full,"(1.5, 8.0, 0.3, -0.3)",0.2915630638599396,0.010896503925323486,0.04287290573120117,1
full,"(1.5, 8.0, 0.3, -0.3)",0.27068090438842773,0.01096642017364502,0.017258644104003906,1
full,"(1.5, 8.0, 0.7, 0.0)",0.19462783634662628,0.015836358070373535,0.031783103942871094,1
full,"(1.5, 8.0, 0.7, 0.0)",0.19582103192806244,0.004739880561828613,0.02896285057067871,1
full,"(1.5, 8.0, 0.7, 0.0)",0.21448290348052979,0.01801764965057373,0.021925687789916992,1
full,"(1.5, 8.0, 0.7, 0.0)",0.19675129652023315,0.012609899044036865,0.008100032806396484,1
full,"(1.5, 8.0, 0.7, 0.0)",0.21309173107147217,0.004813790321350098,0.010624170303344727,1
full,"(1.5, 8.0, 0.7, 0.0)",0.2079925835132599,0.010181605815887451,0.03277707099914551,1
full,"(1.5, 8.0, 0.7, 0.0)",0.2147425413131714,0.004566073417663574,0.006887197494506836,1
full,"(1.5, 8.0, 0.7, 0.0)",0.19682228565216064,0.015606999397277832,0.016085147857666016,1
full,"(1.5, 8.0, 0.7, 0.0)",0.19561751186847687,0.006041467189788818,0.012621402740478516,1
full,"(1.5, 8.0, 0.7, 0.0)",0.2025885358452797,0.00784456729888916,0.01648998260498047,1
full,"(1.5, 8.0, 0.7, 0.0)",0.19346729665994644,0.01294940710067749,0.0063266754150390625,1
full,"(1.5, 8.0, 0.7, 0.0)",0.19561487436294556,0.009490430355072021,0.005218029022216797,1
full,"(1.5, 8.0, 0.7, 0.0)",0.18386876583099365,0.008609294891357422,0.021211862564086914,1
full,"(1.5, 8.0, 0.7, 0.0)",0.18643968552350998,0.013520359992980957,0.030399560928344727,1
full,"(1.5, 8.0, 0.7, 0.0)",0.2172335833311081,0.008079469203948975,0.037806034088134766,1
full,"(1.5, 8.0, 0.7, 0.3)",0.19421616196632385,0.004912018775939941,0.01994454860687256,1
full,"(1.5, 8.0, 0.7, 0.3)",0.19280850142240524,0.017497599124908447,0.012197136878967285,1
full,"(1.5, 8.0, 0.7, 0.3)",0.20882047712802887,0.009232759475708008,0.025599241256713867,1
full,"(1.5, 8.0, 0.7, 0.3)",0.21575860679149628,0.01464831829071045,0.011121869087219238,1
full,"(1.5, 8.0, 0.7, 0.3)",0.1898779645562172,0.002525508403778076,0.002307415008544922,1
full,"(1.5, 8.0, 0.7, 0.3)",0.1936948597431183,0.008319377899169922,0.018541932106018066,1
full,"(1.5, 8.0, 0.7, 0.3)",0.21731237322092056,0.004551708698272705,0.0011581182479858398,1
full,"(1.5, 8.0, 0.7, 0.3)",0.21798375993967056,0.019957900047302246,0.01670229434967041,1
full,"(1.5, 8.0, 0.7, 0.3)",0.19915054738521576,0.0038222670555114746,0.008274078369140625,1
full,"(1.5, 8.0, 0.7, 0.3)",0.19622108340263367,0.002219080924987793,0.010988712310791016,1
full,"(1.5, 8.0, 0.7, 0.3)",0.1985318809747696,0.018483877182006836,0.008587956428527832,1
full,"(1.5, 8.0, 0.7, 0.3)",0.19245989620685577,0.010157108306884766,0.02197849750518799,1
full,"(1.5, 8.0, 0.7, 0.3)",0.1970248445868492,0.015915334224700928,0.012413382530212402,1
full,"(1.5, 8.0, 0.7, 0.3)",0.21124383062124252,0.013049542903900146,0.03724193572998047,1
full,"(1.5, 8.0, 0.7, 0.3)",0.22024007886648178,0.01670551300048828,0.04430961608886719,1
full,"(1.5, 8.0, 0.7, 0.6)",0.20090293139219284,0.010904908180236816,0.023674607276916504,1
full,"(1.5, 8.0, 0.7, 0.6)",0.218062125146389,0.013725876808166504,0.016097664833068848,1
full,"(1.5, 8.0, 0.7, 0.6)",0.1988120898604393,0.004588425159454346,0.014111161231994629,1
full,"(1.5, 8.0, 0.7, 0.6)",0.19930030405521393,0.017418861389160156,0.015331268310546875,1
full,"(1.5, 8.0, 0.7, 0.6)",0.20578069239854813,0.005504250526428223,0.03621315956115723,1
full,"(1.5, 8.0, 0.7, 0.6)",0.20722483098506927,0.020076751708984375,0.004000186920166016,1
full,"(1.5, 8.0, 0.7, 0.6)",0.21320296078920364,0.02089107036590576,0.0027254819869995117,1
full,"(1.5, 8.0, 0.7, 0.6)",0.1887824609875679,0.02241736650466919,0.006524205207824707,1
full,"(1.5, 8.0, 0.7, 0.6)",0.21592464298009872,0.006712377071380615,0.028799772262573242,1
full,"(1.5, 8.0, 0.7, 0.6)",0.20481542497873306,0.013001501560211182,0.020975232124328613,1
full,"(1.5, 8.0, 0.7, 0.6)",0.21285875886678696,0.0036409497261047363,0.008263230323791504,1
full,"(1.5, 8.0, 0.7, 0.6)",0.21018579602241516,0.012570738792419434,0.030480504035949707,1
full,"(1.5, 8.0, 0.7, 0.6)",0.21071311086416245,0.014365136623382568,0.02689802646636963,1
full,"(1.5, 8.0, 0.7, 0.6)",0.19015801697969437,0.015766024589538574,0.03303086757659912,1
full,"(1.5, 8.0, 0.7, 0.6)",0.2195972129702568,0.006295263767242432,0.02234196662902832,1
full,"(1.5, 8.0, 0.7, -0.3)",0.21083182841539383,0.023593604564666748,0.048401594161987305,1
full,"(1.5, 8.0, 0.7, -0.3)",0.19710687547922134,0.016727805137634277,0.0013012886047363281,1
full,"(1.5, 8.0, 0.7, -0.3)",0.18460523337125778,0.01062166690826416,0.005980491638183594,1
full,"(1.5, 8.0, 0.7, -0.3)",0.19104748964309692,0.015650033950805664,0.022609233856201172,1
full,"(1.5, 8.0, 0.7, -0.3)",0.21411128342151642,0.017549633979797363,0.035553693771362305,1
full,"(1.5, 8.0, 0.7, -0.3)",0.20419183373451233,0.018829643726348877,0.03663134574890137,1
full,"(1.5, 8.0, 0.7, -0.3)",0.20116261392831802,0.01361536979675293,0.01235508918762207,1
full,"(1.5, 8.0, 0.7, -0.3)",0.20775291323661804,0.0048639774322509766,0.001811981201171875,1
full,"(1.5, 8.0, 0.7, -0.3)",0.1866285651922226,0.01015859842300415,0.008532285690307617,1
full,"(1.5, 8.0, 0.7, -0.3)",0.19390567392110825,0.0081404447555542,0.0028383731842041016,1
full,"(1.5, 8.0, 0.7, -0.3)",0.18304415047168732,0.005432724952697754,0.03327441215515137,1
full,"(1.5, 8.0, 0.7, -0.3)",0.18851038813591003,0.0010821223258972168,0.004634380340576172,1
full,"(1.5, 8.0, 0.7, -0.3)",0.19718864560127258,0.01132059097290039,0.04407000541687012,1
full,"(1.5, 8.0, 0.7, -0.3)",0.19494696706533432,0.00961381196975708,0.023953676223754883,1
full,"(1.5, 8.0, 0.7, -0.3)",0.21143823862075806,0.01591956615447998,0.03487706184387207,1
full,"(1.5, 20.0, 0.3, 0.0)",0.272430419921875,0.025267064571380615,0.037735939025878906,1
full,"(1.5, 20.0, 0.3, 0.0)",0.2555377185344696,0.02022618055343628,0.034101247787475586,1
full,"(1.5, 20.0, 0.3, 0.0)",0.23726291209459305,0.023618340492248535,0.02100205421447754,1
full,"(1.5, 20.0, 0.3, 0.0)",0.24035529047250748,0.015606939792633057,0.013927698135375977,1
full,"(1.5, 20.0, 0.3, 0.0)",0.24153627455234528,0.00844484567642212,0.0014014244079589844,1
full,"(1.5, 20.0, 0.3, 0.0)",0.2608524560928345,0.0017002224922180176,0.028787851333618164,1
full,"(1.5, 20.0, 0.3, 0.0)",0.22828774899244308,0.026633083820343018,0.06544876098632812,1
full,"(1.5, 20.0, 0.3, 0.0)",0.22832834720611572,0.02245241403579712,0.021481752395629883,1
full,"(1.5, 20.0, 0.3, 0.0)",0.24177592992782593,0.020759761333465576,0.030046701431274414,1
full,"(1.5, 20.0, 0.3, 0.0)",0.24845141172409058,0.012272953987121582,0.00025844573974609375,1
full,"(1.5, 20.0, 0.3, 0.0)",0.2310466393828392,0.03126102685928345,0.021628379821777344,1
full,"(1.5, 20.0, 0.3, 0.0)",0.2503424882888794,0.022762835025787354,0.03475522994995117,1
full,"(1.5, 20.0, 0.3, 0.0)",0.24124839156866074,0.012791156768798828,0.006965994834899902,1
full,"(1.5, 20.0, 0.3, 0.0)",0.2312513217329979,0.024778366088867188,0.014368772506713867,1
full,"(1.5, 20.0, 0.3, 0.0)",0.2482161745429039,0.0256919264793396,0.05237007141113281,1
full,"(1.5, 20.0, 0.3, 0.3)",0.24003389477729797,0.03441596031188965,0.08024537563323975,1
full,"(1.5, 20.0, 0.3, 0.3)",0.247219979763031,0.02699071168899536,0.01643359661102295,1
full,"(1.5, 20.0, 0.3, 0.3)",0.2355484962463379,0.028986096382141113,0.03518640995025635,1
full,"(1.5, 20.0, 0.3, 0.3)",0.23470628261566162,0.022935688495635986,0.014211893081665039,1
full,"(1.5, 20.0, 0.3, 0.3)",0.2341366857290268,0.011692583560943604,0.009688377380371094,1
full,"(1.5, 20.0, 0.3, 0.3)",0.2617323696613312,0.02964717149734497,0.03438436985015869,1
full,"(1.5, 20.0, 0.3, 0.3)",0.23541704565286636,0.027970314025878906,0.047551631927490234,1
full,"(1.5, 20.0, 0.3, 0.3)",0.25886932015419006,0.012049674987792969,0.020865201950073242,1
full,"(1.5, 20.0, 0.3, 0.3)",0.24734096974134445,0.022662699222564697,0.016087770462036133,1
full,"(1.5, 20.0, 0.3, 0.3)",0.25902801752090454,0.02012813091278076,0.03895974159240723,1
full,"(1.5, 20.0, 0.3, 0.3)",0.2403918281197548,0.024340271949768066,0.00238800048828125,1
full,"(1.5, 20.0, 0.3, 0.3)",0.23763608932495117,0.024353623390197754,0.031710147857666016,1
full,"(1.5, 20.0, 0.3, 0.3)",0.2468191161751747,0.02563023567199707,0.00016438961029052734,1
full,"(1.5, 20.0, 0.3, 0.3)",0.23106739670038223,0.03702747821807861,0.06730532646179199,1
full,"(1.5, 20.0, 0.3, 0.3)",0.24853798747062683,0.019375979900360107,0.004103541374206543,1
full,"(1.5, 20.0, 0.3, 0.6)",0.23568063974380493,0.024332523345947266,0.02410888671875,1
full,"(1.5, 20.0, 0.3, 0.6)",0.23211891949176788,0.03497403860092163,0.01060950756072998,1
full,"(1.5, 20.0, 0.3, 0.6)",0.25699788331985474,0.017953097820281982,0.02620255947113037,1
full,"(1.5, 20.0, 0.3, 0.6)",0.25463737547397614,0.038056790828704834,0.012666940689086914,1
full,"(1.5, 20.0, 0.3, 0.6)",0.2445349544286728,0.030317306518554688,0.012453198432922363,1
full,"(1.5, 20.0, 0.3, 0.6)",0.24747204035520554,0.016056418418884277,0.02394402027130127,1
full,"(1.5, 20.0, 0.3, 0.6)",0.23314796388149261,0.012014329433441162,0.023300528526306152,1
full,"(1.5, 20.0, 0.3, 0.6)",0.23079046607017517,0.016598641872406006,0.019562721252441406,1
full,"(1.5, 20.0, 0.3, 0.6)",0.23816940188407898,0.0046305060386657715,0.02031540870666504,1
full,"(1.5, 20.0, 0.3, 0.6)",0.24099022150039673,0.0248071551322937,0.03848671913146973,1
full,"(1.5, 20.0, 0.3, 0.6)",0.2409009262919426,0.04145139455795288,0.027666449546813965,1
full,"(1.5, 20.0, 0.3, 0.6)",0.24720829725265503,0.029973149299621582,0.002171635627746582,1
full,"(1.5, 20.0, 0.3, 0.6)",0.24151641875505447,0.02422851324081421,0.005937695503234863,1
full,"(1.5, 20.0, 0.3, 0.6)",0.24880285561084747,0.043561697006225586,0.01546180248260498,1
full,"(1.5, 20.0, 0.3, 0.6)",0.2686956524848938,0.02345430850982666,0.048021554946899414,1
full,"(1.5, 20.0, 0.3, -0.3)",0.2395896017551422,0.02202165126800537,0.04278683662414551,1
full,"(1.5, 20.0, 0.3, -0.3)",0.24029666185379028,0.01097726821899414,0.012782573699951172,1
full,"(1.5, 20.0, 0.3, -0.3)",0.24802043288946152,0.016451895236968994,0.047942161560058594,1
full,"(1.5, 20.0, 0.3, -0.3)",0.23931405693292618,0.05354195833206177,0.10469555854797363,1
full,"(1.5, 20.0, 0.3, -0.3)",0.2408551648259163,0.020744264125823975,0.0064198970794677734,1
full,"(1.5, 20.0, 0.3, -0.3)",0.24695374071598053,0.021611273288726807,0.026469707489013672,1
full,"(1.5, 20.0, 0.3, -0.3)",0.24826452136039734,0.017480015754699707,0.05149722099304199,1
full,"(1.5, 20.0, 0.3, -0.3)",0.2365581914782524,0.03435873985290527,0.04999351501464844,1
full,"(1.5, 20.0, 0.3, -0.3)",0.24541687965393066,0.03098440170288086,0.051386356353759766,1
full,"(1.5, 20.0, 0.3, -0.3)",0.22611913830041885,0.016994178295135498,0.04378986358642578,1
full,"(1.5, 20.0, 0.3, -0.3)",0.2552679628133774,0.01830422878265381,0.05085253715515137,1
full,"(1.5, 20.0, 0.3, -0.3)",0.2366122081875801,0.02393406629562378,0.041177988052368164,1
full,"(1.5, 20.0, 0.3, -0.3)",0.23313762992620468,0.023497343063354492,0.03334832191467285,1
full,"(1.5, 20.0, 0.3, -0.3)",0.24569713324308395,0.021966099739074707,0.05604386329650879,1
full,"(1.5, 20.0, 0.3, -0.3)",0.27055272459983826,0.014824509620666504,0.026334285736083984,1
full,"(1.5, 20.0, 0.7, 0.0)",0.16986162215471268,0.015416979789733887,0.030453085899353027,1
full,"(1.5, 20.0, 0.7, 0.0)",0.18922041356563568,0.012417018413543701,0.02859783172607422,1
full,"(1.5, 20.0, 0.7, 0.0)",0.1783272996544838,0.00545048713684082,0.0017702579498291016,1
full,"(1.5, 20.0, 0.7, 0.0)",0.19844459742307663,0.010422766208648682,0.004369020462036133,1
full,"(1.5, 20.0, 0.7, 0.0)",0.1994752585887909,0.012614607810974121,0.014088153839111328,1
full,"(1.5, 20.0, 0.7, 0.0)",0.1687687188386917,0.015162169933319092,0.027034640312194824,1
full,"(1.5, 20.0, 0.7, 0.0)",0.2014746516942978,0.015679478645324707,0.014230132102966309,1
full,"(1.5, 20.0, 0.7, 0.0)",0.17680583894252777,0.01696789264678955,0.025087833404541016,1
full,"(1.5, 20.0, 0.7, 0.0)",0.1760600209236145,0.018374919891357422,0.011651754379272461,1
full,"(1.5, 20.0, 0.7, 0.0)",0.17370592802762985,0.010693192481994629,0.014158964157104492,1
full,"(1.5, 20.0, 0.7, 0.0)",0.17143002152442932,0.00725322961807251,0.022665023803710938,1
full,"(1.5, 20.0, 0.7, 0.0)",0.18099747598171234,0.0022806525230407715,0.00920093059539795,1
full,"(1.5, 20.0, 0.7, 0.0)",0.18188346922397614,0.01742178201675415,0.036314964294433594,1
full,"(1.5, 20.0, 0.7, 0.0)",0.20385773479938507,0.010415852069854736,0.006116628646850586,1
full,"(1.5, 20.0, 0.7, 0.0)",0.1921253651380539,0.0066304802894592285,0.014783143997192383,1
full,"(1.5, 20.0, 0.7, 0.3)",0.17033174633979797,0.01673150062561035,0.0346376895904541,1
full,"(1.5, 20.0, 0.7, 0.3)",0.19273138046264648,0.017066538333892822,0.022679686546325684,1
full,"(1.5, 20.0, 0.7, 0.3)",0.1872040554881096,0.00745922327041626,0.04033529758453369,1
full,"(1.5, 20.0, 0.7, 0.3)",0.18093791604042053,0.010075867176055908,0.028758525848388672,1
full,"(1.5, 20.0, 0.7, 0.3)",0.16757242381572723,0.0024132132530212402,0.016061782836914062,1
full,"(1.5, 20.0, 0.7, 0.3)",0.18321026861667633,0.001568138599395752,0.019968867301940918,1
full,"(1.5, 20.0, 0.7, 0.3)",0.19398918747901917,0.006966352462768555,0.015921831130981445,1
full,"(1.5, 20.0, 0.7, 0.3)",0.17749962210655212,0.006856143474578857,0.016819119453430176,1
full,"(1.5, 20.0, 0.7, 0.3)",0.17880695313215256,0.01565152406692505,0.0618363618850708,1
full,"(1.5, 20.0, 0.7, 0.3)",0.17720218002796173,0.01927703619003296,0.01656949520111084,1
full,"(1.5, 20.0, 0.7, 0.3)",0.17238673567771912,0.0021956562995910645,0.02076411247253418,1
full,"(1.5, 20.0, 0.7, 0.3)",0.17257880419492722,0.018320739269256592,0.008056282997131348,1
full,"(1.5, 20.0, 0.7, 0.3)",0.17160461097955704,0.011980712413787842,0.0016018152236938477,1
full,"(1.5, 20.0, 0.7, 0.3)",0.17255544662475586,0.008640885353088379,0.00039517879486083984,1
full,"(1.5, 20.0, 0.7, 0.3)",0.1917586624622345,0.010011076927185059,0.008725404739379883,1
full,"(1.5, 20.0, 0.7, 0.6)",0.1937389299273491,0.021502315998077393,0.01858043670654297,1
full,"(1.5, 20.0, 0.7, 0.6)",0.1800556182861328,0.00012189149856567383,0.01646864414215088,1
full,"(1.5, 20.0, 0.7, 0.6)",0.1704702004790306,0.006104588508605957,0.01216888427734375,1
full,"(1.5, 20.0, 0.7, 0.6)",0.17636269330978394,0.01508641242980957,0.034063100814819336,1
full,"(1.5, 20.0, 0.7, 0.6)",0.18904753774404526,0.024128317832946777,0.03083193302154541,1
full,"(1.5, 20.0, 0.7, 0.6)",0.19033873826265335,0.0016988515853881836,0.02308487892150879,1
full,"(1.5, 20.0, 0.7, 0.6)",0.1768636479973793,0.014133810997009277,0.016645073890686035,1
full,"(1.5, 20.0, 0.7, 0.6)",0.18922995775938034,0.010902464389801025,0.012312054634094238,1
full,"(1.5, 20.0, 0.7, 0.6)",0.1642124056816101,0.00401914119720459,0.007112264633178711,1
full,"(1.5, 20.0, 0.7, 0.6)",0.18895190209150314,0.010542571544647217,0.01567220687866211,1
full,"(1.5, 20.0, 0.7, 0.6)",0.1872231811285019,0.005583524703979492,0.014589071273803711,1
full,"(1.5, 20.0, 0.7, 0.6)",0.17192772775888443,0.010831475257873535,0.03891861438751221,1
full,"(1.5, 20.0, 0.7, 0.6)",0.1883620098233223,0.005989253520965576,0.009560585021972656,1
full,"(1.5, 20.0, 0.7, 0.6)",0.20014574378728867,0.008034765720367432,0.01243436336517334,1
full,"(1.5, 20.0, 0.7, 0.6)",0.18854009360074997,0.013604044914245605,0.02297341823577881,1
full,"(1.5, 20.0, 0.7, -0.3)",0.18035277724266052,0.011053979396820068,0.034883737564086914,1
full,"(1.5, 20.0, 0.7, -0.3)",0.17821771651506424,0.009355425834655762,0.019837617874145508,1
full,"(1.5, 20.0, 0.7, -0.3)",0.17446040362119675,0.012409090995788574,0.017555952072143555,1
full,"(1.5, 20.0, 0.7, -0.3)",0.18883343040943146,0.017601490020751953,0.009974241256713867,1
full,"(1.5, 20.0, 0.7, -0.3)",0.18260889500379562,0.0183829665184021,0.026142597198486328,1
full,"(1.5, 20.0, 0.7, -0.3)",0.17455483973026276,0.010986685752868652,0.004734039306640625,1
full,"(1.5, 20.0, 0.7, -0.3)",0.17958953231573105,0.007912814617156982,0.017400264739990234,1
full,"(1.5, 20.0, 0.7, -0.3)",0.1816646307706833,0.01501375436782837,0.00020956993103027344,1
full,"(1.5, 20.0, 0.7, -0.3)",0.17501284182071686,0.01928889751434326,0.02790546417236328,1
full,"(1.5, 20.0, 0.7, -0.3)",0.18807023763656616,0.0025356411933898926,0.007538318634033203,1
full,"(1.5, 20.0, 0.7, -0.3)",0.1828032061457634,0.001801609992980957,0.0006475448608398438,1
full,"(1.5, 20.0, 0.7, -0.3)",0.17419713735580444,0.009503781795501709,0.014414072036743164,1
full,"(1.5, 20.0, 0.7, -0.3)",0.185153067111969,0.004706978797912598,0.014847278594970703,1
full,"(1.5, 20.0, 0.7, -0.3)",0.19605373591184616,0.008015334606170654,0.034470438957214355,1
full,"(1.5, 20.0, 0.7, -0.3)",0.1698751077055931,0.01112985610961914,0.02581310272216797,1
full,"(3.0, 8.0, 0.3, 0.0)",0.3827092945575714,0.01611471176147461,0.01570749282836914,1
full,"(3.0, 8.0, 0.3, 0.0)",0.3813691735267639,0.019430160522460938,0.03055095672607422,1
full,"(3.0, 8.0, 0.3, 0.0)",0.3417818248271942,0.0076677799224853516,0.008432388305664062,1
full,"(3.0, 8.0, 0.3, 0.0)",0.35510416328907013,0.017939329147338867,0.040955543518066406,1
full,"(3.0, 8.0, 0.3, 0.0)",0.3740179240703583,0.013847947120666504,0.028194904327392578,1
full,"(3.0, 8.0, 0.3, 0.0)",0.32002273201942444,0.006474137306213379,0.02637767791748047,1
full,"(3.0, 8.0, 0.3, 0.0)",0.354694202542305,0.01031351089477539,0.04918193817138672,1
full,"(3.0, 8.0, 0.3, 0.0)",0.3195623606443405,0.018101215362548828,0.05527544021606445,1
full,"(3.0, 8.0, 0.3, 0.0)",0.3365739583969116,0.0060797929763793945,0.01537775993347168,1
full,"(3.0, 8.0, 0.3, 0.0)",0.3473361134529114,0.018460392951965332,0.025871753692626953,1
full,"(3.0, 8.0, 0.3, 0.0)",0.31584063172340393,0.004205107688903809,0.007673740386962891,1
full,"(3.0, 8.0, 0.3, 0.0)",0.357778936624527,0.013857722282409668,0.03508257865905762,1
full,"(3.0, 8.0, 0.3, 0.0)",0.3343438655138016,0.006880402565002441,0.0009922981262207031,1
full,"(3.0, 8.0, 0.3, 0.0)",0.3683962970972061,0.015772223472595215,0.007056236267089844,1
full,"(3.0, 8.0, 0.3, 0.0)",0.34524157643318176,0.017176032066345215,0.021522998809814453,1
full,"(3.0, 8.0, 0.3, 0.3)",0.3776859939098358,0.004877328872680664,0.021510839462280273,1
full,"(3.0, 8.0, 0.3, 0.3)",0.3400116562843323,0.013411521911621094,0.03252983093261719,1
full,"(3.0, 8.0, 0.3, 0.3)",0.36982232332229614,0.018267393112182617,0.01653575897216797,1
full,"(3.0, 8.0, 0.3, 0.3)",0.33007481694221497,0.011981964111328125,0.023607254028320312,1
full,"(3.0, 8.0, 0.3, 0.3)",0.3408205360174179,0.014852046966552734,0.01874852180480957,1
full,"(3.0, 8.0, 0.3, 0.3)",0.3413528501987457,0.0166013240814209,0.0016276836395263672,1
full,"(3.0, 8.0, 0.3, 0.3)",0.3575716018676758,0.006710052490234375,0.014529705047607422,1
full,"(3.0, 8.0, 0.3, 0.3)",0.33514922857284546,0.009387850761413574,0.0015590190887451172,1
full,"(3.0, 8.0, 0.3, 0.3)",0.3449782580137253,0.015343546867370605,0.013913631439208984,1
full,"(3.0, 8.0, 0.3, 0.3)",0.3300057649612427,0.018956422805786133,0.010718822479248047,1
full,"(3.0, 8.0, 0.3, 0.3)",0.3543621003627777,0.018475890159606934,0.007869958877563477,1
full,"(3.0, 8.0, 0.3, 0.3)",0.3479589819908142,0.006003260612487793,0.013877391815185547,1
full,"(3.0, 8.0, 0.3, 0.3)",0.3355824500322342,0.010371565818786621,0.007299661636352539,1
full,"(3.0, 8.0, 0.3, 0.3)",0.38196687400341034,0.007996678352355957,0.021757841110229492,1
full,"(3.0, 8.0, 0.3, 0.3)",0.3438727706670761,0.004389047622680664,0.014872550964355469,1
full,"(3.0, 8.0, 0.3, 0.6)",0.3660445809364319,0.02745532989501953,0.004211902618408203,1
full,"(3.0, 8.0, 0.3, 0.6)",0.3118003010749817,0.017798542976379395,0.06253671646118164,1
full,"(3.0, 8.0, 0.3, 0.6)",0.3536257743835449,0.020352840423583984,0.013020753860473633,1
full,"(3.0, 8.0, 0.3, 0.6)",0.34392091631889343,0.03452897071838379,0.02902960777282715,1
full,"(3.0, 8.0, 0.3, 0.6)",0.314780130982399,0.015080690383911133,0.020079851150512695,1
full,"(3.0, 8.0, 0.3, 0.6)",0.3488664925098419,0.023899078369140625,0.03812742233276367,1
full,"(3.0, 8.0, 0.3, 0.6)",0.3802812397480011,0.01459360122680664,0.0661935806274414,1
full,"(3.0, 8.0, 0.3, 0.6)",0.32900992035865784,0.010037541389465332,0.031258344650268555,1
full,"(3.0, 8.0, 0.3, 0.6)",0.35004912316799164,0.0077250003814697266,0.08942866325378418,1
full,"(3.0, 8.0, 0.3, 0.6)",0.34481683373451233,0.011960268020629883,0.026546716690063477,1
full,"(3.0, 8.0, 0.3, 0.6)",0.3817400485277176,0.013608098030090332,0.017731189727783203,1
full,"(3.0, 8.0, 0.3, 0.6)",0.36462345719337463,0.01825857162475586,0.03404831886291504,1
full,"(3.0, 8.0, 0.3, 0.6)",0.32612593472003937,0.018279314041137695,0.009849071502685547,1
full,"(3.0, 8.0, 0.3, 0.6)",0.33984972536563873,0.020174264907836914,0.01570749282836914,1
full,"(3.0, 8.0, 0.3, 0.6)",0.3277980387210846,0.0050536394119262695,0.03708600997924805,1
full,"(3.0, 8.0, 0.3, -0.3)",0.3271220475435257,0.016228675842285156,0.004738807678222656,1
full,"(3.0, 8.0, 0.3, -0.3)",0.35343119502067566,0.00997161865234375,0.027326583862304688,1
full,"(3.0, 8.0, 0.3, -0.3)",0.3333747535943985,0.01948368549346924,0.024161338806152344,1
full,"(3.0, 8.0, 0.3, -0.3)",0.34187594056129456,0.011563539505004883,0.005688190460205078,1
full,"(3.0, 8.0, 0.3, -0.3)",0.32927221059799194,0.005577445030212402,0.011188507080078125,1
full,"(3.0, 8.0, 0.3, -0.3)",0.3276774436235428,0.02192056179046631,0.020524978637695312,1
full,"(3.0, 8.0, 0.3, -0.3)",0.3851660043001175,0.011053681373596191,0.0006098747253417969,1
full,"(3.0, 8.0, 0.3, -0.3)",0.3617158681154251,0.015213251113891602,0.026141643524169922,1
full,"(3.0, 8.0, 0.3, -0.3)",0.3380550593137741,0.008141875267028809,0.010266780853271484,1
full,"(3.0, 8.0, 0.3, -0.3)",0.3577922284603119,0.018553733825683594,0.03653573989868164,1
full,"(3.0, 8.0, 0.3, -0.3)",0.3226097822189331,0.004382014274597168,0.003722667694091797,1
full,"(3.0, 8.0, 0.3, -0.3)",0.3257855474948883,0.008497238159179688,0.011726856231689453,1
full,"(3.0, 8.0, 0.3, -0.3)",0.3740149140357971,0.009734153747558594,0.01873922348022461,1
full,"(3.0, 8.0, 0.3, -0.3)",0.3414269834756851,0.010695457458496094,0.01185750961303711,1
full,"(3.0, 8.0, 0.3, -0.3)",0.3468632400035858,0.011463403701782227,0.019904136657714844,1
full,"(3.0, 8.0, 0.7, 0.0)",0.2782522439956665,0.015181660652160645,0.014812707901000977,1
full,"(3.0, 8.0, 0.7, 0.0)",0.26526500284671783,0.011206507682800293,0.0076389312744140625,1
full,"(3.0, 8.0, 0.7, 0.0)",0.24865290522575378,0.0025479793548583984,0.0019826889038085938,1
full,"(3.0, 8.0, 0.7, 0.0)",0.24422046542167664,0.0021933317184448242,0.0014944076538085938,1
full,"(3.0, 8.0, 0.7, 0.0)",0.23768676817417145,0.024876117706298828,0.037999629974365234,1
full,"(3.0, 8.0, 0.7, 0.0)",0.24914251267910004,0.0076982975006103516,0.019690990447998047,1
full,"(3.0, 8.0, 0.7, 0.0)",0.22863062471151352,0.014249682426452637,0.027799606323242188,1
full,"(3.0, 8.0, 0.7, 0.0)",0.25304482877254486,0.006435036659240723,0.017419815063476562,1
full,"(3.0, 8.0, 0.7, 0.0)",0.24179546535015106,0.002559661865234375,0.0014612674713134766,1
full,"(3.0, 8.0, 0.7, 0.0)",0.2746664732694626,0.014383792877197266,0.019342422485351562,1
full,"(3.0, 8.0, 0.7, 0.0)",0.2769428938627243,0.026811838150024414,0.0345001220703125,1
full,"(3.0, 8.0, 0.7, 0.0)",0.25015445053577423,0.014271855354309082,0.023828506469726562,1
full,"(3.0, 8.0, 0.7, 0.0)",0.2520463168621063,0.01949596405029297,0.018484115600585938,1
full,"(3.0, 8.0, 0.7, 0.0)",0.2655041515827179,0.016551971435546875,0.0010576248168945312,1
full,"(3.0, 8.0, 0.7, 0.0)",0.2719869315624237,0.0045588016510009766,0.0035266876220703125,1
full,"(3.0, 8.0, 0.7, 0.3)",0.2523273006081581,0.005452871322631836,0.008606195449829102,1
full,"(3.0, 8.0, 0.7, 0.3)",0.2388734295964241,0.01111757755279541,0.010957002639770508,1
full,"(3.0, 8.0, 0.7, 0.3)",0.24678490310907364,0.011434793472290039,0.014751911163330078,1
full,"(3.0, 8.0, 0.7, 0.3)",0.24984149634838104,0.011570215225219727,0.02671957015991211,1
full,"(3.0, 8.0, 0.7, 0.3)",0.2846374958753586,0.015560507774353027,0.02695631980895996,1
full,"(3.0, 8.0, 0.7, 0.3)",0.2385442927479744,0.002030611038208008,0.023311138153076172,1
full,"(3.0, 8.0, 0.7, 0.3)",0.27695490419864655,0.01152181625366211,0.014159202575683594,1
full,"(3.0, 8.0, 0.7, 0.3)",0.26328781247138977,0.013451695442199707,0.02548980712890625,1
full,"(3.0, 8.0, 0.7, 0.3)",0.2599795013666153,0.01683056354522705,0.0015606880187988281,1
full,"(3.0, 8.0, 0.7, 0.3)",0.27088555693626404,0.007768988609313965,0.023823261260986328,1
full,"(3.0, 8.0, 0.7, 0.3)",0.2504989504814148,0.010165691375732422,0.025298357009887695,1
full,"(3.0, 8.0, 0.7, 0.3)",0.2604149281978607,0.018689393997192383,0.03763437271118164,1
full,"(3.0, 8.0, 0.7, 0.3)",0.2380199283361435,0.01141059398651123,0.014567375183105469,1
full,"(3.0, 8.0, 0.7, 0.3)",0.26933856308460236,0.007348418235778809,0.009652376174926758,1
full,"(3.0, 8.0, 0.7, 0.3)",0.25321413576602936,0.005258321762084961,0.010673999786376953,1
full,"(3.0, 8.0, 0.7, 0.6)",0.24743110686540604,0.01872110366821289,0.018923044204711914,1
full,"(3.0, 8.0, 0.7, 0.6)",0.2545554041862488,0.006286740303039551,0.0063893795013427734,1
full,"(3.0, 8.0, 0.7, 0.6)",0.24004533886909485,0.018602609634399414,0.002485513687133789,1
full,"(3.0, 8.0, 0.7, 0.6)",0.27008041739463806,0.002850770950317383,0.014206647872924805,1
full,"(3.0, 8.0, 0.7, 0.6)",0.254140667617321,0.019968509674072266,0.015926122665405273,1
full,"(3.0, 8.0, 0.7, 0.6)",0.2612079828977585,0.014475226402282715,0.023170948028564453,1
full,"(3.0, 8.0, 0.7, 0.6)",0.24054717272520065,0.014478206634521484,0.02610492706298828,1
full,"(3.0, 8.0, 0.7, 0.6)",0.24626383185386658,0.01382744312286377,0.030210494995117188,1
full,"(3.0, 8.0, 0.7, 0.6)",0.24856676161289215,0.017179369926452637,0.009762287139892578,1
full,"(3.0, 8.0, 0.7, 0.6)",0.24755100905895233,0.015756845474243164,0.03443598747253418,1
full,"(3.0, 8.0, 0.7, 0.6)",0.24814680218696594,0.01979506015777588,0.03124523162841797,1
full,"(3.0, 8.0, 0.7, 0.6)",0.2569374740123749,0.0014663934707641602,0.06984686851501465,1
full,"(3.0, 8.0, 0.7, 0.6)",0.2509414106607437,0.022713422775268555,0.003679513931274414,1
full,"(3.0, 8.0, 0.7, 0.6)",0.26621346175670624,0.008077383041381836,0.011771202087402344,1
full,"(3.0, 8.0, 0.7, 0.6)",0.2440437227487564,0.013356924057006836,0.017681121826171875,1
full,"(3.0, 8.0, 0.7, -0.3)",0.2748173177242279,0.007952094078063965,0.015465259552001953,1
full,"(3.0, 8.0, 0.7, -0.3)",0.2431582361459732,0.01068878173828125,0.008898258209228516,1
full,"(3.0, 8.0, 0.7, -0.3)",0.24282480776309967,0.008446335792541504,0.011744499206542969,1
full,"(3.0, 8.0, 0.7, -0.3)",0.28183047473430634,0.019903898239135742,0.05863523483276367,1
full,"(3.0, 8.0, 0.7, -0.3)",0.24794726073741913,0.015376806259155273,0.012481689453125,1
full,"(3.0, 8.0, 0.7, -0.3)",0.26719874143600464,0.010658860206604004,0.030159950256347656,1
full,"(3.0, 8.0, 0.7, -0.3)",0.22981830686330795,0.020169973373413086,0.022488117218017578,1
full,"(3.0, 8.0, 0.7, -0.3)",0.2537974417209625,0.00943911075592041,0.0319976806640625,1
full,"(3.0, 8.0, 0.7, -0.3)",0.2600427120923996,0.01156461238861084,0.004050731658935547,1
full,"(3.0, 8.0, 0.7, -0.3)",0.250704824924469,0.011606812477111816,0.022028446197509766,1
full,"(3.0, 8.0, 0.7, -0.3)",0.24928579479455948,0.02067124843597412,0.029299020767211914,1
full,"(3.0, 8.0, 0.7, -0.3)",0.2404111549258232,0.007108569145202637,0.015350341796875,1
full,"(3.0, 8.0, 0.7, -0.3)",0.253889799118042,0.014756202697753906,0.023960590362548828,1
full,"(3.0, 8.0, 0.7, -0.3)",0.2387901023030281,0.011786818504333496,0.029976844787597656,1
full,"(3.0, 8.0, 0.7, -0.3)",0.275957852602005,0.006980299949645996,0.005839824676513672,1
full,"(3.0, 20.0, 0.3, 0.0)",0.301218718290329,0.016878128051757812,0.02493429183959961,1
full,"(3.0, 20.0, 0.3, 0.0)",0.30178168416023254,0.006943106651306152,0.013163566589355469,1
full,"(3.0, 20.0, 0.3, 0.0)",0.3152525722980499,0.014528870582580566,0.019857406616210938,1
full,"(3.0, 20.0, 0.3, 0.0)",0.3170784264802933,0.009511590003967285,0.02577352523803711,1
full,"(3.0, 20.0, 0.3, 0.0)",0.28669315576553345,0.01921069622039795,0.016077041625976562,1
full,"(3.0, 20.0, 0.3, 0.0)",0.3255970776081085,0.001377701759338379,0.03696942329406738,1
full,"(3.0, 20.0, 0.3, 0.0)",0.3027505874633789,0.01957106590270996,0.04230165481567383,1
full,"(3.0, 20.0, 0.3, 0.0)",0.301217645406723,0.011263847351074219,0.003345012664794922,1
full,"(3.0, 20.0, 0.3, 0.0)",0.29695218801498413,0.016924023628234863,0.008911609649658203,1
full,"(3.0, 20.0, 0.3, 0.0)",0.31024712324142456,0.006733298301696777,0.018177032470703125,1
full,"(3.0, 20.0, 0.3, 0.0)",0.30733612179756165,0.012369990348815918,0.0038483142852783203,1
full,"(3.0, 20.0, 0.3, 0.0)",0.2955946624279022,0.02368175983428955,0.035663604736328125,1
full,"(3.0, 20.0, 0.3, 0.0)",0.3054778575897217,0.0063086748123168945,0.002976655960083008,1
full,"(3.0, 20.0, 0.3, 0.0)",0.31006115674972534,0.011850833892822266,0.015512943267822266,1
full,"(3.0, 20.0, 0.3, 0.0)",0.30344507098197937,0.015025496482849121,0.024486541748046875,1
full,"(3.0, 20.0, 0.3, 0.3)",0.3046182543039322,0.014537692070007324,0.0034554004669189453,1
full,"(3.0, 20.0, 0.3, 0.3)",0.30208607017993927,0.025038480758666992,0.005727529525756836,1
full,"(3.0, 20.0, 0.3, 0.3)",0.30087557435035706,0.0033348798751831055,0.024494409561157227,1
full,"(3.0, 20.0, 0.3, 0.3)",0.34600311517715454,0.018441081047058105,0.03222084045410156,1
full,"(3.0, 20.0, 0.3, 0.3)",0.315943107008934,0.009842753410339355,0.005326271057128906,1
full,"(3.0, 20.0, 0.3, 0.3)",0.2975916117429733,0.00908815860748291,0.010592222213745117,1
full,"(3.0, 20.0, 0.3, 0.3)",0.3120320290327072,0.014416813850402832,0.00419163703918457,1
full,"(3.0, 20.0, 0.3, 0.3)",0.30488769710063934,0.006706595420837402,0.024742841720581055,1
full,"(3.0, 20.0, 0.3, 0.3)",0.3412231057882309,0.006424427032470703,0.004887104034423828,1
full,"(3.0, 20.0, 0.3, 0.3)",0.3407541811466217,0.01955723762512207,0.00510406494140625,1
full,"(3.0, 20.0, 0.3, 0.3)",0.32048994302749634,0.0112076997756958,0.039336204528808594,1
full,"(3.0, 20.0, 0.3, 0.3)",0.31280651688575745,0.012569665908813477,0.005565166473388672,1
full,"(3.0, 20.0, 0.3, 0.3)",0.33725160360336304,0.021202921867370605,0.009680509567260742,1
full,"(3.0, 20.0, 0.3, 0.3)",0.29559536278247833,0.01389169692993164,0.014156341552734375,1
full,"(3.0, 20.0, 0.3, 0.3)",0.30989596247673035,0.02404475212097168,0.031760454177856445,1
full,"(3.0, 20.0, 0.3, 0.6)",0.30703015625476837,0.013800501823425293,0.015904903411865234,1
full,"(3.0, 20.0, 0.3, 0.6)",0.3133055865764618,0.0026549100875854492,0.012461185455322266,1
full,"(3.0, 20.0, 0.3, 0.6)",0.31108927726745605,0.0057555437088012695,0.02030348777770996,1
full,"(3.0, 20.0, 0.3, 0.6)",0.3153189420700073,0.026191353797912598,0.010408878326416016,1
full,"(3.0, 20.0, 0.3, 0.6)",0.3504430204629898,0.012023687362670898,0.015919923782348633,1
full,"(3.0, 20.0, 0.3, 0.6)",0.2985948175191879,0.0035593509674072266,0.006576061248779297,1
full,"(3.0, 20.0, 0.3, 0.6)",0.3166864514350891,0.0036128759384155273,0.004412651062011719,1
full,"(3.0, 20.0, 0.3, 0.6)",0.3349929302930832,0.005193591117858887,0.021150588989257812,1
full,"(3.0, 20.0, 0.3, 0.6)",0.2958141267299652,0.014426231384277344,0.0027260780334472656,1
full,"(3.0, 20.0, 0.3, 0.6)",0.29560934007167816,0.007730722427368164,0.006070613861083984,1
full,"(3.0, 20.0, 0.3, 0.6)",0.30870893597602844,0.009681224822998047,0.005501747131347656,1
full,"(3.0, 20.0, 0.3, 0.6)",0.34049883484840393,0.009836077690124512,0.0829920768737793,1
full,"(3.0, 20.0, 0.3, 0.6)",0.31437642872333527,0.003778219223022461,0.0017123222351074219,1
full,"(3.0, 20.0, 0.3, 0.6)",0.291327565908432,0.0036340951919555664,0.028879880905151367,1
full,"(3.0, 20.0, 0.3, 0.6)",0.3096631169319153,0.003663301467895508,0.02890610694885254,1
full,"(3.0, 20.0, 0.3, -0.3)",0.30065205693244934,0.003779768943786621,0.0018672943115234375,1
full,"(3.0, 20.0, 0.3, -0.3)",0.33064132928848267,0.010045409202575684,0.008016109466552734,1
full,"(3.0, 20.0, 0.3, -0.3)",0.31277912855148315,0.009886980056762695,0.028768062591552734,1
full,"(3.0, 20.0, 0.3, -0.3)",0.30962251126766205,0.004923701286315918,0.008742809295654297,1
full,"(3.0, 20.0, 0.3, -0.3)",0.3001035302877426,0.010552644729614258,0.02967357635498047,1
full,"(3.0, 20.0, 0.3, -0.3)",0.2990551292896271,0.010982871055603027,0.025140762329101562,1
full,"(3.0, 20.0, 0.3, -0.3)",0.30627793073654175,0.007832169532775879,0.00827646255493164,1
full,"(3.0, 20.0, 0.3, -0.3)",0.30471137166023254,0.008085370063781738,0.005113124847412109,1
full,"(3.0, 20.0, 0.3, -0.3)",0.3392609804868698,0.012824654579162598,0.006748199462890625,1
full,"(3.0, 20.0, 0.3, -0.3)",0.30896760523319244,0.019087553024291992,0.02407979965209961,1
full,"(3.0, 20.0, 0.3, -0.3)",0.2994919866323471,0.011657357215881348,0.008400917053222656,1
full,"(3.0, 20.0, 0.3, -0.3)",0.299437552690506,0.02063310146331787,0.0027627944946289062,1
full,"(3.0, 20.0, 0.3, -0.3)",0.3443557471036911,0.017186284065246582,0.032366275787353516,1
full,"(3.0, 20.0, 0.3, -0.3)",0.3080156147480011,0.02277052402496338,0.04057741165161133,1
full,"(3.0, 20.0, 0.3, -0.3)",0.32221168279647827,0.039901018142700195,0.07909965515136719,1
full,"(3.0, 20.0, 0.7, 0.0)",0.21010319888591766,0.01175391674041748,0.03217172622680664,1
full,"(3.0, 20.0, 0.7, 0.0)",0.20858988910913467,0.018595099449157715,0.02472829818725586,1
full,"(3.0, 20.0, 0.7, 0.0)",0.210977204144001,0.01886308193206787,0.008656024932861328,1
full,"(3.0, 20.0, 0.7, 0.0)",0.19875884801149368,0.012222647666931152,0.038367271423339844,1
full,"(3.0, 20.0, 0.7, 0.0)",0.21644455194473267,0.0050811767578125,0.0026464462280273438,1
full,"(3.0, 20.0, 0.7, 0.0)",0.22946146875619888,0.009267330169677734,0.017347335815429688,1
full,"(3.0, 20.0, 0.7, 0.0)",0.22732225060462952,0.013532757759094238,0.025804996490478516,1
full,"(3.0, 20.0, 0.7, 0.0)",0.1968631073832512,0.016855239868164062,0.01746845245361328,1
full,"(3.0, 20.0, 0.7, 0.0)",0.2106272205710411,0.007258892059326172,0.01661205291748047,1
full,"(3.0, 20.0, 0.7, 0.0)",0.22327828407287598,0.008124113082885742,0.023719310760498047,1
full,"(3.0, 20.0, 0.7, 0.0)",0.20199894160032272,0.0034464597702026367,0.006906032562255859,1
full,"(3.0, 20.0, 0.7, 0.0)",0.20588929951190948,0.006070137023925781,0.0014939308166503906,1
full,"(3.0, 20.0, 0.7, 0.0)",0.21092185378074646,0.003795146942138672,0.0028934478759765625,1
full,"(3.0, 20.0, 0.7, 0.0)",0.2039167508482933,0.02111530303955078,0.009478092193603516,1
full,"(3.0, 20.0, 0.7, 0.0)",0.2115599885582924,0.01363837718963623,0.001493692398071289,1
full,"(3.0, 20.0, 0.7, 0.3)",0.21116358786821365,0.010494828224182129,0.0038611888885498047,1
full,"(3.0, 20.0, 0.7, 0.3)",0.19819148629903793,0.007195830345153809,0.022401809692382812,1
full,"(3.0, 20.0, 0.7, 0.3)",0.21414703130722046,0.009566664695739746,0.010756492614746094,1
full,"(3.0, 20.0, 0.7, 0.3)",0.19644483923912048,0.01603114604949951,0.05115246772766113,1
full,"(3.0, 20.0, 0.7, 0.3)",0.19751930981874466,0.007891058921813965,0.0038385391235351562,1
full,"(3.0, 20.0, 0.7, 0.3)",0.20279576629400253,0.006870627403259277,0.011274576187133789,1
full,"(3.0, 20.0, 0.7, 0.3)",0.20760344713926315,0.02185988426208496,0.03024125099182129,1
full,"(3.0, 20.0, 0.7, 0.3)",0.2090422362089157,0.008775711059570312,0.025840282440185547,1
full,"(3.0, 20.0, 0.7, 0.3)",0.20591571927070618,0.009356260299682617,0.02035808563232422,1
full,"(3.0, 20.0, 0.7, 0.3)",0.18903113901615143,0.00837409496307373,0.015578746795654297,1
full,"(3.0, 20.0, 0.7, 0.3)",0.20060976594686508,0.021584033966064453,0.02266716957092285,1
full,"(3.0, 20.0, 0.7, 0.3)",0.20914045721292496,0.029570817947387695,0.03484463691711426,1
full,"(3.0, 20.0, 0.7, 0.3)",0.22144275158643723,0.007718801498413086,0.013222217559814453,1
full,"(3.0, 20.0, 0.7, 0.3)",0.200912743806839,0.01233673095703125,0.04004836082458496,1
full,"(3.0, 20.0, 0.7, 0.3)",0.20258411765098572,0.006482958793640137,0.0022916793823242188,1
full,"(3.0, 20.0, 0.7, 0.6)",0.2037397176027298,0.013462662696838379,0.018907785415649414,1
full,"(3.0, 20.0, 0.7, 0.6)",0.19311778992414474,0.00856482982635498,0.010636091232299805,1
full,"(3.0, 20.0, 0.7, 0.6)",0.2281951606273651,0.013264060020446777,0.03757143020629883,1
full,"(3.0, 20.0, 0.7, 0.6)",0.19834591448307037,0.007132291793823242,0.018085122108459473,1
full,"(3.0, 20.0, 0.7, 0.6)",0.1993618682026863,0.0040438175201416016,0.019700288772583008,1
full,"(3.0, 20.0, 0.7, 0.6)",0.22376271337270737,0.013436436653137207,0.014256715774536133,1
full,"(3.0, 20.0, 0.7, 0.6)",0.18872876465320587,0.018463611602783203,0.00915217399597168,1
full,"(3.0, 20.0, 0.7, 0.6)",0.2025037705898285,0.010812520980834961,0.021615982055664062,1
full,"(3.0, 20.0, 0.7, 0.6)",0.21041959524154663,0.023036837577819824,0.047797203063964844,1
full,"(3.0, 20.0, 0.7, 0.6)",0.2213325798511505,0.012314081192016602,0.020487308502197266,1
full,"(3.0, 20.0, 0.7, 0.6)",0.19667181372642517,0.0076198577880859375,0.01132655143737793,1
full,"(3.0, 20.0, 0.7, 0.6)",0.21498994529247284,0.012016892433166504,0.014494657516479492,1
full,"(3.0, 20.0, 0.7, 0.6)",0.20339806377887726,0.007969498634338379,0.030245304107666016,1
full,"(3.0, 20.0, 0.7, 0.6)",0.21264392882585526,0.002534151077270508,0.013210296630859375,1
full,"(3.0, 20.0, 0.7, 0.6)",0.2080436646938324,0.021573185920715332,0.018352746963500977,1
full,"(3.0, 20.0, 0.7, -0.3)",0.19097847491502762,0.018175959587097168,0.04904985427856445,1
full,"(3.0, 20.0, 0.7, -0.3)",0.2070174664258957,0.01666414737701416,0.033238887786865234,1
full,"(3.0, 20.0, 0.7, -0.3)",0.2099289819598198,0.0032843351364135742,0.025494098663330078,1
full,"(3.0, 20.0, 0.7, -0.3)",0.19874560087919235,0.006720542907714844,0.01799297332763672,1
full,"(3.0, 20.0, 0.7, -0.3)",0.22164935618638992,0.010066986083984375,0.011713027954101562,1
full,"(3.0, 20.0, 0.7, -0.3)",0.20060879737138748,0.007821321487426758,0.041854143142700195,1
full,"(3.0, 20.0, 0.7, -0.3)",0.21377277374267578,0.0019286870956420898,0.0010399818420410156,1
full,"(3.0, 20.0, 0.7, -0.3)",0.2217239886522293,0.005868196487426758,0.028690814971923828,1
full,"(3.0, 20.0, 0.7, -0.3)",0.19611408561468124,0.016880393028259277,0.009700775146484375,1
full,"(3.0, 20.0, 0.7, -0.3)",0.19145577400922775,0.006588101387023926,0.004498958587646484,1
full,"(3.0, 20.0, 0.7, -0.3)",0.20398212224245071,0.007460832595825195,0.0013661384582519531,1
full,"(3.0, 20.0, 0.7, -0.3)",0.22243458777666092,0.023170948028564453,0.031368255615234375,1
full,"(3.0, 20.0, 0.7, -0.3)",0.2036781758069992,0.011632919311523438,0.029059886932373047,1
full,"(3.0, 20.0, 0.7, -0.3)",0.22460069507360458,0.006047725677490234,0.0024819374084472656,1
full,"(3.0, 20.0, 0.7, -0.3)",0.20310982316732407,0.02193582057952881,0.006168842315673828,1
full,"(1.5, 8.0, 0.3, 0.0)",0.27434583008289337,0.026121079921722412,0.011912345886230469,2
full,"(1.5, 8.0, 0.3, 0.0)",0.27463626861572266,0.024863123893737793,0.03897500038146973,2
full,"(1.5, 8.0, 0.3, 0.0)",0.28717584908008575,0.023514091968536377,0.026952028274536133,2
full,"(1.5, 8.0, 0.3, 0.0)",0.2849401384592056,0.03545200824737549,0.05231332778930664,2
full,"(1.5, 8.0, 0.3, 0.0)",0.2835904210805893,0.022106468677520752,0.052700042724609375,2
full,"(1.5, 8.0, 0.3, 0.0)",0.2586384117603302,0.03557324409484863,0.04689145088195801,2
full,"(1.5, 8.0, 0.3, 0.0)",0.2596113383769989,0.02031034231185913,0.03908276557922363,2
full,"(1.5, 8.0, 0.3, 0.0)",0.28063319623470306,0.02578979730606079,0.022829532623291016,2
full,"(1.5, 8.0, 0.3, 0.0)",0.2559623420238495,0.01633608341217041,0.015121936798095703,2
full,"(1.5, 8.0, 0.3, 0.0)",0.249975748360157,0.022414743900299072,0.02301478385925293,2
full,"(1.5, 8.0, 0.3, 0.0)",0.24828870594501495,0.019939184188842773,0.020510435104370117,2
full,"(1.5, 8.0, 0.3, 0.0)",0.2570261061191559,0.01904970407485962,0.017057061195373535,2
full,"(1.5, 8.0, 0.3, 0.0)",0.26069028675556183,0.022462785243988037,0.023033857345581055,2
full,"(1.5, 8.0, 0.3, 0.0)",0.2444441318511963,0.025509655475616455,0.02546250820159912,2
full,"(1.5, 8.0, 0.3, 0.0)",0.280330091714859,0.02999061346054077,0.08985280990600586,2
full,"(1.5, 8.0, 0.3, 0.3)",0.2736949771642685,0.04115021228790283,0.04580402374267578,2
full,"(1.5, 8.0, 0.3, 0.3)",0.2550600618124008,0.025558531284332275,0.012643814086914062,2
full,"(1.5, 8.0, 0.3, 0.3)",0.28967002034187317,0.03280377388000488,0.020046591758728027,2
full,"(1.5, 8.0, 0.3, 0.3)",0.2631312906742096,0.026016056537628174,0.04066038131713867,2
full,"(1.5, 8.0, 0.3, 0.3)",0.2500699758529663,0.021592557430267334,0.004327058792114258,2
full,"(1.5, 8.0, 0.3, 0.3)",0.2399737909436226,0.015935838222503662,0.005962014198303223,2
full,"(1.5, 8.0, 0.3, 0.3)",0.2532818466424942,0.017128467559814453,0.020752429962158203,2
full,"(1.5, 8.0, 0.3, 0.3)",0.28623828291893005,0.03980511426925659,0.04041862487792969,2
full,"(1.5, 8.0, 0.3, 0.3)",0.2638095021247864,0.030896663665771484,0.04228949546813965,2
full,"(1.5, 8.0, 0.3, 0.3)",0.2754185348749161,0.028204619884490967,0.004087567329406738,2
full,"(1.5, 8.0, 0.3, 0.3)",0.2766769826412201,0.006947517395019531,0.008937597274780273,2
full,"(1.5, 8.0, 0.3, 0.3)",0.26795627176761627,0.038376569747924805,0.028828859329223633,2
full,"(1.5, 8.0, 0.3, 0.3)",0.2482173889875412,0.03764808177947998,0.03101515769958496,2
full,"(1.5, 8.0, 0.3, 0.3)",0.24834387004375458,0.016257286071777344,0.011017203330993652,2
full,"(1.5, 8.0, 0.3, 0.3)",0.25254134833812714,0.01069551706314087,0.002514481544494629,2
full,"(1.5, 8.0, 0.3, 0.6)",0.2603161334991455,0.03154999017715454,0.0025196075439453125,2
full,"(1.5, 8.0, 0.3, 0.6)",0.2563507854938507,0.03356218338012695,0.009108424186706543,2
full,"(1.5, 8.0, 0.3, 0.6)",0.25361455976963043,0.019721567630767822,0.0064858198165893555,2
full,"(1.5, 8.0, 0.3, 0.6)",0.250417023897171,0.018817901611328125,0.020864486694335938,2
full,"(1.5, 8.0, 0.3, 0.6)",0.2571050524711609,0.027699291706085205,0.010924816131591797,2
full,"(1.5, 8.0, 0.3, 0.6)",0.24786488711833954,0.028291940689086914,0.0036259889602661133,2
full,"(1.5, 8.0, 0.3, 0.6)",0.2766444832086563,0.024040162563323975,0.02021324634552002,2
full,"(1.5, 8.0, 0.3, 0.6)",0.2767020910978317,0.016785025596618652,0.01540684700012207,2
full,"(1.5, 8.0, 0.3, 0.6)",0.25011810660362244,0.033738017082214355,0.0153580904006958,2
full,"(1.5, 8.0, 0.3, 0.6)",0.27507586777210236,0.0165102481842041,0.021590113639831543,2
full,"(1.5, 8.0, 0.3, 0.6)",0.2571157366037369,0.007188975811004639,0.060809969902038574,2
full,"(1.5, 8.0, 0.3, 0.6)",0.25086939334869385,0.009896159172058105,0.0032526254653930664,2
full,"(1.5, 8.0, 0.3, 0.6)",0.2823116183280945,0.022699058055877686,0.02467632293701172,2
full,"(1.5, 8.0, 0.3, 0.6)",0.2532479614019394,0.030957460403442383,0.0074836015701293945,2
full,"(1.5, 8.0, 0.3, 0.6)",0.27888084948062897,0.006886780261993408,0.010663628578186035,2
full,"(1.5, 8.0, 0.3, -0.3)",0.2630326896905899,0.026097595691680908,0.05572080612182617,2
full,"(1.5, 8.0, 0.3, -0.3)",0.26519396901130676,0.0252724289894104,0.0652015209197998,2
full,"(1.5, 8.0, 0.3, -0.3)",0.2893046885728836,0.018114328384399414,0.024277925491333008,2
full,"(1.5, 8.0, 0.3, -0.3)",0.25495389103889465,0.010680973529815674,0.022563695907592773,2
full,"(1.5, 8.0, 0.3, -0.3)",0.2534145265817642,0.023127377033233643,0.0498354434967041,2
full,"(1.5, 8.0, 0.3, -0.3)",0.2737082690000534,0.0369182825088501,0.06382584571838379,2
full,"(1.5, 8.0, 0.3, -0.3)",0.25369444489479065,0.027107656002044678,0.06391215324401855,2
full,"(1.5, 8.0, 0.3, -0.3)",0.2823554426431656,0.04352670907974243,0.08257007598876953,2
full,"(1.5, 8.0, 0.3, -0.3)",0.25369586795568466,0.02895677089691162,0.0741114616394043,2
full,"(1.5, 8.0, 0.3, -0.3)",0.2673875242471695,0.02441650629043579,0.0580291748046875,2
full,"(1.5, 8.0, 0.3, -0.3)",0.2878023236989975,0.015282034873962402,0.03963160514831543,2
full,"(1.5, 8.0, 0.3, -0.3)",0.2569098472595215,0.010051250457763672,0.03278756141662598,2
full,"(1.5, 8.0, 0.3, -0.3)",0.2849477082490921,0.023983001708984375,0.050096750259399414,2
full,"(1.5, 8.0, 0.3, -0.3)",0.26325203478336334,0.024461209774017334,0.04136228561401367,2
full,"(1.5, 8.0, 0.3, -0.3)",0.2806116044521332,0.02443563938140869,0.014456748962402344,2
full,"(1.5, 8.0, 0.7, 0.0)",0.19327455759048462,0.008027970790863037,0.011751651763916016,2
full,"(1.5, 8.0, 0.7, 0.0)",0.19054178148508072,0.006494760513305664,0.0010752677917480469,2
full,"(1.5, 8.0, 0.7, 0.0)",0.19796758890151978,0.026306092739105225,0.030727386474609375,2
full,"(1.5, 8.0, 0.7, 0.0)",0.20756793022155762,0.038175106048583984,0.058936476707458496,2
full,"(1.5, 8.0, 0.7, 0.0)",0.1917443498969078,0.011104285717010498,0.015660762786865234,2
full,"(1.5, 8.0, 0.7, 0.0)",0.19884676486253738,0.009506821632385254,0.009475469589233398,2
full,"(1.5, 8.0, 0.7, 0.0)",0.196784608066082,0.010742008686065674,0.007717609405517578,2
full,"(1.5, 8.0, 0.7, 0.0)",0.19686124473810196,0.009697377681732178,0.0027451515197753906,2
full,"(1.5, 8.0, 0.7, 0.0)",0.19437378644943237,0.01573038101196289,0.009752035140991211,2
full,"(1.5, 8.0, 0.7, 0.0)",0.2042212337255478,0.026625990867614746,0.05453836917877197,2
full,"(1.5, 8.0, 0.7, 0.0)",0.19046833366155624,0.021407485008239746,0.0025644302368164062,2
full,"(1.5, 8.0, 0.7, 0.0)",0.18934612721204758,0.01295393705368042,0.010235786437988281,2
full,"(1.5, 8.0, 0.7, 0.0)",0.20673207938671112,0.019040167331695557,0.025501728057861328,2
full,"(1.5, 8.0, 0.7, 0.0)",0.20038281381130219,0.012453436851501465,0.03142380714416504,2
full,"(1.5, 8.0, 0.7, 0.0)",0.21121054887771606,0.011747896671295166,0.010138988494873047,2
full,"(1.5, 8.0, 0.7, 0.3)",0.20219390839338303,0.02152925729751587,0.0003485679626464844,2
full,"(1.5, 8.0, 0.7, 0.3)",0.2025490328669548,0.013222873210906982,0.02104032039642334,2
full,"(1.5, 8.0, 0.7, 0.3)",0.2063501626253128,0.01848423480987549,0.014701128005981445,2
full,"(1.5, 8.0, 0.7, 0.3)",0.1966969519853592,0.021182537078857422,0.0037692785263061523,2
full,"(1.5, 8.0, 0.7, 0.3)",0.19438335299491882,0.014254748821258545,0.008731245994567871,2
full,"(1.5, 8.0, 0.7, 0.3)",0.21240083873271942,0.0028322935104370117,0.027350425720214844,2
full,"(1.5, 8.0, 0.7, 0.3)",0.20247437804937363,0.005683779716491699,0.004771709442138672,2
full,"(1.5, 8.0, 0.7, 0.3)",0.18810290098190308,0.021148681640625,0.014632940292358398,2
full,"(1.5, 8.0, 0.7, 0.3)",0.18707986921072006,0.00935065746307373,0.02023613452911377,2
full,"(1.5, 8.0, 0.7, 0.3)",0.2021288275718689,0.007644832134246826,0.009979724884033203,2
full,"(1.5, 8.0, 0.7, 0.3)",0.1925170123577118,0.011320292949676514,0.014835476875305176,2
full,"(1.5, 8.0, 0.7, 0.3)",0.19133030623197556,0.01638615131378174,0.024040579795837402,2
full,"(1.5, 8.0, 0.7, 0.3)",0.19880297780036926,0.010222792625427246,0.00324094295501709,2
full,"(1.5, 8.0, 0.7, 0.3)",0.2141868844628334,0.027821123600006104,0.01636064052581787,2
full,"(1.5, 8.0, 0.7, 0.3)",0.19227398186922073,0.011046826839447021,0.009669065475463867,2
full,"(1.5, 8.0, 0.7, 0.6)",0.1970360353589058,0.014909744262695312,0.03459584712982178,2
full,"(1.5, 8.0, 0.7, 0.6)",0.19599035382270813,0.009865045547485352,0.005194306373596191,2
full,"(1.5, 8.0, 0.7, 0.6)",0.18663297593593597,0.02805769443511963,0.0017012357711791992,2
full,"(1.5, 8.0, 0.7, 0.6)",0.20465299487113953,0.023768961429595947,0.040769100189208984,2
full,"(1.5, 8.0, 0.7, 0.6)",0.20632034540176392,0.023902177810668945,0.010043501853942871,2
full,"(1.5, 8.0, 0.7, 0.6)",0.20362354815006256,0.0013402700424194336,0.05681467056274414,2
full,"(1.5, 8.0, 0.7, 0.6)",0.21612054854631424,0.017246484756469727,0.015139222145080566,2
full,"(1.5, 8.0, 0.7, 0.6)",0.19998110085725784,0.018513917922973633,0.012363433837890625,2
full,"(1.5, 8.0, 0.7, 0.6)",0.1942814737558365,0.014440655708312988,0.011512994766235352,2
full,"(1.5, 8.0, 0.7, 0.6)",0.19316132366657257,0.026140153408050537,0.02035045623779297,2
full,"(1.5, 8.0, 0.7, 0.6)",0.21583423763513565,0.015943288803100586,0.007485151290893555,2
full,"(1.5, 8.0, 0.7, 0.6)",0.19890470057725906,0.02051675319671631,0.003411412239074707,2
full,"(1.5, 8.0, 0.7, 0.6)",0.1941320225596428,0.006078898906707764,0.006020188331604004,2
full,"(1.5, 8.0, 0.7, 0.6)",0.2157919555902481,0.021789252758026123,0.015900135040283203,2
full,"(1.5, 8.0, 0.7, 0.6)",0.19163185358047485,0.004776656627655029,0.008751749992370605,2
full,"(1.5, 8.0, 0.7, -0.3)",0.2005179598927498,0.016714513301849365,0.044307708740234375,2
full,"(1.5, 8.0, 0.7, -0.3)",0.20186949521303177,0.019763648509979248,0.024989843368530273,2
full,"(1.5, 8.0, 0.7, -0.3)",0.2067345753312111,0.013784408569335938,0.02891230583190918,2
full,"(1.5, 8.0, 0.7, -0.3)",0.20027278363704681,0.008112907409667969,0.040863990783691406,2
full,"(1.5, 8.0, 0.7, -0.3)",0.19850938022136688,0.0038403868675231934,0.014271974563598633,2
full,"(1.5, 8.0, 0.7, -0.3)",0.2009986713528633,0.014692544937133789,0.023520469665527344,2
full,"(1.5, 8.0, 0.7, -0.3)",0.1952838897705078,0.020871222019195557,0.04000997543334961,2
full,"(1.5, 8.0, 0.7, -0.3)",0.20449378341436386,0.023642539978027344,0.05829620361328125,2
full,"(1.5, 8.0, 0.7, -0.3)",0.20468667149543762,0.011488139629364014,0.03403925895690918,2
full,"(1.5, 8.0, 0.7, -0.3)",0.21291227638721466,0.006838202476501465,0.007962942123413086,2
full,"(1.5, 8.0, 0.7, -0.3)",0.202657088637352,0.01181650161743164,0.02468395233154297,2
full,"(1.5, 8.0, 0.7, -0.3)",0.20891324430704117,0.008004963397979736,0.01872551441192627,2
full,"(1.5, 8.0, 0.7, -0.3)",0.22001538425683975,0.013784229755401611,0.02419590950012207,2
full,"(1.5, 8.0, 0.7, -0.3)",0.1921355351805687,0.01506417989730835,0.03496599197387695,2
full,"(1.5, 8.0, 0.7, -0.3)",0.19587009400129318,0.01442033052444458,0.010988235473632812,2
full,"(1.5, 20.0, 0.3, 0.0)",0.25389254093170166,0.03262984752655029,0.05813193321228027,2
full,"(1.5, 20.0, 0.3, 0.0)",0.2386229708790779,0.027746915817260742,0.04790210723876953,2
full,"(1.5, 20.0, 0.3, 0.0)",0.2636296898126602,0.021923720836639404,0.030032634735107422,2
full,"(1.5, 20.0, 0.3, 0.0)",0.23858580738306046,0.018628597259521484,0.011135578155517578,2
full,"(1.5, 20.0, 0.3, 0.0)",0.2233579084277153,0.01845020055770874,0.035243988037109375,2
full,"(1.5, 20.0, 0.3, 0.0)",0.23245279490947723,0.0066986083984375,0.03419792652130127,2
full,"(1.5, 20.0, 0.3, 0.0)",0.2281024158000946,0.022398531436920166,0.04762434959411621,2
full,"(1.5, 20.0, 0.3, 0.0)",0.23739415407180786,0.029266774654388428,0.0549161434173584,2
full,"(1.5, 20.0, 0.3, 0.0)",0.23262834548950195,0.032881200313568115,0.05376577377319336,2
full,"(1.5, 20.0, 0.3, 0.0)",0.23365157842636108,0.017686128616333008,0.01050567626953125,2
full,"(1.5, 20.0, 0.3, 0.0)",0.24022381752729416,0.01867467164993286,0.019273042678833008,2
full,"(1.5, 20.0, 0.3, 0.0)",0.22988075762987137,0.0035064220428466797,0.007979393005371094,2
full,"(1.5, 20.0, 0.3, 0.0)",0.22149252891540527,0.020815014839172363,0.0315699577331543,2
full,"(1.5, 20.0, 0.3, 0.0)",0.2646162360906601,0.00908517837524414,0.04378342628479004,2
full,"(1.5, 20.0, 0.3, 0.0)",0.23202920705080032,0.03890693187713623,0.0515446662902832,2
full,"(1.5, 20.0, 0.3, 0.3)",0.22952884435653687,0.006277561187744141,0.0281144380569458,2
full,"(1.5, 20.0, 0.3, 0.3)",0.2286592349410057,0.022426128387451172,0.022556543350219727,2
full,"(1.5, 20.0, 0.3, 0.3)",0.24745797365903854,0.018697082996368408,0.004127860069274902,2
full,"(1.5, 20.0, 0.3, 0.3)",0.2263299971818924,0.03482025861740112,0.01486670970916748,2
full,"(1.5, 20.0, 0.3, 0.3)",0.24107345193624496,0.026719331741333008,0.010857582092285156,2
full,"(1.5, 20.0, 0.3, 0.3)",0.23397471010684967,0.03937172889709473,0.02589869499206543,2
full,"(1.5, 20.0, 0.3, 0.3)",0.23736216872930527,0.03986859321594238,0.06666529178619385,2
full,"(1.5, 20.0, 0.3, 0.3)",0.25817643851041794,0.016387522220611572,0.007385730743408203,2
full,"(1.5, 20.0, 0.3, 0.3)",0.23582081496715546,0.017562448978424072,0.021425485610961914,2
full,"(1.5, 20.0, 0.3, 0.3)",0.24429399520158768,0.014831840991973877,0.03491389751434326,2
full,"(1.5, 20.0, 0.3, 0.3)",0.23717373609542847,0.005358636379241943,0.017339110374450684,2
full,"(1.5, 20.0, 0.3, 0.3)",0.256015345454216,0.005836367607116699,0.0029828548431396484,2
full,"(1.5, 20.0, 0.3, 0.3)",0.23652131110429764,0.008388161659240723,0.01702880859375,2
full,"(1.5, 20.0, 0.3, 0.3)",0.22717822343111038,0.03858327865600586,0.00221860408782959,2
full,"(1.5, 20.0, 0.3, 0.3)",0.23433548212051392,0.041222333908081055,0.010349869728088379,2
full,"(1.5, 20.0, 0.3, 0.6)",0.23144470155239105,0.02462679147720337,0.009470343589782715,2
full,"(1.5, 20.0, 0.3, 0.6)",0.25903894007205963,0.026462256908416748,0.0062743425369262695,2
full,"(1.5, 20.0, 0.3, 0.6)",0.24714665114879608,0.021623551845550537,0.03160989284515381,2
full,"(1.5, 20.0, 0.3, 0.6)",0.25814954936504364,0.03323721885681152,0.02685260772705078,2
full,"(1.5, 20.0, 0.3, 0.6)",0.2617121487855911,0.045094192028045654,0.03359031677246094,2
full,"(1.5, 20.0, 0.3, 0.6)",0.23801307380199432,0.020602524280548096,0.023358702659606934,2
full,"(1.5, 20.0, 0.3, 0.6)",0.23911474645137787,0.011642038822174072,0.020262718200683594,2
full,"(1.5, 20.0, 0.3, 0.6)",0.22836671769618988,0.04301309585571289,0.006152987480163574,2
full,"(1.5, 20.0, 0.3, 0.6)",0.23029706627130508,0.03129780292510986,0.009604930877685547,2
full,"(1.5, 20.0, 0.3, 0.6)",0.2301628515124321,0.013566792011260986,0.03803110122680664,2
full,"(1.5, 20.0, 0.3, 0.6)",0.23586789518594742,0.0189855694770813,0.013183832168579102,2
full,"(1.5, 20.0, 0.3, 0.6)",0.23787186294794083,0.027595221996307373,0.007124781608581543,2
full,"(1.5, 20.0, 0.3, 0.6)",0.2432272806763649,0.020719468593597412,0.012773752212524414,2
full,"(1.5, 20.0, 0.3, 0.6)",0.23663755506277084,0.013210475444793701,0.01786327362060547,2
full,"(1.5, 20.0, 0.3, 0.6)",0.2650974690914154,0.019490599632263184,0.037281036376953125,2
full,"(1.5, 20.0, 0.3, -0.3)",0.2284800037741661,0.024879932403564453,0.040611982345581055,2
full,"(1.5, 20.0, 0.3, -0.3)",0.2521763890981674,0.025761127471923828,0.03098464012145996,2
full,"(1.5, 20.0, 0.3, -0.3)",0.22707654535770416,0.024399220943450928,0.0317537784576416,2
full,"(1.5, 20.0, 0.3, -0.3)",0.23199840635061264,0.032347679138183594,0.07513046264648438,2
full,"(1.5, 20.0, 0.3, -0.3)",0.2514144480228424,0.028851330280303955,0.01627063751220703,2
full,"(1.5, 20.0, 0.3, -0.3)",0.23413614183664322,0.02040553092956543,0.059827566146850586,2
full,"(1.5, 20.0, 0.3, -0.3)",0.22860374301671982,0.023151397705078125,0.05402231216430664,2
full,"(1.5, 20.0, 0.3, -0.3)",0.25953567028045654,0.016919732093811035,0.025841951370239258,2
full,"(1.5, 20.0, 0.3, -0.3)",0.2586565911769867,0.010589301586151123,0.0177154541015625,2
full,"(1.5, 20.0, 0.3, -0.3)",0.22901607304811478,0.01707559823989868,0.028470277786254883,2
full,"(1.5, 20.0, 0.3, -0.3)",0.23215393722057343,0.00652080774307251,0.002454519271850586,2
full,"(1.5, 20.0, 0.3, -0.3)",0.25666846334934235,0.006458163261413574,0.03481936454772949,2
full,"(1.5, 20.0, 0.3, -0.3)",0.22648531198501587,0.02026820182800293,0.04868125915527344,2
full,"(1.5, 20.0, 0.3, -0.3)",0.24036260694265366,0.0043833255767822266,0.012954235076904297,2
full,"(1.5, 20.0, 0.3, -0.3)",0.25284167379140854,0.014959931373596191,0.008061885833740234,2
full,"(1.5, 20.0, 0.7, 0.0)",0.18362795561552048,0.014921724796295166,0.017580270767211914,2
full,"(1.5, 20.0, 0.7, 0.0)",0.17650216072797775,0.014062583446502686,0.016957998275756836,2
full,"(1.5, 20.0, 0.7, 0.0)",0.17131433635950089,0.009566068649291992,0.0020971298217773438,2
full,"(1.5, 20.0, 0.7, 0.0)",0.1721850410103798,0.0015627741813659668,0.027051329612731934,2
full,"(1.5, 20.0, 0.7, 0.0)",0.17760802805423737,0.013626694679260254,0.026686668395996094,2
full,"(1.5, 20.0, 0.7, 0.0)",0.18284012377262115,0.018497884273529053,0.029145002365112305,2
full,"(1.5, 20.0, 0.7, 0.0)",0.1684211790561676,0.017783284187316895,0.01657700538635254,2
full,"(1.5, 20.0, 0.7, 0.0)",0.1694374680519104,0.01883023977279663,0.03655409812927246,2
full,"(1.5, 20.0, 0.7, 0.0)",0.18913938850164413,0.004048585891723633,0.0077669620513916016,2
full,"(1.5, 20.0, 0.7, 0.0)",0.19112323224544525,0.003514111042022705,0.014333963394165039,2
full,"(1.5, 20.0, 0.7, 0.0)",0.1751011312007904,0.01118326187133789,0.018880605697631836,2
full,"(1.5, 20.0, 0.7, 0.0)",0.17337998002767563,0.009796857833862305,0.04140651226043701,2
full,"(1.5, 20.0, 0.7, 0.0)",0.17918435484170914,0.009303927421569824,0.005885601043701172,2
full,"(1.5, 20.0, 0.7, 0.0)",0.16687395423650742,0.012857198715209961,0.006023526191711426,2
full,"(1.5, 20.0, 0.7, 0.0)",0.17747699469327927,0.005091309547424316,0.012423992156982422,2
full,"(1.5, 20.0, 0.7, 0.3)",0.18123819679021835,0.01781022548675537,0.015805363655090332,2
full,"(1.5, 20.0, 0.7, 0.3)",0.181496761739254,0.010072648525238037,0.0029358863830566406,2
full,"(1.5, 20.0, 0.7, 0.3)",0.17597559839487076,0.016226887702941895,0.012568235397338867,2
full,"(1.5, 20.0, 0.7, 0.3)",0.17420784384012222,0.00736767053604126,0.05587470531463623,2
full,"(1.5, 20.0, 0.7, 0.3)",0.19081170111894608,0.008751213550567627,0.0028281211853027344,2
full,"(1.5, 20.0, 0.7, 0.3)",0.17741558700799942,0.0018420815467834473,0.008592724800109863,2
full,"(1.5, 20.0, 0.7, 0.3)",0.19463204592466354,0.008701324462890625,0.02639484405517578,2
full,"(1.5, 20.0, 0.7, 0.3)",0.17273418605327606,0.008796393871307373,0.0028345584869384766,2
full,"(1.5, 20.0, 0.7, 0.3)",0.18030869960784912,0.014881610870361328,0.04038548469543457,2
full,"(1.5, 20.0, 0.7, 0.3)",0.19481077790260315,0.010308265686035156,0.0129319429397583,2
full,"(1.5, 20.0, 0.7, 0.3)",0.1953388825058937,0.018261075019836426,0.01576673984527588,2
full,"(1.5, 20.0, 0.7, 0.3)",0.17728928476572037,0.016180455684661865,0.01855146884918213,2
full,"(1.5, 20.0, 0.7, 0.3)",0.19316934794187546,0.01364046335220337,0.04999959468841553,2
full,"(1.5, 20.0, 0.7, 0.3)",0.1764802411198616,0.0024824142456054688,0.0019872188568115234,2
full,"(1.5, 20.0, 0.7, 0.3)",0.16804882138967514,0.016163229942321777,0.0272061824798584,2
full,"(1.5, 20.0, 0.7, 0.6)",0.16739245504140854,0.00398021936416626,0.009133219718933105,2
full,"(1.5, 20.0, 0.7, 0.6)",0.18178082257509232,0.014214158058166504,0.006062746047973633,2
full,"(1.5, 20.0, 0.7, 0.6)",0.1787985935807228,0.008031368255615234,0.043738484382629395,2
full,"(1.5, 20.0, 0.7, 0.6)",0.17847778648138046,0.009586751461029053,0.06406223773956299,2
full,"(1.5, 20.0, 0.7, 0.6)",0.18419771641492844,0.006514072418212891,0.028502941131591797,2
full,"(1.5, 20.0, 0.7, 0.6)",0.17242996394634247,0.009526610374450684,0.023207783699035645,2
full,"(1.5, 20.0, 0.7, 0.6)",0.19337238371372223,0.0017984509468078613,0.029877543449401855,2
full,"(1.5, 20.0, 0.7, 0.6)",0.17254506796598434,0.008535683155059814,0.02204763889312744,2
full,"(1.5, 20.0, 0.7, 0.6)",0.19753150641918182,0.006323814392089844,0.011364340782165527,2
full,"(1.5, 20.0, 0.7, 0.6)",0.19061188399791718,0.011888742446899414,0.02244281768798828,2
full,"(1.5, 20.0, 0.7, 0.6)",0.17054226994514465,0.005859017372131348,0.005172014236450195,2
full,"(1.5, 20.0, 0.7, 0.6)",0.19117458164691925,0.00942385196685791,0.03165757656097412,2
full,"(1.5, 20.0, 0.7, 0.6)",0.1879701465368271,0.014134466648101807,0.030435562133789062,2
full,"(1.5, 20.0, 0.7, 0.6)",0.1775224506855011,0.012295067310333252,0.0006765127182006836,2
full,"(1.5, 20.0, 0.7, 0.6)",0.18316886574029922,0.015951097011566162,0.018590569496154785,2
full,"(1.5, 20.0, 0.7, -0.3)",0.17755625396966934,0.01685643196105957,0.021132707595825195,2
full,"(1.5, 20.0, 0.7, -0.3)",0.16911518573760986,0.02110069990158081,0.05626964569091797,2
full,"(1.5, 20.0, 0.7, -0.3)",0.18953955173492432,0.008019983768463135,0.013386011123657227,2
full,"(1.5, 20.0, 0.7, -0.3)",0.18166624754667282,0.005360543727874756,0.007508993148803711,2
full,"(1.5, 20.0, 0.7, -0.3)",0.18107348680496216,0.017958223819732666,0.014234542846679688,2
full,"(1.5, 20.0, 0.7, -0.3)",0.1787029132246971,0.009597301483154297,0.03541672229766846,2
full,"(1.5, 20.0, 0.7, -0.3)",0.18395788222551346,0.012689352035522461,0.016633033752441406,2
full,"(1.5, 20.0, 0.7, -0.3)",0.17944978177547455,0.0274619460105896,0.022714853286743164,2
full,"(1.5, 20.0, 0.7, -0.3)",0.1734238713979721,0.005758047103881836,0.012655019760131836,2
full,"(1.5, 20.0, 0.7, -0.3)",0.18797262012958527,0.006722152233123779,0.014161109924316406,2
full,"(1.5, 20.0, 0.7, -0.3)",0.1906820759177208,0.010347902774810791,0.007353067398071289,2
full,"(1.5, 20.0, 0.7, -0.3)",0.1699441820383072,0.007589101791381836,0.006949901580810547,2
full,"(1.5, 20.0, 0.7, -0.3)",0.1730690822005272,0.00838857889175415,0.0003192424774169922,2
full,"(1.5, 20.0, 0.7, -0.3)",0.19637738913297653,0.011105656623840332,0.00998687744140625,2
full,"(1.5, 20.0, 0.7, -0.3)",0.17657440155744553,0.018390893936157227,0.027447938919067383,2
full,"(3.0, 8.0, 0.3, 0.0)",0.3445834070444107,0.017491579055786133,0.0136871337890625,2
full,"(3.0, 8.0, 0.3, 0.0)",0.3449552208185196,0.01088714599609375,0.02399921417236328,2
full,"(3.0, 8.0, 0.3, 0.0)",0.30888356268405914,0.01575314998626709,0.006733894348144531,2
full,"(3.0, 8.0, 0.3, 0.0)",0.33006399869918823,0.016576409339904785,0.016764163970947266,2
full,"(3.0, 8.0, 0.3, 0.0)",0.3207802474498749,0.015066981315612793,0.008359432220458984,2
full,"(3.0, 8.0, 0.3, 0.0)",0.3002854883670807,0.0069702863693237305,0.012708663940429688,2
full,"(3.0, 8.0, 0.3, 0.0)",0.31159770488739014,0.006846427917480469,0.01853632926940918,2
full,"(3.0, 8.0, 0.3, 0.0)",0.350223645567894,0.014880776405334473,0.014038324356079102,2
full,"(3.0, 8.0, 0.3, 0.0)",0.31991875171661377,0.016748785972595215,0.03979825973510742,2
full,"(3.0, 8.0, 0.3, 0.0)",0.3066819757223129,0.012734413146972656,0.020213603973388672,2
full,"(3.0, 8.0, 0.3, 0.0)",0.30678562819957733,0.011163592338562012,0.014805793762207031,2
full,"(3.0, 8.0, 0.3, 0.0)",0.2963068336248398,0.005193233489990234,0.011327266693115234,2
full,"(3.0, 8.0, 0.3, 0.0)",0.3163599967956543,0.0025985240936279297,0.005840301513671875,2
full,"(3.0, 8.0, 0.3, 0.0)",0.3238276392221451,0.02241992950439453,0.0056362152099609375,2
full,"(3.0, 8.0, 0.3, 0.0)",0.3160008192062378,0.015423059463500977,0.038654327392578125,2
full,"(3.0, 8.0, 0.3, 0.3)",0.3182632327079773,0.01619744300842285,0.027467727661132812,2
full,"(3.0, 8.0, 0.3, 0.3)",0.3065129220485687,0.03232264518737793,0.016455411911010742,2
full,"(3.0, 8.0, 0.3, 0.3)",0.3082875907421112,0.029858112335205078,0.04518556594848633,2
full,"(3.0, 8.0, 0.3, 0.3)",0.32341836392879486,0.010229825973510742,0.00462794303894043,2
full,"(3.0, 8.0, 0.3, 0.3)",0.3559393286705017,0.01399374008178711,0.017817258834838867,2
full,"(3.0, 8.0, 0.3, 0.3)",0.33613574504852295,0.0028765201568603516,0.027338743209838867,2
full,"(3.0, 8.0, 0.3, 0.3)",0.30055075883865356,0.018499374389648438,0.002683401107788086,2
full,"(3.0, 8.0, 0.3, 0.3)",0.29774169623851776,0.014700174331665039,0.01606583595275879,2
full,"(3.0, 8.0, 0.3, 0.3)",0.3160955309867859,0.0132904052734375,0.01948237419128418,2
full,"(3.0, 8.0, 0.3, 0.3)",0.34038081765174866,0.02227962017059326,0.028280258178710938,2
full,"(3.0, 8.0, 0.3, 0.3)",0.2956573963165283,0.015259742736816406,0.015525102615356445,2
full,"(3.0, 8.0, 0.3, 0.3)",0.3463151454925537,0.0024014711380004883,0.02145981788635254,2
full,"(3.0, 8.0, 0.3, 0.3)",0.3295854330062866,0.01004171371459961,0.031059980392456055,2
full,"(3.0, 8.0, 0.3, 0.3)",0.2999352961778641,0.002908468246459961,0.018006086349487305,2
full,"(3.0, 8.0, 0.3, 0.3)",0.30964797735214233,0.01797473430633545,0.029565811157226562,2
full,"(3.0, 8.0, 0.3, 0.6)",0.3276345729827881,0.020601987838745117,0.04555225372314453,2
full,"(3.0, 8.0, 0.3, 0.6)",0.3086043894290924,0.004680752754211426,0.0047566890716552734,2
full,"(3.0, 8.0, 0.3, 0.6)",0.34411564469337463,0.03561413288116455,0.038594722747802734,2
full,"(3.0, 8.0, 0.3, 0.6)",0.2951345294713974,0.012454390525817871,0.009174585342407227,2
full,"(3.0, 8.0, 0.3, 0.6)",0.30921849608421326,0.030348777770996094,0.02283763885498047,2
full,"(3.0, 8.0, 0.3, 0.6)",0.3434517979621887,0.01582050323486328,0.009005069732666016,2
full,"(3.0, 8.0, 0.3, 0.6)",0.32223306596279144,0.035947561264038086,0.010030508041381836,2
full,"(3.0, 8.0, 0.3, 0.6)",0.3374324142932892,0.020804166793823242,0.022112607955932617,2
full,"(3.0, 8.0, 0.3, 0.6)",0.3000158816576004,0.015460729598999023,0.008162498474121094,2
full,"(3.0, 8.0, 0.3, 0.6)",0.3132445514202118,0.013378620147705078,0.034722328186035156,2
full,"(3.0, 8.0, 0.3, 0.6)",0.30759911239147186,0.012695550918579102,0.02212667465209961,2
full,"(3.0, 8.0, 0.3, 0.6)",0.31237033009529114,0.01687324047088623,0.004655361175537109,2
full,"(3.0, 8.0, 0.3, 0.6)",0.3121155947446823,0.004166603088378906,0.05946183204650879,2
full,"(3.0, 8.0, 0.3, 0.6)",0.31191587448120117,0.006265044212341309,0.06434059143066406,2
full,"(3.0, 8.0, 0.3, 0.6)",0.34343263506889343,0.010048866271972656,0.011362314224243164,2
full,"(3.0, 8.0, 0.3, -0.3)",0.3253551721572876,0.017962217330932617,0.046036720275878906,2
full,"(3.0, 8.0, 0.3, -0.3)",0.3366893082857132,0.01099693775177002,0.018401622772216797,2
full,"(3.0, 8.0, 0.3, -0.3)",0.33191218972206116,0.014406919479370117,0.010784149169921875,2
full,"(3.0, 8.0, 0.3, -0.3)",0.33953985571861267,0.017539024353027344,0.03702735900878906,2
full,"(3.0, 8.0, 0.3, -0.3)",0.3299383223056793,0.018873214721679688,0.0632619857788086,2
full,"(3.0, 8.0, 0.3, -0.3)",0.31698116660118103,0.010851383209228516,0.02379465103149414,2
full,"(3.0, 8.0, 0.3, -0.3)",0.33025456964969635,0.0264509916305542,0.036858558654785156,2
full,"(3.0, 8.0, 0.3, -0.3)",0.30900949239730835,0.02910017967224121,0.03364086151123047,2
full,"(3.0, 8.0, 0.3, -0.3)",0.3142974078655243,0.010186553001403809,0.035737037658691406,2
full,"(3.0, 8.0, 0.3, -0.3)",0.34320107102394104,0.03304874897003174,0.05175018310546875,2
full,"(3.0, 8.0, 0.3, -0.3)",0.3069680482149124,0.027490615844726562,0.059688568115234375,2
full,"(3.0, 8.0, 0.3, -0.3)",0.35513345897197723,0.03344249725341797,0.09045791625976562,2
full,"(3.0, 8.0, 0.3, -0.3)",0.307089239358902,0.017709970474243164,0.0377650260925293,2
full,"(3.0, 8.0, 0.3, -0.3)",0.354726105928421,0.0077991485595703125,0.013099193572998047,2
full,"(3.0, 8.0, 0.3, -0.3)",0.30780208110809326,0.016945958137512207,0.01152181625366211,2
full,"(3.0, 8.0, 0.7, 0.0)",0.2458135113120079,0.013692855834960938,0.012756824493408203,2
full,"(3.0, 8.0, 0.7, 0.0)",0.24797391146421432,0.009779810905456543,0.0038089752197265625,2
full,"(3.0, 8.0, 0.7, 0.0)",0.27040648460388184,0.006056785583496094,0.018231630325317383,2
full,"(3.0, 8.0, 0.7, 0.0)",0.2540813833475113,0.01695716381072998,0.053687095642089844,2
full,"(3.0, 8.0, 0.7, 0.0)",0.24220429360866547,0.018622994422912598,0.02725076675415039,2
full,"(3.0, 8.0, 0.7, 0.0)",0.23794587701559067,0.00625157356262207,0.0010027885437011719,2
full,"(3.0, 8.0, 0.7, 0.0)",0.2458299845457077,0.01522219181060791,0.03565645217895508,2
full,"(3.0, 8.0, 0.7, 0.0)",0.24198578298091888,0.0030112266540527344,0.026334285736083984,2
full,"(3.0, 8.0, 0.7, 0.0)",0.2455565109848976,0.01579725742340088,0.009604454040527344,2
full,"(3.0, 8.0, 0.7, 0.0)",0.26621001958847046,0.01605391502380371,0.005279064178466797,2
full,"(3.0, 8.0, 0.7, 0.0)",0.2624923884868622,0.0065419673919677734,0.009696483612060547,2
full,"(3.0, 8.0, 0.7, 0.0)",0.24318823218345642,0.009332656860351562,0.012102842330932617,2
full,"(3.0, 8.0, 0.7, 0.0)",0.25565972924232483,0.02452850341796875,0.02658557891845703,2
full,"(3.0, 8.0, 0.7, 0.0)",0.24661652743816376,0.008214235305786133,0.015111923217773438,2
full,"(3.0, 8.0, 0.7, 0.0)",0.2474803701043129,0.01707756519317627,0.0358428955078125,2
full,"(3.0, 8.0, 0.7, 0.3)",0.2430272325873375,0.018718361854553223,0.016117095947265625,2
full,"(3.0, 8.0, 0.7, 0.3)",0.2667786180973053,0.015155434608459473,0.015086889266967773,2
full,"(3.0, 8.0, 0.7, 0.3)",0.24137955158948898,0.014449238777160645,0.04021310806274414,2
full,"(3.0, 8.0, 0.7, 0.3)",0.24355968832969666,0.010961294174194336,0.004555225372314453,2
full,"(3.0, 8.0, 0.7, 0.3)",0.26752811670303345,0.01409912109375,0.009883642196655273,2
full,"(3.0, 8.0, 0.7, 0.3)",0.24605004489421844,0.008037924766540527,0.010710000991821289,2
full,"(3.0, 8.0, 0.7, 0.3)",0.2624480873346329,0.010827064514160156,0.027081727981567383,2
full,"(3.0, 8.0, 0.7, 0.3)",0.24473681300878525,0.00863802433013916,0.009444713592529297,2
full,"(3.0, 8.0, 0.7, 0.3)",0.27340932190418243,0.012483954429626465,0.004814624786376953,2
full,"(3.0, 8.0, 0.7, 0.3)",0.2355508729815483,0.005413532257080078,0.030792951583862305,2
full,"(3.0, 8.0, 0.7, 0.3)",0.23436345160007477,0.01927483081817627,0.011817216873168945,2
full,"(3.0, 8.0, 0.7, 0.3)",0.24721576273441315,0.022763371467590332,0.029381275177001953,2
full,"(3.0, 8.0, 0.7, 0.3)",0.2641920745372772,0.013006210327148438,0.0028891563415527344,2
full,"(3.0, 8.0, 0.7, 0.3)",0.250634104013443,0.009981989860534668,0.013710498809814453,2
full,"(3.0, 8.0, 0.7, 0.3)",0.24915559589862823,0.013874530792236328,0.011732816696166992,2
full,"(3.0, 8.0, 0.7, 0.6)",0.25027210265398026,0.003604292869567871,0.005967378616333008,2
full,"(3.0, 8.0, 0.7, 0.6)",0.23994342982769012,0.011566162109375,0.0074117183685302734,2
full,"(3.0, 8.0, 0.7, 0.6)",0.2515876144170761,0.0036519765853881836,0.007991790771484375,2
full,"(3.0, 8.0, 0.7, 0.6)",0.23970287293195724,0.005488038063049316,0.021353721618652344,2
full,"(3.0, 8.0, 0.7, 0.6)",0.24760974943637848,0.014053821563720703,0.015624761581420898,2
full,"(3.0, 8.0, 0.7, 0.6)",0.2510157376527786,0.0058220624923706055,0.014980554580688477,2
full,"(3.0, 8.0, 0.7, 0.6)",0.2451464980840683,0.014039278030395508,0.013303279876708984,2
full,"(3.0, 8.0, 0.7, 0.6)",0.2701021432876587,0.010517120361328125,0.03827476501464844,2
full,"(3.0, 8.0, 0.7, 0.6)",0.2675526440143585,0.010120153427124023,0.024286508560180664,2
full,"(3.0, 8.0, 0.7, 0.6)",0.24499720335006714,0.008779644966125488,0.017304658889770508,2
full,"(3.0, 8.0, 0.7, 0.6)",0.266365110874176,0.016312479972839355,0.009700298309326172,2
full,"(3.0, 8.0, 0.7, 0.6)",0.24872295558452606,0.017370104789733887,0.03908944129943848,2
full,"(3.0, 8.0, 0.7, 0.6)",0.27032802999019623,0.00847160816192627,0.019097089767456055,2
full,"(3.0, 8.0, 0.7, 0.6)",0.2557341754436493,0.005217790603637695,0.01699066162109375,2
full,"(3.0, 8.0, 0.7, 0.6)",0.24014011025428772,0.009511351585388184,0.013477325439453125,2
full,"(3.0, 8.0, 0.7, -0.3)",0.25865617394447327,0.0064029693603515625,0.00878143310546875,2
full,"(3.0, 8.0, 0.7, -0.3)",0.23135746270418167,0.0040465593338012695,0.013519763946533203,2
full,"(3.0, 8.0, 0.7, -0.3)",0.2488814815878868,0.02366030216217041,0.009002208709716797,2
full,"(3.0, 8.0, 0.7, -0.3)",0.26539769768714905,0.008750557899475098,0.003887176513671875,2
full,"(3.0, 8.0, 0.7, -0.3)",0.27094317972660065,0.011300086975097656,0.013611316680908203,2
full,"(3.0, 8.0, 0.7, -0.3)",0.23705432564020157,0.013463258743286133,0.00988006591796875,2
full,"(3.0, 8.0, 0.7, -0.3)",0.2530125379562378,0.019784212112426758,0.045458316802978516,2
full,"(3.0, 8.0, 0.7, -0.3)",0.23589074611663818,0.0034269094467163086,0.03287315368652344,2
full,"(3.0, 8.0, 0.7, -0.3)",0.2515941262245178,0.018949389457702637,0.032842159271240234,2
full,"(3.0, 8.0, 0.7, -0.3)",0.24115373194217682,0.0028978586196899414,0.0034241676330566406,2
full,"(3.0, 8.0, 0.7, -0.3)",0.26621291041374207,0.01675593852996826,0.03150177001953125,2
full,"(3.0, 8.0, 0.7, -0.3)",0.2496783211827278,0.013735651969909668,0.029568195343017578,2
full,"(3.0, 8.0, 0.7, -0.3)",0.2392321079969406,0.0050275325775146484,0.012705326080322266,2
full,"(3.0, 8.0, 0.7, -0.3)",0.2450215145945549,0.018284916877746582,0.038208961486816406,2
full,"(3.0, 8.0, 0.7, -0.3)",0.26213550567626953,0.002872943878173828,0.009302616119384766,2
full,"(3.0, 20.0, 0.3, 0.0)",0.2782130539417267,0.010916829109191895,0.010514497756958008,2
full,"(3.0, 20.0, 0.3, 0.0)",0.31890353560447693,0.017394542694091797,0.007235050201416016,2
full,"(3.0, 20.0, 0.3, 0.0)",0.286978617310524,0.013400435447692871,0.020331382751464844,2
full,"(3.0, 20.0, 0.3, 0.0)",0.3224298357963562,0.018700838088989258,0.04019331932067871,2
full,"(3.0, 20.0, 0.3, 0.0)",0.30469025671482086,0.00927877426147461,0.006694793701171875,2
full,"(3.0, 20.0, 0.3, 0.0)",0.2927993834018707,0.016674518585205078,0.028494834899902344,2
full,"(3.0, 20.0, 0.3, 0.0)",0.2808557003736496,0.010664820671081543,0.045464515686035156,2
full,"(3.0, 20.0, 0.3, 0.0)",0.328485831618309,0.004784226417541504,0.0029120445251464844,2
full,"(3.0, 20.0, 0.3, 0.0)",0.3265973925590515,0.004795670509338379,0.016372203826904297,2
full,"(3.0, 20.0, 0.3, 0.0)",0.2925788313150406,0.014127969741821289,0.024867534637451172,2
full,"(3.0, 20.0, 0.3, 0.0)",0.2784307152032852,0.005591869354248047,0.003634214401245117,2
full,"(3.0, 20.0, 0.3, 0.0)",0.2915011942386627,0.032320261001586914,0.05962181091308594,2
full,"(3.0, 20.0, 0.3, 0.0)",0.3219752907752991,0.004974961280822754,0.008726119995117188,2
full,"(3.0, 20.0, 0.3, 0.0)",0.3244129717350006,0.025327086448669434,0.04953432083129883,2
full,"(3.0, 20.0, 0.3, 0.0)",0.31127963960170746,0.004194736480712891,0.002436399459838867,2
full,"(3.0, 20.0, 0.3, 0.3)",0.30745838582515717,0.01630878448486328,0.013082504272460938,2
full,"(3.0, 20.0, 0.3, 0.3)",0.29889000952243805,0.01599586009979248,0.0008108615875244141,2
full,"(3.0, 20.0, 0.3, 0.3)",0.29396092891693115,0.008502602577209473,0.003475666046142578,2
full,"(3.0, 20.0, 0.3, 0.3)",0.28847484290599823,0.01901721954345703,0.01571488380432129,2
full,"(3.0, 20.0, 0.3, 0.3)",0.2936389595270157,0.01386559009552002,0.016358613967895508,2
full,"(3.0, 20.0, 0.3, 0.3)",0.3037395775318146,0.029124736785888672,0.035891056060791016,2
full,"(3.0, 20.0, 0.3, 0.3)",0.3040158748626709,0.017519474029541016,0.034258365631103516,2
full,"(3.0, 20.0, 0.3, 0.3)",0.3010391443967819,0.009295821189880371,0.006994724273681641,2
full,"(3.0, 20.0, 0.3, 0.3)",0.2833525836467743,0.014940500259399414,0.0065271854400634766,2
full,"(3.0, 20.0, 0.3, 0.3)",0.31745071709156036,0.01311194896697998,0.012312650680541992,2
full,"(3.0, 20.0, 0.3, 0.3)",0.27880288660526276,0.0072934627532958984,0.007597684860229492,2
full,"(3.0, 20.0, 0.3, 0.3)",0.3013820946216583,0.005048394203186035,0.007138252258300781,2
full,"(3.0, 20.0, 0.3, 0.3)",0.2779933661222458,0.018695354461669922,0.0043795108795166016,2
full,"(3.0, 20.0, 0.3, 0.3)",0.2900281399488449,0.0185239315032959,0.0075228214263916016,2
full,"(3.0, 20.0, 0.3, 0.3)",0.31501294672489166,0.024932146072387695,0.022342205047607422,2
full,"(3.0, 20.0, 0.3, 0.6)",0.2888094186782837,0.011470437049865723,0.02588820457458496,2
full,"(3.0, 20.0, 0.3, 0.6)",0.29978494346141815,0.018575191497802734,0.010598182678222656,2
full,"(3.0, 20.0, 0.3, 0.6)",0.32023563981056213,0.02069997787475586,0.013414859771728516,2
full,"(3.0, 20.0, 0.3, 0.6)",0.33655786514282227,0.017497777938842773,0.015548944473266602,2
full,"(3.0, 20.0, 0.3, 0.6)",0.28962796926498413,0.015328168869018555,0.006281614303588867,2
full,"(3.0, 20.0, 0.3, 0.6)",0.3196144104003906,0.0018638372421264648,0.022859573364257812,2
full,"(3.0, 20.0, 0.3, 0.6)",0.2723083794116974,0.009578585624694824,0.025390625,2
full,"(3.0, 20.0, 0.3, 0.6)",0.2674848735332489,0.00496518611907959,0.010908365249633789,2
full,"(3.0, 20.0, 0.3, 0.6)",0.2928159385919571,0.008687973022460938,0.004393815994262695,2
full,"(3.0, 20.0, 0.3, 0.6)",0.27084916830062866,0.01244044303894043,0.017714500427246094,2
full,"(3.0, 20.0, 0.3, 0.6)",0.3055870831012726,0.007263541221618652,0.013740062713623047,2
full,"(3.0, 20.0, 0.3, 0.6)",0.2783123552799225,0.013452649116516113,0.04073214530944824,2
full,"(3.0, 20.0, 0.3, 0.6)",0.2966517060995102,0.014535069465637207,0.021138429641723633,2
full,"(3.0, 20.0, 0.3, 0.6)",0.27537646889686584,0.012895703315734863,0.017743825912475586,2
full,"(3.0, 20.0, 0.3, 0.6)",0.3029175400733948,0.012497186660766602,0.01808452606201172,2
full,"(3.0, 20.0, 0.3, -0.3)",0.2817394882440567,0.013215184211730957,0.028972148895263672,2
full,"(3.0, 20.0, 0.3, -0.3)",0.29633817076683044,0.0028913021087646484,0.011768817901611328,2
full,"(3.0, 20.0, 0.3, -0.3)",0.28196679055690765,0.015191078186035156,0.019425392150878906,2
full,"(3.0, 20.0, 0.3, -0.3)",0.29048168659210205,0.015391349792480469,0.03680610656738281,2
full,"(3.0, 20.0, 0.3, -0.3)",0.2764696925878525,0.007808327674865723,0.021297931671142578,2
full,"(3.0, 20.0, 0.3, -0.3)",0.31657829880714417,0.005695343017578125,0.005548000335693359,2
full,"(3.0, 20.0, 0.3, -0.3)",0.2803972363471985,0.01914238929748535,0.008536815643310547,2
full,"(3.0, 20.0, 0.3, -0.3)",0.288345530629158,0.002707958221435547,0.011404991149902344,2
full,"(3.0, 20.0, 0.3, -0.3)",0.2906908392906189,0.020253539085388184,0.033734798431396484,2
full,"(3.0, 20.0, 0.3, -0.3)",0.3051227033138275,0.02721428871154785,0.0011682510375976562,2
full,"(3.0, 20.0, 0.3, -0.3)",0.29135358333587646,0.01783609390258789,0.008461475372314453,2
full,"(3.0, 20.0, 0.3, -0.3)",0.28173723816871643,0.01777017116546631,0.042148590087890625,2
full,"(3.0, 20.0, 0.3, -0.3)",0.3049723505973816,0.01784539222717285,0.035305023193359375,2
full,"(3.0, 20.0, 0.3, -0.3)",0.2766128033399582,0.016085386276245117,0.028881549835205078,2
full,"(3.0, 20.0, 0.3, -0.3)",0.2865428328514099,0.01222217082977295,0.004082679748535156,2
full,"(3.0, 20.0, 0.7, 0.0)",0.1974094733595848,0.005670309066772461,0.0027458667755126953,2
full,"(3.0, 20.0, 0.7, 0.0)",0.20498831570148468,0.011578559875488281,0.034090518951416016,2
full,"(3.0, 20.0, 0.7, 0.0)",0.19945768266916275,0.0056078433990478516,0.008575916290283203,2
full,"(3.0, 20.0, 0.7, 0.0)",0.19876135140657425,0.007019162178039551,0.019850730895996094,2
full,"(3.0, 20.0, 0.7, 0.0)",0.1954689770936966,0.015703558921813965,0.0409693717956543,2
full,"(3.0, 20.0, 0.7, 0.0)",0.1935996413230896,0.004052519798278809,0.0028791427612304688,2
full,"(3.0, 20.0, 0.7, 0.0)",0.20002363622188568,0.021223783493041992,0.022583484649658203,2
full,"(3.0, 20.0, 0.7, 0.0)",0.20616503804922104,0.02433466911315918,0.039345741271972656,2
full,"(3.0, 20.0, 0.7, 0.0)",0.20768384635448456,0.013146162033081055,0.05784940719604492,2
full,"(3.0, 20.0, 0.7, 0.0)",0.20213310420513153,0.013704299926757812,0.01631021499633789,2
full,"(3.0, 20.0, 0.7, 0.0)",0.2089594379067421,0.001094818115234375,0.031063079833984375,2
full,"(3.0, 20.0, 0.7, 0.0)",0.2263580486178398,0.011493086814880371,0.024399757385253906,2
full,"(3.0, 20.0, 0.7, 0.0)",0.20307060331106186,0.01789402961730957,0.009334087371826172,2
full,"(3.0, 20.0, 0.7, 0.0)",0.22816112637519836,0.017082929611206055,0.04569196701049805,2
full,"(3.0, 20.0, 0.7, 0.0)",0.1973683089017868,0.02115762233734131,0.016936779022216797,2
full,"(3.0, 20.0, 0.7, 0.3)",0.21409936994314194,0.02268850803375244,0.020372867584228516,2
full,"(3.0, 20.0, 0.7, 0.3)",0.19744736701250076,0.006122469902038574,0.016553878784179688,2
full,"(3.0, 20.0, 0.7, 0.3)",0.21038619428873062,0.006619095802307129,0.012624979019165039,2
full,"(3.0, 20.0, 0.7, 0.3)",0.19846106320619583,0.018564820289611816,0.0010766983032226562,2
full,"(3.0, 20.0, 0.7, 0.3)",0.2126087322831154,0.01878678798675537,0.008751153945922852,2
full,"(3.0, 20.0, 0.7, 0.3)",0.2071755826473236,0.012284994125366211,0.016068458557128906,2
full,"(3.0, 20.0, 0.7, 0.3)",0.20473458617925644,0.016124606132507324,0.03496861457824707,2
full,"(3.0, 20.0, 0.7, 0.3)",0.20679806917905807,0.014780640602111816,0.019694089889526367,2
full,"(3.0, 20.0, 0.7, 0.3)",0.21106012165546417,0.008336901664733887,0.008402585983276367,2
full,"(3.0, 20.0, 0.7, 0.3)",0.21930580586194992,0.01061558723449707,0.050986289978027344,2
full,"(3.0, 20.0, 0.7, 0.3)",0.2249416634440422,0.016959786415100098,0.011712789535522461,2
full,"(3.0, 20.0, 0.7, 0.3)",0.206174336373806,0.013885021209716797,0.03802132606506348,2
full,"(3.0, 20.0, 0.7, 0.3)",0.2095191553235054,0.002275824546813965,0.02655792236328125,2
full,"(3.0, 20.0, 0.7, 0.3)",0.20889806002378464,0.011658430099487305,0.021177291870117188,2
full,"(3.0, 20.0, 0.7, 0.3)",0.20381765812635422,0.03558242321014404,0.008910179138183594,2
full,"(3.0, 20.0, 0.7, 0.6)",0.2255946695804596,0.010268330574035645,0.0035207271575927734,2
full,"(3.0, 20.0, 0.7, 0.6)",0.20653989166021347,0.018208622932434082,0.014883756637573242,2
full,"(3.0, 20.0, 0.7, 0.6)",0.21969015151262283,0.015784859657287598,0.007898330688476562,2
full,"(3.0, 20.0, 0.7, 0.6)",0.19333023577928543,0.016182541847229004,0.008428812026977539,2
full,"(3.0, 20.0, 0.7, 0.6)",0.1989826112985611,0.004988431930541992,0.005585432052612305,2
full,"(3.0, 20.0, 0.7, 0.6)",0.2114504650235176,0.027225136756896973,0.04155874252319336,2
full,"(3.0, 20.0, 0.7, 0.6)",0.20143678784370422,0.01027524471282959,0.024780750274658203,2
full,"(3.0, 20.0, 0.7, 0.6)",0.20183119177818298,0.02873361110687256,0.03156566619873047,2
full,"(3.0, 20.0, 0.7, 0.6)",0.23113802820444107,0.02399313449859619,0.029478788375854492,2
full,"(3.0, 20.0, 0.7, 0.6)",0.22207257896661758,0.014042377471923828,0.019095659255981445,2
full,"(3.0, 20.0, 0.7, 0.6)",0.22074449062347412,0.013970494270324707,0.06302618980407715,2
full,"(3.0, 20.0, 0.7, 0.6)",0.20178644359111786,0.015166640281677246,0.0027942657470703125,2
full,"(3.0, 20.0, 0.7, 0.6)",0.20030761510133743,0.019764304161071777,0.018030643463134766,2
full,"(3.0, 20.0, 0.7, 0.6)",0.21438360214233398,0.014033079147338867,0.010836124420166016,2
full,"(3.0, 20.0, 0.7, 0.6)",0.2136548087000847,0.012183308601379395,0.021108150482177734,2
full,"(3.0, 20.0, 0.7, -0.3)",0.2022242397069931,0.012611627578735352,0.02313709259033203,2
full,"(3.0, 20.0, 0.7, -0.3)",0.21576854586601257,0.010343551635742188,0.03259563446044922,2
full,"(3.0, 20.0, 0.7, -0.3)",0.2276948168873787,0.007766246795654297,0.00846719741821289,2
full,"(3.0, 20.0, 0.7, -0.3)",0.1983986794948578,0.011847734451293945,0.031679630279541016,2
full,"(3.0, 20.0, 0.7, -0.3)",0.20830030739307404,0.012671709060668945,0.02101278305053711,2
full,"(3.0, 20.0, 0.7, -0.3)",0.22470729053020477,0.02973496913909912,0.04582071304321289,2
full,"(3.0, 20.0, 0.7, -0.3)",0.1973937451839447,0.00503385066986084,0.02374887466430664,2
full,"(3.0, 20.0, 0.7, -0.3)",0.21446700394153595,0.021759390830993652,0.03433799743652344,2
full,"(3.0, 20.0, 0.7, -0.3)",0.21004505455493927,0.015707969665527344,0.02077770233154297,2
full,"(3.0, 20.0, 0.7, -0.3)",0.1959972158074379,0.012112021446228027,0.012332439422607422,2
full,"(3.0, 20.0, 0.7, -0.3)",0.22348428517580032,0.024599909782409668,0.0214385986328125,2
full,"(3.0, 20.0, 0.7, -0.3)",0.21543090790510178,0.01661217212677002,0.014802932739257812,2
full,"(3.0, 20.0, 0.7, -0.3)",0.20215756446123123,0.012903809547424316,0.008929729461669922,2
full,"(3.0, 20.0, 0.7, -0.3)",0.2019398733973503,0.013764142990112305,0.021556854248046875,2
full,"(3.0, 20.0, 0.7, -0.3)",0.20359767973423004,0.013071537017822266,0.02708292007446289,2
