method,edge_mae,ler_mae,lwr_mae
Classical: Threshold + sub-pixel,1.3976972150848603,0.3205669394267622,0.36502444630813335
Classical: Threshold + sub-pixel,1.3452146188489282,0.32451544199579074,0.5127198307850751
Classical: Threshold + sub-pixel,1.358583192536173,0.33971476371178455,0.7538088085392354
Classical: Threshold + sub-pixel,1.355263887942421,0.29458066681396333,0.4513492471442053
Classical: Threshold + sub-pixel,1.3782312175970146,0.33242603711226737,0.3303967360542761
Classical: Threshold + sub-pixel,1.3633369372005115,0.35620857870863276,0.5331749840107682
Classical: Threshold + sub-pixel,1.3581269650278562,0.2772864833223918,0.11900633438898023
Classical: Threshold + sub-pixel,1.3530751505502532,0.33776637437189694,0.44634627971540586
Classical: Threshold + sub-pixel,1.361496543429372,0.25958333789269017,0.33720091181577083
Classical: Threshold + sub-pixel,1.3979261298816834,0.32848920703056816,0.49582915426102825
Classical: Threshold + sub-pixel,1.3955145781216145,0.3043163724432081,0.18816238946102604
Classical: Threshold + sub-pixel,1.359339133916604,0.3737839120108063,0.7423801093403861
Classical: Threshold + sub-pixel,1.3357241494511103,0.337234456268412,0.35416390122407404
Classical: Threshold + sub-pixel,1.3850123767530285,0.3431559297064365,0.5408467784386854
Classical: Threshold + sub-pixel,1.380623716141204,0.3169029282841641,0.3816164697280251
Classical: Threshold + sub-pixel,1.3942850763943175,0.3040494063609722,0.47267186028893504
Classical: Threshold + sub-pixel,1.3747405618458126,0.3069340089092131,0.5530573096673799
Classical: Threshold + sub-pixel,1.3674062149637063,0.31818240064030945,0.6621985899734866
Classical: Threshold + sub-pixel,1.3821581033457084,0.30429217078948945,0.3066132458025026
Classical: Threshold + sub-pixel,1.3490748817973248,0.299721543342385,0.2792951084588984
Classical: Threshold + sub-pixel,1.401958239058481,0.3620887003538448,0.7041251533503454
Classical: Threshold + sub-pixel,1.402523362676997,0.3101091415216751,0.5891400739471344
Classical: Threshold + sub-pixel,1.3981200891941303,0.2956449275361751,0.49079287159118223
Classical: Threshold + sub-pixel,1.371283585321871,0.2730035507377213,0.6095499254389691
Classical: Threshold + sub-pixel,1.3803450274081808,0.27226166408426566,0.4592870345567024
Classical: Threshold + sub-pixel,1.369627992502634,0.3164217286366876,0.46415499354122436
Classical: Threshold + sub-pixel,1.3446449453538145,0.25095246000755533,0.41080348926177845
Classical: Threshold + sub-pixel,1.3618070873654158,0.3054953182757324,0.31228223759982754
Classical: Threshold + sub-pixel,1.3662598281654588,0.31615547370137986,0.5536583015897762
Classical: Threshold + sub-pixel,1.3486995569853353,0.35052189933598965,0.48515298793065886
Classical: Threshold + sub-pixel,1.384454479412254,0.29583423686137156,0.3599212953556188
Classical: Threshold + sub-pixel,1.3734638084033985,0.3076859795838669,0.46816224932540274
Classical: Threshold + sub-pixel,1.3410478247227493,0.3147635482526834,0.22333755143113176
Classical: Threshold + sub-pixel,1.4209122270870846,0.2960469060339608,0.5582200087522802
Classical: Threshold + sub-pixel,1.4216452252135956,0.33614286758785816,0.5077181852056294
Classical: Threshold + sub-pixel,1.3670741004561187,0.29885270318875345,0.31569380268642844
Classical: Threshold + sub-pixel,1.353157406850568,0.26624822879925647,0.20527469746182136
Classical: Threshold + sub-pixel,1.329129709466824,0.2620399057443503,0.21393112498182143
Classical: Threshold + sub-pixel,1.3526389411457993,0.362163517211911,0.38229467041821197
Classical: Threshold + sub-pixel,1.37209696536329,0.25693239853253513,0.48539883015084007
Classical: Threshold + sub-pixel,1.3660719187118255,0.3425746389730965,0.5098680052023825
Classical: Threshold + sub-pixel,1.3520739221819889,0.2704351328370933,0.35790845253663073
Classical: Threshold + sub-pixel,1.3785596876024089,0.3004612181334162,0.482352523933709
Classical: Threshold + sub-pixel,1.3310487805717481,0.28885027850293166,0.46244829310160007
Classical: Threshold + sub-pixel,1.3579541643385953,0.3361722338508306,0.5764584490832805
Classical: Threshold + sub-pixel,1.367167218273358,0.33491625829241956,0.5016244853011163
Classical: Threshold + sub-pixel,1.316854483575565,0.31692782353871585,0.325778908701432
Classical: Threshold + sub-pixel,1.3576372493264004,0.2714350970316929,0.5517281093479647
Classical: Threshold + sub-pixel,1.4111252275052648,0.30864730829924003,0.4306179386506894
Classical: Threshold + sub-pixel,1.3289575511217953,0.3156844629117379,0.412183111620549
Classical: Threshold + sub-pixel,1.3818921033544826,0.30230613852800536,0.46925820693707054
Classical: Threshold + sub-pixel,1.347645442700967,0.2641672904539708,0.3249324691508291
Classical: Threshold + sub-pixel,1.383345227666764,0.27391015652774886,0.606336170944304
Classical: Threshold + sub-pixel,1.4121137505790429,0.29036809964526245,0.46791849902216387
Classical: Threshold + sub-pixel,1.3196197386336257,0.3426784430962577,0.5209166596322004
Classical: Threshold + sub-pixel,1.3601903243186912,0.3280904145407214,0.36068049952468995
Classical: Threshold + sub-pixel,1.3879881933060505,0.2645373777871227,0.2566721820574116
Classical: Threshold + sub-pixel,1.361519963811543,0.2859916191228995,0.3815930894190216
Classical: Threshold + sub-pixel,1.3583514159388237,0.2907458476898118,0.2413007737576942
Classical: Threshold + sub-pixel,1.368282598366822,0.3096614420562134,0.5539268793110106
Classical: Threshold + sub-pixel,1.3828539030141795,0.396143669597381,0.23296054960855384
Classical: Threshold + sub-pixel,1.4300260282886568,0.3407283860546625,0.10651973595072661
Classical: Threshold + sub-pixel,1.3861334796063025,0.3513913252626617,0.16505069376554315
Classical: Threshold + sub-pixel,1.3152346169099642,0.30879480165396256,0.07442888169216433
Classical: Threshold + sub-pixel,1.4127636242606614,0.30746138855002103,0.044138580425219454
Classical: Threshold + sub-pixel,1.3551375523984168,0.34309936516584505,0.16839492920602628
Classical: Threshold + sub-pixel,1.3840919123323074,0.24740019151703474,0.18447030477983017
Classical: Threshold + sub-pixel,1.3244107105420149,0.25095307118824295,0.30114123803738013
Classical: Threshold + sub-pixel,1.3753624797158608,0.3362784472911061,0.016354657482374968
Classical: Threshold + sub-pixel,1.369842357303762,0.34182157987068507,0.042535527498079206
Classical: Threshold + sub-pixel,1.4062467043620823,0.29217666272911624,0.06456999763000582
Classical: Threshold + sub-pixel,1.3812628586779163,0.2736680719590142,0.06154101924629107
Classical: Threshold + sub-pixel,1.3129399643285196,0.30323545870824054,0.14968237161449416
Classical: Threshold + sub-pixel,1.415279353056816,0.2966410878357867,0.011774851402899023
Classical: Threshold + sub-pixel,1.3721431762251433,0.24515943496735926,0.07336190040577995
Classical: Threshold + sub-pixel,1.4001003624771258,0.36367752306537815,0.026640025210131313
Classical: Threshold + sub-pixel,1.3596425139322914,0.31489051953590286,0.1483530303855487
Classical: Threshold + sub-pixel,1.4238200585395102,0.38064543641046067,0.02462698271375885
Classical: Threshold + sub-pixel,1.3978882237303911,0.3528297029847379,0.13365758996154486
Classical: Threshold + sub-pixel,1.4286150564637345,0.33624598543498685,0.14430942765686483
Classical: Threshold + sub-pixel,1.3683643051407148,0.31856834909567255,0.031790437342907873
Classical: Threshold + sub-pixel,1.33827745335588,0.2912710733710827,0.0732711521533096
Classical: Threshold + sub-pixel,1.331247777239444,0.31734899350884216,0.008877497711437643
Classical: Threshold + sub-pixel,1.3747667966452748,0.31485320063000666,0.24557475887589586
Classical: Threshold + sub-pixel,1.385667548012003,0.3032656002440993,0.07444724962743199
Classical: Threshold + sub-pixel,1.3539501185525196,0.3281338549071111,0.12832157348872975
Classical: Threshold + sub-pixel,1.349320339880442,0.36610813067983294,0.08071147714996951
Classical: Threshold + sub-pixel,1.4161494759226203,0.31529382205626455,0.22423411725066522
Classical: Threshold + sub-pixel,1.3476216563551602,0.31039227560401284,0.20453986725590845
Classical: Threshold + sub-pixel,1.3607289769989732,0.27801607131794615,0.09812766668913486
Classical: Threshold + sub-pixel,1.2963880218217199,0.2648140746496257,0.07581723450533451
Classical: Threshold + sub-pixel,1.4269866009634429,0.39042206528478085,0.07375247808241436
Classical: Threshold + sub-pixel,1.3401769176965588,0.2722807025678836,0.03324762452296581
Classical: Threshold + sub-pixel,1.3674575840032317,0.3148667047530743,0.053979387289554204
Classical: Threshold + sub-pixel,1.3358654270813788,0.2702632661110751,0.10976796837245084
Classical: Threshold + sub-pixel,1.3356229001941788,0.34554743190728254,0.0618210964509045
Classical: Threshold + sub-pixel,1.3476400253376775,0.29445543255684004,0.24751233366881786
Classical: Threshold + sub-pixel,1.337006305572732,0.32129855615854286,0.11451175163565219
Classical: Threshold + sub-pixel,1.363981020472774,0.31787323102640797,0.09513087934242281
Classical: Threshold + sub-pixel,1.3594855091374325,0.2611103438637935,0.045629685194179315
Classical: Threshold + sub-pixel,1.3992164297202232,0.3799272962626675,0.0341345255504113
Classical: Threshold + sub-pixel,1.4367061035331703,0.41534665156089956,0.006877212028726376
Classical: Threshold + sub-pixel,1.2991431004526621,0.30791617545535266,0.23555270866682299
Classical: Threshold + sub-pixel,1.3222926124775694,0.2588699530918659,0.21334226623868102
Classical: Threshold + sub-pixel,1.3180882960457048,0.2928210086429821,0.23089970830040563
Classical: Threshold + sub-pixel,1.3452995173899727,0.2372341224537502,0.1376230787598729
Classical: Threshold + sub-pixel,1.418547298043081,0.36566197049259985,0.14475040307352582
Classical: Threshold + sub-pixel,1.409909004900896,0.3030487685466019,0.13632675489785484
Classical: Threshold + sub-pixel,1.3856631991795965,0.31362654541845225,0.07613327179228313
Classical: Threshold + sub-pixel,1.360287582114731,0.31407649072619614,0.04095176902688413
Classical: Threshold + sub-pixel,1.347159244362277,0.36754981366626127,0.08077737783065686
Classical: Threshold + sub-pixel,1.3821745269920225,0.3031359637087492,0.012718638346731037
Classical: Threshold + sub-pixel,1.387380321086611,0.26079384204267375,0.0172280830234135
Classical: Threshold + sub-pixel,1.3197077060367337,0.2100122495396174,0.03898355607425952
Classical: Threshold + sub-pixel,1.3678700861764912,0.36772431090236246,0.08398640151901948
Classical: Threshold + sub-pixel,1.3542749886058176,0.27979260805672423,0.1719801587985712
Classical: Threshold + sub-pixel,1.348356751386321,0.2885275001077424,0.05829513817316423
Classical: Threshold + sub-pixel,1.3641574739424245,0.3029296145820377,0.12228066691556139
Classical: Threshold + sub-pixel,1.3477991022814781,0.22181192980669395,0.08826826819210898
Classical: Threshold + sub-pixel,1.3926264334545149,0.31754170742357934,0.11286950629277603
Classical: Threshold + sub-pixel,1.3619324815728269,0.4254937508717471,0.26612012419565323
Classical: Threshold + sub-pixel,1.3897440145134088,0.3555600620224897,0.19172663755291408
Classical: Threshold + sub-pixel,1.4877738157241682,0.38402146265998016,0.4225182419119964
Classical: Threshold + sub-pixel,1.3285557401463668,0.30989660001363495,0.261327581600153
Classical: Threshold + sub-pixel,1.3204964613739731,0.22268341844495432,0.23230965858751684
Classical: Threshold + sub-pixel,1.3430433258488592,0.3523876495829227,0.24519374122763837
Classical: Threshold + sub-pixel,1.3646753349616108,0.2972994978227428,0.3841152186768848
Classical: Threshold + sub-pixel,1.3341863857123006,0.22029000470854876,0.32530299644068905
Classical: Threshold + sub-pixel,1.3830234766823795,0.30715839111655496,0.35028344806019107
Classical: Threshold + sub-pixel,1.3651396771560158,0.2797623598156518,0.18928091744216768
Classical: Threshold + sub-pixel,1.3590615494489866,0.31174289966584456,0.2958184538481359
Classical: Threshold + sub-pixel,1.3802717906773285,0.2931827488513601,0.2780504007902316
Classical: Threshold + sub-pixel,1.3247529110074008,0.22385197954664915,0.36887817850765914
Classical: Threshold + sub-pixel,1.3760567491807822,0.3319175528363687,0.22487306755086234
Classical: Threshold + sub-pixel,1.3376912958219809,0.24950062141894336,0.21426617640258794
Classical: Threshold + sub-pixel,1.3663705627886,0.3309117491632264,0.2625156317030448
Classical: Threshold + sub-pixel,1.3757861858317972,0.38841770576127777,0.2955096512776487
Classical: Threshold + sub-pixel,1.3799120600871282,0.33992012569057983,0.3215718398828322
Classical: Threshold + sub-pixel,1.3406049460647287,0.36746917632040765,0.37449795392961693
Classical: Threshold + sub-pixel,1.4270440178143213,0.322119343359482,0.43741955411169897
Classical: Threshold + sub-pixel,1.3321804323824216,0.2715019849493463,0.2463941563457186
Classical: Threshold + sub-pixel,1.3712528964352586,0.3223070921937504,0.28572600426795725
Classical: Threshold + sub-pixel,1.4056485620572385,0.3926391861746984,0.3223149886218848
Classical: Threshold + sub-pixel,1.3588465536342988,0.20928923472339755,0.4212232690485871
Classical: Threshold + sub-pixel,1.3822429906627285,0.3700465877084479,0.2087169428107718
Classical: Threshold + sub-pixel,1.394247857273677,0.36274824963090024,0.3711217042195887
Classical: Threshold + sub-pixel,1.3524545505333898,0.3030036838869159,0.40258800538879336
Classical: Threshold + sub-pixel,1.4555937377196648,0.32486378744409505,0.4777132217942084
Classical: Threshold + sub-pixel,1.3665675402750317,0.3372552933613254,0.2124378552691646
Classical: Threshold + sub-pixel,1.362834386814434,0.32953769080050066,0.3025473774977756
Classical: Threshold + sub-pixel,1.4168498764698634,0.3652645254923058,0.2839863817114445
Classical: Threshold + sub-pixel,1.3604377412678494,0.2952872509983453,0.5558717031601714
Classical: Threshold + sub-pixel,1.359397856392834,0.2684925422094162,0.309386250600886
Classical: Threshold + sub-pixel,1.3126012196216565,0.3060463509753677,0.2733324245306006
Classical: Threshold + sub-pixel,1.329939101931452,0.25645883852201445,0.3669403765823418
Classical: Threshold + sub-pixel,1.4217206962190327,0.3825619503857409,0.3520440278145598
Classical: Threshold + sub-pixel,1.3361168130570376,0.2738571726215885,0.1588299729760967
Classical: Threshold + sub-pixel,1.3042211857725592,0.27203865985365827,0.20203455882718613
Classical: Threshold + sub-pixel,1.3895350222863496,0.26295650335217235,0.2846477487361665
Classical: Threshold + sub-pixel,1.3697270139854703,0.3313157576127621,0.19761361449792236
Classical: Threshold + sub-pixel,1.370081650566008,0.32765094505519254,0.28104310045720204
Classical: Threshold + sub-pixel,1.3782897031998222,0.2932558980127745,0.4430826194756703
Classical: Threshold + sub-pixel,1.3846593424455602,0.2746622030445589,0.3389271113167345
Classical: Threshold + sub-pixel,1.3725046024622407,0.24098652058014902,0.34689793653684364
Classical: Threshold + sub-pixel,1.3202891470821259,0.25928248436400847,0.2570918247093632
Classical: Threshold + sub-pixel,1.3040787235753628,0.2088364877704718,0.4199878522559668
Classical: Threshold + sub-pixel,1.306969107466489,0.21434985430448183,0.37765170709834406
Classical: Threshold + sub-pixel,1.37586694860814,0.3106687853031831,0.17136815280722106
Classical: Threshold + sub-pixel,1.3469544178072124,0.25287230273141614,0.2679549975874127
Classical: Threshold + sub-pixel,1.391606190017729,0.32693610871897083,0.42179349167105795
Classical: Threshold + sub-pixel,1.420463825110689,0.3166565436074371,0.2709019130109216
Classical: Threshold + sub-pixel,1.3939756798888425,0.3479671265246731,0.28736393547379935
Classical: Threshold + sub-pixel,1.3393054208627377,0.2996116317661627,0.3347377865975987
Classical: Threshold + sub-pixel,1.3633850748266316,0.31980665639371353,0.12806343443167156
Classical: Threshold + sub-pixel,1.4070059837068776,0.40962255418731763,0.21598366930869384
Classical: Threshold + sub-pixel,1.336477511201712,0.3333038210022664,0.20828459428292412
Classical: Threshold + sub-pixel,1.412758620421756,0.24008397879509857,0.4175135039539464
Classical: Threshold + sub-pixel,1.363257759901538,0.3156077821918357,0.3061468107975731
Classical: Threshold + sub-pixel,1.334826301810697,0.2910067568798047,0.36308046628332913
Classical: Threshold + sub-pixel,1.3245455179505738,0.3439457350435423,0.38530043214850207
Classical: Threshold + sub-pixel,1.3803822905568013,0.32098435033472705,0.6642123360983976
Classical: Threshold + sub-pixel,1.3334189607639149,0.35242760993984157,0.8346238500332719
Classical: Threshold + sub-pixel,1.3741335894605882,0.31767100195621023,0.8556153673340594
Classical: Threshold + sub-pixel,1.3441479538553271,0.3225299155401785,0.6624145602701108
Classical: Threshold + sub-pixel,1.3983461541672202,0.28170386557207816,0.5366398294516255
Classical: Threshold + sub-pixel,1.385476433640513,0.3490129921619719,0.847594243195565
Classical: Threshold + sub-pixel,1.3894106940061537,0.3081234402633902,0.6784812706524135
Classical: Threshold + sub-pixel,1.3301280739204042,0.3634645716507027,0.8765455267357534
Classical: Threshold + sub-pixel,1.373682982297043,0.37599749596249854,0.867476728631202
Classical: Threshold + sub-pixel,1.3829314436332245,0.2836521502233994,0.6165242063133636
Classical: Threshold + sub-pixel,1.3934972290081462,0.22947053088785052,0.613921521737556
Classical: Threshold + sub-pixel,1.373410773763649,0.28563357737689266,0.5772131560825984
Classical: Threshold + sub-pixel,1.316966546754169,0.3409927356293285,0.7678429787411274
Classical: Threshold + sub-pixel,1.3648409355599063,0.32540718889755593,0.8005063196030804
Classical: Threshold + sub-pixel,1.3923383821240782,0.3908670521858719,0.9068591740704064
Classical: Threshold + sub-pixel,1.3936128039831477,0.2945813865140502,0.712782101407951
Classical: Threshold + sub-pixel,1.4021289582688254,0.3219316348066552,0.8570280604424199
Classical: Threshold + sub-pixel,1.4074963165438237,0.23519240206711867,0.5358594344468814
Classical: Threshold + sub-pixel,1.3772943338231889,0.29411376534506606,0.6910553264711536
Classical: Threshold + sub-pixel,1.3408659778516288,0.29121194420643304,0.5635932709568883
Classical: Threshold + sub-pixel,1.3574211772076952,0.28258616024015293,0.5601015725466827
Classical: Threshold + sub-pixel,1.4058029131737197,0.3089996802054015,0.6491914444106974
Classical: Threshold + sub-pixel,1.33696876372975,0.2794058215949431,0.5786718694427635
Classical: Threshold + sub-pixel,1.3713521306349912,0.24733308739058235,0.588367944493505
Classical: Threshold + sub-pixel,1.3931333458513868,0.3397761827482989,0.7522820494627886
Classical: Threshold + sub-pixel,1.3966333072696502,0.36070327290601933,0.7983108167244577
Classical: Threshold + sub-pixel,1.324949322646975,0.27003135076104845,0.652103664407609
Classical: Threshold + sub-pixel,1.3815719544226035,0.26340989671224657,0.5667364146869456
Classical: Threshold + sub-pixel,1.3762713926790313,0.280190879426386,0.6828307142179968
Classical: Threshold + sub-pixel,1.3214824346168215,0.2598754579696927,0.6118749336772047
Classical: Threshold + sub-pixel,1.3992811639676441,0.3328975362529144,0.6675054784177279
Classical: Threshold + sub-pixel,1.38940982005609,0.29420518839078336,0.6377632504573882
Classical: Threshold + sub-pixel,1.3320475579440012,0.28815632274333136,0.6862690003447696
Classical: Threshold + sub-pixel,1.3704750394613292,0.2749230481464524,0.787415678189429
Classical: Threshold + sub-pixel,1.3412870032226372,0.31515895897112,0.7561491923323866
Classical: Threshold + sub-pixel,1.3720320213487298,0.23201272704129894,0.4561878984643055
Classical: Threshold + sub-pixel,1.30152438742174,0.2612045909124303,0.5388428395198055
Classical: Threshold + sub-pixel,1.3470332511298029,0.23628408431559034,0.6302732785906529
Classical: Threshold + sub-pixel,1.3507488435550212,0.3117012217249734,0.7910349997780279
Classical: Threshold + sub-pixel,1.3379881026467035,0.2844648126483983,0.6940731393615858
Classical: Threshold + sub-pixel,1.3460638127263969,0.321679828885277,0.7702499991842657
Classical: Threshold + sub-pixel,1.3600019788678748,0.3337053912906982,0.7873071643259222
Classical: Threshold + sub-pixel,1.3226086846511147,0.2673863517975059,0.6428062890353814
Classical: Threshold + sub-pixel,1.3159817501837354,0.285324748305116,0.6102541288144108
Classical: Threshold + sub-pixel,1.3578068953441538,0.24067394705305956,0.5819432632278057
Classical: Threshold + sub-pixel,1.3361744577291952,0.34751848642501826,0.6231339006881882
Classical: Threshold + sub-pixel,1.4073762151842786,0.3595989277198861,0.9360346308287646
Classical: Threshold + sub-pixel,1.3788316650372017,0.21199807121759218,0.4720395034943252
Classical: Threshold + sub-pixel,1.3885390661494286,0.3272094014763277,0.7437012914186112
Classical: Threshold + sub-pixel,1.3277413721508875,0.30106564811140535,0.6860397987936782
Classical: Threshold + sub-pixel,1.3406727632117068,0.2162486926211512,0.6517210446193111
Classical: Threshold + sub-pixel,1.3237937117212921,0.3087888944939986,0.5189687109196408
Classical: Threshold + sub-pixel,1.3719998789259464,0.33856040580409097,0.7221818709519048
Classical: Threshold + sub-pixel,1.333171644471678,0.22241338438698866,0.5645076788419854
Classical: Threshold + sub-pixel,1.33516076541117,0.29467893141108936,0.6580598929818187
Classical: Threshold + sub-pixel,1.4236107819631625,0.36818637201773163,0.7527123109299718
Classical: Threshold + sub-pixel,1.3681257248544356,0.3153528525561641,0.7370716146209817
Classical: Threshold + sub-pixel,1.375991952112491,0.279335609052041,0.708419440535391
Classical: Threshold + sub-pixel,1.388553537728121,0.3738983954363443,0.792384598219769
Classical: Threshold + sub-pixel,1.3907174445691,0.2992102640938924,0.6735383082823367
Classical: Threshold + sub-pixel,1.4085025566073837,0.1854641527446642,0.4641348267437415
Classical: Threshold + sub-pixel,1.270501119252848,0.24966015320721535,0.43388743140818953
Classical: Threshold + sub-pixel,1.295967210263441,0.25074508779886995,0.24039890091261285
Classical: Threshold + sub-pixel,1.3667643510118552,0.265266001201378,0.1819460778807871
Classical: Threshold + sub-pixel,1.317323074815283,0.20395427165754,0.21830430036289794
Classical: Threshold + sub-pixel,1.3393768982166785,0.28166238487623985,0.21587475434316672
Classical: Threshold + sub-pixel,1.3056414036899675,0.15672675049926366,0.4136215879062215
Classical: Threshold + sub-pixel,1.2821905323716707,0.2624797685404897,0.2664630503805254
Classical: Threshold + sub-pixel,1.3018912494531936,0.3070652829459982,0.42847633319105216
Classical: Threshold + sub-pixel,1.317302453543016,0.24211336746860534,0.3695214958113968
Classical: Threshold + sub-pixel,1.3367818115399368,0.2436262909799224,0.1559866825306102
Classical: Threshold + sub-pixel,1.2978858624718987,0.2817342918434893,0.3383793017167569
Classical: Threshold + sub-pixel,1.3513068766827852,0.2607865501326805,0.17498497594651208
Classical: Threshold + sub-pixel,1.3048747574682182,0.25072953865540404,0.2762651809607428
Classical: Threshold + sub-pixel,1.3333893776593662,0.2661211315399674,0.35905433030351475
Classical: Threshold + sub-pixel,1.3051646443333111,0.2556337207630558,0.3740285951121052
Classical: Threshold + sub-pixel,1.316241332768449,0.3110542431108815,0.4631001534935937
Classical: Threshold + sub-pixel,1.3424915378029092,0.2457532157412533,0.5995943418862333
Classical: Threshold + sub-pixel,1.3514971437820784,0.1480174441858414,0.3566876243119623
Classical: Threshold + sub-pixel,1.2907976025183066,0.2655986994849493,0.32390019932216707
Classical: Threshold + sub-pixel,1.2705944216446956,0.25492407630901204,0.08535321513429239
Classical: Threshold + sub-pixel,1.3220814541669388,0.21702660810367547,0.14272961029766318
Classical: Threshold + sub-pixel,1.3229141618429543,0.2739755433178461,0.4176925413699022
Classical: Threshold + sub-pixel,1.3211774909742569,0.2586572111673606,0.5810264291131848
Classical: Threshold + sub-pixel,1.3028896684302367,0.22479547101014397,0.2136024820046618
Classical: Threshold + sub-pixel,1.309193432723095,0.2421393910443912,0.324021630904197
Classical: Threshold + sub-pixel,1.2667578135791273,0.25051875466207085,0.395193358824822
Classical: Threshold + sub-pixel,1.309711187042149,0.2889050385302363,0.43342126284916827
Classical: Threshold + sub-pixel,1.3298169959549688,0.2249122517360158,0.307201263483738
Classical: Threshold + sub-pixel,1.3247546120757794,0.21539950077729852,0.3390901839685232
Classical: Threshold + sub-pixel,1.3156500103892799,0.21393719669055145,0.10602691790430696
Classical: Threshold + sub-pixel,1.3212229889130613,0.22695634451986402,0.4819343268581844
Classical: Threshold + sub-pixel,1.3190570506767596,0.17784919465133375,0.14717521002984113
Classical: Threshold + sub-pixel,1.365795210693944,0.24475516421070365,0.2786157851408184
Classical: Threshold + sub-pixel,1.3473499479537936,0.22364236601839527,0.26011960690226843
Classical: Threshold + sub-pixel,1.3460187905984933,0.22626446923051524,0.24950705833150222
Classical: Threshold + sub-pixel,1.3129252272625527,0.30273443022868474,0.45850366632909156
Classical: Threshold + sub-pixel,1.2972520931522682,0.2801078029565591,0.5802023097533924
Classical: Threshold + sub-pixel,1.36200521604685,0.22507790418794893,0.4571129678521346
Classical: Threshold + sub-pixel,1.2496625175436915,0.29400573636950333,0.6577836623149185
Classical: Threshold + sub-pixel,1.32199743948257,0.27684130781555927,0.20477688496049629
Classical: Threshold + sub-pixel,1.3345763892153513,0.27147799296069397,0.5287033931396565
Classical: Threshold + sub-pixel,1.2742674036456851,0.2112165919936878,0.18528801445446463
Classical: Threshold + sub-pixel,1.3342354877554334,0.2926240591739907,0.6410087733652627
Classical: Threshold + sub-pixel,1.2801019828736082,0.24360880831252163,0.4267872049592203
Classical: Threshold + sub-pixel,1.3104135941262014,0.22753515934359658,0.29836869774572716
Classical: Threshold + sub-pixel,1.315292114827042,0.2277170903275172,0.6048391601701224
Classical: Threshold + sub-pixel,1.297657756183917,0.22289498258653562,0.37696014250808796
Classical: Threshold + sub-pixel,1.3256810240696748,0.22888148354915094,0.14523012799378288
Classical: Threshold + sub-pixel,1.3165001648010288,0.19206001271420792,0.44635359312628053
Classical: Threshold + sub-pixel,1.3226629289669916,0.25359282130741256,0.5652037876169254
Classical: Threshold + sub-pixel,1.3562303681412295,0.24449961926861175,0.2866907248052777
Classical: Threshold + sub-pixel,1.2952935410242423,0.29070041528505686,0.4954043968275095
Classical: Threshold + sub-pixel,1.3159268534682096,0.26459875801361443,0.007111672010438941
Classical: Threshold + sub-pixel,1.3190425287085144,0.23352675396383127,0.3694909258825376
Classical: Threshold + sub-pixel,1.3128833155465713,0.2796596639506369,0.5597841592036383
Classical: Threshold + sub-pixel,1.322718237876165,0.2565997224697436,0.3330308579133774
Classical: Threshold + sub-pixel,1.3306356170981755,0.31105007990588696,0.4829644926451455
Classical: Threshold + sub-pixel,1.3344363008177447,0.20269127771822149,0.556689516242612
Classical: Threshold + sub-pixel,1.3286167728837373,0.2055778115338146,0.284472454725732
Classical: Threshold + sub-pixel,1.248267789564364,0.24138634511811163,0.13374368929142055
Classical: Threshold + sub-pixel,1.322441026085289,0.31818409953846605,0.11102347710201288
Classical: Threshold + sub-pixel,1.3725063058964855,0.39924330569133015,0.1515065275802654
Classical: Threshold + sub-pixel,1.3070582211069532,0.12658237053431998,0.18185606227156037
Classical: Threshold + sub-pixel,1.2558500240476336,0.2251416780028861,0.13647791502110285
Classical: Threshold + sub-pixel,1.312305771913456,0.2504600111777554,0.014294835562459252
Classical: Threshold + sub-pixel,1.2999071997080511,0.2291693842082323,0.20600868436285857
Classical: Threshold + sub-pixel,1.2945513694582838,0.2173840562987901,0.016704077080045288
Classical: Threshold + sub-pixel,1.345003789897497,0.29508922935891146,0.17742536373504425
Classical: Threshold + sub-pixel,1.1987744722543054,0.13050919985245657,0.10189829198669753
Classical: Threshold + sub-pixel,1.3345215252295972,0.2290144493966254,0.2980802702149761
Classical: Threshold + sub-pixel,1.2900557786371465,0.23125893955793375,0.2808903715721358
Classical: Threshold + sub-pixel,1.3455278060717901,0.3552062891356834,0.20499669917000163
Classical: Threshold + sub-pixel,1.2699985971910994,0.22984806965428128,0.11497700140480971
Classical: Threshold + sub-pixel,1.3341198511479364,0.2749836061182376,0.09357363777818839
Classical: Threshold + sub-pixel,1.2684337822584235,0.19704834995373666,0.17012605121257396
Classical: Threshold + sub-pixel,1.2657697000103294,0.1874376656023281,0.1533056635505443
Classical: Threshold + sub-pixel,1.2967115907259483,0.18959618942362266,0.054261910673998104
Classical: Threshold + sub-pixel,1.3696526854110154,0.2731211957313737,0.01665376058297463
Classical: Threshold + sub-pixel,1.331035072488369,0.292136540184356,0.027972217557638013
Classical: Threshold + sub-pixel,1.3090197067147877,0.24274227724643316,0.25347198282825656
Classical: Threshold + sub-pixel,1.29288631382299,0.3195364395999877,0.13897859371195276
Classical: Threshold + sub-pixel,1.2959338344403828,0.2787311398087253,0.04871190165193906
Classical: Threshold + sub-pixel,1.3883575568422224,0.36106014598033165,0.012303745324882875
Classical: Threshold + sub-pixel,1.3437834188283637,0.2675542208622901,0.14848335110587252
Classical: Threshold + sub-pixel,1.37629895261907,0.21660450126183906,0.11071343312413195
Classical: Threshold + sub-pixel,1.3204329216836395,0.20466963781325076,0.23750411832608775
Classical: Threshold + sub-pixel,1.3214291800823927,0.2986219757517322,0.060108175162277844
Classical: Threshold + sub-pixel,1.2753442529170238,0.2243580061226782,0.022551665854190883
Classical: Threshold + sub-pixel,1.3092698864951915,0.2232790239681015,0.06853964995575512
Classical: Threshold + sub-pixel,1.274189607127692,0.2732934693578176,0.12011670858454537
Classical: Threshold + sub-pixel,1.2805926611540885,0.21646221534471521,0.05053294504739991
Classical: Threshold + sub-pixel,1.3072228965276729,0.1887114366993976,0.07486984710356093
Classical: Threshold + sub-pixel,1.3258330793387532,0.25384048435908324,0.21990522271069923
Classical: Threshold + sub-pixel,1.3170422706509815,0.24155166589589927,0.17387335557680372
Classical: Threshold + sub-pixel,1.3333556896007885,0.2902447346491811,0.14428149279739744
Classical: Threshold + sub-pixel,1.2720644733143762,0.23917809889834474,0.11847669881554967
Classical: Threshold + sub-pixel,1.3677231733246162,0.3172970623230189,0.06700283266056073
Classical: Threshold + sub-pixel,1.2530332059312583,0.24985348148300124,0.0584349033215692
Classical: Threshold + sub-pixel,1.3433395824547967,0.2744381865023917,0.06757328993446454
Classical: Threshold + sub-pixel,1.2888471751138648,0.24856465265292693,0.10545829774497473
Classical: Threshold + sub-pixel,1.256737030040433,0.1989376532508209,0.1381464049731116
Classical: Threshold + sub-pixel,1.3563004656056383,0.29982320338529644,0.12412976097653283
Classical: Threshold + sub-pixel,1.3240070857053194,0.29454169939534147,0.3023864244068828
Classical: Threshold + sub-pixel,1.3477090620501593,0.3041840693339427,0.35493146779535345
Classical: Threshold + sub-pixel,1.35840631835693,0.28281310534663895,0.014831725547161723
Classical: Threshold + sub-pixel,1.2722972188337658,0.15152625827388722,0.11202482288434834
Classical: Threshold + sub-pixel,1.3470545873543296,0.2861688938222977,0.12371980691616513
Classical: Threshold + sub-pixel,1.3199875005787463,0.32836922269495994,0.030556324098718113
Classical: Threshold + sub-pixel,1.3015447140413072,0.2330498951400114,0.02658187851129834
Classical: Threshold + sub-pixel,1.3063959783469654,0.32255947596248713,0.2045455479321452
Classical: Threshold + sub-pixel,1.4114419875253115,0.30479454907969505,0.5056246493224812
Classical: Threshold + sub-pixel,1.3384546310424303,0.24963568566611283,0.18372150393765607
Classical: Threshold + sub-pixel,1.3248066108208463,0.259754607327211,0.0704156719256146
Classical: Threshold + sub-pixel,1.2952215973508547,0.170355796056749,0.11909453853055263
Classical: Threshold + sub-pixel,1.3108393039191746,0.24335144276077514,0.11327607596234746
Classical: Threshold + sub-pixel,1.2493583939017918,0.21601319935758445,0.02633553067097405
Classical: Threshold + sub-pixel,1.241315544996561,0.1430510375723485,0.06076546781775005
Classical: Threshold + sub-pixel,1.3260051128363242,0.28324240816597024,0.19816429827631765
Classical: Threshold + sub-pixel,1.22905264763367,0.15019864771342684,0.0717796557419117
Classical: Threshold + sub-pixel,1.2587058590751918,0.25659992076590576,0.28964013729997684
Classical: Threshold + sub-pixel,1.4061708471627028,0.3611957979568111,0.3632958206920207
Classical: Threshold + sub-pixel,1.3206247839513612,0.2562160330779436,0.32658045518215584
Classical: Threshold + sub-pixel,1.3016611865008036,0.25107581089045683,0.30574467698196006
Classical: Threshold + sub-pixel,1.3151044520021662,0.1673381319481293,0.331306807870521
Classical: Threshold + sub-pixel,1.2847494523538572,0.1065090941591772,0.5199561468834439
Classical: Threshold + sub-pixel,1.3097317834014328,0.19489863333378232,0.5368833977302687
Classical: Threshold + sub-pixel,1.3530330050058108,0.2928363712580112,0.3686089116258391
Classical: Threshold + sub-pixel,1.3014081730903464,0.10963234003126687,0.5062945235784209
Classical: Threshold + sub-pixel,1.25962590512332,0.1691074898438122,0.3928596713704655
Classical: Threshold + sub-pixel,1.3120879766385554,0.21164574268098535,0.40788646236092174
Classical: Threshold + sub-pixel,1.3791267275391919,0.35038240583906566,0.4102328462177378
Classical: Threshold + sub-pixel,1.2787586738632806,0.26881634327921566,0.3293588839153816
Classical: Threshold + sub-pixel,1.3052658507115313,0.2598883679154659,0.33486832082607276
Classical: Threshold + sub-pixel,1.2627012578186523,0.24813596284267303,0.4198549675046257
Classical: Threshold + sub-pixel,1.2695209768060682,0.1586122952015806,0.434257421536697
Classical: Threshold + sub-pixel,1.3073856234747838,0.1491799704174699,0.6142643218364434
Classical: Threshold + sub-pixel,1.4120799050324504,0.3096956028958632,0.27283985386087717
Classical: Threshold + sub-pixel,1.3266188739218459,0.30524119747882794,0.39375453671346805
Classical: Threshold + sub-pixel,1.3353129260200975,0.24332734846572246,0.3224112324190054
Classical: Threshold + sub-pixel,1.2875797628497516,0.20656386121863068,0.4356837667287097
Classical: Threshold + sub-pixel,1.2948529998455347,0.16022596662311828,0.5678861196574179
Classical: Threshold + sub-pixel,1.3367621607865359,0.18330851798905023,0.43110050990636584
Classical: Threshold + sub-pixel,1.3048424240612377,0.2601469241949105,0.25632040548699364
Classical: Threshold + sub-pixel,1.3291630828295649,0.39240094601367614,0.3387398353248776
Classical: Threshold + sub-pixel,1.2988339115799254,0.24387649059585803,0.39759775039755474
Classical: Threshold + sub-pixel,1.2425077956769894,0.17028526325965854,0.3923975124391046
Classical: Threshold + sub-pixel,1.24082689757655,0.17064954542150812,0.2453570196100774
Classical: Threshold + sub-pixel,1.2303093280677917,0.19235652532610992,0.24284478313967406
Classical: Threshold + sub-pixel,1.3585228733645958,0.3366154276630372,0.3631227721431818
Classical: Threshold + sub-pixel,1.268093614777897,0.21201920726374202,0.4643227245092536
Classical: Threshold + sub-pixel,1.3341723061887518,0.2481704975190555,0.17353862436882372
Classical: Threshold + sub-pixel,1.2503032384003694,0.30215115599735576,0.3100941857185848
Classical: Threshold + sub-pixel,1.3127015171508698,0.2810350759348553,0.5847963125949429
Classical: Threshold + sub-pixel,1.3516824867550288,0.32109999528091937,0.3901597771985339
Classical: Threshold + sub-pixel,1.284999192847445,0.15907805182502321,0.4487058713069856
Classical: Threshold + sub-pixel,1.326861994986447,0.28481501581332624,0.21382269150940036
Classical: Threshold + sub-pixel,1.3524523173480634,0.4206569140796719,0.2697433511728302
Classical: Threshold + sub-pixel,1.3988198588015757,0.3222346209477933,0.44826634584887115
Classical: Threshold + sub-pixel,1.3198116984133503,0.27140838581335913,0.4665087976106823
Classical: Threshold + sub-pixel,1.2653354723904169,0.19545777044217938,0.30678226584921253
Classical: Threshold + sub-pixel,1.2949876953004384,0.2405008698974681,0.4377850179716334
Classical: Threshold + sub-pixel,1.267555245810969,0.19799170842659997,0.4396416197684998
Classical: Threshold + sub-pixel,1.3075698532607158,0.2791152787217873,0.43880729182890543
Classical: Threshold + sub-pixel,1.2412228609915674,0.19004074928410153,0.1784386017589008
Classical: Threshold + sub-pixel,1.3286279421990772,0.19685023590382533,0.4509000525334348
Classical: Threshold + sub-pixel,1.3983465746730588,0.3142591037269902,0.4947937141641201
Classical: Threshold + sub-pixel,1.3719297482712687,0.2577204382899885,0.3865699306470025
Classical: Threshold + sub-pixel,1.3001230318791994,0.20898531769314688,0.4985759583775806
Classical: Threshold + sub-pixel,1.3253314013460629,0.2485962511251567,0.2307730172827127
Classical: Threshold + sub-pixel,1.3137965809522005,0.11995894259580708,0.4804505039654814
Classical: Threshold + sub-pixel,1.379252240760668,0.3198164690885421,0.4678671135198167
Classical: Threshold + sub-pixel,1.3482966234862417,0.28248967895970245,0.425158180221064
Classical: Threshold + sub-pixel,1.3483082403229187,0.3295287015608559,0.43465959806362364
Classical: Threshold + sub-pixel,1.3467434260981692,0.24381617276993006,0.26888377376695494
Classical: Threshold + sub-pixel,1.273893875329479,0.16990935725568235,0.4546506941843538
Classical: Threshold + sub-pixel,1.3044310941620294,0.15587279381319585,0.37101494476366437
Classical: Threshold + sub-pixel,1.3183947182459466,0.22590879941796693,0.39214490295666526
Classical: Threshold + sub-pixel,1.2777535525351142,0.16062899080762305,0.34034078338876106
Classical: Threshold + sub-pixel,1.3357503162545248,0.23487009205888598,0.4278126234066626
Classical: Threshold + sub-pixel,1.3218543956306448,0.2788153059903056,0.5291380833603658
Classical: Threshold + sub-pixel,1.3143483136586251,0.15246507469760573,0.27954152712066827
Classical: Threshold + sub-pixel,1.3016459215263727,0.23292703797012204,0.5108689040377556
Classical: Threshold + sub-pixel,1.304615088127461,0.21843396396284964,0.5233644105180153
Classical: Threshold + sub-pixel,1.3017698552657122,0.1909472068454583,0.5139024223358275
Classical: Threshold + sub-pixel,1.3449523971913382,0.2990658680144094,0.7485038045638353
Classical: Threshold + sub-pixel,1.2881640805535186,0.16719554977695283,0.5085393517197021
Classical: Threshold + sub-pixel,1.2470876040167123,0.14470019815679436,0.3581944438964204
Classical: Threshold + sub-pixel,1.345014692609231,0.3125279901425254,0.7621502017601185
Classical: Threshold + sub-pixel,1.2874993658029,0.2209965004090283,0.5128056653064865
Classical: Threshold + sub-pixel,1.2752537470675098,0.18090367898282467,0.48012751776327156
Classical: Threshold + sub-pixel,1.3738675486562888,0.2948671910785092,0.8475461127536437
Classical: Threshold + sub-pixel,1.340923744180618,0.14322466343870022,0.48076823550772296
Classical: Threshold + sub-pixel,1.2273394137980147,0.20418161356857023,0.4734315262200115
Classical: Threshold + sub-pixel,1.3013320222138594,0.21887733213429028,0.4668827027929905
Classical: Threshold + sub-pixel,1.284962912947707,0.2087160808313565,0.5358485050834689
Classical: Threshold + sub-pixel,1.4152861903985139,0.3646316608221474,0.9559198694815529
Classical: Threshold + sub-pixel,1.297248779152406,0.2084375590637555,0.5199709787841102
Classical: Threshold + sub-pixel,1.321763176287497,0.20757343408339068,0.4887281384116493
Classical: Threshold + sub-pixel,1.3426489752916964,0.26490944019349205,0.7892299516571315
Classical: Threshold + sub-pixel,1.2396743282803893,0.15842757673802987,0.40057980038725627
Classical: Threshold + sub-pixel,1.3413775442773903,0.2420642062297793,0.5047462860761351
Classical: Threshold + sub-pixel,1.3226430452462612,0.30494621799047184,0.6754650096998638
Classical: Threshold + sub-pixel,1.3134800357865517,0.15890201491956568,0.2196864750326839
Classical: Threshold + sub-pixel,1.2571925440074718,0.28362358674732746,0.6797771599402622
Classical: Threshold + sub-pixel,1.306968516025081,0.20145102892652766,0.5854299224739987
Classical: Threshold + sub-pixel,1.289609901765782,0.21900084419369537,0.49926555055691035
Classical: Threshold + sub-pixel,1.3701284630392088,0.23163505890741876,0.733808234130289
Classical: Threshold + sub-pixel,1.3783047381470253,0.25977435983721175,0.675832543020856
Classical: Threshold + sub-pixel,1.266672042199685,0.23660505735541493,0.5742509495594788
Classical: Threshold + sub-pixel,1.345742559448175,0.35861454923539593,0.923548946905079
Classical: Threshold + sub-pixel,1.2627093597318186,0.19718539242378874,0.45019729962639343
Classical: Threshold + sub-pixel,1.2905175597304983,0.11676133899287622,0.46494037203543614
Classical: Threshold + sub-pixel,1.2977093284635433,0.23436472707846456,0.5385970900072383
Classical: Threshold + sub-pixel,1.3241449580738185,0.24000337411322392,0.6846648433279701
Classical: Threshold + sub-pixel,1.3356637397738202,0.26828448953254946,0.6080418676601542
Classical: Threshold + sub-pixel,1.3316000224234021,0.2585983153549255,0.6242907283301882
Classical: Threshold + sub-pixel,1.2980816917315425,0.21055772730634859,0.38607345557001715
Classical: Threshold + sub-pixel,1.288239431512015,0.18858964611688456,0.3771450342994602
Classical: Threshold + sub-pixel,1.2769040313060105,0.29385526069352397,0.7936934602652184
Classical: Threshold + sub-pixel,1.2911444019805056,0.2923961687999991,0.8112749820308773
Classical: Threshold + sub-pixel,1.3122108753683244,0.24564339855217932,0.6156766476818571
Classical: Threshold + sub-pixel,1.238547650444421,0.21008638175100602,0.6268279849835139
Classical: Threshold + sub-pixel,1.3661361351481136,0.3768033769442103,0.9076367002090078
Classical: Threshold + sub-pixel,1.333981204725076,0.2809757770959638,0.6646020085627811
Classical: Threshold + sub-pixel,1.3411163682096578,0.24039721876713105,0.5943141598519455
Classical: Threshold + sub-pixel,1.336793027524914,0.2193496025423285,0.5685409709033322
Classical: Threshold + sub-pixel,1.321011092400779,0.2842191676652577,0.7188201367835905
Classical: Threshold + sub-pixel,1.2844466971178465,0.1633650030217263,0.3969967170224873
Classical: Threshold + sub-pixel,1.343260790079404,0.2191967546303173,0.4830450145194223
Classical: Threshold + sub-pixel,1.3596069505720076,0.3142028011793331,0.8994507970475438
Classical: Threshold + sub-pixel,1.332209465148667,0.26271584845451335,0.5837528293147589
Classical: Threshold + sub-pixel,1.300286253637355,0.2741965379738376,0.6956314854108436
Classical: Threshold + sub-pixel,1.2680395862591864,0.24986378882138327,0.6177700604761791
Classical: Threshold + sub-pixel,1.3136905558048246,0.24204211365751016,0.6424743305257641
Classical: Threshold + sub-pixel,1.3194212516533357,0.27288271976836487,0.6281921818555487
Classical: Threshold + sub-pixel,1.3359079092201607,0.14383722022318557,0.30222465203861626
Classical: Threshold + sub-pixel,1.27073966644107,0.1978795322350747,0.43960320444271406
Classical: Threshold + sub-pixel,1.3302685726666486,0.25663048254616516,0.6646399002193892
Classical: Threshold + sub-pixel,1.352582870899528,0.21635150143629178,0.59892134912002
Classical: Threshold + sub-pixel,1.3133709699656764,0.258201904710167,0.23236001302905707
Classical: Threshold + sub-pixel,1.3562755285384864,0.3120782997567345,0.4807719146890932
Classical: Threshold + sub-pixel,1.320948580477673,0.22638846694240322,0.23388486543126508
Classical: Threshold + sub-pixel,1.3205142742394145,0.2440831456007927,0.20098975072333092
Classical: Threshold + sub-pixel,1.304522057951933,0.2732746680547,0.24164169207650454
Classical: Threshold + sub-pixel,1.3677955863740396,0.2161342011665821,0.3485559111514862
Classical: Threshold + sub-pixel,1.2922994501302851,0.21087791706504877,0.1978840723203481
Classical: Threshold + sub-pixel,1.3161577983735548,0.21172788727017677,0.31257644120934347
Classical: Threshold + sub-pixel,1.3336908027142278,0.2737139455606553,0.5114236681780342
Classical: Threshold + sub-pixel,1.30956449593099,0.21018142428514375,0.3984946105126639
Classical: Threshold + sub-pixel,1.2592963940478819,0.2442763590576088,0.651598589919741
Classical: Threshold + sub-pixel,1.3459003001259973,0.19103861975705094,0.5184304687711232
Classical: Threshold + sub-pixel,1.2724215027828554,0.21763997088957454,0.22755399151664357
Classical: Threshold + sub-pixel,1.292296430750211,0.2891720540844074,0.5058821126476702
Classical: Threshold + sub-pixel,1.346074025893106,0.21555940736081813,0.32285796249264265
Classical: Threshold + sub-pixel,1.2666119108110685,0.2540240779889994,0.4609847439562438
Classical: Threshold + sub-pixel,1.3094469191194298,0.26550495070630153,0.7039887188490477
Classical: Threshold + sub-pixel,1.2751370367290544,0.2081517514383816,0.33002924751174345
Classical: Threshold + sub-pixel,1.310076825377755,0.2016823803823059,0.3760632293744386
Classical: Threshold + sub-pixel,1.3372080615867785,0.2797062646242703,0.44233206929163305
Classical: Threshold + sub-pixel,1.2847149861754477,0.22143368162790011,0.3494196120642721
Classical: Threshold + sub-pixel,1.309775500008388,0.18815599376703918,0.25079147154783854
Classical: Threshold + sub-pixel,1.3025919685804703,0.30593150780640344,0.5277037246226743
Classical: Threshold + sub-pixel,1.2904497755646531,0.2501040166828987,0.6024829676576513
Classical: Threshold + sub-pixel,1.3225706547249794,0.21759846357575663,0.04061960260628461
Classical: Threshold + sub-pixel,1.362876529342428,0.25785055819466385,0.4461757681230618
Classical: Threshold + sub-pixel,1.283099882530177,0.21375648630743194,0.4295734824958921
Classical: Threshold + sub-pixel,1.3072354200824157,0.2799381089553761,0.35706925768892295
Classical: Threshold + sub-pixel,1.2893621776796516,0.18284516575912868,0.16438830680444227
Classical: Threshold + sub-pixel,1.3274774463330787,0.2566491422797993,0.36517765676349434
Classical: Threshold + sub-pixel,1.281212628802575,0.25187275078048565,0.561578985165867
Classical: Threshold + sub-pixel,1.2942739883759184,0.3069847248390729,0.2072864005133317
Classical: Threshold + sub-pixel,1.289497994749848,0.18760678109271312,0.48438806661000866
Classical: Threshold + sub-pixel,1.3674796858186102,0.25835538030843086,0.5178106120761228
Classical: Threshold + sub-pixel,1.3191439747076847,0.2857707244664316,0.24818345166132083
Classical: Threshold + sub-pixel,1.3269541449558242,0.2624508056624524,0.26765398560703746
Classical: Threshold + sub-pixel,1.3321349202516533,0.25748406929390455,0.03423551632361499
Classical: Threshold + sub-pixel,1.3019906953537197,0.2492830780005144,0.22093636955263762
Classical: Threshold + sub-pixel,1.3340638780339744,0.2729078130352899,0.3357983254345145
Classical: Threshold + sub-pixel,1.3063675905798138,0.26073643673059244,0.6240904288769986
Classical: Threshold + sub-pixel,1.3251550894577795,0.2337961524275023,0.2938866694803761
Classical: Threshold + sub-pixel,1.3491828905714573,0.23302136699793952,0.19943079857904422
Classical: Threshold + sub-pixel,1.3752436148214444,0.23042463734996144,0.10545081447648186
Classical: Threshold + sub-pixel,1.35653781633882,0.23605407972576098,0.23598637107504428
Classical: Threshold + sub-pixel,1.310425928780117,0.24147806123878068,0.3421278250179749
Classical: Threshold + sub-pixel,1.29039032647895,0.24259035337862211,0.09112915242050335
Classical: Threshold + sub-pixel,1.3025426105429472,0.2263485690604129,0.36983290288824233
Classical: Threshold + sub-pixel,1.3152644044658772,0.21732710772696606,0.29182268655847365
Classical: Threshold + sub-pixel,1.3636061706536982,0.29500762239413625,0.1723450000307316
Classical: Threshold + sub-pixel,1.304115084453953,0.2010779394654002,0.3846054432905879
Classical: Threshold + sub-pixel,1.3243965427023512,0.2648946626538238,0.2922071894968976
Classical: Threshold + sub-pixel,1.2943631945883722,0.2784799735938096,0.5604174286943546
Classical: Threshold + sub-pixel,1.3643941638522854,0.27037649687886567,0.4239316170328671
Classical: Threshold + sub-pixel,1.336788380208045,0.24582505115921827,0.3436293069684613
Classical: Threshold + sub-pixel,1.3036272674937757,0.2176416865188181,0.4240798175600271
Classical: Threshold + sub-pixel,1.3376329494437336,0.22517118213583664,0.31264918676649844
Classical: Threshold + sub-pixel,1.3462558712090171,0.27503095430657865,0.2261077606691535
Classical: Threshold + sub-pixel,1.319108845226661,0.18789038595543162,0.4233242760692941
Classical: Threshold + sub-pixel,1.359600598440669,0.26505870801356923,0.3961010551626021
Classical: Threshold + sub-pixel,1.3535174768867655,0.24918510205001365,0.1696797801573926
Classical: Threshold + sub-pixel,1.3657119867526444,0.28902712162621225,0.059308575072170244
Classical: Threshold + sub-pixel,1.309251474721967,0.18341604566069358,0.007587249801221718
Classical: Threshold + sub-pixel,1.3416711978322111,0.2464524441679653,0.039629218552718504
Classical: Threshold + sub-pixel,1.3287268529973744,0.17990399747103702,0.06242904196165977
Classical: Threshold + sub-pixel,1.295498073932222,0.2093281812394847,0.15124053437742302
Classical: Threshold + sub-pixel,1.3213631191741233,0.2987199937751407,0.1983536487535289
Classical: Threshold + sub-pixel,1.291862153662859,0.22386208661450835,0.21982548550113812
Classical: Threshold + sub-pixel,1.3201118012190831,0.27696395989494715,0.07149623399077987
Classical: Threshold + sub-pixel,1.3165554322751458,0.2116501036282198,0.2922518934546987
Classical: Threshold + sub-pixel,1.3436486513633725,0.2687877779062233,0.21781383498555407
Classical: Threshold + sub-pixel,1.2999450686955238,0.22070768627885284,0.087872772389191
Classical: Threshold + sub-pixel,1.3559311103534988,0.26079384004238604,0.30963536458461505
Classical: Threshold + sub-pixel,1.3256348303602592,0.2206597457672984,0.06314851507236874
Classical: Threshold + sub-pixel,1.4001793863318028,0.3023830563109289,0.19509741944044068
Classical: Threshold + sub-pixel,1.2351777883340853,0.18111120559060312,0.023685861691108645
Classical: Threshold + sub-pixel,1.2934655443136291,0.28888933727328603,0.07260968443402649
Classical: Threshold + sub-pixel,1.2942507163406711,0.22084926702491792,0.00783615613523625
Classical: Threshold + sub-pixel,1.2917606540124158,0.33877421791901563,0.23648110464271754
Classical: Threshold + sub-pixel,1.3736849050210238,0.267409086929544,0.13288764718906143
Classical: Threshold + sub-pixel,1.3453742407430709,0.2498366910534645,0.20571028142539882
Classical: Threshold + sub-pixel,1.3455148548985787,0.22079609669663092,0.059140863491909945
Classical: Threshold + sub-pixel,1.3244613753556183,0.21900929814582892,0.13874501927771443
Classical: Threshold + sub-pixel,1.3529845325357317,0.2875167955581198,0.1671806685709598
Classical: Threshold + sub-pixel,1.3642709782614295,0.24829940833421815,0.1829516277922516
Classical: Threshold + sub-pixel,1.3906049864689267,0.3079782623150721,0.011635090102667833
Classical: Threshold + sub-pixel,1.243260836933609,0.17687715217593447,0.046405551925500665
Classical: Threshold + sub-pixel,1.3509005861104146,0.34332306824371583,0.10290557900545871
Classical: Threshold + sub-pixel,1.3928009474137895,0.22161833245969842,0.006179180352185787
Classical: Threshold + sub-pixel,1.2553263534680712,0.22359892663541958,0.16438829438229785
Classical: Threshold + sub-pixel,1.317243338232091,0.2394438778563468,0.05815994133411473
Classical: Threshold + sub-pixel,1.2730240041511547,0.23202397075879222,0.15582394921762033
Classical: Threshold + sub-pixel,1.3332175464384504,0.2303425017285643,0.08460333332863135
Classical: Threshold + sub-pixel,1.3292421887937578,0.23855592725695585,0.1901015888538926
Classical: Threshold + sub-pixel,1.2067792355209561,0.16487346369540612,0.1732569212134265
Classical: Threshold + sub-pixel,1.3396350104294024,0.16754307070136076,0.08933789882042986
Classical: Threshold + sub-pixel,1.2772595875440875,0.15421893482396432,0.207795612479988
Classical: Threshold + sub-pixel,1.3570115292610794,0.22746636427229372,0.07516967245252593
Classical: Threshold + sub-pixel,1.3616284766305855,0.21795801581134144,0.011263208732068097
Classical: Threshold + sub-pixel,1.2400550560397672,0.10215966256774722,0.020049212172739583
Classical: Threshold + sub-pixel,1.3194407507191288,0.2358389741076382,0.06764786780909038
Classical: Threshold + sub-pixel,1.3001692274236838,0.2306026940232988,0.07423566322669162
Classical: Threshold + sub-pixel,1.3149139624220025,0.21977301573080366,0.23845346923157984
Classical: Threshold + sub-pixel,1.2996430074549328,0.1945980199742503,0.11250454104361762
Classical: Threshold + sub-pixel,1.3325793871626535,0.28906658876178326,0.02946749518231484
Classical: Threshold + sub-pixel,1.3094498077728398,0.23302686182542054,0.02522065219656655
Classical: Threshold + sub-pixel,1.3341374342300787,0.3254310687247721,0.10929122982784345
Classical: Threshold + sub-pixel,1.327973431715534,0.2065197149700242,0.09921044012171198
Classical: Threshold + sub-pixel,1.3197863672676848,0.25935799851476826,0.16884586747349895
Classical: Threshold + sub-pixel,1.3075678422618595,0.2935581621256633,0.10076620751277865
Classical: Threshold + sub-pixel,1.3421690564010575,0.31092465208157094,0.24203835904827797
Classical: Threshold + sub-pixel,1.3477897400089676,0.16827237209107515,0.07588221726368483
Classical: Threshold + sub-pixel,1.202260459000648,0.09696020861308552,0.20343487456063092
Classical: Threshold + sub-pixel,1.320659799354595,0.32025525857331893,0.21173863380318947
Classical: Threshold + sub-pixel,1.3626370554954623,0.34226932700579027,0.06904786651150441
Classical: Threshold + sub-pixel,1.3606174140185447,0.2761073301704191,0.16906093955974177
Classical: Threshold + sub-pixel,1.336188365566298,0.2169938184563035,0.07109374062489326
Classical: Threshold + sub-pixel,1.3183587874335834,0.18455143553028053,0.06067330421054673
Classical: Threshold + sub-pixel,1.3530293845850068,0.298761891298265,0.01578303930608138
Classical: Threshold + sub-pixel,1.3433991280272588,0.2912026321586705,0.16734636747114218
Classical: Threshold + sub-pixel,1.3210128042156632,0.3272319939459707,0.11115836126164402
Classical: Threshold + sub-pixel,1.3244364717491794,0.22832180947605518,0.3243495925433666
Classical: Threshold + sub-pixel,1.391784220703002,0.24852840505053975,0.3022198140441277
Classical: Threshold + sub-pixel,1.3060415751828458,0.1868270164387117,0.5052633504654558
Classical: Threshold + sub-pixel,1.2961411295409269,0.0441780957960467,0.49686799907364043
Classical: Threshold + sub-pixel,1.2699156907712952,0.2857431353783766,0.22809097869576989
Classical: Threshold + sub-pixel,1.343702466759245,0.18547383764839798,0.27879080099510856
Classical: Threshold + sub-pixel,1.3357799851509355,0.36789386904836596,0.4897802002189995
Classical: Threshold + sub-pixel,1.3847842060586752,0.3745757584634003,0.41553282767098954
Classical: Threshold + sub-pixel,1.3470021244038715,0.2695454804192554,0.3545349894094225
Classical: Threshold + sub-pixel,1.2732568324611082,0.17268244596841797,0.6060864584696044
Classical: Threshold + sub-pixel,1.2743259334713715,0.22171631959147053,0.38205004876463233
Classical: Threshold + sub-pixel,1.310108174930495,0.21654149529818933,0.2880474314013699
Classical: Threshold + sub-pixel,1.3149578877825636,0.24461662163641218,0.3297467150325293
Classical: Threshold + sub-pixel,1.230096528024485,0.2788101262437447,0.1918880354889807
Classical: Threshold + sub-pixel,1.2988025266292225,0.13294878697469548,0.21480300890969817
Classical: Threshold + sub-pixel,1.2686465465403045,0.18944976158268345,0.49944654870050553
Classical: Threshold + sub-pixel,1.3113728914893854,0.2079264652647017,0.3535866321273575
Classical: Threshold + sub-pixel,1.2696395220163303,0.18435602817822305,0.44535015748561224
Classical: Threshold + sub-pixel,1.320847621778507,0.3086148878540643,0.2766573275755799
Classical: Threshold + sub-pixel,1.3067238213854515,0.19883782791402482,0.3582395094443114
Classical: Threshold + sub-pixel,1.2485199334730563,0.17323462050024985,0.4155362734822594
Classical: Threshold + sub-pixel,1.2355587135547876,0.174474709917529,0.39686840968016446
Classical: Threshold + sub-pixel,1.2265160658685275,0.1533535883461402,0.3115879579724863
Classical: Threshold + sub-pixel,1.3381709457751472,0.2442699333604229,0.20118794522580474
Classical: Threshold + sub-pixel,1.3028110102437194,0.19639937276788522,0.3570934977265867
Classical: Threshold + sub-pixel,1.318425942311554,0.205861627330579,0.3342151485852545
Classical: Threshold + sub-pixel,1.3462060316326723,0.17695947429589987,0.5332927390361539
Classical: Threshold + sub-pixel,1.293341312841623,0.25403279255230704,0.4522403836472715
Classical: Threshold + sub-pixel,1.3380617731364173,0.16969237000041182,0.36518623330844835
Classical: Threshold + sub-pixel,1.251166663334977,0.23117315130208538,0.348216039225993
Classical: Threshold + sub-pixel,1.3086275185998026,0.15973747408985417,0.44401330878254286
Classical: Threshold + sub-pixel,1.250365108732125,0.25934398902503997,0.33770274755519747
Classical: Threshold + sub-pixel,1.3998046038003382,0.28456224846007605,0.5160738148680266
Classical: Threshold + sub-pixel,1.263119013965368,0.1984256568378,0.2996588636305453
Classical: Threshold + sub-pixel,1.2670332910999558,0.14732522594875785,0.43944926932178663
Classical: Threshold + sub-pixel,1.277789368627158,0.176979782671689,0.45483265714405885
Classical: Threshold + sub-pixel,1.2638007047176318,0.14080920538594166,0.26840462003298593
Classical: Threshold + sub-pixel,1.3215876153213597,0.2821145678350141,0.37161205060739455
Classical: Threshold + sub-pixel,1.2906621450797577,0.1872830808957503,0.35225714541650843
Classical: Threshold + sub-pixel,1.2852118955581915,0.23506994962690275,0.40368356768711977
Classical: Threshold + sub-pixel,1.3306509175012413,0.3114916415861011,0.2844853074624587
Classical: Threshold + sub-pixel,1.3243814186348857,0.31008325179218177,0.26587975090268645
Classical: Threshold + sub-pixel,1.326851523353565,0.2940800593053885,0.3375316895940248
Classical: Threshold + sub-pixel,1.3530428625758626,0.3055760397026913,0.38018061086928157
Classical: Threshold + sub-pixel,1.2824011733610583,0.2093356164033583,0.20523113336593224
Classical: Threshold + sub-pixel,1.2917214781690847,0.20750501691029866,0.41341594819010474
Classical: Threshold + sub-pixel,1.410517850125247,0.2628311610271432,0.34963626395947145
Classical: Threshold + sub-pixel,1.2817567730534571,0.21141209892303114,0.4431098607816393
Classical: Threshold + sub-pixel,1.3633882587050146,0.2325608011611373,0.4202917536591395
Classical: Threshold + sub-pixel,1.3698040797295161,0.3138798935126783,0.1744680896499211
Classical: Threshold + sub-pixel,1.3263520666596564,0.2987291049051335,0.2735018386147132
Classical: Threshold + sub-pixel,1.350174576114362,0.30107950118291305,0.5314882661724181
Classical: Threshold + sub-pixel,1.2812365619729262,0.1976484980291109,0.28338864121498086
Classical: Threshold + sub-pixel,1.2868238400255754,0.20231187380241733,0.17107310169595613
Classical: Threshold + sub-pixel,1.2528496052052571,0.19427757224615494,0.18975076961411164
Classical: Threshold + sub-pixel,1.3365232164121905,0.24316684389852028,0.3361463864670573
Classical: Threshold + sub-pixel,1.3936006288286125,0.35555431138699156,0.4955148478434568
Classical: Threshold + sub-pixel,1.3435159302377995,0.23011298574022387,0.2520945503135654
Classical: Threshold + sub-pixel,1.4129345598167258,0.3030350937102946,0.51719175786789
Classical: Threshold + sub-pixel,1.331151892227295,0.19184439966923617,0.36558922504943103
Classical: Threshold + sub-pixel,1.336940123347612,0.36019286206964896,0.930536650545887
Classical: Threshold + sub-pixel,1.3110055680060038,0.27941475372008096,0.7630848486059216
Classical: Threshold + sub-pixel,1.330256354892689,0.2944119088197191,0.8385132713116847
Classical: Threshold + sub-pixel,1.2670622611885045,0.24804536404693633,0.5343649850024466
Classical: Threshold + sub-pixel,1.3633434170135634,0.31504406265495644,0.850864611183382
Classical: Threshold + sub-pixel,1.2811860211919135,0.09554877575176046,0.40122002460762496
Classical: Threshold + sub-pixel,1.3315036371522613,0.30052603770934316,0.510985595570469
Classical: Threshold + sub-pixel,1.3109670849235093,0.27292276819530925,0.7937331417834517
Classical: Threshold + sub-pixel,1.3304667216424155,0.2446122144723214,0.7524754603441244
Classical: Threshold + sub-pixel,1.3269682477046252,0.23032787164870783,0.6026038879832938
Classical: Threshold + sub-pixel,1.3950624589440115,0.39357151117818123,0.9410724338912095
Classical: Threshold + sub-pixel,1.372666347731366,0.2374765614099753,0.6850482784015188
Classical: Threshold + sub-pixel,1.2322195465621986,0.22147300254628854,0.4294709623265638
Classical: Threshold + sub-pixel,1.374606972419598,0.3150260823610501,0.7795878286587519
Classical: Threshold + sub-pixel,1.2935919119392483,0.25479642740915875,0.4553148107282763
Classical: Threshold + sub-pixel,1.3104068625112875,0.2108498947174674,0.682974470379301
Classical: Threshold + sub-pixel,1.2783016703891894,0.2609649081977574,0.5576895617847222
Classical: Threshold + sub-pixel,1.2705875339049404,0.23017653889251788,0.45784156521125285
Classical: Threshold + sub-pixel,1.2621060128167343,0.2533765483105196,0.5434315381090922
Classical: Threshold + sub-pixel,1.342805177214491,0.2924387806151909,0.6922450799100475
Classical: Threshold + sub-pixel,1.3341358221326782,0.34681878599495153,0.8800401445825206
Classical: Threshold + sub-pixel,1.3349853743747417,0.23891325925834528,0.5841991265532538
Classical: Threshold + sub-pixel,1.3143185458913078,0.2467993687871245,0.5617602715189509
Classical: Threshold + sub-pixel,1.3394844560615358,0.2809700209285284,0.6096316419908059
Classical: Threshold + sub-pixel,1.3783240360504045,0.3413810386608419,0.9986460007149098
Classical: Threshold + sub-pixel,1.3427873979332314,0.2959586742634658,0.6638233240509714
Classical: Threshold + sub-pixel,1.2564920288007528,0.2367312806054619,0.7140620154296042
Classical: Threshold + sub-pixel,1.3211106222374653,0.16964779388239493,0.5139874730858272
Classical: Threshold + sub-pixel,1.2951930226744721,0.2837622974936508,0.7511214600628726
Classical: Threshold + sub-pixel,1.3200581923804968,0.2576439721974284,0.5948875044344197
Classical: Threshold + sub-pixel,1.2780012130660734,0.20350469166122642,0.4970945528381172
Classical: Threshold + sub-pixel,1.3563074589720403,0.285452203324958,0.7866998724940302
Classical: Threshold + sub-pixel,1.2906996042605339,0.17645100635145305,0.25605672105277866
Classical: Threshold + sub-pixel,1.428869297870103,0.23382768692548794,0.6588490206389641
Classical: Threshold + sub-pixel,1.361842678360404,0.34825683646145,0.9596095439980799
Classical: Threshold + sub-pixel,1.3065208964137707,0.2491220509242652,0.6474581871384826
Classical: Threshold + sub-pixel,1.3123462798453582,0.2036863139691062,0.6403072683794715
Classical: Threshold + sub-pixel,1.3281497123606352,0.26445250602757,0.6402019390735774
Classical: Threshold + sub-pixel,1.3310150343624598,0.24546889514973846,0.7206862119605992
Classical: Threshold + sub-pixel,1.2989611191794324,0.2592394934530903,0.6765034524968798
Classical: Threshold + sub-pixel,1.3534416355002927,0.26327466893248086,0.7913770385193684
Classical: Threshold + sub-pixel,1.2678723203574918,0.23147543717782493,0.39773549379824047
Classical: Threshold + sub-pixel,1.3235584196025854,0.25015249808817586,0.7274335793707538
Classical: Threshold + sub-pixel,1.3062212262141861,0.25060485888550277,0.7474772269173682
Classical: Threshold + sub-pixel,1.3475261325755405,0.28984617462898754,0.7074725631786898
Classical: Threshold + sub-pixel,1.290149116078475,0.1117842387525474,0.3361275703783613
Classical: Threshold + sub-pixel,1.3207174684922665,0.25340141386358284,0.5741813538385485
Classical: Threshold + sub-pixel,1.2996942788708794,0.2494681556476619,0.6665727549285541
Classical: Threshold + sub-pixel,1.3816619524738991,0.3798695180490149,0.8645907328626767
Classical: Threshold + sub-pixel,1.324913793953646,0.26471615579972807,0.6827424267016191
Classical: Threshold + sub-pixel,1.3172412890116454,0.19186831061949072,0.4758743668302394
Classical: Threshold + sub-pixel,1.332867674023511,0.2592415405214802,0.5819267514786677
Classical: Threshold + sub-pixel,1.3064876947098583,0.2261759424861628,0.5644986242387755
Classical: Threshold + sub-pixel,1.3451693352723666,0.26533707343508206,0.6493147166240032
Classical: Threshold + sub-pixel,1.2438987268313322,0.2238423657449391,0.6343558546752122
Classical: Threshold + sub-pixel,1.302305087151654,0.11482702872233652,0.3377090297710752
Classical: Threshold + sub-pixel,1.2917682094812375,0.25679329330692713,0.4647388281495779
Classical: Threshold + sub-pixel,1.3474071743825868,0.26371101697702204,0.5848598563043184
Classical: Threshold + sub-pixel,1.3255030762042592,0.27006018127561193,0.7668022193435651
Classical: Threshold + sub-pixel,1.3850566686929255,0.3067376991753975,0.7387822854932724
Classical: Threshold + sub-pixel,1.2268859360559135,0.15422562661603634,0.2611038521390632
Classical: Threshold + sub-pixel,1.2442686040897837,0.1651567489038377,0.2222301160487694
Classical: Threshold + sub-pixel,1.2881314470920249,0.22314755638432549,0.33084716864510977
Classical: Threshold + sub-pixel,1.2500976380315492,0.17833209711471876,0.18762802059755623
Classical: Threshold + sub-pixel,1.27839448473659,0.13440751839503107,0.4381445721878643
Classical: Threshold + sub-pixel,1.1900176404491305,0.16183330876465918,0.03431011384824001
Classical: Threshold + sub-pixel,1.2622506141763312,0.16830150264257782,0.14136029944159434
Classical: Threshold + sub-pixel,1.2352777653256597,0.1962884531494652,0.1995723526123283
Classical: Threshold + sub-pixel,1.2103320382221447,0.2579186990270077,0.4877432431512161
Classical: Threshold + sub-pixel,1.2383693255059196,0.1550673422705774,0.1567820620973055
Classical: Threshold + sub-pixel,1.2675973274066052,0.19538073514291976,0.13666210969064374
Classical: Threshold + sub-pixel,1.220770365411568,0.18677820792446376,0.4161991284345339
Classical: Threshold + sub-pixel,1.2908472168427667,0.18631247892844982,0.2546832044591074
Classical: Threshold + sub-pixel,1.2446523698706493,0.15937202418655905,0.2683514724615794
Classical: Threshold + sub-pixel,1.2826793597536696,0.15157051980678815,0.22049449300209267
Classical: Threshold + sub-pixel,1.2597688655188164,0.18066017203549467,0.17583697399985332
Classical: Threshold + sub-pixel,1.2254519075075683,0.14527068720246106,0.19564250945816508
Classical: Threshold + sub-pixel,1.290018344239808,0.1939553655423717,0.060667384761425414
Classical: Threshold + sub-pixel,1.2901667751591237,0.16908520017444173,0.014030143153724639
Classical: Threshold + sub-pixel,1.2499700151402346,0.14919637214754333,0.01023109317312998
Classical: Threshold + sub-pixel,1.2628482448312035,0.23761862984314286,0.5448787626163345
Classical: Threshold + sub-pixel,1.273886794840902,0.19080436048848215,0.023435772961674095
Classical: Threshold + sub-pixel,1.2543837511578502,0.17159324635193496,0.3534991432602106
Classical: Threshold + sub-pixel,1.2458325174871987,0.2230274610709444,0.1499185850201621
Classical: Threshold + sub-pixel,1.2662080074138542,0.2107183544272302,0.4443882993665036
Classical: Threshold + sub-pixel,1.3048807481538227,0.16579443439215802,0.638609308223941
Classical: Threshold + sub-pixel,1.19991410149021,0.2108740589168948,0.11282945646711506
Classical: Threshold + sub-pixel,1.294021406671414,0.1681213007490363,0.08319007850090165
Classical: Threshold + sub-pixel,1.2753812297269793,0.1772647251437417,0.4980967385782724
Classical: Threshold + sub-pixel,1.2211188182400767,0.19132948827135587,0.551487549559847
Classical: Threshold + sub-pixel,1.2991082403567091,0.2148612195215509,0.497162015040979
Classical: Threshold + sub-pixel,1.251465667333472,0.18524725004439468,0.10753564746180344
Classical: Threshold + sub-pixel,1.2591964200798347,0.18739785884752402,0.19771884843676824
Classical: Threshold + sub-pixel,1.2061052863636534,0.237977486298379,0.7302123813116459
Classical: Threshold + sub-pixel,1.2716644639030974,0.20698071767901116,0.49249490743873925
Classical: Threshold + sub-pixel,1.2700120285140577,0.1788240750494987,0.4323895883397637
Classical: Threshold + sub-pixel,1.2563061044991046,0.16940234384305342,0.09075529227048795
Classical: Threshold + sub-pixel,1.2440475397424513,0.21329490628203507,0.5030553669027797
Classical: Threshold + sub-pixel,1.3037214632425551,0.12270580929080543,0.4144234249573828
Classical: Threshold + sub-pixel,1.2355880067429528,0.13299887192982607,0.04124809497434789
Classical: Threshold + sub-pixel,1.256864804790182,0.21178029928496833,0.1530187937360432
Classical: Threshold + sub-pixel,1.2958404893967659,0.21600425810846025,0.5316642758673484
Classical: Threshold + sub-pixel,1.211540215348663,0.22757680461367968,0.2118922047800802
Classical: Threshold + sub-pixel,1.2039782231301557,0.22168191025502249,0.018561787252928452
Classical: Threshold + sub-pixel,1.2686567568024096,0.17271755111208797,0.12711129345397976
Classical: Threshold + sub-pixel,1.2360273080412334,0.19667087112236858,0.3463564586814112
Classical: Threshold + sub-pixel,1.3236775821989133,0.17662694276936708,0.5836677285216758
Classical: Threshold + sub-pixel,1.263800601995485,0.2557653664705536,0.3987974039674098
Classical: Threshold + sub-pixel,1.28380295054849,0.14856406138958678,0.267999997707858
Classical: Threshold + sub-pixel,1.2545038865801919,0.174278500422417,0.14350012891311614
Classical: Threshold + sub-pixel,1.2763803527145696,0.14925249311076727,0.05301207982416978
Classical: Threshold + sub-pixel,1.2783120585205197,0.1770274174092049,0.04570924797604348
Classical: Threshold + sub-pixel,1.237958843308412,0.07652707865944874,0.13471409300522752
Classical: Threshold + sub-pixel,1.2578130911863852,0.14463924417419116,0.24078767615589314
Classical: Threshold + sub-pixel,1.2957119769527716,0.15269806103601946,0.01836488511756773
Classical: Threshold + sub-pixel,1.2416822225368436,0.16748105632807542,0.02174011830873024
Classical: Threshold + sub-pixel,1.2318852283900301,0.19176931318770596,0.13343754614841008
Classical: Threshold + sub-pixel,1.26364167027852,0.13003031983149427,0.06468144670851994
Classical: Threshold + sub-pixel,1.2456034732229742,0.19106527567332743,0.22870991198329782
Classical: Threshold + sub-pixel,1.2946265892275777,0.2079406247880835,0.43508997344307354
Classical: Threshold + sub-pixel,1.1684634789197506,0.12026718714567475,0.07487711989613244
Classical: Threshold + sub-pixel,1.2067219913134042,0.10965789736491749,0.019118346619235282
Classical: Threshold + sub-pixel,1.3441760436724617,0.24313892317920205,0.035973913480167985
Classical: Threshold + sub-pixel,1.2194213209836018,0.07039783939395583,0.04636512127424397
Classical: Threshold + sub-pixel,1.2638480830117056,0.1676324099049742,0.14763543033390625
Classical: Threshold + sub-pixel,1.2643142213532437,0.12069730714489157,0.20873662759430722
Classical: Threshold + sub-pixel,1.1949287775201645,0.1618048052094987,0.22470570449650618
Classical: Threshold + sub-pixel,1.2387164370869932,0.12491446397090811,0.09569353594431385
Classical: Threshold + sub-pixel,1.22807874494686,0.14314492107640198,0.15060168181839306
Classical: Threshold + sub-pixel,1.2135220516216723,0.16841293230920118,0.2579390089349378
Classical: Threshold + sub-pixel,1.308293050481631,0.18259864693539274,0.2203393105940057
Classical: Threshold + sub-pixel,1.2552224193695625,0.12423592989094012,0.06661756580554967
Classical: Threshold + sub-pixel,1.26266917722948,0.18927351666663172,0.2027724118876726
Classical: Threshold + sub-pixel,1.2311110668276506,0.0640095885757922,0.3837921290221802
Classical: Threshold + sub-pixel,1.2503763340418819,0.24063421102735183,0.02354250902961663
Classical: Threshold + sub-pixel,1.270253626636411,0.2625282789400766,0.2857458289798924
Classical: Threshold + sub-pixel,1.2745880418586615,0.12274051144728115,0.13889351439733977
Classical: Threshold + sub-pixel,1.301540911637403,0.3022560004794078,0.1880984316647154
Classical: Threshold + sub-pixel,1.296543422998928,0.16136414515411612,0.627192395682082
Classical: Threshold + sub-pixel,1.2331415105805672,0.15984614073736392,0.03890103269110479
Classical: Threshold + sub-pixel,1.3275508408311287,0.1809200888445568,0.297599136271284
Classical: Threshold + sub-pixel,1.2187087836483315,0.1835878983350404,0.16787471026970135
Classical: Threshold + sub-pixel,1.2242762678428396,0.1723057786111365,0.04664291776655172
Classical: Threshold + sub-pixel,1.223389426911286,0.1484841744682467,0.2638421553267365
Classical: Threshold + sub-pixel,1.2624998566029497,0.2707628952369703,0.2650078281974104
Classical: Threshold + sub-pixel,1.256951734475154,0.1835465957034692,0.163707296650206
Classical: Threshold + sub-pixel,1.2696505344485554,0.20108390829156741,0.11557820061538249
Classical: Threshold + sub-pixel,1.2689015645989588,0.24444431174441672,0.06486622505818063
Classical: Threshold + sub-pixel,1.2426825606614553,0.21475596797028307,0.27141222655601105
Classical: Threshold + sub-pixel,1.2468919291521996,0.2125835986616461,0.021860593576410015
Classical: Threshold + sub-pixel,1.2744702467699898,0.14494767139327136,0.14796843223174005
Classical: Threshold + sub-pixel,1.299564357142141,0.21157645318751162,0.15247134640438298
Classical: Threshold + sub-pixel,1.3074892860043827,0.12829987868950166,0.09103667344089628
Classical: Threshold + sub-pixel,1.2114606099295246,0.1328376402420528,0.019289456131440508
Classical: Threshold + sub-pixel,1.2506768362212017,0.11371856055110852,0.0339171270741061
Classical: Threshold + sub-pixel,1.2720708435428918,0.11912709617062234,0.14237953681344973
Classical: Threshold + sub-pixel,1.2509298365074766,0.18045628324286744,0.014083386383281882
Classical: Threshold + sub-pixel,1.163749950123876,0.1421007208733155,0.05210126395209547
Classical: Threshold + sub-pixel,1.317978344796226,0.26054249814587704,0.0833175665384489
Classical: Threshold + sub-pixel,1.27307014260216,0.20287592421278022,0.017513053524327304
Classical: Threshold + sub-pixel,1.2422716044652442,0.19170292982192183,0.1933206141681767
Classical: Threshold + sub-pixel,1.2862528664135215,0.26598894230526293,0.49615620802398563
Classical: Threshold + sub-pixel,1.1912340615826287,0.08130303097966651,0.3703912960833924
Classical: Threshold + sub-pixel,1.231026489527813,0.27295119777870414,0.09696790119694532
Classical: Threshold + sub-pixel,1.2152777342142096,0.15550334002247157,0.132546241453682
Classical: Threshold + sub-pixel,1.2669978007046323,0.32950880047276465,0.16927151464295287
Classical: Threshold + sub-pixel,1.2035361511536313,0.16677025460447303,0.03604287731828992
Classical: Threshold + sub-pixel,1.2755120400554674,0.25226736644588776,0.09488620119444136
Classical: Threshold + sub-pixel,1.161127517197912,0.08867035149294822,0.05985591830999737
Classical: Threshold + sub-pixel,1.2892798351210133,0.22068230680607193,0.29504850780876457
Classical: Threshold + sub-pixel,1.3106321049921106,0.29153936356921384,0.20924453463435788
Classical: Threshold + sub-pixel,1.2276363558432113,0.22946612005025357,0.21858600672362005
Classical: Threshold + sub-pixel,1.2658150919902527,0.1371842378413095,0.2811452495818343
Classical: Threshold + sub-pixel,1.2055977947214007,0.23344012978038908,0.13201852000724257
Classical: Threshold + sub-pixel,1.2409155842315847,0.1117198335423516,0.1626379230096664
Classical: Threshold + sub-pixel,1.186965244818925,0.13888217158601146,0.304498329406123
Classical: Threshold + sub-pixel,1.1434551386128646,0.04827686627535965,0.06393453308839092
Classical: Threshold + sub-pixel,1.267959576877061,0.17528385691382098,0.001786038976759885
Classical: Threshold + sub-pixel,1.2365609002810618,0.1064719291406796,0.25511347299113885
Classical: Threshold + sub-pixel,1.2211055460591316,0.08944405369059749,0.13382169334784377
Classical: Threshold + sub-pixel,1.3043547647764675,0.23257857121921577,0.3736040425219602
Classical: Threshold + sub-pixel,1.327513869737189,0.26077992718551524,0.29723953800860037
Classical: Threshold + sub-pixel,1.2873532612758631,0.23712115250938848,0.2857634879485027
Classical: Threshold + sub-pixel,1.2319784841023367,0.1925084395078156,0.4930795877645755
Classical: Threshold + sub-pixel,1.2725382069526177,0.20627752897459384,0.6824017731244216
Classical: Threshold + sub-pixel,1.2717269187322957,0.19381505688152834,0.4128944872200333
Classical: Threshold + sub-pixel,1.3192863469114378,0.21986220025342296,0.4173062105064176
Classical: Threshold + sub-pixel,1.3356131431113374,0.2855700610852111,0.6981075450617202
Classical: Threshold + sub-pixel,1.2619785489958852,0.23691958775869404,0.5390934906928451
Classical: Threshold + sub-pixel,1.1609212966037918,0.04691046890249895,0.39094012663286426
Classical: Threshold + sub-pixel,1.2548540762201208,0.1873072997474673,0.18392149870849694
Classical: Threshold + sub-pixel,1.3070902651540128,0.315141996464565,0.4672147693003639
Classical: Threshold + sub-pixel,1.2223320300888787,0.16827736543848815,0.26559767869357964
Classical: Threshold + sub-pixel,1.2751484222106402,0.12087628056156008,0.4161453907020458
Classical: Threshold + sub-pixel,1.30049549031116,0.20340683459721098,0.709718353418868
Classical: Threshold + sub-pixel,1.2936515865411309,0.23062421481548834,0.5161062408102155
Classical: Threshold + sub-pixel,1.307154407837535,0.23348261705440776,0.7354634228459656
Classical: Threshold + sub-pixel,1.2474492578453453,0.15448836803943777,0.3143353230792951
Classical: Threshold + sub-pixel,1.3335666278032325,0.28408565681580056,0.5635527607729827
Classical: Threshold + sub-pixel,1.3017206659012954,0.2942767208710092,0.5794685038083891
Classical: Threshold + sub-pixel,1.3379025148020365,0.3121826758143438,0.7523955868979524
Classical: Threshold + sub-pixel,1.284114066562246,0.3299447549830573,0.23563167454900835
Classical: Threshold + sub-pixel,1.2603181925620948,0.14972410391123836,0.32258677881446185
Classical: Threshold + sub-pixel,1.3434244745468842,0.2734069577777044,0.26361658557941303
Classical: Threshold + sub-pixel,1.204528634166905,0.09045036923828209,0.5690174983608118
Classical: Threshold + sub-pixel,1.1359484684767245,0.0732641665154713,0.2933750363544356
Classical: Threshold + sub-pixel,1.301426114819969,0.2559017412886061,0.8162733494554373
Classical: Threshold + sub-pixel,1.268302644381436,0.21836870673042375,0.5626458183644856
Classical: Threshold + sub-pixel,1.1945889129654312,0.043972231833564135,0.3508630324073867
Classical: Threshold + sub-pixel,1.1635704200646733,0.11114878198450029,0.5274358798718664
Classical: Threshold + sub-pixel,1.241125289670176,0.18343410963766715,0.5915026631408158
Classical: Threshold + sub-pixel,1.2614035957798801,0.2638414430070837,0.2245797034522674
Classical: Threshold + sub-pixel,1.2718092311053486,0.20410390720243232,0.34201556044224435
Classical: Threshold + sub-pixel,1.3583319174157993,0.2947545116067283,0.592227564962849
Classical: Threshold + sub-pixel,1.2721509830851652,0.22924433235088526,0.3609649920174449
Classical: Threshold + sub-pixel,1.1980540478903594,0.10080460710953365,0.23904278601604134
Classical: Threshold + sub-pixel,1.316106773737622,0.17590348250167465,0.3196501239544376
Classical: Threshold + sub-pixel,1.2420235816437737,0.15480286119513242,0.3888799625331094
Classical: Threshold + sub-pixel,1.3082090188488793,0.3584321980137175,0.4670131353661122
Classical: Threshold + sub-pixel,1.36890759717292,0.2956896005508356,0.3825327613592666
Classical: Threshold + sub-pixel,1.207342892931689,0.14968442819742034,0.35206442044895025
Classical: Threshold + sub-pixel,1.1784808104748228,0.10347867052840787,0.19607872192011278
Classical: Threshold + sub-pixel,1.3698180712176034,0.18919352286356284,0.8190681882174295
Classical: Threshold + sub-pixel,1.1359844741275738,0.05118536469107071,0.2745836022326855
Classical: Threshold + sub-pixel,1.1545748736343706,0.21740251598881616,0.2021890161444293
Classical: Threshold + sub-pixel,1.25541126776563,0.20813575950524854,0.3318193354737293
Classical: Threshold + sub-pixel,1.3340805246271379,0.3119614400201415,0.6129538389268225
Classical: Threshold + sub-pixel,1.2111263899592615,0.08926461718470047,0.2835062313412755
Classical: Threshold + sub-pixel,1.2329868495511982,0.1841036761006445,0.6510599237554928
Classical: Threshold + sub-pixel,1.199180483093003,0.1584930336399939,0.44859275097885387
Classical: Threshold + sub-pixel,1.2413861498329175,0.17906716918615828,0.468980875618517
Classical: Threshold + sub-pixel,1.2020893495679363,0.19391712319568288,0.5293007370769052
Classical: Threshold + sub-pixel,1.1940649416068534,0.1673895009294225,0.23471250418434964
Classical: Threshold + sub-pixel,1.2595354200658928,0.2576423535362955,0.29900943827292537
Classical: Threshold + sub-pixel,1.3165311678322047,0.16197735525972767,0.5167026505511116
Classical: Threshold + sub-pixel,1.3298288325593113,0.32916398182649875,0.768624481059611
Classical: Threshold + sub-pixel,1.2984551021029644,0.19336478558928138,0.3139714627135872
Classical: Threshold + sub-pixel,1.19222180804366,0.10829266352013611,0.28070016281415366
Classical: Threshold + sub-pixel,1.2314660788512657,0.1280566822871544,0.23830484998508594
Classical: Threshold + sub-pixel,1.1972237142171078,0.08656563287888253,0.2630156682004654
Classical: Threshold + sub-pixel,1.234733665159216,0.20255776989685603,0.3871354170722323
Classical: Threshold + sub-pixel,1.2500644369161509,0.16768602583215286,0.41043168881044134
Classical: Threshold + sub-pixel,1.2249599296330893,0.12282760902910639,0.08887515435584015
Classical: Threshold + sub-pixel,1.1920460868447353,0.17106180101850443,0.2611554220536627
Classical: Threshold + sub-pixel,1.1548746703083208,0.09365656150920831,0.3908106649520968
Classical: Threshold + sub-pixel,1.2145630960683929,0.16905131940718465,0.3015667448674011
Classical: Threshold + sub-pixel,1.2165766112992853,0.24357968644907657,0.3878761076426256
Classical: Threshold + sub-pixel,1.2669976823805476,0.19762443401599217,0.36850496354702345
Classical: Threshold + sub-pixel,1.2771771004418173,0.1897190150394129,0.404695010507784
Classical: Threshold + sub-pixel,1.2525283571024484,0.16530043284431684,0.45636684728614085
Classical: Threshold + sub-pixel,1.2274214120791664,0.24608543869232335,0.5144210640036195
Classical: Threshold + sub-pixel,1.234910516185467,0.08838319789536186,0.26018712342183825
Classical: Threshold + sub-pixel,1.239910833268165,0.10996576088750154,0.19205397713271766
Classical: Threshold + sub-pixel,1.2717151800139892,0.19867099488321016,0.5779716363400151
Classical: Threshold + sub-pixel,1.1993502599539827,0.07450829479567589,0.04314476211560003
Classical: Threshold + sub-pixel,1.2468058424663435,0.16033795074890567,0.31855190906621567
Classical: Threshold + sub-pixel,1.2491380737964894,0.16127205575330372,0.5771787382970914
Classical: Threshold + sub-pixel,1.3209641318918477,0.20522568878655267,0.5930460100905945
Classical: Threshold + sub-pixel,1.285141668701502,0.32801315293762345,0.8784129866250892
Classical: Threshold + sub-pixel,1.2552916338318938,0.15239151091097747,0.3823849507413468
Classical: Threshold + sub-pixel,1.240649261149784,0.2236867279950907,0.5819673688122151
Classical: Threshold + sub-pixel,1.3092163688548628,0.24123928441745723,0.3982484879434278
Classical: Threshold + sub-pixel,1.2522760762548353,0.17647555550921634,0.40039093693404904
Classical: Threshold + sub-pixel,1.20385821322277,0.09846416911557276,0.15968872424360558
Classical: Threshold + sub-pixel,1.2302979750011442,0.09048723125219915,0.5334809587907796
Classical: Threshold + sub-pixel,1.2152843954709327,0.16076269773585383,0.3776707672120745
Classical: Threshold + sub-pixel,1.3217090656846568,0.23094309498355514,0.4787567036883069
Classical: Threshold + sub-pixel,1.2531158767747697,0.14230429843437475,0.4567234648041807
Classical: Threshold + sub-pixel,1.326343246004965,0.15343868216063694,0.44450016514939117
Classical: Threshold + sub-pixel,1.272919977266015,0.23473191815116934,0.7388867916803279
Classical: Threshold + sub-pixel,1.266866444940665,0.17023263902067776,0.32500823172836224
Classical: Threshold + sub-pixel,1.2151101071350296,0.16255502878220718,0.5075625178081413
Classical: Threshold + sub-pixel,1.176163640591262,0.05494915827392244,0.08780559776490326
Classical: Threshold + sub-pixel,1.213571377610518,0.16076808312108215,0.7128790338376676
Classical: Threshold + sub-pixel,1.2393807672210424,0.2548654659585119,0.40605032567739685
Classical: Threshold + sub-pixel,1.188810923875995,0.10048750927301353,0.34016793513460164
Classical: Threshold + sub-pixel,1.2895725871463646,0.26210889439907203,0.6183932335906521
Classical: Threshold + sub-pixel,1.244755747396058,0.2800283164558527,0.8402518932738032
Classical: Threshold + sub-pixel,1.2990265078230745,0.20112268292630353,0.6076562112168395
Classical: Threshold + sub-pixel,1.2519368251505267,0.20277254076822182,0.4886102254276783
Classical: Threshold + sub-pixel,1.1543169975392276,0.0699293218706949,0.1006220104283615
Classical: Threshold + sub-pixel,1.263547749388014,0.2767962486495452,0.9308812580996997
Classical: Threshold + sub-pixel,1.3381597636868674,0.24843630914598647,0.7723327142447656
Classical: Threshold + sub-pixel,1.2375915677957108,0.10701045397713027,0.32130258976813364
Classical: Threshold + sub-pixel,1.1928535637830227,0.16896321607959985,0.48121922131393524
Classical: Threshold + sub-pixel,1.2639635626675396,0.1726520965496926,0.329548802659521
Classical: Threshold + sub-pixel,1.2373910144091473,0.12898984082721876,0.22951158026528296
Classical: Threshold + sub-pixel,1.2418969907005595,0.14733066990104737,0.38645169950816105
Classical: Threshold + sub-pixel,1.244825136492179,0.2754925247769189,0.7126366663335164
Classical: Threshold + sub-pixel,1.240842242174917,0.22244137873913195,0.44572863514664984
Classical: Threshold + sub-pixel,1.275713068471438,0.13223619793673824,0.5054952731461284
Classical: Threshold + sub-pixel,1.2347608115876136,0.14278660012482147,0.6366982751366699
Classical: Threshold + sub-pixel,1.351545692579491,0.18542003089591808,0.5769679525627627
Classical: Threshold + sub-pixel,1.1657028507032767,0.10432603465843326,0.25884181220593105
Classical: Threshold + sub-pixel,1.214230169207136,0.10052752332348092,0.17046554347540033
Classical: Threshold + sub-pixel,1.2802213932202973,0.2710087512102225,0.8869425732177942
Classical: Threshold + sub-pixel,1.2826060990812538,0.17004424845861255,0.44354701035075994
Classical: Threshold + sub-pixel,1.247358946627359,0.1577570680808712,0.25059386799821803
Classical: Threshold + sub-pixel,1.2138707306366856,0.16417722970600535,0.26602125310547997
Classical: Threshold + sub-pixel,1.280079204060073,0.17794382406264375,0.6852224116844865
Classical: Threshold + sub-pixel,2.149587248362794,1.510702679545521,2.2296650329018037
Classical: Threshold + sub-pixel,2.296103004346512,1.5460810716346327,2.0808636991333604
Classical: Threshold + sub-pixel,2.203576934307002,1.411591866455108,1.9753517039946487
Classical: Threshold + sub-pixel,2.195205875790976,1.4570470951443928,2.230971095339909
Classical: Threshold + sub-pixel,2.229585835899309,1.4815349069504051,1.9042707332307072
Classical: Threshold + sub-pixel,2.2042318879204292,1.4310229333011844,1.8782056051084624
Classical: Threshold + sub-pixel,2.2225071526147824,1.4971030751524201,2.3638097305767043
Classical: Threshold + sub-pixel,2.2786134775639777,1.4805380306034148,2.2941665637824724
Classical: Threshold + sub-pixel,2.2131301778165167,1.4191276608820718,1.73065568944796
Classical: Threshold + sub-pixel,2.2117095752733276,1.3710349423827202,2.0930199476593057
Classical: Threshold + sub-pixel,2.287116283746092,1.4224317195119514,2.0046308412633
Classical: Threshold + sub-pixel,2.244063558483971,1.4520904546470415,1.9322251947206346
Classical: Threshold + sub-pixel,2.257711020411195,1.4294744662329095,1.7129578013582334
Classical: Threshold + sub-pixel,2.2916449475731566,1.4584252817611274,2.199679087164499
Classical: Threshold + sub-pixel,2.2284559348783253,1.4689423171512064,2.233104981396797
Classical: Threshold + sub-pixel,2.1978108031339474,1.4390280776420994,1.4557409270155897
Classical: Threshold + sub-pixel,2.1797439297060075,1.4728748000065617,1.7276312787010828
Classical: Threshold + sub-pixel,2.2035551260282134,1.4821017189558987,1.9637086131478787
Classical: Threshold + sub-pixel,2.2824972513776083,1.47118708473609,1.8681252360042064
Classical: Threshold + sub-pixel,2.226696586002575,1.36840702477558,1.591454146920114
Classical: Threshold + sub-pixel,2.1760263877890997,1.4344638211856093,2.30235269722508
Classical: Threshold + sub-pixel,2.265192919796625,1.475020281149607,2.2327207994740434
Classical: Threshold + sub-pixel,2.25615537243391,1.416084151314261,1.8465575052722398
Classical: Threshold + sub-pixel,2.1314419941857548,1.431104456791973,1.8380265872248107
Classical: Threshold + sub-pixel,2.243876101215281,1.461840298210177,2.0270349075853753
Classical: Threshold + sub-pixel,2.2602644443117073,1.3981558251772221,2.058765878779453
Classical: Threshold + sub-pixel,2.236687010382246,1.4542480523476111,2.234237370104618
Classical: Threshold + sub-pixel,2.1908821432534586,1.4937710944412421,1.9453669110900704
Classical: Threshold + sub-pixel,2.24707900210278,1.465686605406653,2.0466880375799033
Classical: Threshold + sub-pixel,2.2748414081763957,1.4819650615757691,1.9342629902124
Classical: Threshold + sub-pixel,2.2358045634338533,1.4698289836314435,2.262251066450903
Classical: Threshold + sub-pixel,2.217710331148587,1.4028384913149257,1.6997310867462923
Classical: Threshold + sub-pixel,2.238067931199491,1.4536855064740979,1.852706519500308
Classical: Threshold + sub-pixel,2.22357346950886,1.46927024115346,2.1280455981120325
Classical: Threshold + sub-pixel,2.2311994937507627,1.4475446255920725,1.9383372372973193
Classical: Threshold + sub-pixel,2.241689404673113,1.439238326092593,1.9633581912562725
Classical: Threshold + sub-pixel,2.270682897512752,1.423211828187573,1.8173386097275102
Classical: Threshold + sub-pixel,2.310775923207116,1.4527009263464428,2.0629639607068095
Classical: Threshold + sub-pixel,2.2784730273659664,1.4258614372727192,2.1245283957027072
Classical: Threshold + sub-pixel,2.2298813504855395,1.4487529370433867,2.1131913468603623
Classical: Threshold + sub-pixel,2.273449544720407,1.4865480431368228,1.8883614271724967
Classical: Threshold + sub-pixel,2.245264201323906,1.4404626161929932,1.877002541559269
Classical: Threshold + sub-pixel,2.2511503056676445,1.4093227265741595,1.9001999128473588
Classical: Threshold + sub-pixel,2.249477140941349,1.491079978673738,2.2163348375905607
Classical: Threshold + sub-pixel,2.236694919306425,1.4916479740594815,1.8728050837653534
Classical: Threshold + sub-pixel,2.2030827585387693,1.4051676459967788,1.9268267868678755
Classical: Threshold + sub-pixel,2.2243225786288825,1.4740187124546684,2.007100901704559
Classical: Threshold + sub-pixel,2.1991875879860725,1.3703670544654885,1.9551084381273163
Classical: Threshold + sub-pixel,2.242800303669766,1.4908470795133901,2.0699058921141074
Classical: Threshold + sub-pixel,2.2132306447864543,1.4932454584245436,2.225479292772555
Classical: Threshold + sub-pixel,2.2432663565421853,1.4184548637513223,2.049522019141004
Classical: Threshold + sub-pixel,2.2169265608372752,1.5249251512440414,1.677335914239757
Classical: Threshold + sub-pixel,2.2266554587137724,1.3905767899719363,1.8992626426371477
Classical: Threshold + sub-pixel,2.22837285335231,1.484420735800632,2.3074623811930994
Classical: Threshold + sub-pixel,2.1930701755568007,1.4905381504975463,1.9485344125055835
Classical: Threshold + sub-pixel,2.2504609063938084,1.4270398073677462,1.8656642505574532
Classical: Threshold + sub-pixel,2.160809152709393,1.4232683110013709,2.494626361845428
Classical: Threshold + sub-pixel,2.1844205497306795,1.4599075019696532,1.7830565920845096
Classical: Threshold + sub-pixel,2.2042393280016226,1.415765488223685,1.9612045229496262
Classical: Threshold + sub-pixel,2.236584759521753,1.4105378671756466,2.3193724916036897
Classical: Threshold + sub-pixel,2.247935771308886,1.5043632994494744,1.5692939176978689
Classical: Threshold + sub-pixel,2.109791223714745,1.4211843132207873,1.788316558951658
Classical: Threshold + sub-pixel,2.248913882686396,1.4992846277938519,1.2599275863738209
Classical: Threshold + sub-pixel,2.2564735642860696,1.4614425497735115,1.516605674481906
Classical: Threshold + sub-pixel,2.419540218466646,1.5310087765819942,1.3946787090835926
Classical: Threshold + sub-pixel,2.232646728545207,1.4737661717990964,1.6257814196240838
Classical: Threshold + sub-pixel,2.2643851762276794,1.5375010244190093,1.5387466278381914
Classical: Threshold + sub-pixel,2.3161248410813933,1.5123361402544901,1.3657981807375896
Classical: Threshold + sub-pixel,2.249507590073349,1.5854193683127125,1.182742827516372
Classical: Threshold + sub-pixel,2.2037860239651264,1.4185715684869664,1.0648021831707455
Classical: Threshold + sub-pixel,2.335847049036552,1.487968507393047,1.4702634685526563
Classical: Threshold + sub-pixel,2.3011039625442535,1.452908499489847,1.3943662085384934
Classical: Threshold + sub-pixel,2.2065062513374327,1.374250013389283,1.1526502009589445
Classical: Threshold + sub-pixel,2.174715423102933,1.4481477562166045,1.2453687908343762
Classical: Threshold + sub-pixel,2.3195336113963547,1.485609968296375,0.969018451081344
Classical: Threshold + sub-pixel,2.1530831055839874,1.3892965686972292,1.4603019556553098
Classical: Threshold + sub-pixel,2.254896099230945,1.4347664753731357,1.3362989745032232
Classical: Threshold + sub-pixel,2.241519665363005,1.441620659763142,1.5474684277424986
Classical: Threshold + sub-pixel,2.16988009064041,1.4485660530992313,1.4216999271799788
Classical: Threshold + sub-pixel,2.2946662446715527,1.5476020719151382,1.1167424931053995
Classical: Threshold + sub-pixel,2.177247553873822,1.3802117852080187,1.312136736699991
Classical: Threshold + sub-pixel,2.1720178492825815,1.4579588185960994,1.628305923027011
Classical: Threshold + sub-pixel,2.1317094593555064,1.364523248812453,1.0979645360891597
Classical: Threshold + sub-pixel,2.214450532004985,1.4515783126855506,1.5764575273199135
Classical: Threshold + sub-pixel,2.2226398875095454,1.4580105817245754,1.3077282142370588
Classical: Threshold + sub-pixel,2.270949929173126,1.5075795265762735,1.362705101786629
Classical: Threshold + sub-pixel,2.1756180203944315,1.4762350056457465,1.6061333314997763
Classical: Threshold + sub-pixel,2.1659120044427147,1.3363751659026617,1.540750099591249
Classical: Threshold + sub-pixel,2.1601242044695232,1.4539497880691232,1.8550039137705072
Classical: Threshold + sub-pixel,2.1394652438926247,1.3525978702747368,1.4031931648605322
Classical: Threshold + sub-pixel,2.298550317754507,1.6235976849388893,1.6266973200398311
Classical: Threshold + sub-pixel,2.121651677696555,1.359496908718163,1.6248086098020913
Classical: Threshold + sub-pixel,2.233387638197879,1.4022727149980718,1.7014659421908416
Classical: Threshold + sub-pixel,2.273526402329912,1.4504712669493012,1.1655616466626024
Classical: Threshold + sub-pixel,2.2943866654326603,1.4850548175801093,1.3133180832306208
Classical: Threshold + sub-pixel,2.300248215573202,1.515836717021653,1.56367323965942
Classical: Threshold + sub-pixel,2.1888006129085187,1.3528707087269967,1.2242395077393353
Classical: Threshold + sub-pixel,2.204372189541827,1.4202661664901575,1.5793660784453434
Classical: Threshold + sub-pixel,2.184133652357837,1.3816424476879048,1.3465389859888095
Classical: Threshold + sub-pixel,2.352045464272999,1.580842823133112,1.3490308418484989
Classical: Threshold + sub-pixel,2.2412515238924504,1.4743213441795393,1.382261891238167
Classical: Threshold + sub-pixel,2.2656453689906773,1.399276933651334,1.1998594813784145
Classical: Threshold + sub-pixel,2.1827261412075165,1.3754774375004082,1.4119845084450082
Classical: Threshold + sub-pixel,2.2518864281377766,1.3696978185943254,1.2007318580974786
Classical: Threshold + sub-pixel,2.266944449514047,1.488495872645025,1.6361083377562116
Classical: Threshold + sub-pixel,2.2574900949236376,1.4826132485233139,1.1540343577757115
Classical: Threshold + sub-pixel,2.2090891181556875,1.4611230614935171,1.4431158327898914
Classical: Threshold + sub-pixel,2.163417900693183,1.4991453337312595,1.30992280634082
Classical: Threshold + sub-pixel,2.1857288474653775,1.3716405064041122,1.361449951629098
Classical: Threshold + sub-pixel,2.103718591885119,1.3678719795582435,1.2878006164710152
Classical: Threshold + sub-pixel,2.219978560387632,1.4160180831497127,1.639753643337551
Classical: Threshold + sub-pixel,2.248594431013923,1.502629419218301,1.0920676732193528
Classical: Threshold + sub-pixel,2.156607537335254,1.4307699658323527,1.4390939654362411
Classical: Threshold + sub-pixel,2.3664798079403493,1.54046649455369,1.0921939005817465
Classical: Threshold + sub-pixel,2.2338806271906044,1.4840566628937748,1.6134224687155623
Classical: Threshold + sub-pixel,2.3094489957824478,1.483570582733858,1.483402317431446
Classical: Threshold + sub-pixel,2.261260440840206,1.4282109591145007,1.4445429626776054
Classical: Threshold + sub-pixel,2.3160158727511915,1.5414567862229318,1.498816566842498
Classical: Threshold + sub-pixel,2.267108587707538,1.517304041670605,1.654235220386712
Classical: Threshold + sub-pixel,2.20333652420967,1.459873374885315,1.7282882882031014
Classical: Threshold + sub-pixel,2.1939558838090374,1.4658728007312896,0.661808954126365
Classical: Threshold + sub-pixel,2.1625588002325165,1.4548758769966907,1.0682596905875146
Classical: Threshold + sub-pixel,2.2528900403902457,1.4217722754300732,0.37269484042251166
Classical: Threshold + sub-pixel,2.2674053228431745,1.2813212280816706,0.38079187733592956
Classical: Threshold + sub-pixel,2.2096018854830035,1.4288650751757053,0.6859314963039784
Classical: Threshold + sub-pixel,2.1981905837792413,1.4343581006875972,0.8093022651682134
Classical: Threshold + sub-pixel,2.192377908250852,1.5217557018065857,0.721751989829059
Classical: Threshold + sub-pixel,2.183865057080749,1.3697413050136196,0.7209941962511512
Classical: Threshold + sub-pixel,2.1987116182761186,1.3959670028249578,0.4884912933318284
Classical: Threshold + sub-pixel,2.145299961277567,1.3654184171509205,0.7444150841806088
Classical: Threshold + sub-pixel,2.2778942158790794,1.4836784712526025,0.6880274842106071
Classical: Threshold + sub-pixel,2.148562181123233,1.354598989267167,0.49760803653773755
Classical: Threshold + sub-pixel,2.2386734280278744,1.4347209656500615,0.6617446426247509
Classical: Threshold + sub-pixel,2.168168213500813,1.39123369801198,0.6997248549032256
Classical: Threshold + sub-pixel,2.3083197947450866,1.3958214564255322,0.48438527124726116
Classical: Threshold + sub-pixel,2.3373337642547556,1.604672484417914,0.5698252031821769
Classical: Threshold + sub-pixel,2.21293490452853,1.472639991756569,0.8924563298351402
Classical: Threshold + sub-pixel,2.2824160391928663,1.590882619950579,0.47261392025403737
Classical: Threshold + sub-pixel,2.165508757153331,1.4065796131627593,0.6814020283938935
Classical: Threshold + sub-pixel,2.2580785284153952,1.4588611562374183,0.9150178889043272
Classical: Threshold + sub-pixel,2.150197260237007,1.3805573391547192,0.5442302113826281
Classical: Threshold + sub-pixel,2.227340324445164,1.370938695795524,0.6110136194182547
Classical: Threshold + sub-pixel,2.241412980838521,1.475639203399021,0.8574707156224524
Classical: Threshold + sub-pixel,2.286004679246001,1.4993002451650401,0.5656829942835753
Classical: Threshold + sub-pixel,2.187979641399706,1.3881278477892667,0.6162740573550098
Classical: Threshold + sub-pixel,2.266111578844817,1.4830331352983959,0.7365072773352579
Classical: Threshold + sub-pixel,2.2547597933202628,1.4597574394780481,0.4998553960616272
Classical: Threshold + sub-pixel,2.282971995289814,1.4400397301413412,0.6908754262511758
Classical: Threshold + sub-pixel,2.1357187667325688,1.4076004011768506,0.8238269106001499
Classical: Threshold + sub-pixel,2.269640326820086,1.497146878784208,0.6491597204649089
Classical: Threshold + sub-pixel,2.2079902744011,1.447231558448396,0.5987684244110978
Classical: Threshold + sub-pixel,2.421798166634292,1.5479145621289678,0.7352013073763133
Classical: Threshold + sub-pixel,2.203133452966466,1.4225220738962563,0.5686061995979514
Classical: Threshold + sub-pixel,2.2885431668387515,1.4802172577000139,0.6889613633682474
Classical: Threshold + sub-pixel,2.258736151196891,1.5149399715099978,0.6822554631958426
Classical: Threshold + sub-pixel,2.2004830144990253,1.3726624674285324,0.7576251129269771
Classical: Threshold + sub-pixel,2.209423699987431,1.5309326453037881,0.4506209129585188
Classical: Threshold + sub-pixel,2.1259970938374484,1.3896985397425317,0.6995979023744188
Classical: Threshold + sub-pixel,2.162097939437115,1.408150430731221,0.7897088181543559
Classical: Threshold + sub-pixel,2.2185004922751173,1.4320019639245711,0.6258868099718371
Classical: Threshold + sub-pixel,2.2476620951564064,1.4473325544015567,0.6930005542770172
Classical: Threshold + sub-pixel,2.203509297536004,1.406086711288538,0.8926964870747107
Classical: Threshold + sub-pixel,2.260341017968674,1.4487349733179826,0.5625311562588504
Classical: Threshold + sub-pixel,2.2113191359601534,1.3920607716935192,0.6365506824826399
Classical: Threshold + sub-pixel,2.3102287078634225,1.5145012905014794,0.652682110821116
Classical: Threshold + sub-pixel,2.1841073075567756,1.4538361803334632,0.5983195076924004
Classical: Threshold + sub-pixel,2.2640719436472745,1.491406138388204,0.4654374288018355
Classical: Threshold + sub-pixel,2.248137545812953,1.489769230883872,0.8146717123703104
Classical: Threshold + sub-pixel,2.2181446237321563,1.372821288001131,0.5523538972598656
Classical: Threshold + sub-pixel,2.259955353219833,1.4829097450804585,0.7566746969093674
Classical: Threshold + sub-pixel,2.2539005502600786,1.4407120672625215,0.5699611871418941
Classical: Threshold + sub-pixel,2.194713697240611,1.4240563569562195,0.7075593261278685
Classical: Threshold + sub-pixel,2.187841975664657,1.4625724788025167,0.4617538316859562
Classical: Threshold + sub-pixel,2.287609790609409,1.465118933083731,0.6328813936115725
Classical: Threshold + sub-pixel,2.220532590531078,1.5346900559645742,0.5513981348216053
Classical: Threshold + sub-pixel,2.2227784481544677,1.4536421063021232,0.7079874906780534
Classical: Threshold + sub-pixel,2.136931386326101,1.3566831808591076,0.7084585078658172
Classical: Threshold + sub-pixel,2.303412881801888,1.5310763934256717,0.48796045987503334
Classical: Threshold + sub-pixel,2.354619858632298,1.6128090302136906,0.5064087344895452
Classical: Threshold + sub-pixel,2.2697557643356596,1.5637438640920123,0.7464419909949052
Classical: Threshold + sub-pixel,2.14336519998058,1.3984558538258307,2.4826113694168477
Classical: Threshold + sub-pixel,2.181037654936845,1.4943007305708382,2.522062954493453
Classical: Threshold + sub-pixel,2.1260436812111587,1.3664485396596167,2.525048998466882
Classical: Threshold + sub-pixel,2.230543624921251,1.459231808887969,2.7197850476575263
Classical: Threshold + sub-pixel,2.1971685937479863,1.464448697061442,2.7518084590942324
Classical: Threshold + sub-pixel,2.3656203741558173,1.5538797774610271,2.9703376709703884
Classical: Threshold + sub-pixel,2.238084285576183,1.539426032546947,2.633237697967523
Classical: Threshold + sub-pixel,2.2496139432059907,1.4940537697667855,2.575906750097548
Classical: Threshold + sub-pixel,2.110822402415385,1.3148313202880713,2.135546275319607
Classical: Threshold + sub-pixel,2.2278772925670913,1.462744613624327,2.4870084940282218
Classical: Threshold + sub-pixel,2.2786749771759807,1.4882027021901565,2.8022561342888648
Classical: Threshold + sub-pixel,2.1664321932882467,1.4049534665838346,2.4105542398517383
Classical: Threshold + sub-pixel,2.3435176003576106,1.5785236918649677,2.770135732894758
Classical: Threshold + sub-pixel,2.2124419193913516,1.3363771930087731,2.5247295723885013
Classical: Threshold + sub-pixel,2.233708739528255,1.4808355902736603,2.7171997410473945
Classical: Threshold + sub-pixel,2.230332818901079,1.4835837560910412,2.8476952755573484
Classical: Threshold + sub-pixel,2.2219675143805238,1.4170245433563355,2.409093796430204
Classical: Threshold + sub-pixel,2.275123138839943,1.5187389340515187,2.649480810512991
Classical: Threshold + sub-pixel,2.21521354223503,1.5119159148155377,2.658478338880499
Classical: Threshold + sub-pixel,2.281092498449903,1.5099484251918915,2.685318398284174
Classical: Threshold + sub-pixel,2.238728136971717,1.4650967212639796,2.749137650421186
Classical: Threshold + sub-pixel,2.2691848765799394,1.3730320413068853,2.499527223659852
Classical: Threshold + sub-pixel,2.323269961811395,1.589532549002167,2.9424279424315434
Classical: Threshold + sub-pixel,2.1107623859421754,1.3453381599870906,2.3380017568843425
Classical: Threshold + sub-pixel,2.2181935434615783,1.3681352866347083,2.5701735634950285
Classical: Threshold + sub-pixel,2.1573664242207835,1.3429988535164437,2.347304630942416
Classical: Threshold + sub-pixel,2.2460035819309625,1.4478995692774745,2.528330325440402
Classical: Threshold + sub-pixel,2.2109266797148823,1.4066774169576446,2.6489738936226352
Classical: Threshold + sub-pixel,2.1621928282942164,1.4360400817424939,2.4172184220159734
Classical: Threshold + sub-pixel,2.248533274882724,1.4743236093899479,2.5312747132338327
Classical: Threshold + sub-pixel,2.269066106697493,1.450487498717147,2.7211754512066193
Classical: Threshold + sub-pixel,2.215677305787027,1.4515306148466078,2.4031608509715374
Classical: Threshold + sub-pixel,2.0428920416522502,1.2782911923313516,2.1773791693154285
Classical: Threshold + sub-pixel,2.2717466887516102,1.559295430936411,2.9271076791264883
Classical: Threshold + sub-pixel,2.1838610363315767,1.3907743723410406,2.4159233471347834
Classical: Threshold + sub-pixel,2.301081308082322,1.572365218144883,2.839727159528395
Classical: Threshold + sub-pixel,2.1248592789284597,1.431120094556156,2.512655879083214
Classical: Threshold + sub-pixel,2.238401354044482,1.4220736056847403,2.55418885052303
Classical: Threshold + sub-pixel,2.0990116008681965,1.3798495440842418,2.348790815965383
Classical: Threshold + sub-pixel,2.2783979660133724,1.5034839734244478,2.583874432687906
Classical: Threshold + sub-pixel,2.287553633734706,1.4779786596095266,2.778270137926943
Classical: Threshold + sub-pixel,2.2219153742998765,1.4522193300133504,2.384268899421163
Classical: Threshold + sub-pixel,2.2183797353899823,1.4297310389264526,2.7017573090048232
Classical: Threshold + sub-pixel,2.2542464232605073,1.547762887422679,2.908694919298541
Classical: Threshold + sub-pixel,2.2687988340159952,1.5307549340621518,2.764727207547804
Classical: Threshold + sub-pixel,2.2232525489216775,1.4098679461324903,2.4718870068882306
Classical: Threshold + sub-pixel,2.25996119542907,1.6013219774866903,3.109074326800922
Classical: Threshold + sub-pixel,2.1982236329856173,1.5252420748840063,2.6439503150179813
Classical: Threshold + sub-pixel,2.2358167604284707,1.399386491009588,2.4729245104369757
Classical: Threshold + sub-pixel,2.2497011578451502,1.49622162193879,2.611670436444026
Classical: Threshold + sub-pixel,2.2297624850976523,1.482771138801312,2.664066449022717
Classical: Threshold + sub-pixel,2.2649899330849363,1.4854956538757285,2.6782507470983306
Classical: Threshold + sub-pixel,2.1782964033299717,1.452794632692466,2.628761282727408
Classical: Threshold + sub-pixel,2.1570841628562665,1.4096236195621916,2.5403782967398056
Classical: Threshold + sub-pixel,2.157860866336911,1.3976275641264642,2.5852077087268395
Classical: Threshold + sub-pixel,2.379394050386211,1.5309390380530123,2.90423237163444
Classical: Threshold + sub-pixel,2.1097451845058064,1.342290075065823,2.4432615330324365
Classical: Threshold + sub-pixel,2.2047727068068825,1.4210760461937335,2.365224967614313
Classical: Threshold + sub-pixel,2.1894929977845203,1.3673075823576308,2.356376930997138
Classical: Threshold + sub-pixel,2.203291368628845,1.3927110871338053,2.3473391695705144
Classical: Threshold + sub-pixel,2.047033093364783,1.3100206247159392,1.9730094770479032
Classical: Threshold + sub-pixel,2.084666539774353,1.2587990639947204,1.8899100639946238
Classical: Threshold + sub-pixel,2.0059348309903915,1.1593973850133463,1.732631416512124
Classical: Threshold + sub-pixel,1.977196959218523,1.2831809074093963,1.8026458712467472
Classical: Threshold + sub-pixel,1.9738689675760708,1.2044562973045205,1.7595948665091545
Classical: Threshold + sub-pixel,1.9667069117536315,1.2131312898407192,1.477584461625562
Classical: Threshold + sub-pixel,1.9831634587402491,1.1479513649626805,1.7791165713915542
Classical: Threshold + sub-pixel,1.9964270310943613,1.2435002010642369,1.3763942778276386
Classical: Threshold + sub-pixel,2.0060275383525186,1.1783711041755165,1.0974301670672135
Classical: Threshold + sub-pixel,2.042241332690179,1.2234935112581782,1.8354630667271654
Classical: Threshold + sub-pixel,2.040107544802171,1.1893663201812896,1.692563031697413
Classical: Threshold + sub-pixel,1.9620013064416886,1.2483229726475553,1.7541051331859454
Classical: Threshold + sub-pixel,2.04930260794537,1.2747364362689773,2.113902219718632
Classical: Threshold + sub-pixel,1.963845207867469,1.2018096860270888,1.719374790859899
Classical: Threshold + sub-pixel,2.027812237805582,1.2831048890559709,1.9107642551709647
Classical: Threshold + sub-pixel,2.097414081517895,1.2697970186699477,2.3009262454380894
Classical: Threshold + sub-pixel,2.0137451987447577,1.2468222856872728,1.6623347990629487
Classical: Threshold + sub-pixel,2.0149845865326803,1.3051491167244187,1.9565206615318904
Classical: Threshold + sub-pixel,2.081007714053779,1.1934458421738166,1.4921437177971768
Classical: Threshold + sub-pixel,2.0258551318898483,1.2099142344355514,1.679258546882945
Classical: Threshold + sub-pixel,1.9587165289921584,1.2646624582882393,1.6955225751302665
Classical: Threshold + sub-pixel,2.020660485722848,1.2224790365643603,1.8282117923407992
Classical: Threshold + sub-pixel,2.01310979444524,1.1989737496227548,1.814436630113092
Classical: Threshold + sub-pixel,2.038948726724631,1.2989429677211484,1.5914580413390285
Classical: Threshold + sub-pixel,1.9835459562590159,1.2468236931883103,1.5681359718145913
Classical: Threshold + sub-pixel,2.0896220646036947,1.2808408754339164,1.9943520670335904
Classical: Threshold + sub-pixel,2.0013868883948143,1.2636587685667993,1.841235009838635
Classical: Threshold + sub-pixel,1.96680973866316,1.2208555721293441,1.6981073737153038
Classical: Threshold + sub-pixel,2.047829087647977,1.2466786577597506,1.7250845462988251
Classical: Threshold + sub-pixel,2.0226115989543105,1.2142746204150678,1.6178150290604578
Classical: Threshold + sub-pixel,2.0337439255245644,1.2717507172614364,1.8439930078102136
Classical: Threshold + sub-pixel,2.0239321239798205,1.2939958474230455,2.164359200649491
Classical: Threshold + sub-pixel,1.980719715778049,1.1680268188848795,1.5239138004928257
Classical: Threshold + sub-pixel,2.0551694301615657,1.2632623971805073,1.719505587158841
Classical: Threshold + sub-pixel,2.0124409627578714,1.2408834342084059,1.4978557614953987
Classical: Threshold + sub-pixel,2.0305955616943097,1.2331667398653638,2.0293375117167445
Classical: Threshold + sub-pixel,2.053576373591012,1.284820812388725,1.9159867489201088
Classical: Threshold + sub-pixel,2.079355485921984,1.2402736133224581,1.175109219054693
Classical: Threshold + sub-pixel,2.0956251008768843,1.302644179635775,1.6226638700258094
Classical: Threshold + sub-pixel,1.963801226971158,1.1461219329644452,1.5712853865187477
Classical: Threshold + sub-pixel,2.0358924002201273,1.2277898461608754,1.8856248798745665
Classical: Threshold + sub-pixel,1.999844371110333,1.2212654557139135,1.771573916843081
Classical: Threshold + sub-pixel,1.9988903695273157,1.2382650227947063,1.8628478756046745
Classical: Threshold + sub-pixel,1.9815156382934696,1.179363245201026,1.4567619176845104
Classical: Threshold + sub-pixel,2.0487616190322617,1.292287784362304,2.202507337803349
Classical: Threshold + sub-pixel,1.9635205224476282,1.1591820012730416,1.4615679644591801
Classical: Threshold + sub-pixel,2.0469057034733917,1.3604152620210384,1.7815945783926996
Classical: Threshold + sub-pixel,1.9967283812149765,1.2122032125771136,1.8886802758741554
Classical: Threshold + sub-pixel,1.9797218582733778,1.273745875703101,1.8157016970246542
Classical: Threshold + sub-pixel,2.0079555800212883,1.2294611903805732,1.3230469269775158
Classical: Threshold + sub-pixel,1.9714430786600365,1.1425519820763874,1.7166796139524156
Classical: Threshold + sub-pixel,1.9767003117271447,1.2486721155599108,1.6347431005649833
Classical: Threshold + sub-pixel,2.0402500167058113,1.1093878661580034,1.1937005030612249
Classical: Threshold + sub-pixel,2.0625212286393686,1.3204943086016245,1.9839527899278746
Classical: Threshold + sub-pixel,2.0473950788667055,1.2292159177084012,1.7886279884142362
Classical: Threshold + sub-pixel,2.0501708383758976,1.2365360903116822,1.5743161928177574
Classical: Threshold + sub-pixel,2.0118628887047283,1.212321391789966,1.6878846028999557
Classical: Threshold + sub-pixel,2.0312347906287016,1.2301349984580336,1.9119939836870086
Classical: Threshold + sub-pixel,2.0154689605336378,1.1495228296915052,1.1026287727265403
Classical: Threshold + sub-pixel,1.9731396500242615,1.2575959232797964,2.0613124139810015
Classical: Threshold + sub-pixel,2.070024932496581,1.2725343600838226,1.3773335419641763
Classical: Threshold + sub-pixel,1.8898366960556021,1.1085429835491785,0.945281904372163
Classical: Threshold + sub-pixel,2.028450535765803,1.2448873742530218,1.1564428816879775
Classical: Threshold + sub-pixel,2.0777522197843448,1.3318316677198865,1.4664295350345093
Classical: Threshold + sub-pixel,2.098090755977915,1.3284538396924817,1.0219145700985757
Classical: Threshold + sub-pixel,1.904019433781618,1.160880943112756,1.4075766210600609
Classical: Threshold + sub-pixel,1.868961688448365,1.0962171690659785,1.1529616780648428
Classical: Threshold + sub-pixel,2.009611307455708,1.2321608300873212,1.194369725641895
Classical: Threshold + sub-pixel,2.070550636712136,1.2770313535292104,1.3532318040918718
Classical: Threshold + sub-pixel,2.142953545840765,1.3932670232775202,1.0696529921345608
Classical: Threshold + sub-pixel,1.8991620106167533,1.0280489835091848,1.3483756139653913
Classical: Threshold + sub-pixel,2.0477151913054192,1.2256456380027128,1.271344996706497
Classical: Threshold + sub-pixel,2.0264102889615203,1.203883089926604,1.2461875002930194
Classical: Threshold + sub-pixel,1.9602807122898398,1.1493394537988222,1.477356289230766
Classical: Threshold + sub-pixel,2.005597521014529,1.276065760547608,1.2209267409203028
Classical: Threshold + sub-pixel,2.001252807903317,1.2116127548051847,1.4493266431983391
Classical: Threshold + sub-pixel,1.920053009847952,1.1143204705261263,0.9607176392260262
Classical: Threshold + sub-pixel,2.0956746426278725,1.1978377713388053,1.154749293200501
Classical: Threshold + sub-pixel,1.9097070936247587,1.1083370088779319,0.9443473766131332
Classical: Threshold + sub-pixel,1.975653288345461,1.2668546198724797,1.5464848740885788
Classical: Threshold + sub-pixel,1.9781475144649616,1.1841838075116016,1.208816392485582
Classical: Threshold + sub-pixel,2.0335361538128915,1.254561949483819,0.6709591687694267
Classical: Threshold + sub-pixel,1.974776332898153,1.2136577654463978,1.3269902358554186
Classical: Threshold + sub-pixel,2.1168974391770163,1.3294668828822642,1.3747623535416005
Classical: Threshold + sub-pixel,1.9592748291177389,1.1036817220879933,1.17051619501183
Classical: Threshold + sub-pixel,1.9874522182008065,1.198343858871506,1.171287788926218
Classical: Threshold + sub-pixel,1.986880602434579,1.1237182288867356,0.8740429026782643
Classical: Threshold + sub-pixel,2.1052903450075835,1.3151644124912356,1.2737784748217056
Classical: Threshold + sub-pixel,2.013628514371267,1.2303558112849153,1.2702347231053666
Classical: Threshold + sub-pixel,1.99711308054273,1.3420533924609521,1.592835349562352
Classical: Threshold + sub-pixel,2.052339805027349,1.2533207767326118,1.2467855674480863
Classical: Threshold + sub-pixel,2.08051252361048,1.2734441285559588,0.7183459252283515
Classical: Threshold + sub-pixel,1.980372975641514,1.107950033325438,0.9940015729873748
Classical: Threshold + sub-pixel,2.1008016183257534,1.3452641892744865,1.1369983688279501
Classical: Threshold + sub-pixel,2.0166627753896527,1.1982701461442453,1.099340186632789
Classical: Threshold + sub-pixel,2.0236323322140866,1.2232629057889428,1.3128360913235744
Classical: Threshold + sub-pixel,2.047280127102744,1.3271530604068258,1.037950074113394
Classical: Threshold + sub-pixel,1.9732983825518686,1.2833447057700456,1.4744962634859125
Classical: Threshold + sub-pixel,1.8720706153401867,1.1412924289330517,1.4710948845308467
Classical: Threshold + sub-pixel,1.869201811074479,1.105211753275774,1.5168260352369036
Classical: Threshold + sub-pixel,2.009221371009499,1.2254491878058953,0.9982007045253809
Classical: Threshold + sub-pixel,2.0020337015772247,1.2761748246656732,1.5231627694559609
Classical: Threshold + sub-pixel,1.9779880833447183,1.1406735470462994,1.3330699737285632
Classical: Threshold + sub-pixel,1.9721243160835247,1.1200640605960892,1.090783817691951
Classical: Threshold + sub-pixel,2.052318463873572,1.1541214815774048,1.2561190015241053
Classical: Threshold + sub-pixel,2.022934461469225,1.2556441983654394,1.2733420089196374
Classical: Threshold + sub-pixel,2.033734401502564,1.2833450273298221,0.9805029540195873
Classical: Threshold + sub-pixel,2.0068246623414394,1.2027346597870532,1.2008561312760984
Classical: Threshold + sub-pixel,2.0695262492383604,1.1846139766544486,1.2497235553466073
Classical: Threshold + sub-pixel,2.005805488129243,1.1416768535357429,1.0621474932183905
Classical: Threshold + sub-pixel,2.0696760371611678,1.2917984282309594,1.1148952853165968
Classical: Threshold + sub-pixel,1.996818705032941,1.1630114091827362,1.1922305575908663
Classical: Threshold + sub-pixel,1.9727917743128767,1.2182430381420861,1.3012203486194673
Classical: Threshold + sub-pixel,1.9838830366494276,1.130682271073375,1.353387104227013
Classical: Threshold + sub-pixel,1.9647075287716802,1.1957462488550012,1.424577470029742
Classical: Threshold + sub-pixel,2.0605900525173775,1.2594669402404879,1.2402626290589414
Classical: Threshold + sub-pixel,2.0466920336783643,1.2537207835481108,1.1946008754757447
Classical: Threshold + sub-pixel,2.1299466939138827,1.3396280895668382,0.7574358878818921
Classical: Threshold + sub-pixel,2.1245019797336004,1.3278963371694221,1.1947179088091002
Classical: Threshold + sub-pixel,1.9628298001493047,1.1040258276577304,0.9917081587548022
Classical: Threshold + sub-pixel,2.118485421051999,1.3893215604155265,0.054470019215053345
Classical: Threshold + sub-pixel,1.9097250445513365,1.1577670800633453,0.5310559179308214
Classical: Threshold + sub-pixel,2.1656623955682583,1.400600330748556,0.07987562133977555
Classical: Threshold + sub-pixel,2.0380654194549934,1.1864128143104091,0.3973327221123877
Classical: Threshold + sub-pixel,2.005510135116351,1.2537592773764539,0.7642566266095221
Classical: Threshold + sub-pixel,2.0928950043261176,1.2202519012551205,0.011869107308612126
Classical: Threshold + sub-pixel,2.062314049302894,1.2895025721423756,0.4727809352690002
Classical: Threshold + sub-pixel,2.056488765778952,1.3004788587239633,0.30967000842566206
Classical: Threshold + sub-pixel,2.065211246019548,1.1624206269736306,0.4198736188157062
Classical: Threshold + sub-pixel,2.0512274283672527,1.3433811709906354,0.1547224204363351
Classical: Threshold + sub-pixel,2.001888197342389,1.1702871458916229,0.7577950240871374
Classical: Threshold + sub-pixel,2.094245505920891,1.293629888049396,0.28950977788283305
Classical: Threshold + sub-pixel,2.0673826319390898,1.234369215525194,0.3327964180610836
Classical: Threshold + sub-pixel,1.9715406397148938,1.1684055132465934,0.3799528180373235
Classical: Threshold + sub-pixel,2.0033442014022116,1.2918837347970502,0.42891177472677855
Classical: Threshold + sub-pixel,2.0093191517044553,1.1755120106421346,0.8783414362261421
Classical: Threshold + sub-pixel,2.071653202036599,1.2811830569903195,0.2734782195920009
Classical: Threshold + sub-pixel,2.0288749849422603,1.2279401827030196,0.42995715574128157
Classical: Threshold + sub-pixel,2.0000172354892403,1.2382796879581073,0.3592071805450132
Classical: Threshold + sub-pixel,1.9102598026829012,1.10392590934988,0.6092131948493522
Classical: Threshold + sub-pixel,1.9052267255347852,1.021590468006305,0.3418804997773899
Classical: Threshold + sub-pixel,2.1296833881319177,1.3073611343586276,0.26527834868451805
Classical: Threshold + sub-pixel,2.083167945287418,1.340526251184028,0.5635342358969835
Classical: Threshold + sub-pixel,2.015034292034307,1.1816920782194593,0.5108289334100822
Classical: Threshold + sub-pixel,2.062242018433891,1.2136487787683368,0.6366845985841496
Classical: Threshold + sub-pixel,2.0796797407511556,1.301168883069685,0.5807180200462505
Classical: Threshold + sub-pixel,1.9685885535588272,1.2085576288665676,0.37580319809714346
Classical: Threshold + sub-pixel,1.9855907066602732,1.2856686104517476,0.5765385132320993
Classical: Threshold + sub-pixel,2.180390632043368,1.433056545558018,0.5621917216665464
Classical: Threshold + sub-pixel,1.9788647428777826,1.1646606549943117,0.5684631556726538
Classical: Threshold + sub-pixel,2.0071032557193016,1.166172414982384,0.566432681086297
Classical: Threshold + sub-pixel,2.0425234601622266,1.1863182676333435,0.5395288554033653
Classical: Threshold + sub-pixel,2.002891511684214,1.190763288305083,0.5170727983759704
Classical: Threshold + sub-pixel,1.9533051664593248,1.1845557760720618,0.7781910895763202
Classical: Threshold + sub-pixel,2.001721435122625,1.2660778482365038,0.2712204284374158
Classical: Threshold + sub-pixel,2.1179453231482306,1.239549506973371,0.5298761544402097
Classical: Threshold + sub-pixel,2.1427184453401464,1.4041493895878991,0.5275439119024949
Classical: Threshold + sub-pixel,1.997868615339258,1.0860652623398543,0.439213620418045
Classical: Threshold + sub-pixel,2.0980241567609794,1.2478974647433223,0.4506861761993992
Classical: Threshold + sub-pixel,2.1813565369003447,1.310090396987988,0.563402658177969
Classical: Threshold + sub-pixel,2.08413710269409,1.1722480548693968,0.6371533420179567
Classical: Threshold + sub-pixel,2.0412665291445546,1.2984464479121622,0.4903730622466278
Classical: Threshold + sub-pixel,2.0395339420831498,1.2866420579575755,0.5987503344150369
Classical: Threshold + sub-pixel,1.9323831511868865,1.0518064910813,0.7079728600750501
Classical: Threshold + sub-pixel,2.0896944498047665,1.2257675458810893,0.3384354985308833
Classical: Threshold + sub-pixel,2.0437642143360475,1.2778383746821498,0.6625566502330344
Classical: Threshold + sub-pixel,2.1681436830820466,1.4493001231465943,0.6283632637771004
Classical: Threshold + sub-pixel,1.9436663496625362,1.2119641786691608,0.5203710224636593
Classical: Threshold + sub-pixel,1.9344567945696618,1.1809734339343203,0.3801343392181926
Classical: Threshold + sub-pixel,2.1007207112970634,1.332806337254169,0.39610136268979357
Classical: Threshold + sub-pixel,2.0268531801559964,1.1308217407635939,0.31981249824959423
Classical: Threshold + sub-pixel,2.0734871985901515,1.2475242487950347,0.5700875714590525
Classical: Threshold + sub-pixel,2.0611496842622707,1.3461911418063832,0.5727769640924631
Classical: Threshold + sub-pixel,2.1102787062297494,1.29768876036428,0.44873158344057806
Classical: Threshold + sub-pixel,1.957097641475821,1.1649785514356343,0.513143211214107
Classical: Threshold + sub-pixel,2.075973439508484,1.3251699539436235,0.5058404598817701
Classical: Threshold + sub-pixel,1.9200745753775827,1.240148726960117,0.4125642379509724
Classical: Threshold + sub-pixel,2.0576851364775806,1.3096966854896417,0.5704416642180621
Classical: Threshold + sub-pixel,1.9989551809159432,1.3262298039921718,0.4136163398881232
Classical: Threshold + sub-pixel,1.8746867482662535,1.038772008852682,0.4196102559552264
Classical: Threshold + sub-pixel,2.1154943940427673,1.2913658326882298,2.145809917256765
Classical: Threshold + sub-pixel,2.1160542097314003,1.2963950582832597,2.4208427615772017
Classical: Threshold + sub-pixel,2.023254620867063,1.1901676631110754,1.825836759894241
Classical: Threshold + sub-pixel,2.053713836024478,1.2481206038279238,2.2476510974089186
Classical: Threshold + sub-pixel,1.996329684616232,1.2579328421667997,2.144820781763421
Classical: Threshold + sub-pixel,1.9907628021002808,1.2796177260609438,2.2729732857255813
Classical: Threshold + sub-pixel,1.9798903171601194,1.202145077355786,2.1002574923549355
Classical: Threshold + sub-pixel,2.0526715243794458,1.3409322113553583,2.7239677687549766
Classical: Threshold + sub-pixel,2.218172152404383,1.3761607222591676,2.629892775217449
Classical: Threshold + sub-pixel,2.031067710925991,1.2382939492883036,2.1890018555491824
Classical: Threshold + sub-pixel,1.9922619879449006,1.2152987595014437,2.105962275892152
Classical: Threshold + sub-pixel,1.9706596593337993,1.2381362029207066,2.155973015719618
Classical: Threshold + sub-pixel,2.014045703360959,1.1307211793311747,1.8723166969143072
Classical: Threshold + sub-pixel,1.9351447801739563,1.2850804401838767,2.2519042859658374
Classical: Threshold + sub-pixel,2.0659770364555534,1.2876497685539916,2.387143711486464
Classical: Threshold + sub-pixel,2.0317829691957896,1.218418370595911,1.9160094079669747
Classical: Threshold + sub-pixel,1.9831623619278673,1.1311061740400201,1.9100990627031487
Classical: Threshold + sub-pixel,2.0881484059565256,1.2836511609220866,2.4431300621811456
Classical: Threshold + sub-pixel,2.050332942021393,1.229377604070413,2.189776326957483
Classical: Threshold + sub-pixel,1.9633789076005799,1.2212510302758566,1.9959201352546017
Classical: Threshold + sub-pixel,1.9882521222336722,1.2116495541590822,1.9722185558781575
Classical: Threshold + sub-pixel,1.9185076661836924,1.1208055873750058,1.6768187321117884
Classical: Threshold + sub-pixel,2.0667031480999336,1.395633592848164,2.6401928870690843
Classical: Threshold + sub-pixel,2.113699156583896,1.2526520701310004,2.1104298168532365
Classical: Threshold + sub-pixel,2.034530996201423,1.2789796889681715,2.151021132244852
Classical: Threshold + sub-pixel,1.982097645651894,1.2049643134202879,2.1007319020850326
Classical: Threshold + sub-pixel,2.140579793298909,1.2991214381030298,2.643802698392245
Classical: Threshold + sub-pixel,2.098669616561452,1.3271326705469546,2.390410811161369
Classical: Threshold + sub-pixel,2.052241842852961,1.2890782135251744,2.266571210460187
Classical: Threshold + sub-pixel,2.1409789140212485,1.3007188347824705,2.367387803393011
Classical: Threshold + sub-pixel,2.0101563990780127,1.271263069024819,2.2360632204934445
Classical: Threshold + sub-pixel,2.047146761108011,1.1975517111081944,1.8194737431146812
Classical: Threshold + sub-pixel,2.1670137697870264,1.2960140375187739,2.3269819844855704
Classical: Threshold + sub-pixel,2.036092289988058,1.1514941955175912,2.155990025014874
Classical: Threshold + sub-pixel,2.0306261980599865,1.2480690487302288,2.489056631479769
Classical: Threshold + sub-pixel,2.189319237550646,1.405848697939552,2.9273031482417546
Classical: Threshold + sub-pixel,2.165175090342121,1.3049969014769565,2.232234024018867
Classical: Threshold + sub-pixel,2.117661488607717,1.367583163721073,2.5093404792187735
Classical: Threshold + sub-pixel,2.039879776808939,1.2131714010761256,2.170352362338415
Classical: Threshold + sub-pixel,2.0231307902394327,1.194556030459963,1.946482054900593
Classical: Threshold + sub-pixel,2.028332805238642,1.249252156240904,2.141892148433955
Classical: Threshold + sub-pixel,1.9877870197841299,1.124232764521855,1.817437645264195
Classical: Threshold + sub-pixel,2.018990847105064,1.2370238399862106,2.1785967409479783
Classical: Threshold + sub-pixel,2.073182496819313,1.303244746157798,2.428711824567224
Classical: Threshold + sub-pixel,2.035130083902183,1.2094377893430353,2.317450676755586
Classical: Threshold + sub-pixel,2.014394492195941,1.2561361627857552,2.367314348947517
Classical: Threshold + sub-pixel,2.047711977452283,1.1847608091445838,2.2410794787658155
Classical: Threshold + sub-pixel,1.9971827188330762,1.1890163197024246,1.8520696928809368
Classical: Threshold + sub-pixel,1.9018032881992815,1.1394202971615432,1.9463056791056839
Classical: Threshold + sub-pixel,2.052452295127209,1.1727120586157858,2.2867855572932805
Classical: Threshold + sub-pixel,2.0897861015501844,1.2128065706352111,2.449323806244463
Classical: Threshold + sub-pixel,2.008965135671417,1.1890823640405435,1.7534553598980125
Classical: Threshold + sub-pixel,1.9613484424254324,1.1074172344088469,2.000170550888129
Classical: Threshold + sub-pixel,1.9867733905742833,1.2183556763381482,2.242434143217418
Classical: Threshold + sub-pixel,2.0826525693648863,1.1941549326942558,2.188827692823435
Classical: Threshold + sub-pixel,1.9695855224496714,1.1915910060957282,2.080970665801881
Classical: Threshold + sub-pixel,2.0154847629214396,1.2012366585285346,2.2440216108220015
Classical: Threshold + sub-pixel,2.064834915800139,1.2208198831510584,2.433052377437116
Classical: Threshold + sub-pixel,2.0717270699136003,1.3311137890391427,2.6406622053111617
Classical: Threshold + sub-pixel,2.0682433681134222,1.2248847029775933,2.055892156513679
Classical: Threshold + sub-pixel,2.020557382572554,1.2402725488672095,1.621869436072557
Classical: Threshold + sub-pixel,2.1034345531051164,1.317217650405213,2.0302048260183136
Classical: Threshold + sub-pixel,2.0260904944438938,1.2276269149838503,1.4721576943611496
Classical: Threshold + sub-pixel,2.023818324039211,1.1981525930006658,1.9465751849482231
Classical: Threshold + sub-pixel,1.9747822762123213,1.214479064361182,1.5099595039095908
Classical: Threshold + sub-pixel,2.0826334762256504,1.1636704011852481,1.1725973904981064
Classical: Threshold + sub-pixel,1.9762918820195061,1.1598802013501999,1.5807870776658053
Classical: Threshold + sub-pixel,2.118601361278121,1.3104069233437143,1.8053888819234882
Classical: Threshold + sub-pixel,2.0802219447992973,1.2570028750237257,1.690456985909937
Classical: Threshold + sub-pixel,2.0201390839112694,1.2631746089441642,1.7369170562121141
Classical: Threshold + sub-pixel,2.0496306446857426,1.237461105860887,1.6098911047578244
Classical: Threshold + sub-pixel,2.0267377600261796,1.1495988226086458,1.5004781466095989
Classical: Threshold + sub-pixel,2.1459582733083886,1.3131454889958185,2.2207616261195247
Classical: Threshold + sub-pixel,2.149405405320784,1.239585218225397,1.9805700976233949
Classical: Threshold + sub-pixel,2.0261759258973906,1.184614908261242,1.662421155209572
Classical: Threshold + sub-pixel,2.0077389127252085,1.199416732083563,1.4952531603142987
Classical: Threshold + sub-pixel,2.003966158440443,1.1885074914076956,1.4445661803717305
Classical: Threshold + sub-pixel,2.0779167864385326,1.2159083102388766,1.7453910361267329
Classical: Threshold + sub-pixel,2.085907188703956,1.251535316274584,2.4146860263126673
Classical: Threshold + sub-pixel,2.0923287393116277,1.3100077191898922,2.160737940196112
Classical: Threshold + sub-pixel,2.071658035084976,1.1932595256469662,1.4886065352724116
Classical: Threshold + sub-pixel,2.048362035447861,1.2222539258920555,1.8465814905270541
Classical: Threshold + sub-pixel,2.0185253905584726,1.2567308777058668,1.5470842081866856
Classical: Threshold + sub-pixel,1.9785729103441432,1.2320305259887085,2.041282871506388
Classical: Threshold + sub-pixel,2.0438936723737187,1.2847947483725597,1.7404715365610524
Classical: Threshold + sub-pixel,2.028640620412415,1.1709646034817325,1.4513564084789277
Classical: Threshold + sub-pixel,2.1802726901576506,1.323934566130814,1.7450647683946294
Classical: Threshold + sub-pixel,2.1036412033069367,1.2343587523945985,1.9775160910153353
Classical: Threshold + sub-pixel,2.0637201580516806,1.2247760186381926,1.7199199783853816
Classical: Threshold + sub-pixel,2.063325619098347,1.1989878599281476,1.9727431273162508
Classical: Threshold + sub-pixel,2.0451514258182337,1.25887095834794,1.6684100007226967
Classical: Threshold + sub-pixel,2.0231826258360934,1.2260416716642135,1.7041159161816641
Classical: Threshold + sub-pixel,2.0663701442313975,1.2972667324978797,1.8862725785425227
Classical: Threshold + sub-pixel,2.0235247519926673,1.30547579371899,1.5651091317401127
Classical: Threshold + sub-pixel,2.05913909637077,1.2436094751960618,1.4059217562903026
Classical: Threshold + sub-pixel,2.080407843977593,1.2716805463568703,1.7524651266157814
Classical: Threshold + sub-pixel,2.0288435002066088,1.146518721523647,1.2360904823566257
Classical: Threshold + sub-pixel,1.981468090685171,1.2443759265237306,1.4761127696957401
Classical: Threshold + sub-pixel,2.0013205651552375,1.0873387751109673,1.5329044662696947
Classical: Threshold + sub-pixel,2.120112075357619,1.3573542701488497,2.3094795750022485
Classical: Threshold + sub-pixel,2.0478455973746534,1.2724840283047385,1.6117680198815525
Classical: Threshold + sub-pixel,2.0451221637404466,1.230057973909637,1.4676469439068192
Classical: Threshold + sub-pixel,2.0601330429008504,1.2468857135784126,2.120100216052619
Classical: Threshold + sub-pixel,1.9965534704373256,1.1873420930077343,1.433139448561561
Classical: Threshold + sub-pixel,1.992207230984468,1.2338993422018543,1.6035599722705314
Classical: Threshold + sub-pixel,2.029957039122514,1.274958737138781,1.9325593768373288
Classical: Threshold + sub-pixel,2.0677987887592137,1.2712584055525726,2.1121242728281833
Classical: Threshold + sub-pixel,2.103867942720158,1.2575667762508294,2.285048553931529
Classical: Threshold + sub-pixel,2.086890918215383,1.2250487434248971,1.7686532504737706
Classical: Threshold + sub-pixel,2.0809079740568968,1.2488754597989289,1.730675208188106
Classical: Threshold + sub-pixel,2.023757400741935,1.2347575397962243,2.0469144327862523
Classical: Threshold + sub-pixel,2.1029154025661523,1.2619459805012276,1.666941633649266
Classical: Threshold + sub-pixel,2.081610428929265,1.3113659136082694,1.6663737874410396
Classical: Threshold + sub-pixel,2.039251717029924,1.179108093713611,2.0164783876549044
Classical: Threshold + sub-pixel,2.0663190492269266,1.304924021714129,1.8211707549418472
Classical: Threshold + sub-pixel,2.0370330633792264,1.3030414429789414,1.589420019319952
Classical: Threshold + sub-pixel,2.097587736575372,1.2663585058980726,2.099856487150708
Classical: Threshold + sub-pixel,2.105614992810525,1.2806227503395795,1.4822880251745087
Classical: Threshold + sub-pixel,2.031668512287545,1.2403184630932946,1.7777804591022512
Classical: Threshold + sub-pixel,1.978124387799446,1.2143161149594706,1.7780963143883457
Classical: Threshold + sub-pixel,1.898749592944893,1.017751821610703,1.2106496022389348
Classical: Threshold + sub-pixel,2.1897319404278015,1.394584376865982,0.6022208481319797
Classical: Threshold + sub-pixel,2.167183683313445,1.3866810525219349,0.7831129063105959
Classical: Threshold + sub-pixel,2.0986474222568665,1.2386543674592145,1.25137264474037
Classical: Threshold + sub-pixel,2.0861623488485033,1.2335764186489875,0.5931172897527954
Classical: Threshold + sub-pixel,2.0140301774494755,1.195451542528524,0.8089909784458005
Classical: Threshold + sub-pixel,2.175182388230576,1.3176291473154818,1.146354769761674
Classical: Threshold + sub-pixel,2.050585325294202,1.3383485211528976,1.5983076250064392
Classical: Threshold + sub-pixel,2.0698781133914324,1.2265134523806838,1.5034316879045289
Classical: Threshold + sub-pixel,2.105679729563935,1.2602708371366589,1.1693900564134978
Classical: Threshold + sub-pixel,2.1096872064603316,1.2691126266065333,1.0343090964344435
Classical: Threshold + sub-pixel,2.058387848856061,1.1977075924630771,1.746851594513212
Classical: Threshold + sub-pixel,2.1319096795173245,1.2606020586444049,1.2651384354787742
Classical: Threshold + sub-pixel,2.0131247882339567,1.2064246673755523,1.4166442061681304
Classical: Threshold + sub-pixel,2.0503199969372385,1.1839812514534187,1.2740370924436877
Classical: Threshold + sub-pixel,2.044082268947495,1.2441755571276976,1.2304556870643872
Classical: Threshold + sub-pixel,2.1354910104544116,1.281264136265458,1.210075422928404
Classical: Threshold + sub-pixel,2.008433994994814,1.1967163669910714,1.1060703874278768
Classical: Threshold + sub-pixel,2.0737025392084987,1.2294285217193102,1.1044383869466419
Classical: Threshold + sub-pixel,2.0867001356021486,1.275240454819326,1.4798812553449547
Classical: Threshold + sub-pixel,2.066839700306005,1.2825129084972275,1.1279705796229322
Classical: Threshold + sub-pixel,2.131912800293157,1.365841224708681,1.039582432601303
Classical: Threshold + sub-pixel,2.0922193922472148,1.2630806181923586,1.1005244277743969
Classical: Threshold + sub-pixel,2.0517327626102655,1.1404142103344062,1.1853189492939333
Classical: Threshold + sub-pixel,2.1028589791585244,1.2115244128702598,1.0210969779322565
Classical: Threshold + sub-pixel,2.1891449476183618,1.3382631564934289,1.1216656820881203
Classical: Threshold + sub-pixel,1.986315395912031,1.1521924778919765,1.2188382190110025
Classical: Threshold + sub-pixel,2.0341828162435416,1.183749744210418,1.0896080459691282
Classical: Threshold + sub-pixel,2.0566059592593,1.2744405447906317,1.0725084370816447
Classical: Threshold + sub-pixel,2.11629589954032,1.2510894129799857,1.2119929075947238
Classical: Threshold + sub-pixel,2.0774076295601684,1.2548673615963586,1.1839329762315316
Classical: Threshold + sub-pixel,1.9800876699213323,1.2322875415333612,1.1105125571334233
Classical: Threshold + sub-pixel,2.03449860088888,1.2925599952250717,0.6975403105199822
Classical: Threshold + sub-pixel,2.0718136122299557,1.3381878764579014,1.4175622732821238
Classical: Threshold + sub-pixel,2.052937175381625,1.1910279947135989,0.8977590925754706
Classical: Threshold + sub-pixel,2.1037960230031816,1.295762908646552,1.522511731088148
Classical: Threshold + sub-pixel,2.16751176429728,1.3432541354500447,0.8792649049880055
Classical: Threshold + sub-pixel,2.0467892936645877,1.2316663269965735,1.1596451863114332
Classical: Threshold + sub-pixel,2.0486529989333726,1.2847131562651937,1.319468319795439
Classical: Threshold + sub-pixel,2.0414143574820547,1.2313813897361743,1.2045439336703914
Classical: Threshold + sub-pixel,2.0243467879574935,1.1763716969496878,1.3654381410299252
Classical: Threshold + sub-pixel,2.073317804028214,1.2107416499875594,1.2209304910443532
Classical: Threshold + sub-pixel,2.0523618783477984,1.246997571448885,1.1499463550088889
Classical: Threshold + sub-pixel,2.110484809006784,1.3097105769431527,0.840167586578954
Classical: Threshold + sub-pixel,2.132879274465603,1.30401473430182,1.2949759547841455
Classical: Threshold + sub-pixel,2.1105457792702955,1.2287134070530428,1.0835050690474244
Classical: Threshold + sub-pixel,1.8790512278100222,1.0964071500728654,0.9854198493273301
Classical: Threshold + sub-pixel,2.1241826602077563,1.3159024879694359,1.1396090914803874
Classical: Threshold + sub-pixel,2.0920167969683336,1.2270768827472283,1.1851416145166973
Classical: Threshold + sub-pixel,2.1688301395226,1.2490328589080768,1.0354764114840145
Classical: Threshold + sub-pixel,2.0586412103886547,1.1629516891563763,1.1748164720378749
Classical: Threshold + sub-pixel,2.0493598503533743,1.1626366878114038,1.419427243328363
Classical: Threshold + sub-pixel,1.9527042050271795,1.1464538408264795,1.7088440492590036
Classical: Threshold + sub-pixel,2.015440551873822,1.3219757671634067,1.4507632841769182
Classical: Threshold + sub-pixel,2.1047653137770403,1.3276191999566151,1.1261633523535726
Classical: Threshold + sub-pixel,2.1146135927257834,1.3408659172650188,0.9796956907549976
Classical: Threshold + sub-pixel,2.0972571710510843,1.2079997816361892,1.0655695738346433
Classical: Threshold + sub-pixel,2.2144351982360844,1.3243115071805693,1.2719073476413096
Classical: Threshold + sub-pixel,1.964312168492946,1.089563574792737,1.0546787524356511
Classical: Threshold + sub-pixel,2.071634210355469,1.2948477882704341,1.0900217614518093
Classical: Threshold + sub-pixel,2.0937196335140866,1.2998320063050826,0.7326682483297597
Classical: Threshold + sub-pixel,2.170591481380556,1.3794345283167326,0.4132148763767467
Classical: Threshold + sub-pixel,1.9963477102619485,1.2364845720950406,0.18873389219546644
Classical: Threshold + sub-pixel,2.0620873799210355,1.2390598573954632,0.3865179437042916
Classical: Threshold + sub-pixel,2.0880599164894957,1.2388882472593439,0.438160449699895
Classical: Threshold + sub-pixel,2.063195884844133,1.3407979797264966,0.5831599622188386
Classical: Threshold + sub-pixel,2.087961238821459,1.2807966312929324,0.7082947838142033
Classical: Threshold + sub-pixel,2.000488966496106,1.0800285640557465,0.5606174543734186
Classical: Threshold + sub-pixel,2.1207456846685693,1.2866126515707523,0.7867702988158412
Classical: Threshold + sub-pixel,2.0508192860274868,1.158516648196812,0.6870839747522708
Classical: Threshold + sub-pixel,2.157515302267403,1.2704094873012317,0.3794106385031104
Classical: Threshold + sub-pixel,1.906308136757617,1.1245687549529828,0.35707988995823703
Classical: Threshold + sub-pixel,2.074938830242169,1.2830795926838792,0.23521898186856438
Classical: Threshold + sub-pixel,2.054773674580665,1.2698181793662113,0.03103160384560022
Classical: Threshold + sub-pixel,1.984726057483524,1.1627221119572355,0.5020440292878683
Classical: Threshold + sub-pixel,1.9079949338340723,1.0935936092190066,0.4071674123929947
Classical: Threshold + sub-pixel,1.9609364150950905,1.1494824725287083,0.3828859968485565
Classical: Threshold + sub-pixel,2.0614280131531464,1.2489975323668383,0.35145971040604707
Classical: Threshold + sub-pixel,1.973972257936205,1.2571925242825106,0.7390624849103444
Classical: Threshold + sub-pixel,2.1752441276046324,1.2437219412768086,0.5485336397718967
Classical: Threshold + sub-pixel,1.9872721666328852,1.1975500897263593,0.742967100175759
Classical: Threshold + sub-pixel,2.0700327044311297,1.2122576240273473,0.4074451115874598
Classical: Threshold + sub-pixel,2.0185071461689024,1.1682671127606792,0.05327017200448658
Classical: Threshold + sub-pixel,2.0572374261022013,1.2941298027018382,0.7628532738414529
Classical: Threshold + sub-pixel,1.9720178861390045,1.1715185521781115,0.51933760740085
Classical: Threshold + sub-pixel,1.9525838549310115,1.1164070156157333,0.4942140083372428
Classical: Threshold + sub-pixel,1.979036893136544,1.1503990987486405,0.6205849749034749
Classical: Threshold + sub-pixel,2.1715827823553258,1.3792069586131406,0.2943509061829048
Classical: Threshold + sub-pixel,2.009126998265943,1.2337971630035607,0.3356024212744728
Classical: Threshold + sub-pixel,2.0719348655720955,1.2658555568503496,0.6239163324628008
Classical: Threshold + sub-pixel,2.0562094011860035,1.2342413432858397,0.45632214151174777
Classical: Threshold + sub-pixel,2.132219805324453,1.386174881162976,0.5883260306806419
Classical: Threshold + sub-pixel,1.9725234596113506,1.1294997650653693,0.1590386935158623
Classical: Threshold + sub-pixel,2.023195629368969,1.2127831674729979,0.46842555925846874
Classical: Threshold + sub-pixel,2.0719841465397453,1.3005172546144292,0.564046436533161
Classical: Threshold + sub-pixel,2.109612232299683,1.2456882989314697,0.42608345500618583
Classical: Threshold + sub-pixel,2.071369616533981,1.2314813279156769,0.18911703768539878
Classical: Threshold + sub-pixel,2.018103988968698,1.1802371752304497,0.481362746738319
Classical: Threshold + sub-pixel,2.069148208875367,1.2085732092643342,0.42327896007415067
Classical: Threshold + sub-pixel,2.1749469337465968,1.284290927255992,0.4141102204722631
Classical: Threshold + sub-pixel,2.0571266118758453,1.2356000705926011,0.6275742095343602
Classical: Threshold + sub-pixel,1.9692888659901016,1.2156126286543198,0.670293032820005
Classical: Threshold + sub-pixel,2.0780955323871577,1.2881942062585883,0.2505295756176089
Classical: Threshold + sub-pixel,2.09115100940235,1.2975573380469845,0.2927172642197928
Classical: Threshold + sub-pixel,1.8711013843175262,1.0228178501925091,0.40172342848259923
Classical: Threshold + sub-pixel,2.16739618273834,1.2614348326698086,0.5642215140747635
Classical: Threshold + sub-pixel,2.1635601213063733,1.3118080800999017,0.10101582606148707
Classical: Threshold + sub-pixel,1.952694756978484,1.171561485159723,0.4611338415578152
Classical: Threshold + sub-pixel,2.087514320459336,1.2154142856571566,0.39419052638826946
Classical: Threshold + sub-pixel,2.0352053359006286,1.2242023922502556,0.33929384580402067
Classical: Threshold + sub-pixel,2.0726464034595495,1.2315314447033452,0.5107169081505449
Classical: Threshold + sub-pixel,1.9456205782887663,1.1171998219079988,0.6258659614892355
Classical: Threshold + sub-pixel,1.999330116939487,1.1582122728211854,0.28936360497903335
Classical: Threshold + sub-pixel,2.1293768157360216,1.2414790502665118,0.19096314260608382
Classical: Threshold + sub-pixel,1.9052373276513734,1.1443646393298361,0.6481342857137287
Classical: Threshold + sub-pixel,2.1043919042938386,1.284824337749504,0.5257923536129208
Classical: Threshold + sub-pixel,2.004871403082509,1.1052294546325185,0.5021014917573381
Classical: Threshold + sub-pixel,2.0579625751981543,1.2342080730823248,0.22185976599604595
Classical: Threshold + sub-pixel,2.0554823110593867,1.230121798691309,0.49542007121562204
Classical: Threshold + sub-pixel,2.130261557068012,1.2556724721882322,0.631983631354442
Classical: Threshold + sub-pixel,2.1096388159157877,1.280978835648928,2.2050264294058364
Classical: Threshold + sub-pixel,2.0962793087746467,1.2409488586270405,2.164511347731383
Classical: Threshold + sub-pixel,2.0258542060567617,1.1386742176463769,2.0022111073643565
Classical: Threshold + sub-pixel,2.108102092069224,1.2881133828926925,2.4429220864648458
Classical: Threshold + sub-pixel,2.104555987235612,1.2500181315225194,2.2554161876153267
Classical: Threshold + sub-pixel,1.9913047226182392,1.179176594711974,1.7342469253819308
Classical: Threshold + sub-pixel,2.116146111717099,1.2652229815636087,2.4734446618185895
Classical: Threshold + sub-pixel,2.0880894421006686,1.2873103937741244,2.490914049970126
Classical: Threshold + sub-pixel,2.07959294060494,1.2244672937440564,1.8648673599008796
Classical: Threshold + sub-pixel,2.0581112001122595,1.2117066930275164,2.0645955241946443
Classical: Threshold + sub-pixel,2.0289954592068478,1.1734391676988167,2.187424827054524
Classical: Threshold + sub-pixel,2.110679632005503,1.2384122214851372,2.405286809945064
Classical: Threshold + sub-pixel,2.177100870835506,1.3214441828610135,2.333990338161655
Classical: Threshold + sub-pixel,2.046470247757108,1.1654852294756242,2.138389387695218
Classical: Threshold + sub-pixel,2.021029192922994,1.1996611976146334,1.9685542833379395
Classical: Threshold + sub-pixel,2.099992032982768,1.2591183978319367,2.154144850304191
Classical: Threshold + sub-pixel,1.9936252721666494,1.2323849476144308,2.032183171075658
Classical: Threshold + sub-pixel,2.0852400517340968,1.246253005279652,2.2523728247522956
Classical: Threshold + sub-pixel,2.0951351022947726,1.1732214642616006,2.325397863484748
Classical: Threshold + sub-pixel,2.066148302252617,1.165359707211985,1.957251551045767
Classical: Threshold + sub-pixel,2.0904917687170035,1.2130565047573385,2.0687355266422207
Classical: Threshold + sub-pixel,2.038242512719824,1.3446131368761503,2.4420797269352095
Classical: Threshold + sub-pixel,2.062121119513483,1.1929361250933126,1.9758416793331008
Classical: Threshold + sub-pixel,2.1312911472057356,1.327087013965707,2.658795319119374
Classical: Threshold + sub-pixel,2.0558937618679565,1.2917319113695138,2.3156590380687962
Classical: Threshold + sub-pixel,2.0416392938247068,1.2915603021314952,2.381176177771981
Classical: Threshold + sub-pixel,1.8737243903190888,1.0418919559085393,1.5817833017778025
Classical: Threshold + sub-pixel,2.0242884179363485,1.2190890742632186,1.8353218250262966
Classical: Threshold + sub-pixel,2.1431241575586277,1.262877848520584,2.1792477423371923
Classical: Threshold + sub-pixel,2.0480316353281083,1.2174787969199385,2.1097962169773643
Classical: Threshold + sub-pixel,2.090831434804718,1.2352479965682808,1.9957748919042952
Classical: Threshold + sub-pixel,2.017288337267938,1.2414252059425332,2.202267088165121
Classical: Threshold + sub-pixel,2.0226369734880913,1.0847192245818635,1.710391923509607
Classical: Threshold + sub-pixel,2.0150989216864668,1.174208200805344,2.053336116133185
Classical: Threshold + sub-pixel,2.0908657614563064,1.352543456741601,2.266225915891912
Classical: Threshold + sub-pixel,2.0524483297252347,1.2045569079339549,2.257010064912575
Classical: Threshold + sub-pixel,2.06666809825955,1.121053488551345,2.2028301192381683
Classical: Threshold + sub-pixel,2.0546021115546247,1.1922149712209846,2.0371828681906012
Classical: Threshold + sub-pixel,2.0822404546501874,1.3084874312965473,1.925743490773522
Classical: Threshold + sub-pixel,1.9649543122874915,1.2127155338570978,2.3714535691811105
Classical: Threshold + sub-pixel,2.099105087517711,1.1520146511811282,2.1704331680077176
Classical: Threshold + sub-pixel,2.032313975173797,1.1907314612103828,1.829037709058761
Classical: Threshold + sub-pixel,2.1078521745040684,1.2963533137806373,2.420734270946553
Classical: Threshold + sub-pixel,2.127966597415927,1.2335563673269214,2.1018029026092506
Classical: Threshold + sub-pixel,2.0811025064456294,1.2390823194642597,1.9817793842638491
Classical: Threshold + sub-pixel,2.1175610464557453,1.3462360362165886,2.361700931167105
Classical: Threshold + sub-pixel,2.0016279635889043,1.1904344117811005,1.9269028196609077
Classical: Threshold + sub-pixel,2.118170415968541,1.3183755262573462,2.206375146412785
Classical: Threshold + sub-pixel,2.010746942931996,1.2296937941179313,2.340889786328439
Classical: Threshold + sub-pixel,2.0572449444241245,1.314126074251354,2.5183129694609083
Classical: Threshold + sub-pixel,2.0306969019488865,1.1979423945662604,2.1688841461698725
Classical: Threshold + sub-pixel,2.119447368050592,1.3046489223174458,2.6024703129414677
Classical: Threshold + sub-pixel,1.9393198689921896,1.1142949606591719,1.704809652536154
Classical: Threshold + sub-pixel,2.0623818142508945,1.2210527251870475,1.9277377764432782
Classical: Threshold + sub-pixel,2.1617406795747347,1.3301916288635878,2.5359311644268465
Classical: Threshold + sub-pixel,1.9891329560504127,1.1868118943233557,2.1070962097292982
Classical: Threshold + sub-pixel,1.944696759486404,1.1528838600354812,2.1128368502782435
Classical: Threshold + sub-pixel,2.0279261976790535,1.1202349790675563,2.2051884625005695
Classical: Threshold + sub-pixel,1.9920123018364524,1.1879706417135405,2.022624883895164
Classical: Threshold + sub-pixel,2.046463368706486,1.2387153530959165,2.401245582631336
Classical: Threshold + sub-pixel,1.800101221467637,0.9073167379940319,1.1754507587808898
Classical: Threshold + sub-pixel,1.847845105387254,0.9130712571618056,0.40901355461307354
Classical: Threshold + sub-pixel,1.8006418822431347,0.9773072661652736,1.6284839816218821
Classical: Threshold + sub-pixel,1.854055051204161,0.9651766975700564,1.490543772216172
Classical: Threshold + sub-pixel,1.7806190682804517,0.9961019448035865,0.9414796540596582
Classical: Threshold + sub-pixel,1.8119858178558506,0.9463919362863586,1.7205603405709096
Classical: Threshold + sub-pixel,1.782062263555437,0.9704090878122553,1.550348163377099
Classical: Threshold + sub-pixel,1.8779342889538824,0.9694560636985879,1.452121623824111
Classical: Threshold + sub-pixel,1.7781722383793837,0.9716456019368127,1.8277295875455977
Classical: Threshold + sub-pixel,1.874933109023335,0.9916221741041018,0.5641690573211551
Classical: Threshold + sub-pixel,1.8054011798122866,0.9779178576297046,1.1338158936384541
Classical: Threshold + sub-pixel,1.7714451808299454,1.0269610688179385,1.5454794044068323
Classical: Threshold + sub-pixel,1.7196133160999119,0.9572603792106613,1.1820417474017613
Classical: Threshold + sub-pixel,1.8816510565051234,1.0078495546693356,1.591577181692915
Classical: Threshold + sub-pixel,1.8180180845760279,0.9951083886720591,1.688875032475123
Classical: Threshold + sub-pixel,1.821173999746672,1.0126313966897866,1.5864666087025343
Classical: Threshold + sub-pixel,1.8426458834031034,1.0064605412930119,1.5566966189937563
Classical: Threshold + sub-pixel,1.8417014507413736,1.0483022560895625,1.3978536441348224
Classical: Threshold + sub-pixel,1.7692372529599367,0.9714108852954824,1.4536466313577625
Classical: Threshold + sub-pixel,1.9225690271128717,1.097794713885059,1.2231988419648254
Classical: Threshold + sub-pixel,1.7515213679872241,0.984740227136639,0.5827712278322581
Classical: Threshold + sub-pixel,1.8645944781633956,0.9445555496891993,0.5480385164084436
Classical: Threshold + sub-pixel,1.8713036457267447,0.99679002764744,1.5329525516027918
Classical: Threshold + sub-pixel,1.7709533773852602,1.0041248974614378,1.410253723976965
Classical: Threshold + sub-pixel,1.8314424927001651,0.9744390745992707,1.2833115673579263
Classical: Threshold + sub-pixel,1.7892598326318834,0.9608416108617436,1.1248802946916676
Classical: Threshold + sub-pixel,1.8903504113447165,1.019106892119215,1.5103602806949317
Classical: Threshold + sub-pixel,1.8196119333011236,1.0285120321320078,1.6363704977870666
Classical: Threshold + sub-pixel,1.7543360917379167,0.9882223313926017,0.9509911322659823
Classical: Threshold + sub-pixel,1.9311435227949199,1.0737085720618758,1.220728712627487
Classical: Threshold + sub-pixel,1.793388381406527,1.01741623731726,1.580137633660546
Classical: Threshold + sub-pixel,1.7681507468541489,1.0009804097513257,1.7529760843467819
Classical: Threshold + sub-pixel,1.7569621798794146,0.9649369873219766,0.9472618271441147
Classical: Threshold + sub-pixel,1.7459860135726735,0.9312935964802911,0.7183506297171145
Classical: Threshold + sub-pixel,1.85777095109974,0.9705952943987306,1.1287317118313909
Classical: Threshold + sub-pixel,1.7822906331276718,0.9431551146333661,1.5894705184073294
Classical: Threshold + sub-pixel,1.7674144943267251,0.9499202681191263,0.9752664911349629
Classical: Threshold + sub-pixel,1.7673172141709286,1.0597319558164606,1.2102271001296234
Classical: Threshold + sub-pixel,1.7719716662587977,0.9260717619236025,0.9988821603344253
Classical: Threshold + sub-pixel,1.815711268319866,1.0285443889300403,1.7333993370929233
Classical: Threshold + sub-pixel,1.8112427156726243,0.9075108583394381,0.7566118435561031
Classical: Threshold + sub-pixel,1.80898257477251,0.8943942135148888,0.9935903090304028
Classical: Threshold + sub-pixel,1.7347304793980673,0.9125853076393271,1.2896247310343911
Classical: Threshold + sub-pixel,1.7524163374188095,0.920320163667024,1.0992114986200878
Classical: Threshold + sub-pixel,1.8179776608788618,0.999017209655407,0.6143047471729908
Classical: Threshold + sub-pixel,1.8958035934137285,0.9945031521451385,1.819553243471777
Classical: Threshold + sub-pixel,1.8258415363050076,1.0904124739770735,1.4837809088858096
Classical: Threshold + sub-pixel,1.7731584397608038,1.040120079956664,1.876738688483956
Classical: Threshold + sub-pixel,1.7996348658792787,0.89427551831804,1.4811002910779654
Classical: Threshold + sub-pixel,1.9129934746162103,0.993420921582083,1.6266431717438676
Classical: Threshold + sub-pixel,1.737957078222472,0.9291891494159132,1.3374154320576723
Classical: Threshold + sub-pixel,1.735936612017818,0.8974221391761681,0.6787723081564203
Classical: Threshold + sub-pixel,1.770213401668888,0.9527123017122727,1.3724158394354955
Classical: Threshold + sub-pixel,1.8102143771798043,0.8952465998771972,0.8045281527161574
Classical: Threshold + sub-pixel,1.754801751955265,1.0546720307878203,1.4257719365853125
Classical: Threshold + sub-pixel,1.798855479930415,0.8760409627802517,1.8061551291945013
Classical: Threshold + sub-pixel,1.7836186161495622,0.9224205570012391,1.2869705257433193
Classical: Threshold + sub-pixel,1.882740834873739,1.007528942797265,0.8465291151191603
Classical: Threshold + sub-pixel,1.8419071846238892,0.9311793332989624,1.1418280019577716
Classical: Threshold + sub-pixel,1.7567408341926631,1.0025656646198646,1.4543129435872841
Classical: Threshold + sub-pixel,1.75024867302626,0.9307602485308585,0.4930358968677959
Classical: Threshold + sub-pixel,1.9565778841729387,1.1624353100660245,1.0410972787461232
Classical: Threshold + sub-pixel,1.7353280514825569,0.8901624457616998,0.913722581734373
Classical: Threshold + sub-pixel,1.7933840827901066,1.09552353908442,0.96294576801114
Classical: Threshold + sub-pixel,1.871900924393465,1.03309217257568,1.343014361507993
Classical: Threshold + sub-pixel,1.7989887811423493,1.0525706773409373,1.165895004849001
Classical: Threshold + sub-pixel,1.6887972959512598,0.9105868401638341,0.6825033886629273
Classical: Threshold + sub-pixel,1.725446312058887,0.8708220928749816,1.11874575896432
Classical: Threshold + sub-pixel,1.9007934777180928,1.0918658218299018,0.28988556067913773
Classical: Threshold + sub-pixel,1.8004308674997467,0.8925114840299768,0.895033098387763
Classical: Threshold + sub-pixel,1.7984469176637548,0.9230371525383496,1.263372913808459
Classical: Threshold + sub-pixel,1.7984569605225782,0.9657515035685389,0.9860083677016513
Classical: Threshold + sub-pixel,1.825939553903822,0.9986417384300607,1.0097355914028485
Classical: Threshold + sub-pixel,1.8189593265421875,0.9915060063018143,0.7747798814537399
Classical: Threshold + sub-pixel,1.90781633102827,1.0601699625686125,1.1297238209189717
Classical: Threshold + sub-pixel,1.9441680063581392,1.0361474066169065,0.446600952491202
Classical: Threshold + sub-pixel,1.949937312995031,1.1064134433480344,0.8907081782326678
Classical: Threshold + sub-pixel,1.7767088783042992,1.091624606058339,0.7646702293766601
Classical: Threshold + sub-pixel,1.8237920080713081,0.9744620022688619,0.8930374194712534
Classical: Threshold + sub-pixel,1.856409554985282,1.0870964359558517,0.7745445122758197
Classical: Threshold + sub-pixel,1.669029265519382,0.7911103384973556,0.5467302541656793
Classical: Threshold + sub-pixel,1.8252296277202573,0.9965859819197131,1.2467777488047735
Classical: Threshold + sub-pixel,1.783483897000647,0.9683428533980716,0.7214496266506054
Classical: Threshold + sub-pixel,1.8107328277875778,0.9903452068819445,1.064958029093193
Classical: Threshold + sub-pixel,1.8608555564379037,1.1555575069268818,0.9918820102127035
Classical: Threshold + sub-pixel,1.8666121256221078,0.9605166774938408,0.6497392794418744
Classical: Threshold + sub-pixel,1.813204892397507,0.9833083181822765,0.9540483690512107
Classical: Threshold + sub-pixel,1.7568573104296747,0.8913491344228694,1.2260616808664149
Classical: Threshold + sub-pixel,1.673393098132961,0.8115403601279854,1.0191414093611586
Classical: Threshold + sub-pixel,1.930208319526045,1.07710289156877,1.234896854710581
Classical: Threshold + sub-pixel,1.8016787299050023,0.9895934628407889,1.1397484492766932
Classical: Threshold + sub-pixel,1.9233486196935419,1.1349739700124717,0.15959152910662455
Classical: Threshold + sub-pixel,1.7718822819278546,0.8691017807103797,0.4327689484774586
Classical: Threshold + sub-pixel,1.7714021181619444,1.1305170415082568,1.160358201176647
Classical: Threshold + sub-pixel,1.9539207421304394,1.0776320759403026,1.2931407919436668
Classical: Threshold + sub-pixel,1.6196810300698583,0.892626696798099,0.9320236360542493
Classical: Threshold + sub-pixel,1.7525395525554293,0.9030643649190332,1.1814767110921527
Classical: Threshold + sub-pixel,1.6771139786302591,0.8582351331951885,1.1605478138699117
Classical: Threshold + sub-pixel,1.7947985343986503,0.9999077710977082,0.42389664731305876
Classical: Threshold + sub-pixel,1.8036672120967454,0.9587317764280814,1.11483420675444
Classical: Threshold + sub-pixel,1.7979712347989776,1.033025409551259,1.0829712491190153
Classical: Threshold + sub-pixel,1.8083556054031142,0.9668000834624543,0.739595945116148
Classical: Threshold + sub-pixel,1.9407035884928643,1.052333664611712,0.6198800223167114
Classical: Threshold + sub-pixel,1.752192660259361,0.9390062222239767,1.0918585555568852
Classical: Threshold + sub-pixel,1.836440776138333,1.090178010429935,0.6339717648535026
Classical: Threshold + sub-pixel,1.8036329210883437,0.941063847042223,0.3192729290495495
Classical: Threshold + sub-pixel,1.8647366549072237,1.034400468273956,0.7801278304292052
Classical: Threshold + sub-pixel,1.930922093707465,1.0959040872733758,0.9943179607176473
Classical: Threshold + sub-pixel,1.8035859175478666,0.9877326303878602,0.1331936325411296
Classical: Threshold + sub-pixel,1.9220857510843077,0.9421143002508616,0.6087967605336799
Classical: Threshold + sub-pixel,1.8694558389903557,1.0793834672600549,0.7056798163284714
Classical: Threshold + sub-pixel,1.854635417869475,0.9728965895735018,0.5379399002448086
Classical: Threshold + sub-pixel,1.805760999822184,0.9865216204305491,0.36914595205816925
Classical: Threshold + sub-pixel,1.841709686536209,1.082262749129494,0.9853198214400347
Classical: Threshold + sub-pixel,1.8729548057063585,1.1330399911402798,0.05085551802739685
Classical: Threshold + sub-pixel,1.8314691137520747,1.0112450291357007,0.9190767871521643
Classical: Threshold + sub-pixel,1.8015375486478105,1.0162258046927601,0.9724557023450107
Classical: Threshold + sub-pixel,1.8507427673013184,1.0639618654239775,0.8737544337498653
Classical: Threshold + sub-pixel,1.7652535984274937,0.8804678646284052,0.9217801502095373
Classical: Threshold + sub-pixel,1.7869845338727646,0.9173588747009399,0.46484700211418284
Classical: Threshold + sub-pixel,1.9280382720363025,1.0685406850538852,0.29065226951027867
Classical: Threshold + sub-pixel,1.7540129959359652,0.8877756916910042,0.28117722873313467
Classical: Threshold + sub-pixel,1.8392754054375713,0.9210900339677514,0.49721083061826477
Classical: Threshold + sub-pixel,1.8471766160177123,0.9094791705572922,0.08894041605452552
Classical: Threshold + sub-pixel,1.8334987031294618,1.065800731670176,0.02803645521305853
Classical: Threshold + sub-pixel,1.698842420914795,0.900935217880416,0.6769109190988987
Classical: Threshold + sub-pixel,1.7973445280480238,1.0274938883004106,0.26812413623751397
Classical: Threshold + sub-pixel,1.6798684293104238,0.910170289378375,0.09668520037808381
Classical: Threshold + sub-pixel,1.7333999206937345,0.951869481257561,0.6886975882150805
Classical: Threshold + sub-pixel,1.7910106971866182,0.9329205933288799,0.6754833096785324
Classical: Threshold + sub-pixel,1.9232607587846853,1.0876252719371422,0.07602920683607017
Classical: Threshold + sub-pixel,1.8619031958734256,0.953358249247634,0.25631337932636633
Classical: Threshold + sub-pixel,1.7421281670044313,0.892101171575298,0.16572043773207934
Classical: Threshold + sub-pixel,1.7063770705672412,0.9617473805305744,0.16356328379206442
Classical: Threshold + sub-pixel,1.9326964144905343,1.0660158105065047,0.22562447216279624
Classical: Threshold + sub-pixel,1.8886511692479466,1.0599734733393489,0.5126479629083143
Classical: Threshold + sub-pixel,1.980994513202426,1.1156262364760652,0.5341496728443977
Classical: Threshold + sub-pixel,1.7866429170656117,1.0448901097631977,0.4187408872613445
Classical: Threshold + sub-pixel,1.7565823621492547,0.8718056805521294,0.009749382827853648
Classical: Threshold + sub-pixel,1.8183308778551186,1.0388666038262866,0.3912366996803973
Classical: Threshold + sub-pixel,1.7301245446472662,0.916031733453138,0.011319234294439262
Classical: Threshold + sub-pixel,1.7663611181605345,0.884599728548353,0.3762288165919512
Classical: Threshold + sub-pixel,1.8178402316878484,0.9392507313283055,0.20784909738020696
Classical: Threshold + sub-pixel,1.7061749336176464,0.8057546447941274,0.48200917165901247
Classical: Threshold + sub-pixel,1.735883918257057,0.8569990090376205,0.5306536062166094
Classical: Threshold + sub-pixel,1.7266658006199416,0.8297483884220237,0.621334165847121
Classical: Threshold + sub-pixel,1.9180057222948292,1.0426557907964944,0.16090365641382043
Classical: Threshold + sub-pixel,1.7906705615494816,0.9877140997515075,0.15807527827467238
Classical: Threshold + sub-pixel,1.843231315815823,1.0283138019520304,0.4516606715020517
Classical: Threshold + sub-pixel,1.7924178101959969,1.0356501794247375,0.3627593162850187
Classical: Threshold + sub-pixel,1.8635552047927475,1.0589511937348188,0.010142714916300477
Classical: Threshold + sub-pixel,1.750746141104936,0.9315549370956089,0.7938323500813014
Classical: Threshold + sub-pixel,1.8374835642276972,1.016076978911327,0.0704358094593922
Classical: Threshold + sub-pixel,1.8505279240694432,1.0150309493597107,0.05005616458340212
Classical: Threshold + sub-pixel,1.9744332293880344,1.1308704846833133,0.1741233750557254
Classical: Threshold + sub-pixel,1.6797598371401912,0.906369530407713,0.13145164012196675
Classical: Threshold + sub-pixel,1.9034029305520392,1.0844538281412293,0.13902174612817086
Classical: Threshold + sub-pixel,1.7966193847354295,0.855220060067901,0.2488230386911976
Classical: Threshold + sub-pixel,1.89841725791115,0.989893931059965,0.42341658110899205
Classical: Threshold + sub-pixel,1.7695818170939355,0.9716846841127522,0.10360512022336499
Classical: Threshold + sub-pixel,1.9221826836833353,1.10763729629301,0.04954095495574551
Classical: Threshold + sub-pixel,1.7701063922485027,0.880208135416295,0.35854895193907677
Classical: Threshold + sub-pixel,1.806150159300921,0.944325518721927,0.09298145512894251
Classical: Threshold + sub-pixel,1.9238572820620896,1.1262402341486097,0.25862216904593005
Classical: Threshold + sub-pixel,1.756061331150761,0.9942518027953281,0.38387926915418014
Classical: Threshold + sub-pixel,1.818918567533862,0.9192974581429383,0.7123213784499587
Classical: Threshold + sub-pixel,1.7928441479215507,0.9219880396695941,0.25272059770471733
Classical: Threshold + sub-pixel,1.7506973390292124,0.8966243270588795,0.5717511522230287
Classical: Threshold + sub-pixel,1.7657976420155208,0.958880893636004,0.5313888765322576
Classical: Threshold + sub-pixel,1.9892271158790475,1.115619118475986,0.028157207159703823
Classical: Threshold + sub-pixel,1.7558972040824474,0.9144972116061529,0.5417577392795083
Classical: Threshold + sub-pixel,1.88554330500099,1.055751641941841,0.21471610182790668
Classical: Threshold + sub-pixel,1.7016510409931,0.8865688593250654,0.30909711817120655
Classical: Threshold + sub-pixel,1.7879217925348903,0.9663699728028897,0.3579807732027116
Classical: Threshold + sub-pixel,1.8530660564146042,0.992518264085311,0.3779310810965817
Classical: Threshold + sub-pixel,1.8892752982089953,0.966467843810981,0.3176432083647214
Classical: Threshold + sub-pixel,1.8634171773246582,1.080831346176039,0.011762391603171274
Classical: Threshold + sub-pixel,1.843750386846175,0.9206383274286121,0.5578610276014246
Classical: Threshold + sub-pixel,1.8404253892449756,0.8479834007661783,0.0948912535992048
Classical: Threshold + sub-pixel,1.8634049945760467,0.9876693394144199,0.04932186760806312
Classical: Threshold + sub-pixel,1.7609684572680309,0.9554571020855271,1.9539224744583232
Classical: Threshold + sub-pixel,1.8997178437340567,1.1223138602214406,2.2327081848026373
Classical: Threshold + sub-pixel,1.811735773213968,1.0192994047961017,1.7774448937198764
Classical: Threshold + sub-pixel,1.5637569018381745,0.7391865003470194,1.2337584825853498
Classical: Threshold + sub-pixel,1.7177573723890789,0.9039338213717757,1.6035776357358005
Classical: Threshold + sub-pixel,1.7205489725991554,0.8694028503339152,1.4878953673547795
Classical: Threshold + sub-pixel,1.7798300502026996,0.9985727652678356,1.8729675237229917
Classical: Threshold + sub-pixel,1.7973118794976914,0.9609045596467979,1.5264025471703628
Classical: Threshold + sub-pixel,2.018644848699852,1.1378869531916638,2.2735119864945235
Classical: Threshold + sub-pixel,1.7946871063981509,0.9224197330628987,1.302864004895329
Classical: Threshold + sub-pixel,1.8524896425133548,1.0451491815277323,2.3045368541886697
Classical: Threshold + sub-pixel,1.7160557489987416,0.8633878461359462,1.8492790526964091
Classical: Threshold + sub-pixel,1.6681384452308137,0.886615259852997,1.1648141363588569
Classical: Threshold + sub-pixel,1.7358881293612227,0.8917224867522932,1.6949615452815725
Classical: Threshold + sub-pixel,1.796881673703461,0.9881553313845296,1.2484474045524139
Classical: Threshold + sub-pixel,1.7042262256578815,0.8751387078717097,1.82972425306926
Classical: Threshold + sub-pixel,1.8855068560806472,1.043119162218331,1.8683090364783026
Classical: Threshold + sub-pixel,1.8404251341634996,0.9550306800043841,1.4443634836872201
Classical: Threshold + sub-pixel,1.7604363554292428,0.9399288718546512,1.5188028519049452
Classical: Threshold + sub-pixel,1.8357781590036826,0.9098074675975438,1.6767671820534638
Classical: Threshold + sub-pixel,1.7719422142864574,0.9421266505863427,1.5826344731438922
Classical: Threshold + sub-pixel,1.7271638610106579,0.8606197222695438,1.3146504874966163
Classical: Threshold + sub-pixel,1.7568703012840068,0.9448070755284728,1.6678544439575842
Classical: Threshold + sub-pixel,1.931718674556256,1.0630571128960156,1.5651677136325546
Classical: Threshold + sub-pixel,1.8187832012612493,1.0172863392230536,1.8561904869276478
Classical: Threshold + sub-pixel,1.8844592635443698,1.074930741333602,2.2963079361734273
Classical: Threshold + sub-pixel,1.680008233752813,0.8075616266354277,1.398995376100078
Classical: Threshold + sub-pixel,1.6423301797355425,0.8054476459878984,1.2324095528334351
Classical: Threshold + sub-pixel,1.7703226018253342,0.9293784076280098,1.4067595881805541
Classical: Threshold + sub-pixel,1.7205917929679475,0.824399012019966,1.9015666399792006
Classical: Threshold + sub-pixel,1.692362447917288,0.8736923273485245,0.9437659656605635
Classical: Threshold + sub-pixel,1.874854669941635,1.0122569893574607,2.031225998305786
Classical: Threshold + sub-pixel,1.727851515431344,0.8914809844115932,1.6185009401137602
Classical: Threshold + sub-pixel,1.8499965004649004,1.0361179534147258,1.708562848335189
Classical: Threshold + sub-pixel,1.7239259223967904,0.8062120143254956,1.3473477902850028
Classical: Threshold + sub-pixel,1.6860372544538054,0.8830767782951227,1.3907153688983431
Classical: Threshold + sub-pixel,1.6483229338363283,0.8196312277484998,1.4431011011526556
Classical: Threshold + sub-pixel,1.7092201888319418,0.839220411706401,1.4853874642554072
Classical: Threshold + sub-pixel,1.7935915130882973,0.9720204087192842,2.042741422967792
Classical: Threshold + sub-pixel,1.7679669101124584,0.9971078770649173,1.1864245152264004
Classical: Threshold + sub-pixel,1.8251715486292768,0.9851544181049455,2.1302742069441183
Classical: Threshold + sub-pixel,1.9386737589330392,1.0098026857960685,2.0398429243503755
Classical: Threshold + sub-pixel,1.676348860824631,0.8980498141059001,1.962273302909351
Classical: Threshold + sub-pixel,1.6944776254751666,0.8921903911207569,1.226478674134821
Classical: Threshold + sub-pixel,1.7620614619480777,0.880725024752072,1.288148043207714
Classical: Threshold + sub-pixel,1.8505911739654881,0.9715354028140841,1.9831805023907783
Classical: Threshold + sub-pixel,1.8634604595501938,1.0707255158997007,1.7961919065560608
Classical: Threshold + sub-pixel,1.8426561566884672,1.0501051865082598,1.9817681573648263
Classical: Threshold + sub-pixel,1.7059595060973116,0.8847421337767345,1.5612382049468567
Classical: Threshold + sub-pixel,1.7216306337225453,0.9066670261023467,1.4837887108933243
Classical: Threshold + sub-pixel,1.87304650825824,1.0952176067680395,2.0700192640720916
Classical: Threshold + sub-pixel,1.788714147966526,0.8756353798903519,1.166017559915736
Classical: Threshold + sub-pixel,1.836778114266935,0.9636442731776029,1.3624980777445672
Classical: Threshold + sub-pixel,1.7694147737124497,0.9283778287686959,1.574460305278536
Classical: Threshold + sub-pixel,1.721510642634343,0.9259593116869762,1.7301127423482017
Classical: Threshold + sub-pixel,1.749229300976099,0.927513240288161,1.6831147407435942
Classical: Threshold + sub-pixel,1.5898584445824575,0.7587223978852842,0.915428618398515
Classical: Threshold + sub-pixel,1.8039798739699036,0.9535957038108208,1.6363442633427177
Classical: Threshold + sub-pixel,1.7776039350623845,0.9603967426632656,1.6696638325664201
Classical: Threshold + sub-pixel,1.752888943094605,0.9631736276148893,1.8822937279607879
"Learned (U-Net), Seg-only",0.8245216310024261,0.4351469874382019,0.6174849271774292
"Learned (U-Net), Seg-only",0.817828357219696,0.40888673067092896,0.6129262447357178
"Learned (U-Net), Seg-only",0.8117687702178955,0.39411044120788574,0.41922450065612793
"Learned (U-Net), Seg-only",0.8225255608558655,0.44377654790878296,0.7849427461624146
"Learned (U-Net), Seg-only",0.8153660297393799,0.41030043363571167,0.490808367729187
"Learned (U-Net), Seg-only",0.8400452136993408,0.4822651743888855,0.7026406526565552
"Learned (U-Net), Seg-only",0.8200722932815552,0.3955501317977905,0.5178089141845703
"Learned (U-Net), Seg-only",0.8319979608058929,0.44369184970855713,0.729498028755188
"Learned (U-Net), Seg-only",0.8602144718170166,0.46282705664634705,0.6607255935668945
"Learned (U-Net), Seg-only",0.8408143818378448,0.4996807277202606,0.7563861608505249
"Learned (U-Net), Seg-only",0.7913486957550049,0.43783581256866455,0.5967205762863159
"Learned (U-Net), Seg-only",0.8118426501750946,0.42715317010879517,0.5593059062957764
"Learned (U-Net), Seg-only",0.8455751240253448,0.4768891930580139,0.6492726802825928
"Learned (U-Net), Seg-only",0.8234777748584747,0.47613364458084106,0.6994168758392334
"Learned (U-Net), Seg-only",0.8273173272609711,0.42399972677230835,0.46850669384002686
"Learned (U-Net), Seg-only",0.871016263961792,0.41288048028945923,0.35367798805236816
"Learned (U-Net), Seg-only",0.8089941143989563,0.42903149127960205,0.6131149530410767
"Learned (U-Net), Seg-only",0.8227002620697021,0.4631190299987793,0.6009974479675293
"Learned (U-Net), Seg-only",0.8398464024066925,0.4462231993675232,0.4387526512145996
"Learned (U-Net), Seg-only",0.8219900131225586,0.4883514940738678,0.597624659538269
"Learned (U-Net), Seg-only",0.8187561929225922,0.4414237141609192,0.4330275058746338
"Learned (U-Net), Seg-only",0.8294775485992432,0.39810895919799805,0.4993886947631836
"Learned (U-Net), Seg-only",0.8153217136859894,0.4475964605808258,0.4153146743774414
"Learned (U-Net), Seg-only",0.8142613768577576,0.38449400663375854,0.32764697074890137
"Learned (U-Net), Seg-only",0.8156632483005524,0.4403165578842163,0.39381861686706543
"Learned (U-Net), Seg-only",0.8525910377502441,0.43844354152679443,0.4960693120956421
"Learned (U-Net), Seg-only",0.8186797499656677,0.5073518455028534,0.4812382459640503
"Learned (U-Net), Seg-only",0.7883235216140747,0.35427790880203247,0.5008203983306885
"Learned (U-Net), Seg-only",0.832525908946991,0.4420725405216217,0.44727396965026855
"Learned (U-Net), Seg-only",0.850076824426651,0.45733019709587097,0.6093968152999878
"Learned (U-Net), Seg-only",0.8033430874347687,0.4265751838684082,0.30836760997772217
"Learned (U-Net), Seg-only",0.8021837770938873,0.4381578862667084,0.3269585371017456
"Learned (U-Net), Seg-only",0.8367971777915955,0.5109661519527435,0.40589380264282227
"Learned (U-Net), Seg-only",0.8268922865390778,0.5034959018230438,0.30493128299713135
"Learned (U-Net), Seg-only",0.8121199011802673,0.32924216985702515,0.3072255849838257
"Learned (U-Net), Seg-only",0.8628959059715271,0.5308368504047394,0.29146265983581543
"Learned (U-Net), Seg-only",0.7965748906135559,0.40197181701660156,0.25049614906311035
"Learned (U-Net), Seg-only",0.8634946644306183,0.48006972670555115,0.22510826587677002
"Learned (U-Net), Seg-only",0.8513087034225464,0.49293074011802673,0.29664695262908936
"Learned (U-Net), Seg-only",0.8430973887443542,0.39049142599105835,0.28034138679504395
"Learned (U-Net), Seg-only",0.8188506960868835,0.356459379196167,0.39184534549713135
"Learned (U-Net), Seg-only",0.8367131948471069,0.46131137013435364,0.35835957527160645
"Learned (U-Net), Seg-only",0.8632946610450745,0.3735120892524719,0.37773144245147705
"Learned (U-Net), Seg-only",0.8306951522827148,0.47875869274139404,0.35862910747528076
"Learned (U-Net), Seg-only",0.8516716063022614,0.4498072862625122,0.4454684853553772
"Learned (U-Net), Seg-only",0.8580850958824158,0.4954274296760559,0.7835030555725098
"Learned (U-Net), Seg-only",0.8193323612213135,0.46931713819503784,0.7155420780181885
"Learned (U-Net), Seg-only",0.8598445951938629,0.42781561613082886,0.7272312641143799
"Learned (U-Net), Seg-only",0.8109106421470642,0.4515814781188965,0.8567345142364502
"Learned (U-Net), Seg-only",0.8493644595146179,0.4854908883571625,0.8237200975418091
"Learned (U-Net), Seg-only",0.8149083256721497,0.4689992070198059,0.829917311668396
"Learned (U-Net), Seg-only",0.8325425088405609,0.43707340955734253,0.7417863607406616
"Learned (U-Net), Seg-only",0.8159288465976715,0.4247223734855652,0.6377518177032471
"Learned (U-Net), Seg-only",0.8822718560695648,0.4386196732521057,0.6944516897201538
"Learned (U-Net), Seg-only",0.8119209408760071,0.3661251664161682,0.5833883285522461
"Learned (U-Net), Seg-only",0.8305366039276123,0.45667707920074463,0.7691006660461426
"Learned (U-Net), Seg-only",0.8369699716567993,0.44479233026504517,0.7638490200042725
"Learned (U-Net), Seg-only",0.8011958599090576,0.4599226415157318,0.7521071434020996
"Learned (U-Net), Seg-only",0.8332098126411438,0.4298272430896759,0.6852247714996338
"Learned (U-Net), Seg-only",0.7892906069755554,0.3565707206726074,0.4937312602996826
"Learned (U-Net), Seg-only",0.6140834987163544,0.1818130612373352,0.1561974287033081
"Learned (U-Net), Seg-only",0.586039274930954,0.15400129556655884,0.29302144050598145
"Learned (U-Net), Seg-only",0.6074299514293671,0.2549070715904236,0.41408073902130127
"Learned (U-Net), Seg-only",0.5992762744426727,0.2388715147972107,0.4943035840988159
"Learned (U-Net), Seg-only",0.6171980798244476,0.21140187978744507,0.3099914789199829
"Learned (U-Net), Seg-only",0.6146762371063232,0.19422274827957153,0.2735069990158081
"Learned (U-Net), Seg-only",0.6536359786987305,0.29012471437454224,0.33356165885925293
"Learned (U-Net), Seg-only",0.6097523272037506,0.21407580375671387,0.27440905570983887
"Learned (U-Net), Seg-only",0.6071405708789825,0.21469587087631226,0.28246402740478516
"Learned (U-Net), Seg-only",0.6131674647331238,0.22669029235839844,0.3150656223297119
"Learned (U-Net), Seg-only",0.6070632040500641,0.2328624129295349,0.36657893657684326
"Learned (U-Net), Seg-only",0.6319868564605713,0.23573553562164307,0.40429818630218506
"Learned (U-Net), Seg-only",0.6238355040550232,0.20015066862106323,0.3454315662384033
"Learned (U-Net), Seg-only",0.6435114145278931,0.2875708341598511,0.4200093746185303
"Learned (U-Net), Seg-only",0.5820025503635406,0.2017543911933899,0.3508768081665039
"Learned (U-Net), Seg-only",0.6131303310394287,0.17964261770248413,0.23229706287384033
"Learned (U-Net), Seg-only",0.6236548125743866,0.15186434984207153,0.10270404815673828
"Learned (U-Net), Seg-only",0.6357631087303162,0.22296792268753052,0.3319122791290283
"Learned (U-Net), Seg-only",0.6238090693950653,0.21721547842025757,0.19667816162109375
"Learned (U-Net), Seg-only",0.5966485142707825,0.20828598737716675,0.1982896327972412
"Learned (U-Net), Seg-only",0.6253151893615723,0.252991259098053,0.22359716892242432
"Learned (U-Net), Seg-only",0.6419198513031006,0.21110272407531738,0.2381051778793335
"Learned (U-Net), Seg-only",0.5983907282352448,0.2853868901729584,0.33986830711364746
"Learned (U-Net), Seg-only",0.5692825317382812,0.13314086198806763,0.13407373428344727
"Learned (U-Net), Seg-only",0.6841153204441071,0.25569993257522583,0.23797130584716797
"Learned (U-Net), Seg-only",0.6043481230735779,0.22860956192016602,0.18825876712799072
"Learned (U-Net), Seg-only",0.637872189283371,0.2541782855987549,0.15333235263824463
"Learned (U-Net), Seg-only",0.6535288691520691,0.297765851020813,0.29884564876556396
"Learned (U-Net), Seg-only",0.6306278705596924,0.2858806848526001,0.24977898597717285
"Learned (U-Net), Seg-only",0.6110223531723022,0.22403287887573242,0.15420734882354736
"Learned (U-Net), Seg-only",0.5669025182723999,0.1955299973487854,0.053682565689086914
"Learned (U-Net), Seg-only",0.6407103836536407,0.21995675563812256,0.18876159191131592
"Learned (U-Net), Seg-only",0.6187842488288879,0.20259934663772583,0.0167313814163208
"Learned (U-Net), Seg-only",0.6366777420043945,0.1848241090774536,0.16862165927886963
"Learned (U-Net), Seg-only",0.6112912893295288,0.23396676778793335,0.09191203117370605
"Learned (U-Net), Seg-only",0.5945554077625275,0.24121719598770142,0.17966127395629883
"Learned (U-Net), Seg-only",0.6133165955543518,0.23803818225860596,0.035659193992614746
"Learned (U-Net), Seg-only",0.6009739637374878,0.23448842763900757,0.20229852199554443
"Learned (U-Net), Seg-only",0.6369830369949341,0.24775439500808716,0.1751343011856079
"Learned (U-Net), Seg-only",0.6561031341552734,0.22741883993148804,0.07526946067810059
"Learned (U-Net), Seg-only",0.6339495778083801,0.2463565468788147,0.055095791816711426
"Learned (U-Net), Seg-only",0.6076553761959076,0.21559971570968628,0.1440274715423584
"Learned (U-Net), Seg-only",0.6019400358200073,0.26648229360580444,0.08276653289794922
"Learned (U-Net), Seg-only",0.6407687067985535,0.18893450498580933,0.21332430839538574
"Learned (U-Net), Seg-only",0.6027121543884277,0.20552963018417358,0.11658072471618652
"Learned (U-Net), Seg-only",0.5950862169265747,0.23987364768981934,0.35653793811798096
"Learned (U-Net), Seg-only",0.6072350144386292,0.24849921464920044,0.4223783016204834
"Learned (U-Net), Seg-only",0.6302403807640076,0.29918158054351807,0.6344386339187622
"Learned (U-Net), Seg-only",0.6104260087013245,0.21809524297714233,0.30651581287384033
"Learned (U-Net), Seg-only",0.6455104053020477,0.25916004180908203,0.4303781986236572
"Learned (U-Net), Seg-only",0.5991176962852478,0.1965290904045105,0.24809789657592773
"Learned (U-Net), Seg-only",0.6059141159057617,0.20833468437194824,0.4062209129333496
"Learned (U-Net), Seg-only",0.6308814883232117,0.24949443340301514,0.38271021842956543
"Learned (U-Net), Seg-only",0.5578051209449768,0.20416587591171265,0.3723909854888916
"Learned (U-Net), Seg-only",0.6218475699424744,0.18744194507598877,0.36028003692626953
"Learned (U-Net), Seg-only",0.6123432517051697,0.2576434016227722,0.4736979007720947
"Learned (U-Net), Seg-only",0.6394217312335968,0.24834221601486206,0.445728063583374
"Learned (U-Net), Seg-only",0.6419751346111298,0.24671828746795654,0.3882453441619873
"Learned (U-Net), Seg-only",0.6219620704650879,0.2271251082420349,0.3742356300354004
"Learned (U-Net), Seg-only",0.6331932246685028,0.2748168706893921,0.4492011070251465
"Learned (U-Net), Seg-only",0.6973048746585846,0.28702569007873535,0.500937819480896
"Learned (U-Net), Seg-only",0.6462958753108978,0.23379546403884888,0.30333423614501953
"Learned (U-Net), Seg-only",0.687366783618927,0.28731679916381836,0.45071351528167725
"Learned (U-Net), Seg-only",0.6900194585323334,0.2707411050796509,0.3332587480545044
"Learned (U-Net), Seg-only",0.680624783039093,0.25448137521743774,0.3921787738800049
"Learned (U-Net), Seg-only",0.68121737241745,0.2283974289894104,0.3103303909301758
"Learned (U-Net), Seg-only",0.6700347065925598,0.2539817690849304,0.430946946144104
"Learned (U-Net), Seg-only",0.7220899164676666,0.2780382037162781,0.3595768213272095
"Learned (U-Net), Seg-only",0.6525176763534546,0.22554492950439453,0.29508745670318604
"Learned (U-Net), Seg-only",0.6480551958084106,0.2885180711746216,0.4327099323272705
"Learned (U-Net), Seg-only",0.6750038266181946,0.293850302696228,0.4442424774169922
"Learned (U-Net), Seg-only",0.6634666919708252,0.20615941286087036,0.2701261043548584
"Learned (U-Net), Seg-only",0.6849444806575775,0.2968185544013977,0.3480151891708374
"Learned (U-Net), Seg-only",0.6700206995010376,0.2094496488571167,0.17945599555969238
"Learned (U-Net), Seg-only",0.6965575218200684,0.25909423828125,0.40053892135620117
"Learned (U-Net), Seg-only",0.6723046898841858,0.26284968852996826,0.121063232421875
"Learned (U-Net), Seg-only",0.7028025984764099,0.24638205766677856,0.20538878440856934
"Learned (U-Net), Seg-only",0.6781993210315704,0.2666386365890503,0.3513273000717163
"Learned (U-Net), Seg-only",0.660161703824997,0.26131123304367065,0.27673792839050293
"Learned (U-Net), Seg-only",0.6768016517162323,0.3250698447227478,0.24129056930541992
"Learned (U-Net), Seg-only",0.6757626533508301,0.22647297382354736,0.29394853115081787
"Learned (U-Net), Seg-only",0.7219754755496979,0.2727676033973694,0.25483882427215576
"Learned (U-Net), Seg-only",0.6526382565498352,0.25055992603302,0.2235950231552124
"Learned (U-Net), Seg-only",0.7277555465698242,0.2875272035598755,0.28272175788879395
"Learned (U-Net), Seg-only",0.6829747557640076,0.20431119203567505,0.06124997138977051
"Learned (U-Net), Seg-only",0.6772294640541077,0.22771859169006348,0.36581969261169434
"Learned (U-Net), Seg-only",0.6771688163280487,0.29202547669410706,0.39594805240631104
"Learned (U-Net), Seg-only",0.6993049383163452,0.21492892503738403,0.14617109298706055
"Learned (U-Net), Seg-only",0.6564122438430786,0.2624817490577698,0.24410569667816162
"Learned (U-Net), Seg-only",0.6930660605430603,0.24334239959716797,0.2370903491973877
"Learned (U-Net), Seg-only",0.6885043382644653,0.2178439497947693,0.163735032081604
"Learned (U-Net), Seg-only",0.6825629472732544,0.20072299242019653,0.12387681007385254
"Learned (U-Net), Seg-only",0.7268151640892029,0.3185105323791504,0.15611493587493896
"Learned (U-Net), Seg-only",0.6770618855953217,0.19879627227783203,0.1321960687637329
"Learned (U-Net), Seg-only",0.6782644987106323,0.3366349935531616,0.25289976596832275
"Learned (U-Net), Seg-only",0.6707141399383545,0.2949143052101135,0.1364438533782959
"Learned (U-Net), Seg-only",0.675661712884903,0.2536662817001343,0.24257159233093262
"Learned (U-Net), Seg-only",0.6834784746170044,0.24104219675064087,0.17779803276062012
"Learned (U-Net), Seg-only",0.6790521442890167,0.2832493185997009,0.09876596927642822
"Learned (U-Net), Seg-only",0.7034419775009155,0.2047131061553955,0.18695998191833496
"Learned (U-Net), Seg-only",0.6861175000667572,0.2010090947151184,0.09765374660491943
"Learned (U-Net), Seg-only",0.7050209641456604,0.2681947946548462,0.1258639097213745
"Learned (U-Net), Seg-only",0.6609516143798828,0.27073633670806885,0.18308472633361816
"Learned (U-Net), Seg-only",0.6925879120826721,0.19054394960403442,0.18837988376617432
"Learned (U-Net), Seg-only",0.7153739631175995,0.22848045825958252,0.08844542503356934
"Learned (U-Net), Seg-only",0.6793960630893707,0.2628977298736572,0.48454761505126953
"Learned (U-Net), Seg-only",0.6411729454994202,0.2157239317893982,0.3138091564178467
"Learned (U-Net), Seg-only",0.6905561089515686,0.2680736780166626,0.48528945446014404
"Learned (U-Net), Seg-only",0.698031485080719,0.24003976583480835,0.4366903305053711
"Learned (U-Net), Seg-only",0.6514258086681366,0.22617077827453613,0.3348987102508545
"Learned (U-Net), Seg-only",0.6578902304172516,0.2896398901939392,0.48025667667388916
"Learned (U-Net), Seg-only",0.6842301487922668,0.3187682032585144,0.6493731737136841
"Learned (U-Net), Seg-only",0.6512705087661743,0.26558029651641846,0.4911355972290039
"Learned (U-Net), Seg-only",0.6403292119503021,0.23689061403274536,0.36028003692626953
"Learned (U-Net), Seg-only",0.6857307255268097,0.2575889825820923,0.3954120874404907
"Learned (U-Net), Seg-only",0.7045641541481018,0.24866002798080444,0.5052182674407959
"Learned (U-Net), Seg-only",0.6411851644515991,0.2722480893135071,0.46820294857025146
"Learned (U-Net), Seg-only",0.6856971383094788,0.28582996129989624,0.4605751037597656
"Learned (U-Net), Seg-only",0.6733721792697906,0.2573907971382141,0.42038655281066895
"Learned (U-Net), Seg-only",0.6420855224132538,0.25300997495651245,0.4012322425842285
"Learned (U-Net), Seg-only",0.45329679548740387,0.09248954057693481,0.1838921308517456
"Learned (U-Net), Seg-only",0.4222359210252762,0.021220684051513672,0.041938185691833496
"Learned (U-Net), Seg-only",0.4221789836883545,0.06191951036453247,0.0738215446472168
"Learned (U-Net), Seg-only",0.4500844180583954,0.11518722772598267,0.09799456596374512
"Learned (U-Net), Seg-only",0.4561123698949814,0.06428587436676025,0.14708662033081055
"Learned (U-Net), Seg-only",0.43282292783260345,0.12118929624557495,0.13147270679473877
"Learned (U-Net), Seg-only",0.42264388501644135,0.07316118478775024,0.1072382926940918
"Learned (U-Net), Seg-only",0.45820972323417664,0.09010809659957886,0.12222933769226074
"Learned (U-Net), Seg-only",0.44190019369125366,0.11633944511413574,0.1923973560333252
"Learned (U-Net), Seg-only",0.4129875898361206,0.09325480461120605,0.09749650955200195
"Learned (U-Net), Seg-only",0.42339734733104706,0.05428034067153931,0.11032438278198242
"Learned (U-Net), Seg-only",0.41347528994083405,0.048964619636535645,0.05526399612426758
"Learned (U-Net), Seg-only",0.4152562767267227,0.1060602068901062,0.18146848678588867
"Learned (U-Net), Seg-only",0.44197286665439606,0.020888447761535645,0.010991573333740234
"Learned (U-Net), Seg-only",0.43071798980236053,0.08661073446273804,0.09655976295471191
"Learned (U-Net), Seg-only",0.4697137475013733,0.008253693580627441,0.03664100170135498
"Learned (U-Net), Seg-only",0.4445798248052597,0.038076817989349365,0.11555039882659912
"Learned (U-Net), Seg-only",0.4351450502872467,0.10419589281082153,0.0092620849609375
"Learned (U-Net), Seg-only",0.429745152592659,0.08583378791809082,0.08006405830383301
"Learned (U-Net), Seg-only",0.4421751946210861,0.0811505913734436,0.07335567474365234
"Learned (U-Net), Seg-only",0.44652126729488373,0.0625145435333252,0.01931142807006836
"Learned (U-Net), Seg-only",0.40271902084350586,0.06760436296463013,0.05383574962615967
"Learned (U-Net), Seg-only",0.460413858294487,0.04191172122955322,0.0313107967376709
"Learned (U-Net), Seg-only",0.42110495269298553,0.07271182537078857,0.040741801261901855
"Learned (U-Net), Seg-only",0.4384058862924576,0.0946120023727417,0.182175874710083
"Learned (U-Net), Seg-only",0.44045327603816986,0.11406707763671875,0.1087731122970581
"Learned (U-Net), Seg-only",0.43924690783023834,0.0405505895614624,0.029613375663757324
"Learned (U-Net), Seg-only",0.4277437627315521,0.08718258142471313,0.08044850826263428
"Learned (U-Net), Seg-only",0.423225000500679,0.11626023054122925,0.17212772369384766
"Learned (U-Net), Seg-only",0.4496430456638336,0.12104016542434692,0.08292925357818604
"Learned (U-Net), Seg-only",0.44695547223091125,0.08778035640716553,0.0059670209884643555
"Learned (U-Net), Seg-only",0.4184297174215317,0.02415633201599121,0.0013184547424316406
"Learned (U-Net), Seg-only",0.44287075102329254,0.10617011785507202,0.07634341716766357
"Learned (U-Net), Seg-only",0.4571867734193802,0.03679478168487549,0.06142759323120117
"Learned (U-Net), Seg-only",0.42736321687698364,0.1226433515548706,0.004509329795837402
"Learned (U-Net), Seg-only",0.4171217679977417,0.08397400379180908,0.02754819393157959
"Learned (U-Net), Seg-only",0.43210822343826294,0.057556748390197754,0.024964213371276855
"Learned (U-Net), Seg-only",0.44192935526371,0.05643153190612793,0.10952627658843994
"Learned (U-Net), Seg-only",0.43078404664993286,0.0532800555229187,0.0605473518371582
"Learned (U-Net), Seg-only",0.4180253595113754,0.10760259628295898,0.12658560276031494
"Learned (U-Net), Seg-only",0.4218622148036957,0.08588629961013794,0.049002647399902344
"Learned (U-Net), Seg-only",0.4323252886533737,0.055268704891204834,0.06166517734527588
"Learned (U-Net), Seg-only",0.4336138218641281,0.030609190464019775,0.13959753513336182
"Learned (U-Net), Seg-only",0.43462803959846497,0.04752713441848755,0.09663283824920654
"Learned (U-Net), Seg-only",0.41591398417949677,0.05841463804244995,0.002288818359375
"Learned (U-Net), Seg-only",0.40550319850444794,0.04733699560165405,0.09878182411193848
"Learned (U-Net), Seg-only",0.41907191276550293,0.031512320041656494,0.06674885749816895
"Learned (U-Net), Seg-only",0.44091957807540894,0.10404425859451294,0.23328518867492676
"Learned (U-Net), Seg-only",0.4379175901412964,0.08614504337310791,0.1785285472869873
"Learned (U-Net), Seg-only",0.427716925740242,0.04921269416809082,0.058207035064697266
"Learned (U-Net), Seg-only",0.41643697023391724,0.07337409257888794,0.08432340621948242
"Learned (U-Net), Seg-only",0.4269774258136749,0.05351144075393677,0.13121497631072998
"Learned (U-Net), Seg-only",0.41971632838249207,0.026352107524871826,0.08812403678894043
"Learned (U-Net), Seg-only",0.45995834469795227,0.126042902469635,0.24698233604431152
"Learned (U-Net), Seg-only",0.4660528600215912,0.04727578163146973,0.07942771911621094
"Learned (U-Net), Seg-only",0.45297251641750336,0.0863385796546936,0.10371208190917969
"Learned (U-Net), Seg-only",0.41005560755729675,0.06690531969070435,0.1437218189239502
"Learned (U-Net), Seg-only",0.46629634499549866,0.11881911754608154,0.22091078758239746
"Learned (U-Net), Seg-only",0.4319475591182709,0.04066276550292969,0.009449958801269531
"Learned (U-Net), Seg-only",0.43432284891605377,0.029496312141418457,0.09995889663696289
"Learned (U-Net), Seg-only",1.5024597644805908,0.8224859237670898,1.4614732265472412
"Learned (U-Net), Seg-only",1.5063668489456177,0.7533146142959595,0.9939746856689453
"Learned (U-Net), Seg-only",1.5412115454673767,0.8205223083496094,1.3310432434082031
"Learned (U-Net), Seg-only",1.5561074018478394,0.7971919775009155,1.2651145458221436
"Learned (U-Net), Seg-only",1.5479846596717834,0.8074856996536255,1.2888715267181396
"Learned (U-Net), Seg-only",1.5297175645828247,0.7820757627487183,0.9914515018463135
"Learned (U-Net), Seg-only",1.5465167164802551,0.8060997724533081,1.2223405838012695
"Learned (U-Net), Seg-only",1.532833456993103,0.8007270097732544,1.015805959701538
"Learned (U-Net), Seg-only",1.5831185579299927,0.8713581562042236,1.3039226531982422
"Learned (U-Net), Seg-only",1.5379337072372437,0.838996410369873,1.0536541938781738
"Learned (U-Net), Seg-only",1.57036554813385,0.8255953788757324,1.1842637062072754
"Learned (U-Net), Seg-only",1.561294972896576,0.8738373517990112,1.2089414596557617
"Learned (U-Net), Seg-only",1.5454742312431335,0.7527527809143066,0.8438591957092285
"Learned (U-Net), Seg-only",1.606099784374237,0.8849666118621826,1.167524814605713
"Learned (U-Net), Seg-only",1.588705599308014,0.8338624238967896,1.1838135719299316
"Learned (U-Net), Seg-only",1.4692734479904175,0.7374405860900879,0.7782337665557861
"Learned (U-Net), Seg-only",1.5265037417411804,0.8679911494255066,1.0462212562561035
"Learned (U-Net), Seg-only",1.5222662687301636,0.8018839359283447,0.7620828151702881
"Learned (U-Net), Seg-only",1.5526736974716187,0.8162291049957275,1.1542174816131592
"Learned (U-Net), Seg-only",1.5028735995292664,0.7467113733291626,0.8779077529907227
"Learned (U-Net), Seg-only",1.5613215565681458,0.7534642219543457,0.7214670181274414
"Learned (U-Net), Seg-only",1.5991991758346558,0.7383873462677002,1.02388334274292
"Learned (U-Net), Seg-only",1.5197513103485107,0.7233396768569946,0.874828577041626
"Learned (U-Net), Seg-only",1.539378821849823,0.7633392810821533,1.1224849224090576
"Learned (U-Net), Seg-only",1.5130042433738708,0.7942826747894287,1.0419111251831055
"Learned (U-Net), Seg-only",1.4983589053153992,0.7868943810462952,0.9119195938110352
"Learned (U-Net), Seg-only",1.5874360799789429,0.959499716758728,1.1084797382354736
"Learned (U-Net), Seg-only",1.5902774930000305,0.9922758936882019,1.233504295349121
"Learned (U-Net), Seg-only",1.5049394369125366,0.8715466260910034,1.0366454124450684
"Learned (U-Net), Seg-only",1.5425876379013062,0.8737562894821167,0.9487817287445068
"Learned (U-Net), Seg-only",1.4976314306259155,0.786820113658905,0.6416242122650146
"Learned (U-Net), Seg-only",1.4895064234733582,0.9448847770690918,0.8986186981201172
"Learned (U-Net), Seg-only",1.5867180228233337,0.789463996887207,0.5498502254486084
"Learned (U-Net), Seg-only",1.5062608122825623,0.8030024766921997,0.7446962594985962
"Learned (U-Net), Seg-only",1.5154178142547607,0.8210429549217224,0.5325171947479248
"Learned (U-Net), Seg-only",1.5893893837928772,0.8745492696762085,0.646714448928833
"Learned (U-Net), Seg-only",1.6037341356277466,0.8238786458969116,0.8410177230834961
"Learned (U-Net), Seg-only",1.585940420627594,0.8414217233657837,0.6135506629943848
"Learned (U-Net), Seg-only",1.5011889338493347,0.6507188081741333,0.8420393466949463
"Learned (U-Net), Seg-only",1.5449014902114868,0.778860330581665,0.574094295501709
"Learned (U-Net), Seg-only",1.5727922916412354,0.9982793927192688,0.6286085844039917
"Learned (U-Net), Seg-only",1.6030165553092957,0.9024596810340881,0.7649770975112915
"Learned (U-Net), Seg-only",1.493000090122223,0.8077137470245361,0.5312387943267822
"Learned (U-Net), Seg-only",1.5645917057991028,0.7525317668914795,0.6261522769927979
"Learned (U-Net), Seg-only",1.5404413342475891,0.8492486476898193,0.7921943664550781
"Learned (U-Net), Seg-only",1.5915582180023193,0.7414844036102295,1.1994662284851074
"Learned (U-Net), Seg-only",1.4643760323524475,0.7546185255050659,1.1136255264282227
"Learned (U-Net), Seg-only",1.5890869498252869,0.8873430490493774,1.561730146408081
"Learned (U-Net), Seg-only",1.5496116280555725,0.9025405049324036,1.485628604888916
"Learned (U-Net), Seg-only",1.593420147895813,0.8797604441642761,1.6719956398010254
"Learned (U-Net), Seg-only",1.5454590916633606,0.8464060425758362,1.4521312713623047
"Learned (U-Net), Seg-only",1.4893792271614075,0.7730506658554077,1.2509949207305908
"Learned (U-Net), Seg-only",1.66718327999115,0.8326994180679321,1.3485875129699707
"Learned (U-Net), Seg-only",1.5863977670669556,0.8198760747909546,1.41581130027771
"Learned (U-Net), Seg-only",1.4952480792999268,0.7622764110565186,1.1950080394744873
"Learned (U-Net), Seg-only",1.554885983467102,0.843542218208313,1.4493720531463623
"Learned (U-Net), Seg-only",1.5464916229248047,0.7465507984161377,1.2628743648529053
"Learned (U-Net), Seg-only",1.4865020513534546,0.7317694425582886,1.2307624816894531
"Learned (U-Net), Seg-only",1.5293866395950317,0.8013925552368164,1.2658350467681885
"Learned (U-Net), Seg-only",1.5169041752815247,0.8755221366882324,1.3344917297363281
"Learned (U-Net), Seg-only",1.1375951766967773,0.3844590187072754,0.5336220264434814
"Learned (U-Net), Seg-only",1.1102992296218872,0.4377554655075073,0.6874597072601318
"Learned (U-Net), Seg-only",1.0611804127693176,0.41271817684173584,0.5856456756591797
"Learned (U-Net), Seg-only",1.0662661790847778,0.44028615951538086,0.6347322463989258
"Learned (U-Net), Seg-only",1.0309091210365295,0.4011787176132202,0.6580400466918945
"Learned (U-Net), Seg-only",1.1492018699645996,0.3767740726470947,0.5474152565002441
"Learned (U-Net), Seg-only",1.1368368268013,0.39155709743499756,0.4466886520385742
"Learned (U-Net), Seg-only",1.1141867637634277,0.4319593906402588,0.5201015472412109
"Learned (U-Net), Seg-only",1.1173030734062195,0.36894726753234863,0.4246211051940918
"Learned (U-Net), Seg-only",1.0598151087760925,0.3925914764404297,0.7215738296508789
"Learned (U-Net), Seg-only",1.1342470049858093,0.452886700630188,0.6501801013946533
"Learned (U-Net), Seg-only",1.037364900112152,0.361733078956604,0.5642256736755371
"Learned (U-Net), Seg-only",1.069513976573944,0.33827006816864014,0.5668108463287354
"Learned (U-Net), Seg-only",1.083072006702423,0.33619916439056396,0.5600600242614746
"Learned (U-Net), Seg-only",1.084982991218567,0.3710283041000366,0.5093717575073242
"Learned (U-Net), Seg-only",1.0740825533866882,0.4470096826553345,0.5446979999542236
"Learned (U-Net), Seg-only",1.0555810332298279,0.4257470369338989,0.5213494300842285
"Learned (U-Net), Seg-only",1.0362413823604584,0.39525556564331055,0.46404051780700684
"Learned (U-Net), Seg-only",1.1197643876075745,0.44705092906951904,0.5230789184570312
"Learned (U-Net), Seg-only",1.1340477466583252,0.3902757167816162,0.2906663417816162
"Learned (U-Net), Seg-only",1.05769282579422,0.39472997188568115,0.5380182266235352
"Learned (U-Net), Seg-only",1.07918119430542,0.37170135974884033,0.40024876594543457
"Learned (U-Net), Seg-only",1.131554663181305,0.3904949426651001,0.3914942741394043
"Learned (U-Net), Seg-only",1.094273328781128,0.3438488245010376,0.4255809783935547
"Learned (U-Net), Seg-only",1.0932979583740234,0.34767961502075195,0.3637247085571289
"Learned (U-Net), Seg-only",1.173165738582611,0.4882134199142456,0.3408639430999756
"Learned (U-Net), Seg-only",0.9893949031829834,0.3528345823287964,0.37941551208496094
"Learned (U-Net), Seg-only",1.078481137752533,0.408968448638916,0.5446972846984863
"Learned (U-Net), Seg-only",1.0617581605911255,0.48399150371551514,0.7004456520080566
"Learned (U-Net), Seg-only",1.1063753366470337,0.4582102298736572,0.5373728275299072
"Learned (U-Net), Seg-only",1.0804309248924255,0.35376203060150146,0.25812530517578125
"Learned (U-Net), Seg-only",1.1269090175628662,0.4229724407196045,0.3353269100189209
"Learned (U-Net), Seg-only",1.0918879508972168,0.39600908756256104,0.3890564441680908
"Learned (U-Net), Seg-only",1.1509989500045776,0.5108739137649536,0.4858262538909912
"Learned (U-Net), Seg-only",1.0792925953865051,0.33567607402801514,0.25016045570373535
"Learned (U-Net), Seg-only",1.0784193873405457,0.46838104724884033,0.43810534477233887
"Learned (U-Net), Seg-only",1.0342963933944702,0.3688836097717285,0.16096973419189453
"Learned (U-Net), Seg-only",1.07436203956604,0.3279292583465576,0.28587794303894043
"Learned (U-Net), Seg-only",1.0398958325386047,0.42002737522125244,0.21570444107055664
"Learned (U-Net), Seg-only",1.0227299928665161,0.36518406867980957,0.2824523448944092
"Learned (U-Net), Seg-only",1.083116888999939,0.3174309730529785,0.16944265365600586
"Learned (U-Net), Seg-only",1.0707393288612366,0.4357043504714966,0.3167846202850342
"Learned (U-Net), Seg-only",1.098357379436493,0.3999127149581909,0.27727222442626953
"Learned (U-Net), Seg-only",1.092317521572113,0.563190221786499,0.4897572994232178
"Learned (U-Net), Seg-only",1.043603539466858,0.374111533164978,0.27115726470947266
"Learned (U-Net), Seg-only",1.0931523442268372,0.4604068994522095,0.7174086570739746
"Learned (U-Net), Seg-only",1.060505449771881,0.40232133865356445,0.6426429748535156
"Learned (U-Net), Seg-only",1.075384795665741,0.4028865098953247,0.6935856342315674
"Learned (U-Net), Seg-only",1.1105995178222656,0.42498910427093506,0.7598536014556885
"Learned (U-Net), Seg-only",1.0820874571800232,0.38664710521698,0.5030145645141602
"Learned (U-Net), Seg-only",1.095859408378601,0.4255950450897217,0.6804482936859131
"Learned (U-Net), Seg-only",1.0548331141471863,0.4124422073364258,0.7739365100860596
"Learned (U-Net), Seg-only",1.0826581716537476,0.46913814544677734,0.6586403846740723
"Learned (U-Net), Seg-only",1.0674722790718079,0.4357262849807739,0.704946756362915
"Learned (U-Net), Seg-only",1.0847871899604797,0.3662831783294678,0.48930978775024414
"Learned (U-Net), Seg-only",1.082659363746643,0.36019575595855713,0.6073951721191406
"Learned (U-Net), Seg-only",1.1477657556533813,0.4434816837310791,0.7893424034118652
"Learned (U-Net), Seg-only",1.0786798000335693,0.4467049837112427,0.6929981708526611
"Learned (U-Net), Seg-only",1.0597658157348633,0.3614994287490845,0.5189132690429688
"Learned (U-Net), Seg-only",1.1010710000991821,0.4754370450973511,0.7457594871520996
"Learned (U-Net), Seg-only",1.2779534459114075,0.5024137496948242,0.7458162307739258
"Learned (U-Net), Seg-only",1.2856939435005188,0.5435187816619873,0.775402307510376
"Learned (U-Net), Seg-only",1.197576880455017,0.41448354721069336,0.45806884765625
"Learned (U-Net), Seg-only",1.2294886708259583,0.47826099395751953,0.6821606159210205
"Learned (U-Net), Seg-only",1.254151701927185,0.538925051689148,0.6829519271850586
"Learned (U-Net), Seg-only",1.2069395780563354,0.48729407787323,0.645230770111084
"Learned (U-Net), Seg-only",1.2048739194869995,0.4556691646575928,0.8151843547821045
"Learned (U-Net), Seg-only",1.2173942923545837,0.4646190404891968,0.6273491382598877
"Learned (U-Net), Seg-only",1.2697574496269226,0.5195379257202148,0.5538320541381836
"Learned (U-Net), Seg-only",1.1875635981559753,0.4117332696914673,0.5090527534484863
"Learned (U-Net), Seg-only",1.22294020652771,0.48210036754608154,0.6836786270141602
"Learned (U-Net), Seg-only",1.2863752841949463,0.549308180809021,0.7640557289123535
"Learned (U-Net), Seg-only",1.224326729774475,0.5052986145019531,0.6995818614959717
"Learned (U-Net), Seg-only",1.213782250881195,0.46087646484375,0.5686113834381104
"Learned (U-Net), Seg-only",1.2398831844329834,0.5029125213623047,0.7598190307617188
"Learned (U-Net), Seg-only",1.2377712726593018,0.42584407329559326,0.5287349224090576
"Learned (U-Net), Seg-only",1.2563532590866089,0.4660518169403076,0.7581768035888672
"Learned (U-Net), Seg-only",1.2692270278930664,0.44777774810791016,0.6752800941467285
"Learned (U-Net), Seg-only",1.220151424407959,0.44013512134552,0.7562398910522461
"Learned (U-Net), Seg-only",1.2296369671821594,0.49340009689331055,0.40888381004333496
"Learned (U-Net), Seg-only",1.2639521360397339,0.5218721628189087,0.7414121627807617
"Learned (U-Net), Seg-only",1.2278841733932495,0.42515432834625244,0.4188694953918457
"Learned (U-Net), Seg-only",1.3155495524406433,0.4796907901763916,0.5876660346984863
"Learned (U-Net), Seg-only",1.2459349632263184,0.42611634731292725,0.6134951114654541
"Learned (U-Net), Seg-only",1.321768879890442,0.5272190570831299,0.5525455474853516
"Learned (U-Net), Seg-only",1.2349275946617126,0.4326556921005249,0.593785285949707
"Learned (U-Net), Seg-only",1.2203813791275024,0.4118262529373169,0.637364387512207
"Learned (U-Net), Seg-only",1.278071939945221,0.43590497970581055,0.532360315322876
"Learned (U-Net), Seg-only",1.3075101971626282,0.5427712202072144,0.5211060047149658
"Learned (U-Net), Seg-only",1.179549217224121,0.4459524154663086,0.515580415725708
"Learned (U-Net), Seg-only",1.2183417677879333,0.5746092796325684,0.474703311920166
"Learned (U-Net), Seg-only",1.297794759273529,0.5251713991165161,0.4517897367477417
"Learned (U-Net), Seg-only",1.2185433506965637,0.4491100311279297,0.4754204750061035
"Learned (U-Net), Seg-only",1.251200795173645,0.44779086112976074,0.4042208194732666
"Learned (U-Net), Seg-only",1.2200146317481995,0.43802332878112793,0.42475056648254395
"Learned (U-Net), Seg-only",1.2639636993408203,0.4786062240600586,0.4098038673400879
"Learned (U-Net), Seg-only",1.2876604795455933,0.5000308752059937,0.5157749652862549
"Learned (U-Net), Seg-only",1.1929519772529602,0.416412353515625,0.312175989151001
"Learned (U-Net), Seg-only",1.2575371265411377,0.49908149242401123,0.40822744369506836
"Learned (U-Net), Seg-only",1.2379257082939148,0.44126760959625244,0.4905428886413574
"Learned (U-Net), Seg-only",1.2660499811172485,0.49426066875457764,0.3222806453704834
"Learned (U-Net), Seg-only",1.2158726453781128,0.4541693925857544,0.4512202739715576
"Learned (U-Net), Seg-only",1.1538106799125671,0.45025789737701416,0.3507518768310547
"Learned (U-Net), Seg-only",1.1010338068008423,0.3366478681564331,0.31143760681152344
"Learned (U-Net), Seg-only",1.2379457354545593,0.642318606376648,0.5329089164733887
"Learned (U-Net), Seg-only",1.228242576122284,0.5462847948074341,0.7973246574401855
"Learned (U-Net), Seg-only",1.2133870124816895,0.49156689643859863,0.8573553562164307
"Learned (U-Net), Seg-only",1.203231692314148,0.4722461700439453,0.8408093452453613
"Learned (U-Net), Seg-only",1.2241832613945007,0.4753481149673462,0.8171372413635254
"Learned (U-Net), Seg-only",1.1787376999855042,0.5372284650802612,0.9458327293395996
"Learned (U-Net), Seg-only",1.2054076194763184,0.5211695432662964,0.8919050693511963
"Learned (U-Net), Seg-only",1.2326099872589111,0.553790807723999,0.930413007736206
"Learned (U-Net), Seg-only",1.2585354447364807,0.5317531824111938,0.8761463165283203
"Learned (U-Net), Seg-only",1.2459867596626282,0.49603068828582764,0.9477641582489014
"Learned (U-Net), Seg-only",1.2023301124572754,0.3619964122772217,0.537987232208252
"Learned (U-Net), Seg-only",1.2687065601348877,0.5453351736068726,0.8848161697387695
"Learned (U-Net), Seg-only",1.2785118222236633,0.45061707496643066,0.6769552230834961
"Learned (U-Net), Seg-only",1.2817821502685547,0.4947150945663452,0.708251953125
"Learned (U-Net), Seg-only",1.229710876941681,0.4727131128311157,0.7129592895507812
"Learned (U-Net), Seg-only",1.2068772315979004,0.4931473135948181,0.7030293941497803
"Learned (U-Net), Seg-only",0.672100692987442,0.14936375617980957,0.12191390991210938
"Learned (U-Net), Seg-only",0.6892042458057404,0.14820921421051025,0.23621439933776855
"Learned (U-Net), Seg-only",0.6790097057819366,0.17880284786224365,0.2523369789123535
"Learned (U-Net), Seg-only",0.6848604083061218,0.19452118873596191,0.3280036449432373
"Learned (U-Net), Seg-only",0.7095057964324951,0.17935574054718018,0.2794792652130127
"Learned (U-Net), Seg-only",0.7344383597373962,0.2124032974243164,0.26894116401672363
"Learned (U-Net), Seg-only",0.686100423336029,0.07935428619384766,0.02680683135986328
"Learned (U-Net), Seg-only",0.6831127107143402,0.16736245155334473,0.22322773933410645
"Learned (U-Net), Seg-only",0.7588541507720947,0.1734302043914795,0.22159624099731445
"Learned (U-Net), Seg-only",0.690872311592102,0.1514195203781128,0.09444618225097656
"Learned (U-Net), Seg-only",0.7294805645942688,0.12011563777923584,0.1951904296875
"Learned (U-Net), Seg-only",0.736997663974762,0.13466668128967285,0.13739609718322754
"Learned (U-Net), Seg-only",0.7464795112609863,0.1942683458328247,0.3219747543334961
"Learned (U-Net), Seg-only",0.7092309594154358,0.09080779552459717,0.1546630859375
"Learned (U-Net), Seg-only",0.7119725048542023,0.11789751052856445,0.1587376594543457
"Learned (U-Net), Seg-only",0.6522636711597443,0.11446201801300049,0.19964218139648438
"Learned (U-Net), Seg-only",0.746435284614563,0.14629673957824707,0.25804877281188965
"Learned (U-Net), Seg-only",0.7425874173641205,0.1345539093017578,0.1072378158569336
"Learned (U-Net), Seg-only",0.6906647384166718,0.07331931591033936,0.1262187957763672
"Learned (U-Net), Seg-only",0.7394467294216156,0.16425669193267822,0.16783571243286133
"Learned (U-Net), Seg-only",0.6407724022865295,0.12051248550415039,0.08657169342041016
"Learned (U-Net), Seg-only",0.6952919363975525,0.10893058776855469,0.11059832572937012
"Learned (U-Net), Seg-only",0.6998970210552216,0.04182243347167969,0.060929298400878906
"Learned (U-Net), Seg-only",0.7299677431583405,0.09069681167602539,0.1323387622833252
"Learned (U-Net), Seg-only",0.6939075887203217,0.12316465377807617,0.05470538139343262
"Learned (U-Net), Seg-only",0.7112870812416077,0.1227182149887085,0.09647512435913086
"Learned (U-Net), Seg-only",0.7258106172084808,0.10163915157318115,0.1662914752960205
"Learned (U-Net), Seg-only",0.6951043605804443,0.08801603317260742,0.2460322380065918
"Learned (U-Net), Seg-only",0.7221434414386749,0.15993452072143555,0.14592933654785156
"Learned (U-Net), Seg-only",0.6885839998722076,0.07023751735687256,0.001735687255859375
"Learned (U-Net), Seg-only",0.7432280778884888,0.10974955558776855,0.1501697301864624
"Learned (U-Net), Seg-only",0.6924729347229004,0.08743023872375488,0.14104008674621582
"Learned (U-Net), Seg-only",0.7250120937824249,0.1603771448135376,0.11427474021911621
"Learned (U-Net), Seg-only",0.6628286242485046,0.14790666103363037,0.14087581634521484
"Learned (U-Net), Seg-only",0.6785920858383179,0.0558314323425293,0.052117347717285156
"Learned (U-Net), Seg-only",0.6871184706687927,0.12354278564453125,0.028593778610229492
"Learned (U-Net), Seg-only",0.6689802706241608,0.12454473972320557,0.06826996803283691
"Learned (U-Net), Seg-only",0.7156286835670471,0.14762651920318604,0.020920515060424805
"Learned (U-Net), Seg-only",0.709488719701767,0.17135953903198242,0.14718151092529297
"Learned (U-Net), Seg-only",0.6483718752861023,0.08148682117462158,0.059883832931518555
"Learned (U-Net), Seg-only",0.7495697140693665,0.1638709306716919,0.10222387313842773
"Learned (U-Net), Seg-only",0.6904892921447754,0.0790410041809082,0.07074117660522461
"Learned (U-Net), Seg-only",0.7553166747093201,0.20253169536590576,0.09175801277160645
"Learned (U-Net), Seg-only",0.7089488506317139,0.09700274467468262,0.10478687286376953
"Learned (U-Net), Seg-only",0.7423517405986786,0.19314801692962646,0.1030130386352539
"Learned (U-Net), Seg-only",0.7322336435317993,0.19947898387908936,0.33338356018066406
"Learned (U-Net), Seg-only",0.7395531535148621,0.11948621273040771,0.2486429214477539
"Learned (U-Net), Seg-only",0.7139630019664764,0.09890139102935791,0.09480714797973633
"Learned (U-Net), Seg-only",0.6277783513069153,0.1027829647064209,0.13539457321166992
"Learned (U-Net), Seg-only",0.688931405544281,0.17234265804290771,0.29703426361083984
"Learned (U-Net), Seg-only",0.7409664988517761,0.1473371982574463,0.18547630310058594
"Learned (U-Net), Seg-only",0.6984788179397583,0.0052803754806518555,0.025815963745117188
"Learned (U-Net), Seg-only",0.6834064424037933,0.1907261610031128,0.3845486640930176
"Learned (U-Net), Seg-only",0.6699044406414032,0.07188177108764648,0.08313417434692383
"Learned (U-Net), Seg-only",0.6663356721401215,0.11985635757446289,0.21438813209533691
"Learned (U-Net), Seg-only",0.7178044021129608,0.2046276330947876,0.27354907989501953
"Learned (U-Net), Seg-only",0.7017956972122192,0.14314424991607666,0.27320122718811035
"Learned (U-Net), Seg-only",0.6613426804542542,0.14729583263397217,0.25974512100219727
"Learned (U-Net), Seg-only",0.7088187038898468,0.18046462535858154,0.25719690322875977
"Learned (U-Net), Seg-only",0.6766001582145691,0.15553224086761475,0.31432604789733887
"Learned (U-Net), Seg-only",0.841761440038681,0.3770099878311157,0.4876570701599121
"Learned (U-Net), Seg-only",0.832054615020752,0.3816515803337097,0.6385642290115356
"Learned (U-Net), Seg-only",0.835673987865448,0.4357061982154846,0.5577529668807983
"Learned (U-Net), Seg-only",0.8578307032585144,0.28256797790527344,0.30487799644470215
"Learned (U-Net), Seg-only",0.8054729700088501,0.4459266662597656,0.6105700731277466
"Learned (U-Net), Seg-only",0.7901546955108643,0.35664600133895874,0.6477081775665283
"Learned (U-Net), Seg-only",0.8483579754829407,0.4657147526741028,0.6097278594970703
"Learned (U-Net), Seg-only",0.8690434098243713,0.4627103805541992,0.6402219533920288
"Learned (U-Net), Seg-only",0.8217289745807648,0.3503350019454956,0.6132272481918335
"Learned (U-Net), Seg-only",0.7899251878261566,0.33914798498153687,0.4147137403488159
"Learned (U-Net), Seg-only",0.8347908854484558,0.41324174404144287,0.6739602088928223
"Learned (U-Net), Seg-only",0.8036595582962036,0.33865559101104736,0.46353209018707275
"Learned (U-Net), Seg-only",0.8384597897529602,0.31803572177886963,0.4905647039413452
"Learned (U-Net), Seg-only",0.799323171377182,0.34770262241363525,0.44216203689575195
"Learned (U-Net), Seg-only",0.8394355177879333,0.3838038444519043,0.633537769317627
"Learned (U-Net), Seg-only",0.805626630783081,0.32996487617492676,0.4235166311264038
"Learned (U-Net), Seg-only",0.8340625166893005,0.40420931577682495,0.4976874589920044
"Learned (U-Net), Seg-only",0.8534629046916962,0.49338120222091675,0.6205534934997559
"Learned (U-Net), Seg-only",0.849193274974823,0.3158073425292969,0.3285607099533081
"Learned (U-Net), Seg-only",0.8205208778381348,0.44099414348602295,0.5554368495941162
"Learned (U-Net), Seg-only",0.8136238157749176,0.28206485509872437,0.36597466468811035
"Learned (U-Net), Seg-only",0.791903167963028,0.3810141682624817,0.3892548084259033
"Learned (U-Net), Seg-only",0.8826926946640015,0.45015138387680054,0.49658358097076416
"Learned (U-Net), Seg-only",0.8608567118644714,0.3871884346008301,0.4181556701660156
"Learned (U-Net), Seg-only",0.8309963345527649,0.36154091358184814,0.4490945339202881
"Learned (U-Net), Seg-only",0.8528472185134888,0.4203391969203949,0.45606517791748047
"Learned (U-Net), Seg-only",0.8253846168518066,0.3375616669654846,0.44311487674713135
"Learned (U-Net), Seg-only",0.8441582918167114,0.35559332370758057,0.262298583984375
"Learned (U-Net), Seg-only",0.8409521877765656,0.4226275086402893,0.5162067413330078
"Learned (U-Net), Seg-only",0.8010498285293579,0.337976336479187,0.28771746158599854
"Learned (U-Net), Seg-only",0.8663350343704224,0.409029483795166,0.21095693111419678
"Learned (U-Net), Seg-only",0.8204040825366974,0.39899155497550964,0.17668282985687256
"Learned (U-Net), Seg-only",0.7766481637954712,0.36650145053863525,0.32907092571258545
"Learned (U-Net), Seg-only",0.8213813304901123,0.36464643478393555,0.23610150814056396
"Learned (U-Net), Seg-only",0.8374135196208954,0.4136210083961487,0.24859154224395752
"Learned (U-Net), Seg-only",0.7936412990093231,0.3788330554962158,0.2579679489135742
"Learned (U-Net), Seg-only",0.830003559589386,0.428611695766449,0.2368927001953125
"Learned (U-Net), Seg-only",0.8670692443847656,0.48021411895751953,0.42190396785736084
"Learned (U-Net), Seg-only",0.865691065788269,0.46654635667800903,0.2577565908432007
"Learned (U-Net), Seg-only",0.8246783912181854,0.36340177059173584,0.26851463317871094
"Learned (U-Net), Seg-only",0.7837218940258026,0.3278331160545349,0.20042991638183594
"Learned (U-Net), Seg-only",0.8424224853515625,0.32993704080581665,0.0885847806930542
"Learned (U-Net), Seg-only",0.8284512758255005,0.4240732789039612,0.2788541316986084
"Learned (U-Net), Seg-only",0.8381271958351135,0.28774821758270264,0.20813238620758057
"Learned (U-Net), Seg-only",0.8223451972007751,0.3525283932685852,0.23438966274261475
"Learned (U-Net), Seg-only",0.8561910092830658,0.42836618423461914,0.7636135816574097
"Learned (U-Net), Seg-only",0.7928313314914703,0.4024348855018616,0.5933164358139038
"Learned (U-Net), Seg-only",0.8329398036003113,0.3613826632499695,0.5290060043334961
"Learned (U-Net), Seg-only",0.8594034612178802,0.37106674909591675,0.52189040184021
"Learned (U-Net), Seg-only",0.8455135524272919,0.36316484212875366,0.6336814165115356
"Learned (U-Net), Seg-only",0.8111634850502014,0.32006192207336426,0.6503554582595825
"Learned (U-Net), Seg-only",0.7987439632415771,0.39369088411331177,0.6659930944442749
"Learned (U-Net), Seg-only",0.8352418839931488,0.3896552622318268,0.6581648588180542
"Learned (U-Net), Seg-only",0.8067784905433655,0.3485279679298401,0.5271852016448975
"Learned (U-Net), Seg-only",0.812201738357544,0.4211921691894531,0.6566591262817383
"Learned (U-Net), Seg-only",0.8188023567199707,0.35851186513900757,0.5621949434280396
"Learned (U-Net), Seg-only",0.8456540107727051,0.40177226066589355,0.7438205480575562
"Learned (U-Net), Seg-only",0.8471904695034027,0.3406076431274414,0.5050182342529297
"Learned (U-Net), Seg-only",0.8483796119689941,0.3968648314476013,0.6740916967391968
"Learned (U-Net), Seg-only",0.7952405512332916,0.27269089221954346,0.446852445602417
"Learned (U-Net), Seg-only",0.6217555403709412,0.19813460111618042,0.3154411315917969
"Learned (U-Net), Seg-only",0.6107161641120911,0.168728768825531,0.2474980354309082
"Learned (U-Net), Seg-only",0.6189252138137817,0.20256131887435913,0.4456294775009155
"Learned (U-Net), Seg-only",0.6041619777679443,0.1961997151374817,0.3203573226928711
"Learned (U-Net), Seg-only",0.6465153098106384,0.19883692264556885,0.29163944721221924
"Learned (U-Net), Seg-only",0.6063225865364075,0.1212698221206665,0.23959553241729736
"Learned (U-Net), Seg-only",0.583867222070694,0.12366366386413574,0.11759495735168457
"Learned (U-Net), Seg-only",0.6303723156452179,0.12565922737121582,0.19769072532653809
"Learned (U-Net), Seg-only",0.6003381907939911,0.15829414129257202,0.2383270263671875
"Learned (U-Net), Seg-only",0.6508150100708008,0.19764727354049683,0.2943979501724243
"Learned (U-Net), Seg-only",0.5984339714050293,0.09745866060256958,0.09222865104675293
"Learned (U-Net), Seg-only",0.623894602060318,0.1937069296836853,0.2992746829986572
"Learned (U-Net), Seg-only",0.5935007929801941,0.13992470502853394,0.2611880302429199
"Learned (U-Net), Seg-only",0.6247353851795197,0.1879807710647583,0.25953757762908936
"Learned (U-Net), Seg-only",0.6387661993503571,0.183214008808136,0.26934516429901123
"Learned (U-Net), Seg-only",0.6272735595703125,0.19581305980682373,0.1829056739807129
"Learned (U-Net), Seg-only",0.6461257338523865,0.2554773688316345,0.35556888580322266
"Learned (U-Net), Seg-only",0.6550591588020325,0.12931036949157715,0.1303187608718872
"Learned (U-Net), Seg-only",0.6572592258453369,0.10447508096694946,0.17995548248291016
"Learned (U-Net), Seg-only",0.5939677953720093,0.19712084531784058,0.16633009910583496
"Learned (U-Net), Seg-only",0.6298183500766754,0.131148099899292,0.10169112682342529
"Learned (U-Net), Seg-only",0.6198870539665222,0.1776503324508667,0.11430716514587402
"Learned (U-Net), Seg-only",0.5736360847949982,0.1929408311843872,0.14784586429595947
"Learned (U-Net), Seg-only",0.6097250282764435,0.2323705554008484,0.17352569103240967
"Learned (U-Net), Seg-only",0.6454642415046692,0.20083773136138916,0.2731804847717285
"Learned (U-Net), Seg-only",0.6172324120998383,0.22028130292892456,0.3028864860534668
"Learned (U-Net), Seg-only",0.6156825423240662,0.09141278266906738,0.06606006622314453
"Learned (U-Net), Seg-only",0.6236496567726135,0.13687604665756226,0.19567382335662842
"Learned (U-Net), Seg-only",0.6457908749580383,0.1530424952507019,0.2803539037704468
"Learned (U-Net), Seg-only",0.6353476047515869,0.18804055452346802,0.09648025035858154
"Learned (U-Net), Seg-only",0.6330842673778534,0.16449767351150513,0.11434686183929443
"Learned (U-Net), Seg-only",0.6651381254196167,0.22317367792129517,0.06275022029876709
"Learned (U-Net), Seg-only",0.6389107704162598,0.09480404853820801,0.0248720645904541
"Learned (U-Net), Seg-only",0.6073967516422272,0.2079373002052307,0.11294782161712646
"Learned (U-Net), Seg-only",0.6052538752555847,0.23116177320480347,0.07466995716094971
"Learned (U-Net), Seg-only",0.624776303768158,0.2153306007385254,0.13071107864379883
"Learned (U-Net), Seg-only",0.621179461479187,0.15699231624603271,0.14179956912994385
"Learned (U-Net), Seg-only",0.6034276187419891,0.1808243989944458,0.009807109832763672
"Learned (U-Net), Seg-only",0.630744993686676,0.21861594915390015,0.12997841835021973
"Learned (U-Net), Seg-only",0.6077463030815125,0.1116982102394104,0.03097522258758545
"Learned (U-Net), Seg-only",0.6382983922958374,0.1462622880935669,0.1357671022415161
"Learned (U-Net), Seg-only",0.5874256193637848,0.1910783052444458,0.015491127967834473
"Learned (U-Net), Seg-only",0.5907845497131348,0.16826564073562622,0.1034393310546875
"Learned (U-Net), Seg-only",0.6032709181308746,0.1383761167526245,0.028984904289245605
"Learned (U-Net), Seg-only",0.6459732949733734,0.19332778453826904,0.06161141395568848
"Learned (U-Net), Seg-only",0.59176105260849,0.11712926626205444,0.19999074935913086
"Learned (U-Net), Seg-only",0.6183850765228271,0.13989651203155518,0.23704886436462402
"Learned (U-Net), Seg-only",0.632708340883255,0.22511297464370728,0.34842944145202637
"Learned (U-Net), Seg-only",0.6182563006877899,0.17491525411605835,0.30217254161834717
"Learned (U-Net), Seg-only",0.6243605017662048,0.2124689817428589,0.45263242721557617
"Learned (U-Net), Seg-only",0.6076288521289825,0.17892730236053467,0.28516530990600586
"Learned (U-Net), Seg-only",0.6449674963951111,0.2250760793685913,0.3923499584197998
"Learned (U-Net), Seg-only",0.5736389756202698,0.16125211119651794,0.27156317234039307
"Learned (U-Net), Seg-only",0.5901765525341034,0.19277596473693848,0.2425985336303711
"Learned (U-Net), Seg-only",0.58387690782547,0.2054615020751953,0.4419255256652832
"Learned (U-Net), Seg-only",0.6344448626041412,0.255504846572876,0.4660835266113281
"Learned (U-Net), Seg-only",0.6191421449184418,0.1579952836036682,0.2350919246673584
"Learned (U-Net), Seg-only",0.6211562156677246,0.20074808597564697,0.37371110916137695
"Learned (U-Net), Seg-only",0.621302604675293,0.1768711805343628,0.2789957523345947
"Learned (U-Net), Seg-only",0.6148126125335693,0.22308814525604248,0.4196202754974365
"Learned (U-Net), Seg-only",0.7023088335990906,0.23191547393798828,0.28434884548187256
"Learned (U-Net), Seg-only",0.6771847009658813,0.17645776271820068,0.19700443744659424
"Learned (U-Net), Seg-only",0.6740276217460632,0.209439218044281,0.28193986415863037
"Learned (U-Net), Seg-only",0.6762848794460297,0.2453746199607849,0.36578333377838135
"Learned (U-Net), Seg-only",0.6659641861915588,0.23863178491592407,0.4536399841308594
"Learned (U-Net), Seg-only",0.6735118329524994,0.24715864658355713,0.2967275381088257
"Learned (U-Net), Seg-only",0.684317946434021,0.19644296169281006,0.22508811950683594
"Learned (U-Net), Seg-only",0.689350962638855,0.2395666241645813,0.4088517427444458
"Learned (U-Net), Seg-only",0.6813892722129822,0.22520548105239868,0.26848042011260986
"Learned (U-Net), Seg-only",0.7184325456619263,0.18664610385894775,0.1545548439025879
"Learned (U-Net), Seg-only",0.6788380146026611,0.17786115407943726,0.26169896125793457
"Learned (U-Net), Seg-only",0.6844755411148071,0.2585325241088867,0.31608641147613525
"Learned (U-Net), Seg-only",0.7255311608314514,0.27858901023864746,0.3401365280151367
"Learned (U-Net), Seg-only",0.6649632453918457,0.2510220408439636,0.4461531639099121
"Learned (U-Net), Seg-only",0.6878192126750946,0.18631279468536377,0.27899229526519775
"Learned (U-Net), Seg-only",0.6453520059585571,0.2501921057701111,0.26813364028930664
"Learned (U-Net), Seg-only",0.652599573135376,0.1941542625427246,0.22166860103607178
"Learned (U-Net), Seg-only",0.6598285734653473,0.2303794026374817,0.29827821254730225
"Learned (U-Net), Seg-only",0.6402306854724884,0.23316997289657593,0.31879138946533203
"Learned (U-Net), Seg-only",0.6800705194473267,0.22420406341552734,0.28978192806243896
"Learned (U-Net), Seg-only",0.696977436542511,0.2909475564956665,0.292987585067749
"Learned (U-Net), Seg-only",0.6876095533370972,0.2879282236099243,0.30190718173980713
"Learned (U-Net), Seg-only",0.6542432308197021,0.15919166803359985,0.12183487415313721
"Learned (U-Net), Seg-only",0.6239083707332611,0.23278525471687317,0.21791160106658936
"Learned (U-Net), Seg-only",0.6627111434936523,0.23837965726852417,0.28004252910614014
"Learned (U-Net), Seg-only",0.741748034954071,0.24459773302078247,0.20756518840789795
"Learned (U-Net), Seg-only",0.6948822736740112,0.2191433310508728,0.159917950630188
"Learned (U-Net), Seg-only",0.6644962728023529,0.24273455142974854,0.22468721866607666
"Learned (U-Net), Seg-only",0.6362162828445435,0.1755129098892212,0.196272611618042
"Learned (U-Net), Seg-only",0.6690807342529297,0.2105332612991333,0.08117568492889404
"Learned (U-Net), Seg-only",0.7281562685966492,0.23398250341415405,0.1178281307220459
"Learned (U-Net), Seg-only",0.6598233282566071,0.2720402181148529,0.09566295146942139
"Learned (U-Net), Seg-only",0.6705653071403503,0.24246162176132202,0.05417013168334961
"Learned (U-Net), Seg-only",0.664666473865509,0.14872390031814575,0.08265566825866699
"Learned (U-Net), Seg-only",0.7287797331809998,0.25461381673812866,0.07482898235321045
"Learned (U-Net), Seg-only",0.688836395740509,0.2122097611427307,0.162497878074646
"Learned (U-Net), Seg-only",0.627401739358902,0.21231335401535034,0.15519964694976807
"Learned (U-Net), Seg-only",0.7548798322677612,0.34370842576026917,0.2133340835571289
"Learned (U-Net), Seg-only",0.6266539394855499,0.21053212881088257,0.07118809223175049
"Learned (U-Net), Seg-only",0.6612811982631683,0.22976255416870117,0.02527594566345215
"Learned (U-Net), Seg-only",0.707017183303833,0.2693127989768982,0.1389216184616089
"Learned (U-Net), Seg-only",0.7050073146820068,0.2013569474220276,0.028870463371276855
"Learned (U-Net), Seg-only",0.7317443788051605,0.22964221239089966,0.12412893772125244
"Learned (U-Net), Seg-only",0.6391344368457794,0.2523500919342041,0.2042919397354126
"Learned (U-Net), Seg-only",0.6639048457145691,0.22412562370300293,0.11477291584014893
"Learned (U-Net), Seg-only",0.6626899242401123,0.24151360988616943,0.4629567861557007
"Learned (U-Net), Seg-only",0.6920242011547089,0.1766284704208374,0.31960153579711914
"Learned (U-Net), Seg-only",0.6629274487495422,0.22460204362869263,0.31284141540527344
"Learned (U-Net), Seg-only",0.7033727169036865,0.19993287324905396,0.3797636032104492
"Learned (U-Net), Seg-only",0.649975597858429,0.1733192801475525,0.2446439266204834
"Learned (U-Net), Seg-only",0.643591582775116,0.20748013257980347,0.34349679946899414
"Learned (U-Net), Seg-only",0.6936367452144623,0.1948941946029663,0.28218793869018555
"Learned (U-Net), Seg-only",0.6708652973175049,0.2512626051902771,0.41766607761383057
"Learned (U-Net), Seg-only",0.6594489812850952,0.3093842566013336,0.5310852527618408
"Learned (U-Net), Seg-only",0.6546967923641205,0.1997111439704895,0.35150039196014404
"Learned (U-Net), Seg-only",0.6819662153720856,0.16658878326416016,0.2593393325805664
"Learned (U-Net), Seg-only",0.6634518802165985,0.22578167915344238,0.35605311393737793
"Learned (U-Net), Seg-only",0.6798622310161591,0.18590199947357178,0.3385331630706787
"Learned (U-Net), Seg-only",0.677382618188858,0.1536363959312439,0.22390055656433105
"Learned (U-Net), Seg-only",0.6868787407875061,0.17845886945724487,0.4315671920776367
"Learned (U-Net), Seg-only",0.47276365756988525,0.05388808250427246,0.014637947082519531
"Learned (U-Net), Seg-only",0.4635985940694809,0.004290580749511719,0.05189251899719238
"Learned (U-Net), Seg-only",0.4714156240224838,0.043161094188690186,0.09471297264099121
"Learned (U-Net), Seg-only",0.44439370930194855,0.03298896551132202,0.10434174537658691
"Learned (U-Net), Seg-only",0.4416734576225281,0.027937889099121094,0.014038443565368652
"Learned (U-Net), Seg-only",0.44840237498283386,0.02577000856399536,0.034717559814453125
"Learned (U-Net), Seg-only",0.45422233641147614,0.061270833015441895,0.09525156021118164
"Learned (U-Net), Seg-only",0.4418930262327194,0.004059731960296631,0.008161783218383789
"Learned (U-Net), Seg-only",0.43955790996551514,0.09611302614212036,0.12853872776031494
"Learned (U-Net), Seg-only",0.3970089256763458,0.01852262020111084,0.039847612380981445
"Learned (U-Net), Seg-only",0.43859879672527313,0.018506765365600586,0.030393600463867188
"Learned (U-Net), Seg-only",0.4715121239423752,0.030371665954589844,0.07831764221191406
"Learned (U-Net), Seg-only",0.44814029335975647,0.0845368504524231,0.17564129829406738
"Learned (U-Net), Seg-only",0.4750118851661682,0.10839086771011353,0.1786508560180664
"Learned (U-Net), Seg-only",0.42515623569488525,0.07941603660583496,0.03589510917663574
"Learned (U-Net), Seg-only",0.4460828900337219,0.05085998773574829,0.07611751556396484
"Learned (U-Net), Seg-only",0.4454246461391449,0.025016725063323975,0.06964373588562012
"Learned (U-Net), Seg-only",0.4805900603532791,0.0629848837852478,0.02351987361907959
"Learned (U-Net), Seg-only",0.43412621319293976,0.03969871997833252,0.10164403915405273
"Learned (U-Net), Seg-only",0.4266816973686218,0.07046651840209961,0.057708144187927246
"Learned (U-Net), Seg-only",0.46226169168949127,0.05044800043106079,0.03694415092468262
"Learned (U-Net), Seg-only",0.4532112032175064,0.012417256832122803,0.04542124271392822
"Learned (U-Net), Seg-only",0.4519903063774109,0.056930363178253174,0.04249131679534912
"Learned (U-Net), Seg-only",0.45566919445991516,0.07811421155929565,0.04220914840698242
"Learned (U-Net), Seg-only",0.46437719464302063,0.05462002754211426,0.02385711669921875
"Learned (U-Net), Seg-only",0.455441877245903,0.05785113573074341,0.06106722354888916
"Learned (U-Net), Seg-only",0.41289420425891876,0.048632264137268066,0.03878319263458252
"Learned (U-Net), Seg-only",0.4465544819831848,0.0020595192909240723,0.03624320030212402
"Learned (U-Net), Seg-only",0.49718785285949707,0.07085096836090088,0.0554584264755249
"Learned (U-Net), Seg-only",0.43679335713386536,0.05456864833831787,0.015859246253967285
"Learned (U-Net), Seg-only",0.4734688401222229,0.04314178228378296,0.09574055671691895
"Learned (U-Net), Seg-only",0.48962700366973877,0.1371924877166748,0.003861546516418457
"Learned (U-Net), Seg-only",0.41786380112171173,0.03757745027542114,0.048714518547058105
"Learned (U-Net), Seg-only",0.46374428272247314,0.03843134641647339,0.11534953117370605
"Learned (U-Net), Seg-only",0.5345659852027893,0.020859122276306152,0.06689488887786865
"Learned (U-Net), Seg-only",0.4417676031589508,0.026233792304992676,0.0075953006744384766
"Learned (U-Net), Seg-only",0.4683820605278015,0.04492110013961792,0.08496451377868652
"Learned (U-Net), Seg-only",0.4437565356492996,0.05731087923049927,0.05136549472808838
"Learned (U-Net), Seg-only",0.46153341233730316,0.017127156257629395,0.09877455234527588
"Learned (U-Net), Seg-only",0.42543838918209076,0.02015984058380127,0.05792558193206787
"Learned (U-Net), Seg-only",0.47783370316028595,0.048984408378601074,0.013567090034484863
"Learned (U-Net), Seg-only",0.4109934866428375,0.041033029556274414,0.010979890823364258
"Learned (U-Net), Seg-only",0.4748387634754181,0.054138779640197754,0.062210917472839355
"Learned (U-Net), Seg-only",0.46785034239292145,0.03951913118362427,0.07311999797821045
"Learned (U-Net), Seg-only",0.4670454412698746,0.052141785621643066,0.04082751274108887
"Learned (U-Net), Seg-only",0.4828169494867325,0.024901270866394043,0.048517704010009766
"Learned (U-Net), Seg-only",0.457608237862587,0.06715911626815796,0.11685347557067871
"Learned (U-Net), Seg-only",0.4276191145181656,0.041820406913757324,0.02401256561279297
"Learned (U-Net), Seg-only",0.4316044896841049,0.04557991027832031,0.06789350509643555
"Learned (U-Net), Seg-only",0.47050994634628296,0.0824965238571167,0.14869868755340576
"Learned (U-Net), Seg-only",0.47648458182811737,0.04657167196273804,0.020623207092285156
"Learned (U-Net), Seg-only",0.4422943741083145,0.014735698699951172,0.004846334457397461
"Learned (U-Net), Seg-only",0.4747230112552643,0.02722930908203125,0.0993661880493164
"Learned (U-Net), Seg-only",0.4559570699930191,0.029286563396453857,0.10908198356628418
"Learned (U-Net), Seg-only",0.4462343901395798,0.07145071029663086,0.11278557777404785
"Learned (U-Net), Seg-only",0.44393277168273926,0.030640900135040283,0.00848698616027832
"Learned (U-Net), Seg-only",0.43027615547180176,0.044610798358917236,0.13228917121887207
"Learned (U-Net), Seg-only",0.4423176646232605,0.10071080923080444,0.19214582443237305
"Learned (U-Net), Seg-only",0.4837680011987686,0.02598094940185547,0.05764603614807129
"Learned (U-Net), Seg-only",0.46834349632263184,0.041577041149139404,0.03488731384277344
"Learned (U-Net), Seg-only",1.5767032504081726,0.7647701501846313,0.8657200336456299
"Learned (U-Net), Seg-only",1.5592485666275024,0.6866642236709595,1.0603258609771729
"Learned (U-Net), Seg-only",1.505656123161316,0.7130168676376343,1.0171358585357666
"Learned (U-Net), Seg-only",1.591508388519287,0.8140431642532349,1.0550103187561035
"Learned (U-Net), Seg-only",1.538360834121704,0.7378838062286377,1.0456907749176025
"Learned (U-Net), Seg-only",1.5066154599189758,0.6531131267547607,0.8894479274749756
"Learned (U-Net), Seg-only",1.5078075528144836,0.719719648361206,1.1466028690338135
"Learned (U-Net), Seg-only",1.5017256140708923,0.6592004299163818,1.009385347366333
"Learned (U-Net), Seg-only",1.5078597664833069,0.6211013793945312,1.0847327709197998
"Learned (U-Net), Seg-only",1.5559183955192566,0.7415099143981934,0.9277472496032715
"Learned (U-Net), Seg-only",1.5472606420516968,0.7758549451828003,0.9506428241729736
"Learned (U-Net), Seg-only",1.5315892696380615,0.7528077363967896,1.2276532649993896
"Learned (U-Net), Seg-only",1.548949658870697,0.7650492191314697,0.9742162227630615
"Learned (U-Net), Seg-only",1.5590161681175232,0.6923487186431885,1.0765790939331055
"Learned (U-Net), Seg-only",1.543857753276825,0.7427966594696045,1.0818736553192139
"Learned (U-Net), Seg-only",1.4837698936462402,0.5834983587265015,1.0851376056671143
"Learned (U-Net), Seg-only",1.5752285718917847,0.7481048107147217,0.8872175216674805
"Learned (U-Net), Seg-only",1.477906346321106,0.6344074010848999,0.8511767387390137
"Learned (U-Net), Seg-only",1.5819286108016968,0.8028440475463867,0.9736762046813965
"Learned (U-Net), Seg-only",1.4730260372161865,0.5403584241867065,0.6406996250152588
"Learned (U-Net), Seg-only",1.4940240979194641,0.6533819437026978,0.8644132614135742
"Learned (U-Net), Seg-only",1.5494244694709778,0.6478368043899536,0.7841193675994873
"Learned (U-Net), Seg-only",1.5143571496009827,0.683372974395752,0.8116025924682617
"Learned (U-Net), Seg-only",1.5125013589859009,0.6964529752731323,0.7763621807098389
"Learned (U-Net), Seg-only",1.4925618171691895,0.6800780296325684,0.6371181011199951
"Learned (U-Net), Seg-only",1.5256515145301819,0.6839326620101929,0.8995625972747803
"Learned (U-Net), Seg-only",1.5554523468017578,0.7363845109939575,0.6932151317596436
"Learned (U-Net), Seg-only",1.5695363879203796,0.6656320095062256,0.8396434783935547
"Learned (U-Net), Seg-only",1.4824166297912598,0.6354430913925171,0.6184508800506592
"Learned (U-Net), Seg-only",1.534054934978485,0.6079716682434082,0.8712689876556396
"Learned (U-Net), Seg-only",1.5366840362548828,0.7849220633506775,0.6534237861633301
"Learned (U-Net), Seg-only",1.5377893447875977,0.7799489498138428,0.7811609506607056
"Learned (U-Net), Seg-only",1.4869896173477173,0.746898353099823,0.4406297206878662
"Learned (U-Net), Seg-only",1.5207141041755676,0.7917115688323975,0.68451988697052
"Learned (U-Net), Seg-only",1.5860335230827332,0.8550631999969482,0.7444169521331787
"Learned (U-Net), Seg-only",1.5526317358016968,0.7792962789535522,0.5957741737365723
"Learned (U-Net), Seg-only",1.418782114982605,0.5921677350997925,0.5219590663909912
"Learned (U-Net), Seg-only",1.5179758667945862,0.728164553642273,0.730998158454895
"Learned (U-Net), Seg-only",1.5271152257919312,0.7293277978897095,0.6367573738098145
"Learned (U-Net), Seg-only",1.4855144023895264,0.6790751218795776,0.3983488082885742
"Learned (U-Net), Seg-only",1.568148672580719,0.7439781427383423,0.6672790050506592
"Learned (U-Net), Seg-only",1.5017258524894714,0.756134033203125,0.7199966907501221
"Learned (U-Net), Seg-only",1.5590649843215942,0.7826392650604248,0.5271625518798828
"Learned (U-Net), Seg-only",1.565385639667511,0.7926485538482666,0.7034566402435303
"Learned (U-Net), Seg-only",1.5380300283432007,0.7334386110305786,0.5603799819946289
"Learned (U-Net), Seg-only",1.5199410915374756,0.6382213830947876,1.1331279277801514
"Learned (U-Net), Seg-only",1.5403255224227905,0.8001337647438049,1.2706472873687744
"Learned (U-Net), Seg-only",1.5138089656829834,0.6419545412063599,0.8833723068237305
"Learned (U-Net), Seg-only",1.5877668857574463,0.6826790571212769,1.0513756275177002
"Learned (U-Net), Seg-only",1.4753299951553345,0.6914771795272827,1.0973007678985596
"Learned (U-Net), Seg-only",1.5722731351852417,0.6703109741210938,1.0693345069885254
"Learned (U-Net), Seg-only",1.531810998916626,0.8539613485336304,1.4901549816131592
"Learned (U-Net), Seg-only",1.6126805543899536,0.8000087738037109,1.3600444793701172
"Learned (U-Net), Seg-only",1.5074214935302734,0.6773338317871094,1.0664563179016113
"Learned (U-Net), Seg-only",1.5311846137046814,0.6207623481750488,0.8749055862426758
"Learned (U-Net), Seg-only",1.6167353391647339,0.8068132400512695,1.4695260524749756
"Learned (U-Net), Seg-only",1.5671480894088745,0.8543724417686462,1.3738667964935303
"Learned (U-Net), Seg-only",1.543491005897522,0.6533429622650146,1.096665382385254
"Learned (U-Net), Seg-only",1.537139892578125,0.5468887090682983,0.6650376319885254
"Learned (U-Net), Seg-only",1.5772008299827576,0.7222675085067749,1.1997919082641602
"Learned (U-Net), Seg-only",1.0785723328590393,0.3352755308151245,0.5789778232574463
"Learned (U-Net), Seg-only",1.0779269933700562,0.30124759674072266,0.3444514274597168
"Learned (U-Net), Seg-only",1.0839483737945557,0.3534889221191406,0.45908403396606445
"Learned (U-Net), Seg-only",1.1017152070999146,0.31102705001831055,0.4991159439086914
"Learned (U-Net), Seg-only",1.0633915066719055,0.23779761791229248,0.4416487216949463
"Learned (U-Net), Seg-only",1.077045738697052,0.29119420051574707,0.3806333541870117
"Learned (U-Net), Seg-only",1.0831419229507446,0.346218466758728,0.36577415466308594
"Learned (U-Net), Seg-only",1.071782112121582,0.3644517660140991,0.4254460334777832
"Learned (U-Net), Seg-only",1.0538803339004517,0.3229573965072632,0.3845958709716797
"Learned (U-Net), Seg-only",1.0620889067649841,0.3042283058166504,0.4322853088378906
"Learned (U-Net), Seg-only",1.1431143879890442,0.3190343379974365,0.4957902431488037
"Learned (U-Net), Seg-only",1.141421616077423,0.36911916732788086,0.6704275608062744
"Learned (U-Net), Seg-only",1.0755058526992798,0.2941209077835083,0.3848142623901367
"Learned (U-Net), Seg-only",1.0756484866142273,0.29335856437683105,0.31738734245300293
"Learned (U-Net), Seg-only",1.1120811104774475,0.292965292930603,0.3525657653808594
"Learned (U-Net), Seg-only",1.0595269203186035,0.2952384948730469,0.2993936538696289
"Learned (U-Net), Seg-only",1.0568020343780518,0.3066171407699585,0.4546635150909424
"Learned (U-Net), Seg-only",1.1285022497177124,0.2628190517425537,0.18414950370788574
"Learned (U-Net), Seg-only",1.0566819310188293,0.223244309425354,0.25322961807250977
"Learned (U-Net), Seg-only",1.137115716934204,0.22420978546142578,0.3334629535675049
"Learned (U-Net), Seg-only",1.1341696381568909,0.3534165620803833,0.30553221702575684
"Learned (U-Net), Seg-only",1.0601238012313843,0.3023996353149414,0.29384851455688477
"Learned (U-Net), Seg-only",0.9836846590042114,0.17566299438476562,0.2355356216430664
"Learned (U-Net), Seg-only",1.0489278435707092,0.27181947231292725,0.3339109420776367
"Learned (U-Net), Seg-only",1.077292025089264,0.3260573148727417,0.47225141525268555
"Learned (U-Net), Seg-only",1.0989996194839478,0.3515284061431885,0.45824289321899414
"Learned (U-Net), Seg-only",1.0422747731208801,0.25920939445495605,0.3035142421722412
"Learned (U-Net), Seg-only",1.1492723226547241,0.36146044731140137,0.4155292510986328
"Learned (U-Net), Seg-only",1.1078953742980957,0.3080965280532837,0.19266176223754883
"Learned (U-Net), Seg-only",1.1127021312713623,0.31101274490356445,0.3133723735809326
"Learned (U-Net), Seg-only",1.0589783191680908,0.3156745433807373,0.23128938674926758
"Learned (U-Net), Seg-only",1.065951645374298,0.3023979663848877,0.18135666847229004
"Learned (U-Net), Seg-only",1.1383251547813416,0.36514484882354736,0.21993398666381836
"Learned (U-Net), Seg-only",1.1579533219337463,0.34048283100128174,0.12950444221496582
"Learned (U-Net), Seg-only",1.0564695000648499,0.30545735359191895,0.20381665229797363
"Learned (U-Net), Seg-only",1.10503089427948,0.34425413608551025,0.39605712890625
"Learned (U-Net), Seg-only",1.103549301624298,0.28535377979278564,0.2156982421875
"Learned (U-Net), Seg-only",1.1179307699203491,0.3410491943359375,0.2980976104736328
"Learned (U-Net), Seg-only",1.0231492519378662,0.2692592144012451,0.2993659973144531
"Learned (U-Net), Seg-only",1.0746088027954102,0.3075963258743286,0.03498196601867676
"Learned (U-Net), Seg-only",1.0986368060112,0.34454381465911865,0.3195340633392334
"Learned (U-Net), Seg-only",1.1054996848106384,0.2912329435348511,0.18591594696044922
"Learned (U-Net), Seg-only",1.0650732517242432,0.3604745864868164,0.15939068794250488
"Learned (U-Net), Seg-only",1.0703423619270325,0.2682849168777466,0.2949643135070801
"Learned (U-Net), Seg-only",1.133666217327118,0.24361729621887207,0.1894359588623047
"Learned (U-Net), Seg-only",1.0538566708564758,0.31305646896362305,0.5201151371002197
"Learned (U-Net), Seg-only",1.0688654780387878,0.3205791711807251,0.4509720802307129
"Learned (U-Net), Seg-only",1.0867594480514526,0.3195153474807739,0.4728832244873047
"Learned (U-Net), Seg-only",1.1418386101722717,0.2726839780807495,0.5660457611083984
"Learned (U-Net), Seg-only",1.0434992909431458,0.25336945056915283,0.3406181335449219
"Learned (U-Net), Seg-only",1.0620328783988953,0.26879072189331055,0.5473301410675049
"Learned (U-Net), Seg-only",1.092568576335907,0.3385798931121826,0.49805545806884766
"Learned (U-Net), Seg-only",1.1485322713851929,0.38884472846984863,0.6350655555725098
"Learned (U-Net), Seg-only",1.0538129210472107,0.2743220329284668,0.39471435546875
"Learned (U-Net), Seg-only",1.0548747181892395,0.3593409061431885,0.5517654418945312
"Learned (U-Net), Seg-only",1.0716310143470764,0.363871693611145,0.5812325477600098
"Learned (U-Net), Seg-only",1.0836246013641357,0.3226888179779053,0.4784412384033203
"Learned (U-Net), Seg-only",1.123664677143097,0.35720348358154297,0.6881089210510254
"Learned (U-Net), Seg-only",1.1178280115127563,0.2781132459640503,0.48276662826538086
"Learned (U-Net), Seg-only",1.1339136958122253,0.3938335180282593,0.83331298828125
"Learned (U-Net), Seg-only",1.1891309022903442,0.41019344329833984,0.41338396072387695
"Learned (U-Net), Seg-only",1.2310892343521118,0.38645684719085693,0.561690092086792
"Learned (U-Net), Seg-only",1.217832863330841,0.41754913330078125,0.5453736782073975
"Learned (U-Net), Seg-only",1.2394093871116638,0.41121089458465576,0.5447487831115723
"Learned (U-Net), Seg-only",1.2171383500099182,0.3853069543838501,0.4665381908416748
"Learned (U-Net), Seg-only",1.247461199760437,0.4199507236480713,0.6126194000244141
"Learned (U-Net), Seg-only",1.242642343044281,0.3760702610015869,0.32295989990234375
"Learned (U-Net), Seg-only",1.2062653303146362,0.3862355947494507,0.629662275314331
"Learned (U-Net), Seg-only",1.169839322566986,0.34856200218200684,0.5507616996765137
"Learned (U-Net), Seg-only",1.2021688222885132,0.4098566770553589,0.7489590644836426
"Learned (U-Net), Seg-only",1.252332329750061,0.42295122146606445,0.6973042488098145
"Learned (U-Net), Seg-only",1.220838189125061,0.38049328327178955,0.40952110290527344
"Learned (U-Net), Seg-only",1.1714856028556824,0.4511955976486206,0.5748462677001953
"Learned (U-Net), Seg-only",1.2135570049285889,0.41030168533325195,0.6135733127593994
"Learned (U-Net), Seg-only",1.2025206089019775,0.43771064281463623,0.6414873600006104
"Learned (U-Net), Seg-only",1.1984127759933472,0.33070802688598633,0.3805997371673584
"Learned (U-Net), Seg-only",1.1874899864196777,0.33279740810394287,0.5931968688964844
"Learned (U-Net), Seg-only",1.3022956848144531,0.4773741364479065,0.3180196285247803
"Learned (U-Net), Seg-only",1.2008161544799805,0.3247259855270386,0.4848916530609131
"Learned (U-Net), Seg-only",1.2287793159484863,0.31262755393981934,0.3085787296295166
"Learned (U-Net), Seg-only",1.1985975503921509,0.33963286876678467,0.3530242443084717
"Learned (U-Net), Seg-only",1.1672756671905518,0.3554636240005493,0.44886183738708496
"Learned (U-Net), Seg-only",1.182706594467163,0.3993086814880371,0.5070726871490479
"Learned (U-Net), Seg-only",1.2693862318992615,0.5146801471710205,0.4771995544433594
"Learned (U-Net), Seg-only",1.2876245975494385,0.477205753326416,0.45122861862182617
"Learned (U-Net), Seg-only",1.2071663737297058,0.44317305088043213,0.5535843372344971
"Learned (U-Net), Seg-only",1.2606149911880493,0.44376420974731445,0.5632705688476562
"Learned (U-Net), Seg-only",1.2574229836463928,0.34217965602874756,0.39469170570373535
"Learned (U-Net), Seg-only",1.248371958732605,0.3633720874786377,0.5252852439880371
"Learned (U-Net), Seg-only",1.1717060208320618,0.34246528148651123,0.3143305778503418
"Learned (U-Net), Seg-only",1.2655227780342102,0.43766844272613525,0.27685070037841797
"Learned (U-Net), Seg-only",1.2318816184997559,0.45404839515686035,0.27986931800842285
"Learned (U-Net), Seg-only",1.1991153955459595,0.31436634063720703,0.24950337409973145
"Learned (U-Net), Seg-only",1.1715691089630127,0.29343700408935547,0.20836329460144043
"Learned (U-Net), Seg-only",1.2027244567871094,0.4222109317779541,0.17731213569641113
"Learned (U-Net), Seg-only",1.2219548225402832,0.383142352104187,0.3129538297653198
"Learned (U-Net), Seg-only",1.193213164806366,0.42243480682373047,0.4271407127380371
"Learned (U-Net), Seg-only",1.202583909034729,0.41038525104522705,0.42378807067871094
"Learned (U-Net), Seg-only",1.2660945653915405,0.4045974016189575,0.2181551456451416
"Learned (U-Net), Seg-only",1.248154103755951,0.45887482166290283,0.3318808078765869
"Learned (U-Net), Seg-only",1.1803950667381287,0.3618873357772827,0.20249462127685547
"Learned (U-Net), Seg-only",1.202467918395996,0.4539051055908203,0.3339569568634033
"Learned (U-Net), Seg-only",1.1740191578865051,0.3205380439758301,0.3343966007232666
"Learned (U-Net), Seg-only",1.2369285821914673,0.4046344757080078,0.31122612953186035
"Learned (U-Net), Seg-only",1.2604666948318481,0.41025376319885254,0.22765207290649414
"Learned (U-Net), Seg-only",1.188705325126648,0.3390458822250366,0.5504312515258789
"Learned (U-Net), Seg-only",1.1968326568603516,0.2877577543258667,0.4520740509033203
"Learned (U-Net), Seg-only",1.258448302745819,0.3204587697982788,0.5266432762145996
"Learned (U-Net), Seg-only",1.2566831707954407,0.45058655738830566,0.8189427852630615
"Learned (U-Net), Seg-only",1.2244221568107605,0.3358117341995239,0.5415835380554199
"Learned (U-Net), Seg-only",1.204262912273407,0.4922887682914734,0.9464387893676758
"Learned (U-Net), Seg-only",1.2475401163101196,0.5065007209777832,0.9292933940887451
"Learned (U-Net), Seg-only",1.1748855710029602,0.3765556812286377,0.6961350440979004
"Learned (U-Net), Seg-only",1.2152663469314575,0.40530407428741455,0.673194408416748
"Learned (U-Net), Seg-only",1.2196264863014221,0.3940083980560303,0.6719388961791992
"Learned (U-Net), Seg-only",1.222851574420929,0.5010098218917847,0.85683274269104
"Learned (U-Net), Seg-only",1.2114500999450684,0.4759572744369507,0.8472068309783936
"Learned (U-Net), Seg-only",1.2642241716384888,0.32168543338775635,0.4599757194519043
"Learned (U-Net), Seg-only",1.1947410106658936,0.3272451162338257,0.7325479984283447
"Learned (U-Net), Seg-only",1.1920673847198486,0.23704314231872559,0.34816503524780273
"Learned (U-Net), Seg-only",0.683955043554306,0.05011475086212158,0.01401662826538086
"Learned (U-Net), Seg-only",0.7046250700950623,0.06525421142578125,0.15963983535766602
"Learned (U-Net), Seg-only",0.6970089972019196,0.08427023887634277,0.08435773849487305
"Learned (U-Net), Seg-only",0.6521351933479309,0.0601804256439209,0.057341575622558594
"Learned (U-Net), Seg-only",0.7546721696853638,0.13973331451416016,0.15793943405151367
"Learned (U-Net), Seg-only",0.7621184885501862,0.06631934642791748,0.17967653274536133
"Learned (U-Net), Seg-only",0.6869586706161499,0.120880126953125,0.12611007690429688
"Learned (U-Net), Seg-only",0.698117583990097,0.024333477020263672,0.056826114654541016
"Learned (U-Net), Seg-only",0.6921932995319366,0.05393099784851074,0.14884710311889648
"Learned (U-Net), Seg-only",0.7137061357498169,0.07783043384552002,0.054533958435058594
"Learned (U-Net), Seg-only",0.6945507526397705,0.08037745952606201,0.12380313873291016
"Learned (U-Net), Seg-only",0.662120133638382,0.02606332302093506,0.15755009651184082
"Learned (U-Net), Seg-only",0.692468672990799,0.08210015296936035,0.22272396087646484
"Learned (U-Net), Seg-only",0.7548273205757141,0.05632603168487549,0.07853031158447266
"Learned (U-Net), Seg-only",0.6703078150749207,0.06570065021514893,0.040402889251708984
"Learned (U-Net), Seg-only",0.6824721097946167,0.07744443416595459,0.049538612365722656
"Learned (U-Net), Seg-only",0.7410298883914948,0.07986485958099365,0.13944244384765625
"Learned (U-Net), Seg-only",0.6644822061061859,0.03306925296783447,0.06261157989501953
"Learned (U-Net), Seg-only",0.7598876953125,0.1514989137649536,0.12505888938903809
"Learned (U-Net), Seg-only",0.705630898475647,0.05529367923736572,0.14309954643249512
"Learned (U-Net), Seg-only",0.6637047231197357,0.0767214298248291,0.04293513298034668
"Learned (U-Net), Seg-only",0.7317761778831482,0.03384113311767578,0.19894981384277344
"Learned (U-Net), Seg-only",0.7003237009048462,0.12302958965301514,0.2172565460205078
"Learned (U-Net), Seg-only",0.7093942165374756,0.03246724605560303,0.1271352767944336
"Learned (U-Net), Seg-only",0.7035912871360779,0.10855603218078613,0.1806187629699707
"Learned (U-Net), Seg-only",0.6860418021678925,0.02439260482788086,0.11156272888183594
"Learned (U-Net), Seg-only",0.7450473606586456,0.07958698272705078,0.16769933700561523
"Learned (U-Net), Seg-only",0.7068204581737518,0.04519200325012207,0.10013723373413086
"Learned (U-Net), Seg-only",0.7383988201618195,0.09519767761230469,0.03846240043640137
"Learned (U-Net), Seg-only",0.7275061905384064,0.0931936502456665,0.09001517295837402
"Learned (U-Net), Seg-only",0.6599020063877106,0.10738742351531982,0.05565166473388672
"Learned (U-Net), Seg-only",0.694854348897934,0.08404755592346191,0.027010440826416016
"Learned (U-Net), Seg-only",0.721626877784729,0.06445646286010742,0.0548551082611084
"Learned (U-Net), Seg-only",0.7111166417598724,0.11708760261535645,0.02614593505859375
"Learned (U-Net), Seg-only",0.6685315370559692,0.09707057476043701,0.0455930233001709
"Learned (U-Net), Seg-only",0.6956035196781158,0.06707298755645752,0.11217570304870605
"Learned (U-Net), Seg-only",0.7578085660934448,0.08204901218414307,0.0007774829864501953
"Learned (U-Net), Seg-only",0.7282967567443848,0.08204090595245361,0.048302412033081055
"Learned (U-Net), Seg-only",0.6659677624702454,0.06570756435394287,0.020847082138061523
"Learned (U-Net), Seg-only",0.6461818516254425,0.05077517032623291,0.16028332710266113
"Learned (U-Net), Seg-only",0.676072895526886,0.062361836433410645,0.07168054580688477
"Learned (U-Net), Seg-only",0.6548520624637604,0.08073687553405762,0.01401209831237793
"Learned (U-Net), Seg-only",0.7104184329509735,0.11287558078765869,0.017750978469848633
"Learned (U-Net), Seg-only",0.7081848680973053,0.09461414813995361,0.015268564224243164
"Learned (U-Net), Seg-only",0.684468001127243,0.012339353561401367,0.05366802215576172
"Learned (U-Net), Seg-only",0.7456614673137665,0.06849265098571777,0.05264997482299805
"Learned (U-Net), Seg-only",0.7042518258094788,0.14162278175354004,0.2240133285522461
"Learned (U-Net), Seg-only",0.7331982254981995,0.08819365501403809,0.19912052154541016
"Learned (U-Net), Seg-only",0.709585577249527,0.11199188232421875,0.14958763122558594
"Learned (U-Net), Seg-only",0.7049122452735901,0.05114400386810303,0.1080474853515625
"Learned (U-Net), Seg-only",0.7050711512565613,0.0360790491104126,0.10781002044677734
"Learned (U-Net), Seg-only",0.6879746615886688,0.08016133308410645,0.13833332061767578
"Learned (U-Net), Seg-only",0.7137552201747894,0.18362879753112793,0.2919602394104004
"Learned (U-Net), Seg-only",0.7232998311519623,0.17236876487731934,0.30879974365234375
"Learned (U-Net), Seg-only",0.6900851726531982,0.08044612407684326,0.11227226257324219
"Learned (U-Net), Seg-only",0.6823341250419617,0.07641804218292236,0.24183177947998047
"Learned (U-Net), Seg-only",0.6768315732479095,0.10006093978881836,0.13217926025390625
"Learned (U-Net), Seg-only",0.6928204894065857,0.06747567653656006,0.034171104431152344
"Learned (U-Net), Seg-only",0.6733838319778442,0.05867362022399902,0.12050724029541016
"Learned (U-Net), Seg-only",0.7068787515163422,0.07550787925720215,0.015687942504882812
"Learned (U-Net), Seg-only",0.848088413476944,0.44298499822616577,0.7900838851928711
"Learned (U-Net), Seg-only",0.8255901336669922,0.4129701852798462,0.5569005012512207
"Learned (U-Net), Seg-only",0.8306012451648712,0.39993816614151,0.5281245708465576
"Learned (U-Net), Seg-only",0.8607390522956848,0.3903273940086365,0.6245129108428955
"Learned (U-Net), Seg-only",0.8328010737895966,0.38408583402633667,0.6588987112045288
"Learned (U-Net), Seg-only",0.8193867206573486,0.41629236936569214,0.5638151168823242
"Learned (U-Net), Seg-only",0.820825457572937,0.37951022386550903,0.5666908025741577
"Learned (U-Net), Seg-only",0.8770348727703094,0.46256718039512634,0.6908053159713745
"Learned (U-Net), Seg-only",0.8439230620861053,0.40761321783065796,0.5146034955978394
"Learned (U-Net), Seg-only",0.8467438817024231,0.42354053258895874,0.5545320510864258
"Learned (U-Net), Seg-only",0.8419779241085052,0.43909722566604614,0.5677456855773926
"Learned (U-Net), Seg-only",0.8924022316932678,0.4693242311477661,0.5706321001052856
"Learned (U-Net), Seg-only",0.8411146104335785,0.3739404082298279,0.585769772529602
"Learned (U-Net), Seg-only",0.8657746613025665,0.49544060230255127,0.6798838376998901
"Learned (U-Net), Seg-only",0.83107590675354,0.3640217185020447,0.43680477142333984
"Learned (U-Net), Seg-only",0.8451479971408844,0.39648139476776123,0.46592438220977783
"Learned (U-Net), Seg-only",0.8876079618930817,0.4260655641555786,0.4683060646057129
"Learned (U-Net), Seg-only",0.8762324750423431,0.4286038875579834,0.49255597591400146
"Learned (U-Net), Seg-only",0.849563717842102,0.41364240646362305,0.4327777624130249
"Learned (U-Net), Seg-only",0.8604165315628052,0.3535822629928589,0.45517420768737793
"Learned (U-Net), Seg-only",0.8487671315670013,0.4156169295310974,0.4974006414413452
"Learned (U-Net), Seg-only",0.8688661754131317,0.49225571751594543,0.5936017036437988
"Learned (U-Net), Seg-only",0.8414248824119568,0.4129125773906708,0.43497300148010254
"Learned (U-Net), Seg-only",0.8500081300735474,0.4115334153175354,0.3820486068725586
"Learned (U-Net), Seg-only",0.8232871890068054,0.37956875562667847,0.5013940334320068
"Learned (U-Net), Seg-only",0.8326390087604523,0.40197521448135376,0.4054766893386841
"Learned (U-Net), Seg-only",0.8426221907138824,0.45381680130958557,0.4979628324508667
"Learned (U-Net), Seg-only",0.8153310716152191,0.4426068961620331,0.4651423692703247
"Learned (U-Net), Seg-only",0.8519536256790161,0.4558202624320984,0.5674433708190918
"Learned (U-Net), Seg-only",0.8715767562389374,0.400240957736969,0.38352978229522705
"Learned (U-Net), Seg-only",0.8221360445022583,0.3313363790512085,0.2471163272857666
"Learned (U-Net), Seg-only",0.8329159021377563,0.3035587668418884,0.20850324630737305
"Learned (U-Net), Seg-only",0.8240863382816315,0.3609311580657959,0.20831561088562012
"Learned (U-Net), Seg-only",0.8408775627613068,0.45053985714912415,0.19965553283691406
"Learned (U-Net), Seg-only",0.8421846926212311,0.3677554726600647,0.06638109683990479
"Learned (U-Net), Seg-only",0.8324494063854218,0.39385348558425903,0.30310726165771484
"Learned (U-Net), Seg-only",0.8465795516967773,0.37379926443099976,0.31512534618377686
"Learned (U-Net), Seg-only",0.8129841387271881,0.3582693934440613,0.23595201969146729
"Learned (U-Net), Seg-only",0.8134933710098267,0.4339205026626587,0.15788114070892334
"Learned (U-Net), Seg-only",0.8224645853042603,0.34678900241851807,0.300784707069397
"Learned (U-Net), Seg-only",0.8288105726242065,0.4592185616493225,0.4356442093849182
"Learned (U-Net), Seg-only",0.8382181525230408,0.4798647165298462,0.2902398109436035
"Learned (U-Net), Seg-only",0.837221622467041,0.43098312616348267,0.30346131324768066
"Learned (U-Net), Seg-only",0.839829683303833,0.41648364067077637,0.2901785373687744
"Learned (U-Net), Seg-only",0.8204484581947327,0.4106583595275879,0.25304436683654785
"Learned (U-Net), Seg-only",0.8373105227947235,0.4324501156806946,0.7375671863555908
"Learned (U-Net), Seg-only",0.8352786004543304,0.4350850582122803,0.7661939859390259
"Learned (U-Net), Seg-only",0.8150994181632996,0.3221801519393921,0.502243161201477
"Learned (U-Net), Seg-only",0.8016777336597443,0.3728841543197632,0.5890501737594604
"Learned (U-Net), Seg-only",0.8567920029163361,0.4502667486667633,0.7573096752166748
"Learned (U-Net), Seg-only",0.8561925888061523,0.44364219903945923,0.7962377071380615
"Learned (U-Net), Seg-only",0.834612637758255,0.3886253833770752,0.5650615692138672
"Learned (U-Net), Seg-only",0.7668431997299194,0.3294997811317444,0.5529215335845947
"Learned (U-Net), Seg-only",0.8233600854873657,0.42278480529785156,0.626326322555542
"Learned (U-Net), Seg-only",0.895257294178009,0.49034297466278076,0.8532891273498535
"Learned (U-Net), Seg-only",0.8368273079395294,0.38819730281829834,0.6018775701522827
"Learned (U-Net), Seg-only",0.8677937984466553,0.48094940185546875,0.8053258657455444
"Learned (U-Net), Seg-only",0.8422046899795532,0.3594685196876526,0.618384838104248
"Learned (U-Net), Seg-only",0.8388191759586334,0.4564937949180603,0.7780568599700928
"Learned (U-Net), Seg-only",0.854396402835846,0.4337782859802246,0.6449477672576904
"Learned (U-Net), Seg-only",0.6317787766456604,0.15616703033447266,0.14001166820526123
"Learned (U-Net), Seg-only",0.6210841238498688,0.2059200406074524,0.343197226524353
"Learned (U-Net), Seg-only",0.6437705159187317,0.23362243175506592,0.3327615261077881
"Learned (U-Net), Seg-only",0.6262578964233398,0.20645833015441895,0.34510815143585205
"Learned (U-Net), Seg-only",0.6637691259384155,0.20612090826034546,0.31609559059143066
"Learned (U-Net), Seg-only",0.6413186192512512,0.1455005407333374,0.29444265365600586
"Learned (U-Net), Seg-only",0.5891553163528442,0.17346763610839844,0.25929713249206543
"Learned (U-Net), Seg-only",0.6566714942455292,0.2470046877861023,0.31592047214508057
"Learned (U-Net), Seg-only",0.6297206580638885,0.22059905529022217,0.31615662574768066
"Learned (U-Net), Seg-only",0.6019206941127777,0.25433778762817383,0.35765278339385986
"Learned (U-Net), Seg-only",0.641901046037674,0.22427427768707275,0.34609103202819824
"Learned (U-Net), Seg-only",0.5908254086971283,0.18556666374206543,0.2016817331314087
"Learned (U-Net), Seg-only",0.6386182308197021,0.23909896612167358,0.414803147315979
"Learned (U-Net), Seg-only",0.6170077323913574,0.14902210235595703,0.26969456672668457
"Learned (U-Net), Seg-only",0.640908420085907,0.24762725830078125,0.3366342782974243
"Learned (U-Net), Seg-only",0.6290749311447144,0.17029845714569092,0.22297024726867676
"Learned (U-Net), Seg-only",0.6258960962295532,0.16755247116088867,0.1865478754043579
"Learned (U-Net), Seg-only",0.6162506639957428,0.162705659866333,0.23495805263519287
"Learned (U-Net), Seg-only",0.6618225276470184,0.1171768307685852,0.17511963844299316
"Learned (U-Net), Seg-only",0.5909760594367981,0.22066152095794678,0.23428642749786377
"Learned (U-Net), Seg-only",0.6401062607765198,0.17904162406921387,0.09981870651245117
"Learned (U-Net), Seg-only",0.6478714942932129,0.20357686281204224,0.24496078491210938
"Learned (U-Net), Seg-only",0.6277079582214355,0.2284528613090515,0.3506251573562622
"Learned (U-Net), Seg-only",0.6170793175697327,0.2616550326347351,0.2809537649154663
"Learned (U-Net), Seg-only",0.6196616888046265,0.2015356421470642,0.13208770751953125
"Learned (U-Net), Seg-only",0.6254675686359406,0.2552272081375122,0.19003915786743164
"Learned (U-Net), Seg-only",0.6258342266082764,0.14635038375854492,0.2464449405670166
"Learned (U-Net), Seg-only",0.6609259843826294,0.21931010484695435,0.13864648342132568
"Learned (U-Net), Seg-only",0.620674729347229,0.14125186204910278,0.11868178844451904
"Learned (U-Net), Seg-only",0.6189310550689697,0.16597980260849,0.08769118785858154
"Learned (U-Net), Seg-only",0.6347061693668365,0.1845231056213379,0.27826035022735596
"Learned (U-Net), Seg-only",0.6134681403636932,0.19153565168380737,0.0780951976776123
"Learned (U-Net), Seg-only",0.6300815343856812,0.2454966902732849,0.12687039375305176
"Learned (U-Net), Seg-only",0.5716590583324432,0.15957880020141602,0.13570082187652588
"Learned (U-Net), Seg-only",0.6009542942047119,0.1469205617904663,0.07903575897216797
"Learned (U-Net), Seg-only",0.6366569101810455,0.12646210193634033,0.13305604457855225
"Learned (U-Net), Seg-only",0.645172506570816,0.26654475927352905,0.20334815979003906
"Learned (U-Net), Seg-only",0.6543290615081787,0.21058684587478638,0.09126996994018555
"Learned (U-Net), Seg-only",0.6130372285842896,0.16764819622039795,0.08182966709136963
"Learned (U-Net), Seg-only",0.6255006492137909,0.19903868436813354,0.08291351795196533
"Learned (U-Net), Seg-only",0.645839124917984,0.20788198709487915,0.004824399948120117
"Learned (U-Net), Seg-only",0.606003075838089,0.2477143406867981,0.10718834400177002
"Learned (U-Net), Seg-only",0.5925853252410889,0.1605699062347412,0.16915416717529297
"Learned (U-Net), Seg-only",0.6281092464923859,0.19915986061096191,0.10505354404449463
"Learned (U-Net), Seg-only",0.6649968922138214,0.1913055181503296,0.08196473121643066
"Learned (U-Net), Seg-only",0.6256472170352936,0.207879900932312,0.3200669288635254
"Learned (U-Net), Seg-only",0.6238735616207123,0.22904914617538452,0.30302882194519043
"Learned (U-Net), Seg-only",0.6628921031951904,0.24527430534362793,0.3488461971282959
"Learned (U-Net), Seg-only",0.6535448431968689,0.2842574119567871,0.5686542987823486
"Learned (U-Net), Seg-only",0.6236308813095093,0.25600939989089966,0.393923282623291
"Learned (U-Net), Seg-only",0.569853812456131,0.14793235063552856,0.23894143104553223
"Learned (U-Net), Seg-only",0.5894724726676941,0.15788042545318604,0.33891069889068604
"Learned (U-Net), Seg-only",0.6340602934360504,0.21924036741256714,0.45137083530426025
"Learned (U-Net), Seg-only",0.6552060842514038,0.2586572766304016,0.38824617862701416
"Learned (U-Net), Seg-only",0.6157861351966858,0.21308207511901855,0.46100902557373047
"Learned (U-Net), Seg-only",0.6451327800750732,0.18493163585662842,0.24752426147460938
"Learned (U-Net), Seg-only",0.589635968208313,0.18725210428237915,0.2677183151245117
"Learned (U-Net), Seg-only",0.5996209681034088,0.25618505477905273,0.39806175231933594
"Learned (U-Net), Seg-only",0.6418994069099426,0.1754702925682068,0.36143040657043457
"Learned (U-Net), Seg-only",0.6205907464027405,0.21303117275238037,0.32785534858703613
"Learned (U-Net), Seg-only",0.7080196440219879,0.23303771018981934,0.3375985622406006
"Learned (U-Net), Seg-only",0.7021966278553009,0.22026169300079346,0.3092620372772217
"Learned (U-Net), Seg-only",0.6739749908447266,0.1940702199935913,0.1843729019165039
"Learned (U-Net), Seg-only",0.6710065603256226,0.24579018354415894,0.3423197269439697
"Learned (U-Net), Seg-only",0.6941156089305878,0.20915329456329346,0.2487506866455078
"Learned (U-Net), Seg-only",0.6864766478538513,0.19041675329208374,0.1718517541885376
"Learned (U-Net), Seg-only",0.6575043201446533,0.2202296257019043,0.5542608499526978
"Learned (U-Net), Seg-only",0.702330470085144,0.24949771165847778,0.4252357482910156
"Learned (U-Net), Seg-only",0.7078960239887238,0.24419426918029785,0.3752940893173218
"Learned (U-Net), Seg-only",0.6670869588851929,0.14988893270492554,0.2784252166748047
"Learned (U-Net), Seg-only",0.7608218789100647,0.2852287292480469,0.38671088218688965
"Learned (U-Net), Seg-only",0.6816401779651642,0.23817557096481323,0.42169833183288574
"Learned (U-Net), Seg-only",0.6683650612831116,0.22057664394378662,0.3373657464981079
"Learned (U-Net), Seg-only",0.7111765742301941,0.24227958917617798,0.3771611452102661
"Learned (U-Net), Seg-only",0.6843895316123962,0.2362191081047058,0.3233497142791748
"Learned (U-Net), Seg-only",0.6933109164237976,0.2755531072616577,0.3844231367111206
"Learned (U-Net), Seg-only",0.7010756731033325,0.2556837797164917,0.2259453535079956
"Learned (U-Net), Seg-only",0.6924921572208405,0.31641992926597595,0.3038616180419922
"Learned (U-Net), Seg-only",0.6692158877849579,0.17785745859146118,0.13974356651306152
"Learned (U-Net), Seg-only",0.674656331539154,0.2081751823425293,0.1459665298461914
"Learned (U-Net), Seg-only",0.6785209476947784,0.25074535608291626,0.3302701711654663
"Learned (U-Net), Seg-only",0.6447655260562897,0.21854519844055176,0.2250823974609375
"Learned (U-Net), Seg-only",0.6844682991504669,0.24627059698104858,0.20742356777191162
"Learned (U-Net), Seg-only",0.7209594547748566,0.24429163336753845,0.25855588912963867
"Learned (U-Net), Seg-only",0.6869376301765442,0.19912481307983398,0.2242884635925293
"Learned (U-Net), Seg-only",0.7091553807258606,0.22201621532440186,0.2417924404144287
"Learned (U-Net), Seg-only",0.6534716486930847,0.20286238193511963,0.3147467374801636
"Learned (U-Net), Seg-only",0.6903266310691833,0.21201187372207642,0.2334502935409546
"Learned (U-Net), Seg-only",0.6566011905670166,0.35922181606292725,0.3592923879623413
"Learned (U-Net), Seg-only",0.6724886000156403,0.2481762170791626,0.19839560985565186
"Learned (U-Net), Seg-only",0.6961628496646881,0.1871570348739624,0.07863926887512207
"Learned (U-Net), Seg-only",0.7092016637325287,0.23749381303787231,0.023320317268371582
"Learned (U-Net), Seg-only",0.6885981261730194,0.2522975504398346,0.1926788091659546
"Learned (U-Net), Seg-only",0.7309330105781555,0.25760674476623535,0.2571955919265747
"Learned (U-Net), Seg-only",0.7125547826290131,0.30692780017852783,0.07056188583374023
"Learned (U-Net), Seg-only",0.6477261781692505,0.24298256635665894,0.17823445796966553
"Learned (U-Net), Seg-only",0.6778123378753662,0.27068525552749634,0.19250905513763428
"Learned (U-Net), Seg-only",0.6951691508293152,0.1856279969215393,0.16365551948547363
"Learned (U-Net), Seg-only",0.6981540322303772,0.16885191202163696,0.14366018772125244
"Learned (U-Net), Seg-only",0.6488631963729858,0.19856595993041992,0.18814218044281006
"Learned (U-Net), Seg-only",0.6947844326496124,0.32304197549819946,0.32633864879608154
"Learned (U-Net), Seg-only",0.7302246689796448,0.16665083169937134,0.02570319175720215
"Learned (U-Net), Seg-only",0.6742229759693146,0.28873634338378906,0.20351994037628174
"Learned (U-Net), Seg-only",0.6822958290576935,0.2624850571155548,0.14949417114257812
"Learned (U-Net), Seg-only",0.717133104801178,0.31906330585479736,0.15654927492141724
"Learned (U-Net), Seg-only",0.6947004497051239,0.2702297568321228,0.47265732288360596
"Learned (U-Net), Seg-only",0.6716472804546356,0.22788894176483154,0.39537501335144043
"Learned (U-Net), Seg-only",0.6909842789173126,0.20703208446502686,0.31328654289245605
"Learned (U-Net), Seg-only",0.708051472902298,0.23933231830596924,0.3953132629394531
"Learned (U-Net), Seg-only",0.6598542332649231,0.2248113751411438,0.32881879806518555
"Learned (U-Net), Seg-only",0.6774379909038544,0.27048563957214355,0.42858707904815674
"Learned (U-Net), Seg-only",0.7138925194740295,0.24671977758407593,0.4794340133666992
"Learned (U-Net), Seg-only",0.6713894903659821,0.26053619384765625,0.477710485458374
"Learned (U-Net), Seg-only",0.6924569606781006,0.2790105938911438,0.4304323196411133
"Learned (U-Net), Seg-only",0.7012366056442261,0.243599534034729,0.4215562343597412
"Learned (U-Net), Seg-only",0.6795321702957153,0.2528274655342102,0.4137691259384155
"Learned (U-Net), Seg-only",0.6862958073616028,0.2585633397102356,0.4547603130340576
"Learned (U-Net), Seg-only",0.6803505420684814,0.2214752435684204,0.3405110836029053
"Learned (U-Net), Seg-only",0.7521600127220154,0.24825888872146606,0.45214009284973145
"Learned (U-Net), Seg-only",0.6994397938251495,0.2518264651298523,0.38756299018859863
"Learned (U-Net), Seg-only",0.45052461326122284,0.039412736892700195,0.090187668800354
"Learned (U-Net), Seg-only",0.4607166051864624,0.08031260967254639,0.0754392147064209
"Learned (U-Net), Seg-only",0.4430050700902939,0.02533966302871704,0.09402847290039062
"Learned (U-Net), Seg-only",0.43971386551856995,0.11591547727584839,0.16536080837249756
"Learned (U-Net), Seg-only",0.4949571192264557,0.08592051267623901,0.08358621597290039
"Learned (U-Net), Seg-only",0.4812393933534622,0.09003084897994995,0.07091903686523438
"Learned (U-Net), Seg-only",0.42541611194610596,0.03505825996398926,0.037911415100097656
"Learned (U-Net), Seg-only",0.4501044601202011,0.06699854135513306,0.16570782661437988
"Learned (U-Net), Seg-only",0.43138831853866577,0.04634428024291992,0.06889796257019043
"Learned (U-Net), Seg-only",0.4746845066547394,0.010022759437561035,0.03056168556213379
"Learned (U-Net), Seg-only",0.48479992151260376,0.07652038335800171,0.17533016204833984
"Learned (U-Net), Seg-only",0.42393597960472107,0.027134418487548828,0.05600905418395996
"Learned (U-Net), Seg-only",0.48381319642066956,0.07270562648773193,0.1082773208618164
"Learned (U-Net), Seg-only",0.4296567887067795,0.1286475658416748,0.133941650390625
"Learned (U-Net), Seg-only",0.49942970275878906,0.05563563108444214,0.057443857192993164
"Learned (U-Net), Seg-only",0.48434995114803314,0.025963664054870605,0.06218564510345459
"Learned (U-Net), Seg-only",0.46194279193878174,0.08426487445831299,0.09417665004730225
"Learned (U-Net), Seg-only",0.45849302411079407,0.04797238111495972,0.1296471357345581
"Learned (U-Net), Seg-only",0.4377843141555786,0.03249329328536987,0.05730080604553223
"Learned (U-Net), Seg-only",0.4608588069677353,0.03784257173538208,0.010632634162902832
"Learned (U-Net), Seg-only",0.469248428940773,0.0302087664604187,0.0858159065246582
"Learned (U-Net), Seg-only",0.4364657402038574,0.05204951763153076,0.12534773349761963
"Learned (U-Net), Seg-only",0.46159589290618896,0.06659120321273804,0.12055051326751709
"Learned (U-Net), Seg-only",0.4568975418806076,0.038443148136138916,0.05983781814575195
"Learned (U-Net), Seg-only",0.42006973922252655,0.03845691680908203,0.021564960479736328
"Learned (U-Net), Seg-only",0.48791129887104034,0.04795128107070923,0.021510004997253418
"Learned (U-Net), Seg-only",0.4715404659509659,0.12347650527954102,0.22835469245910645
"Learned (U-Net), Seg-only",0.45183806121349335,0.028843939304351807,0.03610062599182129
"Learned (U-Net), Seg-only",0.4456429034471512,0.042581260204315186,0.011645913124084473
"Learned (U-Net), Seg-only",0.4864863008260727,0.04722189903259277,0.022495746612548828
"Learned (U-Net), Seg-only",0.4823009669780731,0.08176368474960327,0.007676839828491211
"Learned (U-Net), Seg-only",0.47855517268180847,0.06460440158843994,0.04687488079071045
"Learned (U-Net), Seg-only",0.43171828985214233,0.04471844434738159,0.04366147518157959
"Learned (U-Net), Seg-only",0.4866692125797272,0.028680920600891113,0.07067644596099854
"Learned (U-Net), Seg-only",0.4706275314092636,0.11636161804199219,0.08682441711425781
"Learned (U-Net), Seg-only",0.4390536695718765,0.03589224815368652,0.09605669975280762
"Learned (U-Net), Seg-only",0.49422910809516907,0.07435297966003418,0.020235538482666016
"Learned (U-Net), Seg-only",0.4591665267944336,0.05659079551696777,0.07617402076721191
"Learned (U-Net), Seg-only",0.4711659103631973,0.09508496522903442,0.030893683433532715
"Learned (U-Net), Seg-only",0.4861893206834793,0.07290762662887573,0.05468010902404785
"Learned (U-Net), Seg-only",0.44712093472480774,0.06274545192718506,0.10524356365203857
"Learned (U-Net), Seg-only",0.44191935658454895,0.05999040603637695,0.006325721740722656
"Learned (U-Net), Seg-only",0.4154677987098694,0.0761827826499939,0.055079102516174316
"Learned (U-Net), Seg-only",0.47502607107162476,0.02009427547454834,0.09033703804016113
"Learned (U-Net), Seg-only",0.5033540576696396,0.07749021053314209,0.05379962921142578
"Learned (U-Net), Seg-only",0.4414817988872528,0.02809929847717285,0.04217958450317383
"Learned (U-Net), Seg-only",0.45734333992004395,0.028808951377868652,0.005538463592529297
"Learned (U-Net), Seg-only",0.4454427659511566,0.033605098724365234,0.0029709339141845703
"Learned (U-Net), Seg-only",0.4565485119819641,0.03383904695510864,0.07323765754699707
"Learned (U-Net), Seg-only",0.43891769647598267,0.03031259775161743,0.03384041786193848
"Learned (U-Net), Seg-only",0.4548356831073761,0.04916119575500488,0.13634252548217773
"Learned (U-Net), Seg-only",0.460077241063118,0.05630677938461304,0.06958818435668945
"Learned (U-Net), Seg-only",0.44773682951927185,0.055733442306518555,0.17810559272766113
"Learned (U-Net), Seg-only",0.45148909091949463,0.1060795783996582,0.2728034257888794
"Learned (U-Net), Seg-only",0.45493945479393005,0.09240448474884033,0.13908863067626953
"Learned (U-Net), Seg-only",0.459978386759758,0.07438170909881592,0.23126626014709473
"Learned (U-Net), Seg-only",0.42164331674575806,0.10675245523452759,0.1505873203277588
"Learned (U-Net), Seg-only",0.46423062682151794,0.09233266115188599,0.12447071075439453
"Learned (U-Net), Seg-only",0.4373045861721039,0.026231706142425537,0.08706188201904297
"Learned (U-Net), Seg-only",0.4532945603132248,0.037661850452423096,0.005802154541015625
"Learned (U-Net), Seg-only",1.515209138393402,0.8106824159622192,0.8947529792785645
"Learned (U-Net), Seg-only",1.5511707067489624,0.7607617378234863,1.2344496250152588
"Learned (U-Net), Seg-only",1.5823944211006165,0.8203014135360718,1.2780210971832275
"Learned (U-Net), Seg-only",1.5428702235221863,0.7539726495742798,0.971726655960083
"Learned (U-Net), Seg-only",1.5154446959495544,0.687687873840332,0.9464149475097656
"Learned (U-Net), Seg-only",1.5418922305107117,0.6910951137542725,1.0891337394714355
"Learned (U-Net), Seg-only",1.54329252243042,0.7188035249710083,1.0226962566375732
"Learned (U-Net), Seg-only",1.5763365626335144,0.8446140289306641,1.31894850730896
"Learned (U-Net), Seg-only",1.52519690990448,0.7660040855407715,1.0074925422668457
"Learned (U-Net), Seg-only",1.5641268491744995,0.7966201305389404,1.2163445949554443
"Learned (U-Net), Seg-only",1.5330819487571716,0.7089385986328125,1.0357134342193604
"Learned (U-Net), Seg-only",1.4939798712730408,0.7632029056549072,1.243298053741455
"Learned (U-Net), Seg-only",1.565472662448883,0.7209856510162354,0.8571579456329346
"Learned (U-Net), Seg-only",1.5184636116027832,0.6947745084762573,0.9718892574310303
"Learned (U-Net), Seg-only",1.553812026977539,0.7674845457077026,0.9947779178619385
"Learned (U-Net), Seg-only",1.4992359280586243,0.7333002090454102,1.1407959461212158
"Learned (U-Net), Seg-only",1.635100781917572,0.7899987697601318,0.877859354019165
"Learned (U-Net), Seg-only",1.4911448955535889,0.7811768054962158,0.7980899810791016
"Learned (U-Net), Seg-only",1.5818371176719666,0.8334184885025024,0.7797842025756836
"Learned (U-Net), Seg-only",1.51189523935318,0.6024117469787598,0.666088342666626
"Learned (U-Net), Seg-only",1.5846604108810425,0.8754481077194214,0.8146109580993652
"Learned (U-Net), Seg-only",1.6003572940826416,0.8071187734603882,0.8367598056793213
"Learned (U-Net), Seg-only",1.5813714265823364,0.8042855262756348,0.8862640857696533
"Learned (U-Net), Seg-only",1.4991474747657776,0.7611342072486877,0.8465440273284912
"Learned (U-Net), Seg-only",1.5917333364486694,0.837978720664978,0.9637887477874756
"Learned (U-Net), Seg-only",1.5303875803947449,0.6760066747665405,0.81880784034729
"Learned (U-Net), Seg-only",1.4897522926330566,0.7163456678390503,0.8565261363983154
"Learned (U-Net), Seg-only",1.4390643239021301,0.6672291159629822,0.7915604114532471
"Learned (U-Net), Seg-only",1.5961247086524963,0.7285794019699097,0.7753937244415283
"Learned (U-Net), Seg-only",1.5239070653915405,0.6254470348358154,0.6928386688232422
"Learned (U-Net), Seg-only",1.5635830163955688,0.8071585893630981,0.5400967597961426
"Learned (U-Net), Seg-only",1.5061873197555542,0.6479073762893677,0.6210916042327881
"Learned (U-Net), Seg-only",1.6147135496139526,0.9443978071212769,0.6887027025222778
"Learned (U-Net), Seg-only",1.5319756865501404,0.8101961016654968,0.5421454906463623
"Learned (U-Net), Seg-only",1.596491813659668,0.6965264081954956,0.46529364585876465
"Learned (U-Net), Seg-only",1.5371615886688232,0.6700338125228882,0.5813710689544678
"Learned (U-Net), Seg-only",1.5668998956680298,0.7816649675369263,0.4838380813598633
"Learned (U-Net), Seg-only",1.5192790031433105,0.7824456691741943,0.6555085182189941
"Learned (U-Net), Seg-only",1.5220869779586792,0.6838924884796143,0.5371050834655762
"Learned (U-Net), Seg-only",1.585996687412262,0.9614667296409607,0.7621520757675171
"Learned (U-Net), Seg-only",1.572522521018982,0.7387615442276001,0.5331661701202393
"Learned (U-Net), Seg-only",1.5784161686897278,0.8003048896789551,0.5165622234344482
"Learned (U-Net), Seg-only",1.532018005847931,0.6565829515457153,0.5737669467926025
"Learned (U-Net), Seg-only",1.514949917793274,0.8391197323799133,0.6651122570037842
"Learned (U-Net), Seg-only",1.533290147781372,0.6661996841430664,0.594412088394165
"Learned (U-Net), Seg-only",1.5742796063423157,0.8866974711418152,1.4770619869232178
"Learned (U-Net), Seg-only",1.5517986416816711,0.6950516700744629,1.2554175853729248
"Learned (U-Net), Seg-only",1.560620129108429,0.6732217073440552,1.1377222537994385
"Learned (U-Net), Seg-only",1.6014043092727661,0.8039392232894897,1.3227777481079102
"Learned (U-Net), Seg-only",1.497908592224121,0.6682729721069336,1.0827264785766602
"Learned (U-Net), Seg-only",1.5174179673194885,0.736810564994812,1.0968241691589355
"Learned (U-Net), Seg-only",1.5984060168266296,0.7548927068710327,1.1183133125305176
"Learned (U-Net), Seg-only",1.61261647939682,0.8200401067733765,1.2632637023925781
"Learned (U-Net), Seg-only",1.5151547193527222,0.7419766187667847,1.1913988590240479
"Learned (U-Net), Seg-only",1.5122823119163513,0.757014811038971,1.1172311305999756
"Learned (U-Net), Seg-only",1.5254473090171814,0.7108922004699707,1.2542293071746826
"Learned (U-Net), Seg-only",1.5625504851341248,0.7397900819778442,1.134742259979248
"Learned (U-Net), Seg-only",1.6120126247406006,0.9148663282394409,1.6842515468597412
"Learned (U-Net), Seg-only",1.5721527338027954,0.7405160665512085,1.2849631309509277
"Learned (U-Net), Seg-only",1.5037824511528015,0.7669885754585266,1.2236387729644775
"Learned (U-Net), Seg-only",1.0910632610321045,0.36608588695526123,0.7817473411560059
"Learned (U-Net), Seg-only",1.0688848495483398,0.2815871238708496,0.4002556800842285
"Learned (U-Net), Seg-only",1.0718302130699158,0.4262406826019287,0.5492434501647949
"Learned (U-Net), Seg-only",1.1159433126449585,0.3362855911254883,0.34415245056152344
"Learned (U-Net), Seg-only",1.0777637362480164,0.3501269817352295,0.5890178680419922
"Learned (U-Net), Seg-only",1.0367595553398132,0.33420050144195557,0.619757890701294
"Learned (U-Net), Seg-only",1.071640431880951,0.3429776430130005,0.4477837085723877
"Learned (U-Net), Seg-only",1.041545569896698,0.3001154661178589,0.6655819416046143
"Learned (U-Net), Seg-only",1.0785576105117798,0.3936222791671753,0.6618924140930176
"Learned (U-Net), Seg-only",1.0487958192825317,0.28802216053009033,0.4150075912475586
"Learned (U-Net), Seg-only",1.1246023178100586,0.29791104793548584,0.46634340286254883
"Learned (U-Net), Seg-only",1.1036387085914612,0.3213694095611572,0.40963244438171387
"Learned (U-Net), Seg-only",1.0939220190048218,0.382418155670166,0.5370292663574219
"Learned (U-Net), Seg-only",1.0926762819290161,0.39049601554870605,0.5334122180938721
"Learned (U-Net), Seg-only",1.1014618277549744,0.3910712003707886,0.5399181842803955
"Learned (U-Net), Seg-only",1.1327012181282043,0.2668123245239258,0.3793973922729492
"Learned (U-Net), Seg-only",1.1359970569610596,0.3863246440887451,0.6440834999084473
"Learned (U-Net), Seg-only",1.1584383845329285,0.4114118814468384,0.3644371032714844
"Learned (U-Net), Seg-only",1.1340609192848206,0.36619746685028076,0.5288400650024414
"Learned (U-Net), Seg-only",1.0219701528549194,0.274564266204834,0.4021778106689453
"Learned (U-Net), Seg-only",1.1290630102157593,0.3692612648010254,0.4454622268676758
"Learned (U-Net), Seg-only",1.088586449623108,0.3822392225265503,0.5154037475585938
"Learned (U-Net), Seg-only",1.04076087474823,0.35544729232788086,0.41263723373413086
"Learned (U-Net), Seg-only",1.1106330156326294,0.3244396448135376,0.42116308212280273
"Learned (U-Net), Seg-only",1.084617257118225,0.3375509977340698,0.5807499885559082
"Learned (U-Net), Seg-only",1.0787787437438965,0.4105868339538574,0.44109439849853516
"Learned (U-Net), Seg-only",1.0725195407867432,0.19868052005767822,0.2617669105529785
"Learned (U-Net), Seg-only",1.1394633650779724,0.36382925510406494,0.38081908226013184
"Learned (U-Net), Seg-only",1.1560170650482178,0.4496572017669678,0.507176399230957
"Learned (U-Net), Seg-only",1.1161171793937683,0.3829309940338135,0.48876523971557617
"Learned (U-Net), Seg-only",1.1597763299942017,0.40826737880706787,0.1846020221710205
"Learned (U-Net), Seg-only",1.0564137697219849,0.3828617334365845,0.2677764892578125
"Learned (U-Net), Seg-only",1.1893218159675598,0.45042312145233154,0.25866055488586426
"Learned (U-Net), Seg-only",1.0643869042396545,0.2625194787979126,0.0327763557434082
"Learned (U-Net), Seg-only",1.057470440864563,0.3327329158782959,0.15589642524719238
"Learned (U-Net), Seg-only",1.0547400116920471,0.25383245944976807,0.21845769882202148
"Learned (U-Net), Seg-only",1.1135984063148499,0.33922600746154785,0.06263470649719238
"Learned (U-Net), Seg-only",1.1439327001571655,0.3291306495666504,0.17800426483154297
"Learned (U-Net), Seg-only",1.0909475088119507,0.26628172397613525,0.2861034870147705
"Learned (U-Net), Seg-only",1.015803873538971,0.28208208084106445,0.2397003173828125
"Learned (U-Net), Seg-only",1.130463182926178,0.3501235246658325,0.27721238136291504
"Learned (U-Net), Seg-only",1.0615544319152832,0.3643031120300293,0.26187562942504883
"Learned (U-Net), Seg-only",1.12126624584198,0.4403676986694336,0.4007309675216675
"Learned (U-Net), Seg-only",1.0872799158096313,0.3935636281967163,0.4429590702056885
"Learned (U-Net), Seg-only",1.085375428199768,0.28750038146972656,0.15949630737304688
"Learned (U-Net), Seg-only",1.1130993366241455,0.3910881280899048,0.7028124332427979
"Learned (U-Net), Seg-only",1.1550350785255432,0.3648117780685425,0.5724315643310547
"Learned (U-Net), Seg-only",1.1402496695518494,0.4240226745605469,0.7333455085754395
"Learned (U-Net), Seg-only",1.1129564046859741,0.45037519931793213,0.9393885135650635
"Learned (U-Net), Seg-only",1.0621430277824402,0.377524733543396,0.5977020263671875
"Learned (U-Net), Seg-only",1.0867967009544373,0.349837064743042,0.503659725189209
"Learned (U-Net), Seg-only",1.1142385601997375,0.34459781646728516,0.5889365673065186
"Learned (U-Net), Seg-only",1.0731685161590576,0.3609062433242798,0.5584611892700195
"Learned (U-Net), Seg-only",1.0758838653564453,0.3113694190979004,0.4339437484741211
"Learned (U-Net), Seg-only",1.0307894945144653,0.3139500617980957,0.4066915512084961
"Learned (U-Net), Seg-only",1.056563675403595,0.3045065402984619,0.5041828155517578
"Learned (U-Net), Seg-only",1.0702840089797974,0.31207430362701416,0.46938276290893555
"Learned (U-Net), Seg-only",1.1190893650054932,0.25532960891723633,0.4570608139038086
"Learned (U-Net), Seg-only",1.0986297130584717,0.3547952175140381,0.6493492126464844
"Learned (U-Net), Seg-only",1.0665191411972046,0.386623740196228,0.7546806335449219
"Learned (U-Net), Seg-only",1.2216838002204895,0.4215301275253296,0.6853816509246826
"Learned (U-Net), Seg-only",1.180044412612915,0.44438350200653076,0.5678918361663818
"Learned (U-Net), Seg-only",1.2505563497543335,0.4743868112564087,0.7832930088043213
"Learned (U-Net), Seg-only",1.2571449875831604,0.4247082471847534,0.6644713878631592
"Learned (U-Net), Seg-only",1.2490617036819458,0.4116898775100708,0.5306248664855957
"Learned (U-Net), Seg-only",1.1968161463737488,0.36198878288269043,0.4069991111755371
"Learned (U-Net), Seg-only",1.188364565372467,0.42173171043395996,0.6424903869628906
"Learned (U-Net), Seg-only",1.2192934155464172,0.4175511598587036,0.5245041847229004
"Learned (U-Net), Seg-only",1.245252788066864,0.42459261417388916,0.5713338851928711
"Learned (U-Net), Seg-only",1.2658705711364746,0.45886099338531494,0.6659929752349854
"Learned (U-Net), Seg-only",1.265633463859558,0.46184253692626953,0.5936949253082275
"Learned (U-Net), Seg-only",1.273130476474762,0.4480096101760864,0.5356853008270264
"Learned (U-Net), Seg-only",1.2627006769180298,0.4053807258605957,0.5390095710754395
"Learned (U-Net), Seg-only",1.2102296948432922,0.4322763681411743,0.45832347869873047
"Learned (U-Net), Seg-only",1.2148181200027466,0.42099010944366455,0.6510672569274902
"Learned (U-Net), Seg-only",1.2979628443717957,0.47951269149780273,0.5114104747772217
"Learned (U-Net), Seg-only",1.1368902325630188,0.39981985092163086,0.5103082656860352
"Learned (U-Net), Seg-only",1.1906768083572388,0.37750887870788574,0.5711243152618408
"Learned (U-Net), Seg-only",1.2116833925247192,0.47289323806762695,0.589047908782959
"Learned (U-Net), Seg-only",1.1508071422576904,0.32909536361694336,0.4238111972808838
"Learned (U-Net), Seg-only",1.2118123173713684,0.3118666410446167,0.4613614082336426
"Learned (U-Net), Seg-only",1.2490950226783752,0.4508678913116455,0.4691135883331299
"Learned (U-Net), Seg-only",1.2276430130004883,0.44605278968811035,0.43510961532592773
"Learned (U-Net), Seg-only",1.2231120467185974,0.4197866916656494,0.43903636932373047
"Learned (U-Net), Seg-only",1.2434370517730713,0.41945409774780273,0.3398861885070801
"Learned (U-Net), Seg-only",1.20317542552948,0.38650500774383545,0.6869843006134033
"Learned (U-Net), Seg-only",1.196804940700531,0.4283468723297119,0.6633062362670898
"Learned (U-Net), Seg-only",1.2221403121948242,0.41895604133605957,0.38514161109924316
"Learned (U-Net), Seg-only",1.2169147729873657,0.348749041557312,0.5497477054595947
"Learned (U-Net), Seg-only",1.200505793094635,0.35606324672698975,0.4535670280456543
"Learned (U-Net), Seg-only",1.2615881562232971,0.4198960065841675,0.3106725215911865
"Learned (U-Net), Seg-only",1.2872912287712097,0.44168955087661743,0.25895214080810547
"Learned (U-Net), Seg-only",1.2045703530311584,0.4322834014892578,0.35272693634033203
"Learned (U-Net), Seg-only",1.2700534462928772,0.43974459171295166,0.34375500679016113
"Learned (U-Net), Seg-only",1.2263389825820923,0.3903799057006836,0.3473329544067383
"Learned (U-Net), Seg-only",1.2474193572998047,0.4543793201446533,0.42550039291381836
"Learned (U-Net), Seg-only",1.1844483613967896,0.37639307975769043,0.21620416641235352
"Learned (U-Net), Seg-only",1.227820873260498,0.44860243797302246,0.34325075149536133
"Learned (U-Net), Seg-only",1.2146483063697815,0.438681960105896,0.3433995246887207
"Learned (U-Net), Seg-only",1.1989939212799072,0.46568429470062256,0.33431434631347656
"Learned (U-Net), Seg-only",1.2666734457015991,0.29784321784973145,0.18185114860534668
"Learned (U-Net), Seg-only",1.1803470253944397,0.3847440481185913,0.30838704109191895
"Learned (U-Net), Seg-only",1.2883933186531067,0.3711611032485962,0.24570393562316895
"Learned (U-Net), Seg-only",1.1843923330307007,0.5509815216064453,0.46201086044311523
"Learned (U-Net), Seg-only",1.2223243713378906,0.4400840997695923,0.38243889808654785
"Learned (U-Net), Seg-only",1.2520743608474731,0.45304644107818604,0.6472997665405273
"Learned (U-Net), Seg-only",1.2649282813072205,0.4113454818725586,0.598968505859375
"Learned (U-Net), Seg-only",1.2717878818511963,0.5604147911071777,0.8784785270690918
"Learned (U-Net), Seg-only",1.2378804087638855,0.39790844917297363,0.5759353637695312
"Learned (U-Net), Seg-only",1.2600613832473755,0.38940322399139404,0.632359504699707
"Learned (U-Net), Seg-only",1.2740996479988098,0.4582357406616211,0.6796941757202148
"Learned (U-Net), Seg-only",1.2235349416732788,0.44927704334259033,0.7252264022827148
"Learned (U-Net), Seg-only",1.1883390545845032,0.469152569770813,0.7293665409088135
"Learned (U-Net), Seg-only",1.2112728357315063,0.3554980754852295,0.5288362503051758
"Learned (U-Net), Seg-only",1.257535696029663,0.5091160535812378,0.808992862701416
"Learned (U-Net), Seg-only",1.2155046463012695,0.4363051652908325,0.7134511470794678
"Learned (U-Net), Seg-only",1.2592182755470276,0.4780813455581665,0.7458839416503906
"Learned (U-Net), Seg-only",1.2265630960464478,0.4293861389160156,0.8467845916748047
"Learned (U-Net), Seg-only",1.258048415184021,0.45648932456970215,0.7552804946899414
"Learned (U-Net), Seg-only",1.2311866879463196,0.42936933040618896,0.7058510780334473
"Learned (U-Net), Seg-only",0.7192093729972839,0.07246112823486328,0.0832529067993164
"Learned (U-Net), Seg-only",0.6714128255844116,0.11494588851928711,0.1719512939453125
"Learned (U-Net), Seg-only",0.6865032315254211,0.11378514766693115,0.14805841445922852
"Learned (U-Net), Seg-only",0.6972152292728424,0.09356391429901123,0.11240768432617188
"Learned (U-Net), Seg-only",0.7521108388900757,0.09715211391448975,0.13924932479858398
"Learned (U-Net), Seg-only",0.6683573424816132,0.10830545425415039,0.2062668800354004
"Learned (U-Net), Seg-only",0.7442898154258728,0.010264873504638672,0.0018835067749023438
"Learned (U-Net), Seg-only",0.7138515412807465,0.11841714382171631,0.23087620735168457
"Learned (U-Net), Seg-only",0.7181152403354645,0.038393378257751465,0.13409829139709473
"Learned (U-Net), Seg-only",0.7117486596107483,0.1078881025314331,0.17597436904907227
"Learned (U-Net), Seg-only",0.7212531566619873,0.15060687065124512,0.16380643844604492
"Learned (U-Net), Seg-only",0.6754844784736633,0.0997622013092041,0.15966129302978516
"Learned (U-Net), Seg-only",0.7274153232574463,0.049254655838012695,0.09708642959594727
"Learned (U-Net), Seg-only",0.7534601092338562,0.11677181720733643,0.13385486602783203
"Learned (U-Net), Seg-only",0.723743200302124,0.12940728664398193,0.1472785472869873
"Learned (U-Net), Seg-only",0.664935290813446,0.10775363445281982,0.0691373348236084
"Learned (U-Net), Seg-only",0.7240824401378632,0.12045931816101074,0.14149999618530273
"Learned (U-Net), Seg-only",0.6986430287361145,0.03664815425872803,0.14300942420959473
"Learned (U-Net), Seg-only",0.7364803552627563,0.11390340328216553,0.03477764129638672
"Learned (U-Net), Seg-only",0.6855263113975525,0.12209939956665039,0.11176347732543945
"Learned (U-Net), Seg-only",0.7655631601810455,0.12250173091888428,0.16968178749084473
"Learned (U-Net), Seg-only",0.6958642601966858,0.054549217224121094,0.04264235496520996
"Learned (U-Net), Seg-only",0.7325239479541779,0.07911789417266846,0.010363101959228516
"Learned (U-Net), Seg-only",0.7101829946041107,0.08766603469848633,0.0629873275756836
"Learned (U-Net), Seg-only",0.7035326063632965,0.09249460697174072,0.07082986831665039
"Learned (U-Net), Seg-only",0.6891471445560455,0.0926673412322998,0.1016087532043457
"Learned (U-Net), Seg-only",0.7328080534934998,0.03847384452819824,0.02374410629272461
"Learned (U-Net), Seg-only",0.7513940632343292,0.03700876235961914,0.034966230392456055
"Learned (U-Net), Seg-only",0.7200173437595367,0.13006234169006348,0.15517663955688477
"Learned (U-Net), Seg-only",0.7334920763969421,0.20032000541687012,0.15408658981323242
"Learned (U-Net), Seg-only",0.6500759422779083,0.0874319076538086,0.003827810287475586
"Learned (U-Net), Seg-only",0.7191686928272247,0.17039334774017334,0.007399082183837891
"Learned (U-Net), Seg-only",0.6851079165935516,0.12332916259765625,0.058875083923339844
"Learned (U-Net), Seg-only",0.666506826877594,0.04314005374908447,0.06258153915405273
"Learned (U-Net), Seg-only",0.6855583190917969,0.17395484447479248,0.04099273681640625
"Learned (U-Net), Seg-only",0.7310343980789185,0.12406682968139648,0.2325427532196045
"Learned (U-Net), Seg-only",0.7059058547019958,0.12088608741760254,0.03638029098510742
"Learned (U-Net), Seg-only",0.7599268555641174,0.08637690544128418,0.03954577445983887
"Learned (U-Net), Seg-only",0.7056463360786438,0.11154031753540039,0.003962993621826172
"Learned (U-Net), Seg-only",0.6946419775485992,0.11815369129180908,0.08243060111999512
"Learned (U-Net), Seg-only",0.7219845056533813,0.13854050636291504,0.045760393142700195
"Learned (U-Net), Seg-only",0.6584166288375854,0.05733764171600342,0.02154064178466797
"Learned (U-Net), Seg-only",0.7165489196777344,0.14533603191375732,0.11485099792480469
"Learned (U-Net), Seg-only",0.6975197792053223,0.10973989963531494,0.08285880088806152
"Learned (U-Net), Seg-only",0.7443077862262726,0.04688549041748047,0.03319430351257324
"Learned (U-Net), Seg-only",0.7055751383304596,0.10836350917816162,0.14874482154846191
"Learned (U-Net), Seg-only",0.6359984278678894,0.0710519552230835,0.12603378295898438
"Learned (U-Net), Seg-only",0.7129845321178436,0.14921438694000244,0.44631218910217285
"Learned (U-Net), Seg-only",0.7197732925415039,0.12037849426269531,0.23443269729614258
"Learned (U-Net), Seg-only",0.7302591502666473,0.07194375991821289,0.08964061737060547
"Learned (U-Net), Seg-only",0.7273806631565094,0.13459008932113647,0.2437114715576172
"Learned (U-Net), Seg-only",0.6471242606639862,0.13705730438232422,0.23293328285217285
"Learned (U-Net), Seg-only",0.703506350517273,0.13075470924377441,0.22035789489746094
"Learned (U-Net), Seg-only",0.775821179151535,0.12006306648254395,0.13636207580566406
"Learned (U-Net), Seg-only",0.7012435495853424,0.14433908462524414,0.19095921516418457
"Learned (U-Net), Seg-only",0.6450107991695404,0.08937203884124756,0.07898950576782227
"Learned (U-Net), Seg-only",0.7106597423553467,0.09901535511016846,0.19659090042114258
"Learned (U-Net), Seg-only",0.6915524005889893,0.11734306812286377,0.19142818450927734
"Learned (U-Net), Seg-only",0.7145068943500519,0.07132554054260254,0.15758514404296875
"Learned (U-Net), Seg-only",0.7017278671264648,0.051033735275268555,0.1622757911682129
"Learned (U-Net), Full",0.8738360404968262,0.2898189425468445,0.4259108304977417
"Learned (U-Net), Full",0.8902108669281006,0.2300870418548584,0.3719954490661621
"Learned (U-Net), Full",0.8722691237926483,0.22135668992996216,0.1744401454925537
"Learned (U-Net), Full",0.9001750648021698,0.23306161165237427,0.46475982666015625
"Learned (U-Net), Full",0.8898999989032745,0.18130558729171753,0.17430782318115234
"Learned (U-Net), Full",0.9355510175228119,0.24801498651504517,0.3684108257293701
"Learned (U-Net), Full",0.8884198069572449,0.0953029990196228,0.08292734622955322
"Learned (U-Net), Full",0.8999675214290619,0.18912667036056519,0.323541522026062
"Learned (U-Net), Full",0.937711238861084,0.2458299994468689,0.3410383462905884
"Learned (U-Net), Full",0.8870478272438049,0.22117185592651367,0.29208195209503174
"Learned (U-Net), Full",0.8951545059680939,0.15287542343139648,0.1416778564453125
"Learned (U-Net), Full",0.8815149962902069,0.272804319858551,0.35704731941223145
"Learned (U-Net), Full",0.9059528410434723,0.2604878544807434,0.2708768844604492
"Learned (U-Net), Full",0.9125468134880066,0.28753548860549927,0.36554431915283203
"Learned (U-Net), Full",0.8868864178657532,0.19093704223632812,0.14941155910491943
"Learned (U-Net), Full",0.9237015247344971,0.17931407690048218,0.00719296932220459
"Learned (U-Net), Full",0.8724803626537323,0.29707998037338257,0.3855322599411011
"Learned (U-Net), Full",0.8977507650852203,0.1730138063430786,0.11225342750549316
"Learned (U-Net), Full",0.946455717086792,0.08456194400787354,0.04832792282104492
"Learned (U-Net), Full",0.879624992609024,0.20054537057876587,0.24201548099517822
"Learned (U-Net), Full",0.886984795331955,0.13039332628250122,0.05575847625732422
"Learned (U-Net), Full",0.8871550261974335,0.18299651145935059,0.17255806922912598
"Learned (U-Net), Full",0.9026691913604736,0.16237354278564453,0.07247376441955566
"Learned (U-Net), Full",0.8847807943820953,0.1407012939453125,0.001866459846496582
"Learned (U-Net), Full",0.8837380409240723,0.22068452835083008,0.055381178855895996
"Learned (U-Net), Full",0.9521072208881378,0.09806060791015625,0.0013703107833862305
"Learned (U-Net), Full",0.86305171251297,0.31074416637420654,0.22692251205444336
"Learned (U-Net), Full",0.8673422932624817,0.1685391664505005,0.2656698226928711
"Learned (U-Net), Full",0.92384934425354,0.10310977697372437,0.01600503921508789
"Learned (U-Net), Full",0.8979553580284119,0.30528873205184937,0.4140576124191284
"Learned (U-Net), Full",0.8604793846607208,0.23661410808563232,0.10460638999938965
"Learned (U-Net), Full",0.8639965653419495,0.19664406776428223,0.21844136714935303
"Learned (U-Net), Full",0.8906594216823578,0.26907747983932495,0.0981065034866333
"Learned (U-Net), Full",0.8790479898452759,0.3418356776237488,0.09687495231628418
"Learned (U-Net), Full",0.8929815590381622,0.20022302865982056,0.08058321475982666
"Learned (U-Net), Full",0.9130748510360718,0.32889944314956665,0.029204487800598145
"Learned (U-Net), Full",0.8513713181018829,0.2184017300605774,0.02253413200378418
"Learned (U-Net), Full",0.9039376974105835,0.2819709777832031,0.07847559452056885
"Learned (U-Net), Full",0.9242171943187714,0.21263325214385986,0.1554865837097168
"Learned (U-Net), Full",0.9442875385284424,0.14321625232696533,0.061308860778808594
"Learned (U-Net), Full",0.8823210597038269,0.20871031284332275,0.19603478908538818
"Learned (U-Net), Full",0.8890204727649689,0.20631814002990723,0.04558897018432617
"Learned (U-Net), Full",0.956505537033081,0.17112267017364502,0.19998550415039062
"Learned (U-Net), Full",0.8928530812263489,0.28244447708129883,0.1003652811050415
"Learned (U-Net), Full",0.9193175137042999,0.2275676727294922,0.1457071304321289
"Learned (U-Net), Full",0.9131807684898376,0.2328985333442688,0.43842482566833496
"Learned (U-Net), Full",0.8652872741222382,0.19075453281402588,0.3565213680267334
"Learned (U-Net), Full",0.885110080242157,0.2674461603164673,0.4995615482330322
"Learned (U-Net), Full",0.8707156181335449,0.2754841446876526,0.622502326965332
"Learned (U-Net), Full",0.8917838931083679,0.3288624882698059,0.6012439727783203
"Learned (U-Net), Full",0.8775301873683929,0.2909558415412903,0.599284291267395
"Learned (U-Net), Full",0.8921950459480286,0.10613220930099487,0.30228471755981445
"Learned (U-Net), Full",0.8795284926891327,0.27882492542266846,0.43183207511901855
"Learned (U-Net), Full",0.9110207259654999,0.28748124837875366,0.509742021560669
"Learned (U-Net), Full",0.8639515936374664,0.15110796689987183,0.25487661361694336
"Learned (U-Net), Full",0.9004036486148834,0.21546435356140137,0.42095088958740234
"Learned (U-Net), Full",0.8869582414627075,0.2703915238380432,0.4842177629470825
"Learned (U-Net), Full",0.876979261636734,0.27194684743881226,0.4436987638473511
"Learned (U-Net), Full",0.9234497547149658,0.25003302097320557,0.40135788917541504
"Learned (U-Net), Full",0.8702383637428284,0.10613155364990234,0.14112114906311035
"Learned (U-Net), Full",0.7145998477935791,0.05999201536178589,0.06841349601745605
"Learned (U-Net), Full",0.6838639378547668,0.06394201517105103,0.022447824478149414
"Learned (U-Net), Full",0.7099978625774384,0.058100104331970215,0.14637088775634766
"Learned (U-Net), Full",0.6493275463581085,0.1015617847442627,0.3110167980194092
"Learned (U-Net), Full",0.7081651091575623,0.0013570189476013184,0.029400944709777832
"Learned (U-Net), Full",0.712460458278656,0.04846751689910889,0.02811145782470703
"Learned (U-Net), Full",0.7303256988525391,0.14870208501815796,0.12749147415161133
"Learned (U-Net), Full",0.7065682113170624,0.09715127944946289,0.05771613121032715
"Learned (U-Net), Full",0.6963545680046082,0.0521472692489624,0.01251983642578125
"Learned (U-Net), Full",0.6872482001781464,0.05848163366317749,0.08023238182067871
"Learned (U-Net), Full",0.7022304236888885,0.026932120323181152,0.03974103927612305
"Learned (U-Net), Full",0.6861502230167389,0.10458523035049438,0.2052462100982666
"Learned (U-Net), Full",0.7204268276691437,0.0917353630065918,0.0055353641510009766
"Learned (U-Net), Full",0.7241412103176117,0.10009729862213135,0.037780046463012695
"Learned (U-Net), Full",0.6737448275089264,0.02220308780670166,0.04080677032470703
"Learned (U-Net), Full",0.6868730783462524,0.07052409648895264,0.024543046951293945
"Learned (U-Net), Full",0.6941739618778229,0.04025489091873169,0.08071708679199219
"Learned (U-Net), Full",0.7393270134925842,0.03471451997756958,0.0066721439361572266
"Learned (U-Net), Full",0.7164015173912048,0.06204211711883545,0.024872303009033203
"Learned (U-Net), Full",0.6571097075939178,0.07093513011932373,0.03600955009460449
"Learned (U-Net), Full",0.7183473706245422,0.12345504760742188,0.06309819221496582
"Learned (U-Net), Full",0.718959629535675,0.1371505856513977,0.17878186702728271
"Learned (U-Net), Full",0.7296755909919739,0.13795316219329834,0.214776873588562
"Learned (U-Net), Full",0.6729509830474854,0.044199466705322266,0.12511229515075684
"Learned (U-Net), Full",0.7594556212425232,0.08737355470657349,0.12924396991729736
"Learned (U-Net), Full",0.6868261098861694,0.012032151222229004,0.10163021087646484
"Learned (U-Net), Full",0.7252712249755859,0.058945298194885254,0.1492859125137329
"Learned (U-Net), Full",0.7127613425254822,0.12492793798446655,0.05829775333404541
"Learned (U-Net), Full",0.7109152674674988,0.1306830644607544,0.07404088973999023
"Learned (U-Net), Full",0.6746294796466827,0.06014043092727661,0.13711655139923096
"Learned (U-Net), Full",0.6421771049499512,0.06360071897506714,0.20501255989074707
"Learned (U-Net), Full",0.7411598265171051,0.154657781124115,0.29970061779022217
"Learned (U-Net), Full",0.7266797721385956,0.09785550832748413,0.42207014560699463
"Learned (U-Net), Full",0.7358407974243164,0.03509783744812012,0.19931232929229736
"Learned (U-Net), Full",0.732559323310852,0.3369494676589966,0.6139562129974365
"Learned (U-Net), Full",0.6433737277984619,0.0874294638633728,0.051634907722473145
"Learned (U-Net), Full",0.6814941763877869,0.05883902311325073,0.2776210308074951
"Learned (U-Net), Full",0.6769871711730957,0.08819985389709473,0.015059709548950195
"Learned (U-Net), Full",0.692879855632782,0.06875848770141602,0.04320085048675537
"Learned (U-Net), Full",0.7701832950115204,0.14700675010681152,0.3921091556549072
"Learned (U-Net), Full",0.7334541380405426,0.04683983325958252,0.3550393581390381
"Learned (U-Net), Full",0.7004516422748566,0.04731839895248413,0.08338916301727295
"Learned (U-Net), Full",0.6647552847862244,0.06272947788238525,0.1787433624267578
"Learned (U-Net), Full",0.73484206199646,0.14479374885559082,0.35861635208129883
"Learned (U-Net), Full",0.6645854711532593,0.06334245204925537,0.052271485328674316
"Learned (U-Net), Full",0.6681091785430908,0.11181008815765381,0.21185898780822754
"Learned (U-Net), Full",0.70413538813591,0.052602946758270264,0.15795516967773438
"Learned (U-Net), Full",0.7133835256099701,0.1277759075164795,0.38288700580596924
"Learned (U-Net), Full",0.6810941398143768,0.19681161642074585,0.045783281326293945
"Learned (U-Net), Full",0.7122503519058228,0.12872982025146484,0.2223961353302002
"Learned (U-Net), Full",0.662754237651825,0.06315052509307861,0.023206710815429688
"Learned (U-Net), Full",0.7092258036136627,0.036008238792419434,0.057878732681274414
"Learned (U-Net), Full",0.7186508774757385,0.04359126091003418,0.055600881576538086
"Learned (U-Net), Full",0.6588366031646729,0.05188971757888794,0.0005092620849609375
"Learned (U-Net), Full",0.7011086046695709,0.08481919765472412,0.1062769889831543
"Learned (U-Net), Full",0.7044692933559418,0.04715186357498169,0.19484949111938477
"Learned (U-Net), Full",0.738961935043335,0.096160888671875,0.06205177307128906
"Learned (U-Net), Full",0.694929301738739,0.06939667463302612,0.13388514518737793
"Learned (U-Net), Full",0.6975966989994049,0.06897377967834473,0.11848926544189453
"Learned (U-Net), Full",0.7161989808082581,0.06801068782806396,0.13638901710510254
"Learned (U-Net), Full",0.7651354968547821,0.12210506200790405,0.2420588731765747
"Learned (U-Net), Full",0.7303723990917206,0.02656024694442749,0.0007294416427612305
"Learned (U-Net), Full",0.7520748376846313,0.12631243467330933,0.24926960468292236
"Learned (U-Net), Full",0.7468964457511902,0.1389293074607849,0.11540651321411133
"Learned (U-Net), Full",0.7938218414783478,0.1406044363975525,0.18436217308044434
"Learned (U-Net), Full",0.7708172798156738,0.05405735969543457,0.09137105941772461
"Learned (U-Net), Full",0.7326976358890533,0.06141257286071777,0.09204459190368652
"Learned (U-Net), Full",0.7884765565395355,0.11558407545089722,0.07740998268127441
"Learned (U-Net), Full",0.7196064889431,0.11640793085098267,0.12181973457336426
"Learned (U-Net), Full",0.7253642976284027,0.09561598300933838,0.16737008094787598
"Learned (U-Net), Full",0.7538412809371948,0.11674350500106812,0.1931765079498291
"Learned (U-Net), Full",0.7332444787025452,0.06775331497192383,0.08973121643066406
"Learned (U-Net), Full",0.7463113069534302,0.14817023277282715,0.17567670345306396
"Learned (U-Net), Full",0.7425139844417572,0.0914534330368042,0.019337892532348633
"Learned (U-Net), Full",0.7775419056415558,0.11067521572113037,0.14883911609649658
"Learned (U-Net), Full",0.7417876124382019,0.10753488540649414,0.09481191635131836
"Learned (U-Net), Full",0.7728586196899414,0.09058243036270142,0.03559756278991699
"Learned (U-Net), Full",0.73926842212677,0.14029324054718018,0.1327420473098755
"Learned (U-Net), Full",0.7292787134647369,0.08862358331680298,0.011919260025024414
"Learned (U-Net), Full",0.7392509579658508,0.22192317247390747,0.06502258777618408
"Learned (U-Net), Full",0.7645388841629028,0.07724666595458984,0.04978024959564209
"Learned (U-Net), Full",0.774856686592102,0.1554216742515564,0.06580948829650879
"Learned (U-Net), Full",0.714723527431488,0.1380070447921753,0.057399868965148926
"Learned (U-Net), Full",0.8049400150775909,0.13119792938232422,0.05306410789489746
"Learned (U-Net), Full",0.7706308662891388,0.017824292182922363,0.18634891510009766
"Learned (U-Net), Full",0.7753372490406036,0.03008824586868286,0.10227811336517334
"Learned (U-Net), Full",0.7081236839294434,0.14672505855560303,0.16699206829071045
"Learned (U-Net), Full",0.8005505800247192,0.08205682039260864,0.3017113208770752
"Learned (U-Net), Full",0.7318426370620728,0.058508992195129395,0.047135353088378906
"Learned (U-Net), Full",0.7332810759544373,0.10527080297470093,0.06701695919036865
"Learned (U-Net), Full",0.796222597360611,0.12005460262298584,0.32683253288269043
"Learned (U-Net), Full",0.7623871564865112,0.04957103729248047,0.19325768947601318
"Learned (U-Net), Full",0.7696281969547272,0.1692224144935608,0.07547736167907715
"Learned (U-Net), Full",0.7542624473571777,0.056449055671691895,0.10922789573669434
"Learned (U-Net), Full",0.7440329790115356,0.15505194664001465,0.023370742797851562
"Learned (U-Net), Full",0.735296219587326,0.13549214601516724,0.062386274337768555
"Learned (U-Net), Full",0.7669642269611359,0.05138993263244629,0.00968015193939209
"Learned (U-Net), Full",0.7817501425743103,0.051467180252075195,0.275970458984375
"Learned (U-Net), Full",0.7715228796005249,0.07674998044967651,0.32766592502593994
"Learned (U-Net), Full",0.7710068225860596,0.09015160799026489,0.10897338390350342
"Learned (U-Net), Full",0.7594575881958008,0.08024764060974121,0.2353208065032959
"Learned (U-Net), Full",0.7634223699569702,0.1277666687965393,0.0876626968383789
"Learned (U-Net), Full",0.7105718553066254,0.16362446546554565,0.07422864437103271
"Learned (U-Net), Full",0.7739351093769073,0.04481083154678345,0.236039400100708
"Learned (U-Net), Full",0.7849270701408386,0.08138281106948853,0.09913146495819092
"Learned (U-Net), Full",0.7608673274517059,0.1344383955001831,0.3281862735748291
"Learned (U-Net), Full",0.7282294034957886,0.10992592573165894,0.17302870750427246
"Learned (U-Net), Full",0.7794879972934723,0.14351075887680054,0.24837803840637207
"Learned (U-Net), Full",0.7709764838218689,0.0865442156791687,0.21173644065856934
"Learned (U-Net), Full",0.747830867767334,0.05729341506958008,0.10567212104797363
"Learned (U-Net), Full",0.7444930672645569,0.15607017278671265,0.1259760856628418
"Learned (U-Net), Full",0.7381833791732788,0.1892208456993103,0.45688092708587646
"Learned (U-Net), Full",0.7145205140113831,0.06302201747894287,0.23787975311279297
"Learned (U-Net), Full",0.7187212407588959,0.09723466634750366,0.14350175857543945
"Learned (U-Net), Full",0.7786935567855835,0.07606351375579834,0.0037741661071777344
"Learned (U-Net), Full",0.7626943290233612,0.08398759365081787,0.24325776100158691
"Learned (U-Net), Full",0.7450225055217743,0.11562323570251465,0.18343281745910645
"Learned (U-Net), Full",0.7696959376335144,0.049535512924194336,0.16302406787872314
"Learned (U-Net), Full",0.7417206466197968,0.12367892265319824,0.26698875427246094
"Learned (U-Net), Full",0.7156231999397278,0.14994513988494873,0.24192571640014648
"Learned (U-Net), Full",0.5377569198608398,0.04238998889923096,0.04425537586212158
"Learned (U-Net), Full",0.5342967510223389,0.19047456979751587,0.32828187942504883
"Learned (U-Net), Full",0.4932270348072052,0.04169166088104248,0.08834028244018555
"Learned (U-Net), Full",0.519788920879364,0.027963876724243164,0.03977799415588379
"Learned (U-Net), Full",0.5293704867362976,0.040319621562957764,0.06306838989257812
"Learned (U-Net), Full",0.5690777003765106,0.14455413818359375,0.24523401260375977
"Learned (U-Net), Full",0.5330523252487183,0.06437724828720093,0.030004024505615234
"Learned (U-Net), Full",0.5470654368400574,0.06819915771484375,0.0850825309753418
"Learned (U-Net), Full",0.5232089757919312,0.033577144145965576,0.035687923431396484
"Learned (U-Net), Full",0.4918673038482666,0.09573674201965332,0.05009746551513672
"Learned (U-Net), Full",0.5243790745735168,0.08549124002456665,0.09821891784667969
"Learned (U-Net), Full",0.5368334650993347,0.07044005393981934,0.09700942039489746
"Learned (U-Net), Full",0.5202974081039429,0.16441166400909424,0.1501929759979248
"Learned (U-Net), Full",0.5523250699043274,0.1317107081413269,0.18281006813049316
"Learned (U-Net), Full",0.5324985831975937,0.12772172689437866,0.17138361930847168
"Learned (U-Net), Full",0.6039167046546936,0.18670225143432617,0.293476939201355
"Learned (U-Net), Full",0.5345341563224792,0.04033476114273071,0.20558762550354004
"Learned (U-Net), Full",0.5310291945934296,0.01726609468460083,0.11095702648162842
"Learned (U-Net), Full",0.5196088403463364,0.05585592985153198,0.0656883716583252
"Learned (U-Net), Full",0.5127038657665253,0.02655327320098877,0.08177685737609863
"Learned (U-Net), Full",0.5759146809577942,0.14871466159820557,0.24038374423980713
"Learned (U-Net), Full",0.49042677879333496,0.02434098720550537,0.040389060974121094
"Learned (U-Net), Full",0.5582235753536224,0.08353585004806519,0.1581488847732544
"Learned (U-Net), Full",0.5330982208251953,0.06523782014846802,0.09365320205688477
"Learned (U-Net), Full",0.5187555253505707,0.08134239912033081,0.051200270652770996
"Learned (U-Net), Full",0.6344472765922546,0.26182788610458374,0.45093321800231934
"Learned (U-Net), Full",0.5444149672985077,0.052076756954193115,0.07318556308746338
"Learned (U-Net), Full",0.5211942791938782,0.01634812355041504,0.003033161163330078
"Learned (U-Net), Full",0.522227019071579,0.05233108997344971,0.04958176612854004
"Learned (U-Net), Full",0.5535367429256439,0.059441208839416504,0.11581766605377197
"Learned (U-Net), Full",0.5431161820888519,0.050242841243743896,0.15891635417938232
"Learned (U-Net), Full",0.5097504556179047,0.08328819274902344,0.1457045078277588
"Learned (U-Net), Full",0.5541257560253143,0.08273148536682129,0.17074322700500488
"Learned (U-Net), Full",0.5857657194137573,0.22049051523208618,0.3782951831817627
"Learned (U-Net), Full",0.5399792790412903,0.120059072971344,0.31377387046813965
"Learned (U-Net), Full",0.5278676748275757,0.10384279489517212,0.29984617233276367
"Learned (U-Net), Full",0.5092345178127289,0.050935447216033936,0.1441359519958496
"Learned (U-Net), Full",0.5606884360313416,0.19137084484100342,0.5589598417282104
"Learned (U-Net), Full",0.5328913629055023,0.07739770412445068,0.17894232273101807
"Learned (U-Net), Full",0.49709269404411316,0.007861793041229248,0.017742395401000977
"Learned (U-Net), Full",0.5513012707233429,0.11571204662322998,0.3915751576423645
"Learned (U-Net), Full",0.5189816653728485,0.02997887134552002,0.06063485145568848
"Learned (U-Net), Full",0.5614292919635773,0.14125430583953857,0.4335052967071533
"Learned (U-Net), Full",0.5635287761688232,0.034688472747802734,0.1619776487350464
"Learned (U-Net), Full",0.5164736658334732,0.024623394012451172,0.1210252046585083
"Learned (U-Net), Full",0.5064965486526489,0.03920626640319824,0.0041730403900146484
"Learned (U-Net), Full",0.5176137238740921,0.07360732555389404,0.10871124267578125
"Learned (U-Net), Full",0.5566792190074921,0.0503840446472168,0.011850833892822266
"Learned (U-Net), Full",0.5412851870059967,0.004163980484008789,0.08196640014648438
"Learned (U-Net), Full",0.5059136599302292,0.06928098201751709,0.0507962703704834
"Learned (U-Net), Full",0.512680172920227,0.0632738471031189,0.11941885948181152
"Learned (U-Net), Full",0.4996900409460068,0.06685799360275269,0.041692137718200684
"Learned (U-Net), Full",0.5262279063463211,0.11917871236801147,0.10767579078674316
"Learned (U-Net), Full",0.5521617531776428,0.018137574195861816,0.08726978302001953
"Learned (U-Net), Full",0.5501974821090698,0.08788985013961792,0.12947285175323486
"Learned (U-Net), Full",0.511444553732872,0.045599937438964844,0.08734679222106934
"Learned (U-Net), Full",0.5285079181194305,0.06204879283905029,0.034607887268066406
"Learned (U-Net), Full",0.5579128861427307,0.05473482608795166,0.062409162521362305
"Learned (U-Net), Full",0.5112621039152145,0.08305764198303223,0.16383147239685059
"Learned (U-Net), Full",0.5583735108375549,0.10255473852157593,0.10044384002685547
"Learned (U-Net), Full",1.6054226160049438,0.4564332962036133,0.8888845443725586
"Learned (U-Net), Full",1.6287033557891846,0.26403868198394775,0.339780330657959
"Learned (U-Net), Full",1.7560547590255737,0.26041412353515625,0.42683935165405273
"Learned (U-Net), Full",1.6132802367210388,0.5572816133499146,0.9550807476043701
"Learned (U-Net), Full",1.6595973372459412,0.4199244976043701,0.6694269180297852
"Learned (U-Net), Full",1.6889442801475525,0.30967652797698975,0.46537089347839355
"Learned (U-Net), Full",1.6428285837173462,0.5406330823898315,0.8259737491607666
"Learned (U-Net), Full",1.655277967453003,0.3454166650772095,0.44318413734436035
"Learned (U-Net), Full",1.7179632782936096,0.33145833015441895,0.6575376987457275
"Learned (U-Net), Full",1.6471434235572815,0.48857343196868896,0.5253643989562988
"Learned (U-Net), Full",1.680999517440796,0.40269744396209717,0.6429789066314697
"Learned (U-Net), Full",1.7202109098434448,0.4142338037490845,0.5593762397766113
"Learned (U-Net), Full",1.6839083433151245,0.24106967449188232,0.12407875061035156
"Learned (U-Net), Full",1.6975972056388855,0.6482880115509033,0.8035740852355957
"Learned (U-Net), Full",1.7128682136535645,0.4774209260940552,0.6298305988311768
"Learned (U-Net), Full",1.6324766874313354,0.19810354709625244,0.07297515869140625
"Learned (U-Net), Full",1.6631897687911987,0.3011583089828491,0.23498988151550293
"Learned (U-Net), Full",1.6662877798080444,0.3463170528411865,0.03850555419921875
"Learned (U-Net), Full",1.7091492414474487,0.43979334831237793,0.49052882194519043
"Learned (U-Net), Full",1.5879464149475098,0.47075629234313965,0.45156192779541016
"Learned (U-Net), Full",1.681151807308197,0.17798030376434326,0.13627147674560547
"Learned (U-Net), Full",1.7277197241783142,0.26921677589416504,0.12169623374938965
"Learned (U-Net), Full",1.6842595338821411,0.18596339225769043,0.10728096961975098
"Learned (U-Net), Full",1.6330412030220032,0.505132794380188,0.6985962390899658
"Learned (U-Net), Full",1.6542709469795227,0.3073151111602783,0.3032801151275635
"Learned (U-Net), Full",1.6809842586517334,0.16891515254974365,0.27208495140075684
"Learned (U-Net), Full",1.6676459312438965,0.6910754442214966,0.6852736473083496
"Learned (U-Net), Full",1.6726254224777222,0.5746325850486755,0.640693187713623
"Learned (U-Net), Full",1.5365209579467773,0.5856108665466309,0.6408917903900146
"Learned (U-Net), Full",1.6212044954299927,0.4626007080078125,0.308976411819458
"Learned (U-Net), Full",1.6277601718902588,0.36056578159332275,0.14324069023132324
"Learned (U-Net), Full",1.6054115295410156,0.5757830142974854,0.28940796852111816
"Learned (U-Net), Full",1.6947790384292603,0.5133285522460938,0.18468046188354492
"Learned (U-Net), Full",1.6650338172912598,0.23502719402313232,0.18034863471984863
"Learned (U-Net), Full",1.6060093641281128,0.5661910176277161,0.06237459182739258
"Learned (U-Net), Full",1.8379069566726685,0.24744796752929688,0.2636992931365967
"Learned (U-Net), Full",1.7270119190216064,0.4451562166213989,0.23250269889831543
"Learned (U-Net), Full",1.6665164828300476,0.5094759464263916,0.09775233268737793
"Learned (U-Net), Full",1.6893277168273926,0.05792665481567383,0.2570633888244629
"Learned (U-Net), Full",1.698341429233551,0.2533457279205322,0.0012280941009521484
"Learned (U-Net), Full",1.673936367034912,0.5250517129898071,0.16150116920471191
"Learned (U-Net), Full",1.7709985971450806,0.3446030616760254,0.027005672454833984
"Learned (U-Net), Full",1.5790209770202637,0.3726588487625122,0.0600588321685791
"Learned (U-Net), Full",1.658696711063385,0.360065221786499,0.023687362670898438
"Learned (U-Net), Full",1.6611726880073547,0.5132951736450195,0.16234779357910156
"Learned (U-Net), Full",1.780742585659027,0.19359779357910156,0.3246135711669922
"Learned (U-Net), Full",1.6273993253707886,0.26433098316192627,0.34596872329711914
"Learned (U-Net), Full",1.668771743774414,0.5677483081817627,1.1025872230529785
"Learned (U-Net), Full",1.71262788772583,0.3698617219924927,0.7787144184112549
"Learned (U-Net), Full",1.7594059705734253,0.21894443035125732,0.635183572769165
"Learned (U-Net), Full",1.612625539302826,0.5369642972946167,1.0535697937011719
"Learned (U-Net), Full",1.5907566547393799,0.3886457681655884,0.6734702587127686
"Learned (U-Net), Full",1.8141624331474304,0.4597816467285156,0.8046469688415527
"Learned (U-Net), Full",1.663230836391449,0.4399064779281616,0.8647639751434326
"Learned (U-Net), Full",1.6475567817687988,0.2701578140258789,0.5410857200622559
"Learned (U-Net), Full",1.7557294368743896,0.2771415710449219,0.6656718254089355
"Learned (U-Net), Full",1.6949093341827393,0.3502868413925171,0.7524909973144531
"Learned (U-Net), Full",1.573545515537262,0.31869232654571533,0.6669552326202393
"Learned (U-Net), Full",1.68941068649292,0.3957648277282715,0.7182800769805908
"Learned (U-Net), Full",1.6403474807739258,0.4245508909225464,0.7296850681304932
"Learned (U-Net), Full",1.251603901386261,0.04277527332305908,0.05598783493041992
"Learned (U-Net), Full",1.2153873443603516,0.1645047664642334,0.18717694282531738
"Learned (U-Net), Full",1.2532984018325806,0.030102849006652832,0.15690994262695312
"Learned (U-Net), Full",1.2549399733543396,0.26624345779418945,0.14284801483154297
"Learned (U-Net), Full",1.1925971508026123,0.11832225322723389,0.1992354393005371
"Learned (U-Net), Full",1.29421865940094,0.1341918706893921,0.03824806213378906
"Learned (U-Net), Full",1.2994470000267029,0.05566287040710449,0.16129684448242188
"Learned (U-Net), Full",1.221367359161377,0.21850848197937012,0.2634925842285156
"Learned (U-Net), Full",1.2670884132385254,0.09558141231536865,0.1404123306274414
"Learned (U-Net), Full",1.1975553631782532,0.09088194370269775,0.08327889442443848
"Learned (U-Net), Full",1.281317949295044,0.11023962497711182,0.13643145561218262
"Learned (U-Net), Full",1.2062736749649048,0.053786277770996094,0.08762955665588379
"Learned (U-Net), Full",1.2097733616828918,0.1194770336151123,0.1238565444946289
"Learned (U-Net), Full",1.2480013966560364,0.08322501182556152,0.037000179290771484
"Learned (U-Net), Full",1.2439798712730408,0.1587991714477539,0.06707620620727539
"Learned (U-Net), Full",1.2905330657958984,0.30966246128082275,0.19345593452453613
"Learned (U-Net), Full",1.11683851480484,0.19336402416229248,0.2476942539215088
"Learned (U-Net), Full",1.1888198852539062,0.07965826988220215,0.1453554630279541
"Learned (U-Net), Full",1.2909797430038452,0.012530684471130371,0.08681678771972656
"Learned (U-Net), Full",1.3095927238464355,0.06394612789154053,0.38005638122558594
"Learned (U-Net), Full",1.240148901939392,0.07924127578735352,0.2505495548248291
"Learned (U-Net), Full",1.1887065768241882,0.0597844123840332,0.006424665451049805
"Learned (U-Net), Full",1.3498098850250244,0.2538372278213501,0.2806992530822754
"Learned (U-Net), Full",1.2717329859733582,0.16990315914154053,0.075225830078125
"Learned (U-Net), Full",1.1922762989997864,0.08097279071807861,0.04741239547729492
"Learned (U-Net), Full",1.3090533018112183,0.16215598583221436,0.22657251358032227
"Learned (U-Net), Full",1.1853363513946533,0.2048490047454834,0.4778289794921875
"Learned (U-Net), Full",1.2763314247131348,0.12006092071533203,0.14085745811462402
"Learned (U-Net), Full",1.1599887609481812,0.18169403076171875,0.11301755905151367
"Learned (U-Net), Full",1.2631847262382507,0.037778258323669434,0.2565736770629883
"Learned (U-Net), Full",1.2722318172454834,0.13515007495880127,0.6339890956878662
"Learned (U-Net), Full",1.3263724446296692,0.2483384609222412,0.4974508285522461
"Learned (U-Net), Full",1.182702898979187,0.16315126419067383,0.02550649642944336
"Learned (U-Net), Full",1.2584691643714905,0.23439741134643555,0.10363602638244629
"Learned (U-Net), Full",1.2497113347053528,0.08850061893463135,0.49437999725341797
"Learned (U-Net), Full",1.19187593460083,0.11699509620666504,0.057975053787231445
"Learned (U-Net), Full",1.298737645149231,0.2740471363067627,0.7773251533508301
"Learned (U-Net), Full",1.2662718296051025,0.16842937469482422,0.5272583961486816
"Learned (U-Net), Full",1.1941599249839783,0.05630898475646973,0.3452785015106201
"Learned (U-Net), Full",1.2208532691001892,0.14729022979736328,0.4625682830810547
"Learned (U-Net), Full",1.3115277290344238,0.2424318790435791,0.7129430770874023
"Learned (U-Net), Full",1.3087077736854553,0.10389864444732666,0.5503973960876465
"Learned (U-Net), Full",1.2317424416542053,0.29039430618286133,0.298842191696167
"Learned (U-Net), Full",1.2615309953689575,0.20365554094314575,0.11342573165893555
"Learned (U-Net), Full",1.144085168838501,0.11023223400115967,0.17225003242492676
"Learned (U-Net), Full",1.2743221521377563,0.13313031196594238,0.14511394500732422
"Learned (U-Net), Full",1.2831975221633911,0.2056177854537964,0.11371564865112305
"Learned (U-Net), Full",1.2642643451690674,0.140358567237854,0.09404659271240234
"Learned (U-Net), Full",1.275389850139618,0.05606091022491455,0.15789222717285156
"Learned (U-Net), Full",1.190809190273285,0.05846667289733887,0.1368541717529297
"Learned (U-Net), Full",1.2622594833374023,0.10886609554290771,0.0667104721069336
"Learned (U-Net), Full",1.1442202925682068,0.11397409439086914,0.30142784118652344
"Learned (U-Net), Full",1.260287582874298,0.0992882251739502,0.062235355377197266
"Learned (U-Net), Full",1.1973019242286682,0.15073144435882568,0.17548704147338867
"Learned (U-Net), Full",1.2274752259254456,0.17839014530181885,0.10330820083618164
"Learned (U-Net), Full",1.2505767941474915,0.31383073329925537,0.29448509216308594
"Learned (U-Net), Full",1.321833610534668,0.06243002414703369,0.15797710418701172
"Learned (U-Net), Full",1.222322940826416,0.1259216070175171,0.24306058883666992
"Learned (U-Net), Full",1.1954354047775269,0.1793222427368164,0.0018110275268554688
"Learned (U-Net), Full",1.2492765188217163,0.27429699897766113,0.16361761093139648
"Learned (U-Net), Full",1.3733270168304443,0.22693824768066406,0.36983680725097656
"Learned (U-Net), Full",1.3930108547210693,0.321056604385376,0.44951534271240234
"Learned (U-Net), Full",1.3592613339424133,0.11174881458282471,0.025605201721191406
"Learned (U-Net), Full",1.3367931842803955,0.1893784999847412,0.26441478729248047
"Learned (U-Net), Full",1.324080765247345,0.33637869358062744,0.44470810890197754
"Learned (U-Net), Full",1.319324254989624,0.2391582727432251,0.28902363777160645
"Learned (U-Net), Full",1.318281650543213,0.1320962905883789,0.3810405731201172
"Learned (U-Net), Full",1.3259982466697693,0.1523609161376953,0.17766356468200684
"Learned (U-Net), Full",1.356470763683319,0.24562013149261475,0.17684173583984375
"Learned (U-Net), Full",1.2584071159362793,0.2355058193206787,0.38515329360961914
"Learned (U-Net), Full",1.3548232913017273,0.14993619918823242,0.12993431091308594
"Learned (U-Net), Full",1.4251327514648438,0.18309342861175537,0.3129923343658447
"Learned (U-Net), Full",1.348963975906372,0.21860945224761963,0.3279380798339844
"Learned (U-Net), Full",1.3254286646842957,0.15462017059326172,0.045819759368896484
"Learned (U-Net), Full",1.3015431761741638,0.21583616733551025,0.33089351654052734
"Learned (U-Net), Full",1.3789703845977783,0.155906081199646,0.0006773471832275391
"Learned (U-Net), Full",1.3702497482299805,0.21467804908752441,0.3178122043609619
"Learned (U-Net), Full",1.3555901646614075,0.20777678489685059,0.2111191749572754
"Learned (U-Net), Full",1.3244538307189941,0.1819922924041748,0.3768148422241211
"Learned (U-Net), Full",1.3906725645065308,0.1261882781982422,0.2272324562072754
"Learned (U-Net), Full",1.327013075351715,0.30287230014801025,0.40523672103881836
"Learned (U-Net), Full",1.3375840187072754,0.15931010246276855,0.09629535675048828
"Learned (U-Net), Full",1.3935511708259583,0.2987864017486572,0.30902671813964844
"Learned (U-Net), Full",1.3084971904754639,0.19721853733062744,0.3587076663970947
"Learned (U-Net), Full",1.4248203039169312,0.25064146518707275,0.2213590145111084
"Learned (U-Net), Full",1.404514729976654,0.0008766651153564453,0.1224815845489502
"Learned (U-Net), Full",1.3928906917572021,0.04039573669433594,0.03900551795959473
"Learned (U-Net), Full",1.423307180404663,0.016551494598388672,0.0026886463165283203
"Learned (U-Net), Full",1.402691125869751,0.25609564781188965,0.02936387062072754
"Learned (U-Net), Full",1.3338727951049805,0.13475525379180908,0.061226844787597656
"Learned (U-Net), Full",1.3255754709243774,0.2554234266281128,0.04989767074584961
"Learned (U-Net), Full",1.4467206597328186,0.32761454582214355,0.26828789710998535
"Learned (U-Net), Full",1.338729977607727,0.18177902698516846,0.016240358352661133
"Learned (U-Net), Full",1.3581916093826294,0.16086232662200928,0.03156256675720215
"Learned (U-Net), Full",1.337500810623169,0.05882728099822998,0.24686646461486816
"Learned (U-Net), Full",1.3440732955932617,0.2837332487106323,0.014407873153686523
"Learned (U-Net), Full",1.4096727967262268,0.18989694118499756,0.015908241271972656
"Learned (U-Net), Full",1.3741874694824219,0.03792381286621094,0.42029476165771484
"Learned (U-Net), Full",1.36552894115448,0.22826707363128662,0.07566118240356445
"Learned (U-Net), Full",1.3021461963653564,0.287333607673645,0.16074538230895996
"Learned (U-Net), Full",1.4315738677978516,0.0981224775314331,0.25875353813171387
"Learned (U-Net), Full",1.3046311736106873,0.21985077857971191,0.12857413291931152
"Learned (U-Net), Full",1.2379287481307983,0.13087964057922363,0.10329318046569824
"Learned (U-Net), Full",1.2736377120018005,0.2948354482650757,0.5051262378692627
"Learned (U-Net), Full",1.328689455986023,0.1854236125946045,0.09858202934265137
"Learned (U-Net), Full",1.2799472212791443,0.31733691692352295,0.4583730697631836
"Learned (U-Net), Full",1.285906195640564,0.3194422721862793,0.6401598453521729
"Learned (U-Net), Full",1.3752654194831848,0.10703229904174805,0.2461380958557129
"Learned (U-Net), Full",1.4039350152015686,0.07910919189453125,0.23382568359375
"Learned (U-Net), Full",1.277735948562622,0.1716984510421753,0.37202906608581543
"Learned (U-Net), Full",1.3517025709152222,0.10761368274688721,0.08198928833007812
"Learned (U-Net), Full",1.4204135537147522,0.0998849868774414,0.15618896484375
"Learned (U-Net), Full",1.3558741807937622,0.20123982429504395,0.4031813144683838
"Learned (U-Net), Full",1.3769806623458862,0.13798487186431885,0.5617384910583496
"Learned (U-Net), Full",1.3238176703453064,0.07326555252075195,0.10561466217041016
"Learned (U-Net), Full",1.3728255033493042,0.26453399658203125,0.48068952560424805
"Learned (U-Net), Full",1.4754951000213623,0.021572589874267578,0.15609264373779297
"Learned (U-Net), Full",1.4201988577842712,0.15780866146087646,0.2409658432006836
"Learned (U-Net), Full",1.3029968738555908,0.3158848285675049,0.5108823776245117
"Learned (U-Net), Full",1.3667702674865723,0.2168189287185669,0.3041963577270508
"Learned (U-Net), Full",0.7549497783184052,0.040194153785705566,0.13968372344970703
"Learned (U-Net), Full",0.7992182374000549,0.061072707176208496,0.010673284530639648
"Learned (U-Net), Full",0.8523025810718536,0.10013389587402344,0.16582274436950684
"Learned (U-Net), Full",0.8003563284873962,0.08240854740142822,0.07744646072387695
"Learned (U-Net), Full",0.8963734805583954,0.24644529819488525,0.19427824020385742
"Learned (U-Net), Full",0.8383016884326935,0.148689866065979,0.0334925651550293
"Learned (U-Net), Full",0.7984075546264648,0.09075272083282471,0.20307254791259766
"Learned (U-Net), Full",0.8064687252044678,0.06736409664154053,0.11524057388305664
"Learned (U-Net), Full",0.9414554834365845,0.1875087022781372,0.22666454315185547
"Learned (U-Net), Full",0.7990276217460632,0.13343572616577148,0.2420978546142578
"Learned (U-Net), Full",0.8137631714344025,0.08440566062927246,0.025841474533081055
"Learned (U-Net), Full",0.8619961142539978,0.12315261363983154,0.2592787742614746
"Learned (U-Net), Full",0.8412636518478394,0.041777849197387695,0.04892396926879883
"Learned (U-Net), Full",0.8136085271835327,0.11015927791595459,0.25249338150024414
"Learned (U-Net), Full",0.8267697691917419,0.053997159004211426,0.08215713500976562
"Learned (U-Net), Full",0.8255257308483124,0.150945782661438,0.1686244010925293
"Learned (U-Net), Full",0.9278182983398438,0.12722790241241455,0.15025758743286133
"Learned (U-Net), Full",0.8735403716564178,0.08894050121307373,0.09694147109985352
"Learned (U-Net), Full",0.8045722842216492,0.02574288845062256,0.009160518646240234
"Learned (U-Net), Full",0.9002164602279663,0.0979924201965332,0.20356416702270508
"Learned (U-Net), Full",0.7546431720256805,0.11912500858306885,0.2962939739227295
"Learned (U-Net), Full",0.8765950202941895,0.15304994583129883,0.4174172878265381
"Learned (U-Net), Full",0.8205484747886658,0.13241028785705566,0.16566848754882812
"Learned (U-Net), Full",0.8418506383895874,0.08333468437194824,0.05717277526855469
"Learned (U-Net), Full",0.8114016652107239,0.05312514305114746,0.27602338790893555
"Learned (U-Net), Full",0.8244268000125885,0.10210490226745605,0.3006598949432373
"Learned (U-Net), Full",0.800250232219696,0.058951377868652344,0.08914422988891602
"Learned (U-Net), Full",0.7744529247283936,0.025911331176757812,0.03962111473083496
"Learned (U-Net), Full",0.8331449627876282,0.01993429660797119,0.06295466423034668
"Learned (U-Net), Full",0.8286227583885193,0.17362761497497559,0.18952703475952148
"Learned (U-Net), Full",0.8556301593780518,0.13289308547973633,0.1855778694152832
"Learned (U-Net), Full",0.8540261387825012,0.20817947387695312,0.313352108001709
"Learned (U-Net), Full",0.8504546880722046,0.055962443351745605,0.1983201503753662
"Learned (U-Net), Full",0.7990582585334778,0.0793769359588623,0.14671635627746582
"Learned (U-Net), Full",0.756650447845459,0.03698599338531494,0.14888286590576172
"Learned (U-Net), Full",0.7840605974197388,0.08035540580749512,0.237701416015625
"Learned (U-Net), Full",0.8393979668617249,0.150679349899292,0.23208069801330566
"Learned (U-Net), Full",0.8380561769008636,0.09027433395385742,0.3055696487426758
"Learned (U-Net), Full",0.8484232723712921,0.11808395385742188,0.22466707229614258
"Learned (U-Net), Full",0.8034343421459198,0.3565528392791748,0.5057845115661621
"Learned (U-Net), Full",0.8832686543464661,0.16094505786895752,0.32045412063598633
"Learned (U-Net), Full",0.7645403146743774,0.036524057388305664,0.04776811599731445
"Learned (U-Net), Full",0.8875405788421631,0.03252434730529785,0.20993471145629883
"Learned (U-Net), Full",0.7902997136116028,0.0724719762802124,0.09892797470092773
"Learned (U-Net), Full",0.8535981476306915,0.04549980163574219,0.20158171653747559
"Learned (U-Net), Full",0.8643430471420288,0.055175185203552246,0.16029977798461914
"Learned (U-Net), Full",0.850069135427475,0.08494174480438232,0.01387929916381836
"Learned (U-Net), Full",0.8448756337165833,0.09350192546844482,0.16083097457885742
"Learned (U-Net), Full",0.7637743353843689,0.15091753005981445,0.19193077087402344
"Learned (U-Net), Full",0.7716220915317535,0.0913618803024292,0.15050649642944336
"Learned (U-Net), Full",0.8748674988746643,0.037053465843200684,0.056542396545410156
"Learned (U-Net), Full",0.8602693676948547,0.17096567153930664,0.32202959060668945
"Learned (U-Net), Full",0.792587399482727,0.10090947151184082,0.12620759010314941
"Learned (U-Net), Full",0.7825140953063965,0.173689603805542,0.25616025924682617
"Learned (U-Net), Full",0.7598438858985901,0.11043226718902588,0.037114620208740234
"Learned (U-Net), Full",0.8085086047649384,0.07154500484466553,0.11469602584838867
"Learned (U-Net), Full",0.8316747546195984,0.156183123588562,0.15406513214111328
"Learned (U-Net), Full",0.8180247843265533,0.1436704397201538,0.12349557876586914
"Learned (U-Net), Full",0.8295711874961853,0.0818486213684082,0.11371850967407227
"Learned (U-Net), Full",0.8312763571739197,0.05076122283935547,0.021196842193603516
"Learned (U-Net), Full",0.9234027862548828,0.232269287109375,0.24764323234558105
"Learned (U-Net), Full",0.8984400033950806,0.24915939569473267,0.42582499980926514
"Learned (U-Net), Full",0.8959549069404602,0.24864351749420166,0.3082923889160156
"Learned (U-Net), Full",0.9024207890033722,0.21216458082199097,0.20561957359313965
"Learned (U-Net), Full",0.8761925995349884,0.33224552869796753,0.4444535970687866
"Learned (U-Net), Full",0.8228669464588165,0.32821398973464966,0.6102304458618164
"Learned (U-Net), Full",0.8594419360160828,0.3577345609664917,0.43335771560668945
"Learned (U-Net), Full",0.9279695749282837,0.37923431396484375,0.5192184448242188
"Learned (U-Net), Full",0.8915263116359711,0.25691354274749756,0.4995924234390259
"Learned (U-Net), Full",0.8626048564910889,0.09348934888839722,0.09584546089172363
"Learned (U-Net), Full",0.9153045415878296,0.15067636966705322,0.299910306930542
"Learned (U-Net), Full",0.853463351726532,0.2941015362739563,0.38315141201019287
"Learned (U-Net), Full",0.909103661775589,0.23667776584625244,0.37889742851257324
"Learned (U-Net), Full",0.9237599968910217,0.23402684926986694,0.12054145336151123
"Learned (U-Net), Full",0.8757111132144928,0.310518741607666,0.577898383140564
"Learned (U-Net), Full",0.8497773110866547,0.19314098358154297,0.21151185035705566
"Learned (U-Net), Full",0.8996788263320923,0.28258031606674194,0.25915420055389404
"Learned (U-Net), Full",0.9190050065517426,0.37173357605934143,0.3933142423629761
"Learned (U-Net), Full",0.8729064762592316,0.2470405101776123,0.18733453750610352
"Learned (U-Net), Full",0.908999115228653,0.2715977430343628,0.28573644161224365
"Learned (U-Net), Full",0.9073531031608582,0.1172594428062439,0.004338383674621582
"Learned (U-Net), Full",0.8067689836025238,0.3086587190628052,0.3076767921447754
"Learned (U-Net), Full",0.9441407322883606,0.3021398186683655,0.2765467166900635
"Learned (U-Net), Full",0.9110278487205505,0.2245485782623291,0.15708696842193604
"Learned (U-Net), Full",0.9445959627628326,0.18119573593139648,0.2296210527420044
"Learned (U-Net), Full",0.9513339102268219,0.17353945970535278,0.10117959976196289
"Learned (U-Net), Full",0.8692698180675507,0.23518741130828857,0.2757648229598999
"Learned (U-Net), Full",0.8937859237194061,0.20227891206741333,0.06875550746917725
"Learned (U-Net), Full",0.8779256045818329,0.37007009983062744,0.4569166898727417
"Learned (U-Net), Full",0.8888401985168457,0.14318996667861938,0.0008491277694702148
"Learned (U-Net), Full",0.9544732868671417,0.10320192575454712,0.18833303451538086
"Learned (U-Net), Full",0.8872031569480896,0.24410396814346313,0.04330730438232422
"Learned (U-Net), Full",0.8469401001930237,0.16503393650054932,0.02818620204925537
"Learned (U-Net), Full",0.8863290846347809,0.26979750394821167,0.1085500717163086
"Learned (U-Net), Full",0.8755693137645721,0.3520350158214569,0.1071481704711914
"Learned (U-Net), Full",0.889409214258194,0.10508519411087036,0.220428466796875
"Learned (U-Net), Full",0.9164038300514221,0.26772093772888184,0.021743059158325195
"Learned (U-Net), Full",0.930963546037674,0.3517566919326782,0.2145146131515503
"Learned (U-Net), Full",0.9279652535915375,0.23755615949630737,0.08600687980651855
"Learned (U-Net), Full",0.8776094317436218,0.2791798710823059,0.12264871597290039
"Learned (U-Net), Full",0.8478781580924988,0.28724390268325806,0.1121053695678711
"Learned (U-Net), Full",0.9240572452545166,0.1593383550643921,0.21004998683929443
"Learned (U-Net), Full",0.902754008769989,0.3485962748527527,0.11345839500427246
"Learned (U-Net), Full",0.8635521233081818,0.2414988875389099,0.10298407077789307
"Learned (U-Net), Full",0.8812616765499115,0.2933199405670166,0.16687262058258057
"Learned (U-Net), Full",0.9453805685043335,0.2249717116355896,0.5023095607757568
"Learned (U-Net), Full",0.8747127950191498,0.13079047203063965,0.2526986598968506
"Learned (U-Net), Full",0.8808146417140961,0.24277091026306152,0.38188958168029785
"Learned (U-Net), Full",0.9064961075782776,0.24624502658843994,0.35458803176879883
"Learned (U-Net), Full",0.869594156742096,0.28107261657714844,0.4797017574310303
"Learned (U-Net), Full",0.8587927222251892,0.2453986406326294,0.5565905570983887
"Learned (U-Net), Full",0.8612515032291412,0.31969988346099854,0.5859667062759399
"Learned (U-Net), Full",0.8926147520542145,0.23003345727920532,0.48552870750427246
"Learned (U-Net), Full",0.8634331524372101,0.30026745796203613,0.4876372814178467
"Learned (U-Net), Full",0.8627919256687164,0.32170265913009644,0.49977409839630127
"Learned (U-Net), Full",0.8924971222877502,0.2882126569747925,0.460036039352417
"Learned (U-Net), Full",0.9185245633125305,0.2562490701675415,0.5587799549102783
"Learned (U-Net), Full",0.9260824024677277,0.2783040404319763,0.42650318145751953
"Learned (U-Net), Full",0.9368914365768433,0.17459124326705933,0.2672770023345947
"Learned (U-Net), Full",0.8304190635681152,0.16807234287261963,0.3116583824157715
"Learned (U-Net), Full",0.6921942234039307,0.1499226689338684,0.22903060913085938
"Learned (U-Net), Full",0.6683568358421326,0.1088019609451294,0.0875253677368164
"Learned (U-Net), Full",0.6832713484764099,0.15122294425964355,0.32971906661987305
"Learned (U-Net), Full",0.6923377811908722,0.0954849123954773,0.18984103202819824
"Learned (U-Net), Full",0.677683025598526,0.16098946332931519,0.2294471263885498
"Learned (U-Net), Full",0.6780277788639069,0.07976526021957397,0.13708996772766113
"Learned (U-Net), Full",0.6884987354278564,0.05744129419326782,0.004409313201904297
"Learned (U-Net), Full",0.6904048919677734,0.07250022888183594,0.08077311515808105
"Learned (U-Net), Full",0.6768282353878021,0.11360359191894531,0.15745115280151367
"Learned (U-Net), Full",0.7059514224529266,0.17778998613357544,0.30591022968292236
"Learned (U-Net), Full",0.7055719494819641,0.16649049520492554,0.1851179599761963
"Learned (U-Net), Full",0.6986767053604126,0.14024770259857178,0.2238677740097046
"Learned (U-Net), Full",0.6525449454784393,0.10527074337005615,0.19229698181152344
"Learned (U-Net), Full",0.6935355961322784,0.10605126619338989,0.1809406280517578
"Learned (U-Net), Full",0.6773777902126312,0.1448507308959961,0.2382197380065918
"Learned (U-Net), Full",0.6906039714813232,0.14345252513885498,0.1454617977142334
"Learned (U-Net), Full",0.7332195043563843,0.22331655025482178,0.2976253032684326
"Learned (U-Net), Full",0.7181424200534821,0.0636187195777893,0.06024825572967529
"Learned (U-Net), Full",0.6955308020114899,0.08098626136779785,0.13352620601654053
"Learned (U-Net), Full",0.658137857913971,0.168093740940094,0.17173492908477783
"Learned (U-Net), Full",0.7023539841175079,0.07810992002487183,0.058736324310302734
"Learned (U-Net), Full",0.687130481004715,0.12878084182739258,0.08075809478759766
"Learned (U-Net), Full",0.6606885194778442,0.11398959159851074,0.029551386833190918
"Learned (U-Net), Full",0.6959090828895569,0.08677095174789429,0.07404530048370361
"Learned (U-Net), Full",0.7206573784351349,0.14669287204742432,0.018140316009521484
"Learned (U-Net), Full",0.7142673432826996,0.06527978181838989,0.09938454627990723
"Learned (U-Net), Full",0.6992661356925964,0.055613815784454346,0.19941973686218262
"Learned (U-Net), Full",0.685923308134079,0.10786271095275879,0.15523457527160645
"Learned (U-Net), Full",0.6966189742088318,0.05772209167480469,0.13916301727294922
"Learned (U-Net), Full",0.7399210631847382,0.08058768510818481,0.05131864547729492
"Learned (U-Net), Full",0.7501828074455261,0.07102644443511963,0.13763141632080078
"Learned (U-Net), Full",0.7518807649612427,0.20130014419555664,0.006707429885864258
"Learned (U-Net), Full",0.6978003978729248,0.024508535861968994,0.1777174472808838
"Learned (U-Net), Full",0.6870064735412598,0.04181116819381714,0.2090533971786499
"Learned (U-Net), Full",0.6703248918056488,0.13931679725646973,0.06645381450653076
"Learned (U-Net), Full",0.6653289198875427,0.16092658042907715,0.04381561279296875
"Learned (U-Net), Full",0.7122407555580139,0.08058476448059082,0.10162961483001709
"Learned (U-Net), Full",0.6718544960021973,0.09532779455184937,0.12577080726623535
"Learned (U-Net), Full",0.7355068922042847,0.174360454082489,0.02357959747314453
"Learned (U-Net), Full",0.6781019568443298,0.13823038339614868,0.08828270435333252
"Learned (U-Net), Full",0.7444310784339905,0.12360531091690063,0.18979430198669434
"Learned (U-Net), Full",0.6781474053859711,0.11889147758483887,0.1157064437866211
"Learned (U-Net), Full",0.6830217838287354,0.044622063636779785,0.26646268367767334
"Learned (U-Net), Full",0.6524361670017242,0.06568408012390137,0.09721720218658447
"Learned (U-Net), Full",0.6919261515140533,0.1321370005607605,0.0330430269241333
"Learned (U-Net), Full",0.6681600511074066,0.10324513912200928,0.1343395709991455
"Learned (U-Net), Full",0.6850277483463287,0.10593867301940918,0.02616143226623535
"Learned (U-Net), Full",0.6876787841320038,0.18230611085891724,0.28417491912841797
"Learned (U-Net), Full",0.6745825409889221,0.1229371428489685,0.21464800834655762
"Learned (U-Net), Full",0.6964466273784637,0.12812107801437378,0.28626489639282227
"Learned (U-Net), Full",0.6686879694461823,0.08776575326919556,0.15116143226623535
"Learned (U-Net), Full",0.7189896106719971,0.14619052410125732,0.2731832265853882
"Learned (U-Net), Full",0.6549445688724518,0.03579145669937134,0.011931180953979492
"Learned (U-Net), Full",0.656680166721344,0.15843480825424194,0.18149876594543457
"Learned (U-Net), Full",0.6516779959201813,0.115009605884552,0.2767261266708374
"Learned (U-Net), Full",0.6825560629367828,0.1867395043373108,0.3619037866592407
"Learned (U-Net), Full",0.7569025158882141,0.14153140783309937,0.1322786808013916
"Learned (U-Net), Full",0.6834874153137207,0.14198988676071167,0.3134903907775879
"Learned (U-Net), Full",0.6774739623069763,0.12669157981872559,0.16539978981018066
"Learned (U-Net), Full",0.7494515478610992,0.11167943477630615,0.062165021896362305
"Learned (U-Net), Full",0.7367057502269745,0.19935542345046997,0.24517273902893066
"Learned (U-Net), Full",0.7512391209602356,0.11543011665344238,0.16064369678497314
"Learned (U-Net), Full",0.7218535244464874,0.17643940448760986,0.22592592239379883
"Learned (U-Net), Full",0.7562707960605621,0.16267812252044678,0.2338491678237915
"Learned (U-Net), Full",0.7477221488952637,0.05334460735321045,0.23226308822631836
"Learned (U-Net), Full",0.7316883504390717,0.18280237913131714,0.19039630889892578
"Learned (U-Net), Full",0.7154932022094727,0.16216611862182617,0.20863795280456543
"Learned (U-Net), Full",0.7244905829429626,0.18752902746200562,0.3320298194885254
"Learned (U-Net), Full",0.7296309769153595,0.1518825888633728,0.12476563453674316
"Learned (U-Net), Full",0.7709626257419586,0.09743785858154297,0.0441131591796875
"Learned (U-Net), Full",0.7668651640415192,0.07732033729553223,0.1349700689315796
"Learned (U-Net), Full",0.740116685628891,0.148837149143219,0.15025806427001953
"Learned (U-Net), Full",0.7808336019515991,0.2179962396621704,0.23766684532165527
"Learned (U-Net), Full",0.707697331905365,0.20507806539535522,0.3620116710662842
"Learned (U-Net), Full",0.7214029133319855,0.16823339462280273,0.2686229944229126
"Learned (U-Net), Full",0.7060269713401794,0.13957279920578003,0.11280190944671631
"Learned (U-Net), Full",0.7457017302513123,0.18841934204101562,0.040093064308166504
"Learned (U-Net), Full",0.707179605960846,0.12796777486801147,0.1337890625
"Learned (U-Net), Full",0.6915264427661896,0.2030845284461975,0.27471697330474854
"Learned (U-Net), Full",0.7215783298015594,0.1984846591949463,0.21236956119537354
"Learned (U-Net), Full",0.7490788698196411,0.22905170917510986,0.18738555908203125
"Learned (U-Net), Full",0.7243674695491791,0.24908477067947388,0.23305022716522217
"Learned (U-Net), Full",0.7088186740875244,0.11243736743927002,0.06428790092468262
"Learned (U-Net), Full",0.6619744896888733,0.1649513840675354,0.13735806941986084
"Learned (U-Net), Full",0.7086336314678192,0.2029634714126587,0.22552180290222168
"Learned (U-Net), Full",0.795447826385498,0.20090538263320923,0.1879262924194336
"Learned (U-Net), Full",0.7722247242927551,0.07304173707962036,0.07174539566040039
"Learned (U-Net), Full",0.7494555711746216,0.11182975769042969,0.004072070121765137
"Learned (U-Net), Full",0.6878164112567902,0.13676488399505615,0.12976503372192383
"Learned (U-Net), Full",0.7151480913162231,0.2052401900291443,0.10029876232147217
"Learned (U-Net), Full",0.7877231538295746,0.15352284908294678,0.03392386436462402
"Learned (U-Net), Full",0.7172744274139404,0.12335515022277832,0.09487903118133545
"Learned (U-Net), Full",0.7250447273254395,0.20264583826065063,0.00013840198516845703
"Learned (U-Net), Full",0.7113733291625977,0.11517989635467529,0.07641887664794922
"Learned (U-Net), Full",0.7683185935020447,0.19640231132507324,0.01056516170501709
"Learned (U-Net), Full",0.74211585521698,0.18200290203094482,0.18440687656402588
"Learned (U-Net), Full",0.6876956820487976,0.1664941906929016,0.10798871517181396
"Learned (U-Net), Full",0.8176537752151489,0.2811989188194275,0.11050117015838623
"Learned (U-Net), Full",0.669039249420166,0.15617835521697998,0.022793889045715332
"Learned (U-Net), Full",0.7349680662155151,0.16859066486358643,0.1471238136291504
"Learned (U-Net), Full",0.7256439626216888,0.22161370515823364,0.059513092041015625
"Learned (U-Net), Full",0.7599709630012512,0.14535057544708252,0.09196245670318604
"Learned (U-Net), Full",0.7824770212173462,0.16509020328521729,0.014853835105895996
"Learned (U-Net), Full",0.6999159753322601,0.18852460384368896,0.12884628772735596
"Learned (U-Net), Full",0.6901701092720032,0.15782231092453003,0.05784714221954346
"Learned (U-Net), Full",0.7033470273017883,0.2010243535041809,0.39952635765075684
"Learned (U-Net), Full",0.7576889991760254,0.14212286472320557,0.16060638427734375
"Learned (U-Net), Full",0.7474641799926758,0.10476076602935791,0.19069147109985352
"Learned (U-Net), Full",0.7672478258609772,0.09181112051010132,0.21706342697143555
"Learned (U-Net), Full",0.7048422992229462,0.13892024755477905,0.20833873748779297
"Learned (U-Net), Full",0.7122439742088318,0.11790359020233154,0.22083783149719238
"Learned (U-Net), Full",0.7562934756278992,0.13649970293045044,0.15997862815856934
"Learned (U-Net), Full",0.7182148993015289,0.10784101486206055,0.23514926433563232
"Learned (U-Net), Full",0.737074613571167,0.1482127606868744,0.309222936630249
"Learned (U-Net), Full",0.7183519005775452,0.15058040618896484,0.30437612533569336
"Learned (U-Net), Full",0.7291651368141174,0.1438726782798767,0.23262524604797363
"Learned (U-Net), Full",0.7423229813575745,0.12483763694763184,0.23843145370483398
"Learned (U-Net), Full",0.7355425655841827,0.15180355310440063,0.28250837326049805
"Learned (U-Net), Full",0.737049788236618,0.0628812313079834,0.08217430114746094
"Learned (U-Net), Full",0.7281155586242676,0.11677885055541992,0.3214437961578369
"Learned (U-Net), Full",0.5476294755935669,0.06451421976089478,0.12151837348937988
"Learned (U-Net), Full",0.5326881408691406,0.044882893562316895,0.09206223487854004
"Learned (U-Net), Full",0.5175809264183044,0.0235329270362854,0.015035867691040039
"Learned (U-Net), Full",0.5163648128509521,0.089435875415802,0.1892223358154297
"Learned (U-Net), Full",0.5077035278081894,0.05282551050186157,0.10067343711853027
"Learned (U-Net), Full",0.5277627408504486,0.12712961435317993,0.16015052795410156
"Learned (U-Net), Full",0.530055820941925,0.014704585075378418,0.038439035415649414
"Learned (U-Net), Full",0.49986815452575684,0.03890341520309448,0.031014442443847656
"Learned (U-Net), Full",0.5187442600727081,0.04794180393218994,0.0948476791381836
"Learned (U-Net), Full",0.4541480094194412,0.045644283294677734,0.09357619285583496
"Learned (U-Net), Full",0.5068501830101013,0.0330386757850647,0.003128647804260254
"Learned (U-Net), Full",0.546631246805191,0.049696505069732666,0.06466388702392578
"Learned (U-Net), Full",0.5020895153284073,0.05828046798706055,0.10122108459472656
"Learned (U-Net), Full",0.5201760828495026,0.09715092182159424,0.1505601406097412
"Learned (U-Net), Full",0.4985758811235428,0.05014866590499878,0.026315927505493164
"Learned (U-Net), Full",0.5295098423957825,0.04331409931182861,0.024609804153442383
"Learned (U-Net), Full",0.5331633687019348,0.09516346454620361,0.09078109264373779
"Learned (U-Net), Full",0.5372925996780396,0.08537310361862183,0.05334925651550293
"Learned (U-Net), Full",0.5439173877239227,0.05659592151641846,0.14107131958007812
"Learned (U-Net), Full",0.48992790281772614,0.044569194316864014,0.007261037826538086
"Learned (U-Net), Full",0.5241598188877106,0.008334875106811523,0.021586179733276367
"Learned (U-Net), Full",0.49698933959007263,0.01673448085784912,0.08430278301239014
"Learned (U-Net), Full",0.5026849806308746,0.043865203857421875,0.019656658172607422
"Learned (U-Net), Full",0.5298579782247543,0.03457486629486084,0.02541327476501465
"Learned (U-Net), Full",0.5476016998291016,0.09702140092849731,0.19088947772979736
"Learned (U-Net), Full",0.5425370633602142,0.019209086894989014,0.029680609703063965
"Learned (U-Net), Full",0.5111700296401978,0.12929314374923706,0.2430877685546875
"Learned (U-Net), Full",0.5104568004608154,0.08007234334945679,0.07450425624847412
"Learned (U-Net), Full",0.5444440543651581,0.053186774253845215,0.0811382532119751
"Learned (U-Net), Full",0.5392158329486847,0.026006639003753662,0.10671186447143555
"Learned (U-Net), Full",0.553424060344696,0.09641432762145996,0.15952038764953613
"Learned (U-Net), Full",0.5827763974666595,0.033689916133880615,0.14522969722747803
"Learned (U-Net), Full",0.47965170443058014,0.028378605842590332,0.13208425045013428
"Learned (U-Net), Full",0.5369378924369812,0.06488209962844849,0.13673341274261475
"Learned (U-Net), Full",0.6151053309440613,0.021321535110473633,0.11977028846740723
"Learned (U-Net), Full",0.4883250445127487,0.03385573625564575,0.034758806228637695
"Learned (U-Net), Full",0.5315677523612976,0.0051538944244384766,0.18487179279327393
"Learned (U-Net), Full",0.5201889276504517,0.023372113704681396,0.11976587772369385
"Learned (U-Net), Full",0.5295884609222412,0.03303682804107666,0.1303960084915161
"Learned (U-Net), Full",0.49399256706237793,0.03644919395446777,0.09608864784240723
"Learned (U-Net), Full",0.5178598165512085,0.037827134132385254,0.0061157941818237305
"Learned (U-Net), Full",0.5289287269115448,0.03980308771133423,0.1141042709350586
"Learned (U-Net), Full",0.5591930449008942,0.009177327156066895,0.19411516189575195
"Learned (U-Net), Full",0.4911196678876877,0.03368198871612549,0.0799020528793335
"Learned (U-Net), Full",0.5474625527858734,0.04858452081680298,0.10118710994720459
"Learned (U-Net), Full",0.5538181662559509,0.08399558067321777,0.0996253490447998
"Learned (U-Net), Full",0.5181502103805542,0.06367957592010498,0.13871455192565918
"Learned (U-Net), Full",0.4888918697834015,0.026025354862213135,0.01742863655090332
"Learned (U-Net), Full",0.5187314450740814,0.02605891227722168,0.059122323989868164
"Learned (U-Net), Full",0.5346662998199463,0.06573426723480225,0.13650870323181152
"Learned (U-Net), Full",0.5440951287746429,0.05719035863876343,0.02144169807434082
"Learned (U-Net), Full",0.5249320268630981,0.05542176961898804,0.029663801193237305
"Learned (U-Net), Full",0.5394653379917145,0.017214953899383545,0.06317973136901855
"Learned (U-Net), Full",0.554766058921814,0.09399420022964478,0.051802635192871094
"Learned (U-Net), Full",0.5365419387817383,0.052003681659698486,0.07683229446411133
"Learned (U-Net), Full",0.5103719234466553,0.03732222318649292,0.011500835418701172
"Learned (U-Net), Full",0.5208169519901276,0.032355666160583496,0.02313387393951416
"Learned (U-Net), Full",0.524665355682373,0.0717461109161377,0.18035888671875
"Learned (U-Net), Full",0.5498246252536774,0.04748255014419556,0.09620189666748047
"Learned (U-Net), Full",0.5220081806182861,0.05155658721923828,0.030052661895751953
"Learned (U-Net), Full",1.6643548011779785,0.560341477394104,0.5821387767791748
"Learned (U-Net), Full",1.6907293796539307,0.45173895359039307,0.6152205467224121
"Learned (U-Net), Full",1.6134188771247864,0.5128301382064819,0.7594726085662842
"Learned (U-Net), Full",1.7305964231491089,0.3716862201690674,0.43825769424438477
"Learned (U-Net), Full",1.7311134338378906,0.2493375539779663,0.2960500717163086
"Learned (U-Net), Full",1.6034321188926697,0.45303189754486084,0.5849056243896484
"Learned (U-Net), Full",1.788147211074829,0.2698540687561035,0.3768429756164551
"Learned (U-Net), Full",1.6223005652427673,0.3728828430175781,0.5793604850769043
"Learned (U-Net), Full",1.6657942533493042,0.33680665493011475,0.7069611549377441
"Learned (U-Net), Full",1.6814123392105103,0.5172700881958008,0.6826281547546387
"Learned (U-Net), Full",1.6608703136444092,0.46734583377838135,0.3650205135345459
"Learned (U-Net), Full",1.5977625250816345,0.679902195930481,1.118457317352295
"Learned (U-Net), Full",1.7482934594154358,0.3776789903640747,0.5206422805786133
"Learned (U-Net), Full",1.7664267420768738,0.258031964302063,0.45125317573547363
"Learned (U-Net), Full",1.6160240173339844,0.5567588806152344,0.8195149898529053
"Learned (U-Net), Full",1.569061279296875,0.308815598487854,0.5879607200622559
"Learned (U-Net), Full",1.6981736421585083,0.46743106842041016,0.3824646472930908
"Learned (U-Net), Full",1.5944676995277405,0.4397718906402588,0.6365869045257568
"Learned (U-Net), Full",1.7947088479995728,0.3689612150192261,0.09783697128295898
"Learned (U-Net), Full",1.712319552898407,0.33332014083862305,0.13257575035095215
"Learned (U-Net), Full",1.6337467432022095,0.2807896137237549,0.33776044845581055
"Learned (U-Net), Full",1.6610616445541382,0.3500634431838989,0.24683165550231934
"Learned (U-Net), Full",1.677060842514038,0.26348018646240234,0.43274545669555664
"Learned (U-Net), Full",1.6591045260429382,0.22996366024017334,0.06396126747131348
"Learned (U-Net), Full",1.671032726764679,0.27196431159973145,0.026294469833374023
"Learned (U-Net), Full",1.6530227661132812,0.5037907361984253,0.6299102306365967
"Learned (U-Net), Full",1.6902556419372559,0.3708845376968384,0.1855919361114502
"Learned (U-Net), Full",1.7605482339859009,0.19762468338012695,0.14844799041748047
"Learned (U-Net), Full",1.577066719532013,0.41885459423065186,0.29157280921936035
"Learned (U-Net), Full",1.6771370768547058,0.24193501472473145,0.22711753845214844
"Learned (U-Net), Full",1.646851658821106,0.5401824712753296,0.3587918281555176
"Learned (U-Net), Full",1.652397871017456,0.6209210157394409,0.37216925621032715
"Learned (U-Net), Full",1.6739943027496338,0.27182674407958984,0.33907365798950195
"Learned (U-Net), Full",1.5844861268997192,0.6303420066833496,0.4196639060974121
"Learned (U-Net), Full",1.8800048828125,0.27416133880615234,0.32440948486328125
"Learned (U-Net), Full",1.6689929962158203,0.4947080612182617,0.04638242721557617
"Learned (U-Net), Full",1.528727412223816,0.3719773292541504,0.18982696533203125
"Learned (U-Net), Full",1.6359976530075073,0.37182092666625977,0.1918935775756836
"Learned (U-Net), Full",1.686729073524475,0.40069580078125,0.024937868118286133
"Learned (U-Net), Full",1.6020570993423462,0.33378350734710693,0.15030431747436523
"Learned (U-Net), Full",1.737929344177246,0.43734121322631836,0.05077052116394043
"Learned (U-Net), Full",1.5833750367164612,0.5939685106277466,0.3913609981536865
"Learned (U-Net), Full",1.684998869895935,0.41878950595855713,0.034218788146972656
"Learned (U-Net), Full",1.6841609477996826,0.44883084297180176,0.03509354591369629
"Learned (U-Net), Full",1.6854019165039062,0.3247487545013428,0.014684200286865234
"Learned (U-Net), Full",1.7366127371788025,0.22030961513519287,0.37771081924438477
"Learned (U-Net), Full",1.6428769826889038,0.4572829008102417,0.7990560531616211
"Learned (U-Net), Full",1.654091477394104,0.12343382835388184,0.3258805274963379
"Learned (U-Net), Full",1.6905741095542908,0.47952747344970703,0.7512249946594238
"Learned (U-Net), Full",1.5861819982528687,0.36185359954833984,0.5949678421020508
"Learned (U-Net), Full",1.7604210376739502,0.3134119510650635,0.5557851791381836
"Learned (U-Net), Full",1.6276650428771973,0.5887340307235718,1.1603713035583496
"Learned (U-Net), Full",1.7301228046417236,0.42900800704956055,0.8490734100341797
"Learned (U-Net), Full",1.6749587059020996,0.39584994316101074,0.6687822341918945
"Learned (U-Net), Full",1.6129471063613892,0.4878727197647095,0.6558895111083984
"Learned (U-Net), Full",1.7582123279571533,0.46782970428466797,1.0418565273284912
"Learned (U-Net), Full",1.657156229019165,0.6773105263710022,1.1441428661346436
"Learned (U-Net), Full",1.6805400848388672,0.23808610439300537,0.4810066223144531
"Learned (U-Net), Full",1.6894923448562622,0.28095030784606934,0.3142523765563965
"Learned (U-Net), Full",1.6835609078407288,0.4949781894683838,0.9474914073944092
"Learned (U-Net), Full",1.23784601688385,0.37184345722198486,0.22336435317993164
"Learned (U-Net), Full",1.2776480913162231,0.1294034719467163,0.2433624267578125
"Learned (U-Net), Full",1.3063310980796814,0.3878977298736572,0.20189476013183594
"Learned (U-Net), Full",1.2716329097747803,0.2175971269607544,0.08271074295043945
"Learned (U-Net), Full",1.2044665813446045,0.07904362678527832,0.1477041244506836
"Learned (U-Net), Full",1.2821155190467834,0.05303335189819336,0.06146526336669922
"Learned (U-Net), Full",1.2728543877601624,0.0890040397644043,0.019932270050048828
"Learned (U-Net), Full",1.2315925359725952,0.2464677095413208,0.30901575088500977
"Learned (U-Net), Full",1.162856101989746,0.18499839305877686,0.1258716583251953
"Learned (U-Net), Full",1.2991516590118408,0.3187558650970459,0.06601858139038086
"Learned (U-Net), Full",1.3566240072250366,0.17031514644622803,0.08139562606811523
"Learned (U-Net), Full",1.3222929239273071,0.12829387187957764,0.21181249618530273
"Learned (U-Net), Full",1.2672734260559082,0.16411089897155762,0.18410205841064453
"Learned (U-Net), Full",1.334909737110138,0.23377573490142822,0.27312755584716797
"Learned (U-Net), Full",1.2992494106292725,0.241005539894104,0.1116790771484375
"Learned (U-Net), Full",1.2426352500915527,0.1119239330291748,0.31778693199157715
"Learned (U-Net), Full",1.2004454731941223,0.07460200786590576,0.01169443130493164
"Learned (U-Net), Full",1.3576977252960205,0.16882193088531494,0.4855775833129883
"Learned (U-Net), Full",1.331598162651062,0.28092634677886963,0.4905855655670166
"Learned (U-Net), Full",1.3553778529167175,0.2595663070678711,0.319133996963501
"Learned (U-Net), Full",1.3223369717597961,0.2520327568054199,0.3403189182281494
"Learned (U-Net), Full",1.200415849685669,0.15980029106140137,0.004673957824707031
"Learned (U-Net), Full",1.2499513030052185,0.24353718757629395,0.49853038787841797
"Learned (U-Net), Full",1.249206781387329,0.27385520935058594,0.25790858268737793
"Learned (U-Net), Full",1.2908625602722168,0.014427781105041504,0.01828289031982422
"Learned (U-Net), Full",1.3668197393417358,0.1149057149887085,0.14130854606628418
"Learned (U-Net), Full",1.263330340385437,0.30938565731048584,0.43503904342651367
"Learned (U-Net), Full",1.2511230111122131,0.18378520011901855,0.1679701805114746
"Learned (U-Net), Full",1.3135186433792114,0.03737235069274902,0.15836668014526367
"Learned (U-Net), Full",1.3093889951705933,0.010782957077026367,0.20018386840820312
"Learned (U-Net), Full",1.3017892837524414,0.06863129138946533,0.6611921787261963
"Learned (U-Net), Full",1.1907879710197449,0.12806594371795654,0.11789321899414062
"Learned (U-Net), Full",1.4215574860572815,0.2764766216278076,1.122222900390625
"Learned (U-Net), Full",1.3631649613380432,0.09206962585449219,0.4738590717315674
"Learned (U-Net), Full",1.18092542886734,0.09794759750366211,0.08090734481811523
"Learned (U-Net), Full",1.2784692645072937,0.10240423679351807,0.4427344799041748
"Learned (U-Net), Full",1.335044026374817,0.1977294683456421,0.7492082118988037
"Learned (U-Net), Full",1.347347915172577,0.3195003271102905,0.38141465187072754
"Learned (U-Net), Full",1.33189058303833,0.2213754653930664,0.6012582778930664
"Learned (U-Net), Full",1.288287103176117,0.12552940845489502,0.6504578590393066
"Learned (U-Net), Full",1.1918042302131653,0.16800379753112793,0.1003882884979248
"Learned (U-Net), Full",1.3064137697219849,0.14666974544525146,0.7257869243621826
"Learned (U-Net), Full",1.2842053174972534,0.08061444759368896,0.5603451728820801
"Learned (U-Net), Full",1.3357993364334106,0.21285545825958252,0.577777624130249
"Learned (U-Net), Full",1.3705542087554932,0.17635607719421387,0.5873715877532959
"Learned (U-Net), Full",1.29074227809906,0.14402973651885986,0.185821533203125
"Learned (U-Net), Full",1.3953921794891357,0.17790544033050537,0.20765447616577148
"Learned (U-Net), Full",1.285073697566986,0.10066866874694824,0.013460636138916016
"Learned (U-Net), Full",1.3193807005882263,0.18519556522369385,0.18289852142333984
"Learned (U-Net), Full",1.2320407629013062,0.0556257963180542,0.05922889709472656
"Learned (U-Net), Full",1.2700666189193726,0.16877400875091553,0.11019611358642578
"Learned (U-Net), Full",1.2113952040672302,0.10762012004852295,0.06050300598144531
"Learned (U-Net), Full",1.33681058883667,0.15453791618347168,0.00881195068359375
"Learned (U-Net), Full",1.2172722816467285,0.1609879732131958,0.10715866088867188
"Learned (U-Net), Full",1.1723192930221558,0.20223212242126465,0.36892032623291016
"Learned (U-Net), Full",1.2268774509429932,0.13591182231903076,0.39090585708618164
"Learned (U-Net), Full",1.3601993918418884,0.3784048557281494,0.006215572357177734
"Learned (U-Net), Full",1.2986596822738647,0.07952320575714111,0.04546833038330078
"Learned (U-Net), Full",1.2502900958061218,0.09669613838195801,0.37015676498413086
"Learned (U-Net), Full",1.3001547455787659,0.42402052879333496,0.17503738403320312
"Learned (U-Net), Full",1.3036787509918213,0.28145110607147217,0.13795995712280273
"Learned (U-Net), Full",1.3692352175712585,0.17372727394104004,0.040624141693115234
"Learned (U-Net), Full",1.324620544910431,0.2874453067779541,0.36773157119750977
"Learned (U-Net), Full",1.35141122341156,0.2896202802658081,0.2878696918487549
"Learned (U-Net), Full",1.3436529636383057,0.15003085136413574,0.15103769302368164
"Learned (U-Net), Full",1.3570382595062256,0.30041515827178955,0.394777774810791
"Learned (U-Net), Full",1.3560545444488525,0.21200358867645264,0.061643123626708984
"Learned (U-Net), Full",1.2973214387893677,0.2874366044998169,0.5128183364868164
"Learned (U-Net), Full",1.2818894386291504,0.2387237548828125,0.35478639602661133
"Learned (U-Net), Full",1.2918001413345337,0.34183692932128906,0.6366829872131348
"Learned (U-Net), Full",1.3971883058547974,0.23121821880340576,0.45106959342956543
"Learned (U-Net), Full",1.3251224160194397,0.22454023361206055,0.15731430053710938
"Learned (U-Net), Full",1.2495427131652832,0.312125563621521,0.42058420181274414
"Learned (U-Net), Full",1.318854570388794,0.2442927360534668,0.3577589988708496
"Learned (U-Net), Full",1.413369059562683,0.16036558151245117,0.0019421577453613281
"Learned (U-Net), Full",1.448627769947052,0.11134421825408936,0.365795373916626
"Learned (U-Net), Full",1.3452024459838867,0.1630321741104126,0.02118659019470215
"Learned (U-Net), Full",1.4571205377578735,0.07138323783874512,0.19114232063293457
"Learned (U-Net), Full",1.2841938734054565,0.19547665119171143,0.29537463188171387
"Learned (U-Net), Full",1.2942153811454773,0.25102555751800537,0.1474628448486328
"Learned (U-Net), Full",1.2758394479751587,0.16456866264343262,0.16507887840270996
"Learned (U-Net), Full",1.2850328087806702,0.18565130233764648,0.23292922973632812
"Learned (U-Net), Full",1.234542429447174,0.352713942527771,0.4077458381652832
"Learned (U-Net), Full",1.3912186026573181,0.28121352195739746,0.13353753089904785
"Learned (U-Net), Full",1.4163923859596252,0.219305157661438,0.03957557678222656
"Learned (U-Net), Full",1.2761581540107727,0.35345005989074707,0.33128833770751953
"Learned (U-Net), Full",1.458698809146881,0.1976180076599121,0.1407785415649414
"Learned (U-Net), Full",1.3469709753990173,0.21328413486480713,0.22932982444763184
"Learned (U-Net), Full",1.422533929347992,0.08985137939453125,0.00017142295837402344
"Learned (U-Net), Full",1.2996296882629395,0.20542657375335693,0.20300626754760742
"Learned (U-Net), Full",1.3662776350975037,0.380367636680603,0.17975521087646484
"Learned (U-Net), Full",1.3549494743347168,0.20280003547668457,0.20556187629699707
"Learned (U-Net), Full",1.420696496963501,0.2624737024307251,0.6656715869903564
"Learned (U-Net), Full",1.28671133518219,0.02991652488708496,0.15316414833068848
"Learned (U-Net), Full",1.315502643585205,0.2699207067489624,0.09338545799255371
"Learned (U-Net), Full",1.3256721496582031,0.15045976638793945,0.10596013069152832
"Learned (U-Net), Full",1.243647575378418,0.4436922073364258,0.39426350593566895
"Learned (U-Net), Full",1.2979648113250732,0.25167083740234375,0.11586689949035645
"Learned (U-Net), Full",1.3570075631141663,0.21195948123931885,0.12804126739501953
"Learned (U-Net), Full",1.3668136596679688,0.1977328062057495,0.10837054252624512
"Learned (U-Net), Full",1.2844462990760803,0.2191181182861328,0.07717728614807129
"Learned (U-Net), Full",1.2939908504486084,0.3332490921020508,0.12277793884277344
"Learned (U-Net), Full",1.390140175819397,0.05020952224731445,0.5854041576385498
"Learned (U-Net), Full",1.325951635837555,0.2671390771865845,0.08753037452697754
"Learned (U-Net), Full",1.4720392227172852,0.07902133464813232,0.6188974380493164
"Learned (U-Net), Full",1.3063751459121704,0.1778702735900879,0.40600156784057617
"Learned (U-Net), Full",1.3531317114830017,0.12255251407623291,0.22897768020629883
"Learned (U-Net), Full",1.4430026412010193,0.22384798526763916,0.18725061416625977
"Learned (U-Net), Full",1.414773166179657,0.21897399425506592,0.44472241401672363
"Learned (U-Net), Full",1.4211506247520447,0.12461447715759277,0.2628974914550781
"Learned (U-Net), Full",1.3254375457763672,0.24132752418518066,0.6072816848754883
"Learned (U-Net), Full",1.3123406171798706,0.5100513696670532,0.9059834480285645
"Learned (U-Net), Full",1.2990202903747559,0.18108141422271729,0.34783458709716797
"Learned (U-Net), Full",1.3769396543502808,0.2186819314956665,0.2969660758972168
"Learned (U-Net), Full",1.370249629020691,0.27228331565856934,0.37697267532348633
"Learned (U-Net), Full",1.3377676606178284,0.23871266841888428,0.521737813949585
"Learned (U-Net), Full",1.3181592226028442,0.2718088626861572,0.5384430885314941
"Learned (U-Net), Full",1.355394721031189,0.24767732620239258,0.4442777633666992
"Learned (U-Net), Full",1.3467357754707336,0.15311944484710693,0.3527641296386719
"Learned (U-Net), Full",1.2849037647247314,0.054276227951049805,0.1364908218383789
"Learned (U-Net), Full",0.7916149497032166,0.040421366691589355,0.0312952995300293
"Learned (U-Net), Full",0.8347258865833282,0.0553818941116333,0.0054476261138916016
"Learned (U-Net), Full",0.8536738157272339,0.08658170700073242,0.027215957641601562
"Learned (U-Net), Full",0.7661008238792419,0.03304922580718994,0.032131195068359375
"Learned (U-Net), Full",0.8458497524261475,0.13890492916107178,0.14451074600219727
"Learned (U-Net), Full",0.8566591739654541,0.06259286403656006,0.21847987174987793
"Learned (U-Net), Full",0.7710591554641724,0.05550098419189453,0.045040130615234375
"Learned (U-Net), Full",0.8128596544265747,0.13644695281982422,0.14005470275878906
"Learned (U-Net), Full",0.9003558158874512,0.2861868143081665,0.3918123245239258
"Learned (U-Net), Full",0.8762291073799133,0.07242143154144287,0.2779817581176758
"Learned (U-Net), Full",0.7795144319534302,0.034487247467041016,0.049138545989990234
"Learned (U-Net), Full",0.7741645574569702,0.10288703441619873,0.06442618370056152
"Learned (U-Net), Full",0.8285247981548309,0.08748209476470947,0.05473661422729492
"Learned (U-Net), Full",0.8891245722770691,0.1601163148880005,0.18201684951782227
"Learned (U-Net), Full",0.7477080821990967,0.03682386875152588,0.008932828903198242
"Learned (U-Net), Full",0.8491608500480652,0.19593024253845215,0.39609670639038086
"Learned (U-Net), Full",0.8193720877170563,0.09687697887420654,0.0425105094909668
"Learned (U-Net), Full",0.7594922184944153,0.013938665390014648,0.07087349891662598
"Learned (U-Net), Full",0.8184164762496948,0.15216147899627686,0.11267471313476562
"Learned (U-Net), Full",0.8035788238048553,0.06814432144165039,0.035523176193237305
"Learned (U-Net), Full",0.7765516936779022,0.1468508243560791,0.21562433242797852
"Learned (U-Net), Full",0.8198129534721375,0.09405088424682617,0.3311762809753418
"Learned (U-Net), Full",0.7857691049575806,0.056624650955200195,0.05270218849182129
"Learned (U-Net), Full",0.8477090895175934,0.11067140102386475,0.14655828475952148
"Learned (U-Net), Full",0.8266822099685669,0.021634578704833984,0.07005167007446289
"Learned (U-Net), Full",0.8107157647609711,0.05740773677825928,0.009284019470214844
"Learned (U-Net), Full",0.8692367076873779,0.055310845375061035,0.17601299285888672
"Learned (U-Net), Full",0.7809843420982361,0.07263386249542236,0.11713409423828125
"Learned (U-Net), Full",0.788908064365387,0.07977604866027832,0.007216453552246094
"Learned (U-Net), Full",0.8787319660186768,0.14543604850769043,0.29892420768737793
"Learned (U-Net), Full",0.7554014921188354,0.04793357849121094,0.20048308372497559
"Learned (U-Net), Full",0.7592433094978333,0.07168757915496826,0.002354145050048828
"Learned (U-Net), Full",0.8200854957103729,0.04452049732208252,0.33765625953674316
"Learned (U-Net), Full",0.8528662025928497,0.1740891933441162,0.3012216091156006
"Learned (U-Net), Full",0.7744861245155334,0.07406556606292725,0.08819055557250977
"Learned (U-Net), Full",0.7447496652603149,0.10495257377624512,0.16593718528747559
"Learned (U-Net), Full",0.8430628776550293,0.0922924280166626,0.0696249008178711
"Learned (U-Net), Full",0.8465418219566345,0.0861666202545166,0.06336069107055664
"Learned (U-Net), Full",0.7754900753498077,0.04639089107513428,0.15703392028808594
"Learned (U-Net), Full",0.7427266836166382,0.08037567138671875,0.2104489803314209
"Learned (U-Net), Full",0.7292801737785339,0.02299511432647705,0.025281310081481934
"Learned (U-Net), Full",0.7517090737819672,0.07600259780883789,0.09585094451904297
"Learned (U-Net), Full",0.8178949356079102,0.07630836963653564,0.09749174118041992
"Learned (U-Net), Full",0.8605753779411316,0.335951566696167,0.5770037174224854
"Learned (U-Net), Full",0.7705201506614685,0.018079519271850586,0.06976151466369629
"Learned (U-Net), Full",0.8796613216400146,0.03406167030334473,0.07729768753051758
"Learned (U-Net), Full",0.795173704624176,0.008413553237915039,0.10192632675170898
"Learned (U-Net), Full",0.8537150621414185,0.028437256813049316,0.044281005859375
"Learned (U-Net), Full",0.8224963843822479,0.040284156799316406,0.017737388610839844
"Learned (U-Net), Full",0.8071028590202332,0.07639944553375244,0.03205680847167969
"Learned (U-Net), Full",0.7998809516429901,0.08289611339569092,0.019676685333251953
"Learned (U-Net), Full",0.7912144660949707,0.03603506088256836,0.07091474533081055
"Learned (U-Net), Full",0.808926522731781,0.16423296928405762,0.2010059356689453
"Learned (U-Net), Full",0.8773031532764435,0.05077207088470459,0.13819074630737305
"Learned (U-Net), Full",0.9250007271766663,0.2230128049850464,0.043061256408691406
"Learned (U-Net), Full",0.7981128692626953,0.04912674427032471,0.17864322662353516
"Learned (U-Net), Full",0.7655596435070038,0.016713261604309082,0.05987119674682617
"Learned (U-Net), Full",0.8232215642929077,0.19548523426055908,0.06316280364990234
"Learned (U-Net), Full",0.7588896751403809,0.04901111125946045,0.10720157623291016
"Learned (U-Net), Full",0.794004499912262,0.03326869010925293,0.07158374786376953
"Learned (U-Net), Full",0.9102571904659271,0.26287752389907837,0.4449836015701294
"Learned (U-Net), Full",0.8727937936782837,0.23951947689056396,0.2974123954772949
"Learned (U-Net), Full",0.8976841270923615,0.1788930892944336,0.2080392837524414
"Learned (U-Net), Full",0.8971480131149292,0.2784072756767273,0.4550849199295044
"Learned (U-Net), Full",0.8586012125015259,0.2796024680137634,0.5042316913604736
"Learned (U-Net), Full",0.87363201379776,0.2264145016670227,0.23930883407592773
"Learned (U-Net), Full",0.8623667657375336,0.2591554522514343,0.40408074855804443
"Learned (U-Net), Full",0.9393363893032074,0.23468589782714844,0.40099096298217773
"Learned (U-Net), Full",0.8697567582130432,0.3023739457130432,0.3981032371520996
"Learned (U-Net), Full",0.8795881867408752,0.28681087493896484,0.3803439140319824
"Learned (U-Net), Full",0.8927148580551147,0.28658348321914673,0.34310853481292725
"Learned (U-Net), Full",0.9391164183616638,0.29759377241134644,0.3339262008666992
"Learned (U-Net), Full",0.8793108463287354,0.2549501657485962,0.4058760404586792
"Learned (U-Net), Full",0.8988685011863708,0.37438875436782837,0.5499053001403809
"Learned (U-Net), Full",0.9003899395465851,0.1667790412902832,0.1360008716583252
"Learned (U-Net), Full",0.8908048570156097,0.289472758769989,0.3123430013656616
"Learned (U-Net), Full",0.932857096195221,0.3094635009765625,0.33355629444122314
"Learned (U-Net), Full",0.9283736050128937,0.2586206793785095,0.23819255828857422
"Learned (U-Net), Full",0.8851473331451416,0.326504647731781,0.3034250736236572
"Learned (U-Net), Full",0.8848145604133606,0.22922825813293457,0.27072644233703613
"Learned (U-Net), Full",0.9098258018493652,0.26239389181137085,0.25800514221191406
"Learned (U-Net), Full",0.9114477038383484,0.32124173641204834,0.3854609727859497
"Learned (U-Net), Full",0.9074724912643433,0.18471884727478027,0.0880206823348999
"Learned (U-Net), Full",0.8999037742614746,0.25344276428222656,0.13077092170715332
"Learned (U-Net), Full",0.8813900351524353,0.20884424448013306,0.301555871963501
"Learned (U-Net), Full",0.8754121959209442,0.24074381589889526,0.1848587989807129
"Learned (U-Net), Full",0.8753340840339661,0.3438034653663635,0.3522258996963501
"Learned (U-Net), Full",0.8668027222156525,0.3216102123260498,0.29133522510528564
"Learned (U-Net), Full",0.8825769126415253,0.33935844898223877,0.39778780937194824
"Learned (U-Net), Full",0.9022323489189148,0.3089069128036499,0.22878241539001465
"Learned (U-Net), Full",0.8696585297584534,0.16625195741653442,0.04648184776306152
"Learned (U-Net), Full",0.8884157538414001,0.11411231756210327,0.11213791370391846
"Learned (U-Net), Full",0.904915452003479,0.16668200492858887,0.10816919803619385
"Learned (U-Net), Full",0.8817853927612305,0.30071043968200684,0.018826961517333984
"Learned (U-Net), Full",0.8866840898990631,0.201898992061615,0.17855572700500488
"Learned (U-Net), Full",0.8611440062522888,0.24360251426696777,0.055060386657714844
"Learned (U-Net), Full",0.9089343249797821,0.16902446746826172,0.028405308723449707
"Learned (U-Net), Full",0.9053665101528168,0.2779849171638489,0.2975034713745117
"Learned (U-Net), Full",0.8688584268093109,0.29197514057159424,0.0427095890045166
"Learned (U-Net), Full",0.8627784550189972,0.24843937158584595,0.18938851356506348
"Learned (U-Net), Full",0.8571130037307739,0.29187488555908203,0.167549729347229
"Learned (U-Net), Full",0.884653627872467,0.3116239905357361,0.07159614562988281
"Learned (U-Net), Full",0.891759604215622,0.2045559287071228,0.09024298191070557
"Learned (U-Net), Full",0.8996113240718842,0.2551797032356262,0.0018085241317749023
"Learned (U-Net), Full",0.8626835644245148,0.27619796991348267,0.0673450231552124
"Learned (U-Net), Full",0.8607071340084076,0.3498936891555786,0.6276201009750366
"Learned (U-Net), Full",0.9006905555725098,0.29916220903396606,0.5810846090316772
"Learned (U-Net), Full",0.8527384102344513,0.12481045722961426,0.20705461502075195
"Learned (U-Net), Full",0.8528788685798645,0.22070914506912231,0.3725743293762207
"Learned (U-Net), Full",0.9181143641471863,0.26525670289993286,0.49446558952331543
"Learned (U-Net), Full",0.9133259057998657,0.3095410466194153,0.5822571516036987
"Learned (U-Net), Full",0.88664910197258,0.2104000449180603,0.300514817237854
"Learned (U-Net), Full",0.8353784680366516,0.16290563344955444,0.2894723415374756
"Learned (U-Net), Full",0.8550151586532593,0.28627723455429077,0.4436527490615845
"Learned (U-Net), Full",0.9581798017024994,0.26636552810668945,0.5442276000976562
"Learned (U-Net), Full",0.8820874691009521,0.2522731423377991,0.4371469020843506
"Learned (U-Net), Full",0.900152325630188,0.3184574246406555,0.5813133716583252
"Learned (U-Net), Full",0.870140552520752,0.26027166843414307,0.4658159017562866
"Learned (U-Net), Full",0.8822481036186218,0.23874062299728394,0.5004193782806396
"Learned (U-Net), Full",0.8737320899963379,0.34951555728912354,0.5189870595932007
"Learned (U-Net), Full",0.6757237911224365,0.07639646530151367,0.004418849945068359
"Learned (U-Net), Full",0.6709332764148712,0.04017317295074463,0.0905294418334961
"Learned (U-Net), Full",0.6989483535289764,0.09150928258895874,0.13672780990600586
"Learned (U-Net), Full",0.7053003311157227,0.03955841064453125,0.1086798906326294
"Learned (U-Net), Full",0.7242548763751984,0.09341341257095337,0.15361237525939941
"Learned (U-Net), Full",0.7138931453227997,0.02586466073989868,0.08554136753082275
"Learned (U-Net), Full",0.63605597615242,0.08817428350448608,0.09827554225921631
"Learned (U-Net), Full",0.6993758082389832,0.1349642276763916,0.13791894912719727
"Learned (U-Net), Full",0.7172500789165497,0.04843413829803467,0.008167266845703125
"Learned (U-Net), Full",0.6514221727848053,0.13295412063598633,0.12328743934631348
"Learned (U-Net), Full",0.6979731023311615,0.128584623336792,0.1892101764678955
"Learned (U-Net), Full",0.6301841139793396,0.05859404802322388,0.02977585792541504
"Learned (U-Net), Full",0.69412761926651,0.14373892545700073,0.12053442001342773
"Learned (U-Net), Full",0.6537232100963593,0.06141442060470581,0.15888750553131104
"Learned (U-Net), Full",0.6896422505378723,0.11953514814376831,0.14671969413757324
"Learned (U-Net), Full",0.6905089616775513,0.03607970476150513,0.029692649841308594
"Learned (U-Net), Full",0.708832323551178,0.05379664897918701,0.09137189388275146
"Learned (U-Net), Full",0.6706762909889221,0.013511240482330322,0.03205263614654541
"Learned (U-Net), Full",0.7174562215805054,0.02622276544570923,0.023434758186340332
"Learned (U-Net), Full",0.6450897753238678,0.11562657356262207,0.10443401336669922
"Learned (U-Net), Full",0.6745471060276031,0.056818604469299316,0.03817486763000488
"Learned (U-Net), Full",0.7461697161197662,0.07155358791351318,0.1637873649597168
"Learned (U-Net), Full",0.6800180077552795,0.10430383682250977,0.20078802108764648
"Learned (U-Net), Full",0.6693070530891418,0.11342829465866089,0.09483003616333008
"Learned (U-Net), Full",0.6710435152053833,0.14479994773864746,0.08512711524963379
"Learned (U-Net), Full",0.6475172638893127,0.1852845549583435,0.0831376314163208
"Learned (U-Net), Full",0.6873489022254944,0.023183584213256836,0.00026404857635498047
"Learned (U-Net), Full",0.7310716807842255,0.06812995672225952,0.07270073890686035
"Learned (U-Net), Full",0.6746739745140076,0.022381126880645752,0.08652067184448242
"Learned (U-Net), Full",0.6436428427696228,0.11904138326644897,0.0559537410736084
"Learned (U-Net), Full",0.7225536108016968,0.04368990659713745,0.028462648391723633
"Learned (U-Net), Full",0.7026748359203339,0.17015069723129272,0.2730381488800049
"Learned (U-Net), Full",0.6784217953681946,0.09425204992294312,0.07094359397888184
"Learned (U-Net), Full",0.6006057858467102,0.08625727891921997,0.020349979400634766
"Learned (U-Net), Full",0.6723812818527222,0.020357191562652588,0.11323869228363037
"Learned (U-Net), Full",0.6732737720012665,0.048000335693359375,0.23743605613708496
"Learned (U-Net), Full",0.7070664167404175,0.11255466938018799,0.04377782344818115
"Learned (U-Net), Full",0.705993115901947,0.07911163568496704,0.12260174751281738
"Learned (U-Net), Full",0.6881206929683685,0.2123253345489502,0.23683571815490723
"Learned (U-Net), Full",0.6735909581184387,0.11074131727218628,0.06009864807128906
"Learned (U-Net), Full",0.7169092297554016,0.11488443613052368,0.3497452735900879
"Learned (U-Net), Full",0.6199066936969757,0.16364020109176636,0.01078033447265625
"Learned (U-Net), Full",0.6251066327095032,0.09705811738967896,0.1069338321685791
"Learned (U-Net), Full",0.6739237010478973,0.0696752667427063,0.0988239049911499
"Learned (U-Net), Full",0.7143476009368896,0.16511410474777222,0.22888243198394775
"Learned (U-Net), Full",0.6925033032894135,0.12899082899093628,0.10329556465148926
"Learned (U-Net), Full",0.687216579914093,0.13406985998153687,0.10572624206542969
"Learned (U-Net), Full",0.7399555444717407,0.04658454656600952,0.12073063850402832
"Learned (U-Net), Full",0.7202233374118805,0.11719876527786255,0.34732604026794434
"Learned (U-Net), Full",0.6798095107078552,0.12759339809417725,0.1964714527130127
"Learned (U-Net), Full",0.6423568427562714,0.05782896280288696,0.018217802047729492
"Learned (U-Net), Full",0.6213581264019012,0.08552688360214233,0.2286536693572998
"Learned (U-Net), Full",0.700481116771698,0.07515841722488403,0.12515974044799805
"Learned (U-Net), Full",0.6962713897228241,0.2037317156791687,0.31537818908691406
"Learned (U-Net), Full",0.6749175786972046,0.13852596282958984,0.24295258522033691
"Learned (U-Net), Full",0.6954241991043091,0.10581392049789429,0.04696154594421387
"Learned (U-Net), Full",0.6324128806591034,0.10893583297729492,0.20136570930480957
"Learned (U-Net), Full",0.6652916371822357,0.07750284671783447,0.13278841972351074
"Learned (U-Net), Full",0.7074610888957977,0.08080786466598511,0.17117857933044434
"Learned (U-Net), Full",0.6948068141937256,0.11325722932815552,0.19740867614746094
"Learned (U-Net), Full",0.7326133549213409,0.11306905746459961,0.136246919631958
"Learned (U-Net), Full",0.7350547909736633,0.11749392747879028,0.12224841117858887
"Learned (U-Net), Full",0.7110030353069305,0.1077684760093689,0.06897783279418945
"Learned (U-Net), Full",0.6996555924415588,0.13506978750228882,0.18175208568572998
"Learned (U-Net), Full",0.7402195334434509,0.1001732349395752,0.08689355850219727
"Learned (U-Net), Full",0.7291112840175629,0.08905357122421265,0.06455814838409424
"Learned (U-Net), Full",0.7163366973400116,0.08192986249923706,0.36259281635284424
"Learned (U-Net), Full",0.7468671202659607,0.13680171966552734,0.304840087890625
"Learned (U-Net), Full",0.740601509809494,0.11560201644897461,0.21083903312683105
"Learned (U-Net), Full",0.7129734456539154,0.04660743474960327,0.16199195384979248
"Learned (U-Net), Full",0.8106038868427277,0.10985779762268066,0.11006021499633789
"Learned (U-Net), Full",0.7222037017345428,0.16817927360534668,0.34124553203582764
"Learned (U-Net), Full",0.695164680480957,0.1483544111251831,0.23162376880645752
"Learned (U-Net), Full",0.7541440427303314,0.15630030632019043,0.24195194244384766
"Learned (U-Net), Full",0.7124552726745605,0.14349365234375,0.14148259162902832
"Learned (U-Net), Full",0.7293629348278046,0.1345641016960144,0.18158173561096191
"Learned (U-Net), Full",0.7228870689868927,0.18818062543869019,0.1461406946182251
"Learned (U-Net), Full",0.7238692343235016,0.2259882092475891,0.19207680225372314
"Learned (U-Net), Full",0.7071691155433655,0.10078644752502441,0.014327526092529297
"Learned (U-Net), Full",0.7169521450996399,0.0829927921295166,0.0011897087097167969
"Learned (U-Net), Full",0.7155987322330475,0.16840344667434692,0.20132923126220703
"Learned (U-Net), Full",0.6877401769161224,0.1518315076828003,0.15775465965270996
"Learned (U-Net), Full",0.7030330896377563,0.1313706636428833,0.0725250244140625
"Learned (U-Net), Full",0.7349605858325958,0.17662543058395386,0.23257935047149658
"Learned (U-Net), Full",0.7177245020866394,0.12014561891555786,0.12643694877624512
"Learned (U-Net), Full",0.7298407554626465,0.13442718982696533,0.10268378257751465
"Learned (U-Net), Full",0.7036192119121552,0.10632985830307007,0.18636846542358398
"Learned (U-Net), Full",0.7028411328792572,0.15533703565597534,0.15941429138183594
"Learned (U-Net), Full",0.6783007681369781,0.22992056608200073,0.1806478500366211
"Learned (U-Net), Full",0.716323584318161,0.17101067304611206,0.09307825565338135
"Learned (U-Net), Full",0.7286587059497833,0.10391497611999512,0.054192185401916504
"Learned (U-Net), Full",0.7439718544483185,0.15823984146118164,0.09409356117248535
"Learned (U-Net), Full",0.7246596217155457,0.17183461785316467,0.08963310718536377
"Learned (U-Net), Full",0.7720504105091095,0.18339699506759644,0.13506507873535156
"Learned (U-Net), Full",0.7472781836986542,0.2144412398338318,0.05343270301818848
"Learned (U-Net), Full",0.6875432431697845,0.10912221670150757,0.059810757637023926
"Learned (U-Net), Full",0.7264597713947296,0.19313955307006836,0.08381664752960205
"Learned (U-Net), Full",0.7397710680961609,0.07877129316329956,0.004832267761230469
"Learned (U-Net), Full",0.7204161882400513,0.10621577501296997,0.05867195129394531
"Learned (U-Net), Full",0.68233922123909,0.13562434911727905,0.06619548797607422
"Learned (U-Net), Full",0.7370454668998718,0.1812366247177124,0.1691570281982422
"Learned (U-Net), Full",0.7690158486366272,0.08281111717224121,0.16512906551361084
"Learned (U-Net), Full",0.7076620161533356,0.20994877815246582,0.10344481468200684
"Learned (U-Net), Full",0.7225220799446106,0.1872304081916809,0.020109176635742188
"Learned (U-Net), Full",0.7552288770675659,0.21823257207870483,0.012443780899047852
"Learned (U-Net), Full",0.7566869854927063,0.07669752836227417,0.23056268692016602
"Learned (U-Net), Full",0.7228149771690369,0.09707862138748169,0.18112945556640625
"Learned (U-Net), Full",0.7508875727653503,0.08092451095581055,0.14046001434326172
"Learned (U-Net), Full",0.7368016541004181,0.15869742631912231,0.26674580574035645
"Learned (U-Net), Full",0.6838210821151733,0.11620193719863892,0.1587979793548584
"Learned (U-Net), Full",0.7676066160202026,0.16312330961227417,0.037534475326538086
"Learned (U-Net), Full",0.7646776735782623,0.12058532238006592,0.34409451484680176
"Learned (U-Net), Full",0.7082120180130005,0.15414726734161377,0.3038473129272461
"Learned (U-Net), Full",0.7249763607978821,0.190984308719635,0.3112764358520508
"Learned (U-Net), Full",0.7631611824035645,0.08000016212463379,0.20264983177185059
"Learned (U-Net), Full",0.7594389915466309,0.09863758087158203,0.1979656219482422
"Learned (U-Net), Full",0.7369313538074493,0.12225037813186646,0.23444747924804688
"Learned (U-Net), Full",0.7195484042167664,0.09575587511062622,0.132310152053833
"Learned (U-Net), Full",0.7830379009246826,0.19702452421188354,0.376906156539917
"Learned (U-Net), Full",0.7133824229240417,0.21016985177993774,0.3325233459472656
"Learned (U-Net), Full",0.5007973313331604,0.065235435962677,0.04249167442321777
"Learned (U-Net), Full",0.474408894777298,0.05832970142364502,0.0013852119445800781
"Learned (U-Net), Full",0.48043014109134674,0.027620553970336914,0.01806044578552246
"Learned (U-Net), Full",0.4910930097103119,0.10630875825881958,0.01320505142211914
"Learned (U-Net), Full",0.5373424887657166,0.01699507236480713,0.005413532257080078
"Learned (U-Net), Full",0.5103164315223694,0.06773108243942261,0.02515852451324463
"Learned (U-Net), Full",0.46990127861499786,0.06413513422012329,0.15925264358520508
"Learned (U-Net), Full",0.4970611333847046,0.06728565692901611,0.05843496322631836
"Learned (U-Net), Full",0.4613710045814514,0.01842719316482544,0.0465695858001709
"Learned (U-Net), Full",0.5277230441570282,0.061484694480895996,0.10203742980957031
"Learned (U-Net), Full",0.535574197769165,0.06620651483535767,0.08328139781951904
"Learned (U-Net), Full",0.47321972250938416,0.06694400310516357,0.030051231384277344
"Learned (U-Net), Full",0.5165480971336365,0.0025000572204589844,0.03544354438781738
"Learned (U-Net), Full",0.4688424617052078,0.07326281070709229,0.04587960243225098
"Learned (U-Net), Full",0.5684847235679626,0.10185509920120239,0.17598748207092285
"Learned (U-Net), Full",0.5325008034706116,0.03383588790893555,0.008303642272949219
"Learned (U-Net), Full",0.495152547955513,0.07232236862182617,0.0337752103805542
"Learned (U-Net), Full",0.502994954586029,0.06738811731338501,0.002054929733276367
"Learned (U-Net), Full",0.4984948933124542,0.06638842821121216,0.1038888692855835
"Learned (U-Net), Full",0.5093228667974472,0.03794342279434204,0.05377519130706787
"Learned (U-Net), Full",0.5074467360973358,0.09594130516052246,0.21809959411621094
"Learned (U-Net), Full",0.504501223564148,0.07644158601760864,0.0725024938583374
"Learned (U-Net), Full",0.4989513158798218,0.09602481126785278,0.008516788482666016
"Learned (U-Net), Full",0.5042888969182968,0.05676084756851196,0.04056346416473389
"Learned (U-Net), Full",0.44173699617385864,0.02463829517364502,0.026726126670837402
"Learned (U-Net), Full",0.5424781441688538,0.03331553936004639,0.08828318119049072
"Learned (U-Net), Full",0.5071799755096436,0.05757796764373779,0.12733745574951172
"Learned (U-Net), Full",0.48598361015319824,0.006408751010894775,0.018845200538635254
"Learned (U-Net), Full",0.4939194619655609,0.05338025093078613,0.10008072853088379
"Learned (U-Net), Full",0.5042657256126404,0.031946659088134766,0.04829859733581543
"Learned (U-Net), Full",0.5093889236450195,0.037877798080444336,0.10201609134674072
"Learned (U-Net), Full",0.5220111906528473,0.07487070560455322,0.21504747867584229
"Learned (U-Net), Full",0.48024827241897583,0.033891499042510986,0.160425066947937
"Learned (U-Net), Full",0.5234037041664124,0.03418934345245361,0.14704680442810059
"Learned (U-Net), Full",0.504395604133606,0.06483054161071777,0.018665790557861328
"Learned (U-Net), Full",0.48992738127708435,0.07768291234970093,0.3199204206466675
"Learned (U-Net), Full",0.5224675536155701,0.028806746006011963,0.06832325458526611
"Learned (U-Net), Full",0.49970492720603943,0.07681787014007568,0.1657618284225464
"Learned (U-Net), Full",0.5178772807121277,0.06285500526428223,0.10079514980316162
"Learned (U-Net), Full",0.5220586359500885,0.07218396663665771,0.1761786937713623
"Learned (U-Net), Full",0.47605837881565094,0.03515714406967163,0.15918564796447754
"Learned (U-Net), Full",0.4864235520362854,0.05429261922836304,0.006478428840637207
"Learned (U-Net), Full",0.46942029893398285,0.01957261562347412,0.027886629104614258
"Learned (U-Net), Full",0.5175241827964783,0.026752173900604248,0.15432226657867432
"Learned (U-Net), Full",0.554043173789978,0.04789328575134277,0.2575725317001343
"Learned (U-Net), Full",0.5004144608974457,0.02906733751296997,0.005773782730102539
"Learned (U-Net), Full",0.47388744354248047,0.037152767181396484,0.03858804702758789
"Learned (U-Net), Full",0.4892374128103256,0.04132324457168579,0.0865929126739502
"Learned (U-Net), Full",0.48145192861557007,0.0017145872116088867,0.023176908493041992
"Learned (U-Net), Full",0.5218122005462646,0.12074041366577148,0.1109623908996582
"Learned (U-Net), Full",0.49015289545059204,0.03226214647293091,0.04439210891723633
"Learned (U-Net), Full",0.4995240420103073,0.03238880634307861,0.005391836166381836
"Learned (U-Net), Full",0.49254293739795685,0.015048980712890625,0.11272573471069336
"Learned (U-Net), Full",0.4965988099575043,0.11626332998275757,0.1851717233657837
"Learned (U-Net), Full",0.48233412206172943,0.0586622953414917,0.026173830032348633
"Learned (U-Net), Full",0.5031013190746307,0.07548373937606812,0.13808488845825195
"Learned (U-Net), Full",0.4738043546676636,0.09330183267593384,0.0773458480834961
"Learned (U-Net), Full",0.5254611521959305,0.11287260055541992,0.06361746788024902
"Learned (U-Net), Full",0.4770966172218323,0.041244298219680786,0.005463600158691406
"Learned (U-Net), Full",0.5109201669692993,0.022901594638824463,0.02343010902404785
"Learned (U-Net), Full",1.6312235593795776,0.5035711526870728,0.41879892349243164
"Learned (U-Net), Full",1.6484178304672241,0.6150823831558228,1.0539767742156982
"Learned (U-Net), Full",1.6619686484336853,0.6571532487869263,1.0467422008514404
"Learned (U-Net), Full",1.661449134349823,0.46390771865844727,0.5175645351409912
"Learned (U-Net), Full",1.6079304218292236,0.5216577053070068,0.7497532367706299
"Learned (U-Net), Full",1.662304699420929,0.42708563804626465,0.6801214218139648
"Learned (U-Net), Full",1.679612636566162,0.5388556718826294,0.7458446025848389
"Learned (U-Net), Full",1.6443706154823303,0.7085057497024536,1.0285327434539795
"Learned (U-Net), Full",1.6115686893463135,0.6261546611785889,0.8221793174743652
"Learned (U-Net), Full",1.6331133246421814,0.6054716110229492,0.9869499206542969
"Learned (U-Net), Full",1.6637921929359436,0.4844236373901367,0.6833939552307129
"Learned (U-Net), Full",1.6749338507652283,0.4337528944015503,0.7684299945831299
"Learned (U-Net), Full",1.6839864253997803,0.43722081184387207,0.4438161849975586
"Learned (U-Net), Full",1.6488204598426819,0.4190995693206787,0.6487438678741455
"Learned (U-Net), Full",1.6767653226852417,0.5107359886169434,0.6513750553131104
"Learned (U-Net), Full",1.650941252708435,0.47866857051849365,0.6284475326538086
"Learned (U-Net), Full",1.7262256741523743,0.6219556331634521,0.5836248397827148
"Learned (U-Net), Full",1.5942453145980835,0.56822669506073,0.5236198902130127
"Learned (U-Net), Full",1.7505205869674683,0.4789358377456665,0.31537628173828125
"Learned (U-Net), Full",1.603484570980072,0.4103595018386841,0.3374319076538086
"Learned (U-Net), Full",1.6641128063201904,0.6896570920944214,0.4728691577911377
"Learned (U-Net), Full",1.6890958547592163,0.654240608215332,0.6000781059265137
"Learned (U-Net), Full",1.7199863195419312,0.5348845720291138,0.450836181640625
"Learned (U-Net), Full",1.6018948554992676,0.6125786304473877,0.5911333560943604
"Learned (U-Net), Full",1.6991838812828064,0.631722092628479,0.5873291492462158
"Learned (U-Net), Full",1.6280596852302551,0.4819042682647705,0.42351269721984863
"Learned (U-Net), Full",1.6318076848983765,0.4222601652145386,0.3615250587463379
"Learned (U-Net), Full",1.6145920157432556,0.3418327569961548,0.3730945587158203
"Learned (U-Net), Full",1.7562451362609863,0.475628137588501,0.21659159660339355
"Learned (U-Net), Full",1.6230312585830688,0.37251007556915283,0.3200106620788574
"Learned (U-Net), Full",1.6649601459503174,0.6611462831497192,0.2701902389526367
"Learned (U-Net), Full",1.6850368976593018,0.33931469917297363,0.06947469711303711
"Learned (U-Net), Full",1.7292894124984741,0.6834040880203247,0.18568897247314453
"Learned (U-Net), Full",1.6270285248756409,0.6442729234695435,0.24718093872070312
"Learned (U-Net), Full",1.7372258305549622,0.43687474727630615,0.030663013458251953
"Learned (U-Net), Full",1.6046385765075684,0.5909656286239624,0.35883212089538574
"Learned (U-Net), Full",1.6780292987823486,0.6158559322357178,0.22320008277893066
"Learned (U-Net), Full",1.5991644859313965,0.5507208108901978,0.2007293701171875
"Learned (U-Net), Full",1.5857263803482056,0.557706356048584,0.23662137985229492
"Learned (U-Net), Full",1.6621320247650146,0.8160374760627747,0.5001482963562012
"Learned (U-Net), Full",1.7070632576942444,0.39845120906829834,0.06079387664794922
"Learned (U-Net), Full",1.714267075061798,0.5021389722824097,0.021716594696044922
"Learned (U-Net), Full",1.5785126686096191,0.5814939737319946,0.3994181156158447
"Learned (U-Net), Full",1.6198135614395142,0.6109141111373901,0.25427913665771484
"Learned (U-Net), Full",1.634236216545105,0.4223968982696533,0.16283512115478516
"Learned (U-Net), Full",1.6345141530036926,0.7074624300003052,1.2440588474273682
"Learned (U-Net), Full",1.6836456656455994,0.40459144115448,0.9064955711364746
"Learned (U-Net), Full",1.7010663747787476,0.4048961400985718,0.7226228713989258
"Learned (U-Net), Full",1.7053375840187073,0.49860382080078125,0.8986563682556152
"Learned (U-Net), Full",1.6607268452644348,0.3157789707183838,0.5820050239562988
"Learned (U-Net), Full",1.6184968948364258,0.4852781295776367,0.6318831443786621
"Learned (U-Net), Full",1.7305325865745544,0.5045771598815918,0.8189191818237305
"Learned (U-Net), Full",1.7076457738876343,0.6138195991516113,0.9549129009246826
"Learned (U-Net), Full",1.6392345428466797,0.4471778869628906,0.7246570587158203
"Learned (U-Net), Full",1.538102626800537,0.6433687210083008,0.9629077911376953
"Learned (U-Net), Full",1.6953105330467224,0.41007113456726074,0.7266941070556641
"Learned (U-Net), Full",1.6367031335830688,0.605252742767334,0.9258804321289062
"Learned (U-Net), Full",1.7116280794143677,0.6875904202461243,1.3569068908691406
"Learned (U-Net), Full",1.7306756973266602,0.3946220874786377,0.8289046287536621
"Learned (U-Net), Full",1.6527838706970215,0.43229538202285767,0.7287073135375977
"Learned (U-Net), Full",1.190712332725525,0.16949915885925293,0.44422411918640137
"Learned (U-Net), Full",1.2204867005348206,0.10568678379058838,0.07117605209350586
"Learned (U-Net), Full",1.2213868498802185,0.20178723335266113,0.3036510944366455
"Learned (U-Net), Full",1.2818840742111206,0.18806672096252441,0.13845348358154297
"Learned (U-Net), Full",1.246204435825348,0.19612205028533936,0.15408802032470703
"Learned (U-Net), Full",1.1740766763687134,0.14105379581451416,0.33886241912841797
"Learned (U-Net), Full",1.2184343338012695,0.11755239963531494,0.17967796325683594
"Learned (U-Net), Full",1.2821599245071411,0.08898067474365234,0.12860703468322754
"Learned (U-Net), Full",1.2792173624038696,0.21985399723052979,0.2094874382019043
"Learned (U-Net), Full",1.2178493738174438,0.1162881851196289,0.05549144744873047
"Learned (U-Net), Full",1.2639586925506592,0.16610658168792725,0.28838491439819336
"Learned (U-Net), Full",1.2196658253669739,0.19551408290863037,0.17580223083496094
"Learned (U-Net), Full",1.2422990202903748,0.15174293518066406,0.2523317337036133
"Learned (U-Net), Full",1.1930354237556458,0.26581406593322754,0.395843505859375
"Learned (U-Net), Full",1.2606419324874878,0.11851179599761963,0.11111068725585938
"Learned (U-Net), Full",1.2520288228988647,0.12909245491027832,0.2244126796722412
"Learned (U-Net), Full",1.2353416085243225,0.319866418838501,0.507798433303833
"Learned (U-Net), Full",1.3357474207878113,0.16839981079101562,0.01526331901550293
"Learned (U-Net), Full",1.274732530117035,0.2555215358734131,0.37322568893432617
"Learned (U-Net), Full",1.137204110622406,0.15987348556518555,0.13620615005493164
"Learned (U-Net), Full",1.3252491354942322,0.12061071395874023,0.03211045265197754
"Learned (U-Net), Full",1.177676796913147,0.29627835750579834,0.26426100730895996
"Learned (U-Net), Full",1.1989890336990356,0.14027738571166992,0.03444695472717285
"Learned (U-Net), Full",1.2639986872673035,0.1671963930130005,0.06012678146362305
"Learned (U-Net), Full",1.2682301998138428,0.159562349319458,0.13907694816589355
"Learned (U-Net), Full",1.2123486399650574,0.24637770652770996,0.20031285285949707
"Learned (U-Net), Full",1.2783623933792114,0.14138472080230713,0.22066783905029297
"Learned (U-Net), Full",1.2545497417449951,0.21234357357025146,0.07718038558959961
"Learned (U-Net), Full",1.3329875469207764,0.2344663143157959,0.2528879642486572
"Learned (U-Net), Full",1.2011266350746155,0.27510809898376465,0.33568239212036133
"Learned (U-Net), Full",1.2355337142944336,0.2640101909637451,0.05797696113586426
"Learned (U-Net), Full",1.2706445455551147,0.14620018005371094,0.16205453872680664
"Learned (U-Net), Full",1.3080012798309326,0.19628596305847168,0.20652294158935547
"Learned (U-Net), Full",1.2655861377716064,0.1562049388885498,0.47218990325927734
"Learned (U-Net), Full",1.248705267906189,0.1816248893737793,0.30616068840026855
"Learned (U-Net), Full",1.2109962105751038,0.08326458930969238,0.09670805931091309
"Learned (U-Net), Full",1.3255926370620728,0.26300227642059326,0.5702915191650391
"Learned (U-Net), Full",1.248736321926117,0.2015324831008911,0.029080867767333984
"Learned (U-Net), Full",1.1610161662101746,0.10441923141479492,0.05517077445983887
"Learned (U-Net), Full",1.1906833052635193,0.013445138931274414,0.1652355194091797
"Learned (U-Net), Full",1.260258436203003,0.17797589302062988,0.0038559436798095703
"Learned (U-Net), Full",1.2375825643539429,0.17998886108398438,0.09474635124206543
"Learned (U-Net), Full",1.2518031001091003,0.21985065937042236,0.14872360229492188
"Learned (U-Net), Full",1.207924246788025,0.22661149501800537,0.14525365829467773
"Learned (U-Net), Full",1.2540309429168701,0.10792481899261475,0.2339777946472168
"Learned (U-Net), Full",1.2420275211334229,0.13603055477142334,0.36281538009643555
"Learned (U-Net), Full",1.3181633949279785,0.17839372158050537,0.2636227607727051
"Learned (U-Net), Full",1.2887084484100342,0.1924041509628296,0.37691831588745117
"Learned (U-Net), Full",1.185248851776123,0.285503625869751,0.7236263751983643
"Learned (U-Net), Full",1.1790732741355896,0.14808142185211182,0.32830190658569336
"Learned (U-Net), Full",1.2362752556800842,0.15542948246002197,0.23581600189208984
"Learned (U-Net), Full",1.2344772219657898,0.13653719425201416,0.2569465637207031
"Learned (U-Net), Full",1.2501986622810364,0.17124807834625244,0.31276893615722656
"Learned (U-Net), Full",1.232789397239685,0.11053121089935303,0.014986991882324219
"Learned (U-Net), Full",1.203309178352356,0.12520217895507812,0.1903367042541504
"Learned (U-Net), Full",1.2276663780212402,0.10551214218139648,0.1362452507019043
"Learned (U-Net), Full",1.1798534393310547,0.15196895599365234,0.26888322830200195
"Learned (U-Net), Full",1.2817718386650085,0.20982789993286133,0.12999439239501953
"Learned (U-Net), Full",1.2161595225334167,0.1549210548400879,0.2570219039916992
"Learned (U-Net), Full",1.1556583642959595,0.1921231746673584,0.4653754234313965
"Learned (U-Net), Full",1.3009517788887024,0.3232816457748413,0.5078377723693848
"Learned (U-Net), Full",1.2915315628051758,0.23010599613189697,0.24071621894836426
"Learned (U-Net), Full",1.2932376861572266,0.3784356117248535,0.6386337280273438
"Learned (U-Net), Full",1.3491253852844238,0.2874011993408203,0.48886847496032715
"Learned (U-Net), Full",1.3525838255882263,0.2969491481781006,0.37125730514526367
"Learned (U-Net), Full",1.2879443168640137,0.32050585746765137,0.3696889877319336
"Learned (U-Net), Full",1.277557611465454,0.28446483612060547,0.4122130870819092
"Learned (U-Net), Full",1.324486792087555,0.23132658004760742,0.2554011344909668
"Learned (U-Net), Full",1.3662315011024475,0.2711220979690552,0.39116597175598145
"Learned (U-Net), Full",1.3525163531303406,0.32679855823516846,0.5401694774627686
"Learned (U-Net), Full",1.3762944340705872,0.2756274938583374,0.3447389602661133
"Learned (U-Net), Full",1.3602533340454102,0.3250309228897095,0.3447685241699219
"Learned (U-Net), Full",1.3128266334533691,0.28717470169067383,0.3955097198486328
"Learned (U-Net), Full",1.272792637348175,0.3482474088668823,0.367281436920166
"Learned (U-Net), Full",1.3484951257705688,0.23388421535491943,0.3584167957305908
"Learned (U-Net), Full",1.4162665605545044,0.27896368503570557,0.08695244789123535
"Learned (U-Net), Full",1.212216556072235,0.2868771553039551,0.3286888599395752
"Learned (U-Net), Full",1.3214306235313416,0.2212998867034912,0.2467365264892578
"Learned (U-Net), Full",1.2823110818862915,0.414408802986145,0.5056130886077881
"Learned (U-Net), Full",1.2487308382987976,0.23644745349884033,0.25106191635131836
"Learned (U-Net), Full",1.3155752420425415,0.2610691785812378,0.19612812995910645
"Learned (U-Net), Full",1.346802294254303,0.2871342897415161,0.20479750633239746
"Learned (U-Net), Full",1.311288833618164,0.3335374593734741,0.2723851203918457
"Learned (U-Net), Full",1.3121509552001953,0.25454699993133545,0.15110111236572266
"Learned (U-Net), Full",1.3548054099082947,0.3303983211517334,0.16279864311218262
"Learned (U-Net), Full",1.285175383090973,0.2720843553543091,0.4052543640136719
"Learned (U-Net), Full",1.2485263347625732,0.3339211940765381,0.49173903465270996
"Learned (U-Net), Full",1.3442845940589905,0.2235550880432129,0.04917597770690918
"Learned (U-Net), Full",1.3211715817451477,0.22682642936706543,0.2663266658782959
"Learned (U-Net), Full",1.2948408126831055,0.25352394580841064,0.29720163345336914
"Learned (U-Net), Full",1.3335201740264893,0.33924663066864014,0.1226050853729248
"Learned (U-Net), Full",1.3379220366477966,0.3590874671936035,0.17213845252990723
"Learned (U-Net), Full",1.2904351353645325,0.36070549488067627,0.21549010276794434
"Learned (U-Net), Full",1.3646783828735352,0.30129945278167725,0.05581188201904297
"Learned (U-Net), Full",1.358453631401062,0.2500174045562744,0.01619696617126465
"Learned (U-Net), Full",1.3299877643585205,0.35724711418151855,0.17611312866210938
"Learned (U-Net), Full",1.2876296043395996,0.23100268840789795,0.11894798278808594
"Learned (U-Net), Full",1.283154547214508,0.3732767105102539,0.2197575569152832
"Learned (U-Net), Full",1.2717556357383728,0.26094698905944824,0.07110977172851562
"Learned (U-Net), Full",1.288224220275879,0.3642923831939697,0.1753537654876709
"Learned (U-Net), Full",1.379611849784851,0.1795027256011963,0.13149285316467285
"Learned (U-Net), Full",1.2881107330322266,0.23019897937774658,0.042122840881347656
"Learned (U-Net), Full",1.3421123623847961,0.30913853645324707,0.06399154663085938
"Learned (U-Net), Full",1.3138505220413208,0.3512500524520874,0.09614443778991699
"Learned (U-Net), Full",1.3269752860069275,0.29894542694091797,0.0672914981842041
"Learned (U-Net), Full",1.3277605772018433,0.39508628845214844,0.5448946952819824
"Learned (U-Net), Full",1.3691339492797852,0.28587889671325684,0.46193552017211914
"Learned (U-Net), Full",1.325283706188202,0.5099399089813232,0.7950549125671387
"Learned (U-Net), Full",1.3155221939086914,0.3094981908798218,0.43105268478393555
"Learned (U-Net), Full",1.3257546424865723,0.29608094692230225,0.5376958847045898
"Learned (U-Net), Full",1.3540453910827637,0.3183431625366211,0.5261883735656738
"Learned (U-Net), Full",1.2992812395095825,0.3418480157852173,0.5373415946960449
"Learned (U-Net), Full",1.3343902230262756,0.2313300371170044,0.3558542728424072
"Learned (U-Net), Full",1.2985355257987976,0.2664376497268677,0.4243783950805664
"Learned (U-Net), Full",1.3436787724494934,0.38374197483062744,0.6801743507385254
"Learned (U-Net), Full",1.3425983786582947,0.26129722595214844,0.4251084327697754
"Learned (U-Net), Full",1.3542121052742004,0.27778375148773193,0.5059003829956055
"Learned (U-Net), Full",1.305798351764679,0.26327836513519287,0.629819393157959
"Learned (U-Net), Full",1.3031380772590637,0.4100393056869507,0.7005939483642578
"Learned (U-Net), Full",1.3117454051971436,0.2749136686325073,0.5353326797485352
"Learned (U-Net), Full",0.8164646625518799,0.1415081024169922,0.07610893249511719
"Learned (U-Net), Full",0.7747387886047363,0.0616687536239624,0.05332374572753906
"Learned (U-Net), Full",0.7566253840923309,0.039159417152404785,0.01764822006225586
"Learned (U-Net), Full",0.7528718113899231,0.08513951301574707,0.15714168548583984
"Learned (U-Net), Full",0.8200763761997223,0.10082745552062988,0.0360112190246582
"Learned (U-Net), Full",0.7511182129383087,0.0490880012512207,0.09381341934204102
"Learned (U-Net), Full",0.801070362329483,0.05089879035949707,0.07052135467529297
"Learned (U-Net), Full",0.7988289594650269,0.055074095726013184,0.03532004356384277
"Learned (U-Net), Full",0.7865850925445557,0.05943751335144043,0.05104470252990723
"Learned (U-Net), Full",0.8092630207538605,0.03447520732879639,0.012831687927246094
"Learned (U-Net), Full",0.8212378323078156,0.042685747146606445,0.03280305862426758
"Learned (U-Net), Full",0.7581072747707367,0.018797993659973145,0.05019569396972656
"Learned (U-Net), Full",0.8203451037406921,0.06638514995574951,0.07250833511352539
"Learned (U-Net), Full",0.8149344027042389,0.10124242305755615,0.10993719100952148
"Learned (U-Net), Full",0.7604093253612518,0.06663012504577637,0.028725862503051758
"Learned (U-Net), Full",0.7543653547763824,0.08282554149627686,0.023871660232543945
"Learned (U-Net), Full",0.7972061038017273,0.08957529067993164,0.10479021072387695
"Learned (U-Net), Full",0.7729445397853851,0.059895873069763184,0.1474313735961914
"Learned (U-Net), Full",0.8600358963012695,0.1594252586364746,0.21676921844482422
"Learned (U-Net), Full",0.7633382380008698,0.14694464206695557,0.10789132118225098
"Learned (U-Net), Full",0.8493199944496155,0.012710332870483398,0.05756211280822754
"Learned (U-Net), Full",0.7824608087539673,0.09014463424682617,0.1712501049041748
"Learned (U-Net), Full",0.8031301200389862,0.08238422870635986,0.09874391555786133
"Learned (U-Net), Full",0.7938142418861389,0.08044350147247314,0.08467459678649902
"Learned (U-Net), Full",0.7296769917011261,0.04931914806365967,0.037325143814086914
"Learned (U-Net), Full",0.7999787628650665,0.07400274276733398,0.1372532844543457
"Learned (U-Net), Full",0.8137137293815613,0.026980161666870117,0.01800537109375
"Learned (U-Net), Full",0.8403667211532593,0.09765160083770752,0.12352395057678223
"Learned (U-Net), Full",0.7773297131061554,0.08237552642822266,0.08623170852661133
"Learned (U-Net), Full",0.7688995599746704,0.15828490257263184,0.05808901786804199
"Learned (U-Net), Full",0.6990188658237457,0.0866997241973877,0.06304407119750977
"Learned (U-Net), Full",0.7782512307167053,0.09633612632751465,0.17705130577087402
"Learned (U-Net), Full",0.7702322602272034,0.08139848709106445,0.10420489311218262
"Learned (U-Net), Full",0.7519267797470093,0.0372922420501709,0.09805417060852051
"Learned (U-Net), Full",0.8065159916877747,0.14781582355499268,0.1290874481201172
"Learned (U-Net), Full",0.7950422167778015,0.08988213539123535,0.07094287872314453
"Learned (U-Net), Full",0.8185797929763794,0.06510663032531738,0.15525317192077637
"Learned (U-Net), Full",0.8845864534378052,0.17259669303894043,0.22075629234313965
"Learned (U-Net), Full",0.7915191054344177,0.10728847980499268,0.10387349128723145
"Learned (U-Net), Full",0.7922320663928986,0.11169397830963135,0.08344841003417969
"Learned (U-Net), Full",0.7391471862792969,0.08908557891845703,0.0111083984375
"Learned (U-Net), Full",0.7508206963539124,0.05046367645263672,0.1614220142364502
"Learned (U-Net), Full",0.8125478625297546,0.05909419059753418,0.11933183670043945
"Learned (U-Net), Full",0.7889388501644135,0.008826255798339844,0.10427379608154297
"Learned (U-Net), Full",0.7894929051399231,0.019749879837036133,0.00998234748840332
"Learned (U-Net), Full",0.7707119584083557,0.06704330444335938,0.09958267211914062
"Learned (U-Net), Full",0.7316971719264984,0.03728377819061279,0.10063028335571289
"Learned (U-Net), Full",0.8136254549026489,0.08687102794647217,0.20116162300109863
"Learned (U-Net), Full",0.8295615613460541,0.023323535919189453,0.1349811553955078
"Learned (U-Net), Full",0.8303544223308563,0.03814685344696045,0.050048828125
"Learned (U-Net), Full",0.8203139305114746,0.07173550128936768,0.10787844657897949
"Learned (U-Net), Full",0.7555737793445587,0.058983683586120605,0.03349781036376953
"Learned (U-Net), Full",0.7829893529415131,0.05546081066131592,0.0992279052734375
"Learned (U-Net), Full",0.8442592918872833,0.1438138484954834,0.01606273651123047
"Learned (U-Net), Full",0.8128301799297333,0.15975511074066162,0.06780266761779785
"Learned (U-Net), Full",0.7491922676563263,0.03659844398498535,0.01014566421508789
"Learned (U-Net), Full",0.7796063721179962,0.011594176292419434,0.042471885681152344
"Learned (U-Net), Full",0.8042792081832886,0.0716480016708374,0.05757284164428711
"Learned (U-Net), Full",0.793705016374588,0.08475601673126221,0.10717010498046875
"Learned (U-Net), Full",0.7615318894386292,0.03962397575378418,0.09799480438232422
