### exp2 start 16:56:55
Training configs: 32  (sigma x xi x alpha x rho grid)
Training set: 480 paired items

=== Training variant 'seg-only' seed 0 ===
  [seg-only seed=0] epoch 1/40 loss=9.3521 (2.5s)
  [seg-only seed=0] epoch 2/40 loss=6.1612 (4.5s)
  [seg-only seed=0] epoch 3/40 loss=5.9790 (6.5s)
  [seg-only seed=0] epoch 4/40 loss=5.9292 (8.4s)
  [seg-only seed=0] epoch 5/40 loss=5.9124 (10.3s)
  [seg-only seed=0] epoch 6/40 loss=5.9031 (12.3s)
  [seg-only seed=0] epoch 7/40 loss=5.8984 (14.3s)
  [seg-only seed=0] epoch 8/40 loss=5.8931 (16.2s)
  [seg-only seed=0] epoch 9/40 loss=5.8897 (18.2s)
  [seg-only seed=0] epoch 10/40 loss=5.8866 (20.1s)
  [seg-only seed=0] epoch 11/40 loss=5.8841 (22.1s)
  [seg-only seed=0] epoch 12/40 loss=5.8807 (24.0s)
  [seg-only seed=0] epoch 13/40 loss=5.8783 (25.9s)
  [seg-only seed=0] epoch 14/40 loss=5.8751 (27.9s)
  [seg-only seed=0] epoch 15/40 loss=5.8728 (29.9s)
  [seg-only seed=0] epoch 16/40 loss=5.8697 (31.9s)
  [seg-only seed=0] epoch 17/40 loss=5.8677 (33.8s)
  [seg-only seed=0] epoch 18/40 loss=5.8660 (35.8s)
  [seg-only seed=0] epoch 19/40 loss=5.8651 (37.7s)
  [seg-only seed=0] epoch 20/40 loss=5.8641 (39.7s)
  [seg-only seed=0] epoch 21/40 loss=5.8621 (41.7s)
  [seg-only seed=0] epoch 22/40 loss=5.8615 (43.7s)
  [seg-only seed=0] epoch 23/40 loss=5.8601 (45.7s)
  [seg-only seed=0] epoch 24/40 loss=5.8598 (47.7s)
  [seg-only seed=0] epoch 25/40 loss=5.8579 (49.8s)
  [seg-only seed=0] epoch 26/40 loss=5.8576 (51.7s)
  [seg-only seed=0] epoch 27/40 loss=5.8562 (53.7s)
  [seg-only seed=0] epoch 28/40 loss=5.8552 (55.7s)
  [seg-only seed=0] epoch 29/40 loss=5.8551 (57.7s)
  [seg-only seed=0] epoch 30/40 loss=5.8542 (59.7s)
  [seg-only seed=0] epoch 31/40 loss=5.8535 (61.7s)
  [seg-only seed=0] epoch 32/40 loss=5.8516 (63.7s)
  [seg-only seed=0] epoch 33/40 loss=5.8513 (65.7s)
  [seg-only seed=0] epoch 34/40 loss=5.8504 (67.6s)
  [seg-only seed=0] epoch 35/40 loss=5.8502 (69.6s)
  [seg-only seed=0] epoch 36/40 loss=5.8490 (71.6s)
  [seg-only seed=0] epoch 37/40 loss=5.8485 (73.6s)
  [seg-only seed=0] epoch 38/40 loss=5.8479 (75.6s)
  [seg-only seed=0] epoch 39/40 loss=5.8477 (77.5s)
  [seg-only seed=0] epoch 40/40 loss=5.8479 (79.5s)

=== Training variant 'seg-only' seed 1 ===
  [seg-only seed=1] epoch 1/40 loss=8.3169 (1.9s)
  [seg-only seed=1] epoch 2/40 loss=6.1661 (3.8s)
  [seg-only seed=1] epoch 3/40 loss=6.0250 (5.5s)
  [seg-only seed=1] epoch 4/40 loss=5.9720 (7.2s)
  [seg-only seed=1] epoch 5/40 loss=5.9448 (9.0s)
  [seg-only seed=1] epoch 6/40 loss=5.9288 (10.7s)
  [seg-only seed=1] epoch 7/40 loss=5.9199 (12.4s)
  [seg-only seed=1] epoch 8/40 loss=5.9136 (14.2s)
  [seg-only seed=1] epoch 9/40 loss=5.9069 (15.9s)
  [seg-only seed=1] epoch 10/40 loss=5.9030 (17.8s)
  [seg-only seed=1] epoch 11/40 loss=5.8986 (19.7s)
  [seg-only seed=1] epoch 12/40 loss=5.8953 (21.6s)
  [seg-only seed=1] epoch 13/40 loss=5.8930 (23.5s)
  [seg-only seed=1] epoch 14/40 loss=5.8896 (25.4s)
  [seg-only seed=1] epoch 15/40 loss=5.8868 (27.3s)
  [seg-only seed=1] epoch 16/40 loss=5.8849 (29.2s)
  [seg-only seed=1] epoch 17/40 loss=5.8824 (31.1s)
  [seg-only seed=1] epoch 18/40 loss=5.8799 (33.0s)
  [seg-only seed=1] epoch 19/40 loss=5.8784 (34.9s)
  [seg-only seed=1] epoch 20/40 loss=5.8769 (36.8s)
  [seg-only seed=1] epoch 21/40 loss=5.8750 (38.7s)
  [seg-only seed=1] epoch 22/40 loss=5.8737 (40.6s)
  [seg-only seed=1] epoch 23/40 loss=5.8717 (42.5s)
  [seg-only seed=1] epoch 24/40 loss=5.8701 (44.4s)
  [seg-only seed=1] epoch 25/40 loss=5.8683 (46.3s)
  [seg-only seed=1] epoch 26/40 loss=5.8678 (48.2s)
  [seg-only seed=1] epoch 27/40 loss=5.8654 (50.1s)
  [seg-only seed=1] epoch 28/40 loss=5.8646 (52.0s)
  [seg-only seed=1] epoch 29/40 loss=5.8627 (53.9s)
  [seg-only seed=1] epoch 30/40 loss=5.8602 (55.8s)
  [seg-only seed=1] epoch 31/40 loss=5.8599 (57.7s)
  [seg-only seed=1] epoch 32/40 loss=5.8588 (59.6s)
  [seg-only seed=1] epoch 33/40 loss=5.8576 (61.5s)
  [seg-only seed=1] epoch 34/40 loss=5.8578 (63.5s)
  [seg-only seed=1] epoch 35/40 loss=5.8563 (65.4s)
  [seg-only seed=1] epoch 36/40 loss=5.8549 (67.3s)
  [seg-only seed=1] epoch 37/40 loss=5.8537 (69.3s)
  [seg-only seed=1] epoch 38/40 loss=5.8537 (71.4s)
  [seg-only seed=1] epoch 39/40 loss=5.8529 (73.4s)
  [seg-only seed=1] epoch 40/40 loss=5.8537 (75.3s)

=== Training variant 'seg-only' seed 2 ===
  [seg-only seed=2] epoch 1/40 loss=9.0429 (1.9s)
  [seg-only seed=2] epoch 2/40 loss=6.2102 (3.8s)
  [seg-only seed=2] epoch 3/40 loss=6.0348 (5.7s)
  [seg-only seed=2] epoch 4/40 loss=5.9643 (7.6s)
  [seg-only seed=2] epoch 5/40 loss=5.9277 (9.5s)
  [seg-only seed=2] epoch 6/40 loss=5.9099 (11.4s)
  [seg-only seed=2] epoch 7/40 loss=5.8985 (13.3s)
  [seg-only seed=2] epoch 8/40 loss=5.8909 (15.2s)
  [seg-only seed=2] epoch 9/40 loss=5.8851 (17.1s)
  [seg-only seed=2] epoch 10/40 loss=5.8817 (19.0s)
  [seg-only seed=2] epoch 11/40 loss=5.8781 (20.9s)
  [seg-only seed=2] epoch 12/40 loss=5.8753 (22.7s)
  [seg-only seed=2] epoch 13/40 loss=5.8725 (24.4s)
  [seg-only seed=2] epoch 14/40 loss=5.8710 (26.2s)
  [seg-only seed=2] epoch 15/40 loss=5.8688 (27.9s)
  [seg-only seed=2] epoch 16/40 loss=5.8675 (29.7s)
  [seg-only seed=2] epoch 17/40 loss=5.8655 (31.4s)
  [seg-only seed=2] epoch 18/40 loss=5.8645 (33.3s)
  [seg-only seed=2] epoch 19/40 loss=5.8648 (35.2s)
  [seg-only seed=2] epoch 20/40 loss=5.8624 (37.1s)
  [seg-only seed=2] epoch 21/40 loss=5.8608 (39.0s)
  [seg-only seed=2] epoch 22/40 loss=5.8604 (40.9s)
  [seg-only seed=2] epoch 23/40 loss=5.8595 (42.8s)
  [seg-only seed=2] epoch 24/40 loss=5.8599 (44.7s)
  [seg-only seed=2] epoch 25/40 loss=5.8580 (46.6s)
  [seg-only seed=2] epoch 26/40 loss=5.8574 (48.6s)
  [seg-only seed=2] epoch 27/40 loss=5.8560 (50.5s)
  [seg-only seed=2] epoch 28/40 loss=5.8550 (52.4s)
  [seg-only seed=2] epoch 29/40 loss=5.8544 (54.3s)
  [seg-only seed=2] epoch 30/40 loss=5.8525 (56.2s)
  [seg-only seed=2] epoch 31/40 loss=5.8514 (58.1s)
  [seg-only seed=2] epoch 32/40 loss=5.8508 (60.0s)
  [seg-only seed=2] epoch 33/40 loss=5.8498 (61.9s)
  [seg-only seed=2] epoch 34/40 loss=5.8485 (63.8s)
  [seg-only seed=2] epoch 35/40 loss=5.8476 (65.7s)
  [seg-only seed=2] epoch 36/40 loss=5.8472 (67.6s)
  [seg-only seed=2] epoch 37/40 loss=5.8463 (69.6s)
  [seg-only seed=2] epoch 38/40 loss=5.8456 (71.5s)
  [seg-only seed=2] epoch 39/40 loss=5.8462 (73.4s)
  [seg-only seed=2] epoch 40/40 loss=5.8445 (75.2s)

=== Training variant 'seg+pos' seed 0 ===
  [seg+pos seed=0] epoch 1/40 loss=9.5270 (2.0s)
  [seg+pos seed=0] epoch 2/40 loss=6.1728 (4.0s)
  [seg+pos seed=0] epoch 3/40 loss=5.9872 (5.9s)
  [seg+pos seed=0] epoch 4/40 loss=5.9354 (7.9s)
  [seg+pos seed=0] epoch 5/40 loss=5.9199 (9.9s)
  [seg+pos seed=0] epoch 6/40 loss=5.9099 (11.8s)
  [seg+pos seed=0] epoch 7/40 loss=5.9051 (13.8s)
  [seg+pos seed=0] epoch 8/40 loss=5.9001 (15.7s)
  [seg+pos seed=0] epoch 9/40 loss=5.8968 (17.7s)
  [seg+pos seed=0] epoch 10/40 loss=5.8933 (19.6s)
  [seg+pos seed=0] epoch 11/40 loss=5.8909 (21.6s)
  [seg+pos seed=0] epoch 12/40 loss=5.8875 (23.5s)
  [seg+pos seed=0] epoch 13/40 loss=5.8863 (25.5s)
  [seg+pos seed=0] epoch 14/40 loss=5.8842 (27.4s)
  [seg+pos seed=0] epoch 15/40 loss=5.8833 (29.4s)
  [seg+pos seed=0] epoch 16/40 loss=5.8814 (31.4s)
  [seg+pos seed=0] epoch 17/40 loss=5.8792 (33.3s)
  [seg+pos seed=0] epoch 18/40 loss=5.8774 (35.3s)
  [seg+pos seed=0] epoch 19/40 loss=5.8764 (37.3s)
  [seg+pos seed=0] epoch 20/40 loss=5.8748 (39.2s)
  [seg+pos seed=0] epoch 21/40 loss=5.8728 (41.2s)
  [seg+pos seed=0] epoch 22/40 loss=5.8721 (43.2s)
  [seg+pos seed=0] epoch 23/40 loss=5.8702 (45.1s)
  [seg+pos seed=0] epoch 24/40 loss=5.8698 (47.1s)
  [seg+pos seed=0] epoch 25/40 loss=5.8678 (49.1s)
  [seg+pos seed=0] epoch 26/40 loss=5.8665 (51.1s)
  [seg+pos seed=0] epoch 27/40 loss=5.8647 (53.1s)
  [seg+pos seed=0] epoch 28/40 loss=5.8640 (55.1s)
  [seg+pos seed=0] epoch 29/40 loss=5.8634 (57.1s)
  [seg+pos seed=0] epoch 30/40 loss=5.8618 (59.1s)
  [seg+pos seed=0] epoch 31/40 loss=5.8615 (61.1s)
  [seg+pos seed=0] epoch 32/40 loss=5.8594 (63.0s)
  [seg+pos seed=0] epoch 33/40 loss=5.8597 (65.0s)
  [seg+pos seed=0] epoch 34/40 loss=5.8582 (67.0s)
  [seg+pos seed=0] epoch 35/40 loss=5.8576 (68.9s)
  [seg+pos seed=0] epoch 36/40 loss=5.8561 (70.9s)
  [seg+pos seed=0] epoch 37/40 loss=5.8555 (72.8s)
  [seg+pos seed=0] epoch 38/40 loss=5.8548 (74.8s)
  [seg+pos seed=0] epoch 39/40 loss=5.8545 (76.8s)
  [seg+pos seed=0] epoch 40/40 loss=5.8543 (78.7s)

=== Training variant 'seg+pos' seed 1 ===
  [seg+pos seed=1] epoch 1/40 loss=8.4164 (1.9s)
  [seg+pos seed=1] epoch 2/40 loss=6.1824 (3.9s)
  [seg+pos seed=1] epoch 3/40 loss=6.0327 (5.9s)
  [seg+pos seed=1] epoch 4/40 loss=5.9607 (7.8s)
  [seg+pos seed=1] epoch 5/40 loss=5.9339 (9.8s)
  [seg+pos seed=1] epoch 6/40 loss=5.9203 (11.8s)
  [seg+pos seed=1] epoch 7/40 loss=5.9122 (13.8s)
  [seg+pos seed=1] epoch 8/40 loss=5.9072 (15.7s)
  [seg+pos seed=1] epoch 9/40 loss=5.9034 (17.7s)
  [seg+pos seed=1] epoch 10/40 loss=5.9001 (19.6s)
  [seg+pos seed=1] epoch 11/40 loss=5.8964 (21.6s)
  [seg+pos seed=1] epoch 12/40 loss=5.8932 (23.6s)
  [seg+pos seed=1] epoch 13/40 loss=5.8910 (25.5s)
  [seg+pos seed=1] epoch 14/40 loss=5.8885 (27.5s)
  [seg+pos seed=1] epoch 15/40 loss=5.8860 (29.5s)
  [seg+pos seed=1] epoch 16/40 loss=5.8845 (31.4s)
  [seg+pos seed=1] epoch 17/40 loss=5.8829 (33.4s)
  [seg+pos seed=1] epoch 18/40 loss=5.8807 (35.3s)
  [seg+pos seed=1] epoch 19/40 loss=5.8790 (37.3s)
  [seg+pos seed=1] epoch 20/40 loss=5.8779 (39.3s)
  [seg+pos seed=1] epoch 21/40 loss=5.8784 (41.3s)
  [seg+pos seed=1] epoch 22/40 loss=5.8763 (43.2s)
  [seg+pos seed=1] epoch 23/40 loss=5.8743 (45.2s)
  [seg+pos seed=1] epoch 24/40 loss=5.8726 (47.2s)
  [seg+pos seed=1] epoch 25/40 loss=5.8717 (49.1s)
  [seg+pos seed=1] epoch 26/40 loss=5.8709 (51.1s)
  [seg+pos seed=1] epoch 27/40 loss=5.8699 (53.1s)
  [seg+pos seed=1] epoch 28/40 loss=5.8691 (55.0s)
  [seg+pos seed=1] epoch 29/40 loss=5.8689 (57.0s)
  [seg+pos seed=1] epoch 30/40 loss=5.8670 (58.9s)
  [seg+pos seed=1] epoch 31/40 loss=5.8672 (60.9s)
  [seg+pos seed=1] epoch 32/40 loss=5.8665 (62.9s)
  [seg+pos seed=1] epoch 33/40 loss=5.8650 (64.8s)
  [seg+pos seed=1] epoch 34/40 loss=5.8656 (66.8s)
  [seg+pos seed=1] epoch 35/40 loss=5.8645 (68.8s)
  [seg+pos seed=1] epoch 36/40 loss=5.8627 (70.7s)
  [seg+pos seed=1] epoch 37/40 loss=5.8621 (72.7s)
  [seg+pos seed=1] epoch 38/40 loss=5.8621 (74.6s)
  [seg+pos seed=1] epoch 39/40 loss=5.8622 (76.6s)
  [seg+pos seed=1] epoch 40/40 loss=5.8626 (78.5s)

=== Training variant 'seg+pos' seed 2 ===
  [seg+pos seed=2] epoch 1/40 loss=9.1610 (1.9s)
  [seg+pos seed=2] epoch 2/40 loss=6.2083 (3.9s)
  [seg+pos seed=2] epoch 3/40 loss=6.0408 (5.8s)
  [seg+pos seed=2] epoch 4/40 loss=5.9820 (7.8s)
  [seg+pos seed=2] epoch 5/40 loss=5.9499 (9.8s)
  [seg+pos seed=2] epoch 6/40 loss=5.9324 (11.7s)
  [seg+pos seed=2] epoch 7/40 loss=5.9213 (13.7s)
  [seg+pos seed=2] epoch 8/40 loss=5.9133 (15.7s)
  [seg+pos seed=2] epoch 9/40 loss=5.9069 (17.6s)
  [seg+pos seed=2] epoch 10/40 loss=5.9028 (19.6s)
  [seg+pos seed=2] epoch 11/40 loss=5.8985 (21.6s)
  [seg+pos seed=2] epoch 12/40 loss=5.8950 (23.6s)
  [seg+pos seed=2] epoch 13/40 loss=5.8915 (25.5s)
  [seg+pos seed=2] epoch 14/40 loss=5.8895 (27.5s)
  [seg+pos seed=2] epoch 15/40 loss=5.8868 (29.5s)
  [seg+pos seed=2] epoch 16/40 loss=5.8845 (31.5s)
  [seg+pos seed=2] epoch 17/40 loss=5.8828 (33.4s)
  [seg+pos seed=2] epoch 18/40 loss=5.8809 (35.4s)
  [seg+pos seed=2] epoch 19/40 loss=5.8793 (37.4s)
  [seg+pos seed=2] epoch 20/40 loss=5.8771 (39.4s)
  [seg+pos seed=2] epoch 21/40 loss=5.8751 (41.3s)
  [seg+pos seed=2] epoch 22/40 loss=5.8748 (43.3s)
  [seg+pos seed=2] epoch 23/40 loss=5.8730 (45.3s)
  [seg+pos seed=2] epoch 24/40 loss=5.8724 (47.3s)
  [seg+pos seed=2] epoch 25/40 loss=5.8709 (49.3s)
  [seg+pos seed=2] epoch 26/40 loss=5.8696 (51.3s)
  [seg+pos seed=2] epoch 27/40 loss=5.8687 (53.3s)
  [seg+pos seed=2] epoch 28/40 loss=5.8678 (55.3s)
  [seg+pos seed=2] epoch 29/40 loss=5.8665 (57.2s)
  [seg+pos seed=2] epoch 30/40 loss=5.8661 (59.2s)
  [seg+pos seed=2] epoch 31/40 loss=5.8647 (61.2s)
  [seg+pos seed=2] epoch 32/40 loss=5.8642 (63.2s)
  [seg+pos seed=2] epoch 33/40 loss=5.8636 (65.2s)
  [seg+pos seed=2] epoch 34/40 loss=5.8629 (67.2s)
  [seg+pos seed=2] epoch 35/40 loss=5.8626 (69.2s)
  [seg+pos seed=2] epoch 36/40 loss=5.8619 (71.1s)
  [seg+pos seed=2] epoch 37/40 loss=5.8615 (73.1s)
  [seg+pos seed=2] epoch 38/40 loss=5.8601 (75.0s)
  [seg+pos seed=2] epoch 39/40 loss=5.8606 (77.0s)
  [seg+pos seed=2] epoch 40/40 loss=5.8592 (79.0s)

=== Training variant 'seg+pos+rms' seed 0 ===
  [seg+pos+rms seed=0] epoch 1/40 loss=13.3630 (2.2s)
  [seg+pos+rms seed=0] epoch 2/40 loss=6.7606 (4.4s)
  [seg+pos+rms seed=0] epoch 3/40 loss=6.2647 (6.6s)
  [seg+pos+rms seed=0] epoch 4/40 loss=6.1417 (8.7s)
  [seg+pos+rms seed=0] epoch 5/40 loss=6.0608 (10.9s)
  [seg+pos+rms seed=0] epoch 6/40 loss=6.0185 (13.1s)
  [seg+pos+rms seed=0] epoch 7/40 loss=5.9982 (15.3s)
  [seg+pos+rms seed=0] epoch 8/40 loss=5.9859 (17.4s)
  [seg+pos+rms seed=0] epoch 9/40 loss=5.9762 (19.6s)
  [seg+pos+rms seed=0] epoch 10/40 loss=5.9692 (21.8s)
  [seg+pos+rms seed=0] epoch 11/40 loss=5.9618 (24.0s)
  [seg+pos+rms seed=0] epoch 12/40 loss=5.9588 (26.1s)
  [seg+pos+rms seed=0] epoch 13/40 loss=5.9522 (28.3s)
  [seg+pos+rms seed=0] epoch 14/40 loss=5.9480 (30.5s)
  [seg+pos+rms seed=0] epoch 15/40 loss=5.9451 (32.6s)
  [seg+pos+rms seed=0] epoch 16/40 loss=5.9423 (34.8s)
  [seg+pos+rms seed=0] epoch 17/40 loss=5.9369 (36.9s)
  [seg+pos+rms seed=0] epoch 18/40 loss=5.9345 (38.8s)
  [seg+pos+rms seed=0] epoch 19/40 loss=5.9363 (40.9s)
  [seg+pos+rms seed=0] epoch 20/40 loss=5.9291 (43.1s)
  [seg+pos+rms seed=0] epoch 21/40 loss=5.9284 (45.3s)
  [seg+pos+rms seed=0] epoch 22/40 loss=5.9276 (47.4s)
  [seg+pos+rms seed=0] epoch 23/40 loss=5.9248 (49.6s)
  [seg+pos+rms seed=0] epoch 24/40 loss=5.9234 (51.7s)
  [seg+pos+rms seed=0] epoch 25/40 loss=5.9212 (53.9s)
  [seg+pos+rms seed=0] epoch 26/40 loss=5.9208 (56.1s)
  [seg+pos+rms seed=0] epoch 27/40 loss=5.9195 (58.3s)
  [seg+pos+rms seed=0] epoch 28/40 loss=5.9195 (60.5s)
  [seg+pos+rms seed=0] epoch 29/40 loss=5.9175 (62.7s)
  [seg+pos+rms seed=0] epoch 30/40 loss=5.9170 (64.8s)
  [seg+pos+rms seed=0] epoch 31/40 loss=5.9172 (67.0s)
  [seg+pos+rms seed=0] epoch 32/40 loss=5.9156 (69.2s)
  [seg+pos+rms seed=0] epoch 33/40 loss=5.9134 (71.4s)
  [seg+pos+rms seed=0] epoch 34/40 loss=5.9147 (73.6s)
  [seg+pos+rms seed=0] epoch 35/40 loss=5.9126 (75.7s)
  [seg+pos+rms seed=0] epoch 36/40 loss=5.9104 (77.9s)
  [seg+pos+rms seed=0] epoch 37/40 loss=5.9120 (80.1s)
  [seg+pos+rms seed=0] epoch 38/40 loss=5.9121 (82.3s)
  [seg+pos+rms seed=0] epoch 39/40 loss=5.9086 (84.5s)
  [seg+pos+rms seed=0] epoch 40/40 loss=5.9087 (86.7s)

=== Training variant 'seg+pos+rms' seed 1 ===
  [seg+pos+rms seed=1] epoch 1/40 loss=10.9906 (2.0s)
  [seg+pos+rms seed=1] epoch 2/40 loss=6.5721 (4.1s)
  [seg+pos+rms seed=1] epoch 3/40 loss=6.2222 (6.2s)
  [seg+pos+rms seed=1] epoch 4/40 loss=6.1201 (8.4s)
  [seg+pos+rms seed=1] epoch 5/40 loss=6.0642 (10.6s)
  [seg+pos+rms seed=1] epoch 6/40 loss=6.0324 (12.9s)
  [seg+pos+rms seed=1] epoch 7/40 loss=6.0145 (15.1s)
  [seg+pos+rms seed=1] epoch 8/40 loss=6.0030 (17.3s)
  [seg+pos+rms seed=1] epoch 9/40 loss=5.9938 (19.5s)
  [seg+pos+rms seed=1] epoch 10/40 loss=5.9859 (21.7s)
  [seg+pos+rms seed=1] epoch 11/40 loss=5.9818 (23.9s)
  [seg+pos+rms seed=1] epoch 12/40 loss=5.9770 (26.1s)
  [seg+pos+rms seed=1] epoch 13/40 loss=5.9763 (28.3s)
  [seg+pos+rms seed=1] epoch 14/40 loss=5.9693 (30.4s)
  [seg+pos+rms seed=1] epoch 15/40 loss=5.9685 (32.6s)
  [seg+pos+rms seed=1] epoch 16/40 loss=5.9637 (34.8s)
  [seg+pos+rms seed=1] epoch 17/40 loss=5.9656 (37.0s)
  [seg+pos+rms seed=1] epoch 18/40 loss=5.9570 (39.1s)
  [seg+pos+rms seed=1] epoch 19/40 loss=5.9547 (41.3s)
  [seg+pos+rms seed=1] epoch 20/40 loss=5.9532 (43.4s)
  [seg+pos+rms seed=1] epoch 21/40 loss=5.9525 (45.6s)
  [seg+pos+rms seed=1] epoch 22/40 loss=5.9514 (47.8s)
  [seg+pos+rms seed=1] epoch 23/40 loss=5.9479 (50.0s)
  [seg+pos+rms seed=1] epoch 24/40 loss=5.9448 (52.2s)
  [seg+pos+rms seed=1] epoch 25/40 loss=5.9409 (54.5s)
  [seg+pos+rms seed=1] epoch 26/40 loss=5.9430 (56.6s)
  [seg+pos+rms seed=1] epoch 27/40 loss=5.9424 (58.8s)
  [seg+pos+rms seed=1] epoch 28/40 loss=5.9397 (61.0s)
  [seg+pos+rms seed=1] epoch 29/40 loss=5.9369 (63.1s)
  [seg+pos+rms seed=1] epoch 30/40 loss=5.9349 (65.3s)
  [seg+pos+rms seed=1] epoch 31/40 loss=5.9369 (67.4s)
  [seg+pos+rms seed=1] epoch 32/40 loss=5.9315 (69.6s)
  [seg+pos+rms seed=1] epoch 33/40 loss=5.9334 (71.8s)
  [seg+pos+rms seed=1] epoch 34/40 loss=5.9289 (73.9s)
  [seg+pos+rms seed=1] epoch 35/40 loss=5.9284 (76.1s)
  [seg+pos+rms seed=1] epoch 36/40 loss=5.9263 (78.3s)
  [seg+pos+rms seed=1] epoch 37/40 loss=5.9268 (80.4s)
  [seg+pos+rms seed=1] epoch 38/40 loss=5.9267 (82.6s)
  [seg+pos+rms seed=1] epoch 39/40 loss=5.9229 (84.8s)
  [seg+pos+rms seed=1] epoch 40/40 loss=5.9212 (87.0s)

=== Training variant 'seg+pos+rms' seed 2 ===
  [seg+pos+rms seed=2] epoch 1/40 loss=12.5966 (2.2s)
  [seg+pos+rms seed=2] epoch 2/40 loss=6.6928 (4.4s)
  [seg+pos+rms seed=2] epoch 3/40 loss=6.2830 (6.5s)
  [seg+pos+rms seed=2] epoch 4/40 loss=6.1724 (8.7s)
  [seg+pos+rms seed=2] epoch 5/40 loss=6.1014 (10.8s)
  [seg+pos+rms seed=2] epoch 6/40 loss=6.0554 (13.0s)
  [seg+pos+rms seed=2] epoch 7/40 loss=6.0386 (15.2s)
  [seg+pos+rms seed=2] epoch 8/40 loss=6.0227 (17.4s)
  [seg+pos+rms seed=2] epoch 9/40 loss=6.0080 (19.5s)
  [seg+pos+rms seed=2] epoch 10/40 loss=6.0002 (21.7s)
  [seg+pos+rms seed=2] epoch 11/40 loss=5.9928 (24.0s)
  [seg+pos+rms seed=2] epoch 12/40 loss=5.9875 (26.2s)
  [seg+pos+rms seed=2] epoch 13/40 loss=5.9833 (28.4s)
  [seg+pos+rms seed=2] epoch 14/40 loss=5.9841 (30.6s)
  [seg+pos+rms seed=2] epoch 15/40 loss=5.9743 (32.8s)
  [seg+pos+rms seed=2] epoch 16/40 loss=5.9719 (35.1s)
  [seg+pos+rms seed=2] epoch 17/40 loss=5.9705 (37.3s)
  [seg+pos+rms seed=2] epoch 18/40 loss=5.9726 (39.4s)
  [seg+pos+rms seed=2] epoch 19/40 loss=5.9627 (41.6s)
  [seg+pos+rms seed=2] epoch 20/40 loss=5.9610 (43.8s)
  [seg+pos+rms seed=2] epoch 21/40 loss=5.9606 (45.9s)
  [seg+pos+rms seed=2] epoch 22/40 loss=5.9612 (48.1s)
  [seg+pos+rms seed=2] epoch 23/40 loss=5.9584 (50.2s)
  [seg+pos+rms seed=2] epoch 24/40 loss=5.9605 (52.5s)
  [seg+pos+rms seed=2] epoch 25/40 loss=5.9546 (54.6s)
  [seg+pos+rms seed=2] epoch 26/40 loss=5.9513 (56.8s)
  [seg+pos+rms seed=2] epoch 27/40 loss=5.9515 (59.0s)
  [seg+pos+rms seed=2] epoch 28/40 loss=5.9505 (61.2s)
  [seg+pos+rms seed=2] epoch 29/40 loss=5.9487 (63.4s)
  [seg+pos+rms seed=2] epoch 30/40 loss=5.9472 (65.6s)
  [seg+pos+rms seed=2] epoch 31/40 loss=5.9455 (67.7s)
  [seg+pos+rms seed=2] epoch 32/40 loss=5.9436 (69.9s)
  [seg+pos+rms seed=2] epoch 33/40 loss=5.9459 (72.1s)
  [seg+pos+rms seed=2] epoch 34/40 loss=5.9437 (74.3s)
  [seg+pos+rms seed=2] epoch 35/40 loss=5.9402 (76.6s)
  [seg+pos+rms seed=2] epoch 36/40 loss=5.9412 (78.8s)
  [seg+pos+rms seed=2] epoch 37/40 loss=5.9433 (81.0s)
  [seg+pos+rms seed=2] epoch 38/40 loss=5.9395 (83.2s)
  [seg+pos+rms seed=2] epoch 39/40 loss=5.9382 (85.3s)
  [seg+pos+rms seed=2] epoch 40/40 loss=5.9363 (87.5s)

=== Training variant 'seg+pos+rms+psd' seed 0 ===
  [seg+pos+rms+psd seed=0] epoch 1/40 loss=16.8510 (3.2s)
  [seg+pos+rms+psd seed=0] epoch 2/40 loss=7.2364 (6.2s)
  [seg+pos+rms+psd seed=0] epoch 3/40 loss=6.7333 (9.2s)
  [seg+pos+rms+psd seed=0] epoch 4/40 loss=6.4588 (12.2s)
  [seg+pos+rms+psd seed=0] epoch 5/40 loss=6.3176 (14.8s)
  [seg+pos+rms+psd seed=0] epoch 6/40 loss=6.2377 (17.1s)
  [seg+pos+rms+psd seed=0] epoch 7/40 loss=6.1926 (19.4s)
  [seg+pos+rms+psd seed=0] epoch 8/40 loss=6.1661 (21.7s)
  [seg+pos+rms+psd seed=0] epoch 9/40 loss=6.1553 (24.1s)
  [seg+pos+rms+psd seed=0] epoch 10/40 loss=6.1437 (26.5s)
  [seg+pos+rms+psd seed=0] epoch 11/40 loss=6.1368 (29.4s)
  [seg+pos+rms+psd seed=0] epoch 12/40 loss=6.1295 (32.5s)
  [seg+pos+rms+psd seed=0] epoch 13/40 loss=6.1259 (35.6s)
  [seg+pos+rms+psd seed=0] epoch 14/40 loss=6.1188 (38.7s)
  [seg+pos+rms+psd seed=0] epoch 15/40 loss=6.1147 (41.7s)
  [seg+pos+rms+psd seed=0] epoch 16/40 loss=6.1140 (44.8s)
  [seg+pos+rms+psd seed=0] epoch 17/40 loss=6.1065 (47.8s)
  [seg+pos+rms+psd seed=0] epoch 18/40 loss=6.1034 (50.8s)
  [seg+pos+rms+psd seed=0] epoch 19/40 loss=6.1026 (53.9s)
  [seg+pos+rms+psd seed=0] epoch 20/40 loss=6.0963 (56.9s)
  [seg+pos+rms+psd seed=0] epoch 21/40 loss=6.0956 (59.9s)
  [seg+pos+rms+psd seed=0] epoch 22/40 loss=6.0950 (63.0s)
  [seg+pos+rms+psd seed=0] epoch 23/40 loss=6.0904 (66.1s)
  [seg+pos+rms+psd seed=0] epoch 24/40 loss=6.0883 (69.2s)
  [seg+pos+rms+psd seed=0] epoch 25/40 loss=6.0903 (72.3s)
  [seg+pos+rms+psd seed=0] epoch 26/40 loss=6.0866 (75.4s)
  [seg+pos+rms+psd seed=0] epoch 27/40 loss=6.0839 (78.5s)
  [seg+pos+rms+psd seed=0] epoch 28/40 loss=6.0830 (81.5s)
  [seg+pos+rms+psd seed=0] epoch 29/40 loss=6.0810 (84.5s)
  [seg+pos+rms+psd seed=0] epoch 30/40 loss=6.0806 (87.6s)
  [seg+pos+rms+psd seed=0] epoch 31/40 loss=6.0809 (90.7s)
  [seg+pos+rms+psd seed=0] epoch 32/40 loss=6.0768 (93.8s)
  [seg+pos+rms+psd seed=0] epoch 33/40 loss=6.0745 (96.9s)
  [seg+pos+rms+psd seed=0] epoch 34/40 loss=6.0762 (99.9s)
  [seg+pos+rms+psd seed=0] epoch 35/40 loss=6.0747 (102.9s)
  [seg+pos+rms+psd seed=0] epoch 36/40 loss=6.0713 (106.0s)
  [seg+pos+rms+psd seed=0] epoch 37/40 loss=6.0740 (109.0s)
  [seg+pos+rms+psd seed=0] epoch 38/40 loss=6.0737 (112.1s)
  [seg+pos+rms+psd seed=0] epoch 39/40 loss=6.0684 (115.1s)
  [seg+pos+rms+psd seed=0] epoch 40/40 loss=6.0657 (118.2s)

=== Training variant 'seg+pos+rms+psd' seed 1 ===
  [seg+pos+rms+psd seed=1] epoch 1/40 loss=14.3188 (3.1s)
  [seg+pos+rms+psd seed=1] epoch 2/40 loss=7.0804 (6.1s)
  [seg+pos+rms+psd seed=1] epoch 3/40 loss=6.6274 (9.1s)
  [seg+pos+rms+psd seed=1] epoch 4/40 loss=6.4186 (12.1s)
  [seg+pos+rms+psd seed=1] epoch 5/40 loss=6.3204 (15.2s)
  [seg+pos+rms+psd seed=1] epoch 6/40 loss=6.2566 (18.3s)
  [seg+pos+rms+psd seed=1] epoch 7/40 loss=6.2175 (21.4s)
  [seg+pos+rms+psd seed=1] epoch 8/40 loss=6.1881 (24.4s)
  [seg+pos+rms+psd seed=1] epoch 9/40 loss=6.1706 (27.4s)
  [seg+pos+rms+psd seed=1] epoch 10/40 loss=6.1576 (30.5s)
  [seg+pos+rms+psd seed=1] epoch 11/40 loss=6.1498 (33.5s)
  [seg+pos+rms+psd seed=1] epoch 12/40 loss=6.1461 (36.5s)
  [seg+pos+rms+psd seed=1] epoch 13/40 loss=6.1452 (39.6s)
  [seg+pos+rms+psd seed=1] epoch 14/40 loss=6.1356 (42.6s)
  [seg+pos+rms+psd seed=1] epoch 15/40 loss=6.1345 (45.7s)
  [seg+pos+rms+psd seed=1] epoch 16/40 loss=6.1278 (48.7s)
  [seg+pos+rms+psd seed=1] epoch 17/40 loss=6.1240 (51.8s)
  [seg+pos+rms+psd seed=1] epoch 18/40 loss=6.1213 (54.8s)
  [seg+pos+rms+psd seed=1] epoch 19/40 loss=6.1194 (57.7s)
  [seg+pos+rms+psd seed=1] epoch 20/40 loss=6.1183 (60.8s)
  [seg+pos+rms+psd seed=1] epoch 21/40 loss=6.1152 (63.9s)
  [seg+pos+rms+psd seed=1] epoch 22/40 loss=6.1117 (66.9s)
  [seg+pos+rms+psd seed=1] epoch 23/40 loss=6.1121 (70.0s)
  [seg+pos+rms+psd seed=1] epoch 24/40 loss=6.1080 (73.0s)
  [seg+pos+rms+psd seed=1] epoch 25/40 loss=6.1029 (76.0s)
  [seg+pos+rms+psd seed=1] epoch 26/40 loss=6.1113 (79.1s)
  [seg+pos+rms+psd seed=1] epoch 27/40 loss=6.1043 (82.1s)
  [seg+pos+rms+psd seed=1] epoch 28/40 loss=6.1001 (85.2s)
  [seg+pos+rms+psd seed=1] epoch 29/40 loss=6.0982 (88.3s)
  [seg+pos+rms+psd seed=1] epoch 30/40 loss=6.1020 (91.3s)
  [seg+pos+rms+psd seed=1] epoch 31/40 loss=6.1018 (94.4s)
  [seg+pos+rms+psd seed=1] epoch 32/40 loss=6.0936 (97.4s)
  [seg+pos+rms+psd seed=1] epoch 33/40 loss=6.0927 (100.5s)
  [seg+pos+rms+psd seed=1] epoch 34/40 loss=6.0894 (103.5s)
  [seg+pos+rms+psd seed=1] epoch 35/40 loss=6.0933 (106.5s)
  [seg+pos+rms+psd seed=1] epoch 36/40 loss=6.0903 (109.5s)
  [seg+pos+rms+psd seed=1] epoch 37/40 loss=6.0856 (112.6s)
  [seg+pos+rms+psd seed=1] epoch 38/40 loss=6.0874 (115.6s)
  [seg+pos+rms+psd seed=1] epoch 39/40 loss=6.0845 (118.6s)
  [seg+pos+rms+psd seed=1] epoch 40/40 loss=6.0815 (121.7s)

=== Training variant 'seg+pos+rms+psd' seed 2 ===
  [seg+pos+rms+psd seed=2] epoch 1/40 loss=17.7897 (3.0s)
  [seg+pos+rms+psd seed=2] epoch 2/40 loss=7.2589 (6.1s)
  [seg+pos+rms+psd seed=2] epoch 3/40 loss=6.5846 (9.1s)
  [seg+pos+rms+psd seed=2] epoch 4/40 loss=6.3326 (12.2s)
  [seg+pos+rms+psd seed=2] epoch 5/40 loss=6.2157 (15.2s)
  [seg+pos+rms+psd seed=2] epoch 6/40 loss=6.1790 (18.2s)
  [seg+pos+rms+psd seed=2] epoch 7/40 loss=6.1575 (21.3s)
  [seg+pos+rms+psd seed=2] epoch 8/40 loss=6.1440 (24.3s)
  [seg+pos+rms+psd seed=2] epoch 9/40 loss=6.1341 (27.4s)
  [seg+pos+rms+psd seed=2] epoch 10/40 loss=6.1259 (30.4s)
  [seg+pos+rms+psd seed=2] epoch 11/40 loss=6.1220 (33.4s)
  [seg+pos+rms+psd seed=2] epoch 12/40 loss=6.1150 (36.4s)
  [seg+pos+rms+psd seed=2] epoch 13/40 loss=6.1135 (39.5s)
  [seg+pos+rms+psd seed=2] epoch 14/40 loss=6.1088 (42.5s)
  [seg+pos+rms+psd seed=2] epoch 15/40 loss=6.1079 (45.6s)
  [seg+pos+rms+psd seed=2] epoch 16/40 loss=6.1028 (48.7s)
  [seg+pos+rms+psd seed=2] epoch 17/40 loss=6.0996 (51.7s)
  [seg+pos+rms+psd seed=2] epoch 18/40 loss=6.1048 (54.8s)
  [seg+pos+rms+psd seed=2] epoch 19/40 loss=6.0949 (57.8s)
  [seg+pos+rms+psd seed=2] epoch 20/40 loss=6.0932 (60.8s)
  [seg+pos+rms+psd seed=2] epoch 21/40 loss=6.0923 (63.9s)
  [seg+pos+rms+psd seed=2] epoch 22/40 loss=6.0919 (66.9s)
  [seg+pos+rms+psd seed=2] epoch 23/40 loss=6.0936 (70.0s)
  [seg+pos+rms+psd seed=2] epoch 24/40 loss=6.0903 (73.0s)
  [seg+pos+rms+psd seed=2] epoch 25/40 loss=6.0878 (76.1s)
  [seg+pos+rms+psd seed=2] epoch 26/40 loss=6.0834 (79.1s)
  [seg+pos+rms+psd seed=2] epoch 27/40 loss=6.0834 (82.1s)
  [seg+pos+rms+psd seed=2] epoch 28/40 loss=6.0822 (85.2s)
  [seg+pos+rms+psd seed=2] epoch 29/40 loss=6.0823 (88.2s)
  [seg+pos+rms+psd seed=2] epoch 30/40 loss=6.0787 (91.2s)
  [seg+pos+rms+psd seed=2] epoch 31/40 loss=6.0802 (94.2s)
  [seg+pos+rms+psd seed=2] epoch 32/40 loss=6.0792 (97.3s)
  [seg+pos+rms+psd seed=2] epoch 33/40 loss=6.0761 (100.3s)
  [seg+pos+rms+psd seed=2] epoch 34/40 loss=6.0743 (103.3s)
  [seg+pos+rms+psd seed=2] epoch 35/40 loss=6.0732 (106.4s)
  [seg+pos+rms+psd seed=2] epoch 36/40 loss=6.0774 (109.4s)
  [seg+pos+rms+psd seed=2] epoch 37/40 loss=6.0741 (112.6s)
  [seg+pos+rms+psd seed=2] epoch 38/40 loss=6.0714 (115.4s)
  [seg+pos+rms+psd seed=2] epoch 39/40 loss=6.0706 (118.5s)
  [seg+pos+rms+psd seed=2] epoch 40/40 loss=6.0685 (121.6s)

=== Training variant 'full' seed 0 ===
  [full seed=0] epoch 1/40 loss=16.6845 (3.6s)
  [full seed=0] epoch 2/40 loss=7.3421 (7.3s)
  [full seed=0] epoch 3/40 loss=6.8039 (10.9s)
  [full seed=0] epoch 4/40 loss=6.5363 (14.6s)
  [full seed=0] epoch 5/40 loss=6.4095 (18.2s)
  [full seed=0] epoch 6/40 loss=6.3312 (21.9s)
  [full seed=0] epoch 7/40 loss=6.2873 (25.5s)
  [full seed=0] epoch 8/40 loss=6.2534 (29.1s)
  [full seed=0] epoch 9/40 loss=6.2421 (32.8s)
  [full seed=0] epoch 10/40 loss=6.2281 (36.4s)
  [full seed=0] epoch 11/40 loss=6.2203 (40.1s)
  [full seed=0] epoch 12/40 loss=6.2155 (43.7s)
  [full seed=0] epoch 13/40 loss=6.2097 (47.2s)
  [full seed=0] epoch 14/40 loss=6.2014 (51.0s)
  [full seed=0] epoch 15/40 loss=6.2015 (54.6s)
  [full seed=0] epoch 16/40 loss=6.2012 (58.2s)
  [full seed=0] epoch 17/40 loss=6.1924 (62.0s)
  [full seed=0] epoch 18/40 loss=6.1901 (65.6s)
  [full seed=0] epoch 19/40 loss=6.1883 (69.3s)
  [full seed=0] epoch 20/40 loss=6.1819 (73.0s)
  [full seed=0] epoch 21/40 loss=6.1810 (76.6s)
  [full seed=0] epoch 22/40 loss=6.1784 (80.2s)
  [full seed=0] epoch 23/40 loss=6.1752 (83.8s)
  [full seed=0] epoch 24/40 loss=6.1750 (87.5s)
  [full seed=0] epoch 25/40 loss=6.1720 (91.1s)
  [full seed=0] epoch 26/40 loss=6.1720 (94.5s)
  [full seed=0] epoch 27/40 loss=6.1680 (98.4s)
  [full seed=0] epoch 28/40 loss=6.1667 (102.3s)
  [full seed=0] epoch 29/40 loss=6.1633 (106.1s)
  [full seed=0] epoch 30/40 loss=6.1627 (109.9s)
  [full seed=0] epoch 31/40 loss=6.1664 (113.7s)
  [full seed=0] epoch 32/40 loss=6.1612 (117.5s)
  [full seed=0] epoch 33/40 loss=6.1566 (121.2s)
  [full seed=0] epoch 34/40 loss=6.1580 (124.8s)
  [full seed=0] epoch 35/40 loss=6.1545 (128.5s)
  [full seed=0] epoch 36/40 loss=6.1523 (132.1s)
  [full seed=0] epoch 37/40 loss=6.1545 (135.7s)
  [full seed=0] epoch 38/40 loss=6.1517 (139.4s)
  [full seed=0] epoch 39/40 loss=6.1494 (143.1s)
  [full seed=0] epoch 40/40 loss=6.1464 (146.8s)

=== Training variant 'full' seed 1 ===
  [full seed=1] epoch 1/40 loss=14.3803 (3.7s)
  [full seed=1] epoch 2/40 loss=7.1334 (7.3s)
  [full seed=1] epoch 3/40 loss=6.6690 (10.9s)
  [full seed=1] epoch 4/40 loss=6.4899 (14.6s)
  [full seed=1] epoch 5/40 loss=6.3894 (18.2s)
  [full seed=1] epoch 6/40 loss=6.3361 (22.1s)
  [full seed=1] epoch 7/40 loss=6.3091 (26.0s)
  [full seed=1] epoch 8/40 loss=6.2856 (30.0s)
  [full seed=1] epoch 9/40 loss=6.2698 (33.9s)
  [full seed=1] epoch 10/40 loss=6.2580 (37.8s)
  [full seed=1] epoch 11/40 loss=6.2524 (41.8s)
  [full seed=1] epoch 12/40 loss=6.2458 (45.8s)
  [full seed=1] epoch 13/40 loss=6.2411 (49.6s)
  [full seed=1] epoch 14/40 loss=6.2283 (52.9s)
  [full seed=1] epoch 15/40 loss=6.2225 (56.7s)
  [full seed=1] epoch 16/40 loss=6.2206 (60.6s)
  [full seed=1] epoch 17/40 loss=6.2158 (64.6s)
  [full seed=1] epoch 18/40 loss=6.2103 (68.6s)
  [full seed=1] epoch 19/40 loss=6.2116 (72.0s)
  [full seed=1] epoch 20/40 loss=6.2050 (75.9s)
  [full seed=1] epoch 21/40 loss=6.2035 (79.8s)
  [full seed=1] epoch 22/40 loss=6.1988 (83.9s)
  [full seed=1] epoch 23/40 loss=6.1987 (87.9s)
  [full seed=1] epoch 24/40 loss=6.1919 (91.9s)
  [full seed=1] epoch 25/40 loss=6.1887 (95.9s)
  [full seed=1] epoch 26/40 loss=6.1970 (100.0s)
  [full seed=1] epoch 27/40 loss=6.1893 (103.9s)
  [full seed=1] epoch 28/40 loss=6.1849 (107.9s)
  [full seed=1] epoch 29/40 loss=6.1851 (111.9s)
  [full seed=1] epoch 30/40 loss=6.1863 (115.9s)
  [full seed=1] epoch 31/40 loss=6.1823 (119.9s)
  [full seed=1] epoch 32/40 loss=6.1798 (123.3s)
  [full seed=1] epoch 33/40 loss=6.1772 (126.4s)
  [full seed=1] epoch 34/40 loss=6.1764 (130.5s)
  [full seed=1] epoch 35/40 loss=6.1741 (134.6s)
  [full seed=1] epoch 36/40 loss=6.1758 (138.4s)
  [full seed=1] epoch 37/40 loss=6.1694 (142.3s)
  [full seed=1] epoch 38/40 loss=6.1690 (146.3s)
  [full seed=1] epoch 39/40 loss=6.1703 (150.4s)
  [full seed=1] epoch 40/40 loss=6.1683 (154.3s)

=== Training variant 'full' seed 2 ===
  [full seed=2] epoch 1/40 loss=18.3217 (3.9s)
  [full seed=2] epoch 2/40 loss=7.4822 (7.0s)
  [full seed=2] epoch 3/40 loss=6.7583 (10.9s)
  [full seed=2] epoch 4/40 loss=6.5003 (15.0s)
  [full seed=2] epoch 5/40 loss=6.3540 (19.1s)
  [full seed=2] epoch 6/40 loss=6.3013 (23.0s)
  [full seed=2] epoch 7/40 loss=6.2708 (27.1s)
  [full seed=2] epoch 8/40 loss=6.2507 (30.8s)
  [full seed=2] epoch 9/40 loss=6.2356 (34.8s)
  [full seed=2] epoch 10/40 loss=6.2290 (38.9s)
  [full seed=2] epoch 11/40 loss=6.2217 (42.9s)
  [full seed=2] epoch 12/40 loss=6.2123 (46.8s)
  [full seed=2] epoch 13/40 loss=6.2090 (50.8s)
  [full seed=2] epoch 14/40 loss=6.2054 (54.1s)
  [full seed=2] epoch 15/40 loss=6.1987 (58.1s)
  [full seed=2] epoch 16/40 loss=6.1935 (62.1s)
  [full seed=2] epoch 17/40 loss=6.1917 (66.0s)
  [full seed=2] epoch 18/40 loss=6.1944 (70.1s)
  [full seed=2] epoch 19/40 loss=6.1831 (74.1s)
  [full seed=2] epoch 20/40 loss=6.1781 (78.0s)
  [full seed=2] epoch 21/40 loss=6.1739 (82.0s)
  [full seed=2] epoch 22/40 loss=6.1747 (85.8s)
  [full seed=2] epoch 23/40 loss=6.1697 (89.6s)
  [full seed=2] epoch 24/40 loss=6.1693 (93.7s)
  [full seed=2] epoch 25/40 loss=6.1644 (97.3s)
  [full seed=2] epoch 26/40 loss=6.1587 (101.0s)
  [full seed=2] epoch 27/40 loss=6.1573 (104.7s)
  [full seed=2] epoch 28/40 loss=6.1550 (108.3s)
  [full seed=2] epoch 29/40 loss=6.1554 (111.9s)
  [full seed=2] epoch 30/40 loss=6.1503 (115.6s)
  [full seed=2] epoch 31/40 loss=6.1482 (119.2s)
  [full seed=2] epoch 32/40 loss=6.1487 (122.9s)
  [full seed=2] epoch 33/40 loss=6.1485 (126.5s)
  [full seed=2] epoch 34/40 loss=6.1456 (130.2s)
  [full seed=2] epoch 35/40 loss=6.1445 (133.7s)
  [full seed=2] epoch 36/40 loss=6.1497 (136.4s)
  [full seed=2] epoch 37/40 loss=6.1437 (139.0s)
  [full seed=2] epoch 38/40 loss=6.1413 (141.6s)
  [full seed=2] epoch 39/40 loss=6.1403 (144.3s)
  [full seed=2] epoch 40/40 loss=6.1375 (146.9s)

=== Table 3 (loss ablation) -- this pilot run ===
         method  edge_mae_mean  edge_mae_std  ler_mae_mean  ler_mae_std  lwr_mae_mean  lwr_mae_std    n
       seg-only         0.2366        0.0377        0.0254       0.0142        0.0315       0.0238 1440
        seg+pos         0.2369        0.0383        0.0245       0.0138        0.0307       0.0231 1440
    seg+pos+rms         0.2479        0.0431        0.0135       0.0077        0.0214       0.0164 1440
seg+pos+rms+psd         0.2477        0.0456        0.0134       0.0073        0.0207       0.0156 1440
           full         0.2483        0.0510        0.0148       0.0083        0.0215       0.0160 1440

(scale: 3 seed(s), 40 epochs, 15 train realizations/config, 32 configs -- see docstring to scale up)
### exp2 exit=0 17:23:56
### exp2cal start 17:23:56
Acquisition model: CALIBRATED psf_sigma=6.63, dose=73.5, sigma_g=0.1515
Training configs: 32  (sigma x xi x alpha x rho grid)
Training set: 480 paired items

=== Training variant 'seg-only' seed 0 ===
  [seg-only seed=0] epoch 1/40 loss=10.5632 (2.4s)
  [seg-only seed=0] epoch 2/40 loss=7.7193 (4.2s)
  [seg-only seed=0] epoch 3/40 loss=7.6510 (6.1s)
  [seg-only seed=0] epoch 4/40 loss=7.5589 (7.9s)
  [seg-only seed=0] epoch 5/40 loss=7.5130 (9.8s)
  [seg-only seed=0] epoch 6/40 loss=7.4840 (11.7s)
  [seg-only seed=0] epoch 7/40 loss=7.4854 (13.6s)
  [seg-only seed=0] epoch 8/40 loss=7.4548 (15.5s)
  [seg-only seed=0] epoch 9/40 loss=7.4585 (17.4s)
  [seg-only seed=0] epoch 10/40 loss=7.4479 (19.3s)
  [seg-only seed=0] epoch 11/40 loss=7.4415 (21.2s)
  [seg-only seed=0] epoch 12/40 loss=7.4286 (23.1s)
  [seg-only seed=0] epoch 13/40 loss=7.4302 (25.0s)
  [seg-only seed=0] epoch 14/40 loss=7.4402 (26.9s)
  [seg-only seed=0] epoch 15/40 loss=7.4283 (28.8s)
  [seg-only seed=0] epoch 16/40 loss=7.4272 (30.7s)
  [seg-only seed=0] epoch 17/40 loss=7.4198 (32.6s)
  [seg-only seed=0] epoch 18/40 loss=7.4190 (34.5s)
  [seg-only seed=0] epoch 19/40 loss=7.4207 (36.4s)
  [seg-only seed=0] epoch 20/40 loss=7.4223 (38.3s)
  [seg-only seed=0] epoch 21/40 loss=7.4182 (40.2s)
  [seg-only seed=0] epoch 22/40 loss=7.4267 (42.1s)
  [seg-only seed=0] epoch 23/40 loss=7.4269 (44.0s)
  [seg-only seed=0] epoch 24/40 loss=7.4115 (45.9s)
  [seg-only seed=0] epoch 25/40 loss=7.4182 (47.8s)
  [seg-only seed=0] epoch 26/40 loss=7.4120 (49.7s)
  [seg-only seed=0] epoch 27/40 loss=7.4070 (51.5s)
  [seg-only seed=0] epoch 28/40 loss=7.4182 (53.4s)
  [seg-only seed=0] epoch 29/40 loss=7.4149 (55.3s)
  [seg-only seed=0] epoch 30/40 loss=7.4120 (57.2s)
  [seg-only seed=0] epoch 31/40 loss=7.4199 (59.0s)
  [seg-only seed=0] epoch 32/40 loss=7.4222 (60.9s)
  [seg-only seed=0] epoch 33/40 loss=7.4291 (62.8s)
  [seg-only seed=0] epoch 34/40 loss=7.4105 (64.7s)
  [seg-only seed=0] epoch 35/40 loss=7.4063 (66.6s)
  [seg-only seed=0] epoch 36/40 loss=7.4055 (68.5s)
  [seg-only seed=0] epoch 37/40 loss=7.4100 (70.4s)
  [seg-only seed=0] epoch 38/40 loss=7.4121 (72.2s)
  [seg-only seed=0] epoch 39/40 loss=7.4171 (74.1s)
  [seg-only seed=0] epoch 40/40 loss=7.4097 (76.0s)

=== Training variant 'seg-only' seed 1 ===
  [seg-only seed=1] epoch 1/40 loss=10.0489 (1.9s)
  [seg-only seed=1] epoch 2/40 loss=7.7477 (3.7s)
  [seg-only seed=1] epoch 3/40 loss=7.6096 (5.6s)
  [seg-only seed=1] epoch 4/40 loss=7.5410 (7.5s)
  [seg-only seed=1] epoch 5/40 loss=7.5263 (9.4s)
  [seg-only seed=1] epoch 6/40 loss=7.5125 (11.3s)
  [seg-only seed=1] epoch 7/40 loss=7.4881 (13.2s)
  [seg-only seed=1] epoch 8/40 loss=7.4822 (15.1s)
  [seg-only seed=1] epoch 9/40 loss=7.4682 (17.1s)
  [seg-only seed=1] epoch 10/40 loss=7.4672 (19.0s)
  [seg-only seed=1] epoch 11/40 loss=7.4601 (20.9s)
  [seg-only seed=1] epoch 12/40 loss=7.4547 (22.8s)
  [seg-only seed=1] epoch 13/40 loss=7.4525 (24.7s)
  [seg-only seed=1] epoch 14/40 loss=7.4556 (26.6s)
  [seg-only seed=1] epoch 15/40 loss=7.4537 (28.5s)
  [seg-only seed=1] epoch 16/40 loss=7.4650 (30.4s)
  [seg-only seed=1] epoch 17/40 loss=7.4474 (32.3s)
  [seg-only seed=1] epoch 18/40 loss=7.4352 (34.2s)
  [seg-only seed=1] epoch 19/40 loss=7.4294 (36.1s)
  [seg-only seed=1] epoch 20/40 loss=7.4398 (38.0s)
  [seg-only seed=1] epoch 21/40 loss=7.4334 (39.9s)
  [seg-only seed=1] epoch 22/40 loss=7.4290 (41.8s)
  [seg-only seed=1] epoch 23/40 loss=7.4273 (43.5s)
  [seg-only seed=1] epoch 24/40 loss=7.4328 (45.2s)
  [seg-only seed=1] epoch 25/40 loss=7.4269 (47.0s)
  [seg-only seed=1] epoch 26/40 loss=7.4288 (48.8s)
  [seg-only seed=1] epoch 27/40 loss=7.4175 (50.5s)
  [seg-only seed=1] epoch 28/40 loss=7.4464 (52.3s)
  [seg-only seed=1] epoch 29/40 loss=7.4244 (54.1s)
  [seg-only seed=1] epoch 30/40 loss=7.4254 (55.8s)
  [seg-only seed=1] epoch 31/40 loss=7.4289 (57.6s)
  [seg-only seed=1] epoch 32/40 loss=7.4361 (59.4s)
  [seg-only seed=1] epoch 33/40 loss=7.4256 (61.1s)
  [seg-only seed=1] epoch 34/40 loss=7.4267 (62.9s)
  [seg-only seed=1] epoch 35/40 loss=7.4217 (64.7s)
  [seg-only seed=1] epoch 36/40 loss=7.4334 (66.6s)
  [seg-only seed=1] epoch 37/40 loss=7.4167 (68.5s)
  [seg-only seed=1] epoch 38/40 loss=7.4214 (70.4s)
  [seg-only seed=1] epoch 39/40 loss=7.4183 (72.3s)
  [seg-only seed=1] epoch 40/40 loss=7.4266 (74.2s)

=== Training variant 'seg-only' seed 2 ===
  [seg-only seed=2] epoch 1/40 loss=10.0312 (1.9s)
  [seg-only seed=2] epoch 2/40 loss=7.7023 (3.8s)
  [seg-only seed=2] epoch 3/40 loss=7.6808 (5.7s)
  [seg-only seed=2] epoch 4/40 loss=7.6464 (7.6s)
  [seg-only seed=2] epoch 5/40 loss=7.6097 (9.5s)
  [seg-only seed=2] epoch 6/40 loss=7.5455 (11.4s)
  [seg-only seed=2] epoch 7/40 loss=7.4935 (13.3s)
  [seg-only seed=2] epoch 8/40 loss=7.4803 (15.3s)
  [seg-only seed=2] epoch 9/40 loss=7.4645 (17.3s)
  [seg-only seed=2] epoch 10/40 loss=7.4652 (19.2s)
  [seg-only seed=2] epoch 11/40 loss=7.4485 (21.1s)
  [seg-only seed=2] epoch 12/40 loss=7.4498 (23.0s)
  [seg-only seed=2] epoch 13/40 loss=7.4581 (24.9s)
  [seg-only seed=2] epoch 14/40 loss=7.4441 (26.8s)
  [seg-only seed=2] epoch 15/40 loss=7.4362 (28.7s)
  [seg-only seed=2] epoch 16/40 loss=7.4313 (30.7s)
  [seg-only seed=2] epoch 17/40 loss=7.4337 (32.6s)
  [seg-only seed=2] epoch 18/40 loss=7.4219 (34.5s)
  [seg-only seed=2] epoch 19/40 loss=7.4256 (36.4s)
  [seg-only seed=2] epoch 20/40 loss=7.4195 (38.3s)
  [seg-only seed=2] epoch 21/40 loss=7.4189 (40.2s)
  [seg-only seed=2] epoch 22/40 loss=7.4260 (42.1s)
  [seg-only seed=2] epoch 23/40 loss=7.4162 (44.1s)
  [seg-only seed=2] epoch 24/40 loss=7.4234 (46.0s)
  [seg-only seed=2] epoch 25/40 loss=7.4116 (47.9s)
  [seg-only seed=2] epoch 26/40 loss=7.4209 (49.8s)
  [seg-only seed=2] epoch 27/40 loss=7.4166 (51.7s)
  [seg-only seed=2] epoch 28/40 loss=7.4153 (53.6s)
  [seg-only seed=2] epoch 29/40 loss=7.4247 (55.5s)
  [seg-only seed=2] epoch 30/40 loss=7.4126 (57.5s)
  [seg-only seed=2] epoch 31/40 loss=7.4038 (59.4s)
  [seg-only seed=2] epoch 32/40 loss=7.4088 (61.3s)
  [seg-only seed=2] epoch 33/40 loss=7.4082 (63.2s)
  [seg-only seed=2] epoch 34/40 loss=7.4181 (65.1s)
  [seg-only seed=2] epoch 35/40 loss=7.4096 (67.0s)
  [seg-only seed=2] epoch 36/40 loss=7.4083 (68.9s)
  [seg-only seed=2] epoch 37/40 loss=7.4030 (70.8s)
  [seg-only seed=2] epoch 38/40 loss=7.4139 (72.7s)
  [seg-only seed=2] epoch 39/40 loss=7.4101 (74.6s)
  [seg-only seed=2] epoch 40/40 loss=7.4014 (76.5s)

=== Training variant 'seg+pos' seed 0 ===
  [seg+pos seed=0] epoch 1/40 loss=10.7031 (2.0s)
  [seg+pos seed=0] epoch 2/40 loss=7.8227 (3.9s)
  [seg+pos seed=0] epoch 3/40 loss=7.7652 (5.9s)
  [seg+pos seed=0] epoch 4/40 loss=7.6463 (7.9s)
  [seg+pos seed=0] epoch 5/40 loss=7.6024 (9.8s)
  [seg+pos seed=0] epoch 6/40 loss=7.5836 (11.7s)
  [seg+pos seed=0] epoch 7/40 loss=7.5765 (13.7s)
  [seg+pos seed=0] epoch 8/40 loss=7.5610 (15.6s)
  [seg+pos seed=0] epoch 9/40 loss=7.5590 (17.6s)
  [seg+pos seed=0] epoch 10/40 loss=7.5493 (19.5s)
  [seg+pos seed=0] epoch 11/40 loss=7.5432 (21.5s)
  [seg+pos seed=0] epoch 12/40 loss=7.5390 (23.4s)
  [seg+pos seed=0] epoch 13/40 loss=7.5379 (25.4s)
  [seg+pos seed=0] epoch 14/40 loss=7.5429 (27.4s)
  [seg+pos seed=0] epoch 15/40 loss=7.5323 (29.3s)
  [seg+pos seed=0] epoch 16/40 loss=7.5299 (31.3s)
  [seg+pos seed=0] epoch 17/40 loss=7.5241 (33.2s)
  [seg+pos seed=0] epoch 18/40 loss=7.5243 (35.2s)
  [seg+pos seed=0] epoch 19/40 loss=7.5226 (37.1s)
  [seg+pos seed=0] epoch 20/40 loss=7.5330 (39.1s)
  [seg+pos seed=0] epoch 21/40 loss=7.5217 (41.0s)
  [seg+pos seed=0] epoch 22/40 loss=7.5293 (43.0s)
  [seg+pos seed=0] epoch 23/40 loss=7.5270 (44.9s)
  [seg+pos seed=0] epoch 24/40 loss=7.5141 (46.9s)
  [seg+pos seed=0] epoch 25/40 loss=7.5207 (48.9s)
  [seg+pos seed=0] epoch 26/40 loss=7.5134 (50.8s)
  [seg+pos seed=0] epoch 27/40 loss=7.5109 (52.8s)
  [seg+pos seed=0] epoch 28/40 loss=7.5201 (54.8s)
  [seg+pos seed=0] epoch 29/40 loss=7.5149 (56.7s)
  [seg+pos seed=0] epoch 30/40 loss=7.5116 (58.7s)
  [seg+pos seed=0] epoch 31/40 loss=7.5165 (60.6s)
  [seg+pos seed=0] epoch 32/40 loss=7.5222 (62.6s)
  [seg+pos seed=0] epoch 33/40 loss=7.5264 (64.5s)
  [seg+pos seed=0] epoch 34/40 loss=7.5103 (66.5s)
  [seg+pos seed=0] epoch 35/40 loss=7.5125 (68.5s)
  [seg+pos seed=0] epoch 36/40 loss=7.5108 (70.5s)
  [seg+pos seed=0] epoch 37/40 loss=7.5139 (72.4s)
  [seg+pos seed=0] epoch 38/40 loss=7.5127 (74.4s)
  [seg+pos seed=0] epoch 39/40 loss=7.5203 (76.4s)
  [seg+pos seed=0] epoch 40/40 loss=7.5125 (78.3s)

=== Training variant 'seg+pos' seed 1 ===
  [seg+pos seed=1] epoch 1/40 loss=10.1983 (2.0s)
  [seg+pos seed=1] epoch 2/40 loss=7.9011 (4.0s)
  [seg+pos seed=1] epoch 3/40 loss=7.7511 (5.9s)
  [seg+pos seed=1] epoch 4/40 loss=7.6547 (7.9s)
  [seg+pos seed=1] epoch 5/40 loss=7.6479 (9.8s)
  [seg+pos seed=1] epoch 6/40 loss=7.6139 (11.8s)
  [seg+pos seed=1] epoch 7/40 loss=7.6026 (13.7s)
  [seg+pos seed=1] epoch 8/40 loss=7.5929 (15.7s)
  [seg+pos seed=1] epoch 9/40 loss=7.5843 (17.7s)
  [seg+pos seed=1] epoch 10/40 loss=7.5817 (19.7s)
  [seg+pos seed=1] epoch 11/40 loss=7.5758 (21.6s)
  [seg+pos seed=1] epoch 12/40 loss=7.5665 (23.6s)
  [seg+pos seed=1] epoch 13/40 loss=7.5663 (25.6s)
  [seg+pos seed=1] epoch 14/40 loss=7.5663 (27.5s)
  [seg+pos seed=1] epoch 15/40 loss=7.5594 (29.5s)
  [seg+pos seed=1] epoch 16/40 loss=7.5647 (31.5s)
  [seg+pos seed=1] epoch 17/40 loss=7.5479 (33.4s)
  [seg+pos seed=1] epoch 18/40 loss=7.5394 (35.4s)
  [seg+pos seed=1] epoch 19/40 loss=7.5356 (37.4s)
  [seg+pos seed=1] epoch 20/40 loss=7.5408 (39.3s)
  [seg+pos seed=1] epoch 21/40 loss=7.5388 (41.3s)
  [seg+pos seed=1] epoch 22/40 loss=7.5348 (43.3s)
  [seg+pos seed=1] epoch 23/40 loss=7.5299 (45.3s)
  [seg+pos seed=1] epoch 24/40 loss=7.5375 (47.2s)
  [seg+pos seed=1] epoch 25/40 loss=7.5310 (49.2s)
  [seg+pos seed=1] epoch 26/40 loss=7.5321 (51.2s)
  [seg+pos seed=1] epoch 27/40 loss=7.5245 (53.2s)
  [seg+pos seed=1] epoch 28/40 loss=7.5594 (55.1s)
  [seg+pos seed=1] epoch 29/40 loss=7.5353 (57.1s)
  [seg+pos seed=1] epoch 30/40 loss=7.5314 (59.1s)
  [seg+pos seed=1] epoch 31/40 loss=7.5315 (61.1s)
  [seg+pos seed=1] epoch 32/40 loss=7.5396 (63.0s)
  [seg+pos seed=1] epoch 33/40 loss=7.5294 (65.0s)
  [seg+pos seed=1] epoch 34/40 loss=7.5338 (67.0s)
  [seg+pos seed=1] epoch 35/40 loss=7.5220 (69.0s)
  [seg+pos seed=1] epoch 36/40 loss=7.5398 (70.9s)
  [seg+pos seed=1] epoch 37/40 loss=7.5181 (72.9s)
  [seg+pos seed=1] epoch 38/40 loss=7.5230 (74.9s)
  [seg+pos seed=1] epoch 39/40 loss=7.5203 (76.8s)
  [seg+pos seed=1] epoch 40/40 loss=7.5328 (78.7s)

=== Training variant 'seg+pos' seed 2 ===
  [seg+pos seed=2] epoch 1/40 loss=10.3156 (1.9s)
  [seg+pos seed=2] epoch 2/40 loss=7.8103 (3.9s)
  [seg+pos seed=2] epoch 3/40 loss=7.7985 (5.8s)
  [seg+pos seed=2] epoch 4/40 loss=7.7229 (7.5s)
  [seg+pos seed=2] epoch 5/40 loss=7.6538 (9.3s)
  [seg+pos seed=2] epoch 6/40 loss=7.6178 (11.3s)
  [seg+pos seed=2] epoch 7/40 loss=7.5905 (13.3s)
  [seg+pos seed=2] epoch 8/40 loss=7.5704 (15.2s)
  [seg+pos seed=2] epoch 9/40 loss=7.5551 (17.2s)
  [seg+pos seed=2] epoch 10/40 loss=7.5593 (19.2s)
  [seg+pos seed=2] epoch 11/40 loss=7.5473 (21.1s)
  [seg+pos seed=2] epoch 12/40 loss=7.5409 (23.1s)
  [seg+pos seed=2] epoch 13/40 loss=7.5507 (25.0s)
  [seg+pos seed=2] epoch 14/40 loss=7.5429 (27.0s)
  [seg+pos seed=2] epoch 15/40 loss=7.5344 (28.9s)
  [seg+pos seed=2] epoch 16/40 loss=7.5294 (30.9s)
  [seg+pos seed=2] epoch 17/40 loss=7.5335 (32.8s)
  [seg+pos seed=2] epoch 18/40 loss=7.5272 (34.8s)
  [seg+pos seed=2] epoch 19/40 loss=7.5264 (36.8s)
  [seg+pos seed=2] epoch 20/40 loss=7.5270 (38.7s)
  [seg+pos seed=2] epoch 21/40 loss=7.5187 (40.7s)
  [seg+pos seed=2] epoch 22/40 loss=7.5260 (42.6s)
  [seg+pos seed=2] epoch 23/40 loss=7.5191 (44.6s)
  [seg+pos seed=2] epoch 24/40 loss=7.5256 (46.5s)
  [seg+pos seed=2] epoch 25/40 loss=7.5135 (48.5s)
  [seg+pos seed=2] epoch 26/40 loss=7.5265 (50.5s)
  [seg+pos seed=2] epoch 27/40 loss=7.5215 (52.5s)
  [seg+pos seed=2] epoch 28/40 loss=7.5164 (54.4s)
  [seg+pos seed=2] epoch 29/40 loss=7.5159 (56.4s)
  [seg+pos seed=2] epoch 30/40 loss=7.5142 (58.3s)
  [seg+pos seed=2] epoch 31/40 loss=7.5103 (60.3s)
  [seg+pos seed=2] epoch 32/40 loss=7.5137 (62.2s)
  [seg+pos seed=2] epoch 33/40 loss=7.5164 (64.2s)
  [seg+pos seed=2] epoch 34/40 loss=7.5246 (66.1s)
  [seg+pos seed=2] epoch 35/40 loss=7.5134 (68.1s)
  [seg+pos seed=2] epoch 36/40 loss=7.5098 (70.0s)
  [seg+pos seed=2] epoch 37/40 loss=7.5068 (72.0s)
  [seg+pos seed=2] epoch 38/40 loss=7.5165 (73.9s)
  [seg+pos seed=2] epoch 39/40 loss=7.5126 (75.9s)
  [seg+pos seed=2] epoch 40/40 loss=7.5085 (77.8s)

=== Training variant 'seg+pos+rms' seed 0 ===
  [seg+pos+rms seed=0] epoch 1/40 loss=16.9900 (2.2s)
  [seg+pos+rms seed=0] epoch 2/40 loss=10.2091 (4.3s)
  [seg+pos+rms seed=0] epoch 3/40 loss=8.6311 (6.5s)
  [seg+pos+rms seed=0] epoch 4/40 loss=8.2724 (8.3s)
  [seg+pos+rms seed=0] epoch 5/40 loss=8.1552 (10.2s)
  [seg+pos+rms seed=0] epoch 6/40 loss=8.1269 (12.3s)
  [seg+pos+rms seed=0] epoch 7/40 loss=8.1180 (14.5s)
  [seg+pos+rms seed=0] epoch 8/40 loss=8.0594 (16.7s)
  [seg+pos+rms seed=0] epoch 9/40 loss=8.1027 (18.8s)
  [seg+pos+rms seed=0] epoch 10/40 loss=8.0537 (21.0s)
  [seg+pos+rms seed=0] epoch 11/40 loss=8.0657 (23.2s)
  [seg+pos+rms seed=0] epoch 12/40 loss=8.0134 (25.4s)
  [seg+pos+rms seed=0] epoch 13/40 loss=8.0488 (27.5s)
  [seg+pos+rms seed=0] epoch 14/40 loss=8.0409 (29.7s)
  [seg+pos+rms seed=0] epoch 15/40 loss=8.0373 (31.9s)
  [seg+pos+rms seed=0] epoch 16/40 loss=8.0766 (34.0s)
  [seg+pos+rms seed=0] epoch 17/40 loss=8.0244 (36.2s)
  [seg+pos+rms seed=0] epoch 18/40 loss=8.0034 (38.4s)
  [seg+pos+rms seed=0] epoch 19/40 loss=8.0037 (40.5s)
  [seg+pos+rms seed=0] epoch 20/40 loss=8.0347 (42.7s)
  [seg+pos+rms seed=0] epoch 21/40 loss=7.9942 (44.9s)
  [seg+pos+rms seed=0] epoch 22/40 loss=8.0149 (47.1s)
  [seg+pos+rms seed=0] epoch 23/40 loss=8.0195 (49.3s)
  [seg+pos+rms seed=0] epoch 24/40 loss=7.9826 (51.4s)
  [seg+pos+rms seed=0] epoch 25/40 loss=8.0090 (53.7s)
  [seg+pos+rms seed=0] epoch 26/40 loss=8.0018 (55.8s)
  [seg+pos+rms seed=0] epoch 27/40 loss=7.9792 (58.0s)
  [seg+pos+rms seed=0] epoch 28/40 loss=7.9936 (60.2s)
  [seg+pos+rms seed=0] epoch 29/40 loss=7.9895 (62.3s)
  [seg+pos+rms seed=0] epoch 30/40 loss=7.9843 (64.5s)
  [seg+pos+rms seed=0] epoch 31/40 loss=7.9839 (66.7s)
  [seg+pos+rms seed=0] epoch 32/40 loss=7.9840 (69.0s)
  [seg+pos+rms seed=0] epoch 33/40 loss=7.9884 (71.1s)
  [seg+pos+rms seed=0] epoch 34/40 loss=7.9758 (73.3s)
  [seg+pos+rms seed=0] epoch 35/40 loss=7.9879 (75.5s)
  [seg+pos+rms seed=0] epoch 36/40 loss=7.9755 (77.7s)
  [seg+pos+rms seed=0] epoch 37/40 loss=7.9906 (79.9s)
  [seg+pos+rms seed=0] epoch 38/40 loss=7.9817 (82.1s)
  [seg+pos+rms seed=0] epoch 39/40 loss=7.9991 (84.3s)
  [seg+pos+rms seed=0] epoch 40/40 loss=7.9863 (86.4s)

=== Training variant 'seg+pos+rms' seed 1 ===
  [seg+pos+rms seed=1] epoch 1/40 loss=17.1624 (2.2s)
  [seg+pos+rms seed=1] epoch 2/40 loss=10.6568 (4.3s)
  [seg+pos+rms seed=1] epoch 3/40 loss=9.3225 (6.5s)
  [seg+pos+rms seed=1] epoch 4/40 loss=8.7549 (8.7s)
  [seg+pos+rms seed=1] epoch 5/40 loss=8.4605 (10.9s)
  [seg+pos+rms seed=1] epoch 6/40 loss=8.2756 (13.0s)
  [seg+pos+rms seed=1] epoch 7/40 loss=8.2138 (15.2s)
  [seg+pos+rms seed=1] epoch 8/40 loss=8.1597 (17.4s)
  [seg+pos+rms seed=1] epoch 9/40 loss=8.1247 (19.5s)
  [seg+pos+rms seed=1] epoch 10/40 loss=8.1426 (21.7s)
  [seg+pos+rms seed=1] epoch 11/40 loss=8.1224 (23.9s)
  [seg+pos+rms seed=1] epoch 12/40 loss=8.0909 (26.1s)
  [seg+pos+rms seed=1] epoch 13/40 loss=8.0963 (28.3s)
  [seg+pos+rms seed=1] epoch 14/40 loss=8.0852 (30.5s)
  [seg+pos+rms seed=1] epoch 15/40 loss=8.0626 (32.7s)
  [seg+pos+rms seed=1] epoch 16/40 loss=8.0490 (34.8s)
  [seg+pos+rms seed=1] epoch 17/40 loss=8.0480 (37.0s)
  [seg+pos+rms seed=1] epoch 18/40 loss=8.0385 (39.2s)
  [seg+pos+rms seed=1] epoch 19/40 loss=8.0238 (41.1s)
  [seg+pos+rms seed=1] epoch 20/40 loss=8.0857 (43.1s)
  [seg+pos+rms seed=1] epoch 21/40 loss=8.0426 (45.3s)
  [seg+pos+rms seed=1] epoch 22/40 loss=8.0221 (47.4s)
  [seg+pos+rms seed=1] epoch 23/40 loss=8.0393 (49.6s)
  [seg+pos+rms seed=1] epoch 24/40 loss=8.0516 (51.7s)
  [seg+pos+rms seed=1] epoch 25/40 loss=8.0260 (53.9s)
  [seg+pos+rms seed=1] epoch 26/40 loss=8.0096 (56.0s)
  [seg+pos+rms seed=1] epoch 27/40 loss=8.0250 (58.3s)
  [seg+pos+rms seed=1] epoch 28/40 loss=8.0505 (60.4s)
  [seg+pos+rms seed=1] epoch 29/40 loss=7.9949 (62.6s)
  [seg+pos+rms seed=1] epoch 30/40 loss=8.0034 (64.9s)
  [seg+pos+rms seed=1] epoch 31/40 loss=8.0172 (66.9s)
  [seg+pos+rms seed=1] epoch 32/40 loss=8.0682 (69.1s)
  [seg+pos+rms seed=1] epoch 33/40 loss=8.0293 (71.3s)
  [seg+pos+rms seed=1] epoch 34/40 loss=8.0425 (73.5s)
  [seg+pos+rms seed=1] epoch 35/40 loss=8.0064 (75.6s)
  [seg+pos+rms seed=1] epoch 36/40 loss=8.0441 (77.8s)
  [seg+pos+rms seed=1] epoch 37/40 loss=8.0011 (80.0s)
  [seg+pos+rms seed=1] epoch 38/40 loss=7.9945 (82.2s)
  [seg+pos+rms seed=1] epoch 39/40 loss=7.9966 (84.3s)
  [seg+pos+rms seed=1] epoch 40/40 loss=8.0191 (86.5s)

=== Training variant 'seg+pos+rms' seed 2 ===
  [seg+pos+rms seed=2] epoch 1/40 loss=14.9015 (2.2s)
  [seg+pos+rms seed=2] epoch 2/40 loss=9.1214 (4.4s)
  [seg+pos+rms seed=2] epoch 3/40 loss=8.8501 (6.5s)
  [seg+pos+rms seed=2] epoch 4/40 loss=8.3320 (8.7s)
  [seg+pos+rms seed=2] epoch 5/40 loss=8.1914 (10.8s)
  [seg+pos+rms seed=2] epoch 6/40 loss=8.1336 (13.0s)
  [seg+pos+rms seed=2] epoch 7/40 loss=8.1063 (15.2s)
  [seg+pos+rms seed=2] epoch 8/40 loss=8.1362 (17.3s)
  [seg+pos+rms seed=2] epoch 9/40 loss=8.0933 (19.5s)
  [seg+pos+rms seed=2] epoch 10/40 loss=8.0914 (21.7s)
  [seg+pos+rms seed=2] epoch 11/40 loss=8.0699 (23.9s)
  [seg+pos+rms seed=2] epoch 12/40 loss=8.0395 (26.0s)
  [seg+pos+rms seed=2] epoch 13/40 loss=8.0161 (28.2s)
  [seg+pos+rms seed=2] epoch 14/40 loss=8.0551 (30.4s)
  [seg+pos+rms seed=2] epoch 15/40 loss=8.0051 (32.5s)
  [seg+pos+rms seed=2] epoch 16/40 loss=8.0176 (34.7s)
  [seg+pos+rms seed=2] epoch 17/40 loss=8.0129 (36.9s)
  [seg+pos+rms seed=2] epoch 18/40 loss=8.0253 (39.1s)
  [seg+pos+rms seed=2] epoch 19/40 loss=8.0025 (41.2s)
  [seg+pos+rms seed=2] epoch 20/40 loss=8.0000 (43.4s)
  [seg+pos+rms seed=2] epoch 21/40 loss=8.0021 (45.6s)
  [seg+pos+rms seed=2] epoch 22/40 loss=7.9778 (47.7s)
  [seg+pos+rms seed=2] epoch 23/40 loss=8.0009 (49.5s)
  [seg+pos+rms seed=2] epoch 24/40 loss=7.9916 (51.3s)
  [seg+pos+rms seed=2] epoch 25/40 loss=7.9932 (53.2s)
  [seg+pos+rms seed=2] epoch 26/40 loss=8.0091 (55.4s)
  [seg+pos+rms seed=2] epoch 27/40 loss=7.9841 (57.5s)
  [seg+pos+rms seed=2] epoch 28/40 loss=7.9881 (59.7s)
  [seg+pos+rms seed=2] epoch 29/40 loss=7.9884 (61.9s)
  [seg+pos+rms seed=2] epoch 30/40 loss=7.9743 (64.1s)
  [seg+pos+rms seed=2] epoch 31/40 loss=7.9855 (66.3s)
  [seg+pos+rms seed=2] epoch 32/40 loss=8.0015 (68.5s)
  [seg+pos+rms seed=2] epoch 33/40 loss=7.9759 (70.6s)
  [seg+pos+rms seed=2] epoch 34/40 loss=7.9831 (72.8s)
  [seg+pos+rms seed=2] epoch 35/40 loss=7.9741 (75.1s)
  [seg+pos+rms seed=2] epoch 36/40 loss=8.0023 (77.2s)
  [seg+pos+rms seed=2] epoch 37/40 loss=7.9748 (79.4s)
  [seg+pos+rms seed=2] epoch 38/40 loss=7.9901 (81.6s)
  [seg+pos+rms seed=2] epoch 39/40 loss=7.9967 (83.7s)
  [seg+pos+rms seed=2] epoch 40/40 loss=7.9702 (86.0s)

=== Training variant 'seg+pos+rms+psd' seed 0 ===
  [seg+pos+rms+psd seed=0] epoch 1/40 loss=19.0049 (3.2s)
  [seg+pos+rms+psd seed=0] epoch 2/40 loss=10.3634 (6.2s)
  [seg+pos+rms+psd seed=0] epoch 3/40 loss=9.9616 (9.2s)
  [seg+pos+rms+psd seed=0] epoch 4/40 loss=9.6504 (12.2s)
  [seg+pos+rms+psd seed=0] epoch 5/40 loss=9.5026 (15.3s)
  [seg+pos+rms+psd seed=0] epoch 6/40 loss=9.4298 (18.3s)
  [seg+pos+rms+psd seed=0] epoch 7/40 loss=9.4159 (21.3s)
  [seg+pos+rms+psd seed=0] epoch 8/40 loss=9.3097 (24.4s)
  [seg+pos+rms+psd seed=0] epoch 9/40 loss=9.3295 (27.0s)
  [seg+pos+rms+psd seed=0] epoch 10/40 loss=9.2992 (29.3s)
  [seg+pos+rms+psd seed=0] epoch 11/40 loss=9.2906 (31.6s)
  [seg+pos+rms+psd seed=0] epoch 12/40 loss=9.2027 (33.9s)
  [seg+pos+rms+psd seed=0] epoch 13/40 loss=9.2493 (36.2s)
  [seg+pos+rms+psd seed=0] epoch 14/40 loss=9.2151 (38.5s)
  [seg+pos+rms+psd seed=0] epoch 15/40 loss=9.1621 (40.8s)
  [seg+pos+rms+psd seed=0] epoch 16/40 loss=9.2110 (43.5s)
  [seg+pos+rms+psd seed=0] epoch 17/40 loss=9.1372 (46.5s)
  [seg+pos+rms+psd seed=0] epoch 18/40 loss=9.0787 (49.5s)
  [seg+pos+rms+psd seed=0] epoch 19/40 loss=9.0327 (52.5s)
  [seg+pos+rms+psd seed=0] epoch 20/40 loss=9.0655 (55.6s)
  [seg+pos+rms+psd seed=0] epoch 21/40 loss=8.9949 (58.6s)
  [seg+pos+rms+psd seed=0] epoch 22/40 loss=9.0324 (61.6s)
  [seg+pos+rms+psd seed=0] epoch 23/40 loss=9.0117 (64.6s)
  [seg+pos+rms+psd seed=0] epoch 24/40 loss=9.0253 (67.7s)
  [seg+pos+rms+psd seed=0] epoch 25/40 loss=8.9808 (70.7s)
  [seg+pos+rms+psd seed=0] epoch 26/40 loss=8.9850 (73.5s)
  [seg+pos+rms+psd seed=0] epoch 27/40 loss=8.9253 (75.8s)
  [seg+pos+rms+psd seed=0] epoch 28/40 loss=9.0413 (78.1s)
  [seg+pos+rms+psd seed=0] epoch 29/40 loss=8.9988 (80.5s)
  [seg+pos+rms+psd seed=0] epoch 30/40 loss=8.9379 (83.5s)
  [seg+pos+rms+psd seed=0] epoch 31/40 loss=8.9691 (86.5s)
  [seg+pos+rms+psd seed=0] epoch 32/40 loss=8.9410 (89.5s)
  [seg+pos+rms+psd seed=0] epoch 33/40 loss=8.8899 (92.6s)
  [seg+pos+rms+psd seed=0] epoch 34/40 loss=8.9079 (95.6s)
  [seg+pos+rms+psd seed=0] epoch 35/40 loss=8.9025 (98.6s)
  [seg+pos+rms+psd seed=0] epoch 36/40 loss=8.8775 (101.7s)
  [seg+pos+rms+psd seed=0] epoch 37/40 loss=8.9175 (104.7s)
  [seg+pos+rms+psd seed=0] epoch 38/40 loss=8.8959 (107.7s)
  [seg+pos+rms+psd seed=0] epoch 39/40 loss=8.8979 (110.7s)
  [seg+pos+rms+psd seed=0] epoch 40/40 loss=8.9518 (113.8s)

=== Training variant 'seg+pos+rms+psd' seed 1 ===
  [seg+pos+rms+psd seed=1] epoch 1/40 loss=17.5621 (3.0s)
  [seg+pos+rms+psd seed=1] epoch 2/40 loss=10.6039 (6.0s)
  [seg+pos+rms+psd seed=1] epoch 3/40 loss=9.9639 (9.1s)
  [seg+pos+rms+psd seed=1] epoch 4/40 loss=9.5607 (12.1s)
  [seg+pos+rms+psd seed=1] epoch 5/40 loss=9.5212 (15.2s)
  [seg+pos+rms+psd seed=1] epoch 6/40 loss=9.4477 (18.3s)
  [seg+pos+rms+psd seed=1] epoch 7/40 loss=9.4084 (21.3s)
  [seg+pos+rms+psd seed=1] epoch 8/40 loss=9.4070 (24.3s)
  [seg+pos+rms+psd seed=1] epoch 9/40 loss=9.3854 (27.4s)
  [seg+pos+rms+psd seed=1] epoch 10/40 loss=9.3650 (30.4s)
  [seg+pos+rms+psd seed=1] epoch 11/40 loss=9.3337 (33.4s)
  [seg+pos+rms+psd seed=1] epoch 12/40 loss=9.2826 (36.5s)
  [seg+pos+rms+psd seed=1] epoch 13/40 loss=9.2805 (39.5s)
  [seg+pos+rms+psd seed=1] epoch 14/40 loss=9.2314 (42.5s)
  [seg+pos+rms+psd seed=1] epoch 15/40 loss=9.1493 (45.3s)
  [seg+pos+rms+psd seed=1] epoch 16/40 loss=9.0793 (48.3s)
  [seg+pos+rms+psd seed=1] epoch 17/40 loss=9.1262 (51.3s)
  [seg+pos+rms+psd seed=1] epoch 18/40 loss=9.0568 (54.4s)
  [seg+pos+rms+psd seed=1] epoch 19/40 loss=8.9953 (57.4s)
  [seg+pos+rms+psd seed=1] epoch 20/40 loss=9.0101 (60.4s)
  [seg+pos+rms+psd seed=1] epoch 21/40 loss=9.0368 (63.5s)
  [seg+pos+rms+psd seed=1] epoch 22/40 loss=9.0210 (66.4s)
  [seg+pos+rms+psd seed=1] epoch 23/40 loss=8.9654 (69.5s)
  [seg+pos+rms+psd seed=1] epoch 24/40 loss=9.0032 (72.5s)
  [seg+pos+rms+psd seed=1] epoch 25/40 loss=8.9468 (75.5s)
  [seg+pos+rms+psd seed=1] epoch 26/40 loss=8.9734 (78.5s)
  [seg+pos+rms+psd seed=1] epoch 27/40 loss=8.9043 (81.6s)
  [seg+pos+rms+psd seed=1] epoch 28/40 loss=8.9126 (84.6s)
  [seg+pos+rms+psd seed=1] epoch 29/40 loss=8.8851 (87.6s)
  [seg+pos+rms+psd seed=1] epoch 30/40 loss=8.8652 (90.6s)
  [seg+pos+rms+psd seed=1] epoch 31/40 loss=8.9194 (93.7s)
  [seg+pos+rms+psd seed=1] epoch 32/40 loss=8.8548 (96.7s)
  [seg+pos+rms+psd seed=1] epoch 33/40 loss=8.8624 (99.7s)
  [seg+pos+rms+psd seed=1] epoch 34/40 loss=8.9076 (102.7s)
  [seg+pos+rms+psd seed=1] epoch 35/40 loss=8.9084 (105.8s)
  [seg+pos+rms+psd seed=1] epoch 36/40 loss=8.8172 (108.7s)
  [seg+pos+rms+psd seed=1] epoch 37/40 loss=8.8392 (111.7s)
  [seg+pos+rms+psd seed=1] epoch 38/40 loss=8.8193 (114.8s)
  [seg+pos+rms+psd seed=1] epoch 39/40 loss=8.7872 (117.8s)
  [seg+pos+rms+psd seed=1] epoch 40/40 loss=8.8920 (120.8s)

=== Training variant 'seg+pos+rms+psd' seed 2 ===
  [seg+pos+rms+psd seed=2] epoch 1/40 loss=17.2519 (3.0s)
  [seg+pos+rms+psd seed=2] epoch 2/40 loss=10.1462 (5.8s)
  [seg+pos+rms+psd seed=2] epoch 3/40 loss=9.7609 (8.4s)
  [seg+pos+rms+psd seed=2] epoch 4/40 loss=9.4817 (11.4s)
  [seg+pos+rms+psd seed=2] epoch 5/40 loss=9.3470 (14.4s)
  [seg+pos+rms+psd seed=2] epoch 6/40 loss=9.3062 (17.5s)
  [seg+pos+rms+psd seed=2] epoch 7/40 loss=9.1920 (20.5s)
  [seg+pos+rms+psd seed=2] epoch 8/40 loss=9.2503 (23.5s)
  [seg+pos+rms+psd seed=2] epoch 9/40 loss=9.2132 (26.6s)
  [seg+pos+rms+psd seed=2] epoch 10/40 loss=9.1288 (29.6s)
  [seg+pos+rms+psd seed=2] epoch 11/40 loss=9.1409 (32.6s)
  [seg+pos+rms+psd seed=2] epoch 12/40 loss=9.0934 (35.6s)
  [seg+pos+rms+psd seed=2] epoch 13/40 loss=9.0147 (38.6s)
  [seg+pos+rms+psd seed=2] epoch 14/40 loss=8.9902 (41.7s)
  [seg+pos+rms+psd seed=2] epoch 15/40 loss=9.0054 (44.7s)
  [seg+pos+rms+psd seed=2] epoch 16/40 loss=8.9179 (47.7s)
  [seg+pos+rms+psd seed=2] epoch 17/40 loss=8.9337 (50.8s)
  [seg+pos+rms+psd seed=2] epoch 18/40 loss=8.9433 (53.8s)
  [seg+pos+rms+psd seed=2] epoch 19/40 loss=8.8692 (56.8s)
  [seg+pos+rms+psd seed=2] epoch 20/40 loss=8.8794 (59.5s)
  [seg+pos+rms+psd seed=2] epoch 21/40 loss=8.8829 (62.6s)
  [seg+pos+rms+psd seed=2] epoch 22/40 loss=8.8296 (65.6s)
  [seg+pos+rms+psd seed=2] epoch 23/40 loss=8.8392 (68.6s)
  [seg+pos+rms+psd seed=2] epoch 24/40 loss=8.8644 (71.7s)
  [seg+pos+rms+psd seed=2] epoch 25/40 loss=8.8441 (74.7s)
  [seg+pos+rms+psd seed=2] epoch 26/40 loss=8.8080 (77.7s)
  [seg+pos+rms+psd seed=2] epoch 27/40 loss=8.7764 (80.8s)
  [seg+pos+rms+psd seed=2] epoch 28/40 loss=8.7834 (83.8s)
  [seg+pos+rms+psd seed=2] epoch 29/40 loss=8.8467 (86.8s)
  [seg+pos+rms+psd seed=2] epoch 30/40 loss=8.7279 (89.9s)
  [seg+pos+rms+psd seed=2] epoch 31/40 loss=8.7545 (92.9s)
  [seg+pos+rms+psd seed=2] epoch 32/40 loss=8.7999 (95.9s)
  [seg+pos+rms+psd seed=2] epoch 33/40 loss=8.7268 (99.0s)
  [seg+pos+rms+psd seed=2] epoch 34/40 loss=8.7152 (102.0s)
  [seg+pos+rms+psd seed=2] epoch 35/40 loss=8.6928 (105.0s)
  [seg+pos+rms+psd seed=2] epoch 36/40 loss=8.8202 (108.1s)
  [seg+pos+rms+psd seed=2] epoch 37/40 loss=8.7179 (111.0s)
  [seg+pos+rms+psd seed=2] epoch 38/40 loss=8.7201 (114.1s)
  [seg+pos+rms+psd seed=2] epoch 39/40 loss=8.7181 (117.1s)
  [seg+pos+rms+psd seed=2] epoch 40/40 loss=8.6757 (120.2s)

=== Training variant 'full' seed 0 ===
  [full seed=0] epoch 1/40 loss=19.9406 (3.6s)
  [full seed=0] epoch 2/40 loss=11.0726 (7.3s)
  [full seed=0] epoch 3/40 loss=10.5826 (10.9s)
  [full seed=0] epoch 4/40 loss=10.2784 (14.6s)
  [full seed=0] epoch 5/40 loss=10.1674 (18.2s)
  [full seed=0] epoch 6/40 loss=10.0761 (21.9s)
  [full seed=0] epoch 7/40 loss=10.0469 (25.5s)
  [full seed=0] epoch 8/40 loss=9.9215 (29.1s)
  [full seed=0] epoch 9/40 loss=9.9030 (32.8s)
  [full seed=0] epoch 10/40 loss=9.8707 (36.4s)
  [full seed=0] epoch 11/40 loss=9.8386 (40.1s)
  [full seed=0] epoch 12/40 loss=9.7701 (43.7s)
  [full seed=0] epoch 13/40 loss=9.8238 (47.4s)
  [full seed=0] epoch 14/40 loss=9.7821 (51.0s)
  [full seed=0] epoch 15/40 loss=9.7979 (54.6s)
  [full seed=0] epoch 16/40 loss=9.7882 (58.3s)
  [full seed=0] epoch 17/40 loss=9.6869 (61.9s)
  [full seed=0] epoch 18/40 loss=9.6387 (65.5s)
  [full seed=0] epoch 19/40 loss=9.5967 (69.1s)
  [full seed=0] epoch 20/40 loss=9.6337 (72.7s)
  [full seed=0] epoch 21/40 loss=9.5570 (76.3s)
  [full seed=0] epoch 22/40 loss=9.5474 (79.9s)
  [full seed=0] epoch 23/40 loss=9.5016 (83.6s)
  [full seed=0] epoch 24/40 loss=9.5293 (87.2s)
  [full seed=0] epoch 25/40 loss=9.4991 (90.9s)
  [full seed=0] epoch 26/40 loss=9.4827 (94.5s)
  [full seed=0] epoch 27/40 loss=9.4492 (98.1s)
  [full seed=0] epoch 28/40 loss=9.5001 (101.7s)
  [full seed=0] epoch 29/40 loss=9.4936 (105.4s)
  [full seed=0] epoch 30/40 loss=9.4371 (109.0s)
  [full seed=0] epoch 31/40 loss=9.4320 (112.6s)
  [full seed=0] epoch 32/40 loss=9.4101 (116.3s)
  [full seed=0] epoch 33/40 loss=9.3829 (119.9s)
  [full seed=0] epoch 34/40 loss=9.3738 (123.5s)
  [full seed=0] epoch 35/40 loss=9.3678 (127.1s)
  [full seed=0] epoch 36/40 loss=9.3963 (130.7s)
  [full seed=0] epoch 37/40 loss=9.3634 (134.3s)
  [full seed=0] epoch 38/40 loss=9.3325 (138.0s)
  [full seed=0] epoch 39/40 loss=9.3581 (141.6s)
  [full seed=0] epoch 40/40 loss=9.3836 (145.2s)

=== Training variant 'full' seed 1 ===
  [full seed=1] epoch 1/40 loss=17.4520 (3.6s)
  [full seed=1] epoch 2/40 loss=10.8947 (7.2s)
  [full seed=1] epoch 3/40 loss=10.2296 (10.8s)
  [full seed=1] epoch 4/40 loss=10.0547 (14.3s)
  [full seed=1] epoch 5/40 loss=10.0289 (17.9s)
  [full seed=1] epoch 6/40 loss=9.9700 (21.5s)
  [full seed=1] epoch 7/40 loss=9.9287 (25.1s)
  [full seed=1] epoch 8/40 loss=9.9094 (28.6s)
  [full seed=1] epoch 9/40 loss=9.9078 (32.2s)
  [full seed=1] epoch 10/40 loss=9.9180 (35.7s)
  [full seed=1] epoch 11/40 loss=9.8664 (39.3s)
  [full seed=1] epoch 12/40 loss=9.8002 (43.0s)
  [full seed=1] epoch 13/40 loss=9.7820 (46.6s)
  [full seed=1] epoch 14/40 loss=9.7882 (50.2s)
  [full seed=1] epoch 15/40 loss=9.7356 (53.9s)
  [full seed=1] epoch 16/40 loss=9.6946 (57.5s)
  [full seed=1] epoch 17/40 loss=9.7650 (61.0s)
  [full seed=1] epoch 18/40 loss=9.6873 (64.6s)
  [full seed=1] epoch 19/40 loss=9.6171 (68.2s)
  [full seed=1] epoch 20/40 loss=9.6285 (71.9s)
  [full seed=1] epoch 21/40 loss=9.7032 (75.5s)
  [full seed=1] epoch 22/40 loss=9.6031 (78.9s)
  [full seed=1] epoch 23/40 loss=9.5558 (82.2s)
  [full seed=1] epoch 24/40 loss=9.5430 (85.7s)
  [full seed=1] epoch 25/40 loss=9.5150 (89.2s)
  [full seed=1] epoch 26/40 loss=9.5584 (92.7s)
  [full seed=1] epoch 27/40 loss=9.4716 (96.2s)
  [full seed=1] epoch 28/40 loss=9.5004 (99.9s)
  [full seed=1] epoch 29/40 loss=9.4780 (103.5s)
  [full seed=1] epoch 30/40 loss=9.4222 (107.1s)
  [full seed=1] epoch 31/40 loss=9.4363 (110.8s)
  [full seed=1] epoch 32/40 loss=9.4284 (114.4s)
  [full seed=1] epoch 33/40 loss=9.4329 (118.1s)
  [full seed=1] epoch 34/40 loss=9.4517 (121.7s)
  [full seed=1] epoch 35/40 loss=9.4195 (125.4s)
  [full seed=1] epoch 36/40 loss=9.3774 (129.0s)
  [full seed=1] epoch 37/40 loss=9.3815 (132.7s)
  [full seed=1] epoch 38/40 loss=9.3611 (136.3s)
  [full seed=1] epoch 39/40 loss=9.3471 (139.9s)
  [full seed=1] epoch 40/40 loss=9.4190 (143.5s)

=== Training variant 'full' seed 2 ===
  [full seed=2] epoch 1/40 loss=17.8188 (3.6s)
  [full seed=2] epoch 2/40 loss=10.6304 (7.2s)
  [full seed=2] epoch 3/40 loss=10.3785 (10.8s)
  [full seed=2] epoch 4/40 loss=10.0962 (14.1s)
  [full seed=2] epoch 5/40 loss=9.9418 (16.7s)
  [full seed=2] epoch 6/40 loss=9.9136 (19.3s)
  [full seed=2] epoch 7/40 loss=9.8461 (22.0s)
  [full seed=2] epoch 8/40 loss=9.8637 (25.2s)
  [full seed=2] epoch 9/40 loss=9.8088 (28.9s)
  [full seed=2] epoch 10/40 loss=9.7304 (32.5s)
  [full seed=2] epoch 11/40 loss=9.7889 (36.1s)
  [full seed=2] epoch 12/40 loss=9.6852 (39.7s)
  [full seed=2] epoch 13/40 loss=9.5910 (43.4s)
  [full seed=2] epoch 14/40 loss=9.6472 (47.0s)
  [full seed=2] epoch 15/40 loss=9.5753 (50.7s)
  [full seed=2] epoch 16/40 loss=9.4917 (54.3s)
  [full seed=2] epoch 17/40 loss=9.4959 (57.9s)
  [full seed=2] epoch 18/40 loss=9.5293 (61.5s)
  [full seed=2] epoch 19/40 loss=9.4560 (65.1s)
  [full seed=2] epoch 20/40 loss=9.4388 (68.7s)
  [full seed=2] epoch 21/40 loss=9.4619 (72.3s)
  [full seed=2] epoch 22/40 loss=9.4250 (76.0s)
  [full seed=2] epoch 23/40 loss=9.3797 (79.6s)
  [full seed=2] epoch 24/40 loss=9.3762 (83.3s)
  [full seed=2] epoch 25/40 loss=9.3858 (86.9s)
  [full seed=2] epoch 26/40 loss=9.3804 (90.6s)
  [full seed=2] epoch 27/40 loss=9.3324 (94.2s)
  [full seed=2] epoch 28/40 loss=9.3259 (97.8s)
  [full seed=2] epoch 29/40 loss=9.3868 (101.4s)
  [full seed=2] epoch 30/40 loss=9.3131 (105.1s)
  [full seed=2] epoch 31/40 loss=9.3760 (108.7s)
  [full seed=2] epoch 32/40 loss=9.4089 (112.4s)
  [full seed=2] epoch 33/40 loss=9.2917 (116.0s)
  [full seed=2] epoch 34/40 loss=9.2568 (119.6s)
  [full seed=2] epoch 35/40 loss=9.2424 (123.2s)
  [full seed=2] epoch 36/40 loss=9.3823 (126.8s)
  [full seed=2] epoch 37/40 loss=9.2487 (130.4s)
  [full seed=2] epoch 38/40 loss=9.2820 (134.0s)
  [full seed=2] epoch 39/40 loss=9.2803 (137.6s)
  [full seed=2] epoch 40/40 loss=9.2302 (141.2s)

=== Table 3 (loss ablation) -- this pilot run ===
         method  edge_mae_mean  edge_mae_std  ler_mae_mean  ler_mae_std  lwr_mae_mean  lwr_mae_std    n
       seg-only         0.8936        0.3423        0.3197       0.2183        0.3963       0.3140 1440
        seg+pos         0.8904        0.3414        0.3023       0.2116        0.3744       0.3034 1440
    seg+pos+rms         0.9079        0.3362        0.2079       0.1836        0.2617       0.2541 1440
seg+pos+rms+psd         0.9995        0.3758        0.1781       0.1247        0.2271       0.1992 1440
           full         0.9841        0.3640        0.1957       0.1527        0.2396       0.2195 1440

(scale: 3 seed(s), 40 epochs, 15 train realizations/config, 32 configs -- see docstring to scale up)
### exp2cal exit=0 17:50:57
### exp1 start 17:50:57
Configs: 32  (sigma x xi x alpha x rho grid)

=== Row 1/4: Classical: Threshold + sub-pixel ===

Training set: 480 paired items

=== Training 'seg-only' (seed 0) for Table 2 ===
  [seg-only seed=0] epoch 1/40 loss=9.3190 (2.4s)
  [seg-only seed=0] epoch 2/40 loss=6.1838 (4.3s)
  [seg-only seed=0] epoch 3/40 loss=5.9758 (6.2s)
  [seg-only seed=0] epoch 4/40 loss=5.9350 (8.1s)
  [seg-only seed=0] epoch 5/40 loss=5.9171 (10.1s)
  [seg-only seed=0] epoch 6/40 loss=5.9067 (12.0s)
  [seg-only seed=0] epoch 7/40 loss=5.8988 (13.9s)
  [seg-only seed=0] epoch 8/40 loss=5.8930 (15.8s)
  [seg-only seed=0] epoch 9/40 loss=5.8893 (17.7s)
  [seg-only seed=0] epoch 10/40 loss=5.8836 (19.6s)
  [seg-only seed=0] epoch 11/40 loss=5.8803 (21.6s)
  [seg-only seed=0] epoch 12/40 loss=5.8768 (23.4s)
  [seg-only seed=0] epoch 13/40 loss=5.8745 (25.4s)
  [seg-only seed=0] epoch 14/40 loss=5.8728 (27.3s)
  [seg-only seed=0] epoch 15/40 loss=5.8712 (29.2s)
  [seg-only seed=0] epoch 16/40 loss=5.8691 (31.1s)
  [seg-only seed=0] epoch 17/40 loss=5.8669 (33.0s)
  [seg-only seed=0] epoch 18/40 loss=5.8654 (34.9s)
  [seg-only seed=0] epoch 19/40 loss=5.8649 (36.8s)
  [seg-only seed=0] epoch 20/40 loss=5.8634 (38.7s)
  [seg-only seed=0] epoch 21/40 loss=5.8622 (40.6s)
  [seg-only seed=0] epoch 22/40 loss=5.8608 (42.5s)
  [seg-only seed=0] epoch 23/40 loss=5.8595 (44.4s)
  [seg-only seed=0] epoch 24/40 loss=5.8588 (46.3s)
  [seg-only seed=0] epoch 25/40 loss=5.8583 (48.3s)
  [seg-only seed=0] epoch 26/40 loss=5.8565 (50.2s)
  [seg-only seed=0] epoch 27/40 loss=5.8557 (52.1s)
  [seg-only seed=0] epoch 28/40 loss=5.8552 (54.0s)
  [seg-only seed=0] epoch 29/40 loss=5.8548 (55.9s)
  [seg-only seed=0] epoch 30/40 loss=5.8533 (57.8s)
  [seg-only seed=0] epoch 31/40 loss=5.8530 (59.7s)
  [seg-only seed=0] epoch 32/40 loss=5.8519 (61.6s)
  [seg-only seed=0] epoch 33/40 loss=5.8515 (63.6s)
  [seg-only seed=0] epoch 34/40 loss=5.8507 (65.5s)
  [seg-only seed=0] epoch 35/40 loss=5.8502 (67.4s)
  [seg-only seed=0] epoch 36/40 loss=5.8490 (69.3s)
  [seg-only seed=0] epoch 37/40 loss=5.8482 (71.2s)
  [seg-only seed=0] epoch 38/40 loss=5.8476 (73.1s)
  [seg-only seed=0] epoch 39/40 loss=5.8466 (75.0s)
  [seg-only seed=0] epoch 40/40 loss=5.8466 (76.9s)

=== Training 'seg-only' (seed 1) for Table 2 ===
  [seg-only seed=1] epoch 1/40 loss=8.3361 (1.9s)
  [seg-only seed=1] epoch 2/40 loss=6.1752 (3.8s)
  [seg-only seed=1] epoch 3/40 loss=6.0278 (5.7s)
  [seg-only seed=1] epoch 4/40 loss=5.9723 (7.5s)
  [seg-only seed=1] epoch 5/40 loss=5.9467 (9.3s)
  [seg-only seed=1] epoch 6/40 loss=5.9307 (11.2s)
  [seg-only seed=1] epoch 7/40 loss=5.9204 (13.1s)
  [seg-only seed=1] epoch 8/40 loss=5.9130 (15.0s)
  [seg-only seed=1] epoch 9/40 loss=5.9061 (16.9s)
  [seg-only seed=1] epoch 10/40 loss=5.9019 (18.8s)
  [seg-only seed=1] epoch 11/40 loss=5.8982 (20.7s)
  [seg-only seed=1] epoch 12/40 loss=5.8952 (22.6s)
  [seg-only seed=1] epoch 13/40 loss=5.8919 (24.5s)
  [seg-only seed=1] epoch 14/40 loss=5.8894 (26.4s)
  [seg-only seed=1] epoch 15/40 loss=5.8860 (28.3s)
  [seg-only seed=1] epoch 16/40 loss=5.8846 (30.2s)
  [seg-only seed=1] epoch 17/40 loss=5.8810 (32.2s)
  [seg-only seed=1] epoch 18/40 loss=5.8773 (34.1s)
  [seg-only seed=1] epoch 19/40 loss=5.8749 (36.0s)
  [seg-only seed=1] epoch 20/40 loss=5.8722 (37.9s)
  [seg-only seed=1] epoch 21/40 loss=5.8704 (39.8s)
  [seg-only seed=1] epoch 22/40 loss=5.8681 (41.7s)
  [seg-only seed=1] epoch 23/40 loss=5.8667 (43.6s)
  [seg-only seed=1] epoch 24/40 loss=5.8658 (45.5s)
  [seg-only seed=1] epoch 25/40 loss=5.8644 (47.5s)
  [seg-only seed=1] epoch 26/40 loss=5.8623 (49.4s)
  [seg-only seed=1] epoch 27/40 loss=5.8609 (51.3s)
  [seg-only seed=1] epoch 28/40 loss=5.8613 (53.2s)
  [seg-only seed=1] epoch 29/40 loss=5.8599 (55.1s)
  [seg-only seed=1] epoch 30/40 loss=5.8583 (57.0s)
  [seg-only seed=1] epoch 31/40 loss=5.8576 (58.9s)
  [seg-only seed=1] epoch 32/40 loss=5.8564 (60.9s)
  [seg-only seed=1] epoch 33/40 loss=5.8563 (62.8s)
  [seg-only seed=1] epoch 34/40 loss=5.8554 (64.7s)
  [seg-only seed=1] epoch 35/40 loss=5.8547 (66.6s)
  [seg-only seed=1] epoch 36/40 loss=5.8530 (68.6s)
  [seg-only seed=1] epoch 37/40 loss=5.8518 (70.5s)
  [seg-only seed=1] epoch 38/40 loss=5.8524 (72.4s)
  [seg-only seed=1] epoch 39/40 loss=5.8511 (74.4s)
  [seg-only seed=1] epoch 40/40 loss=5.8514 (76.3s)

=== Training 'seg-only' (seed 2) for Table 2 ===
  [seg-only seed=2] epoch 1/40 loss=9.0246 (1.9s)
  [seg-only seed=2] epoch 2/40 loss=6.2215 (3.8s)
  [seg-only seed=2] epoch 3/40 loss=6.0266 (5.8s)
  [seg-only seed=2] epoch 4/40 loss=5.9665 (7.7s)
  [seg-only seed=2] epoch 5/40 loss=5.9375 (9.7s)
  [seg-only seed=2] epoch 6/40 loss=5.9205 (11.7s)
  [seg-only seed=2] epoch 7/40 loss=5.9092 (13.6s)
  [seg-only seed=2] epoch 8/40 loss=5.9012 (15.5s)
  [seg-only seed=2] epoch 9/40 loss=5.8950 (17.5s)
  [seg-only seed=2] epoch 10/40 loss=5.8913 (19.4s)
  [seg-only seed=2] epoch 11/40 loss=5.8871 (21.3s)
  [seg-only seed=2] epoch 12/40 loss=5.8836 (23.2s)
  [seg-only seed=2] epoch 13/40 loss=5.8814 (25.1s)
  [seg-only seed=2] epoch 14/40 loss=5.8796 (27.0s)
  [seg-only seed=2] epoch 15/40 loss=5.8771 (28.9s)
  [seg-only seed=2] epoch 16/40 loss=5.8760 (30.8s)
  [seg-only seed=2] epoch 17/40 loss=5.8746 (32.8s)
  [seg-only seed=2] epoch 18/40 loss=5.8735 (34.7s)
  [seg-only seed=2] epoch 19/40 loss=5.8722 (36.6s)
  [seg-only seed=2] epoch 20/40 loss=5.8708 (38.6s)
  [seg-only seed=2] epoch 21/40 loss=5.8699 (40.5s)
  [seg-only seed=2] epoch 22/40 loss=5.8687 (42.5s)
  [seg-only seed=2] epoch 23/40 loss=5.8673 (44.4s)
  [seg-only seed=2] epoch 24/40 loss=5.8666 (46.4s)
  [seg-only seed=2] epoch 25/40 loss=5.8656 (48.3s)
  [seg-only seed=2] epoch 26/40 loss=5.8650 (50.1s)
  [seg-only seed=2] epoch 27/40 loss=5.8638 (51.9s)
  [seg-only seed=2] epoch 28/40 loss=5.8627 (53.7s)
  [seg-only seed=2] epoch 29/40 loss=5.8617 (55.6s)
  [seg-only seed=2] epoch 30/40 loss=5.8610 (57.7s)
  [seg-only seed=2] epoch 31/40 loss=5.8607 (59.6s)
  [seg-only seed=2] epoch 32/40 loss=5.8600 (61.6s)
  [seg-only seed=2] epoch 33/40 loss=5.8586 (63.5s)
  [seg-only seed=2] epoch 34/40 loss=5.8584 (65.5s)
  [seg-only seed=2] epoch 35/40 loss=5.8575 (67.5s)
  [seg-only seed=2] epoch 36/40 loss=5.8572 (69.5s)
  [seg-only seed=2] epoch 37/40 loss=5.8555 (71.5s)
  [seg-only seed=2] epoch 38/40 loss=5.8554 (73.5s)
  [seg-only seed=2] epoch 39/40 loss=5.8547 (75.5s)
  [seg-only seed=2] epoch 40/40 loss=5.8537 (77.5s)

=== Training 'full' (seed 0) for Table 2 ===
  [full seed=0] epoch 1/40 loss=16.7426 (3.9s)
  [full seed=0] epoch 2/40 loss=7.2628 (7.4s)
  [full seed=0] epoch 3/40 loss=6.7585 (10.8s)
  [full seed=0] epoch 4/40 loss=6.4869 (14.5s)
  [full seed=0] epoch 5/40 loss=6.3523 (18.2s)
  [full seed=0] epoch 6/40 loss=6.2977 (21.7s)
  [full seed=0] epoch 7/40 loss=6.2725 (24.5s)
  [full seed=0] epoch 8/40 loss=6.2586 (27.9s)
  [full seed=0] epoch 9/40 loss=6.2525 (31.4s)
  [full seed=0] epoch 10/40 loss=6.2364 (35.3s)
  [full seed=0] epoch 11/40 loss=6.2341 (39.1s)
  [full seed=0] epoch 12/40 loss=6.2265 (43.2s)
  [full seed=0] epoch 13/40 loss=6.2193 (47.0s)
  [full seed=0] epoch 14/40 loss=6.2166 (50.8s)
  [full seed=0] epoch 15/40 loss=6.2091 (54.5s)
  [full seed=0] epoch 16/40 loss=6.2108 (57.8s)
  [full seed=0] epoch 17/40 loss=6.2047 (61.5s)
  [full seed=0] epoch 18/40 loss=6.2008 (65.2s)
  [full seed=0] epoch 19/40 loss=6.1982 (69.0s)
  [full seed=0] epoch 20/40 loss=6.1960 (73.1s)
  [full seed=0] epoch 21/40 loss=6.1918 (76.8s)
  [full seed=0] epoch 22/40 loss=6.1896 (80.5s)
  [full seed=0] epoch 23/40 loss=6.1854 (84.3s)
  [full seed=0] epoch 24/40 loss=6.1839 (88.1s)
  [full seed=0] epoch 25/40 loss=6.1838 (92.2s)
  [full seed=0] epoch 26/40 loss=6.1804 (96.3s)
  [full seed=0] epoch 27/40 loss=6.1771 (99.8s)
  [full seed=0] epoch 28/40 loss=6.1777 (103.8s)
  [full seed=0] epoch 29/40 loss=6.1776 (107.7s)
  [full seed=0] epoch 30/40 loss=6.1747 (111.6s)
  [full seed=0] epoch 31/40 loss=6.1711 (115.3s)
  [full seed=0] epoch 32/40 loss=6.1676 (118.8s)
  [full seed=0] epoch 33/40 loss=6.1680 (122.4s)
  [full seed=0] epoch 34/40 loss=6.1650 (126.0s)
  [full seed=0] epoch 35/40 loss=6.1657 (129.6s)
  [full seed=0] epoch 36/40 loss=6.1629 (133.3s)
  [full seed=0] epoch 37/40 loss=6.1649 (136.9s)
  [full seed=0] epoch 38/40 loss=6.1576 (140.5s)
  [full seed=0] epoch 39/40 loss=6.1580 (144.2s)
  [full seed=0] epoch 40/40 loss=6.1538 (147.9s)

=== Training 'full' (seed 1) for Table 2 ===
  [full seed=1] epoch 1/40 loss=14.3886 (3.7s)
  [full seed=1] epoch 2/40 loss=7.1317 (7.4s)
  [full seed=1] epoch 3/40 loss=6.6747 (11.1s)
  [full seed=1] epoch 4/40 loss=6.4977 (14.8s)
  [full seed=1] epoch 5/40 loss=6.4136 (18.4s)
  [full seed=1] epoch 6/40 loss=6.3619 (22.0s)
  [full seed=1] epoch 7/40 loss=6.3353 (25.8s)
  [full seed=1] epoch 8/40 loss=6.3116 (29.4s)
  [full seed=1] epoch 9/40 loss=6.2971 (33.2s)
  [full seed=1] epoch 10/40 loss=6.2875 (36.5s)
  [full seed=1] epoch 11/40 loss=6.2728 (40.2s)
  [full seed=1] epoch 12/40 loss=6.2678 (44.0s)
  [full seed=1] epoch 13/40 loss=6.2618 (47.9s)
  [full seed=1] epoch 14/40 loss=6.2555 (51.9s)
  [full seed=1] epoch 15/40 loss=6.2510 (55.8s)
  [full seed=1] epoch 16/40 loss=6.2457 (59.5s)
  [full seed=1] epoch 17/40 loss=6.2408 (63.3s)
  [full seed=1] epoch 18/40 loss=6.2365 (67.0s)
  [full seed=1] epoch 19/40 loss=6.2337 (70.5s)
  [full seed=1] epoch 20/40 loss=6.2308 (74.2s)
  [full seed=1] epoch 21/40 loss=6.2323 (77.8s)
  [full seed=1] epoch 22/40 loss=6.2242 (81.5s)
  [full seed=1] epoch 23/40 loss=6.2214 (85.1s)
  [full seed=1] epoch 24/40 loss=6.2198 (88.7s)
  [full seed=1] epoch 25/40 loss=6.2139 (92.4s)
  [full seed=1] epoch 26/40 loss=6.2226 (96.0s)
  [full seed=1] epoch 27/40 loss=6.2142 (99.7s)
  [full seed=1] epoch 28/40 loss=6.2101 (103.3s)
  [full seed=1] epoch 29/40 loss=6.2043 (106.8s)
  [full seed=1] epoch 30/40 loss=6.2027 (110.3s)
  [full seed=1] epoch 31/40 loss=6.2023 (114.0s)
  [full seed=1] epoch 32/40 loss=6.2022 (117.8s)
  [full seed=1] epoch 33/40 loss=6.1980 (121.6s)
  [full seed=1] epoch 34/40 loss=6.1980 (125.4s)
  [full seed=1] epoch 35/40 loss=6.1951 (129.1s)
  [full seed=1] epoch 36/40 loss=6.1897 (133.0s)
  [full seed=1] epoch 37/40 loss=6.1903 (136.9s)
  [full seed=1] epoch 38/40 loss=6.1879 (140.5s)
  [full seed=1] epoch 39/40 loss=6.1842 (144.2s)
  [full seed=1] epoch 40/40 loss=6.1868 (147.8s)

=== Training 'full' (seed 2) for Table 2 ===
  [full seed=2] epoch 1/40 loss=18.1663 (3.7s)
  [full seed=2] epoch 2/40 loss=7.5108 (7.3s)
  [full seed=2] epoch 3/40 loss=6.8454 (10.9s)
  [full seed=2] epoch 4/40 loss=6.5691 (14.5s)
  [full seed=2] epoch 5/40 loss=6.4156 (18.1s)
  [full seed=2] epoch 6/40 loss=6.3343 (21.8s)
  [full seed=2] epoch 7/40 loss=6.2876 (25.4s)
  [full seed=2] epoch 8/40 loss=6.2648 (29.0s)
  [full seed=2] epoch 9/40 loss=6.2453 (32.8s)
  [full seed=2] epoch 10/40 loss=6.2373 (36.5s)
  [full seed=2] epoch 11/40 loss=6.2255 (40.1s)
  [full seed=2] epoch 12/40 loss=6.2180 (43.7s)
  [full seed=2] epoch 13/40 loss=6.2076 (47.4s)
  [full seed=2] epoch 14/40 loss=6.2016 (51.0s)
  [full seed=2] epoch 15/40 loss=6.1975 (54.6s)
  [full seed=2] epoch 16/40 loss=6.1927 (58.3s)
  [full seed=2] epoch 17/40 loss=6.1879 (61.9s)
  [full seed=2] epoch 18/40 loss=6.1907 (65.5s)
  [full seed=2] epoch 19/40 loss=6.1813 (69.1s)
  [full seed=2] epoch 20/40 loss=6.1765 (72.7s)
  [full seed=2] epoch 21/40 loss=6.1729 (76.2s)
  [full seed=2] epoch 22/40 loss=6.1708 (79.9s)
  [full seed=2] epoch 23/40 loss=6.1679 (83.5s)
  [full seed=2] epoch 24/40 loss=6.1696 (87.2s)
  [full seed=2] epoch 25/40 loss=6.1640 (90.8s)
  [full seed=2] epoch 26/40 loss=6.1640 (94.5s)
  [full seed=2] epoch 27/40 loss=6.1589 (98.2s)
  [full seed=2] epoch 28/40 loss=6.1591 (101.8s)
  [full seed=2] epoch 29/40 loss=6.1572 (105.5s)
  [full seed=2] epoch 30/40 loss=6.1547 (109.1s)
  [full seed=2] epoch 31/40 loss=6.1564 (112.8s)
  [full seed=2] epoch 32/40 loss=6.1524 (116.5s)
  [full seed=2] epoch 33/40 loss=6.1473 (120.1s)
  [full seed=2] epoch 34/40 loss=6.1434 (123.7s)
  [full seed=2] epoch 35/40 loss=6.1438 (127.4s)
  [full seed=2] epoch 36/40 loss=6.1433 (131.1s)
  [full seed=2] epoch 37/40 loss=6.1397 (134.7s)
  [full seed=2] epoch 38/40 loss=6.1440 (138.3s)
  [full seed=2] epoch 39/40 loss=6.1371 (141.9s)
  [full seed=2] epoch 40/40 loss=6.1363 (145.5s)

=== Table 2 (fidelity / baseline comparison, two-edge) -- this run ===
                                               method  edge_mae  ler_mae  lwr_mae    n
                     Classical: Threshold + sub-pixel    0.2741   0.0637   0.0797 1920
Learned denoiser + threshold [TBD -- not implemented]       NaN      NaN      NaN    0
                            Learned (U-Net), Seg-only    0.2383   0.0242   0.0297 1440
                                Learned (U-Net), Full    0.2494   0.0144   0.0206 1440

(scale: 3 seed(s), 40 epochs, 15 train realizations/config, 15 classical realizations/config, 32 configs -- see README.md to scale up)

NOTE: row 2 ('Learned denoiser + threshold') is intentionally left blank -- see module docstring. Do not fill it with a guessed number; either train that model and report the real result, or state in the manuscript that this comparison was left for future work.
### exp1 exit=0 18:03:24
### exp1cal start 18:03:24
Acquisition model: CALIBRATED psf_sigma=6.63, dose=73.5, sigma_g=0.1515
Configs: 32  (sigma x xi x alpha x rho grid)

=== Row 1/4: Classical: Threshold + sub-pixel ===

Training set: 480 paired items

=== Training 'seg-only' (seed 0) for Table 2 ===
  [seg-only seed=0] epoch 1/40 loss=10.6440 (2.4s)
  [seg-only seed=0] epoch 2/40 loss=7.7370 (4.3s)
  [seg-only seed=0] epoch 3/40 loss=7.6388 (6.3s)
  [seg-only seed=0] epoch 4/40 loss=7.5484 (8.3s)
  [seg-only seed=0] epoch 5/40 loss=7.5135 (10.2s)
  [seg-only seed=0] epoch 6/40 loss=7.4959 (12.2s)
  [seg-only seed=0] epoch 7/40 loss=7.4929 (14.2s)
  [seg-only seed=0] epoch 8/40 loss=7.4679 (16.2s)
  [seg-only seed=0] epoch 9/40 loss=7.4611 (18.2s)
  [seg-only seed=0] epoch 10/40 loss=7.4529 (20.2s)
  [seg-only seed=0] epoch 11/40 loss=7.4484 (22.2s)
  [seg-only seed=0] epoch 12/40 loss=7.4332 (24.2s)
  [seg-only seed=0] epoch 13/40 loss=7.4368 (26.2s)
  [seg-only seed=0] epoch 14/40 loss=7.4471 (28.2s)
  [seg-only seed=0] epoch 15/40 loss=7.4307 (30.2s)
  [seg-only seed=0] epoch 16/40 loss=7.4303 (32.2s)
  [seg-only seed=0] epoch 17/40 loss=7.4225 (34.2s)
  [seg-only seed=0] epoch 18/40 loss=7.4245 (36.1s)
  [seg-only seed=0] epoch 19/40 loss=7.4223 (38.1s)
  [seg-only seed=0] epoch 20/40 loss=7.4231 (40.1s)
  [seg-only seed=0] epoch 21/40 loss=7.4251 (42.1s)
  [seg-only seed=0] epoch 22/40 loss=7.4302 (44.1s)
  [seg-only seed=0] epoch 23/40 loss=7.4250 (46.0s)
  [seg-only seed=0] epoch 24/40 loss=7.4164 (48.0s)
  [seg-only seed=0] epoch 25/40 loss=7.4199 (49.8s)
  [seg-only seed=0] epoch 26/40 loss=7.4155 (51.8s)
  [seg-only seed=0] epoch 27/40 loss=7.4083 (53.7s)
  [seg-only seed=0] epoch 28/40 loss=7.4219 (55.6s)
  [seg-only seed=0] epoch 29/40 loss=7.4153 (57.5s)
  [seg-only seed=0] epoch 30/40 loss=7.4147 (59.2s)
  [seg-only seed=0] epoch 31/40 loss=7.4172 (61.0s)
  [seg-only seed=0] epoch 32/40 loss=7.4234 (62.8s)
  [seg-only seed=0] epoch 33/40 loss=7.4362 (64.7s)
  [seg-only seed=0] epoch 34/40 loss=7.4168 (66.6s)
  [seg-only seed=0] epoch 35/40 loss=7.4077 (68.5s)
  [seg-only seed=0] epoch 36/40 loss=7.4084 (70.4s)
  [seg-only seed=0] epoch 37/40 loss=7.4109 (72.3s)
  [seg-only seed=0] epoch 38/40 loss=7.4146 (74.3s)
  [seg-only seed=0] epoch 39/40 loss=7.4221 (76.2s)
  [seg-only seed=0] epoch 40/40 loss=7.4149 (78.1s)

=== Training 'seg-only' (seed 1) for Table 2 ===
  [seg-only seed=1] epoch 1/40 loss=9.9492 (1.9s)
  [seg-only seed=1] epoch 2/40 loss=7.7639 (3.8s)
  [seg-only seed=1] epoch 3/40 loss=7.6643 (5.7s)
  [seg-only seed=1] epoch 4/40 loss=7.5785 (7.6s)
  [seg-only seed=1] epoch 5/40 loss=7.5363 (9.5s)
  [seg-only seed=1] epoch 6/40 loss=7.5024 (11.4s)
  [seg-only seed=1] epoch 7/40 loss=7.4964 (13.3s)
  [seg-only seed=1] epoch 8/40 loss=7.4849 (15.2s)
  [seg-only seed=1] epoch 9/40 loss=7.4710 (17.1s)
  [seg-only seed=1] epoch 10/40 loss=7.4735 (19.0s)
  [seg-only seed=1] epoch 11/40 loss=7.4614 (21.0s)
  [seg-only seed=1] epoch 12/40 loss=7.4541 (22.9s)
  [seg-only seed=1] epoch 13/40 loss=7.4521 (24.8s)
  [seg-only seed=1] epoch 14/40 loss=7.4629 (26.7s)
  [seg-only seed=1] epoch 15/40 loss=7.4467 (28.6s)
  [seg-only seed=1] epoch 16/40 loss=7.4506 (30.5s)
  [seg-only seed=1] epoch 17/40 loss=7.4353 (32.4s)
  [seg-only seed=1] epoch 18/40 loss=7.4375 (34.3s)
  [seg-only seed=1] epoch 19/40 loss=7.4307 (36.2s)
  [seg-only seed=1] epoch 20/40 loss=7.4287 (38.1s)
  [seg-only seed=1] epoch 21/40 loss=7.4300 (40.0s)
  [seg-only seed=1] epoch 22/40 loss=7.4237 (41.9s)
  [seg-only seed=1] epoch 23/40 loss=7.4212 (43.8s)
  [seg-only seed=1] epoch 24/40 loss=7.4265 (45.7s)
  [seg-only seed=1] epoch 25/40 loss=7.4200 (47.6s)
  [seg-only seed=1] epoch 26/40 loss=7.4220 (49.6s)
  [seg-only seed=1] epoch 27/40 loss=7.4184 (51.5s)
  [seg-only seed=1] epoch 28/40 loss=7.4452 (53.4s)
  [seg-only seed=1] epoch 29/40 loss=7.4206 (55.1s)
  [seg-only seed=1] epoch 30/40 loss=7.4248 (56.9s)
  [seg-only seed=1] epoch 31/40 loss=7.4288 (58.8s)
  [seg-only seed=1] epoch 32/40 loss=7.4326 (60.7s)
  [seg-only seed=1] epoch 33/40 loss=7.4171 (62.7s)
  [seg-only seed=1] epoch 34/40 loss=7.4217 (64.6s)
  [seg-only seed=1] epoch 35/40 loss=7.4125 (66.5s)
  [seg-only seed=1] epoch 36/40 loss=7.4290 (68.4s)
  [seg-only seed=1] epoch 37/40 loss=7.4119 (70.3s)
  [seg-only seed=1] epoch 38/40 loss=7.4145 (72.2s)
  [seg-only seed=1] epoch 39/40 loss=7.4095 (74.1s)
  [seg-only seed=1] epoch 40/40 loss=7.4191 (76.0s)

=== Training 'seg-only' (seed 2) for Table 2 ===
  [seg-only seed=2] epoch 1/40 loss=10.0583 (1.9s)
  [seg-only seed=2] epoch 2/40 loss=7.7041 (3.8s)
  [seg-only seed=2] epoch 3/40 loss=7.6756 (5.7s)
  [seg-only seed=2] epoch 4/40 loss=7.5895 (7.6s)
  [seg-only seed=2] epoch 5/40 loss=7.5255 (9.5s)
  [seg-only seed=2] epoch 6/40 loss=7.5000 (11.4s)
  [seg-only seed=2] epoch 7/40 loss=7.4836 (13.4s)
  [seg-only seed=2] epoch 8/40 loss=7.4865 (15.3s)
  [seg-only seed=2] epoch 9/40 loss=7.4640 (17.2s)
  [seg-only seed=2] epoch 10/40 loss=7.4647 (19.1s)
  [seg-only seed=2] epoch 11/40 loss=7.4559 (21.0s)
  [seg-only seed=2] epoch 12/40 loss=7.4564 (23.0s)
  [seg-only seed=2] epoch 13/40 loss=7.4641 (24.9s)
  [seg-only seed=2] epoch 14/40 loss=7.4497 (26.8s)
  [seg-only seed=2] epoch 15/40 loss=7.4394 (28.8s)
  [seg-only seed=2] epoch 16/40 loss=7.4359 (30.7s)
  [seg-only seed=2] epoch 17/40 loss=7.4326 (32.6s)
  [seg-only seed=2] epoch 18/40 loss=7.4264 (34.6s)
  [seg-only seed=2] epoch 19/40 loss=7.4334 (36.5s)
  [seg-only seed=2] epoch 20/40 loss=7.4246 (38.4s)
  [seg-only seed=2] epoch 21/40 loss=7.4156 (40.3s)
  [seg-only seed=2] epoch 22/40 loss=7.4292 (42.2s)
  [seg-only seed=2] epoch 23/40 loss=7.4159 (44.1s)
  [seg-only seed=2] epoch 24/40 loss=7.4274 (46.0s)
  [seg-only seed=2] epoch 25/40 loss=7.4185 (47.9s)
  [seg-only seed=2] epoch 26/40 loss=7.4218 (49.7s)
  [seg-only seed=2] epoch 27/40 loss=7.4196 (51.5s)
  [seg-only seed=2] epoch 28/40 loss=7.4177 (53.3s)
  [seg-only seed=2] epoch 29/40 loss=7.4236 (55.2s)
  [seg-only seed=2] epoch 30/40 loss=7.4162 (57.1s)
  [seg-only seed=2] epoch 31/40 loss=7.4072 (59.0s)
  [seg-only seed=2] epoch 32/40 loss=7.4116 (60.9s)
  [seg-only seed=2] epoch 33/40 loss=7.4120 (62.8s)
  [seg-only seed=2] epoch 34/40 loss=7.4231 (64.7s)
  [seg-only seed=2] epoch 35/40 loss=7.4129 (66.6s)
  [seg-only seed=2] epoch 36/40 loss=7.4139 (68.3s)
  [seg-only seed=2] epoch 37/40 loss=7.4088 (70.1s)
  [seg-only seed=2] epoch 38/40 loss=7.4222 (71.9s)
  [seg-only seed=2] epoch 39/40 loss=7.4148 (73.8s)
  [seg-only seed=2] epoch 40/40 loss=7.4056 (75.5s)

=== Training 'full' (seed 0) for Table 2 ===
  [full seed=0] epoch 1/40 loss=20.0153 (3.5s)
  [full seed=0] epoch 2/40 loss=10.9696 (6.1s)
  [full seed=0] epoch 3/40 loss=10.6394 (8.7s)
  [full seed=0] epoch 4/40 loss=10.2901 (11.4s)
  [full seed=0] epoch 5/40 loss=10.2038 (14.0s)
  [full seed=0] epoch 6/40 loss=10.1103 (16.6s)
  [full seed=0] epoch 7/40 loss=10.0829 (19.9s)
  [full seed=0] epoch 8/40 loss=9.9694 (23.5s)
  [full seed=0] epoch 9/40 loss=9.9555 (27.0s)
  [full seed=0] epoch 10/40 loss=9.9434 (30.7s)
  [full seed=0] epoch 11/40 loss=9.8922 (34.3s)
  [full seed=0] epoch 12/40 loss=9.8324 (37.9s)
  [full seed=0] epoch 13/40 loss=9.8574 (41.6s)
  [full seed=0] epoch 14/40 loss=9.8222 (45.1s)
  [full seed=0] epoch 15/40 loss=9.8140 (48.7s)
  [full seed=0] epoch 16/40 loss=9.7947 (52.4s)
  [full seed=0] epoch 17/40 loss=9.7440 (56.0s)
  [full seed=0] epoch 18/40 loss=9.7032 (59.6s)
  [full seed=0] epoch 19/40 loss=9.6819 (63.3s)
  [full seed=0] epoch 20/40 loss=9.7154 (66.9s)
  [full seed=0] epoch 21/40 loss=9.6306 (70.5s)
  [full seed=0] epoch 22/40 loss=9.6648 (74.2s)
  [full seed=0] epoch 23/40 loss=9.6314 (77.8s)
  [full seed=0] epoch 24/40 loss=9.6091 (81.5s)
  [full seed=0] epoch 25/40 loss=9.6285 (85.1s)
  [full seed=0] epoch 26/40 loss=9.5876 (88.7s)
  [full seed=0] epoch 27/40 loss=9.5222 (92.4s)
  [full seed=0] epoch 28/40 loss=9.5674 (96.0s)
  [full seed=0] epoch 29/40 loss=9.5507 (99.6s)
  [full seed=0] epoch 30/40 loss=9.5262 (103.3s)
  [full seed=0] epoch 31/40 loss=9.5128 (106.9s)
  [full seed=0] epoch 32/40 loss=9.5072 (110.5s)
  [full seed=0] epoch 33/40 loss=9.5187 (114.1s)
  [full seed=0] epoch 34/40 loss=9.4813 (117.8s)
  [full seed=0] epoch 35/40 loss=9.4635 (121.4s)
  [full seed=0] epoch 36/40 loss=9.4585 (125.0s)
  [full seed=0] epoch 37/40 loss=9.4557 (128.7s)
  [full seed=0] epoch 38/40 loss=9.4669 (132.3s)
  [full seed=0] epoch 39/40 loss=9.4667 (136.0s)
  [full seed=0] epoch 40/40 loss=9.4577 (139.6s)

=== Training 'full' (seed 1) for Table 2 ===
  [full seed=1] epoch 1/40 loss=17.8603 (3.6s)
  [full seed=1] epoch 2/40 loss=11.0221 (7.3s)
  [full seed=1] epoch 3/40 loss=10.4875 (11.0s)
  [full seed=1] epoch 4/40 loss=10.1367 (14.7s)
  [full seed=1] epoch 5/40 loss=10.0896 (18.3s)
  [full seed=1] epoch 6/40 loss=10.0088 (21.9s)
  [full seed=1] epoch 7/40 loss=9.9832 (25.6s)
  [full seed=1] epoch 8/40 loss=9.9506 (29.3s)
  [full seed=1] epoch 9/40 loss=9.9835 (32.9s)
  [full seed=1] epoch 10/40 loss=9.9632 (36.5s)
  [full seed=1] epoch 11/40 loss=9.9130 (40.1s)
  [full seed=1] epoch 12/40 loss=9.8518 (43.6s)
  [full seed=1] epoch 13/40 loss=9.8580 (47.2s)
  [full seed=1] epoch 14/40 loss=9.8444 (50.8s)
  [full seed=1] epoch 15/40 loss=9.8004 (54.2s)
  [full seed=1] epoch 16/40 loss=9.7336 (57.6s)
  [full seed=1] epoch 17/40 loss=9.8155 (61.2s)
  [full seed=1] epoch 18/40 loss=9.7065 (64.8s)
  [full seed=1] epoch 19/40 loss=9.6472 (68.2s)
  [full seed=1] epoch 20/40 loss=9.6514 (71.7s)
  [full seed=1] epoch 21/40 loss=9.7221 (75.3s)
  [full seed=1] epoch 22/40 loss=9.6767 (78.9s)
  [full seed=1] epoch 23/40 loss=9.5953 (82.6s)
  [full seed=1] epoch 24/40 loss=9.5469 (86.2s)
  [full seed=1] epoch 25/40 loss=9.6077 (89.8s)
  [full seed=1] epoch 26/40 loss=9.5944 (93.4s)
  [full seed=1] epoch 27/40 loss=9.5358 (97.1s)
  [full seed=1] epoch 28/40 loss=9.5179 (100.7s)
  [full seed=1] epoch 29/40 loss=9.5700 (104.3s)
  [full seed=1] epoch 30/40 loss=9.4818 (107.9s)
  [full seed=1] epoch 31/40 loss=9.5006 (111.4s)
  [full seed=1] epoch 32/40 loss=9.4467 (115.0s)
  [full seed=1] epoch 33/40 loss=9.4666 (118.6s)
  [full seed=1] epoch 34/40 loss=9.4625 (122.3s)
  [full seed=1] epoch 35/40 loss=9.4598 (125.9s)
  [full seed=1] epoch 36/40 loss=9.4578 (129.5s)
  [full seed=1] epoch 37/40 loss=9.4144 (133.1s)
  [full seed=1] epoch 38/40 loss=9.4353 (136.8s)
  [full seed=1] epoch 39/40 loss=9.4004 (140.4s)
  [full seed=1] epoch 40/40 loss=9.4443 (144.1s)

=== Training 'full' (seed 2) for Table 2 ===
  [full seed=2] epoch 1/40 loss=17.7458 (3.7s)
  [full seed=2] epoch 2/40 loss=10.4843 (7.0s)
  [full seed=2] epoch 3/40 loss=10.1033 (9.6s)
  [full seed=2] epoch 4/40 loss=9.9271 (12.3s)
  [full seed=2] epoch 5/40 loss=9.8670 (14.9s)
  [full seed=2] epoch 6/40 loss=9.8831 (17.5s)
  [full seed=2] epoch 7/40 loss=9.7724 (20.1s)
  [full seed=2] epoch 8/40 loss=9.7619 (23.1s)
  [full seed=2] epoch 9/40 loss=9.6851 (26.7s)
  [full seed=2] epoch 10/40 loss=9.6748 (30.3s)
  [full seed=2] epoch 11/40 loss=9.6187 (34.0s)
  [full seed=2] epoch 12/40 loss=9.6104 (37.5s)
  [full seed=2] epoch 13/40 loss=9.5614 (41.1s)
  [full seed=2] epoch 14/40 loss=9.5505 (44.8s)
  [full seed=2] epoch 15/40 loss=9.4822 (48.4s)
  [full seed=2] epoch 16/40 loss=9.4895 (52.0s)
  [full seed=2] epoch 17/40 loss=9.4730 (55.6s)
  [full seed=2] epoch 18/40 loss=9.5056 (59.2s)
  [full seed=2] epoch 19/40 loss=9.4284 (62.9s)
  [full seed=2] epoch 20/40 loss=9.4203 (66.5s)
  [full seed=2] epoch 21/40 loss=9.4687 (70.2s)
  [full seed=2] epoch 22/40 loss=9.3850 (73.8s)
  [full seed=2] epoch 23/40 loss=9.3852 (77.4s)
  [full seed=2] epoch 24/40 loss=9.3754 (81.1s)
  [full seed=2] epoch 25/40 loss=9.3601 (84.7s)
  [full seed=2] epoch 26/40 loss=9.3997 (88.3s)
  [full seed=2] epoch 27/40 loss=9.3682 (91.9s)
  [full seed=2] epoch 28/40 loss=9.3289 (95.6s)
  [full seed=2] epoch 29/40 loss=9.3858 (99.2s)
  [full seed=2] epoch 30/40 loss=9.3083 (102.8s)
  [full seed=2] epoch 31/40 loss=9.3432 (106.5s)
  [full seed=2] epoch 32/40 loss=9.3852 (110.1s)
  [full seed=2] epoch 33/40 loss=9.3019 (113.7s)
  [full seed=2] epoch 34/40 loss=9.2979 (117.2s)
  [full seed=2] epoch 35/40 loss=9.2668 (120.9s)
  [full seed=2] epoch 36/40 loss=9.3511 (124.5s)
  [full seed=2] epoch 37/40 loss=9.2528 (128.2s)
  [full seed=2] epoch 38/40 loss=9.2614 (131.9s)
  [full seed=2] epoch 39/40 loss=9.2976 (135.6s)
  [full seed=2] epoch 40/40 loss=9.2844 (139.2s)

=== Table 2 (fidelity / baseline comparison, two-edge) -- this run ===
                                               method  edge_mae  ler_mae  lwr_mae    n
                     Classical: Threshold + sub-pixel    1.6712   0.7335   0.8631 1920
Learned denoiser + threshold [TBD -- not implemented]       NaN      NaN      NaN    0
                            Learned (U-Net), Seg-only    0.8937   0.3208   0.3977 1440
                                Learned (U-Net), Full    0.9895   0.1827   0.2257 1440

(scale: 3 seed(s), 40 epochs, 15 train realizations/config, 15 classical realizations/config, 32 configs -- see README.md to scale up)

NOTE: row 2 ('Learned denoiser + threshold') is intentionally left blank -- see module docstring. Do not fill it with a guessed number; either train that model and report the real result, or state in the manuscript that this comparison was left for future work.
### exp1cal exit=0 18:15:58
### exp9cal start 18:15:58
usage: run_experiment9.py [-h] [--epochs EPOCHS] [--seeds SEEDS]
                          [--train-per-config TRAIN_PER_CONFIG]
                          [--eval-per-config EVAL_PER_CONFIG]
                          [--rhos RHOS [RHOS ...]] [--batch-size BATCH_SIZE]
                          [--base-channels BASE_CHANNELS]
                          [--n-repeats N_REPEATS] [--n-geom N_GEOM]
                          [--kns KNS [KNS ...]] [--out-prefix OUT_PREFIX]
run_experiment9.py: error: unrecognized arguments: --calibration calibration_m2.json
### exp9cal exit=2 18:16:00
### exp9 start 18:16:00
Device: cuda
Configs: 32  (sigma x xi x alpha x rho grid)
Repeatability cells: 32 configs x 4 k_n x 4 geometries x 8 repeats
Training set: 480 paired items

=== Training 'seg-only' seed 0 ===
  [seg-only seed=0] epoch 1/40 loss=9.3243 (2.5s)
  [seg-only seed=0] epoch 2/40 loss=6.1696 (4.4s)
  [seg-only seed=0] epoch 3/40 loss=5.9699 (6.3s)
  [seg-only seed=0] epoch 4/40 loss=5.9299 (8.2s)
  [seg-only seed=0] epoch 5/40 loss=5.9125 (10.1s)
  [seg-only seed=0] epoch 6/40 loss=5.9023 (12.0s)
  [seg-only seed=0] epoch 7/40 loss=5.8944 (13.9s)
  [seg-only seed=0] epoch 8/40 loss=5.8884 (15.8s)
  [seg-only seed=0] epoch 9/40 loss=5.8844 (17.7s)
  [seg-only seed=0] epoch 10/40 loss=5.8796 (19.6s)
  [seg-only seed=0] epoch 11/40 loss=5.8762 (21.6s)
  [seg-only seed=0] epoch 12/40 loss=5.8727 (23.5s)
  [seg-only seed=0] epoch 13/40 loss=5.8709 (25.4s)
  [seg-only seed=0] epoch 14/40 loss=5.8688 (27.3s)
  [seg-only seed=0] epoch 15/40 loss=5.8671 (29.2s)
  [seg-only seed=0] epoch 16/40 loss=5.8657 (31.1s)
  [seg-only seed=0] epoch 17/40 loss=5.8640 (33.1s)
  [seg-only seed=0] epoch 18/40 loss=5.8628 (35.0s)
  [seg-only seed=0] epoch 19/40 loss=5.8624 (36.9s)
  [seg-only seed=0] epoch 20/40 loss=5.8614 (38.9s)
  [seg-only seed=0] epoch 21/40 loss=5.8597 (40.8s)
  [seg-only seed=0] epoch 22/40 loss=5.8590 (42.7s)
  [seg-only seed=0] epoch 23/40 loss=5.8577 (44.6s)
  [seg-only seed=0] epoch 24/40 loss=5.8570 (46.5s)
  [seg-only seed=0] epoch 25/40 loss=5.8563 (48.4s)
  [seg-only seed=0] epoch 26/40 loss=5.8550 (50.4s)
  [seg-only seed=0] epoch 27/40 loss=5.8541 (52.3s)
  [seg-only seed=0] epoch 28/40 loss=5.8536 (54.2s)
  [seg-only seed=0] epoch 29/40 loss=5.8529 (56.1s)
  [seg-only seed=0] epoch 30/40 loss=5.8525 (58.0s)
  [seg-only seed=0] epoch 31/40 loss=5.8511 (59.9s)
  [seg-only seed=0] epoch 32/40 loss=5.8505 (61.8s)
  [seg-only seed=0] epoch 33/40 loss=5.8503 (63.7s)
  [seg-only seed=0] epoch 34/40 loss=5.8493 (65.6s)
  [seg-only seed=0] epoch 35/40 loss=5.8492 (67.5s)
  [seg-only seed=0] epoch 36/40 loss=5.8479 (69.5s)
  [seg-only seed=0] epoch 37/40 loss=5.8472 (71.4s)
  [seg-only seed=0] epoch 38/40 loss=5.8474 (73.3s)
  [seg-only seed=0] epoch 39/40 loss=5.8466 (75.2s)
  [seg-only seed=0] epoch 40/40 loss=5.8463 (77.1s)
  trained in 77.9s; evaluating...

=== Training 'seg-only' seed 1 ===
  [seg-only seed=1] epoch 1/40 loss=8.3480 (1.9s)
  [seg-only seed=1] epoch 2/40 loss=6.1719 (3.8s)
  [seg-only seed=1] epoch 3/40 loss=6.0174 (5.7s)
  [seg-only seed=1] epoch 4/40 loss=5.9599 (7.6s)
  [seg-only seed=1] epoch 5/40 loss=5.9308 (9.5s)
  [seg-only seed=1] epoch 6/40 loss=5.9167 (11.4s)
  [seg-only seed=1] epoch 7/40 loss=5.9089 (13.3s)
  [seg-only seed=1] epoch 8/40 loss=5.9026 (15.2s)
  [seg-only seed=1] epoch 9/40 loss=5.8987 (17.1s)
  [seg-only seed=1] epoch 10/40 loss=5.8954 (19.0s)
  [seg-only seed=1] epoch 11/40 loss=5.8922 (20.9s)
  [seg-only seed=1] epoch 12/40 loss=5.8901 (22.8s)
  [seg-only seed=1] epoch 13/40 loss=5.8881 (24.7s)
  [seg-only seed=1] epoch 14/40 loss=5.8857 (26.6s)
  [seg-only seed=1] epoch 15/40 loss=5.8839 (28.5s)
  [seg-only seed=1] epoch 16/40 loss=5.8825 (30.4s)
  [seg-only seed=1] epoch 17/40 loss=5.8802 (32.3s)
  [seg-only seed=1] epoch 18/40 loss=5.8792 (34.2s)
  [seg-only seed=1] epoch 19/40 loss=5.8772 (36.2s)
  [seg-only seed=1] epoch 20/40 loss=5.8753 (38.1s)
  [seg-only seed=1] epoch 21/40 loss=5.8745 (40.0s)
  [seg-only seed=1] epoch 22/40 loss=5.8726 (41.9s)
  [seg-only seed=1] epoch 23/40 loss=5.8713 (43.8s)
  [seg-only seed=1] epoch 24/40 loss=5.8703 (45.7s)
  [seg-only seed=1] epoch 25/40 loss=5.8690 (47.6s)
  [seg-only seed=1] epoch 26/40 loss=5.8679 (49.6s)
  [seg-only seed=1] epoch 27/40 loss=5.8660 (51.5s)
  [seg-only seed=1] epoch 28/40 loss=5.8658 (53.4s)
  [seg-only seed=1] epoch 29/40 loss=5.8638 (55.3s)
  [seg-only seed=1] epoch 30/40 loss=5.8624 (57.3s)
  [seg-only seed=1] epoch 31/40 loss=5.8611 (59.2s)
  [seg-only seed=1] epoch 32/40 loss=5.8604 (61.1s)
  [seg-only seed=1] epoch 33/40 loss=5.8596 (63.0s)
  [seg-only seed=1] epoch 34/40 loss=5.8591 (64.9s)
  [seg-only seed=1] epoch 35/40 loss=5.8574 (66.8s)
  [seg-only seed=1] epoch 36/40 loss=5.8559 (68.7s)
  [seg-only seed=1] epoch 37/40 loss=5.8552 (70.6s)
  [seg-only seed=1] epoch 38/40 loss=5.8542 (72.5s)
  [seg-only seed=1] epoch 39/40 loss=5.8531 (74.4s)
  [seg-only seed=1] epoch 40/40 loss=5.8529 (76.3s)
  trained in 76.3s; evaluating...

=== Training 'seg-only' seed 2 ===
  [seg-only seed=2] epoch 1/40 loss=9.0424 (1.9s)
  [seg-only seed=2] epoch 2/40 loss=6.2011 (3.9s)
  [seg-only seed=2] epoch 3/40 loss=6.0172 (5.8s)
  [seg-only seed=2] epoch 4/40 loss=5.9544 (7.7s)
  [seg-only seed=2] epoch 5/40 loss=5.9280 (9.6s)
  [seg-only seed=2] epoch 6/40 loss=5.9115 (11.5s)
  [seg-only seed=2] epoch 7/40 loss=5.9010 (13.4s)
  [seg-only seed=2] epoch 8/40 loss=5.8952 (15.3s)
  [seg-only seed=2] epoch 9/40 loss=5.8901 (17.2s)
  [seg-only seed=2] epoch 10/40 loss=5.8868 (19.1s)
  [seg-only seed=2] epoch 11/40 loss=5.8845 (21.0s)
  [seg-only seed=2] epoch 12/40 loss=5.8804 (22.9s)
  [seg-only seed=2] epoch 13/40 loss=5.8780 (24.8s)
  [seg-only seed=2] epoch 14/40 loss=5.8762 (26.7s)
  [seg-only seed=2] epoch 15/40 loss=5.8739 (28.6s)
  [seg-only seed=2] epoch 16/40 loss=5.8722 (30.5s)
  [seg-only seed=2] epoch 17/40 loss=5.8719 (32.4s)
  [seg-only seed=2] epoch 18/40 loss=5.8693 (34.2s)
  [seg-only seed=2] epoch 19/40 loss=5.8677 (36.0s)
  [seg-only seed=2] epoch 20/40 loss=5.8673 (38.0s)
  [seg-only seed=2] epoch 21/40 loss=5.8658 (39.9s)
  [seg-only seed=2] epoch 22/40 loss=5.8645 (41.8s)
  [seg-only seed=2] epoch 23/40 loss=5.8636 (43.7s)
  [seg-only seed=2] epoch 24/40 loss=5.8623 (45.6s)
  [seg-only seed=2] epoch 25/40 loss=5.8617 (47.5s)
  [seg-only seed=2] epoch 26/40 loss=5.8615 (49.4s)
  [seg-only seed=2] epoch 27/40 loss=5.8598 (51.3s)
  [seg-only seed=2] epoch 28/40 loss=5.8581 (53.2s)
  [seg-only seed=2] epoch 29/40 loss=5.8564 (55.1s)
  [seg-only seed=2] epoch 30/40 loss=5.8551 (57.1s)
  [seg-only seed=2] epoch 31/40 loss=5.8544 (59.0s)
  [seg-only seed=2] epoch 32/40 loss=5.8535 (60.9s)
  [seg-only seed=2] epoch 33/40 loss=5.8521 (62.8s)
  [seg-only seed=2] epoch 34/40 loss=5.8514 (64.7s)
  [seg-only seed=2] epoch 35/40 loss=5.8499 (66.6s)
  [seg-only seed=2] epoch 36/40 loss=5.8496 (68.6s)
  [seg-only seed=2] epoch 37/40 loss=5.8488 (70.5s)
  [seg-only seed=2] epoch 38/40 loss=5.8473 (72.4s)
  [seg-only seed=2] epoch 39/40 loss=5.8466 (74.3s)
  [seg-only seed=2] epoch 40/40 loss=5.8444 (76.2s)
  trained in 76.2s; evaluating...

=== Training 'seg+pos' seed 0 ===
  [seg+pos seed=0] epoch 1/40 loss=9.4788 (2.0s)
  [seg+pos seed=0] epoch 2/40 loss=6.2227 (3.9s)
  [seg+pos seed=0] epoch 3/40 loss=6.0039 (5.9s)
  [seg+pos seed=0] epoch 4/40 loss=5.9507 (7.9s)
  [seg+pos seed=0] epoch 5/40 loss=5.9275 (9.8s)
  [seg+pos seed=0] epoch 6/40 loss=5.9165 (11.8s)
  [seg+pos seed=0] epoch 7/40 loss=5.9086 (13.8s)
  [seg+pos seed=0] epoch 8/40 loss=5.9029 (15.7s)
  [seg+pos seed=0] epoch 9/40 loss=5.8992 (17.7s)
  [seg+pos seed=0] epoch 10/40 loss=5.8940 (19.7s)
  [seg+pos seed=0] epoch 11/40 loss=5.8912 (21.6s)
  [seg+pos seed=0] epoch 12/40 loss=5.8879 (23.6s)
  [seg+pos seed=0] epoch 13/40 loss=5.8848 (25.5s)
  [seg+pos seed=0] epoch 14/40 loss=5.8830 (27.5s)
  [seg+pos seed=0] epoch 15/40 loss=5.8812 (29.5s)
  [seg+pos seed=0] epoch 16/40 loss=5.8795 (31.5s)
  [seg+pos seed=0] epoch 17/40 loss=5.8775 (33.4s)
  [seg+pos seed=0] epoch 18/40 loss=5.8761 (35.4s)
  [seg+pos seed=0] epoch 19/40 loss=5.8755 (37.4s)
  [seg+pos seed=0] epoch 20/40 loss=5.8751 (39.4s)
  [seg+pos seed=0] epoch 21/40 loss=5.8726 (41.3s)
  [seg+pos seed=0] epoch 22/40 loss=5.8716 (43.3s)
  [seg+pos seed=0] epoch 23/40 loss=5.8703 (45.2s)
  [seg+pos seed=0] epoch 24/40 loss=5.8689 (47.2s)
  [seg+pos seed=0] epoch 25/40 loss=5.8681 (49.2s)
  [seg+pos seed=0] epoch 26/40 loss=5.8674 (51.2s)
  [seg+pos seed=0] epoch 27/40 loss=5.8657 (53.2s)
  [seg+pos seed=0] epoch 28/40 loss=5.8657 (55.1s)
  [seg+pos seed=0] epoch 29/40 loss=5.8639 (57.1s)
  [seg+pos seed=0] epoch 30/40 loss=5.8625 (59.1s)
  [seg+pos seed=0] epoch 31/40 loss=5.8613 (61.0s)
  [seg+pos seed=0] epoch 32/40 loss=5.8600 (62.9s)
  [seg+pos seed=0] epoch 33/40 loss=5.8598 (64.9s)
  [seg+pos seed=0] epoch 34/40 loss=5.8584 (66.9s)
  [seg+pos seed=0] epoch 35/40 loss=5.8586 (68.8s)
  [seg+pos seed=0] epoch 36/40 loss=5.8573 (70.8s)
  [seg+pos seed=0] epoch 37/40 loss=5.8566 (72.8s)
  [seg+pos seed=0] epoch 38/40 loss=5.8559 (74.7s)
  [seg+pos seed=0] epoch 39/40 loss=5.8551 (76.7s)
  [seg+pos seed=0] epoch 40/40 loss=5.8552 (78.7s)
  trained in 78.7s; evaluating...

=== Training 'seg+pos' seed 1 ===
  [seg+pos seed=1] epoch 1/40 loss=8.4679 (2.0s)
  [seg+pos seed=1] epoch 2/40 loss=6.2229 (3.9s)
  [seg+pos seed=1] epoch 3/40 loss=6.0163 (5.9s)
  [seg+pos seed=1] epoch 4/40 loss=5.9597 (7.8s)
  [seg+pos seed=1] epoch 5/40 loss=5.9340 (9.8s)
  [seg+pos seed=1] epoch 6/40 loss=5.9224 (11.7s)
  [seg+pos seed=1] epoch 7/40 loss=5.9152 (13.7s)
  [seg+pos seed=1] epoch 8/40 loss=5.9092 (15.6s)
  [seg+pos seed=1] epoch 9/40 loss=5.9056 (17.6s)
  [seg+pos seed=1] epoch 10/40 loss=5.9017 (19.6s)
  [seg+pos seed=1] epoch 11/40 loss=5.8988 (21.5s)
  [seg+pos seed=1] epoch 12/40 loss=5.8964 (23.5s)
  [seg+pos seed=1] epoch 13/40 loss=5.8942 (25.4s)
  [seg+pos seed=1] epoch 14/40 loss=5.8927 (27.4s)
  [seg+pos seed=1] epoch 15/40 loss=5.8905 (29.3s)
  [seg+pos seed=1] epoch 16/40 loss=5.8886 (31.3s)
  [seg+pos seed=1] epoch 17/40 loss=5.8873 (33.3s)
  [seg+pos seed=1] epoch 18/40 loss=5.8857 (35.2s)
  [seg+pos seed=1] epoch 19/40 loss=5.8844 (37.2s)
  [seg+pos seed=1] epoch 20/40 loss=5.8831 (39.1s)
  [seg+pos seed=1] epoch 21/40 loss=5.8823 (41.1s)
  [seg+pos seed=1] epoch 22/40 loss=5.8802 (43.1s)
  [seg+pos seed=1] epoch 23/40 loss=5.8789 (45.1s)
  [seg+pos seed=1] epoch 24/40 loss=5.8775 (47.1s)
  [seg+pos seed=1] epoch 25/40 loss=5.8769 (49.0s)
  [seg+pos seed=1] epoch 26/40 loss=5.8758 (51.0s)
  [seg+pos seed=1] epoch 27/40 loss=5.8735 (53.0s)
  [seg+pos seed=1] epoch 28/40 loss=5.8747 (55.0s)
  [seg+pos seed=1] epoch 29/40 loss=5.8721 (57.0s)
  [seg+pos seed=1] epoch 30/40 loss=5.8704 (58.9s)
  [seg+pos seed=1] epoch 31/40 loss=5.8698 (60.9s)
  [seg+pos seed=1] epoch 32/40 loss=5.8690 (62.9s)
  [seg+pos seed=1] epoch 33/40 loss=5.8681 (64.9s)
  [seg+pos seed=1] epoch 34/40 loss=5.8671 (66.8s)
  [seg+pos seed=1] epoch 35/40 loss=5.8666 (68.8s)
  [seg+pos seed=1] epoch 36/40 loss=5.8644 (70.8s)
  [seg+pos seed=1] epoch 37/40 loss=5.8633 (72.8s)
  [seg+pos seed=1] epoch 38/40 loss=5.8619 (74.8s)
  [seg+pos seed=1] epoch 39/40 loss=5.8614 (76.7s)
  [seg+pos seed=1] epoch 40/40 loss=5.8617 (78.7s)
  trained in 78.7s; evaluating...

=== Training 'seg+pos' seed 2 ===
  [seg+pos seed=2] epoch 1/40 loss=9.1940 (2.0s)
  [seg+pos seed=2] epoch 2/40 loss=6.2212 (3.9s)
  [seg+pos seed=2] epoch 3/40 loss=6.0539 (5.9s)
  [seg+pos seed=2] epoch 4/40 loss=5.9896 (7.9s)
  [seg+pos seed=2] epoch 5/40 loss=5.9553 (9.8s)
  [seg+pos seed=2] epoch 6/40 loss=5.9374 (11.8s)
  [seg+pos seed=2] epoch 7/40 loss=5.9256 (13.8s)
  [seg+pos seed=2] epoch 8/40 loss=5.9179 (15.7s)
  [seg+pos seed=2] epoch 9/40 loss=5.9101 (17.7s)
  [seg+pos seed=2] epoch 10/40 loss=5.9049 (19.7s)
  [seg+pos seed=2] epoch 11/40 loss=5.9021 (21.7s)
  [seg+pos seed=2] epoch 12/40 loss=5.8974 (23.6s)
  [seg+pos seed=2] epoch 13/40 loss=5.8945 (25.6s)
  [seg+pos seed=2] epoch 14/40 loss=5.8927 (27.6s)
  [seg+pos seed=2] epoch 15/40 loss=5.8901 (29.6s)
  [seg+pos seed=2] epoch 16/40 loss=5.8882 (31.5s)
  [seg+pos seed=2] epoch 17/40 loss=5.8870 (33.5s)
  [seg+pos seed=2] epoch 18/40 loss=5.8853 (35.5s)
  [seg+pos seed=2] epoch 19/40 loss=5.8836 (37.4s)
  [seg+pos seed=2] epoch 20/40 loss=5.8826 (39.4s)
  [seg+pos seed=2] epoch 21/40 loss=5.8814 (41.4s)
  [seg+pos seed=2] epoch 22/40 loss=5.8799 (43.3s)
  [seg+pos seed=2] epoch 23/40 loss=5.8791 (45.3s)
  [seg+pos seed=2] epoch 24/40 loss=5.8770 (47.2s)
  [seg+pos seed=2] epoch 25/40 loss=5.8768 (49.2s)
  [seg+pos seed=2] epoch 26/40 loss=5.8757 (51.2s)
  [seg+pos seed=2] epoch 27/40 loss=5.8745 (53.1s)
  [seg+pos seed=2] epoch 28/40 loss=5.8734 (55.1s)
  [seg+pos seed=2] epoch 29/40 loss=5.8727 (57.1s)
  [seg+pos seed=2] epoch 30/40 loss=5.8712 (59.0s)
  [seg+pos seed=2] epoch 31/40 loss=5.8709 (61.0s)
  [seg+pos seed=2] epoch 32/40 loss=5.8701 (63.0s)
  [seg+pos seed=2] epoch 33/40 loss=5.8686 (65.0s)
  [seg+pos seed=2] epoch 34/40 loss=5.8676 (66.9s)
  [seg+pos seed=2] epoch 35/40 loss=5.8666 (68.9s)
  [seg+pos seed=2] epoch 36/40 loss=5.8666 (70.9s)
  [seg+pos seed=2] epoch 37/40 loss=5.8655 (72.8s)
  [seg+pos seed=2] epoch 38/40 loss=5.8643 (74.8s)
  [seg+pos seed=2] epoch 39/40 loss=5.8631 (76.8s)
  [seg+pos seed=2] epoch 40/40 loss=5.8621 (78.7s)
  trained in 78.7s; evaluating...

=== Training 'seg+pos+rms' seed 0 ===
  [seg+pos+rms seed=0] epoch 1/40 loss=13.3130 (2.1s)
  [seg+pos+rms seed=0] epoch 2/40 loss=6.7891 (4.3s)
  [seg+pos+rms seed=0] epoch 3/40 loss=6.2253 (6.5s)
  [seg+pos+rms seed=0] epoch 4/40 loss=6.0719 (8.7s)
  [seg+pos+rms seed=0] epoch 5/40 loss=6.0251 (10.8s)
  [seg+pos+rms seed=0] epoch 6/40 loss=5.9998 (13.0s)
  [seg+pos+rms seed=0] epoch 7/40 loss=5.9874 (15.3s)
  [seg+pos+rms seed=0] epoch 8/40 loss=5.9779 (17.4s)
  [seg+pos+rms seed=0] epoch 9/40 loss=5.9733 (19.7s)
  [seg+pos+rms seed=0] epoch 10/40 loss=5.9648 (21.9s)
  [seg+pos+rms seed=0] epoch 11/40 loss=5.9630 (24.0s)
  [seg+pos+rms seed=0] epoch 12/40 loss=5.9581 (26.2s)
  [seg+pos+rms seed=0] epoch 13/40 loss=5.9545 (28.5s)
  [seg+pos+rms seed=0] epoch 14/40 loss=5.9522 (30.7s)
  [seg+pos+rms seed=0] epoch 15/40 loss=5.9488 (32.8s)
  [seg+pos+rms seed=0] epoch 16/40 loss=5.9497 (35.0s)
  [seg+pos+rms seed=0] epoch 17/40 loss=5.9447 (37.2s)
  [seg+pos+rms seed=0] epoch 18/40 loss=5.9430 (39.4s)
  [seg+pos+rms seed=0] epoch 19/40 loss=5.9410 (41.6s)
  [seg+pos+rms seed=0] epoch 20/40 loss=5.9399 (43.8s)
  [seg+pos+rms seed=0] epoch 21/40 loss=5.9378 (45.9s)
  [seg+pos+rms seed=0] epoch 22/40 loss=5.9364 (48.1s)
  [seg+pos+rms seed=0] epoch 23/40 loss=5.9340 (50.3s)
  [seg+pos+rms seed=0] epoch 24/40 loss=5.9351 (52.4s)
  [seg+pos+rms seed=0] epoch 25/40 loss=5.9346 (54.3s)
  [seg+pos+rms seed=0] epoch 26/40 loss=5.9325 (56.2s)
  [seg+pos+rms seed=0] epoch 27/40 loss=5.9328 (58.0s)
  [seg+pos+rms seed=0] epoch 28/40 loss=5.9298 (59.8s)
  [seg+pos+rms seed=0] epoch 29/40 loss=5.9276 (61.6s)
  [seg+pos+rms seed=0] epoch 30/40 loss=5.9285 (63.5s)
  [seg+pos+rms seed=0] epoch 31/40 loss=5.9257 (65.3s)
  [seg+pos+rms seed=0] epoch 32/40 loss=5.9268 (67.1s)
  [seg+pos+rms seed=0] epoch 33/40 loss=5.9277 (69.0s)
  [seg+pos+rms seed=0] epoch 34/40 loss=5.9240 (70.8s)
  [seg+pos+rms seed=0] epoch 35/40 loss=5.9252 (72.9s)
  [seg+pos+rms seed=0] epoch 36/40 loss=5.9274 (75.1s)
  [seg+pos+rms seed=0] epoch 37/40 loss=5.9226 (77.3s)
  [seg+pos+rms seed=0] epoch 38/40 loss=5.9231 (79.5s)
  [seg+pos+rms seed=0] epoch 39/40 loss=5.9216 (81.7s)
  [seg+pos+rms seed=0] epoch 40/40 loss=5.9212 (83.9s)
  trained in 83.9s; evaluating...

=== Training 'seg+pos+rms' seed 1 ===
  [seg+pos+rms seed=1] epoch 1/40 loss=11.0286 (2.2s)
  [seg+pos+rms seed=1] epoch 2/40 loss=6.6009 (4.4s)
  [seg+pos+rms seed=1] epoch 3/40 loss=6.2310 (6.6s)
  [seg+pos+rms seed=1] epoch 4/40 loss=6.1245 (8.8s)
  [seg+pos+rms seed=1] epoch 5/40 loss=6.0654 (11.0s)
  [seg+pos+rms seed=1] epoch 6/40 loss=6.0264 (13.1s)
  [seg+pos+rms seed=1] epoch 7/40 loss=6.0123 (15.3s)
  [seg+pos+rms seed=1] epoch 8/40 loss=5.9977 (17.4s)
  [seg+pos+rms seed=1] epoch 9/40 loss=5.9888 (19.6s)
  [seg+pos+rms seed=1] epoch 10/40 loss=5.9815 (21.8s)
  [seg+pos+rms seed=1] epoch 11/40 loss=5.9749 (24.0s)
  [seg+pos+rms seed=1] epoch 12/40 loss=5.9702 (26.2s)
  [seg+pos+rms seed=1] epoch 13/40 loss=5.9700 (28.4s)
  [seg+pos+rms seed=1] epoch 14/40 loss=5.9679 (30.6s)
  [seg+pos+rms seed=1] epoch 15/40 loss=5.9626 (32.8s)
  [seg+pos+rms seed=1] epoch 16/40 loss=5.9594 (34.9s)
  [seg+pos+rms seed=1] epoch 17/40 loss=5.9604 (37.2s)
  [seg+pos+rms seed=1] epoch 18/40 loss=5.9559 (39.4s)
  [seg+pos+rms seed=1] epoch 19/40 loss=5.9555 (41.6s)
  [seg+pos+rms seed=1] epoch 20/40 loss=5.9513 (43.8s)
  [seg+pos+rms seed=1] epoch 21/40 loss=5.9526 (46.0s)
  [seg+pos+rms seed=1] epoch 22/40 loss=5.9488 (48.1s)
  [seg+pos+rms seed=1] epoch 23/40 loss=5.9452 (50.3s)
  [seg+pos+rms seed=1] epoch 24/40 loss=5.9485 (52.5s)
  [seg+pos+rms seed=1] epoch 25/40 loss=5.9427 (54.7s)
  [seg+pos+rms seed=1] epoch 26/40 loss=5.9430 (57.0s)
  [seg+pos+rms seed=1] epoch 27/40 loss=5.9421 (59.2s)
  [seg+pos+rms seed=1] epoch 28/40 loss=5.9383 (61.4s)
  [seg+pos+rms seed=1] epoch 29/40 loss=5.9368 (63.6s)
  [seg+pos+rms seed=1] epoch 30/40 loss=5.9339 (65.8s)
  [seg+pos+rms seed=1] epoch 31/40 loss=5.9354 (68.0s)
  [seg+pos+rms seed=1] epoch 32/40 loss=5.9328 (70.2s)
  [seg+pos+rms seed=1] epoch 33/40 loss=5.9311 (72.4s)
  [seg+pos+rms seed=1] epoch 34/40 loss=5.9311 (74.6s)
  [seg+pos+rms seed=1] epoch 35/40 loss=5.9353 (76.8s)
  [seg+pos+rms seed=1] epoch 36/40 loss=5.9294 (79.0s)
  [seg+pos+rms seed=1] epoch 37/40 loss=5.9286 (81.2s)
  [seg+pos+rms seed=1] epoch 38/40 loss=5.9259 (83.4s)
  [seg+pos+rms seed=1] epoch 39/40 loss=5.9266 (85.6s)
  [seg+pos+rms seed=1] epoch 40/40 loss=5.9254 (87.8s)
  trained in 87.8s; evaluating...

=== Training 'seg+pos+rms' seed 2 ===
  [seg+pos+rms seed=2] epoch 1/40 loss=12.4740 (2.2s)
  [seg+pos+rms seed=2] epoch 2/40 loss=6.6364 (4.4s)
  [seg+pos+rms seed=2] epoch 3/40 loss=6.2492 (6.4s)
  [seg+pos+rms seed=2] epoch 4/40 loss=6.1258 (8.2s)
  [seg+pos+rms seed=2] epoch 5/40 loss=6.0622 (10.0s)
  [seg+pos+rms seed=2] epoch 6/40 loss=6.0372 (11.9s)
  [seg+pos+rms seed=2] epoch 7/40 loss=6.0188 (13.7s)
  [seg+pos+rms seed=2] epoch 8/40 loss=6.0158 (16.0s)
  [seg+pos+rms seed=2] epoch 9/40 loss=5.9999 (18.2s)
  [seg+pos+rms seed=2] epoch 10/40 loss=5.9949 (20.4s)
  [seg+pos+rms seed=2] epoch 11/40 loss=5.9971 (22.6s)
  [seg+pos+rms seed=2] epoch 12/40 loss=5.9857 (24.8s)
  [seg+pos+rms seed=2] epoch 13/40 loss=5.9809 (27.0s)
  [seg+pos+rms seed=2] epoch 14/40 loss=5.9780 (29.2s)
  [seg+pos+rms seed=2] epoch 15/40 loss=5.9743 (31.4s)
  [seg+pos+rms seed=2] epoch 16/40 loss=5.9687 (33.6s)
  [seg+pos+rms seed=2] epoch 17/40 loss=5.9663 (35.8s)
  [seg+pos+rms seed=2] epoch 18/40 loss=5.9667 (38.0s)
  [seg+pos+rms seed=2] epoch 19/40 loss=5.9612 (40.1s)
  [seg+pos+rms seed=2] epoch 20/40 loss=5.9600 (42.3s)
  [seg+pos+rms seed=2] epoch 21/40 loss=5.9578 (44.5s)
  [seg+pos+rms seed=2] epoch 22/40 loss=5.9545 (46.7s)
  [seg+pos+rms seed=2] epoch 23/40 loss=5.9547 (48.9s)
  [seg+pos+rms seed=2] epoch 24/40 loss=5.9499 (51.1s)
  [seg+pos+rms seed=2] epoch 25/40 loss=5.9466 (53.3s)
  [seg+pos+rms seed=2] epoch 26/40 loss=5.9494 (55.5s)
  [seg+pos+rms seed=2] epoch 27/40 loss=5.9446 (57.7s)
  [seg+pos+rms seed=2] epoch 28/40 loss=5.9478 (59.9s)
  [seg+pos+rms seed=2] epoch 29/40 loss=5.9442 (62.1s)
  [seg+pos+rms seed=2] epoch 30/40 loss=5.9407 (64.3s)
  [seg+pos+rms seed=2] epoch 31/40 loss=5.9372 (66.6s)
  [seg+pos+rms seed=2] epoch 32/40 loss=5.9372 (68.8s)
  [seg+pos+rms seed=2] epoch 33/40 loss=5.9344 (70.9s)
  [seg+pos+rms seed=2] epoch 34/40 loss=5.9332 (73.1s)
  [seg+pos+rms seed=2] epoch 35/40 loss=5.9323 (75.3s)
  [seg+pos+rms seed=2] epoch 36/40 loss=5.9352 (77.6s)
  [seg+pos+rms seed=2] epoch 37/40 loss=5.9344 (79.8s)
  [seg+pos+rms seed=2] epoch 38/40 loss=5.9313 (81.9s)
  [seg+pos+rms seed=2] epoch 39/40 loss=5.9295 (84.1s)
  [seg+pos+rms seed=2] epoch 40/40 loss=5.9268 (86.3s)
  trained in 86.3s; evaluating...

=== Training 'seg+pos+rms+psd' seed 0 ===
  [seg+pos+rms+psd seed=0] epoch 1/40 loss=16.9443 (3.1s)
  [seg+pos+rms+psd seed=0] epoch 2/40 loss=7.3644 (6.2s)
  [seg+pos+rms+psd seed=0] epoch 3/40 loss=6.7891 (9.2s)
  [seg+pos+rms+psd seed=0] epoch 4/40 loss=6.4557 (12.3s)
  [seg+pos+rms+psd seed=0] epoch 5/40 loss=6.3203 (15.3s)
  [seg+pos+rms+psd seed=0] epoch 6/40 loss=6.2424 (18.4s)
  [seg+pos+rms+psd seed=0] epoch 7/40 loss=6.2094 (21.4s)
  [seg+pos+rms+psd seed=0] epoch 8/40 loss=6.1823 (24.5s)
  [seg+pos+rms+psd seed=0] epoch 9/40 loss=6.1725 (27.5s)
  [seg+pos+rms+psd seed=0] epoch 10/40 loss=6.1595 (30.6s)
  [seg+pos+rms+psd seed=0] epoch 11/40 loss=6.1528 (33.6s)
  [seg+pos+rms+psd seed=0] epoch 12/40 loss=6.1453 (36.6s)
  [seg+pos+rms+psd seed=0] epoch 13/40 loss=6.1370 (39.7s)
  [seg+pos+rms+psd seed=0] epoch 14/40 loss=6.1320 (42.6s)
  [seg+pos+rms+psd seed=0] epoch 15/40 loss=6.1274 (45.6s)
  [seg+pos+rms+psd seed=0] epoch 16/40 loss=6.1270 (48.7s)
  [seg+pos+rms+psd seed=0] epoch 17/40 loss=6.1197 (51.7s)
  [seg+pos+rms+psd seed=0] epoch 18/40 loss=6.1152 (54.8s)
  [seg+pos+rms+psd seed=0] epoch 19/40 loss=6.1127 (57.8s)
  [seg+pos+rms+psd seed=0] epoch 20/40 loss=6.1114 (60.9s)
  [seg+pos+rms+psd seed=0] epoch 21/40 loss=6.1066 (63.9s)
  [seg+pos+rms+psd seed=0] epoch 22/40 loss=6.1052 (67.0s)
  [seg+pos+rms+psd seed=0] epoch 23/40 loss=6.1012 (70.1s)
  [seg+pos+rms+psd seed=0] epoch 24/40 loss=6.1013 (73.1s)
  [seg+pos+rms+psd seed=0] epoch 25/40 loss=6.1013 (76.1s)
  [seg+pos+rms+psd seed=0] epoch 26/40 loss=6.0986 (79.2s)
  [seg+pos+rms+psd seed=0] epoch 27/40 loss=6.0963 (82.2s)
  [seg+pos+rms+psd seed=0] epoch 28/40 loss=6.0930 (84.7s)
  [seg+pos+rms+psd seed=0] epoch 29/40 loss=6.0895 (87.1s)
  [seg+pos+rms+psd seed=0] epoch 30/40 loss=6.0895 (89.6s)
  [seg+pos+rms+psd seed=0] epoch 31/40 loss=6.0865 (92.6s)
  [seg+pos+rms+psd seed=0] epoch 32/40 loss=6.0848 (95.7s)
  [seg+pos+rms+psd seed=0] epoch 33/40 loss=6.0850 (98.7s)
  [seg+pos+rms+psd seed=0] epoch 34/40 loss=6.0837 (101.8s)
  [seg+pos+rms+psd seed=0] epoch 35/40 loss=6.0828 (104.8s)
  [seg+pos+rms+psd seed=0] epoch 36/40 loss=6.0825 (107.9s)
  [seg+pos+rms+psd seed=0] epoch 37/40 loss=6.0800 (111.0s)
  [seg+pos+rms+psd seed=0] epoch 38/40 loss=6.0812 (114.0s)
  [seg+pos+rms+psd seed=0] epoch 39/40 loss=6.0769 (117.1s)
  [seg+pos+rms+psd seed=0] epoch 40/40 loss=6.0748 (120.1s)
  trained in 120.1s; evaluating...

=== Training 'seg+pos+rms+psd' seed 1 ===
  [seg+pos+rms+psd seed=1] epoch 1/40 loss=14.0578 (3.0s)
  [seg+pos+rms+psd seed=1] epoch 2/40 loss=7.1367 (6.1s)
  [seg+pos+rms+psd seed=1] epoch 3/40 loss=6.6837 (9.0s)
  [seg+pos+rms+psd seed=1] epoch 4/40 loss=6.4476 (12.1s)
  [seg+pos+rms+psd seed=1] epoch 5/40 loss=6.3207 (15.1s)
  [seg+pos+rms+psd seed=1] epoch 6/40 loss=6.2590 (18.2s)
  [seg+pos+rms+psd seed=1] epoch 7/40 loss=6.2255 (21.2s)
  [seg+pos+rms+psd seed=1] epoch 8/40 loss=6.2002 (24.2s)
  [seg+pos+rms+psd seed=1] epoch 9/40 loss=6.1872 (27.3s)
  [seg+pos+rms+psd seed=1] epoch 10/40 loss=6.1753 (30.3s)
  [seg+pos+rms+psd seed=1] epoch 11/40 loss=6.1659 (33.3s)
  [seg+pos+rms+psd seed=1] epoch 12/40 loss=6.1596 (36.4s)
  [seg+pos+rms+psd seed=1] epoch 13/40 loss=6.1523 (39.4s)
  [seg+pos+rms+psd seed=1] epoch 14/40 loss=6.1480 (42.4s)
  [seg+pos+rms+psd seed=1] epoch 15/40 loss=6.1397 (45.5s)
  [seg+pos+rms+psd seed=1] epoch 16/40 loss=6.1333 (48.6s)
  [seg+pos+rms+psd seed=1] epoch 17/40 loss=6.1334 (51.6s)
  [seg+pos+rms+psd seed=1] epoch 18/40 loss=6.1233 (54.7s)
  [seg+pos+rms+psd seed=1] epoch 19/40 loss=6.1232 (57.7s)
  [seg+pos+rms+psd seed=1] epoch 20/40 loss=6.1242 (60.7s)
  [seg+pos+rms+psd seed=1] epoch 21/40 loss=6.1143 (63.8s)
  [seg+pos+rms+psd seed=1] epoch 22/40 loss=6.1132 (66.8s)
  [seg+pos+rms+psd seed=1] epoch 23/40 loss=6.1106 (69.8s)
  [seg+pos+rms+psd seed=1] epoch 24/40 loss=6.1086 (72.9s)
  [seg+pos+rms+psd seed=1] epoch 25/40 loss=6.1041 (75.9s)
  [seg+pos+rms+psd seed=1] epoch 26/40 loss=6.1019 (78.9s)
  [seg+pos+rms+psd seed=1] epoch 27/40 loss=6.0983 (81.9s)
  [seg+pos+rms+psd seed=1] epoch 28/40 loss=6.0945 (84.9s)
  [seg+pos+rms+psd seed=1] epoch 29/40 loss=6.0991 (87.9s)
  [seg+pos+rms+psd seed=1] epoch 30/40 loss=6.0899 (90.9s)
  [seg+pos+rms+psd seed=1] epoch 31/40 loss=6.0893 (93.9s)
  [seg+pos+rms+psd seed=1] epoch 32/40 loss=6.0897 (97.0s)
  [seg+pos+rms+psd seed=1] epoch 33/40 loss=6.0868 (100.0s)
  [seg+pos+rms+psd seed=1] epoch 34/40 loss=6.0857 (103.0s)
  [seg+pos+rms+psd seed=1] epoch 35/40 loss=6.0873 (106.0s)
  [seg+pos+rms+psd seed=1] epoch 36/40 loss=6.0831 (108.9s)
  [seg+pos+rms+psd seed=1] epoch 37/40 loss=6.0789 (112.0s)
  [seg+pos+rms+psd seed=1] epoch 38/40 loss=6.0802 (115.1s)
  [seg+pos+rms+psd seed=1] epoch 39/40 loss=6.0825 (118.1s)
  [seg+pos+rms+psd seed=1] epoch 40/40 loss=6.0800 (121.1s)
  trained in 121.1s; evaluating...

=== Training 'seg+pos+rms+psd' seed 2 ===
  [seg+pos+rms+psd seed=2] epoch 1/40 loss=17.5369 (3.0s)
  [seg+pos+rms+psd seed=2] epoch 2/40 loss=7.4682 (6.1s)
  [seg+pos+rms+psd seed=2] epoch 3/40 loss=6.6675 (9.1s)
  [seg+pos+rms+psd seed=2] epoch 4/40 loss=6.3342 (12.1s)
  [seg+pos+rms+psd seed=2] epoch 5/40 loss=6.2270 (15.2s)
  [seg+pos+rms+psd seed=2] epoch 6/40 loss=6.1849 (18.2s)
  [seg+pos+rms+psd seed=2] epoch 7/40 loss=6.1518 (21.2s)
  [seg+pos+rms+psd seed=2] epoch 8/40 loss=6.1431 (24.3s)
  [seg+pos+rms+psd seed=2] epoch 9/40 loss=6.1301 (27.3s)
  [seg+pos+rms+psd seed=2] epoch 10/40 loss=6.1219 (30.3s)
  [seg+pos+rms+psd seed=2] epoch 11/40 loss=6.1188 (33.3s)
  [seg+pos+rms+psd seed=2] epoch 12/40 loss=6.1082 (36.5s)
  [seg+pos+rms+psd seed=2] epoch 13/40 loss=6.1044 (39.5s)
  [seg+pos+rms+psd seed=2] epoch 14/40 loss=6.1028 (42.5s)
  [seg+pos+rms+psd seed=2] epoch 15/40 loss=6.0962 (45.6s)
  [seg+pos+rms+psd seed=2] epoch 16/40 loss=6.0948 (48.6s)
  [seg+pos+rms+psd seed=2] epoch 17/40 loss=6.0925 (51.7s)
  [seg+pos+rms+psd seed=2] epoch 18/40 loss=6.0920 (54.8s)
  [seg+pos+rms+psd seed=2] epoch 19/40 loss=6.0937 (57.8s)
  [seg+pos+rms+psd seed=2] epoch 20/40 loss=6.0890 (60.9s)
  [seg+pos+rms+psd seed=2] epoch 21/40 loss=6.0892 (64.0s)
  [seg+pos+rms+psd seed=2] epoch 22/40 loss=6.0832 (67.0s)
  [seg+pos+rms+psd seed=2] epoch 23/40 loss=6.0923 (70.1s)
  [seg+pos+rms+psd seed=2] epoch 24/40 loss=6.0830 (73.2s)
  [seg+pos+rms+psd seed=2] epoch 25/40 loss=6.0839 (76.3s)
  [seg+pos+rms+psd seed=2] epoch 26/40 loss=6.0867 (79.4s)
  [seg+pos+rms+psd seed=2] epoch 27/40 loss=6.0786 (82.4s)
  [seg+pos+rms+psd seed=2] epoch 28/40 loss=6.0787 (85.4s)
  [seg+pos+rms+psd seed=2] epoch 29/40 loss=6.0820 (88.5s)
  [seg+pos+rms+psd seed=2] epoch 30/40 loss=6.0776 (91.6s)
  [seg+pos+rms+psd seed=2] epoch 31/40 loss=6.0774 (94.6s)
  [seg+pos+rms+psd seed=2] epoch 32/40 loss=6.0817 (97.7s)
  [seg+pos+rms+psd seed=2] epoch 33/40 loss=6.0728 (100.8s)
  [seg+pos+rms+psd seed=2] epoch 34/40 loss=6.0701 (103.8s)
  [seg+pos+rms+psd seed=2] epoch 35/40 loss=6.0729 (106.8s)
  [seg+pos+rms+psd seed=2] epoch 36/40 loss=6.0752 (109.8s)
  [seg+pos+rms+psd seed=2] epoch 37/40 loss=6.0699 (112.9s)
  [seg+pos+rms+psd seed=2] epoch 38/40 loss=6.0717 (116.0s)
  [seg+pos+rms+psd seed=2] epoch 39/40 loss=6.0705 (119.0s)
  [seg+pos+rms+psd seed=2] epoch 40/40 loss=6.0658 (122.1s)
  trained in 122.1s; evaluating...

=== Training 'full' seed 0 ===
  [full seed=0] epoch 1/40 loss=17.0116 (3.6s)
  [full seed=0] epoch 2/40 loss=7.3883 (7.2s)
  [full seed=0] epoch 3/40 loss=6.7661 (10.2s)
  [full seed=0] epoch 4/40 loss=6.4737 (12.9s)
  [full seed=0] epoch 5/40 loss=6.3492 (15.5s)
  [full seed=0] epoch 6/40 loss=6.2944 (18.2s)
  [full seed=0] epoch 7/40 loss=6.2747 (21.6s)
  [full seed=0] epoch 8/40 loss=6.2527 (25.2s)
  [full seed=0] epoch 9/40 loss=6.2437 (28.5s)
  [full seed=0] epoch 10/40 loss=6.2280 (31.3s)
  [full seed=0] epoch 11/40 loss=6.2215 (35.0s)
  [full seed=0] epoch 12/40 loss=6.2147 (38.6s)
  [full seed=0] epoch 13/40 loss=6.2082 (42.2s)
  [full seed=0] epoch 14/40 loss=6.2020 (45.8s)
  [full seed=0] epoch 15/40 loss=6.1975 (49.4s)
  [full seed=0] epoch 16/40 loss=6.1992 (53.0s)
  [full seed=0] epoch 17/40 loss=6.1912 (56.5s)
  [full seed=0] epoch 18/40 loss=6.1859 (60.1s)
  [full seed=0] epoch 19/40 loss=6.1825 (63.8s)
  [full seed=0] epoch 20/40 loss=6.1823 (67.4s)
  [full seed=0] epoch 21/40 loss=6.1773 (71.0s)
  [full seed=0] epoch 22/40 loss=6.1740 (74.7s)
  [full seed=0] epoch 23/40 loss=6.1715 (78.3s)
  [full seed=0] epoch 24/40 loss=6.1692 (81.9s)
  [full seed=0] epoch 25/40 loss=6.1709 (85.5s)
  [full seed=0] epoch 26/40 loss=6.1702 (89.1s)
  [full seed=0] epoch 27/40 loss=6.1647 (92.7s)
  [full seed=0] epoch 28/40 loss=6.1613 (96.3s)
  [full seed=0] epoch 29/40 loss=6.1570 (100.0s)
  [full seed=0] epoch 30/40 loss=6.1557 (103.6s)
  [full seed=0] epoch 31/40 loss=6.1552 (107.2s)
  [full seed=0] epoch 32/40 loss=6.1507 (110.9s)
  [full seed=0] epoch 33/40 loss=6.1515 (114.4s)
  [full seed=0] epoch 34/40 loss=6.1479 (118.1s)
  [full seed=0] epoch 35/40 loss=6.1485 (121.8s)
  [full seed=0] epoch 36/40 loss=6.1479 (125.4s)
  [full seed=0] epoch 37/40 loss=6.1437 (129.0s)
  [full seed=0] epoch 38/40 loss=6.1460 (132.6s)
  [full seed=0] epoch 39/40 loss=6.1396 (136.2s)
  [full seed=0] epoch 40/40 loss=6.1387 (139.7s)
  trained in 139.7s; evaluating...

=== Training 'full' seed 1 ===
  [full seed=1] epoch 1/40 loss=14.1839 (3.6s)
  [full seed=1] epoch 2/40 loss=7.1822 (7.2s)
  [full seed=1] epoch 3/40 loss=6.6537 (10.9s)
  [full seed=1] epoch 4/40 loss=6.4386 (14.5s)
  [full seed=1] epoch 5/40 loss=6.3645 (18.2s)
  [full seed=1] epoch 6/40 loss=6.3252 (21.8s)
  [full seed=1] epoch 7/40 loss=6.3042 (25.5s)
  [full seed=1] epoch 8/40 loss=6.2825 (29.1s)
  [full seed=1] epoch 9/40 loss=6.2713 (32.7s)
  [full seed=1] epoch 10/40 loss=6.2580 (36.3s)
  [full seed=1] epoch 11/40 loss=6.2526 (40.0s)
  [full seed=1] epoch 12/40 loss=6.2441 (43.6s)
  [full seed=1] epoch 13/40 loss=6.2403 (47.3s)
  [full seed=1] epoch 14/40 loss=6.2395 (50.9s)
  [full seed=1] epoch 15/40 loss=6.2290 (54.6s)
  [full seed=1] epoch 16/40 loss=6.2229 (58.2s)
  [full seed=1] epoch 17/40 loss=6.2219 (61.9s)
  [full seed=1] epoch 18/40 loss=6.2174 (65.5s)
  [full seed=1] epoch 19/40 loss=6.2104 (69.2s)
  [full seed=1] epoch 20/40 loss=6.2136 (72.8s)
  [full seed=1] epoch 21/40 loss=6.2045 (76.6s)
  [full seed=1] epoch 22/40 loss=6.2054 (80.2s)
  [full seed=1] epoch 23/40 loss=6.1987 (83.8s)
  [full seed=1] epoch 24/40 loss=6.1972 (86.9s)
  [full seed=1] epoch 25/40 loss=6.1891 (90.5s)
  [full seed=1] epoch 26/40 loss=6.1880 (94.2s)
  [full seed=1] epoch 27/40 loss=6.1823 (97.8s)
  [full seed=1] epoch 28/40 loss=6.1808 (101.1s)
  [full seed=1] epoch 29/40 loss=6.1838 (104.7s)
  [full seed=1] epoch 30/40 loss=6.1767 (108.4s)
  [full seed=1] epoch 31/40 loss=6.1746 (112.0s)
  [full seed=1] epoch 32/40 loss=6.1754 (115.5s)
  [full seed=1] epoch 33/40 loss=6.1712 (119.1s)
  [full seed=1] epoch 34/40 loss=6.1723 (122.7s)
  [full seed=1] epoch 35/40 loss=6.1713 (126.2s)
  [full seed=1] epoch 36/40 loss=6.1675 (128.9s)
  [full seed=1] epoch 37/40 loss=6.1646 (131.8s)
  [full seed=1] epoch 38/40 loss=6.1658 (135.5s)
  [full seed=1] epoch 39/40 loss=6.1679 (139.4s)
  [full seed=1] epoch 40/40 loss=6.1647 (143.4s)
  trained in 143.4s; evaluating...

=== Training 'full' seed 2 ===
  [full seed=2] epoch 1/40 loss=18.2216 (3.9s)
  [full seed=2] epoch 2/40 loss=7.3665 (7.8s)
  [full seed=2] epoch 3/40 loss=6.7510 (11.7s)
  [full seed=2] epoch 4/40 loss=6.4409 (15.8s)
  [full seed=2] epoch 5/40 loss=6.2969 (19.7s)
  [full seed=2] epoch 6/40 loss=6.2556 (23.6s)
  [full seed=2] epoch 7/40 loss=6.2350 (27.3s)
  [full seed=2] epoch 8/40 loss=6.2250 (30.9s)
  [full seed=2] epoch 9/40 loss=6.2137 (34.6s)
  [full seed=2] epoch 10/40 loss=6.2083 (38.3s)
  [full seed=2] epoch 11/40 loss=6.2025 (42.1s)
  [full seed=2] epoch 12/40 loss=6.1914 (45.9s)
  [full seed=2] epoch 13/40 loss=6.1880 (49.5s)
  [full seed=2] epoch 14/40 loss=6.1886 (53.2s)
  [full seed=2] epoch 15/40 loss=6.1805 (56.8s)
  [full seed=2] epoch 16/40 loss=6.1762 (60.5s)
  [full seed=2] epoch 17/40 loss=6.1720 (64.2s)
  [full seed=2] epoch 18/40 loss=6.1723 (67.8s)
  [full seed=2] epoch 19/40 loss=6.1717 (71.7s)
  [full seed=2] epoch 20/40 loss=6.1673 (75.7s)
  [full seed=2] epoch 21/40 loss=6.1677 (79.5s)
  [full seed=2] epoch 22/40 loss=6.1611 (83.4s)
  [full seed=2] epoch 23/40 loss=6.1648 (87.4s)
  [full seed=2] epoch 24/40 loss=6.1576 (91.2s)
  [full seed=2] epoch 25/40 loss=6.1596 (94.9s)
  [full seed=2] epoch 26/40 loss=6.1597 (98.8s)
  [full seed=2] epoch 27/40 loss=6.1527 (102.0s)
  [full seed=2] epoch 28/40 loss=6.1521 (105.8s)
  [full seed=2] epoch 29/40 loss=6.1509 (108.8s)
  [full seed=2] epoch 30/40 loss=6.1468 (111.5s)
  [full seed=2] epoch 31/40 loss=6.1475 (115.0s)
  [full seed=2] epoch 32/40 loss=6.1484 (118.7s)
  [full seed=2] epoch 33/40 loss=6.1423 (122.4s)
  [full seed=2] epoch 34/40 loss=6.1403 (126.0s)
  [full seed=2] epoch 35/40 loss=6.1377 (129.6s)
  [full seed=2] epoch 36/40 loss=6.1440 (133.4s)
  [full seed=2] epoch 37/40 loss=6.1398 (137.1s)
  [full seed=2] epoch 38/40 loss=6.1417 (140.8s)
  [full seed=2] epoch 39/40 loss=6.1362 (144.5s)
  [full seed=2] epoch 40/40 loss=6.1323 (148.3s)
  trained in 148.3s; evaluating...

=== Part A: direct log-PSD error (lower is better) ===
Headline = mean over L,R,W in the training band 1/H <= |f| <= 0.25:
         method  logpsd_mean_all  logpsd_L_all  logpsd_R_all  logpsd_W_all
       seg-only           0.1621        0.1621        0.1507        0.1735
        seg+pos           0.1751        0.1759        0.1664        0.1831
    seg+pos+rms           0.1553        0.1483        0.1445        0.1730
seg+pos+rms+psd           0.1530        0.1473        0.1440        0.1678
           full           0.1499        0.1439        0.1419        0.1640

Band breakdown for the width (W) trace:
         method  logpsd_W_all  logpsd_W_low  logpsd_W_mid  logpsd_W_high
       seg-only        0.1735        0.0397        0.1371         0.2718
        seg+pos        0.1831        0.0399        0.1416         0.2906
    seg+pos+rms        0.1730        0.0432        0.1407         0.2652
seg+pos+rms+psd        0.1678        0.0436        0.1361         0.2567
           full        0.1640        0.0449        0.1347         0.2483

=== Part B1: repeatability across independent acquisitions of the SAME geometry ===
precision_* = std of the estimate across repeats (what L_cons targets);
bias_sigma_W = |repeat-averaged estimate - ground truth| (accuracy).
         method  precision_sigma_W  precision_sigma_L  precision_sigma_R  pos_jitter  bias_sigma_W  lwr_mae  ler_mae    n
       seg-only             0.0052             0.0037             0.0036      0.0958        0.0265   0.0268   0.0215 1536
        seg+pos             0.0052             0.0037             0.0037      0.0905        0.0315   0.0318   0.0261 1536
    seg+pos+rms             0.0057             0.0041             0.0040      0.1099        0.0200   0.0205   0.0134 1536
seg+pos+rms+psd             0.0056             0.0041             0.0041      0.1139        0.0206   0.0212   0.0133 1536
           full             0.0054             0.0039             0.0039      0.0927        0.0188   0.0193   0.0127 1536

=== Part B2: noise robustness (k_n sweep) ===

lwr_mae by k_n (higher k_n = noisier):
k_n                0.3    1.0    2.0    4.0
method                                     
seg-only        0.0269 0.0269 0.0270 0.0263
seg+pos         0.0320 0.0318 0.0321 0.0313
seg+pos+rms     0.0184 0.0198 0.0210 0.0230
seg+pos+rms+psd 0.0194 0.0202 0.0215 0.0235
full            0.0172 0.0191 0.0200 0.0211

precision_sigma_W by k_n (higher k_n = noisier):
k_n                0.3    1.0    2.0    4.0
method                                     
seg-only        0.0022 0.0040 0.0059 0.0086
seg+pos         0.0021 0.0040 0.0059 0.0086
seg+pos+rms     0.0024 0.0044 0.0066 0.0094
seg+pos+rms+psd 0.0025 0.0045 0.0065 0.0092
full            0.0023 0.0042 0.0062 0.0089

(scale: 3 seed(s), 40 epochs, 15 train realizations/config, 32 configs, 8 repeats x 4 geometries per cell)
### exp9 exit=0 18:47:26
