detector,localization,k_n,edge_mae,ler_mae,lwr_mae
threshold,pixel,0.3,0.41546815157186157,0.09463106393618859,0.12413949194224383
threshold,sub-pixel,0.3,0.28887702537069815,0.10392272905812783,0.14184822883584358
canny,pixel,0.3,0.49603991727407426,0.16934072872968897,0.2565067178935201
canny,sub-pixel,0.3,0.28887702537069815,0.10392272905812783,0.14184822883584358
threshold,pixel,0.3,0.39601988040617286,0.06873128775053461,0.07581542390703433
threshold,sub-pixel,0.3,0.27307974825249826,0.0910716395483877,0.1158776464149498
canny,pixel,0.3,0.48364638043552294,0.19161641661602036,0.2863763687503489
canny,sub-pixel,0.3,0.27307974825249826,0.0910716395483877,0.1158776464149498
threshold,pixel,0.3,0.4227826613690372,0.09612667433814803,0.1491970265206013
threshold,sub-pixel,0.3,0.2760864472098473,0.09626449872534226,0.13585214428388914
canny,pixel,0.3,0.4873668168581715,0.17481634128336832,0.24655330746448412
canny,sub-pixel,0.3,0.2760864472098473,0.09626449872534226,0.13585214428388914
threshold,pixel,0.3,0.4335857869056645,0.08981498194312809,0.0990595303646511
threshold,sub-pixel,0.3,0.27832060597780156,0.0845785748208765,0.10463310989312902
canny,pixel,0.3,0.49016600835844176,0.17263832389978928,0.22594656542655267
canny,sub-pixel,0.3,0.2805327928095813,0.08634431277588561,0.10877101820347845
threshold,pixel,0.3,0.4052318027360269,0.09285590467809501,0.10290470028974985
threshold,sub-pixel,0.3,0.27523860625519725,0.07888888351527412,0.10436762882786033
canny,pixel,0.3,0.4843610355583595,0.19053626791146205,0.26701111198951155
canny,sub-pixel,0.3,0.27703145821675457,0.08070500508305845,0.10999558136778287
threshold,pixel,0.3,0.42796738412382174,0.08545709659834899,0.08792233457150744
threshold,sub-pixel,0.3,0.2804128139053822,0.08774779442200498,0.12298634529497265
canny,pixel,0.3,0.5070434101276287,0.2117977885049509,0.27820730355956336
canny,sub-pixel,0.3,0.2804128139053822,0.08774779442200498,0.12298634529497265
threshold,pixel,0.3,0.40786225469213294,0.08722219823490207,0.14115023303871643
threshold,sub-pixel,0.3,0.27445458074997753,0.08240275216969539,0.12101586181291357
canny,pixel,0.3,0.4947946906508134,0.20770131446414497,0.3021697258001097
canny,sub-pixel,0.3,0.2764637184246527,0.08550294481227905,0.12446975862823706
threshold,pixel,0.3,0.43289985504936124,0.10591511189016145,0.1315309858199083
threshold,sub-pixel,0.3,0.28423176428263613,0.08543872981621248,0.12831759891761862
canny,pixel,0.3,0.4979718406275615,0.21128013996985417,0.2762361594662148
canny,sub-pixel,0.3,0.28423176428263613,0.08543872981621248,0.12831759891761862
threshold,pixel,0.3,0.4293998078218846,0.07014413398996122,0.1148724477710763
threshold,sub-pixel,0.3,0.2774637466784816,0.08475087808985626,0.1216143058007948
canny,pixel,0.3,0.5013835380922598,0.18690185707425166,0.24184851153076758
canny,sub-pixel,0.3,0.2792607288623157,0.08650381902451298,0.12185508640009357
threshold,pixel,0.3,0.42664885647945333,0.08929676567727873,0.12782641191565958
threshold,sub-pixel,0.3,0.284266218185125,0.0900416778391665,0.12207864594120599
canny,pixel,0.3,0.5104898723620093,0.20135432221139404,0.2662917098731403
canny,sub-pixel,0.3,0.284266218185125,0.0900416778391665,0.12207864594120599
threshold,pixel,0.3,0.44139798844150974,0.1005356451762418,0.12017785148246363
threshold,sub-pixel,0.3,0.29011941381058526,0.09033021862030977,0.10996539447415588
canny,pixel,0.3,0.5045422204199734,0.1814046385894541,0.23667453291309282
canny,sub-pixel,0.3,0.29011941381058526,0.09033021862030977,0.10996539447415588
threshold,pixel,0.3,0.4320724055289089,0.09773088175263411,0.15057839153690344
threshold,sub-pixel,0.3,0.28287446098438107,0.09558978580893507,0.1308999781070228
canny,pixel,0.3,0.5121329860926076,0.20496142449414245,0.2805816149318192
canny,sub-pixel,0.3,0.28653181541908057,0.0975628482711487,0.13428878265898492
threshold,pixel,0.3,0.400700741871978,0.0748249475905648,0.1489651316513556
threshold,sub-pixel,0.3,0.2679395384750435,0.08731316618221974,0.1400291359061796
canny,pixel,0.3,0.4903602257845986,0.1969276746008226,0.2765899460217054
canny,sub-pixel,0.3,0.2679395384750435,0.08731316618221974,0.1400291359061796
threshold,pixel,0.3,0.42933469892581144,0.07554029275803442,0.14977697148843472
threshold,sub-pixel,0.3,0.28672720688446685,0.10039205881164948,0.1690977130635225
canny,pixel,0.3,0.5030316372419685,0.2009364247733636,0.32300989353752474
canny,sub-pixel,0.3,0.28672720688446685,0.10039205881164948,0.1690977130635225
threshold,pixel,0.3,0.4339617108122812,0.09487020275715374,0.14818309006107655
threshold,sub-pixel,0.3,0.27783414272194423,0.08396899820329862,0.11551162422057537
canny,pixel,0.3,0.4966440948688634,0.1903832030976932,0.2505565567596406
canny,sub-pixel,0.3,0.27783414272194423,0.08396899820329862,0.11551162422057537
threshold,pixel,1.0,0.40605350988944355,0.06711365858446572,0.09495466412134457
threshold,sub-pixel,1.0,0.2692107128177098,0.06865722276659947,0.09815743044496683
canny,pixel,1.0,0.4672340131369592,0.15922312868217903,0.24220242535910064
canny,sub-pixel,1.0,0.2692107128177098,0.06865722276659947,0.09815743044496683
threshold,pixel,1.0,0.42318561818922407,0.050625466478618986,0.042848888706671584
threshold,sub-pixel,1.0,0.273846342125855,0.09282136208672753,0.11908429287952638
canny,pixel,1.0,0.49055006126384637,0.18390007975231337,0.2503561411261628
canny,sub-pixel,1.0,0.273846342125855,0.09282136208672753,0.11908429287952638
threshold,pixel,1.0,0.40015540354007023,0.07217280373163648,0.07773461929838144
threshold,sub-pixel,1.0,0.2806174849567507,0.0843713854797905,0.09973704326157495
canny,pixel,1.0,0.485698554018108,0.18878125477498586,0.2609772040417575
canny,sub-pixel,1.0,0.2806174849567507,0.0843713854797905,0.09973704326157495
threshold,pixel,1.0,0.42798441492469996,0.08529622388345226,0.14911220169817385
threshold,sub-pixel,1.0,0.28311057647825755,0.0869188890538134,0.14880215235895333
canny,pixel,1.0,0.507197317879734,0.1858521789764087,0.2497416295549566
canny,sub-pixel,1.0,0.28311057647825755,0.0869188890538134,0.14880215235895333
threshold,pixel,1.0,0.42569688608181605,0.08731003469552878,0.13448184395069362
threshold,sub-pixel,1.0,0.2822526584444049,0.0806481569097739,0.1205369432337875
canny,pixel,1.0,0.4757851254571298,0.18899616751718606,0.268780935292958
canny,sub-pixel,1.0,0.2822526584444049,0.0806481569097739,0.1205369432337875
threshold,pixel,1.0,0.4268459896103801,0.08563735423947216,0.1349007761311536
threshold,sub-pixel,1.0,0.2806209328193591,0.09047072914888588,0.15152999865924177
canny,pixel,1.0,0.5053739674460603,0.21391601319972986,0.30183887267310583
canny,sub-pixel,1.0,0.2806209328193591,0.09047072914888588,0.15152999865924177
threshold,pixel,1.0,0.4129052342058436,0.05782663146267231,0.09965182604888256
threshold,sub-pixel,1.0,0.2781207105401396,0.08116698193064908,0.12472601123558391
canny,pixel,1.0,0.4944859748893522,0.18614186984899161,0.26725036392503054
canny,sub-pixel,1.0,0.2781207105401396,0.08116698193064908,0.12472601123558391
threshold,pixel,1.0,0.4309008188218444,0.09487444387296196,0.15353357884604257
threshold,sub-pixel,1.0,0.27694728196702856,0.0849849556226906,0.14342088985961188
canny,pixel,1.0,0.4806843553191201,0.190504334402689,0.2873163381458632
canny,sub-pixel,1.0,0.27694728196702856,0.0849849556226906,0.14342088985961188
threshold,pixel,1.0,0.4139578367790343,0.1016683913415044,0.1375014526176641
threshold,sub-pixel,1.0,0.28226571718156546,0.09265518148755669,0.11804776764447267
canny,pixel,1.0,0.48513228641680217,0.200544358542474,0.2952646770768548
canny,sub-pixel,1.0,0.284398080766626,0.09739390031786666,0.12416628732896129
threshold,pixel,1.0,0.4220601465616507,0.05696150515535903,0.06509307519823038
threshold,sub-pixel,1.0,0.28465382874486167,0.0781536200639521,0.11549515917451014
canny,pixel,1.0,0.49503095202019054,0.1688034547031294,0.22480085763517232
canny,sub-pixel,1.0,0.2866825412790951,0.08106873775274315,0.12141857206025053
threshold,pixel,1.0,0.4167457079881961,0.09314182517513314,0.1120832606207709
threshold,sub-pixel,1.0,0.282304700303032,0.08120623190652876,0.10037356951445453
canny,pixel,1.0,0.4898301913560561,0.19025294326970377,0.26480393328928176
canny,sub-pixel,1.0,0.282304700303032,0.08120623190652876,0.10037356951445453
threshold,pixel,1.0,0.4127008816633493,0.06634653838973947,0.08966844216058734
threshold,sub-pixel,1.0,0.2810514172386156,0.0736972584538188,0.10306271765371866
canny,pixel,1.0,0.4817553653258182,0.19349582693098077,0.29989742560538346
canny,sub-pixel,1.0,0.2829080919441561,0.07553181954698307,0.106561688532544
threshold,pixel,1.0,0.426527927136183,0.095696922464786,0.11966786240408367
threshold,sub-pixel,1.0,0.2786006191426522,0.08709799730641543,0.10439756498409825
canny,pixel,1.0,0.5093855388618627,0.21189195893381296,0.3177531641447864
canny,sub-pixel,1.0,0.28060173094142093,0.08851625312473166,0.1127298945509132
threshold,pixel,1.0,0.409260284042998,0.10388710493285369,0.13010094006364348
threshold,sub-pixel,1.0,0.2774006893577909,0.09294602012828601,0.1282195564057509
canny,pixel,1.0,0.4744053824354589,0.19436756241060527,0.28122000776174616
canny,sub-pixel,1.0,0.27909303417726383,0.09818725370282655,0.13394946295929389
threshold,pixel,1.0,0.42784110472828574,0.07178602892767016,0.09452592254918812
threshold,sub-pixel,1.0,0.2790906432187024,0.07321980827634356,0.0893498707991669
canny,pixel,1.0,0.4800383605309817,0.1860206788937343,0.23673618842273325
canny,sub-pixel,1.0,0.28097764899261596,0.07652278299741677,0.09233509585601807
threshold,pixel,2.0,0.4201162949018582,0.08078243512341798,0.1294645458011685
threshold,sub-pixel,2.0,0.28112739396434594,0.09520436034377422,0.15502240200805217
canny,pixel,2.0,0.4885024923528193,0.2152136587194894,0.30756862700052445
canny,sub-pixel,2.0,0.28112739396434594,0.09520436034377422,0.15502240200805217
threshold,pixel,2.0,0.42227752066248625,0.04447338569135517,0.051133541620310474
threshold,sub-pixel,2.0,0.2867992039889756,0.07416615299281848,0.09457481849903182
canny,pixel,2.0,0.4972692536694415,0.16554570079423858,0.22674565976281724
canny,sub-pixel,2.0,0.2892358149587003,0.07633493273861613,0.0962679122647403
threshold,pixel,2.0,0.4266088947536824,0.08492776533504631,0.16148883956036486
threshold,sub-pixel,2.0,0.2946606268474584,0.07846714073315952,0.1059611397950535
canny,pixel,2.0,0.4867060474687757,0.17202911327548764,0.277435174212201
canny,sub-pixel,2.0,0.30266479357991183,0.08033896059111145,0.11263739215679625
threshold,pixel,2.0,0.4116316135076945,0.07917646365170572,0.12542965560835873
threshold,sub-pixel,2.0,0.2865748358705087,0.08966549440011218,0.12414032258661556
canny,pixel,2.0,0.49769018851702235,0.21527814177452975,0.2623802362144605
canny,sub-pixel,2.0,0.30847639427468604,0.09746882780933819,0.10941113946012893
threshold,pixel,2.0,0.4259558537831579,0.08455383374375347,0.11119918442722088
threshold,sub-pixel,2.0,0.28443682407289966,0.0878491267831506,0.1151897671989679
canny,pixel,2.0,0.5056622055815508,0.18792073316514435,0.24213045866973615
canny,sub-pixel,2.0,0.2922270819063515,0.09373258935067985,0.12328008367256782
threshold,pixel,2.0,0.41655669712818394,0.07874852321068371,0.12325563229524183
threshold,sub-pixel,2.0,0.28118036839425886,0.07827675397347023,0.13091277055907913
canny,pixel,2.0,0.48454745980872416,0.1790633001341284,0.2953387193788397
canny,sub-pixel,2.0,0.282675101479145,0.07960445058525167,0.13244153360507016
threshold,pixel,2.0,0.410881272491107,0.09002863117928883,0.14047977334414985
threshold,sub-pixel,2.0,0.2857050638977019,0.09668488166800682,0.14916732033167124
canny,pixel,2.0,0.47950642390436404,0.18916195501325805,0.2954283184181874
canny,sub-pixel,2.0,0.2857050638977019,0.09668488166800682,0.14916732033167124
threshold,pixel,2.0,0.42872591767680407,0.07701129575794319,0.12292810830147527
threshold,sub-pixel,2.0,0.29234136476506595,0.08387880900448696,0.13920511960184312
canny,pixel,2.0,0.49568383412938677,0.19894501492417382,0.2731335956421561
canny,sub-pixel,2.0,0.29234136476506595,0.08387880900448696,0.13920511960184312
threshold,pixel,2.0,0.41482604179519683,0.0770574018674739,0.11998408268719629
threshold,sub-pixel,2.0,0.2888040621782473,0.0949911482702257,0.14136347199217747
canny,pixel,2.0,0.5052307057868792,0.1906043719269762,0.2770461032223943
canny,sub-pixel,2.0,0.2888040621782473,0.0949911482702257,0.14136347199217747
threshold,pixel,2.0,0.4056362030149402,0.060839613013151994,0.10878284316538744
threshold,sub-pixel,2.0,0.2860453933370948,0.08174555494187585,0.1252684181847883
canny,pixel,2.0,0.4823608386776858,0.18450741950594107,0.30623594140444266
canny,sub-pixel,2.0,0.2860453933370948,0.08174555494187585,0.1252684181847883
threshold,pixel,2.0,0.4080179694389793,0.07442715207305672,0.09610589581959061
threshold,sub-pixel,2.0,0.2847073657520968,0.07453438513009114,0.10340117846841368
canny,pixel,2.0,0.500358722971456,0.18697705275080878,0.2613401397539188
canny,sub-pixel,2.0,0.2920738504818683,0.07660955722045715,0.09563471298393722
threshold,pixel,2.0,0.4326144488340443,0.06318946419638016,0.10097248145045024
threshold,sub-pixel,2.0,0.2876174846257402,0.07692920773858947,0.10788900599740048
canny,pixel,2.0,0.4884246673762306,0.17656607608845842,0.28422042786304447
canny,sub-pixel,2.0,0.2876174846257402,0.07692920773858947,0.10788900599740048
threshold,pixel,2.0,0.42322861975439646,0.06958076972068572,0.10537449378565222
threshold,sub-pixel,2.0,0.2870399022140354,0.09726669139897326,0.16114941853758324
canny,pixel,2.0,0.49654814245370643,0.18770950328684288,0.304138325911397
canny,sub-pixel,2.0,0.290498913007801,0.10408226921101982,0.17356934277438762
threshold,pixel,2.0,0.4183501750863465,0.07248881046589595,0.09465198563399957
threshold,sub-pixel,2.0,0.2853710711121979,0.08916149293310838,0.11878023836754359
canny,pixel,2.0,0.5171747039540515,0.18635721510230363,0.2914240305656213
canny,sub-pixel,2.0,0.30875780133037944,0.10787783013694052,0.17671299182070221
threshold,pixel,2.0,0.4243645871940813,0.07365082401437173,0.11998763156095915
threshold,sub-pixel,2.0,0.28375932024250794,0.08134783046160432,0.15286734689851889
canny,pixel,2.0,0.4920185250953848,0.2102688914235935,0.27932361161928765
canny,sub-pixel,2.0,0.29021289860366717,0.08925297796635623,0.16694056512847566
threshold,pixel,4.0,0.43999056636910006,0.06659378079061129,0.11017874965719288
threshold,sub-pixel,4.0,0.30963872997144404,0.09528120773877802,0.13664568603440208
canny,pixel,4.0,0.5824154200952002,0.22990818338053498,0.28950212968091127
canny,sub-pixel,4.0,0.37796245240193144,0.12042949015563365,0.14645082439848012
threshold,pixel,4.0,0.4337503240842808,0.06374317676505536,0.124257586094779
threshold,sub-pixel,4.0,0.30561261722563315,0.08964294593619593,0.1444367457469795
canny,pixel,4.0,0.5746019055537157,0.21838167709434764,0.2627750809529352
canny,sub-pixel,4.0,0.37949979453600313,0.11255236804162616,0.14760075415894391
threshold,pixel,4.0,0.4207969472499228,0.04011323697578495,0.056423027496540934
threshold,sub-pixel,4.0,0.30014331346782575,0.06930516451229984,0.10517058251501932
canny,pixel,4.0,0.5744906485074011,0.1825763721725262,0.19127561991714614
canny,sub-pixel,4.0,0.3738432807127946,0.0943399672934957,0.09279298075550368
threshold,pixel,4.0,0.4216085801372011,0.06603449593858335,0.09124735106396775
threshold,sub-pixel,4.0,0.3043771005060203,0.09243997083252031,0.10911848511318523
canny,pixel,4.0,0.5831438011295729,0.20127265919818638,0.22096325586923338
canny,sub-pixel,4.0,0.3959639289197032,0.1202231954523647,0.09535221646949288
threshold,pixel,4.0,0.41103491031409545,0.060079608702490184,0.08923853139226567
threshold,sub-pixel,4.0,0.29260402064862795,0.08017751317411659,0.11984746399394175
canny,pixel,4.0,0.5661907512350783,0.21761082419598765,0.2913800369608037
canny,sub-pixel,4.0,0.3833080962560694,0.12291810370895495,0.14585894569857882
threshold,pixel,4.0,0.42945683982559624,0.06528671809106024,0.07995603641105475
threshold,sub-pixel,4.0,0.30100069148511727,0.08883471038756019,0.12201540016797097
canny,pixel,4.0,0.5743755746533222,0.19580770848242302,0.28443978749514587
canny,sub-pixel,4.0,0.36738689170124517,0.10518790997079319,0.17763732065772997
threshold,pixel,4.0,0.42868200290436825,0.06550427761201216,0.10922036864259055
threshold,sub-pixel,4.0,0.30294973643246526,0.06872004458405578,0.1071206791344601
canny,pixel,4.0,0.5610100697082416,0.18067622617539836,0.1665467513243064
canny,sub-pixel,4.0,0.3764270561143426,0.0919992675104474,0.07595815082375501
threshold,pixel,4.0,0.42851646242002295,0.0712103264908428,0.08694099537035438
threshold,sub-pixel,4.0,0.3055964239824505,0.09678298586173029,0.11830833399380447
canny,pixel,4.0,0.6055623385341093,0.23305735641703074,0.3570041642101285
canny,sub-pixel,4.0,0.416170935690374,0.13057445103359822,0.1783167976706279
threshold,pixel,4.0,0.43449911051775925,0.05068673837457216,0.10837425074006823
threshold,sub-pixel,4.0,0.3107600883574564,0.07886110046646033,0.14196258331960232
canny,pixel,4.0,0.5654641739924616,0.20431755524570316,0.3499866609317397
canny,sub-pixel,4.0,0.37869491198951466,0.10309460431291229,0.19251338075870006
threshold,pixel,4.0,0.42283218181505544,0.051234789391612634,0.07261690484922001
threshold,sub-pixel,4.0,0.30601825117976894,0.07240300754172269,0.1159459894126944
canny,pixel,4.0,0.5915937436476384,0.2112937534614462,0.23308127571155746
canny,sub-pixel,4.0,0.4072147901523472,0.12262149564733837,0.1038785115881029
threshold,pixel,4.0,0.42416824202944914,0.07746921210691826,0.10650250240292314
threshold,sub-pixel,4.0,0.2959237052437311,0.09068621286225387,0.13847736629409524
canny,pixel,4.0,0.5575289984731219,0.1813481121039785,0.28979931591137764
canny,sub-pixel,4.0,0.3717779477738685,0.10291409029482668,0.20277798303084893
threshold,pixel,4.0,0.41262258647279626,0.06197771370469485,0.10022477191655588
threshold,sub-pixel,4.0,0.3051226055646247,0.08438474396044482,0.12708789037038937
canny,pixel,4.0,0.5684059575051733,0.23594704741751826,0.34493552065108424
canny,sub-pixel,4.0,0.3949149007674486,0.13194926584765265,0.1559007698527033
threshold,pixel,4.0,0.43975271700180085,0.048716435292305404,0.10160062781030854
threshold,sub-pixel,4.0,0.3061904798415085,0.07872201382098598,0.11654159964102462
canny,pixel,4.0,0.5487921498632087,0.2017944374437649,0.33862276651388656
canny,sub-pixel,4.0,0.36792403976677784,0.10586999860591395,0.17365219461852277
threshold,pixel,4.0,0.4238840381067427,0.05795876245170262,0.09452737630498875
threshold,sub-pixel,4.0,0.2941940228346227,0.08194975189257114,0.12861008196721957
canny,pixel,4.0,0.5761167116688481,0.16877128446365597,0.2264707256449796
canny,sub-pixel,4.0,0.39313730041196365,0.08045307312033345,0.11729456492503099
threshold,pixel,4.0,0.4243388138273136,0.06489131494092137,0.08493894575226713
threshold,sub-pixel,4.0,0.30439133548208397,0.08893693912898482,0.11667179634319158
canny,pixel,4.0,0.5722427619154075,0.223111646666455,0.32283342535163384
canny,sub-pixel,4.0,0.3883117028409014,0.11669684024603288,0.17403019261244324
threshold,pixel,0.3,0.41194331689652103,0.09296820261031091,0.0880329407435616
threshold,sub-pixel,0.3,0.2800483082440465,0.08954130149765882,0.09185967605604861
canny,pixel,0.3,0.4906533606172299,0.2187189027619051,0.21055432992900425
canny,sub-pixel,0.3,0.2800483082440465,0.08954130149765882,0.09185967605604861
threshold,pixel,0.3,0.4213262282070662,0.049401173888822814,0.04859775109112685
threshold,sub-pixel,0.3,0.2745462707205655,0.08135281699763142,0.0852697993949616
canny,pixel,0.3,0.48718316810963075,0.18374666420569818,0.19619770941638226
canny,sub-pixel,0.3,0.2745462707205655,0.08135281699763142,0.0852697993949616
threshold,pixel,0.3,0.42293834922305473,0.08830736055793953,0.10068036482839138
threshold,sub-pixel,0.3,0.2827262098979932,0.08793403951079815,0.10024170750444017
canny,pixel,0.3,0.4935155661099888,0.19137712184674782,0.228891172832149
canny,sub-pixel,0.3,0.2827262098979932,0.08793403951079815,0.10024170750444017
threshold,pixel,0.3,0.4105522316231325,0.0808254897740116,0.10256395873788571
threshold,sub-pixel,0.3,0.27433125855726126,0.07604547231095782,0.1133903584834457
canny,pixel,0.3,0.47860016666908645,0.17737987141179778,0.244743048328667
canny,sub-pixel,0.3,0.27433125855726126,0.07604547231095782,0.1133903584834457
threshold,pixel,0.3,0.4196306409781154,0.09744132229833868,0.13698815194649105
threshold,sub-pixel,0.3,0.2803791245171272,0.09468603303935841,0.11652966345635174
canny,pixel,0.3,0.4906516398117988,0.19838151070336907,0.20559263165773767
canny,sub-pixel,0.3,0.2803791245171272,0.09468603303935841,0.11652966345635174
threshold,pixel,0.3,0.4399599286975169,0.10808401294280534,0.10470228064129272
threshold,sub-pixel,0.3,0.28425200642147896,0.10189602003192688,0.12366602411675887
canny,pixel,0.3,0.499979976823092,0.19833606577051155,0.18719038837726698
canny,sub-pixel,0.3,0.28425200642147896,0.10189602003192688,0.12366602411675887
threshold,pixel,0.3,0.42424646611078676,0.10311688722274781,0.09904045607816614
threshold,sub-pixel,0.3,0.27468273298388424,0.09389808745140193,0.10646504517426347
canny,pixel,0.3,0.482236977402681,0.19741376349903283,0.20018545175228297
canny,sub-pixel,0.3,0.27468273298388424,0.09389808745140193,0.10646504517426347
threshold,pixel,0.3,0.4199699006881669,0.08299848167461654,0.08916685060551321
threshold,sub-pixel,0.3,0.28118829243500293,0.08664407801532836,0.09317375572888209
canny,pixel,0.3,0.4957323997401199,0.1978987203759267,0.21344399069096465
canny,sub-pixel,0.3,0.28118829243500293,0.08664407801532836,0.09317375572888209
threshold,pixel,0.3,0.41362235268935577,0.09581674453775135,0.08877702273123456
threshold,sub-pixel,0.3,0.2726900302654475,0.10019247224283645,0.10625089033236335
canny,pixel,0.3,0.49577454525716,0.19377572473710725,0.18942559139687587
canny,sub-pixel,0.3,0.2726900302654475,0.10019247224283645,0.10625089033236335
threshold,pixel,0.3,0.4110500431999422,0.08700876087829901,0.1083748781950431
threshold,sub-pixel,0.3,0.2776420436137801,0.09268589600942323,0.09989320912117727
canny,pixel,0.3,0.4895202592361666,0.20892404189362057,0.2156889015244814
canny,sub-pixel,0.3,0.2776420436137801,0.09268589600942323,0.09989320912117727
threshold,pixel,0.3,0.4159981290232411,0.08613029644520132,0.08764153025631183
threshold,sub-pixel,0.3,0.2727800419882709,0.08643349866757288,0.10634995223645793
canny,pixel,0.3,0.4879552772873173,0.1997672409087521,0.21559834572035608
canny,sub-pixel,0.3,0.2727800419882709,0.08643349866757288,0.10634995223645793
threshold,pixel,0.3,0.40966652654245717,0.08853354738333852,0.08470513460091889
threshold,sub-pixel,0.3,0.28398506961642794,0.10212543857980239,0.12154347765184825
canny,pixel,0.3,0.48294290308378485,0.2029604527523695,0.20204161027718914
canny,sub-pixel,0.3,0.28398506961642794,0.10212543857980239,0.12154347765184825
threshold,pixel,0.3,0.422375254562943,0.06817960442264825,0.0664009840966926
threshold,sub-pixel,0.3,0.28457122821676606,0.08347533391530004,0.08149239360740057
canny,pixel,0.3,0.4958508804756582,0.1916043742573108,0.21610116515948863
canny,sub-pixel,0.3,0.28457122821676606,0.08347533391530004,0.08149239360740057
threshold,pixel,0.3,0.4344971646078213,0.07619825389185808,0.050935702869157495
threshold,sub-pixel,0.3,0.2884170781637303,0.07949075576139986,0.08999522056267706
canny,pixel,0.3,0.49793637529658896,0.16198004139440936,0.15591616927781127
canny,sub-pixel,0.3,0.2884170781637303,0.07949075576139986,0.08999522056267706
threshold,pixel,0.3,0.43177738093108947,0.06457146956730242,0.08409792529506688
threshold,sub-pixel,0.3,0.2826532915390082,0.08071820462969448,0.1123884883578723
canny,pixel,0.3,0.49964155689953105,0.1901056064607045,0.22230606058962366
canny,sub-pixel,0.3,0.284740089497743,0.085080190287952,0.11959103413654715
threshold,pixel,1.0,0.4042325429261707,0.09703749841119635,0.1229612684240633
threshold,sub-pixel,1.0,0.2824220231677254,0.09580351742525384,0.1136435237757003
canny,pixel,1.0,0.48939704419985447,0.23321581219495136,0.23085159435339442
canny,sub-pixel,1.0,0.287251897305978,0.10296094580230974,0.12776535095997055
threshold,pixel,1.0,0.41205122287395074,0.056703526878916666,0.07813363757149383
threshold,sub-pixel,1.0,0.2823098439971866,0.07742204967455357,0.10799504003896443
canny,pixel,1.0,0.49130600595781443,0.17638024415651066,0.19659244845448964
canny,sub-pixel,1.0,0.2823098439971866,0.07742204967455357,0.10799504003896443
threshold,pixel,1.0,0.41831130187189824,0.07557242711058576,0.08430909335995951
threshold,sub-pixel,1.0,0.2917662953242328,0.09227976414320116,0.11147063871329776
canny,pixel,1.0,0.4885978021500268,0.18431487893283738,0.2180788390868671
canny,sub-pixel,1.0,0.2917662953242328,0.09227976414320116,0.11147063871329776
threshold,pixel,1.0,0.41263091807021446,0.06809655562247985,0.0766690599068438
threshold,sub-pixel,1.0,0.2864201957251169,0.09114048954953213,0.11515645664696206
canny,pixel,1.0,0.4849548331797814,0.17195024459731578,0.206774739765899
canny,sub-pixel,1.0,0.2864201957251169,0.09114048954953213,0.11515645664696206
threshold,pixel,1.0,0.4119928295134748,0.06325976382288523,0.03538669087420887
threshold,sub-pixel,1.0,0.27640853226674195,0.08546881320607802,0.061473694465797646
canny,pixel,1.0,0.48226206652571396,0.17610508177613649,0.19359123063397043
canny,sub-pixel,1.0,0.27640853226674195,0.08546881320607802,0.061473694465797646
threshold,pixel,1.0,0.41904410113847934,0.07783500109428576,0.09060538130913964
threshold,sub-pixel,1.0,0.2880533348142814,0.08848311861053093,0.10937049618845918
canny,pixel,1.0,0.48353353257501164,0.20483219643055628,0.24233867867305836
canny,sub-pixel,1.0,0.2880533348142814,0.08848311861053093,0.10937049618845918
threshold,pixel,1.0,0.4291435698427079,0.07118573921456273,0.1058968162669256
threshold,sub-pixel,1.0,0.2859268634065067,0.07808466919988477,0.11504142539520346
canny,pixel,1.0,0.4946150516956489,0.18112355786897416,0.19253502887163432
canny,sub-pixel,1.0,0.2859268634065067,0.07808466919988477,0.11504142539520346
threshold,pixel,1.0,0.420306752212381,0.07874183100681231,0.08652621505503366
threshold,sub-pixel,1.0,0.2770969953191027,0.09253309203586857,0.09327706503264266
canny,pixel,1.0,0.4785941145908885,0.20900507494424025,0.20976956523525603
canny,sub-pixel,1.0,0.2770969953191027,0.09253309203586857,0.09327706503264266
threshold,pixel,1.0,0.4318629110152149,0.09123200517419894,0.09327178894281696
threshold,sub-pixel,1.0,0.28083717614541737,0.09811874880576776,0.11674555087622762
canny,pixel,1.0,0.5011847265191776,0.20372903709970303,0.21642225712966812
canny,sub-pixel,1.0,0.28083717614541737,0.09811874880576776,0.11674555087622762
threshold,pixel,1.0,0.4234736369708262,0.07633263709278204,0.0540028656598841
threshold,sub-pixel,1.0,0.2870445116763571,0.07867911759783086,0.07473311295152696
canny,pixel,1.0,0.4953350757698602,0.19467219028729832,0.1816585130735211
canny,sub-pixel,1.0,0.2870445116763571,0.07867911759783086,0.07473311295152696
threshold,pixel,1.0,0.42238498400353036,0.06182256419636967,0.0562825624999177
threshold,sub-pixel,1.0,0.2836198628768891,0.07480549014622251,0.07787280043669687
canny,pixel,1.0,0.48933414778541445,0.1806361182423808,0.22146546516791465
canny,sub-pixel,1.0,0.2836198628768891,0.07480549014622251,0.07787280043669687
threshold,pixel,1.0,0.4217892012425537,0.07754632548789553,0.06741845937975421
threshold,sub-pixel,1.0,0.2743191871059272,0.084544691999619,0.06969526845439833
canny,pixel,1.0,0.48920430603519127,0.1904855205400907,0.18893965986631622
canny,sub-pixel,1.0,0.2743191871059272,0.084544691999619,0.06969526845439833
threshold,pixel,1.0,0.39565474362869446,0.06533040395326084,0.02967362117019423
threshold,sub-pixel,1.0,0.26557531385063227,0.07533994902875263,0.06423153926996261
canny,pixel,1.0,0.48327194113388205,0.18533670576077232,0.15326653206086926
canny,sub-pixel,1.0,0.26557531385063227,0.07533994902875263,0.06423153926996261
threshold,pixel,1.0,0.4141279476957046,0.06630007861096632,0.09824482045700411
threshold,sub-pixel,1.0,0.27272998487220546,0.07414415559415133,0.08526756265088364
canny,pixel,1.0,0.4720853175864809,0.1631411171603483,0.17618786977818757
canny,sub-pixel,1.0,0.27272998487220546,0.07414415559415133,0.08526756265088364
threshold,pixel,1.0,0.44039858323878067,0.09039759359617672,0.06395693463728569
threshold,sub-pixel,1.0,0.28672213130588153,0.08913262075580652,0.08023950807128699
canny,pixel,1.0,0.5240651180107792,0.20653118375956758,0.20468766331775634
canny,sub-pixel,1.0,0.288818250284253,0.09064244352494866,0.08071545968735405
threshold,pixel,2.0,0.42670016726854715,0.07802747099061913,0.0680150170970597
threshold,sub-pixel,2.0,0.2894125607593648,0.08489134797768394,0.09157585351296404
canny,pixel,2.0,0.48854058600845146,0.19301528194605289,0.1637955095622119
canny,sub-pixel,2.0,0.2894125607593648,0.08489134797768394,0.09157585351296404
threshold,pixel,2.0,0.41558322283393867,0.06855967601618684,0.06527063678443801
threshold,sub-pixel,2.0,0.2866614689424216,0.08196013032643623,0.09847668003257803
canny,pixel,2.0,0.4902072707596047,0.1900070630107581,0.21360623966856673
canny,sub-pixel,2.0,0.2887638715963524,0.08361012566831394,0.09688036213611895
threshold,pixel,2.0,0.41571873786988905,0.06388315701620795,0.043298994625755816
threshold,sub-pixel,2.0,0.29116197596306,0.08463804512174455,0.09032674367045601
canny,pixel,2.0,0.4953025112025628,0.17933288606970432,0.1325485101218935
canny,sub-pixel,2.0,0.29554130072658147,0.08636976133447849,0.09384164123796745
threshold,pixel,2.0,0.41357742254221297,0.1068243155005204,0.09674001363806162
threshold,sub-pixel,2.0,0.27977819166492834,0.09793349260244744,0.14110917216174412
canny,pixel,2.0,0.4803225397802344,0.20939637593535743,0.21542395007993465
canny,sub-pixel,2.0,0.27977819166492834,0.09793349260244744,0.14110917216174412
threshold,pixel,2.0,0.42111184589524875,0.06134293042807737,0.07553297842286222
threshold,sub-pixel,2.0,0.28076923321994773,0.0725799439989423,0.0975641125904756
canny,pixel,2.0,0.48155165294134794,0.19362570180229755,0.18995308354526563
canny,sub-pixel,2.0,0.2831208071026463,0.07581273475912709,0.09929894151237284
threshold,pixel,2.0,0.4222662637733958,0.09320855471225065,0.09772692912478909
threshold,sub-pixel,2.0,0.2817822755812607,0.08954524252657015,0.09260979344448472
canny,pixel,2.0,0.48365556324521486,0.19548164811217073,0.17692306338407526
canny,sub-pixel,2.0,0.2841490467680387,0.09153031051347371,0.09793123300413442
threshold,pixel,2.0,0.41239435684231307,0.07463866691004628,0.052198753017505206
threshold,sub-pixel,2.0,0.2784221955961822,0.08543647083111561,0.06326447715904648
canny,pixel,2.0,0.48645230839247433,0.17277417429240804,0.16393756671829407
canny,sub-pixel,2.0,0.2784221955961822,0.08543647083111561,0.06326447715904648
threshold,pixel,2.0,0.4278793517194868,0.08918908782826207,0.07662138859738676
threshold,sub-pixel,2.0,0.2864979190165342,0.08749710235414454,0.08475108068579784
canny,pixel,2.0,0.4983608702590326,0.17641137581574473,0.2139830636711033
canny,sub-pixel,2.0,0.28813613768564916,0.08922967945133164,0.08851981288478439
threshold,pixel,2.0,0.42167549096889007,0.09022803259953027,0.09112145739616473
threshold,sub-pixel,2.0,0.2842329702457581,0.09218058515825966,0.11372047734052448
canny,pixel,2.0,0.5246014868817082,0.2333932444051784,0.22917114827709129
canny,sub-pixel,2.0,0.30623990267372236,0.1087257460267701,0.0929425113778033
threshold,pixel,2.0,0.4192416862436008,0.09242207182457018,0.07787119620592664
threshold,sub-pixel,2.0,0.28813957627782133,0.09656893806996769,0.09260748461829271
canny,pixel,2.0,0.4974180726198525,0.18206135224481712,0.2076247303189105
canny,sub-pixel,2.0,0.2960407580286387,0.0971591211309557,0.10580137888582719
threshold,pixel,2.0,0.40499771096201226,0.049608811782770545,0.03500630275078809
threshold,sub-pixel,2.0,0.28718751031327305,0.08177518556710295,0.07799511272744009
canny,pixel,2.0,0.5117036671965702,0.1792139154050808,0.10453665387278788
canny,sub-pixel,2.0,0.31622440896953063,0.09288980566726635,0.04392095782147809
threshold,pixel,2.0,0.4254647789112539,0.04719416356176254,0.035670947168822575
threshold,sub-pixel,2.0,0.2891363926208865,0.07370434131688575,0.08444395915901359
canny,pixel,2.0,0.5057745034918503,0.18180476423551606,0.16083972031731752
canny,sub-pixel,2.0,0.2973105704989044,0.07730400647634716,0.08062281498534118
threshold,pixel,2.0,0.4032211461825195,0.06571760598679188,0.03418395534736551
threshold,sub-pixel,2.0,0.27622474073542114,0.07681912174608063,0.08458907502802604
canny,pixel,2.0,0.48276436390857297,0.16475220407629276,0.11714001818698394
canny,sub-pixel,2.0,0.27622474073542114,0.07681912174608063,0.08458907502802604
threshold,pixel,2.0,0.39865763506508306,0.046742852285831304,0.023021094149549226
threshold,sub-pixel,2.0,0.27820279886794275,0.06178210486814262,0.07781132634185761
canny,pixel,2.0,0.486764321860172,0.17257021989827004,0.18946755505989032
canny,sub-pixel,2.0,0.28397654600591804,0.06547928661120683,0.08055903392854358
threshold,pixel,2.0,0.4146615184225354,0.07766763085295691,0.05103850256772979
threshold,sub-pixel,2.0,0.27289513098103185,0.07264630150090012,0.09135867266216335
canny,pixel,2.0,0.5006622720572061,0.18367171397786752,0.2386221333946532
canny,sub-pixel,2.0,0.28393554907588564,0.07988908662854888,0.10518770252931975
threshold,pixel,4.0,0.41663764185295626,0.04594785140685853,0.03128014567049475
threshold,sub-pixel,4.0,0.2947559627722671,0.07755402539206413,0.07598067365502348
canny,pixel,4.0,0.5856921582656303,0.19792497403059817,0.02087856179806047
canny,sub-pixel,4.0,0.39682564701428336,0.10355354319639909,0.051428785271813826
threshold,pixel,4.0,0.4174294428226976,0.048699342259079126,0.03242636231875773
threshold,sub-pixel,4.0,0.29622969119708487,0.06961231069128515,0.07322075881263923
canny,pixel,4.0,0.5916981837186643,0.18282977191455518,0.19063610906237982
canny,sub-pixel,4.0,0.3989776582751977,0.08962379529675069,0.08302499242894323
threshold,pixel,4.0,0.4269906052781123,0.07139094222107512,0.081527033265123
threshold,sub-pixel,4.0,0.30752439896999595,0.07984631395833508,0.11275087307686893
canny,pixel,4.0,0.5321502348813819,0.1977806414383576,0.1695977350795903
canny,sub-pixel,4.0,0.3545046734553616,0.09997451176025818,0.09487622715295041
threshold,pixel,4.0,0.40901601023662615,0.06122851284746367,0.0900072699117258
threshold,sub-pixel,4.0,0.28272853299232314,0.06753810526735671,0.07769781402049825
canny,pixel,4.0,0.5572031885864207,0.228074744697908,0.21621076532112804
canny,sub-pixel,4.0,0.34923877788066693,0.10848834633429638,0.0900526073758443
threshold,pixel,4.0,0.4240120549413701,0.076350016510363,0.09539192809013741
threshold,sub-pixel,4.0,0.30415648262241934,0.08739599088878824,0.11298218485523726
canny,pixel,4.0,0.58588711612519,0.19414695094170098,0.1151254005150637
canny,sub-pixel,4.0,0.40133716608066017,0.08700775453871334,0.013126505143554734
threshold,pixel,4.0,0.42442450946823773,0.07778127010969704,0.08545628349861589
threshold,sub-pixel,4.0,0.2943352002196479,0.09011675422240795,0.09487957896422272
canny,pixel,4.0,0.5904853805715592,0.21468444411516385,0.11263703038838724
canny,sub-pixel,4.0,0.40049303517276763,0.11709774874299506,0.0005627333919022703
threshold,pixel,4.0,0.4252556719496724,0.06401391922259592,0.06093195954120145
threshold,sub-pixel,4.0,0.3059630152831556,0.08172728287562359,0.07874218378570452
canny,pixel,4.0,0.504085550599676,0.19898752718864454,0.23253384033890456
canny,sub-pixel,4.0,0.3317693170509447,0.09448928898765785,0.10057941346887245
threshold,pixel,4.0,0.4176595779333774,0.04470560007763935,0.019730427315073795
threshold,sub-pixel,4.0,0.2945990936154278,0.06549753027507554,0.062516396931523
canny,pixel,4.0,0.5298697792732141,0.1749612487122193,0.09829846279929555
canny,sub-pixel,4.0,0.34193367331400565,0.07287112432090159,0.004912415389311864
threshold,pixel,4.0,0.44045216990279623,0.06538199167685155,0.0005674619180535689
threshold,sub-pixel,4.0,0.30831683648461033,0.07708932430296689,0.06128603810785638
canny,pixel,4.0,0.5021408538092416,0.13154269265143703,0.05810975723764544
canny,sub-pixel,4.0,0.32995288867695516,0.05855684793662219,0.010051322456177125
threshold,pixel,4.0,0.42474514943103603,0.06298115430969686,0.03108790385677085
threshold,sub-pixel,4.0,0.30260618230543046,0.09303921718311403,0.10056899214637927
canny,pixel,4.0,0.5351753946588005,0.21826185630314776,0.1819668778084691
canny,sub-pixel,4.0,0.3526946166216528,0.11651807601273068,0.09998769222049386
threshold,pixel,4.0,0.438178554546124,0.0940324099787313,0.08723704913526609
threshold,sub-pixel,4.0,0.30139277424629224,0.09322689981006194,0.114154581444468
canny,pixel,4.0,0.556224503774829,0.22505620485488398,0.2662627210034152
canny,sub-pixel,4.0,0.36778704915332433,0.12476267227935511,0.16946610765435666
threshold,pixel,4.0,0.41426522769717844,0.041806635871140974,0.04305837688220571
threshold,sub-pixel,4.0,0.2958172966048165,0.07863277816469094,0.07575594586823886
canny,pixel,4.0,0.5528925006927258,0.19096938016132092,0.04984224644434332
canny,sub-pixel,4.0,0.3709655298682979,0.08257224055738799,0.052435005598744144
threshold,pixel,4.0,0.4226776034670219,0.0562470426080407,0.023027599891964234
threshold,sub-pixel,4.0,0.30036437571950936,0.07212011341237823,0.056511481116453766
canny,pixel,4.0,0.5313736956426731,0.19526777354314873,0.1989651348064978
canny,sub-pixel,4.0,0.3474160303142281,0.10239291728509281,0.09048160931275695
threshold,pixel,4.0,0.421807600427414,0.062333447011368004,0.01997418563073672
threshold,sub-pixel,4.0,0.3009285775738628,0.07171573079802385,0.06496608448526242
canny,pixel,4.0,0.5804442254723311,0.16278340368075161,0.10091496904437047
canny,sub-pixel,4.0,0.38585959104803214,0.06004310856664541,0.011742126816594922
threshold,pixel,4.0,0.4364378938074027,0.06616813718549197,0.07186104495183088
threshold,sub-pixel,4.0,0.3070694886700034,0.09286355719030792,0.10051183308980138
canny,pixel,4.0,0.5710109672441576,0.18604940173201456,0.07905246429117474
canny,sub-pixel,4.0,0.3812172594496783,0.11350506848376984,0.011081399761924349
threshold,pixel,0.3,0.41384222482935906,0.06520144633605707,0.012965773306783168
threshold,sub-pixel,0.3,0.26590486150633963,0.0908700144812854,0.07373804357929914
canny,pixel,0.3,0.4773428839662004,0.18250230195882222,0.09485561184038671
canny,sub-pixel,0.3,0.2694680824231094,0.09687413212073281,0.07431588352801688
threshold,pixel,0.3,0.42006723973318727,0.08153052427980023,0.011740115075892232
threshold,sub-pixel,0.3,0.28245686813286597,0.08779493597075383,0.055251965597401975
canny,pixel,0.3,0.4863724612038909,0.20059386497804788,0.10037865154085579
canny,sub-pixel,0.3,0.28245686813286597,0.08779493597075383,0.055251965597401975
threshold,pixel,0.3,0.418138205399509,0.07721496255329219,0.01321040733562917
threshold,sub-pixel,0.3,0.27586440978425675,0.093199649696597,0.06220310123342632
canny,pixel,0.3,0.4847728443867174,0.18566437142520376,0.09186085183555237
canny,sub-pixel,0.3,0.27752540959420796,0.09481538711604831,0.06101252720954298
threshold,pixel,0.3,0.4162814341985832,0.06802193259606615,0.00413637909243092
threshold,sub-pixel,0.3,0.27466082078495757,0.07130955652775173,0.0359223549257619
canny,pixel,0.3,0.48072448589091993,0.17419200065411333,0.07797356115401932
canny,sub-pixel,0.3,0.27466082078495757,0.07130955652775173,0.0359223549257619
threshold,pixel,0.3,0.4037649285137145,0.07819045921879186,0.008203415914644685
threshold,sub-pixel,0.3,0.2692798481819861,0.0789727977950877,0.03658822626723479
canny,pixel,0.3,0.4933463559822026,0.18766959201093303,0.12736015191668693
canny,sub-pixel,0.3,0.2692798481819861,0.0789727977950877,0.03658822626723479
threshold,pixel,0.3,0.40551367406950345,0.06487045533344504,0.05217371239198898
threshold,sub-pixel,0.3,0.27105179148742103,0.0709421296749092,0.06459105121009001
canny,pixel,0.3,0.4692159411610052,0.19741865932211478,0.17512252683350216
canny,sub-pixel,0.3,0.27292876579126724,0.07388542098599415,0.06679605247941511
threshold,pixel,0.3,0.4158670864380888,0.08495116241393985,0.01845116564271132
threshold,sub-pixel,0.3,0.27556702553454165,0.09574659368804228,0.06664804479209563
canny,pixel,0.3,0.49132590011435073,0.21435744863306228,0.12151685122180278
canny,sub-pixel,0.3,0.27556702553454165,0.09574659368804228,0.06664804479209563
threshold,pixel,0.3,0.43169746111373686,0.1200329507991621,0.05564570608963737
threshold,sub-pixel,0.3,0.2861659954947192,0.1075700997984308,0.05876757176704639
canny,pixel,0.3,0.5014411554735874,0.22601755062352924,0.13435499518377658
canny,sub-pixel,0.3,0.2861659954947192,0.1075700997984308,0.05876757176704639
threshold,pixel,0.3,0.41673715384323823,0.06272755303500432,0.0037465928937587822
threshold,sub-pixel,0.3,0.28507094037601344,0.06933742918919394,0.025802462316452335
canny,pixel,0.3,0.49686742351963054,0.1741858530300564,0.08953137554553936
canny,sub-pixel,0.3,0.28507094037601344,0.06933742918919394,0.025802462316452335
threshold,pixel,0.3,0.42776338624443033,0.07477052177805443,0.01792034470630166
threshold,sub-pixel,0.3,0.28096445304612744,0.07282654528094101,0.033842711385730695
canny,pixel,0.3,0.4803596489602633,0.17014685121163342,0.04984346787783833
canny,sub-pixel,0.3,0.28096445304612744,0.07282654528094101,0.033842711385730695
threshold,pixel,0.3,0.42766581791581115,0.09817406300634768,0.04646956101018085
threshold,sub-pixel,0.3,0.2755447177007995,0.09795314568873992,0.06635027963764539
canny,pixel,0.3,0.5106092642646409,0.2092863155430934,0.10606100083224868
canny,sub-pixel,0.3,0.27983281473222266,0.10422501546042395,0.06377866584654424
threshold,pixel,0.3,0.4057863322441642,0.07814409866794159,0.042238169713262996
threshold,sub-pixel,0.3,0.284163572304459,0.08299987863981562,0.034403317856375404
canny,pixel,0.3,0.49213869785581416,0.19100313386624013,0.058252054376282114
canny,sub-pixel,0.3,0.284163572304459,0.08299987863981562,0.034403317856375404
threshold,pixel,0.3,0.4282421538501992,0.08478346599297171,0.002504947618354958
threshold,sub-pixel,0.3,0.28042713671592334,0.08476028107807265,0.05796230261077451
canny,pixel,0.3,0.4851833023606117,0.1899047685429306,0.10042634920035365
canny,sub-pixel,0.3,0.28042713671592334,0.08476028107807265,0.05796230261077451
threshold,pixel,0.3,0.42566314962748975,0.10124930853756275,0.028919151897478956
threshold,sub-pixel,0.3,0.2758375276603259,0.08824739923385927,0.057472097857904636
canny,pixel,0.3,0.4891504504175467,0.20162982047173883,0.08119301388383549
canny,sub-pixel,0.3,0.2779483398295882,0.08965299422218342,0.05845770415274609
threshold,pixel,0.3,0.43570246005355834,0.08871854864768824,0.023825977231697992
threshold,sub-pixel,0.3,0.29234484001880867,0.10689743750109126,0.03389664333607789
canny,pixel,0.3,0.5012798429195398,0.1819885778216348,0.07013041315251467
canny,sub-pixel,0.3,0.29234484001880867,0.10689743750109126,0.03389664333607789
threshold,pixel,1.0,0.4207861051710535,0.08218008053421433,0.03692688432837121
threshold,sub-pixel,1.0,0.2838909339986969,0.09646036561464466,0.07768065053802786
canny,pixel,1.0,0.5020986274374932,0.19420995471029712,0.08949374261668641
canny,sub-pixel,1.0,0.2838909339986969,0.09646036561464466,0.07768065053802786
threshold,pixel,1.0,0.42052797518927343,0.07720657380370777,0.034485726850914666
threshold,sub-pixel,1.0,0.2893854197274667,0.09930981045429133,0.07691101168482906
canny,pixel,1.0,0.4825893933185847,0.2012566253088427,0.10842680309107977
canny,sub-pixel,1.0,0.2893854197274667,0.09930981045429133,0.07691101168482906
threshold,pixel,1.0,0.41576753127534477,0.07288301219578552,0.02290883337966121
threshold,sub-pixel,1.0,0.28442337558364483,0.077157679632187,0.05980230423572519
canny,pixel,1.0,0.5027975704636196,0.19435592245183952,0.1357934278075894
canny,sub-pixel,1.0,0.2868326819961604,0.0792244852855013,0.05567832081593238
threshold,pixel,1.0,0.4065531142909732,0.06783476100132324,0.06305891267402597
threshold,sub-pixel,1.0,0.27118452655859415,0.08854703466540226,0.0806679666150012
canny,pixel,1.0,0.49246135213561915,0.18974086529455902,0.15107937947051253
canny,sub-pixel,1.0,0.27118452655859415,0.08854703466540226,0.0806679666150012
threshold,pixel,1.0,0.42342246217026824,0.09788321398446087,0.007899218741212577
threshold,sub-pixel,1.0,0.28313649142214253,0.11165031958329674,0.05957818339805421
canny,pixel,1.0,0.4935387638308993,0.2305826552988114,0.11369138117868971
canny,sub-pixel,1.0,0.28313649142214253,0.11165031958329674,0.05957818339805421
threshold,pixel,1.0,0.4124398174822778,0.0800541192742783,0.009153727972990078
threshold,sub-pixel,1.0,0.27765289996369596,0.0923402877733367,0.043505963116693636
canny,pixel,1.0,0.4852612568676236,0.2019592472976941,0.07507596188683463
canny,sub-pixel,1.0,0.27765289996369596,0.0923402877733367,0.043505963116693636
threshold,pixel,1.0,0.4261086818985296,0.09250594232680898,0.007944503351942078
threshold,sub-pixel,1.0,0.2847394271511099,0.09049800783557327,0.038343033807093585
canny,pixel,1.0,0.4882137991326698,0.19799544051814233,0.07873298259014239
canny,sub-pixel,1.0,0.28682559534004837,0.09217691273019901,0.03451710976543798
threshold,pixel,1.0,0.4241017934990854,0.07806313439349155,0.03429237571761834
threshold,sub-pixel,1.0,0.2843881450402398,0.09936305883559837,0.08349379453133632
canny,pixel,1.0,0.5062057441669299,0.22705316867158332,0.16453957498098992
canny,sub-pixel,1.0,0.28640297862252706,0.10230774324025427,0.08270370186890585
threshold,pixel,1.0,0.4258081335127204,0.07881060921594907,0.01563500943882401
threshold,sub-pixel,1.0,0.27940880410383734,0.08636246241734047,0.058320720456641606
canny,pixel,1.0,0.49272456766693146,0.18118401230516346,0.10795697835039553
canny,sub-pixel,1.0,0.28118354736900053,0.08813722485681508,0.05748843394443015
threshold,pixel,1.0,0.4094564758144851,0.08061202628991138,0.02919683529706618
threshold,sub-pixel,1.0,0.2774854546894234,0.08177049502025424,0.06036732025496305
canny,pixel,1.0,0.4784038377456107,0.20525723233590243,0.13170128407888626
canny,sub-pixel,1.0,0.2796968360713188,0.0854968197491982,0.06616174715607537
threshold,pixel,1.0,0.4181963131825107,0.09008065785712205,0.0012777715110174892
threshold,sub-pixel,1.0,0.27490151013643727,0.0890029296779945,0.03621803104481991
canny,pixel,1.0,0.49657727770927496,0.20297504066260752,0.07836184594471018
canny,sub-pixel,1.0,0.27490151013643727,0.0890029296779945,0.03621803104481991
threshold,pixel,1.0,0.4030066753001498,0.06904837295568345,0.0003271087054430577
threshold,sub-pixel,1.0,0.2763470684468402,0.0817592702529345,0.04652552953955991
canny,pixel,1.0,0.4796228917111317,0.174855273509129,0.12141608510165058
canny,sub-pixel,1.0,0.2763470684468402,0.0817592702529345,0.04652552953955991
threshold,pixel,1.0,0.4269095501715352,0.07005718845655107,0.00812201994429973
threshold,sub-pixel,1.0,0.28053388360615233,0.07666722242493662,0.09244618636628688
canny,pixel,1.0,0.49116742926668633,0.19432586120509332,0.13460026900996036
canny,sub-pixel,1.0,0.28053388360615233,0.07666722242493662,0.09244618636628688
threshold,pixel,1.0,0.42300204193577107,0.08837513350517257,0.04559877371320775
threshold,sub-pixel,1.0,0.2820528650763332,0.09865408800238218,0.0818211123262702
canny,pixel,1.0,0.4914451192878052,0.20238022840720582,0.14596500344858865
canny,sub-pixel,1.0,0.2820528650763332,0.09865408800238218,0.0818211123262702
threshold,pixel,1.0,0.41704298546012547,0.0958116096795143,0.0013691903619390544
threshold,sub-pixel,1.0,0.27429873735667837,0.08128602475229263,0.0419919875344692
canny,pixel,1.0,0.4766726316486245,0.18196983128798128,0.08166716215480663
canny,sub-pixel,1.0,0.27599465397653467,0.08362739298856314,0.04803358601007646
threshold,pixel,2.0,0.4274933032289989,0.06034879065091714,0.01546920392541451
threshold,sub-pixel,2.0,0.2947102121172025,0.08687498538035188,0.05907376019575428
canny,pixel,2.0,0.5584097282915985,0.23395865452360498,0.04935562561784623
canny,sub-pixel,2.0,0.3396452215828265,0.12647426687059726,0.014018310954017954
threshold,pixel,2.0,0.4332968694415425,0.06225483599543569,0.03577982793925938
threshold,sub-pixel,2.0,0.29146550560985285,0.08113663878335065,0.04251674515929005
canny,pixel,2.0,0.5189107664141936,0.16726797113899872,0.017351935142262187
canny,sub-pixel,2.0,0.3107625385400729,0.09037961944748252,0.016444562522555328
threshold,pixel,2.0,0.4199040722096693,0.06924045164259351,0.007914170094482254
threshold,sub-pixel,2.0,0.2846070343444571,0.08090995067350737,0.05767872690093245
canny,pixel,2.0,0.4893805604091624,0.20295121937065763,0.08342407462135415
canny,sub-pixel,2.0,0.2892664687857287,0.084281145719595,0.06554855411852656
threshold,pixel,2.0,0.4365073510203865,0.09849292551461575,0.01176200373802061
threshold,sub-pixel,2.0,0.29607155273034547,0.09151953364601995,0.06866832352668584
canny,pixel,2.0,0.5046230646171619,0.20349843050708238,0.1568763846066612
canny,sub-pixel,2.0,0.2990530112511737,0.09260518094512682,0.07088070542653191
threshold,pixel,2.0,0.41278839566403863,0.06366396446961031,0.005008172389694421
threshold,sub-pixel,2.0,0.278035150726043,0.09458694019225344,0.0547174129021204
canny,pixel,2.0,0.49901700565624285,0.213655732400719,0.11983523626814963
canny,sub-pixel,2.0,0.2816433059152691,0.09422545625502965,0.0552535832397163
threshold,pixel,2.0,0.421613231554501,0.03919416330073866,0.024149154725655153
threshold,sub-pixel,2.0,0.29400269449879435,0.0718066706231153,0.07847446625236065
canny,pixel,2.0,0.5072004981439626,0.1431512752733699,0.06855528637144404
canny,sub-pixel,2.0,0.30274001480001805,0.07140499030313985,0.06784239982540585
threshold,pixel,2.0,0.4277869664486461,0.06922944779884033,0.012555614828803074
threshold,sub-pixel,2.0,0.2861733409580789,0.09245134472974903,0.08113096790557983
canny,pixel,2.0,0.5177860442671525,0.16523556979160237,0.14458016063331725
canny,sub-pixel,2.0,0.30290277442099167,0.09339934024180852,0.08697027035762694
threshold,pixel,2.0,0.4216710275119545,0.06239345237915084,0.01298673314043075
threshold,sub-pixel,2.0,0.2889956634077645,0.07714794702500816,0.03911131452590344
canny,pixel,2.0,0.4914005213447282,0.1745213541981372,0.10705010264263315
canny,sub-pixel,2.0,0.2889956634077645,0.07714794702500816,0.03911131452590344
threshold,pixel,2.0,0.4157877179122581,0.05805159806546201,0.00593969554487761
threshold,sub-pixel,2.0,0.2806237770352712,0.06645644043828136,0.055660360844805856
canny,pixel,2.0,0.4809451541284069,0.18076272070450794,0.11289615268224207
canny,sub-pixel,2.0,0.28934778924193644,0.07252064877830733,0.056390764821398154
threshold,pixel,2.0,0.4241302133025561,0.09165095353506092,0.003492983734721289
threshold,sub-pixel,2.0,0.29233681496943387,0.09776201704231202,0.03946163256132729
canny,pixel,2.0,0.5259939022569193,0.2250962808763155,0.05155231083660694
canny,sub-pixel,2.0,0.32584777793067776,0.11210042044387836,0.004163344838610916
threshold,pixel,2.0,0.42015305717262746,0.08691204293359744,0.024840564529447606
threshold,sub-pixel,2.0,0.2863792937655795,0.10215167276222847,0.05980523298152618
canny,pixel,2.0,0.49408123928384406,0.21797120581636376,0.12545101335331088
canny,sub-pixel,2.0,0.2892946192947928,0.1039059952241298,0.05595354642946693
threshold,pixel,2.0,0.4230746018637137,0.08417604627536857,0.032071128429745244
threshold,sub-pixel,2.0,0.293894444722669,0.08091153433598097,0.050372049964978016
canny,pixel,2.0,0.4989322976981547,0.19284335702585387,0.12460406850762906
canny,sub-pixel,2.0,0.293894444722669,0.08091153433598097,0.050372049964978016
threshold,pixel,2.0,0.4422330829936193,0.08526369528200273,0.022559210925613637
threshold,sub-pixel,2.0,0.295273289328558,0.11803603868523871,0.061757989018856874
canny,pixel,2.0,0.5227998105728833,0.21642107495978868,0.1167073453556835
canny,sub-pixel,2.0,0.3044414645049893,0.12024658524575293,0.054092945205589826
threshold,pixel,2.0,0.4216758890709753,0.06502274693310917,0.04971949622972316
threshold,sub-pixel,2.0,0.2914164114077032,0.08981719569577096,0.03548970228755888
canny,pixel,2.0,0.4986526978765255,0.18592763873564844,0.0011007261694271353
canny,sub-pixel,2.0,0.30077718527146535,0.09730451944255814,0.0015313183772909245
threshold,pixel,2.0,0.43224432267009805,0.06566239525659967,0.0056940864340313535
threshold,sub-pixel,2.0,0.29651220963897396,0.09390315555896656,0.07086451006833028
canny,pixel,2.0,0.5196708792303115,0.1795964938789807,0.0818741334815749
canny,sub-pixel,2.0,0.3064109515082957,0.10109390990962575,0.037748182350559434
threshold,pixel,4.0,0.4247472200050645,0.06641000092587612,0.02087434510517916
threshold,sub-pixel,4.0,0.3029633649183029,0.07694067607830812,0.017665219518358644
canny,pixel,4.0,0.6247748027020895,0.22261078037449145,0.06397481612308908
canny,sub-pixel,4.0,0.4344431173895154,0.11954714596900184,0.12368322185788938
threshold,pixel,4.0,0.44352291831734086,0.08603487963103784,0.04001192012078625
threshold,sub-pixel,4.0,0.3070875399177323,0.08661679645655151,0.048368540531446236
canny,pixel,4.0,0.6071435979627341,0.22991253890400098,0.02759132829289479
canny,sub-pixel,4.0,0.4195514833544609,0.13379473020880783,0.0766293656232393
threshold,pixel,4.0,0.414387782621478,0.06251024824299822,0.023469095844767418
threshold,sub-pixel,4.0,0.292125435091362,0.06828116570052023,0.046261983688715036
canny,pixel,4.0,0.5294787595954173,0.14357787638529762,0.07615704033013015
canny,sub-pixel,4.0,0.3459637769497854,0.07561337570517568,0.06318016876613641
threshold,pixel,4.0,0.4233437369644989,0.04613266520351822,0.021236581165845925
threshold,sub-pixel,4.0,0.31151777071231324,0.07000165565017047,0.046712194097324966
canny,pixel,4.0,0.5340235547621976,0.18372448485283832,0.0780290605685876
canny,sub-pixel,4.0,0.35500584674681757,0.08374250703297625,0.0670386499711968
threshold,pixel,4.0,0.4330297507689533,0.06503474020371325,0.008368209648440317
threshold,sub-pixel,4.0,0.2991813590185042,0.08895353674120376,0.04945664098616942
canny,pixel,4.0,0.5956776562598163,0.20220589060573213,0.0044890702873645605
canny,sub-pixel,4.0,0.3978865653879291,0.11425847430437486,0.03273672717674003
threshold,pixel,4.0,0.43277636389412655,0.061659360313557676,0.06503022752449272
threshold,sub-pixel,4.0,0.30896718464202877,0.09877764476994377,0.007153152023272158
canny,pixel,4.0,0.5919603421689439,0.23614088738473626,0.019720733867034212
canny,sub-pixel,4.0,0.399558851616839,0.13662432746656206,0.08585130840822508
threshold,pixel,4.0,0.42749332098652165,0.07348994125761499,0.002087197191167789
threshold,sub-pixel,4.0,0.3078625163987072,0.09012537901318562,0.05878271706476901
canny,pixel,4.0,0.554503570142789,0.2379715170833967,0.038933268412553845
canny,sub-pixel,4.0,0.3672769403546695,0.12312403920323078,0.028322151677456997
threshold,pixel,4.0,0.4174064633628504,0.07353528375589224,0.009188204802568656
threshold,sub-pixel,4.0,0.29418926800546946,0.09037571414288081,0.03139273155010103
canny,pixel,4.0,0.6225397328141478,0.26035613624613196,0.10968678066844628
canny,sub-pixel,4.0,0.43597526397826514,0.17033208622356677,0.15005645734394357
threshold,pixel,4.0,0.41347606198799153,0.0880789681120453,0.018609600189365194
threshold,sub-pixel,4.0,0.29614836023886043,0.08850998369493157,0.02702290051565326
canny,pixel,4.0,0.6213332544169134,0.2439063346021686,0.029356133350712188
canny,sub-pixel,4.0,0.4268147313406633,0.13311541245853042,0.07454827696952027
threshold,pixel,4.0,0.42956513306516697,0.08814750768505564,0.00304675565935697
threshold,sub-pixel,4.0,0.30528274168319575,0.09373173605150309,0.027267954247829573
canny,pixel,4.0,0.5615026118761874,0.25559354789474575,0.06380253219769116
canny,sub-pixel,4.0,0.38270323563488495,0.1513399130163262,0.01027074798688532
threshold,pixel,4.0,0.4344348647022892,0.05489568775827769,0.035858989269456076
threshold,sub-pixel,4.0,0.303839006785971,0.0878709093665746,0.015814391422663165
canny,pixel,4.0,0.5437898318837173,0.19013448960523416,0.03938386038218966
canny,sub-pixel,4.0,0.35560320416155977,0.10404758750077647,0.07593199806394635
threshold,pixel,4.0,0.43564606706715864,0.08944985834135799,0.014118386773284364
threshold,sub-pixel,4.0,0.30514843298275185,0.09701293011559897,0.07553950501158146
canny,pixel,4.0,0.6057502827549578,0.24884009192705225,0.15591007408094693
canny,sub-pixel,4.0,0.42061339086582394,0.16394124613188044,0.20736407358828424
threshold,pixel,4.0,0.43662842175301875,0.0685977289628329,0.01849213455171661
threshold,sub-pixel,4.0,0.30719466099275244,0.0760617229745928,0.03312764946239044
canny,pixel,4.0,0.599504738041056,0.22726310396019822,0.0960558544758201
canny,sub-pixel,4.0,0.4036945870500034,0.1291159784055511,0.16057196499179938
threshold,pixel,4.0,0.4248633082513489,0.05756218367215571,0.00342858228095011
threshold,sub-pixel,4.0,0.2964712590862487,0.07663577265295052,0.05290877597166532
canny,pixel,4.0,0.5789666150986361,0.18968578981168116,0.01435457388896677
canny,sub-pixel,4.0,0.3765186868884501,0.09235255178525581,0.04131360714760679
threshold,pixel,4.0,0.4202339556704583,0.07724470477387413,0.016240833399605803
threshold,sub-pixel,4.0,0.30559896622035265,0.0882680703134483,0.04172844734216086
canny,pixel,4.0,0.5338036825925522,0.21489476468641922,0.04924276083953272
canny,sub-pixel,4.0,0.3553708574734904,0.10988275600193687,0.005357915326024809
threshold,pixel,0.3,0.41480356112501,0.09070211283297192,0.13167916867036267
threshold,sub-pixel,0.3,0.2696537428845798,0.08726776899771338,0.1441361722444463
canny,pixel,0.3,0.49062876211933765,0.18701708953585805,0.30994891670960056
canny,sub-pixel,0.3,0.2716846875425437,0.09053556892210346,0.15213653062608667
threshold,pixel,0.3,0.43126409957482675,0.08244547525700363,0.14743205857912134
threshold,sub-pixel,0.3,0.2804695060101523,0.09193813818911367,0.15143741697362323
canny,pixel,0.3,0.5082596971192098,0.1966387033678998,0.3663924171437509
canny,sub-pixel,0.3,0.2804695060101523,0.09193813818911367,0.15143741697362323
threshold,pixel,0.3,0.42449734689423047,0.10745502049382427,0.18402623903620574
threshold,sub-pixel,0.3,0.27044443628836257,0.10805750711477802,0.18186437994536142
canny,pixel,0.3,0.505971684242588,0.21719539981680314,0.38085549304871114
canny,sub-pixel,0.3,0.27044443628836257,0.10805750711477802,0.18186437994536142
threshold,pixel,0.3,0.41129351278173737,0.09425276002135441,0.18335987094733586
threshold,sub-pixel,0.3,0.2739982273627825,0.09379984120711293,0.15254263121327805
canny,pixel,0.3,0.48914815498750086,0.19648504566238323,0.3534901492619187
canny,sub-pixel,0.3,0.2739982273627825,0.09379984120711293,0.15254263121327805
threshold,pixel,0.3,0.41206807156583963,0.06312711296905493,0.11338608814229545
threshold,sub-pixel,0.3,0.2839806101700535,0.08227021055811112,0.1304083451315612
canny,pixel,0.3,0.49422626883154175,0.18079143724274005,0.31208811814629733
canny,sub-pixel,0.3,0.2839806101700535,0.08227021055811112,0.1304083451315612
threshold,pixel,0.3,0.42245080135637225,0.08247555415810848,0.15233097880769875
threshold,sub-pixel,0.3,0.28245237900472137,0.08304501329093328,0.13997651681880519
canny,pixel,0.3,0.4836327958858716,0.18013413280514945,0.3194228179448615
canny,sub-pixel,0.3,0.28245237900472137,0.08304501329093328,0.13997651681880519
threshold,pixel,0.3,0.41742398350750953,0.09186002776214441,0.147224173701904
threshold,sub-pixel,0.3,0.2813767922620224,0.0934911876236576,0.1538526335056032
canny,pixel,0.3,0.48552874538422625,0.1898281704281125,0.3302784570298276
canny,sub-pixel,0.3,0.2813767922620224,0.0934911876236576,0.1538526335056032
threshold,pixel,0.3,0.41898297085829117,0.10996773198275367,0.16287219159863842
threshold,sub-pixel,0.3,0.26974541479406755,0.10625136524411227,0.160549641696762
canny,pixel,0.3,0.48613852171159283,0.2185330532492149,0.3678255173686782
canny,sub-pixel,0.3,0.2690286022759249,0.10187891695104745,0.15450898296174298
threshold,pixel,0.3,0.44044469553246424,0.10170003282859197,0.16982276876234037
threshold,sub-pixel,0.3,0.28023283191460496,0.10150402507968004,0.16584684210603573
canny,pixel,0.3,0.49384207608747266,0.175867914168508,0.28450894639998614
canny,sub-pixel,0.3,0.28023283191460496,0.10150402507968004,0.16584684210603573
threshold,pixel,0.3,0.4213997026717222,0.07228974930563259,0.12661959700496306
threshold,sub-pixel,0.3,0.28397080436326694,0.09555981622010878,0.17308891111705194
canny,pixel,0.3,0.4849542795526216,0.17196917570246872,0.2960002963316919
canny,sub-pixel,0.3,0.28397080436326694,0.09555981622010878,0.17308891111705194
threshold,pixel,0.3,0.4237167798373313,0.08848550565109292,0.15861969803765863
threshold,sub-pixel,0.3,0.28313480001143376,0.09747068161450023,0.15542378667883616
canny,pixel,0.3,0.49742446479799207,0.19094056335057696,0.31250668599141296
canny,sub-pixel,0.3,0.28313480001143376,0.09747068161450023,0.15542378667883616
threshold,pixel,0.3,0.42292586647784447,0.0839906741236921,0.15740241910689168
threshold,sub-pixel,0.3,0.2786764822724982,0.08150892787454378,0.12965582990898294
canny,pixel,0.3,0.4891646127361778,0.20125455576513396,0.33075540379228796
canny,sub-pixel,0.3,0.2786764822724982,0.08150892787454378,0.12965582990898294
threshold,pixel,0.3,0.41198213317495547,0.07810894748389008,0.14022831157230398
threshold,sub-pixel,0.3,0.284149230955025,0.08454693956493664,0.13909011637390511
canny,pixel,0.3,0.4975655814428023,0.19019251028453343,0.33773304204592547
canny,sub-pixel,0.3,0.284149230955025,0.08454693956493664,0.13909011637390511
threshold,pixel,0.3,0.42665563083970115,0.09752684782562293,0.20594680066932636
threshold,sub-pixel,0.3,0.27899294948446224,0.09497776363628807,0.17279446504907447
canny,pixel,0.3,0.4999319357145239,0.2058603552866447,0.38606866497546477
canny,sub-pixel,0.3,0.27899294948446224,0.09497776363628807,0.17279446504907447
threshold,pixel,0.3,0.4187455940168855,0.08808103551562263,0.1637807759617096
threshold,sub-pixel,0.3,0.27920850814839077,0.09094290396454952,0.13803804105978656
canny,pixel,0.3,0.4977794457823984,0.20465710124320513,0.3772250703885933
canny,sub-pixel,0.3,0.27920850814839077,0.09094290396454952,0.13803804105978656
threshold,pixel,1.0,0.4063746620177675,0.05644434702154155,0.08138768891848791
threshold,sub-pixel,1.0,0.278919700646414,0.07702701419495361,0.11788296962377665
canny,pixel,1.0,0.4767802762910603,0.1751891088373131,0.2914587242941753
canny,sub-pixel,1.0,0.2808798909521733,0.07833462406651381,0.11971186782405763
threshold,pixel,1.0,0.4148501438212733,0.08375582207511023,0.15679852019080087
threshold,sub-pixel,1.0,0.2826905965876889,0.10414946117403856,0.17481554503891195
canny,pixel,1.0,0.4783576403090257,0.19270563537851937,0.32535831593365083
canny,sub-pixel,1.0,0.2826905965876889,0.10414946117403856,0.17481554503891195
threshold,pixel,1.0,0.4148722473077954,0.07371989024809777,0.14598613713534947
threshold,sub-pixel,1.0,0.28070868938529897,0.08157212927432611,0.1502430136266426
canny,pixel,1.0,0.49223061923305017,0.18768455900370817,0.3518529135353363
canny,sub-pixel,1.0,0.28070868938529897,0.08157212927432611,0.1502430136266426
threshold,pixel,1.0,0.42183820043245696,0.07812777891233502,0.14249797804872788
threshold,sub-pixel,1.0,0.2780943792432854,0.09130942358126815,0.1370753623361738
canny,pixel,1.0,0.4843873606210012,0.21201687594005714,0.34664056034511814
canny,sub-pixel,1.0,0.2780943792432854,0.09130942358126815,0.1370753623361738
threshold,pixel,1.0,0.4238475285252271,0.04437185166912916,0.07260134319058853
threshold,sub-pixel,1.0,0.28579570842453955,0.05980102470609816,0.09607439113201188
canny,pixel,1.0,0.4879265690914306,0.14187839856964246,0.2570979483185303
canny,sub-pixel,1.0,0.28579570842453955,0.05980102470609816,0.09607439113201188
threshold,pixel,1.0,0.414001900197141,0.044497769502315876,0.08410267249848902
threshold,sub-pixel,1.0,0.27303136651510534,0.06635483583018098,0.10583260968172992
canny,pixel,1.0,0.48559983094830117,0.18623316317455652,0.29299195986242843
canny,sub-pixel,1.0,0.27303136651510534,0.06635483583018098,0.10583260968172992
threshold,pixel,1.0,0.4414493218264224,0.09376517011936125,0.17310815928332213
threshold,sub-pixel,1.0,0.28185935590262673,0.10065845164891285,0.17333944870133244
canny,pixel,1.0,0.4980576246350199,0.18197048314035047,0.31969774685052466
canny,sub-pixel,1.0,0.28185935590262673,0.10065845164891285,0.17333944870133244
threshold,pixel,1.0,0.41653333203780224,0.048412746216746405,0.10139094891366263
threshold,sub-pixel,1.0,0.2744827116160617,0.07549082356924719,0.12138171453983526
canny,pixel,1.0,0.49031726340679316,0.1580471888712781,0.27825086220154294
canny,sub-pixel,1.0,0.2744827116160617,0.07549082356924719,0.12138171453983526
threshold,pixel,1.0,0.4132883006993518,0.0744897730230667,0.14122443538172424
threshold,sub-pixel,1.0,0.27294469298739865,0.0878669694953702,0.1573069210783804
canny,pixel,1.0,0.48129006488829745,0.19171147868582494,0.3339771297927452
canny,sub-pixel,1.0,0.27491021455107134,0.0879180794534864,0.15947109327728493
threshold,pixel,1.0,0.41467207721476673,0.09396118489778338,0.14226242273024958
threshold,sub-pixel,1.0,0.2841723101451469,0.09797310762579337,0.14530459221946623
canny,pixel,1.0,0.5019994447730307,0.2264299539349901,0.39648755370608857
canny,sub-pixel,1.0,0.2841723101451469,0.09797310762579337,0.14530459221946623
threshold,pixel,1.0,0.41467896048154534,0.06042410995549119,0.14364744334789847
threshold,sub-pixel,1.0,0.2837296848800748,0.0754188129652551,0.13880142690870167
canny,pixel,1.0,0.48459582427463754,0.19549643525743066,0.3480193304695369
canny,sub-pixel,1.0,0.2837296848800748,0.0754188129652551,0.13880142690870167
threshold,pixel,1.0,0.42683392108568985,0.07351911341354955,0.16759607684209588
threshold,sub-pixel,1.0,0.28868701131152213,0.09455743160093377,0.16653698890342294
canny,pixel,1.0,0.49748214706206034,0.19981000780532165,0.3478984806423091
canny,sub-pixel,1.0,0.28868701131152213,0.09455743160093377,0.16653698890342294
threshold,pixel,1.0,0.4253195789583775,0.08420362714491336,0.17890936085459197
threshold,sub-pixel,1.0,0.287021687334753,0.09521584130437877,0.20084410365938776
canny,pixel,1.0,0.5026107180425439,0.19067602154544183,0.3414279498677322
canny,sub-pixel,1.0,0.287021687334753,0.09521584130437877,0.20084410365938776
threshold,pixel,1.0,0.4284108637521675,0.07870643272326994,0.13963621583626296
threshold,sub-pixel,1.0,0.2824758537427543,0.0839044541295676,0.1349539381930911
canny,pixel,1.0,0.4949933719364701,0.19532215410562448,0.3207365443632393
canny,sub-pixel,1.0,0.2824758537427543,0.0839044541295676,0.1349539381930911
threshold,pixel,1.0,0.43699060518440364,0.07234362938198757,0.1598874413281286
threshold,sub-pixel,1.0,0.2973320045787371,0.07695175886709837,0.14906899969442788
canny,pixel,1.0,0.4968148677027364,0.17132497058300244,0.3061009412581135
canny,sub-pixel,1.0,0.2973320045787371,0.07695175886709837,0.14906899969442788
threshold,pixel,2.0,0.4097992980196236,0.07568922199343964,0.1490620029423133
threshold,sub-pixel,2.0,0.2901809416627349,0.09686705947872742,0.17200779894576845
canny,pixel,2.0,0.4798396719118629,0.2027568871264528,0.33551663504807716
canny,sub-pixel,2.0,0.29553325953698373,0.09839895112520713,0.17576112066372662
threshold,pixel,2.0,0.44050046864846404,0.07574412594683055,0.1490454048664187
threshold,sub-pixel,2.0,0.3012920557265303,0.09442932277085003,0.17416434135318015
canny,pixel,2.0,0.5215079876257736,0.20224402486872473,0.35710561411854513
canny,sub-pixel,2.0,0.3012920557265303,0.09442932277085003,0.17416434135318015
threshold,pixel,2.0,0.4245016345903946,0.07378255982025173,0.146613165326535
threshold,sub-pixel,2.0,0.29236429720776524,0.08236029201446848,0.12241938192610968
canny,pixel,2.0,0.512007532194048,0.1856097379624434,0.3295397503269073
canny,sub-pixel,2.0,0.2984203953375206,0.08628064750380982,0.1369936287290625
threshold,pixel,2.0,0.4190162591465836,0.07117055498244385,0.1510176159961727
threshold,sub-pixel,2.0,0.28603753686794064,0.07281567125372423,0.11957046823549344
canny,pixel,2.0,0.496665507376036,0.18306598871084068,0.33813273964279755
canny,sub-pixel,2.0,0.28603753686794064,0.07281567125372423,0.11957046823549344
threshold,pixel,2.0,0.40818309167896727,0.08254958085881192,0.14603481366725113
threshold,sub-pixel,2.0,0.2872035390772953,0.0935750288358661,0.14369741871489428
canny,pixel,2.0,0.4819242559398781,0.18426447524465606,0.28587362714457676
canny,sub-pixel,2.0,0.2872035390772953,0.0935750288358661,0.14369741871489428
threshold,pixel,2.0,0.4370981893286608,0.10196058316049605,0.1655107443767383
threshold,sub-pixel,2.0,0.29558072898890186,0.10202544456909679,0.15398923367271644
canny,pixel,2.0,0.5166542650629513,0.22415504434457378,0.36528791539838545
canny,sub-pixel,2.0,0.30308026113620123,0.10152857723791964,0.16483392192048463
threshold,pixel,2.0,0.41332385329716137,0.06921079161877541,0.14710126375635602
threshold,sub-pixel,2.0,0.2867337955953643,0.08276524440530841,0.1308057350045866
canny,pixel,2.0,0.4894997291769817,0.18200214029463524,0.3322930910223105
canny,sub-pixel,2.0,0.2867337955953643,0.08276524440530841,0.1308057350045866
threshold,pixel,2.0,0.4218196892626419,0.08937391094461322,0.15617845990038726
threshold,sub-pixel,2.0,0.2897193510285031,0.0954560545288492,0.17210348031098333
canny,pixel,2.0,0.4899290068882753,0.19152458408611917,0.3382263394259728
canny,sub-pixel,2.0,0.29583791588595243,0.09601655570668455,0.18222724305917248
threshold,pixel,2.0,0.4162631717645481,0.05369320193962901,0.08099666494089819
threshold,sub-pixel,2.0,0.2832986570507672,0.07269719383335238,0.11594976940975643
canny,pixel,2.0,0.48947396400628945,0.17942669293570312,0.27985248123708484
canny,sub-pixel,2.0,0.2832986570507672,0.07269719383335238,0.11594976940975643
threshold,pixel,2.0,0.4201229807206395,0.07231579077876926,0.12543164286939534
threshold,sub-pixel,2.0,0.28915273370132355,0.09509043032207976,0.15758265908222935
canny,pixel,2.0,0.5059483075738229,0.2138210625137834,0.40730188180728866
canny,sub-pixel,2.0,0.2951281889336981,0.09835982662559872,0.1750647175744957
threshold,pixel,2.0,0.43071934023741393,0.07172142026665218,0.1341426927643523
threshold,sub-pixel,2.0,0.28990636105837514,0.09591586232912086,0.15632587411913557
canny,pixel,2.0,0.5399785966461849,0.2283141868085986,0.40281077060444614
canny,sub-pixel,2.0,0.3240199946351142,0.12671200830343043,0.2117564224758106
threshold,pixel,2.0,0.4249919856807353,0.06221672781598331,0.11254068280469598
threshold,sub-pixel,2.0,0.2865720342246932,0.07910223854295284,0.12377132292368387
canny,pixel,2.0,0.48424608676840264,0.15766154296838775,0.2388554448367577
canny,sub-pixel,2.0,0.2865720342246932,0.07910223854295284,0.12377132292368387
threshold,pixel,2.0,0.40758353301091266,0.05622233255755771,0.08329716367885087
threshold,sub-pixel,2.0,0.27839432428011324,0.07355683859706141,0.10552863556283842
canny,pixel,2.0,0.4911589802692842,0.1725073824245832,0.303840418126168
canny,sub-pixel,2.0,0.28186587494232396,0.07450828299837808,0.12015227035677789
threshold,pixel,2.0,0.43118058621540134,0.0717819322409452,0.1345176446440557
threshold,sub-pixel,2.0,0.29772164540868207,0.08972451317421792,0.15193537253530565
canny,pixel,2.0,0.49217917650919035,0.18741414136396772,0.32565176602250423
canny,sub-pixel,2.0,0.29772164540868207,0.08972451317421792,0.15193537253530565
threshold,pixel,2.0,0.4034119386736664,0.07504715764367798,0.11590116944570994
threshold,sub-pixel,2.0,0.27303095442083836,0.07428700757537166,0.10717317746993382
canny,pixel,2.0,0.4804196468399611,0.18715936029728064,0.29184596581346245
canny,sub-pixel,2.0,0.2751388131425989,0.07583439618600996,0.10989376723053024
threshold,pixel,4.0,0.4238629859389522,0.050050923664519464,0.10223835860002639
threshold,sub-pixel,4.0,0.29736731793901905,0.07063032856450258,0.12614645216866416
canny,pixel,4.0,0.560783078790029,0.1728276328254421,0.38698998135210916
canny,sub-pixel,4.0,0.3753714039134586,0.07765841963512887,0.21687647425020673
threshold,pixel,4.0,0.42223028914890137,0.066978589294869,0.11466298791350482
threshold,sub-pixel,4.0,0.29414609707929334,0.08277527903023618,0.127878030843676
canny,pixel,4.0,0.5430119657076301,0.2012082154948519,0.3489958873490797
canny,sub-pixel,4.0,0.339833247320897,0.10565359222964343,0.21157273983651814
threshold,pixel,4.0,0.4130806145202219,0.09550434356551707,0.17797743834684843
threshold,sub-pixel,4.0,0.29576596862855664,0.09445886615548449,0.1690829133435443
canny,pixel,4.0,0.5894861590321749,0.19194507259595361,0.35367504687748585
canny,sub-pixel,4.0,0.3990596145500655,0.10169691613707277,0.21823953580945954
threshold,pixel,4.0,0.43891714994843867,0.055656534719640494,0.11021997511952053
threshold,sub-pixel,4.0,0.30615085534780456,0.06614448390863392,0.11955869214489523
canny,pixel,4.0,0.6271068256224148,0.250687207973025,0.5203147891233373
canny,sub-pixel,4.0,0.4485300609224299,0.1582107233892096,0.3710600990631381
threshold,pixel,4.0,0.4345668956889942,0.054312000085675605,0.08188455778430681
threshold,sub-pixel,4.0,0.30516398265101075,0.07951110309785969,0.11693136904047652
canny,pixel,4.0,0.5376680633663672,0.21567042091060784,0.36530751202804645
canny,sub-pixel,4.0,0.3426731270956123,0.10073102470805095,0.17316038505957243
threshold,pixel,4.0,0.4230019938186188,0.07063520419701108,0.0985089763749567
threshold,sub-pixel,4.0,0.2947758133667741,0.08716603259378897,0.12342154539301875
canny,pixel,4.0,0.552420058826204,0.19492312001201473,0.35447319944585587
canny,sub-pixel,4.0,0.358476850126617,0.10803205723500575,0.22622171725405238
threshold,pixel,4.0,0.44347818503139047,0.08897449298061322,0.15967312491384167
threshold,sub-pixel,4.0,0.3044543123439226,0.08942617159589739,0.15169377657016048
canny,pixel,4.0,0.5679778316003772,0.2237224441490473,0.39196242823708505
canny,sub-pixel,4.0,0.3769410538699862,0.11644466506727025,0.22690022447257885
threshold,pixel,4.0,0.4263853920144325,0.06774928128398006,0.10944922656362932
threshold,sub-pixel,4.0,0.29418903001882946,0.08033022280846114,0.12977351504304524
canny,pixel,4.0,0.5868032491759289,0.17063597906565842,0.3624938596649523
canny,sub-pixel,4.0,0.4009109998354,0.07900380267688711,0.22970594413005907
threshold,pixel,4.0,0.42027417371601106,0.05828649994174395,0.10775246066598632
threshold,sub-pixel,4.0,0.30358821123647217,0.07602778596438542,0.12316887318581404
canny,pixel,4.0,0.6138462385587328,0.2116688018936963,0.36531734858817844
canny,sub-pixel,4.0,0.4221647109006418,0.11930979658420415,0.1845909474924925
threshold,pixel,4.0,0.426491270422639,0.05224629140164605,0.13581099108844397
threshold,sub-pixel,4.0,0.29830610878889297,0.06833832246479077,0.14182871842366795
canny,pixel,4.0,0.5540153654747688,0.1640683200253804,0.38283606856041086
canny,sub-pixel,4.0,0.34970466354504015,0.0677775582800948,0.1714849460713852
threshold,pixel,4.0,0.4157444094660918,0.07134421582608974,0.13659738015127054
threshold,sub-pixel,4.0,0.2890702799882412,0.08249313553551563,0.13518555206742588
canny,pixel,4.0,0.5648811748281541,0.22503301477299653,0.3891748203475176
canny,sub-pixel,4.0,0.3738172291946784,0.12201808742829279,0.2181118311695327
threshold,pixel,4.0,0.4252438334188974,0.07872656315859938,0.14779454417385196
threshold,sub-pixel,4.0,0.29362893355083014,0.08430600728330795,0.12735375059538656
canny,pixel,4.0,0.5114483879968997,0.15123883574331132,0.271063169883351
canny,sub-pixel,4.0,0.3118599795946641,0.07043372142768456,0.11851826109856622
threshold,pixel,4.0,0.4254837618317629,0.06436189093993527,0.1150371601682938
threshold,sub-pixel,4.0,0.30498655193101937,0.07205559394470107,0.10580216531547837
canny,pixel,4.0,0.5937672009800705,0.20677282746473657,0.34231628997150176
canny,sub-pixel,4.0,0.4090659296800252,0.09751371539375397,0.15535631789874005
threshold,pixel,4.0,0.42278066431793626,0.09139943194189593,0.18077227226697623
threshold,sub-pixel,4.0,0.2976481062457361,0.09729577029500236,0.16683019778370412
canny,pixel,4.0,0.6328600726456018,0.25911833538350404,0.5005195686504695
canny,sub-pixel,4.0,0.43448697508678935,0.17188444352082377,0.35347395182323327
threshold,pixel,4.0,0.4353410905311835,0.09471889873947936,0.17557332611139698
threshold,sub-pixel,4.0,0.31041890725617033,0.08934775441008169,0.15548990438720667
canny,pixel,4.0,0.577206130715142,0.22771628566194402,0.49758611685887955
canny,sub-pixel,4.0,0.3796129731172444,0.12509052798548637,0.2927937785360566
threshold,pixel,0.3,0.36215162265103934,0.011700904938791723,0.02320274202292172
threshold,sub-pixel,0.3,0.18705141412021842,0.011667566285133102,0.025445783223256857
canny,pixel,0.3,0.3754473854388863,0.06138137749979844,0.09759396670153953
canny,sub-pixel,0.3,0.18705141412021842,0.011667566285133102,0.025445783223256857
threshold,pixel,0.3,0.3656520414481254,0.022633617708765597,0.06973065197122441
threshold,sub-pixel,0.3,0.1770368308677912,0.01979202831396243,0.055333090654501316
canny,pixel,0.3,0.37990773319166743,0.0787588463747898,0.09907961143855237
canny,sub-pixel,0.3,0.1770368308677912,0.01979202831396243,0.055333090654501316
threshold,pixel,0.3,0.3745329504001048,0.03225691509361972,0.0029016357877598153
threshold,sub-pixel,0.3,0.18950471109089917,0.027482040038515843,0.01332406419064247
canny,pixel,0.3,0.38563276865035023,0.05976060471231426,0.010559023115167765
canny,sub-pixel,0.3,0.18950471109089917,0.027482040038515843,0.01332406419064247
threshold,pixel,0.3,0.3703133990603861,0.019304560211195754,0.04487069949477851
threshold,sub-pixel,0.3,0.18330284389201768,0.016807933053498036,0.02152254393490316
canny,pixel,0.3,0.37358877592785655,0.08005497897355407,0.1098140527478988
canny,sub-pixel,0.3,0.18330284389201768,0.016807933053498036,0.02152254393490316
threshold,pixel,0.3,0.3547027571913208,0.01916564802995202,0.010857112386305268
threshold,sub-pixel,0.3,0.18637622925519415,0.02826736831051735,0.030412310734059034
canny,pixel,0.3,0.35997259580084956,0.0648317012233216,0.0792584623168433
canny,sub-pixel,0.3,0.18637622925519415,0.02826736831051735,0.030412310734059034
threshold,pixel,0.3,0.36014025123094945,0.009528340155456783,0.0006918283787467061
threshold,sub-pixel,0.3,0.19074522726642323,0.02109450710430638,0.031677596470512714
canny,pixel,0.3,0.3624197029723417,0.06639769746382485,0.071465668421407
canny,sub-pixel,0.3,0.19074522726642323,0.02109450710430638,0.031677596470512714
threshold,pixel,0.3,0.365369818798942,0.013632936187502054,0.0015092167502648302
threshold,sub-pixel,0.3,0.18799794395670977,0.011416542639592797,0.028892753685074712
canny,pixel,0.3,0.373544688393741,0.045789924638489965,0.09239349534142272
canny,sub-pixel,0.3,0.18799794395670977,0.011416542639592797,0.028892753685074712
threshold,pixel,0.3,0.3486957602934872,0.024013856447526516,0.02550178550179849
threshold,sub-pixel,0.3,0.1901473569431522,0.02117068524867516,0.022374227514656564
canny,pixel,0.3,0.35787950090902404,0.06974946509901336,0.08698636890324662
canny,sub-pixel,0.3,0.1901473569431522,0.02117068524867516,0.022374227514656564
threshold,pixel,0.3,0.360263775646113,0.025646166328247788,0.04253005821426026
threshold,sub-pixel,0.3,0.1911827444046041,0.022007149172793672,0.052567801837807515
canny,pixel,0.3,0.3648815339658894,0.059890125503208935,0.10401660978678784
canny,sub-pixel,0.3,0.1911827444046041,0.022007149172793672,0.052567801837807515
threshold,pixel,0.3,0.3519070230594561,0.01717979448328666,0.013131103440636949
threshold,sub-pixel,0.3,0.1834900400837392,0.02372310759880747,0.004893372073403235
canny,pixel,0.3,0.36976913607843875,0.07053692542838252,0.0995991343904632
canny,sub-pixel,0.3,0.1834900400837392,0.02372310759880747,0.004893372073403235
threshold,pixel,0.3,0.36996535711563017,0.020438853499374576,0.017423664056431365
threshold,sub-pixel,0.3,0.19091209509286816,0.026934192763402587,0.004486791262069856
canny,pixel,0.3,0.3843770859573309,0.10786808705083373,0.0999301179960983
canny,sub-pixel,0.3,0.19091209509286816,0.026934192763402587,0.004486791262069856
threshold,pixel,0.3,0.3675280867385664,0.018956582640265895,0.04127015039367388
threshold,sub-pixel,0.3,0.19043046565488464,0.019686317493572303,0.035266718513518036
canny,pixel,0.3,0.3766792230488261,0.08642862480741398,0.11386250196267023
canny,sub-pixel,0.3,0.19043046565488464,0.019686317493572303,0.035266718513518036
threshold,pixel,0.3,0.3678514123512097,0.005655291929495876,0.021747477320892994
threshold,sub-pixel,0.3,0.18863849065489857,0.014059362629203043,0.022203988816777098
canny,pixel,0.3,0.36922802450908243,0.05102361108421316,0.08154702161063421
canny,sub-pixel,0.3,0.18863849065489857,0.014059362629203043,0.022203988816777098
threshold,pixel,0.3,0.37216173865665586,0.00602453415667259,0.03513396815344727
threshold,sub-pixel,0.3,0.19083730538503957,0.014413176074302925,0.007002188077033011
canny,pixel,0.3,0.37486731699938103,0.07657265148329917,0.07564613367668205
canny,sub-pixel,0.3,0.19083730538503957,0.014413176074302925,0.007002188077033011
threshold,pixel,0.3,0.3624283282209375,0.021765745056682717,0.06757502472841637
threshold,sub-pixel,0.3,0.19254377167686965,0.01655956439035955,0.034515135218598836
canny,pixel,0.3,0.3744405890236705,0.0816756277969094,0.1460094862739394
canny,sub-pixel,0.3,0.19254377167686965,0.01655956439035955,0.034515135218598836
threshold,pixel,1.0,0.3579312486947973,0.02240046811725993,0.002319407319611333
threshold,sub-pixel,1.0,0.1950551004895189,0.021472787147000627,0.0016909241243228124
canny,pixel,1.0,0.3513192567084401,0.06487287703451228,0.075159580467695
canny,sub-pixel,1.0,0.1950551004895189,0.021472787147000627,0.0016909241243228124
threshold,pixel,1.0,0.36311683328141986,0.036493907771335765,0.03549071318261543
threshold,sub-pixel,1.0,0.18272900065145414,0.041699131403959644,0.051855038452443214
canny,pixel,1.0,0.3762758153229195,0.10113642236519915,0.10858757132053842
canny,sub-pixel,1.0,0.18272900065145414,0.041699131403959644,0.051855038452443214
threshold,pixel,1.0,0.35298364208517174,0.011174686522375299,0.008398663107108906
threshold,sub-pixel,1.0,0.1891366976461308,0.012715975843411331,0.0038792173056081403
canny,pixel,1.0,0.36122365852402016,0.06153564458465843,0.06558550332356505
canny,sub-pixel,1.0,0.1891366976461308,0.012715975843411331,0.0038792173056081403
threshold,pixel,1.0,0.36039760496143103,0.009531415562665346,0.01687702819833259
threshold,sub-pixel,1.0,0.19398055915871437,0.022258383228882184,0.02830412733449217
canny,pixel,1.0,0.3689957833914848,0.06388928341466005,0.11492230738462661
canny,sub-pixel,1.0,0.19398055915871437,0.022258383228882184,0.02830412733449217
threshold,pixel,1.0,0.357872769469905,0.009586836950416067,0.020664015089012278
threshold,sub-pixel,1.0,0.19298986923854994,0.0105393787771767,0.009244149353258457
canny,pixel,1.0,0.3659599759379973,0.030224595936976684,0.04164803203972722
canny,sub-pixel,1.0,0.19298986923854994,0.0105393787771767,0.009244149353258457
threshold,pixel,1.0,0.34667339110214307,0.03364458646818269,0.04246575595999147
threshold,sub-pixel,1.0,0.18783045931164694,0.03417857870460439,0.056032840582348475
canny,pixel,1.0,0.35765316679016823,0.09106358646113977,0.10890786997213664
canny,sub-pixel,1.0,0.18783045931164694,0.03417857870460439,0.056032840582348475
threshold,pixel,1.0,0.3711689224236082,0.004155281163728208,0.025178289661311748
threshold,sub-pixel,1.0,0.19631683997854385,0.016098839886984684,0.03792113254134821
canny,pixel,1.0,0.3808886875471794,0.053293475515044486,0.12623321448699332
canny,sub-pixel,1.0,0.19631683997854385,0.016098839886984684,0.03792113254134821
threshold,pixel,1.0,0.36618884210792346,0.01126524739285062,0.007541429630713026
threshold,sub-pixel,1.0,0.18992088358588372,0.013969792232004008,0.021361880147451773
canny,pixel,1.0,0.36607569534525586,0.07153037985264488,0.0780290350222892
canny,sub-pixel,1.0,0.18992088358588372,0.013969792232004008,0.021361880147451773
threshold,pixel,1.0,0.36806796674491654,0.0071820027500815176,0.02031521285661908
threshold,sub-pixel,1.0,0.18712657204750927,0.0247556842080503,0.03061527391541663
canny,pixel,1.0,0.3812325611480376,0.03983424720945228,0.04100136129449505
canny,sub-pixel,1.0,0.18712657204750927,0.0247556842080503,0.03061527391541663
threshold,pixel,1.0,0.36542350753403907,0.011592408631464823,0.053037864542665236
threshold,sub-pixel,1.0,0.202074571760331,0.013696319717667715,0.01718079333061029
canny,pixel,1.0,0.37686837181270416,0.03284964434561022,0.004073641880921297
canny,sub-pixel,1.0,0.202074571760331,0.013696319717667715,0.01718079333061029
threshold,pixel,1.0,0.35916946095340563,0.02752466612350979,0.020077152153509026
threshold,sub-pixel,1.0,0.19174127760734486,0.03012637234184723,0.015843265507022863
canny,pixel,1.0,0.3755427517105898,0.07570743486816034,0.08167350925029249
canny,sub-pixel,1.0,0.19174127760734486,0.03012637234184723,0.015843265507022863
threshold,pixel,1.0,0.36501826748560595,0.014543430399501789,0.007383036870907134
threshold,sub-pixel,1.0,0.18854363543455233,0.009496909912861562,0.007591320957684999
canny,pixel,1.0,0.3582499247934862,0.05579231303348464,0.07170948327354898
canny,sub-pixel,1.0,0.18854363543455233,0.009496909912861562,0.007591320957684999
threshold,pixel,1.0,0.36256775569826544,0.020781168884512202,0.02516141255313964
threshold,sub-pixel,1.0,0.19160579298501823,0.017362364359552407,0.04227391663310742
canny,pixel,1.0,0.3652363380073357,0.05548940222633514,0.10651314433258596
canny,sub-pixel,1.0,0.19160579298501823,0.017362364359552407,0.04227391663310742
threshold,pixel,1.0,0.3636269300189067,0.014110804282263856,0.0026449868373652485
threshold,sub-pixel,1.0,0.1932096655152258,0.021323633374341844,0.01579917173301304
canny,pixel,1.0,0.3737945213405587,0.08051948509257367,0.12286104896836614
canny,sub-pixel,1.0,0.1932096655152258,0.021323633374341844,0.01579917173301304
threshold,pixel,1.0,0.3515229537253807,0.010333027811222362,0.0017276671195953774
threshold,sub-pixel,1.0,0.18306575761468918,0.005830386818825195,0.01902367673766081
canny,pixel,1.0,0.3571290647584976,0.05897511063016114,0.07260125908661896
canny,sub-pixel,1.0,0.18306575761468918,0.005830386818825195,0.01902367673766081
threshold,pixel,2.0,0.3535013103287293,0.014148249230282905,0.04966911460501189
threshold,sub-pixel,2.0,0.1968493592220829,0.01150152257218251,0.00979497562073428
canny,pixel,2.0,0.3681599988863314,0.04712353813328474,0.05820863147381461
canny,sub-pixel,2.0,0.1968493592220829,0.01150152257218251,0.00979497562073428
threshold,pixel,2.0,0.35325751778630865,0.027198830425322118,0.008431497762348306
threshold,sub-pixel,2.0,0.19811603145389262,0.028165319944341016,0.020134859681171235
canny,pixel,2.0,0.3833778299514111,0.05942923857704796,0.07444960983901727
canny,sub-pixel,2.0,0.20654939839395844,0.029497949317057515,0.009477944991268528
threshold,pixel,2.0,0.3680702678798309,0.006577119538996534,0.012191265733933143
threshold,sub-pixel,2.0,0.19469337926642266,0.020306743588421772,0.0047925625106080005
canny,pixel,2.0,0.37337557766224677,0.061603844518354434,0.06450235022422102
canny,sub-pixel,2.0,0.19469337926642266,0.020306743588421772,0.0047925625106080005
threshold,pixel,2.0,0.3640932678601402,0.018856546256815654,0.013091661619577089
threshold,sub-pixel,2.0,0.19772853718652206,0.02009774421622923,0.03567097991156176
canny,pixel,2.0,0.38743627189839625,0.08155780283649416,0.1149187863449117
canny,sub-pixel,2.0,0.20840929499717803,0.02529246748387981,0.038020459627265524
threshold,pixel,2.0,0.3713640682119401,0.019476421377181308,0.05299160394722979
threshold,sub-pixel,2.0,0.19688218292494072,0.018949021753446038,0.012619958218168748
canny,pixel,2.0,0.3887061237746589,0.028451319849191692,0.002234895768213674
canny,sub-pixel,2.0,0.20478428912307622,0.02239819662734166,0.0009826026680370692
threshold,pixel,2.0,0.36552176030567735,0.011741847307090603,0.006421946813833124
threshold,sub-pixel,2.0,0.2023528175531888,0.04482101167321795,0.06287227662530714
canny,pixel,2.0,0.3814358704426043,0.06879352671214911,0.041661427034301646
canny,sub-pixel,2.0,0.21057055417562612,0.04922619076184587,0.06390434199740191
threshold,pixel,2.0,0.3665303605049104,0.028105453866804964,0.04013622218177737
threshold,sub-pixel,2.0,0.2000251957387194,0.03940743164868876,0.045047588521940796
canny,pixel,2.0,0.39230308311535067,0.10253077314416947,0.10155178259880993
canny,sub-pixel,2.0,0.21273021483103327,0.05483612361908574,0.05234268085369331
threshold,pixel,2.0,0.35239823911268,0.016238133745961614,0.04080359002133038
threshold,sub-pixel,2.0,0.199741879392357,0.008133152173895875,0.0203357825881334
canny,pixel,2.0,0.3668963669344766,0.07188077155923145,0.08895667234966975
canny,sub-pixel,2.0,0.199741879392357,0.008133152173895875,0.0203357825881334
threshold,pixel,2.0,0.3572731199142588,0.005864763333268019,0.02187842398912654
threshold,sub-pixel,2.0,0.20085699575832439,0.015765765627895112,0.01764128010914323
canny,pixel,2.0,0.36224006462421887,0.0465235438079612,0.08286739156353873
canny,sub-pixel,2.0,0.202511734894832,0.01608285241780416,0.018274908097600573
threshold,pixel,2.0,0.3616005762960885,0.029645605428859634,0.026439329086216823
threshold,sub-pixel,2.0,0.1958645012492104,0.02584509058671436,0.047861509210123554
canny,pixel,2.0,0.3771914669313922,0.06451232292493225,0.10778981639562213
canny,sub-pixel,2.0,0.20391608052807025,0.026536632707905183,0.05324848572524177
threshold,pixel,2.0,0.35829692305385713,0.005357778032244576,0.0032121562128755166
threshold,sub-pixel,2.0,0.19533893193017865,0.02030087771161193,0.03990029385550575
canny,pixel,2.0,0.3629041512467525,0.06731445920498325,0.08295276751892344
canny,sub-pixel,2.0,0.19533893193017865,0.02030087771161193,0.03990029385550575
threshold,pixel,2.0,0.35279132788255874,0.0161442119188403,0.016019143430467064
threshold,sub-pixel,2.0,0.20002878314616765,0.02811762796617623,0.02304572494126944
canny,pixel,2.0,0.35777566855038356,0.08768985012435238,0.14615209580643418
canny,sub-pixel,2.0,0.20445763743788217,0.029361824425280125,0.02442032582513365
threshold,pixel,2.0,0.3538811491686331,0.008353665220782958,0.0031568204838960945
threshold,sub-pixel,2.0,0.19179718831764864,0.01224727313401397,0.038000915478139774
canny,pixel,2.0,0.3782518334457428,0.06071186404464224,0.08461210126944252
canny,sub-pixel,2.0,0.20437078273662485,0.01886451513036891,0.04593749802425373
threshold,pixel,2.0,0.356327100574111,0.008670244740078492,0.033706480925150384
threshold,sub-pixel,2.0,0.19538963696842027,0.013371697781138336,0.02494747625263205
canny,pixel,2.0,0.36334677474972643,0.08047117395319381,0.14661923125813203
canny,sub-pixel,2.0,0.19538963696842027,0.013371697781138336,0.02494747625263205
threshold,pixel,2.0,0.38204897875368377,0.02840956952601492,0.0038751720910434884
threshold,sub-pixel,2.0,0.20273726428089622,0.018073764938967285,0.02695887813442921
canny,pixel,2.0,0.38394399472722424,0.0662881395723367,0.07821639023747595
canny,sub-pixel,2.0,0.20273726428089622,0.018073764938967285,0.02695887813442921
threshold,pixel,4.0,0.3806310249244764,0.011434104105207066,0.018119430442699702
threshold,sub-pixel,4.0,0.22103310499872542,0.026691307404402953,0.04732985591801997
canny,pixel,4.0,0.4860889209385669,0.14380181407318804,0.2095163060333749
canny,sub-pixel,4.0,0.33204191320736426,0.08465869801125503,0.14185098470931612
threshold,pixel,4.0,0.3796390241207677,0.010651520709848428,0.03839973104409955
threshold,sub-pixel,4.0,0.2128449748717573,0.0129181199413263,0.008186340500977884
canny,pixel,4.0,0.4916804941100135,0.08457292574703568,0.1845657574876851
canny,sub-pixel,4.0,0.31513237433833846,0.051826548845612996,0.15710151304091768
threshold,pixel,4.0,0.36667869189316615,0.01756881668472776,0.006689407981470552
threshold,sub-pixel,4.0,0.20807638324363473,0.019692350821254312,0.021678639761615326
canny,pixel,4.0,0.43571474513507125,0.08531905052994859,0.1725708720030119
canny,sub-pixel,4.0,0.2725833410617137,0.04235940202090238,0.09625112812984149
threshold,pixel,4.0,0.36830348112817857,0.006531472802388971,0.020683504333905756
threshold,sub-pixel,4.0,0.21078243880735723,0.02051863733226833,0.023463365179209106
canny,pixel,4.0,0.4462837560856809,0.10381589442497885,0.20693590114158167
canny,sub-pixel,4.0,0.29642022017578584,0.06318053399026902,0.13538789114053262
threshold,pixel,4.0,0.37738485927789445,0.00841827222699243,0.005670189504052292
threshold,sub-pixel,4.0,0.2111023790077849,0.024008559150035524,0.024195874993057753
canny,pixel,4.0,0.5043756531379082,0.14458577453410537,0.2804928730657077
canny,sub-pixel,4.0,0.31899475990627413,0.09891752020576794,0.2085413613350693
threshold,pixel,4.0,0.3743117919486016,0.02380018970027975,0.018706151007352734
threshold,sub-pixel,4.0,0.2122788332599375,0.02985616251262413,0.04854828755175822
canny,pixel,4.0,0.4939718068384135,0.10099240702992918,0.2726351953505681
canny,sub-pixel,4.0,0.3272189789869586,0.07520369398660587,0.3009451956240268
threshold,pixel,4.0,0.37366867406152027,0.01958682375122134,0.021730814695283485
threshold,sub-pixel,4.0,0.21313918770054302,0.00968559790019441,0.0003845018819710333
canny,pixel,4.0,0.4661190054744032,0.07282594955964683,0.004696122688468307
canny,sub-pixel,4.0,0.2993609066398395,0.03203326337238244,0.032155923734002556
threshold,pixel,4.0,0.36750275219719686,0.023024785762866817,0.023674805238278918
threshold,sub-pixel,4.0,0.2052998900025646,0.007583836066361038,0.006418213174132603
canny,pixel,4.0,0.4775088230954751,0.10785873140679558,0.07264566525665761
canny,sub-pixel,4.0,0.3147659333355327,0.07384311333990146,0.03863918365335017
threshold,pixel,4.0,0.37054089125277234,0.010754684645492785,0.02963677220202543
threshold,sub-pixel,4.0,0.22047665011858167,0.013586089793099831,0.026191224935395496
canny,pixel,4.0,0.4620379954597428,0.12160647232411692,0.20357446971771131
canny,sub-pixel,4.0,0.31122993423147643,0.07601456906886161,0.11776383191386008
threshold,pixel,4.0,0.3615172756785811,0.03254500501518154,0.005747518710782273
threshold,sub-pixel,4.0,0.20727122625979383,0.021312800865894155,0.02525118238892432
canny,pixel,4.0,0.45311541101895236,0.106614593086374,0.1566822172600837
canny,sub-pixel,4.0,0.28624211329029753,0.048818769661371775,0.05299361734610408
threshold,pixel,4.0,0.37613365114012853,0.029259547638236794,0.016635179413250878
threshold,sub-pixel,4.0,0.2156368008921375,0.018651581172337228,0.046033489748788625
canny,pixel,4.0,0.49609844281249005,0.1278592633806218,0.11821670238249515
canny,sub-pixel,4.0,0.34097129695704137,0.07118261856992814,0.05695575311398304
threshold,pixel,4.0,0.37629248740888843,0.010970635455727407,0.013843031007010342
threshold,sub-pixel,4.0,0.22405063242711182,0.02556331372048848,0.02648006427301297
canny,pixel,4.0,0.47549350586986283,0.1321886281330431,0.12217619780638334
canny,sub-pixel,4.0,0.3217509945383664,0.10459053042824018,0.08083916948165504
threshold,pixel,4.0,0.3851619419885586,0.01635315196910192,0.047331460166367245
threshold,sub-pixel,4.0,0.21727337451640105,0.014656336321864805,0.010744473896589168
canny,pixel,4.0,0.5566638440734393,0.18725846928808332,0.15395087677710362
canny,sub-pixel,4.0,0.39247483823482854,0.16444698338044905,0.13804036494734495
threshold,pixel,4.0,0.3824381617176178,0.016804737671668124,0.030658638740017174
threshold,sub-pixel,4.0,0.21164682352852654,0.008244442098804927,0.0036974173426047585
canny,pixel,4.0,0.4382084187099442,0.06943258217646386,0.11186935323468017
canny,sub-pixel,4.0,0.2722075542510265,0.03852140187281716,0.08208585334303908
threshold,pixel,4.0,0.36882017409650014,0.0242232694678034,0.018674817906447316
threshold,sub-pixel,4.0,0.21599688768377667,0.02384204450397187,0.015167743484895357
canny,pixel,4.0,0.507099417873537,0.09394332609533074,0.15328248935166533
canny,sub-pixel,4.0,0.35838157173630436,0.04823277885413746,0.08643818273699466
threshold,pixel,0.3,0.3490675830250574,0.009550500870481038,0.015972845490761056
threshold,sub-pixel,0.3,0.1844756201602067,0.015424281135075435,0.0038534784575565695
canny,pixel,0.3,0.3572681879644423,0.06324944780111785,0.08002405952450098
canny,sub-pixel,0.3,0.1844756201602067,0.015424281135075435,0.0038534784575565695
threshold,pixel,0.3,0.3595802876722886,0.011604452646362784,0.016217753234539778
threshold,sub-pixel,0.3,0.19087612099886503,0.016293777495519746,0.010410703545597366
canny,pixel,0.3,0.3629444630077402,0.06280110852377585,0.04592531948307377
canny,sub-pixel,0.3,0.19087612099886503,0.016293777495519746,0.010410703545597366
threshold,pixel,0.3,0.36151737502503234,0.04420716757900722,0.01739483001383335
threshold,sub-pixel,0.3,0.19137433266859383,0.028397558037920878,0.030161366382599253
canny,pixel,0.3,0.3769256048161693,0.08488953450550896,0.030249832462650783
canny,sub-pixel,0.3,0.19137433266859383,0.028397558037920878,0.030161366382599253
threshold,pixel,0.3,0.3622371912431448,0.02980447953499943,0.01785276072827502
threshold,sub-pixel,0.3,0.18496771173086862,0.031870928464544424,0.04843649334041422
canny,pixel,0.3,0.3746359576903315,0.09181240642857447,0.07247255067230984
canny,sub-pixel,0.3,0.18496771173086862,0.031870928464544424,0.04843649334041422
threshold,pixel,0.3,0.36296886215525803,0.025798081008515772,0.002743433776620785
threshold,sub-pixel,0.3,0.1872988972399252,0.024148045271865426,0.02907263489981604
canny,pixel,0.3,0.35635144183764855,0.06663716363445649,0.08734576078419476
canny,sub-pixel,0.3,0.1872988972399252,0.024148045271865426,0.02907263489981604
threshold,pixel,0.3,0.3754148488245127,0.030647151618312884,0.005071601001608528
threshold,sub-pixel,0.3,0.19904706477598205,0.0295448261543082,0.011724357779976602
canny,pixel,0.3,0.3893522167016152,0.07482102720410777,0.045655631846180045
canny,sub-pixel,0.3,0.19904706477598205,0.0295448261543082,0.011724357779976602
threshold,pixel,0.3,0.34787570495537556,0.02714225673389581,0.008493050597390361
threshold,sub-pixel,0.3,0.184167010977379,0.014574787861878269,0.012384700238960322
canny,pixel,0.3,0.35600777071437517,0.0945500819888433,0.08948164164436068
canny,sub-pixel,0.3,0.184167010977379,0.014574787861878269,0.012384700238960322
threshold,pixel,0.3,0.36915542921146277,0.0050779839885610745,0.036902228455591546
threshold,sub-pixel,0.3,0.18482458643455402,0.0055339005672006,0.04336109195165516
canny,pixel,0.3,0.3777340268049785,0.07037145039562054,0.05036708077016128
canny,sub-pixel,0.3,0.18482458643455402,0.0055339005672006,0.04336109195165516
threshold,pixel,0.3,0.35513211976363956,0.016299507962577287,0.04449431793260583
threshold,sub-pixel,0.3,0.18399176859514021,0.0069778193322324045,0.012614729544664582
canny,pixel,0.3,0.37669681158278623,0.04631760428788756,0.020194388181341782
canny,sub-pixel,0.3,0.18399176859514021,0.0069778193322324045,0.012614729544664582
threshold,pixel,0.3,0.36482825642586625,0.026539499449680037,0.004084314807176748
threshold,sub-pixel,0.3,0.18495295180113974,0.02912390485235128,0.03331767369083849
canny,pixel,0.3,0.37414223758737364,0.10687686887454573,0.10494745237976533
canny,sub-pixel,0.3,0.18495295180113974,0.02912390485235128,0.03331767369083849
threshold,pixel,0.3,0.3616258210543743,0.00703739683865956,0.03916276535495511
threshold,sub-pixel,0.3,0.19103823152568833,0.03455846114423666,0.01444259656103064
canny,pixel,0.3,0.36823375293107996,0.07382910937799159,0.07828928335849694
canny,sub-pixel,0.3,0.19103823152568833,0.03455846114423666,0.01444259656103064
threshold,pixel,0.3,0.3453062191579248,0.043826045021676974,0.025471556437517417
threshold,sub-pixel,0.3,0.18766182542187565,0.030548183353568015,0.027235656476499503
canny,pixel,0.3,0.35738466303221456,0.08365147025978847,0.07199224677743699
canny,sub-pixel,0.3,0.18766182542187565,0.030548183353568015,0.027235656476499503
threshold,pixel,0.3,0.36656333894900966,0.030938477758029936,0.03706706465345033
threshold,sub-pixel,0.3,0.18894273604062645,0.026519397442358872,0.04327334649308945
canny,pixel,0.3,0.3701418556117436,0.09111610749986199,0.10868129362659928
canny,sub-pixel,0.3,0.18894273604062645,0.026519397442358872,0.04327334649308945
threshold,pixel,0.3,0.36650160324337494,0.04713031081357666,0.01201049409488486
threshold,sub-pixel,0.3,0.1922056243622875,0.030505116289542777,0.022331488492674856
canny,pixel,0.3,0.3781138579319434,0.10136735421599241,0.09823264297674372
canny,sub-pixel,0.3,0.1922056243622875,0.030505116289542777,0.022331488492674856
threshold,pixel,0.3,0.36675577345102267,0.021229342471266177,0.01682937936899731
threshold,sub-pixel,0.3,0.19101998325333167,0.03591058488462906,0.04751688016715305
canny,pixel,0.3,0.376076018160522,0.06006772200393662,0.019633751242762232
canny,sub-pixel,0.3,0.19101998325333167,0.03591058488462906,0.04751688016715305
threshold,pixel,1.0,0.3611769771792712,0.009890116118650316,0.028077120521287302
threshold,sub-pixel,1.0,0.19239719107703182,0.017687636445393284,0.029213049146094905
canny,pixel,1.0,0.3653557960273667,0.06603184083687952,0.07779296775046052
canny,sub-pixel,1.0,0.19239719107703182,0.017687636445393284,0.029213049146094905
threshold,pixel,1.0,0.3604335893939067,0.009590279098955157,0.0003711526257526021
threshold,sub-pixel,1.0,0.19199011623740092,0.01419243039284035,0.015078900171298315
canny,pixel,1.0,0.36719430069229814,0.03633450314920572,0.014758085214935823
canny,sub-pixel,1.0,0.19199011623740092,0.01419243039284035,0.015078900171298315
threshold,pixel,1.0,0.3701536717393664,0.015517413718415751,0.019952539813434367
threshold,sub-pixel,1.0,0.18948327692179895,0.02884984035079663,0.026331685487837042
canny,pixel,1.0,0.37968360912017335,0.07814472843976539,0.06713359678293895
canny,sub-pixel,1.0,0.18948327692179895,0.02884984035079663,0.026331685487837042
threshold,pixel,1.0,0.3693591308016707,0.012291851909806861,0.02813105644057723
threshold,sub-pixel,1.0,0.19509646049213086,0.031134933863139036,0.048675386356104466
canny,pixel,1.0,0.3906352355265473,0.06443490522670614,0.06394436363638523
canny,sub-pixel,1.0,0.19509646049213086,0.031134933863139036,0.048675386356104466
threshold,pixel,1.0,0.3695510489591589,0.014166892937998887,0.0021775376154511417
threshold,sub-pixel,1.0,0.19393691270284336,0.01150784990322229,0.034073743725119954
canny,pixel,1.0,0.3692974515480284,0.0463715565337286,0.060504320656640465
canny,sub-pixel,1.0,0.19393691270284336,0.01150784990322229,0.034073743725119954
threshold,pixel,1.0,0.35444679388399547,0.012332787163733094,0.03418220527852456
threshold,sub-pixel,1.0,0.18918727829747434,0.00933423316819082,0.009337384754829259
canny,pixel,1.0,0.372904183481748,0.06814675443246077,0.0655437517803894
canny,sub-pixel,1.0,0.18918727829747434,0.00933423316819082,0.009337384754829259
threshold,pixel,1.0,0.352812288479601,0.025596583675419837,0.002672705370753814
threshold,sub-pixel,1.0,0.19682426352114657,0.026122640620443005,0.03713854733961619
canny,pixel,1.0,0.3690583789806131,0.07621122200627439,0.05289338102307717
canny,sub-pixel,1.0,0.19682426352114657,0.026122640620443005,0.03713854733961619
threshold,pixel,1.0,0.36856240655922046,0.026950252395197882,0.07640218587845116
threshold,sub-pixel,1.0,0.1958516110153799,0.022548624561375852,0.025562889061292893
canny,pixel,1.0,0.37641290894776114,0.07206868774163433,0.006843811770612884
canny,sub-pixel,1.0,0.1958516110153799,0.022548624561375852,0.025562889061292893
threshold,pixel,1.0,0.35944070157142893,0.01886363261169499,0.05990830933712443
threshold,sub-pixel,1.0,0.19641579403500345,0.022013540668580855,0.015908511065522157
canny,pixel,1.0,0.36310767281515577,0.029589293015099827,0.00895990150672743
canny,sub-pixel,1.0,0.19641579403500345,0.022013540668580855,0.015908511065522157
threshold,pixel,1.0,0.3763838489846911,0.013585530329905171,0.014751681007372675
threshold,sub-pixel,1.0,0.18698374863928213,0.027553096223429496,0.021478156159891126
canny,pixel,1.0,0.3838293892399556,0.06323539968422331,0.07870410622174595
canny,sub-pixel,1.0,0.18698374863928213,0.027553096223429496,0.021478156159891126
threshold,pixel,1.0,0.3632877701269224,0.011451802240221687,0.028000873330814358
threshold,sub-pixel,1.0,0.20071966304982625,0.009888845139213731,0.014651058947336981
canny,pixel,1.0,0.36990241390497486,0.05693474672619969,0.044250028592674795
canny,sub-pixel,1.0,0.20071966304982625,0.009888845139213731,0.014651058947336981
threshold,pixel,1.0,0.3789755417352171,0.028912876459566195,0.050791594402691764
threshold,sub-pixel,1.0,0.19691564701370928,0.016723508297309286,0.009738827321561505
canny,pixel,1.0,0.3861858254677613,0.032308887136908826,0.01432746321653644
canny,sub-pixel,1.0,0.19691564701370928,0.016723508297309286,0.009738827321561505
threshold,pixel,1.0,0.382229918718697,0.02393680834009415,0.01745624410539648
threshold,sub-pixel,1.0,0.19160478554339577,0.02314182876576132,0.04026301330240312
canny,pixel,1.0,0.3929676389753578,0.045908847330761504,0.04522459178944627
canny,sub-pixel,1.0,0.19665051730109231,0.024585630886556742,0.03752813179160852
threshold,pixel,1.0,0.3697650048206342,0.01727761691966312,0.05217014497711392
threshold,sub-pixel,1.0,0.18885031867853908,0.009940141688714155,0.00884961488793623
canny,pixel,1.0,0.3775541125289956,0.057082950587665104,0.009913049593950563
canny,sub-pixel,1.0,0.18885031867853908,0.009940141688714155,0.00884961488793623
threshold,pixel,1.0,0.3635231872718579,0.014053123132764744,0.025517646734115385
threshold,sub-pixel,1.0,0.19687971777253555,0.015216520637046815,0.028785380943384897
canny,pixel,1.0,0.3773825677144341,0.07195663322140311,0.06042268745712298
canny,sub-pixel,1.0,0.19687971777253555,0.015216520637046815,0.028785380943384897
threshold,pixel,2.0,0.37745313910700107,0.005463852634469135,0.011939884524073463
threshold,sub-pixel,2.0,0.20146289650595606,0.011857034934951827,0.01713379764283518
canny,pixel,2.0,0.37794375682175163,0.05153342669210326,0.08696202141080467
canny,sub-pixel,2.0,0.20146289650595606,0.011857034934951827,0.01713379764283518
threshold,pixel,2.0,0.363696377667977,0.017139578547468504,0.02137919608566663
threshold,sub-pixel,2.0,0.20008865521978753,0.019785189624591637,0.030894753657187746
canny,pixel,2.0,0.3849270540138523,0.07221014846062623,0.06387150902565653
canny,sub-pixel,2.0,0.2123125308475342,0.023252864741110768,0.016037279106791535
threshold,pixel,2.0,0.3656159422219599,0.031518862192543184,0.08703013256878855
threshold,sub-pixel,2.0,0.19799722436487865,0.022751819737260592,0.004553551570366299
canny,pixel,2.0,0.38284461309386153,0.04532773580054983,0.004033770934558367
canny,sub-pixel,2.0,0.19799722436487865,0.022751819737260592,0.004553551570366299
threshold,pixel,2.0,0.36659442893292543,0.015240961132200748,0.02209276746230482
threshold,sub-pixel,2.0,0.19984435333051637,0.013130038087966422,0.02646279519212902
canny,pixel,2.0,0.4206325418569272,0.056369725122851544,0.01024000440068118
canny,sub-pixel,2.0,0.2453360586842173,0.04240135867094841,0.0002772625169900067
threshold,pixel,2.0,0.3578906547304128,0.005588043195310921,0.010200591060463005
threshold,sub-pixel,2.0,0.20712066045233113,0.017754396847288856,0.026288021998746913
canny,pixel,2.0,0.37799132101048516,0.0545704441675714,0.04593972128046686
canny,sub-pixel,2.0,0.21584100782224197,0.026597874810452726,0.004654363593332045
threshold,pixel,2.0,0.3758675632231684,0.013133074862717087,0.029705731817845527
threshold,sub-pixel,2.0,0.20312430168961657,0.04477318428898547,0.04257284872313383
canny,pixel,2.0,0.377907425040758,0.06649040797736872,0.03891912120930496
canny,sub-pixel,2.0,0.20894383798299077,0.044628689384856646,0.03535785144826131
threshold,pixel,2.0,0.3646392347266896,0.014593645280860823,0.05515886719031893
threshold,sub-pixel,2.0,0.20222118396497024,0.0051891285789236186,0.0037714971341633596
canny,pixel,2.0,0.372532748988492,0.04934491283373488,0.007852453736685971
canny,sub-pixel,2.0,0.20763973073801573,0.0043850915571787,0.009948935941640702
threshold,pixel,2.0,0.36291370660677513,0.013886109515301781,0.0422490730091869
threshold,sub-pixel,2.0,0.20498047926364305,0.020901412590815016,0.011050719437319056
canny,pixel,2.0,0.37347162545983764,0.06372656788566478,0.028993875286078996
canny,sub-pixel,2.0,0.20498047926364305,0.020901412590815016,0.011050719437319056
threshold,pixel,2.0,0.3718836829220367,0.03551748119262055,0.03844366134516264
threshold,sub-pixel,2.0,0.19896392418146644,0.013859292951404423,0.022587468887468987
canny,pixel,2.0,0.38078764452858116,0.030202492481994025,0.011687324628534279
canny,sub-pixel,2.0,0.2013827813709187,0.014262535364973683,0.019407878317682314
threshold,pixel,2.0,0.3730172272237515,0.021628703151507,0.02586925439125909
threshold,sub-pixel,2.0,0.19983805395161203,0.008782013917752574,0.020410857719561637
canny,pixel,2.0,0.37398869682362035,0.04974927122714279,0.04007191226590656
canny,sub-pixel,2.0,0.20143578660949585,0.009368001508658907,0.025198951260253732
threshold,pixel,2.0,0.3525870066512785,0.004371632960361915,0.019853230867755256
threshold,sub-pixel,2.0,0.1966706898403945,0.02668927163790069,0.010629846605126003
canny,pixel,2.0,0.374763519016758,0.061772398984840104,0.025748098732577773
canny,sub-pixel,2.0,0.1966706898403945,0.02668927163790069,0.010629846605126003
threshold,pixel,2.0,0.36596124156540805,0.013830691759820324,0.03655565860427035
threshold,sub-pixel,2.0,0.19962252107157424,0.022511838259139716,0.017511214570949063
canny,pixel,2.0,0.43062651129577073,0.09972425255237027,0.11068859335401626
canny,sub-pixel,2.0,0.2685920318223314,0.054766417005798984,0.07460115245408327
threshold,pixel,2.0,0.36841473076228337,0.005747434163289489,0.014081436071524678
threshold,sub-pixel,2.0,0.20110521915072221,0.012200239320148243,0.025389443197185058
canny,pixel,2.0,0.4047575579590039,0.05190665644835046,0.04280952747668998
canny,sub-pixel,2.0,0.21961748697037847,0.019962572909031806,0.02990563521939671
threshold,pixel,2.0,0.3635974788857683,0.022864938496365395,0.05291122955676997
threshold,sub-pixel,2.0,0.19148752958528448,0.012775582208207514,0.005667808691189435
canny,pixel,2.0,0.3763710919468132,0.03763904597809775,0.005684080863582075
canny,sub-pixel,2.0,0.19754331781533635,0.012312039287910803,0.007549401578121007
threshold,pixel,2.0,0.36113179368233106,0.018663907839952754,0.005912675635447062
threshold,sub-pixel,2.0,0.19348425153107818,0.020508257387737316,0.01469038791628674
canny,pixel,2.0,0.3922756353885241,0.04794830296402752,0.033153570811196076
canny,sub-pixel,2.0,0.20593195048761723,0.02509770272259715,0.011104599347780741
threshold,pixel,4.0,0.36392009428404126,0.023151545120068895,0.03597807869554126
threshold,sub-pixel,4.0,0.21003126150364204,0.02095734441432484,0.004414278069792221
canny,pixel,4.0,0.5359986106748431,0.11189286773628526,0.15389917121144192
canny,sub-pixel,4.0,0.3786308200851086,0.07711376836281125,0.13497780835478546
threshold,pixel,4.0,0.3686224820616153,0.04330169976168585,0.09548262784841888
threshold,sub-pixel,4.0,0.21042526821367896,0.001872742093966706,0.020561340669348338
canny,pixel,4.0,0.46681280843010364,0.05728185589533097,0.08227262294154825
canny,sub-pixel,4.0,0.30684196089373583,0.06432816398708041,0.036538447408457575
threshold,pixel,4.0,0.3701458193107961,0.004928349874187665,0.0033010444813625917
threshold,sub-pixel,4.0,0.2147836861739149,0.009459345737199532,0.0024172951206495874
canny,pixel,4.0,0.41968495253345983,0.0849712887369487,0.047837211044352346
canny,sub-pixel,4.0,0.2774772512682852,0.031717165505672495,0.024770990543296012
threshold,pixel,4.0,0.3777000649045439,0.018482012951942073,0.07153121730125434
threshold,sub-pixel,4.0,0.20942420485296498,0.015143023489120111,0.00011761533476084551
canny,pixel,4.0,0.4577482511111338,0.08965616970605861,0.037056961479404515
canny,sub-pixel,4.0,0.2863998450457011,0.04868577284551601,0.05653631887475674
threshold,pixel,4.0,0.3682396532384848,0.03276851938756287,0.04060232267319952
threshold,sub-pixel,4.0,0.2117857243703413,0.010638700128978162,0.022734873607615613
canny,pixel,4.0,0.4953175271830771,0.06524456025263814,0.10521229050676628
canny,sub-pixel,4.0,0.33466356376311396,0.06627137677173367,0.07730242743013882
threshold,pixel,4.0,0.36717026344651504,0.01730007978183179,0.032260534888248094
threshold,sub-pixel,4.0,0.21531859805071066,0.020384098163161224,0.03394599208096816
canny,pixel,4.0,0.4230488340140221,0.058477682591893565,0.038653995435673716
canny,sub-pixel,4.0,0.27436597353995124,0.05303207348698069,0.0009349964621716556
threshold,pixel,4.0,0.3885422999063265,0.02233726234914646,0.011677185356910202
threshold,sub-pixel,4.0,0.21916468372086595,0.03894524705582969,0.02578914121016651
canny,pixel,4.0,0.5758366054703457,0.23699462743933142,0.0548681032785423
canny,sub-pixel,4.0,0.4243496724228361,0.19373989303438266,0.007502924817802015
threshold,pixel,4.0,0.37875920718267625,0.01620275630646617,0.012632952840043954
threshold,sub-pixel,4.0,0.21986639000213337,0.026752256168365518,0.03218903598120226
canny,pixel,4.0,0.4664892712443728,0.09574098875484904,0.08174654507704404
canny,sub-pixel,4.0,0.3135635894028968,0.05592493650062336,0.024140563026721074
threshold,pixel,4.0,0.37107942261212096,0.020380598779460968,0.009900256116265105
threshold,sub-pixel,4.0,0.22249266314083377,0.03880206263041808,0.030096208018361992
canny,pixel,4.0,0.5423914611541709,0.1805562499203327,0.042254059390355314
canny,sub-pixel,4.0,0.38586797299277753,0.13600801631306314,0.021432095872450763
threshold,pixel,4.0,0.3748714596440652,0.011258940557175467,0.0269009925955066
threshold,sub-pixel,4.0,0.21927834079403363,0.016154817581873315,0.025841545023439494
canny,pixel,4.0,0.4532331848810178,0.06570383848269146,0.099982924221788
canny,sub-pixel,4.0,0.30091707732505274,0.029383640858520188,0.0462174151991559
threshold,pixel,4.0,0.36355586703834913,0.010770570041816807,0.05527349455521735
threshold,sub-pixel,4.0,0.21227802133164753,0.009776285437719134,0.014588497150864521
canny,pixel,4.0,0.4572665456141669,0.08841348887683087,0.1920839345713592
canny,sub-pixel,4.0,0.3080076771830435,0.05770721958638092,0.16060629900937817
threshold,pixel,4.0,0.3608058633330976,0.010229466321776681,0.036160182715474054
threshold,sub-pixel,4.0,0.2003206708549176,0.023155646761463422,0.00578853122528411
canny,pixel,4.0,0.4610536214710665,0.09558945577862954,0.11967146620893043
canny,sub-pixel,4.0,0.3003514433561739,0.07447277037435407,0.08222366655665936
threshold,pixel,4.0,0.3758188861675461,0.012394913368046101,0.042396499033395374
threshold,sub-pixel,4.0,0.21868328976028054,0.012772042012415219,0.02116109408830824
canny,pixel,4.0,0.45403293215955864,0.09272457624842123,0.00506131416502642
canny,sub-pixel,4.0,0.2791111078467503,0.04194393128531604,0.03555542673705814
threshold,pixel,4.0,0.37629462093411564,0.004602380792083194,0.09294899294125436
threshold,sub-pixel,4.0,0.21477968212907134,0.032883926018614895,0.010559468929865146
canny,pixel,4.0,0.47090349669634163,0.08382009158098958,0.2226164897754752
canny,sub-pixel,4.0,0.312256574553839,0.07933505248954875,0.16990137369704028
threshold,pixel,4.0,0.36359080446712716,0.021767089104867576,0.06369070421801748
threshold,sub-pixel,4.0,0.21022592160536663,0.018235997834631812,0.017030474091443537
canny,pixel,4.0,0.47396004507000444,0.10923853451777199,0.20516540669673589
canny,sub-pixel,4.0,0.32466396863056485,0.06597183827019837,0.2389404430136115
threshold,pixel,0.3,0.36567011576185127,0.014570573941803056,0.09800788507306524
threshold,sub-pixel,0.3,0.18834696413937324,0.027978965380691,0.0058550634978393745
canny,pixel,0.3,0.38065106228528967,0.05220655835275434,0.03322166308912777
canny,sub-pixel,0.3,0.18834696413937324,0.027978965380691,0.0058550634978393745
threshold,pixel,0.3,0.36381121738339317,0.015420675295055197,0.028503449331075403
threshold,sub-pixel,0.3,0.1895276773891253,0.015040243812884713,0.013850912815812633
canny,pixel,0.3,0.3660775754402701,0.04100745818268536,0.007543263269385259
canny,sub-pixel,0.3,0.1895276773891253,0.015040243812884713,0.013850912815812633
threshold,pixel,0.3,0.3584815016434253,0.02079558000190873,0.03403734269431369
threshold,sub-pixel,0.3,0.184358291156926,0.03186723390519841,0.020400668174600733
canny,pixel,0.3,0.36649424700003247,0.07599847541689175,0.02303417086203563
canny,sub-pixel,0.3,0.184358291156926,0.03186723390519841,0.020400668174600733
threshold,pixel,0.3,0.3586116661492146,0.029650644534548465,0.020290628535215127
threshold,sub-pixel,0.3,0.19004249030814557,0.01704527827391178,0.007229850364579793
canny,pixel,0.3,0.36066084955955435,0.07713883261041266,0.05967299905511614
canny,sub-pixel,0.3,0.19004249030814557,0.01704527827391178,0.007229850364579793
threshold,pixel,0.3,0.36430018978133316,0.02138883068583808,0.02947833227926222
threshold,sub-pixel,0.3,0.18853824998012597,0.01226370640222707,0.010839623629064876
canny,pixel,0.3,0.366101651904966,0.05911464940810651,0.05433152420500398
canny,sub-pixel,0.3,0.18853824998012597,0.01226370640222707,0.010839623629064876
threshold,pixel,0.3,0.36727431548592027,0.025058036305645515,0.0934438525084893
threshold,sub-pixel,0.3,0.18641796105373903,0.018593577889511215,0.006591917794023239
canny,pixel,0.3,0.370676367675432,0.05912790039448257,0.023395053753046957
canny,sub-pixel,0.3,0.18641796105373903,0.018593577889511215,0.006591917794023239
threshold,pixel,0.3,0.3621961258934525,0.042831077447847865,0.024382671131282452
threshold,sub-pixel,0.3,0.18496887820154628,0.024156919046798175,0.014502060686945928
canny,pixel,0.3,0.38277665150649287,0.10621215564760789,0.021979564588313405
canny,sub-pixel,0.3,0.18496887820154628,0.024156919046798175,0.014502060686945928
threshold,pixel,0.3,0.35502995697436823,0.020449462451955114,0.042892031912656226
threshold,sub-pixel,0.3,0.19056554431380437,0.02590003185634393,0.005670593702191251
canny,pixel,0.3,0.35429340971698103,0.07025264506894591,0.0035095857032148015
canny,sub-pixel,0.3,0.19056554431380437,0.02590003185634393,0.005670593702191251
threshold,pixel,0.3,0.3730820851230783,0.018767294903272447,0.03981550811045831
threshold,sub-pixel,0.3,0.1852831985795197,0.01953233263260168,0.0008729107239107137
canny,pixel,0.3,0.368227440585251,0.08022538971423276,0.05564545955465783
canny,sub-pixel,0.3,0.1852831985795197,0.01953233263260168,0.0008729107239107137
threshold,pixel,0.3,0.3566623885463951,0.022144501457269983,0.03255268660676758
threshold,sub-pixel,0.3,0.1835680845978242,0.025449799891082314,0.004242735445999957
canny,pixel,0.3,0.3680691673286197,0.06709849311738114,0.020435366350116002
canny,sub-pixel,0.3,0.1835680845978242,0.025449799891082314,0.004242735445999957
threshold,pixel,0.3,0.36277092697605856,0.023694931321361468,0.009140471544423878
threshold,sub-pixel,0.3,0.1862945882652019,0.023816986062611734,0.014982454030175951
canny,pixel,0.3,0.35674486797207094,0.07447556920565346,0.04521795049333832
canny,sub-pixel,0.3,0.1862945882652019,0.023816986062611734,0.014982454030175951
threshold,pixel,0.3,0.35842443246246614,0.026839244051649058,0.039657595141736834
threshold,sub-pixel,0.3,0.18642340133345714,0.01888982123877936,0.002323438215383833
canny,pixel,0.3,0.36124645258243515,0.05369250361507649,0.00464675452858665
canny,sub-pixel,0.3,0.18642340133345714,0.01888982123877936,0.002323438215383833
threshold,pixel,0.3,0.36777603328805925,0.024050265941757076,0.07133848121249353
threshold,sub-pixel,0.3,0.18518509786630355,0.035114189051837275,0.022025025162080603
canny,pixel,0.3,0.3691513500618739,0.06791144834228713,0.031200220745386087
canny,sub-pixel,0.3,0.18518509786630355,0.035114189051837275,0.022025025162080603
threshold,pixel,0.3,0.3633985040327311,0.017701752194192455,0.018901920146788376
threshold,sub-pixel,0.3,0.1885985888745289,0.021844873247042762,0.006431619069643846
canny,pixel,0.3,0.3718793928655426,0.07811413825909352,0.056658178409471516
canny,sub-pixel,0.3,0.1885985888745289,0.021844873247042762,0.006431619069643846
threshold,pixel,0.3,0.35980612032727316,0.02176520037185159,0.036409253761433336
threshold,sub-pixel,0.3,0.1837707007430217,0.0150257159030881,0.006150645718794756
canny,pixel,0.3,0.357878298610006,0.07343475118548182,0.04887855779893657
canny,sub-pixel,0.3,0.1837707007430217,0.0150257159030881,0.006150645718794756
threshold,pixel,1.0,0.36899158984411673,0.03518964843521666,0.021822932674479656
threshold,sub-pixel,1.0,0.19211970528277963,0.0312984331100723,0.00909754531843765
canny,pixel,1.0,0.3814062839858946,0.08024282303078578,0.034018279765913206
canny,sub-pixel,1.0,0.19211970528277963,0.0312984331100723,0.00909754531843765
threshold,pixel,1.0,0.36142385638809504,0.01096355443481356,0.06319006578208275
threshold,sub-pixel,1.0,0.1934545299844473,0.020752339891438654,0.01777574149967176
canny,pixel,1.0,0.35902986271139653,0.04397436373708863,0.007749940796340393
canny,sub-pixel,1.0,0.1934545299844473,0.020752339891438654,0.01777574149967176
threshold,pixel,1.0,0.36506265993308995,0.02072278675516359,0.08442529925080433
threshold,sub-pixel,1.0,0.19065181059294145,0.02426831589529188,0.023411183920972967
canny,pixel,1.0,0.3658944765566474,0.042803716526504276,0.008096059963231372
canny,sub-pixel,1.0,0.19065181059294145,0.02426831589529188,0.023411183920972967
threshold,pixel,1.0,0.3576683135783769,0.017060997015140078,0.0655307870719899
threshold,sub-pixel,1.0,0.191719655504888,0.043888148426290075,0.009839676583569767
canny,pixel,1.0,0.37112121386232433,0.07622127408849388,0.011698585465830025
canny,sub-pixel,1.0,0.191719655504888,0.043888148426290075,0.009839676583569767
threshold,pixel,1.0,0.35527147283787974,0.010936827637885504,0.09325269925454038
threshold,sub-pixel,1.0,0.2031789387350715,0.03149045568330844,0.016677661656442133
canny,pixel,1.0,0.37595642349292074,0.07629549972637373,0.023123424743027643
canny,sub-pixel,1.0,0.2031789387350715,0.03149045568330844,0.016677661656442133
threshold,pixel,1.0,0.3622287486014321,0.01719098489278903,0.04248039413838778
threshold,sub-pixel,1.0,0.19124194489410398,0.02829983526989588,0.0009560163896296103
canny,pixel,1.0,0.374753406105505,0.06488087069104187,0.016814266458542226
canny,sub-pixel,1.0,0.19124194489410398,0.02829983526989588,0.0009560163896296103
threshold,pixel,1.0,0.3662677505173052,0.03496106859726533,0.0026499345294388466
threshold,sub-pixel,1.0,0.19492145584951812,0.02860895216699344,0.045015704798711864
canny,pixel,1.0,0.36397888136902634,0.09200848143017226,0.06645128400928679
canny,sub-pixel,1.0,0.19492145584951812,0.02860895216699344,0.045015704798711864
threshold,pixel,1.0,0.36296922459849323,0.006829871626801376,0.0760970700392245
threshold,sub-pixel,1.0,0.18904983798549874,0.0217230708311984,0.007615056266633058
canny,pixel,1.0,0.3660933691570665,0.0541371921378202,0.019474531881773727
canny,sub-pixel,1.0,0.18904983798549874,0.0217230708311984,0.007615056266633058
threshold,pixel,1.0,0.3665041780063256,0.02361236254832244,0.060901854328412997
threshold,sub-pixel,1.0,0.1952627134103695,0.031721451047151294,0.018558080248968434
canny,pixel,1.0,0.381394693405015,0.08197875550365052,0.014669320498537308
canny,sub-pixel,1.0,0.1952627134103695,0.031721451047151294,0.018558080248968434
threshold,pixel,1.0,0.35638020342850374,0.019801448061983695,0.03620960155760278
threshold,sub-pixel,1.0,0.19692440494640934,0.02335037079461333,0.0072333674337803355
canny,pixel,1.0,0.36628696814161366,0.051644264212392654,0.003571756532299686
canny,sub-pixel,1.0,0.19692440494640934,0.02335037079461333,0.0072333674337803355
threshold,pixel,1.0,0.363883814244935,0.013607952943764157,0.04464538214138147
threshold,sub-pixel,1.0,0.1831997997391447,0.010209493748412402,0.012589457315563823
canny,pixel,1.0,0.3721026473407849,0.054459003616532775,0.0003431907145132751
canny,sub-pixel,1.0,0.1831997997391447,0.010209493748412402,0.012589457315563823
threshold,pixel,1.0,0.3663902641926873,0.004064106127970479,0.03809760627713832
threshold,sub-pixel,1.0,0.19204522583540562,0.022212033878376447,0.01249512186679591
canny,pixel,1.0,0.36779316027998615,0.0523706558693533,0.007334552504477454
canny,sub-pixel,1.0,0.19204522583540562,0.022212033878376447,0.01249512186679591
threshold,pixel,1.0,0.3611962052541624,0.017352500200477294,0.052919650304566135
threshold,sub-pixel,1.0,0.18656877694875407,0.016277525048512764,0.006510822631994317
canny,pixel,1.0,0.37834537653628475,0.05063630664717855,0.001212458876783007
canny,sub-pixel,1.0,0.18656877694875407,0.016277525048512764,0.006510822631994317
threshold,pixel,1.0,0.3826022607987973,0.007825926477405432,0.0731725547095552
threshold,sub-pixel,1.0,0.1926461091607709,0.02515539293243041,0.0014163447171682275
canny,pixel,1.0,0.386654313856339,0.06613255321784361,0.012512061680245656
canny,sub-pixel,1.0,0.1926461091607709,0.02515539293243041,0.0014163447171682275
threshold,pixel,1.0,0.3552171508530707,0.028922690965849873,0.07840954068648043
threshold,sub-pixel,1.0,0.181702445958147,0.015538277465559469,0.014826415264976411
canny,pixel,1.0,0.36110844159267985,0.09985925891551206,0.031908279818570584
canny,sub-pixel,1.0,0.181702445958147,0.015538277465559469,0.014826415264976411
threshold,pixel,2.0,0.3704943721670214,0.031172617942331615,0.01600453882184527
threshold,sub-pixel,2.0,0.2026589216860405,0.02852586905038168,0.028931386993819475
canny,pixel,2.0,0.3801040931592432,0.07205499355078859,0.046950184911639825
canny,sub-pixel,2.0,0.2026589216860405,0.02852586905038168,0.028931386993819475
threshold,pixel,2.0,0.35421570019194293,0.01399513824544274,0.04865201389331464
threshold,sub-pixel,2.0,0.1982517399046558,0.017346537506512938,0.004898933411482398
canny,pixel,2.0,0.35635611499397724,0.04547279416542305,0.014935363223874898
canny,sub-pixel,2.0,0.1982517399046558,0.017346537506512938,0.004898933411482398
threshold,pixel,2.0,0.364970874656548,0.006436192023151488,0.043960963447363666
threshold,sub-pixel,2.0,0.1994322111248453,0.03332992139473567,0.0151940642117383
canny,pixel,2.0,0.3728189494296894,0.07321052879355727,0.01406311841241914
canny,sub-pixel,2.0,0.1994322111248453,0.03332992139473567,0.0151940642117383
threshold,pixel,2.0,0.3775046086425197,0.006700252937100193,0.10120218494800692
threshold,sub-pixel,2.0,0.20194959038178195,0.0160538991116711,0.013343429647605154
canny,pixel,2.0,0.3958147516929873,0.03764319090564461,0.12060425966787935
canny,sub-pixel,2.0,0.2347838174143217,0.02481071593801898,0.05984714053230267
threshold,pixel,2.0,0.3758128924921548,0.022456582658252677,0.1057768115734532
threshold,sub-pixel,2.0,0.20447584823311632,0.008700815137481888,0.048539638048179734
canny,pixel,2.0,0.40396936383504534,0.05309614112049166,0.1195651988889741
canny,sub-pixel,2.0,0.22679135604033424,0.0154923224818172,0.08790302425660657
threshold,pixel,2.0,0.3542973522803565,0.012432755993179057,0.07898708867377291
threshold,sub-pixel,2.0,0.1836659543883764,0.011217278711155965,0.006385098001347789
canny,pixel,2.0,0.360235443997028,0.03813791375801101,0.05458568457824642
canny,sub-pixel,2.0,0.1836659543883764,0.011217278711155965,0.006385098001347789
threshold,pixel,2.0,0.36437355898775614,0.018612734611090476,0.05465498437014937
threshold,sub-pixel,2.0,0.19518174600424304,0.01502367878251687,0.0008434567450021913
canny,pixel,2.0,0.37775264029680167,0.0735543509354315,0.020180714317353354
canny,sub-pixel,2.0,0.19518174600424304,0.01502367878251687,0.0008434567450021913
threshold,pixel,2.0,0.3587944008662043,0.012353241647761526,0.0906682217009549
threshold,sub-pixel,2.0,0.20159206198509194,0.01913080629729036,0.019729830816614502
canny,pixel,2.0,0.3803847358731952,0.039543091057029245,0.0997592027731542
canny,sub-pixel,2.0,0.20159206198509194,0.01913080629729036,0.019729830816614502
threshold,pixel,2.0,0.34960761121053674,0.0030845004774668894,0.03792900307149494
threshold,sub-pixel,2.0,0.2018248670400451,0.005125898530817352,0.008514612324883153
canny,pixel,2.0,0.3754443894136743,0.04050869480479591,0.0013893315752695479
canny,sub-pixel,2.0,0.2018248670400451,0.005125898530817352,0.008514612324883153
threshold,pixel,2.0,0.3644661750453723,0.011448536759406713,0.04670427123485954
threshold,sub-pixel,2.0,0.1966828666500988,0.022185339798832082,0.012965465004273646
canny,pixel,2.0,0.3788306561321282,0.07941609617192491,0.038553128635255174
canny,sub-pixel,2.0,0.1966828666500988,0.022185339798832082,0.012965465004273646
threshold,pixel,2.0,0.380000778327643,0.00181419878595257,0.05327658188270323
threshold,sub-pixel,2.0,0.21387915719464445,0.027000312752578526,0.018625018088946454
canny,pixel,2.0,0.3864419356861091,0.04935143048817825,0.033580157596670546
canny,sub-pixel,2.0,0.2166652189927883,0.027787898313607395,0.011278956360824433
threshold,pixel,2.0,0.36523175392904844,0.015426268240509633,0.046949050403136905
threshold,sub-pixel,2.0,0.19952731120373135,0.024096407840129785,0.0016788621749848076
canny,pixel,2.0,0.3931441167637152,0.0802405277600684,0.057181407101575044
canny,sub-pixel,2.0,0.22192159319487464,0.03001127173071305,0.05969686905120564
threshold,pixel,2.0,0.3625827798763292,0.005971277468413971,0.043837887917032026
threshold,sub-pixel,2.0,0.20419953100715044,0.015940519203673453,0.02288759719780553
canny,pixel,2.0,0.3782008443500554,0.08016713150017019,0.05109072081843835
canny,sub-pixel,2.0,0.20801035435386483,0.016069931288416717,0.019955714813804537
threshold,pixel,2.0,0.35123474760596735,0.008116556588679713,0.023791730169306247
threshold,sub-pixel,2.0,0.1955225393087603,0.02140465592243912,0.010799142529899441
canny,pixel,2.0,0.36299362401936547,0.06872893207378905,0.030296841012915632
canny,sub-pixel,2.0,0.1955225393087603,0.02140465592243912,0.010799142529899441
threshold,pixel,2.0,0.36263660470674086,0.021963743280877246,0.05931925576246555
threshold,sub-pixel,2.0,0.19623170986347177,0.01484756145917887,0.003683546472966759
canny,pixel,2.0,0.38409433470340515,0.06070028006483286,0.014015841743368895
canny,sub-pixel,2.0,0.20751267773650353,0.015271189855508793,0.0032192229209546674
threshold,pixel,4.0,0.3865524372898403,0.009642841722530937,0.11529500793968683
threshold,sub-pixel,4.0,0.21524735191760347,0.015879489150398607,0.01916351419740181
canny,pixel,4.0,0.5234344304916699,0.11385196049227098,0.4174096229904034
canny,sub-pixel,4.0,0.3544605168459214,0.08168434804927183,0.397525786393103
threshold,pixel,4.0,0.37452939094369864,0.03176814740780842,0.09462776902235781
threshold,sub-pixel,4.0,0.2087344414967182,0.006084712501143064,0.010170027195478992
canny,pixel,4.0,0.4754631946570026,0.07570409129191746,0.07099895655832933
canny,sub-pixel,4.0,0.31259231919624975,0.05499757005014094,0.09233915526809744
threshold,pixel,4.0,0.379898247826577,0.011716220135101763,0.07130239279580008
threshold,sub-pixel,4.0,0.22006569138747434,0.021713390626797335,0.01858835583066476
canny,pixel,4.0,0.5025198763143237,0.10957845413773148,0.21434639669865274
canny,sub-pixel,4.0,0.33182941885312384,0.056674917006526604,0.22873434013080263
threshold,pixel,4.0,0.36078515707955,0.0295698720914237,0.08445095691180948
threshold,sub-pixel,4.0,0.20397510819462755,0.005573205367850442,0.01847227221126513
canny,pixel,4.0,0.5433343925595338,0.15010112588379354,0.14776831271284152
canny,sub-pixel,4.0,0.3827508604865597,0.11787695432253364,0.14062399430845995
threshold,pixel,4.0,0.3746891917765729,0.014136707469557863,0.094657462054762
threshold,sub-pixel,4.0,0.21396509203818542,0.010426253683397335,0.03419672757513359
canny,pixel,4.0,0.4433237991243802,0.10384340022174954,0.04129314224535041
canny,sub-pixel,4.0,0.2792123302204959,0.043803344224929264,0.08647686248608077
threshold,pixel,4.0,0.3789314911063524,0.01858680307776661,0.05094555146762736
threshold,sub-pixel,4.0,0.22306600197203613,0.034928668166663734,0.017229413760105228
canny,pixel,4.0,0.5063939474097605,0.15416121413842954,0.16136595614712235
canny,sub-pixel,4.0,0.35243462084698834,0.10929584172970219,0.20127757226119658
threshold,pixel,4.0,0.3863936179872022,0.004086665823160973,0.1033981836163067
threshold,sub-pixel,4.0,0.21552357186151153,0.018685582345945306,0.00036735171788948584
canny,pixel,4.0,0.550627519573599,0.1440888861021835,0.3884827713478911
canny,sub-pixel,4.0,0.3809114577267791,0.10315599654558649,0.3232512767991711
threshold,pixel,4.0,0.37600081294211835,0.01164681424723879,0.046577890614691864
threshold,sub-pixel,4.0,0.21193950132407446,0.02251400724941688,0.015685488467707565
canny,pixel,4.0,0.48225747427106036,0.11197244709696919,0.08639710701865089
canny,sub-pixel,4.0,0.31990048537601784,0.07235071166900509,0.10720649058360165
threshold,pixel,4.0,0.3623750151707621,0.04936137055577938,0.07174844975849459
threshold,sub-pixel,4.0,0.21860343478905112,0.00672860395659125,0.026127129718955144
canny,pixel,4.0,0.47421930911920157,0.07235657549630703,0.2363678477540816
canny,sub-pixel,4.0,0.32158031996892944,0.046149671801049674,0.23229786417034104
threshold,pixel,4.0,0.36089979614998574,0.022914205543212884,0.04391349192692906
threshold,sub-pixel,4.0,0.20364765262037499,0.005999304752990486,0.00644373182357616
canny,pixel,4.0,0.4388200501758276,0.08599493430733807,0.20214328772540147
canny,sub-pixel,4.0,0.27843897991081235,0.04340959435442837,0.19473230562361188
threshold,pixel,4.0,0.35190960348974887,0.022327800722550473,0.07182410310139953
threshold,sub-pixel,4.0,0.2032452105157918,0.01079517153053422,0.0353486989605194
canny,pixel,4.0,0.4477179439698451,0.07742883594173988,0.17809747538748422
canny,sub-pixel,4.0,0.2959458426412007,0.05341275538406509,0.17006504015087676
threshold,pixel,4.0,0.3701887312654716,0.023135901116388524,0.11801251736442198
threshold,sub-pixel,4.0,0.20908214283675847,0.02979742492397075,0.04388676668590841
canny,pixel,4.0,0.5049328247634264,0.11436231671868458,0.16070267734858312
canny,sub-pixel,4.0,0.33596412551470567,0.07746243476215409,0.14895175485844425
threshold,pixel,4.0,0.37297638262306104,0.017943475559380362,0.09204777073988679
threshold,sub-pixel,4.0,0.21519066563826747,0.0222752861926222,0.0013628845100939202
canny,pixel,4.0,0.4840947384640969,0.08809064126881794,0.27353850129044455
canny,sub-pixel,4.0,0.31897270946049994,0.06379914046227131,0.24581296218146642
threshold,pixel,4.0,0.36779712341925486,0.01715329887079653,0.09589909959867349
threshold,sub-pixel,4.0,0.21382850900784162,0.019318823781931838,0.00692421304379498
canny,pixel,4.0,0.4643247466741995,0.14251557159826034,0.11926721943333218
canny,sub-pixel,4.0,0.3085434571339253,0.10958768832401256,0.11484424083810985
threshold,pixel,4.0,0.3638149428380823,0.007044665841797637,0.11004308100876625
threshold,sub-pixel,4.0,0.21552466521023783,0.02990460301828146,0.03565575780719721
canny,pixel,4.0,0.444926980796443,0.10336298158179147,0.13699853301744191
canny,sub-pixel,4.0,0.2834849717647139,0.05844475690654716,0.1321358841929836
threshold,pixel,0.3,0.3672496155091062,0.025582229989283722,0.0688077635864568
threshold,sub-pixel,0.3,0.19391431911937396,0.021684100757759284,0.05599241017712986
canny,pixel,0.3,0.3797487771635689,0.09043426339113714,0.18885319987704152
canny,sub-pixel,0.3,0.19391431911937396,0.021684100757759284,0.05599241017712986
threshold,pixel,0.3,0.36616280579013,0.01837623451559145,0.005139036678646125
threshold,sub-pixel,0.3,0.18581125542179822,0.022180046435866907,0.029597374660744524
canny,pixel,0.3,0.3835520063622335,0.07387157698897684,0.09801763317099521
canny,sub-pixel,0.3,0.18581125542179822,0.022180046435866907,0.029597374660744524
threshold,pixel,0.3,0.36228554977125105,0.008302062596852622,0.014800721050688193
threshold,sub-pixel,0.3,0.18107091600508268,0.020787355613929637,0.03536785835409528
canny,pixel,0.3,0.38309230852512344,0.07920436647738716,0.140265090214986
canny,sub-pixel,0.3,0.18107091600508268,0.020787355613929637,0.03536785835409528
threshold,pixel,0.3,0.3482130835180967,0.01765535862630485,0.010518363086999827
threshold,sub-pixel,0.3,0.17995462349535693,0.005706188329171469,0.02641813500134571
canny,pixel,0.3,0.3580769695814613,0.05729043030938563,0.08554348732217942
canny,sub-pixel,0.3,0.17995462349535693,0.005706188329171469,0.02641813500134571
threshold,pixel,0.3,0.3696436520693124,0.022984488177426377,0.07615415035187523
threshold,sub-pixel,0.3,0.1932807339269581,0.028955119514645578,0.0642732759950948
canny,pixel,0.3,0.36285841952952,0.0544095246855254,0.1226205394963844
canny,sub-pixel,0.3,0.1932807339269581,0.028955119514645578,0.0642732759950948
threshold,pixel,0.3,0.34543343927688464,0.017793380268128378,0.054354816459770916
threshold,sub-pixel,0.3,0.19065648370609078,0.013888403161934737,0.016665775302447283
canny,pixel,0.3,0.36467469119172,0.0830038010203703,0.1555286349416094
canny,sub-pixel,0.3,0.19065648370609078,0.013888403161934737,0.016665775302447283
threshold,pixel,0.3,0.3585201943526565,0.05241191789808752,0.10599612773795464
threshold,sub-pixel,0.3,0.1963117654620736,0.03931196421846861,0.05610394459130452
canny,pixel,0.3,0.3774076076097927,0.10002942035320861,0.1667638261186979
canny,sub-pixel,0.3,0.1963117654620736,0.03931196421846861,0.05610394459130452
threshold,pixel,0.3,0.3620893739675626,0.011686906527282659,0.0420190144302337
threshold,sub-pixel,0.3,0.189583505046344,0.01694959771109128,0.035666657238682564
canny,pixel,0.3,0.35914225507804126,0.05761993507527852,0.09712618034207932
canny,sub-pixel,0.3,0.189583505046344,0.01694959771109128,0.035666657238682564
threshold,pixel,0.3,0.35761904775116427,0.014734712353772106,0.01204180778808972
threshold,sub-pixel,0.3,0.18711829539072128,0.006297251088934419,0.0038300965470248194
canny,pixel,0.3,0.36788907533576987,0.07482003303518403,0.13045841067641195
canny,sub-pixel,0.3,0.18711829539072128,0.006297251088934419,0.0038300965470248194
threshold,pixel,0.3,0.3516085318061349,0.014357467630867427,0.05649440517574522
threshold,sub-pixel,0.3,0.18359932591316497,0.03291775674310837,0.058821938573695665
canny,pixel,0.3,0.358886558141993,0.07061197051241885,0.1460501138143755
canny,sub-pixel,0.3,0.18359932591316497,0.03291775674310837,0.058821938573695665
threshold,pixel,0.3,0.3476241824668679,0.04541133143554987,0.12122680295376576
threshold,sub-pixel,0.3,0.1895128768972431,0.02744526847026274,0.04658481078015786
canny,pixel,0.3,0.35826165045833247,0.07449500541253273,0.15891075865076942
canny,sub-pixel,0.3,0.1895128768972431,0.02744526847026274,0.04658481078015786
threshold,pixel,0.3,0.3597346560404976,0.028734843997744952,0.08136985271982189
threshold,sub-pixel,0.3,0.18966944885749823,0.022127908825020914,0.041247841974197286
canny,pixel,0.3,0.3730302896134269,0.07622003439363434,0.15694769217409998
canny,sub-pixel,0.3,0.18966944885749823,0.022127908825020914,0.041247841974197286
threshold,pixel,0.3,0.35152584647931406,0.021205181866054357,0.02089858795092603
threshold,sub-pixel,0.3,0.1887599894619129,0.030890678642542246,0.03343398831304434
canny,pixel,0.3,0.36314626731683325,0.062371625803228525,0.08581350304978264
canny,sub-pixel,0.3,0.1887599894619129,0.030890678642542246,0.03343398831304434
threshold,pixel,0.3,0.34968312069842744,0.02695471169827368,0.05155701172480587
threshold,sub-pixel,0.3,0.18844790256196714,0.02621167476582642,0.06410094998745253
canny,pixel,0.3,0.35072389489148387,0.07833589576527022,0.1397884047390936
canny,sub-pixel,0.3,0.18844790256196714,0.02621167476582642,0.06410094998745253
threshold,pixel,0.3,0.34260568430932886,0.020931738524313293,0.04470692409542121
threshold,sub-pixel,0.3,0.18586821418314223,0.024952937449374657,0.04053725877447789
canny,pixel,0.3,0.35198784794909865,0.08436216998349477,0.1584743015715211
canny,sub-pixel,0.3,0.18586821418314223,0.024952937449374657,0.04053725877447789
threshold,pixel,1.0,0.3606521294800172,0.01268781679598352,0.06242862673323213
threshold,sub-pixel,1.0,0.19952381402781127,0.015678098973943233,0.041453111121797726
canny,pixel,1.0,0.37286922120471755,0.054697336385885365,0.12419038801624938
canny,sub-pixel,1.0,0.19952381402781127,0.015678098973943233,0.041453111121797726
threshold,pixel,1.0,0.3562283051906434,0.029506371645045548,0.028148834124810396
threshold,sub-pixel,1.0,0.19541007903269075,0.025190007574357076,0.03107182894863003
canny,pixel,1.0,0.3590557289382849,0.0638287868179046,0.07679136881344961
canny,sub-pixel,1.0,0.19541007903269075,0.025190007574357076,0.03107182894863003
threshold,pixel,1.0,0.3697161004092235,0.010652618827782456,0.03371210415180936
threshold,sub-pixel,1.0,0.19048729078287757,0.032589171979192755,0.06167387551054215
canny,pixel,1.0,0.3748381380956469,0.08625922147904641,0.15073457467688356
canny,sub-pixel,1.0,0.19048729078287757,0.032589171979192755,0.06167387551054215
threshold,pixel,1.0,0.3564931685117495,0.016201554666612328,0.05132856054474644
threshold,sub-pixel,1.0,0.1916729198085147,0.017715822724735375,0.020142390978016067
canny,pixel,1.0,0.36089920978755163,0.04955007866434358,0.07915006180875972
canny,sub-pixel,1.0,0.1916729198085147,0.017715822724735375,0.020142390978016067
threshold,pixel,1.0,0.3656808667661769,0.0194967985564779,0.05484140265136883
threshold,sub-pixel,1.0,0.20325171938630515,0.029532945618400364,0.06733530297738266
canny,pixel,1.0,0.3756338949632815,0.06764080733623412,0.1414135835911039
canny,sub-pixel,1.0,0.20325171938630515,0.029532945618400364,0.06733530297738266
threshold,pixel,1.0,0.3638391969266835,0.004559843120662044,0.002053074515828701
threshold,sub-pixel,1.0,0.19451375231144807,0.02882420553014542,0.04570561974698828
canny,pixel,1.0,0.3767547097876245,0.07162239738863352,0.11420792062855956
canny,sub-pixel,1.0,0.19451375231144807,0.02882420553014542,0.04570561974698828
threshold,pixel,1.0,0.37243904424515106,0.02229190025653771,0.04226794336057571
threshold,sub-pixel,1.0,0.19544522890220983,0.03156474357222916,0.0671830867251424
canny,pixel,1.0,0.3809512098102926,0.06279126047222316,0.10563913336104447
canny,sub-pixel,1.0,0.19544522890220983,0.03156474357222916,0.0671830867251424
threshold,pixel,1.0,0.36428766617155417,0.016187163559428397,0.067660061803267
threshold,sub-pixel,1.0,0.1849717951073569,0.019493913932115747,0.03763933554132404
canny,pixel,1.0,0.3760963469459573,0.0761189205967886,0.15605222081295445
canny,sub-pixel,1.0,0.1849717951073569,0.019493913932115747,0.03763933554132404
threshold,pixel,1.0,0.363824625170536,0.019801406825449064,0.03439449693667562
threshold,sub-pixel,1.0,0.19579140898620853,0.026845776930730425,0.04899379318406538
canny,pixel,1.0,0.3741013308901557,0.056957233938874974,0.10682379312685875
canny,sub-pixel,1.0,0.19579140898620853,0.026845776930730425,0.04899379318406538
threshold,pixel,1.0,0.35830736065643154,0.02033071953230514,0.05378454066294269
threshold,sub-pixel,1.0,0.20052635518770087,0.02490121367797815,0.0404037663010306
canny,pixel,1.0,0.3789870036281763,0.07233520587269482,0.14480979033942498
canny,sub-pixel,1.0,0.20052635518770087,0.02490121367797815,0.0404037663010306
threshold,pixel,1.0,0.351962655559791,0.030402753720339626,0.06383834907474517
threshold,sub-pixel,1.0,0.19278399362859938,0.03540284879846667,0.06318796489700595
canny,pixel,1.0,0.3633549265355466,0.06954302181963279,0.1326766180268879
canny,sub-pixel,1.0,0.19278399362859938,0.03540284879846667,0.06318796489700595
threshold,pixel,1.0,0.358387777807238,0.00810611944637818,0.023282042189112673
threshold,sub-pixel,1.0,0.19367313213471815,0.017599012869712105,0.025493086920516994
canny,pixel,1.0,0.3731738068469058,0.0714747062095944,0.11825461869104315
canny,sub-pixel,1.0,0.19367313213471815,0.017599012869712105,0.025493086920516994
threshold,pixel,1.0,0.36002377838678223,0.015215950626201513,0.0492558410827284
threshold,sub-pixel,1.0,0.19457304525861133,0.020719332010694425,0.027466926048481888
canny,pixel,1.0,0.35980008926185186,0.054383048832534864,0.1168406211232953
canny,sub-pixel,1.0,0.19457304525861133,0.020719332010694425,0.027466926048481888
threshold,pixel,1.0,0.3674436946055798,0.012967334064207248,0.05410326424212819
threshold,sub-pixel,1.0,0.20002329466553867,0.009196304054192361,0.02994321603068295
canny,pixel,1.0,0.3818842589723504,0.038013028083518585,0.10720352989200821
canny,sub-pixel,1.0,0.20002329466553867,0.009196304054192361,0.02994321603068295
threshold,pixel,1.0,0.3781806446482707,0.042501092242373084,0.08441499420963794
threshold,sub-pixel,1.0,0.1948662541236497,0.04536334124610586,0.08729491365131059
canny,pixel,1.0,0.3743030666895101,0.08692772309493646,0.16825953659450388
canny,sub-pixel,1.0,0.1948662541236497,0.04536334124610586,0.08729491365131059
threshold,pixel,2.0,0.3531293858100035,0.00643520132269404,0.035047406175515494
threshold,sub-pixel,2.0,0.2010031361072723,0.014963684208534223,0.0590212299327777
canny,pixel,2.0,0.35300971867036746,0.057126286959057304,0.128439008199853
canny,sub-pixel,2.0,0.2010031361072723,0.014963684208534223,0.0590212299327777
threshold,pixel,2.0,0.37893215217990717,0.008723980238415918,0.001764088372746997
threshold,sub-pixel,2.0,0.20068716881500792,0.02410388187582524,0.0393312571996729
canny,pixel,2.0,0.4093823226425897,0.03738541164876297,0.12356030512072325
canny,sub-pixel,2.0,0.22842901478305255,0.032592630885626694,0.07497824762382121
threshold,pixel,2.0,0.35580869512168484,0.0031990948011927367,0.020298532138835146
threshold,sub-pixel,2.0,0.20183717817640345,0.013519177468795496,0.03617648110718097
canny,pixel,2.0,0.3891123077984844,0.08777738448298789,0.18977168151755874
canny,sub-pixel,2.0,0.22566630296666076,0.01930947753185519,0.06367408080806625
threshold,pixel,2.0,0.3638731987586636,0.002727725397741354,0.02253884800195749
threshold,sub-pixel,2.0,0.19495239620593138,0.020251190645245165,0.04672264380309876
canny,pixel,2.0,0.37513313806605264,0.07144220718832828,0.1477988817714393
canny,sub-pixel,2.0,0.20215200851359208,0.02695247948457624,0.06626504736574557
threshold,pixel,2.0,0.3563601024730182,0.010531469549235783,0.03346775073702091
threshold,sub-pixel,2.0,0.19480429107386044,0.017002184566254797,0.05719943133159999
canny,pixel,2.0,0.3746349441791933,0.043478356309715416,0.11358512273503729
canny,sub-pixel,2.0,0.19480429107386044,0.017002184566254797,0.05719943133159999
threshold,pixel,2.0,0.37940276662202727,0.0139501858719433,0.0008014011733119553
threshold,sub-pixel,2.0,0.19152855678047104,0.024202129791407123,0.04262448476140701
canny,pixel,2.0,0.4114855639536662,0.06633715052900113,0.09720855313634713
canny,sub-pixel,2.0,0.21648122714590573,0.03944536763877937,0.05912992124705063
threshold,pixel,2.0,0.36765747789486924,0.005922851406477192,0.013283383598882814
threshold,sub-pixel,2.0,0.20467859914609784,0.032975759407332994,0.05816937101253483
canny,pixel,2.0,0.3820050242581495,0.08161200685651115,0.15855480720411386
canny,sub-pixel,2.0,0.21143890464416917,0.03675905462524465,0.08095636470262679
threshold,pixel,2.0,0.3555904124351552,0.02577599306799272,0.07665396618504405
threshold,sub-pixel,2.0,0.19323088996636273,0.02286766746039659,0.0504685027991707
canny,pixel,2.0,0.3798721921253563,0.06854184323747858,0.14323730026413117
canny,sub-pixel,2.0,0.20197839755906172,0.028075961184660048,0.053472610853611435
threshold,pixel,2.0,0.3674460727244192,0.009801528990484809,0.035892433929030076
threshold,sub-pixel,2.0,0.1926516563448639,0.021409703787839907,0.04996240038650157
canny,pixel,2.0,0.3794426855025771,0.057672449539431625,0.11018653561536818
canny,sub-pixel,2.0,0.19943013791254757,0.02417315834904199,0.04994418308398041
threshold,pixel,2.0,0.36990289844958524,0.019863191075956355,0.009259809960452614
threshold,sub-pixel,2.0,0.20130017865773991,0.023203625727904353,0.04157960446161457
canny,pixel,2.0,0.38698451868301564,0.0448400347977469,0.09600958111432778
canny,sub-pixel,2.0,0.21092050490967584,0.02785768092651586,0.040448045387643905
threshold,pixel,2.0,0.3674116352468163,0.013029297402476825,0.016050124698542056
threshold,sub-pixel,2.0,0.19955132830208672,0.01972899087498947,0.03359318849669579
canny,pixel,2.0,0.36480830287821564,0.04600382931833147,0.10562390453809245
canny,sub-pixel,2.0,0.19955132830208672,0.01972899087498947,0.03359318849669579
threshold,pixel,2.0,0.37192298276006763,0.006756824496529923,0.03510445993492972
threshold,sub-pixel,2.0,0.20752317775521809,0.020491174495180342,0.040107000902027234
canny,pixel,2.0,0.3717105624270272,0.053815845150322894,0.11398263268327868
canny,sub-pixel,2.0,0.20752317775521809,0.020491174495180342,0.040107000902027234
threshold,pixel,2.0,0.35974608805812236,0.013587349514291192,0.032049508934311355
threshold,sub-pixel,2.0,0.19689256641624503,0.02556434760699211,0.05326106075323933
canny,pixel,2.0,0.3680248265026373,0.046057435435936434,0.12120453476071269
canny,sub-pixel,2.0,0.19689256641624503,0.02556434760699211,0.05326106075323933
threshold,pixel,2.0,0.35624134867856805,0.016362379496620783,0.0067029457734189
threshold,sub-pixel,2.0,0.19776800043981624,0.007363629527622706,0.006411392610862876
canny,pixel,2.0,0.3826081387881288,0.06879401835548682,0.12982277237391937
canny,sub-pixel,2.0,0.21091332848596908,0.015917554380542986,0.027749275686443475
threshold,pixel,2.0,0.37594232107442177,0.025231043717973356,0.06511647602237813
threshold,sub-pixel,2.0,0.19347043097860867,0.038188635377930935,0.07771220313081706
canny,pixel,2.0,0.37970627386666944,0.06186266609532598,0.1247123098465801
canny,sub-pixel,2.0,0.19347043097860867,0.038188635377930935,0.07771220313081706
threshold,pixel,4.0,0.3684871650226813,0.021330112766146825,0.03141365184453848
threshold,sub-pixel,4.0,0.21061478029358524,0.008844254127392648,0.0414025747956539
canny,pixel,4.0,0.4165288192924488,0.06930875918858825,0.20985792132315417
canny,sub-pixel,4.0,0.26536524719336024,0.030106266014314098,0.15784005433195247
threshold,pixel,4.0,0.3836128532700629,0.006789011883785667,0.0008667946448941422
threshold,sub-pixel,4.0,0.21172879549294074,0.02040595007913104,0.03765019783024304
canny,pixel,4.0,0.47760021455015156,0.09502443400415006,0.12434250335100705
canny,sub-pixel,4.0,0.2978294439473169,0.07212132223236756,0.0892689767689463
threshold,pixel,4.0,0.3668907801533417,0.01418872950018224,0.02894113645565266
threshold,sub-pixel,4.0,0.21723464405531667,0.016917578472386396,0.05404234376488137
canny,pixel,4.0,0.42878746669256645,0.08277075409026535,0.14413993368768763
canny,sub-pixel,4.0,0.27962304421138207,0.04330151280247829,0.09607451436016934
threshold,pixel,4.0,0.36955218067577833,0.01014731519505141,0.03636601683969243
threshold,sub-pixel,4.0,0.20785135945949848,0.021223324592654524,0.0531285194049711
canny,pixel,4.0,0.41125370874686856,0.08606471918862901,0.1440400605440919
canny,sub-pixel,4.0,0.24772829113698916,0.041401633167663876,0.08127432990181971
threshold,pixel,4.0,0.37448133405076556,0.03308133485734954,0.037509405920308936
threshold,sub-pixel,4.0,0.22211246265994955,0.02687022674053563,0.05145777109532057
canny,pixel,4.0,0.5169375813832291,0.1144377140313213,0.3061980622269118
canny,sub-pixel,4.0,0.36290377468854634,0.08630027433328202,0.24605505786577986
threshold,pixel,4.0,0.37216378289065455,0.0069580047711311765,0.02500521397985045
threshold,sub-pixel,4.0,0.215469404521937,0.01960711579331409,0.033565052268344164
canny,pixel,4.0,0.4838619898778579,0.11469258211694289,0.36880644261569806
canny,sub-pixel,4.0,0.31961552376986996,0.0787634974673539,0.2767118861301232
threshold,pixel,4.0,0.3631012465014219,0.01920357340959944,0.006190110125630532
threshold,sub-pixel,4.0,0.2148030656500517,0.020076651969640702,0.04377856751510523
canny,pixel,4.0,0.4703816500713681,0.07021467390107106,0.1649454628569056
canny,sub-pixel,4.0,0.30976734251163385,0.056341016699576474,0.13924507157838217
threshold,pixel,4.0,0.3765743911299984,0.019781913471949353,0.025655345165530807
threshold,sub-pixel,4.0,0.22565073243438888,0.015996590279934164,0.00649878400609305
canny,pixel,4.0,0.5039630501708262,0.10158275011923168,0.3262042856254235
canny,sub-pixel,4.0,0.35244639544149364,0.07629819753045153,0.2723434270785856
threshold,pixel,4.0,0.3702963881122853,0.01736419514723353,0.007412295590133233
threshold,sub-pixel,4.0,0.21835733530770557,0.016414059657509195,0.002134564966154162
canny,pixel,4.0,0.5330845595408678,0.1661464785742106,0.31701841808703746
canny,sub-pixel,4.0,0.3835527565681818,0.1302102371249636,0.25305639561294946
threshold,pixel,4.0,0.383478288055883,0.009682037938433585,0.005728103173225918
threshold,sub-pixel,4.0,0.224735232182451,0.027728690094330655,0.06331137117415375
canny,pixel,4.0,0.5083301605442421,0.0987576785280424,0.23044133711330472
canny,sub-pixel,4.0,0.3402784167713623,0.08216784122286269,0.20274998873770533
threshold,pixel,4.0,0.36654583365261517,0.027581168583178495,0.03775247022226513
threshold,sub-pixel,4.0,0.20375140451527704,0.025619075106134703,0.03520988940193348
canny,pixel,4.0,0.46021572511328745,0.09826403831009844,0.1014480835041951
canny,sub-pixel,4.0,0.28616488758659603,0.053963295867579086,0.03767261398318844
threshold,pixel,4.0,0.37114540521823813,0.0304959670963304,0.04031517007767027
threshold,sub-pixel,4.0,0.20363618372801479,0.005679289607103066,0.006286305277902748
canny,pixel,4.0,0.4603358083160052,0.06532851044451637,0.0969722388649581
canny,sub-pixel,4.0,0.2915669790224173,0.05591150266117506,0.07940811793374225
threshold,pixel,4.0,0.3608345569388288,0.01854890235483042,0.0051264907106927105
threshold,sub-pixel,4.0,0.2085616352284675,0.009630089208647052,0.03912040995551935
canny,pixel,4.0,0.49967221757113994,0.11876089315773308,0.30826793463182933
canny,sub-pixel,4.0,0.34570706640706395,0.05541980912906641,0.22009294782974687
threshold,pixel,4.0,0.37478625962279927,0.026846920978486732,0.061399237321737576
threshold,sub-pixel,4.0,0.21043389628086073,0.025474473800754738,0.0576630027979097
canny,pixel,4.0,0.45655686687194885,0.07595577183481661,0.2405750684265091
canny,sub-pixel,4.0,0.2875450158457441,0.03966616194688122,0.16514520448948034
threshold,pixel,4.0,0.3794860611278331,0.019707897907115246,0.020916124612248455
threshold,sub-pixel,4.0,0.2187424283127214,0.011495892661409823,0.02630891779694755
canny,pixel,4.0,0.43693119613636955,0.05984355184251222,0.18533403082838484
canny,sub-pixel,4.0,0.2732132905968146,0.023166176289146967,0.11705628441737126
threshold,pixel,0.3,0.3846648751217728,0.05119359575825666,0.07173087668148881
threshold,sub-pixel,0.3,0.23733870039552424,0.05406392365190438,0.08829340905551142
canny,pixel,0.3,0.4213124712979677,0.12914075824207139,0.18495337419123303
canny,sub-pixel,0.3,0.23733870039552424,0.05406392365190438,0.08829340905551142
threshold,pixel,0.3,0.38377648780162676,0.03600120652628136,0.056913166942686555
threshold,sub-pixel,0.3,0.23399193030176418,0.04656800477992773,0.06642999755304402
canny,pixel,0.3,0.4204125315708906,0.10295676724131808,0.14200296763475073
canny,sub-pixel,0.3,0.23399193030176418,0.04656800477992773,0.06642999755304402
threshold,pixel,0.3,0.3957879912919847,0.030072856926155245,0.07569825976837485
threshold,sub-pixel,0.3,0.23029533081596443,0.041990202422027334,0.09411132730049587
canny,pixel,0.3,0.42785929523129307,0.09506881317344029,0.15486319178843044
canny,sub-pixel,0.3,0.23029533081596443,0.041990202422027334,0.09411132730049587
threshold,pixel,0.3,0.38490094716490225,0.044989348467434964,0.06568973513844778
threshold,sub-pixel,0.3,0.22741829886870618,0.05489793355518313,0.07003795789943013
canny,pixel,0.3,0.4253579643300118,0.10307828127804819,0.15521561742100198
canny,sub-pixel,0.3,0.22741829886870618,0.05489793355518313,0.07003795789943013
threshold,pixel,0.3,0.39012603963893133,0.04653083197625063,0.08944056451262217
threshold,sub-pixel,0.3,0.2341298302499299,0.04509771093753234,0.0590613900998207
canny,pixel,0.3,0.43465155643667863,0.12730524018537126,0.18821625553057153
canny,sub-pixel,0.3,0.2341298302499299,0.04509771093753234,0.0590613900998207
threshold,pixel,0.3,0.39653341767252326,0.07096842305024809,0.08620512490601673
threshold,sub-pixel,0.3,0.23840740248981196,0.06442526444054886,0.09051314053849424
canny,pixel,0.3,0.42638441004634564,0.14875819189124295,0.21711803555748688
canny,sub-pixel,0.3,0.23840740248981196,0.06442526444054886,0.09051314053849424
threshold,pixel,0.3,0.37790745911914536,0.048182108801041235,0.06743955496261522
threshold,sub-pixel,0.3,0.23766092216063567,0.03956112998589456,0.04277501664829364
canny,pixel,0.3,0.4133891479740166,0.11156964741247222,0.1392987221991837
canny,sub-pixel,0.3,0.23766092216063567,0.03956112998589456,0.04277501664829364
threshold,pixel,0.3,0.3903349306703099,0.04783944240903215,0.08842284032603231
threshold,sub-pixel,0.3,0.22905004788339156,0.046149773251872306,0.1091696078794373
canny,pixel,0.3,0.4165890937823931,0.1291567931301797,0.19940235293497666
canny,sub-pixel,0.3,0.22905004788339156,0.046149773251872306,0.1091696078794373
threshold,pixel,0.3,0.39058271170030157,0.04036304866022111,0.00919019532879961
threshold,sub-pixel,0.3,0.24229900275384658,0.060207250301591575,0.0747813761639875
canny,pixel,0.3,0.43422933390099916,0.1396920626092365,0.1781164234154866
canny,sub-pixel,0.3,0.24229900275384658,0.060207250301591575,0.0747813761639875
threshold,pixel,0.3,0.3883278022248595,0.024290020368827547,0.03502533023498833
threshold,sub-pixel,0.3,0.24219900182155935,0.05117264307740943,0.08151989662235315
canny,pixel,0.3,0.41905209148830835,0.1012244929599011,0.1299366848582335
canny,sub-pixel,0.3,0.24219900182155935,0.05117264307740943,0.08151989662235315
threshold,pixel,0.3,0.37822619529516477,0.03990560707645863,0.05401700175820956
threshold,sub-pixel,0.3,0.23489572863257047,0.042178805084105764,0.06005690591011126
canny,pixel,0.3,0.4177770463458548,0.09068327110376284,0.13721003544646138
canny,sub-pixel,0.3,0.23489572863257047,0.042178805084105764,0.06005690591011126
threshold,pixel,0.3,0.3792117738198963,0.04703726567441724,0.03338303335186432
threshold,sub-pixel,0.3,0.23327427137957615,0.042795930566543405,0.04003794108946068
canny,pixel,0.3,0.4093867677254136,0.10607198284333486,0.10044546148451894
canny,sub-pixel,0.3,0.23327427137957615,0.042795930566543405,0.04003794108946068
threshold,pixel,0.3,0.3921913238926188,0.04120354898856171,0.09365743983204311
threshold,sub-pixel,0.3,0.23396122691445814,0.04917998514951538,0.08880956413903451
canny,pixel,0.3,0.42394752873682673,0.10327993717421735,0.18339241304934584
canny,sub-pixel,0.3,0.23396122691445814,0.04917998514951538,0.08880956413903451
threshold,pixel,0.3,0.3954751057258947,0.03270508657657267,0.012555261035680498
threshold,sub-pixel,0.3,0.23833509404727982,0.04880350972636871,0.036844800399001176
canny,pixel,0.3,0.4207275830269207,0.10578331391444318,0.12075415457520355
canny,sub-pixel,0.3,0.23833509404727982,0.04880350972636871,0.036844800399001176
threshold,pixel,0.3,0.38956475438761634,0.034649853083231985,0.07000465230091146
threshold,sub-pixel,0.3,0.23194102252049353,0.041004198227069466,0.06127851891737035
canny,pixel,0.3,0.41180019565512854,0.10930172846058372,0.13621799268466273
canny,sub-pixel,0.3,0.23194102252049353,0.041004198227069466,0.06127851891737035
threshold,pixel,1.0,0.3971634638144919,0.04952926734568075,0.09005327462927837
threshold,sub-pixel,1.0,0.24372151180185897,0.05972837223828387,0.10194777484716044
canny,pixel,1.0,0.4323252105746046,0.11556196533152951,0.19230225126277167
canny,sub-pixel,1.0,0.24372151180185897,0.05972837223828387,0.10194777484716044
threshold,pixel,1.0,0.40867548834676004,0.0589274663725714,0.10503413701912145
threshold,sub-pixel,1.0,0.2516545597420562,0.056071567424287316,0.11065305296128924
canny,pixel,1.0,0.43938435178248547,0.11139402872185,0.17396382810621325
canny,sub-pixel,1.0,0.2516545597420562,0.056071567424287316,0.11065305296128924
threshold,pixel,1.0,0.405247044416039,0.052130876806239845,0.04755536425829243
threshold,sub-pixel,1.0,0.24190396166127465,0.04898142966826391,0.03868529410316457
canny,pixel,1.0,0.439848885085717,0.09675365505354838,0.10577493357421064
canny,sub-pixel,1.0,0.24190396166127465,0.04898142966826391,0.03868529410316457
threshold,pixel,1.0,0.39334495345521325,0.048094072877948646,0.0951014294692698
threshold,sub-pixel,1.0,0.23337924972750046,0.05113788720942902,0.07502164181581183
canny,pixel,1.0,0.41905597321682864,0.11248978458565806,0.1519792781285214
canny,sub-pixel,1.0,0.23337924972750046,0.05113788720942902,0.07502164181581183
threshold,pixel,1.0,0.39586046903952454,0.02433485364497645,0.01576106637554897
threshold,sub-pixel,1.0,0.2406435892685595,0.04055759308755802,0.055153796363766716
canny,pixel,1.0,0.43219006358815903,0.11298309594279143,0.1383762217099771
canny,sub-pixel,1.0,0.2406435892685595,0.04055759308755802,0.055153796363766716
threshold,pixel,1.0,0.40758340789893566,0.03396085950445904,0.037346893478497734
threshold,sub-pixel,1.0,0.25189913921773865,0.06520355582865567,0.07258223990678148
canny,pixel,1.0,0.43527861351335967,0.11538407015525642,0.14194599038299716
canny,sub-pixel,1.0,0.25189913921773865,0.06520355582865567,0.07258223990678148
threshold,pixel,1.0,0.39065625005120597,0.04730576575910139,0.05692042942803721
threshold,sub-pixel,1.0,0.23845001461873053,0.05594925254969896,0.0824275290960681
canny,pixel,1.0,0.42144784793348533,0.08563878108549017,0.11978632329154104
canny,sub-pixel,1.0,0.23845001461873053,0.05594925254969896,0.0824275290960681
threshold,pixel,1.0,0.3848707326778156,0.031560226392560176,0.05812202882693107
threshold,sub-pixel,1.0,0.2372313614011603,0.04494585329126444,0.06506063044051302
canny,pixel,1.0,0.40516983928759576,0.0978024825935857,0.14188054824900087
canny,sub-pixel,1.0,0.2372313614011603,0.04494585329126444,0.06506063044051302
threshold,pixel,1.0,0.4022462003435141,0.0494291196889356,0.03338765485674866
threshold,sub-pixel,1.0,0.24821871887625965,0.049966409005584134,0.04679949673021655
canny,pixel,1.0,0.43203412783258216,0.11318177699085308,0.11756095125916355
canny,sub-pixel,1.0,0.24821871887625965,0.049966409005584134,0.04679949673021655
threshold,pixel,1.0,0.3991933310937965,0.014964292753698927,0.036345950268503735
threshold,sub-pixel,1.0,0.23902702890362615,0.039743894967167126,0.06804511895004328
canny,pixel,1.0,0.42738875920072994,0.08954708504392217,0.1267800829941539
canny,sub-pixel,1.0,0.23902702890362615,0.039743894967167126,0.06804511895004328
threshold,pixel,1.0,0.3926022502028603,0.031632905847451376,0.0036402250388691826
threshold,sub-pixel,1.0,0.24488533548923558,0.054949179010054916,0.04883180812519683
canny,pixel,1.0,0.4239665023323748,0.10113889092981632,0.10795903991214217
canny,sub-pixel,1.0,0.24488533548923558,0.054949179010054916,0.04883180812519683
threshold,pixel,1.0,0.38353296012628973,0.04879549654616011,0.07845748499138061
threshold,sub-pixel,1.0,0.24111865840604552,0.05719740804686102,0.0971875348104847
canny,pixel,1.0,0.4260097667276794,0.12874840044539304,0.20155497235001607
canny,sub-pixel,1.0,0.24111865840604552,0.05719740804686102,0.0971875348104847
threshold,pixel,1.0,0.40006153569745734,0.02369329599405523,0.02288505880986813
threshold,sub-pixel,1.0,0.2430644458426267,0.03651720343262299,0.03632352446597764
canny,pixel,1.0,0.42906538358817903,0.06807458370813879,0.0930944623154879
canny,sub-pixel,1.0,0.2430644458426267,0.03651720343262299,0.03632352446597764
threshold,pixel,1.0,0.3931622033376392,0.0494508530286768,0.0725009419788063
threshold,sub-pixel,1.0,0.2413146608748972,0.046199113481952714,0.06180883575111462
canny,pixel,1.0,0.43774796502480884,0.12679740599500655,0.20310022896396895
canny,sub-pixel,1.0,0.2413146608748972,0.046199113481952714,0.06180883575111462
threshold,pixel,1.0,0.3781323438249612,0.036311410663777965,0.04254960344101888
threshold,sub-pixel,1.0,0.2430302415274241,0.0450920446699421,0.04278855914607238
canny,pixel,1.0,0.4203361162615289,0.09616957281208094,0.10288973885240438
canny,sub-pixel,1.0,0.2430302415274241,0.0450920446699421,0.04278855914607238
threshold,pixel,2.0,0.40406587568048746,0.020132260159355653,0.040877059836107676
threshold,sub-pixel,2.0,0.2421133010822789,0.021598439479457165,0.023291617110060336
canny,pixel,2.0,0.43854446277998427,0.09769390798665156,0.09138791234378374
canny,sub-pixel,2.0,0.25664724897157576,0.032041570937313524,0.023598056676286117
threshold,pixel,2.0,0.3825870928393337,0.0322090683117946,0.051184288344517714
threshold,sub-pixel,2.0,0.2417939258529806,0.043149067574228206,0.05603021208705461
canny,pixel,2.0,0.4125053714465151,0.08832309657045356,0.1413356547197766
canny,sub-pixel,2.0,0.2417939258529806,0.043149067574228206,0.05603021208705461
threshold,pixel,2.0,0.3903159862204284,0.025269084011136256,0.047308055095725
threshold,sub-pixel,2.0,0.25189090926045693,0.03681643993510786,0.054654394261173245
canny,pixel,2.0,0.4337851980154268,0.10279401670167643,0.12494192849060881
canny,sub-pixel,2.0,0.25189090926045693,0.03681643993510786,0.054654394261173245
threshold,pixel,2.0,0.39512702989654624,0.03413849843773431,0.07324887278834225
threshold,sub-pixel,2.0,0.2494775908306465,0.050242726457718545,0.12043641813195105
canny,pixel,2.0,0.46007647131953355,0.14489112259073933,0.18275639665769217
canny,sub-pixel,2.0,0.2783091734922579,0.07395093207085135,0.11725218220119293
threshold,pixel,2.0,0.3808564234149427,0.025222220892326064,0.014831050169344717
threshold,sub-pixel,2.0,0.24422542433177102,0.031101430565756205,0.02109257560169553
canny,pixel,2.0,0.41986278637944824,0.1151219637641685,0.15325638163021438
canny,sub-pixel,2.0,0.24422542433177102,0.031101430565756205,0.02109257560169553
threshold,pixel,2.0,0.3910612164807011,0.04597505467573482,0.08544500091559071
threshold,sub-pixel,2.0,0.25327700486232285,0.04745638572040978,0.06781252010601113
canny,pixel,2.0,0.4198842247956429,0.10641674330871664,0.18795714411769637
canny,sub-pixel,2.0,0.25327700486232285,0.04745638572040978,0.06781252010601113
threshold,pixel,2.0,0.3868640628493387,0.02660747225333593,0.09935410749347429
threshold,sub-pixel,2.0,0.2604643142437492,0.04170247665731064,0.10012883058491995
canny,pixel,2.0,0.4251198611223135,0.10475799868344338,0.18203030310758628
canny,sub-pixel,2.0,0.26194083809707736,0.04772239235056319,0.10561502616913754
threshold,pixel,2.0,0.40369970871191363,0.02187849642232742,0.044013116506752326
threshold,sub-pixel,2.0,0.25259242975654295,0.04714713271967852,0.06737319010851284
canny,pixel,2.0,0.41674166981582184,0.10412258807201091,0.1619385276709977
canny,sub-pixel,2.0,0.25259242975654295,0.04714713271967852,0.06737319010851284
threshold,pixel,2.0,0.3912008409051251,0.021317189771010048,0.007967151662856775
threshold,sub-pixel,2.0,0.2493076980446999,0.04822697552596433,0.060733786721117955
canny,pixel,2.0,0.4230303508977362,0.084882033625858,0.13256047614131394
canny,sub-pixel,2.0,0.2493076980446999,0.04822697552596433,0.060733786721117955
threshold,pixel,2.0,0.38732231236751624,0.019423269354455375,0.007505000122244088
threshold,sub-pixel,2.0,0.24746607449355484,0.05356268330263125,0.06632012391738229
canny,pixel,2.0,0.41892801533186763,0.12800896199312584,0.18021131632855747
canny,sub-pixel,2.0,0.24746607449355484,0.05356268330263125,0.06632012391738229
threshold,pixel,2.0,0.3996762095515811,0.02366846263964828,0.05023146830494318
threshold,sub-pixel,2.0,0.247482864555024,0.040597007451093625,0.08193176580629347
canny,pixel,2.0,0.4124653566123542,0.09196948621739265,0.13497743030329357
canny,sub-pixel,2.0,0.24917219607135224,0.041143358196506497,0.07485854338435427
threshold,pixel,2.0,0.38840786896901325,0.022583704648479586,0.005959023031261168
threshold,sub-pixel,2.0,0.2480217530072238,0.03813521509234996,0.042169190147394175
canny,pixel,2.0,0.4312466268374505,0.10208553776362217,0.14212857255704625
canny,sub-pixel,2.0,0.2480217530072238,0.03813521509234996,0.042169190147394175
threshold,pixel,2.0,0.413149985996492,0.03268259346892133,0.03436519513731939
threshold,sub-pixel,2.0,0.25233517984066656,0.04754366099653917,0.05019256494843871
canny,pixel,2.0,0.4478748781827474,0.0885268061258685,0.11559021313532103
canny,sub-pixel,2.0,0.2619954458858286,0.05018128532700028,0.05900231661927391
threshold,pixel,2.0,0.3993187057389021,0.013696374739615269,0.0012476696784426977
threshold,sub-pixel,2.0,0.24103431113797383,0.041241083924847266,0.03556773186453066
canny,pixel,2.0,0.4310570122844532,0.08539977202733473,0.1351088119820063
canny,sub-pixel,2.0,0.24103431113797383,0.041241083924847266,0.03556773186453066
threshold,pixel,2.0,0.39942060632633736,0.01951027630318236,0.011686704377486201
threshold,sub-pixel,2.0,0.23966023348486037,0.04212482523198546,0.040495298437075
canny,pixel,2.0,0.4254654236553128,0.0888166787641369,0.11714523331946136
canny,sub-pixel,2.0,0.23966023348486037,0.04212482523198546,0.040495298437075
threshold,pixel,4.0,0.4011211865027895,0.016383177242248137,0.025145601882077928
threshold,sub-pixel,4.0,0.2650828991123668,0.03321384811965877,0.05362446833665224
canny,pixel,4.0,0.4759062442794757,0.11376971972697902,0.20395254798806306
canny,sub-pixel,4.0,0.3138650413990246,0.061941057882282435,0.15447211549207984
threshold,pixel,4.0,0.38863476396015717,0.028203117407518463,0.05214302789774283
threshold,sub-pixel,4.0,0.25771817203986935,0.057431066165581135,0.09869330876510674
canny,pixel,4.0,0.4767199305677587,0.11560684531290433,0.22526841633140293
canny,sub-pixel,4.0,0.29856520147930943,0.07274634929394808,0.15415236145901945
threshold,pixel,4.0,0.4001817960785453,0.02615073620432673,0.04089805372759403
threshold,sub-pixel,4.0,0.26500153416752203,0.04682808595855814,0.07674969174957003
canny,pixel,4.0,0.5480623115792594,0.1360376420349737,0.11700986091201093
canny,sub-pixel,4.0,0.3697696142931459,0.07836136071660316,0.030751987630761812
threshold,pixel,4.0,0.40643680409064653,0.03430438391504409,0.04433213647899725
threshold,sub-pixel,4.0,0.2574471052112313,0.06165698449879842,0.0802929791885405
canny,pixel,4.0,0.5067388293189814,0.13896977132530264,0.1576585139785045
canny,sub-pixel,4.0,0.3348611460981082,0.0932681640531905,0.11553802167161309
threshold,pixel,4.0,0.40706842520865794,0.03129580485456962,0.04552687949627976
threshold,sub-pixel,4.0,0.26775552311193906,0.05919553275711542,0.0932877845965947
canny,pixel,4.0,0.5905922046360235,0.22694479173348703,0.19845193294449848
canny,sub-pixel,4.0,0.43322235643390733,0.1737014232203835,0.13708207742154666
threshold,pixel,4.0,0.39021095202600437,0.02255517371647131,0.014406114837774098
threshold,sub-pixel,4.0,0.2520888006985895,0.03544381419088072,0.04113390040260834
canny,pixel,4.0,0.5049528870295895,0.12448836064814439,0.15733979716011515
canny,sub-pixel,4.0,0.33589768949636334,0.06087342221837,0.08156482113161623
threshold,pixel,4.0,0.3990461921523059,0.005925449120283477,0.005680264510285138
threshold,sub-pixel,4.0,0.267612451130697,0.03270724524753277,0.0391525270367703
canny,pixel,4.0,0.5151108891451808,0.14590391924054835,0.1493767017617187
canny,sub-pixel,4.0,0.3409202974720514,0.07579132885940465,0.06824030667527925
threshold,pixel,4.0,0.40949254671360025,0.030940663634542842,0.03146259049754985
threshold,sub-pixel,4.0,0.2628705373878549,0.05563537983430322,0.05923691887172122
canny,pixel,4.0,0.5247812623465304,0.15624653306981218,0.21291790551226475
canny,sub-pixel,4.0,0.34645493420326373,0.09212322014069052,0.11384309823905925
threshold,pixel,4.0,0.3899394154362874,0.03758237811376286,0.05330054994498035
threshold,sub-pixel,4.0,0.24970928846922125,0.0485172260375234,0.061849016609373475
canny,pixel,4.0,0.47832371488382264,0.10903131629655338,0.14698787927403822
canny,sub-pixel,4.0,0.30971123557181823,0.08970067033627149,0.1303736665213493
threshold,pixel,4.0,0.39719028456971295,0.01806460516886077,0.050005305249918974
threshold,sub-pixel,4.0,0.26060110039759454,0.058868972948354914,0.10164034619391749
canny,pixel,4.0,0.4908889570129268,0.12581142436277037,0.1113655852989055
canny,sub-pixel,4.0,0.3138876352179601,0.07316502310554751,0.0637285453064913
threshold,pixel,4.0,0.39717493063005116,0.027147018916364618,0.06284115458617734
threshold,sub-pixel,4.0,0.2596116616881274,0.04849245656071699,0.06511700468771764
canny,pixel,4.0,0.5199121155103461,0.12818492466335218,0.16649739212524017
canny,sub-pixel,4.0,0.34769359285373636,0.08378060230204021,0.09711382875024688
threshold,pixel,4.0,0.4024980563306717,0.014410042467972284,0.0024606283993930944
threshold,sub-pixel,4.0,0.262903713582378,0.033386329883266286,0.01692934605075358
canny,pixel,4.0,0.5799946595390308,0.1052050698991287,0.16713859114487528
canny,sub-pixel,4.0,0.42267528259833326,0.07664035674330072,0.1372605880485489
threshold,pixel,4.0,0.4008577410296461,0.03878227416986013,0.059932545105623625
threshold,sub-pixel,4.0,0.2623296933592949,0.053321386870470944,0.08282761230611091
canny,pixel,4.0,0.5673728223383263,0.19078597388927776,0.15932371146638435
canny,sub-pixel,4.0,0.39440309234517323,0.13500953817298322,0.11799339851815605
threshold,pixel,4.0,0.3868493710660915,0.039636620068797646,0.05606996399214781
threshold,sub-pixel,4.0,0.2496400593142513,0.04593734921491455,0.04631309705042552
canny,pixel,4.0,0.4782118136251162,0.12965243825308437,0.1697033827111536
canny,sub-pixel,4.0,0.29907659872493486,0.07426347481252227,0.08701020951746052
threshold,pixel,4.0,0.39773132687136437,0.016263672305536825,0.01655635168918801
threshold,sub-pixel,4.0,0.24979051470127525,0.034603597292319765,0.040517492503031605
canny,pixel,4.0,0.5354789235717202,0.13839985369152585,0.2059501148232128
canny,sub-pixel,4.0,0.36744676132012377,0.08941873235491915,0.14418467874158547
threshold,pixel,0.3,0.3983405373679126,0.05378773776348267,0.038798144275182356
threshold,sub-pixel,0.3,0.23475869008551256,0.04988467794065565,0.03597439493019383
canny,pixel,0.3,0.42775881423996936,0.098267711255978,0.08577006846949398
canny,sub-pixel,0.3,0.23475869008551256,0.04988467794065565,0.03597439493019383
threshold,pixel,0.3,0.37838476955017175,0.026044829710524242,0.025183771058705284
threshold,sub-pixel,0.3,0.23209320135919956,0.04286617737611309,0.04415378266636405
canny,pixel,0.3,0.4277556297443932,0.1112327585245293,0.09846192069436865
canny,sub-pixel,0.3,0.23209320135919956,0.04286617737611309,0.04415378266636405
threshold,pixel,0.3,0.38078135016968406,0.004492913115809238,0.00947285010832899
threshold,sub-pixel,0.3,0.23585205327434938,0.03372487052961182,0.03564987461900482
canny,pixel,0.3,0.41507631895211206,0.06998574320946416,0.0878153594618365
canny,sub-pixel,0.3,0.23585205327434938,0.03372487052961182,0.03564987461900482
threshold,pixel,0.3,0.3991643200089515,0.07526171465409226,0.11398272008917942
threshold,sub-pixel,0.3,0.2403388028752706,0.06982855096829887,0.0877894997915456
canny,pixel,0.3,0.4287994833723884,0.14631124068052015,0.19831391715102664
canny,sub-pixel,0.3,0.2403388028752706,0.06982855096829887,0.0877894997915456
threshold,pixel,0.3,0.38417795054184267,0.04557420810735391,0.028979199854597182
threshold,sub-pixel,0.3,0.2346572341401481,0.048592790558322774,0.05395733316796281
canny,pixel,0.3,0.4161891742347512,0.1071803309755961,0.11114975877573974
canny,sub-pixel,0.3,0.2346572341401481,0.048592790558322774,0.05395733316796281
threshold,pixel,0.3,0.38845904183631363,0.030123974447851976,0.03244083348820315
threshold,sub-pixel,0.3,0.2292588652887703,0.029993520956758002,0.047614174816627663
canny,pixel,0.3,0.42576777798653737,0.10148183896232432,0.08068985158301922
canny,sub-pixel,0.3,0.2292588652887703,0.029993520956758002,0.047614174816627663
threshold,pixel,0.3,0.39272475161698284,0.04457486432995483,0.05776640084001183
threshold,sub-pixel,0.3,0.24487083030144882,0.05539030769004227,0.04442364133636256
canny,pixel,0.3,0.4258126604903847,0.10493944007100575,0.1223060762815511
canny,sub-pixel,0.3,0.24487083030144882,0.05539030769004227,0.04442364133636256
threshold,pixel,0.3,0.3872285035797738,0.048420263142138875,0.04165258465642552
threshold,sub-pixel,0.3,0.24385820661570462,0.054660225217941116,0.045513329649887524
canny,pixel,0.3,0.42127019314747316,0.13093749271231547,0.1423114569829862
canny,sub-pixel,0.3,0.24385820661570462,0.054660225217941116,0.045513329649887524
threshold,pixel,0.3,0.404033956366199,0.038993469334344666,0.01670848128214164
threshold,sub-pixel,0.3,0.2385095433157991,0.05308874853062007,0.05667015119907148
canny,pixel,0.3,0.4289093642300607,0.1104754617908803,0.10238590189479435
canny,sub-pixel,0.3,0.2385095433157991,0.05308874853062007,0.05667015119907148
threshold,pixel,0.3,0.39314177441325926,0.03636329040729713,0.005715052961092981
threshold,sub-pixel,0.3,0.24083064807756893,0.03709235702993008,0.044015764906743415
canny,pixel,0.3,0.42038906901965056,0.11928097175328123,0.11072975145100084
canny,sub-pixel,0.3,0.24083064807756893,0.03709235702993008,0.044015764906743415
threshold,pixel,0.3,0.3966277861593549,0.048228715869834016,0.06728472308875477
threshold,sub-pixel,0.3,0.24674093588641519,0.061016523978016046,0.08131304280740737
canny,pixel,0.3,0.4341392887379797,0.11812410828655395,0.15086282893907987
canny,sub-pixel,0.3,0.24674093588641519,0.061016523978016046,0.08131304280740737
threshold,pixel,0.3,0.38120367859510246,0.05979775093867512,0.06096740743935869
threshold,sub-pixel,0.3,0.23353533966047768,0.05776893150632956,0.07698569131157584
canny,pixel,0.3,0.41742174401386883,0.13736943868202056,0.14537475820058843
canny,sub-pixel,0.3,0.23353533966047768,0.05776893150632956,0.07698569131157584
threshold,pixel,0.3,0.403716759045867,0.04247546335666963,0.01664837552157694
threshold,sub-pixel,0.3,0.23434775122289309,0.04809943483315293,0.04916996645633609
canny,pixel,0.3,0.417689661428966,0.11815725097908514,0.10868026363313277
canny,sub-pixel,0.3,0.23434775122289309,0.04809943483315293,0.04916996645633609
threshold,pixel,0.3,0.4057531112701426,0.04358060193853719,0.06160530495884742
threshold,sub-pixel,0.3,0.23998510646381552,0.04454567823625932,0.06555376810720981
canny,pixel,0.3,0.4366139695168487,0.11913033304149534,0.16179860278434943
canny,sub-pixel,0.3,0.23998510646381552,0.04454567823625932,0.06555376810720981
threshold,pixel,0.3,0.38772583587068676,0.041336528827061625,0.010592225961884694
threshold,sub-pixel,0.3,0.2344743988605927,0.048279532428327165,0.053714695417965475
canny,pixel,0.3,0.41573665863815645,0.10856144178750682,0.11470031783928247
canny,sub-pixel,0.3,0.2344743988605927,0.048279532428327165,0.053714695417965475
threshold,pixel,1.0,0.3919016695281451,0.026226688004600818,0.012462535698792854
threshold,sub-pixel,1.0,0.23715161894223535,0.039061650611037724,0.04284749711881375
canny,pixel,1.0,0.4205045576382389,0.08256113409514032,0.08194301131113169
canny,sub-pixel,1.0,0.23715161894223535,0.039061650611037724,0.04284749711881375
threshold,pixel,1.0,0.4082947908847287,0.04887473377972218,0.06673910542601491
threshold,sub-pixel,1.0,0.24186415302633185,0.04526290019375301,0.07120254846686036
canny,pixel,1.0,0.4296757083654352,0.10280907204156231,0.10728792571863166
canny,sub-pixel,1.0,0.24186415302633185,0.04526290019375301,0.07120254846686036
threshold,pixel,1.0,0.3904516774841461,0.0234318418040389,0.011022852207871692
threshold,sub-pixel,1.0,0.2430649917928848,0.03977941874062252,0.04297213731963323
canny,pixel,1.0,0.4187692775759239,0.10146287697796086,0.05673240095078991
canny,sub-pixel,1.0,0.2430649917928848,0.03977941874062252,0.04297213731963323
threshold,pixel,1.0,0.3902117187605878,0.048306994190443486,0.0299470129274646
threshold,sub-pixel,1.0,0.24138214784622333,0.055889782367100516,0.06735421383468321
canny,pixel,1.0,0.4367568589237457,0.11750250622118208,0.14560650086365245
canny,sub-pixel,1.0,0.24138214784622333,0.055889782367100516,0.06735421383468321
threshold,pixel,1.0,0.3954567438948378,0.052257283771533714,0.052196375661217376
threshold,sub-pixel,1.0,0.24241302351818955,0.05402615946310152,0.0659512337590289
canny,pixel,1.0,0.4206071384179957,0.12295045974240315,0.1306311837128289
canny,sub-pixel,1.0,0.24241302351818955,0.05402615946310152,0.0659512337590289
threshold,pixel,1.0,0.3907661529427973,0.021848893684769832,0.0037445000268567785
threshold,sub-pixel,1.0,0.2488902184824849,0.04273706096165708,0.010548605040844095
canny,pixel,1.0,0.42421406850291987,0.09176667851616105,0.08955123073337434
canny,sub-pixel,1.0,0.2488902184824849,0.04273706096165708,0.010548605040844095
threshold,pixel,1.0,0.38269322832594366,0.035689895599071875,0.013469410495190903
threshold,sub-pixel,1.0,0.2363175138186454,0.049080831403996106,0.05840966757987598
canny,pixel,1.0,0.42069453782380967,0.10520070143429583,0.09267340843956928
canny,sub-pixel,1.0,0.23808772021539876,0.053260568807824704,0.06587838809100233
threshold,pixel,1.0,0.39502151634817884,0.03105561865215334,0.020805977849377433
threshold,sub-pixel,1.0,0.2517636670345112,0.05838945589505007,0.0705264317643648
canny,pixel,1.0,0.42726536213399025,0.10297637672488513,0.09464310354695327
canny,sub-pixel,1.0,0.2517636670345112,0.05838945589505007,0.0705264317643648
threshold,pixel,1.0,0.3944074681119021,0.03925047674106619,0.040179465545757465
threshold,sub-pixel,1.0,0.23474734057443425,0.05419882206447357,0.06955407369678768
canny,pixel,1.0,0.4252718369808248,0.10569590088513725,0.12255338841964347
canny,sub-pixel,1.0,0.23474734057443425,0.05419882206447357,0.06955407369678768
threshold,pixel,1.0,0.39150194499589785,0.03337754219805811,0.03242984235422641
threshold,sub-pixel,1.0,0.23676384113909865,0.040148880813908105,0.02974041611216305
canny,pixel,1.0,0.4181421465690024,0.10368294511117893,0.10022722559076636
canny,sub-pixel,1.0,0.23676384113909865,0.040148880813908105,0.02974041611216305
threshold,pixel,1.0,0.39112052664276764,0.024912764282306377,0.01135643936927866
threshold,sub-pixel,1.0,0.24746036974414906,0.046689216871772965,0.030659596323922678
canny,pixel,1.0,0.4124140340838182,0.09313475862855658,0.08652246544446296
canny,sub-pixel,1.0,0.24726331157866818,0.04670493488019034,0.03608887792618254
threshold,pixel,1.0,0.38866554910390344,0.04573532217657161,0.002751495265776782
threshold,sub-pixel,1.0,0.24349889454283052,0.0419638604349859,0.009740554874712037
canny,pixel,1.0,0.41709763018368873,0.12041359045712752,0.08596692509042558
canny,sub-pixel,1.0,0.24349889454283052,0.0419638604349859,0.009740554874712037
threshold,pixel,1.0,0.38405192274487365,0.027775681394536345,0.0414079126419622
threshold,sub-pixel,1.0,0.2406596345071917,0.04272858806195323,0.08304247321840741
canny,pixel,1.0,0.41730849784792584,0.11506107245125818,0.16677295490495858
canny,sub-pixel,1.0,0.2406596345071917,0.04272858806195323,0.08304247321840741
threshold,pixel,1.0,0.387416209271616,0.02557286839742523,0.02963718195305498
threshold,sub-pixel,1.0,0.24232577578790376,0.050728068802223025,0.06693999093089786
canny,pixel,1.0,0.420534666762696,0.11357232310469056,0.15066214499721142
canny,sub-pixel,1.0,0.24232577578790376,0.050728068802223025,0.06693999093089786
threshold,pixel,1.0,0.40666263992722435,0.054495106317027586,0.05372928181028169
threshold,sub-pixel,1.0,0.25302186277101907,0.05355906245420361,0.05783483496938113
canny,pixel,1.0,0.4263069914364388,0.12534453229899378,0.11645350968471879
canny,sub-pixel,1.0,0.25302186277101907,0.05355906245420361,0.05783483496938113
threshold,pixel,2.0,0.3990306590629055,0.044379353853728376,0.05078865935345589
threshold,sub-pixel,2.0,0.24751516776780283,0.05708679250906823,0.05251159990320331
canny,pixel,2.0,0.4301587628375704,0.12411160131107268,0.11926283345831812
canny,sub-pixel,2.0,0.24751516776780283,0.05708679250906823,0.05251159990320331
threshold,pixel,2.0,0.3940734871768487,0.031161332211349313,0.029256293724689186
threshold,sub-pixel,2.0,0.25030817188872645,0.04682861543786743,0.06144932532667169
canny,pixel,2.0,0.427892681011816,0.09797581059415272,0.10246415765485684
canny,sub-pixel,2.0,0.25030817188872645,0.04682861543786743,0.06144932532667169
threshold,pixel,2.0,0.379820373657475,0.03484756774320208,0.006444644676173672
threshold,sub-pixel,2.0,0.242649360398939,0.05319973437212022,0.026036183332558194
canny,pixel,2.0,0.4239590467827655,0.09414600716833366,0.022663378540668466
canny,sub-pixel,2.0,0.2489652598896644,0.05644679871511815,0.012649543756918291
threshold,pixel,2.0,0.3996059569998857,0.024803393794245232,0.0019389607397606312
threshold,sub-pixel,2.0,0.2518513893523387,0.05072818979347904,0.047625769947506
canny,pixel,2.0,0.42818062729591194,0.11233414544159959,0.12345766117556889
canny,sub-pixel,2.0,0.26739367461076524,0.06002058091124607,0.06266993962846579
threshold,pixel,2.0,0.3989139598768518,0.02208625508223072,0.015765622856050987
threshold,sub-pixel,2.0,0.2593745734870354,0.04710193860441614,0.05474401029829057
canny,pixel,2.0,0.43349352025500254,0.09538612853572193,0.1131125220835345
canny,sub-pixel,2.0,0.26185745502499025,0.0476307712315045,0.058962387431594765
threshold,pixel,2.0,0.400584120832451,0.04284298711317702,0.024852780902445026
threshold,sub-pixel,2.0,0.25295724440367967,0.057273411148449416,0.05375647501459113
canny,pixel,2.0,0.4385422694568678,0.10475651532377905,0.08042374465757951
canny,sub-pixel,2.0,0.25686956143753925,0.05737494690439515,0.05216093897925833
threshold,pixel,2.0,0.4020381163246153,0.03686885566790299,0.028903895415787195
threshold,sub-pixel,2.0,0.2535353457992978,0.04453935916296903,0.01704849120188512
canny,pixel,2.0,0.450302263186139,0.10790207520142292,0.04521543865344535
canny,sub-pixel,2.0,0.2718471115163623,0.05890931476400296,0.011816934159142312
threshold,pixel,2.0,0.4070821078885933,0.028476343474956534,0.017648072865050546
threshold,sub-pixel,2.0,0.2588183323226678,0.05554823398245001,0.0688012586960185
canny,pixel,2.0,0.45268948026360495,0.10459905770858458,0.08217754443658887
canny,sub-pixel,2.0,0.26072324069580494,0.057886043217071914,0.06858881616765178
threshold,pixel,2.0,0.4114886157995037,0.03238669424607388,0.05626222845529161
threshold,sub-pixel,2.0,0.2524494425765872,0.0535886492081713,0.07152075757323062
canny,pixel,2.0,0.44215691626039105,0.068906430966573,0.08289273250575468
canny,sub-pixel,2.0,0.2524494425765872,0.0535886492081713,0.07152075757323062
threshold,pixel,2.0,0.39230510638359584,0.018274838852634034,0.0207557357737842
threshold,sub-pixel,2.0,0.24100301194593687,0.04624066093271917,0.048404141639802445
canny,pixel,2.0,0.42062290213130965,0.08182142455768793,0.07362679007681239
canny,sub-pixel,2.0,0.24100301194593687,0.04624066093271917,0.048404141639802445
threshold,pixel,2.0,0.40644225764519765,0.021011560252161887,0.006254326400928045
threshold,sub-pixel,2.0,0.24743302304145245,0.055147756179297125,0.07204538773275315
canny,pixel,2.0,0.45343608716237493,0.12344088199617553,0.10331975862398979
canny,sub-pixel,2.0,0.2558871833738445,0.05744112821742109,0.0439148674737182
threshold,pixel,2.0,0.3871264917194217,0.03565290712623781,0.005304910763879622
threshold,sub-pixel,2.0,0.24137003803121626,0.04292356366884553,0.027515101217544746
canny,pixel,2.0,0.4230754944800892,0.1153242728427708,0.12701928629981385
canny,sub-pixel,2.0,0.24422828011998948,0.043778978553860926,0.028818361986935548
threshold,pixel,2.0,0.386789528974986,0.025673701240063518,0.0160906905985021
threshold,sub-pixel,2.0,0.24578131155526806,0.04985695479874297,0.0378405398276056
canny,pixel,2.0,0.4152583324058243,0.09700506927391339,0.11635672911890982
canny,sub-pixel,2.0,0.24578131155526806,0.04985695479874297,0.0378405398276056
threshold,pixel,2.0,0.4225368194679544,0.06209007737975203,0.05593577174599895
threshold,sub-pixel,2.0,0.252747752901262,0.07383087435706837,0.07143880018166704
canny,pixel,2.0,0.45159811356582585,0.14107157162538697,0.1276390745062903
canny,sub-pixel,2.0,0.2547090780907894,0.07526500662707014,0.07244831391950757
threshold,pixel,2.0,0.4094082979097512,0.03862596329143586,0.010455706216177862
threshold,sub-pixel,2.0,0.2566475737285945,0.061272867508759044,0.041810879970269665
canny,pixel,2.0,0.43617057649743957,0.10003933195871229,0.09165990217671971
canny,sub-pixel,2.0,0.2699401202822508,0.0629922169938475,0.04350790361357415
threshold,pixel,4.0,0.3945539404091052,0.017044190750029498,0.03023531123366996
threshold,sub-pixel,4.0,0.2606851911992586,0.05236367277413212,0.04258474928621947
canny,pixel,4.0,0.4824841784327627,0.1271580869886746,0.0684838654996689
canny,sub-pixel,4.0,0.3179146461247317,0.060195546892629626,0.0017201450428561138
threshold,pixel,4.0,0.4022144907274609,0.03882319669910106,0.014462945987522957
threshold,sub-pixel,4.0,0.2758013341400364,0.05270722470369593,0.04597561742284606
canny,pixel,4.0,0.5516523314578303,0.17377670184193783,0.3066137699919673
canny,sub-pixel,4.0,0.39276649678557435,0.1159870691686068,0.25144428508892447
threshold,pixel,4.0,0.40093824522751903,0.04046491016639142,0.013608354763151809
threshold,sub-pixel,4.0,0.2587820849333044,0.048576469663270005,0.02316937764650029
canny,pixel,4.0,0.48871501645265814,0.1416661351467826,0.06749679308621737
canny,sub-pixel,4.0,0.32208629129754973,0.0761626187174852,0.0085256414392203
threshold,pixel,4.0,0.38934762214608426,0.028127319668204254,0.007983372314096737
threshold,sub-pixel,4.0,0.26899892174884615,0.04418803385563397,0.024262223656397852
canny,pixel,4.0,0.5140034834141203,0.1557219803949187,0.18760891559374548
canny,sub-pixel,4.0,0.366403767459129,0.0903160231327016,0.11096340208276301
threshold,pixel,4.0,0.40887314579202305,0.055051946966691134,0.052674825802777825
threshold,sub-pixel,4.0,0.26840980878681564,0.05800538450854098,0.08712729826016741
canny,pixel,4.0,0.5204127905419265,0.1743493702033332,0.016999438934615085
canny,sub-pixel,4.0,0.3635722053399219,0.09733940780889017,0.04741647751975697
threshold,pixel,4.0,0.4080070867316783,0.04920815710203963,0.01703346372681902
threshold,sub-pixel,4.0,0.2548334459756058,0.052722120125576644,0.04910540423450249
canny,pixel,4.0,0.5113528601958581,0.11530697008234647,0.018804619236660436
canny,sub-pixel,4.0,0.3394202115162955,0.08209016366205413,0.008408749086502132
threshold,pixel,4.0,0.4069275679020352,0.04073937421611962,0.013034632763009979
threshold,sub-pixel,4.0,0.25636601122628344,0.05001165791183515,0.06067244110194969
canny,pixel,4.0,0.483911987307546,0.12503740384177375,0.06207573780334319
canny,sub-pixel,4.0,0.3159107349800115,0.0727690778844563,0.0017360757832045604
threshold,pixel,4.0,0.38457565509112307,0.02660034828952007,0.005980238749364153
threshold,sub-pixel,4.0,0.2512619546541487,0.04734523473844954,0.0336336389596088
canny,pixel,4.0,0.5254249285923134,0.15648729153197927,0.161149224092618
canny,sub-pixel,4.0,0.3489335056648155,0.11031172632720965,0.10765357067241932
threshold,pixel,4.0,0.39822137648196926,0.010688001979459294,0.0022089628093706626
threshold,sub-pixel,4.0,0.26777811014339775,0.03051372155588261,0.034913438024074095
canny,pixel,4.0,0.5581399182691442,0.15902797310377836,0.18696756106565915
canny,sub-pixel,4.0,0.399940496996959,0.09940744482121833,0.13378831118504775
threshold,pixel,4.0,0.39814966607335034,0.01724812171037504,0.04300332088150549
threshold,sub-pixel,4.0,0.25249611246073245,0.024004496463095992,0.022316292215696087
canny,pixel,4.0,0.5352804101209392,0.14628515593231883,0.05325969581611045
canny,sub-pixel,4.0,0.36341610953901315,0.0773112973550123,0.00019560508230509477
threshold,pixel,4.0,0.40321794104261194,0.05806449989771123,0.04852661426086757
threshold,sub-pixel,4.0,0.25543827013912174,0.050185105144137765,0.044525966727503086
canny,pixel,4.0,0.5442792123492401,0.19418144482543498,0.2152591572653586
canny,sub-pixel,4.0,0.36909704908721597,0.12408478746128515,0.15378734273529004
threshold,pixel,4.0,0.4039415819223869,0.014761759642970551,0.024305118201776388
threshold,sub-pixel,4.0,0.2598327458774111,0.03191187065717627,0.013955498477442596
canny,pixel,4.0,0.49981147949622273,0.13152941093462955,0.07285864332858139
canny,sub-pixel,4.0,0.32611567939733593,0.0678942730117148,0.03965456266469802
threshold,pixel,4.0,0.41958895262094165,0.03603420188262452,0.05530083546629738
threshold,sub-pixel,4.0,0.26836864964428897,0.04639863628523133,0.069282182855116
canny,pixel,4.0,0.5120196535093602,0.1387971479548772,0.1016110297908035
canny,sub-pixel,4.0,0.3333923269337202,0.07359108504601275,0.05220493527088088
threshold,pixel,4.0,0.39716621144070724,0.04170350510642895,0.03387382595732946
threshold,sub-pixel,4.0,0.26681495281836676,0.05551231793095979,0.06501459148471533
canny,pixel,4.0,0.5365148390695744,0.17431900680206747,0.04063705524610439
canny,sub-pixel,4.0,0.37797069571238995,0.1148983132900061,0.013164775934018103
threshold,pixel,4.0,0.4056079260958709,0.03125760837622216,0.011049382156557819
threshold,sub-pixel,4.0,0.2628332146682973,0.04638905065537646,0.03125815165084722
canny,pixel,4.0,0.5042817592158491,0.14951904341341293,0.128815252063067
canny,sub-pixel,4.0,0.3441568853015282,0.08641097832886913,0.04950425179178186
threshold,pixel,0.3,0.38152425338133156,0.06025005315862064,0.024233798428112685
threshold,sub-pixel,0.3,0.23293645286585327,0.07281402158737516,0.07004471425663183
canny,pixel,0.3,0.40246171496912186,0.12603491153344248,0.051003380231914086
canny,sub-pixel,0.3,0.23293645286585327,0.07281402158737516,0.07004471425663183
threshold,pixel,0.3,0.3974475584629369,0.042440182703082474,0.0019821972946965083
threshold,sub-pixel,0.3,0.23672622202454974,0.04901954167310585,0.044671284117299814
canny,pixel,0.3,0.43225038000156013,0.1116216661198024,0.06041960060732321
canny,sub-pixel,0.3,0.23672622202454974,0.04901954167310585,0.044671284117299814
threshold,pixel,0.3,0.39454994347750877,0.0504723104809226,0.005890339935665123
threshold,sub-pixel,0.3,0.24474614914422393,0.056161674258157324,0.022512871124097167
canny,pixel,0.3,0.43130553266799987,0.12296448035807162,0.07309508908360351
canny,sub-pixel,0.3,0.24474614914422393,0.056161674258157324,0.022512871124097167
threshold,pixel,0.3,0.39695708094565135,0.06762056087147272,0.02463509670316788
threshold,sub-pixel,0.3,0.23929955078312776,0.049072785117316164,0.024221547516244835
canny,pixel,0.3,0.42753688849611227,0.12979441036422412,0.06779862165627093
canny,sub-pixel,0.3,0.23929955078312776,0.049072785117316164,0.024221547516244835
threshold,pixel,0.3,0.37771277696974737,0.05976566895071045,0.0170678346829245
threshold,sub-pixel,0.3,0.233023642588933,0.052391156821360974,0.025429303942318127
canny,pixel,0.3,0.4191174055685032,0.11244606185292183,0.06000113251550476
canny,sub-pixel,0.3,0.233023642588933,0.052391156821360974,0.025429303942318127
threshold,pixel,0.3,0.3897111296532186,0.023591407942997633,0.008010610771157944
threshold,sub-pixel,0.3,0.23583156902060587,0.05143675398464509,0.06073509428447932
canny,pixel,0.3,0.4156491363563385,0.07573723242414232,0.04302450931811452
canny,sub-pixel,0.3,0.23583156902060587,0.05143675398464509,0.06073509428447932
threshold,pixel,0.3,0.409031348606013,0.04960688884411768,0.006456450964768212
threshold,sub-pixel,0.3,0.24178908789147396,0.058898967195738616,0.05686190243190348
canny,pixel,0.3,0.4488850512354011,0.12866210653641275,0.08774686733073578
canny,sub-pixel,0.3,0.24178908789147396,0.058898967195738616,0.05686190243190348
threshold,pixel,0.3,0.40486188916358334,0.032422965034115125,0.023892244817084407
threshold,sub-pixel,0.3,0.24252748473301897,0.0429545914274273,0.03251358036180574
canny,pixel,0.3,0.42805120286061954,0.10301569799592114,0.05368399265019441
canny,sub-pixel,0.3,0.24252748473301897,0.0429545914274273,0.03251358036180574
threshold,pixel,0.3,0.39935550781799045,0.05559213940107832,0.01346988415652417
threshold,sub-pixel,0.3,0.2379613610797851,0.053164145413229114,0.05731778771860596
canny,pixel,0.3,0.44447036548784224,0.14190897309641304,0.0776858876428006
canny,sub-pixel,0.3,0.2379613610797851,0.053164145413229114,0.05731778771860596
threshold,pixel,0.3,0.39435940091667215,0.04756558075507722,0.021336699385577917
threshold,sub-pixel,0.3,0.24019026208615507,0.05483307046444663,0.008067119628858865
canny,pixel,0.3,0.4264096514500779,0.14342988966149206,0.04342810118606555
canny,sub-pixel,0.3,0.24019026208615507,0.05483307046444663,0.008067119628858865
threshold,pixel,0.3,0.3938794645413899,0.033764963214031773,0.023997206462165188
threshold,sub-pixel,0.3,0.2363597428103258,0.05110933625713743,0.024573513840191463
canny,pixel,0.3,0.4079124320223424,0.10623608984376176,0.06464192713049899
canny,sub-pixel,0.3,0.2363597428103258,0.05110933625713743,0.024573513840191463
threshold,pixel,0.3,0.3946577920355082,0.03642375893445837,0.04480544751624338
threshold,sub-pixel,0.3,0.24114112256446285,0.04510945486580209,0.008289712670074945
canny,pixel,0.3,0.4187588381324011,0.09983798118041509,0.004033125719331787
canny,sub-pixel,0.3,0.24114112256446285,0.04510945486580209,0.008289712670074945
threshold,pixel,0.3,0.39517590047452944,0.058249056159180856,0.0268086694071068
threshold,sub-pixel,0.3,0.23526514320526581,0.06476619464686584,0.05541392386057953
canny,pixel,0.3,0.42589067897045974,0.13198441504985892,0.03562704739305422
canny,sub-pixel,0.3,0.23526514320526581,0.06476619464686584,0.05541392386057953
threshold,pixel,0.3,0.3959795399065582,0.02991927917128212,0.021508619787145244
threshold,sub-pixel,0.3,0.2365145439249827,0.044797915855292136,0.03479433977558055
canny,pixel,0.3,0.41044718976123196,0.10487707834311688,0.023833695153717693
canny,sub-pixel,0.3,0.2365145439249827,0.044797915855292136,0.03479433977558055
threshold,pixel,0.3,0.39573337282908616,0.06866908332448118,0.00991209833067308
threshold,sub-pixel,0.3,0.25197453936938885,0.08520591118561682,0.043116168837124214
canny,pixel,0.3,0.4465325076602644,0.13828866007178542,0.09439286109050937
canny,sub-pixel,0.3,0.25197453936938885,0.08520591118561682,0.043116168837124214
threshold,pixel,1.0,0.3909383695637593,0.014093939420325552,0.04947792733076661
threshold,sub-pixel,1.0,0.23866623408084137,0.04157335360524805,0.006929537968566546
canny,pixel,1.0,0.4249717351950141,0.08265039119045259,0.00018396423961197783
canny,sub-pixel,1.0,0.23866623408084137,0.04157335360524805,0.006929537968566546
threshold,pixel,1.0,0.4060188604933516,0.01870136640923492,0.009415947251061985
threshold,sub-pixel,1.0,0.24927890661768848,0.042309428344996736,0.04365572967264075
canny,pixel,1.0,0.43586029994223496,0.0993224099043497,0.06707104097610928
canny,sub-pixel,1.0,0.25124752078720114,0.043554469889425684,0.043534326838810644
threshold,pixel,1.0,0.39454612915644,0.031601840519846824,0.03261912182530913
threshold,sub-pixel,1.0,0.2408760719730017,0.05724457865434596,0.04773810721918159
canny,pixel,1.0,0.43533543438907374,0.0956806812887484,0.06369891753684764
canny,sub-pixel,1.0,0.2408760719730017,0.05724457865434596,0.04773810721918159
threshold,pixel,1.0,0.39394279385450726,0.021389501826273194,0.010458094606212054
threshold,sub-pixel,1.0,0.2421418337515462,0.04036376064608471,0.05240921210424676
canny,pixel,1.0,0.43643291571970927,0.11713374366144658,0.09147218481834285
canny,sub-pixel,1.0,0.2421418337515462,0.04036376064608471,0.05240921210424676
threshold,pixel,1.0,0.3980765643415406,0.03949928713122164,0.012543458089404602
threshold,sub-pixel,1.0,0.25099097372234025,0.0617782926991024,0.04362497359966344
canny,pixel,1.0,0.43581559184974594,0.12861503070226687,0.06633336468232054
canny,sub-pixel,1.0,0.2529426251346434,0.06480889576226323,0.048932248347637985
threshold,pixel,1.0,0.4028492159991323,0.030518060643698885,0.018241633458407458
threshold,sub-pixel,1.0,0.2418320065233185,0.02219093010890172,0.004386534963695343
canny,pixel,1.0,0.4199783383242843,0.1082612062551015,0.062241126887417675
canny,sub-pixel,1.0,0.2418320065233185,0.02219093010890172,0.004386534963695343
threshold,pixel,1.0,0.39028750851766275,0.04572538062699005,0.024422640046410704
threshold,sub-pixel,1.0,0.23689185384017147,0.04435050676135954,0.030677820129791256
canny,pixel,1.0,0.4228107794738783,0.11619648251440862,0.09981528697412134
canny,sub-pixel,1.0,0.23689185384017147,0.04435050676135954,0.030677820129791256
threshold,pixel,1.0,0.4087827407075766,0.05104778926710185,0.03660233992367612
threshold,sub-pixel,1.0,0.24522373391295324,0.0599036864996646,0.023724598343305647
canny,pixel,1.0,0.4464679605237385,0.12944786072608017,0.026795329707121063
canny,sub-pixel,1.0,0.24522373391295324,0.0599036864996646,0.023724598343305647
threshold,pixel,1.0,0.40296251122589655,0.0369641523347799,0.01647561545428622
threshold,sub-pixel,1.0,0.23826302524540877,0.057299625305342494,0.02771769283536285
canny,pixel,1.0,0.4297390870271149,0.10718791592475607,0.03634889785778728
canny,sub-pixel,1.0,0.23826302524540877,0.057299625305342494,0.02771769283536285
threshold,pixel,1.0,0.3980584504396632,0.04906004014207577,0.05658798543911936
threshold,sub-pixel,1.0,0.2502544379477242,0.061975575604784505,0.029118171771624457
canny,pixel,1.0,0.45593991076908225,0.1187979792267202,0.0024822849547587733
canny,sub-pixel,1.0,0.2502544379477242,0.061975575604784505,0.029118171771624457
threshold,pixel,1.0,0.4087189912273182,0.03442250448145412,0.04017363439788957
threshold,sub-pixel,1.0,0.2440422532290927,0.05007819044809958,0.030062992386699072
canny,pixel,1.0,0.4461612323658753,0.09969749551757279,0.029601099344920945
canny,sub-pixel,1.0,0.2440422532290927,0.05007819044809958,0.030062992386699072
threshold,pixel,1.0,0.3748928528162241,0.027451528185388874,0.021737928650886973
threshold,sub-pixel,1.0,0.23762756915662853,0.05144833223947054,0.02738146115291684
canny,pixel,1.0,0.4174696030897988,0.10658304276997255,0.025091064837020616
canny,sub-pixel,1.0,0.23762756915662853,0.05144833223947054,0.02738146115291684
threshold,pixel,1.0,0.3988467402514942,0.06891855284462767,0.030731596725434684
threshold,sub-pixel,1.0,0.25481572048522516,0.07415754736885416,0.06051226048192326
canny,pixel,1.0,0.43509128351246606,0.12348509038123778,0.07703849094848136
canny,sub-pixel,1.0,0.25481572048522516,0.07415754736885416,0.06051226048192326
threshold,pixel,1.0,0.3815061006163447,0.04306707618480754,0.03744935576848407
threshold,sub-pixel,1.0,0.23720350836223358,0.047285463117827664,0.03283071003736482
canny,pixel,1.0,0.41877776959556695,0.11830245533737582,0.007861836562722546
canny,sub-pixel,1.0,0.23720350836223358,0.047285463117827664,0.03283071003736482
threshold,pixel,1.0,0.39826292322991846,0.04036247837090057,0.0014044419976044775
threshold,sub-pixel,1.0,0.24278444498646057,0.0405110514090411,0.03986088726012271
canny,pixel,1.0,0.42618375990337287,0.0961561338375786,0.06201758664515644
canny,sub-pixel,1.0,0.24278444498646057,0.0405110514090411,0.03986088726012271
threshold,pixel,2.0,0.38759160886373434,0.021693784179215192,0.02015255575616126
threshold,sub-pixel,2.0,0.24963273059804594,0.043028174153284304,0.02618494674550087
canny,pixel,2.0,0.4375499167813304,0.08851369750171578,0.056724111677481925
canny,sub-pixel,2.0,0.24963273059804594,0.043028174153284304,0.02618494674550087
threshold,pixel,2.0,0.40203066885391536,0.028257512012421215,0.006947857464405072
threshold,sub-pixel,2.0,0.2497918958076032,0.04836796901677798,0.021465284286886543
canny,pixel,2.0,0.4260354905837694,0.10721548478412202,0.05169640493464289
canny,sub-pixel,2.0,0.2497918958076032,0.04836796901677798,0.021465284286886543
threshold,pixel,2.0,0.39607205385696304,0.024298948234772633,0.02618110811966723
threshold,sub-pixel,2.0,0.24806438488015198,0.030501474981708854,0.007539607529627235
canny,pixel,2.0,0.419787379522104,0.0716025656761261,0.029543473868879788
canny,sub-pixel,2.0,0.24806438488015198,0.030501474981708854,0.007539607529627235
threshold,pixel,2.0,0.38174289017707624,0.026599861759220356,0.05406952930410225
threshold,sub-pixel,2.0,0.23973971150332027,0.04024419969199233,0.019915494538938594
canny,pixel,2.0,0.4135712219233389,0.08801126013772864,0.00660713680004732
canny,sub-pixel,2.0,0.24392089683408857,0.04103971308667098,0.015672888649707506
threshold,pixel,2.0,0.40462099444574606,0.010787214480952545,0.06730680093654273
threshold,sub-pixel,2.0,0.24449650864330552,0.02657647591118817,0.009198720384960835
canny,pixel,2.0,0.4313103218455868,0.08697644853594633,0.005551623055970012
canny,sub-pixel,2.0,0.24449650864330552,0.02657647591118817,0.009198720384960835
threshold,pixel,2.0,0.39906137272058817,0.022807669746572112,0.057296104572767126
threshold,sub-pixel,2.0,0.24865158462502046,0.060630631100914156,0.019773614986514865
canny,pixel,2.0,0.4313898574173932,0.10873337467573096,0.009459300882762811
canny,sub-pixel,2.0,0.24865158462502046,0.060630631100914156,0.019773614986514865
threshold,pixel,2.0,0.39624122497558373,0.03773467712216949,0.004316771456015278
threshold,sub-pixel,2.0,0.24636643054381857,0.051366933850438334,0.011974362784149983
canny,pixel,2.0,0.48182103442950863,0.11712793082705086,0.17117595266066554
canny,sub-pixel,2.0,0.29463409801163154,0.07343728521045167,0.18038058560934633
threshold,pixel,2.0,0.39415592813199396,0.02880239438722243,0.023542204946866097
threshold,sub-pixel,2.0,0.2502468226104855,0.0579520056247117,0.028307540884034532
canny,pixel,2.0,0.4222352880280438,0.12280120537278116,0.03458083633356268
canny,sub-pixel,2.0,0.2502468226104855,0.0579520056247117,0.028307540884034532
threshold,pixel,2.0,0.3945275222051653,0.023584990381313786,0.03179016595851647
threshold,sub-pixel,2.0,0.24253922609668133,0.044880806545135266,0.023558529428168606
canny,pixel,2.0,0.430782868703505,0.10089484560700124,0.00416075952252859
canny,sub-pixel,2.0,0.24553616943732534,0.045978364221479495,0.01879525341433408
threshold,pixel,2.0,0.4115151997816894,0.04499571319190876,0.025404767712847054
threshold,sub-pixel,2.0,0.25449407394701107,0.0488407885528519,0.008396313805351108
canny,pixel,2.0,0.4507339816222077,0.12103258235512648,0.05038007161144864
canny,sub-pixel,2.0,0.26416482804830405,0.05085826150350581,0.06158473490884986
threshold,pixel,2.0,0.4049811190454634,0.027618188962975743,0.002920172353753747
threshold,sub-pixel,2.0,0.2521242525900945,0.04540267391764197,0.06524310212705053
canny,pixel,2.0,0.4272021799098787,0.0823836008246217,0.050001816635202756
canny,sub-pixel,2.0,0.25631053397545706,0.04710811941666504,0.05615318664842417
threshold,pixel,2.0,0.40705049818687,0.03226268660027931,0.042602047979573676
threshold,sub-pixel,2.0,0.251277251274579,0.05150723425399284,0.010824066001876798
canny,pixel,2.0,0.42787301917873893,0.11737290374578035,0.060201561391178604
canny,sub-pixel,2.0,0.251277251274579,0.05150723425399284,0.010824066001876798
threshold,pixel,2.0,0.4010447842080123,0.046322737335363295,0.03868800307466391
threshold,sub-pixel,2.0,0.242308584280915,0.06378059374576239,0.05920015644434695
canny,pixel,2.0,0.43730586872681165,0.12085779335442692,0.046613846259143665
canny,sub-pixel,2.0,0.2444298871189035,0.06410142286997256,0.05730737725130197
threshold,pixel,2.0,0.3833893795398578,0.03644564105490922,0.05259188971769069
threshold,sub-pixel,2.0,0.23808500748892847,0.042930027687185346,0.029539489519076367
canny,pixel,2.0,0.43300367077452306,0.10144078221980979,0.042086297527561545
canny,sub-pixel,2.0,0.2594873207256122,0.04928364583984046,0.0025243749382690694
threshold,pixel,2.0,0.39216499682781936,0.0277384784455168,0.03633902222590857
threshold,sub-pixel,2.0,0.23944817155956355,0.040519235438789325,0.02693602176116361
canny,pixel,2.0,0.4222119988261832,0.11365970014897087,0.0157599853432131
canny,sub-pixel,2.0,0.24569749825838827,0.04936590628965831,0.02726370867894845
threshold,pixel,4.0,0.4033644937771186,0.05440419369346061,0.06979073564137916
threshold,sub-pixel,4.0,0.26039697981474236,0.05594015998728108,0.022868748171729347
canny,pixel,4.0,0.5099782740062649,0.18653685351635063,0.17676713252966647
canny,sub-pixel,4.0,0.3365621624841205,0.09749477130802575,0.1863377747797983
threshold,pixel,4.0,0.3917481654821095,0.030306336838503145,0.03544372995747258
threshold,sub-pixel,4.0,0.2664190794459783,0.052802299606555136,0.029597816517709097
canny,pixel,4.0,0.4912428018365885,0.10406814601425862,0.1014188397401008
canny,sub-pixel,4.0,0.3248512520284037,0.05825397454647596,0.08884099298643267
threshold,pixel,4.0,0.41265823810365604,0.017207180856570914,0.03358419931666523
threshold,sub-pixel,4.0,0.2629123907031098,0.03150419148675876,0.029876148621805765
canny,pixel,4.0,0.5101533760023838,0.09979477057601782,0.11259678980592835
canny,sub-pixel,4.0,0.34828764300756343,0.055640401532287886,0.1358376013357363
threshold,pixel,4.0,0.3997039905590906,0.024726870769971043,0.04268082712415344
threshold,sub-pixel,4.0,0.2602221801718721,0.045639181250239025,0.014151635396663087
canny,pixel,4.0,0.5622277953509995,0.1562226221708588,0.21069705265718586
canny,sub-pixel,4.0,0.40224655084386696,0.116602717356599,0.21095848133743988
threshold,pixel,4.0,0.3932386668915263,0.013688817519182161,0.10836036127064652
threshold,sub-pixel,4.0,0.254209430746774,0.02867931672147994,0.0103356467018898
canny,pixel,4.0,0.48946907651601157,0.11589951673839638,0.07891287019153204
canny,sub-pixel,4.0,0.32391974266065393,0.058058218301786924,0.10842448777741476
threshold,pixel,4.0,0.3914277886903632,0.04391055430724722,0.024041260585622615
threshold,sub-pixel,4.0,0.26087556411280743,0.055125119854820936,0.019874107802954732
canny,pixel,4.0,0.48541746572077843,0.14431618619719289,0.06464532547978874
canny,sub-pixel,4.0,0.33741004100389893,0.09138914691001443,0.07405069654968877
threshold,pixel,4.0,0.4056303574708149,0.018929936890150656,0.025070311032993065
threshold,sub-pixel,4.0,0.26343706380031806,0.05270372808056889,0.027748044462320598
canny,pixel,4.0,0.5061018027079607,0.13924345335810728,0.11389157881457757
canny,sub-pixel,4.0,0.348328230298397,0.09328118657151618,0.1089577940518025
threshold,pixel,4.0,0.40517785712127663,0.02890349040378759,0.016377161793341033
threshold,sub-pixel,4.0,0.2689082168580792,0.0351077862554976,0.033107392787570245
canny,pixel,4.0,0.5915697348064282,0.1990454982856522,0.17001036840458794
canny,sub-pixel,4.0,0.42061224101260464,0.1351424265332718,0.212996730511684
threshold,pixel,4.0,0.405691731983547,0.029908981992069372,0.04219090633651379
threshold,sub-pixel,4.0,0.26277841504461874,0.05041224071909056,0.019627067096547046
canny,pixel,4.0,0.5311069666615656,0.1609194688088822,0.15838356589786295
canny,sub-pixel,4.0,0.35812273199542655,0.10239750800032354,0.16833324211076195
threshold,pixel,4.0,0.40287101453877766,0.031034654122749084,0.0038764378079807482
threshold,sub-pixel,4.0,0.2631481748838931,0.04697906899321391,0.02057091561579627
canny,pixel,4.0,0.489369240151049,0.13119636950826707,0.012682517840716612
canny,sub-pixel,4.0,0.3126370905692231,0.07116464085153162,0.05286975364373059
threshold,pixel,4.0,0.4061308048235114,0.032045617860297915,0.06133769568784886
threshold,sub-pixel,4.0,0.26084143728023557,0.03693574809756128,0.003907652128318784
canny,pixel,4.0,0.5242546411741154,0.1118700223799467,0.2375553851576777
canny,sub-pixel,4.0,0.3474858286290276,0.06440572142074485,0.21408959707512398
threshold,pixel,4.0,0.41887469817339407,0.014236166585803622,0.0452905376049646
threshold,sub-pixel,4.0,0.2683586064392583,0.028782066449837607,0.005662808931922836
canny,pixel,4.0,0.5457670768260444,0.1642302526862086,0.043536967323106746
canny,sub-pixel,4.0,0.39053076534675313,0.12412309040442604,0.059528111581403254
threshold,pixel,4.0,0.40290175844765064,0.043374066684673473,0.01959644190014842
threshold,sub-pixel,4.0,0.24961713094956817,0.058336790956739715,0.05153698007193985
canny,pixel,4.0,0.5509242989095868,0.19791251816956046,0.04738666754087939
canny,sub-pixel,4.0,0.3752028786203213,0.1325570745156872,0.07960473798032441
threshold,pixel,4.0,0.4023103850200539,0.03545043839455275,0.025446189367695604
threshold,sub-pixel,4.0,0.2689964366576135,0.05865989420238016,0.048104323970362683
canny,pixel,4.0,0.5014158256846064,0.1479213393257447,0.05793273306973057
canny,sub-pixel,4.0,0.3398728579993648,0.08492740475997596,0.06247370770091387
threshold,pixel,4.0,0.40795189321603353,0.02879806254341266,0.044574432470922076
threshold,sub-pixel,4.0,0.2688785643669538,0.044188601106914804,0.008050905026071087
canny,pixel,4.0,0.5371266910625412,0.14144464476986207,0.15599035582125453
canny,sub-pixel,4.0,0.3690187016310731,0.07501526936251757,0.16864903678754195
threshold,pixel,0.3,0.39902977456231226,0.05392112857633935,0.12303318181564205
threshold,sub-pixel,0.3,0.23729880805841208,0.053503852451625034,0.10687675804688057
canny,pixel,0.3,0.4253289865762366,0.11910838547819269,0.24819504740703113
canny,sub-pixel,0.3,0.23729880805841208,0.053503852451625034,0.10687675804688057
threshold,pixel,0.3,0.41289449247466825,0.04846144531689156,0.08083414092962737
threshold,sub-pixel,0.3,0.2459447700044278,0.04661560567977119,0.06506231303613541
canny,pixel,0.3,0.44080606813545975,0.11923894693126136,0.20966483059743002
canny,sub-pixel,0.3,0.2459447700044278,0.04661560567977119,0.06506231303613541
threshold,pixel,0.3,0.3964128170693214,0.06380262535345549,0.10323995738307268
threshold,sub-pixel,0.3,0.24564830914084465,0.07223651948939447,0.12330586686431033
canny,pixel,0.3,0.4496241654510892,0.1590604095238527,0.27108383443499173
canny,sub-pixel,0.3,0.24564830914084465,0.07223651948939447,0.12330586686431033
threshold,pixel,0.3,0.3946534807321226,0.03461890872697204,0.06918422567471438
threshold,sub-pixel,0.3,0.24729906219175868,0.05159587757025186,0.07731213601448061
canny,pixel,0.3,0.42813821189878887,0.12476410753201772,0.22620190298680942
canny,sub-pixel,0.3,0.24729906219175868,0.05159587757025186,0.07731213601448061
threshold,pixel,0.3,0.39758482181624055,0.02952739509693536,0.1221624704114248
threshold,sub-pixel,0.3,0.2359520325824463,0.04493630863728426,0.1099912269670309
canny,pixel,0.3,0.42163972819479734,0.11896531422931322,0.2673668625932042
canny,sub-pixel,0.3,0.2359520325824463,0.04493630863728426,0.1099912269670309
threshold,pixel,0.3,0.4058980867386932,0.05709099423697861,0.1232857649648551
threshold,sub-pixel,0.3,0.23963618802474823,0.05619975375488151,0.10380917097324582
canny,pixel,0.3,0.433598676631881,0.12523367351421721,0.22464867251842158
canny,sub-pixel,0.3,0.23963618802474823,0.05619975375488151,0.10380917097324582
threshold,pixel,0.3,0.410969763507657,0.040764773800970655,0.09736161835150625
threshold,sub-pixel,0.3,0.24359460193728874,0.054509956560746975,0.09753341996308995
canny,pixel,0.3,0.4456783865112589,0.14060589161137627,0.2407663935760347
canny,sub-pixel,0.3,0.24359460193728874,0.054509956560746975,0.09753341996308995
threshold,pixel,0.3,0.4045252325130966,0.04102752711184032,0.10694408377295939
threshold,sub-pixel,0.3,0.24367054053094894,0.06086037512618325,0.11962699624764217
canny,pixel,0.3,0.42889717301378694,0.1335675231411817,0.21692770036663278
canny,sub-pixel,0.3,0.24367054053094894,0.06086037512618325,0.11962699624764217
threshold,pixel,0.3,0.39660113404636194,0.024432489708626215,0.05550652340920781
threshold,sub-pixel,0.3,0.23112809543182988,0.03913451075050922,0.06941424120191275
canny,pixel,0.3,0.4211585037552046,0.09231860160232885,0.15254559428446557
canny,sub-pixel,0.3,0.23112809543182988,0.03913451075050922,0.06941424120191275
threshold,pixel,0.3,0.4028177548466921,0.03999475128170249,0.10272299146636188
threshold,sub-pixel,0.3,0.23965897600636005,0.05809658268030149,0.09587539118555766
canny,pixel,0.3,0.4381242987267352,0.11158699543291428,0.20635459085265073
canny,sub-pixel,0.3,0.23965897600636005,0.05809658268030149,0.09587539118555766
threshold,pixel,0.3,0.3941449420466079,0.03545876019940286,0.0927044866926563
threshold,sub-pixel,0.3,0.23590844500599314,0.03870713199806752,0.07326527332999522
canny,pixel,0.3,0.4240778258105731,0.09216203687538882,0.18987763427994464
canny,sub-pixel,0.3,0.23590844500599314,0.03870713199806752,0.07326527332999522
threshold,pixel,0.3,0.3992728709693075,0.05120664610262271,0.09969599805455642
threshold,sub-pixel,0.3,0.23944852738314093,0.04214401005781654,0.05677169684387362
canny,pixel,0.3,0.4180855967017024,0.10847298885544243,0.20262773454021188
canny,sub-pixel,0.3,0.23944852738314093,0.04214401005781654,0.05677169684387362
threshold,pixel,0.3,0.3915835934793127,0.025723373926078597,0.026300152094067997
threshold,sub-pixel,0.3,0.23358534023061905,0.022096172349360788,0.04605429479588663
canny,pixel,0.3,0.4224221275928336,0.08442586389724271,0.14109153720016554
canny,sub-pixel,0.3,0.23358534023061905,0.022096172349360788,0.04605429479588663
threshold,pixel,0.3,0.39161838934128207,0.04279395739473346,0.10674030948735047
threshold,sub-pixel,0.3,0.23239636702042216,0.03579529448353924,0.07678779837017147
canny,pixel,0.3,0.41970974615410095,0.09416299236473002,0.18914079856459853
canny,sub-pixel,0.3,0.23239636702042216,0.03579529448353924,0.07678779837017147
threshold,pixel,0.3,0.39539963858234606,0.0363989312212154,0.09000031225700544
threshold,sub-pixel,0.3,0.2441896702542619,0.04035979302542514,0.07556596214259059
canny,pixel,0.3,0.4236467225889705,0.0996258509304484,0.1678800488196297
canny,sub-pixel,0.3,0.2441896702542619,0.04035979302542514,0.07556596214259059
threshold,pixel,1.0,0.37854744066832896,0.037943853349819756,0.13053335280441947
threshold,sub-pixel,1.0,0.2314672831905641,0.04810015545511348,0.09808649860387453
canny,pixel,1.0,0.42326525904708323,0.12869243894240912,0.23167063313965697
canny,sub-pixel,1.0,0.2314672831905641,0.04810015545511348,0.09808649860387453
threshold,pixel,1.0,0.38689702746981897,0.025024125009561082,0.08003497488899036
threshold,sub-pixel,1.0,0.23526577014701572,0.023496504755644132,0.06315008358560581
canny,pixel,1.0,0.41111261228820606,0.08913109623924276,0.1618273003615336
canny,sub-pixel,1.0,0.23526577014701572,0.023496504755644132,0.06315008358560581
threshold,pixel,1.0,0.41347648236320766,0.0397801910441149,0.07137202445665469
threshold,sub-pixel,1.0,0.2545094274927969,0.055503346142160126,0.07610039454674533
canny,pixel,1.0,0.4345353152863994,0.10569473443038602,0.18077358002240018
canny,sub-pixel,1.0,0.2545094274927969,0.055503346142160126,0.07610039454674533
threshold,pixel,1.0,0.389916968737845,0.032819206342370455,0.07995619146251132
threshold,sub-pixel,1.0,0.23464965023421386,0.042930111479724364,0.08140004779366583
canny,pixel,1.0,0.4160017400718975,0.11306192920181113,0.2046477942049254
canny,sub-pixel,1.0,0.23464965023421386,0.042930111479724364,0.08140004779366583
threshold,pixel,1.0,0.38881585791223394,0.030698105797224207,0.07136102552434309
threshold,sub-pixel,1.0,0.2482272510208683,0.043010145476995776,0.07912690980964854
canny,pixel,1.0,0.43022276565491174,0.11414013067782847,0.2090905133249774
canny,sub-pixel,1.0,0.2482272510208683,0.043010145476995776,0.07912690980964854
threshold,pixel,1.0,0.40883860000204075,0.035701513301070076,0.052918151264240265
threshold,sub-pixel,1.0,0.25195672358327614,0.05271336332260368,0.10122273795005432
canny,pixel,1.0,0.45176619636161647,0.102362123061292,0.18483896903684283
canny,sub-pixel,1.0,0.25195672358327614,0.05271336332260368,0.10122273795005432
threshold,pixel,1.0,0.4048420289145969,0.03354846782631893,0.10306040601062683
threshold,sub-pixel,1.0,0.24157939588067373,0.050926788859412264,0.10768484204805584
canny,pixel,1.0,0.4359795261868783,0.08821153631030187,0.2045268063781991
canny,sub-pixel,1.0,0.24157939588067373,0.050926788859412264,0.10768484204805584
threshold,pixel,1.0,0.3958382842682673,0.0413794682800952,0.08827257455176385
threshold,sub-pixel,1.0,0.23314502941017443,0.04151405528558838,0.0695251276246922
canny,pixel,1.0,0.4381602722639009,0.1098962626468607,0.20109468369816685
canny,sub-pixel,1.0,0.23314502941017443,0.04151405528558838,0.0695251276246922
threshold,pixel,1.0,0.39009642120988275,0.0032601706313626355,0.018080707745748992
threshold,sub-pixel,1.0,0.2347694879429821,0.03685976505644939,0.054543986616601536
canny,pixel,1.0,0.43363637945824884,0.08714203213471716,0.14991215029150995
canny,sub-pixel,1.0,0.2347694879429821,0.03685976505644939,0.054543986616601536
threshold,pixel,1.0,0.3994350678804064,0.04657416806361081,0.08514042123366261
threshold,sub-pixel,1.0,0.244405423821272,0.05670945852923892,0.08675176913256966
canny,pixel,1.0,0.4238342243197506,0.10559448089163492,0.15412502753715662
canny,sub-pixel,1.0,0.244405423821272,0.05670945852923892,0.08675176913256966
threshold,pixel,1.0,0.3953492038680215,0.02357490335803647,0.03647321597337716
threshold,sub-pixel,1.0,0.23977970733264736,0.04185301310627576,0.07372709734409288
canny,pixel,1.0,0.4105613103714894,0.10737784643019899,0.17448027648333864
canny,sub-pixel,1.0,0.23977970733264736,0.04185301310627576,0.07372709734409288
threshold,pixel,1.0,0.39418103340699595,0.06229058326043524,0.11592142331816291
threshold,sub-pixel,1.0,0.25330855912877126,0.07568830012079053,0.12230429089509665
canny,pixel,1.0,0.43981767551517403,0.1384685850645574,0.2470132990959082
canny,sub-pixel,1.0,0.25330855912877126,0.07568830012079053,0.12230429089509665
threshold,pixel,1.0,0.4087664154748094,0.022182891836716734,0.07898106718807574
threshold,sub-pixel,1.0,0.244875395338068,0.05142174391616805,0.10951794397286019
canny,pixel,1.0,0.44469896001198067,0.10876633101451794,0.22857070229380705
canny,sub-pixel,1.0,0.244875395338068,0.05142174391616805,0.10951794397286019
threshold,pixel,1.0,0.38849004063655157,0.018993099994317975,0.033901960627019445
threshold,sub-pixel,1.0,0.23263590151218072,0.03637298091865704,0.053370544168647616
canny,pixel,1.0,0.42995040935408,0.09525764307064788,0.18186769436758166
canny,sub-pixel,1.0,0.23263590151218072,0.03637298091865704,0.053370544168647616
threshold,pixel,1.0,0.3913619731879096,0.042926922927406075,0.08025934296815818
threshold,sub-pixel,1.0,0.2430311238304012,0.04436514510064171,0.060205112473272315
canny,pixel,1.0,0.4111255503900739,0.10755126947172444,0.17016792900009392
canny,sub-pixel,1.0,0.2430311238304012,0.04436514510064171,0.060205112473272315
threshold,pixel,2.0,0.39896350224510824,0.009266484709296585,0.01586987014070118
threshold,sub-pixel,2.0,0.2557819038292902,0.04387544335908089,0.06891387841411545
canny,pixel,2.0,0.43471613065635634,0.0836770423631179,0.168864363609452
canny,sub-pixel,2.0,0.26318027646438047,0.04610237327292477,0.09445584951228225
threshold,pixel,2.0,0.40176925564015065,0.03482069825291234,0.08152104329761167
threshold,sub-pixel,2.0,0.2489688387656318,0.06021376241874565,0.09720312809183573
canny,pixel,2.0,0.4463348893871491,0.12627296059009763,0.23217098923876778
canny,sub-pixel,2.0,0.2669101589033044,0.07094828205392523,0.11737890322380773
threshold,pixel,2.0,0.396201939056544,0.028476421215498315,0.05559227861928928
threshold,sub-pixel,2.0,0.2478013674350675,0.031952974418913316,0.07150709425097657
canny,pixel,2.0,0.4409631351040196,0.08826712038547735,0.15858882188929502
canny,sub-pixel,2.0,0.25489003611440597,0.034848911263501536,0.07441104891676775
threshold,pixel,2.0,0.39300397094728223,0.029946289013446536,0.07479219149494032
threshold,sub-pixel,2.0,0.24040754627591224,0.03786281507412892,0.07083443235941944
canny,pixel,2.0,0.4240836225749424,0.08756350847439853,0.17768401325207916
canny,sub-pixel,2.0,0.24040754627591224,0.03786281507412892,0.07083443235941944
threshold,pixel,2.0,0.40266835150225255,0.017906215495341327,0.07206693964776667
threshold,sub-pixel,2.0,0.24980205602051686,0.04909265341328395,0.08982709158386903
canny,pixel,2.0,0.4271228833649365,0.09865618442254065,0.1971143245934952
canny,sub-pixel,2.0,0.24980205602051686,0.04909265341328395,0.08982709158386903
threshold,pixel,2.0,0.395673152387477,0.02330754130082946,0.03087280330896469
threshold,sub-pixel,2.0,0.2456295150863233,0.04413673239102189,0.06992414898112598
canny,pixel,2.0,0.462651574213392,0.10979339789346743,0.22155153309565234
canny,sub-pixel,2.0,0.26493423653180587,0.05363860260288589,0.1058590792979821
threshold,pixel,2.0,0.394408852130734,0.03154033420926039,0.06335007172871787
threshold,sub-pixel,2.0,0.25546532650616277,0.055492528280309594,0.1043065360487847
canny,pixel,2.0,0.4357799617891856,0.13278319208218947,0.22822146383165265
canny,sub-pixel,2.0,0.25546532650616277,0.055492528280309594,0.1043065360487847
threshold,pixel,2.0,0.38793226100018885,0.05002612644548088,0.10357278232880196
threshold,sub-pixel,2.0,0.253641384456836,0.05657341683906325,0.10581334785561136
canny,pixel,2.0,0.426078003645757,0.133068978429024,0.24717719536438665
canny,sub-pixel,2.0,0.253641384456836,0.05657341683906325,0.10581334785561136
threshold,pixel,2.0,0.3963994098704697,0.034222821380020196,0.07697755069443746
threshold,sub-pixel,2.0,0.2509463815449946,0.05051912822787441,0.08141800313515235
canny,pixel,2.0,0.4382910195405162,0.11246868846745472,0.2143037688606899
canny,sub-pixel,2.0,0.2621983398716678,0.050920819697242825,0.08923136656587793
threshold,pixel,2.0,0.41465001601500734,0.04688085736444991,0.08436375888049019
threshold,sub-pixel,2.0,0.2550278116391145,0.057987247645210904,0.10210284543615256
canny,pixel,2.0,0.4353652036225436,0.12244010214694379,0.20283106045398602
canny,sub-pixel,2.0,0.2550278116391145,0.057987247645210904,0.10210284543615256
threshold,pixel,2.0,0.41518362575776724,0.03836348556339009,0.08527894112772927
threshold,sub-pixel,2.0,0.2472708640445594,0.0452244077886379,0.0809270502471735
canny,pixel,2.0,0.44484244925486877,0.11674234094229752,0.2178125404835829
canny,sub-pixel,2.0,0.25347741860690887,0.04813748623844061,0.08804778284120607
threshold,pixel,2.0,0.4119822030998328,0.036609664120730745,0.08647314034825504
threshold,sub-pixel,2.0,0.25846182481180446,0.041479193543816684,0.08193784816179184
canny,pixel,2.0,0.4481855580092278,0.10526046216783025,0.18944377295803783
canny,sub-pixel,2.0,0.2608329772323419,0.043381300118328636,0.0882607967585125
threshold,pixel,2.0,0.38716731938561416,0.009439785072625884,0.05610336540529959
threshold,sub-pixel,2.0,0.24601182649197667,0.04520164080144229,0.08520877080118394
canny,pixel,2.0,0.44988398538616653,0.10634157961052648,0.22056015540623797
canny,sub-pixel,2.0,0.2649608256728946,0.0572034475915274,0.10387579952179671
threshold,pixel,2.0,0.39133838511817365,0.01310445223229828,0.0038832048676606945
threshold,sub-pixel,2.0,0.24432160746075293,0.03524143394786572,0.04627104930146686
canny,pixel,2.0,0.42684406920257834,0.07597737337291599,0.10693477777709681
canny,sub-pixel,2.0,0.25267176351332027,0.037560445231252015,0.05077017049532806
threshold,pixel,2.0,0.4095998680797941,0.0474531450813529,0.0698192708564771
threshold,sub-pixel,2.0,0.24827626720868162,0.042477002931230357,0.06387998315108012
canny,pixel,2.0,0.43612381377277043,0.10716325119131831,0.17570057767837266
canny,sub-pixel,2.0,0.25036410857859515,0.04411850288988428,0.06641620573417306
threshold,pixel,4.0,0.3933342032648617,0.034529311839403,0.09644622463195107
threshold,sub-pixel,4.0,0.26743397913348027,0.043210433215909894,0.09644649443405484
canny,pixel,4.0,0.5289647425613255,0.13834491764249668,0.2954022020320073
canny,sub-pixel,4.0,0.3509948719662166,0.08774186853796828,0.2173319160210121
threshold,pixel,4.0,0.39938780388140904,0.026904822268077666,0.06682742297135791
threshold,sub-pixel,4.0,0.26037962279609894,0.04417789064242017,0.08376883134349722
canny,pixel,4.0,0.47993399681078897,0.13477493875012247,0.2892234384064647
canny,sub-pixel,4.0,0.3025159774277447,0.06663100625083496,0.1544494371310816
threshold,pixel,4.0,0.40318104666481014,0.040217078465866085,0.06360190768933416
threshold,sub-pixel,4.0,0.2594921790421518,0.05887679471250051,0.09266853390533392
canny,pixel,4.0,0.5569667106339122,0.1385077672578967,0.2589372713451126
canny,sub-pixel,4.0,0.360650498375123,0.1009670325827291,0.19016458063577923
threshold,pixel,4.0,0.3976046010090399,0.020074046889001718,0.047532822843555866
threshold,sub-pixel,4.0,0.25796281583153347,0.030558921422143448,0.0539893389902657
canny,pixel,4.0,0.505880723454029,0.15143708034799708,0.30500868461684894
canny,sub-pixel,4.0,0.33657662713813896,0.07300059329769903,0.15885731870692688
threshold,pixel,4.0,0.39357471520637277,0.04131907459823925,0.09699155563411654
threshold,sub-pixel,4.0,0.26066075015208573,0.05314381337209095,0.10428622457636205
canny,pixel,4.0,0.5567138333808714,0.1523384417326875,0.41932015853876914
canny,sub-pixel,4.0,0.38987998839131244,0.09873250463286443,0.30556027847563616
threshold,pixel,4.0,0.39820237747623854,0.04226446467314282,0.06589095250657895
threshold,sub-pixel,4.0,0.257559830442727,0.05480584680833123,0.08900215113514998
canny,pixel,4.0,0.5345111022165789,0.14836602624931128,0.3059117797304558
canny,sub-pixel,4.0,0.36912390436218234,0.08852363090651716,0.18642626138210305
threshold,pixel,4.0,0.3948927518255044,0.010910138861734975,0.04018590716994952
threshold,sub-pixel,4.0,0.25733279358063754,0.018352548017574466,0.04910982566830846
canny,pixel,4.0,0.4959898354179607,0.12255157243485759,0.25393053765906615
canny,sub-pixel,4.0,0.3309230319947394,0.05568891563905998,0.15986144005327052
threshold,pixel,4.0,0.39922098302940934,0.01856454830627119,0.05516018763399533
threshold,sub-pixel,4.0,0.26895536266858666,0.0546731896178253,0.09917182619155929
canny,pixel,4.0,0.5903592538798457,0.21766798715288826,0.45248144994186434
canny,sub-pixel,4.0,0.43702855616195146,0.18176269391005206,0.3786613220803714
threshold,pixel,4.0,0.4082308151581061,0.012978110062944248,0.055243545677582606
threshold,sub-pixel,4.0,0.26346994911060806,0.027741909303796164,0.044213861233219465
canny,pixel,4.0,0.4622131228430901,0.09673339204502596,0.1688683801393296
canny,sub-pixel,4.0,0.29784591481957773,0.03645054014686766,0.05582041876881716
threshold,pixel,4.0,0.4083925941261797,0.037143235888028814,0.06921262679216778
threshold,sub-pixel,4.0,0.2684230695074993,0.05591677370670056,0.08365323014014336
canny,pixel,4.0,0.5003292073615301,0.15195884398865367,0.303196577407042
canny,sub-pixel,4.0,0.3423288914783102,0.09174051777432113,0.18707753275721872
threshold,pixel,4.0,0.40081458043499685,0.021640789196245125,0.051047813809411036
threshold,sub-pixel,4.0,0.26122222815261137,0.04031092784748447,0.08472708617080649
canny,pixel,4.0,0.5004167442082453,0.14146954166561942,0.22164940991735627
canny,sub-pixel,4.0,0.3288904657006278,0.10249743963085456,0.14744952883131868
threshold,pixel,4.0,0.3944412088641702,0.027072481688163674,0.079460299466386
threshold,sub-pixel,4.0,0.2621130844711941,0.040308964335381,0.09632634021940412
canny,pixel,4.0,0.5004437973412854,0.13664900420194626,0.22329027360353848
canny,sub-pixel,4.0,0.350044347517412,0.09392231167429965,0.14714284734795102
threshold,pixel,4.0,0.3850778081255679,0.01681880499226729,0.051712334321109665
threshold,sub-pixel,4.0,0.2579520692535944,0.045626811776702914,0.09449089693787416
canny,pixel,4.0,0.49977035912223283,0.13637766034677146,0.30682888572562694
canny,sub-pixel,4.0,0.3418644410511209,0.0879544466356782,0.2164715654698166
threshold,pixel,4.0,0.4077708178678899,0.045246953856731276,0.10933067745155034
threshold,sub-pixel,4.0,0.26997701920088,0.07200711115013558,0.12437173894630993
canny,pixel,4.0,0.5712178592699072,0.19119540436672688,0.3663431005018931
canny,sub-pixel,4.0,0.376737874159867,0.12507579265909308,0.2568159009531257
threshold,pixel,4.0,0.4094317848665905,0.03315401874029411,0.00145559978741705
threshold,sub-pixel,4.0,0.2646558160373006,0.04737134016363498,0.06570103238415337
canny,pixel,4.0,0.5369745977938536,0.15388781328478573,0.3749838877618261
canny,sub-pixel,4.0,0.36401042839976727,0.09886099931705306,0.27358081934500245
threshold,pixel,0.3,0.353952197004766,0.010929124472222829,0.02228513706473434
threshold,sub-pixel,0.3,0.18263173063676377,0.022079168131412752,0.03255777589248998
canny,pixel,0.3,0.3463261717294619,0.032753664191819465,0.059083660984010855
canny,sub-pixel,0.3,0.18263173063676377,0.022079168131412752,0.03255777589248998
threshold,pixel,0.3,0.35888635793891893,0.0404265442460352,0.06395373942270233
threshold,sub-pixel,0.3,0.17829488738473842,0.004720644963285947,0.0007453938746100341
canny,pixel,0.3,0.3451712116393411,0.018673183869080456,0.046466902172999536
canny,sub-pixel,0.3,0.17829488738473842,0.004720644963285947,0.0007453938746100341
threshold,pixel,0.3,0.3593412377514322,0.029095471252340577,0.02471538545445018
threshold,sub-pixel,0.3,0.17952003187406104,0.009426060297115124,0.02172476908883003
canny,pixel,0.3,0.3561371956668977,0.006873236538962768,0.02260700271087046
canny,sub-pixel,0.3,0.17952003187406104,0.009426060297115124,0.02172476908883003
threshold,pixel,0.3,0.35406467019068133,0.05265263103671525,0.07498447396787578
threshold,sub-pixel,0.3,0.1813862323872094,0.010514829292990635,0.01322670848709162
canny,pixel,0.3,0.34342303706880883,0.019058374502129438,0.01380759507817464
canny,sub-pixel,0.3,0.1813862323872094,0.010514829292990635,0.01322670848709162
threshold,pixel,0.3,0.3758424216982722,0.012128116040580839,0.017318922546100568
threshold,sub-pixel,0.3,0.1810892086977309,0.00819230262785664,0.016332018348097055
canny,pixel,0.3,0.3653107539075626,0.013673315225568694,0.018558583893956593
canny,sub-pixel,0.3,0.1810892086977309,0.00819230262785664,0.016332018348097055
threshold,pixel,0.3,0.32790946964102147,0.02001826079773983,0.028850959750399863
threshold,sub-pixel,0.3,0.17874444392345423,0.022091374889873006,0.024887799302874658
canny,pixel,0.3,0.3228272619557395,0.0061957967866868024,0.0013229057456531912
canny,sub-pixel,0.3,0.17874444392345423,0.022091374889873006,0.024887799302874658
threshold,pixel,0.3,0.35186091685906784,0.029416994126034268,0.059011187739858695
threshold,sub-pixel,0.3,0.17758390000783997,0.007896834527370111,0.007819421895754797
canny,pixel,0.3,0.34292534127026175,0.030980695297873728,0.09671052976977856
canny,sub-pixel,0.3,0.17758390000783997,0.007896834527370111,0.007819421895754797
threshold,pixel,0.3,0.370126723168156,0.04285027860399904,0.06851984363250008
threshold,sub-pixel,0.3,0.1778856351069152,0.00987373730789387,0.004883886630122625
canny,pixel,0.3,0.3453768719565743,0.010280334744712794,0.01320502460812989
canny,sub-pixel,0.3,0.1778856351069152,0.00987373730789387,0.004883886630122625
threshold,pixel,0.3,0.3323241750064301,0.009830822364500613,0.027109333163773286
threshold,sub-pixel,0.3,0.17743163773464596,0.0136982193002535,0.01280277891900683
canny,pixel,0.3,0.32383486965984043,0.011209689846682247,0.0059349659519050135
canny,sub-pixel,0.3,0.17743163773464596,0.0136982193002535,0.01280277891900683
threshold,pixel,0.3,0.36426865812158116,0.028603283297281124,0.03221736650885254
threshold,sub-pixel,0.3,0.17744616958953796,0.007004585783552675,0.014313523247901916
canny,pixel,0.3,0.35625650205330095,0.019281454615048266,0.012332770862357956
canny,sub-pixel,0.3,0.17744616958953796,0.007004585783552675,0.014313523247901916
threshold,pixel,0.3,0.35277331666911493,0.001769982815653548,0.017196558590292454
threshold,sub-pixel,0.3,0.172437205821871,0.003948723041946267,0.02321329906485836
canny,pixel,0.3,0.34403116060406924,0.004874978646463801,0.000668081780522467
canny,sub-pixel,0.3,0.172437205821871,0.003948723041946267,0.02321329906485836
threshold,pixel,0.3,0.3537302384012486,0.019129482882387916,0.04061406112549326
threshold,sub-pixel,0.3,0.171769906094482,0.014389833202285485,0.005010084357229605
canny,pixel,0.3,0.3469381370026509,0.014629098137358465,0.028958622230933706
canny,sub-pixel,0.3,0.171769906094482,0.014389833202285485,0.005010084357229605
threshold,pixel,0.3,0.36390394460215425,0.028855916353081712,0.07743185315681078
threshold,sub-pixel,0.3,0.17124095300261077,0.0019581703219008206,0.008194728370936932
canny,pixel,0.3,0.3628961985961553,0.01554021227748048,0.012870492074519957
canny,sub-pixel,0.3,0.17124095300261077,0.0019581703219008206,0.008194728370936932
threshold,pixel,0.3,0.3587549284045432,0.04280496599094852,0.037862460526691066
threshold,sub-pixel,0.3,0.17532270153220753,0.007129920009806057,0.0047732142526619725
canny,pixel,0.3,0.36328469221147136,0.007330159891423826,0.044758928395649544
canny,sub-pixel,0.3,0.17532270153220753,0.007129920009806057,0.0047732142526619725
threshold,pixel,0.3,0.34792782839928826,0.03859395422755629,0.04746858123853159
threshold,sub-pixel,0.3,0.17680202724607663,0.02252146889174056,0.002657903339505774
canny,pixel,0.3,0.3312787240708555,0.016338603483031955,0.02812844823039362
canny,sub-pixel,0.3,0.17680202724607663,0.02252146889174056,0.002657903339505774
threshold,pixel,1.0,0.349870431194634,0.023007534663921136,0.032777193321938736
threshold,sub-pixel,1.0,0.1819643703779003,0.006768176390603675,0.0038619416274801033
canny,pixel,1.0,0.3385146365577949,0.021470391675720624,0.043111991999314814
canny,sub-pixel,1.0,0.1819643703779003,0.006768176390603675,0.0038619416274801033
threshold,pixel,1.0,0.37072277427596956,0.012251701903757128,0.013198495383743403
threshold,sub-pixel,1.0,0.1792681050190032,0.01834693182929814,0.03270662920239831
canny,pixel,1.0,0.3573509640455509,0.013785144477731714,0.042208801671081986
canny,sub-pixel,1.0,0.1792681050190032,0.01834693182929814,0.03270662920239831
threshold,pixel,1.0,0.3603232836414234,0.02605322123940068,0.030288628188807287
threshold,sub-pixel,1.0,0.1827730374410937,0.010733678291645954,0.011631068930825883
canny,pixel,1.0,0.3405469364200343,0.01438134637297872,0.028961386254519272
canny,sub-pixel,1.0,0.1827730374410937,0.010733678291645954,0.011631068930825883
threshold,pixel,1.0,0.3594363040928384,0.03313066693127398,0.04913801979246646
threshold,sub-pixel,1.0,0.17619028240140328,0.005751804014645923,0.004174333008513553
canny,pixel,1.0,0.35304797488460204,0.01532871808138081,0.01654461498711246
canny,sub-pixel,1.0,0.17619028240140328,0.005751804014645923,0.004174333008513553
threshold,pixel,1.0,0.3595579077049658,0.034388940464531115,0.07906787631160994
threshold,sub-pixel,1.0,0.18365679362152304,0.002235702402089257,0.03200186054262377
canny,pixel,1.0,0.3506988555079334,0.01701308030092652,0.0601809194349181
canny,sub-pixel,1.0,0.18365679362152304,0.002235702402089257,0.03200186054262377
threshold,pixel,1.0,0.35251534813112645,0.03739171561105181,0.06140986921371172
threshold,sub-pixel,1.0,0.17567529902649842,0.009481510954377548,0.0005337835904903887
canny,pixel,1.0,0.35100801407464033,0.02725947949974805,0.057689143261412834
canny,sub-pixel,1.0,0.17567529902649842,0.009481510954377548,0.0005337835904903887
threshold,pixel,1.0,0.35295762221552307,0.015362129891354326,0.02013772565147698
threshold,sub-pixel,1.0,0.17422687262904152,0.010724644852842413,0.027182832284714964
canny,pixel,1.0,0.3494353012985949,0.01885618682050938,0.0220261198011813
canny,sub-pixel,1.0,0.17422687262904152,0.010724644852842413,0.027182832284714964
threshold,pixel,1.0,0.3817953927066392,0.021257633061719794,0.01903289282977294
threshold,sub-pixel,1.0,0.18656733092935085,0.005621352954048864,0.009444833480076298
canny,pixel,1.0,0.3633219050571339,0.007152289258726685,0.015932806192986426
canny,sub-pixel,1.0,0.18656733092935085,0.005621352954048864,0.009444833480076298
threshold,pixel,1.0,0.3757364008343557,0.032192517490908124,0.03670644469402484
threshold,sub-pixel,1.0,0.18218824594544775,0.01531071733712197,0.023830442903324034
canny,pixel,1.0,0.36477136917712794,0.03406962593627583,0.029089179109050622
canny,sub-pixel,1.0,0.18218824594544775,0.01531071733712197,0.023830442903324034
threshold,pixel,1.0,0.357013718668563,0.01150993304768666,0.028156450534206456
threshold,sub-pixel,1.0,0.1878289954163827,0.006821709140504728,0.016243438413502176
canny,pixel,1.0,0.348447871162366,0.0041094085775104094,0.026143806187534757
canny,sub-pixel,1.0,0.1878289954163827,0.006821709140504728,0.016243438413502176
threshold,pixel,1.0,0.34641492291049303,0.044731330809190006,0.09589679842169696
threshold,sub-pixel,1.0,0.170410865739357,0.012889060851087986,0.012959620616151746
canny,pixel,1.0,0.3387670141876299,0.020132382309702823,0.013353679951218833
canny,sub-pixel,1.0,0.170410865739357,0.012889060851087986,0.012959620616151746
threshold,pixel,1.0,0.38094953286884753,0.04997406343334876,0.08255059660658715
threshold,sub-pixel,1.0,0.1774695315975316,0.01031011016743233,0.014163203272620883
canny,pixel,1.0,0.3724419481992427,0.03706306218588118,0.02161335214105753
canny,sub-pixel,1.0,0.1774695315975316,0.01031011016743233,0.014163203272620883
threshold,pixel,1.0,0.36509199399108666,0.010383938340749577,0.020303683548343
threshold,sub-pixel,1.0,0.17626543070762862,0.0169598186279728,0.04322784490425757
canny,pixel,1.0,0.3647848572038117,0.0214452730579745,0.0033132597129466035
canny,sub-pixel,1.0,0.17626543070762862,0.0169598186279728,0.04322784490425757
threshold,pixel,1.0,0.35994172879506425,0.021244606425917745,0.028262796040871896
threshold,sub-pixel,1.0,0.1850427464625178,0.0031552082780733626,0.038680746465130644
canny,pixel,1.0,0.3444506197958578,0.0020809624840806284,0.009875379367530135
canny,sub-pixel,1.0,0.1850427464625178,0.0031552082780733626,0.038680746465130644
threshold,pixel,1.0,0.3837416407605515,0.038346261129660775,0.0458189409776506
threshold,sub-pixel,1.0,0.18272711726677857,0.008120684896009589,0.009693361723809968
canny,pixel,1.0,0.3661669697906692,0.009190806354754,0.035080122892659826
canny,sub-pixel,1.0,0.18272711726677857,0.008120684896009589,0.009693361723809968
threshold,pixel,2.0,0.35989701834034005,0.03939609729591931,0.06577953982110696
threshold,sub-pixel,2.0,0.1885913142015468,0.02209562223854411,0.02298896549696372
canny,pixel,2.0,0.3501319178944693,0.00541658201791928,0.034918442951619166
canny,sub-pixel,2.0,0.1885913142015468,0.02209562223854411,0.02298896549696372
threshold,pixel,2.0,0.3561443694225362,0.024436183983725823,0.05706615565519613
threshold,sub-pixel,2.0,0.18715135609411077,0.015650468575129417,0.01891211238915913
canny,pixel,2.0,0.3431410990840478,0.022691359965472446,0.05809509825947634
canny,sub-pixel,2.0,0.19263707860161536,0.015515663891914944,0.013166854410330053
threshold,pixel,2.0,0.3767549997342507,0.04399278555695718,0.09023967869589589
threshold,sub-pixel,2.0,0.1845860778562045,0.0031980757682446015,0.009522217278782108
canny,pixel,2.0,0.37216095022871504,0.026948925060509943,0.05961675496710628
canny,sub-pixel,2.0,0.1845860778562045,0.0031980757682446015,0.009522217278782108
threshold,pixel,2.0,0.3637753313406685,0.03727671178165681,0.09797811693047209
threshold,sub-pixel,2.0,0.18545411412576926,0.014114403634572614,0.033587198981068545
canny,pixel,2.0,0.38018470202532045,0.03645889875879216,0.030830674881960674
canny,sub-pixel,2.0,0.20826640384437284,0.011459429754310801,0.0162975602467752
threshold,pixel,2.0,0.37874793537481133,0.05970647439625365,0.06216503682809105
threshold,sub-pixel,2.0,0.1992191480401398,0.02685022083820965,0.0003806331483722225
canny,pixel,2.0,0.38780177349392747,0.04104879242067039,0.021574514204568906
canny,sub-pixel,2.0,0.2061815495740203,0.028240140260695323,0.020978471809979915
threshold,pixel,2.0,0.37787753798810303,0.03146583534380054,0.054810557436041574
threshold,sub-pixel,2.0,0.1932450234848005,0.011147408360837163,0.013184851719553192
canny,pixel,2.0,0.36911823266010607,0.004627976728985517,0.01968386764227792
canny,sub-pixel,2.0,0.19619073336045212,0.010258115119597178,0.019603522119139072
threshold,pixel,2.0,0.3677552569244275,0.027083890029772295,0.06267165133742347
threshold,sub-pixel,2.0,0.18226024743606992,0.005371349380017487,0.01010848210510007
canny,pixel,2.0,0.35805697127038755,0.01712241225681521,0.031496606102134894
canny,sub-pixel,2.0,0.18226024743606992,0.005371349380017487,0.01010848210510007
threshold,pixel,2.0,0.3577022675919877,0.03761351788770573,0.0721381988806471
threshold,sub-pixel,2.0,0.17913507759303232,0.01032107621060252,0.004193189387783791
canny,pixel,2.0,0.38638738650217425,0.021336708325068954,0.05824121502474022
canny,sub-pixel,2.0,0.20650800195241567,0.010519821494235249,0.03935974106193818
threshold,pixel,2.0,0.36541904846154827,0.04025172675362143,0.07832347524326289
threshold,sub-pixel,2.0,0.1911022983953471,0.0025030978225003553,0.021976883934285096
canny,pixel,2.0,0.3591602909372711,0.02922600579566903,0.06377451915803989
canny,sub-pixel,2.0,0.19837149044851926,0.004923027922856926,0.01473457830548841
threshold,pixel,2.0,0.35226870373934027,0.016405641324159448,0.01570322894148779
threshold,sub-pixel,2.0,0.18973879879306688,0.0021659229511198363,0.0025889069629196904
canny,pixel,2.0,0.3479820007468888,0.023994927092604867,0.053029997115240146
canny,sub-pixel,2.0,0.18973879879306688,0.0021659229511198363,0.0025889069629196904
threshold,pixel,2.0,0.35008030764981013,0.045316360758518304,0.06649626416265497
threshold,sub-pixel,2.0,0.18539355898077564,0.013979943062000899,0.01457864126254349
canny,pixel,2.0,0.33733953599762706,0.019778274635033566,0.0029666028262171906
canny,sub-pixel,2.0,0.18539355898077564,0.013979943062000899,0.01457864126254349
threshold,pixel,2.0,0.3817834769971241,0.04374353747976545,0.10199356609491073
threshold,sub-pixel,2.0,0.1942076411447311,0.013042511039521476,0.04059508544317447
canny,pixel,2.0,0.36767964062279396,0.025181432842362628,0.07072066272277588
canny,sub-pixel,2.0,0.1942076411447311,0.013042511039521476,0.04059508544317447
threshold,pixel,2.0,0.3689706904126222,0.02742948354048058,0.04625998834797018
threshold,sub-pixel,2.0,0.1894181541163758,0.009448742169002267,0.03016827243988285
canny,pixel,2.0,0.35219914781025197,0.021582908365855524,0.03558657174250168
canny,sub-pixel,2.0,0.1894181541163758,0.009448742169002267,0.03016827243988285
threshold,pixel,2.0,0.38302468518076127,0.06813642313272461,0.11681807054797799
threshold,sub-pixel,2.0,0.18641253595796728,0.014562317784202361,0.03654401882812186
canny,pixel,2.0,0.384912221522591,0.01942174334751634,0.04612249054997131
canny,sub-pixel,2.0,0.18641253595796728,0.014562317784202361,0.03654401882812186
threshold,pixel,2.0,0.36889233353657214,0.0581424770234229,0.1140098390477593
threshold,sub-pixel,2.0,0.18930561256546108,0.007552862275858718,0.011446952898911178
canny,pixel,2.0,0.36746033072702533,0.012225377995233933,0.0909134590608407
canny,sub-pixel,2.0,0.19729020629911037,0.003972433183469182,0.03721702820752326
threshold,pixel,4.0,0.39358759094065576,0.07354906781181314,0.12130655950121572
threshold,sub-pixel,4.0,0.20469088415328981,0.021366467803430877,0.027505210422047455
canny,pixel,4.0,0.46396211787349073,0.02106693373374824,0.011945826379057944
canny,sub-pixel,4.0,0.30583792261239784,0.031513603506931664,0.00935917954974319
threshold,pixel,4.0,0.38075513242536146,0.04546965635212474,0.06688057317731833
threshold,sub-pixel,4.0,0.20434093022039962,0.019093387969058018,0.002468800551478356
canny,pixel,4.0,0.515247981737868,0.08276717709113746,0.1656563690284134
canny,sub-pixel,4.0,0.3674633802227225,0.07664245445932005,0.19282732096345745
threshold,pixel,4.0,0.3878076130460705,0.05505597353796676,0.04289551957236437
threshold,sub-pixel,4.0,0.20356877926843317,0.008198319343312721,0.0091438234240111
canny,pixel,4.0,0.47397143419180077,0.02616195244414754,0.12048692667344785
canny,sub-pixel,4.0,0.2954345879449553,0.031099449239836985,0.0706743048231746
threshold,pixel,4.0,0.37326948514856706,0.03986747417365266,0.05055145729294974
threshold,sub-pixel,4.0,0.19699150151833417,0.014308017923293503,0.02037564504931888
canny,pixel,4.0,0.38788519417348133,0.008896835542304138,0.013997439185431393
canny,sub-pixel,4.0,0.22688067892117536,0.01346403197290591,0.005160362684359043
threshold,pixel,4.0,0.370760202051444,0.03673815051231222,0.038219366041767344
threshold,sub-pixel,4.0,0.19607272511082738,0.007997768255181614,0.005129902049147539
canny,pixel,4.0,0.4376028434464916,0.018090662477862507,0.15426758930660966
canny,sub-pixel,4.0,0.27736284738664435,0.045370655930960235,0.19515203225956101
threshold,pixel,4.0,0.37352007780823676,0.04542706972118371,0.0711276953957598
threshold,sub-pixel,4.0,0.20575782815136132,0.005692947702101603,0.0032392591607974808
canny,pixel,4.0,0.5258245961469501,0.06597848140827633,0.32042956227682895
canny,sub-pixel,4.0,0.36882833885987565,0.07783984684308776,0.3347581722542379
threshold,pixel,4.0,0.383941187593768,0.04602089144696919,0.0561930448610084
threshold,sub-pixel,4.0,0.21039971369296517,0.0006591180736994495,0.008884911003974816
canny,pixel,4.0,0.45539530194073335,0.035694632762148015,0.07386892578170179
canny,sub-pixel,4.0,0.30836388749727006,0.044822977439882394,0.10166762161827991
threshold,pixel,4.0,0.3877218270220548,0.04496750708690367,0.07251433498971238
threshold,sub-pixel,4.0,0.20297162043874942,0.0181473715317938,0.03371521414480405
canny,pixel,4.0,0.4829491407308778,0.01633999999981428,0.050149424101424867
canny,sub-pixel,4.0,0.3184754316023003,0.038611679153042866,0.01251399994539848
threshold,pixel,4.0,0.3772303880452881,0.06704784188203594,0.09829627004311225
threshold,sub-pixel,4.0,0.19860586728226937,0.01281038242352961,0.0255996478497309
canny,pixel,4.0,0.5318684851939275,0.038073964577509556,0.005767170773385288
canny,sub-pixel,4.0,0.37237826974520316,0.0484091437878289,0.07068707583425993
threshold,pixel,4.0,0.36880149274776153,0.02705330091653535,0.03322106641218747
threshold,sub-pixel,4.0,0.1896597771443202,0.009273995778579458,0.0009920465496291442
canny,pixel,4.0,0.4615280333839976,0.00975051452292719,0.048509326841760014
canny,sub-pixel,4.0,0.2854671224562254,0.028239460720912213,0.03492870864713993
threshold,pixel,4.0,0.37015634431492805,0.07178472710205175,0.10507646505063617
threshold,sub-pixel,4.0,0.19665801700390306,0.02049432199980117,0.023307939802019284
canny,pixel,4.0,0.43190990665678597,0.02192666186451009,0.016201180009612237
canny,sub-pixel,4.0,0.2693590010967212,0.028542834943257822,0.0034349141874523426
threshold,pixel,4.0,0.3884392637583105,0.020640912934623445,0.006687868187710944
threshold,sub-pixel,4.0,0.2033750365563596,0.00513051944002374,0.003726723279165789
canny,pixel,4.0,0.5783928948084245,0.11282400807537574,0.23591838506921503
canny,sub-pixel,4.0,0.40794863708799173,0.10727944798066102,0.22203240514124634
threshold,pixel,4.0,0.38282540342599586,0.04393667318207306,0.07669058008442065
threshold,sub-pixel,4.0,0.19853706873272708,0.022129250228745678,0.0008550601663790403
canny,pixel,4.0,0.4866963820204768,0.07390509750489715,0.12353611200427794
canny,sub-pixel,4.0,0.3113584257900759,0.07583566516525697,0.12902548045687157
threshold,pixel,4.0,0.38092655836738176,0.05201989409114094,0.08339747664253072
threshold,sub-pixel,4.0,0.19698020548377887,0.008490855810784459,0.006207470569989493
canny,pixel,4.0,0.45248274021191104,0.01120754243410138,0.03199384464848842
canny,sub-pixel,4.0,0.28406250386931536,0.03201168014545197,0.03785585008494863
threshold,pixel,4.0,0.35189777598463,0.053751643720400866,0.07194184621587629
threshold,sub-pixel,4.0,0.19378681664076228,0.008751396503962394,0.0014548194367827172
canny,pixel,4.0,0.5221041065397323,0.17287858238462872,0.2999731600365485
canny,sub-pixel,4.0,0.374093058423124,0.1879996318967877,0.29628613858250175
threshold,pixel,0.3,0.36366665946513066,0.04883730501436512,0.09905192884966563
threshold,sub-pixel,0.3,0.17698325714524277,0.006126477539013631,0.01710572962281498
canny,pixel,0.3,0.35039658921103123,0.008387188723036454,0.032887873704616544
canny,sub-pixel,0.3,0.17698325714524277,0.006126477539013631,0.01710572962281498
threshold,pixel,0.3,0.36713646726239546,0.014469134879168899,0.07066503678953584
threshold,sub-pixel,0.3,0.17772938879749692,0.011247620020097493,0.01996577908983177
canny,pixel,0.3,0.3576639544138986,0.019734594820659312,0.10039070409376749
canny,sub-pixel,0.3,0.17772938879749692,0.011247620020097493,0.01996577908983177
threshold,pixel,0.3,0.3488341498237928,0.016802922482302418,0.012382402410175075
threshold,sub-pixel,0.3,0.17439071180037868,0.019034072342135944,0.013447268148357061
canny,pixel,0.3,0.3459311222959011,0.015011326962974358,0.011252174466438891
canny,sub-pixel,0.3,0.17439071180037868,0.019034072342135944,0.013447268148357061
threshold,pixel,0.3,0.34953067055418247,0.027790984824946685,0.04117464150915873
threshold,sub-pixel,0.3,0.17197614196533378,0.0031011959742450745,0.0014959181390314935
canny,pixel,0.3,0.33594088763157337,0.01510263302508641,0.01481454899040302
canny,sub-pixel,0.3,0.17197614196533378,0.0031011959742450745,0.0014959181390314935
threshold,pixel,0.3,0.34494678819349284,0.061602976827754063,0.10013803096515317
threshold,sub-pixel,0.3,0.18925886436678058,0.017435171655493464,0.02136878565648881
canny,pixel,0.3,0.33002093757116907,0.03289703176881498,0.06285251691864469
canny,sub-pixel,0.3,0.18925886436678058,0.017435171655493464,0.02136878565648881
threshold,pixel,0.3,0.3595735111084736,0.026639585020772683,0.04456957049395438
threshold,sub-pixel,0.3,0.1774647279857216,0.016977317440248663,0.007919434282547488
canny,pixel,0.3,0.35386342699693635,0.003756659245907179,0.02051989383891306
canny,sub-pixel,0.3,0.1774647279857216,0.016977317440248663,0.007919434282547488
threshold,pixel,0.3,0.32714013120934793,0.01345649193493792,0.032070339396538694
threshold,sub-pixel,0.3,0.1685653589742468,0.007552554695272162,0.0040735362205084336
canny,pixel,0.3,0.3247125375462546,0.011468216767367756,0.027544147998884494
canny,sub-pixel,0.3,0.1685653589742468,0.007552554695272162,0.0040735362205084336
threshold,pixel,0.3,0.3556216841556849,0.02279731887575087,0.06836345480742301
threshold,sub-pixel,0.3,0.17295137654410453,0.018075329923002537,0.006098413342414233
canny,pixel,0.3,0.34783101668209665,0.012670837024816861,0.008275838240717093
canny,sub-pixel,0.3,0.17295137654410453,0.018075329923002537,0.006098413342414233
threshold,pixel,0.3,0.351852456477019,0.027946761081637073,0.08966581122179162
threshold,sub-pixel,0.3,0.1722994930035513,0.0050340598579279305,0.0192717905221631
canny,pixel,0.3,0.3353638274470394,0.010815222454311546,0.030565995695826187
canny,sub-pixel,0.3,0.1722994930035513,0.0050340598579279305,0.0192717905221631
threshold,pixel,0.3,0.3514061554878114,0.022286371949434836,0.049930936646472635
threshold,sub-pixel,0.3,0.17416557343097358,0.012667048948739601,0.0010175533191743025
canny,pixel,0.3,0.34653777468555164,0.019739155027051924,0.017813444880453444
canny,sub-pixel,0.3,0.17416557343097358,0.012667048948739601,0.0010175533191743025
threshold,pixel,0.3,0.36596149824079505,0.034248935662842483,0.06425217283908236
threshold,sub-pixel,0.3,0.17867480199655877,0.003977048517991855,0.013836665100360523
canny,pixel,0.3,0.3493107169394215,0.01693624039132291,0.02464957529762546
canny,sub-pixel,0.3,0.17867480199655877,0.003977048517991855,0.013836665100360523
threshold,pixel,0.3,0.34835686172746916,0.002950297199697527,0.07103093318470588
threshold,sub-pixel,0.3,0.1840304087054935,0.02159096214899736,0.0008153573544820159
canny,pixel,0.3,0.33340877154658394,0.007169322367010067,0.033941803505501245
canny,sub-pixel,0.3,0.1840304087054935,0.02159096214899736,0.0008153573544820159
threshold,pixel,0.3,0.38000625814896366,0.02238817751136135,0.010304500132806371
threshold,sub-pixel,0.3,0.1796636868970298,0.00646410917498752,0.009440245791673574
canny,pixel,0.3,0.37124803069362217,0.015378340716401429,0.0012079347119744455
canny,sub-pixel,0.3,0.1796636868970298,0.00646410917498752,0.009440245791673574
threshold,pixel,0.3,0.36006449147516983,0.010442715006964809,0.020922752064431727
threshold,sub-pixel,0.3,0.1858383902320917,0.01274133611921846,0.01793755942242803
canny,pixel,0.3,0.35350517412931376,0.007809673802841033,0.026877934981754503
canny,sub-pixel,0.3,0.1858383902320917,0.01274133611921846,0.01793755942242803
threshold,pixel,0.3,0.3555784706105355,0.021160926488031473,0.0695164410122946
threshold,sub-pixel,0.3,0.1749580763318414,0.01824862236000402,0.02246090502098297
canny,pixel,0.3,0.33832646970341,0.008850992654141132,0.07154748387123999
canny,sub-pixel,0.3,0.1749580763318414,0.01824862236000402,0.02246090502098297
threshold,pixel,1.0,0.3771826260870539,0.056770899707554556,0.08068171429787174
threshold,sub-pixel,1.0,0.186488110676228,0.017405914968332437,0.0017837567235639007
canny,pixel,1.0,0.372811241510221,0.03102903816869662,0.06943691075855707
canny,sub-pixel,1.0,0.186488110676228,0.017405914968332437,0.0017837567235639007
threshold,pixel,1.0,0.3515851616118345,0.04988307442747242,0.07206169020465869
threshold,sub-pixel,1.0,0.18227635901750153,0.007496352647197946,0.024333506129260662
canny,pixel,1.0,0.33696786853663063,0.01820641908803533,0.0360451009680669
canny,sub-pixel,1.0,0.18227635901750153,0.007496352647197946,0.024333506129260662
threshold,pixel,1.0,0.3599601156911604,0.05266471516662541,0.09891315737524953
threshold,sub-pixel,1.0,0.18236571246786937,0.00953025226647164,0.01097563396210055
canny,pixel,1.0,0.3378282903950407,0.023454539141830044,0.07244637254870856
canny,sub-pixel,1.0,0.18236571246786937,0.00953025226647164,0.01097563396210055
threshold,pixel,1.0,0.3698827136171151,0.04326459478998823,0.07524035087185799
threshold,sub-pixel,1.0,0.191299662281702,0.022748414539219608,0.010176470124896975
canny,pixel,1.0,0.3601979718701336,0.03892630399624375,0.01840268893136421
canny,sub-pixel,1.0,0.191299662281702,0.022748414539219608,0.010176470124896975
threshold,pixel,1.0,0.38000453002510126,0.02023733863213828,0.040916567696257955
threshold,sub-pixel,1.0,0.17642703933090303,0.023246554754667303,0.0342940169076813
canny,pixel,1.0,0.38848432254483006,0.0062662669601728505,0.00018203400237926104
canny,sub-pixel,1.0,0.17642703933090303,0.023246554754667303,0.0342940169076813
threshold,pixel,1.0,0.3519997018616391,0.03462425526817514,0.10473149690780392
threshold,sub-pixel,1.0,0.18233379040416714,0.014638359069022888,0.046204458636248
canny,pixel,1.0,0.3406609580658682,0.0032817898728737527,0.07477535241652133
canny,sub-pixel,1.0,0.18233379040416714,0.014638359069022888,0.046204458636248
threshold,pixel,1.0,0.35292491970476625,0.054047957197145835,0.1301818832022381
threshold,sub-pixel,1.0,0.18189111908403682,0.018402600476346342,0.035918156013170055
canny,pixel,1.0,0.3453432669864691,0.03412526737717625,0.057893634852562936
canny,sub-pixel,1.0,0.18189111908403682,0.018402600476346342,0.035918156013170055
threshold,pixel,1.0,0.36350826601236075,0.05056563442619366,0.12272689160492689
threshold,sub-pixel,1.0,0.17623121728823693,0.005356582899023299,0.024302622428217457
canny,pixel,1.0,0.348081385457233,0.009155231279907472,0.07524726065804144
canny,sub-pixel,1.0,0.17623121728823693,0.005356582899023299,0.024302622428217457
threshold,pixel,1.0,0.3534863058498716,0.04689372186854124,0.11852096750584695
threshold,sub-pixel,1.0,0.17544845798298325,0.012005640677597018,0.05075438026664836
canny,pixel,1.0,0.34210838329043336,0.003952599513063593,0.02974281824898828
canny,sub-pixel,1.0,0.17544845798298325,0.012005640677597018,0.05075438026664836
threshold,pixel,1.0,0.3725399472421642,0.027399261644321604,0.08146859478629787
threshold,sub-pixel,1.0,0.18718216253637954,0.008763370092105593,0.005617235075823679
canny,pixel,1.0,0.3519548435470302,0.019086805976992305,0.04442607159902434
canny,sub-pixel,1.0,0.18718216253637954,0.008763370092105593,0.005617235075823679
threshold,pixel,1.0,0.3796413709766322,0.02916533536942789,0.10086052427389891
threshold,sub-pixel,1.0,0.18482858894332194,0.003332047720382536,0.027961047926069682
canny,pixel,1.0,0.3691174538979,0.015454228000921444,0.10473128068948312
canny,sub-pixel,1.0,0.18482858894332194,0.003332047720382536,0.027961047926069682
threshold,pixel,1.0,0.37543228949065965,0.023759059311102892,0.08283456293883407
threshold,sub-pixel,1.0,0.1757524907390326,0.012645324055065688,0.00403146561743406
canny,pixel,1.0,0.35730280847080753,0.010376887050112193,0.05725313640896079
canny,sub-pixel,1.0,0.1757524907390326,0.012645324055065688,0.00403146561743406
threshold,pixel,1.0,0.37399591960764467,0.062347602372313404,0.1605928767773812
threshold,sub-pixel,1.0,0.18159192076253894,0.01182749971447239,0.03984803676158921
canny,pixel,1.0,0.3602640847137135,0.030005196292918757,0.10204111459974086
canny,sub-pixel,1.0,0.18159192076253894,0.01182749971447239,0.03984803676158921
threshold,pixel,1.0,0.36952566557075206,0.04666946981572162,0.07565492688459319
threshold,sub-pixel,1.0,0.18527419751446317,0.011536923394715126,0.008693525050768924
canny,pixel,1.0,0.358783406019079,0.03550650592648574,0.0852273978056719
canny,sub-pixel,1.0,0.18527419751446317,0.011536923394715126,0.008693525050768924
threshold,pixel,1.0,0.3595913285534088,0.0477749771980025,0.0909902427191085
threshold,sub-pixel,1.0,0.16970956053958686,0.0060898379178172535,0.02051400744187415
canny,pixel,1.0,0.35363283799453016,0.010644737788297776,0.044095869577648994
canny,sub-pixel,1.0,0.16970956053958686,0.0060898379178172535,0.02051400744187415
threshold,pixel,2.0,0.35487259567921214,0.03179471746613982,0.08091822908268909
threshold,sub-pixel,2.0,0.19056820046700076,0.013136709141510772,0.015406834704970063
canny,pixel,2.0,0.3584605464606784,0.011984439553005322,0.03534969347689354
canny,sub-pixel,2.0,0.19275523492060814,0.013435361204159668,0.008597142920685696
threshold,pixel,2.0,0.3717055943114611,0.03792304602940977,0.08185962312034856
threshold,sub-pixel,2.0,0.18691889564644215,0.014199202333798788,0.015586392184540943
canny,pixel,2.0,0.3594916606216715,0.015244249828350598,0.0626082005859141
canny,sub-pixel,2.0,0.18691889564644215,0.014199202333798788,0.015586392184540943
threshold,pixel,2.0,0.3643495525406183,0.020413206783831295,0.01740319474166996
threshold,sub-pixel,2.0,0.18666129643724863,0.005181876162222876,0.003769317593197652
canny,pixel,2.0,0.3529370198297298,0.010220169120628064,0.007094593258012427
canny,sub-pixel,2.0,0.19170093112833825,0.005347474046191625,0.0016363497274682892
threshold,pixel,2.0,0.38427862095239523,0.05195655959716694,0.0852081000421736
threshold,sub-pixel,2.0,0.19681252087467926,0.004806594919134266,0.005479230337961161
canny,pixel,2.0,0.383387072338772,0.007653396287461645,0.08740414075236447
canny,sub-pixel,2.0,0.20398479932933947,0.006181528467131603,0.019756393783552317
threshold,pixel,2.0,0.3563118455002394,0.03831111901831996,0.0824215627943583
threshold,sub-pixel,2.0,0.18965385876397697,0.01994434385212751,0.009249566100117956
canny,pixel,2.0,0.3506363916164278,0.024925659599219663,0.04510546598842602
canny,sub-pixel,2.0,0.18965385876397697,0.01994434385212751,0.009249566100117956
threshold,pixel,2.0,0.3781460799624602,0.010053872795036334,0.010850259298737841
threshold,sub-pixel,2.0,0.18370269860999422,0.01362971639721855,0.014386092600574552
canny,pixel,2.0,0.3613187818282646,0.025965789398386896,0.01791844215630012
canny,sub-pixel,2.0,0.18370269860999422,0.01362971639721855,0.014386092600574552
threshold,pixel,2.0,0.3565531954272962,0.01297267569573679,0.04963240348949283
threshold,sub-pixel,2.0,0.18599609432369285,0.00590320930695154,0.022986508145266038
canny,pixel,2.0,0.3495853269697555,0.017512054097014063,0.005651406751566723
canny,sub-pixel,2.0,0.18599609432369285,0.00590320930695154,0.022986508145266038
threshold,pixel,2.0,0.3612387769677678,0.04451231898137542,0.08594291996934711
threshold,sub-pixel,2.0,0.18417532986029905,0.016127505783573026,0.06150021870056621
canny,pixel,2.0,0.3658689724598233,0.029486252893375253,0.08306342888420071
canny,sub-pixel,2.0,0.18618735267379632,0.01572318169986453,0.05740061063239699
threshold,pixel,2.0,0.35791921681007344,0.018583252051916244,0.08543037074278459
threshold,sub-pixel,2.0,0.1880790515002196,0.012033284112338505,0.02321284068438101
canny,pixel,2.0,0.3518489414608055,0.012726192980579532,0.036387592434383054
canny,sub-pixel,2.0,0.1880790515002196,0.012033284112338505,0.02321284068438101
threshold,pixel,2.0,0.37204790567717627,0.05733018329299633,0.10897459197044346
threshold,sub-pixel,2.0,0.18668566051638552,0.0048059261620898575,0.005277320442063083
canny,pixel,2.0,0.37586890784019955,0.034666187630192136,0.07962083478080384
canny,sub-pixel,2.0,0.20004662970800186,0.0017630205137539878,0.006853956968978503
threshold,pixel,2.0,0.34335531998927027,0.02402050439273895,0.10769545834379124
threshold,sub-pixel,2.0,0.1787021945486051,0.01343703409323993,0.004050946202394989
canny,pixel,2.0,0.3389090658751742,0.015316153588904702,0.011204154662438626
canny,sub-pixel,2.0,0.18086947097685457,0.013590443327274437,0.009041603938977127
threshold,pixel,2.0,0.3625102884888078,0.02939668833598763,0.05765675790438318
threshold,sub-pixel,2.0,0.18389247101816775,0.010620862017279298,0.021486807986935474
canny,pixel,2.0,0.3591097601785735,0.009557634670141035,0.06221281727703576
canny,sub-pixel,2.0,0.18389247101816775,0.010620862017279298,0.021486807986935474
threshold,pixel,2.0,0.36136554873556875,0.044308565600845395,0.03979537910484221
threshold,sub-pixel,2.0,0.18622951392510337,0.007916232286200753,0.012669868552658281
canny,pixel,2.0,0.3826440635261542,0.019839313962856098,0.008497810013084361
canny,sub-pixel,2.0,0.21497464790527562,0.012893038520479738,0.0018772354008598224
threshold,pixel,2.0,0.36846844814333446,0.030885630750163373,0.03304803086994346
threshold,sub-pixel,2.0,0.18668066722953536,0.015292389589519284,0.008739519457694467
canny,pixel,2.0,0.3786728531576764,0.021947068489483246,0.047306628964078445
canny,sub-pixel,2.0,0.19882583852280677,0.012952468805542905,0.0009633572232607968
threshold,pixel,2.0,0.3746148102471538,0.07605558111771127,0.09907619636787013
threshold,sub-pixel,2.0,0.18363712473839688,0.014756516622796756,0.013707459523806031
canny,pixel,2.0,0.36306751947704374,0.06497656077930802,0.10335412618759654
canny,sub-pixel,2.0,0.18363712473839688,0.014756516622796756,0.013707459523806031
threshold,pixel,4.0,0.3667573359861256,0.038370077926301205,0.07331069468642237
threshold,sub-pixel,4.0,0.18951510953478867,0.007426610397474609,0.02711274899023941
canny,pixel,4.0,0.5031675698899273,0.08415507394860977,0.2318670968073866
canny,sub-pixel,4.0,0.34642440854512324,0.08792625758737938,0.20800256633841752
threshold,pixel,4.0,0.368651289583279,0.06161908920067494,0.11359231861660035
threshold,sub-pixel,4.0,0.1974667182350243,0.0109705214715069,0.026319024355112575
canny,pixel,4.0,0.545939626548991,0.02383158141741737,0.2599072464174075
canny,sub-pixel,4.0,0.3825832563594532,0.04475099363049295,0.228357501959777
threshold,pixel,4.0,0.35996497944155303,0.027172655204948604,0.040942903205380965
threshold,sub-pixel,4.0,0.19880815715605568,0.013689180831603753,0.003377147616884457
canny,pixel,4.0,0.40849993282579,0.04432421451262292,0.05576320195398066
canny,sub-pixel,4.0,0.26082656887499944,0.025938701850222623,0.049446848627520135
threshold,pixel,4.0,0.37091384646837483,0.05115354767243807,0.12662562725766224
threshold,sub-pixel,4.0,0.20056241703349675,0.012654694871529037,0.0387835093709088
canny,pixel,4.0,0.45891006231644066,0.03025955571501049,0.18386639497784008
canny,sub-pixel,4.0,0.30761855338374355,0.03145342852656574,0.11880052085108317
threshold,pixel,4.0,0.3673694582816234,0.015980426907396206,0.04991545086279747
threshold,sub-pixel,4.0,0.19765177695709757,0.0015582895407194597,0.0007078030917908595
canny,pixel,4.0,0.5034973177192246,0.06727990416930107,0.09057083481163675
canny,sub-pixel,4.0,0.35078979484397294,0.07255560878461886,0.02404273298128401
threshold,pixel,4.0,0.3787506254452588,0.05964730045653843,0.0846271461518533
threshold,sub-pixel,4.0,0.2029076651155931,0.012451250971805883,0.002764836965155615
canny,pixel,4.0,0.49977948282802975,0.08266644716833482,0.37022826248605867
canny,sub-pixel,4.0,0.3410422880879952,0.11628799702519499,0.30477518136290205
threshold,pixel,4.0,0.37054672097210295,0.02249725802180047,0.02298476358780266
threshold,sub-pixel,4.0,0.19361713317358067,0.010022599090377282,0.015099503697819205
canny,pixel,4.0,0.5102554825805564,0.0668531054161996,0.1357585224813196
canny,sub-pixel,4.0,0.3561302991536841,0.0573649468874855,0.18152436954572715
threshold,pixel,4.0,0.3717575316840231,0.05872021032355246,0.06285503458396802
threshold,sub-pixel,4.0,0.20068223664686902,0.004012309009789994,0.012212283311641592
canny,pixel,4.0,0.4589694836799759,0.024137757296695095,0.11669841752138721
canny,sub-pixel,4.0,0.2979733031891354,0.011071810504152624,0.12424363758761481
threshold,pixel,4.0,0.4023153350865732,0.07292762743296011,0.15433517085365578
threshold,sub-pixel,4.0,0.199609769199241,0.0286697848917723,0.06467030241040916
canny,pixel,4.0,0.4828409202015774,0.0031418269730505433,0.046160079689800515
canny,sub-pixel,4.0,0.3093816923573536,0.024123789791671735,0.0026804210501278902
threshold,pixel,4.0,0.3648361596256648,0.07059776939653106,0.10012193849359008
threshold,sub-pixel,4.0,0.1952417228654004,0.014145779324276853,0.03136425773830753
canny,pixel,4.0,0.4456685425515031,0.03520958716918998,0.0037472592006890793
canny,sub-pixel,4.0,0.28021957320168434,0.029160320601874012,0.01954133111962708
threshold,pixel,4.0,0.37402523443129354,0.05094659352351616,0.03625739052995813
threshold,sub-pixel,4.0,0.1933389808472028,0.014040132659091875,0.03063271023455605
canny,pixel,4.0,0.562981616587074,0.12771117998564085,0.26999721818129596
canny,sub-pixel,4.0,0.39387483940582485,0.1479403505024809,0.22987701720468023
threshold,pixel,4.0,0.37186807725338583,0.049193530126547036,0.1275952096480626
threshold,sub-pixel,4.0,0.18699909407599824,0.014939849081011314,0.02409228698959409
canny,pixel,4.0,0.45638334655460205,0.02125033740327098,0.18090954461600606
canny,sub-pixel,4.0,0.2886855936209735,0.024088543110829863,0.1481333417910249
threshold,pixel,4.0,0.3744131121221469,0.04069223924160026,0.060051343616134956
threshold,sub-pixel,4.0,0.19199980212121115,0.010076685224266302,0.011593879896389048
canny,pixel,4.0,0.4279825933143297,0.016326369212789293,0.012083973372635004
canny,sub-pixel,4.0,0.24384872695959564,0.029542378298596628,0.08595277530351542
threshold,pixel,4.0,0.37673479234819973,0.042378823796058396,0.037692990741816645
threshold,sub-pixel,4.0,0.20295686736722895,0.005390538238825959,0.006178534762090848
canny,pixel,4.0,0.4911561957722576,0.06156603278519435,0.04901708384550796
canny,sub-pixel,4.0,0.32915354791445905,0.0479993547739872,0.08674612556773575
threshold,pixel,4.0,0.36653783659088035,0.06035279282518424,0.14284421561887717
threshold,sub-pixel,4.0,0.19984749412445765,0.013166825183825503,0.027494737066935837
canny,pixel,4.0,0.4336143820580884,0.03578720143892278,0.126317869302349
canny,sub-pixel,4.0,0.2761594982615197,0.008403700852019913,0.06242430225892259
threshold,pixel,0.3,0.3587545526431206,0.044477536192610634,0.11346343388516034
threshold,sub-pixel,0.3,0.18164493648052948,0.013421800370760906,0.013582614834170226
canny,pixel,0.3,0.34531014593507625,0.018579841597199165,0.07538764801619502
canny,sub-pixel,0.3,0.18164493648052948,0.013421800370760906,0.013582614834170226
threshold,pixel,0.3,0.34851304969235264,0.054716356707110836,0.19322194671634096
threshold,sub-pixel,0.3,0.17065059279840447,0.016452515277653235,0.03713500672101078
canny,pixel,0.3,0.3480074431575793,0.014562773624674286,0.16607687358485634
canny,sub-pixel,0.3,0.17065059279840447,0.016452515277653235,0.03713500672101078
threshold,pixel,0.3,0.3477631751720138,0.046500542451716975,0.05542640473286031
threshold,sub-pixel,0.3,0.18176313850872478,0.022074613205057547,0.0029472697965386985
canny,pixel,0.3,0.3416099047893401,0.03746309639032519,0.009752179602673605
canny,sub-pixel,0.3,0.18176313850872478,0.022074613205057547,0.0029472697965386985
threshold,pixel,0.3,0.3565185280684985,0.033375986069742125,0.07471510209592336
threshold,sub-pixel,0.3,0.1728143241849472,0.009207650839523795,0.019131725398550348
canny,pixel,0.3,0.33809596594946284,0.03362722505039406,0.04208978740468172
canny,sub-pixel,0.3,0.1728143241849472,0.009207650839523795,0.019131725398550348
threshold,pixel,0.3,0.371190698109197,0.061728352237472084,0.13024507123771945
threshold,sub-pixel,0.3,0.18071705900834467,0.0086975777717746,0.04570478149556223
canny,pixel,0.3,0.35937153989834136,0.035317711331825596,0.08168693289136653
canny,sub-pixel,0.3,0.18071705900834467,0.0086975777717746,0.04570478149556223
threshold,pixel,0.3,0.3557402643785792,0.009351705015969936,0.060476856432795545
threshold,sub-pixel,0.3,0.16956720689518492,0.009731700910222574,0.0028422632572653317
canny,pixel,0.3,0.3409604681160099,0.012088942892222398,0.019158912503078662
canny,sub-pixel,0.3,0.16956720689518492,0.009731700910222574,0.0028422632572653317
threshold,pixel,0.3,0.3709986669729325,0.03876362877707895,0.08351840680028633
threshold,sub-pixel,0.3,0.16752790351634703,0.011586021221414722,0.016473763247727424
canny,pixel,0.3,0.35926465937110036,0.022906044389917612,0.022772685132558035
canny,sub-pixel,0.3,0.16752790351634703,0.011586021221414722,0.016473763247727424
threshold,pixel,0.3,0.36511977957578956,0.03638555794936149,0.14257052841440276
threshold,sub-pixel,0.3,0.17406383661934988,0.022649420485332028,0.04291981431797609
canny,pixel,0.3,0.3545358453006755,0.02079385034673198,0.06610703625384673
canny,sub-pixel,0.3,0.17406383661934988,0.022649420485332028,0.04291981431797609
threshold,pixel,0.3,0.3572167593442438,0.037285673010130416,0.09064490791534308
threshold,sub-pixel,0.3,0.1735424387156122,0.004810898414425391,0.00040181200520628124
canny,pixel,0.3,0.3412344117677616,0.017805694793850413,0.07059248592733347
canny,sub-pixel,0.3,0.1735424387156122,0.004810898414425391,0.00040181200520628124
threshold,pixel,0.3,0.35303630580533113,0.04172712593360728,0.16861970755943867
threshold,sub-pixel,0.3,0.18140191864684269,0.008838818423757666,0.04845939406101962
canny,pixel,0.3,0.33409246450539787,0.028689364930940875,0.0991748920547586
canny,sub-pixel,0.3,0.18140191864684269,0.008838818423757666,0.04845939406101962
threshold,pixel,0.3,0.35590112248293376,0.04439851666148564,0.10693803458922835
threshold,sub-pixel,0.3,0.17440416351415347,0.0070407861808786665,0.006593852638853814
canny,pixel,0.3,0.34817398541457234,0.014922592816013602,0.030469148656812495
canny,sub-pixel,0.3,0.17440416351415347,0.0070407861808786665,0.006593852638853814
threshold,pixel,0.3,0.3556115324068627,0.03497841011822245,0.09922652703878287
threshold,sub-pixel,0.3,0.1791403962435038,0.011556935016978964,0.0188741776730732
canny,pixel,0.3,0.34128918964249577,0.008192260734390722,0.1008251424885176
canny,sub-pixel,0.3,0.1791403962435038,0.011556935016978964,0.0188741776730732
threshold,pixel,0.3,0.3525847215239959,0.050503226923873545,0.12465620297448643
threshold,sub-pixel,0.3,0.17809904691221812,0.018247185912185326,0.017334206739394897
canny,pixel,0.3,0.3357344283460058,0.03354664020359244,0.08454682278098291
canny,sub-pixel,0.3,0.17809904691221812,0.018247185912185326,0.017334206739394897
threshold,pixel,0.3,0.3473358700133537,0.02424971469783621,0.11089210563149354
threshold,sub-pixel,0.3,0.1853258640484611,0.009813399429330905,0.009324041181193454
canny,pixel,0.3,0.35037066077191276,0.02090789042760899,0.08100868075898693
canny,sub-pixel,0.3,0.1853258640484611,0.009813399429330905,0.009324041181193454
threshold,pixel,0.3,0.36349121205099383,0.04561781063316572,0.10650615495729032
threshold,sub-pixel,0.3,0.18011694218997784,0.015458859434659411,0.031706273278013786
canny,pixel,0.3,0.3575488861565702,0.009595072489948064,0.06861723037114231
canny,sub-pixel,0.3,0.18011694218997784,0.015458859434659411,0.031706273278013786
threshold,pixel,1.0,0.3511985083049841,0.04007101516348188,0.09738889575843479
threshold,sub-pixel,1.0,0.1869796230780842,0.0018927844735758814,0.024581675990714924
canny,pixel,1.0,0.34262710481535763,0.0020394641420413695,0.031241595685986834
canny,sub-pixel,1.0,0.1869796230780842,0.0018927844735758814,0.024581675990714924
threshold,pixel,1.0,0.36370699010973917,0.02333590098136451,0.13685557080988442
threshold,sub-pixel,1.0,0.18809396821822483,0.007830574524977041,0.019878576842991658
canny,pixel,1.0,0.35970848243694986,0.031575154921291926,0.1659020069679904
canny,sub-pixel,1.0,0.18809396821822483,0.007830574524977041,0.019878576842991658
threshold,pixel,1.0,0.3518106794967926,0.02566842697422622,0.08179525581845648
threshold,sub-pixel,1.0,0.18262350392618526,0.010535720970342721,0.010989218365697884
canny,pixel,1.0,0.3573417868709738,0.020039210693903242,0.10828937205488987
canny,sub-pixel,1.0,0.18262350392618526,0.010535720970342721,0.010989218365697884
threshold,pixel,1.0,0.36785327518340954,0.032257087254117356,0.13491092032198893
threshold,sub-pixel,1.0,0.18727918770280363,0.0171028913271295,0.055186779643441985
canny,pixel,1.0,0.35046549633386925,0.012098832745518151,0.07787325175297943
canny,sub-pixel,1.0,0.18727918770280363,0.0171028913271295,0.055186779643441985
threshold,pixel,1.0,0.34677083525956565,0.04973570482068601,0.13011172233287538
threshold,sub-pixel,1.0,0.18445289683185548,0.009442264127137556,0.04502705271575813
canny,pixel,1.0,0.33828788883696537,0.021456449617865747,0.05974478781066317
canny,sub-pixel,1.0,0.18445289683185548,0.009442264127137556,0.04502705271575813
threshold,pixel,1.0,0.3533438415367645,0.02253405124612462,0.10254108056179212
threshold,sub-pixel,1.0,0.17891296086528108,0.0043509505374921265,0.014798925055518719
canny,pixel,1.0,0.3500983083519371,0.012271561922073237,0.0666685282419075
canny,sub-pixel,1.0,0.17891296086528108,0.0043509505374921265,0.014798925055518719
threshold,pixel,1.0,0.3452767269482986,0.031057789442310524,0.08115357426035308
threshold,sub-pixel,1.0,0.17290652643383528,0.008872028998151316,0.023732176865024934
canny,pixel,1.0,0.33370816681099036,0.03131633745434026,0.04865133340802097
canny,sub-pixel,1.0,0.17290652643383528,0.008872028998151316,0.023732176865024934
threshold,pixel,1.0,0.3698710455209856,0.03363260582015726,0.07915503941959168
threshold,sub-pixel,1.0,0.18013705974196695,0.013333062855563904,0.004034425423538046
canny,pixel,1.0,0.3524456297508682,0.018324074734393236,0.05948787629442953
canny,sub-pixel,1.0,0.18013705974196695,0.013333062855563904,0.004034425423538046
threshold,pixel,1.0,0.353591424123601,0.02171545769105032,0.0828851336736407
threshold,sub-pixel,1.0,0.17472299657380663,0.00968339812977026,0.01856337167289701
canny,pixel,1.0,0.34998311392846737,0.02791589657393645,0.06725630133526028
canny,sub-pixel,1.0,0.17472299657380663,0.00968339812977026,0.01856337167289701
threshold,pixel,1.0,0.36398907175184514,0.021758432678909756,0.07878557655237128
threshold,sub-pixel,1.0,0.1877881582413908,0.004145389571269753,0.030952897382810818
canny,pixel,1.0,0.3423248827679932,0.0027241285708419216,0.047054773212797496
canny,sub-pixel,1.0,0.1877881582413908,0.004145389571269753,0.030952897382810818
threshold,pixel,1.0,0.35834714145198077,0.03819198254686784,0.08566372331368388
threshold,sub-pixel,1.0,0.18334010324011618,0.008736261172734738,0.02287293152804759
canny,pixel,1.0,0.3508507477861664,0.02910780545465208,0.09296705432137475
canny,sub-pixel,1.0,0.18334010324011618,0.008736261172734738,0.02287293152804759
threshold,pixel,1.0,0.3485770843807314,0.00787653037147007,0.096293987661076
threshold,sub-pixel,1.0,0.1772055768674376,0.010721813556715198,0.022337794760288077
canny,pixel,1.0,0.3492443833561996,0.006099942434181771,0.07510554854845752
canny,sub-pixel,1.0,0.1772055768674376,0.010721813556715198,0.022337794760288077
threshold,pixel,1.0,0.3775041328798183,0.046100205446002795,0.10343358067711139
threshold,sub-pixel,1.0,0.18343709920457574,0.006757758555404947,0.03871093270663062
canny,pixel,1.0,0.36949073417469774,0.009342942572935664,0.08389748694593435
canny,sub-pixel,1.0,0.18343709920457574,0.006757758555404947,0.03871093270663062
threshold,pixel,1.0,0.3510764374048317,0.018415595233703508,0.10245248219289071
threshold,sub-pixel,1.0,0.1793838420437477,0.0039410931312748865,0.009899303435899842
canny,pixel,1.0,0.3394726991771278,0.0036753035904455444,0.10562588472460144
canny,sub-pixel,1.0,0.1793838420437477,0.0039410931312748865,0.009899303435899842
threshold,pixel,1.0,0.36826251689266354,0.031938449273674174,0.1162007233699558
threshold,sub-pixel,1.0,0.1844861004775337,0.019905936841921434,0.042975994126011496
canny,pixel,1.0,0.35031008264042784,0.010992532086974038,0.08612758107501439
canny,sub-pixel,1.0,0.1844861004775337,0.019905936841921434,0.042975994126011496
threshold,pixel,2.0,0.3768713573135787,0.026074085390521917,0.16165564228088802
threshold,sub-pixel,2.0,0.19233493525201076,0.011879321120099595,0.051080410613342564
canny,pixel,2.0,0.3943653632592496,0.04153256556398166,0.07103159841074247
canny,sub-pixel,2.0,0.22225369982516696,0.033062123673895494,0.04608461659877683
threshold,pixel,2.0,0.36315252731091585,0.04137891694383122,0.15915083368531668
threshold,sub-pixel,2.0,0.19318415262022837,0.011213146201064284,0.06358554722085508
canny,pixel,2.0,0.3730568745596684,0.020738473527062262,0.1452272382120714
canny,sub-pixel,2.0,0.20905304603247984,0.011455023246477736,0.10154962161069703
threshold,pixel,2.0,0.36171644854437457,0.04302655129270716,0.1239411710620808
threshold,sub-pixel,2.0,0.18798356285407214,0.008154869102657392,0.06254451912808268
canny,pixel,2.0,0.369208864601564,0.014153855606349297,0.1318469596853058
canny,sub-pixel,2.0,0.196058003240349,0.0018349677848027435,0.07802052963975892
threshold,pixel,2.0,0.3633643352814644,0.05241227022718942,0.10661522256375133
threshold,sub-pixel,2.0,0.18926315719203385,0.009288849099433727,0.02955061477952925
canny,pixel,2.0,0.3613574373260733,0.03753895281753594,0.09618293416037971
canny,sub-pixel,2.0,0.18926315719203385,0.009288849099433727,0.02955061477952925
threshold,pixel,2.0,0.37206318972832153,0.07585088704372445,0.1473350615228992
threshold,sub-pixel,2.0,0.1899288770349601,0.024681840699759428,0.043786435646518296
canny,pixel,2.0,0.35985578863861867,0.04299021013686255,0.0932920436272624
canny,sub-pixel,2.0,0.1899288770349601,0.024681840699759428,0.043786435646518296
threshold,pixel,2.0,0.35918421462363076,0.049227430755692025,0.12423534180876095
threshold,sub-pixel,2.0,0.177047390568922,0.026320845419341432,0.04199786372575254
canny,pixel,2.0,0.3410704493400305,0.011114851132767223,0.05099904669210176
canny,sub-pixel,2.0,0.177047390568922,0.026320845419341432,0.04199786372575254
threshold,pixel,2.0,0.37845499655006376,0.055510515994872334,0.12797545847787895
threshold,sub-pixel,2.0,0.18535590596843923,0.009444412730613805,0.016391975359122624
canny,pixel,2.0,0.3691375297171693,0.008866790441891537,0.07403951216139393
canny,sub-pixel,2.0,0.18535590596843923,0.009444412730613805,0.016391975359122624
threshold,pixel,2.0,0.37258041135451236,0.07420092099291553,0.1369065354840664
threshold,sub-pixel,2.0,0.18801037973538165,0.01775753163582694,0.05123464793753896
canny,pixel,2.0,0.35967192427407907,0.06125829825999074,0.12913311541412464
canny,sub-pixel,2.0,0.190287969733659,0.01721197460885948,0.0481057149997457
threshold,pixel,2.0,0.3572206978360136,0.06329895145241027,0.13615951532675918
threshold,sub-pixel,2.0,0.1870181181143385,0.007744195551251276,0.05221188485069961
canny,pixel,2.0,0.39852846750634685,0.0020969076786372387,0.2771877217987577
canny,sub-pixel,2.0,0.24221642546302136,0.0178930795536264,0.20718451411482453
threshold,pixel,2.0,0.369919761787055,0.051932301723582874,0.17650674130226363
threshold,sub-pixel,2.0,0.18886066884787384,0.002999841808154713,0.049374723831507206
canny,pixel,2.0,0.3524875184530027,0.03615249760506778,0.2124798127759473
canny,sub-pixel,2.0,0.18886066884787384,0.002999841808154713,0.049374723831507206
threshold,pixel,2.0,0.3635856751527705,0.0622841122322757,0.11847079802339944
threshold,sub-pixel,2.0,0.180279965732549,0.009279146712140585,0.027651221112323876
canny,pixel,2.0,0.35389589238052677,0.05523693769761773,0.1157643581431762
canny,sub-pixel,2.0,0.180279965732549,0.009279146712140585,0.027651221112323876
threshold,pixel,2.0,0.3598387124311677,0.035550470664000744,0.15737371510133413
threshold,sub-pixel,2.0,0.18574097813520973,0.005273561690512518,0.034451459123536754
canny,pixel,2.0,0.35113939514332515,0.014598424760386086,0.131118204536272
canny,sub-pixel,2.0,0.18574097813520973,0.005273561690512518,0.034451459123536754
threshold,pixel,2.0,0.3591992532557305,0.0358449806581731,0.10054317941222912
threshold,sub-pixel,2.0,0.1764888943105744,0.008953652851496852,0.023369410992680084
canny,pixel,2.0,0.3565462362825864,0.015145310574716353,0.07049983718771435
canny,sub-pixel,2.0,0.1764888943105744,0.008953652851496852,0.023369410992680084
threshold,pixel,2.0,0.3644618191861394,0.042000539225553135,0.08599114833813881
threshold,sub-pixel,2.0,0.18153830094018147,0.005735329212237739,0.027781184436711737
canny,pixel,2.0,0.36079492169776595,0.032848246170647855,0.05345139770002638
canny,sub-pixel,2.0,0.18528690083904836,0.006201402379256482,0.02341107480773874
threshold,pixel,2.0,0.3648365719884823,0.03830083684029395,0.10016166039181695
threshold,sub-pixel,2.0,0.1873360381794727,0.005979407107888024,0.01892286211812344
canny,pixel,2.0,0.35595839210490543,0.01605646950521422,0.08722382166357279
canny,sub-pixel,2.0,0.19300762182580444,0.005663447561059409,0.03612602814639909
threshold,pixel,4.0,0.3623290691776407,0.06097254313680889,0.1362976153604072
threshold,sub-pixel,4.0,0.19406002400040312,0.01930270459049699,0.02915864164788262
canny,pixel,4.0,0.4498099665852886,0.04323368218766699,0.30281680288212653
canny,sub-pixel,4.0,0.2909568614806697,0.014409730617857885,0.26256301340152444
threshold,pixel,4.0,0.37677513513256666,0.055528203706719625,0.0866169337126419
threshold,sub-pixel,4.0,0.2027998173562951,0.006623210377554201,0.018779096673954054
canny,pixel,4.0,0.4618279395061625,0.050939080442432116,0.12729004243603304
canny,sub-pixel,4.0,0.3077694805443886,0.047642669438531904,0.08506494425577804
threshold,pixel,4.0,0.3667649248972322,0.025073460672486725,0.06869232806752712
threshold,sub-pixel,4.0,0.1976005982264481,0.01011876342466711,0.021220865455743754
canny,pixel,4.0,0.45804023510526415,0.05201358885818186,0.1474336314874174
canny,sub-pixel,4.0,0.2871386000668128,0.05560305184575398,0.11283382287739152
threshold,pixel,4.0,0.36812419775356703,0.05373436075539306,0.15328136605678444
threshold,sub-pixel,4.0,0.19866870570343648,0.00975820456393528,0.019237527762709927
canny,pixel,4.0,0.4208859968813402,0.016878500112646022,0.23824325284275338
canny,sub-pixel,4.0,0.2773821900187301,0.03396339877905419,0.12712677463499955
threshold,pixel,4.0,0.37713072576120266,0.024274479823438444,0.09128776645789949
threshold,sub-pixel,4.0,0.19873877222519368,0.0035778507625429112,0.003135859916715944
canny,pixel,4.0,0.46615479736805104,0.031522013510362434,0.030136727717127387
canny,sub-pixel,4.0,0.3114564799976597,0.04004460401585519,0.06207496259556233
threshold,pixel,4.0,0.38865389592181515,0.03368243723611031,0.11397757444861356
threshold,sub-pixel,4.0,0.20395817368703062,0.0027514591254271803,0.0209513097563625
canny,pixel,4.0,0.49671237505751653,0.021768790382543646,0.3771705931207394
canny,sub-pixel,4.0,0.3305177189345716,0.027156483371473805,0.3090982202941659
threshold,pixel,4.0,0.3557751304408373,0.054611064523636954,0.11481165283302364
threshold,sub-pixel,4.0,0.19345888906246356,0.00798179533089649,0.039339572090554054
canny,pixel,4.0,0.426517872329761,0.08507084426474665,0.16698877563157888
canny,sub-pixel,4.0,0.2817200977655725,0.06284989465637114,0.1189762663205165
threshold,pixel,4.0,0.37024393906646436,0.015020564764787747,0.03581734104634293
threshold,sub-pixel,4.0,0.19489312102221326,0.005765388252104375,0.010450422971721274
canny,pixel,4.0,0.4764890012355778,0.06093807805393392,0.1503897094677069
canny,sub-pixel,4.0,0.31538128707171836,0.06771604409292442,0.12101849632406347
threshold,pixel,4.0,0.3673246067697934,0.030142888560075853,0.09109102710275097
threshold,sub-pixel,4.0,0.19184847076378952,0.009074060177484577,0.005666064831385542
canny,pixel,4.0,0.5629575690592717,0.11411446744041154,0.32670542522189283
canny,sub-pixel,4.0,0.39383053035755533,0.12624790308023148,0.30523163695203936
threshold,pixel,4.0,0.37130534632391354,0.05171887818147025,0.12489037513294665
threshold,sub-pixel,4.0,0.19725774793208029,0.013724262267030829,0.03076345270772407
canny,pixel,4.0,0.5456463734751401,0.13133613619106987,0.08591618315058236
canny,sub-pixel,4.0,0.39106458361569957,0.1411324748614684,0.0428411400953419
threshold,pixel,4.0,0.3796128781216679,0.04454512790101295,0.12665492320555538
threshold,sub-pixel,4.0,0.19681862480350643,0.013522938602851697,0.026139129329281863
canny,pixel,4.0,0.5111418994892415,0.054332329622900244,0.18871947500065556
canny,sub-pixel,4.0,0.33933145251651997,0.07254284365905117,0.1599763186671166
threshold,pixel,4.0,0.373266841384086,0.05180938242869382,0.13634121118647857
threshold,sub-pixel,4.0,0.20095219073910017,0.011236666156595576,0.017384739383232484
canny,pixel,4.0,0.45547212478009275,0.15253090488488563,0.1892799707165882
canny,sub-pixel,4.0,0.30851557407673985,0.1362913161897914,0.10260966770001945
threshold,pixel,4.0,0.3743928893009033,0.049502099486019135,0.09208869530360819
threshold,sub-pixel,4.0,0.19643634418178302,0.0055146483076851105,0.011289368681355771
canny,pixel,4.0,0.4586885698052835,0.03776041007555364,0.03352798791802902
canny,sub-pixel,4.0,0.2923964674772568,0.03464190228795494,0.026273985867827143
threshold,pixel,4.0,0.38432919329235093,0.05844678959952354,0.130743157481505
threshold,sub-pixel,4.0,0.2018877034594837,0.004166405323203892,0.04232722319133608
canny,pixel,4.0,0.46746047802244983,0.062354181382192175,0.06259519294866078
canny,sub-pixel,4.0,0.3041210539389359,0.08741802516865482,0.0009953461447573808
threshold,pixel,4.0,0.3741194741707058,0.0418883671823016,0.0802593801174849
threshold,sub-pixel,4.0,0.19628709072134826,0.028989663273954913,0.017586821363098304
canny,pixel,4.0,0.4796010274847342,0.0860105861948568,0.00803353697967557
canny,sub-pixel,4.0,0.31631352255683165,0.07772906717656791,0.021492430255525496
threshold,pixel,0.3,0.3729016593272635,0.004313461430505261,0.02511255692506298
threshold,sub-pixel,0.3,0.17708410017578474,0.022545732916712358,0.023436147654483985
canny,pixel,0.3,0.3626061291850766,0.035075192385733756,0.054011107447760054
canny,sub-pixel,0.3,0.17708410017578474,0.022545732916712358,0.023436147654483985
threshold,pixel,0.3,0.34939631865663134,0.015330757866363509,0.0019513018237033997
threshold,sub-pixel,0.3,0.17572142202951835,0.013641162376589855,0.024801930454878995
canny,pixel,0.3,0.34748182080734324,0.023365430868876325,0.00790587074285165
canny,sub-pixel,0.3,0.17572142202951835,0.013641162376589855,0.024801930454878995
threshold,pixel,0.3,0.3514644325192213,0.02491929900862777,0.03144953095987635
threshold,sub-pixel,0.3,0.16986123579768528,0.007107860524937837,0.010748184937954708
canny,pixel,0.3,0.34710247621198653,0.011189768396046795,0.022374416511751427
canny,sub-pixel,0.3,0.16986123579768528,0.007107860524937837,0.010748184937954708
threshold,pixel,0.3,0.3678013649776556,0.04790298626568401,0.0886663062645816
threshold,sub-pixel,0.3,0.17679826201909063,0.0074118612771417736,0.020504289838565892
canny,pixel,0.3,0.3493016586006553,0.02553212720410103,0.06412254839846199
canny,sub-pixel,0.3,0.17679826201909063,0.0074118612771417736,0.020504289838565892
threshold,pixel,0.3,0.34756987728269223,0.011975184216301615,0.04889981818870259
threshold,sub-pixel,0.3,0.17937414119316775,0.0038592731560578297,0.011994817791016743
canny,pixel,0.3,0.3466740201196652,0.025628620315964024,0.02289573857232008
canny,sub-pixel,0.3,0.17937414119316775,0.0038592731560578297,0.011994817791016743
threshold,pixel,0.3,0.3434710257132204,0.01577210185669864,0.027931864340434043
threshold,sub-pixel,0.3,0.1668809531816438,0.0007642222280520583,0.0009406587559737112
canny,pixel,0.3,0.33625009728417987,0.020375096364949608,0.04720247053961568
canny,sub-pixel,0.3,0.1668809531816438,0.0007642222280520583,0.0009406587559737112
threshold,pixel,0.3,0.34833912385129767,0.04411460202308004,0.023999465299263445
threshold,sub-pixel,0.3,0.17147207130021597,0.015559632153628211,0.021522094720752172
canny,pixel,0.3,0.3399710876247424,0.019869752695643172,0.03224769629497137
canny,sub-pixel,0.3,0.17147207130021597,0.015559632153628211,0.021522094720752172
threshold,pixel,0.3,0.3603595882011938,0.02675521690521887,0.047070665299584036
threshold,sub-pixel,0.3,0.16963615235696528,0.004377571043176487,0.011161749359243522
canny,pixel,0.3,0.34517254042461376,0.006246311990266817,0.008853861939608354
canny,sub-pixel,0.3,0.16963615235696528,0.004377571043176487,0.011161749359243522
threshold,pixel,0.3,0.36705403666829706,0.01696897407986586,0.04014725969943056
threshold,sub-pixel,0.3,0.17383342244965616,0.008758800312154147,0.004484556597845746
canny,pixel,0.3,0.35562900480388854,0.00727129884448563,0.023585013919517506
canny,sub-pixel,0.3,0.17383342244965616,0.008758800312154147,0.004484556597845746
threshold,pixel,0.3,0.3583401845466777,0.041744441905074314,0.03246415837323946
threshold,sub-pixel,0.3,0.18807581426644304,0.009431386481305704,0.005047294690146753
canny,pixel,0.3,0.3411908598802738,0.019106023262297933,0.005014056857412186
canny,sub-pixel,0.3,0.18807581426644304,0.009431386481305704,0.005047294690146753
threshold,pixel,0.3,0.3422691923282801,0.02279251883021527,0.024257904065764002
threshold,sub-pixel,0.3,0.1747291911343053,0.019004791169048185,0.01336624575905443
canny,pixel,0.3,0.3321384286131186,0.017470032358062104,0.01024672662401871
canny,sub-pixel,0.3,0.1747291911343053,0.019004791169048185,0.01336624575905443
threshold,pixel,0.3,0.3447530705371002,0.033756108279024644,0.019184089818138794
threshold,sub-pixel,0.3,0.17221605490510772,0.010358345710301697,0.001678769832675453
canny,pixel,0.3,0.3270898127890841,0.026219845876912617,0.02651270404659245
canny,sub-pixel,0.3,0.17221605490510772,0.010358345710301697,0.001678769832675453
threshold,pixel,0.3,0.3545362297486479,0.015216278827924978,0.025687887845085022
threshold,sub-pixel,0.3,0.17664379495310167,0.018664662719717007,0.05857040019531823
canny,pixel,0.3,0.34885722141870756,0.010320122585587788,0.044299043179306885
canny,sub-pixel,0.3,0.17664379495310167,0.018664662719717007,0.05857040019531823
threshold,pixel,0.3,0.3438662822282322,0.052381640931750906,0.055189282743939305
threshold,sub-pixel,0.3,0.1755342862614913,0.021583908606157665,0.0032188703043254385
canny,pixel,0.3,0.3280748155729371,0.014172994609436884,0.03319713378686817
canny,sub-pixel,0.3,0.1755342862614913,0.021583908606157665,0.0032188703043254385
threshold,pixel,0.3,0.36995391632740504,0.04396345558228443,0.05707493124622154
threshold,sub-pixel,0.3,0.174044505144683,0.01181522697259385,0.007231991566390317
canny,pixel,0.3,0.3546593019461509,0.018289392263143744,0.030013209243423766
canny,sub-pixel,0.3,0.174044505144683,0.01181522697259385,0.007231991566390317
threshold,pixel,1.0,0.36464798872836474,0.03123304721187048,0.0162346101017965
threshold,sub-pixel,1.0,0.18041369898029927,0.027129249939881528,0.006181169022982935
canny,pixel,1.0,0.35786307451342936,0.03215953845959918,0.02609576777561129
canny,sub-pixel,1.0,0.18041369898029927,0.027129249939881528,0.006181169022982935
threshold,pixel,1.0,0.3661827985846994,0.0344311088472562,0.024705951775750634
threshold,sub-pixel,1.0,0.17543287515489056,0.010312413336802884,0.03180741643705742
canny,pixel,1.0,0.3530926617400888,0.009394067190132804,0.03350592917046358
canny,sub-pixel,1.0,0.17543287515489056,0.010312413336802884,0.03180741643705742
threshold,pixel,1.0,0.3745378314804187,0.0649563197827665,0.09455162875502188
threshold,sub-pixel,1.0,0.18097741684607774,0.016495891092052406,0.028516911848295967
canny,pixel,1.0,0.36524921928589554,0.03387037275649596,0.05311392955405769
canny,sub-pixel,1.0,0.18097741684607774,0.016495891092052406,0.028516911848295967
threshold,pixel,1.0,0.3720429779344557,0.03363845208944982,0.014263843518640407
threshold,sub-pixel,1.0,0.1803219437930466,0.02023903885105105,0.05622340106478996
canny,pixel,1.0,0.36134078839385564,0.016488432474642156,0.02146541831910742
canny,sub-pixel,1.0,0.1803219437930466,0.02023903885105105,0.05622340106478996
threshold,pixel,1.0,0.35706482573658915,0.04671217680461148,0.05711840476851826
threshold,sub-pixel,1.0,0.17995890041114573,0.015950490202176093,0.009116442107087952
canny,pixel,1.0,0.3497323572038883,0.020272364425967138,0.015824010105096153
canny,sub-pixel,1.0,0.17995890041114573,0.015950490202176093,0.009116442107087952
threshold,pixel,1.0,0.34828937302380003,0.039941652874618705,0.08840067541822405
threshold,sub-pixel,1.0,0.1881715984230745,0.011473106027706792,0.010854930538400254
canny,pixel,1.0,0.3363408648410302,0.015031986960242993,0.034994374184076804
canny,sub-pixel,1.0,0.1881715984230745,0.011473106027706792,0.010854930538400254
threshold,pixel,1.0,0.37193708129163283,0.040770246279369204,0.025962536685386617
threshold,sub-pixel,1.0,0.18569312079825023,0.020295485765283394,0.04735280499398753
canny,pixel,1.0,0.3603488021460019,0.03565653259008961,0.0583752417902379
canny,sub-pixel,1.0,0.18569312079825023,0.020295485765283394,0.04735280499398753
threshold,pixel,1.0,0.3661926717172528,0.03253030603521667,0.008812225992338885
threshold,sub-pixel,1.0,0.1882764057162144,0.013729308124293182,0.004004967172019036
canny,pixel,1.0,0.3586158453005215,0.03202587645534616,0.01942484366924946
canny,sub-pixel,1.0,0.1882764057162144,0.013729308124293182,0.004004967172019036
threshold,pixel,1.0,0.3606671679601154,0.038863960215219207,0.03874051969847958
threshold,sub-pixel,1.0,0.1837577002792932,0.007376276601925635,0.011537953702522863
canny,pixel,1.0,0.3459737099839473,0.0336234889208018,0.03285405022692478
canny,sub-pixel,1.0,0.1837577002792932,0.007376276601925635,0.011537953702522863
threshold,pixel,1.0,0.36339345331072914,0.054770360367731974,0.06752274274716807
threshold,sub-pixel,1.0,0.18510902663855616,0.00431266091274185,0.0009827154153887463
canny,pixel,1.0,0.3520486894767134,0.02960413222803049,0.03745604433596883
canny,sub-pixel,1.0,0.18510902663855616,0.00431266091274185,0.0009827154153887463
threshold,pixel,1.0,0.3534613854873348,0.037200287870919335,0.010654263826717969
threshold,sub-pixel,1.0,0.17383301076958457,0.006733052825149577,0.002792558724833416
canny,pixel,1.0,0.3369421095804814,0.025369582499720655,0.037454237426677306
canny,sub-pixel,1.0,0.17383301076958457,0.006733052825149577,0.002792558724833416
threshold,pixel,1.0,0.38126100333175833,0.04012826661934299,0.044337942224945914
threshold,sub-pixel,1.0,0.18544985155246924,0.009748031229728449,0.00882725411860541
canny,pixel,1.0,0.36669451511119644,0.021501810413616762,0.03833161855701106
canny,sub-pixel,1.0,0.18544985155246924,0.009748031229728449,0.00882725411860541
threshold,pixel,1.0,0.3796075004269389,0.04429024772527701,0.04766857109201794
threshold,sub-pixel,1.0,0.18395177914105354,0.012707053858107109,0.002643241868958146
canny,pixel,1.0,0.37054876025827915,0.03309377637121802,0.02653820008034069
canny,sub-pixel,1.0,0.18395177914105354,0.012707053858107109,0.002643241868958146
threshold,pixel,1.0,0.3437705582696622,0.030002327320195477,0.04811846269497133
threshold,sub-pixel,1.0,0.17402654799802914,0.012654136003911631,0.02234555803484861
canny,pixel,1.0,0.3305855691438715,0.021382997135095283,0.005345304504912551
canny,sub-pixel,1.0,0.17402654799802914,0.012654136003911631,0.02234555803484861
threshold,pixel,1.0,0.37412055968382263,0.05626063736706666,0.04931826887941648
threshold,sub-pixel,1.0,0.18456544547729953,0.011874507847088434,0.010414715505206562
canny,pixel,1.0,0.3573272711983754,0.023846386859905144,0.0141072150433863
canny,sub-pixel,1.0,0.18456544547729953,0.011874507847088434,0.010414715505206562
threshold,pixel,2.0,0.37926670482790026,0.023012726456399957,0.0025555725741499558
threshold,sub-pixel,2.0,0.1856410328284978,0.013321288316490487,0.033335626852177835
canny,pixel,2.0,0.3758340741286358,0.0037754491396768675,0.05029067627303485
canny,sub-pixel,2.0,0.18800828882633902,0.012924114550907473,0.03471713174907132
threshold,pixel,2.0,0.36729929893876667,0.060015382975163845,0.11055674597406684
threshold,sub-pixel,2.0,0.18688129647834528,0.014596601871948,0.008336755890642422
canny,pixel,2.0,0.35974487297311175,0.031993489476170534,0.048410643709508205
canny,sub-pixel,2.0,0.18688129647834528,0.014596601871948,0.008336755890642422
threshold,pixel,2.0,0.35131152134230403,0.031295083693136605,0.045865068384409735
threshold,sub-pixel,2.0,0.18265843082491245,0.007694562497792656,0.01767120541961198
canny,pixel,2.0,0.35997901995812925,0.021558996427371913,0.015065201139109252
canny,sub-pixel,2.0,0.19443635207613352,0.006571401093952045,0.019615934573712135
threshold,pixel,2.0,0.3547135773309359,0.03781151695297169,0.03263313858422201
threshold,sub-pixel,2.0,0.19100333887496715,0.015144787046671548,0.01641069937858175
canny,pixel,2.0,0.3427077995903761,0.022462599300263286,0.002170776732050239
canny,sub-pixel,2.0,0.19443809874541107,0.015657929654054437,0.015587386160111905
threshold,pixel,2.0,0.3631946063026924,0.03169999105364085,0.03374452490934887
threshold,sub-pixel,2.0,0.18341676347050956,0.010918026827874239,0.0063396244853000105
canny,pixel,2.0,0.35473205015894554,0.029149358818330806,0.031141787093653228
canny,sub-pixel,2.0,0.18341676347050956,0.010918026827874239,0.0063396244853000105
threshold,pixel,2.0,0.37398600821047157,0.03485407018568398,0.03196138398481985
threshold,sub-pixel,2.0,0.1843332597766937,0.021156143297250796,0.02328200717126716
canny,pixel,2.0,0.35908453255538364,0.008783166787284857,0.04390615441561874
canny,sub-pixel,2.0,0.1843332597766937,0.021156143297250796,0.02328200717126716
threshold,pixel,2.0,0.36009246979408926,0.018243868533777796,0.003914540206399142
threshold,sub-pixel,2.0,0.1879895879536045,0.02018388642942537,0.03507685161084062
canny,pixel,2.0,0.39990156867092647,0.03563835299783058,0.10749427865048355
canny,sub-pixel,2.0,0.22668035750143595,0.04579537538499212,0.10949119272871854
threshold,pixel,2.0,0.382658410906542,0.02432250269853431,0.026378400047637474
threshold,sub-pixel,2.0,0.19366208220857903,0.02029667180266259,0.006706472989633561
canny,pixel,2.0,0.3607763747217405,0.004215974918117094,0.030111121103161942
canny,sub-pixel,2.0,0.19366208220857903,0.02029667180266259,0.006706472989633561
threshold,pixel,2.0,0.3734174311998576,0.05845269774756734,0.04710729818170245
threshold,sub-pixel,2.0,0.1852658693672054,0.018808906561065375,0.029756428469141838
canny,pixel,2.0,0.3790781766633492,0.024480288417930374,0.041721792039180805
canny,sub-pixel,2.0,0.20880432501359764,0.015590002954299464,0.015963022613095124
threshold,pixel,2.0,0.37068614333028815,0.05603876519452278,0.05771271756849039
threshold,sub-pixel,2.0,0.18167615498827294,0.010603685930700824,0.01832399664167772
canny,pixel,2.0,0.36730372453980187,0.0445094858409556,0.022074828143476832
canny,sub-pixel,2.0,0.1871438196312691,0.013099575157112908,0.005500749751399692
threshold,pixel,2.0,0.35844234228194355,0.04249138360551186,0.009699692065981314
threshold,sub-pixel,2.0,0.18579406866931597,0.005494202498914635,0.013425155548804746
canny,pixel,2.0,0.33964892348993364,0.035109381274837315,0.005317012500602569
canny,sub-pixel,2.0,0.18579406866931597,0.005494202498914635,0.013425155548804746
threshold,pixel,2.0,0.3633749652538786,0.04648594724637267,0.049746891275268545
threshold,sub-pixel,2.0,0.17774499450194936,0.007596018752660583,0.004883361308154477
canny,pixel,2.0,0.35103813724118105,0.009581869769128448,0.03385585602239116
canny,sub-pixel,2.0,0.17774499450194936,0.007596018752660583,0.004883361308154477
threshold,pixel,2.0,0.3644939401031054,0.04950431242020081,0.03012810332825344
threshold,sub-pixel,2.0,0.18397239012147912,0.010987349237754351,0.0026306184207691707
canny,pixel,2.0,0.35190493668248035,0.0286490037395698,0.006683433915080528
canny,sub-pixel,2.0,0.18942186565131777,0.011687327843249551,0.00442665076977411
threshold,pixel,2.0,0.35418663908414305,0.04494294597035087,0.06545123971065037
threshold,sub-pixel,2.0,0.1826924658196628,0.016315366750507043,0.007503084185000564
canny,pixel,2.0,0.35388205419570773,0.03645556734241706,0.04844097232713995
canny,sub-pixel,2.0,0.1826924658196628,0.016315366750507043,0.007503084185000564
threshold,pixel,2.0,0.3475038964220337,0.05167769156902702,0.033373663897997785
threshold,sub-pixel,2.0,0.1851223687258672,0.004879279655425117,0.012349983830687528
canny,pixel,2.0,0.3490329461800733,0.021667192244222644,0.006777331718694768
canny,sub-pixel,2.0,0.1935934305849039,0.005387569644201395,0.004483423006306442
threshold,pixel,4.0,0.39046175330564126,0.08283273815758985,0.08571632355145176
threshold,sub-pixel,4.0,0.20948452188871525,0.00900201812913004,0.0069536447584448435
canny,pixel,4.0,0.44036536477724403,0.010116195501430614,0.13088931244619206
canny,sub-pixel,4.0,0.27745482141280825,0.019352657102073567,0.09633440283646766
threshold,pixel,4.0,0.3833282133039949,0.046336112487667114,0.08520229142949587
threshold,sub-pixel,4.0,0.20628790409084796,0.007249703057686241,0.014625667620389082
canny,pixel,4.0,0.4093690763029666,0.007381855967009687,0.006179022689446478
canny,sub-pixel,4.0,0.23618402671942515,0.0065043634147921026,0.003927243478748732
threshold,pixel,4.0,0.3747566951394716,0.06734384580887098,0.06171425064834324
threshold,sub-pixel,4.0,0.19989215421113704,0.006179541693987045,0.02257800232373075
canny,pixel,4.0,0.458326517519005,0.0552309951061597,0.15003235595347242
canny,sub-pixel,4.0,0.30448715658823944,0.04467800233130925,0.15667404089663117
threshold,pixel,4.0,0.35961066602208436,0.05012272789397976,0.06439255950793843
threshold,sub-pixel,4.0,0.19771321142497061,0.02063936318614501,0.006799283363288611
canny,pixel,4.0,0.42996248859453456,0.017664906963698823,0.013371277309644825
canny,sub-pixel,4.0,0.2839889911771499,0.026075419937273803,0.05247343155650186
threshold,pixel,4.0,0.37932408582871624,0.056719477144757335,0.04600693021299396
threshold,sub-pixel,4.0,0.19473908172244364,0.011822126166375568,0.027546201548863003
canny,pixel,4.0,0.507481551580189,0.05358112353304745,0.10701770993701842
canny,sub-pixel,4.0,0.3334200146614055,0.07129088838938713,0.06642769446136176
threshold,pixel,4.0,0.3707927552711332,0.05423009654408206,0.07443230846859072
threshold,sub-pixel,4.0,0.19009037803969078,0.014573314387407388,0.00014413026143644814
canny,pixel,4.0,0.42735097216018664,0.020802954767415005,0.031655297166078844
canny,sub-pixel,4.0,0.2548465107135233,0.015930544398526147,0.04428511165402638
threshold,pixel,4.0,0.3841578117092702,0.045832093047108335,0.03552655959158324
threshold,sub-pixel,4.0,0.19632316090799123,0.013292131510568295,0.0016156782105545275
canny,pixel,4.0,0.5129846388958723,0.06850290076997412,0.30631526641152274
canny,sub-pixel,4.0,0.3580552844830242,0.09570914945592046,0.3550104339768807
threshold,pixel,4.0,0.377971694181213,0.05573265438431585,0.07210504093753967
threshold,sub-pixel,4.0,0.1959311882510456,0.013642450749548285,0.023815067111896404
canny,pixel,4.0,0.42709285392807794,0.014100943265648591,0.03919826109386504
canny,sub-pixel,4.0,0.26893507161031666,0.007251141442197739,0.013524481993669735
threshold,pixel,4.0,0.38079342839300556,0.029110557968293094,0.016343042643606642
threshold,sub-pixel,4.0,0.2003765427568589,0.011531306327422053,0.03225248054971064
canny,pixel,4.0,0.4776330652768035,0.012808704105379154,0.15670700371397683
canny,sub-pixel,4.0,0.3008693396745041,0.03639962302776589,0.12341892342270744
threshold,pixel,4.0,0.3699223450520096,0.044217890753790456,0.02668306655411845
threshold,sub-pixel,4.0,0.20173242279294462,0.01781901869401714,0.014056557048446106
canny,pixel,4.0,0.46981533737382797,0.01987930760034029,0.08525002489327616
canny,sub-pixel,4.0,0.31304109637620237,0.04966405803761853,0.10533226922121308
threshold,pixel,4.0,0.38321889560561256,0.044258290767402175,0.049638527822609024
threshold,sub-pixel,4.0,0.20163594091449505,0.009680818318375417,0.008107819825092566
canny,pixel,4.0,0.49059943916650495,0.06456501512297408,0.01352928371786044
canny,sub-pixel,4.0,0.3274098907609888,0.07570849255679202,0.017194443013009764
threshold,pixel,4.0,0.3590646556617624,0.0396564189894234,0.004743389828968603
threshold,sub-pixel,4.0,0.20058089635226423,0.02098502846995265,0.016820357427728805
canny,pixel,4.0,0.4593388807056552,0.04368298729588438,0.1252531601046405
canny,sub-pixel,4.0,0.309131888344637,0.04688185355821284,0.09256190379458751
threshold,pixel,4.0,0.3692031408504537,0.03989643533318932,0.07491258985615312
threshold,sub-pixel,4.0,0.20126402909333907,0.006781786100369835,0.02209386505981037
canny,pixel,4.0,0.4117338096020822,0.014759186649463185,0.053026349741136736
canny,sub-pixel,4.0,0.25110731450884616,0.011892982181200606,0.032724702819444396
threshold,pixel,4.0,0.37993128702569556,0.06709311323273981,0.10999254767215705
threshold,sub-pixel,4.0,0.20276225256511973,0.014300202199913348,0.05780114396906644
canny,pixel,4.0,0.4258154484812907,0.03509769234238602,0.020354894389040812
canny,sub-pixel,4.0,0.26912213862295115,0.008664123210015418,0.02268817685767477
threshold,pixel,4.0,0.3771679594613532,0.0604608130327986,0.023977656276735537
threshold,sub-pixel,4.0,0.20120925162706926,0.013129052754259685,0.0030656686335861494
canny,pixel,4.0,0.42287189597579006,0.01604483997702566,0.07766215385995467
canny,sub-pixel,4.0,0.27357290563012027,0.04879677004486138,0.11769040986706125
threshold,pixel,0.3,0.5154208756897776,0.1548045430229974,0.25472292312593137
threshold,sub-pixel,0.3,0.41618190914959713,0.16428653779108116,0.2537375334104137
canny,pixel,0.3,0.8037239921538311,0.41576966638861057,0.5779486598798158
canny,sub-pixel,0.3,0.5050843081902137,0.22021329676074597,0.2848710313866296
threshold,pixel,0.3,0.5347985096885322,0.16076375452475045,0.24297231023021082
threshold,sub-pixel,0.3,0.4409634861390279,0.16842531267954808,0.25867489000566923
canny,pixel,0.3,0.8392525083188258,0.45940831939740434,0.7029053782241226
canny,sub-pixel,0.3,0.5131314759394547,0.2372159657883426,0.37451567857012735
threshold,pixel,0.3,0.5314562434350196,0.16264795510929342,0.21359451530410478
threshold,sub-pixel,0.3,0.4318295517241891,0.1677554219761792,0.24654582476483355
canny,pixel,0.3,0.7938829797436114,0.428993508610769,0.6301120803108393
canny,sub-pixel,0.3,0.4915371447203956,0.205505922089243,0.2853031784432156
threshold,pixel,0.3,0.5216514138943997,0.21075754006895586,0.2629342224591147
threshold,sub-pixel,0.3,0.41972572766135696,0.20374121979591342,0.2750636457363802
canny,pixel,0.3,0.8069851295528497,0.5088242938459775,0.7778665413102868
canny,sub-pixel,0.3,0.49698139527962076,0.2720528276890062,0.38611534431853567
threshold,pixel,0.3,0.5443076872949812,0.19166291055098572,0.2797816366292789
threshold,sub-pixel,0.3,0.4245044502356735,0.16876516545875941,0.24417585026390576
canny,pixel,0.3,0.8239023833300119,0.4864676408241275,0.7084166072545823
canny,sub-pixel,0.3,0.4973121674568126,0.2357162593540123,0.3313840804917243
threshold,pixel,0.3,0.5223189178554897,0.15130827123695956,0.23177644096255
threshold,sub-pixel,0.3,0.4140562346244996,0.1567383639793125,0.25754703148590474
canny,pixel,0.3,0.7957672783846753,0.4026271577452656,0.6243637079286093
canny,sub-pixel,0.3,0.48403314915498297,0.20780679959062076,0.3496731690536219
threshold,pixel,0.3,0.5112906163659491,0.17596508064045824,0.22404652327389218
threshold,sub-pixel,0.3,0.42325451971206274,0.1674089538284429,0.22212381846095308
canny,pixel,0.3,0.8058482165897249,0.4580281401099846,0.6470943905047997
canny,sub-pixel,0.3,0.5022424481236423,0.22502210449887827,0.3101475304128303
threshold,pixel,0.3,0.5239723993207106,0.16766759804203857,0.27760453854051415
threshold,sub-pixel,0.3,0.4185952186109022,0.16110424638878373,0.26979586793640165
canny,pixel,0.3,0.8006033956430081,0.44107087611676965,0.580291827320659
canny,sub-pixel,0.3,0.5076818145817281,0.22003075598705402,0.36969500053235915
threshold,pixel,0.3,0.5389412655295388,0.19286371945862602,0.3237112766619439
threshold,sub-pixel,0.3,0.43119643391496487,0.16347568115502442,0.27113506361384054
canny,pixel,0.3,0.8388215786078475,0.5152783953741931,0.771594288356082
canny,sub-pixel,0.3,0.5191307417258924,0.2508264815254426,0.41477302069492206
threshold,pixel,0.3,0.5357148293684075,0.18282633851109664,0.24291256875282707
threshold,sub-pixel,0.3,0.42099420838964585,0.17293320064506656,0.25281343759684827
canny,pixel,0.3,0.8171484618124134,0.4811262110930492,0.5915423390297079
canny,sub-pixel,0.3,0.5169858255934634,0.25851823318028,0.3217661070387141
threshold,pixel,0.3,0.5338061009158214,0.15473062666560233,0.22288666567121362
threshold,sub-pixel,0.3,0.42439741351625,0.15486156305836096,0.2196825712554782
canny,pixel,0.3,0.8240532712311734,0.45663531582290906,0.62991457275636
canny,sub-pixel,0.3,0.5299662207591155,0.2251526878307477,0.3141047564897024
threshold,pixel,0.3,0.5408668894007338,0.17643088237381477,0.19681468827995818
threshold,sub-pixel,0.3,0.42756043084841905,0.16528128138346587,0.2066964192434093
canny,pixel,0.3,0.8169033940840035,0.464869845381358,0.6357223331199684
canny,sub-pixel,0.3,0.483221211747878,0.22142552523912196,0.2730045926218172
threshold,pixel,0.3,0.5312086148842234,0.17330391010948532,0.2440271313594211
threshold,sub-pixel,0.3,0.4206047052204871,0.17399245609111147,0.23535646394155751
canny,pixel,0.3,0.816868526434005,0.4507978764382803,0.6574475693597099
canny,sub-pixel,0.3,0.48209521713780135,0.21969273130474454,0.3153649684010462
threshold,pixel,0.3,0.5364254809662363,0.17534650819247233,0.2539652050777823
threshold,sub-pixel,0.3,0.420511042666468,0.16395392831934852,0.2547676962000578
canny,pixel,0.3,0.8044954182108913,0.4451091012945123,0.6039833506965251
canny,sub-pixel,0.3,0.4984524981630905,0.22445216461651207,0.33535338274621873
threshold,pixel,0.3,0.5292273311494906,0.17330223490482854,0.224515890325927
threshold,sub-pixel,0.3,0.41131969796885254,0.1650891486983952,0.2220420374209091
canny,pixel,0.3,0.7952561472418618,0.4240101975017452,0.6308534706661648
canny,sub-pixel,0.3,0.4944402775010247,0.21078455582704447,0.28912733012555325
threshold,pixel,1.0,0.5242696449086142,0.1706199445071983,0.21554020072049962
threshold,sub-pixel,1.0,0.419056766011935,0.15326397932678026,0.19686629400708888
canny,pixel,1.0,0.8076057110303707,0.4236484593402805,0.5852925011767884
canny,sub-pixel,1.0,0.5054505291225887,0.20811469483228895,0.23650292402874307
threshold,pixel,1.0,0.5568767850308161,0.18587614539126185,0.25829811162754357
threshold,sub-pixel,1.0,0.43892049098063923,0.17626145819888794,0.25585393597897976
canny,pixel,1.0,0.8030985736023886,0.4508614778480571,0.5808579875326045
canny,sub-pixel,1.0,0.5043354883357325,0.21525297732911475,0.29771115873018195
threshold,pixel,1.0,0.5286879156135591,0.15697116357421503,0.23154777290236206
threshold,sub-pixel,1.0,0.4295888876296948,0.16836044568619402,0.22847336591003575
canny,pixel,1.0,0.8479982573138846,0.4813129641805358,0.7037941399248475
canny,sub-pixel,1.0,0.5356026234421395,0.2643831541971182,0.3932124027868231
threshold,pixel,1.0,0.5396884530162033,0.16773521181859952,0.27242404620147953
threshold,sub-pixel,1.0,0.42621586232151243,0.15753848939101056,0.2386519331010426
canny,pixel,1.0,0.7984459277270457,0.4408259575284843,0.6433615331350877
canny,sub-pixel,1.0,0.5152029375026622,0.22997857139488076,0.3560731410205946
threshold,pixel,1.0,0.5378225726464159,0.1758153517308989,0.23964917813827746
threshold,sub-pixel,1.0,0.4410827546017951,0.1657462330400825,0.22562571589240044
canny,pixel,1.0,0.8205418227372868,0.4553129897698336,0.6548241002187449
canny,sub-pixel,1.0,0.5100443093777817,0.2244606581032793,0.30354214621991105
threshold,pixel,1.0,0.530645260865207,0.13915164348401543,0.20391866271723114
threshold,sub-pixel,1.0,0.4170624290616157,0.1503825837395889,0.22747222139362488
canny,pixel,1.0,0.8119384670848098,0.43615786315930816,0.5447233667956408
canny,sub-pixel,1.0,0.5000948541987054,0.21201051481624034,0.24971055157832733
threshold,pixel,1.0,0.5116261529057722,0.15610780820690007,0.22135844790012627
threshold,sub-pixel,1.0,0.4115780764325798,0.15014572599973253,0.2188573823826978
canny,pixel,1.0,0.7883083023259937,0.4217203121801256,0.5358349730969953
canny,sub-pixel,1.0,0.4959127956747957,0.22318451665022265,0.27710954881737715
threshold,pixel,1.0,0.5060302152080827,0.16631904695790123,0.20722745033263212
threshold,sub-pixel,1.0,0.41517187017516316,0.1606073763870035,0.19765200223865254
canny,pixel,1.0,0.7839672034901908,0.43837808569047,0.6129803784238907
canny,sub-pixel,1.0,0.48366378123492687,0.21219412674983307,0.25190195991443254
threshold,pixel,1.0,0.5301139423173911,0.13276214884479143,0.19799104624581076
threshold,sub-pixel,1.0,0.41759645627208886,0.14123422238192296,0.20652454483344496
canny,pixel,1.0,0.7878697530822925,0.37973715480207004,0.5813704725847897
canny,sub-pixel,1.0,0.4916917452480465,0.2053569976117291,0.2949620767113741
threshold,pixel,1.0,0.5328510131886304,0.15308363462203345,0.20874285776473211
threshold,sub-pixel,1.0,0.42513483976822597,0.14190043701219146,0.19639836045495773
canny,pixel,1.0,0.8315539950509889,0.4420817535186774,0.6469092117447155
canny,sub-pixel,1.0,0.5064925166578766,0.22581916531093094,0.30542021814814824
threshold,pixel,1.0,0.5189563401132673,0.1526478515556564,0.26861895441552797
threshold,sub-pixel,1.0,0.42425871259348436,0.15566733604953464,0.2576866554953874
canny,pixel,1.0,0.8294846356372594,0.46328551199618295,0.7609458962957576
canny,sub-pixel,1.0,0.5165412622101406,0.22922107293827176,0.40225114599173617
threshold,pixel,1.0,0.5209115510959643,0.15355807154242473,0.24285764658687636
threshold,sub-pixel,1.0,0.4363256228568847,0.1650268487349975,0.23957115413673957
canny,pixel,1.0,0.806033711814629,0.447803171124723,0.6695179910856321
canny,sub-pixel,1.0,0.5143333666329317,0.23479773909687118,0.35784130553862337
threshold,pixel,1.0,0.5216767930401396,0.19448868225691007,0.2407263662082153
threshold,sub-pixel,1.0,0.4336224741670875,0.18670125327501164,0.22912261740273632
canny,pixel,1.0,0.8235340792335986,0.46041609060731603,0.6260925856321822
canny,sub-pixel,1.0,0.5323546624202367,0.25425361032600047,0.28405184159635777
threshold,pixel,1.0,0.5371227320483785,0.16509564947545496,0.27793047509599944
threshold,sub-pixel,1.0,0.4357943407792722,0.1667218014390046,0.25932805587467467
canny,pixel,1.0,0.8460941467599248,0.4686543090514368,0.6976850207013676
canny,sub-pixel,1.0,0.527906585285578,0.23808984623210927,0.3434666554911887
threshold,pixel,1.0,0.5332193937409704,0.17718541620011385,0.22062230809217542
threshold,sub-pixel,1.0,0.42576969565506584,0.1739187936975115,0.20438454340170686
canny,pixel,1.0,0.8024682407703343,0.47937193053881977,0.7060503743088145
canny,sub-pixel,1.0,0.4859321477599817,0.22983512163736708,0.32071518934542365
threshold,pixel,2.0,0.5211854515778889,0.15084462014737698,0.2027952197701186
threshold,sub-pixel,2.0,0.43020002400019464,0.1472029144162137,0.21904943970210589
canny,pixel,2.0,0.8809449648108787,0.5049718429447034,0.6597970169347578
canny,sub-pixel,2.0,0.572870776227203,0.275999609518949,0.41816294408475363
threshold,pixel,2.0,0.53460940422792,0.16998324265258602,0.29945177372165066
threshold,sub-pixel,2.0,0.4291748389367731,0.17726033720816226,0.2931659631647543
canny,pixel,2.0,0.8334688045323633,0.463180734867888,0.6693702584937875
canny,sub-pixel,2.0,0.5378698494977429,0.25982021494957697,0.3886009096536105
threshold,pixel,2.0,0.5312258599971951,0.16168514651259036,0.22535028119722877
threshold,sub-pixel,2.0,0.4338197891365012,0.18216715205303657,0.24984983054731202
canny,pixel,2.0,0.8128928860383137,0.4449137474911915,0.7027070499988688
canny,sub-pixel,2.0,0.5234801007481857,0.2440780213065814,0.3555431714857864
threshold,pixel,2.0,0.5247995125503481,0.15536349235714852,0.24440260997713015
threshold,sub-pixel,2.0,0.4190140490544566,0.15292329178693764,0.22274335204026086
canny,pixel,2.0,0.8505085750146985,0.4581664562970682,0.5622274681238251
canny,sub-pixel,2.0,0.5388477759565778,0.22875474233071946,0.23579995115193642
threshold,pixel,2.0,0.5445715957197723,0.15559032853573607,0.23014743421824768
threshold,sub-pixel,2.0,0.44178144300108596,0.16064290251242475,0.24236629811115584
canny,pixel,2.0,0.8449287037249603,0.46103428245494027,0.688701123469933
canny,sub-pixel,2.0,0.5594218495330336,0.24134563840727474,0.37902059314562475
threshold,pixel,2.0,0.5290615356657952,0.15213930111039753,0.2331585209590501
threshold,sub-pixel,2.0,0.43414979964685263,0.16238530297143172,0.2439572478870593
canny,pixel,2.0,0.8290430036558716,0.4951235820299902,0.6657368620723894
canny,sub-pixel,2.0,0.5388975411091136,0.275895514915548,0.34515131606491867
threshold,pixel,2.0,0.5476828634285108,0.13814814755477278,0.21626703230441713
threshold,sub-pixel,2.0,0.4527499691792374,0.16108246642356705,0.23195711253376405
canny,pixel,2.0,0.8751309422577147,0.43234994567970286,0.5758210164827724
canny,sub-pixel,2.0,0.5636761219883377,0.21113922694481868,0.2431322235314899
threshold,pixel,2.0,0.5156773554580788,0.17648394841731352,0.24724491087653
threshold,sub-pixel,2.0,0.4316566798403332,0.16070821743292618,0.22625079413321636
canny,pixel,2.0,0.887575251608842,0.49729816151927286,0.7630400920914773
canny,sub-pixel,2.0,0.5607910202082265,0.26587196965222826,0.47755076654185213
threshold,pixel,2.0,0.5190646740815767,0.17998406914502474,0.21755484161705763
threshold,sub-pixel,2.0,0.4341264623601581,0.18011049395369283,0.22355988057293263
canny,pixel,2.0,0.8733383456779089,0.5178718055010025,0.752425350302234
canny,sub-pixel,2.0,0.571807307289455,0.2873093275310985,0.44906155361114086
threshold,pixel,2.0,0.5198528239666129,0.1632564909391363,0.18822055726538345
threshold,sub-pixel,2.0,0.423080208378817,0.16499882755870265,0.20538715376187788
canny,pixel,2.0,0.842986048695415,0.4550337023486213,0.6718192738149371
canny,sub-pixel,2.0,0.5321872325558628,0.2400632867262824,0.33258541107107664
threshold,pixel,2.0,0.5285466636883948,0.16073363303529464,0.22595327769237183
threshold,sub-pixel,2.0,0.4253952238004661,0.16593567868915415,0.22285201093104767
canny,pixel,2.0,0.8400446211524127,0.4468498429469745,0.6300270537926487
canny,sub-pixel,2.0,0.5494365940782735,0.24613125391574364,0.3061703659019557
threshold,pixel,2.0,0.5562784622265193,0.18353774141255363,0.24796598865873332
threshold,sub-pixel,2.0,0.4438522389357627,0.18720955973015485,0.2534589924166619
canny,pixel,2.0,0.8930650099419233,0.46542559394205885,0.6993286440185531
canny,sub-pixel,2.0,0.5953594458106073,0.2441222951880906,0.35499810123845554
threshold,pixel,2.0,0.547046259193998,0.16223411723364878,0.2003989184389221
threshold,sub-pixel,2.0,0.44232462237725395,0.15931080200582715,0.21418252200369725
canny,pixel,2.0,0.875757165102298,0.45401042504214595,0.6726609228163842
canny,sub-pixel,2.0,0.5585661648810631,0.22839837849915412,0.3747424741680421
threshold,pixel,2.0,0.5501031172163187,0.19942966906013138,0.2786001982141091
threshold,sub-pixel,2.0,0.44151647913452274,0.17412791734606414,0.24406047300383893
canny,pixel,2.0,0.9037596226857343,0.47369106173503317,0.6104066930497698
canny,sub-pixel,2.0,0.5761434573048574,0.2435839107663662,0.2527136789546578
threshold,pixel,2.0,0.5381317313117923,0.1661870203670015,0.2339649698750863
threshold,sub-pixel,2.0,0.44733250613382025,0.1702066418901702,0.24227847649832768
canny,pixel,2.0,0.8772473885158102,0.4892466428872144,0.6047251862239715
canny,sub-pixel,2.0,0.5835323603130682,0.2673658864238526,0.3406192109847037
threshold,pixel,4.0,0.5342910125047915,0.15683106789001977,0.22265579854654716
threshold,sub-pixel,4.0,0.43944857109498947,0.15544731254478217,0.22515403169925952
canny,pixel,4.0,1.1271265265425043,0.5918623775318785,0.8406989152870281
canny,sub-pixel,4.0,0.8554492152590992,0.36353179017479875,0.5562995485857449
threshold,pixel,4.0,0.5567427221956073,0.1846824305753958,0.24207302505750494
threshold,sub-pixel,4.0,0.4638597724885821,0.19163196268733174,0.26358647226950715
canny,pixel,4.0,1.1692073305583959,0.5713427092662464,0.7962341966168989
canny,sub-pixel,4.0,0.9049488808548551,0.34976247428458995,0.44238851033564774
threshold,pixel,4.0,0.5493873498247326,0.14988002896718777,0.2551779211329035
threshold,sub-pixel,4.0,0.46090314311523733,0.15259849053760455,0.2580649448631145
canny,pixel,4.0,1.2879163877343407,0.6895868050694582,0.8097912811348418
canny,sub-pixel,4.0,1.0229560835146025,0.4802543181593195,0.520122877980044
threshold,pixel,4.0,0.5463541108787546,0.1549838661244083,0.2787902473482826
threshold,sub-pixel,4.0,0.45619081135053857,0.16633664624710764,0.2833409033482832
canny,pixel,4.0,1.214215229164059,0.5973158128541793,0.8524548629603026
canny,sub-pixel,4.0,0.9378454109181726,0.38737057181473245,0.5667975694747596
threshold,pixel,4.0,0.5524620917718387,0.14841944891191483,0.15628513995300874
threshold,sub-pixel,4.0,0.4691952527394608,0.15788816208264,0.17993602999752234
canny,pixel,4.0,1.1652561753169328,0.5857281931830052,0.9606420278811538
canny,sub-pixel,4.0,0.9053874166163884,0.3881320878294616,0.7307721945882149
threshold,pixel,4.0,0.5357514047265831,0.16542221535344082,0.25302170275956026
threshold,sub-pixel,4.0,0.45741680999696016,0.1732111044595983,0.24429184026902462
canny,pixel,4.0,1.1799190445121575,0.6691317474799876,0.9692170387802337
canny,sub-pixel,4.0,0.9163762689337482,0.44796924289692597,0.6447097492836718
threshold,pixel,4.0,0.5421061751887308,0.1789277861725147,0.24916545644597976
threshold,sub-pixel,4.0,0.44475387735915617,0.17388060398373306,0.24770854636428652
canny,pixel,4.0,1.1516705520283237,0.5688819358833797,0.8256673057877939
canny,sub-pixel,4.0,0.8709898999725247,0.366540028830437,0.5220571094304809
threshold,pixel,4.0,0.5495302318673955,0.152958696961071,0.2305460618038322
threshold,sub-pixel,4.0,0.4455498009504726,0.1557726858326831,0.23311484414894323
canny,pixel,4.0,1.2780201214046198,0.6556795256048082,0.7893176383078253
canny,sub-pixel,4.0,1.0017222470012015,0.4512528301136869,0.523280378850274
threshold,pixel,4.0,0.539578319185005,0.16630435521497944,0.2778286173468678
threshold,sub-pixel,4.0,0.4518843888577242,0.1658559488192093,0.27607246412382835
canny,pixel,4.0,1.198642246669769,0.6556271818313606,0.9999376523467123
canny,sub-pixel,4.0,0.9246200732182326,0.4197693574518535,0.6738998538342447
threshold,pixel,4.0,0.5370029104175231,0.14437046042869905,0.22256345609485706
threshold,sub-pixel,4.0,0.45881842033382175,0.15155587892557998,0.234527850230271
canny,pixel,4.0,1.1750326913685403,0.680825918854753,1.0684807823878675
canny,sub-pixel,4.0,0.9130839027213409,0.4866786128943892,0.7705436467695952
threshold,pixel,4.0,0.5290754696188863,0.15118030828171602,0.20464845431262724
threshold,sub-pixel,4.0,0.4514015189132615,0.15575823747386663,0.20432911353495697
canny,pixel,4.0,1.1610592194013445,0.6442398793004536,0.8600743475327692
canny,sub-pixel,4.0,0.8668823465646026,0.4202461243727702,0.530608907965199
threshold,pixel,4.0,0.5484757711841783,0.15929756932517325,0.227809560560984
threshold,sub-pixel,4.0,0.4578966677142641,0.16307740824099048,0.23826958908178764
canny,pixel,4.0,1.1451351517387092,0.5437498586343645,0.8330109863165731
canny,sub-pixel,4.0,0.8424299000028201,0.31851810332667396,0.507604555715802
threshold,pixel,4.0,0.529366376185399,0.13929556224339223,0.24098296404174313
threshold,sub-pixel,4.0,0.4436150461911651,0.13591915279655065,0.21945930932273638
canny,pixel,4.0,1.1932516857808948,0.5875310645830951,0.9218727882532285
canny,sub-pixel,4.0,0.9460637887707899,0.3974241594195058,0.7015536317134732
threshold,pixel,4.0,0.5604579433497006,0.15846394250051543,0.215138994600502
threshold,sub-pixel,4.0,0.4562461628202899,0.17256031486456402,0.22280275985340303
canny,pixel,4.0,1.1651177572288005,0.6436882288713848,1.0205051872853508
canny,sub-pixel,4.0,0.8838078073666726,0.43931615810814617,0.7119128907725032
threshold,pixel,4.0,0.5566801343727459,0.16274830556073017,0.22472086812889636
threshold,sub-pixel,4.0,0.45868782385160844,0.17054069752121004,0.23083577443826275
canny,pixel,4.0,1.2009169221041431,0.6382636281404936,0.9206327872093949
canny,sub-pixel,4.0,0.9460813043041716,0.4378072767104071,0.6804866281636941
threshold,pixel,0.3,0.5402185152407653,0.1824388416998235,0.15954486027421622
threshold,sub-pixel,0.3,0.42659591050003776,0.1691500360129652,0.15211826492611946
canny,pixel,0.3,0.8021814481739019,0.4348694152948289,0.4534324753170811
canny,sub-pixel,0.3,0.5066919049701981,0.2338029255117422,0.2206073736574865
threshold,pixel,0.3,0.5306833287720774,0.1534506561468647,0.19581287816525395
threshold,sub-pixel,0.3,0.42818311864682385,0.16387579223646265,0.19886429898812663
canny,pixel,0.3,0.7929020225370425,0.433620468143213,0.4344689810511886
canny,sub-pixel,0.3,0.47804329208177676,0.2111733324678784,0.2217249025191812
threshold,pixel,0.3,0.5483073790443654,0.17773200196682226,0.21240963704082416
threshold,sub-pixel,0.3,0.427329845726048,0.15658082372643678,0.17887996132362005
canny,pixel,0.3,0.798681127335306,0.42245913816916825,0.38273773489229423
canny,sub-pixel,0.3,0.5044999079900172,0.21734510363156856,0.21480372191838493
threshold,pixel,0.3,0.5172541805406556,0.16497498083971585,0.1759318918371653
threshold,sub-pixel,0.3,0.41040229123512495,0.16049060392860337,0.17889023289434736
canny,pixel,0.3,0.7863372592424002,0.4364298990922948,0.4640171795776835
canny,sub-pixel,0.3,0.48701647626081135,0.23557835543374894,0.2696778973087901
threshold,pixel,0.3,0.5314376557771243,0.18762249377765894,0.22199592755974917
threshold,sub-pixel,0.3,0.4202001435000453,0.17910720681706715,0.20758054298768602
canny,pixel,0.3,0.7873721737532817,0.4598920162980509,0.4751577378265015
canny,sub-pixel,0.3,0.4649410265761275,0.21314467697788353,0.2345907301809893
threshold,pixel,0.3,0.5312465678121054,0.15309765026521638,0.1850505636545976
threshold,sub-pixel,0.3,0.4171927932129742,0.16131493604096114,0.18294463992227206
canny,pixel,0.3,0.8012375859037325,0.4487053925894269,0.44614829118074795
canny,sub-pixel,0.3,0.4963070503261268,0.21627519990341804,0.1885042940512096
threshold,pixel,0.3,0.5538718394953586,0.1724452727489063,0.20919636079199266
threshold,sub-pixel,0.3,0.4249842682740778,0.16008117431811164,0.20084610359760768
canny,pixel,0.3,0.818326000558878,0.4647324094311034,0.523031492151889
canny,sub-pixel,0.3,0.513521299546059,0.2436956808497741,0.27194059417871097
threshold,pixel,0.3,0.5341406085477908,0.19221251009861962,0.21762724639119302
threshold,sub-pixel,0.3,0.4307282526495829,0.17619466584734322,0.20985431468021565
canny,pixel,0.3,0.7924011041661618,0.4359721763358779,0.5613289945090485
canny,sub-pixel,0.3,0.48470456134405315,0.21051373537528884,0.2423777168317689
threshold,pixel,0.3,0.5201586836056933,0.19684525909271566,0.24391607453167374
threshold,sub-pixel,0.3,0.4167537478465383,0.19136568508322305,0.23636254372439103
canny,pixel,0.3,0.8291836295572452,0.46385600253378634,0.5385910063951522
canny,sub-pixel,0.3,0.5147011009449756,0.27692432973745573,0.333884421700982
threshold,pixel,0.3,0.5335032132495637,0.16916225162856136,0.23032027644907105
threshold,sub-pixel,0.3,0.4319821572406336,0.14026223967448082,0.21902385943482727
canny,pixel,0.3,0.8226974139193723,0.47203547055655193,0.42920263952631066
canny,sub-pixel,0.3,0.5183727952956942,0.22245423955125965,0.260803894218292
threshold,pixel,0.3,0.5322295841931445,0.16345120506319133,0.17004862039279356
threshold,sub-pixel,0.3,0.42559414471048723,0.16743859617264123,0.1980118576444716
canny,pixel,0.3,0.8187251615188536,0.45500385453379866,0.45426058240760536
canny,sub-pixel,0.3,0.5123550761200948,0.22808614657281012,0.24611993759867712
threshold,pixel,0.3,0.5508354839187495,0.19693353281470483,0.26902105550653754
threshold,sub-pixel,0.3,0.43869051309722684,0.18154572025592963,0.22757899344884214
canny,pixel,0.3,0.801235574981028,0.4883537961465838,0.5517129493543176
canny,sub-pixel,0.3,0.5095521309346369,0.2574961637384594,0.3060668448212751
threshold,pixel,0.3,0.5202473135997239,0.1730619223571035,0.20215441077858598
threshold,sub-pixel,0.3,0.41841002680908335,0.1555425185631536,0.18101893425651427
canny,pixel,0.3,0.7944887165868645,0.43661256970768014,0.43121687089529726
canny,sub-pixel,0.3,0.4913940835772804,0.21400916715009588,0.19910320766467704
threshold,pixel,0.3,0.5233884509164882,0.1823065109016595,0.23664106601312485
threshold,sub-pixel,0.3,0.4233517419278494,0.18185771738487921,0.23455926280260098
canny,pixel,0.3,0.777507754489542,0.4488419125783396,0.527672764152717
canny,sub-pixel,0.3,0.49666542585574136,0.2440570870383223,0.2942718252949028
threshold,pixel,0.3,0.5314251069528986,0.18496352094149948,0.25574443769773536
threshold,sub-pixel,0.3,0.4153581076097555,0.18156034120269138,0.2567141626219325
canny,pixel,0.3,0.801616426884254,0.46839587732163346,0.5507856854673387
canny,sub-pixel,0.3,0.468679608111351,0.2172646767147579,0.3000272629666032
threshold,pixel,1.0,0.5350806741825047,0.2064370598651437,0.21875466805774124
threshold,sub-pixel,1.0,0.4361716846715147,0.18437858712527944,0.19905474845994453
canny,pixel,1.0,0.8124246829661714,0.4644743954653303,0.5455284436884651
canny,sub-pixel,1.0,0.5045334662685421,0.2465111599351253,0.2848610890176748
threshold,pixel,1.0,0.540072086755462,0.148917209067301,0.15230581378709607
threshold,sub-pixel,1.0,0.4314671780198417,0.15617817194924388,0.14818829483637153
canny,pixel,1.0,0.8349627942616001,0.4535026165022136,0.4238991368844349
canny,sub-pixel,1.0,0.5211242332812509,0.23996634904962222,0.2007703643482337
threshold,pixel,1.0,0.5454737454454932,0.14913002692401922,0.15068742803259916
threshold,sub-pixel,1.0,0.4329885966069298,0.1476928181740953,0.1416938170981905
canny,pixel,1.0,0.8379920852884797,0.44945019942637665,0.48696975111320384
canny,sub-pixel,1.0,0.5351150355271805,0.22736634879232254,0.263042633899083
threshold,pixel,1.0,0.5480809611635151,0.17437453241829837,0.18205024748980225
threshold,sub-pixel,1.0,0.4407922065248838,0.18732601183675968,0.19872052777344917
canny,pixel,1.0,0.8510740621049933,0.5007906859164901,0.6062777729783928
canny,sub-pixel,1.0,0.5249505728305359,0.27160373243989433,0.3044962031580205
threshold,pixel,1.0,0.542677998550916,0.1513111793961046,0.1250149310133266
threshold,sub-pixel,1.0,0.423294627094873,0.15755797555844975,0.1348877952408647
canny,pixel,1.0,0.8408986797531617,0.48261103021049645,0.5435185997955276
canny,sub-pixel,1.0,0.5083250916314903,0.2280491204294801,0.215619065579427
threshold,pixel,1.0,0.5462988565085136,0.17830903115575802,0.1637710579580336
threshold,sub-pixel,1.0,0.4350927135032344,0.17874078313828345,0.18730498484997193
canny,pixel,1.0,0.8174101753766772,0.47006986561449104,0.4721771997571378
canny,sub-pixel,1.0,0.49629842749144004,0.23509707249225298,0.17166062725339115
threshold,pixel,1.0,0.547035715622376,0.19368337551643888,0.20299627705655565
threshold,sub-pixel,1.0,0.4284968043625832,0.1761357395846681,0.2004987076896647
canny,pixel,1.0,0.8232860980832744,0.4733628906234044,0.5190467493481163
canny,sub-pixel,1.0,0.5310685559182937,0.26293500172649864,0.2734334089917816
threshold,pixel,1.0,0.5327887399814025,0.13180970669259273,0.13589189744990415
threshold,sub-pixel,1.0,0.42067463190924886,0.153161357628107,0.19198292115591364
canny,pixel,1.0,0.8512067252821762,0.4746329948139598,0.5610750548086951
canny,sub-pixel,1.0,0.5353600622132711,0.23689725654432503,0.2796752661274917
threshold,pixel,1.0,0.5284687189940134,0.14869472937239192,0.11600080858861217
threshold,sub-pixel,1.0,0.4263632109770198,0.14798230512192134,0.11344925195721256
canny,pixel,1.0,0.7941525049880538,0.4396244514619658,0.42747044089191233
canny,sub-pixel,1.0,0.5002551999083487,0.20435943279806357,0.19505350027494517
threshold,pixel,1.0,0.5572922810045187,0.17676747964897088,0.22279554569672433
threshold,sub-pixel,1.0,0.4435973117453944,0.16923205532996644,0.22991824974192054
canny,pixel,1.0,0.7907922640785545,0.45644354739942417,0.47782385352039336
canny,sub-pixel,1.0,0.4926459478482118,0.21495859130593842,0.2593526131466435
threshold,pixel,1.0,0.5403010495781239,0.17995900023151767,0.21450044578599892
threshold,sub-pixel,1.0,0.43325137284357507,0.16982499310116728,0.20012144439165347
canny,pixel,1.0,0.8359877676321881,0.4658626541332431,0.44417833834088816
canny,sub-pixel,1.0,0.5286262815944669,0.2418537119357964,0.285104080652423
threshold,pixel,1.0,0.5350288670405536,0.1788363477169268,0.17783392665444442
threshold,sub-pixel,1.0,0.42902213712356263,0.16513667563784895,0.1927031762101774
canny,pixel,1.0,0.7995168624217088,0.4088040537520794,0.3600448702405554
canny,sub-pixel,1.0,0.5108835288039855,0.23716725395575833,0.23736185664673926
threshold,pixel,1.0,0.5555192493636641,0.1807962449335767,0.22287634476096718
threshold,sub-pixel,1.0,0.44754718487583744,0.17640475283621404,0.24268645786978782
canny,pixel,1.0,0.8193810616466626,0.4706843426602365,0.474936649932471
canny,sub-pixel,1.0,0.5133933806447901,0.23025032231119202,0.27168796640664317
threshold,pixel,1.0,0.5455811396709056,0.18236006857815612,0.18673654054520528
threshold,sub-pixel,1.0,0.4342178036452437,0.1903266262762917,0.22063610907250286
canny,pixel,1.0,0.825488924964918,0.4541414551359688,0.46234254908915595
canny,sub-pixel,1.0,0.5209923834489163,0.24644460721212513,0.26041561287742887
threshold,pixel,1.0,0.5453802620209305,0.1946855475220759,0.20958373612970993
threshold,sub-pixel,1.0,0.4369369227876858,0.16734360396321035,0.21663894980936638
canny,pixel,1.0,0.8504970583715018,0.4970687128355904,0.5443168906151921
canny,sub-pixel,1.0,0.5295463227324857,0.2548287517878911,0.23645302773305188
threshold,pixel,2.0,0.5228870137380135,0.12120268228372777,0.155796908943445
threshold,sub-pixel,2.0,0.42113509497283963,0.13166669993826519,0.16928045473408426
canny,pixel,2.0,0.8536260130578364,0.46459905866774,0.4392381368933891
canny,sub-pixel,2.0,0.5324588536113966,0.2309091068082847,0.214288389127558
threshold,pixel,2.0,0.5136874340545812,0.1748215431804936,0.21885570250936803
threshold,sub-pixel,2.0,0.4173843341979043,0.17712302639477806,0.21603221527847083
canny,pixel,2.0,0.82079278660976,0.4772172907373,0.5228785972805734
canny,sub-pixel,2.0,0.5261883527753828,0.24459991273614023,0.2848524675785007
threshold,pixel,2.0,0.5358661820416633,0.17186631404409902,0.20222234700537234
threshold,sub-pixel,2.0,0.4324057947359635,0.16534507829669653,0.1927594588953112
canny,pixel,2.0,0.8649199687289357,0.46190401376400847,0.5649984693855883
canny,sub-pixel,2.0,0.569222949667314,0.22580524505813604,0.2752580023085529
threshold,pixel,2.0,0.5392245603520585,0.14431708425533052,0.10081653240232846
threshold,sub-pixel,2.0,0.4455834713520582,0.15487769258528883,0.12739725993067808
canny,pixel,2.0,0.838796085752967,0.4648410357283419,0.41237686720310673
canny,sub-pixel,2.0,0.5265954343039039,0.21323923608228568,0.17499776062224592
threshold,pixel,2.0,0.5292185863277616,0.16341017157910298,0.17541058063739046
threshold,sub-pixel,2.0,0.43927533834740395,0.1656930251248796,0.18454377689089618
canny,pixel,2.0,0.8672259888931486,0.47935905729222483,0.6224167837949093
canny,sub-pixel,2.0,0.5601297783995436,0.24389898038596658,0.3248452791236933
threshold,pixel,2.0,0.5185945539715648,0.15949286761358827,0.23071573870828255
threshold,sub-pixel,2.0,0.42667692997508766,0.15971205371719543,0.20293151393119002
canny,pixel,2.0,0.8185897236887951,0.42787753458296485,0.503212499684071
canny,sub-pixel,2.0,0.5125431589261065,0.23350190064568888,0.2773446816088141
threshold,pixel,2.0,0.5368978724599125,0.14460646397435872,0.15420474518826577
threshold,sub-pixel,2.0,0.43515808975677417,0.16380995356488715,0.1955918405585222
canny,pixel,2.0,0.8949303223022715,0.4899738059696166,0.5599982692142191
canny,sub-pixel,2.0,0.5971372611738874,0.2768538550773654,0.31675925512227154
threshold,pixel,2.0,0.5248463964133377,0.17795181310727504,0.15795701974122123
threshold,sub-pixel,2.0,0.4343174650130259,0.18743634696836686,0.1884485561046536
canny,pixel,2.0,0.8282032193084418,0.4810861517048839,0.5181426673291885
canny,sub-pixel,2.0,0.5296629126408725,0.2747962723338857,0.2748996260261629
threshold,pixel,2.0,0.5625278043117881,0.180447302825272,0.2548091972769573
threshold,sub-pixel,2.0,0.46488802415665836,0.18567335255478756,0.26901669514911886
canny,pixel,2.0,0.8538477861979726,0.5130745082607198,0.6047639063988006
canny,sub-pixel,2.0,0.5877923535330464,0.2936733665950848,0.30562658106199203
threshold,pixel,2.0,0.5543712187294334,0.17974120152974526,0.21464595893863248
threshold,sub-pixel,2.0,0.4554754883674972,0.17842078185408217,0.2018559106782467
canny,pixel,2.0,0.8592109403371935,0.4698029867048483,0.5363491508638005
canny,sub-pixel,2.0,0.5626994610173791,0.24552149649691146,0.2872886906953722
threshold,pixel,2.0,0.5313286989068393,0.1444412769613046,0.1454883512536016
threshold,sub-pixel,2.0,0.4327289041498392,0.17117619719510024,0.18023161802983623
canny,pixel,2.0,0.8164758674355763,0.46407305148392974,0.45715071114467154
canny,sub-pixel,2.0,0.5131699255381739,0.2454973352498544,0.24782217092697723
threshold,pixel,2.0,0.5270939138565465,0.17599306126435477,0.2050845869113047
threshold,sub-pixel,2.0,0.4276049816370028,0.18734037670374404,0.22384516804344567
canny,pixel,2.0,0.8753542086481408,0.5247098187482231,0.6044279146328475
canny,sub-pixel,2.0,0.5884185798732191,0.28809755547307936,0.3585704196804884
threshold,pixel,2.0,0.5465852291363861,0.18025572623046004,0.2067037735477264
threshold,sub-pixel,2.0,0.4444598158662154,0.18056674452740618,0.21285948500412655
canny,pixel,2.0,0.8713262582229357,0.5183607805690955,0.5281892680453515
canny,sub-pixel,2.0,0.5589682396420126,0.2920904900391883,0.25338405725930935
threshold,pixel,2.0,0.5303518100957829,0.15561477399083956,0.1965171870870166
threshold,sub-pixel,2.0,0.4301978809924488,0.1519236070879293,0.20350585643908348
canny,pixel,2.0,0.8504202186847635,0.44901227377955655,0.433721341900005
canny,sub-pixel,2.0,0.5461475639775959,0.2337342322537499,0.2816795716415226
threshold,pixel,2.0,0.5364208414672712,0.2078321290472407,0.2513333130932134
threshold,sub-pixel,2.0,0.4475991434664948,0.2265261739857265,0.2947118732724352
canny,pixel,2.0,0.836417858494514,0.5246095403191473,0.6524760123099846
canny,sub-pixel,2.0,0.5403588126865986,0.30426358912735196,0.38132935024435444
threshold,pixel,4.0,0.5361947844192532,0.15333898622048037,0.1465837852981804
threshold,sub-pixel,4.0,0.4452532545750474,0.16627624911043415,0.17756180670843724
canny,pixel,4.0,1.2773860451492003,0.7081882297697966,0.7051256192111652
canny,sub-pixel,4.0,1.0039038286632116,0.4988537938451938,0.44417274474865387
threshold,pixel,4.0,0.5314995179994536,0.15142136692318253,0.16111259887772755
threshold,sub-pixel,4.0,0.45431896546856476,0.15114083445454574,0.17953415401147677
canny,pixel,4.0,1.1386944462833235,0.6677238779559767,0.5569023351029179
canny,sub-pixel,4.0,0.8585248103648472,0.4483820004409331,0.2652766590746909
threshold,pixel,4.0,0.5475725243032822,0.1676064451885011,0.1862223575440738
threshold,sub-pixel,4.0,0.4536550491024969,0.17830937877343245,0.21751865254230518
canny,pixel,4.0,1.1432605853392501,0.5986787041941366,0.2413757083658643
canny,sub-pixel,4.0,0.8681160336424298,0.3833632267153406,0.007151223708035115
threshold,pixel,4.0,0.5255482454080536,0.11840089917868912,0.1447933125408145
threshold,sub-pixel,4.0,0.4479963985222631,0.12962429770235873,0.15971511684507833
canny,pixel,4.0,1.1750760336439205,0.6092555262861148,0.21626671495567118
canny,sub-pixel,4.0,0.9136875009108676,0.3952226694056189,0.0028006708849375173
threshold,pixel,4.0,0.5442802617385147,0.16696677379717206,0.14862379301731998
threshold,sub-pixel,4.0,0.45109877831360706,0.16678972552239535,0.16356732493320214
canny,pixel,4.0,1.2036823980467577,0.5965398405252951,0.6092341011764644
canny,sub-pixel,4.0,0.9474797459376099,0.42190518624306295,0.3707707857884448
threshold,pixel,4.0,0.5505541769714974,0.17927501066096796,0.1770621466614024
threshold,sub-pixel,4.0,0.44475980823744976,0.17800284340780026,0.19021781556932638
canny,pixel,4.0,1.1111657376525972,0.4954155236658073,0.4727544345114838
canny,sub-pixel,4.0,0.8275520463597574,0.27711306969865745,0.1792520011079497
threshold,pixel,4.0,0.5494478836793144,0.1537883290923323,0.13696125062300846
threshold,sub-pixel,4.0,0.4554464217582528,0.16872570521928854,0.15748708614067652
canny,pixel,4.0,1.207643020757088,0.6224283455559843,0.6126186128043818
canny,sub-pixel,4.0,0.9511236698873926,0.44663452121969116,0.38491018256180665
threshold,pixel,4.0,0.5295942327936715,0.17009829356525974,0.20030279045133037
threshold,sub-pixel,4.0,0.43963390924708445,0.17277185269906625,0.2143973713240861
canny,pixel,4.0,1.012795753080112,0.5592391964032057,0.6126493957291563
canny,sub-pixel,4.0,0.7150717000492834,0.33164114935818945,0.34606843107676966
threshold,pixel,4.0,0.5626964124075068,0.183647554939121,0.18552480576269925
threshold,sub-pixel,4.0,0.4744843287232706,0.18148987895950142,0.19436588927001264
canny,pixel,4.0,1.2082941404419842,0.5728763018413492,0.5247041617620094
canny,sub-pixel,4.0,0.9447794748357812,0.3689253011934295,0.254140776577926
threshold,pixel,4.0,0.5621959733354435,0.1796958810140532,0.27718697978665885
threshold,sub-pixel,4.0,0.4579285618956948,0.18729772726496274,0.2488313281103327
canny,pixel,4.0,1.1616742925984234,0.6761136980068743,0.46708753877092013
canny,sub-pixel,4.0,0.8731779168724605,0.43673150638918457,0.1753259624515735
threshold,pixel,4.0,0.5426948084653618,0.1515968079701313,0.179723860644887
threshold,sub-pixel,4.0,0.4482802949106899,0.16048845459272076,0.19051189762598186
canny,pixel,4.0,1.0977056397088896,0.5563496949735083,0.49497786573256475
canny,sub-pixel,4.0,0.8189506001878853,0.3904305473239351,0.3219438195706532
threshold,pixel,4.0,0.5514635117928484,0.17839477648319524,0.19741937479538674
threshold,sub-pixel,4.0,0.4551189113406881,0.1720442494656529,0.20613184438022625
canny,pixel,4.0,1.2771017988592703,0.5893902939877653,0.6177043918097809
canny,sub-pixel,4.0,1.0008891825632424,0.40226039580878936,0.402037922029701
threshold,pixel,4.0,0.5564387873856965,0.17232040291229422,0.2071498635624227
threshold,sub-pixel,4.0,0.4665998853853953,0.1916636427764835,0.23292994206094964
canny,pixel,4.0,1.1856158559163135,0.7001280540806554,0.22069239534491603
canny,sub-pixel,4.0,0.8962263885510995,0.4699988661877157,0.01677156542420377
threshold,pixel,4.0,0.5480099076574497,0.19004667476060688,0.1846726017976983
threshold,sub-pixel,4.0,0.46741429598874124,0.19022416943583287,0.20771599636566762
canny,pixel,4.0,1.1605468899139848,0.7194898363108968,0.4541620135702602
canny,sub-pixel,4.0,0.8712011937974986,0.47681182542321987,0.17635416566620377
threshold,pixel,4.0,0.5437186530323586,0.15686309242069862,0.16364326097023607
threshold,sub-pixel,4.0,0.4573867469831278,0.1637836602505398,0.20216812463954925
canny,pixel,4.0,1.2702385602177368,0.657543048594472,0.6755929411292745
canny,sub-pixel,4.0,1.0222810898756252,0.4740255576984109,0.47294176929004683
threshold,pixel,0.3,0.528194345565811,0.16767151038400852,0.10873356947518076
threshold,sub-pixel,0.3,0.4254038326685798,0.16944174532543865,0.1474607466496063
canny,pixel,0.3,0.7881076211464879,0.419690441610197,0.2703903281037605
canny,sub-pixel,0.3,0.4823817693388833,0.20122631193754303,0.14525286768933565
threshold,pixel,0.3,0.5191217476761472,0.17068129050202208,0.1028191449092879
threshold,sub-pixel,0.3,0.41393658527993127,0.16631384968252272,0.11205787355860997
canny,pixel,0.3,0.7978818888717845,0.43649537082550505,0.3061293156140801
canny,sub-pixel,0.3,0.4922941320151508,0.22844768952836136,0.1597661476472676
threshold,pixel,0.3,0.5353354269011842,0.16576645318325012,0.10602533971008343
threshold,sub-pixel,0.3,0.41616541281035646,0.16309527404633606,0.13817081986374946
canny,pixel,0.3,0.77407448245412,0.4514793623615969,0.28015434965366115
canny,sub-pixel,0.3,0.48457611526522043,0.23114325872113728,0.15239132028755797
threshold,pixel,0.3,0.5225838126131159,0.20794596676290134,0.16329842086954693
threshold,sub-pixel,0.3,0.41644840895363533,0.18700592521609938,0.15617547886053318
canny,pixel,0.3,0.8072406439162779,0.4630427125705532,0.29999602950277104
canny,sub-pixel,0.3,0.4883826573917027,0.23738924426940344,0.21050338817145597
threshold,pixel,0.3,0.5179052614011801,0.16103445277345774,0.06546848270626837
threshold,sub-pixel,0.3,0.4092151185811412,0.1532625090664197,0.10497469052169794
canny,pixel,0.3,0.7857941680089764,0.4493825413368262,0.3021294226787705
canny,sub-pixel,0.3,0.4861470145078917,0.22091780509209213,0.15273043931152408
threshold,pixel,0.3,0.5305158374778642,0.16059233580416676,0.12986466636438188
threshold,sub-pixel,0.3,0.4118259061742719,0.14909759687260338,0.11945087886187578
canny,pixel,0.3,0.8059786993656941,0.4309433268433289,0.2841124689094241
canny,sub-pixel,0.3,0.49705943889784854,0.22808195902329098,0.1517031394158308
threshold,pixel,0.3,0.5272916204869433,0.199623540790828,0.12284773185481335
threshold,sub-pixel,0.3,0.4234355983708368,0.1942498211119874,0.15962297915686952
canny,pixel,0.3,0.7989750017403263,0.4704717541241574,0.3196339353629267
canny,sub-pixel,0.3,0.4957257742932599,0.24572467853907098,0.18608377897119155
threshold,pixel,0.3,0.531760789716046,0.18883313191979223,0.12763700356187835
threshold,sub-pixel,0.3,0.4264260947334954,0.1691034589032372,0.1283953906437758
canny,pixel,0.3,0.8132342352557096,0.49405032264167015,0.3780903332720955
canny,sub-pixel,0.3,0.5238345661275272,0.26265295213732487,0.1899989662545023
threshold,pixel,0.3,0.5308822567216434,0.15331549468439043,0.14337282202162127
threshold,sub-pixel,0.3,0.4246524200868793,0.15339754841973563,0.15183837164763414
canny,pixel,0.3,0.8136444143332242,0.43301321900642153,0.3791805908287387
canny,sub-pixel,0.3,0.5190442847199473,0.21783881378208614,0.16591726013114316
threshold,pixel,0.3,0.5414728767750642,0.16761809140121042,0.11387042422141658
threshold,sub-pixel,0.3,0.42151182373066254,0.15585238576619198,0.13187403138566545
canny,pixel,0.3,0.8144256625512523,0.4141189764190141,0.20516083895951143
canny,sub-pixel,0.3,0.48256142500287885,0.19430206448718157,0.0974316961944508
threshold,pixel,0.3,0.514597174495718,0.16716330610224572,0.1534257708735396
threshold,sub-pixel,0.3,0.41861301994296957,0.17312077383288904,0.1749006366516861
canny,pixel,0.3,0.7749278360232577,0.45775195782824896,0.37086927990452745
canny,sub-pixel,0.3,0.46669009154625696,0.21032197455500246,0.20523181790772815
threshold,pixel,0.3,0.5441044303994658,0.1711127733533313,0.13990529412122976
threshold,sub-pixel,0.3,0.43988024584255014,0.1648688984430624,0.14620621491516284
canny,pixel,0.3,0.8257185135703469,0.47084579529910475,0.24915287954592502
canny,sub-pixel,0.3,0.5402623405516025,0.2370079431355805,0.12178521111178497
threshold,pixel,0.3,0.5384115658682642,0.17751169725686622,0.0911701148178552
threshold,sub-pixel,0.3,0.4292275705606281,0.1747715624247277,0.11364935311247581
canny,pixel,0.3,0.8115297901517143,0.42389413573335344,0.3092134601093046
canny,sub-pixel,0.3,0.5075801328614414,0.23605644208626475,0.1638790695661152
threshold,pixel,0.3,0.5327106921421044,0.1607467970501515,0.10188737489147837
threshold,sub-pixel,0.3,0.42131183254904664,0.17350056175004225,0.12787174066357831
canny,pixel,0.3,0.7853119369622391,0.42638495548297817,0.23348808258670228
canny,sub-pixel,0.3,0.469246628024363,0.20712137867846092,0.14149291582207546
threshold,pixel,0.3,0.5174968505319174,0.1435584394485112,0.04483957040265585
threshold,sub-pixel,0.3,0.4285986447690676,0.12457718044025423,0.082600858695689
canny,pixel,0.3,0.8266788878736944,0.43535147576848887,0.232187159301795
canny,sub-pixel,0.3,0.5034750495738154,0.1991108871090974,0.10399135537969162
threshold,pixel,1.0,0.5424734528551809,0.20444439843347473,0.1632464208261517
threshold,sub-pixel,1.0,0.44037748260660914,0.18958064244196948,0.13883300040712543
canny,pixel,1.0,0.8297781426394135,0.4553846202673899,0.2937981696185781
canny,sub-pixel,1.0,0.5221537892548571,0.26795881732039595,0.1261880967487481
threshold,pixel,1.0,0.5491108412240191,0.13922566267014957,0.05730231714035039
threshold,sub-pixel,1.0,0.43721134905427594,0.1662761095912617,0.10399805127050588
canny,pixel,1.0,0.7912749953370666,0.41712403462259307,0.22693550060320788
canny,sub-pixel,1.0,0.48484066617605204,0.20444390259578804,0.0857961209174869
threshold,pixel,1.0,0.5146524722991246,0.18830157202710507,0.11330863247494305
threshold,sub-pixel,1.0,0.4196343005508037,0.1745355588776032,0.14135186922559217
canny,pixel,1.0,0.7929372582757923,0.4636588619110995,0.28982562421590696
canny,sub-pixel,1.0,0.49441200841450983,0.23227628338857853,0.12451370090092917
threshold,pixel,1.0,0.5356816540610301,0.16735857374635899,0.15676393802213306
threshold,sub-pixel,1.0,0.4305867915928675,0.1576620823304533,0.15357623045525548
canny,pixel,1.0,0.8585889609894918,0.44766132277209425,0.3577012799844761
canny,sub-pixel,1.0,0.5189177131888754,0.22192409702959548,0.21035770330857861
threshold,pixel,1.0,0.5186544119919473,0.15984876880533672,0.0811039681061736
threshold,sub-pixel,1.0,0.4166640873483423,0.16616418643305764,0.13302964692339048
canny,pixel,1.0,0.8383037913898398,0.46065684584326494,0.3359222699054536
canny,sub-pixel,1.0,0.5198998098886801,0.24960475446299002,0.19036119944024854
threshold,pixel,1.0,0.5251543283751633,0.17181023732114475,0.11016296464988606
threshold,sub-pixel,1.0,0.4235189430375771,0.17196021869826406,0.1458073754289333
canny,pixel,1.0,0.8292106672206365,0.4934242807081699,0.25451842202841446
canny,sub-pixel,1.0,0.5099589201071855,0.25254132070213386,0.15211428401085625
threshold,pixel,1.0,0.5074997191661746,0.1517158017191147,0.14406121947029193
threshold,sub-pixel,1.0,0.40113115060184334,0.14408869609097152,0.1494655680579089
canny,pixel,1.0,0.7981782150587241,0.44780144888516693,0.22617620686746953
canny,sub-pixel,1.0,0.4880015608961375,0.22796336756647162,0.08902367690575552
threshold,pixel,1.0,0.5442438618399877,0.16806012642858392,0.08796671810112056
threshold,sub-pixel,1.0,0.4334611361493689,0.16547572492456308,0.11299294350017774
canny,pixel,1.0,0.833584318987642,0.45637094878696605,0.29658293283090176
canny,sub-pixel,1.0,0.5056142611516758,0.21403099285661598,0.12678416000519066
threshold,pixel,1.0,0.5263281798215214,0.1759430950788783,0.12206837054629593
threshold,sub-pixel,1.0,0.4194421842335221,0.17580397198371744,0.13362988590607472
canny,pixel,1.0,0.8408527030218971,0.4654074558127195,0.3958289367346599
canny,sub-pixel,1.0,0.5037560977712003,0.23480146392834045,0.14711673355751165
threshold,pixel,1.0,0.5373581738531462,0.15953680029597228,0.11157558268213608
threshold,sub-pixel,1.0,0.4401233024136253,0.16187806107859593,0.1282209302102335
canny,pixel,1.0,0.8426919174918361,0.460778742688589,0.29690660303351724
canny,sub-pixel,1.0,0.5213535168056164,0.22599011746081676,0.13268188194790476
threshold,pixel,1.0,0.526801038472677,0.15535592058268044,0.12905168736663963
threshold,sub-pixel,1.0,0.4153955622603528,0.15533039837885743,0.15010593663821892
canny,pixel,1.0,0.7798408848879457,0.43518444285713653,0.33729385494013453
canny,sub-pixel,1.0,0.490421754370652,0.2175667320657828,0.1884136541601218
threshold,pixel,1.0,0.5331016645745473,0.16569846565230617,0.10713796875551695
threshold,sub-pixel,1.0,0.4289617327201799,0.15452145261412054,0.12445672613966652
canny,pixel,1.0,0.795473637463472,0.4451893599955492,0.33610439031971984
canny,sub-pixel,1.0,0.49006654136477223,0.20884237095812863,0.16726462696620947
threshold,pixel,1.0,0.5137769539922542,0.15822869815562446,0.11784352053070402
threshold,sub-pixel,1.0,0.42914865946982783,0.14564268043838147,0.1276590238568005
canny,pixel,1.0,0.7985603590879222,0.41926589207814446,0.3127894929968118
canny,sub-pixel,1.0,0.5086237441366295,0.2003024713201873,0.15903087420190243
threshold,pixel,1.0,0.5458304623622647,0.19774542918050697,0.11195119488663607
threshold,sub-pixel,1.0,0.4416792412033256,0.18513760750399677,0.12265923857090888
canny,pixel,1.0,0.8402634153460148,0.4488660162720266,0.32754346896827347
canny,sub-pixel,1.0,0.5329439474466381,0.2520982914414649,0.20730530804971314
threshold,pixel,1.0,0.5396658678707535,0.15244703319115982,0.10071497027411747
threshold,sub-pixel,1.0,0.4326551231764988,0.15561463190217872,0.09754438152994327
canny,pixel,1.0,0.8278344202448944,0.4526276242864542,0.267284876731102
canny,sub-pixel,1.0,0.509167237493477,0.21122358866586577,0.10478160178423357
threshold,pixel,2.0,0.5407219680205615,0.1756126078336151,0.09038349702486581
threshold,sub-pixel,2.0,0.44855747246131045,0.1612995768184784,0.10670376310462881
canny,pixel,2.0,0.8500056212809418,0.4668202311149281,0.3487345297746236
canny,sub-pixel,2.0,0.5429919147064166,0.2380503068896107,0.14460605885390532
threshold,pixel,2.0,0.5110310590863041,0.1401619694715217,0.09546988209572493
threshold,sub-pixel,2.0,0.4215651970933473,0.16564830059412072,0.12769197982101055
canny,pixel,2.0,0.8435260544987844,0.48258785072183596,0.27836291938270863
canny,sub-pixel,2.0,0.5402279169116972,0.25667750533539513,0.13789155203002013
threshold,pixel,2.0,0.5197908510787979,0.17250607770205084,0.17245534279608377
threshold,sub-pixel,2.0,0.4366852353345927,0.16205933395218497,0.17757613877250256
canny,pixel,2.0,0.8405803328905013,0.4782112848318094,0.34808716529813566
canny,sub-pixel,2.0,0.5511414632860177,0.24729418657732727,0.18915946816559837
threshold,pixel,2.0,0.5201688793100756,0.13161612748394447,0.09158870588255841
threshold,sub-pixel,2.0,0.41367356242604697,0.13382516029118063,0.0990214419007911
canny,pixel,2.0,0.795284841617659,0.4447725036843333,0.26944249343813276
canny,sub-pixel,2.0,0.5019454676395055,0.21960777952908384,0.12430710498150077
threshold,pixel,2.0,0.5400587836551154,0.17338065238193412,0.07010779076117979
threshold,sub-pixel,2.0,0.44165261199035694,0.17212503453200845,0.09112477777283301
canny,pixel,2.0,0.8743801050529809,0.540409243051861,0.3204683496069669
canny,sub-pixel,2.0,0.561081970836478,0.29691670007008386,0.1687171942769572
threshold,pixel,2.0,0.5274063204711212,0.16809721391948806,0.12601675553007397
threshold,sub-pixel,2.0,0.4253123484824859,0.16807683250778327,0.1633430287765818
canny,pixel,2.0,0.8963590929834455,0.5323047583819633,0.2951641364964859
canny,sub-pixel,2.0,0.5843140463815928,0.31449310364851835,0.12242581948873443
threshold,pixel,2.0,0.5380552343206815,0.1387595891872042,0.08482255814925965
threshold,sub-pixel,2.0,0.43554259542377916,0.14657508322277768,0.11389437398922286
canny,pixel,2.0,0.8743998708918257,0.44650906081554376,0.10918913623284565
canny,sub-pixel,2.0,0.5796909547136418,0.24274504561993915,0.0018202724341227494
threshold,pixel,2.0,0.5366041712306236,0.1398186083145727,0.05184354042113126
threshold,sub-pixel,2.0,0.42511248204350766,0.1545435390872405,0.10816615671307428
canny,pixel,2.0,0.86557734341248,0.5115318849362698,0.2704792910426179
canny,sub-pixel,2.0,0.5580391105925744,0.2694212783649448,0.12684560835865266
threshold,pixel,2.0,0.530844097222582,0.1774369290752631,0.11422530228607108
threshold,sub-pixel,2.0,0.43805598337576723,0.1820768434006086,0.142136282741967
canny,pixel,2.0,0.9397828101670227,0.5493177432487615,0.22939418917876786
canny,sub-pixel,2.0,0.6466494741513018,0.3125178273680316,0.03391734938090485
threshold,pixel,2.0,0.5419357373500765,0.1848087126867224,0.11887954056423222
threshold,sub-pixel,2.0,0.43870847298027915,0.18962990988187678,0.13125136913437885
canny,pixel,2.0,0.8715613823280204,0.4786566639634491,0.2245254395498737
canny,sub-pixel,2.0,0.562175618795187,0.25515599732203786,0.12545257467693283
threshold,pixel,2.0,0.5189244892034605,0.14449868441654878,0.031850040482823694
threshold,sub-pixel,2.0,0.41693846467582363,0.13841369296923722,0.06738570786051312
canny,pixel,2.0,0.8854755691824095,0.45607215921870115,0.32213282088917916
canny,sub-pixel,2.0,0.5735390571636554,0.2193341568380074,0.18461019093323694
threshold,pixel,2.0,0.5475488446720542,0.16372940818197312,0.12885065382527428
threshold,sub-pixel,2.0,0.4471378384548741,0.177976283214611,0.1526302540022475
canny,pixel,2.0,0.8687685911774251,0.47249732138412726,0.30932232377288127
canny,sub-pixel,2.0,0.5459283200935721,0.2367230769198776,0.08405097142060303
threshold,pixel,2.0,0.5303379475229479,0.15799110768349567,0.10316776253833959
threshold,sub-pixel,2.0,0.43494539736027205,0.1497827316643141,0.12391272031507716
canny,pixel,2.0,0.8933186518176077,0.47286651342405217,0.3604574195412824
canny,sub-pixel,2.0,0.5838185147397418,0.25545864526289197,0.21177579763989707
threshold,pixel,2.0,0.5282002604317957,0.17473310890496885,0.1476048365016509
threshold,sub-pixel,2.0,0.42486571918539606,0.16238714185775227,0.12946072803344544
canny,pixel,2.0,0.8771933951317444,0.4590631072235818,0.3136778036484671
canny,sub-pixel,2.0,0.580605843823034,0.2491229497637668,0.11665706831885991
threshold,pixel,2.0,0.5473444112295649,0.18168324793257407,0.10456230415872447
threshold,sub-pixel,2.0,0.43628299493245076,0.18942226108414562,0.14039838797621407
canny,pixel,2.0,0.9722044634316893,0.5667836974197411,0.266385227341956
canny,sub-pixel,2.0,0.650362396310916,0.33920715904858634,0.11774730272988831
threshold,pixel,4.0,0.5176591028518224,0.13983204532341875,0.12517264200501943
threshold,sub-pixel,4.0,0.4253953543155223,0.1390259669489624,0.11938904144710882
canny,pixel,4.0,1.1173389589050524,0.5676711540532176,0.06320523247846621
canny,sub-pixel,4.0,0.8521633017100523,0.38746193596761436,0.06491537475470954
threshold,pixel,4.0,0.5673790699922079,0.1586816792393002,0.07097098757508258
threshold,sub-pixel,4.0,0.4726825830586664,0.16956042656397274,0.1118623241604344
canny,pixel,4.0,1.2336547021006612,0.6036259266519293,0.020641401161752615
canny,sub-pixel,4.0,0.9632137122732007,0.3984118329199384,0.17042641021228988
threshold,pixel,4.0,0.5459596724014594,0.15190805158606202,0.0896948512553366
threshold,sub-pixel,4.0,0.4513625892342657,0.1622119285923198,0.14563700925699719
canny,pixel,4.0,1.3747046112122634,0.6259139578561475,0.2407281001914141
canny,sub-pixel,4.0,1.1007860869291228,0.42949700389767664,0.4149976273657838
threshold,pixel,4.0,0.5689608479373167,0.19552302432824908,0.15566595667123195
threshold,sub-pixel,4.0,0.466533902238528,0.17703222421672238,0.15303928098541375
canny,pixel,4.0,1.3178008534917516,0.7186825264579457,0.3766805575788319
canny,sub-pixel,4.0,1.0585147199288958,0.4955167235847602,0.5527932056187601
threshold,pixel,4.0,0.5423249804203983,0.16523851761481634,0.07324526055383451
threshold,sub-pixel,4.0,0.45967727193616137,0.17644898329563352,0.13373938176532363
canny,pixel,4.0,1.2799105997379723,0.7468022911972134,0.05219267486986645
canny,sub-pixel,4.0,1.003678756882764,0.5450906942473466,0.18531201305325506
threshold,pixel,4.0,0.5373730009481528,0.16081348990024136,0.14751830236546848
threshold,sub-pixel,4.0,0.45515104198362,0.17054389200896036,0.12999030316098237
canny,pixel,4.0,1.316937958816254,0.7966394372992718,0.27188259774667634
canny,sub-pixel,4.0,1.0519736444835575,0.5849560795448492,0.434948953029064
threshold,pixel,4.0,0.5453269507524852,0.15516798710128898,0.11773925830867515
threshold,sub-pixel,4.0,0.444890942076003,0.14997775428879856,0.1440891420269037
canny,pixel,4.0,1.3653397436491623,0.7373566852418878,0.07529103328194964
canny,sub-pixel,4.0,1.0954648316455766,0.5473246176701141,0.2707277522212732
threshold,pixel,4.0,0.546962774634158,0.15537285370843001,0.0963991451389421
threshold,sub-pixel,4.0,0.4657537144528775,0.15340496913900936,0.08440137428220096
canny,pixel,4.0,1.1874790866072207,0.5801139003692715,0.1298677239700834
canny,sub-pixel,4.0,0.9211895271958801,0.3604711593331609,0.0860912323445917
threshold,pixel,4.0,0.543581565299113,0.15676787987344754,0.07056491512003138
threshold,sub-pixel,4.0,0.44574962921896377,0.15563713358600695,0.07446963112932137
canny,pixel,4.0,1.2314127332082083,0.6709328305563822,0.01129272430328454
canny,sub-pixel,4.0,0.9480900574355557,0.47298487411086954,0.1389032358281268
threshold,pixel,4.0,0.5458919332162688,0.14773647958682945,0.11101288262338738
threshold,sub-pixel,4.0,0.4514200399446338,0.1570502146563053,0.13656408697701883
canny,pixel,4.0,1.2847923168975641,0.679575578620381,0.03565049444902835
canny,sub-pixel,4.0,1.00040966972736,0.45945229633509266,0.23138530342217756
threshold,pixel,4.0,0.5604226166262056,0.14687784891078626,0.07358001079169973
threshold,sub-pixel,4.0,0.45234987899881296,0.15742933206364884,0.10763569974770437
canny,pixel,4.0,1.09289368793198,0.38975180526981856,0.36939500005189974
canny,sub-pixel,4.0,0.8084152556991191,0.19566933050410817,0.5175530219984328
threshold,pixel,4.0,0.5443405283782924,0.15802027540748376,0.11181164728360038
threshold,sub-pixel,4.0,0.4518169043373499,0.15493185189365133,0.12242189839684459
canny,pixel,4.0,1.2893230864974168,0.7036090316972992,0.13896597019441304
canny,sub-pixel,4.0,1.029067740203196,0.5006350629952852,0.2764886825595956
threshold,pixel,4.0,0.5346124606643822,0.15079136621706835,0.08785357385400161
threshold,sub-pixel,4.0,0.4433978461594231,0.1345958515046235,0.11876616844499654
canny,pixel,4.0,1.2721702083442255,0.6520104088147081,0.029124288760556727
canny,sub-pixel,4.0,1.0085444245556903,0.4377770430822123,0.10910048263909733
threshold,pixel,4.0,0.5402787940432571,0.16295970006429172,0.10460109214128632
threshold,sub-pixel,4.0,0.4492242575513121,0.18263691687101402,0.13895534998141335
canny,pixel,4.0,1.1362951614331005,0.5411109116439337,0.031145374866616393
canny,sub-pixel,4.0,0.8726065131249825,0.3482319795605324,0.2201156915270368
threshold,pixel,4.0,0.5449446012372279,0.16620031920394873,0.13321763447112067
threshold,sub-pixel,4.0,0.4530852061803677,0.17050683216219054,0.1295218089684913
canny,pixel,4.0,1.269455215726151,0.7198353844423027,0.10606953948223996
canny,sub-pixel,4.0,0.9943193836491002,0.5160484616936036,0.27460581100340065
threshold,pixel,0.3,0.5607047085129198,0.20011398747723397,0.31203861424876855
threshold,sub-pixel,0.3,0.44054710405369035,0.18401538151490238,0.2878520113194156
canny,pixel,0.3,0.8304095560643794,0.47022135711594015,0.7989026051187205
canny,sub-pixel,0.3,0.4913299565108046,0.21883271566597218,0.36834459258705543
threshold,pixel,0.3,0.5305073683163948,0.16657250887399733,0.27161337921828466
threshold,sub-pixel,0.3,0.4286228287099346,0.15225171128319048,0.24554939244524832
canny,pixel,0.3,0.7688759619046743,0.3950624311026685,0.687256881935908
canny,sub-pixel,0.3,0.47236100476734744,0.18572336581303017,0.3038424695585178
threshold,pixel,0.3,0.5400384946671816,0.18770823292209027,0.3316245627334107
threshold,sub-pixel,0.3,0.4237447995784374,0.1943130241972344,0.33795997902190145
canny,pixel,0.3,0.8395582476364711,0.5067463974690196,0.8848460751166924
canny,sub-pixel,0.3,0.49326882621938484,0.2508971096876198,0.45519865085355704
threshold,pixel,0.3,0.5353436967555201,0.17241172132799631,0.2870314982119053
threshold,sub-pixel,0.3,0.423322096878944,0.15504338202738,0.24975638772291298
canny,pixel,0.3,0.7975570908198274,0.43122866932644843,0.7242767001003543
canny,sub-pixel,0.3,0.5047283806072322,0.21755173014210327,0.3590936271865708
threshold,pixel,0.3,0.5170397094594065,0.16844164088882008,0.27843203280294393
threshold,sub-pixel,0.3,0.41245769963323464,0.1560575092858012,0.24848656815858394
canny,pixel,0.3,0.8016075744818494,0.42880969188276463,0.7333636028384785
canny,sub-pixel,0.3,0.5068731371113631,0.22809514387405683,0.3699606948786647
threshold,pixel,0.3,0.5346697376181075,0.17616524007758483,0.2810222419644983
threshold,sub-pixel,0.3,0.4261135484892862,0.1696916345313313,0.26191295606333664
canny,pixel,0.3,0.8297048031556258,0.469319236609117,0.796866648816704
canny,sub-pixel,0.3,0.5308044992898018,0.25082563464166885,0.4383517655063658
threshold,pixel,0.3,0.5299991122404,0.17417989401696543,0.30503510436281456
threshold,sub-pixel,0.3,0.41530796711593,0.14920205306729728,0.2634581839878738
canny,pixel,0.3,0.8252843205307113,0.4702737761826419,0.8231561225299453
canny,sub-pixel,0.3,0.5180818592421437,0.23129096192875465,0.4308496418722232
threshold,pixel,0.3,0.5407399859871298,0.1651385776765657,0.2626081382610561
threshold,sub-pixel,0.3,0.42906947611866436,0.17322709913217005,0.26333940175702963
canny,pixel,0.3,0.794459610769167,0.4412476296621639,0.7585161555150988
canny,sub-pixel,0.3,0.49398506243412915,0.23046329337878624,0.35660410427625866
threshold,pixel,0.3,0.5301817860365285,0.1979840174842582,0.31142934168986347
threshold,sub-pixel,0.3,0.41690996737783304,0.18627230323705724,0.29938491007802703
canny,pixel,0.3,0.7989512508320299,0.4495350570812915,0.7617580474571195
canny,sub-pixel,0.3,0.5024447796398454,0.2393135745856223,0.3966350978031734
threshold,pixel,0.3,0.561429398467097,0.22504488823123436,0.37316867431003775
threshold,sub-pixel,0.3,0.44991707866204556,0.2113160777499572,0.352384154128246
canny,pixel,0.3,0.7764155707765585,0.41877188843736524,0.7388248362130527
canny,sub-pixel,0.3,0.4844127156241062,0.22443404663855282,0.37668682166427825
threshold,pixel,0.3,0.5463316202992881,0.18267083091898018,0.33050904159434324
threshold,sub-pixel,0.3,0.4284954176791931,0.17596240578550248,0.30864554096743113
canny,pixel,0.3,0.8378824848157612,0.47759713120180747,0.8799589272362844
canny,sub-pixel,0.3,0.5116427810991881,0.2512712382719202,0.48314589253148643
threshold,pixel,0.3,0.5407592873557401,0.1816898035681167,0.31363995699774083
threshold,sub-pixel,0.3,0.42689260155948405,0.17748383616149743,0.3085084075271567
canny,pixel,0.3,0.8289659769100151,0.48191168649890104,0.8083165712083926
canny,sub-pixel,0.3,0.5104688522158778,0.24809664830801492,0.4379177535824166
threshold,pixel,0.3,0.5284804270350852,0.1475614550230413,0.22796984969663558
threshold,sub-pixel,0.3,0.40603518792885174,0.1442459459661809,0.21867480597210953
canny,pixel,0.3,0.786110138378949,0.44439421294297854,0.7438665754469866
canny,sub-pixel,0.3,0.4881253952731662,0.21884252387959857,0.3589378919820394
threshold,pixel,0.3,0.5357188507327395,0.18129062167524035,0.2931115457493165
threshold,sub-pixel,0.3,0.41949103107060526,0.17376496507076533,0.2757320237422949
canny,pixel,0.3,0.8246180109472239,0.464507625487232,0.7999339440066411
canny,sub-pixel,0.3,0.5004392204870423,0.23935593986629677,0.4050109868960101
threshold,pixel,0.3,0.5337243511026789,0.18090210962596243,0.3170139253345994
threshold,sub-pixel,0.3,0.4213572181671673,0.1689997720866092,0.27858443343410233
canny,pixel,0.3,0.8085939584389321,0.44543643326145466,0.8386631677322143
canny,sub-pixel,0.3,0.4929776268552548,0.23596630069704738,0.43907740275275664
threshold,pixel,1.0,0.54106336207795,0.19221825552691385,0.34421596129003174
threshold,sub-pixel,1.0,0.43942600788105673,0.19705064600367272,0.3519462354332994
canny,pixel,1.0,0.8502551275025514,0.4850398247048564,0.8114627592174868
canny,sub-pixel,1.0,0.5499500558663216,0.28044198421316,0.44841921446277677
threshold,pixel,1.0,0.5524750531374846,0.17326983953885922,0.2849780300429714
threshold,sub-pixel,1.0,0.4360914449155784,0.16482017317362985,0.26857937629830353
canny,pixel,1.0,0.8640872918079561,0.47383409516646613,0.7872918506560405
canny,sub-pixel,1.0,0.5566572023926848,0.2785105941251531,0.4562940493027572
threshold,pixel,1.0,0.5273563094581908,0.20376830617520914,0.3394995278044943
threshold,sub-pixel,1.0,0.43610139373969403,0.19491055225834386,0.32117928447600796
canny,pixel,1.0,0.8156030202232257,0.49542377757386347,0.8188232387222802
canny,sub-pixel,1.0,0.511982224143551,0.2536821401621241,0.3941820424276612
threshold,pixel,1.0,0.5380007801076445,0.1762558530910916,0.31635732846414744
threshold,sub-pixel,1.0,0.4233366090803104,0.16955517795416553,0.290274907216328
canny,pixel,1.0,0.8419359618313413,0.4860562288089103,0.8215989952748588
canny,sub-pixel,1.0,0.5240568645355362,0.25606615994668,0.42626781728642626
threshold,pixel,1.0,0.537477570738222,0.1799146449029747,0.29726672008027943
threshold,sub-pixel,1.0,0.4380145483361955,0.17177932169603105,0.2662319687718053
canny,pixel,1.0,0.8381703186063867,0.4514532803361231,0.6930512529594304
canny,sub-pixel,1.0,0.5178168783593193,0.23156288589379437,0.331951116385488
threshold,pixel,1.0,0.5631877377313956,0.19335631097616868,0.35423939917329594
threshold,sub-pixel,1.0,0.4516340896030302,0.19926578272537343,0.3440808914682325
canny,pixel,1.0,0.8326455359788714,0.48593970261995634,0.8141244194311614
canny,sub-pixel,1.0,0.528600369660638,0.24877813753524558,0.44363304702549566
threshold,pixel,1.0,0.539573587653734,0.17737914810972044,0.28066974245003884
threshold,sub-pixel,1.0,0.43202754729975734,0.17235730336111654,0.2859907352641029
canny,pixel,1.0,0.8253415705871328,0.46160832137909624,0.8169440664206657
canny,sub-pixel,1.0,0.4939697167904251,0.22515551608920248,0.38396002738597534
threshold,pixel,1.0,0.5398429503020697,0.16422606608469614,0.2505786959554914
threshold,sub-pixel,1.0,0.41844041987258035,0.16029620880787454,0.2658816323328139
canny,pixel,1.0,0.7996287423822956,0.4419216722384365,0.7796858848947474
canny,sub-pixel,1.0,0.4850174297637922,0.21157726243526076,0.3814046232493151
threshold,pixel,1.0,0.5437232820922222,0.1623149430472075,0.28600947502723795
threshold,sub-pixel,1.0,0.44194982916411485,0.16798204162425368,0.2710686745232227
canny,pixel,1.0,0.8213936818646901,0.45643583692873824,0.7981566394817081
canny,sub-pixel,1.0,0.5265705748808797,0.23308161760727075,0.40124543151270586
threshold,pixel,1.0,0.5233759651608336,0.14677243002628537,0.26448143427367476
threshold,sub-pixel,1.0,0.41840312942114044,0.15127697273109786,0.27089553478616324
canny,pixel,1.0,0.8017013546143488,0.43748857645127504,0.7210913049520093
canny,sub-pixel,1.0,0.4992305472940957,0.22735196355767306,0.3954523830744874
threshold,pixel,1.0,0.5074587103385668,0.15595418540207384,0.27673167436765844
threshold,sub-pixel,1.0,0.4145731698035422,0.1616764208737831,0.27634532573788917
canny,pixel,1.0,0.8120298425384478,0.450340960355992,0.7532455459711622
canny,sub-pixel,1.0,0.4938932947271738,0.22468022291048806,0.4147998763080176
threshold,pixel,1.0,0.5322678353704338,0.1670168620592336,0.2692388711847693
threshold,sub-pixel,1.0,0.4290734050704682,0.165089772419718,0.24085978019768906
canny,pixel,1.0,0.8336843510610635,0.465707971172997,0.801780666862256
canny,sub-pixel,1.0,0.5185234175993708,0.2320243035134968,0.3824072717279954
threshold,pixel,1.0,0.5254540495730982,0.16939329089295962,0.28293479445666847
threshold,sub-pixel,1.0,0.4220979943085418,0.17073102801613915,0.2855957674928513
canny,pixel,1.0,0.8358349518705526,0.47641826996048575,0.8251732499048701
canny,sub-pixel,1.0,0.4918827490297083,0.24024129367431368,0.43059384457158334
threshold,pixel,1.0,0.5417095187461995,0.18716571398020876,0.2746857973076757
threshold,sub-pixel,1.0,0.43248568297158885,0.1700360595728152,0.2598338277600343
canny,pixel,1.0,0.8156079825757627,0.4653418294064715,0.7581511773429233
canny,sub-pixel,1.0,0.49076197723323,0.2199425602634275,0.3454196327115424
threshold,pixel,1.0,0.5295109725305948,0.1572359416469622,0.26423860308552793
threshold,sub-pixel,1.0,0.4275907805444732,0.17080968571720145,0.2826945678149313
canny,pixel,1.0,0.7951395251862823,0.4282250230324247,0.7019972131268752
canny,sub-pixel,1.0,0.49011634619317623,0.20913849760674896,0.3555102032486497
threshold,pixel,2.0,0.524459229571067,0.15303847564896378,0.21619692580618022
threshold,sub-pixel,2.0,0.426128532161435,0.15310854551904574,0.2358611004323059
canny,pixel,2.0,0.8354806792034039,0.4346484339978465,0.6718230744630733
canny,sub-pixel,2.0,0.5115068041986943,0.205473372765826,0.286898632514232
threshold,pixel,2.0,0.5235381438704962,0.15480435426733985,0.2541995077263417
threshold,sub-pixel,2.0,0.4280682956912155,0.16384077856529333,0.2517126159354435
canny,pixel,2.0,0.837774782326926,0.4684298178052335,0.7835987095994756
canny,sub-pixel,2.0,0.5372611638320665,0.2608390467254631,0.41490728695996193
threshold,pixel,2.0,0.5185326324586254,0.17358250958821286,0.2662153775905116
threshold,sub-pixel,2.0,0.42705005212830427,0.1624493931882398,0.2460684810781908
canny,pixel,2.0,0.8222117631824359,0.4760724055839616,0.7985334083892304
canny,sub-pixel,2.0,0.5237725518757547,0.2355770382647766,0.4075377916060168
threshold,pixel,2.0,0.5306998621757617,0.1622176321678812,0.2887237760677177
threshold,sub-pixel,2.0,0.42861108450454355,0.15392456670382781,0.2684222241338814
canny,pixel,2.0,0.8630987368908255,0.4737693364531417,0.8058802989126486
canny,sub-pixel,2.0,0.5572362999160838,0.23539391882900884,0.44101887823858954
threshold,pixel,2.0,0.5427516988307322,0.16456137131445736,0.2705715302120488
threshold,sub-pixel,2.0,0.4404811151113642,0.17091137284671065,0.2768406640333092
canny,pixel,2.0,0.8613501342032828,0.48404204294966147,0.7414683456941802
canny,sub-pixel,2.0,0.5593764865165449,0.2608542505006748,0.39772707624131654
threshold,pixel,2.0,0.5539083369748286,0.1834612366796773,0.3313914841547101
threshold,sub-pixel,2.0,0.4596540672672441,0.182919867077161,0.3178446949755802
canny,pixel,2.0,0.8457334949337172,0.5027984602547579,0.8267755238135508
canny,sub-pixel,2.0,0.5697446811659146,0.2749724180527764,0.4924784275904548
threshold,pixel,2.0,0.5344047903095027,0.1359416970314098,0.2235356832029307
threshold,sub-pixel,2.0,0.4280930889455111,0.13531951911963502,0.2275737195352825
canny,pixel,2.0,0.8680592313806959,0.4880615710752003,0.8439844825675484
canny,sub-pixel,2.0,0.578943650572852,0.2657048496394554,0.45276989417449354
threshold,pixel,2.0,0.5409044614488533,0.16984137371414554,0.28390918604871374
threshold,sub-pixel,2.0,0.4332131460243628,0.16547333145777698,0.25313230624115857
canny,pixel,2.0,0.8515697046932837,0.4659592997853623,0.830738223070667
canny,sub-pixel,2.0,0.5520225834121268,0.2152344823557535,0.4245366222442657
threshold,pixel,2.0,0.5325014757469169,0.14550076760601893,0.2691221791722125
threshold,sub-pixel,2.0,0.43460990334341526,0.16218675603539645,0.28735742313494317
canny,pixel,2.0,0.8054555756649504,0.4272867505363558,0.7288147734005253
canny,sub-pixel,2.0,0.5130529662220917,0.22868375472765634,0.3880280401262999
threshold,pixel,2.0,0.5321529116095907,0.1509539612105184,0.2535751730879028
threshold,sub-pixel,2.0,0.4335403708805181,0.1562344970001408,0.2511403716344418
canny,pixel,2.0,0.838772871707475,0.42872504444879156,0.8300311744949269
canny,sub-pixel,2.0,0.5458255391496548,0.20485027901800357,0.4226708790495426
threshold,pixel,2.0,0.5480242992233383,0.15812689029265514,0.27856897494837973
threshold,sub-pixel,2.0,0.44762198320115454,0.16638926591991954,0.28169160352914435
canny,pixel,2.0,0.8601111113420115,0.46013109004541697,0.8202274738572939
canny,sub-pixel,2.0,0.5535499425314361,0.21491576594534356,0.40663782457744446
threshold,pixel,2.0,0.5445413121945714,0.17953034351709118,0.2860029180218575
threshold,sub-pixel,2.0,0.4440440757692222,0.17279207702605448,0.26959974824558586
canny,pixel,2.0,0.8589844645051268,0.48273149225287626,0.7721789385906277
canny,sub-pixel,2.0,0.5377388851525232,0.24320848746784884,0.3744312351379868
threshold,pixel,2.0,0.5474144046652346,0.18410259973307186,0.28119679230755423
threshold,sub-pixel,2.0,0.45010403280066674,0.18025711278234757,0.28282870612793776
canny,pixel,2.0,0.8643391820241748,0.4816704545641679,0.8503855241390728
canny,sub-pixel,2.0,0.548331729626055,0.23897227102586083,0.42052444880174633
threshold,pixel,2.0,0.5515444012766412,0.17856242864357852,0.2846823659935911
threshold,sub-pixel,2.0,0.43487197446592774,0.17327154343404882,0.28275142576866763
canny,pixel,2.0,0.8184300587904096,0.4492529288133489,0.7395178737696804
canny,sub-pixel,2.0,0.5116588686938136,0.2283720331864354,0.3709051553945111
threshold,pixel,2.0,0.5402989681292028,0.1813160874094335,0.2912887349014701
threshold,sub-pixel,2.0,0.43252531973652936,0.1714780572469563,0.27707214867877106
canny,pixel,2.0,0.8486399313316586,0.4570289124705731,0.8181099485862275
canny,sub-pixel,2.0,0.5323364891452683,0.21826446132331134,0.43674382053377414
threshold,pixel,4.0,0.5464473555963161,0.135995346675845,0.2312178297867229
threshold,sub-pixel,4.0,0.4518221529085899,0.14397844400885074,0.23765187478520655
canny,pixel,4.0,1.2348144821221985,0.7078822158428892,1.2408930718815094
canny,sub-pixel,4.0,0.9789114816005275,0.5297677710310811,0.9625092267600239
threshold,pixel,4.0,0.5583011829946931,0.18627767637362025,0.31062818995514707
threshold,sub-pixel,4.0,0.4486537393939966,0.1896062035717112,0.3094303498998876
canny,pixel,4.0,1.2302467976566298,0.603536623903927,1.2928368207348595
canny,sub-pixel,4.0,0.936723912636607,0.40062752869447027,0.9435545256179387
threshold,pixel,4.0,0.5483058870902198,0.15141743355698356,0.23145257487396353
threshold,sub-pixel,4.0,0.44926859703498834,0.1483692975226496,0.227042829963092
canny,pixel,4.0,1.2840622088010467,0.738067273011416,1.625896409321081
canny,sub-pixel,4.0,1.0053366115846298,0.4970728406775755,1.2261792514983458
threshold,pixel,4.0,0.5568514622194902,0.1935975062161961,0.3374308750083612
threshold,sub-pixel,4.0,0.45809728243475345,0.17426406830420715,0.28724926725063415
canny,pixel,4.0,1.3244761245367775,0.7765338697703703,1.5453895082783586
canny,sub-pixel,4.0,1.0511691351841654,0.5614461221334586,1.188535705792034
threshold,pixel,4.0,0.5530952019106404,0.1760072843050262,0.3126252396207496
threshold,sub-pixel,4.0,0.4627291319223995,0.17759192905801924,0.3075142126976784
canny,pixel,4.0,1.1955105309017697,0.6624044977159358,1.2814763674562593
canny,sub-pixel,4.0,0.9294639276879768,0.4531211782080473,0.9582138320362366
threshold,pixel,4.0,0.542846645008361,0.15219238298717186,0.2567604084383657
threshold,sub-pixel,4.0,0.4629535740501334,0.14171635213675748,0.24316243041338303
canny,pixel,4.0,1.272744009352132,0.7528015710521563,1.4021795908002712
canny,sub-pixel,4.0,1.0100085773899439,0.5372217851702599,1.0836418510719281
threshold,pixel,4.0,0.5356001825966379,0.13960701731581482,0.2441019406330467
threshold,sub-pixel,4.0,0.44930598090363283,0.15964587186037438,0.2651166050773668
canny,pixel,4.0,1.233879147550062,0.6651581776106368,1.0721463467730867
canny,sub-pixel,4.0,0.9756268867640263,0.48735011012525975,0.8139161518611635
threshold,pixel,4.0,0.5337378249801971,0.1447489477700743,0.24957306195341555
threshold,sub-pixel,4.0,0.4407373465767307,0.15697054416080758,0.24835579020691956
canny,pixel,4.0,1.1622227884754088,0.639179631359053,1.2368333888534409
canny,sub-pixel,4.0,0.8817413484641424,0.4088256133774062,0.8987181485661311
threshold,pixel,4.0,0.5313911591555462,0.1547206273571271,0.27074044951111276
threshold,sub-pixel,4.0,0.45283892869306125,0.16299164902931507,0.271632237126072
canny,pixel,4.0,1.109977474971671,0.49106211814680356,0.8321060985328059
canny,sub-pixel,4.0,0.8213482948067589,0.27083617398849547,0.4999609331943975
threshold,pixel,4.0,0.5409086241575936,0.1589498668940934,0.3052231570018309
threshold,sub-pixel,4.0,0.44542838549566954,0.17285804549826822,0.29220110322885784
canny,pixel,4.0,1.2327014355076873,0.5979734735594326,1.1902281965083796
canny,sub-pixel,4.0,0.9413210458851715,0.3979354191491693,0.8501790482064986
threshold,pixel,4.0,0.5323156237032547,0.18420087140117203,0.31389483903166937
threshold,sub-pixel,4.0,0.4448589569606115,0.18553250331099203,0.30991876412561137
canny,pixel,4.0,1.115323541553329,0.5630652023274458,1.0945101603269993
canny,sub-pixel,4.0,0.8550108196083916,0.3777487843363383,0.7755334415454156
threshold,pixel,4.0,0.5402216922848356,0.13839169858768474,0.2164646024015049
threshold,sub-pixel,4.0,0.432084427210228,0.15111785205223582,0.23172800556176476
canny,pixel,4.0,1.2231069456220318,0.6766661996999441,1.4172423252893878
canny,sub-pixel,4.0,0.9553468187137395,0.45498034149290767,1.0548923718507064
threshold,pixel,4.0,0.5387821827165651,0.18702215286229884,0.3112779459456263
threshold,sub-pixel,4.0,0.44592221970191437,0.18788328490600836,0.31166111259128293
canny,pixel,4.0,1.1417601288071748,0.542857956070179,1.0834839559873943
canny,sub-pixel,4.0,0.8339329062401544,0.32193964621543203,0.6825144656284046
threshold,pixel,4.0,0.5427206583028769,0.1298729733117565,0.2309125989097769
threshold,sub-pixel,4.0,0.4494167085046682,0.14453920940357623,0.26010004962183064
canny,pixel,4.0,1.209219652156877,0.6853966469501831,1.1892830933014369
canny,sub-pixel,4.0,0.9425656368059074,0.4887934423667737,0.8926884689582852
threshold,pixel,4.0,0.5633340875881239,0.17630275007653218,0.31330026672740185
threshold,sub-pixel,4.0,0.4729494550123526,0.1906295195358645,0.32398438126404017
canny,pixel,4.0,1.1572374109480328,0.5907029523026002,1.0942073746971617
canny,sub-pixel,4.0,0.8904535124013178,0.38993144925508605,0.7718776734563657
threshold,pixel,0.3,0.4074898490072456,0.055060979993776904,0.06351756654136409
threshold,sub-pixel,0.3,0.2545196583782783,0.042248169779951716,0.0631766340016755
canny,pixel,0.3,0.49668766306200074,0.21227435696725783,0.295346744351598
canny,sub-pixel,0.3,0.2545196583782783,0.042248169779951716,0.0631766340016755
threshold,pixel,0.3,0.41875172087578627,0.08053634490711703,0.09429426743284708
threshold,sub-pixel,0.3,0.25399451291814273,0.05725131966502195,0.08672414018952157
canny,pixel,0.3,0.4962811244142896,0.23063866487136608,0.3104273881161568
canny,sub-pixel,0.3,0.2539804370422085,0.052003364684183095,0.0842965077065081
threshold,pixel,0.3,0.40860723288865597,0.06282483142086903,0.09937177753529536
threshold,sub-pixel,0.3,0.2518991868175205,0.060317052367149904,0.08060136957431485
canny,pixel,0.3,0.5025648486503345,0.2360556444255324,0.31580182437567483
canny,sub-pixel,0.3,0.2518991868175205,0.060317052367149904,0.08060136957431485
threshold,pixel,0.3,0.408972489595421,0.07005347093925973,0.12219221926404256
threshold,sub-pixel,0.3,0.263208018503831,0.06004813185332192,0.0996413057294907
canny,pixel,0.3,0.5137161283417031,0.22698866446154198,0.32574433429547645
canny,sub-pixel,0.3,0.26500641557147686,0.062138610177374876,0.10001185411524638
threshold,pixel,0.3,0.40743853831321086,0.08913828443134775,0.11100420517713339
threshold,sub-pixel,0.3,0.2571315341695052,0.08156460061496418,0.10199007293068263
canny,pixel,0.3,0.48782442545761606,0.21699604283428542,0.35241090447774326
canny,sub-pixel,0.3,0.24696263072827285,0.04365845687358427,0.045351855565003873
threshold,pixel,0.3,0.4147609917978136,0.06315426170673,0.0445258575456311
threshold,sub-pixel,0.3,0.25980641526709997,0.06458733576200326,0.06607373900837832
canny,pixel,0.3,0.505105950301979,0.2303162786855737,0.31751275076637864
canny,sub-pixel,0.3,0.2587447326807272,0.06001000633625364,0.062158264268090235
threshold,pixel,0.3,0.4252743232141861,0.06416129403149573,0.07720982425524348
threshold,sub-pixel,0.3,0.2487735212478286,0.06302634564034526,0.07586733523118383
canny,pixel,0.3,0.5176800023221786,0.2534145974642539,0.35008428775955647
canny,sub-pixel,0.3,0.24832882717744675,0.06179459845605306,0.07347282619039408
threshold,pixel,0.3,0.4092827443424084,0.06180341867413852,0.08630797435711379
threshold,sub-pixel,0.3,0.25611566403158686,0.04187967809312898,0.056171977442665444
canny,pixel,0.3,0.502963495256002,0.2192656662640624,0.28334438107622884
canny,sub-pixel,0.3,0.25611566403158686,0.04187967809312898,0.056171977442665444
threshold,pixel,0.3,0.4152427485189352,0.08607940194051733,0.10374378156136288
threshold,sub-pixel,0.3,0.2553441534263475,0.07253155132927414,0.0969853208110214
canny,pixel,0.3,0.4999207529426493,0.22603699244712394,0.3072276269371743
canny,sub-pixel,0.3,0.25307101460316167,0.0647541763005175,0.0817042409541493
threshold,pixel,0.3,0.426576610003093,0.08784078540377172,0.11169401096098763
threshold,sub-pixel,0.3,0.2590703477299585,0.07576901857083485,0.11065281558894569
canny,pixel,0.3,0.5103771634852889,0.23618091712278488,0.3157976991083036
canny,sub-pixel,0.3,0.2590703477299585,0.07576901857083485,0.11065281558894569
threshold,pixel,0.3,0.40531017495914035,0.06424768368708311,0.08752241268288863
threshold,sub-pixel,0.3,0.2547861498230256,0.05872191471497379,0.07331614334314374
canny,pixel,0.3,0.5012135462832381,0.2252464997186303,0.3260080291183969
canny,sub-pixel,0.3,0.2547861498230256,0.05872191471497379,0.07331614334314374
threshold,pixel,0.3,0.39669189172368524,0.05097557024199961,0.09332400840886468
threshold,sub-pixel,0.3,0.2431315735840644,0.05002413509672232,0.062112178269492446
canny,pixel,0.3,0.49065116611000387,0.2346264013740771,0.3098133147681308
canny,sub-pixel,0.3,0.2431315735840644,0.05002413509672232,0.062112178269492446
threshold,pixel,0.3,0.4211749228695098,0.0544761688341624,0.03691429498177179
threshold,sub-pixel,0.3,0.2508803983844733,0.06074334916033575,0.06256919485714185
canny,pixel,0.3,0.5143223888892048,0.22557127152192535,0.3020929993102124
canny,sub-pixel,0.3,0.24735887100357393,0.04965690330890893,0.04952871414985971
threshold,pixel,0.3,0.4097567115036609,0.060013400413527096,0.10035689430644901
threshold,sub-pixel,0.3,0.2602825497882367,0.06358023680335845,0.10227253203974485
canny,pixel,0.3,0.5101000325928089,0.258435221100763,0.4030164374922629
canny,sub-pixel,0.3,0.2602825497882367,0.06358023680335845,0.10227253203974485
threshold,pixel,0.3,0.4138431574462876,0.0987122245927381,0.15505580814727482
threshold,sub-pixel,0.3,0.25656342491757145,0.0702886782397516,0.10072262648321084
canny,pixel,0.3,0.506406044847522,0.2567054624361902,0.3544670286719387
canny,sub-pixel,0.3,0.25656342491757145,0.0702886782397516,0.10072262648321084
threshold,pixel,1.0,0.39941550976720874,0.07856609313564578,0.11462079313164697
threshold,sub-pixel,1.0,0.24859518490487542,0.06479974826611823,0.08355324701372346
canny,pixel,1.0,0.505250292313673,0.24688919512100438,0.3678799304886704
canny,sub-pixel,1.0,0.25076170688552923,0.0670805552982745,0.08739752347550578
threshold,pixel,1.0,0.4170512093375396,0.0851451208030205,0.13250412405417222
threshold,sub-pixel,1.0,0.2638411625201783,0.05644184294613175,0.09182345742266884
canny,pixel,1.0,0.5007829320640336,0.23032546002527954,0.3077961130049478
canny,sub-pixel,1.0,0.26258788958846024,0.051127466109378794,0.08663969925972603
threshold,pixel,1.0,0.4158469020846578,0.03019940943721755,0.022857166562652687
threshold,sub-pixel,1.0,0.2567869898947889,0.04022401006752507,0.05170553567462122
canny,pixel,1.0,0.48169406774634366,0.21598807287918786,0.3028944920402128
canny,sub-pixel,1.0,0.2558859346120886,0.037290633577131915,0.05068442900495551
threshold,pixel,1.0,0.4094430426703647,0.07353978322975707,0.11508825663065458
threshold,sub-pixel,1.0,0.25624747007532966,0.050775780288731864,0.0755485994431968
canny,pixel,1.0,0.49289751052056346,0.22715500309305692,0.3362421974426333
canny,sub-pixel,1.0,0.25624747007532966,0.050775780288731864,0.0755485994431968
threshold,pixel,1.0,0.4106564003673003,0.06138808626995851,0.07453195868948548
threshold,sub-pixel,1.0,0.2575106186773132,0.05698654938333414,0.0865951668799263
canny,pixel,1.0,0.5022077812006392,0.22983187864552557,0.31095394770163054
canny,sub-pixel,1.0,0.25733701749230187,0.05093840524791671,0.08033914005518117
threshold,pixel,1.0,0.39173790423136423,0.05064713722950698,0.057040154170968194
threshold,sub-pixel,1.0,0.24733891088275983,0.04831106305782029,0.05786573053625155
canny,pixel,1.0,0.4950395556451187,0.22903763401216115,0.3067055523825033
canny,sub-pixel,1.0,0.2493416419818042,0.04927966505481396,0.05594105148288442
threshold,pixel,1.0,0.4050252452451144,0.04125864749633301,0.04268674821753038
threshold,sub-pixel,1.0,0.25507703210102367,0.037565980230513274,0.053133812071656905
canny,pixel,1.0,0.49446983782045045,0.22315511574118996,0.3181471364253716
canny,sub-pixel,1.0,0.25507703210102367,0.037565980230513274,0.053133812071656905
threshold,pixel,1.0,0.4108823227338422,0.0522266797782347,0.08788664150096759
threshold,sub-pixel,1.0,0.2638640197476164,0.0568113626910669,0.09204133595085029
canny,pixel,1.0,0.5012663399925014,0.2174551584407456,0.2988352902089355
canny,sub-pixel,1.0,0.2652784902486278,0.05749307606454135,0.09101723974602072
threshold,pixel,1.0,0.42513795325592896,0.07414502680321733,0.11203710192351135
threshold,sub-pixel,1.0,0.2645343797882796,0.07066126953420415,0.09403919227299262
canny,pixel,1.0,0.522313277457495,0.2566878045240353,0.3439928204756493
canny,sub-pixel,1.0,0.2642801915706564,0.06386638209867468,0.08540879023390957
threshold,pixel,1.0,0.4165165964847799,0.03599339388893008,0.06441181792276218
threshold,sub-pixel,1.0,0.2584640047023299,0.04917619913843607,0.06677382252029407
canny,pixel,1.0,0.4991823777938051,0.19635857068725837,0.25338269673658864
canny,sub-pixel,1.0,0.2584640047023299,0.04917619913843607,0.06677382252029407
threshold,pixel,1.0,0.40921989036426887,0.060254131317691195,0.08306411574158545
threshold,sub-pixel,1.0,0.25838648567063194,0.06360336923519494,0.08498409201004353
canny,pixel,1.0,0.5073205398940199,0.2314482180728994,0.33479998877648676
canny,sub-pixel,1.0,0.2600580714612185,0.06449627135534541,0.08558120903245925
threshold,pixel,1.0,0.42974604569390334,0.10234652631142116,0.14502362917981593
threshold,sub-pixel,1.0,0.273641395243952,0.11151355475439262,0.15837309385305787
canny,pixel,1.0,0.5174093287932908,0.2673588436733345,0.3820065449235974
canny,sub-pixel,1.0,0.2680603333991253,0.08595517605173097,0.12704323584758637
threshold,pixel,1.0,0.4142120136717762,0.061759043487305876,0.07562546026705608
threshold,sub-pixel,1.0,0.2589659214509379,0.0414980800344964,0.03966191081752868
canny,pixel,1.0,0.49205112389990635,0.20353198839345676,0.25865256770873835
canny,sub-pixel,1.0,0.2610651298368093,0.042271413654331624,0.03949282435799084
threshold,pixel,1.0,0.4097371612514844,0.05346680797990366,0.04539427156306797
threshold,sub-pixel,1.0,0.2565914203745907,0.045358603046403934,0.04635364280138177
canny,pixel,1.0,0.49876665320744085,0.22387909760199465,0.3142843585498927
canny,sub-pixel,1.0,0.2565914203745907,0.045358603046403934,0.04635364280138177
threshold,pixel,1.0,0.4065099107280209,0.0702290575714195,0.11906498502791774
threshold,sub-pixel,1.0,0.2533712844909382,0.06801551049379717,0.12593479401565144
canny,pixel,1.0,0.49531556247479464,0.2281218870379329,0.3483164657311093
canny,sub-pixel,1.0,0.250133506463164,0.05579147922348904,0.09906151730690205
threshold,pixel,2.0,0.40725918718539394,0.042390220330463135,0.07576145008670832
threshold,sub-pixel,2.0,0.2592986364924668,0.047382000133379565,0.07205837441387608
canny,pixel,2.0,0.501347297571852,0.20577967542389564,0.2802754773378444
canny,sub-pixel,2.0,0.27136110254370466,0.052829756515018644,0.0851194695135451
threshold,pixel,2.0,0.423544098613021,0.06579785456435161,0.11651131662401193
threshold,sub-pixel,2.0,0.2610345217638225,0.06872473061085249,0.11156880815417747
canny,pixel,2.0,0.5405495395766092,0.2571930899172292,0.4120592153906717
canny,sub-pixel,2.0,0.287490224703568,0.08144096038704607,0.18224455141562856
threshold,pixel,2.0,0.42091387057773233,0.08857377029980662,0.13363332926262927
threshold,sub-pixel,2.0,0.2655421571197282,0.10081339845171322,0.1499058095336494
canny,pixel,2.0,0.619786103804594,0.3951215938456789,0.6252109785303133
canny,sub-pixel,2.0,0.36902818708175833,0.21562179953183214,0.3535492375234015
threshold,pixel,2.0,0.41646444743338284,0.057180738670748354,0.07089546534265256
threshold,sub-pixel,2.0,0.2556391255636502,0.05481386953522138,0.06583855359793134
canny,pixel,2.0,0.5377627517403513,0.19639398361794824,0.33843662872333535
canny,sub-pixel,2.0,0.2918006566555522,0.06193380976115903,0.12076697228407163
threshold,pixel,2.0,0.41599312253226517,0.0635778486879961,0.12424485751192815
threshold,sub-pixel,2.0,0.2579308198260297,0.046481197671199403,0.07199346742044721
canny,pixel,2.0,0.5307891926324354,0.23476232151447918,0.38401571402592527
canny,sub-pixel,2.0,0.2931513471487374,0.06151918783300103,0.10835891766484806
threshold,pixel,2.0,0.4082010895379294,0.08251960167296457,0.10938349573625983
threshold,sub-pixel,2.0,0.26723914930930603,0.09857917767979907,0.1412195770276492
canny,pixel,2.0,0.55775144481481,0.2772375854571554,0.2867383288700105
canny,sub-pixel,2.0,0.3192937505813809,0.11603821423774074,0.13906288586082383
threshold,pixel,2.0,0.419831151212016,0.043731831564637336,0.0010759500302417457
threshold,sub-pixel,2.0,0.2709659244179352,0.06068694790661944,0.0413958813461317
canny,pixel,2.0,0.5594788168726603,0.27063419066666006,0.2968714881013481
canny,sub-pixel,2.0,0.3274454080846989,0.1045588067637746,0.10130085472374306
threshold,pixel,2.0,0.4056724884675139,0.0577501391707429,0.09654579295190224
threshold,sub-pixel,2.0,0.27039684634157746,0.06453035492393111,0.10389640370255204
canny,pixel,2.0,0.66775483750021,0.37882996869082586,0.3281434879143479
canny,sub-pixel,2.0,0.4527043457736525,0.21616652361666122,0.16519755996769137
threshold,pixel,2.0,0.40957418313493266,0.045984716017786864,0.04489699964781568
threshold,sub-pixel,2.0,0.2622891381976652,0.05041033342303902,0.07135313620373385
canny,pixel,2.0,0.5117049750102398,0.22463469292039484,0.34030984535438336
canny,sub-pixel,2.0,0.2836705070715805,0.06997949361061906,0.11744137371162378
threshold,pixel,2.0,0.4152409101230382,0.055885074200223706,0.07334111553313694
threshold,sub-pixel,2.0,0.26184169272061164,0.051251021450557044,0.06544189250049381
canny,pixel,2.0,0.5128910286919638,0.2420095432278504,0.32648219909285014
canny,sub-pixel,2.0,0.26501153856725945,0.056154915219550405,0.07474944224037294
threshold,pixel,2.0,0.415979161278921,0.04431084496641002,0.09839764664887607
threshold,sub-pixel,2.0,0.2648894866511232,0.04947248788648695,0.07264992494452249
canny,pixel,2.0,0.49500289361957406,0.19892915996822103,0.27124195594910283
canny,sub-pixel,2.0,0.2648894866511232,0.04947248788648695,0.07264992494452249
threshold,pixel,2.0,0.425761585801528,0.07089993706753606,0.1223199751781161
threshold,sub-pixel,2.0,0.27117977817868527,0.05711231280069318,0.07725346185832915
canny,pixel,2.0,0.5705598874184492,0.24617100648986545,0.5516585404156684
canny,sub-pixel,2.0,0.32820741403028797,0.08556602020467663,0.2945392196468033
threshold,pixel,2.0,0.4089775834533202,0.04321957234313212,0.061242208547062305
threshold,sub-pixel,2.0,0.2606657082346882,0.053648757885796705,0.06721675030397645
canny,pixel,2.0,0.5170916311090556,0.22602972087041984,0.29948390464887176
canny,sub-pixel,2.0,0.27581503678790925,0.05686150107858001,0.08736429479419794
threshold,pixel,2.0,0.402951207652366,0.04526941546038232,0.11174650448676493
threshold,sub-pixel,2.0,0.2674219424208478,0.06050924436715399,0.10770572363934239
canny,pixel,2.0,0.49658207744598426,0.2555304384913424,0.36299379291137557
canny,sub-pixel,2.0,0.26939091364108014,0.06318355638902795,0.10746233712152842
threshold,pixel,2.0,0.4337944858138383,0.07660624908395142,0.1097576908174327
threshold,sub-pixel,2.0,0.27696380271763543,0.06991399765281181,0.10003235708333769
canny,pixel,2.0,0.554976237758142,0.2966254076771204,0.4399990815763166
canny,sub-pixel,2.0,0.3264697108190885,0.11413179871433621,0.16069837915224028
threshold,pixel,4.0,0.4308848351475131,0.02035559423519895,0.04138299843503557
threshold,sub-pixel,4.0,0.28456643502248014,0.03253027966977107,0.04814854628548204
canny,pixel,4.0,0.8860324225846814,0.46248165074440206,0.8066233364073767
canny,sub-pixel,4.0,0.6896907164765527,0.3073626958364837,0.572788597517428
threshold,pixel,4.0,0.42101581366931734,0.05830668062608635,0.10402120095065692
threshold,sub-pixel,4.0,0.28060764658411647,0.04726450500189472,0.07993494632330078
canny,pixel,4.0,0.9967675526567087,0.5358232255936086,0.5601345866071226
canny,sub-pixel,4.0,0.8148912411800777,0.39775318284172756,0.37628949093974384
threshold,pixel,4.0,0.4160776822262363,0.07301568664408808,0.09747603245655823
threshold,sub-pixel,4.0,0.28075579748203183,0.07578945900821665,0.1118073362118821
canny,pixel,4.0,0.8328151607221851,0.3650239393971464,0.6790070211839563
canny,sub-pixel,4.0,0.6085845501524847,0.19945540305627918,0.4537220182929378
threshold,pixel,4.0,0.4146698201758073,0.04683893131381245,0.10783421439817831
threshold,sub-pixel,4.0,0.27488852132690916,0.04438965281500584,0.10525250002107533
canny,pixel,4.0,0.9059412210151221,0.4378440858628805,0.3161194865744852
canny,sub-pixel,4.0,0.6861078796276423,0.27410069082116983,0.11861610340101914
threshold,pixel,4.0,0.4126050683947714,0.0352284049219882,0.016031139520885418
threshold,sub-pixel,4.0,0.27137065997855725,0.03993949597241375,0.048243689725026684
canny,pixel,4.0,0.8669589899301021,0.38145309127974003,0.48787064368727107
canny,sub-pixel,4.0,0.6600702269285834,0.244118987155846,0.292473614078693
threshold,pixel,4.0,0.4132491575764262,0.06182482338676776,0.10858749031569381
threshold,sub-pixel,4.0,0.2919911172212983,0.059099189078368086,0.08801092981332026
canny,pixel,4.0,1.041347278431585,0.569954643935767,1.1120163619149839
canny,sub-pixel,4.0,0.8519492373001485,0.4290971348916668,0.9257093183699876
threshold,pixel,4.0,0.41612059823366787,0.040806990385167774,0.09056578366450552
threshold,sub-pixel,4.0,0.27660124742651937,0.05142499887824359,0.10693526683715593
canny,pixel,4.0,0.9328236852143884,0.5209575733974448,0.6610222581623235
canny,sub-pixel,4.0,0.7320330237806427,0.35582650716532527,0.41078521212319163
threshold,pixel,4.0,0.4148363343933965,0.05762725036374561,0.07508845040044854
threshold,sub-pixel,4.0,0.2800108367801606,0.05062684652837257,0.06185383157263136
canny,pixel,4.0,1.0371137976968385,0.49947027364230734,0.5714022748675638
canny,sub-pixel,4.0,0.8230627256081355,0.3545064062839609,0.387446371876746
threshold,pixel,4.0,0.4212209370171889,0.07657933369910008,0.0927445663010511
threshold,sub-pixel,4.0,0.2947625885803053,0.07636037227443149,0.1272177893983253
canny,pixel,4.0,0.866651320164626,0.3795708118936785,0.36271081142459183
canny,sub-pixel,4.0,0.6874736336011094,0.2332056169495742,0.18359021756778215
threshold,pixel,4.0,0.43123173587412955,0.035167366440529646,0.025658621369868406
threshold,sub-pixel,4.0,0.29083593839631894,0.05745814030986085,0.05403542709678977
canny,pixel,4.0,1.0140669472038089,0.5565569964441126,0.9578577871105662
canny,sub-pixel,4.0,0.8036080014676088,0.3861888499359831,0.7487908802252607
threshold,pixel,4.0,0.42054115017285826,0.07365422890922368,0.09910900599153916
threshold,sub-pixel,4.0,0.282585490226859,0.05404907269065129,0.06580863812428994
canny,pixel,4.0,0.8095278528623114,0.46701307140241477,0.5189590775069388
canny,sub-pixel,4.0,0.5966455304947705,0.31205845578028324,0.2712533790960787
threshold,pixel,4.0,0.42125486447368754,0.045565347197678685,0.10533853563863005
threshold,sub-pixel,4.0,0.2819610605461098,0.05317099718100837,0.12258679233815606
canny,pixel,4.0,1.0475702515825571,0.55724808027714,0.7590794427321925
canny,sub-pixel,4.0,0.8355442704412658,0.3958739286581481,0.5477983075175734
threshold,pixel,4.0,0.4257350071389881,0.053879259362190624,0.09556572345211034
threshold,sub-pixel,4.0,0.28170487510327713,0.0583663841477442,0.0897058702533986
canny,pixel,4.0,0.8860901229327172,0.43633005549668047,0.7252232173254458
canny,sub-pixel,4.0,0.663338832860112,0.2759415692403431,0.48902173600245735
threshold,pixel,4.0,0.4161010536355718,0.06367272636645516,0.08097478605695407
threshold,sub-pixel,4.0,0.28387325461762614,0.061105268497466,0.08566397448834984
canny,pixel,4.0,1.0483031273971144,0.5663507734554374,0.6308914772395737
canny,sub-pixel,4.0,0.8476816203840176,0.4094441564474842,0.38542929507200707
threshold,pixel,4.0,0.4062991018548573,0.04495398553643137,0.06427829234260773
threshold,sub-pixel,4.0,0.27881839171383893,0.05587323550350565,0.06115716381039338
canny,pixel,4.0,0.9710402970017007,0.5778686114695146,0.7129036096104153
canny,sub-pixel,4.0,0.7649693219978659,0.42552345912632017,0.5080250025249131
threshold,pixel,0.3,0.3968145638241895,0.048255736792436554,0.0829449973389691
threshold,sub-pixel,0.3,0.24846170058398703,0.04148058482485495,0.04247573666558724
canny,pixel,0.3,0.48801658660839986,0.21922970963229726,0.23869475540348173
canny,sub-pixel,0.3,0.24846170058398703,0.04148058482485495,0.04247573666558724
threshold,pixel,0.3,0.4131054609956673,0.06438100468025265,0.052619974028311756
threshold,sub-pixel,0.3,0.2527533437110766,0.05884821516374972,0.060988995108358424
canny,pixel,0.3,0.5051241784920653,0.2368029802159699,0.24237686473950726
canny,sub-pixel,0.3,0.2527533437110766,0.05884821516374972,0.060988995108358424
threshold,pixel,0.3,0.4047962166949876,0.05746607323785358,0.06346541960178875
threshold,sub-pixel,0.3,0.24659550623423218,0.0441965278574874,0.039951980403386766
canny,pixel,0.3,0.48513366956335463,0.21505690816835155,0.25097553424868035
canny,sub-pixel,0.3,0.24659550623423218,0.0441965278574874,0.039951980403386766
threshold,pixel,0.3,0.3988096173488309,0.04584986035371852,0.04582324528781978
threshold,sub-pixel,0.3,0.24932562899918498,0.039287522026009825,0.053076326371506166
canny,pixel,0.3,0.484834990790889,0.21297163247012763,0.243994053550312
canny,sub-pixel,0.3,0.24932562899918498,0.039287522026009825,0.053076326371506166
threshold,pixel,0.3,0.4063967279248236,0.0744355417539253,0.0778647439653728
threshold,sub-pixel,0.3,0.2512681278973887,0.04933917813160216,0.058015366165077076
canny,pixel,0.3,0.5102068009947209,0.23776871994867133,0.2600931435734206
canny,sub-pixel,0.3,0.2529117364706668,0.052995941686493575,0.06380004702518605
threshold,pixel,0.3,0.4195976897948366,0.0699693026300301,0.06352475743463248
threshold,sub-pixel,0.3,0.24916102254198655,0.061794934115129596,0.07144849654942043
canny,pixel,0.3,0.5149632247022979,0.2568898415009524,0.332681517331451
canny,sub-pixel,0.3,0.24916102254198655,0.061794934115129596,0.07144849654942043
threshold,pixel,0.3,0.41236018048565903,0.05711471158433734,0.05426354280832113
threshold,sub-pixel,0.3,0.25717018769751626,0.06016127878859945,0.06222713718961437
canny,pixel,0.3,0.5041891515044759,0.2197483147515107,0.21270742612488647
canny,sub-pixel,0.3,0.25717018769751626,0.06016127878859945,0.06222713718961437
threshold,pixel,0.3,0.42068573899489947,0.0707549068435962,0.07307473166510103
threshold,sub-pixel,0.3,0.25056820875449254,0.059483165718527076,0.06846393189786326
canny,pixel,0.3,0.5277994614475403,0.24825996128201022,0.22951429992137395
canny,sub-pixel,0.3,0.25056820875449254,0.059483165718527076,0.06846393189786326
threshold,pixel,0.3,0.4331459606579098,0.08098848882016707,0.10990735727175904
threshold,sub-pixel,0.3,0.2595324632805277,0.05900215808952991,0.10802425518571201
canny,pixel,0.3,0.534643429582988,0.25259885289249406,0.2816097352737712
canny,sub-pixel,0.3,0.2595324632805277,0.05900215808952991,0.10802425518571201
threshold,pixel,0.3,0.40832260488185435,0.0517331030164534,0.09279293971522096
threshold,sub-pixel,0.3,0.25383375172297273,0.06992714709271541,0.07156652485902315
canny,pixel,0.3,0.48837685980404666,0.2137409349693089,0.21079752309003297
canny,sub-pixel,0.3,0.24830471494081263,0.051595054651665695,0.06723116886666869
threshold,pixel,0.3,0.4143398804381534,0.07604736944370871,0.08240564031513786
threshold,sub-pixel,0.3,0.25108366999359416,0.05374901519892461,0.05842791037678463
canny,pixel,0.3,0.5083954896742279,0.2204734535409132,0.27389053343116965
canny,sub-pixel,0.3,0.25108366999359416,0.05374901519892461,0.05842791037678463
threshold,pixel,0.3,0.4041806934790334,0.06873064259347217,0.05325176053123659
threshold,sub-pixel,0.3,0.2596852733493412,0.05348656766085558,0.055670644808568426
canny,pixel,0.3,0.513472888159951,0.22068846467297365,0.2481794390847991
canny,sub-pixel,0.3,0.2596852733493412,0.05348656766085558,0.055670644808568426
threshold,pixel,0.3,0.39708421327612753,0.07770613283836525,0.05178712859237944
threshold,sub-pixel,0.3,0.2574345342923327,0.06944404565580564,0.06760675593333554
canny,pixel,0.3,0.5045331126254493,0.24543074486919592,0.22209097148946366
canny,sub-pixel,0.3,0.2574345342923327,0.06944404565580564,0.06760675593333554
threshold,pixel,0.3,0.40921023123040473,0.08319643316417613,0.11180911425286633
threshold,sub-pixel,0.3,0.2540686234330283,0.06809010072392208,0.0794194521009084
canny,pixel,0.3,0.49407896503364374,0.2426646388699223,0.23738599587093834
canny,sub-pixel,0.3,0.2501435179904242,0.055507759373409016,0.05721458321803041
threshold,pixel,0.3,0.41004199666116736,0.05709676358497795,0.07579084673642855
threshold,sub-pixel,0.3,0.25331480154990843,0.05082399141023064,0.04472417403505302
canny,pixel,0.3,0.4884239763654642,0.20588399311776318,0.17712236595309117
canny,sub-pixel,0.3,0.2573501946881003,0.054251543043766004,0.05140351502989837
threshold,pixel,1.0,0.4099340851377958,0.11546473423537917,0.08661462196923164
threshold,sub-pixel,1.0,0.27202642064375104,0.10929972144101208,0.138856882041833
canny,pixel,1.0,0.5180438270367954,0.27344525286415045,0.3533918361553421
canny,sub-pixel,1.0,0.26224559802401815,0.07253514638400049,0.11117124386894695
threshold,pixel,1.0,0.4181059291663988,0.08316623746612728,0.0897094986927085
threshold,sub-pixel,1.0,0.26901816800145983,0.07081157453540632,0.08177923116775832
canny,pixel,1.0,0.49263776713035135,0.24966924510151656,0.33211327940510316
canny,sub-pixel,1.0,0.264489798766014,0.05591443931741513,0.06581706004884058
threshold,pixel,1.0,0.4150460610972484,0.06724831026694322,0.12434295645212501
threshold,sub-pixel,1.0,0.25510196092247484,0.04926001153392545,0.08065836182514197
canny,pixel,1.0,0.5162174990872544,0.21605652046735568,0.26786249751173496
canny,sub-pixel,1.0,0.25510196092247484,0.04926001153392545,0.08065836182514197
threshold,pixel,1.0,0.4084395208867623,0.05901235899105073,0.07455136130489048
threshold,sub-pixel,1.0,0.2526241746931086,0.05606357852300503,0.0891236369745827
canny,pixel,1.0,0.48815644479175213,0.20336782528054775,0.24569295530184654
canny,sub-pixel,1.0,0.2526241746931086,0.05606357852300503,0.0891236369745827
threshold,pixel,1.0,0.4161693581144567,0.08139757170809081,0.08829587992703036
threshold,sub-pixel,1.0,0.2703288459391123,0.07213882087003154,0.091035934523509
canny,pixel,1.0,0.5189876514437355,0.24688866679759092,0.26881857397478814
canny,sub-pixel,1.0,0.27704143118568086,0.0754848470798144,0.09180021762837098
threshold,pixel,1.0,0.39691838735873713,0.06100640218159459,0.08360487877701761
threshold,sub-pixel,1.0,0.2520369263559261,0.06219959054129642,0.0964527812267244
canny,pixel,1.0,0.5096024373042568,0.23963474355347714,0.33004734586555484
canny,sub-pixel,1.0,0.2517298926786796,0.061250543310370276,0.09553273767633952
threshold,pixel,1.0,0.4268998804295133,0.05960953827927318,0.08087317309269659
threshold,sub-pixel,1.0,0.27129981826427185,0.05552948046900408,0.07769447187133105
canny,pixel,1.0,0.4882190090545527,0.2072334118216297,0.23099908097373056
canny,sub-pixel,1.0,0.2690868013763539,0.04783540710212897,0.06767415142969035
threshold,pixel,1.0,0.4140783295139048,0.0488775587921666,0.08665733332083292
threshold,sub-pixel,1.0,0.26230190740639586,0.06050061986317412,0.09212692295022107
canny,pixel,1.0,0.5182090282674587,0.24345471973246902,0.28751631026069235
canny,sub-pixel,1.0,0.26230190740639586,0.06050061986317412,0.09212692295022107
threshold,pixel,1.0,0.4010855011341599,0.05035228129521507,0.04767442267977362
threshold,sub-pixel,1.0,0.2543411598061845,0.04425396240133783,0.03959242678817798
canny,pixel,1.0,0.4883299178659878,0.223039246734984,0.19824140737955398
canny,sub-pixel,1.0,0.2559586371036998,0.04800343313552835,0.03921939288521292
threshold,pixel,1.0,0.40702202478098043,0.0697628371455985,0.09358483759094138
threshold,sub-pixel,1.0,0.2579723371059794,0.058108889972311006,0.06251957039782807
canny,pixel,1.0,0.5019917134195202,0.2214695182687485,0.2568169940130556
canny,sub-pixel,1.0,0.2602763941204872,0.059116399420785504,0.06694282582891198
threshold,pixel,1.0,0.42090548636017544,0.07266625776415703,0.09900644956725024
threshold,sub-pixel,1.0,0.26143610694667574,0.062104143578174176,0.08497478417698545
canny,pixel,1.0,0.48792285515307704,0.21631425930286707,0.20824361587015083
canny,sub-pixel,1.0,0.25619658371025755,0.04103026990938807,0.06091524936991588
threshold,pixel,1.0,0.4243780181167256,0.0518040539847211,0.04064810311421496
threshold,sub-pixel,1.0,0.2590242358082513,0.05437235162004339,0.05021498703222482
canny,pixel,1.0,0.5114458521154877,0.22515643941291152,0.2359341192370472
canny,sub-pixel,1.0,0.258889206349861,0.053973057968107696,0.04976267017789837
threshold,pixel,1.0,0.406149419254942,0.04967589102826642,0.0033983538153252724
threshold,sub-pixel,1.0,0.2574822113579158,0.046932309189621435,0.008630229336299422
canny,pixel,1.0,0.5011340022176506,0.23989790043246706,0.21747060314634803
canny,sub-pixel,1.0,0.2590165572807363,0.05094299333737484,0.01324797946720091
threshold,pixel,1.0,0.4002427230509449,0.06693361688632216,0.08214570369969465
threshold,sub-pixel,1.0,0.2533039918760066,0.06289989852242295,0.06767178851920175
canny,pixel,1.0,0.5014595363020145,0.22219333962397192,0.2503680445410339
canny,sub-pixel,1.0,0.2533039918760066,0.06289989852242295,0.06767178851920175
threshold,pixel,1.0,0.42891397498812667,0.06506412163044528,0.07134079242736036
threshold,sub-pixel,1.0,0.26334837169435554,0.060357311435430994,0.06828752147633299
canny,pixel,1.0,0.5098898287885216,0.2253493741673409,0.23446191131081262
canny,sub-pixel,1.0,0.26545242988733186,0.06393476220207095,0.07443808586499356
threshold,pixel,2.0,0.41388542212749724,0.05785939863646439,0.06977791862263327
threshold,sub-pixel,2.0,0.2612049654096741,0.06205904287349728,0.06700958120398637
canny,pixel,2.0,0.5307259858393195,0.2642603588532466,0.259435410133241
canny,sub-pixel,2.0,0.28429578912179765,0.07176592138100224,0.04652358271646717
threshold,pixel,2.0,0.4032501725532961,0.034052029779457094,0.011271308782903944
threshold,sub-pixel,2.0,0.2667146108962314,0.0500191390389042,0.056729214251048266
canny,pixel,2.0,0.505320277942853,0.1965144402476371,0.21212630923788378
canny,sub-pixel,2.0,0.2749134561110739,0.053387673768762633,0.04624826326897624
threshold,pixel,2.0,0.4063320249644381,0.040038015404415095,0.05750950961816814
threshold,sub-pixel,2.0,0.26778334282935684,0.041052522497834865,0.05338578081722156
canny,pixel,2.0,0.5445098571306555,0.2303818240044715,0.21221081521214824
canny,sub-pixel,2.0,0.2909348706286894,0.04993334373253977,0.03548138672008694
threshold,pixel,2.0,0.4188719722537443,0.049152249602387954,0.03740699867367514
threshold,sub-pixel,2.0,0.26670762868334114,0.04982659124066435,0.07097922061443418
canny,pixel,2.0,0.5293013767614116,0.22147325779433857,0.19986205539620983
canny,sub-pixel,2.0,0.28905762068217,0.07037509498668237,0.06055593825386785
threshold,pixel,2.0,0.3999743554678758,0.061243026985296156,0.04471250327815168
threshold,sub-pixel,2.0,0.2598449390663154,0.05332869612360969,0.050624424016782577
canny,pixel,2.0,0.5119192869534415,0.23262917834478136,0.20988124216055137
canny,sub-pixel,2.0,0.2770257160694433,0.05804987912527215,0.048877582742308245
threshold,pixel,2.0,0.41988229568814495,0.06200438679997511,0.05417696717116627
threshold,sub-pixel,2.0,0.2647780011516259,0.0668118844243406,0.04816554696725284
canny,pixel,2.0,0.5387855510538127,0.22563689719417335,0.23635794249969733
canny,sub-pixel,2.0,0.3013063809249556,0.09184524571826791,0.03508159900993135
threshold,pixel,2.0,0.4065548299264317,0.05438200056786768,0.04883491445692423
threshold,sub-pixel,2.0,0.26210658512233115,0.05153802271192043,0.052929737867263515
canny,pixel,2.0,0.4941141174891005,0.20078153830998313,0.25185805080908974
canny,sub-pixel,2.0,0.26210658512233115,0.05153802271192043,0.052929737867263515
threshold,pixel,2.0,0.4045764840241007,0.04675072828345095,0.07049330533017706
threshold,sub-pixel,2.0,0.26738868507207164,0.05011305429467261,0.04922076579983692
canny,pixel,2.0,0.5294992302816177,0.20851402644254913,0.12173682143077391
canny,sub-pixel,2.0,0.3175639211419094,0.06625786270994594,0.01762968764501993
threshold,pixel,2.0,0.39736095852724657,0.0451700781673563,0.028635030821750007
threshold,sub-pixel,2.0,0.2622494645007495,0.03318726519062576,0.022196690221532922
canny,pixel,2.0,0.48856371677596905,0.21864366347770314,0.20254928576113418
canny,sub-pixel,2.0,0.2803841980418581,0.04127404537516344,0.02079540274959024
threshold,pixel,2.0,0.42451845204987654,0.07849661539748265,0.07432589354250663
threshold,sub-pixel,2.0,0.26921666790878285,0.07303928815322402,0.07623197784880276
canny,pixel,2.0,0.6107427513586778,0.3102191709649904,0.05999934145329133
canny,sub-pixel,2.0,0.3629803988531076,0.10585963006490662,0.22351949903278667
threshold,pixel,2.0,0.42413699448064773,0.05810710970898891,0.04143317393847701
threshold,sub-pixel,2.0,0.2758683956624273,0.06005988790961969,0.03505986889143475
canny,pixel,2.0,0.5136907130421515,0.2253218214948265,0.20191059199492534
canny,sub-pixel,2.0,0.28115698537431344,0.0659647676144488,0.03272236011055396
threshold,pixel,2.0,0.42193072153329514,0.06017765164781408,0.06999936384128791
threshold,sub-pixel,2.0,0.2751156021208564,0.06576471726697464,0.0850796152834623
canny,pixel,2.0,0.5801112364045836,0.25111012932397614,0.16868346275460677
canny,sub-pixel,2.0,0.34030908025444895,0.09951192331390324,0.023451720835471868
threshold,pixel,2.0,0.43230144046258107,0.07682796598209252,0.08247374000736585
threshold,sub-pixel,2.0,0.285200198046871,0.06993238778407784,0.08062039201710824
canny,pixel,2.0,0.536498259510477,0.2781149601293649,0.3727273286197703
canny,sub-pixel,2.0,0.3100314952581895,0.0824256590119754,0.16332869093257507
threshold,pixel,2.0,0.4228491093626475,0.044286885511480856,0.06754978715108706
threshold,sub-pixel,2.0,0.26304880489529636,0.04375365972736134,0.05597770636288324
canny,pixel,2.0,0.5528833667998632,0.25460289977428086,0.25300486468056604
canny,sub-pixel,2.0,0.32415610506126913,0.09261563430182096,0.026261782550841772
threshold,pixel,2.0,0.4093437132365644,0.054474234384579656,0.06330846120251987
threshold,sub-pixel,2.0,0.26255139352248874,0.0628763710126421,0.08235767080988854
canny,pixel,2.0,0.529550783442613,0.2379050023046605,0.1744071079602092
canny,sub-pixel,2.0,0.2810356238006628,0.06915964159029397,0.07595746720579033
threshold,pixel,4.0,0.4170928717021606,0.06086272631270018,0.0875022373762242
threshold,sub-pixel,4.0,0.283510732621137,0.061431848262279765,0.06951428679616667
canny,pixel,4.0,0.986875137703038,0.5179017889926723,0.40111895218508753
canny,sub-pixel,4.0,0.7712271063028779,0.35351767670578327,0.18912810940749702
threshold,pixel,4.0,0.4189254730267016,0.04778428832603909,0.07358227646207682
threshold,sub-pixel,4.0,0.2833317825675224,0.04496264642763026,0.05662870457775204
canny,pixel,4.0,1.017659167779043,0.5457149680292799,0.4102535313496949
canny,sub-pixel,4.0,0.8044489516368372,0.38709227788111744,0.20955363750485212
threshold,pixel,4.0,0.42623198619484715,0.039040043306613814,0.0002857520257748547
threshold,sub-pixel,4.0,0.2904826772179534,0.055990365728382896,0.01933489660216514
canny,pixel,4.0,1.0030785131370368,0.6330815963873042,0.297442051754611
canny,sub-pixel,4.0,0.792401912098627,0.4740267011973127,0.12917300166346335
threshold,pixel,4.0,0.4236040105317098,0.12732337040623687,0.15911376402202926
threshold,sub-pixel,4.0,0.2892554071597663,0.11872507248278086,0.16751381252627118
canny,pixel,4.0,0.9770674999180015,0.699728464588002,0.5913537248323286
canny,sub-pixel,4.0,0.7767890510619171,0.552815312883542,0.4859731855760563
threshold,pixel,4.0,0.43040567458366996,0.06657801201344449,0.010868920100727042
threshold,sub-pixel,4.0,0.29346632815789964,0.06807362625857771,0.02741124399911321
canny,pixel,4.0,0.9548100471030518,0.45194291377602536,0.28062121622892766
canny,sub-pixel,4.0,0.7303869573057921,0.29521789736679405,0.11948316847850116
threshold,pixel,4.0,0.4207845179249378,0.07224278980947263,0.061588477693399035
threshold,sub-pixel,4.0,0.28101185226601383,0.0651459699264465,0.07587271039732624
canny,pixel,4.0,0.9143428213730684,0.4848107064676861,0.6956616645005602
canny,sub-pixel,4.0,0.6890306049094361,0.30044658014546877,0.45271709500680446
threshold,pixel,4.0,0.419388445260259,0.046882309142530554,0.06702131757252117
threshold,sub-pixel,4.0,0.28392655205531886,0.05903993490755144,0.058099263076797136
canny,pixel,4.0,0.9835346530857193,0.5889750993686518,0.3274214743302215
canny,sub-pixel,4.0,0.7591150954931286,0.43076392341878234,0.1540530414978254
threshold,pixel,4.0,0.42348062878276416,0.049656273914296944,0.08026781041005782
threshold,sub-pixel,4.0,0.2733412779651677,0.04878078943486108,0.05672952991859459
canny,pixel,4.0,0.9719972311145928,0.42421399243814695,0.2579640850167122
canny,sub-pixel,4.0,0.7609405443616373,0.29735989731493384,0.11848408573377833
threshold,pixel,4.0,0.4107903384786954,0.03285768297304226,0.03544877204468788
threshold,sub-pixel,4.0,0.2735040105881532,0.05608392814306762,0.054998528587908435
canny,pixel,4.0,0.9880799024251615,0.5266429576086096,0.7743971674113457
canny,sub-pixel,4.0,0.7962588321946504,0.40564651940781005,0.6375826365106434
threshold,pixel,4.0,0.4200830733746478,0.041426250306495715,0.059433113994594944
threshold,sub-pixel,4.0,0.2751872315381618,0.049894603422804495,0.07047354385037563
canny,pixel,4.0,1.0964130632753606,0.5973338050052122,0.5211234712551231
canny,sub-pixel,4.0,0.8838380800057901,0.4273812280969369,0.28819594421113726
threshold,pixel,4.0,0.431917731704427,0.05795016636989869,0.02411301914468389
threshold,sub-pixel,4.0,0.28662106578268676,0.06269537280393234,0.047961147128088744
canny,pixel,4.0,1.0830726056762265,0.6339418210293917,0.5459233753785666
canny,sub-pixel,4.0,0.892526581498233,0.4963606997043868,0.40213225047555845
threshold,pixel,4.0,0.4285323262416567,0.05240117889086826,0.046115024483071476
threshold,sub-pixel,4.0,0.28186265752613676,0.03485277792723651,0.036989883888853825
canny,pixel,4.0,0.920356029949888,0.5106638794371876,0.4955309554542442
canny,sub-pixel,4.0,0.7145322405655598,0.332788482511404,0.3369355064904527
threshold,pixel,4.0,0.40429904804217354,0.03599685553481402,0.08302986573861881
threshold,sub-pixel,4.0,0.27690684714204394,0.04120250425336214,0.07866884506368699
canny,pixel,4.0,0.857039761746422,0.34775104874161844,0.02232369971962589
canny,sub-pixel,4.0,0.6673880316343013,0.20514585553443387,0.16540201551934786
threshold,pixel,4.0,0.41988663203798376,0.06075732939547218,0.07157657054634381
threshold,sub-pixel,4.0,0.28085972050356756,0.07164366632233166,0.09107989336846645
canny,pixel,4.0,0.8730227401335726,0.4391471877651174,0.4943684220535065
canny,sub-pixel,4.0,0.6613509878857644,0.26083479954547695,0.24235431750428837
threshold,pixel,4.0,0.4242468543774518,0.04524708233246555,0.058966896850892514
threshold,sub-pixel,4.0,0.2740082273293391,0.06305291152842951,0.07554989815320123
canny,pixel,4.0,0.9349363955689052,0.5093202083563595,0.44418727909553546
canny,sub-pixel,4.0,0.7223234017626416,0.3507096928027884,0.24373623133143818
threshold,pixel,0.3,0.3997078623588939,0.05801396712443729,0.07490341737316619
threshold,sub-pixel,0.3,0.2537782423198385,0.0532155722759633,0.036350236702835215
canny,pixel,0.3,0.47835723205748365,0.17974363507865987,0.13382302942660607
canny,sub-pixel,0.3,0.2537782423198385,0.0532155722759633,0.036350236702835215
threshold,pixel,0.3,0.40817861541544587,0.07879139672516366,0.08818118739432279
threshold,sub-pixel,0.3,0.24784746978920907,0.07687464666972654,0.08676814571212832
canny,pixel,0.3,0.49378160954103467,0.2351541497497558,0.1869459237876252
canny,sub-pixel,0.3,0.24784746978920907,0.07687464666972654,0.08676814571212832
threshold,pixel,0.3,0.4107241644228415,0.1257493221917818,0.07144153440497591
threshold,sub-pixel,0.3,0.2611776390548516,0.08779652928591997,0.06071159477839183
canny,pixel,0.3,0.5046988011019267,0.27492065986099745,0.20189172652446707
canny,sub-pixel,0.3,0.2524650980187234,0.05668864716451316,0.04824770614588436
threshold,pixel,0.3,0.40743271410459037,0.0740874821535129,0.015902237909170225
threshold,sub-pixel,0.3,0.24766723962679937,0.054451629705472016,0.028080806192920083
canny,pixel,0.3,0.4879923901106718,0.2347934431759351,0.18413602175458177
canny,sub-pixel,0.3,0.2456219859104306,0.04726320162071085,0.017460905670399374
threshold,pixel,0.3,0.40150817733270217,0.059716892884962514,0.0031595097362009383
threshold,sub-pixel,0.3,0.25528426782220576,0.046597591768687385,0.01884818104032826
canny,pixel,0.3,0.49801367244185324,0.22971957167091062,0.14019706882288263
canny,sub-pixel,0.3,0.25528426782220576,0.046597591768687385,0.01884818104032826
threshold,pixel,0.3,0.41731162901895147,0.08807690925577782,0.07919673386905446
threshold,sub-pixel,0.3,0.2531606560560036,0.06982942624724164,0.057296995122450234
canny,pixel,0.3,0.5131225579971729,0.262378741274063,0.1908305117172131
canny,sub-pixel,0.3,0.2531606560560036,0.06982942624724164,0.057296995122450234
threshold,pixel,0.3,0.41681267761954227,0.05894880929407598,0.02502189459891424
threshold,sub-pixel,0.3,0.24665162372038335,0.04964738452765838,0.0415496230454826
canny,pixel,0.3,0.47747588797088825,0.1979894188481468,0.19817014402524125
canny,sub-pixel,0.3,0.24665162372038335,0.04964738452765838,0.0415496230454826
threshold,pixel,0.3,0.40202936533389255,0.060435056571062296,0.05777495926646692
threshold,sub-pixel,0.3,0.24683885751715212,0.04521852650142422,0.051595787351416345
canny,pixel,0.3,0.48670188516265817,0.208598473259634,0.15147018462786965
canny,sub-pixel,0.3,0.24683885751715212,0.04521852650142422,0.051595787351416345
threshold,pixel,0.3,0.4044515071409668,0.09056372372535293,0.019840590252785617
threshold,sub-pixel,0.3,0.25571421502472674,0.06156659623765637,0.004160600966047312
canny,pixel,0.3,0.520151963647276,0.2448233416659542,0.13726870020383464
canny,sub-pixel,0.3,0.25571421502472674,0.06156659623765637,0.004160600966047312
threshold,pixel,0.3,0.42485904640110617,0.06578580609346019,0.07157393962097736
threshold,sub-pixel,0.3,0.25655802284049706,0.05536564770404406,0.053963812587598525
canny,pixel,0.3,0.5069023787845082,0.21194877157533876,0.21594713738416527
canny,sub-pixel,0.3,0.25655802284049706,0.05536564770404406,0.053963812587598525
threshold,pixel,0.3,0.40695170985455814,0.05743090668576967,0.023210690915954846
threshold,sub-pixel,0.3,0.247605019348336,0.03442056428727103,0.01865310097164441
canny,pixel,0.3,0.4911875957674449,0.21910629680756322,0.15714243111976378
canny,sub-pixel,0.3,0.247605019348336,0.03442056428727103,0.01865310097164441
threshold,pixel,0.3,0.4187888551887805,0.0869654964440365,0.04860088276353025
threshold,sub-pixel,0.3,0.2543691847762731,0.061516500241989513,0.038629301856008436
canny,pixel,0.3,0.504686569445436,0.2440061864927625,0.17989135292851133
canny,sub-pixel,0.3,0.2543691847762731,0.061516500241989513,0.038629301856008436
threshold,pixel,0.3,0.41435723635912364,0.08289089444967002,0.062075783120126626
threshold,sub-pixel,0.3,0.2569805802833707,0.0770254459474291,0.05938516247576464
canny,pixel,0.3,0.5195055380963269,0.2620482765007015,0.20198611106769437
canny,sub-pixel,0.3,0.25900028618294113,0.0797431034225271,0.06207774971986213
threshold,pixel,0.3,0.4052151674178801,0.049977144273907204,0.01703804818564958
threshold,sub-pixel,0.3,0.2551454445989379,0.04857272309011895,0.02867405092318709
canny,pixel,0.3,0.5023755317254541,0.18867337523475713,0.12008212006954855
canny,sub-pixel,0.3,0.2551454445989379,0.04857272309011895,0.02867405092318709
threshold,pixel,0.3,0.4074198110411952,0.049605070223613046,0.0035984917174127773
threshold,sub-pixel,0.3,0.2488830858549926,0.03328579811387189,0.009071201850562094
canny,pixel,0.3,0.5101210367673005,0.2206450437863643,0.14633747169481737
canny,sub-pixel,0.3,0.2488830858549926,0.03328579811387189,0.009071201850562094
threshold,pixel,1.0,0.4052281661518799,0.06625255837150212,0.004637884324112829
threshold,sub-pixel,1.0,0.24625441186887692,0.06082589365669966,0.024506368175608362
canny,pixel,1.0,0.48879333311636125,0.22058023804906357,0.17954725746383415
canny,sub-pixel,1.0,0.24625441186887692,0.06082589365669966,0.024506368175608362
threshold,pixel,1.0,0.4142353389776315,0.052942900615856825,0.008909416817956206
threshold,sub-pixel,1.0,0.2640244252207678,0.05812895288413955,0.029972538391892734
canny,pixel,1.0,0.5079586752646374,0.23957832026177628,0.16608041351336356
canny,sub-pixel,1.0,0.2640244252207678,0.05812895288413955,0.029972538391892734
threshold,pixel,1.0,0.40401083608843885,0.06171360971177697,0.011316720481836295
threshold,sub-pixel,1.0,0.2498629699029215,0.06387017871403033,0.04259725367512024
canny,pixel,1.0,0.5173664428462729,0.24250674960737761,0.2067151306393935
canny,sub-pixel,1.0,0.2498629699029215,0.06387017871403033,0.04259725367512024
threshold,pixel,1.0,0.41361882696647895,0.07644003334187621,0.006844580457088245
threshold,sub-pixel,1.0,0.2543606523971415,0.07187790830691232,0.05452127308803023
canny,pixel,1.0,0.49878202370550456,0.2292659247674118,0.1482481320007336
canny,sub-pixel,1.0,0.2543606523971415,0.07187790830691232,0.05452127308803023
threshold,pixel,1.0,0.4104531000239206,0.032621758368563514,0.006297050168504459
threshold,sub-pixel,1.0,0.25665131545949155,0.04319299613230054,0.02596308548836479
canny,pixel,1.0,0.5031224360032066,0.20858317740600407,0.11976586321858784
canny,sub-pixel,1.0,0.25665131545949155,0.04319299613230054,0.02596308548836479
threshold,pixel,1.0,0.4085079933134417,0.07251613727243811,0.006621595249493684
threshold,sub-pixel,1.0,0.2596648388553283,0.06172458724215368,0.00905598619163106
canny,pixel,1.0,0.5059188043530856,0.2281945795610174,0.15109037613183451
canny,sub-pixel,1.0,0.2596648388553283,0.06172458724215368,0.00905598619163106
threshold,pixel,1.0,0.40289351322273603,0.05763981257188222,0.006017897189741106
threshold,sub-pixel,1.0,0.25555515759785485,0.05549896104373775,0.03658835977490815
canny,pixel,1.0,0.5103645918628728,0.24414698972193616,0.17511854176219677
canny,sub-pixel,1.0,0.25333861695037585,0.04832139505280164,0.03365182034264569
threshold,pixel,1.0,0.4015214968669768,0.04680868231599411,0.04386418396846903
threshold,sub-pixel,1.0,0.2513461300136399,0.042843020243588326,0.05253794011852664
canny,pixel,1.0,0.4920894630866863,0.2226448208231777,0.1760414617619377
canny,sub-pixel,1.0,0.2533528140445045,0.04413952174723934,0.05188417161030179
threshold,pixel,1.0,0.41899281248386083,0.038817376153938765,0.024201926448967903
threshold,sub-pixel,1.0,0.25988066820035705,0.042130990274616975,0.04108383713412378
canny,pixel,1.0,0.49596284199673435,0.1887300150436908,0.1546113057297065
canny,sub-pixel,1.0,0.25988066820035705,0.042130990274616975,0.04108383713412378
threshold,pixel,1.0,0.406433337858787,0.05642194906137776,0.04561550143838877
threshold,sub-pixel,1.0,0.25977836229103846,0.055134628642798944,0.05388797509882304
canny,pixel,1.0,0.5108633845577294,0.23513365439639533,0.15241339045903946
canny,sub-pixel,1.0,0.2617932241048746,0.05826098569698113,0.05533061207515688
threshold,pixel,1.0,0.40260202684845653,0.06720112258742073,0.006429381135954593
threshold,sub-pixel,1.0,0.26279223824921394,0.04449372517677852,0.025380801663890118
canny,pixel,1.0,0.5073501850829726,0.2414938655298977,0.16359035612033734
canny,sub-pixel,1.0,0.26279223824921394,0.04449372517677852,0.025380801663890118
threshold,pixel,1.0,0.4250219784639817,0.03462995711504746,0.026064057863794954
threshold,sub-pixel,1.0,0.2684604506278254,0.02895862400839344,0.0179909316418847
canny,pixel,1.0,0.5005284006841917,0.19180330722379413,0.14172053962955689
canny,sub-pixel,1.0,0.2684604506278254,0.02895862400839344,0.0179909316418847
threshold,pixel,1.0,0.40501356368896085,0.08232360933383176,0.04397960093165798
threshold,sub-pixel,1.0,0.25089838182390045,0.06059630575842534,0.05028209362911129
canny,pixel,1.0,0.49826819141302203,0.2331743397382131,0.21359521531008552
canny,sub-pixel,1.0,0.25089838182390045,0.06059630575842534,0.05028209362911129
threshold,pixel,1.0,0.41675756951370924,0.04968610275922303,0.035334399504659775
threshold,sub-pixel,1.0,0.2590326113375335,0.04906525761980096,0.06546664002079972
canny,pixel,1.0,0.5024268437294725,0.21821872452040436,0.16513940469723076
canny,sub-pixel,1.0,0.258628803954587,0.04742432138651398,0.06299393214998883
threshold,pixel,1.0,0.4018866134840963,0.0668721895934914,0.022444211136972925
threshold,sub-pixel,1.0,0.251386159064166,0.06695692001791387,0.034433401294386545
canny,pixel,1.0,0.5002673606919009,0.2096272016692251,0.10884318360611056
canny,sub-pixel,1.0,0.2502367792585589,0.06189537668898004,0.025373033435527326
threshold,pixel,2.0,0.3969733453941203,0.03819313653507028,0.013438767273993513
threshold,sub-pixel,2.0,0.2565416332173955,0.04541795622836853,0.0060314580760119085
canny,pixel,2.0,0.5371710505384566,0.23258451195441654,0.05553666660130885
canny,sub-pixel,2.0,0.30873053623816277,0.06978773998594234,0.07587569013359641
threshold,pixel,2.0,0.4145865720892501,0.05989459756096993,0.03793517005824398
threshold,sub-pixel,2.0,0.26388252742272233,0.05425123211405847,0.07315970549603668
canny,pixel,2.0,0.5309329918712828,0.2584113267503023,0.20580079445801358
canny,sub-pixel,2.0,0.31946467509460186,0.09336838444284279,0.08930081761367692
threshold,pixel,2.0,0.41312753900257637,0.06498751359609067,0.0057216963393851294
threshold,sub-pixel,2.0,0.2636124764219049,0.06292993861543494,0.028233405640735842
canny,pixel,2.0,0.5299021397783146,0.2569114191345363,0.18739234561565032
canny,sub-pixel,2.0,0.2892065415960714,0.07110805574011536,0.07018266349988744
threshold,pixel,2.0,0.41715242817836173,0.029193981370103428,0.027036005781996053
threshold,sub-pixel,2.0,0.2635579535122633,0.0335715009089157,0.030141897303100684
canny,pixel,2.0,0.5458565489616742,0.1767677765049347,0.015313780222673934
canny,sub-pixel,2.0,0.32214252818502975,0.026559477773592466,0.0983997041305118
threshold,pixel,2.0,0.41780273290660874,0.052212467325945644,0.01791093731047111
threshold,sub-pixel,2.0,0.2742221252408862,0.04928305733027161,0.025848271312032267
canny,pixel,2.0,0.5489944673063674,0.22217477389114104,0.08748564597827935
canny,sub-pixel,2.0,0.3132305634520346,0.05278428543086933,0.1624785650798506
threshold,pixel,2.0,0.4032121892978363,0.05376896574028023,0.021208273169523117
threshold,sub-pixel,2.0,0.25939291316790325,0.06900281236467354,0.03984183319815093
canny,pixel,2.0,0.5055856937437466,0.21971833563522614,0.10771413461118717
canny,sub-pixel,2.0,0.2674386055242619,0.06186540936571028,0.0012393144680782342
threshold,pixel,2.0,0.4126280066854308,0.06004322531292061,0.01079241405964515
threshold,sub-pixel,2.0,0.2587326176969383,0.04913665315713622,0.018293719913453632
canny,pixel,2.0,0.5210711267436233,0.21711455958156,0.14280573943001018
canny,sub-pixel,2.0,0.2766322210205064,0.05217895838543951,0.003764077641142727
threshold,pixel,2.0,0.4056722164445774,0.056480097680743135,0.013450030251709322
threshold,sub-pixel,2.0,0.2712795275467346,0.05075309790134663,0.020512948975521805
canny,pixel,2.0,0.5041444477928141,0.20949649954789762,0.09931367650989031
canny,sub-pixel,2.0,0.28644744169256126,0.057398736865842626,0.012717170885338192
threshold,pixel,2.0,0.4055208303294474,0.04760384790943184,0.05382267521371542
threshold,sub-pixel,2.0,0.2631825934088397,0.047417900223173604,0.04329520440062984
canny,pixel,2.0,0.5012441103855598,0.19876112091290987,0.17974658598649018
canny,sub-pixel,2.0,0.2631825934088397,0.047417900223173604,0.04329520440062984
threshold,pixel,2.0,0.41646421701378944,0.05628538032290131,0.04081063289405895
threshold,sub-pixel,2.0,0.2654512416641412,0.05472447277082604,0.06695948638593396
canny,pixel,2.0,0.5545367195649034,0.23450948229750468,0.01183263642072907
canny,sub-pixel,2.0,0.31352691766924323,0.06885660623435141,0.06209108453555956
threshold,pixel,2.0,0.3985929918569016,0.059609688161284424,0.006630177656071989
threshold,sub-pixel,2.0,0.25936155997306354,0.04797881896493972,0.019041198914266477
canny,pixel,2.0,0.5283911642346563,0.24410838517890854,0.15408220314289345
canny,sub-pixel,2.0,0.3068617410800587,0.08180517745753879,0.030398088883796248
threshold,pixel,2.0,0.40980038862430634,0.032846026398382744,0.029564500162912566
threshold,sub-pixel,2.0,0.26445231339484754,0.03420791852493177,0.019314712975948556
canny,pixel,2.0,0.5204089561436334,0.1895755670840933,0.11827499605782599
canny,sub-pixel,2.0,0.27546604814187003,0.03563485430514657,0.01150529735143202
threshold,pixel,2.0,0.3986835042499737,0.04120452973756383,0.029120896062056367
threshold,sub-pixel,2.0,0.2624318888400385,0.05296501186971225,0.06059520408555885
canny,pixel,2.0,0.5349292515704206,0.2448094739666502,0.1088947067429551
canny,sub-pixel,2.0,0.3096452521719928,0.080755632972761,0.051935624648455025
threshold,pixel,2.0,0.41969565927170693,0.06698490527482726,0.008168096740912123
threshold,sub-pixel,2.0,0.2707344431432935,0.06743402817142985,0.028255515343239335
canny,pixel,2.0,0.5106390129427113,0.22380791245087495,0.11400734260285406
canny,sub-pixel,2.0,0.2671999594475365,0.05726756814305212,0.01231351709914641
threshold,pixel,2.0,0.4258632433107134,0.04500632992944653,0.04644446735284635
threshold,sub-pixel,2.0,0.2746238533354344,0.04735246081830402,0.03315266105040626
canny,pixel,2.0,0.5213276405106769,0.22297425207905253,0.15608486505957142
canny,sub-pixel,2.0,0.2979667253960756,0.05299167976000696,0.044928966361463374
threshold,pixel,4.0,0.409105697948259,0.05829051901333604,0.0054506414223740585
threshold,sub-pixel,4.0,0.282707616028086,0.04303625680230949,0.03980796202918002
canny,pixel,4.0,0.9613113970647823,0.5610049264923198,0.23996899392265592
canny,sub-pixel,4.0,0.7645879354810345,0.37372877345146804,0.4158192169842585
threshold,pixel,4.0,0.41240345334410144,0.04988245097081068,0.010045110273562585
threshold,sub-pixel,4.0,0.2792551316941775,0.05421963523196416,0.04746175366254812
canny,pixel,4.0,0.7908839306072811,0.3604878145233261,0.03372628998397387
canny,sub-pixel,4.0,0.5667587231907052,0.1834572341189793,0.1481845991472741
threshold,pixel,4.0,0.42442793963135805,0.05137513716494024,0.02886494790720029
threshold,sub-pixel,4.0,0.28420193599260807,0.05720720881546493,0.017445999498055365
canny,pixel,4.0,0.9905173679718973,0.47660274009380155,0.11331241666089653
canny,sub-pixel,4.0,0.7888221968321576,0.3513457395451267,0.21755442575497108
threshold,pixel,4.0,0.4065610904071153,0.05800869541318665,0.008837514903603516
threshold,sub-pixel,4.0,0.2739750286045878,0.06324091725680336,0.016260294881098147
canny,pixel,4.0,0.8406022040673051,0.4444705955321093,0.15759943232669382
canny,sub-pixel,4.0,0.6288336561450099,0.28712459269552615,0.2729562704685402
threshold,pixel,4.0,0.42220940540725116,0.06312579695751985,0.010489126582734265
threshold,sub-pixel,4.0,0.27544181925347494,0.05565051246055619,0.02254130497281004
canny,pixel,4.0,1.1408084451193905,0.7228244364072316,0.2960750750876904
canny,sub-pixel,4.0,0.9347381702007042,0.5450719170019822,0.47858957589728934
threshold,pixel,4.0,0.4178122928265349,0.0389152500342167,0.012976247448977851
threshold,sub-pixel,4.0,0.28224843851315784,0.057577625032943835,0.05193070942586919
canny,pixel,4.0,0.8513076320056461,0.39445713125745785,0.06727787390581197
canny,sub-pixel,4.0,0.6248092085553536,0.2560286608886304,0.15850375447613096
threshold,pixel,4.0,0.41740945469409296,0.04234487932558384,0.0248984912020096
threshold,sub-pixel,4.0,0.27802030898754726,0.05010304507483343,0.02776387733778618
canny,pixel,4.0,1.0289959834662705,0.5443005987367604,0.05115349255075774
canny,sub-pixel,4.0,0.8273660164667382,0.3930581568656937,0.14062123536536975
threshold,pixel,4.0,0.42226107298238214,0.043791543521387144,0.002411512059998344
threshold,sub-pixel,4.0,0.2729920449846358,0.045063542860623196,0.03990037383260159
canny,pixel,4.0,1.181626550057622,0.6651686143138593,0.5288299948437318
canny,sub-pixel,4.0,0.9692034221607629,0.5175119237287815,0.6367654721445097
threshold,pixel,4.0,0.4114933538656599,0.048568345018524806,0.007836596931976025
threshold,sub-pixel,4.0,0.27760464233211624,0.04219595317103009,0.03348359382361599
canny,pixel,4.0,1.068992273139215,0.5123107829204769,0.2153595622231559
canny,sub-pixel,4.0,0.8709247895236716,0.36723172877817967,0.3377806886554975
threshold,pixel,4.0,0.41397276490670604,0.055812781449776416,0.03902312974238331
threshold,sub-pixel,4.0,0.27847025295461647,0.058762845633102634,0.02462484697813272
canny,pixel,4.0,0.9096488790926541,0.5265119873929027,0.12649586180167516
canny,sub-pixel,4.0,0.691144666990297,0.366931577551024,0.008464253566002888
threshold,pixel,4.0,0.4186288161796093,0.05456361466065296,0.011192730533522877
threshold,sub-pixel,4.0,0.26968072284855554,0.04428994464046343,0.0018128654447502335
canny,pixel,4.0,1.0270897995646577,0.5390208197848452,0.4004731460173434
canny,sub-pixel,4.0,0.8272162077984313,0.37580167427937017,0.506444754396242
threshold,pixel,4.0,0.4127723734584101,0.04613362833126389,7.768029585442093e-05
threshold,sub-pixel,4.0,0.2737649629023378,0.04473849680564501,0.026114443104238827
canny,pixel,4.0,1.0493217339357246,0.5790450022843165,0.05310346670955779
canny,sub-pixel,4.0,0.8281795694736748,0.40783042946207826,0.0958001603751284
threshold,pixel,4.0,0.43326413919664974,0.06592060286865853,0.050983979383114164
threshold,sub-pixel,4.0,0.2808643379179244,0.06166340666174652,0.08608921616316856
canny,pixel,4.0,0.9805608656651158,0.5912991835918611,0.20837301398929808
canny,sub-pixel,4.0,0.758849276836755,0.43295734305566036,0.29880996277796656
threshold,pixel,4.0,0.4071067790333922,0.039999934698950135,0.03534025830665888
threshold,sub-pixel,4.0,0.2788602751738432,0.04055015598716549,0.00024048344071880834
canny,pixel,4.0,0.9829094822805411,0.4751581009293686,0.5915532619160695
canny,sub-pixel,4.0,0.7582691017603324,0.28969095365917297,0.6933320386821862
threshold,pixel,4.0,0.4253566337177611,0.04280924088478555,0.02649378872523611
threshold,sub-pixel,4.0,0.28612907139326205,0.04142735022376476,0.007754038002768748
canny,pixel,4.0,0.9564381926172121,0.5274643907427954,0.32138777558117804
canny,sub-pixel,4.0,0.7674485125268644,0.3770185891745401,0.49815726281349093
threshold,pixel,0.3,0.4073388067589484,0.0671623973933344,0.09358486152750434
threshold,sub-pixel,0.3,0.24975405134797865,0.05820055372659394,0.08181938873334715
canny,pixel,0.3,0.5134005320071715,0.23917642583996623,0.377764230566485
canny,sub-pixel,0.3,0.24975405134797865,0.05820055372659394,0.08181938873334715
threshold,pixel,0.3,0.4125967689834821,0.08113838569393961,0.12330379437045025
threshold,sub-pixel,0.3,0.2560699343381946,0.05946264745686558,0.09424732147829218
canny,pixel,0.3,0.49697650003234617,0.22436354374918688,0.31341130212733415
canny,sub-pixel,0.3,0.2538014780271589,0.052343606377596164,0.0804508093598626
threshold,pixel,0.3,0.3946372739806141,0.09080193260993141,0.13817315464954572
threshold,sub-pixel,0.3,0.2437455756783532,0.08188420404492347,0.12609223368403466
canny,pixel,0.3,0.4977689599796375,0.22251874574231012,0.372051615677953
canny,sub-pixel,0.3,0.2403534885016208,0.07037122351256375,0.10765199846967732
threshold,pixel,0.3,0.40454553409957283,0.07009105184467423,0.1469637567973452
threshold,sub-pixel,0.3,0.24792121226593827,0.0519132967018372,0.0896181368290323
canny,pixel,0.3,0.507257732402885,0.2255022719216866,0.3968124910826516
canny,sub-pixel,0.3,0.24792121226593827,0.0519132967018372,0.0896181368290323
threshold,pixel,0.3,0.40682648406637884,0.058756903607369626,0.08433702143635102
threshold,sub-pixel,0.3,0.2529847017927165,0.05089085914837188,0.07107190314871481
canny,pixel,0.3,0.5014944984414208,0.20126721252156798,0.33545838106427617
canny,sub-pixel,0.3,0.2493830543258322,0.03713950064326377,0.04953584296263713
threshold,pixel,0.3,0.41225483320378187,0.08656911376186116,0.12227909797737357
threshold,sub-pixel,0.3,0.2636034723935795,0.07850121553969447,0.13174423164022997
canny,pixel,0.3,0.5073871966788354,0.2536051977558378,0.42007152253171576
canny,sub-pixel,0.3,0.2579162302291174,0.05728526184059057,0.09273212136994857
threshold,pixel,0.3,0.41302054289610585,0.09971831074370296,0.17252295150152186
threshold,sub-pixel,0.3,0.24920140880802238,0.06976182999644531,0.11281074933972324
canny,pixel,0.3,0.5065269810444786,0.23764378770273598,0.3580018189448104
canny,sub-pixel,0.3,0.24920140880802238,0.06976182999644531,0.11281074933972324
threshold,pixel,0.3,0.39610130483222705,0.06652946663443893,0.09153144296324989
threshold,sub-pixel,0.3,0.24368839427514088,0.05838381700140971,0.09553446846502034
canny,pixel,0.3,0.49521132790432343,0.23638316056763475,0.3688652229160949
canny,sub-pixel,0.3,0.24598754238578163,0.06006776301929806,0.09598004251649161
threshold,pixel,0.3,0.4185165261430489,0.09327458877578265,0.16958064776801596
threshold,sub-pixel,0.3,0.260699569638265,0.06276045651700013,0.10706748919327769
canny,pixel,0.3,0.5177938847029908,0.23727697402437298,0.3779577408978936
canny,sub-pixel,0.3,0.25654152952526277,0.04824212947208428,0.0855300891059434
threshold,pixel,0.3,0.4208759543138778,0.08880134365888082,0.13689228332524728
threshold,sub-pixel,0.3,0.24942445724459125,0.05744702464728402,0.08420313607154917
canny,pixel,0.3,0.4861301923929871,0.20634870636133051,0.3600974438450386
canny,sub-pixel,0.3,0.245024265521951,0.040283000625216614,0.05297810644818046
threshold,pixel,0.3,0.41725391134842954,0.06726594180053569,0.09771874546900872
threshold,sub-pixel,0.3,0.2604979487143195,0.06142515819824612,0.08713884349702727
canny,pixel,0.3,0.49818515594924084,0.2214138174354794,0.36409348051904367
canny,sub-pixel,0.3,0.2604979487143195,0.06142515819824612,0.08713884349702727
threshold,pixel,0.3,0.40051188145807415,0.08064143482074404,0.15846225987994433
threshold,sub-pixel,0.3,0.24697143469706312,0.052090731526640344,0.09723176477148066
canny,pixel,0.3,0.5032627601501818,0.21936221087832442,0.37480094284926846
canny,sub-pixel,0.3,0.2453221488772766,0.0469260343539295,0.08873549521271595
threshold,pixel,0.3,0.41973566659993133,0.07762168454495,0.12739614954957457
threshold,sub-pixel,0.3,0.2553339226613265,0.06278723874397762,0.09014384722517388
canny,pixel,0.3,0.5294258629356854,0.26975271828767045,0.456905066323233
canny,sub-pixel,0.3,0.2553339226613265,0.06278723874397762,0.09014384722517388
threshold,pixel,0.3,0.40765386264926584,0.060204676699770365,0.10877613516834916
threshold,sub-pixel,0.3,0.25037327936995335,0.04166547130999776,0.07801358955395621
canny,pixel,0.3,0.49727346036259873,0.2146191023233588,0.3502816288158481
canny,sub-pixel,0.3,0.25037327936995335,0.04166547130999776,0.07801358955395621
threshold,pixel,0.3,0.4234440984639536,0.07438581644924347,0.1357876417285393
threshold,sub-pixel,0.3,0.2518981758773351,0.06455768010421803,0.11248068192054195
canny,pixel,0.3,0.5151005590045155,0.24137968579459312,0.3773724814218773
canny,sub-pixel,0.3,0.2518981758773351,0.06455768010421803,0.11248068192054195
threshold,pixel,1.0,0.3979298975499127,0.04633498804380598,0.07858502587047589
threshold,sub-pixel,1.0,0.24878792634802216,0.045538571065168565,0.06450829127422608
canny,pixel,1.0,0.49090688662452986,0.2073062806002932,0.3712336027672771
canny,sub-pixel,1.0,0.2510978996769186,0.047122857641231475,0.068022915445904
threshold,pixel,1.0,0.4133250498490256,0.04477317420364835,0.08555258926099985
threshold,sub-pixel,1.0,0.2514400255206232,0.04927216124655365,0.10324888598532578
canny,pixel,1.0,0.503132363662336,0.2257324491530175,0.3678087749033656
canny,sub-pixel,1.0,0.25276088390901585,0.04862183932596875,0.09370399162234833
threshold,pixel,1.0,0.3974762507079267,0.06886109809066765,0.10892403500187875
threshold,sub-pixel,1.0,0.2627600508329729,0.05275426060530153,0.08160723066828979
canny,pixel,1.0,0.4934690939118258,0.2211637971355238,0.3623550826752009
canny,sub-pixel,1.0,0.2627600508329729,0.05275426060530153,0.08160723066828979
threshold,pixel,1.0,0.40247780715175296,0.06154176770995767,0.10137581331100431
threshold,sub-pixel,1.0,0.2567849521409201,0.04989955192919249,0.07595200303403882
canny,pixel,1.0,0.5045198573582312,0.25131126718579755,0.42444595689670095
canny,sub-pixel,1.0,0.2567849521409201,0.04989955192919249,0.07595200303403882
threshold,pixel,1.0,0.4096758587933898,0.06758586253127818,0.11132622126845249
threshold,sub-pixel,1.0,0.25805198542365054,0.05133420193972427,0.0846397775587171
canny,pixel,1.0,0.49427090445311955,0.2319680768875434,0.3776580370597893
canny,sub-pixel,1.0,0.25805198542365054,0.05133420193972427,0.0846397775587171
threshold,pixel,1.0,0.41166322734131783,0.06771751920481073,0.12568278124782228
threshold,sub-pixel,1.0,0.25855263438707116,0.06305805161949163,0.12451909895415625
canny,pixel,1.0,0.4764461384248645,0.2038735398180762,0.33564594836959927
canny,sub-pixel,1.0,0.2552428668108999,0.0508847475571057,0.10083017727698351
threshold,pixel,1.0,0.396359175516553,0.038982489081869964,0.05766447526819629
threshold,sub-pixel,1.0,0.24897502642354102,0.047005002255749995,0.0626680795940322
canny,pixel,1.0,0.5026653297011401,0.23052791922405702,0.3859002514713685
canny,sub-pixel,1.0,0.25114091029263497,0.04932865977936918,0.06803578587073567
threshold,pixel,1.0,0.41929790500140884,0.053281999146455705,0.09595698604582736
threshold,sub-pixel,1.0,0.26145687552252195,0.04484129173700935,0.08971301847880842
canny,pixel,1.0,0.5039963204172887,0.19565450218671976,0.3389227587281276
canny,sub-pixel,1.0,0.2635730106328356,0.04631664146036041,0.0926456982087851
threshold,pixel,1.0,0.4078147876192346,0.06224115833577781,0.10330824230947133
threshold,sub-pixel,1.0,0.2563102353520874,0.06072982495262491,0.09389161671050328
canny,pixel,1.0,0.49658155319312136,0.2138841164341012,0.37019220594139224
canny,sub-pixel,1.0,0.2563102353520874,0.06072982495262491,0.09389161671050328
threshold,pixel,1.0,0.4109227469823151,0.04456354752986691,0.105653567316911
threshold,sub-pixel,1.0,0.25193827111408196,0.06314481423972929,0.12403584533004519
canny,pixel,1.0,0.5110702224024826,0.2321606230502351,0.37861567690274267
canny,sub-pixel,1.0,0.24857721380894637,0.053153697312309456,0.10234467231207844
threshold,pixel,1.0,0.40380440865533446,0.050954797515094796,0.0957684979847162
threshold,sub-pixel,1.0,0.25616224472604954,0.053885451451344046,0.1111032871821731
canny,pixel,1.0,0.505004945172127,0.22355836221465641,0.3917680017126406
canny,sub-pixel,1.0,0.25820800683727885,0.05535245872054961,0.11581154032027996
threshold,pixel,1.0,0.415052248020137,0.07553427408446067,0.10940768035995951
threshold,sub-pixel,1.0,0.2636780864522024,0.062301014419718914,0.08476490150289173
canny,pixel,1.0,0.49567663161163067,0.22860280078282402,0.35280397564081056
canny,sub-pixel,1.0,0.26626283470720247,0.05910680337340435,0.08405540914818221
threshold,pixel,1.0,0.41486264938256967,0.0741141197024422,0.14223371209508784
threshold,sub-pixel,1.0,0.25883497931391575,0.059331596310613355,0.09412702390475225
canny,pixel,1.0,0.5221536930919997,0.23165383211642498,0.3593475367063963
canny,sub-pixel,1.0,0.25883497931391575,0.059331596310613355,0.09412702390475225
threshold,pixel,1.0,0.41755214003931085,0.036210064877009396,0.058374316629331346
threshold,sub-pixel,1.0,0.26737228135095936,0.05100390392832521,0.06997222795944502
canny,pixel,1.0,0.5038963696073229,0.19137427359222037,0.3084631320160236
canny,sub-pixel,1.0,0.26607282383329417,0.04700329280387994,0.06204087687600435
threshold,pixel,1.0,0.408507708434096,0.06693815741377951,0.10130440611211
threshold,sub-pixel,1.0,0.2635031682372522,0.053292005509435025,0.0639452575317545
canny,pixel,1.0,0.503259815638081,0.23269674598522072,0.396565476451344
canny,sub-pixel,1.0,0.2628121301097722,0.04814837095006963,0.05683471570776977
threshold,pixel,2.0,0.4244186299546389,0.07405255101203845,0.13294896500510855
threshold,sub-pixel,2.0,0.26816008880158604,0.0628390452167571,0.12382322209645213
canny,pixel,2.0,0.5355668012355034,0.245813819480716,0.4149854713414598
canny,sub-pixel,2.0,0.2904754913720904,0.09387324152511045,0.15880843308659642
threshold,pixel,2.0,0.4118822464292461,0.04588068694925229,0.0909905743130901
threshold,sub-pixel,2.0,0.2608861603110857,0.0462257062026743,0.07426994044751911
canny,pixel,2.0,0.5116209083991579,0.21295598123725412,0.34427110897708335
canny,sub-pixel,2.0,0.2761610672217931,0.048520747724417834,0.09170581166777225
threshold,pixel,2.0,0.4217304656293943,0.07793853503930515,0.11909438144637896
threshold,sub-pixel,2.0,0.2720840704534774,0.06661344375058964,0.0920490383656345
canny,pixel,2.0,0.549826462274102,0.26780064600537234,0.3883446284661236
canny,sub-pixel,2.0,0.2927936587636951,0.073047769142913,0.06934957051174173
threshold,pixel,2.0,0.4224335672278724,0.041940521982893,0.06605235751558691
threshold,sub-pixel,2.0,0.2714589250959709,0.05733801124813498,0.09931618833263389
canny,pixel,2.0,0.5036478553738237,0.21000209693999383,0.3407390878348915
canny,sub-pixel,2.0,0.2731538158745195,0.059070286927576765,0.103302214781678
threshold,pixel,2.0,0.40400382886508107,0.05748648322065786,0.08535454079473137
threshold,sub-pixel,2.0,0.26170077164257927,0.05498119879357444,0.0836285320895005
canny,pixel,2.0,0.5119718606018826,0.23615401242345246,0.42391357244020256
canny,sub-pixel,2.0,0.26457876105950295,0.060037960446465144,0.09684005788179828
threshold,pixel,2.0,0.4191027420333852,0.06716942705867779,0.11093761349334663
threshold,sub-pixel,2.0,0.26376114162904,0.04960067914602595,0.0642112095597751
canny,pixel,2.0,0.5216344654722906,0.2102765189896869,0.3233702768312474
canny,sub-pixel,2.0,0.267706389968427,0.049622024386819286,0.062341119008923584
threshold,pixel,2.0,0.4189913987155115,0.08644356755498017,0.15061646526567873
threshold,sub-pixel,2.0,0.2663178496452823,0.07144655081387685,0.1284155207426556
canny,pixel,2.0,0.5246135940533153,0.2516466030683162,0.45303729346197485
canny,sub-pixel,2.0,0.2756425325153744,0.061765768644928,0.11904328194934077
threshold,pixel,2.0,0.4010192116159781,0.036121637720690325,0.06573951433601266
threshold,sub-pixel,2.0,0.2602532511538444,0.05357394229806367,0.09271719572507298
canny,pixel,2.0,0.49986075206737035,0.2260136549474594,0.3981849573591125
canny,sub-pixel,2.0,0.2709884971033939,0.058531459218236215,0.11912775876035031
threshold,pixel,2.0,0.417210332180327,0.05128931073192655,0.08904086027352509
threshold,sub-pixel,2.0,0.27583370814709496,0.06540438676736215,0.11025257205119576
canny,pixel,2.0,0.6217197265227279,0.29452574997374437,0.6868803255633806
canny,sub-pixel,2.0,0.3908655125864057,0.12306330596016735,0.390782165517388
threshold,pixel,2.0,0.40140272658255005,0.05599070791762473,0.11427303284926094
threshold,sub-pixel,2.0,0.2626152853615854,0.0529925704960692,0.08526776948546555
canny,pixel,2.0,0.5200215041851206,0.2451646993712644,0.3970551858328184
canny,sub-pixel,2.0,0.2731930821715348,0.06097418214567152,0.10172402472004638
threshold,pixel,2.0,0.42128361544747,0.040351398765799074,0.06659003107902794
threshold,sub-pixel,2.0,0.25627092398178336,0.032859308194347125,0.055000650434972265
canny,pixel,2.0,0.5093321222667454,0.22463036133977332,0.4057001393580464
canny,sub-pixel,2.0,0.2720372284390654,0.04765803242793232,0.11298678817354801
threshold,pixel,2.0,0.41663278556549943,0.051855142164775936,0.10424696167766001
threshold,sub-pixel,2.0,0.26256853070216013,0.05150221443042713,0.09721794501464842
canny,pixel,2.0,0.5183580072353238,0.23165832717483914,0.34171765435385204
canny,sub-pixel,2.0,0.28433216611925743,0.05438868324982704,0.08591197267563544
threshold,pixel,2.0,0.4149206274327174,0.04601514088595837,0.09124347890623152
threshold,sub-pixel,2.0,0.2666973668116746,0.04797707854172861,0.08539607207966782
canny,pixel,2.0,0.5033973287711725,0.21692651580082978,0.3914093872047655
canny,sub-pixel,2.0,0.26955812266692036,0.05029580097870445,0.08868322383887417
threshold,pixel,2.0,0.40300253399394526,0.05986406316509307,0.08683164927994103
threshold,sub-pixel,2.0,0.2653842540424285,0.05832918051775238,0.08155052034806864
canny,pixel,2.0,0.5179269161693021,0.23226477952528035,0.3735924864287359
canny,sub-pixel,2.0,0.2709431169350197,0.06672922431941575,0.09287803303349662
threshold,pixel,2.0,0.41366978975545854,0.05491841496339611,0.08414101272928143
threshold,sub-pixel,2.0,0.2687312852311422,0.062325378205878135,0.09094843404351316
canny,pixel,2.0,0.5227020395206652,0.2561881513478663,0.4057287355757362
canny,sub-pixel,2.0,0.28048396976029366,0.07505517048009525,0.1076481756444343
threshold,pixel,4.0,0.4213386736998167,0.04087386767236212,0.06902205375760673
threshold,sub-pixel,4.0,0.2717300612042092,0.04507694145504337,0.06212081536334413
canny,pixel,4.0,1.1185494847977777,0.7325168863220894,1.4489467685528745
canny,sub-pixel,4.0,0.8867219350764116,0.5714149113408875,1.1541682241721989
threshold,pixel,4.0,0.42369374594911907,0.06741167348786337,0.1131978788324739
threshold,sub-pixel,4.0,0.2858330404558016,0.06039859159145644,0.09598575876252902
canny,pixel,4.0,1.026412609010617,0.6211576726236692,1.0024604021738361
canny,sub-pixel,4.0,0.8192625641560094,0.4349075928210253,0.6935909297346443
threshold,pixel,4.0,0.4293316777855416,0.053339004661669076,0.06775412805373016
threshold,sub-pixel,4.0,0.2853458158085814,0.05684173094082068,0.06916918934380067
canny,pixel,4.0,0.9798474268076651,0.4898058310931732,0.9332651835080998
canny,sub-pixel,4.0,0.7678028997354833,0.33581177478910695,0.6843798347311303
threshold,pixel,4.0,0.4171289195505191,0.02884097799064511,0.07914644397129855
threshold,sub-pixel,4.0,0.2738587957740768,0.034037056624583784,0.06651086916878945
canny,pixel,4.0,0.9867892352032598,0.46403663647864035,1.2076699488191278
canny,sub-pixel,4.0,0.7790860421782796,0.3009003096627818,0.957287962184882
threshold,pixel,4.0,0.4170140599034856,0.05402006429183204,0.08703429073435753
threshold,sub-pixel,4.0,0.27258920169339307,0.05745407986464213,0.11052582549747036
canny,pixel,4.0,0.9145228546828653,0.5594208218797552,1.1614428611247085
canny,sub-pixel,4.0,0.7133419215846535,0.40051837825726055,0.9044754174588978
threshold,pixel,4.0,0.43129313417843995,0.06527069024706988,0.13780071991236298
threshold,sub-pixel,4.0,0.28706739499709194,0.07727175381007911,0.14586560502213874
canny,pixel,4.0,0.9161037550853491,0.4231312052499807,0.9325819022204991
canny,sub-pixel,4.0,0.6979733676594725,0.26130659771893194,0.6535959963626619
threshold,pixel,4.0,0.40293233554466185,0.06499152578167733,0.10188523319666132
threshold,sub-pixel,4.0,0.2731764322800444,0.06149208593043132,0.09894592246118883
canny,pixel,4.0,0.9440299387676541,0.5848734866177328,1.0965008572167485
canny,sub-pixel,4.0,0.7386035394561666,0.4108631545189265,0.817941580231099
threshold,pixel,4.0,0.41033453375428547,0.03759157622498699,0.08508280622197173
threshold,sub-pixel,4.0,0.27749621411156156,0.03880493954377595,0.07476521751630028
canny,pixel,4.0,0.9854149034765979,0.4972041620080634,1.1354957532023437
canny,sub-pixel,4.0,0.779125503605,0.34479478433074373,0.8697569903708215
threshold,pixel,4.0,0.42990227129972497,0.0575832630774904,0.047023006206434736
threshold,sub-pixel,4.0,0.2826479947528805,0.06666226966181776,0.08250719273036111
canny,pixel,4.0,0.7730186419341548,0.37969164796180666,0.6517660228468252
canny,sub-pixel,4.0,0.5475031833487181,0.2135391021761961,0.38339402096429653
threshold,pixel,4.0,0.41263085998485066,0.031112628554287758,0.07784240287302158
threshold,sub-pixel,4.0,0.2639883677968816,0.04141120280582511,0.08022548993729917
canny,pixel,4.0,0.9603969350271331,0.511479260242335,0.9398688712617944
canny,sub-pixel,4.0,0.743808960542542,0.3497471084211192,0.6952890823581712
threshold,pixel,4.0,0.41641862475522917,0.06055109421804539,0.10233973158687082
threshold,sub-pixel,4.0,0.2762545543218823,0.048591243290710295,0.08377402828470348
canny,pixel,4.0,1.0177956285349512,0.5078641794325853,0.9785477698738387
canny,sub-pixel,4.0,0.8101626823760575,0.3521703506100291,0.7067060801792273
threshold,pixel,4.0,0.4165855574699861,0.06572754796906244,0.1474032179434417
threshold,sub-pixel,4.0,0.27271199837035365,0.05370295929698976,0.10730900237521634
canny,pixel,4.0,0.8046890217357208,0.4226008843006748,0.8629482704511551
canny,sub-pixel,4.0,0.5881811344961057,0.23719773418949353,0.5428787133423905
threshold,pixel,4.0,0.417734086843389,0.03384792937402681,0.05659062675885984
threshold,sub-pixel,4.0,0.26532801777986215,0.046968955100273435,0.08012654515931938
canny,pixel,4.0,1.0243301532515245,0.5860464273681738,0.8238264387596352
canny,sub-pixel,4.0,0.8220794074171286,0.4540248603138075,0.6176441010309617
threshold,pixel,4.0,0.4198047590213857,0.03563428756862441,0.07617636400661976
threshold,sub-pixel,4.0,0.2806659701408699,0.03939571899831318,0.06281744067427475
canny,pixel,4.0,0.9197128143322033,0.379039659227556,0.7675721064263001
canny,sub-pixel,4.0,0.7158716387135409,0.21701750798685837,0.5149417856889489
threshold,pixel,4.0,0.4062832630488532,0.03899722226163549,0.07196805488248614
threshold,sub-pixel,4.0,0.2696196897463998,0.042272903020814434,0.07733490639558394
canny,pixel,4.0,0.953310825083928,0.5234830449797943,0.9822950577247402
canny,sub-pixel,4.0,0.74333020405278,0.35272982806193554,0.6895438129699016
threshold,pixel,0.3,0.4795890910245372,0.11140595354238103,0.1489734006193224
threshold,sub-pixel,0.3,0.36637451794668924,0.10880781307464504,0.1420104876000261
canny,pixel,0.3,0.6662052902839879,0.3112004417559615,0.44082893758150465
canny,sub-pixel,0.3,0.3774883124219639,0.11972090922183032,0.16896609115188577
threshold,pixel,0.3,0.46648449438258455,0.10188006695418461,0.12559572575494204
threshold,sub-pixel,0.3,0.3569313690286403,0.09671171239459508,0.12638904076490487
canny,pixel,0.3,0.6647266997047871,0.3048125986291066,0.4687057796278795
canny,sub-pixel,0.3,0.37224584747956047,0.10913193996317139,0.15261330650487182
threshold,pixel,0.3,0.46025044501702234,0.09866300229829505,0.15596231631990198
threshold,sub-pixel,0.3,0.34932560723402806,0.10181213282645873,0.17456434749916605
canny,pixel,0.3,0.684328714290658,0.3100358555377192,0.40297479367780786
canny,sub-pixel,0.3,0.37315940599618325,0.12112476197206035,0.18489725993987927
threshold,pixel,0.3,0.4460852340101552,0.07920333031368854,0.11074080836692257
threshold,sub-pixel,0.3,0.3493250653376232,0.08131748968750308,0.11012232100292785
canny,pixel,0.3,0.6428723144721831,0.27287324392793333,0.36028200722224213
canny,sub-pixel,0.3,0.36116380124781877,0.09040316272036719,0.11964862379322927
threshold,pixel,0.3,0.46188641596534796,0.0945101589763464,0.1289056879351369
threshold,sub-pixel,0.3,0.34937418750180843,0.08299549944272266,0.12428690425482625
canny,pixel,0.3,0.6553172752590053,0.3020223771056103,0.4367564987096175
canny,sub-pixel,0.3,0.37243209009865963,0.10088659109379483,0.14467597584804892
threshold,pixel,0.3,0.4662794147654557,0.10055195440150988,0.08590333328973365
threshold,sub-pixel,0.3,0.35324360529310816,0.10728158970659685,0.11835710781721698
canny,pixel,0.3,0.6593957154961436,0.3045717138828983,0.435418175542186
canny,sub-pixel,0.3,0.3760886502103654,0.12079419946853953,0.14556234336242202
threshold,pixel,0.3,0.48014399252135126,0.10984096258491194,0.15942434171669628
threshold,sub-pixel,0.3,0.35724176691388687,0.09396396270306684,0.12557150109738213
canny,pixel,0.3,0.6767171389855585,0.28724023948337263,0.40474175729934503
canny,sub-pixel,0.3,0.379911622856952,0.10636850687498067,0.11652806919806302
threshold,pixel,0.3,0.46908988384935824,0.10117997447050597,0.15953807562972333
threshold,sub-pixel,0.3,0.36331533227119117,0.10620145183130059,0.15229083787151332
canny,pixel,0.3,0.6650586078132272,0.3108701249698478,0.47724390171546105
canny,sub-pixel,0.3,0.3857336238720286,0.12283952520821306,0.16216458434913417
threshold,pixel,0.3,0.47118043256339237,0.11355546637882852,0.18706315028893883
threshold,sub-pixel,0.3,0.3628090740265526,0.10565183655592647,0.16063415529299485
canny,pixel,0.3,0.6500983430783975,0.30777057960146426,0.3793687632736429
canny,sub-pixel,0.3,0.38146243432747734,0.12365197306290399,0.18080467663661093
threshold,pixel,0.3,0.4839410954049064,0.09273161314227707,0.17623099977521406
threshold,sub-pixel,0.3,0.36836161441133053,0.09541612746350592,0.16148726425969429
canny,pixel,0.3,0.661345568745871,0.2862987700178352,0.42639417431094895
canny,sub-pixel,0.3,0.3845942837759194,0.10741238433477429,0.15917030870516058
threshold,pixel,0.3,0.48186351903710034,0.10995390193589727,0.12987083708936176
threshold,sub-pixel,0.3,0.35098155801675535,0.10055613156156729,0.12344330672953596
canny,pixel,0.3,0.6471175838243179,0.2975164143164273,0.39895926016128636
canny,sub-pixel,0.3,0.3700944834638171,0.11400550854049807,0.1534858279745217
threshold,pixel,0.3,0.4833628685764108,0.10135689465392583,0.16713303466112928
threshold,sub-pixel,0.3,0.3644225081735629,0.10662967088478403,0.1686232674059447
canny,pixel,0.3,0.663235575200811,0.2978987291890707,0.39152093173204117
canny,sub-pixel,0.3,0.3808039273137509,0.10816369697631556,0.18257181830235503
threshold,pixel,0.3,0.4792702661269237,0.10793960722237461,0.13564644323205854
threshold,sub-pixel,0.3,0.3588013830387978,0.09379291633953368,0.1160555483587471
canny,pixel,0.3,0.6496832214555366,0.28013985945710806,0.4340656426285907
canny,sub-pixel,0.3,0.37372656593081816,0.1160237781176181,0.16654993574807797
threshold,pixel,0.3,0.4664262755890771,0.11540965973060824,0.1530355866230626
threshold,sub-pixel,0.3,0.352238467100618,0.10130542101560902,0.12054145614552514
canny,pixel,0.3,0.6574453094199949,0.28640848599773716,0.3738902039114609
canny,sub-pixel,0.3,0.3686961012219001,0.10864111239497798,0.13849102462369212
threshold,pixel,0.3,0.48637698509812977,0.1766130918408182,0.25175171092879545
threshold,sub-pixel,0.3,0.37746984104954195,0.1509262094376318,0.21179636930111734
canny,pixel,0.3,0.6660434527000292,0.3342970678314543,0.4827868114213181
canny,sub-pixel,0.3,0.385687822083282,0.14253653008348843,0.1820055383576129
threshold,pixel,1.0,0.4832602311907155,0.10697631587362166,0.15466138482087022
threshold,sub-pixel,1.0,0.3624622098184411,0.09576167284293957,0.159639771768477
canny,pixel,1.0,0.6664388470888414,0.29532059307083847,0.4394727036116217
canny,sub-pixel,1.0,0.38106306444669463,0.11038330495417581,0.19901956663255582
threshold,pixel,1.0,0.4801005785629572,0.13448764809801106,0.1959692942748834
threshold,sub-pixel,1.0,0.3617803750934935,0.12008445757212938,0.17247183290798995
canny,pixel,1.0,0.6785304183804284,0.33389263576926154,0.45506766544875177
canny,sub-pixel,1.0,0.3871610762747754,0.13730371062108415,0.20307151792038036
threshold,pixel,1.0,0.47395774450101696,0.10942065161596459,0.15261326161446043
threshold,sub-pixel,1.0,0.3722847966034155,0.1170128861259585,0.17329648447247203
canny,pixel,1.0,0.6828519113651954,0.3243639838950121,0.4717817979544696
canny,sub-pixel,1.0,0.39300149076219343,0.12907042823282988,0.20648762208878413
threshold,pixel,1.0,0.4877604741461892,0.1433163079632982,0.21270421086055835
threshold,sub-pixel,1.0,0.36313027297651357,0.13324334890645395,0.19550041937100238
canny,pixel,1.0,0.6699233922850965,0.34647991184736227,0.4786898110998128
canny,sub-pixel,1.0,0.37875988858327353,0.13675145206939798,0.22714707517198773
threshold,pixel,1.0,0.4761049886498433,0.08431522087446819,0.12109031577418072
threshold,sub-pixel,1.0,0.36295814638494295,0.09935729424475404,0.11829981711621329
canny,pixel,1.0,0.6742022947988942,0.33405915150161003,0.47480240897482595
canny,sub-pixel,1.0,0.387635336675185,0.12210015593123269,0.16546300175370465
threshold,pixel,1.0,0.4589281781033295,0.09849938886051324,0.125524520221739
threshold,sub-pixel,1.0,0.3620662193806123,0.10044067727124228,0.1443365561907508
canny,pixel,1.0,0.6573263507332469,0.3191689653813865,0.41628365492048003
canny,sub-pixel,1.0,0.3855723324305393,0.1157871024992807,0.17213200670343065
threshold,pixel,1.0,0.48135607197598573,0.08886636724700248,0.1326945673021136
threshold,sub-pixel,1.0,0.37234191754531826,0.0982641718780517,0.1426426762108326
canny,pixel,1.0,0.6732469257865203,0.3186429769343093,0.49166455884037674
canny,sub-pixel,1.0,0.4010226082254753,0.11954227220924696,0.18531852073515687
threshold,pixel,1.0,0.4807560373433814,0.09588040151038202,0.13503737208586397
threshold,sub-pixel,1.0,0.3609472552419099,0.1009457997860177,0.1325014645135303
canny,pixel,1.0,0.6666841278493957,0.3169595666982139,0.4422757304848033
canny,sub-pixel,1.0,0.37912776222140643,0.1130099111108005,0.13950369994589806
threshold,pixel,1.0,0.47140793004919984,0.10011619280472006,0.13240400708139122
threshold,sub-pixel,1.0,0.36046981691869107,0.10340001955701239,0.16098210330557716
canny,pixel,1.0,0.6891726872089827,0.35254062820848797,0.47793918066022245
canny,sub-pixel,1.0,0.3781783785331675,0.13260481766808097,0.1944033111537773
threshold,pixel,1.0,0.48655227209572594,0.10758723845599016,0.13772902286828526
threshold,sub-pixel,1.0,0.3606242438643895,0.09501968135763494,0.11858745037562102
canny,pixel,1.0,0.6742993187626434,0.3222160427745233,0.4411894862354906
canny,sub-pixel,1.0,0.38068879828019686,0.11405955418025004,0.15160480719224
threshold,pixel,1.0,0.48286316093571824,0.1079216007454451,0.17326082846936242
threshold,sub-pixel,1.0,0.36127850657694377,0.10223145526001565,0.14304490016040194
canny,pixel,1.0,0.6743441503239509,0.3051571127495776,0.4807181621247212
canny,sub-pixel,1.0,0.3796424795189606,0.11066308095770938,0.16262933206729802
threshold,pixel,1.0,0.4908645354526432,0.11692202536701557,0.16251024215573606
threshold,sub-pixel,1.0,0.37804547378324216,0.10370923909697671,0.14005023562815833
canny,pixel,1.0,0.7111066326484218,0.35521926104779644,0.48025879243901315
canny,sub-pixel,1.0,0.416002208169699,0.14771672522984458,0.2220654058242837
threshold,pixel,1.0,0.48775278269645983,0.10162711358998888,0.1396555774014061
threshold,sub-pixel,1.0,0.3626880542383663,0.11263708382472037,0.160268649344653
canny,pixel,1.0,0.6507834674095893,0.30243731275233987,0.41755681108839937
canny,sub-pixel,1.0,0.3803017958864622,0.11585682827374444,0.15021269345605504
threshold,pixel,1.0,0.48056000283630196,0.10848827357221191,0.15885872337355744
threshold,sub-pixel,1.0,0.3652513311543538,0.10208417318790741,0.14722927340413117
canny,pixel,1.0,0.6784233781663722,0.33595783173425064,0.41925234760034513
canny,sub-pixel,1.0,0.3961982657669342,0.14006748117581336,0.1804963004317579
threshold,pixel,1.0,0.4791353180488337,0.10761185791043038,0.15864797410452702
threshold,sub-pixel,1.0,0.3681194778955714,0.10468906485805607,0.15838046440282882
canny,pixel,1.0,0.6743249923286274,0.32603845161616607,0.477636705267229
canny,sub-pixel,1.0,0.3959634911611715,0.13513354353711615,0.18436244089215048
threshold,pixel,2.0,0.47823884670871797,0.10426802505861144,0.17331848975801423
threshold,sub-pixel,2.0,0.3773387361611146,0.10321291496917717,0.1803906704139826
canny,pixel,2.0,0.7186873849833002,0.3083409247272684,0.335354959743702
canny,sub-pixel,2.0,0.45948501015247933,0.1321601178931291,0.11872498642325802
threshold,pixel,2.0,0.4836576228253201,0.08946252828208512,0.10257903833966431
threshold,sub-pixel,2.0,0.3725630004570185,0.09561355298097252,0.10618027404092167
canny,pixel,2.0,0.6827426234861358,0.328872291209924,0.43526950391654395
canny,sub-pixel,2.0,0.4108491700999114,0.12190852969567567,0.1265509434692662
threshold,pixel,2.0,0.46632177234906347,0.1048707607513446,0.14297602304220725
threshold,sub-pixel,2.0,0.36752470036232643,0.10168104698088931,0.12311294983401311
canny,pixel,2.0,0.7088223039550248,0.3549711398283615,0.46325085798290644
canny,sub-pixel,2.0,0.4145151924892467,0.13248386540760437,0.14158212369939882
threshold,pixel,2.0,0.49528179765731223,0.0923625842966993,0.15911472247139402
threshold,sub-pixel,2.0,0.3845968502463797,0.11263834419666141,0.1762317561366924
canny,pixel,2.0,0.7273433050775648,0.33153962812243054,0.4540991883729584
canny,sub-pixel,2.0,0.4493020812170287,0.1412060719206496,0.22012843142451777
threshold,pixel,2.0,0.4857757410261193,0.11285252627708342,0.13980295206981808
threshold,sub-pixel,2.0,0.3674367823609771,0.11702073267718194,0.15243247549992045
canny,pixel,2.0,0.6881487109119402,0.32580521070680546,0.4854613991383192
canny,sub-pixel,2.0,0.4093730441123755,0.1338484438411327,0.21320480869217207
threshold,pixel,2.0,0.490021229673128,0.09207761595960617,0.09486886998255883
threshold,sub-pixel,2.0,0.37310653952967165,0.0905147319326376,0.09583982693179482
canny,pixel,2.0,0.7193168785408239,0.35939283451095094,0.6436260093123876
canny,sub-pixel,2.0,0.44489658364458173,0.1457640823087052,0.285179033722601
threshold,pixel,2.0,0.48443941702213594,0.08445025207946633,0.1365578128820215
threshold,sub-pixel,2.0,0.3703241589948407,0.09586165277741632,0.14136733836397308
canny,pixel,2.0,0.6896336188324169,0.29589963740135516,0.357338873021535
canny,sub-pixel,2.0,0.40472134902413426,0.11924930599376249,0.15387686279751644
threshold,pixel,2.0,0.4729795146805328,0.09386898314228986,0.11481191608808494
threshold,sub-pixel,2.0,0.3617955125461757,0.09505241119903296,0.11419537669383217
canny,pixel,2.0,0.6965327020737604,0.34574679484796556,0.6712345979279517
canny,sub-pixel,2.0,0.4331365123500176,0.14296195252010047,0.33632562447849157
threshold,pixel,2.0,0.47439965802457174,0.11712904353627085,0.17496357270077256
threshold,sub-pixel,2.0,0.37209029216607425,0.11797471779142166,0.17815965564220182
canny,pixel,2.0,0.693961135186871,0.36176883257777503,0.5177845011918203
canny,sub-pixel,2.0,0.42923429431820626,0.1570977611895048,0.2170495906582155
threshold,pixel,2.0,0.47440900595240926,0.10620319059468342,0.15494507913382183
threshold,sub-pixel,2.0,0.3729405727829851,0.10239748691411976,0.13482993119820463
canny,pixel,2.0,0.6552826804195641,0.31350707223749175,0.5561475452483702
canny,sub-pixel,2.0,0.3974037455831421,0.12429877475714801,0.1912391076716462
threshold,pixel,2.0,0.481559524712466,0.0896773382739644,0.12062744540165493
threshold,sub-pixel,2.0,0.37159323640132436,0.09370376589419949,0.12414747032239326
canny,pixel,2.0,0.7316722454674858,0.3232653064516886,0.5637582817357334
canny,sub-pixel,2.0,0.45684677027911436,0.14099384149288152,0.26366325775180854
threshold,pixel,2.0,0.479682681717218,0.08281601948006001,0.11635261614087256
threshold,sub-pixel,2.0,0.37036215709253506,0.10276290037956848,0.12997568759623945
canny,pixel,2.0,0.6637936785010209,0.3159951853187051,0.41422735630635277
canny,sub-pixel,2.0,0.40614548511830173,0.12509024810561886,0.15523249420331275
threshold,pixel,2.0,0.47143851073740184,0.10038686081822168,0.16312530158464256
threshold,sub-pixel,2.0,0.35785712709475764,0.10022176474610545,0.1482572353769669
canny,pixel,2.0,0.7218414273416134,0.3157211318151283,0.5143168052290736
canny,sub-pixel,2.0,0.4356989428227359,0.13602294725004205,0.1790582222228405
threshold,pixel,2.0,0.46824364276093533,0.06393806776201694,0.050538412928702314
threshold,sub-pixel,2.0,0.37475545845080704,0.0800355129984236,0.08855405605873878
canny,pixel,2.0,0.6517299802665499,0.3071632245043343,0.37315556193661914
canny,sub-pixel,2.0,0.4079167956829322,0.0981477777006412,0.11182680972126136
threshold,pixel,2.0,0.4699640975180784,0.09105229392340686,0.14289199301260247
threshold,sub-pixel,2.0,0.36916777355884356,0.08225652801547456,0.11334689695278133
canny,pixel,2.0,0.6941300580774399,0.30455681420753367,0.5029715963665922
canny,sub-pixel,2.0,0.4129922074578283,0.10321811779850942,0.23108996742112442
threshold,pixel,4.0,0.5038989698961509,0.09530424099533485,0.1539510076757944
threshold,sub-pixel,4.0,0.4059246756198818,0.10576344101679713,0.16913567986683464
canny,pixel,4.0,1.1268740251655158,0.6650364944472427,1.0145221915670857
canny,sub-pixel,4.0,0.8923235288478493,0.49647091077773986,0.7710672572167394
threshold,pixel,4.0,0.488282360107798,0.1142360195879022,0.1844535084604617
threshold,sub-pixel,4.0,0.37804026015946424,0.11370729118198364,0.1863429214499579
canny,pixel,4.0,1.1553603661566876,0.588107562245386,0.6327641326909834
canny,sub-pixel,4.0,0.9094784465286556,0.4066087668617411,0.35602274046356985
threshold,pixel,4.0,0.4810056864292577,0.09805367242262619,0.14158838197583323
threshold,sub-pixel,4.0,0.3785844882155176,0.09761060436539326,0.16747772216857637
canny,pixel,4.0,1.0214003888725707,0.5002686817653499,0.7281846900236109
canny,sub-pixel,4.0,0.7748191353236373,0.29497336678277564,0.42400358681214856
threshold,pixel,4.0,0.48005704659284826,0.09866625713684729,0.16364525457496182
threshold,sub-pixel,4.0,0.37991384649364857,0.09096423049151858,0.14738216392238268
canny,pixel,4.0,1.1105120594443498,0.6372297169512666,1.009282381359153
canny,sub-pixel,4.0,0.8670886704843112,0.4751938147972423,0.797584245786155
threshold,pixel,4.0,0.48584340321605024,0.10558402012963719,0.15309360082478518
threshold,sub-pixel,4.0,0.3813427425705709,0.1008699842800922,0.14580333463293682
canny,pixel,4.0,1.1308248298510208,0.6430683693282895,0.7538996697942051
canny,sub-pixel,4.0,0.8726082806813755,0.46123391331813,0.4869066018536792
threshold,pixel,4.0,0.48768010522994204,0.10576790872220654,0.17669583587830573
threshold,sub-pixel,4.0,0.40050305093734806,0.10749805713172456,0.1787655242373889
canny,pixel,4.0,1.0009659245294737,0.5462107246930072,0.9551979140665141
canny,sub-pixel,4.0,0.7580825518264809,0.3689751768498668,0.7013251625981938
threshold,pixel,4.0,0.48170369954859976,0.09547408071120023,0.10346488389464437
threshold,sub-pixel,4.0,0.377264241370016,0.09493610123318885,0.10664935917585616
canny,pixel,4.0,1.2316554364503558,0.7050544974960473,1.0112299262791464
canny,sub-pixel,4.0,0.9870162328068603,0.5208080764111715,0.7510247449920251
threshold,pixel,4.0,0.4862047043514241,0.10700072067977517,0.18553027983669956
threshold,sub-pixel,4.0,0.386185193854224,0.11070355163258316,0.16626052828108495
canny,pixel,4.0,0.9991927614412539,0.4093721646459909,0.4416749804666811
canny,sub-pixel,4.0,0.7278635626809682,0.22646887436148755,0.17229965212102005
threshold,pixel,4.0,0.4854840500167321,0.10388847901330145,0.1470479615552911
threshold,sub-pixel,4.0,0.39160972405733335,0.11862062853067856,0.16819861064209274
canny,pixel,4.0,1.03700793726719,0.5700102704011967,1.010446898103058
canny,sub-pixel,4.0,0.8131706138338846,0.37862949072389807,0.7429630067615385
threshold,pixel,4.0,0.47598424967082126,0.09810028743526789,0.14814371409288052
threshold,sub-pixel,4.0,0.37481332652317095,0.0945178447330215,0.15660772910269483
canny,pixel,4.0,1.1713153251531365,0.6751471133968967,0.8406019958782704
canny,sub-pixel,4.0,0.9405819707402552,0.4992633831134621,0.6703915381255494
threshold,pixel,4.0,0.47493493060780534,0.07759481767167298,0.10379739771472973
threshold,sub-pixel,4.0,0.3799049754889978,0.09417338842114575,0.12923446054456367
canny,pixel,4.0,1.0613567814266751,0.7255631953510211,1.280233769841176
canny,sub-pixel,4.0,0.8275032715282141,0.5484152847273509,0.9866291787212389
threshold,pixel,4.0,0.4622907363128309,0.07693065994776038,0.10915600326582187
threshold,sub-pixel,4.0,0.36836089891181456,0.09843969739798042,0.1207779355592482
canny,pixel,4.0,1.0923260266286907,0.584440116563691,0.910676133065127
canny,sub-pixel,4.0,0.8573334909359367,0.403744830002269,0.629260491031983
threshold,pixel,4.0,0.508304716354079,0.10313291394111479,0.11838597389649763
threshold,sub-pixel,4.0,0.39818043314516627,0.10762509315371682,0.1326740182071049
canny,pixel,4.0,1.2041447704702486,0.6350586605316833,0.8828719019669808
canny,sub-pixel,4.0,0.9591791818366223,0.45664083991170257,0.5879128581050574
threshold,pixel,4.0,0.4776094869763523,0.10137300328774135,0.14661643540672298
threshold,sub-pixel,4.0,0.37151295823622554,0.10240755469404617,0.1579262866572151
canny,pixel,4.0,1.28223041474831,0.7315455702785909,1.1885182190123023
canny,sub-pixel,4.0,1.0263785600894197,0.5715548780787898,0.9555437901858279
threshold,pixel,4.0,0.4904401910298222,0.06573856480557239,0.09142474550986401
threshold,sub-pixel,4.0,0.3869570836152311,0.08678904951824284,0.11889104544942786
canny,pixel,4.0,1.0749207922260493,0.5472734662096961,0.8109453820260937
canny,sub-pixel,4.0,0.8320070068336947,0.3538805337643305,0.5717430384039401
threshold,pixel,0.3,0.4616203604583994,0.11909672831788698,0.1375235486151527
threshold,sub-pixel,0.3,0.3538535788914724,0.09851333076073865,0.1024345670546234
canny,pixel,0.3,0.6620656357828314,0.3027574628657248,0.337406775458009
canny,sub-pixel,0.3,0.3770690919995203,0.12214764326445993,0.14511919955142227
threshold,pixel,0.3,0.46209748749792057,0.09729427670542146,0.10706000342257971
threshold,sub-pixel,0.3,0.35615131006226086,0.10185619522539402,0.11904483724015869
canny,pixel,0.3,0.664813287540984,0.3028485484226522,0.34018261802475536
canny,sub-pixel,0.3,0.3877696328394699,0.1239651784328728,0.12850071536999907
threshold,pixel,0.3,0.4746054446866271,0.1218379769620419,0.11675008517588914
threshold,sub-pixel,0.3,0.35090337955409173,0.11132970569020872,0.10448323489049915
canny,pixel,0.3,0.6490337781329522,0.3233181714694875,0.44429397607729326
canny,sub-pixel,0.3,0.36900189489341706,0.1262564015455141,0.13635223284319054
threshold,pixel,0.3,0.46774727534335897,0.0951762748902425,0.10580303457522655
threshold,sub-pixel,0.3,0.35779396457349943,0.0858357801532692,0.1129678190724217
canny,pixel,0.3,0.6558139905335892,0.3083646608336752,0.3208032296452541
canny,sub-pixel,0.3,0.3973828658359905,0.12413463222199739,0.14898669060900982
threshold,pixel,0.3,0.45617262403376946,0.10724388522680584,0.058398099265667636
threshold,sub-pixel,0.3,0.3497904455758226,0.11297082973953265,0.09275878473561328
canny,pixel,0.3,0.6593708160440835,0.34751649039933263,0.33906430770112106
canny,sub-pixel,0.3,0.37342509350889175,0.14771545371796901,0.11400128691033684
threshold,pixel,0.3,0.4945348937885101,0.12701175078495242,0.09833045124483064
threshold,sub-pixel,0.3,0.37393397273557755,0.11920563528122607,0.11607563316650582
canny,pixel,0.3,0.6835492190576488,0.34633408429777734,0.2953182880136107
canny,sub-pixel,0.3,0.41116716052747976,0.15718037659332262,0.16846858390918928
threshold,pixel,0.3,0.469248184223958,0.09690414448625506,0.10998599152033917
threshold,sub-pixel,0.3,0.3477745574519897,0.09483591692274174,0.10894563534015456
canny,pixel,0.3,0.6351928122465822,0.289007018550721,0.30083794601893477
canny,sub-pixel,0.3,0.3592726084176487,0.0898247713793261,0.08640209505796559
threshold,pixel,0.3,0.47207370379903313,0.11351950005933986,0.12828414563729273
threshold,sub-pixel,0.3,0.3570860669988202,0.11758228180494346,0.1366712470471696
canny,pixel,0.3,0.6667519625129354,0.3285980532813102,0.4260492941283003
canny,sub-pixel,0.3,0.3745611211180677,0.1354884767101867,0.14801958835551776
threshold,pixel,0.3,0.47266617169542097,0.1250425652261764,0.16111392534179325
threshold,sub-pixel,0.3,0.35546273108685444,0.11415635129372959,0.15232203004164813
canny,pixel,0.3,0.6576030896620775,0.3339354968812107,0.4028775552493973
canny,sub-pixel,0.3,0.3662168397402664,0.12403539979840805,0.1828438156908212
threshold,pixel,0.3,0.48032559342209824,0.10465866451129013,0.12819429778191305
threshold,sub-pixel,0.3,0.3747641984320663,0.09436707214610096,0.10466143057562904
canny,pixel,0.3,0.650425330349228,0.2892145156598638,0.25069954715003506
canny,sub-pixel,0.3,0.40023372329786155,0.10863084783767629,0.11394505318715531
threshold,pixel,0.3,0.482950030100048,0.11351620485848146,0.10643325802210457
threshold,sub-pixel,0.3,0.3555210614639095,0.0970500098188769,0.09516757964787681
canny,pixel,0.3,0.6858611874064379,0.33565672487122744,0.3557053940013861
canny,sub-pixel,0.3,0.39433298012822376,0.12691136931122404,0.12391183764074798
threshold,pixel,0.3,0.4688276226912437,0.111120864527545,0.11951611058686584
threshold,sub-pixel,0.3,0.35460664583876544,0.10537192797590222,0.12974770159588456
canny,pixel,0.3,0.6586149808208632,0.3205885857116313,0.32987904706468996
canny,sub-pixel,0.3,0.3687012595527428,0.12015046073507674,0.12678854947865403
threshold,pixel,0.3,0.4654400358767463,0.10671563702908715,0.1132142527585751
threshold,sub-pixel,0.3,0.358399759193442,0.10475797390439667,0.11221154671294897
canny,pixel,0.3,0.6622942076995417,0.3293252370047468,0.41876982335707336
canny,sub-pixel,0.3,0.4017025087064384,0.14907382611955433,0.19468816041465198
threshold,pixel,0.3,0.484750575047043,0.1067931487443492,0.11728080426957854
threshold,sub-pixel,0.3,0.3602869677627657,0.10394522023681851,0.1258075027235117
canny,pixel,0.3,0.6511952282661517,0.332824167655037,0.41169982398933014
canny,sub-pixel,0.3,0.380342112173207,0.12686607252293403,0.14038938720807081
threshold,pixel,0.3,0.4729764245967475,0.11103261114024998,0.10779628010414433
threshold,sub-pixel,0.3,0.3538532366943996,0.10126202690425101,0.08765531905508794
canny,pixel,0.3,0.6619879885312786,0.32710548415005114,0.3777664355684123
canny,sub-pixel,0.3,0.36721027580268617,0.11462625919757574,0.09533031393392832
threshold,pixel,1.0,0.46686455187202425,0.11219499324904936,0.11820032561821536
threshold,sub-pixel,1.0,0.36756963930622577,0.09895980602226362,0.0974951494450842
canny,pixel,1.0,0.6721060028219946,0.29016801644191936,0.31344925980945204
canny,sub-pixel,1.0,0.39153138122100783,0.11087293091046568,0.1249132637361785
threshold,pixel,1.0,0.4752427750906934,0.0916677950224416,0.056862834161261144
threshold,sub-pixel,1.0,0.3812866149978308,0.09607270271183044,0.09851292769821907
canny,pixel,1.0,0.6905687169277233,0.32865617266064207,0.29792626355650675
canny,sub-pixel,1.0,0.41080967524674816,0.11856261447715277,0.09701271873063799
threshold,pixel,1.0,0.47696604213238325,0.09548184757460221,0.10046386264136054
threshold,sub-pixel,1.0,0.36460432823169586,0.10551197527624145,0.09492843452330124
canny,pixel,1.0,0.6791759136007791,0.32222428909755085,0.3095186539768915
canny,sub-pixel,1.0,0.3929839178731992,0.1229051116676465,0.09941761116508463
threshold,pixel,1.0,0.4632442809318891,0.09775221540089452,0.09552535628748782
threshold,sub-pixel,1.0,0.3569299764512942,0.1024574909231395,0.08869557050113652
canny,pixel,1.0,0.6542578550781795,0.3455719852468302,0.36944338141075406
canny,sub-pixel,1.0,0.37075864984484036,0.1206469440334812,0.11166873753991435
threshold,pixel,1.0,0.4802907146856219,0.0963440414904917,0.08972290227279878
threshold,sub-pixel,1.0,0.3578934480189413,0.10357236976512607,0.1058290019826238
canny,pixel,1.0,0.7041908877447531,0.3457486134194061,0.3286409569701596
canny,sub-pixel,1.0,0.4072966296806362,0.13860368364200393,0.14867010542669634
threshold,pixel,1.0,0.4746624078253389,0.10430971518300391,0.10672035917586298
threshold,sub-pixel,1.0,0.36347360836417164,0.09487570331823014,0.11818458215822902
canny,pixel,1.0,0.6678754530761892,0.3266662989378437,0.3748709056811088
canny,sub-pixel,1.0,0.38849400189758887,0.12689417177523143,0.14903069884917874
threshold,pixel,1.0,0.46638102825385747,0.09652333880782415,0.0777794283717248
threshold,sub-pixel,1.0,0.36053657516517135,0.10219628903971811,0.12574293304719664
canny,pixel,1.0,0.6669805748808435,0.32794958108870453,0.3597078166221457
canny,sub-pixel,1.0,0.3805979000761853,0.1184773071027625,0.1414039045170976
threshold,pixel,1.0,0.4759407680953772,0.13172925067434438,0.15753685800213857
threshold,sub-pixel,1.0,0.363217799215886,0.12152220870279273,0.1352344717910099
canny,pixel,1.0,0.6653127686016033,0.344794264921358,0.3553441767811658
canny,sub-pixel,1.0,0.3854934894327483,0.13355623661784954,0.10120768036045247
threshold,pixel,1.0,0.4851160074031662,0.11642726057961861,0.10500033662536046
threshold,sub-pixel,1.0,0.3667335582962248,0.112270062002086,0.10753280629929174
canny,pixel,1.0,0.6592773484779977,0.3320096193656501,0.40594845281345737
canny,sub-pixel,1.0,0.37968672767294276,0.12218890001755245,0.1051003628710947
threshold,pixel,1.0,0.47042068122357567,0.10534360769905615,0.10994656108178047
threshold,sub-pixel,1.0,0.35291935633694105,0.10537828205983191,0.11390873053145567
canny,pixel,1.0,0.6715941589309118,0.3099329004465172,0.2750949162508367
canny,sub-pixel,1.0,0.39544389487361054,0.13480832312257562,0.12611598058217677
threshold,pixel,1.0,0.4797716769871867,0.1337221630880372,0.21150430274429288
threshold,sub-pixel,1.0,0.3722246959269023,0.12725723540133482,0.20220627227729082
canny,pixel,1.0,0.6794210789769715,0.33805769079068027,0.3450820504986969
canny,sub-pixel,1.0,0.388817969471011,0.12647025309821114,0.19489732730201892
threshold,pixel,1.0,0.485738307581682,0.10794332116662009,0.10180959669139211
threshold,sub-pixel,1.0,0.3643575419281153,0.09531877978045777,0.08926667674244815
canny,pixel,1.0,0.6957333751647068,0.3138591825112047,0.2668283382346859
canny,sub-pixel,1.0,0.40368168147418465,0.1360173314219537,0.11499679430655796
threshold,pixel,1.0,0.47807127039976816,0.10181067219837625,0.08264371877281906
threshold,sub-pixel,1.0,0.36328968370055365,0.10591433842151621,0.08964676967874086
canny,pixel,1.0,0.6761851483763035,0.32204002731823334,0.3732031818930146
canny,sub-pixel,1.0,0.3965457397436542,0.14337448076711157,0.11876125388812753
threshold,pixel,1.0,0.47605031590962205,0.09780849412352643,0.12355764074008313
threshold,sub-pixel,1.0,0.360151103211657,0.09173045274671754,0.12568419277394716
canny,pixel,1.0,0.6533085873097303,0.2987870355366302,0.27531147105954146
canny,sub-pixel,1.0,0.3899286468237144,0.1107211569091453,0.11234507153274631
threshold,pixel,1.0,0.4664173655815615,0.08788165956664895,0.047387890844798886
threshold,sub-pixel,1.0,0.3586282543405915,0.09926063465906965,0.11118166299894128
canny,pixel,1.0,0.6600387871788538,0.3199025441494314,0.3387795789586372
canny,sub-pixel,1.0,0.3812543928753569,0.13127788363741044,0.13807008151716538
threshold,pixel,2.0,0.48241218297381155,0.10124679159590277,0.13387322713223693
threshold,sub-pixel,2.0,0.36754845767708966,0.10330425131350007,0.12375730454212563
canny,pixel,2.0,0.6960777783328992,0.33736545600070444,0.3004095487760394
canny,sub-pixel,2.0,0.4215452230835057,0.1305149402597492,0.07632186432553789
threshold,pixel,2.0,0.49533228841240134,0.13514705962996176,0.1375457676231826
threshold,sub-pixel,2.0,0.3771369984132029,0.12110757129462035,0.11594708158666878
canny,pixel,2.0,0.6871092304414141,0.3286324626479522,0.36513003939118915
canny,sub-pixel,2.0,0.4183048400675372,0.12622852186661615,0.1592981046772044
threshold,pixel,2.0,0.467773968093422,0.12205276522187414,0.16642615718930776
threshold,sub-pixel,2.0,0.35616188960241824,0.11485620547856468,0.1569728903858869
canny,pixel,2.0,0.6698492222848401,0.3461911592640863,0.444208170189643
canny,sub-pixel,2.0,0.39469464184118097,0.1447344156748196,0.19266302760202292
threshold,pixel,2.0,0.48326784673439793,0.11348746259985676,0.09922061370952795
threshold,sub-pixel,2.0,0.38629838961336227,0.13173984402866679,0.13842027240789223
canny,pixel,2.0,0.7923113812354541,0.4055904747447303,0.49958076616985814
canny,sub-pixel,2.0,0.49826705399444005,0.20790688555558479,0.293359943677999
threshold,pixel,2.0,0.48521930983935074,0.10950635857940583,0.14667178478402754
threshold,sub-pixel,2.0,0.36506573016575206,0.1007503384178472,0.12611535975814858
canny,pixel,2.0,0.7452425389380948,0.33092678479001747,0.4406157575862437
canny,sub-pixel,2.0,0.4484940373138807,0.1347967588198815,0.20857280781944576
threshold,pixel,2.0,0.48833225519058665,0.1403115251440552,0.1766432633488102
threshold,sub-pixel,2.0,0.3829438437367708,0.14397231054723814,0.19498575109660665
canny,pixel,2.0,0.7650539388806938,0.39219135627402646,0.2938186475334006
canny,sub-pixel,2.0,0.4724201036453032,0.1819366008448724,0.06780739104830236
threshold,pixel,2.0,0.4701620149698226,0.08228453472265285,0.06704157706474101
threshold,sub-pixel,2.0,0.35728976202341767,0.08798619936638641,0.09638626379885329
canny,pixel,2.0,0.6458051531456883,0.30269813047625704,0.28309167514560585
canny,sub-pixel,2.0,0.4017910648524117,0.12859405581679217,0.11109367987055574
threshold,pixel,2.0,0.5023653720624026,0.11089539319987751,0.09669077905523471
threshold,sub-pixel,2.0,0.3861136372834522,0.12354004499341609,0.12539097999071736
canny,pixel,2.0,0.7596212006565397,0.37874738409161557,0.4377561757482873
canny,sub-pixel,2.0,0.4767433148511518,0.15274578704562725,0.20173578814834459
threshold,pixel,2.0,0.4828942488935309,0.11176050107821012,0.10376987681783056
threshold,sub-pixel,2.0,0.380479882799823,0.10172356242814518,0.10095843403526183
canny,pixel,2.0,0.691455209929991,0.33938715438091993,0.29718078199372666
canny,sub-pixel,2.0,0.4243132145731331,0.12343728897589301,0.10628778897703972
threshold,pixel,2.0,0.48884731134869247,0.13889170369100512,0.134070425333626
threshold,sub-pixel,2.0,0.3864641420001385,0.12782593374840645,0.12033466738717102
canny,pixel,2.0,0.6762408069416773,0.3439591632615191,0.38156323415546556
canny,sub-pixel,2.0,0.42006835828308564,0.16080204843647294,0.1471955740823585
threshold,pixel,2.0,0.4686857661094881,0.09706071867501453,0.10418200630130592
threshold,sub-pixel,2.0,0.36265436138129004,0.10584485429506918,0.12166830685595098
canny,pixel,2.0,0.7052684171727106,0.34715049235629847,0.38889828010914496
canny,sub-pixel,2.0,0.4214699985634839,0.1445906599486786,0.13442459425386621
threshold,pixel,2.0,0.47009366519925766,0.09512199096317198,0.09985754112034151
threshold,sub-pixel,2.0,0.36784720446521235,0.10451601152863721,0.11184789458494482
canny,pixel,2.0,0.7037674170246035,0.33623455328606355,0.4512471241819047
canny,sub-pixel,2.0,0.42244841504809794,0.13648248979659683,0.1584853075090238
threshold,pixel,2.0,0.47053078945497023,0.10405872516223136,0.13859020863772242
threshold,sub-pixel,2.0,0.3748163141898192,0.1072155262048533,0.13947455380240248
canny,pixel,2.0,0.6922892366557484,0.31439421469765305,0.31730801335389813
canny,sub-pixel,2.0,0.41474710372451956,0.11946356975772021,0.12444891906240141
threshold,pixel,2.0,0.4572437185492334,0.09606436424704823,0.10689396104444038
threshold,sub-pixel,2.0,0.3636773383967561,0.10693435459820755,0.1322860417817564
canny,pixel,2.0,0.6690258419436994,0.29608782782678067,0.33173573885726526
canny,sub-pixel,2.0,0.3904497080570362,0.10776473950317667,0.11123857220435163
threshold,pixel,2.0,0.4653018072507641,0.09498754216203142,0.12791522058230687
threshold,sub-pixel,2.0,0.35205004298916387,0.07956100367588714,0.09290137242605967
canny,pixel,2.0,0.6661599248829688,0.2986083869498193,0.36579781170575254
canny,sub-pixel,2.0,0.38036800396251724,0.11680897004775481,0.122432928146329
threshold,pixel,4.0,0.4894050892208335,0.10465937410780501,0.12275024119108746
threshold,sub-pixel,4.0,0.369576276633779,0.11184830334494933,0.11315115174016466
canny,pixel,4.0,1.0703005474238554,0.5116915239407918,0.12334842741535246
canny,sub-pixel,4.0,0.797519686419886,0.32816334381650103,0.14032595194153696
threshold,pixel,4.0,0.47364912990175734,0.06524556440193718,0.03591095750498674
threshold,sub-pixel,4.0,0.3780184392747151,0.10159277227702512,0.06754033654997604
canny,pixel,4.0,0.9411171145120889,0.4285053886292709,0.4464482334429771
canny,sub-pixel,4.0,0.6968108552690517,0.25908394897685105,0.24079820349390646
threshold,pixel,4.0,0.48872137265114646,0.09493243206983681,0.13018585501087676
threshold,sub-pixel,4.0,0.3887862041561089,0.10424733731741687,0.14125294719551906
canny,pixel,4.0,1.1499120443970945,0.5999619267961889,0.3588715080943743
canny,sub-pixel,4.0,0.9162873925354525,0.4169014709543082,0.13896690933182176
threshold,pixel,4.0,0.48567103829941893,0.08891875249647874,0.07160098047135044
threshold,sub-pixel,4.0,0.38863250952286266,0.11074198715126893,0.13353738725141362
canny,pixel,4.0,1.0620345179185664,0.4994861412890086,0.16637750646075133
canny,sub-pixel,4.0,0.8003480742599387,0.3158795794211138,0.04619542552668898
threshold,pixel,4.0,0.47793263436992695,0.09490800427827528,0.05876138723923763
threshold,sub-pixel,4.0,0.37828031990831645,0.11667020681242413,0.13539445810964956
canny,pixel,4.0,1.09220672699459,0.6496504503191285,0.49101472885806796
canny,sub-pixel,4.0,0.8558449786133856,0.5023889081442212,0.344435939809673
threshold,pixel,4.0,0.4678736512314364,0.075318459047097,0.09436728224541957
threshold,sub-pixel,4.0,0.3632592394819911,0.0821318916220124,0.09602393778880369
canny,pixel,4.0,1.1798343426326143,0.576138725395829,0.47181215311217795
canny,sub-pixel,4.0,0.9233946518403494,0.4075509082706008,0.25809366218997676
threshold,pixel,4.0,0.4892614352104264,0.08309991078015622,0.08361722927407245
threshold,sub-pixel,4.0,0.3766468775478786,0.09335652733756183,0.10565584470854761
canny,pixel,4.0,1.0297209087223833,0.4640233928895312,0.3912558299782112
canny,sub-pixel,4.0,0.772181861567625,0.2532917451653751,0.16557909032999518
threshold,pixel,4.0,0.48224551420348166,0.093107975477281,0.027566176463829528
threshold,sub-pixel,4.0,0.3901658199213496,0.09659040006716824,0.05288572759693544
canny,pixel,4.0,1.3632400144458123,0.8165989175067565,0.6681660851566043
canny,sub-pixel,4.0,1.1181683977990766,0.6172594798138995,0.4386306100602382
threshold,pixel,4.0,0.4895847947041876,0.08071678321742226,0.05678977541289765
threshold,sub-pixel,4.0,0.3758174610844601,0.08779938171454327,0.08137064992433762
canny,pixel,4.0,1.1396891491427525,0.5605648501916993,0.5527102524563365
canny,sub-pixel,4.0,0.9230058240877211,0.39746550819561666,0.3664251090765598
threshold,pixel,4.0,0.48598561904327825,0.08689732717105336,0.10750796995364986
threshold,sub-pixel,4.0,0.38262770636113363,0.09329135131351407,0.12625195584613325
canny,pixel,4.0,1.2992184609951174,0.7065078452716218,0.36239570727974124
canny,sub-pixel,4.0,1.0479778941130728,0.5378380128256632,0.21863869257482849
threshold,pixel,4.0,0.4791118204805324,0.09813921360308897,0.09432632591731593
threshold,sub-pixel,4.0,0.3806567799517938,0.11140792276317524,0.13646850552696366
canny,pixel,4.0,1.1144331517910269,0.5488716124825219,0.429579981268315
canny,sub-pixel,4.0,0.8875338150858856,0.3671989888595255,0.18799775935203566
threshold,pixel,4.0,0.47999757858318315,0.08155967016888166,0.11112737360127412
threshold,sub-pixel,4.0,0.37928127465699185,0.07950130413357148,0.10379618790951906
canny,pixel,4.0,1.0716885459313037,0.5141292918089349,0.0015191661538223045
canny,sub-pixel,4.0,0.8570795032604227,0.35254937868520697,0.1719608310398284
threshold,pixel,4.0,0.49129764392256614,0.0959724073785646,0.14348147037026315
threshold,sub-pixel,4.0,0.385404023291685,0.10719089207892019,0.12902254351736753
canny,pixel,4.0,0.9287429253266826,0.4049334654897063,0.3090275984323352
canny,sub-pixel,4.0,0.6733421672767697,0.21635252071329347,0.11582012728887259
threshold,pixel,4.0,0.48542574140946604,0.10993597614741257,0.1028068108282385
threshold,sub-pixel,4.0,0.38076617722322337,0.10851577217231623,0.129082904697309
canny,pixel,4.0,1.2157845114979486,0.6538866166876047,0.5838356947360492
canny,sub-pixel,4.0,0.9775049060376538,0.4803191566530025,0.36425989296727046
threshold,pixel,4.0,0.49160819820737806,0.09140288073626546,0.08750618691176282
threshold,sub-pixel,4.0,0.39379024124962503,0.11064453413412378,0.12189081384940703
canny,pixel,4.0,1.1857040781749215,0.6319795309818705,0.13692191342875937
canny,sub-pixel,4.0,0.941943304613614,0.4615406916354876,0.058711715578799506
threshold,pixel,0.3,0.47498936172463935,0.09369920626457806,0.029092288324996662
threshold,sub-pixel,0.3,0.35731678941643336,0.0930424371192542,0.0833770379804819
canny,pixel,0.3,0.6408259681690556,0.29037054585620625,0.2425837694509787
canny,sub-pixel,0.3,0.37757642508723055,0.10766190625757166,0.07780895781257158
threshold,pixel,0.3,0.46984888643943934,0.1373129612649373,0.07189229102940997
threshold,sub-pixel,0.3,0.35264457178595243,0.10599359868165203,0.0787012538450389
canny,pixel,0.3,0.6487289453046052,0.3118237563811419,0.22318392032371315
canny,sub-pixel,0.3,0.3702329962412818,0.12000360769165419,0.07892995451202856
threshold,pixel,0.3,0.47557288331849823,0.09413685991683152,0.070420577919593
threshold,sub-pixel,0.3,0.36166224097767774,0.08098679119546559,0.053802421856750104
canny,pixel,0.3,0.6713955460800787,0.29679689200984694,0.22183965660600835
canny,sub-pixel,0.3,0.38249690558919747,0.09794769967656225,0.04886177758053245
threshold,pixel,0.3,0.47847525451778783,0.10535007276315689,0.05009841208144472
threshold,sub-pixel,0.3,0.36139299191923396,0.10334022932785514,0.08919961231799611
canny,pixel,0.3,0.6774046846519749,0.3241057539053267,0.16908642138633567
canny,sub-pixel,0.3,0.38584432124706436,0.12515682519295068,0.10694136871039195
threshold,pixel,0.3,0.4665819770590559,0.11150097732700615,0.03331856834968505
threshold,sub-pixel,0.3,0.3536046266134707,0.10425518943571754,0.062126740673301484
canny,pixel,0.3,0.6446491091151094,0.28714071254291174,0.1565855201295605
canny,sub-pixel,0.3,0.38062695907423805,0.1260629244017819,0.06398997508596915
threshold,pixel,0.3,0.47642693753137566,0.10829257789331481,0.04800589203949235
threshold,sub-pixel,0.3,0.3601772482125326,0.09703453065671264,0.07694129807867034
canny,pixel,0.3,0.6707739866655764,0.33260409278833114,0.2564073915308849
canny,sub-pixel,0.3,0.38891620728812604,0.13270969872705352,0.11916823453256153
threshold,pixel,0.3,0.4694164671342602,0.08882999572245431,0.056211849468055686
threshold,sub-pixel,0.3,0.35614990432834054,0.08773563383588368,0.07374943533816669
canny,pixel,0.3,0.6486242947541854,0.27254741083941414,0.16528731732780066
canny,sub-pixel,0.3,0.35747552869156257,0.08326629973875344,0.05670869654751298
threshold,pixel,0.3,0.4964124044010122,0.10168119444044477,0.08104423719965315
threshold,sub-pixel,0.3,0.3634752825928258,0.10819064057770955,0.10577527992418512
canny,pixel,0.3,0.6478699146821791,0.2938994743592338,0.2804569185484085
canny,sub-pixel,0.3,0.37161239062752754,0.11472214214390042,0.10982934358246466
threshold,pixel,0.3,0.49314125174010015,0.13284130012284767,0.07624367209218041
threshold,sub-pixel,0.3,0.3632222039392029,0.11792590437091666,0.08136821833240093
canny,pixel,0.3,0.6698624516692205,0.31507159831388765,0.21548933990126296
canny,sub-pixel,0.3,0.38177470628421495,0.13144927750669955,0.08885263819188083
threshold,pixel,0.3,0.46649047679662903,0.10365786190666326,0.04883220157965473
threshold,sub-pixel,0.3,0.35234461951287044,0.09433669001568545,0.048518420515263116
canny,pixel,0.3,0.6701474159088785,0.3473564536065499,0.2740589954282169
canny,sub-pixel,0.3,0.381671621189113,0.1261140310314175,0.09067591844841072
threshold,pixel,0.3,0.4701009360564843,0.12659269868037848,0.14486519766645145
threshold,sub-pixel,0.3,0.34808088442302987,0.1181961999061969,0.1235741300459332
canny,pixel,0.3,0.6510638709296809,0.3269164999608314,0.23692461802703146
canny,sub-pixel,0.3,0.3588534286588904,0.11894379516527231,0.09282057665429067
threshold,pixel,0.3,0.47476238909924473,0.09155391391838053,0.06244554378910916
threshold,sub-pixel,0.3,0.34946679228099675,0.09039388991503694,0.07867542543505746
canny,pixel,0.3,0.6525456375461604,0.312137686363551,0.22841650051930218
canny,sub-pixel,0.3,0.3796402580490005,0.11241120229641233,0.08558810752519896
threshold,pixel,0.3,0.46799317788664835,0.12501093744406244,0.07116109107393243
threshold,sub-pixel,0.3,0.35189223800548375,0.10611765181934896,0.076110049943793
canny,pixel,0.3,0.664597940112744,0.319838374696348,0.20497275259416714
canny,sub-pixel,0.3,0.3805379011267906,0.13706360994863154,0.05482712510242305
threshold,pixel,0.3,0.4693068964200352,0.10485947960690911,0.07487373854223023
threshold,sub-pixel,0.3,0.36111968202222877,0.10741586074115417,0.07008458598283385
canny,pixel,0.3,0.6912301287549286,0.3219177452878761,0.15540800760881712
canny,sub-pixel,0.3,0.3904209279549399,0.13556623878236373,0.06837949470682281
threshold,pixel,0.3,0.4760288827394925,0.09048212859782123,0.04511072650043335
threshold,sub-pixel,0.3,0.35314310018030776,0.09960723950914163,0.04848199177206158
canny,pixel,0.3,0.6532724578223625,0.29402090101221967,0.19632127863976567
canny,sub-pixel,0.3,0.3754185005409957,0.12346494093964844,0.0505003861271347
threshold,pixel,1.0,0.4728372518160213,0.12719770102894157,0.058829467126749524
threshold,sub-pixel,1.0,0.3664064000373838,0.1182716795434553,0.05500540845394841
canny,pixel,1.0,0.6835515498950331,0.358879306741108,0.18297897568611843
canny,sub-pixel,1.0,0.4030418898745649,0.146247668391833,0.08993177836279198
threshold,pixel,1.0,0.4682178924896265,0.10323694799523664,0.07663797651304272
threshold,sub-pixel,1.0,0.36804725829060825,0.09508165388826129,0.07308261040486919
canny,pixel,1.0,0.6628695491867483,0.33095199894703153,0.20538550982355197
canny,sub-pixel,1.0,0.38081591770965934,0.10762607296885074,0.08735141458539708
threshold,pixel,1.0,0.4632318764523623,0.11397298302475711,0.08310632469348977
threshold,sub-pixel,1.0,0.35640456491591743,0.11051984426648986,0.09189723866194477
canny,pixel,1.0,0.6422859363515283,0.3212921780816602,0.25585656188643924
canny,sub-pixel,1.0,0.37671145952849167,0.12568864993600615,0.08309039752412017
threshold,pixel,1.0,0.4757690538570368,0.08244136618345821,0.048440480115549356
threshold,sub-pixel,1.0,0.35910472247249986,0.0888109638559118,0.09851358210601857
canny,pixel,1.0,0.6663057161320433,0.32789338406366153,0.20737866352308787
canny,sub-pixel,1.0,0.38347884599186466,0.1019813559085232,0.1003897774521878
threshold,pixel,1.0,0.4689045423253543,0.09017369915437645,0.04373852339963902
threshold,sub-pixel,1.0,0.36916951527679764,0.10736676128015299,0.09640039333464445
canny,pixel,1.0,0.681751455772108,0.3376138710040719,0.23575338016406677
canny,sub-pixel,1.0,0.39324917173556595,0.1323295123168604,0.08858191810442406
threshold,pixel,1.0,0.48560696014215315,0.11968304445224143,0.04863837386240233
threshold,sub-pixel,1.0,0.3817647704298971,0.10963135574592453,0.06831727165670909
canny,pixel,1.0,0.7017980769024613,0.31766314073043866,0.23650429886107416
canny,sub-pixel,1.0,0.39968820725972243,0.12263732878060307,0.07959702334396201
threshold,pixel,1.0,0.4666328854419829,0.09648175428906813,0.05239371652850622
threshold,sub-pixel,1.0,0.3545920568866917,0.09737335180931606,0.07680938787072211
canny,pixel,1.0,0.6711564663126793,0.3110918750595093,0.24489803925275844
canny,sub-pixel,1.0,0.38796853936227993,0.11935916787437528,0.09120234814945016
threshold,pixel,1.0,0.4651847491309128,0.0931803228696979,0.03747123345523562
threshold,sub-pixel,1.0,0.36144012266105485,0.09306842352514977,0.04299390186947116
canny,pixel,1.0,0.6751451992003071,0.30513844466875817,0.23854147680357318
canny,sub-pixel,1.0,0.3940279916503251,0.11094988229882707,0.029102787670272967
threshold,pixel,1.0,0.46572041492938054,0.1053143378526451,0.02440590026534739
threshold,sub-pixel,1.0,0.3563245960732033,0.11058664807775997,0.07044192120071857
canny,pixel,1.0,0.6384179236132521,0.3272297357330307,0.23940846220363543
canny,sub-pixel,1.0,0.36878224479230565,0.12506837850357622,0.0891774629036508
threshold,pixel,1.0,0.4818696404877467,0.09503545785792866,0.05248129497106957
threshold,sub-pixel,1.0,0.36689215079228044,0.11034808574369204,0.10162564753059478
canny,pixel,1.0,0.6712103394406859,0.3134886949357856,0.2607214670713027
canny,sub-pixel,1.0,0.37544676608296124,0.11853621869677089,0.10881299197486172
threshold,pixel,1.0,0.46318149331545444,0.12579878550186674,0.041642301306612506
threshold,sub-pixel,1.0,0.3634601766372949,0.10428602389245145,0.06171781166323109
canny,pixel,1.0,0.6653797470770282,0.35649258362512537,0.1874461968890646
canny,sub-pixel,1.0,0.38158056159407816,0.12821108529313907,0.06720697829451572
threshold,pixel,1.0,0.4806787409678265,0.09683723588883475,0.07616224461441101
threshold,sub-pixel,1.0,0.36190273594073963,0.11262949132779654,0.11212265181625458
canny,pixel,1.0,0.6740947497946493,0.34066370195948603,0.27924750235046547
canny,sub-pixel,1.0,0.3812821411624641,0.13480154100074238,0.14499821747557862
threshold,pixel,1.0,0.4686347033715189,0.09614414693162976,0.04229704502899656
threshold,sub-pixel,1.0,0.3541447163796413,0.10002357894583036,0.09334850476931411
canny,pixel,1.0,0.6489919468623455,0.3076172121581866,0.27238475225709813
canny,sub-pixel,1.0,0.3776135197308009,0.11933991735270788,0.07888700127430859
threshold,pixel,1.0,0.4818226993238958,0.09360853187290563,0.04446090000448821
threshold,sub-pixel,1.0,0.357616382480895,0.08885788366052738,0.06302880084861151
canny,pixel,1.0,0.6511163934774271,0.3047216090877294,0.2391838172568721
canny,sub-pixel,1.0,0.3807320816603649,0.11693827162716186,0.08211822371114552
threshold,pixel,1.0,0.4606697147452169,0.08492396246048495,0.04971136000200227
threshold,sub-pixel,1.0,0.35173830803214867,0.08917553486751117,0.058211928257208
canny,pixel,1.0,0.6604219541589073,0.2986389399548257,0.24335432427513437
canny,sub-pixel,1.0,0.37412652260284485,0.1051638285498564,0.07114283101491337
threshold,pixel,2.0,0.4820909100448407,0.07765950699646829,0.0012048363300722897
threshold,sub-pixel,2.0,0.3630818752955771,0.10017390911537127,0.05230994890614005
canny,pixel,2.0,0.8384767253861658,0.4238074692993088,0.0015904480075881189
canny,sub-pixel,2.0,0.5367913070880288,0.19748964151896842,0.18865402815176013
threshold,pixel,2.0,0.4936769957231426,0.09483748349719057,0.0353325098293622
threshold,sub-pixel,2.0,0.3807880064428059,0.10900017252208483,0.07493310092631766
canny,pixel,2.0,0.6978469136455566,0.3298387964108005,0.21216545413750643
canny,sub-pixel,2.0,0.4374208567467476,0.1598222046626312,0.04341969929384204
threshold,pixel,2.0,0.47531373993514425,0.10483843310091578,0.0407746572618759
threshold,sub-pixel,2.0,0.36076295617050835,0.09923926453594412,0.07634704853656649
canny,pixel,2.0,0.7188507737648373,0.32253402551479127,0.051609407096252724
canny,sub-pixel,2.0,0.4166662674717493,0.11604437417072289,0.04174900595206088
threshold,pixel,2.0,0.4771750529725037,0.12014216988255022,0.08888209711860728
threshold,sub-pixel,2.0,0.3631371147844471,0.12079774159236845,0.08900694184183644
canny,pixel,2.0,0.7127513690562901,0.31964631350225625,0.29645351941034326
canny,sub-pixel,2.0,0.43603677230410776,0.11948937032662266,0.04435361637780133
threshold,pixel,2.0,0.498267182445568,0.12704655702908396,0.08113771810128645
threshold,sub-pixel,2.0,0.3917759848052242,0.12030602175983751,0.11362811784083204
canny,pixel,2.0,0.7595791561488866,0.33671429261395813,0.06397318445464828
canny,sub-pixel,2.0,0.46789924108753045,0.15675817525843216,0.15318252975846214
threshold,pixel,2.0,0.46900397679449135,0.11043899977017868,0.047653928355331665
threshold,sub-pixel,2.0,0.3593457480709603,0.1025482552988346,0.06072579446533766
canny,pixel,2.0,0.7038792825112801,0.3582350646399006,0.1934029355973106
canny,sub-pixel,2.0,0.41073085689895467,0.1448683200950145,0.0374480355513116
threshold,pixel,2.0,0.48190658880000015,0.10091233731462323,0.06276540167815536
threshold,sub-pixel,2.0,0.367341529614039,0.09185899640762218,0.057313953798980855
canny,pixel,2.0,0.6669231825281807,0.3184460623207179,0.2329092726166655
canny,sub-pixel,2.0,0.39450915851662255,0.11603835041240473,0.05034744113125944
threshold,pixel,2.0,0.49561946842796306,0.10746118876737043,0.08482222866714695
threshold,sub-pixel,2.0,0.3843792773254011,0.11433875892954148,0.09272077514762822
canny,pixel,2.0,0.7656470748626476,0.37098296577868517,0.21247874160626168
canny,sub-pixel,2.0,0.48352740279460166,0.17616795331641089,0.09198923225366329
threshold,pixel,2.0,0.47811274619389227,0.10526510193801242,0.0598021739925394
threshold,sub-pixel,2.0,0.3769648480883362,0.10268551191976294,0.09362554383642507
canny,pixel,2.0,0.6619863866037341,0.26847551557881055,0.22241653293018482
canny,sub-pixel,2.0,0.3996151361317328,0.10478433441512758,0.08675206832502047
threshold,pixel,2.0,0.4895909602770967,0.12386354363594654,0.040163637615627135
threshold,sub-pixel,2.0,0.3775782674647119,0.11351193827339467,0.06038935023063141
canny,pixel,2.0,0.7172461122033912,0.353042213709452,0.24763775865018278
canny,sub-pixel,2.0,0.44534848844588787,0.1425047893414606,0.08362882330240318
threshold,pixel,2.0,0.4764610170207376,0.08915524096463834,0.03614427783586516
threshold,sub-pixel,2.0,0.3568522050081234,0.08418079345275387,0.05855982216373734
canny,pixel,2.0,0.6666883410003905,0.29221217587438963,0.14047292300349756
canny,sub-pixel,2.0,0.3768112769629549,0.09546018476545703,0.04664541613222806
threshold,pixel,2.0,0.4710571931350088,0.07174960677602016,0.007772643738197527
threshold,sub-pixel,2.0,0.3567641795123664,0.08882025868200993,0.07127031590310873
canny,pixel,2.0,0.7035008380708717,0.2879315282313075,0.3172291762092194
canny,sub-pixel,2.0,0.4228276400088826,0.11775592988102868,0.15176417156201216
threshold,pixel,2.0,0.46871397530392195,0.07115424381424207,0.01064574734845447
threshold,sub-pixel,2.0,0.3647001696491966,0.08485848384800376,0.04263881155446114
canny,pixel,2.0,0.7204451431690413,0.3657807874080625,0.2689125346525123
canny,sub-pixel,2.0,0.44324509959821906,0.14492125008668477,0.09469783112859798
threshold,pixel,2.0,0.4639151883319035,0.06756237721832337,0.08672551137773343
threshold,sub-pixel,2.0,0.3524014074930464,0.07813730469457592,0.10401834027225343
canny,pixel,2.0,0.6635499289258773,0.2904942901219292,0.29577809536263944
canny,sub-pixel,2.0,0.41289755642624315,0.13313202516471434,0.15447359149682027
threshold,pixel,2.0,0.4832063053029766,0.09629505530426252,0.06081925005515654
threshold,sub-pixel,2.0,0.36124537284534797,0.09692221018568081,0.07313686988189083
canny,pixel,2.0,0.6861712149404212,0.3165696738906336,0.2403535172933844
canny,sub-pixel,2.0,0.39954998967398414,0.12120833621479643,0.10701999737751366
threshold,pixel,4.0,0.47880391911651543,0.08039046674917505,0.046974871627144754
threshold,sub-pixel,4.0,0.3748063741085146,0.08758980328291721,0.058887719979829445
canny,pixel,4.0,1.0797594658949876,0.45408180301909673,0.10287972302927395
canny,sub-pixel,4.0,0.8330619965824719,0.2845242266735921,0.24570001179775058
threshold,pixel,4.0,0.4874043641814636,0.0905484120446376,0.041632625571180526
threshold,sub-pixel,4.0,0.3807316581042296,0.1017476845868257,0.0526420653068449
canny,pixel,4.0,1.1011321984701252,0.6013690938424623,0.016162545672485873
canny,sub-pixel,4.0,0.8506250375703469,0.4086919147516881,0.21439664643454748
threshold,pixel,4.0,0.48514052824154263,0.09777757931245179,0.04517006160861303
threshold,sub-pixel,4.0,0.38039843505532583,0.11325457541246098,0.08511792345050173
canny,pixel,4.0,1.0354151802395624,0.5252385411381022,0.3059302058662756
canny,sub-pixel,4.0,0.7966318545864355,0.3320632721350514,0.4409541418117362
threshold,pixel,4.0,0.485779115983756,0.0817668070327442,0.00698070245730209
threshold,sub-pixel,4.0,0.388601236857506,0.09076664774877985,0.060205317414384396
canny,pixel,4.0,1.1638346531673687,0.6175451873859916,0.17372987054278877
canny,sub-pixel,4.0,0.9319318951386752,0.4602188397193421,0.29999647677751007
threshold,pixel,4.0,0.49651171536882566,0.10291722097447908,0.07946394090263809
threshold,sub-pixel,4.0,0.3848239991911751,0.11376731384451721,0.10057154545105051
canny,pixel,4.0,1.123323699734692,0.6528859323459439,0.49010031346484917
canny,sub-pixel,4.0,0.8924723622966224,0.4898862525382388,0.584005067932635
threshold,pixel,4.0,0.48919796002390836,0.11311666954712529,0.07575328385233204
threshold,sub-pixel,4.0,0.391625207652368,0.1281648893335443,0.09594926752988808
canny,pixel,4.0,1.0297382795476917,0.5352435960910435,0.2295045431912044
canny,sub-pixel,4.0,0.7955492943386072,0.36465337669119213,0.0635901692540477
threshold,pixel,4.0,0.4779123636892563,0.1093231787104707,0.04265176566418072
threshold,sub-pixel,4.0,0.38153409343096134,0.11568747191701378,0.09844700042250887
canny,pixel,4.0,0.9478957015269114,0.5037469516952626,0.1699688996465598
canny,sub-pixel,4.0,0.6650157094925377,0.30358558684903536,0.3628719330557155
threshold,pixel,4.0,0.46910776991090053,0.07503971276608157,0.06280594829525565
threshold,sub-pixel,4.0,0.37197798064819165,0.10023284827178758,0.06504392568652051
canny,pixel,4.0,0.9335527752314281,0.40002137729819753,0.12289250641210137
canny,sub-pixel,4.0,0.6903760728071657,0.23980748683709585,0.03440859356332249
threshold,pixel,4.0,0.46790126415695976,0.11418569752513341,0.10494667478029118
threshold,sub-pixel,4.0,0.36605651020528035,0.11679817412298577,0.13353257315114098
canny,pixel,4.0,1.079264389019386,0.5069662301800815,0.51052849324704
canny,sub-pixel,4.0,0.8199451710767173,0.32825330749607273,0.6056033862469357
threshold,pixel,4.0,0.4816204249282216,0.10898831655413321,0.0840155818158852
threshold,sub-pixel,4.0,0.3855685588390806,0.1116281203371654,0.10356600240754288
canny,pixel,4.0,1.1851982032093487,0.6698172677405936,0.2497242187461386
canny,sub-pixel,4.0,0.9467774464148682,0.5018781790866489,0.06494019093699777
threshold,pixel,4.0,0.48728697152994227,0.10577913258286831,0.03396108677902365
threshold,sub-pixel,4.0,0.3922430967564202,0.10694386648715581,0.07646205412059182
canny,pixel,4.0,0.8988453398430387,0.4074305400434588,0.08345229256868336
canny,sub-pixel,4.0,0.649091549920509,0.217520356076095,0.07111855768721176
threshold,pixel,4.0,0.4817622021183614,0.08938117921035005,0.07164930448019469
threshold,sub-pixel,4.0,0.3797251074089023,0.09680070348154146,0.08694086927119038
canny,pixel,4.0,1.1927754960257415,0.6670796306255136,0.26172289423893647
canny,sub-pixel,4.0,0.965884365758478,0.49174372834416546,0.1074159651364055
threshold,pixel,4.0,0.46681391721905097,0.1043647169938986,0.07352675043215706
threshold,sub-pixel,4.0,0.3729109453091327,0.1149121636986401,0.10282560391288476
canny,pixel,4.0,1.0030208329727524,0.48205630957447476,0.053849331747195084
canny,sub-pixel,4.0,0.7598325832364038,0.28639641315996367,0.13561428795339792
threshold,pixel,4.0,0.4977746504615323,0.12277311287740167,0.09252282779407883
threshold,sub-pixel,4.0,0.39083354045515684,0.11322340629748728,0.09603999696324506
canny,pixel,4.0,1.2794608234980092,0.6800317779766332,0.04307430059454154
canny,sub-pixel,4.0,1.0356075787580594,0.48894372462199875,0.14044532640540286
threshold,pixel,4.0,0.4798147502148326,0.08518715918098207,0.10748702537405697
threshold,sub-pixel,4.0,0.3840855402499147,0.09118427426789588,0.10450352719092804
canny,pixel,4.0,1.2157886460789131,0.6312604740795822,0.5193826562151052
canny,sub-pixel,4.0,0.9875861476977981,0.4616815678386621,0.608029293177899
threshold,pixel,0.3,0.48434963752556304,0.10874586295739386,0.17200649126764667
threshold,sub-pixel,0.3,0.36057691406217174,0.10762124767562087,0.16162985289451637
canny,pixel,0.3,0.6668467760657398,0.33532621176259214,0.49894531489046656
canny,sub-pixel,0.3,0.37861084604502937,0.13006351562461083,0.19036082400209509
threshold,pixel,0.3,0.4432736959802976,0.09788093395412778,0.17001247792970187
threshold,sub-pixel,0.3,0.3383499301179175,0.08633907157683951,0.13152600741489628
canny,pixel,0.3,0.6215775588338531,0.2715310924597871,0.41889786250681826
canny,sub-pixel,0.3,0.3540413400964594,0.10492116945476049,0.16733393543440744
threshold,pixel,0.3,0.47371195967974317,0.11235606184215996,0.2396403531748157
threshold,sub-pixel,0.3,0.35568455289562195,0.11569159382244387,0.24705162362795408
canny,pixel,0.3,0.6407274226384405,0.29951434564847457,0.4733026269422451
canny,sub-pixel,0.3,0.36344961062045245,0.11895033870496197,0.2505826369347104
threshold,pixel,0.3,0.47701563295207294,0.10723225890167054,0.16316777106538094
threshold,sub-pixel,0.3,0.3568948910275787,0.10542629548314619,0.16599657161095038
canny,pixel,0.3,0.6615316087249685,0.329302742128768,0.5778366237362107
canny,sub-pixel,0.3,0.37673084056403405,0.13150143069361153,0.21441546358180386
threshold,pixel,0.3,0.454339422786591,0.10885422257305621,0.1922285336427878
threshold,sub-pixel,0.3,0.3516086913140912,0.0954781219052463,0.15578792764783334
canny,pixel,0.3,0.681167081663427,0.35052290234254757,0.5992899556458857
canny,sub-pixel,0.3,0.3878851647273629,0.12579890622688672,0.2088663754162079
threshold,pixel,0.3,0.4792970335324661,0.1564619761322552,0.2544297018391273
threshold,sub-pixel,0.3,0.3693724811781315,0.14438931474030414,0.24497717319553391
canny,pixel,0.3,0.6613214419129234,0.33253388308264586,0.5377338317135933
canny,sub-pixel,0.3,0.3890172066859671,0.1365611677695675,0.22331686499176762
threshold,pixel,0.3,0.46133658586540627,0.08939263321310453,0.1533838092247315
threshold,sub-pixel,0.3,0.35146707564132174,0.09055973269578121,0.1613182432995579
canny,pixel,0.3,0.6520976220153527,0.3130958535264772,0.5458804435053457
canny,sub-pixel,0.3,0.3663469525614862,0.10628861020319613,0.18986359195981972
threshold,pixel,0.3,0.4829231553952752,0.12091071744519932,0.2247586468542142
threshold,sub-pixel,0.3,0.36562780667335326,0.11762383387101605,0.2246551012729383
canny,pixel,0.3,0.652266100038086,0.34690386074671253,0.6254394717115459
canny,sub-pixel,0.3,0.386918218854808,0.14092759253469267,0.27013801611743116
threshold,pixel,0.3,0.4808558071660224,0.10796001114467879,0.18365570519723562
threshold,sub-pixel,0.3,0.34809831786498263,0.10698345584882762,0.17923636416096755
canny,pixel,0.3,0.654854349960664,0.32914097994861136,0.5203153801869909
canny,sub-pixel,0.3,0.370305271694331,0.12462850932954317,0.19627308009708866
threshold,pixel,0.3,0.4700354906720705,0.08897729760323125,0.13387585482777808
threshold,sub-pixel,0.3,0.35007320282074395,0.08788508131909034,0.13079184422005152
canny,pixel,0.3,0.6470656962910504,0.29413330314733455,0.48945380667580185
canny,sub-pixel,0.3,0.3638465462128077,0.10261563280112296,0.16393422814132297
threshold,pixel,0.3,0.47715634011584984,0.10310267846169441,0.16910092274707633
threshold,sub-pixel,0.3,0.34820074763927245,0.09228572823175019,0.15908891470040665
canny,pixel,0.3,0.6463052660347453,0.3097231804394911,0.46154797070768083
canny,sub-pixel,0.3,0.3729874702088283,0.12456029469573404,0.20990929958505333
threshold,pixel,0.3,0.46707105499647844,0.10468207648945538,0.1639595924826116
threshold,sub-pixel,0.3,0.35299264503144134,0.10106788933255872,0.15809830687300508
canny,pixel,0.3,0.6564570906180252,0.3021144238212554,0.47904085915939065
canny,sub-pixel,0.3,0.37977575658168927,0.12086141243490567,0.17370199747437187
threshold,pixel,0.3,0.47436036784337265,0.09557856258110009,0.16560902524809862
threshold,sub-pixel,0.3,0.35104432874644814,0.10306091247088833,0.19679923143417888
canny,pixel,0.3,0.6404687602593724,0.30982104584741066,0.5239319242527163
canny,sub-pixel,0.3,0.360491993505731,0.11119011546523483,0.20216537126331602
threshold,pixel,0.3,0.46627054167293636,0.11857333972706852,0.2081653204103393
threshold,sub-pixel,0.3,0.3396110813115068,0.10562443005738653,0.1775317862807464
canny,pixel,0.3,0.6533576610814491,0.3193329122702411,0.5316328236867696
canny,sub-pixel,0.3,0.3581317438302519,0.11910773480031156,0.20433925304213751
threshold,pixel,0.3,0.4647470523204301,0.09568985223663251,0.19164354641411752
threshold,sub-pixel,0.3,0.35025930678043893,0.09368318117697116,0.18116464259565035
canny,pixel,0.3,0.6620445962067695,0.327939350073581,0.579697546765209
canny,sub-pixel,0.3,0.36396615891992584,0.10973800590573934,0.21711888568244042
threshold,pixel,1.0,0.46499219130581854,0.11422957882150153,0.21526731621778783
threshold,sub-pixel,1.0,0.3607494050620331,0.11687178157172906,0.19651797622588507
canny,pixel,1.0,0.6648657836022203,0.319326039797029,0.5311948218330889
canny,sub-pixel,1.0,0.37739552235201,0.12756297357332502,0.21540949844513513
threshold,pixel,1.0,0.48083441449695685,0.12066143143028962,0.21210155636177053
threshold,sub-pixel,1.0,0.35306366201639894,0.1205996606991524,0.191327318739698
canny,pixel,1.0,0.7018587248958771,0.38012198861765545,0.6666030801432576
canny,sub-pixel,1.0,0.4045428200115646,0.17139111016378883,0.293019331315417
threshold,pixel,1.0,0.4744062915539661,0.115238588645167,0.21244573142572865
threshold,sub-pixel,1.0,0.36683231327165877,0.11056942083015064,0.19729241731703162
canny,pixel,1.0,0.6737445350894318,0.298633619023424,0.5237761394116447
canny,sub-pixel,1.0,0.39248249778881994,0.1369481993053172,0.23049915051987746
threshold,pixel,1.0,0.4693146689710065,0.08898261271442709,0.1698896958597178
threshold,sub-pixel,1.0,0.3610615886241122,0.09855897707491357,0.16628544403046508
canny,pixel,1.0,0.6649805786435738,0.3235839890427712,0.5254532896750161
canny,sub-pixel,1.0,0.3942134331343736,0.11780082468933939,0.19025234459263363
threshold,pixel,1.0,0.46719265836810353,0.08113416617120883,0.13123135164869204
threshold,sub-pixel,1.0,0.3490641618096939,0.08900463441862616,0.1333278162113114
canny,pixel,1.0,0.6386754845208548,0.285980999756438,0.45667812148957054
canny,sub-pixel,1.0,0.36335426615618965,0.10124759544669737,0.15600342401223344
threshold,pixel,1.0,0.48949435598861546,0.11698495344690207,0.21283202418188418
threshold,sub-pixel,1.0,0.3645231435541555,0.11463881279435673,0.20722733263643445
canny,pixel,1.0,0.6930096633959348,0.3295234659104955,0.5506727128869029
canny,sub-pixel,1.0,0.4004382608282853,0.1436883819287169,0.23928031902013247
threshold,pixel,1.0,0.4860129832463477,0.0812804815425534,0.148810378073021
threshold,sub-pixel,1.0,0.3663064173604714,0.08002137370344764,0.14465913529255836
canny,pixel,1.0,0.6658006745665578,0.2791420065328125,0.4555249108939865
canny,sub-pixel,1.0,0.3927285498679547,0.10383832511777569,0.19689816986519038
threshold,pixel,1.0,0.487961046158648,0.09833270294058383,0.2065507594159417
threshold,sub-pixel,1.0,0.37767707114252763,0.09641535266063128,0.17870353962343088
canny,pixel,1.0,0.6997765727471559,0.3463001526613205,0.5566325804717223
canny,sub-pixel,1.0,0.3990769978048885,0.12828304021263204,0.24426100956705188
threshold,pixel,1.0,0.47302871484389614,0.09000710739766005,0.16262640192395672
threshold,sub-pixel,1.0,0.36208769926018675,0.10668443255280735,0.18946924309358693
canny,pixel,1.0,0.6651163065554263,0.316719362383751,0.5522695794174952
canny,sub-pixel,1.0,0.3805631857662479,0.11900280350640058,0.211632653434914
threshold,pixel,1.0,0.4611147795139977,0.07074511134835859,0.10923572381075797
threshold,sub-pixel,1.0,0.35139009528862086,0.0905565022724959,0.13848552280438664
canny,pixel,1.0,0.6587662418361033,0.3178999357758836,0.5250137571423474
canny,sub-pixel,1.0,0.3765321980335722,0.1179087531955767,0.19308721101541515
threshold,pixel,1.0,0.48361484662363363,0.11434096436854735,0.1820710746111729
threshold,sub-pixel,1.0,0.3647703993630114,0.12847530827663656,0.21127381201803797
canny,pixel,1.0,0.6599940405827696,0.3396864929865171,0.5349365911246258
canny,sub-pixel,1.0,0.3761739867748083,0.1444936426054424,0.23814637774217395
threshold,pixel,1.0,0.473604400674859,0.1025811724359218,0.1507439023815973
threshold,sub-pixel,1.0,0.3544809456009943,0.09851650454768102,0.14698433176536252
canny,pixel,1.0,0.6416149034434568,0.30302637707276414,0.48038252685344496
canny,sub-pixel,1.0,0.3654484039907609,0.10827799008917349,0.16066739637333338
threshold,pixel,1.0,0.47111391182573115,0.076204023162459,0.14010034433328578
threshold,sub-pixel,1.0,0.360818455185809,0.09394408911752095,0.1731095469548558
canny,pixel,1.0,0.6731538481912556,0.2968654061964793,0.52251435397182
canny,sub-pixel,1.0,0.39375846822784655,0.11367322922476886,0.20716520047855624
threshold,pixel,1.0,0.4775272183804223,0.1271752004092095,0.20728881007852173
threshold,sub-pixel,1.0,0.37578972855897275,0.11076438597220317,0.18511140444324603
canny,pixel,1.0,0.6860976652353101,0.3458843755021408,0.6169357196393328
canny,sub-pixel,1.0,0.39603012190327536,0.1272614194187487,0.22383338328593005
threshold,pixel,1.0,0.4803170161617993,0.11084778381116966,0.18099559863692694
threshold,sub-pixel,1.0,0.37122409712326226,0.11796627117837044,0.20148586631105392
canny,pixel,1.0,0.691983237676287,0.3673770652969126,0.6218361114529762
canny,sub-pixel,1.0,0.4069999694250257,0.1475330891630824,0.2906786299970028
threshold,pixel,2.0,0.475206614296178,0.08496708253793606,0.1601489980991495
threshold,sub-pixel,2.0,0.3600759815144501,0.08862495683704763,0.1476615705929465
canny,pixel,2.0,0.6879928277396876,0.32426005101639666,0.5031708377834256
canny,sub-pixel,2.0,0.39469476624656014,0.11474118075293038,0.1846770380999434
threshold,pixel,2.0,0.46105491970495477,0.09610568616922177,0.146214202219781
threshold,sub-pixel,2.0,0.36746269133603315,0.08763872295628006,0.13600891478415456
canny,pixel,2.0,0.6822968437463884,0.3112621079574178,0.5401648910986125
canny,sub-pixel,2.0,0.4280167889129731,0.13291362972983767,0.24672422483224565
threshold,pixel,2.0,0.45860697195655353,0.05484700154240807,0.10572051134048799
threshold,sub-pixel,2.0,0.3501736164727062,0.07895234057413703,0.1268203751174939
canny,pixel,2.0,0.691215755614198,0.3063418916067211,0.5261041619545304
canny,sub-pixel,2.0,0.41172103186177805,0.13108786020403906,0.23945529766548024
threshold,pixel,2.0,0.4835988118143436,0.08545215525963323,0.14530165942715367
threshold,sub-pixel,2.0,0.37043234629850913,0.08704729694720514,0.15358448442062667
canny,pixel,2.0,0.6841953022604924,0.2821678546486417,0.4837038781678267
canny,sub-pixel,2.0,0.4112489931889311,0.10721911992360433,0.20285197215839457
threshold,pixel,2.0,0.47541103891765335,0.10902030147795472,0.2201441253015508
threshold,sub-pixel,2.0,0.3634150782775283,0.11006889652582363,0.21105048651970204
canny,pixel,2.0,0.740007338207246,0.3795297828145452,0.6617807851036615
canny,sub-pixel,2.0,0.46426503001830666,0.19605814668504395,0.33380795547082265
threshold,pixel,2.0,0.4830229862360257,0.08485315871090338,0.14962298952520925
threshold,sub-pixel,2.0,0.3700474085782487,0.10709464481340314,0.171502543807998
canny,pixel,2.0,0.6808136052520837,0.31803914262357225,0.5314566857607401
canny,sub-pixel,2.0,0.40437075395618377,0.13902734281249862,0.25486224572775384
threshold,pixel,2.0,0.48520451528303005,0.0671135635540887,0.13121555488382075
threshold,sub-pixel,2.0,0.3706745453399234,0.0811206617615099,0.15475831863484402
canny,pixel,2.0,0.6989441676841435,0.28461063590509306,0.5636456511633217
canny,sub-pixel,2.0,0.43796987424832085,0.08896257229079141,0.2248140182732392
threshold,pixel,2.0,0.4857670527537682,0.08558763379084833,0.15863123706273363
threshold,sub-pixel,2.0,0.3585495981761793,0.09138874183935486,0.1506132975561414
canny,pixel,2.0,0.7106056318235464,0.3447627212767621,0.5598889799712392
canny,sub-pixel,2.0,0.4227814329197527,0.14321040762640158,0.21376296322597277
threshold,pixel,2.0,0.4794217981634517,0.10087415241661857,0.16018100194366713
threshold,sub-pixel,2.0,0.37489191667174815,0.09936674235524912,0.16836955220940197
canny,pixel,2.0,0.7029285676862358,0.3261698734633678,0.4945137304421259
canny,sub-pixel,2.0,0.4212531629123666,0.11910483170364783,0.21926629196277503
threshold,pixel,2.0,0.4747044787380429,0.10002439698730292,0.1734548270124332
threshold,sub-pixel,2.0,0.369555622323617,0.10052850885589759,0.15907131714184342
canny,pixel,2.0,0.6614563463029438,0.33676511984849933,0.6097520070359792
canny,sub-pixel,2.0,0.41347153325338853,0.15214260945108804,0.2738098597422791
threshold,pixel,2.0,0.4615373083771972,0.0887929964420866,0.16464659046952335
threshold,sub-pixel,2.0,0.3593404948017875,0.09781756329231506,0.17308562670615846
canny,pixel,2.0,0.6829277644218699,0.3030018481567984,0.5280963920099846
canny,sub-pixel,2.0,0.41013747341231443,0.12768279872165578,0.2273412994237045
threshold,pixel,2.0,0.4687077036781905,0.08994571545198538,0.18657142662528692
threshold,sub-pixel,2.0,0.3601632055684548,0.09819113751573383,0.18844775885704657
canny,pixel,2.0,0.6765055554422275,0.33233954381837827,0.5555611150140667
canny,sub-pixel,2.0,0.39040405947305157,0.12219260360416317,0.21594327941292057
threshold,pixel,2.0,0.466549724980835,0.10405387105076436,0.17994594401709296
threshold,sub-pixel,2.0,0.3668127574925859,0.10716218118052989,0.17277495114949737
canny,pixel,2.0,0.7316128233101751,0.3556201808897468,0.6985530341312982
canny,sub-pixel,2.0,0.47101150168498856,0.16512809345146673,0.36740306990981164
threshold,pixel,2.0,0.4754857803062615,0.1086571699078891,0.2311933008526328
threshold,sub-pixel,2.0,0.37410197333260053,0.1037726920889559,0.20182026442258394
canny,pixel,2.0,0.7484648835410821,0.3646310674127935,0.7081867629629048
canny,sub-pixel,2.0,0.4714614877370583,0.1592294271157253,0.38863678511129685
threshold,pixel,2.0,0.47979351913321683,0.10041537562119562,0.15601488256449692
threshold,sub-pixel,2.0,0.36144511145451097,0.10202215306030382,0.15840079668646379
canny,pixel,2.0,0.6628979793717393,0.29623179633137164,0.48051157101344977
canny,sub-pixel,2.0,0.38193844082745204,0.09979595873942437,0.15909026667149728
threshold,pixel,4.0,0.47312061737344246,0.0798211641281894,0.11407996146744548
threshold,sub-pixel,4.0,0.36675859679424694,0.09654126382821948,0.1371304322664395
canny,pixel,4.0,1.1093164909335953,0.5262128897758929,0.9377141781058804
canny,sub-pixel,4.0,0.8700040062564984,0.3634853765335957,0.7137439286423595
threshold,pixel,4.0,0.4954766019305219,0.12243369974838036,0.22990318155521194
threshold,sub-pixel,4.0,0.3954220532893039,0.11571178168546048,0.20884682726171455
canny,pixel,4.0,1.0048158994122631,0.4332832532520179,0.890714651417424
canny,sub-pixel,4.0,0.7449960101150378,0.25008722784011983,0.5529647126080732
threshold,pixel,4.0,0.47413709036504875,0.08506250405659643,0.13370179916822078
threshold,sub-pixel,4.0,0.3723200838931131,0.08062465139901653,0.12309265605305963
canny,pixel,4.0,1.188160417529962,0.7068398687851305,1.4813044857185362
canny,sub-pixel,4.0,0.9379917688223728,0.5180738030879883,1.177555107285273
threshold,pixel,4.0,0.4870401318542976,0.09968777701994913,0.15562311002784934
threshold,sub-pixel,4.0,0.3836886781790292,0.10034838581769256,0.1412062919797572
canny,pixel,4.0,1.0675497531498455,0.4975304279232462,1.0879315275922021
canny,sub-pixel,4.0,0.8168340276739816,0.33484727998208985,0.7901112002355113
threshold,pixel,4.0,0.49265561198081453,0.09221364481808902,0.12457511092972862
threshold,sub-pixel,4.0,0.3834250468359188,0.10516949777079043,0.15383474577266387
canny,pixel,4.0,1.0698458162611086,0.4885294349596603,1.054114630244837
canny,sub-pixel,4.0,0.8144155423847357,0.33195933838458913,0.7987680915181627
threshold,pixel,4.0,0.47733531412907626,0.09999038340173283,0.13333631878830143
threshold,sub-pixel,4.0,0.37419896870189806,0.10410592844036848,0.14403130764727923
canny,pixel,4.0,1.1488535023507471,0.6188896534837971,1.3357450486456108
canny,sub-pixel,4.0,0.9123408425632088,0.43514836100672283,1.0345312779447826
threshold,pixel,4.0,0.4860930540327793,0.12246863096631411,0.1934429910954858
threshold,sub-pixel,4.0,0.38848246229021843,0.12642619496952512,0.2017773376873917
canny,pixel,4.0,1.2244144237022527,0.7389062036332665,1.5074629379181306
canny,sub-pixel,4.0,0.9873875190120938,0.5571677598932898,1.211330489379343
threshold,pixel,4.0,0.48015727872333847,0.10758030227778859,0.1600048268415044
threshold,sub-pixel,4.0,0.38926231590345417,0.11559236005636775,0.18057883386980755
canny,pixel,4.0,1.1060470582804471,0.5878132538151815,1.2935494701417052
canny,sub-pixel,4.0,0.8515287219034513,0.40217251609869376,0.9734687827927861
threshold,pixel,4.0,0.49066273780048053,0.08202224357290788,0.12150845794187326
threshold,sub-pixel,4.0,0.3829474635901409,0.10855522966494813,0.16430726463375667
canny,pixel,4.0,1.2525763414338513,0.5818383789369845,1.2932118050603227
canny,sub-pixel,4.0,0.9971635871155534,0.40988894978449486,0.983117890895902
threshold,pixel,4.0,0.49516100471069796,0.0815781642414628,0.13080469844063902
threshold,sub-pixel,4.0,0.3926978795884267,0.09807415575048117,0.15829841114833876
canny,pixel,4.0,1.141064320988395,0.6117098822721403,1.301792739628199
canny,sub-pixel,4.0,0.9019836424254875,0.4357489325702044,1.0416973583916973
threshold,pixel,4.0,0.5006293497945041,0.08154887915279052,0.18203336466312248
threshold,sub-pixel,4.0,0.39347034029068045,0.09821376317404762,0.1737287368651117
canny,pixel,4.0,1.1242882478834229,0.6276183230691266,1.0483949245655104
canny,sub-pixel,4.0,0.8717849683050042,0.4462580585160958,0.7275773682022195
threshold,pixel,4.0,0.4930186996423648,0.10254118977982163,0.1909989815806803
threshold,sub-pixel,4.0,0.38204519395406544,0.10553854834381049,0.1838358990947926
canny,pixel,4.0,1.031005799284848,0.5178475159779441,0.9308663088257463
canny,sub-pixel,4.0,0.7621156581855306,0.31301766607273795,0.6181832026327676
threshold,pixel,4.0,0.49194281911213245,0.06893758902731828,0.11336420933500246
threshold,sub-pixel,4.0,0.388172447857762,0.08494469840010765,0.12825945308046816
canny,pixel,4.0,0.9600932517940433,0.4028165355838482,0.7447999046696085
canny,sub-pixel,4.0,0.7309047043108883,0.22848731606274097,0.4601355846177695
threshold,pixel,4.0,0.46966969722706653,0.08191550554792126,0.08561343907972674
threshold,sub-pixel,4.0,0.3734178413320753,0.08806157664813541,0.10066189501479261
canny,pixel,4.0,1.0691014176037417,0.4821769932738349,0.9959530700059345
canny,sub-pixel,4.0,0.8249206749083027,0.3094145150158951,0.7116438124562947
threshold,pixel,4.0,0.47697383301632446,0.08915653647621058,0.15933755435990538
threshold,sub-pixel,4.0,0.3782604683094264,0.08565246114140024,0.15352509456932406
canny,pixel,4.0,0.9560488340061434,0.4523388341620391,0.8783483673395538
canny,sub-pixel,4.0,0.7044402807225246,0.2687511661523758,0.592225220888158
threshold,pixel,0.3,0.374658671063235,0.04805689514447442,0.08151417949759265
threshold,sub-pixel,0.3,0.20207567303187618,0.03323544387757482,0.0687833897764607
canny,pixel,0.3,0.39762591161107097,0.10946823001740835,0.1560862420029916
canny,sub-pixel,0.3,0.19461657935215487,0.00467684829361481,0.022131245099668018
threshold,pixel,0.3,0.3617817655663227,0.026204001075633476,0.06224284360549692
threshold,sub-pixel,0.3,0.19536647961638487,0.020885723499745268,0.03937481268427323
canny,pixel,0.3,0.38503749161770867,0.08595950530453167,0.13494360625514012
canny,sub-pixel,0.3,0.19536647961638487,0.020885723499745268,0.03937481268427323
threshold,pixel,0.3,0.3597257043637549,0.015090086316989382,0.03349206916188985
threshold,sub-pixel,0.3,0.19046026811200167,0.01572034762120955,0.014867414170123272
canny,pixel,0.3,0.374258030417322,0.07074514621625982,0.056605811828206676
canny,sub-pixel,0.3,0.19046026811200167,0.01572034762120955,0.014867414170123272
threshold,pixel,0.3,0.3714836351901555,0.01164290552714653,0.03633070795538007
threshold,sub-pixel,0.3,0.2024438275589574,0.027727285511751187,0.03432348003348196
canny,pixel,0.3,0.4023242292243554,0.09859782259147876,0.1388178710746164
canny,sub-pixel,0.3,0.2024438275589574,0.027727285511751187,0.03432348003348196
threshold,pixel,0.3,0.3737908934643983,0.013300997693503458,0.023970878498168702
threshold,sub-pixel,0.3,0.18990817684588923,0.016609397398936077,0.038551151125926
canny,pixel,0.3,0.39400248185677245,0.08111624700969244,0.1009801891862594
canny,sub-pixel,0.3,0.18990817684588923,0.016609397398936077,0.038551151125926
threshold,pixel,0.3,0.3750719563343727,0.021949157199722347,0.022975174094179707
threshold,sub-pixel,0.3,0.19500055679155603,0.021740778318505738,0.022717727534321774
canny,pixel,0.3,0.4115278861281155,0.13376168343981787,0.18621196060351863
canny,sub-pixel,0.3,0.19500055679155603,0.021740778318505738,0.022717727534321774
threshold,pixel,0.3,0.37448823820576,0.01896952268125096,0.02738865172412064
threshold,sub-pixel,0.3,0.1928982549535488,0.01026173745367176,0.03668290752072112
canny,pixel,0.3,0.385501978416225,0.07756432261437984,0.13133658901919443
canny,sub-pixel,0.3,0.1928982549535488,0.01026173745367176,0.03668290752072112
threshold,pixel,0.3,0.36905832995569304,0.04010405335557299,0.044482315525353755
threshold,sub-pixel,0.3,0.19859404489254373,0.023507240022657694,0.03687812796702783
canny,pixel,0.3,0.39595918590678225,0.11529496712089427,0.11437434342003217
canny,sub-pixel,0.3,0.19859404489254373,0.023507240022657694,0.03687812796702783
threshold,pixel,0.3,0.3666425009458644,0.03299672197314929,0.043370638835351194
threshold,sub-pixel,0.3,0.1958716584084442,0.02759570580545123,0.013741332385785121
canny,pixel,0.3,0.3856232797700348,0.09482564926663728,0.12112702814261755
canny,sub-pixel,0.3,0.1958716584084442,0.02759570580545123,0.013741332385785121
threshold,pixel,0.3,0.36210219668898536,0.017420610360639133,0.005259001841009692
threshold,sub-pixel,0.3,0.19749636128617115,0.013934006397481324,0.00035931037907577235
canny,pixel,0.3,0.3780086571868427,0.08889021952131348,0.0850928276429217
canny,sub-pixel,0.3,0.19749636128617115,0.013934006397481324,0.00035931037907577235
threshold,pixel,0.3,0.37053725774412793,0.025305830160265774,0.021611879976490833
threshold,sub-pixel,0.3,0.19395427250747374,0.016398061129305752,0.026323467596042427
canny,pixel,0.3,0.38627397551162757,0.10632194844942333,0.16811524640840148
canny,sub-pixel,0.3,0.19395427250747374,0.016398061129305752,0.026323467596042427
threshold,pixel,0.3,0.3861977705909839,0.03334927872026894,0.024545467585304515
threshold,sub-pixel,0.3,0.19852073739315332,0.028290416808101293,0.03898706896068571
canny,pixel,0.3,0.40717555603737854,0.1214135769281115,0.1947051941138387
canny,sub-pixel,0.3,0.19852073739315332,0.028290416808101293,0.03898706896068571
threshold,pixel,0.3,0.3651769555146338,0.029328123910782322,0.03838649701927377
threshold,sub-pixel,0.3,0.20038266081239026,0.03402860081917325,0.05865675498940037
canny,pixel,0.3,0.4101162860367012,0.12413913698303203,0.20667971135174446
canny,sub-pixel,0.3,0.20038266081239026,0.03402860081917325,0.05865675498940037
threshold,pixel,0.3,0.3670442769431672,0.037763508852963534,0.0693039391304957
threshold,sub-pixel,0.3,0.1968538758642432,0.02311773057648092,0.048266480117216126
canny,pixel,0.3,0.3864710637979555,0.10753693142846532,0.1924039574454417
canny,sub-pixel,0.3,0.1968538758642432,0.02311773057648092,0.048266480117216126
threshold,pixel,0.3,0.36617637489987565,0.018667975233006562,0.01296890105372217
threshold,sub-pixel,0.3,0.19579500223221943,0.01184399568727068,0.017782435571601418
canny,pixel,0.3,0.3865681409786291,0.1237867851031782,0.1830838915737365
canny,sub-pixel,0.3,0.19579500223221943,0.01184399568727068,0.017782435571601418
threshold,pixel,1.0,0.38273636110265136,0.028849998850130287,0.05483807623576009
threshold,sub-pixel,1.0,0.2017452466279408,0.027640395210817292,0.05131600725777208
canny,pixel,1.0,0.39564763878124637,0.10145804052973761,0.1563307564644445
canny,sub-pixel,1.0,0.2017452466279408,0.027640395210817292,0.05131600725777208
threshold,pixel,1.0,0.3782256052231412,0.06719702063445854,0.11609951942037533
threshold,sub-pixel,1.0,0.21156835172282457,0.045265651592826694,0.0967488845674449
canny,pixel,1.0,0.38472996207217214,0.12658918063098468,0.22595709179305423
canny,sub-pixel,1.0,0.20423660380193226,0.011588607078175883,0.01810111408576276
threshold,pixel,1.0,0.3700574489539613,0.013185724282578581,0.032248416076741115
threshold,sub-pixel,1.0,0.19156404095080315,0.023632936224135426,0.03689397187660859
canny,pixel,1.0,0.39539497872906326,0.10974440944955655,0.15709395865762588
canny,sub-pixel,1.0,0.19156404095080315,0.023632936224135426,0.03689397187660859
threshold,pixel,1.0,0.3693651120434325,0.03512996209078212,0.015430662495801606
threshold,sub-pixel,1.0,0.20316612084467767,0.02442159347001316,0.0182131916296413
canny,pixel,1.0,0.39833632934367236,0.08472009716095164,0.08944973585755633
canny,sub-pixel,1.0,0.20316612084467767,0.02442159347001316,0.0182131916296413
threshold,pixel,1.0,0.36864767508093416,0.018891030911330597,0.025587998507504928
threshold,sub-pixel,1.0,0.20010865491850732,0.013800817977829949,0.00930759295894834
canny,pixel,1.0,0.38483010072934354,0.07856535756538996,0.13492126038606678
canny,sub-pixel,1.0,0.20010865491850732,0.013800817977829949,0.00930759295894834
threshold,pixel,1.0,0.3751284637920782,0.025204163138206503,0.03841862976350274
threshold,sub-pixel,1.0,0.20257214192467837,0.028423814608969256,0.07374414891267378
canny,pixel,1.0,0.40101572776433003,0.10750208798072292,0.20964264224762097
canny,sub-pixel,1.0,0.20028013584107288,0.01907349288362492,0.05802391944290486
threshold,pixel,1.0,0.373514584857654,0.0034790442190808513,0.03842717983518362
threshold,sub-pixel,1.0,0.200712436972251,0.016632862819095928,0.007176368330759075
canny,pixel,1.0,0.38684975123953447,0.07277488382952457,0.07981798750222069
canny,sub-pixel,1.0,0.200712436972251,0.016632862819095928,0.007176368330759075
threshold,pixel,1.0,0.38015765362040277,0.013455293432300452,0.0036289945232179655
threshold,sub-pixel,1.0,0.20447896925796136,0.016597667210469735,0.02887287355660506
canny,pixel,1.0,0.39339012302305665,0.07904319312831842,0.07704622528236937
canny,sub-pixel,1.0,0.20447896925796136,0.016597667210469735,0.02887287355660506
threshold,pixel,1.0,0.4044131016483532,0.10416887880748815,0.1577298185480278
threshold,sub-pixel,1.0,0.21929022667498843,0.10935354849980272,0.18355828583694267
canny,pixel,1.0,0.3948137752012656,0.12484576676930903,0.18319885197211905
canny,sub-pixel,1.0,0.196318905414541,0.022874614893352074,0.029687113677611787
threshold,pixel,1.0,0.37413641955933885,0.027820375937455566,0.03361340005890767
threshold,sub-pixel,1.0,0.1989609974266656,0.022228041574113844,0.03134571653900409
canny,pixel,1.0,0.3949393890680103,0.10891579660782758,0.14470947378956556
canny,sub-pixel,1.0,0.1989609974266656,0.022228041574113844,0.03134571653900409
threshold,pixel,1.0,0.36275540513379645,0.008088769186373357,0.02092916207539819
threshold,sub-pixel,1.0,0.19323612084675854,0.00911388701206528,0.023127540688981263
canny,pixel,1.0,0.37488477700778017,0.06495482443115064,0.09836337493586278
canny,sub-pixel,1.0,0.19323612084675854,0.00911388701206528,0.023127540688981263
threshold,pixel,1.0,0.3533351752675923,0.01819176701189651,0.0028908555795199575
threshold,sub-pixel,1.0,0.19282688992356387,0.023549959299510093,0.040072655549516334
canny,pixel,1.0,0.38288754386048274,0.07084777458818547,0.10531640633635675
canny,sub-pixel,1.0,0.19243469446557704,0.02226521829460615,0.03827627303594028
threshold,pixel,1.0,0.3690328945866904,0.029423032503099744,0.005165895753545868
threshold,sub-pixel,1.0,0.20461250130556313,0.01934612188446838,0.015150934606348088
canny,pixel,1.0,0.397810538839191,0.08594834186861267,0.1479215237611804
canny,sub-pixel,1.0,0.20461250130556313,0.01934612188446838,0.015150934606348088
threshold,pixel,1.0,0.36260186694964214,0.004713879423914102,0.020347285544107585
threshold,sub-pixel,1.0,0.19777217657259175,0.016818690255560265,0.01085022545458969
canny,pixel,1.0,0.38186293189094617,0.06644196096421195,0.05765530105072614
canny,sub-pixel,1.0,0.19777217657259175,0.016818690255560265,0.01085022545458969
threshold,pixel,1.0,0.3703759401327732,0.017600158179906344,0.022372532201324624
threshold,sub-pixel,1.0,0.19933142134022597,0.011797365789839365,0.01577587326337948
canny,pixel,1.0,0.3864123659806873,0.07619274102302387,0.11111412698648504
canny,sub-pixel,1.0,0.19933142134022597,0.011797365789839365,0.01577587326337948
threshold,pixel,2.0,0.37326049457729926,0.0049052351294942564,0.01673586976145547
threshold,sub-pixel,2.0,0.20832284459003975,0.00618150081071156,0.017693901095563458
canny,pixel,2.0,0.4340712307499434,0.11460261560817986,0.1716732774446066
canny,sub-pixel,2.0,0.2589981043973357,0.03333142895887864,0.12924597009969263
threshold,pixel,2.0,0.36047826727712773,0.012964361550180437,0.02949717310628497
threshold,sub-pixel,2.0,0.2028319383171595,0.007269755709181425,0.01514200424196499
canny,pixel,2.0,0.3766520139857714,0.07948579368314745,0.10324434219771206
canny,sub-pixel,2.0,0.2028319383171595,0.007269755709181425,0.01514200424196499
threshold,pixel,2.0,0.3704614629369181,0.009962225144102943,2.9203360440988035e-05
threshold,sub-pixel,2.0,0.20329631158898862,0.019101622302789556,0.02503309203371984
canny,pixel,2.0,0.4672883689841709,0.09104664879980029,0.09288117124817408
canny,sub-pixel,2.0,0.27636094485703583,0.026710100685395144,0.0013153835809704972
threshold,pixel,2.0,0.3776096209649283,0.022118216566241022,0.025789561557322038
threshold,sub-pixel,2.0,0.2050422637121857,0.0035846252253819433,0.00785156704798684
canny,pixel,2.0,0.47719329961648876,0.13612964324774723,0.16110240012704713
canny,sub-pixel,2.0,0.2875466997966029,0.07604112176750721,0.09399370362544435
threshold,pixel,2.0,0.37147144982618363,0.021900926711592827,0.03166571765388948
threshold,sub-pixel,2.0,0.20854007954048406,0.023554467254261358,0.039141764030725223
canny,pixel,2.0,0.44070101663325373,0.11383420596767801,0.11946766809472997
canny,sub-pixel,2.0,0.25874985364252345,0.04578944002601393,0.028785282465967565
threshold,pixel,2.0,0.3812655394159121,0.018019492375372703,0.022306550205209774
threshold,sub-pixel,2.0,0.20798492556654694,0.016737617090051504,0.005953198367132373
canny,pixel,2.0,0.4069067509735971,0.09107671465584932,0.11184770169992042
canny,sub-pixel,2.0,0.21977634892082018,0.016580146914111582,0.0018622618463943752
threshold,pixel,2.0,0.359118937539774,0.029475850821445215,0.023727215081351893
threshold,sub-pixel,2.0,0.20707547818514757,0.02930819773442317,0.0336556485405719
canny,pixel,2.0,0.38806574234595836,0.09333427461896981,0.16339331658636613
canny,sub-pixel,2.0,0.2042923807626419,0.017565885766313016,0.023724381763149616
threshold,pixel,2.0,0.3745666042526121,0.029150216610159818,0.042039463613861905
threshold,sub-pixel,2.0,0.21421288079804268,0.03298847602193833,0.04758149166857484
canny,pixel,2.0,0.42705048184829947,0.11065359354160376,0.13608300988043842
canny,sub-pixel,2.0,0.2469151929584975,0.04693380349444576,0.05573453094855241
threshold,pixel,2.0,0.3731651891757658,0.03821388954661109,0.05518733807610232
threshold,sub-pixel,2.0,0.2084086850207026,0.032616604473479915,0.04926583108710503
canny,pixel,2.0,0.4061616625261609,0.10699656050779449,0.14929144556943186
canny,sub-pixel,2.0,0.21938388820464666,0.037493153887747654,0.04659942671666073
threshold,pixel,2.0,0.3607449606195562,0.01916852315182349,0.02178997048400433
threshold,sub-pixel,2.0,0.20706781138914782,0.009561646726758077,0.009412303197683158
canny,pixel,2.0,0.38347130088318626,0.03184986444049698,0.05816772538128312
canny,sub-pixel,2.0,0.20706781138914782,0.009561646726758077,0.009412303197683158
threshold,pixel,2.0,0.3806354512582661,0.004002615246148089,0.009315326978882155
threshold,sub-pixel,2.0,0.20738192903080094,0.02647825506768453,0.038529480391094495
canny,pixel,2.0,0.4178179634770436,0.10906901452288498,0.16818419281063957
canny,sub-pixel,2.0,0.21458333363790363,0.030099625128820806,0.057778767612239434
threshold,pixel,2.0,0.3810818059680021,0.01705010765179793,0.002200223412384794
threshold,sub-pixel,2.0,0.209244074233627,0.021822638044678433,0.02380820053337729
canny,pixel,2.0,0.398482809805725,0.0947437890382834,0.14248240689456004
canny,sub-pixel,2.0,0.21170319960430428,0.02152717030268847,0.031165736874666727
threshold,pixel,2.0,0.37092689907733534,0.0036925242356229404,0.003174662421876917
threshold,sub-pixel,2.0,0.19636225018351114,0.011141511817290395,0.025318459995319564
canny,pixel,2.0,0.4318692241264272,0.13642278830357535,0.23473176251789107
canny,sub-pixel,2.0,0.24726418286780516,0.07337778936516637,0.18061304736910966
threshold,pixel,2.0,0.37144932007537845,0.019172917870603268,0.03610359945006625
threshold,sub-pixel,2.0,0.20517712560561488,0.022796885860999705,0.029568099431029005
canny,pixel,2.0,0.44764713280777024,0.1381741611990217,0.17942852910570695
canny,sub-pixel,2.0,0.2713360561516303,0.06695608859839974,0.08359251749587493
threshold,pixel,2.0,0.3856909179816092,0.007633263727765849,0.04145326901037283
threshold,sub-pixel,2.0,0.21152252893937018,0.021593992475678947,0.058719607492115244
canny,pixel,2.0,0.416166790131023,0.06779685295916038,0.10126666437810039
canny,sub-pixel,2.0,0.22903809543829978,0.022234133913571652,0.07914150299689204
threshold,pixel,4.0,0.3853650893597458,0.006100900432238987,0.02384329690537257
threshold,sub-pixel,4.0,0.22165195829195256,0.005580277685872215,0.009717773371629157
canny,pixel,4.0,1.026351468484744,0.42495326192338156,0.783376825973181
canny,sub-pixel,4.0,0.8711879129038382,0.3722785559802366,0.6710922278321281
threshold,pixel,4.0,0.38043448337857527,0.013974602880666653,0.008010327550940666
threshold,sub-pixel,4.0,0.2236732159619319,0.018213694179195272,0.02310820709810102
canny,pixel,4.0,0.7668330759874783,0.2982691305995322,0.4032767860107742
canny,sub-pixel,4.0,0.6073827809693909,0.24581328196147378,0.315280715955633
threshold,pixel,4.0,0.36911914068550833,0.01939195977067598,0.01719963087374765
threshold,sub-pixel,4.0,0.2182124590565131,0.007790312296229285,0.002312076650081707
canny,pixel,4.0,1.0771670030220046,0.5067664259142368,1.180826902069454
canny,sub-pixel,4.0,0.9245285875768832,0.4522453229307579,1.0991866098560092
threshold,pixel,4.0,0.3823997446893959,0.009320420212272973,0.009282542842201202
threshold,sub-pixel,4.0,0.2248088077121218,0.008269482429986263,0.013924055173335503
canny,pixel,4.0,1.0418379739783892,0.692848014445923,0.7641799350210703
canny,sub-pixel,4.0,0.8931264740624427,0.6073723354223988,0.6302574853906946
threshold,pixel,4.0,0.3725713255745615,0.02916359168139815,0.029190903011554248
threshold,sub-pixel,4.0,0.22536260123480872,0.020061449083718097,0.02716317900044718
canny,pixel,4.0,0.8264358659494832,0.28069259997249163,0.5204959891410992
canny,sub-pixel,4.0,0.6693388558522395,0.2204732375958658,0.41880002299321095
threshold,pixel,4.0,0.3795065730708868,0.0195801097474384,0.007718386087011808
threshold,sub-pixel,4.0,0.21071524687062038,0.00971592211013883,0.04272651368124514
canny,pixel,4.0,0.743283200325827,0.25802751191243156,0.049227035943845365
canny,sub-pixel,4.0,0.5727887208948901,0.21865099262694176,0.11044887323595409
threshold,pixel,4.0,0.37586091132992727,0.006876090647688793,0.02215273310040944
threshold,sub-pixel,4.0,0.22758222987934762,0.01243914876597696,0.03393821224690141
canny,pixel,4.0,0.8775099387579377,0.5329610963243843,0.293566175405342
canny,sub-pixel,4.0,0.7292221400096494,0.4496713103078327,0.33190618753345635
threshold,pixel,4.0,0.37285792461525735,0.011188244175990958,0.005005564100848847
threshold,sub-pixel,4.0,0.22104086326384037,0.006939561159671648,0.0006532587704186632
canny,pixel,4.0,0.9878336894120642,0.4450121165287122,0.43927303666076867
canny,sub-pixel,4.0,0.8498707179196996,0.37183341808682724,0.3578028944179521
threshold,pixel,4.0,0.36889516719139004,0.00707824187475925,0.0012880963703447712
threshold,sub-pixel,4.0,0.20741327099354787,0.018371690425113663,0.028583815683339786
canny,pixel,4.0,0.8807293947310209,0.3916308028708122,0.5984438624657784
canny,sub-pixel,4.0,0.7284095976500644,0.32440783360075853,0.5269803479373909
threshold,pixel,4.0,0.3720857033738476,0.01726231392677735,0.04956378700445718
threshold,sub-pixel,4.0,0.2271197104990716,0.00659753235029914,0.008435760509801327
canny,pixel,4.0,0.8918263276089997,0.34306998465270633,0.46106028632516605
canny,sub-pixel,4.0,0.7438956434873413,0.2935023280042688,0.40107257325483303
threshold,pixel,4.0,0.37758890274417045,0.019690722212757583,0.002095216805050093
threshold,sub-pixel,4.0,0.2294800373797583,0.023387076126671014,0.057760001747509726
canny,pixel,4.0,0.8391792351457849,0.3912354220366292,0.7298958355035445
canny,sub-pixel,4.0,0.6808915481273021,0.32084568021344406,0.6567615088806198
threshold,pixel,4.0,0.36961883995293665,0.024521724616086704,0.04266605124646139
threshold,sub-pixel,4.0,0.211321073994012,0.005484728855225773,0.0011115199856939206
canny,pixel,4.0,0.8850376599741636,0.4512547669667888,0.45956966153127743
canny,sub-pixel,4.0,0.7217093658167043,0.4165491665782486,0.4370785588656876
threshold,pixel,4.0,0.37083293391989525,0.009299352771623859,0.03121161375022563
threshold,sub-pixel,4.0,0.22644306415395352,0.014727078590145437,0.03522003427352072
canny,pixel,4.0,0.9615550618460804,0.4993893755216423,1.1808066292017823
canny,sub-pixel,4.0,0.8297402957505878,0.4475126717936586,1.0824704777590357
threshold,pixel,4.0,0.35755681366224884,0.022392245647902653,0.01633279136076382
threshold,sub-pixel,4.0,0.22573383442617656,0.03686914242051964,0.04165805914363485
canny,pixel,4.0,0.8456908679151869,0.42262523567247046,0.5432616525893166
canny,sub-pixel,4.0,0.6949527316373707,0.37869218734929144,0.4603999634651572
threshold,pixel,4.0,0.3701080914289972,0.012807294818793169,0.05675859016280116
threshold,sub-pixel,4.0,0.2216139063798953,0.007233124223416709,0.04492673342369313
canny,pixel,4.0,0.8726625848237755,0.3574844953377905,0.25407649691611356
canny,sub-pixel,4.0,0.723800312198792,0.3122901247097505,0.15487420684814257
threshold,pixel,0.3,0.3823067506704094,0.025711709218511736,0.03067062333076631
threshold,sub-pixel,0.3,0.192603291584443,0.02324223172244122,0.002506022538884878
canny,pixel,0.3,0.3883681482138635,0.10520908833938036,0.07144646915960084
canny,sub-pixel,0.3,0.1902452148877199,0.013831117102967916,0.019467376266898206
threshold,pixel,0.3,0.36854801785856156,0.010129471880774066,0.016368098167013123
threshold,sub-pixel,0.3,0.1921696246068859,0.01534516266176178,0.001591386810012807
canny,pixel,0.3,0.3871052870834769,0.0840252622888027,0.054368621076982926
canny,sub-pixel,0.3,0.1921696246068859,0.01534516266176178,0.001591386810012807
threshold,pixel,0.3,0.3770545175631754,0.04700135639035552,0.04161118763794125
threshold,sub-pixel,0.3,0.19471956010592467,0.022799246500402104,0.03489410082385591
canny,pixel,0.3,0.4024645471998512,0.12218555720899649,0.16439007271949269
canny,sub-pixel,0.3,0.19471956010592467,0.022799246500402104,0.03489410082385591
threshold,pixel,0.3,0.3690310614207884,0.01488672913135769,0.0009819925991583212
threshold,sub-pixel,0.3,0.2043827829620236,0.012858428746494122,0.009232872438480033
canny,pixel,0.3,0.3883685584739513,0.07397539259059105,0.08139850852153341
canny,sub-pixel,0.3,0.2043827829620236,0.012858428746494122,0.009232872438480033
threshold,pixel,0.3,0.3705873110732267,0.031419442822129495,0.015455392514704513
threshold,sub-pixel,0.3,0.193170837647459,0.020240595282598806,0.0157199150234133
canny,pixel,0.3,0.4019479543110358,0.1166453385285906,0.1418144632995162
canny,sub-pixel,0.3,0.193170837647459,0.020240595282598806,0.0157199150234133
threshold,pixel,0.3,0.36153671388525516,0.018125293730122838,0.007720489868041636
threshold,sub-pixel,0.3,0.19353271424366306,0.006857504668430492,0.006165561801704911
canny,pixel,0.3,0.38737789199932265,0.08595861055054765,0.11132002168412525
canny,sub-pixel,0.3,0.19353271424366306,0.006857504668430492,0.006165561801704911
threshold,pixel,0.3,0.38342935235407966,0.018653686496431954,0.004676385242378345
threshold,sub-pixel,0.3,0.1999875679598493,0.020994551173222575,0.02379955588122007
canny,pixel,0.3,0.40348841745661224,0.10872536261849475,0.13233187247988276
canny,sub-pixel,0.3,0.1999875679598493,0.020994551173222575,0.02379955588122007
threshold,pixel,0.3,0.3853231387084328,0.03763943963309013,0.003186865768990188
threshold,sub-pixel,0.3,0.19703837213971664,0.03765729761567216,0.028993473250201962
canny,pixel,0.3,0.3974644795551795,0.12004788057780824,0.12300526133979828
canny,sub-pixel,0.3,0.19703837213971664,0.03765729761567216,0.028993473250201962
threshold,pixel,0.3,0.3850468226452062,0.014677007489792171,0.024759653802652437
threshold,sub-pixel,0.3,0.1986048544310613,0.013381140184097529,0.02850042573230871
canny,pixel,0.3,0.40567146644292373,0.11432750092114086,0.130657478789459
canny,sub-pixel,0.3,0.1986048544310613,0.013381140184097529,0.02850042573230871
threshold,pixel,0.3,0.3755890777136246,0.03120147734859824,0.04725242960556475
threshold,sub-pixel,0.3,0.1909489364966686,0.011329112758082571,0.01852384856737377
canny,pixel,0.3,0.39364258077374137,0.11605524570427805,0.15131710645024343
canny,sub-pixel,0.3,0.1909489364966686,0.011329112758082571,0.01852384856737377
threshold,pixel,0.3,0.38484809336195636,0.03266085716538947,0.05651024411530026
threshold,sub-pixel,0.3,0.19853987325332273,0.02163291483854546,0.023656425829757133
canny,pixel,0.3,0.4041942770210037,0.10909439255865117,0.1535190002456739
canny,sub-pixel,0.3,0.19853987325332273,0.02163291483854546,0.023656425829757133
threshold,pixel,0.3,0.37279399946018377,0.030000196781266197,0.03394467539115453
threshold,sub-pixel,0.3,0.1994698904221791,0.020017874220269016,0.019924558008380444
canny,pixel,0.3,0.40828298403366137,0.0868087531061279,0.09563593972935092
canny,sub-pixel,0.3,0.1994698904221791,0.020017874220269016,0.019924558008380444
threshold,pixel,0.3,0.3802707571275016,0.021072329251680788,0.0017632896286685629
threshold,sub-pixel,0.3,0.20124488508632918,0.01754799432241083,0.0031014316598296787
canny,pixel,0.3,0.40194099074921186,0.10910459951911644,0.13617201141868618
canny,sub-pixel,0.3,0.20124488508632918,0.01754799432241083,0.0031014316598296787
threshold,pixel,0.3,0.3907897589145066,0.04052505182339039,0.033783854208209174
threshold,sub-pixel,0.3,0.20027929106087597,0.026471128280367795,0.0005373147946521328
canny,pixel,0.3,0.41686675595548367,0.10444870933487183,0.0883365728781369
canny,sub-pixel,0.3,0.20027929106087597,0.026471128280367795,0.0005373147946521328
threshold,pixel,0.3,0.37984361288706214,0.04530070261001873,0.03045629273642092
threshold,sub-pixel,0.3,0.20451943088312288,0.04610421114839114,0.07306564531085114
canny,pixel,0.3,0.3844214505231133,0.08567455651600109,0.08140891922054383
canny,sub-pixel,0.3,0.19421631701100062,0.013970816069762693,0.02909784955213679
threshold,pixel,1.0,0.3712767828496406,0.010210566722918202,0.007425435630185717
threshold,sub-pixel,1.0,0.19854328463056753,0.021237437865682107,0.013234728445606692
canny,pixel,1.0,0.3859891589996895,0.08080417275626783,0.050457869015722245
canny,sub-pixel,1.0,0.19854328463056753,0.021237437865682107,0.013234728445606692
threshold,pixel,1.0,0.3666223258008988,0.005679582830287577,0.010866529147709691
threshold,sub-pixel,1.0,0.20135733680653634,0.006389064119942001,0.0010762439013647374
canny,pixel,1.0,0.38458520524982504,0.08632078616371786,0.11383885201581956
canny,sub-pixel,1.0,0.20135733680653634,0.006389064119942001,0.0010762439013647374
threshold,pixel,1.0,0.3721308697174267,0.009905853139936305,0.04059047642484259
threshold,sub-pixel,1.0,0.20354636568534307,0.016794652859703607,0.03900186349403523
canny,pixel,1.0,0.38136191698360444,0.054232584228612435,0.03458740350696399
canny,sub-pixel,1.0,0.20354636568534307,0.016794652859703607,0.03900186349403523
threshold,pixel,1.0,0.36602762207540096,0.02869505168011388,0.020584558196273584
threshold,sub-pixel,1.0,0.2026531674565632,0.018104812039374085,0.021921469443096697
canny,pixel,1.0,0.37498244646485035,0.1033931856526733,0.12659349290885213
canny,sub-pixel,1.0,0.2026531674565632,0.018104812039374085,0.021921469443096697
threshold,pixel,1.0,0.36096391426811697,0.01993614947150646,0.02086519228432948
threshold,sub-pixel,1.0,0.19688303345717045,0.02914201589774601,0.030999368067845534
canny,pixel,1.0,0.3792426932775136,0.1099670295778552,0.15193249796268216
canny,sub-pixel,1.0,0.19688303345717045,0.02914201589774601,0.030999368067845534
threshold,pixel,1.0,0.3630265394073059,0.01689835067410339,0.0006740688555586516
threshold,sub-pixel,1.0,0.1977018715906853,0.01317262187236401,0.007951873816099742
canny,pixel,1.0,0.3780688476298504,0.07546437074920886,0.07047895460002973
canny,sub-pixel,1.0,0.19711900937009674,0.016000467886452485,0.004784328364224599
threshold,pixel,1.0,0.3834366856221457,0.05492423401366375,0.05232247142731561
threshold,sub-pixel,1.0,0.2039492498957163,0.059665053438022086,0.0400748364040866
canny,pixel,1.0,0.39232712184865653,0.11849871613264962,0.09981369311570498
canny,sub-pixel,1.0,0.19571829612791344,0.03318818612513885,0.01033962867925009
threshold,pixel,1.0,0.3717229526617604,0.03931096789484956,0.04590882703654264
threshold,sub-pixel,1.0,0.2032687040759845,0.03015074349322333,0.03404918487345476
canny,pixel,1.0,0.38294535490595966,0.13046762008412927,0.16332178914806628
canny,sub-pixel,1.0,0.2032687040759845,0.03015074349322333,0.03404918487345476
threshold,pixel,1.0,0.35229815376307133,0.009290091012135404,0.009767718373147272
threshold,sub-pixel,1.0,0.2089663654830093,0.01998068096460437,0.016964767115283497
canny,pixel,1.0,0.3734114332481546,0.0861996771704372,0.08058345375462705
canny,sub-pixel,1.0,0.2089663654830093,0.01998068096460437,0.016964767115283497
threshold,pixel,1.0,0.3605835109251757,0.028702842088774272,0.025282970017341366
threshold,sub-pixel,1.0,0.19322475321345411,0.030867824828792356,0.04756583975615758
canny,pixel,1.0,0.3869541022416504,0.1094278857583022,0.09935249476302932
canny,sub-pixel,1.0,0.19322475321345411,0.030867824828792356,0.04756583975615758
threshold,pixel,1.0,0.36904556767363195,0.027294513730286685,0.016975837574845
threshold,sub-pixel,1.0,0.19815850605597504,0.019934551069019202,0.021542083783671284
canny,pixel,1.0,0.3891588868627538,0.12012622543512919,0.14286457206015823
canny,sub-pixel,1.0,0.19815850605597504,0.019934551069019202,0.021542083783671284
threshold,pixel,1.0,0.3682494617398378,0.029767361801017467,0.0006605175719958112
threshold,sub-pixel,1.0,0.1984879255788068,0.03222791226973443,0.024936932289055136
canny,pixel,1.0,0.3973385430766163,0.11223343477089043,0.1295550870237614
canny,sub-pixel,1.0,0.19642856230709393,0.024170731737804152,0.013083226081992194
threshold,pixel,1.0,0.3758119944540831,0.04215960578271827,0.012184642824033087
threshold,sub-pixel,1.0,0.1979895088032248,0.025045722862769626,0.03221518365104137
canny,pixel,1.0,0.39412852469082427,0.10799941449425843,0.057589643238385335
canny,sub-pixel,1.0,0.19427795470952536,0.011092581263794088,0.015474188051944449
threshold,pixel,1.0,0.37823043976611825,0.02765869001004484,0.023578257467824937
threshold,sub-pixel,1.0,0.19588625121489278,0.018057011785417743,0.00189091901307048
canny,pixel,1.0,0.38510104300849324,0.10099568959814764,0.05478060250716421
canny,sub-pixel,1.0,0.19588625121489278,0.018057011785417743,0.00189091901307048
threshold,pixel,1.0,0.36186258526522896,0.013728766670962678,0.013248380492908218
threshold,sub-pixel,1.0,0.19082902793622766,0.01595817793268295,0.01806855795252682
canny,pixel,1.0,0.37763320685370205,0.07696787947377759,0.09118216077852148
canny,sub-pixel,1.0,0.19082902793622766,0.01595817793268295,0.01806855795252682
threshold,pixel,2.0,0.3776003303572736,0.020952760398697423,0.007643467958990513
threshold,sub-pixel,2.0,0.20837183211218563,0.016293012409140495,0.02050640985052521
canny,pixel,2.0,0.39006445033550075,0.09494182748409186,0.12127656074347648
canny,sub-pixel,2.0,0.21065543535144537,0.016609146729603008,0.023344182173080874
threshold,pixel,2.0,0.38108549726771784,0.009586037939903536,0.0016077089020374302
threshold,sub-pixel,2.0,0.2131948357102661,0.02298976493454563,0.038758473841592256
canny,pixel,2.0,0.4213699379983116,0.11644531685699522,0.1977972512799986
canny,sub-pixel,2.0,0.23959890749648766,0.0318229775405412,0.0741710578881789
threshold,pixel,2.0,0.3713555457321124,0.003507174911995925,0.0007346502935359212
threshold,sub-pixel,2.0,0.20839954463250734,0.019491978443110902,0.02438698729403921
canny,pixel,2.0,0.3940668500779645,0.0732822546798566,0.071512274187703
canny,sub-pixel,2.0,0.21188109972540498,0.020342812412128763,0.031188283280485063
threshold,pixel,2.0,0.3725627900794367,0.0374495990433763,0.0018209869946410606
threshold,sub-pixel,2.0,0.21043103940581515,0.039418900599268225,0.014238648430858092
canny,pixel,2.0,0.4617544965667616,0.16986532325346548,0.2334137439458317
canny,sub-pixel,2.0,0.2719054137491186,0.05009853911302775,0.06936968389964004
threshold,pixel,2.0,0.3680504254891027,0.014932610287086812,0.015582608393912345
threshold,sub-pixel,2.0,0.20314989662611532,0.025458826281536062,0.017492781485258124
canny,pixel,2.0,0.3920505779850785,0.10358753915953733,0.13435056233307918
canny,sub-pixel,2.0,0.20314989662611532,0.025458826281536062,0.017492781485258124
threshold,pixel,2.0,0.3781115824978909,0.007850670155870487,0.03087420528358109
threshold,sub-pixel,2.0,0.21032282572612476,0.015162958394329351,0.04849465387394947
canny,pixel,2.0,0.41804492712179375,0.10002314911486487,0.0992935602663243
canny,sub-pixel,2.0,0.24161090169876975,0.03471992597607021,0.013397607437496628
threshold,pixel,2.0,0.3681770295583863,0.016177701882875706,0.019085657216217022
threshold,sub-pixel,2.0,0.20676200224153682,0.006340896161500353,0.03499037421147966
canny,pixel,2.0,0.404547391272939,0.11361651796058547,0.14238877238337855
canny,sub-pixel,2.0,0.22831264227370124,0.010349918468105734,0.032913950321237895
threshold,pixel,2.0,0.37726400009010064,0.013266306960524998,0.01945847360546704
threshold,sub-pixel,2.0,0.207556185996636,0.020078029115779383,0.03020120578305585
canny,pixel,2.0,0.4279876358889807,0.09164768086451036,0.12426669147520197
canny,sub-pixel,2.0,0.2334547179868099,0.02399781483263763,0.03303461570608057
threshold,pixel,2.0,0.3723659147502566,0.019379782673292878,0.006493208627403657
threshold,sub-pixel,2.0,0.20186587346344947,0.02356904316825137,0.018885014586778492
canny,pixel,2.0,0.3964038705446479,0.09883244935290292,0.09566277416457813
canny,sub-pixel,2.0,0.20186587346344947,0.02356904316825137,0.018885014586778492
threshold,pixel,2.0,0.3572345654565921,0.011448095708081807,0.05781539462549068
threshold,sub-pixel,2.0,0.20522529965649683,0.008668590549596678,0.003352244903366941
canny,pixel,2.0,0.4335059574868345,0.08434973141266755,0.008275970021716539
canny,sub-pixel,2.0,0.23965922082848712,0.0247832855253034,0.006930015841555726
threshold,pixel,2.0,0.372172868696167,0.023623188932072603,0.00909735761005992
threshold,sub-pixel,2.0,0.20603285023445056,0.023869482169376566,0.010748536821826526
canny,pixel,2.0,0.4221300058464072,0.10686683010791032,0.11891685297224397
canny,sub-pixel,2.0,0.24622495897392918,0.04441627687472627,0.04032522232156266
threshold,pixel,2.0,0.37005286209613536,0.01813826229217863,0.008543696587814509
threshold,sub-pixel,2.0,0.20660025269799676,0.014863038640711368,0.03562917096751761
canny,pixel,2.0,0.4025150973673888,0.09567303869113775,0.08488391179240251
canny,sub-pixel,2.0,0.21904532499461632,0.02483457262461286,0.006302664249398848
threshold,pixel,2.0,0.3663342468255275,0.00501847770918995,0.020371424864902732
threshold,sub-pixel,2.0,0.2093493077032785,0.01300661975010664,0.005539709239231971
canny,pixel,2.0,0.4477203725836729,0.11037333127551863,0.08160747352698738
canny,sub-pixel,2.0,0.27810274191742923,0.028449993540647034,0.006137492257819233
threshold,pixel,2.0,0.36132766025922125,0.00964913005807344,0.005350524122388123
threshold,sub-pixel,2.0,0.2048854696145762,0.024717312694831683,0.014825106603322702
canny,pixel,2.0,0.4786709716324765,0.17662953679499505,0.3231197474091201
canny,sub-pixel,2.0,0.30223232969303654,0.12042840539180166,0.24370293742653937
threshold,pixel,2.0,0.36573695241274196,0.008396176398757671,0.030509433713387324
threshold,sub-pixel,2.0,0.1963471176050745,0.012984580687724678,0.01545535572017176
canny,pixel,2.0,0.3936535557822351,0.0806111715292046,0.11910068663254059
canny,sub-pixel,2.0,0.1963471176050745,0.012984580687724678,0.01545535572017176
threshold,pixel,4.0,0.38724120453222743,0.08935058492716164,0.09280829736750862
threshold,sub-pixel,4.0,0.251290860189925,0.11135368219393671,0.14056574876623174
canny,pixel,4.0,0.8285444013206889,0.4290927505450892,0.39719759609897176
canny,sub-pixel,4.0,0.6835429585281894,0.3591939431933828,0.44146104714219225
threshold,pixel,4.0,0.36646599928221113,0.02230885967385987,0.002610774800683835
threshold,sub-pixel,4.0,0.23163305195455075,0.0367355033803447,0.03846108681311877
canny,pixel,4.0,0.8758015343670109,0.5271407485647317,0.37712842290674287
canny,sub-pixel,4.0,0.7315870472501115,0.4673433764739787,0.31119616383514126
threshold,pixel,4.0,0.38533988339239733,0.014497570110109548,0.039808891497523646
threshold,sub-pixel,4.0,0.23464289120559825,0.02528707041908751,0.03912284492538376
canny,pixel,4.0,0.9691605222391882,0.4321441816708007,0.09110007420718835
canny,sub-pixel,4.0,0.7938709167242239,0.3574888667591296,0.12929751878826545
threshold,pixel,4.0,0.3707760524192606,0.012719526429778805,0.01633212539606399
threshold,sub-pixel,4.0,0.21823402869965086,0.01884627716949505,0.015098990161796166
canny,pixel,4.0,0.8322342200329516,0.382958557909995,0.626727497727301
canny,sub-pixel,4.0,0.6797493117069118,0.30064562528160144,0.5256992712976865
threshold,pixel,4.0,0.3646020666007924,0.011142959303087618,0.011939833802205424
threshold,sub-pixel,4.0,0.22034884545902206,0.025694689839571794,0.05693348752681349
canny,pixel,4.0,1.1025472272149017,0.4918988541385605,0.1444696831006742
canny,sub-pixel,4.0,0.9542951442882315,0.4233278730522323,0.20652730884353154
threshold,pixel,4.0,0.3809639317288726,0.05219038265007803,0.0425960364620086
threshold,sub-pixel,4.0,0.2343078372921999,0.06927806259113112,0.09546408248333016
canny,pixel,4.0,1.1104955482992227,0.7884440905685863,0.17315602775910977
canny,sub-pixel,4.0,0.9647637576086527,0.7217081208677976,0.1041301170644946
threshold,pixel,4.0,0.3732393902368585,0.014669507807883786,0.05108611095801896
threshold,sub-pixel,4.0,0.22143389461464952,0.0024265039907620523,0.01713958690248729
canny,pixel,4.0,1.0945437693702527,0.49638561945094395,0.35694838464436796
canny,sub-pixel,4.0,0.9591742973081538,0.4364253612983675,0.4300873954953097
threshold,pixel,4.0,0.39451659688738056,0.016726477782706528,0.03574823178349673
threshold,sub-pixel,4.0,0.22707232863218166,0.0296599493672709,0.055593542128674844
canny,pixel,4.0,0.8584891389859579,0.46838208124459735,0.00342330116859646
canny,sub-pixel,4.0,0.6984376532888786,0.3901891116864231,0.0972393453746081
threshold,pixel,4.0,0.3803896233580968,0.02447404018353727,0.02948650735271663
threshold,sub-pixel,4.0,0.22378711283435346,0.02452410708419861,0.02805983671733392
canny,pixel,4.0,0.9427848843879774,0.5184360543681568,0.268158505506328
canny,sub-pixel,4.0,0.7800889227960774,0.44063817701105434,0.1559185570146
threshold,pixel,4.0,0.3608298799471629,0.009336279180608198,0.008965254053306282
threshold,sub-pixel,4.0,0.20916636588557067,0.017126339462261164,0.015042697854332765
canny,pixel,4.0,0.8209767875718507,0.26892710697392164,0.0015553588124719298
canny,sub-pixel,4.0,0.6646653400414075,0.23411536614252815,0.03877282546467198
threshold,pixel,4.0,0.3711618498787597,0.020476942257102282,0.02646505738428173
threshold,sub-pixel,4.0,0.2142695871493368,0.02487152401803039,0.03478605063317408
canny,pixel,4.0,0.9796114262382273,0.4250162044846617,0.7550514716816954
canny,sub-pixel,4.0,0.8145084434973061,0.36810750939490267,0.6955386717414198
threshold,pixel,4.0,0.38176641625907587,0.0326005576732713,0.04322847582894651
threshold,sub-pixel,4.0,0.2272015266063446,0.029285657908086682,0.04635463568404541
canny,pixel,4.0,0.995744123803602,0.45959074339618033,0.5084456942052133
canny,sub-pixel,4.0,0.8309958455822265,0.37685728732760415,0.4299998962354792
threshold,pixel,4.0,0.3811569719670499,0.018143996215740144,0.020229641524453612
threshold,sub-pixel,4.0,0.22440913631027642,0.011223455131223359,0.0377930611825219
canny,pixel,4.0,0.8770745877639042,0.40642107978274367,0.06044073484505175
canny,sub-pixel,4.0,0.7226900157826537,0.32685129193145457,0.03348195541237198
threshold,pixel,4.0,0.3957589122078571,0.016555779526188807,0.054482014651480615
threshold,sub-pixel,4.0,0.22801821169175374,0.010548694368221812,0.0073013608865921675
canny,pixel,4.0,0.9882602750936571,0.5733934064681616,0.3257533803410295
canny,sub-pixel,4.0,0.8459184687242244,0.5038846396306931,0.2690311114763775
threshold,pixel,4.0,0.37579520980361125,0.03698324844894718,0.06480802227387716
threshold,sub-pixel,4.0,0.22756966813515891,0.041210313515075425,0.052263430107426956
canny,pixel,4.0,0.911127800932873,0.4252594637689431,0.19451930122557393
canny,sub-pixel,4.0,0.7660569146214486,0.3545360042510868,0.1038845067252141
threshold,pixel,0.3,0.369558242878688,0.004950442264340271,0.012215685773695473
threshold,sub-pixel,0.3,0.19149979137153728,0.01561219340725506,0.033595724054969356
canny,pixel,0.3,0.3848767797344885,0.06701349445319127,0.059694603268403146
canny,sub-pixel,0.3,0.19149979137153728,0.01561219340725506,0.033595724054969356
threshold,pixel,0.3,0.35777185461781447,0.02517630016475736,0.005346202244166154
threshold,sub-pixel,0.3,0.19883637279431898,0.01537037466499136,0.0059877494413509424
canny,pixel,0.3,0.3821099433785838,0.08249997135839293,0.052412299815916
canny,sub-pixel,0.3,0.1965624728280906,0.008446734301627457,0.009600957802696097
threshold,pixel,0.3,0.36359216864691746,0.005568756090377214,0.03180193468771675
threshold,sub-pixel,0.3,0.19171650131078424,0.018812864632087534,0.01017101002073284
canny,pixel,0.3,0.37993481991713557,0.077149702411766,0.002282403795106802
canny,sub-pixel,0.3,0.19171650131078424,0.018812864632087534,0.01017101002073284
threshold,pixel,0.3,0.3602436158450909,0.002399329491105995,0.057965359231993974
threshold,sub-pixel,0.3,0.19189255297584545,0.011026553477172296,0.0016746482080234326
canny,pixel,0.3,0.3745782047586843,0.06362998611503023,0.0028892787874847947
canny,sub-pixel,0.3,0.19189255297584545,0.011026553477172296,0.0016746482080234326
threshold,pixel,0.3,0.37054869218302344,0.04585251341135388,0.035782576828514934
threshold,sub-pixel,0.3,0.1989393437863517,0.021907728127114945,0.03233693136592963
canny,pixel,0.3,0.3940335326727601,0.12993977881832652,0.10315137836227439
canny,sub-pixel,0.3,0.1989393437863517,0.021907728127114945,0.03233693136592963
threshold,pixel,0.3,0.3842465382454811,0.014139005687458184,0.03589312773570086
threshold,sub-pixel,0.3,0.19418342256429844,0.0153076787809876,0.02881556863377943
canny,pixel,0.3,0.3971282040906027,0.10003953209261374,0.06260851912249699
canny,sub-pixel,0.3,0.19418342256429844,0.0153076787809876,0.02881556863377943
threshold,pixel,0.3,0.34980563247399454,0.016310323341929056,0.04073102538464024
threshold,sub-pixel,0.3,0.19494125491283873,0.0135174159316378,0.029735903005760456
canny,pixel,0.3,0.37505477218923994,0.08422466475593438,0.029387241769522454
canny,sub-pixel,0.3,0.19400037386487534,0.020267773628330543,0.03583952387014211
threshold,pixel,0.3,0.38354177592304967,0.01639010031111987,0.03804572568071629
threshold,sub-pixel,0.3,0.19417674569202437,0.0059094069340804856,0.0015257140533910807
canny,pixel,0.3,0.3964080818374905,0.07078603128060534,0.05146115727112033
canny,sub-pixel,0.3,0.19417674569202437,0.0059094069340804856,0.0015257140533910807
threshold,pixel,0.3,0.3661639157616443,0.029824210795585726,0.00032337513825941855
threshold,sub-pixel,0.3,0.19033124755473363,0.029357030576993903,0.01025050180116649
canny,pixel,0.3,0.39949824179385485,0.10960629616865503,0.04475058320031744
canny,sub-pixel,0.3,0.19033124755473363,0.029357030576993903,0.01025050180116649
threshold,pixel,0.3,0.3652678776467314,0.015700571378704176,0.015189756085530526
threshold,sub-pixel,0.3,0.19201379916915268,0.004807424144538608,0.003906546716064163
canny,pixel,0.3,0.38282016348262465,0.08885285606052262,0.05309105994050567
canny,sub-pixel,0.3,0.19201379916915268,0.004807424144538608,0.003906546716064163
threshold,pixel,0.3,0.35933188555912693,0.011005172043741185,0.0013262260917121793
threshold,sub-pixel,0.3,0.19275334488021456,0.012280583349178364,0.02336335952030799
canny,pixel,0.3,0.3707727276595663,0.093664447935208,0.08889024678718949
canny,sub-pixel,0.3,0.19275334488021456,0.012280583349178364,0.02336335952030799
threshold,pixel,0.3,0.37483163706288736,0.016277227024036778,0.03859722086017969
threshold,sub-pixel,0.3,0.19129694157575805,0.020569847635164118,0.04668069571994726
canny,pixel,0.3,0.38833141617600025,0.09125630537709495,0.058565004845542834
canny,sub-pixel,0.3,0.19129694157575805,0.020569847635164118,0.04668069571994726
threshold,pixel,0.3,0.3670117546381996,0.027918321621162256,0.017804721518232647
threshold,sub-pixel,0.3,0.1930955553919741,0.02406363802923117,0.009593553166192592
canny,pixel,0.3,0.3980785630563012,0.1150401204392204,0.10301813254862235
canny,sub-pixel,0.3,0.1930955553919741,0.02406363802923117,0.009593553166192592
threshold,pixel,0.3,0.3685622219947974,0.023247475403046725,0.03305761724429912
threshold,sub-pixel,0.3,0.20468372921778533,0.0218641880905186,0.0013922565166610834
canny,pixel,0.3,0.3944484820272176,0.12051107300967812,0.006453795978779153
canny,sub-pixel,0.3,0.20468372921778533,0.0218641880905186,0.0013922565166610834
threshold,pixel,0.3,0.37078572312410873,0.03081544892211907,0.012590305224238652
threshold,sub-pixel,0.3,0.19752306019851745,0.022510928075292425,0.008088718199542821
canny,pixel,0.3,0.38942054393929676,0.09799764763693686,0.06369992374248357
canny,sub-pixel,0.3,0.19752306019851745,0.022510928075292425,0.008088718199542821
threshold,pixel,1.0,0.37509361909918576,0.011030240768875155,0.010371727302543654
threshold,sub-pixel,1.0,0.19996955368038433,0.011606278018042593,0.0017569809630533229
canny,pixel,1.0,0.4065762050566182,0.07623228533607307,0.005129707949551587
canny,sub-pixel,1.0,0.19996955368038433,0.011606278018042593,0.0017569809630533229
threshold,pixel,1.0,0.3648557487446479,0.028246143405931567,0.0042702625593009635
threshold,sub-pixel,1.0,0.19473337687533965,0.02606600066121456,0.00015625059578505684
canny,pixel,1.0,0.3979098810331337,0.10246025530609049,0.07506929761272163
canny,sub-pixel,1.0,0.19473337687533965,0.02606600066121456,0.00015625059578505684
threshold,pixel,1.0,0.3672479152371277,0.03476101769182205,0.0023238265002563097
threshold,sub-pixel,1.0,0.20068062645045132,0.03167457971001153,0.011925066213458457
canny,pixel,1.0,0.40171525673622116,0.08824161824176135,0.07688268568753465
canny,sub-pixel,1.0,0.20068062645045132,0.03167457971001153,0.011925066213458457
threshold,pixel,1.0,0.379701242635858,0.002801675458149022,0.034102615783152324
threshold,sub-pixel,1.0,0.20263900912326785,0.015049398598781627,0.004459477275926549
canny,pixel,1.0,0.3906745552272311,0.07407834095066002,0.05004786682050444
canny,sub-pixel,1.0,0.20263900912326785,0.015049398598781627,0.004459477275926549
threshold,pixel,1.0,0.37041486471098684,0.03139481866481342,0.043466680259034884
threshold,sub-pixel,1.0,0.20222905859852897,0.01860539413081641,0.02835642799690552
canny,pixel,1.0,0.3908638713185398,0.1126020764161697,0.04421435564033693
canny,sub-pixel,1.0,0.20182677179611005,0.016048125867421215,0.03095699927636497
threshold,pixel,1.0,0.3632046575993372,0.017227620199656624,0.022419710814834737
threshold,sub-pixel,1.0,0.20319584781495448,0.021365500445114094,0.021353744534797325
canny,pixel,1.0,0.3919873166866019,0.07884060999497167,0.05935620520377238
canny,sub-pixel,1.0,0.20319584781495448,0.021365500445114094,0.021353744534797325
threshold,pixel,1.0,0.37656980579115396,0.04085048489446397,0.014710095752609398
threshold,sub-pixel,1.0,0.20418626919134414,0.03449309920031185,0.03030768617291546
canny,pixel,1.0,0.3934721888040733,0.10738913311385967,0.11884947290533088
canny,sub-pixel,1.0,0.20418626919134414,0.03449309920031185,0.03030768617291546
threshold,pixel,1.0,0.3793172855050553,0.0493288003124186,0.04483914093806751
threshold,sub-pixel,1.0,0.2017441966534272,0.049274456569503355,0.05862510359466633
canny,pixel,1.0,0.40174917425288637,0.12548846661301982,0.09670133869614084
canny,sub-pixel,1.0,0.19158281743123784,0.019078918487305696,0.020214195096733167
threshold,pixel,1.0,0.36908761978776305,0.004963128865280719,0.02975892503079347
threshold,sub-pixel,1.0,0.19550412328009437,0.010045676688273053,0.0030594716410896616
canny,pixel,1.0,0.37977694470664214,0.09518119863697638,0.06898237510792482
canny,sub-pixel,1.0,0.19550412328009437,0.010045676688273053,0.0030594716410896616
threshold,pixel,1.0,0.34697837991254565,0.010101439721400984,0.0012441871731523335
threshold,sub-pixel,1.0,0.19121598982397703,0.02177010835598092,0.023702828520824504
canny,pixel,1.0,0.36535376273824083,0.10360216687839774,0.07010540060667125
canny,sub-pixel,1.0,0.19121598982397703,0.02177010835598092,0.023702828520824504
threshold,pixel,1.0,0.3479436820236801,0.013626510405557068,0.03076962096334146
threshold,sub-pixel,1.0,0.1982203820809406,0.0075525957679543065,0.00017393984675972973
canny,pixel,1.0,0.36049208375433806,0.07384850508731189,0.035676484635590366
canny,sub-pixel,1.0,0.1951010982896881,0.01517473704277661,0.007989261610296339
threshold,pixel,1.0,0.3902731926064935,0.05519241570456024,0.002664327107055886
threshold,sub-pixel,1.0,0.21543490559206221,0.06508184535454964,0.044036514776487845
canny,pixel,1.0,0.4146627382781792,0.14466748143611974,0.135033958168
canny,sub-pixel,1.0,0.21136187745228785,0.04730150402652944,0.025074673168823836
threshold,pixel,1.0,0.3592084259202123,0.02965102366561445,0.01059584837746419
threshold,sub-pixel,1.0,0.20217246056022853,0.02276627450400248,0.010014701026586526
canny,pixel,1.0,0.38238310099781453,0.0989153753463361,0.031506224396946614
canny,sub-pixel,1.0,0.20217246056022853,0.02276627450400248,0.010014701026586526
threshold,pixel,1.0,0.3670785919323464,0.021504614563841784,0.020421184002708426
threshold,sub-pixel,1.0,0.19367307564954064,0.014493001102721115,0.012450888877642452
canny,pixel,1.0,0.385600527302128,0.1185755599905376,0.006156437925460612
canny,sub-pixel,1.0,0.19367307564954064,0.014493001102721115,0.012450888877642452
threshold,pixel,1.0,0.3629809777688807,0.023131789638742628,0.022501948410567074
threshold,sub-pixel,1.0,0.20207093195319265,0.027156664090071336,0.023207670383411205
canny,pixel,1.0,0.38406954704393165,0.08797642085591084,0.03287600253648959
canny,sub-pixel,1.0,0.20207093195319265,0.027156664090071336,0.023207670383411205
threshold,pixel,2.0,0.3720563630712703,0.005246637180920999,0.02723496459878172
threshold,sub-pixel,2.0,0.2055076734064613,0.0065484632426049405,0.007349770851813542
canny,pixel,2.0,0.3886393216238056,0.09355692613823186,0.05780137377968941
canny,sub-pixel,2.0,0.2055076734064613,0.0065484632426049405,0.007349770851813542
threshold,pixel,2.0,0.35476423395312817,0.031041701334840743,0.001982325926932038
threshold,sub-pixel,2.0,0.2028401285929312,0.03727894486868766,0.048421511199953304
canny,pixel,2.0,0.3933047546943861,0.08795125066765275,0.05892301303932701
canny,sub-pixel,2.0,0.20483454598483336,0.007612796051943649,0.003317029641154434
threshold,pixel,2.0,0.3642085680712107,0.019465431944356792,0.05864629912160968
threshold,sub-pixel,2.0,0.20258982650653345,0.012266800025330982,0.015031961221632972
canny,pixel,2.0,0.4906255636667385,0.12944344695125243,0.04901526036531845
canny,sub-pixel,2.0,0.3059711581619965,0.06668888530699935,0.061510865644429646
threshold,pixel,2.0,0.38255189990973737,0.012003849901027763,0.012642136857828223
threshold,sub-pixel,2.0,0.211868985410564,0.010606793097730938,0.0140705790371074
canny,pixel,2.0,0.40823783935331337,0.0951260350462102,0.07043970516002451
canny,sub-pixel,2.0,0.21565555298441696,0.012171004962471033,0.008086933237492655
threshold,pixel,2.0,0.3725694249963425,0.016478550439990913,0.0006947108336556873
threshold,sub-pixel,2.0,0.2094779731213029,0.026383488139868128,0.016408731982846536
canny,pixel,2.0,0.40591904477059004,0.13812932463095495,0.13006087662863752
canny,sub-pixel,2.0,0.23271022141498682,0.045390190600024916,0.07081016986617428
threshold,pixel,2.0,0.3727965582927899,0.0025299791835113883,0.012254898059758101
threshold,sub-pixel,2.0,0.20519892359696335,0.008230348969644918,0.023749444711416157
canny,pixel,2.0,0.39286721760682636,0.09153465551290174,0.08800664844150718
canny,sub-pixel,2.0,0.20519892359696335,0.008230348969644918,0.023749444711416157
threshold,pixel,2.0,0.3920274059783925,0.02772085077308728,0.005972988496617315
threshold,sub-pixel,2.0,0.21069680609678798,0.009976946957209742,0.02648173792384112
canny,pixel,2.0,0.43303394602876766,0.09709065431078345,0.03714178654771816
canny,sub-pixel,2.0,0.2429846757454775,0.013180050798524467,0.08637022126437133
threshold,pixel,2.0,0.35935645578387965,0.01165904104430826,0.031788699271987575
threshold,sub-pixel,2.0,0.19984928543889696,0.018789852119805328,0.014255711523660786
canny,pixel,2.0,0.40770497995182564,0.1101578924086517,0.15920313404484032
canny,sub-pixel,2.0,0.2306281016992433,0.0388448558391592,0.11981405809965606
threshold,pixel,2.0,0.3691731242393177,0.013257724834636608,0.026907497503821265
threshold,sub-pixel,2.0,0.2140160351777524,0.023352525567433835,0.0041649872933384735
canny,pixel,2.0,0.42336737741960107,0.07856851079411675,0.02707078858766776
canny,sub-pixel,2.0,0.24827732122364368,0.029335723444595008,0.03378068893154795
threshold,pixel,2.0,0.3605396163387664,0.012469018748250571,0.01872776617413452
threshold,sub-pixel,2.0,0.19554827648062809,0.007689596770418916,0.004362738093381058
canny,pixel,2.0,0.38909210997407384,0.09034579330812376,0.09560954612681494
canny,sub-pixel,2.0,0.19554827648062809,0.007689596770418916,0.004362738093381058
threshold,pixel,2.0,0.3724107364052568,0.015818044383786978,0.025840648203849792
threshold,sub-pixel,2.0,0.2144445389030405,0.014687040367845405,0.01623630965930012
canny,pixel,2.0,0.4656917404914306,0.1334632120722572,0.08165772418806938
canny,sub-pixel,2.0,0.28659603811526546,0.02924412209437688,0.1361191563284776
threshold,pixel,2.0,0.3811130247478004,0.017136818094729778,0.04532042552422988
threshold,sub-pixel,2.0,0.20143207799006047,0.02130490192375012,0.00705380139225209
canny,pixel,2.0,0.4816419166130519,0.10921869626340497,0.018770224927670665
canny,sub-pixel,2.0,0.28539538693112465,0.02316022556020747,0.055783587630899856
threshold,pixel,2.0,0.3729970054531754,0.004439816729953527,0.028325756710525063
threshold,sub-pixel,2.0,0.21091205892764325,0.023820828287840046,0.01182140184964453
canny,pixel,2.0,0.4054282558740937,0.08031117262802523,0.0047154191784599675
canny,sub-pixel,2.0,0.21618929990986752,0.02566004823089485,0.021598396569781464
threshold,pixel,2.0,0.37240998890956123,0.0054031496315574135,0.032022845384300336
threshold,sub-pixel,2.0,0.21317842477417243,0.015406805831538417,0.026056906620860243
canny,pixel,2.0,0.43495815990191433,0.14023451045117308,0.00940352213125184
canny,sub-pixel,2.0,0.25100501282115906,0.05637281284442208,0.0012790555308654916
threshold,pixel,2.0,0.37817905457044254,0.025452961438971355,0.029555367051982362
threshold,sub-pixel,2.0,0.2110822384498649,0.019439458737946502,0.06083999885063651
canny,pixel,2.0,0.46026917745230844,0.15450042709843537,0.03031462914941674
canny,sub-pixel,2.0,0.27966335068988,0.08119173613857655,0.02279643661461117
threshold,pixel,4.0,0.3781462442150424,0.020417405239554043,0.05202845599488892
threshold,sub-pixel,4.0,0.22664689892988993,0.024474143033032192,0.0035495084643626384
canny,pixel,4.0,0.7212057810986612,0.24804223106397183,0.2280781715380198
canny,sub-pixel,4.0,0.568728095657093,0.1773908484091753,0.30298157369147116
threshold,pixel,4.0,0.3850857472161883,0.013211834046920723,0.037227802969003854
threshold,sub-pixel,4.0,0.22027197218243738,0.02278026814896572,0.011441561686924562
canny,pixel,4.0,0.8899089358089922,0.3697065942677602,0.33298344822177084
canny,sub-pixel,4.0,0.7290545465880356,0.28468594367003064,0.38919826371163113
threshold,pixel,4.0,0.36256751411654387,0.011034423506245616,0.013809554562054682
threshold,sub-pixel,4.0,0.21919809997645381,0.018170514630868384,0.0038171049537401025
canny,pixel,4.0,0.8738061769510463,0.3495691442799025,0.29572323008638035
canny,sub-pixel,4.0,0.7268761196134038,0.28972884795846454,0.35132145206031584
threshold,pixel,4.0,0.38972281381326634,0.015592457356339073,0.013372440525604379
threshold,sub-pixel,4.0,0.2266255069407393,0.014263382274161573,0.01625872822217156
canny,pixel,4.0,0.8083732497361806,0.47478279890630426,0.15609747411266506
canny,sub-pixel,4.0,0.6584824458264331,0.39177790551577485,0.21201469192982092
threshold,pixel,4.0,0.3880010489243684,0.022864602442006277,0.07981721590742152
threshold,sub-pixel,4.0,0.22313754206734698,0.015162263231003115,0.02705263251250667
canny,pixel,4.0,0.8252157367229458,0.45998344315975825,0.19554331986749673
canny,sub-pixel,4.0,0.6466159300949,0.36695729362626595,0.27193078357963607
threshold,pixel,4.0,0.3867690162805919,0.02710366760502314,0.03213097441942736
threshold,sub-pixel,4.0,0.2222743701537604,0.016948559861072132,0.021355448932874666
canny,pixel,4.0,0.8066650457821527,0.39057258616822144,0.30018167591420575
canny,sub-pixel,4.0,0.6384845203077258,0.3164098117350944,0.3760904197862476
threshold,pixel,4.0,0.37603040367817114,0.005712630546168329,0.06586705015140026
threshold,sub-pixel,4.0,0.2159743020398906,0.013958293563027135,0.00860288829956879
canny,pixel,4.0,1.005484828918119,0.5148356929393183,0.42052562487642
canny,sub-pixel,4.0,0.8535067117551395,0.44899743230080436,0.3599993746942838
threshold,pixel,4.0,0.37819052213164794,0.010760393724607686,0.017328507795059345
threshold,sub-pixel,4.0,0.21345995425129977,0.007241347621999017,0.004650392805396475
canny,pixel,4.0,0.8366180353100354,0.31023360371910647,0.29073524182542787
canny,sub-pixel,4.0,0.6754843619984169,0.2649874284968492,0.3196991479882527
threshold,pixel,4.0,0.36976444065781267,0.0031497830728945964,0.07871709873918187
threshold,sub-pixel,4.0,0.2198813734453996,0.008004289387941066,0.02923787493441843
canny,pixel,4.0,0.8482916954856682,0.33908216295670734,0.1568813326887324
canny,sub-pixel,4.0,0.6909749004834462,0.27619663661425786,0.16114925790659518
threshold,pixel,4.0,0.36323669533244074,0.018460419994402955,0.05971883538793765
threshold,sub-pixel,4.0,0.21840711283999015,0.029821523205658673,0.013465346065104189
canny,pixel,4.0,0.9119050857592733,0.4313852667242952,0.36898562087985587
canny,sub-pixel,4.0,0.755118339649141,0.3548966584926667,0.43595238252204727
threshold,pixel,4.0,0.37617143968299765,0.03100070355908313,0.02342760398789423
threshold,sub-pixel,4.0,0.22224940686475064,0.03236469992917357,0.007315100839952127
canny,pixel,4.0,0.9076160435650414,0.4299276206969165,0.2686238177398894
canny,sub-pixel,4.0,0.7497990845921297,0.39269303616827766,0.2601909197077181
threshold,pixel,4.0,0.37697645616752423,0.02093098907578317,0.003801267789264706
threshold,sub-pixel,4.0,0.21584904389884588,0.01558961324366126,0.04285563332353348
canny,pixel,4.0,0.8376261035164507,0.31922086695311047,0.4852332884912567
canny,sub-pixel,4.0,0.6724553208846928,0.2612152008794455,0.523491723306555
threshold,pixel,4.0,0.37459321408223006,0.011748041934908526,0.06081694827626771
threshold,sub-pixel,4.0,0.21294958840257144,0.010246447101889045,0.03120751820609513
canny,pixel,4.0,0.803358024097924,0.28653715649729206,0.11772484707257069
canny,sub-pixel,4.0,0.6401405173469196,0.22928025469738933,0.11465173539655504
threshold,pixel,4.0,0.3750534083720074,0.008963804116333796,0.019266439823626857
threshold,sub-pixel,4.0,0.22656193057691226,0.024056564479097542,0.009975649066440884
canny,pixel,4.0,1.1310344397675074,0.651379265156121,0.4339361219061564
canny,sub-pixel,4.0,0.9975474237827925,0.6002889983534607,0.47041978944441265
threshold,pixel,4.0,0.37948674993417225,0.030283951826560962,0.05020378062383468
threshold,sub-pixel,4.0,0.22692631435107802,0.030677021613497724,0.019005987467693775
canny,pixel,4.0,1.0374859206833353,0.5241336214673362,0.4603951532821555
canny,sub-pixel,4.0,0.879795103753727,0.4525032340904718,0.4734575926594258
threshold,pixel,0.3,0.3493223898007529,0.01583415071053884,0.027299549574496318
threshold,sub-pixel,0.3,0.19021085177392888,0.0038816881121455094,0.0028584383973271343
canny,pixel,0.3,0.37611560564769675,0.09795440808690525,0.15600758163343897
canny,sub-pixel,0.3,0.19021085177392888,0.0038816881121455094,0.0028584383973271343
threshold,pixel,0.3,0.3726841462974157,0.011400925155798936,0.028570101177187723
threshold,sub-pixel,0.3,0.19863066228446002,0.01235300427725572,0.019390844962962284
canny,pixel,0.3,0.3858943859931133,0.09671394216750429,0.1456087017410157
canny,sub-pixel,0.3,0.19705901949051208,0.00746249384610298,0.013604856064151072
threshold,pixel,0.3,0.3527195640978575,0.01999308939756217,0.024110442565585366
threshold,sub-pixel,0.3,0.19548094469737592,0.0086079591307624,0.018644103482344576
canny,pixel,0.3,0.37938658227395294,0.08712388804173932,0.15579792725617336
canny,sub-pixel,0.3,0.19548094469737592,0.0086079591307624,0.018644103482344576
threshold,pixel,0.3,0.36226958321306124,0.03536528726311117,0.06683582231141028
threshold,sub-pixel,0.3,0.19114458162391001,0.012807896410287123,0.030754035513079536
canny,pixel,0.3,0.3690262218584585,0.07565283794523747,0.14066040569147908
canny,sub-pixel,0.3,0.19114458162391001,0.012807896410287123,0.030754035513079536
threshold,pixel,0.3,0.358831685434779,0.008596972400234604,0.04065965666554838
threshold,sub-pixel,0.3,0.18806276308018688,0.006091286276483032,0.034969159677672224
canny,pixel,0.3,0.38199858979101997,0.0657728416172132,0.14909526379535176
canny,sub-pixel,0.3,0.18806276308018688,0.006091286276483032,0.034969159677672224
threshold,pixel,0.3,0.3649535692768353,0.009572396941237349,0.03584674536402854
threshold,sub-pixel,0.3,0.1966268055774582,0.0216085718400576,0.054014558516393585
canny,pixel,0.3,0.37846284796750296,0.10264323124701402,0.18833548271021439
canny,sub-pixel,0.3,0.1946483651471142,0.016068782545410443,0.04583218442539483
threshold,pixel,0.3,0.3534357822682489,0.01035201313659484,0.06131635643523037
threshold,sub-pixel,0.3,0.18897891439277226,0.008058819777579496,0.03981265776797649
canny,pixel,0.3,0.37421059785925914,0.07577789741018304,0.1645231234904463
canny,sub-pixel,0.3,0.18897891439277226,0.008058819777579496,0.03981265776797649
threshold,pixel,0.3,0.3712576058006797,0.03216553177285797,0.06605486579013231
threshold,sub-pixel,0.3,0.1981696121330458,0.030875808423690865,0.03953320758064205
canny,pixel,0.3,0.3930148035828772,0.0910686455595433,0.1468782515475482
canny,sub-pixel,0.3,0.1981696121330458,0.030875808423690865,0.03953320758064205
threshold,pixel,0.3,0.3668318167752972,0.03655999267144505,0.09692760951707768
threshold,sub-pixel,0.3,0.19866344809327874,0.024016206896001258,0.06509399830680351
canny,pixel,0.3,0.39548601602341477,0.11672588861213318,0.24976316277005406
canny,sub-pixel,0.3,0.19866344809327874,0.024016206896001258,0.06509399830680351
threshold,pixel,0.3,0.36481994238755605,0.021041252620887185,0.044114090678476714
threshold,sub-pixel,0.3,0.18943862943078138,0.017151501217070875,0.04114705242334615
canny,pixel,0.3,0.3928001557660917,0.08594289713178438,0.13750033392036265
canny,sub-pixel,0.3,0.18943862943078138,0.017151501217070875,0.04114705242334615
threshold,pixel,0.3,0.36620700326738737,0.03203619477542263,0.06035894591437785
threshold,sub-pixel,0.3,0.19917226776921104,0.009943693045870727,0.02918425105098077
canny,pixel,0.3,0.39142671406901564,0.09782117389001765,0.1798809524033551
canny,sub-pixel,0.3,0.19917226776921104,0.009943693045870727,0.02918425105098077
threshold,pixel,0.3,0.37682366470105877,0.009862244821615684,0.03827693681909938
threshold,sub-pixel,0.3,0.1963978037298803,0.009262790182602343,0.020156029176769508
canny,pixel,0.3,0.4056968076577945,0.1209980087212632,0.210665237125518
canny,sub-pixel,0.3,0.1963978037298803,0.009262790182602343,0.020156029176769508
threshold,pixel,0.3,0.35293685739389385,0.023628285351629863,0.024982240199480366
threshold,sub-pixel,0.3,0.18909005875499516,0.005481137575296113,0.017280032744454665
canny,pixel,0.3,0.36412718349802864,0.0924459360253227,0.1232422954525001
canny,sub-pixel,0.3,0.18909005875499516,0.005481137575296113,0.017280032744454665
threshold,pixel,0.3,0.36795616482844584,0.021844083723427055,0.0025121212084746602
threshold,sub-pixel,0.3,0.20719360476621396,0.01271825015768191,0.008807411352117711
canny,pixel,0.3,0.39409297527854187,0.11552855757625591,0.14988733521151154
canny,sub-pixel,0.3,0.20719360476621396,0.01271825015768191,0.008807411352117711
threshold,pixel,0.3,0.35585537964772973,0.027444768505196393,0.0686586860508438
threshold,sub-pixel,0.3,0.18756572217121942,0.02763409296397601,0.04931890757014479
canny,pixel,0.3,0.3744453968052809,0.09986473528386397,0.1573970766093309
canny,sub-pixel,0.3,0.18756572217121942,0.02763409296397601,0.04931890757014479
threshold,pixel,1.0,0.36683578432222314,0.013674529355217402,0.04926407665160415
threshold,sub-pixel,1.0,0.20550301078423105,0.0383636841282351,0.06773892156667927
canny,pixel,1.0,0.389181508935991,0.10864474556091341,0.1932146815506801
canny,sub-pixel,1.0,0.20200055922982807,0.024509210575832663,0.041531355627612676
threshold,pixel,1.0,0.3738918174722915,0.019041653849494633,0.029422134514232923
threshold,sub-pixel,1.0,0.2037535550254813,0.020999410995724777,0.03859531095917035
canny,pixel,1.0,0.40307070928293065,0.0987631402087994,0.19123797214282234
canny,sub-pixel,1.0,0.2037535550254813,0.020999410995724777,0.03859531095917035
threshold,pixel,1.0,0.3784113809741224,0.012908371220554882,0.029699481418550278
threshold,sub-pixel,1.0,0.2002759327412745,0.01652848468560819,0.025446838349184375
canny,pixel,1.0,0.40022356096570444,0.07919297347825194,0.14076027594591345
canny,sub-pixel,1.0,0.2002759327412745,0.01652848468560819,0.025446838349184375
threshold,pixel,1.0,0.3717011053941802,0.016300358132504966,0.03911111076040363
threshold,sub-pixel,1.0,0.20020889488973576,0.017287574754277335,0.02438347419158049
canny,pixel,1.0,0.3878649527551067,0.11756495511516207,0.16983849113490113
canny,sub-pixel,1.0,0.20020889488973576,0.017287574754277335,0.02438347419158049
threshold,pixel,1.0,0.3479055750192444,0.030218925585395295,0.046048053980920045
threshold,sub-pixel,1.0,0.19303644627043653,0.018793794545094666,0.007069480460984323
canny,pixel,1.0,0.36949226067859087,0.09730520605325843,0.18752103672813902
canny,sub-pixel,1.0,0.19303644627043653,0.018793794545094666,0.007069480460984323
threshold,pixel,1.0,0.36743068108208393,0.027189114110585777,0.03840936426022701
threshold,sub-pixel,1.0,0.19977424039789396,0.030711635738555065,0.0540813165066476
canny,pixel,1.0,0.37776413466360237,0.09180145180835186,0.1398231572714117
canny,sub-pixel,1.0,0.19977424039789396,0.030711635738555065,0.0540813165066476
threshold,pixel,1.0,0.3715696840053591,0.02290876639593753,0.051856747985305596
threshold,sub-pixel,1.0,0.19917438357704764,0.022610592864560575,0.022738010797553443
canny,pixel,1.0,0.38935783859078954,0.0968113414633407,0.15003979759617536
canny,sub-pixel,1.0,0.19917438357704764,0.022610592864560575,0.022738010797553443
threshold,pixel,1.0,0.35989233879845717,0.030632725429181162,0.0334308379196564
threshold,sub-pixel,1.0,0.2057888739507849,0.03694814095457355,0.06646493844828605
canny,pixel,1.0,0.3918180543279667,0.1355157256329489,0.19275840199680339
canny,sub-pixel,1.0,0.2057888739507849,0.03694814095457355,0.06646493844828605
threshold,pixel,1.0,0.3664312609358604,0.009903862842122857,0.03873332063583135
threshold,sub-pixel,1.0,0.2061457183752919,0.008201950119067103,0.019449762710224583
canny,pixel,1.0,0.37052947450870943,0.06654262155308421,0.10515974873425549
canny,sub-pixel,1.0,0.2061457183752919,0.008201950119067103,0.019449762710224583
threshold,pixel,1.0,0.3587877907650191,0.027977242978995065,0.020926052847499044
threshold,sub-pixel,1.0,0.20065187697649783,0.020429004653103933,0.018007186726041624
canny,pixel,1.0,0.3776812478430942,0.09491803333293225,0.14659348214171786
canny,sub-pixel,1.0,0.20065187697649783,0.020429004653103933,0.018007186726041624
threshold,pixel,1.0,0.36080471941298575,0.015961915229130375,0.0360045936672333
threshold,sub-pixel,1.0,0.19924616258047917,0.01215134511396232,0.015070459014919102
canny,pixel,1.0,0.3753391498282426,0.08861312202044269,0.13918704826329353
canny,sub-pixel,1.0,0.19924616258047917,0.01215134511396232,0.015070459014919102
threshold,pixel,1.0,0.3677521710925259,0.005911966227590604,0.016156028677713152
threshold,sub-pixel,1.0,0.1926103407602667,0.0046399120265063765,0.007417209767784705
canny,pixel,1.0,0.37546823407776314,0.07792083574259223,0.15217585523800636
canny,sub-pixel,1.0,0.1926103407602667,0.0046399120265063765,0.007417209767784705
threshold,pixel,1.0,0.3811582985962414,0.03984140555728666,0.07272984180687025
threshold,sub-pixel,1.0,0.20098056760300298,0.031115216457262118,0.053939364621405694
canny,pixel,1.0,0.403395884756166,0.1093666161767961,0.22069816598625813
canny,sub-pixel,1.0,0.20098056760300298,0.031115216457262118,0.053939364621405694
threshold,pixel,1.0,0.3699737907591961,0.016943986745022066,0.015196492516399651
threshold,sub-pixel,1.0,0.19630140743507374,0.025293558370670377,0.03086129682399985
canny,pixel,1.0,0.3928407506382896,0.08734545861014076,0.11942280740173405
canny,sub-pixel,1.0,0.19630140743507374,0.025293558370670377,0.03086129682399985
threshold,pixel,1.0,0.37779538447512584,0.03505112704645619,0.07825333140124968
threshold,sub-pixel,1.0,0.1976820440823867,0.017614943153305918,0.03149191442595711
canny,pixel,1.0,0.40282880374603586,0.09987560373688065,0.14847031244688047
canny,sub-pixel,1.0,0.1976820440823867,0.017614943153305918,0.03149191442595711
threshold,pixel,2.0,0.359113575829077,0.015652231288159513,0.02556900090952663
threshold,sub-pixel,2.0,0.20452990980371072,0.022444126231579542,0.044335502269518656
canny,pixel,2.0,0.40246356891899904,0.11126418634836477,0.18693824415743432
canny,sub-pixel,2.0,0.22387049543447823,0.03690589713981529,0.06202655557545178
threshold,pixel,2.0,0.3705621694266819,0.02147350340716514,0.026697175641285487
threshold,sub-pixel,2.0,0.20469380547244978,0.020281839629590515,0.019005713559447912
canny,pixel,2.0,0.38724699475858443,0.07027795571370743,0.12601039957345694
canny,sub-pixel,2.0,0.20930607827590586,0.020843010991838495,0.01556365261214454
threshold,pixel,2.0,0.36548485518539536,0.008851461125073179,0.02812087028310728
threshold,sub-pixel,2.0,0.2061778800993876,0.018348344382387083,0.014938570525496964
canny,pixel,2.0,0.3911595941750487,0.09945061544828904,0.1733559379937466
canny,sub-pixel,2.0,0.2131930233171132,0.018945577724876816,0.01740629903934554
threshold,pixel,2.0,0.37879623106260274,0.02304079517663804,0.027750227507786995
threshold,sub-pixel,2.0,0.20966700758026519,0.03962126389637333,0.05682271075119871
canny,pixel,2.0,0.4188467867478646,0.1118871909499013,0.1421704784690987
canny,sub-pixel,2.0,0.2343147750752914,0.05897122895966356,0.06083413722967901
threshold,pixel,2.0,0.37413467608541573,0.007630704601683025,0.032481077703609085
threshold,sub-pixel,2.0,0.20776524597672996,0.014057773333852275,6.764550697369032e-09
canny,pixel,2.0,0.38396945779774894,0.0838852331683615,0.14663142229955195
canny,sub-pixel,2.0,0.21227110872207927,0.020683911083997586,0.01147030687377626
threshold,pixel,2.0,0.3850473965107239,0.019783904285162857,0.011010198192976883
threshold,sub-pixel,2.0,0.21006276209232072,0.030093661843408448,0.04473756225797798
canny,pixel,2.0,0.41999592564605637,0.09127263739112079,0.1651709423203953
canny,sub-pixel,2.0,0.22568262051692917,0.035781403877427564,0.06895392601277095
threshold,pixel,2.0,0.3701778906271869,0.017255232727267478,0.05832220593928561
threshold,sub-pixel,2.0,0.20138747677341115,0.0136234039176244,0.053071026129766885
canny,pixel,2.0,0.4149786648131382,0.08518684542023625,0.17825870129969257
canny,sub-pixel,2.0,0.21263738369728574,0.018914363759581887,0.06692633823783112
threshold,pixel,2.0,0.3685822249244922,0.00470567873029637,0.014366229614611647
threshold,sub-pixel,2.0,0.21425197098363363,0.004671290701186992,0.004647609548545262
canny,pixel,2.0,0.39369486078396776,0.09626160938055817,0.13276444645147034
canny,sub-pixel,2.0,0.21425197098363363,0.004671290701186992,0.004647609548545262
threshold,pixel,2.0,0.35886890046568043,0.013217052062455048,0.025802058409215345
threshold,sub-pixel,2.0,0.1988940649183707,0.01634622295123389,0.021379922133182738
canny,pixel,2.0,0.4024055139514041,0.10368431200591699,0.17071922049993615
canny,sub-pixel,2.0,0.22374846392133985,0.023399843544935628,0.04820316444130324
threshold,pixel,2.0,0.3891746448639997,0.045768876504110434,0.10418768230008002
threshold,sub-pixel,2.0,0.21072886608010016,0.04239626389065587,0.06331316855775615
canny,pixel,2.0,0.39736919849351493,0.10171945657170922,0.16138165209271893
canny,sub-pixel,2.0,0.20958198235712178,0.03626348533524815,0.0533969295740242
threshold,pixel,2.0,0.38051021738493385,0.030054271279797318,0.07360826728062264
threshold,sub-pixel,2.0,0.21613081868938439,0.026965723202223568,0.04873761688654721
canny,pixel,2.0,0.4029199583294712,0.1221804834169975,0.21884324393667764
canny,sub-pixel,2.0,0.22111191759765253,0.027556184770029413,0.05066159367837475
threshold,pixel,2.0,0.37919497948937764,0.02711195800892585,0.05797142429797297
threshold,sub-pixel,2.0,0.2164080271704638,0.029380543888553934,0.04820909335736445
canny,pixel,2.0,0.40653323931244323,0.08861005358086382,0.13908432877025945
canny,sub-pixel,2.0,0.22292057574729748,0.028820910719984383,0.044210857513441226
threshold,pixel,2.0,0.3731135701892651,0.021608921302681106,0.017876681472428047
threshold,sub-pixel,2.0,0.20559002070707696,0.013977016980420975,0.010304152312436976
canny,pixel,2.0,0.47646207114490313,0.11532354122057176,0.20510033402379868
canny,sub-pixel,2.0,0.30272263583800363,0.06032266702447675,0.10540907611418682
threshold,pixel,2.0,0.3802329127589173,0.007774094644541707,0.007590490428613705
threshold,sub-pixel,2.0,0.21508833699430824,0.01070425151646881,0.028766733227105323
canny,pixel,2.0,0.4272424448258618,0.09371761611608176,0.13444354853538698
canny,sub-pixel,2.0,0.26145520426710483,0.019728060835019656,0.008730145599892047
threshold,pixel,2.0,0.35856950607132715,0.017524444677275763,0.03226806993813858
threshold,sub-pixel,2.0,0.19889418745495774,0.016330942548525185,0.06082290456033812
canny,pixel,2.0,0.38906331970114716,0.08023296421472481,0.13466159305209402
canny,sub-pixel,2.0,0.19889418745495774,0.016330942548525185,0.06082290456033812
threshold,pixel,4.0,0.3759456370929348,0.006678868574164554,0.03287948046770861
threshold,sub-pixel,4.0,0.21764430761504844,0.01926172294034134,0.03023114783863967
canny,pixel,4.0,0.853706083471589,0.5233334365511206,0.4750686515256968
canny,sub-pixel,4.0,0.7054098531500106,0.4700840304690366,0.3999173174973416
threshold,pixel,4.0,0.37883354334930547,0.015949953960878505,0.020013483683349875
threshold,sub-pixel,4.0,0.21921810985119639,0.021905998791996062,0.031075680659477634
canny,pixel,4.0,0.9962394653687028,0.6497716209557025,1.3559082686353152
canny,sub-pixel,4.0,0.8449980421875609,0.5787902750417988,1.253278527224488
threshold,pixel,4.0,0.38131598246551646,0.0159638606152821,0.008742577365216775
threshold,sub-pixel,4.0,0.2142870904275605,0.015436584568621514,0.0010701295282657952
canny,pixel,4.0,0.9603875130734227,0.4813945351046405,0.8897379513198258
canny,sub-pixel,4.0,0.8094150251562761,0.4107361447265283,0.7902766342577374
threshold,pixel,4.0,0.38014016154730323,0.02486501589155199,0.05655221945746369
threshold,sub-pixel,4.0,0.21794992059591717,0.013012597128735814,0.017134906442914044
canny,pixel,4.0,0.8942930740833464,0.5401133675186718,1.0929717742405298
canny,sub-pixel,4.0,0.7354797970513175,0.4473801399801085,0.9269972139548219
threshold,pixel,4.0,0.39474723583053356,0.010706065158537559,0.004122179772860335
threshold,sub-pixel,4.0,0.2182007551764456,0.011234097447868407,0.03276282803497921
canny,pixel,4.0,0.9712515100530545,0.4548281697295109,0.899862964988011
canny,sub-pixel,4.0,0.8049299580674345,0.39028319963198177,0.7978768207012266
threshold,pixel,4.0,0.37352658412221174,0.021658666623510126,0.04625424977633319
threshold,sub-pixel,4.0,0.21539255118267625,0.01877098854359205,0.03560879676086781
canny,pixel,4.0,1.020749340594264,0.6086415687771194,1.2541487773349047
canny,sub-pixel,4.0,0.8674916856668162,0.5581896853255512,1.1531369838580119
threshold,pixel,4.0,0.36864576620220657,0.009801974768769872,0.05794822516449516
threshold,sub-pixel,4.0,0.2217751185899437,0.019803508112857138,0.025181019483524025
canny,pixel,4.0,0.8634780759229065,0.365998022370674,0.5293646285244806
canny,sub-pixel,4.0,0.6979761528218096,0.2874927832926706,0.3900369166657729
threshold,pixel,4.0,0.38262255336824913,0.016829535241200233,0.012448860885760027
threshold,sub-pixel,4.0,0.22236780047315471,0.012726449870364975,0.002913617829569226
canny,pixel,4.0,0.8540139292765859,0.3771790221893172,0.8769473630634508
canny,sub-pixel,4.0,0.7010063172705429,0.3119237111038704,0.7366498538209791
threshold,pixel,4.0,0.3728518318661401,0.0226429807430637,0.014619134513796261
threshold,sub-pixel,4.0,0.225449899508226,0.015347321281287796,0.015871513235143908
canny,pixel,4.0,0.9880904048824687,0.6366466415058805,1.3210945727691588
canny,sub-pixel,4.0,0.8472188604903965,0.5785995263592951,1.2087178861111996
threshold,pixel,4.0,0.3977613476903854,0.08336748791544646,0.12404550361506939
threshold,sub-pixel,4.0,0.23859943539442074,0.09380880455479468,0.15693722892780215
canny,pixel,4.0,1.2231609898519034,0.9159743885645599,2.2117074455255628
canny,sub-pixel,4.0,1.0700032060568918,0.8691582528129018,2.114623249916279
threshold,pixel,4.0,0.37342370733166125,0.016232989220064997,0.022161350589299467
threshold,sub-pixel,4.0,0.21354877995241361,0.02691525668030814,0.05943460672674439
canny,pixel,4.0,0.7680681569907577,0.2813329149189776,0.0572260210481601
canny,sub-pixel,4.0,0.5945368113814475,0.2501437807045639,0.029078207046207005
threshold,pixel,4.0,0.3967753898533705,0.030551288871039972,0.005470672620461414
threshold,sub-pixel,4.0,0.23499281488196766,0.027292118301425417,0.02354423707144715
canny,pixel,4.0,0.7000550920872131,0.32332833713207965,0.5989927553422705
canny,sub-pixel,4.0,0.5397442270948091,0.2568300484034458,0.48907858721976094
threshold,pixel,4.0,0.36945853315998156,0.012702730748227253,0.03271004909414321
threshold,sub-pixel,4.0,0.21805075306434824,0.026280611900595607,0.05352632494109022
canny,pixel,4.0,0.8532249732992245,0.36192620823131816,0.36425847036458237
canny,sub-pixel,4.0,0.700189705242616,0.30554861739865014,0.3090031060611955
threshold,pixel,4.0,0.3657102106302701,0.03356582391231,0.014973265184060836
threshold,sub-pixel,4.0,0.2179297968644951,0.019933261975282335,0.02470491347773507
canny,pixel,4.0,0.85148363125687,0.3719852419934244,0.8801417879422679
canny,sub-pixel,4.0,0.692136014442923,0.31293018528002325,0.7937813398973415
threshold,pixel,4.0,0.38461085781304793,0.004253134487358423,0.017222917314087205
threshold,sub-pixel,4.0,0.22369833057006683,0.012511556953845426,0.04224101667338864
canny,pixel,4.0,0.9126156176323992,0.3775668634851599,0.9708654616372066
canny,sub-pixel,4.0,0.7581844781508803,0.3132478095314184,0.8708371047396319
