seed,config,edge_mae,ler_mae,lwr_mae
0,"(1.5, 8.0, 0.3, 0.0)",0.28136187668226287,0.08723043408612519,0.10164954071582688
0,"(1.5, 8.0, 0.3, 0.0)",0.2978586674004374,0.08174833918406377,0.13291820543539723
0,"(1.5, 8.0, 0.3, 0.0)",0.2789340955019556,0.0970120740455328,0.11052135075576253
0,"(1.5, 8.0, 0.3, 0.0)",0.30356861965212356,0.088518673045624,0.1289407470371513
0,"(1.5, 8.0, 0.3, 0.0)",0.2847779799837446,0.09051181626016336,0.12043725782635795
0,"(1.5, 8.0, 0.3, 0.0)",0.30732659023015496,0.07399293331785717,0.12023194252038327
0,"(1.5, 8.0, 0.3, 0.0)",0.29155125002565707,0.08650298220201735,0.09682227255665299
0,"(1.5, 8.0, 0.3, 0.0)",0.27840569446833285,0.07691776320003385,0.11963481506872542
0,"(1.5, 8.0, 0.3, 0.0)",0.2944157936807647,0.07102853187423919,0.10267722343066521
0,"(1.5, 8.0, 0.3, 0.0)",0.27203784788594265,0.09290189898885948,0.12331267734086104
0,"(1.5, 8.0, 0.3, 0.0)",0.2911482762898572,0.06654240329384531,0.09381623132657468
0,"(1.5, 8.0, 0.3, 0.0)",0.2757838963743473,0.07980021227258172,0.10421236127999367
0,"(1.5, 8.0, 0.3, 0.0)",0.2964003885561985,0.06578333599795705,0.11273755811996611
0,"(1.5, 8.0, 0.3, 0.0)",0.294863776670348,0.07876112743959696,0.09586019505810528
0,"(1.5, 8.0, 0.3, 0.0)",0.3182233652842585,0.08559353479120546,0.10424005806886383
0,"(1.5, 8.0, 0.3, 0.3)",0.29856182394263675,0.09097802033341817,0.08354325398681905
0,"(1.5, 8.0, 0.3, 0.3)",0.28813008390182226,0.07802760852801693,0.09668991227106827
0,"(1.5, 8.0, 0.3, 0.3)",0.2854017861919669,0.07624995780260702,0.11482277776123007
0,"(1.5, 8.0, 0.3, 0.3)",0.2815730852025214,0.08671105434075943,0.09442289279395966
0,"(1.5, 8.0, 0.3, 0.3)",0.2958879600517841,0.10652659155511734,0.07980595416000713
0,"(1.5, 8.0, 0.3, 0.3)",0.29668637053983316,0.10895034602791243,0.07989913905022039
0,"(1.5, 8.0, 0.3, 0.3)",0.2802911392969285,0.07815368658191324,0.0850339480263076
0,"(1.5, 8.0, 0.3, 0.3)",0.28522603316512474,0.07714387641045817,0.06804782431580247
0,"(1.5, 8.0, 0.3, 0.3)",0.28622890531547585,0.07612594040774356,0.0653879909432653
0,"(1.5, 8.0, 0.3, 0.3)",0.27472180628879833,0.0951823868256767,0.1115342714195291
0,"(1.5, 8.0, 0.3, 0.3)",0.31440825162771857,0.08863039338228218,0.062020048282475315
0,"(1.5, 8.0, 0.3, 0.3)",0.28489351231139526,0.09531055899828522,0.07569144055977972
0,"(1.5, 8.0, 0.3, 0.3)",0.2815264734975961,0.09863099043912049,0.12587073643625812
0,"(1.5, 8.0, 0.3, 0.3)",0.2887076271794697,0.08727180009774027,0.12790825568174435
0,"(1.5, 8.0, 0.3, 0.3)",0.2756701841315229,0.08402343302728332,0.08289323040236574
0,"(1.5, 8.0, 0.3, 0.6)",0.3076009858078602,0.08357190667216996,0.06102605929353033
0,"(1.5, 8.0, 0.3, 0.6)",0.28370007794440555,0.08514333081566638,0.03818966330243567
0,"(1.5, 8.0, 0.3, 0.6)",0.30169647810579303,0.07696918931900609,0.02839197061919374
0,"(1.5, 8.0, 0.3, 0.6)",0.2790773060529791,0.09797663885475105,0.04340568950733914
0,"(1.5, 8.0, 0.3, 0.6)",0.27559247440696416,0.0750186413726005,0.05268619572343569
0,"(1.5, 8.0, 0.3, 0.6)",0.2705904573507443,0.09782951422559905,0.08797058329446772
0,"(1.5, 8.0, 0.3, 0.6)",0.272070119234341,0.06223897130037559,0.0482495138795207
0,"(1.5, 8.0, 0.3, 0.6)",0.30738515048840276,0.08344358887372894,0.06971841562994618
0,"(1.5, 8.0, 0.3, 0.6)",0.30128308973072926,0.06240133954512661,0.05532447671328722
0,"(1.5, 8.0, 0.3, 0.6)",0.3022922042584192,0.0801310160562353,0.07265771649251263
0,"(1.5, 8.0, 0.3, 0.6)",0.311415936066993,0.07458885300723495,0.056981939692295924
0,"(1.5, 8.0, 0.3, 0.6)",0.28730647961709865,0.08509902264016989,0.02716183239868264
0,"(1.5, 8.0, 0.3, 0.6)",0.27740060502678404,0.07372892624048344,0.04670531467682704
0,"(1.5, 8.0, 0.3, 0.6)",0.29047806787079894,0.051029419848966584,0.010453609256995344
0,"(1.5, 8.0, 0.3, 0.6)",0.27233997645619407,0.103208833496226,0.086673733851925
0,"(1.5, 8.0, 0.3, -0.3)",0.2711870917650337,0.08569303392156524,0.15055310427974433
0,"(1.5, 8.0, 0.3, -0.3)",0.2894922651490284,0.08702765008528768,0.12053286169030164
0,"(1.5, 8.0, 0.3, -0.3)",0.2743146006986349,0.08663505038070618,0.15689862349132033
0,"(1.5, 8.0, 0.3, -0.3)",0.2936814801491976,0.07997926147338152,0.13038358822976814
0,"(1.5, 8.0, 0.3, -0.3)",0.2819734170145037,0.08511350552198049,0.1384984951388306
0,"(1.5, 8.0, 0.3, -0.3)",0.28355235400601,0.08225866270579885,0.15081564698597516
0,"(1.5, 8.0, 0.3, -0.3)",0.2952385610134879,0.07305749640944792,0.10682455255074474
0,"(1.5, 8.0, 0.3, -0.3)",0.2778668413845983,0.08588494581224204,0.13457694698776246
0,"(1.5, 8.0, 0.3, -0.3)",0.29464769598188545,0.07285431079177274,0.12296305936622254
0,"(1.5, 8.0, 0.3, -0.3)",0.2772627470416067,0.08254628158944544,0.11349261492575735
0,"(1.5, 8.0, 0.3, -0.3)",0.28870993574918613,0.10155706488341987,0.15776452816324404
0,"(1.5, 8.0, 0.3, -0.3)",0.27901778678268363,0.08569975831338628,0.15166742738120842
0,"(1.5, 8.0, 0.3, -0.3)",0.28334888928781665,0.10241743317610374,0.17015233709641264
0,"(1.5, 8.0, 0.3, -0.3)",0.2697736431803066,0.0834806408591996,0.14714040243963789
0,"(1.5, 8.0, 0.3, -0.3)",0.265703614195943,0.07491472893064732,0.12435403659749777
0,"(1.5, 8.0, 0.7, 0.0)",0.1908438027222055,0.017902192610687595,0.02702625436905759
0,"(1.5, 8.0, 0.7, 0.0)",0.19617493291086058,0.010677809416294815,0.03619335720152739
0,"(1.5, 8.0, 0.7, 0.0)",0.20598667378769958,0.02203062202524253,0.042942877313361105
0,"(1.5, 8.0, 0.7, 0.0)",0.1921301615739682,0.0045728763041335,0.017000718566164474
0,"(1.5, 8.0, 0.7, 0.0)",0.21353696935321576,0.023952271918994406,0.03257385331585638
0,"(1.5, 8.0, 0.7, 0.0)",0.1822067325641865,0.01867554367247859,0.04077210572345047
0,"(1.5, 8.0, 0.7, 0.0)",0.2012644437865257,0.006753122840152059,0.014329953715036758
0,"(1.5, 8.0, 0.7, 0.0)",0.19110882879937263,0.017920493278187344,0.03582997682280009
0,"(1.5, 8.0, 0.7, 0.0)",0.18759837162807586,0.030402460023707056,0.02591517196096027
0,"(1.5, 8.0, 0.7, 0.0)",0.18206405895186972,0.02463129489084459,0.012810825980325458
0,"(1.5, 8.0, 0.7, 0.0)",0.20748081502410423,0.01929253535506148,0.005742012978306121
0,"(1.5, 8.0, 0.7, 0.0)",0.1802856848815347,0.030389143873544522,0.045428869763278534
0,"(1.5, 8.0, 0.7, 0.0)",0.19653702795704092,0.01731648056786428,0.007954168093322167
0,"(1.5, 8.0, 0.7, 0.0)",0.2249708628856511,0.032183731386728365,0.05825939494887411
0,"(1.5, 8.0, 0.7, 0.0)",0.1978252582820077,0.017366789915144287,0.02566111103780999
0,"(1.5, 8.0, 0.7, 0.3)",0.18987993875508577,0.025436973545170716,0.017869881353880457
0,"(1.5, 8.0, 0.7, 0.3)",0.18959595516687483,0.012936165747862716,0.017706168225846808
0,"(1.5, 8.0, 0.7, 0.3)",0.1965743596278018,0.008225521006932524,0.005193883094565921
0,"(1.5, 8.0, 0.7, 0.3)",0.20166875346940116,0.01700688822136809,0.003733174492694502
0,"(1.5, 8.0, 0.7, 0.3)",0.1814110034619191,0.01767035008080875,0.01722195191215814
0,"(1.5, 8.0, 0.7, 0.3)",0.19555294705264287,0.0240962721563186,0.014032352161444939
0,"(1.5, 8.0, 0.7, 0.3)",0.20217614891579055,0.0359389204790076,0.031407870556543926
0,"(1.5, 8.0, 0.7, 0.3)",0.1901598156150417,0.013029989055437952,0.010197947245203842
0,"(1.5, 8.0, 0.7, 0.3)",0.194411744031729,0.0175858880189117,0.010154152800768701
0,"(1.5, 8.0, 0.7, 0.3)",0.1898833880926757,0.021380585912205485,0.018099538920202773
0,"(1.5, 8.0, 0.7, 0.3)",0.19127252695443028,0.008227424655488313,0.0045150124118573665
0,"(1.5, 8.0, 0.7, 0.3)",0.19088484740749245,0.023501499412960758,0.013568955613847855
0,"(1.5, 8.0, 0.7, 0.3)",0.18504246711496478,0.022733805901786974,0.008165395686859922
0,"(1.5, 8.0, 0.7, 0.3)",0.18661814802239984,0.037949821870943534,0.030965936994053367
0,"(1.5, 8.0, 0.7, 0.3)",0.1941546680196684,0.028857400213530227,0.03635463614318657
0,"(1.5, 8.0, 0.7, 0.6)",0.20860990200737053,0.007123513189397412,0.03954935733478582
0,"(1.5, 8.0, 0.7, 0.6)",0.1968762365404953,0.017577748539644333,3.5195487494865674e-05
0,"(1.5, 8.0, 0.7, 0.6)",0.1959117197799563,0.02060446139171479,0.0420243389634789
0,"(1.5, 8.0, 0.7, 0.6)",0.2022834860970369,0.02016872709241979,0.010076483921402035
0,"(1.5, 8.0, 0.7, 0.6)",0.2159625425418475,0.025382389206675238,0.03753656215451073
0,"(1.5, 8.0, 0.7, 0.6)",0.1949874662818789,0.022896888633523127,0.02369059979646626
0,"(1.5, 8.0, 0.7, 0.6)",0.2017625184294621,0.04082264506808109,0.014877674776615946
0,"(1.5, 8.0, 0.7, 0.6)",0.18819791680308046,0.02581644829842611,0.010988236246330274
0,"(1.5, 8.0, 0.7, 0.6)",0.19527605484455896,0.016068992166624163,0.02102150734034236
0,"(1.5, 8.0, 0.7, 0.6)",0.20154756848771377,0.00754202444540697,0.01115522360202803
0,"(1.5, 8.0, 0.7, 0.6)",0.21200025347482357,0.019814206856782923,0.017188548314513774
0,"(1.5, 8.0, 0.7, 0.6)",0.20872776029418297,0.030764223766496013,0.005989007672072333
0,"(1.5, 8.0, 0.7, 0.6)",0.18956367117445563,0.02163000850243879,0.01900427069421884
0,"(1.5, 8.0, 0.7, 0.6)",0.21644052649138742,0.0031242494310198543,0.0071023230266327175
0,"(1.5, 8.0, 0.7, 0.6)",0.196130630250808,0.015463737149959633,0.029153289825210704
0,"(1.5, 8.0, 0.7, -0.3)",0.18465591508015422,0.029938086038726386,0.050859751851507706
0,"(1.5, 8.0, 0.7, -0.3)",0.2043361268139215,0.008124084507590168,0.0034279644910579776
0,"(1.5, 8.0, 0.7, -0.3)",0.19263469648784476,0.026139722746086003,0.026481354206788765
0,"(1.5, 8.0, 0.7, -0.3)",0.21627017318807212,0.022454861619877198,0.03530211598192379
0,"(1.5, 8.0, 0.7, -0.3)",0.2233041556219872,0.010048340245017773,0.023894405928831297
0,"(1.5, 8.0, 0.7, -0.3)",0.20298088449861196,0.025347091026561297,0.04728950112222918
0,"(1.5, 8.0, 0.7, -0.3)",0.21157543053216576,0.018608765438474117,0.029315941085113817
0,"(1.5, 8.0, 0.7, -0.3)",0.1928965181884077,0.0125939221915351,0.0288741654587521
0,"(1.5, 8.0, 0.7, -0.3)",0.19920980338598288,0.01679022453495682,0.0453016284421337
0,"(1.5, 8.0, 0.7, -0.3)",0.189665828964296,0.031227809228638215,0.06815036290693488
0,"(1.5, 8.0, 0.7, -0.3)",0.18871566545418897,0.015839384049088245,0.025120844022167965
0,"(1.5, 8.0, 0.7, -0.3)",0.18710079695629556,0.023907205190332848,0.04516299368309351
0,"(1.5, 8.0, 0.7, -0.3)",0.1852620535423163,0.02206162604664308,0.035632524661771914
0,"(1.5, 8.0, 0.7, -0.3)",0.19597167856277745,0.017606036172392092,0.03483576658875176
0,"(1.5, 8.0, 0.7, -0.3)",0.21097192691849853,0.025923435495209812,0.04523196864363177
0,"(1.5, 20.0, 0.3, 0.0)",0.24582569166077148,0.05126694524229347,0.07190468999297694
0,"(1.5, 20.0, 0.3, 0.0)",0.24485780455493442,0.05297750885501851,0.10867906992610199
0,"(1.5, 20.0, 0.3, 0.0)",0.25086201904907834,0.0320899963551704,0.0602474837738205
0,"(1.5, 20.0, 0.3, 0.0)",0.2421745595151992,0.04631571597995676,0.051010050952207564
0,"(1.5, 20.0, 0.3, 0.0)",0.24681236558971756,0.0295392822264422,0.03795734170133214
0,"(1.5, 20.0, 0.3, 0.0)",0.24475739084694767,0.038383887807352246,0.0588915546328419
0,"(1.5, 20.0, 0.3, 0.0)",0.2337530538433122,0.044861461115643375,0.06079978961043864
0,"(1.5, 20.0, 0.3, 0.0)",0.23597434574560133,0.046978127269682424,0.06469365070289212
0,"(1.5, 20.0, 0.3, 0.0)",0.2380404573345028,0.062097764181785586,0.0883267418949174
0,"(1.5, 20.0, 0.3, 0.0)",0.26331445156079913,0.060111203560483606,0.06027692705105325
0,"(1.5, 20.0, 0.3, 0.0)",0.25405591918038817,0.06414479149848074,0.08664389382313686
0,"(1.5, 20.0, 0.3, 0.0)",0.24835244549282381,0.04497868090310264,0.07369994038455552
0,"(1.5, 20.0, 0.3, 0.0)",0.2428783590311597,0.046084566737135346,0.0492074370423321
0,"(1.5, 20.0, 0.3, 0.0)",0.248739401832468,0.03244122123355453,0.03437129537430428
0,"(1.5, 20.0, 0.3, 0.0)",0.24871724381839821,0.05846357745007924,0.09355615601123013
0,"(1.5, 20.0, 0.3, 0.3)",0.2412654398623107,0.037547479379669846,0.02675696749104106
0,"(1.5, 20.0, 0.3, 0.3)",0.26721138724516014,0.05283185083131825,0.025636681482267942
0,"(1.5, 20.0, 0.3, 0.3)",0.25851895506135014,0.04492498116440746,0.052025993293847383
0,"(1.5, 20.0, 0.3, 0.3)",0.26567573098331726,0.031224484490454896,0.020198775934293867
0,"(1.5, 20.0, 0.3, 0.3)",0.2527010184860117,0.07185998200953159,0.08900160042989946
0,"(1.5, 20.0, 0.3, 0.3)",0.24951163388591743,0.041047546272412694,0.0347119745230946
0,"(1.5, 20.0, 0.3, 0.3)",0.253453920257956,0.05460667193278579,0.051194861750657905
0,"(1.5, 20.0, 0.3, 0.3)",0.2391934390865426,0.05222139586127339,0.036301996619251264
0,"(1.5, 20.0, 0.3, 0.3)",0.24738297759622552,0.06411208204705787,0.06061326177283566
0,"(1.5, 20.0, 0.3, 0.3)",0.23853851674475446,0.04662986582018813,0.02629049881542067
0,"(1.5, 20.0, 0.3, 0.3)",0.26837761019382034,0.03584058967396819,0.05388155692030061
0,"(1.5, 20.0, 0.3, 0.3)",0.24301435000587668,0.058687173010119276,0.06550199850880234
0,"(1.5, 20.0, 0.3, 0.3)",0.24024326253946232,0.022406598386595755,0.013682789917267568
0,"(1.5, 20.0, 0.3, 0.3)",0.23799470374187476,0.042603310747217016,0.05663224620192908
0,"(1.5, 20.0, 0.3, 0.3)",0.24864934582929388,0.053574266888548605,0.06010593998522795
0,"(1.5, 20.0, 0.3, 0.6)",0.24940103819459994,0.03619895036176746,0.02905407652507308
0,"(1.5, 20.0, 0.3, 0.6)",0.2464028738841228,0.04451396138664088,0.025051753862015413
0,"(1.5, 20.0, 0.3, 0.6)",0.2335091027818904,0.05634124144018027,0.023452422529346872
0,"(1.5, 20.0, 0.3, 0.6)",0.2621363051476916,0.03443477722757027,0.04030527253617566
0,"(1.5, 20.0, 0.3, 0.6)",0.2360918526028774,0.058382461234680494,0.02403644575000663
0,"(1.5, 20.0, 0.3, 0.6)",0.24667369123357286,0.06019472135959392,0.02274654919006558
0,"(1.5, 20.0, 0.3, 0.6)",0.24403605053896546,0.039534518146440045,0.023474824878864764
0,"(1.5, 20.0, 0.3, 0.6)",0.268230563564005,0.03872577884509887,0.027205241384550938
0,"(1.5, 20.0, 0.3, 0.6)",0.23897741364611952,0.05804742491171644,0.041979565408506
0,"(1.5, 20.0, 0.3, 0.6)",0.2541889949386923,0.03557931165085704,0.01685337853758262
0,"(1.5, 20.0, 0.3, 0.6)",0.24256646480134564,0.039316212910616044,0.037461063834576924
0,"(1.5, 20.0, 0.3, 0.6)",0.2622821320810115,0.05691305501637711,0.01633819058386643
0,"(1.5, 20.0, 0.3, 0.6)",0.2571654443673879,0.048282002252098666,0.04510340992940187
0,"(1.5, 20.0, 0.3, 0.6)",0.27424546744132516,0.04236621668025797,0.012669191409235614
0,"(1.5, 20.0, 0.3, 0.6)",0.28383447095857617,0.04132400761375632,0.012822451803092605
0,"(1.5, 20.0, 0.3, -0.3)",0.24973727832403536,0.06502601669756491,0.10711298038253192
0,"(1.5, 20.0, 0.3, -0.3)",0.23472260170280956,0.05410853408483218,0.08859257327852266
0,"(1.5, 20.0, 0.3, -0.3)",0.26482079765879457,0.05298318383757794,0.09720823634085196
0,"(1.5, 20.0, 0.3, -0.3)",0.25388092236422444,0.055428064103918095,0.10854749838656375
0,"(1.5, 20.0, 0.3, -0.3)",0.24466083534113656,0.04040902970416804,0.03415024251962695
0,"(1.5, 20.0, 0.3, -0.3)",0.24081088337945755,0.04056137979097485,0.06448852297259178
0,"(1.5, 20.0, 0.3, -0.3)",0.23345411935472873,0.05774912009057909,0.12158146072406684
0,"(1.5, 20.0, 0.3, -0.3)",0.26259927170457265,0.03863327835928354,0.0746183380831198
0,"(1.5, 20.0, 0.3, -0.3)",0.2351237612513746,0.05952205065191285,0.11041961849587922
0,"(1.5, 20.0, 0.3, -0.3)",0.23784240451847563,0.05553901870472444,0.0970672322014603
0,"(1.5, 20.0, 0.3, -0.3)",0.26115100551893505,0.054551709903679635,0.10817736986609017
0,"(1.5, 20.0, 0.3, -0.3)",0.2358486422343054,0.04042903203174186,0.07476229334008444
0,"(1.5, 20.0, 0.3, -0.3)",0.267583711116316,0.05152314977913175,0.10294703664006444
0,"(1.5, 20.0, 0.3, -0.3)",0.25123822571106025,0.029880030550752834,0.04706917485509399
0,"(1.5, 20.0, 0.3, -0.3)",0.24060285238141021,0.05430886168950877,0.1048510089729362
0,"(1.5, 20.0, 0.7, 0.0)",0.1723950259178887,0.025956443994279543,0.0018941551133067058
0,"(1.5, 20.0, 0.7, 0.0)",0.17654148508176562,0.00123346410088232,0.031396279187750675
0,"(1.5, 20.0, 0.7, 0.0)",0.1866190334162261,0.005914262741558596,0.001128026840616858
0,"(1.5, 20.0, 0.7, 0.0)",0.1852642853663625,0.01763421542949084,0.027081085353633405
0,"(1.5, 20.0, 0.7, 0.0)",0.1917633504571381,0.009019365983954142,0.03293152645130393
0,"(1.5, 20.0, 0.7, 0.0)",0.19097487606506208,0.008769991752934247,0.01993806383657093
0,"(1.5, 20.0, 0.7, 0.0)",0.17931317246995374,0.02186751341121629,0.009667744590801775
0,"(1.5, 20.0, 0.7, 0.0)",0.18228653858599406,0.02303810116543714,0.032298949351595496
0,"(1.5, 20.0, 0.7, 0.0)",0.18853290594196914,0.021779253917068475,0.04688790916901331
0,"(1.5, 20.0, 0.7, 0.0)",0.20543353490661143,0.0067016144132764355,0.027321653278949753
0,"(1.5, 20.0, 0.7, 0.0)",0.1856222150417451,0.023182007910470093,0.006265580293514983
0,"(1.5, 20.0, 0.7, 0.0)",0.18398562338163948,0.01531081021737657,0.02638301134586607
0,"(1.5, 20.0, 0.7, 0.0)",0.17629105579223697,0.02499742642853464,0.019169000570470773
0,"(1.5, 20.0, 0.7, 0.0)",0.20251253934903996,0.007895831200120718,0.03190147633914675
0,"(1.5, 20.0, 0.7, 0.0)",0.18306322315892895,0.01700690314000708,0.05370300279549811
0,"(1.5, 20.0, 0.7, 0.3)",0.20101629969200063,0.005829450670497116,0.004861513809861329
0,"(1.5, 20.0, 0.7, 0.3)",0.17449514896984158,0.01666618983059942,0.03869627020633515
0,"(1.5, 20.0, 0.7, 0.3)",0.19634662852302387,0.009981238638988255,0.017011771614640958
0,"(1.5, 20.0, 0.7, 0.3)",0.17149556885445955,0.0051239068050575876,0.007686844543059124
0,"(1.5, 20.0, 0.7, 0.3)",0.18149334646161538,0.011231265732121853,0.025086411403220765
0,"(1.5, 20.0, 0.7, 0.3)",0.18787383890350956,0.03429395282222125,0.03909074183863415
0,"(1.5, 20.0, 0.7, 0.3)",0.19854139759787426,0.008651517763308192,0.014731738814955042
0,"(1.5, 20.0, 0.7, 0.3)",0.19392995321934248,0.006074249170113011,0.004387293667886594
0,"(1.5, 20.0, 0.7, 0.3)",0.1867174290913013,0.01964113235100845,0.0169081981691519
0,"(1.5, 20.0, 0.7, 0.3)",0.17545102659832817,0.002624619356840996,0.006761931029749757
0,"(1.5, 20.0, 0.7, 0.3)",0.1895053895698637,0.018849663114631987,0.009209040857317552
0,"(1.5, 20.0, 0.7, 0.3)",0.1749019390169603,0.0037309068918275345,0.01650547311368622
0,"(1.5, 20.0, 0.7, 0.3)",0.18415667729507917,0.019763757825213557,0.011433005527892837
0,"(1.5, 20.0, 0.7, 0.3)",0.18852413166896206,0.0006317750382598408,0.004188606080534063
0,"(1.5, 20.0, 0.7, 0.3)",0.18545846218493692,0.015120685646635712,0.013907113166591989
0,"(1.5, 20.0, 0.7, 0.6)",0.175479713891249,0.017717223215201194,0.011822316779951603
0,"(1.5, 20.0, 0.7, 0.6)",0.18532730897910707,0.010676559066994162,0.014247886515558639
0,"(1.5, 20.0, 0.7, 0.6)",0.17760472822918338,0.009152929367349794,0.0020929970483760663
0,"(1.5, 20.0, 0.7, 0.6)",0.2029032114198735,0.00865489901268135,0.0006003632369175893
0,"(1.5, 20.0, 0.7, 0.6)",0.18285210902204344,0.021371444127232908,0.011154601801797392
0,"(1.5, 20.0, 0.7, 0.6)",0.17416674279422506,0.013128832527204426,0.017384722643489114
0,"(1.5, 20.0, 0.7, 0.6)",0.18672912766452618,0.01925532981008915,0.07972693370597783
0,"(1.5, 20.0, 0.7, 0.6)",0.17492103029331302,0.013858769123145764,0.037298241788239705
0,"(1.5, 20.0, 0.7, 0.6)",0.1755473945064902,0.022353176509172124,0.04667888066929038
0,"(1.5, 20.0, 0.7, 0.6)",0.18230931321486482,0.01001764091985613,0.0006944050498161047
0,"(1.5, 20.0, 0.7, 0.6)",0.18000201737878802,0.014540909186817608,0.015422454277375541
0,"(1.5, 20.0, 0.7, 0.6)",0.1961790360151789,0.00918707807256025,0.006632830391087197
0,"(1.5, 20.0, 0.7, 0.6)",0.18730221707906625,0.008376039952341485,0.03083881272175404
0,"(1.5, 20.0, 0.7, 0.6)",0.17966454526488657,0.004903654384161182,0.05092514551553351
0,"(1.5, 20.0, 0.7, 0.6)",0.19135710935059647,0.013819588983205233,0.02502106371950097
0,"(1.5, 20.0, 0.7, -0.3)",0.18492952542539548,0.009765637667936478,0.003757087271430759
0,"(1.5, 20.0, 0.7, -0.3)",0.1693371990699789,0.021469589327680616,0.011868943548275723
0,"(1.5, 20.0, 0.7, -0.3)",0.1790049244305704,0.009358652701815795,0.009071117449106048
0,"(1.5, 20.0, 0.7, -0.3)",0.1923605817637033,0.012597481155525614,0.0041402324898554
0,"(1.5, 20.0, 0.7, -0.3)",0.1828785895708988,0.009646671237913074,0.001760092937644675
0,"(1.5, 20.0, 0.7, -0.3)",0.19749062661600308,0.009718503249471655,0.020455730422006102
0,"(1.5, 20.0, 0.7, -0.3)",0.1808322786450494,0.008236400233873287,0.016137478642167524
0,"(1.5, 20.0, 0.7, -0.3)",0.18019622402136032,0.018795283267637686,0.01260707296436614
0,"(1.5, 20.0, 0.7, -0.3)",0.17759856714773126,0.009843251631441619,0.000707967705829482
0,"(1.5, 20.0, 0.7, -0.3)",0.19389587718381565,0.009478259954459944,0.023866156467815758
0,"(1.5, 20.0, 0.7, -0.3)",0.195083561506179,0.005332022189631691,0.028895183324244123
0,"(1.5, 20.0, 0.7, -0.3)",0.19412440633294542,0.018439597316494583,0.03199340358780445
0,"(1.5, 20.0, 0.7, -0.3)",0.1890778460232144,0.01084115883077752,0.01799926368097493
0,"(1.5, 20.0, 0.7, -0.3)",0.17432456574154906,0.006733716877935558,0.004218658930647656
0,"(1.5, 20.0, 0.7, -0.3)",0.18071386740333187,0.018055872655287408,0.015114493384861039
0,"(3.0, 8.0, 0.3, 0.0)",0.44106018412960957,0.15299210478317193,0.2613596446623956
0,"(3.0, 8.0, 0.3, 0.0)",0.43066128272569304,0.18078298884572064,0.23505391546242116
0,"(3.0, 8.0, 0.3, 0.0)",0.42400172938567626,0.16837734292353335,0.2593919586234925
0,"(3.0, 8.0, 0.3, 0.0)",0.4348406821883406,0.1689702037382257,0.22765961730669115
0,"(3.0, 8.0, 0.3, 0.0)",0.43008433013235237,0.15648413352627832,0.22624920999817988
0,"(3.0, 8.0, 0.3, 0.0)",0.4114356444531018,0.15036447379317042,0.20849220697283632
0,"(3.0, 8.0, 0.3, 0.0)",0.4260925251207498,0.14367906118878926,0.16569528128913635
0,"(3.0, 8.0, 0.3, 0.0)",0.4343034634366153,0.17714023223306152,0.2643528592775608
0,"(3.0, 8.0, 0.3, 0.0)",0.4509017861819591,0.17703400850460915,0.2222808331102648
0,"(3.0, 8.0, 0.3, 0.0)",0.4246403589065949,0.17843490619961866,0.21697366587410283
0,"(3.0, 8.0, 0.3, 0.0)",0.413568855429171,0.1412306588809602,0.198927366389686
0,"(3.0, 8.0, 0.3, 0.0)",0.437141898312848,0.16252461610313063,0.19518684012961618
0,"(3.0, 8.0, 0.3, 0.0)",0.44098596719240024,0.1427651485937227,0.17224711933418702
0,"(3.0, 8.0, 0.3, 0.0)",0.42324977207206815,0.1706303698109659,0.25148481131325573
0,"(3.0, 8.0, 0.3, 0.0)",0.44669384334284035,0.17737328223937454,0.2603366648837584
0,"(3.0, 8.0, 0.3, 0.3)",0.44030080778119907,0.17272048628493475,0.1719009262251503
0,"(3.0, 8.0, 0.3, 0.3)",0.4328913555509174,0.18194312081051267,0.20401962936933593
0,"(3.0, 8.0, 0.3, 0.3)",0.43140111173703255,0.17556650900042747,0.1970000236210918
0,"(3.0, 8.0, 0.3, 0.3)",0.4132078149399099,0.15289602886172138,0.17064446440010128
0,"(3.0, 8.0, 0.3, 0.3)",0.42718883516040845,0.17340505757344182,0.18577586113092437
0,"(3.0, 8.0, 0.3, 0.3)",0.4328722144855478,0.17739303545146723,0.16507085995573423
0,"(3.0, 8.0, 0.3, 0.3)",0.4364329266605437,0.1581389334616714,0.21788798436062473
0,"(3.0, 8.0, 0.3, 0.3)",0.4225303717858117,0.14420245265215637,0.2076251605319177
0,"(3.0, 8.0, 0.3, 0.3)",0.45605294864417867,0.15412397143459944,0.22318458916147588
0,"(3.0, 8.0, 0.3, 0.3)",0.4379700355354249,0.18291277638750025,0.21823281012400075
0,"(3.0, 8.0, 0.3, 0.3)",0.43383189809342815,0.17186153494860057,0.1972974529851368
0,"(3.0, 8.0, 0.3, 0.3)",0.46441080480392416,0.19051932333606092,0.19743738508468756
0,"(3.0, 8.0, 0.3, 0.3)",0.44049924869258283,0.16826860643876396,0.21245786076359563
0,"(3.0, 8.0, 0.3, 0.3)",0.4520453043515126,0.1785827226725314,0.20572229514172724
0,"(3.0, 8.0, 0.3, 0.3)",0.4359756008190049,0.17194229347252588,0.1884340522061474
0,"(3.0, 8.0, 0.3, 0.6)",0.4146162100880414,0.1620252772359132,0.12805562140570403
0,"(3.0, 8.0, 0.3, 0.6)",0.4303125528450287,0.19108292892850343,0.15170139271299687
0,"(3.0, 8.0, 0.3, 0.6)",0.4357775413887507,0.17637557449139152,0.13691143452207344
0,"(3.0, 8.0, 0.3, 0.6)",0.43157740509003306,0.16722649460773975,0.16111303669748667
0,"(3.0, 8.0, 0.3, 0.6)",0.421227213464271,0.17246401198552253,0.09560082023876815
0,"(3.0, 8.0, 0.3, 0.6)",0.4331843690772867,0.15899052813543757,0.1648395595958334
0,"(3.0, 8.0, 0.3, 0.6)",0.42605081736753486,0.16385437908099187,0.12122028601540524
0,"(3.0, 8.0, 0.3, 0.6)",0.4435907060873461,0.1481889438998587,0.10237908766550241
0,"(3.0, 8.0, 0.3, 0.6)",0.4633089244319311,0.14611814777130272,0.11190676912291364
0,"(3.0, 8.0, 0.3, 0.6)",0.4333665060118797,0.1558097871940176,0.13830068929454153
0,"(3.0, 8.0, 0.3, 0.6)",0.44121779984794746,0.17556742499078615,0.14813281294385128
0,"(3.0, 8.0, 0.3, 0.6)",0.41952321646147483,0.16133374888958274,0.11329849299826744
0,"(3.0, 8.0, 0.3, 0.6)",0.47038616825205226,0.18173625454542286,0.11238049425630692
0,"(3.0, 8.0, 0.3, 0.6)",0.4243759207635398,0.14773805812428598,0.11812777329503721
0,"(3.0, 8.0, 0.3, 0.6)",0.41856636622049,0.1829994947897493,0.12448621812774174
0,"(3.0, 8.0, 0.3, -0.3)",0.4184020275057745,0.1548665043729882,0.2453929765594891
0,"(3.0, 8.0, 0.3, -0.3)",0.4153846605013823,0.16075005236025075,0.2477002848568306
0,"(3.0, 8.0, 0.3, -0.3)",0.42630678320296744,0.16916901050519728,0.26208890386651174
0,"(3.0, 8.0, 0.3, -0.3)",0.4162454988642399,0.15995723049932797,0.27205568871842445
0,"(3.0, 8.0, 0.3, -0.3)",0.4455007250912368,0.1700890222180369,0.3271492970680958
0,"(3.0, 8.0, 0.3, -0.3)",0.4122833053154659,0.17640103007128372,0.2821847141444147
0,"(3.0, 8.0, 0.3, -0.3)",0.43876257512259786,0.15332340489732532,0.24077689211195974
0,"(3.0, 8.0, 0.3, -0.3)",0.44707300336139094,0.1687910970543809,0.27008287447540713
0,"(3.0, 8.0, 0.3, -0.3)",0.4146469098086679,0.18451730665584565,0.3016051699298128
0,"(3.0, 8.0, 0.3, -0.3)",0.4516312946618405,0.19257420771916234,0.2962815113843327
0,"(3.0, 8.0, 0.3, -0.3)",0.45045393271966966,0.1790666222230728,0.2956314567847702
0,"(3.0, 8.0, 0.3, -0.3)",0.43261112745009167,0.1556572671254679,0.24874832564680904
0,"(3.0, 8.0, 0.3, -0.3)",0.4446249807274477,0.1561988822951348,0.27650893775181995
0,"(3.0, 8.0, 0.3, -0.3)",0.4244469973000532,0.180852789493674,0.29605953485476455
0,"(3.0, 8.0, 0.3, -0.3)",0.4097040866331588,0.14051699479315616,0.22105208501003037
0,"(3.0, 8.0, 0.7, 0.0)",0.27120331709759143,0.04582019598862619,0.06523956849408741
0,"(3.0, 8.0, 0.7, 0.0)",0.2907258063113372,0.06201292203247677,0.07262865997248458
0,"(3.0, 8.0, 0.7, 0.0)",0.25428001676538914,0.055948995539035984,0.06637959940765548
0,"(3.0, 8.0, 0.7, 0.0)",0.2519306315778521,0.06819019683483818,0.09206360008134595
0,"(3.0, 8.0, 0.7, 0.0)",0.2612424651977321,0.06401062721343642,0.09877362507404897
0,"(3.0, 8.0, 0.7, 0.0)",0.2700511472207998,0.04803383738891931,0.052602751779972756
0,"(3.0, 8.0, 0.7, 0.0)",0.26752189463925763,0.06973512316206198,0.08631514862519474
0,"(3.0, 8.0, 0.7, 0.0)",0.2871094013218581,0.06202153676556921,0.07765607028070587
0,"(3.0, 8.0, 0.7, 0.0)",0.2616140328646112,0.046880152213217396,0.0716126946857214
0,"(3.0, 8.0, 0.7, 0.0)",0.25433834556007423,0.060951310239464096,0.08386011849610187
0,"(3.0, 8.0, 0.7, 0.0)",0.2507174769326857,0.050684102184393565,0.07260726757129632
0,"(3.0, 8.0, 0.7, 0.0)",0.27192545243078586,0.05726151115473255,0.0852223179828
0,"(3.0, 8.0, 0.7, 0.0)",0.28761080727728683,0.051510660719823465,0.08423561177496719
0,"(3.0, 8.0, 0.7, 0.0)",0.2639853003783057,0.056225088099941756,0.08523541871638507
0,"(3.0, 8.0, 0.7, 0.0)",0.2588904969209357,0.0446442431109082,0.09090599600948135
0,"(3.0, 8.0, 0.7, 0.3)",0.26453759957332457,0.04827160732983149,0.03110278074263295
0,"(3.0, 8.0, 0.7, 0.3)",0.29342307442887794,0.03119798976983068,0.007154338510621194
0,"(3.0, 8.0, 0.7, 0.3)",0.2584401791673189,0.06280798308075308,0.06286812962728439
0,"(3.0, 8.0, 0.7, 0.3)",0.24486350373929203,0.05503535520962988,0.07445939135673862
0,"(3.0, 8.0, 0.7, 0.3)",0.287333008161889,0.05932310821281317,0.04829315829129399
0,"(3.0, 8.0, 0.7, 0.3)",0.2797638955754177,0.05170117542180397,0.08719549665286319
0,"(3.0, 8.0, 0.7, 0.3)",0.24728682805651414,0.0716521155958676,0.06299338726255632
0,"(3.0, 8.0, 0.7, 0.3)",0.25804699254800245,0.06235272667602887,0.08541975431824111
0,"(3.0, 8.0, 0.7, 0.3)",0.2603578821205699,0.07578992597646628,0.08074336749686006
0,"(3.0, 8.0, 0.7, 0.3)",0.2790056060200762,0.053339392594015544,0.04928751499086825
0,"(3.0, 8.0, 0.7, 0.3)",0.24545265852794912,0.0639160382803674,0.06175680309484566
0,"(3.0, 8.0, 0.7, 0.3)",0.2761989022224291,0.02412745560933538,0.01897040714831011
0,"(3.0, 8.0, 0.7, 0.3)",0.2544052446171009,0.035640007282972785,0.06220713203168193
0,"(3.0, 8.0, 0.7, 0.3)",0.256766829366127,0.06052577748883059,0.055176563249161426
0,"(3.0, 8.0, 0.7, 0.3)",0.2916635767190302,0.04114347546508679,0.04395592018452721
0,"(3.0, 8.0, 0.7, 0.6)",0.2558581135242453,0.0547952630312003,0.05564466531124879
0,"(3.0, 8.0, 0.7, 0.6)",0.26427506545847484,0.07047497559935234,0.047845147479212535
0,"(3.0, 8.0, 0.7, 0.6)",0.25958706199081405,0.05726349983662349,0.04166233382064721
0,"(3.0, 8.0, 0.7, 0.6)",0.266698049691006,0.07187364626225001,0.05749970110712477
0,"(3.0, 8.0, 0.7, 0.6)",0.27373327052667096,0.05067048741182889,0.039067103211391174
0,"(3.0, 8.0, 0.7, 0.6)",0.2804222121810272,0.053249916952985865,0.0655784302554121
0,"(3.0, 8.0, 0.7, 0.6)",0.27832821272482317,0.023997465199449897,0.025304900441291522
0,"(3.0, 8.0, 0.7, 0.6)",0.25466983730278686,0.04700218168435888,0.02342966366403454
0,"(3.0, 8.0, 0.7, 0.6)",0.2588501199092682,0.04203815967054969,0.008337413675746586
0,"(3.0, 8.0, 0.7, 0.6)",0.291061440974927,0.06070320948540542,0.06083085249279696
0,"(3.0, 8.0, 0.7, 0.6)",0.24843097005365072,0.03370463487023545,0.003014095670649919
0,"(3.0, 8.0, 0.7, 0.6)",0.2641249535608282,0.052545613212800824,0.045327554344042564
0,"(3.0, 8.0, 0.7, 0.6)",0.257776818204071,0.03836217905194417,0.03873328938895515
0,"(3.0, 8.0, 0.7, 0.6)",0.24744321750545106,0.06418220048829681,0.025709525063518424
0,"(3.0, 8.0, 0.7, 0.6)",0.2619278876847805,0.03861131562041176,0.009433905010637567
0,"(3.0, 8.0, 0.7, -0.3)",0.27312950796532903,0.058291969856348214,0.09035046027771454
0,"(3.0, 8.0, 0.7, -0.3)",0.2733177564909135,0.05500406634612687,0.08635201962277339
0,"(3.0, 8.0, 0.7, -0.3)",0.24600401881719636,0.05472049961168568,0.09254271242290857
0,"(3.0, 8.0, 0.7, -0.3)",0.26866914280508947,0.04520396685478656,0.05864050080772998
0,"(3.0, 8.0, 0.7, -0.3)",0.2553463420861196,0.05401266425919271,0.08672494314962442
0,"(3.0, 8.0, 0.7, -0.3)",0.28503888372571984,0.056981438385968586,0.09395661305343062
0,"(3.0, 8.0, 0.7, -0.3)",0.2825613049632792,0.053007364232427356,0.11786583644030113
0,"(3.0, 8.0, 0.7, -0.3)",0.25470409771049507,0.04325122262997594,0.06272638728359059
0,"(3.0, 8.0, 0.7, -0.3)",0.27663846330138925,0.11484528485637235,0.16701829349456343
0,"(3.0, 8.0, 0.7, -0.3)",0.2525511231113364,0.06700969979776761,0.10840994898244016
0,"(3.0, 8.0, 0.7, -0.3)",0.2839518211194883,0.04135366463163481,0.07947597765911762
0,"(3.0, 8.0, 0.7, -0.3)",0.26416316063476175,0.04661231480526595,0.09741958620150903
0,"(3.0, 8.0, 0.7, -0.3)",0.24359481891053741,0.05422258626885346,0.09232847737901917
0,"(3.0, 8.0, 0.7, -0.3)",0.24953306457494742,0.03813575896236876,0.05258274697591947
0,"(3.0, 8.0, 0.7, -0.3)",0.2674497938731327,0.05448182196323437,0.08965599216967224
0,"(3.0, 20.0, 0.3, 0.0)",0.3743180040636823,0.1129145929272859,0.16047428395265362
0,"(3.0, 20.0, 0.3, 0.0)",0.38146353080358353,0.08860848365652774,0.09716581039413263
0,"(3.0, 20.0, 0.3, 0.0)",0.35500653119909215,0.10453721201161281,0.1088625125217737
0,"(3.0, 20.0, 0.3, 0.0)",0.35082935451246666,0.09804885399044938,0.14009998189624007
0,"(3.0, 20.0, 0.3, 0.0)",0.3593224213851117,0.11031168000667968,0.14881925088717995
0,"(3.0, 20.0, 0.3, 0.0)",0.36401216138240156,0.08825635455216618,0.11715240052678366
0,"(3.0, 20.0, 0.3, 0.0)",0.35923007616375846,0.1095850888800427,0.17724658025918982
0,"(3.0, 20.0, 0.3, 0.0)",0.3609150533936728,0.11465852930485454,0.1692493286443164
0,"(3.0, 20.0, 0.3, 0.0)",0.36119518923464017,0.11249635789489565,0.13891360565338484
0,"(3.0, 20.0, 0.3, 0.0)",0.3545340299781523,0.11468924351169085,0.162961256002081
0,"(3.0, 20.0, 0.3, 0.0)",0.3565101132297144,0.11405890793522744,0.17139279127037277
0,"(3.0, 20.0, 0.3, 0.0)",0.3723753939557235,0.12439569078749146,0.20613420811015093
0,"(3.0, 20.0, 0.3, 0.0)",0.36372128491159417,0.10503949754522535,0.13946602673212904
0,"(3.0, 20.0, 0.3, 0.0)",0.3630714540118123,0.10030746661107703,0.15130060146807622
0,"(3.0, 20.0, 0.3, 0.0)",0.34569560751396133,0.09144445596564221,0.11206890809495595
0,"(3.0, 20.0, 0.3, 0.3)",0.35783051364239205,0.1082316734969766,0.14745352853218652
0,"(3.0, 20.0, 0.3, 0.3)",0.365524310335577,0.1303051750081201,0.2018051099536815
0,"(3.0, 20.0, 0.3, 0.3)",0.3912497837412153,0.09848044599211447,0.14107739900862803
0,"(3.0, 20.0, 0.3, 0.3)",0.3580526392643073,0.10568107185052078,0.12657120382666376
0,"(3.0, 20.0, 0.3, 0.3)",0.36428656334613396,0.09772197841454533,0.0731104493534378
0,"(3.0, 20.0, 0.3, 0.3)",0.3596265432827381,0.0849054977128263,0.1130814538319842
0,"(3.0, 20.0, 0.3, 0.3)",0.3567831450676472,0.10920907618850872,0.12016228165882437
0,"(3.0, 20.0, 0.3, 0.3)",0.3640580643209912,0.09733188020765882,0.109391999803917
0,"(3.0, 20.0, 0.3, 0.3)",0.36805798575330506,0.08929478465876928,0.08998954486351218
0,"(3.0, 20.0, 0.3, 0.3)",0.38286310930306644,0.11911403865817016,0.14552841065829236
0,"(3.0, 20.0, 0.3, 0.3)",0.35730076893238677,0.09151880405812363,0.12367169434667025
0,"(3.0, 20.0, 0.3, 0.3)",0.3667917429857384,0.08918549331528824,0.14599652081859027
0,"(3.0, 20.0, 0.3, 0.3)",0.38497767863006915,0.10988824313746948,0.13764445893948718
0,"(3.0, 20.0, 0.3, 0.3)",0.37927586906284205,0.11883841369113002,0.1206500351950246
0,"(3.0, 20.0, 0.3, 0.3)",0.36136886804551366,0.10728995421438459,0.14567933607008454
0,"(3.0, 20.0, 0.3, 0.6)",0.36325011240718585,0.12271953262341384,0.10699818448688969
0,"(3.0, 20.0, 0.3, 0.6)",0.3839611721075037,0.13313315518308078,0.11808711900311142
0,"(3.0, 20.0, 0.3, 0.6)",0.362441816152473,0.08928231146146959,0.049771786451593414
0,"(3.0, 20.0, 0.3, 0.6)",0.35679850816853986,0.09314780573609904,0.04238895795850883
0,"(3.0, 20.0, 0.3, 0.6)",0.3911690689773274,0.11807111255282154,0.12213251686569171
0,"(3.0, 20.0, 0.3, 0.6)",0.36640156471232443,0.09880108006358523,0.05860156724763632
0,"(3.0, 20.0, 0.3, 0.6)",0.37846759825036314,0.10097946792295387,0.06954876888446604
0,"(3.0, 20.0, 0.3, 0.6)",0.3616263680780769,0.10800768439364794,0.10645191467130966
0,"(3.0, 20.0, 0.3, 0.6)",0.3851130377835589,0.12491130209498968,0.12224705382272694
0,"(3.0, 20.0, 0.3, 0.6)",0.3656879781516878,0.1119503492474192,0.062355505361594066
0,"(3.0, 20.0, 0.3, 0.6)",0.3791455443666224,0.09804128174092908,0.04893310141534091
0,"(3.0, 20.0, 0.3, 0.6)",0.3596727528338088,0.10747199614688618,0.06892342403838958
0,"(3.0, 20.0, 0.3, 0.6)",0.378891300902779,0.07336048704531728,0.024883935862546114
0,"(3.0, 20.0, 0.3, 0.6)",0.35698788756608435,0.08271517337302625,0.07668793491165316
0,"(3.0, 20.0, 0.3, 0.6)",0.36451552848206004,0.12167558038019033,0.08217433959054476
0,"(3.0, 20.0, 0.3, -0.3)",0.3569067656787914,0.10346739121830661,0.14214553632386018
0,"(3.0, 20.0, 0.3, -0.3)",0.3594057513908868,0.09363596791727291,0.17600404587440188
0,"(3.0, 20.0, 0.3, -0.3)",0.34860764337166333,0.11304334764379576,0.1742279932377646
0,"(3.0, 20.0, 0.3, -0.3)",0.36269022172620025,0.11951620600405044,0.19933501562117772
0,"(3.0, 20.0, 0.3, -0.3)",0.35961988969268444,0.11739375961665766,0.21834502364469754
0,"(3.0, 20.0, 0.3, -0.3)",0.3680889155248694,0.12354609412098494,0.23356655038800112
0,"(3.0, 20.0, 0.3, -0.3)",0.3893630843827059,0.10016363251651739,0.18401858694687867
0,"(3.0, 20.0, 0.3, -0.3)",0.37780724018923917,0.12177561868768594,0.20746351549800846
0,"(3.0, 20.0, 0.3, -0.3)",0.37530026190712085,0.12397978134490528,0.2262116020315741
0,"(3.0, 20.0, 0.3, -0.3)",0.3665069525478001,0.10235106775635638,0.14295456599788547
0,"(3.0, 20.0, 0.3, -0.3)",0.3778232985692033,0.10379418986568667,0.17337218641432095
0,"(3.0, 20.0, 0.3, -0.3)",0.39608320011863685,0.11707204178256947,0.18281499876570528
0,"(3.0, 20.0, 0.3, -0.3)",0.3746142495925101,0.1013966397464956,0.1538505984029621
0,"(3.0, 20.0, 0.3, -0.3)",0.3704245216880301,0.10011728463696024,0.15858404922440528
0,"(3.0, 20.0, 0.3, -0.3)",0.3830085199022044,0.12896712400891652,0.21110954568973206
0,"(3.0, 20.0, 0.7, 0.0)",0.22308793046879483,0.016498356056019903,0.030203682747432126
0,"(3.0, 20.0, 0.7, 0.0)",0.2217831910174558,0.0156206113129016,0.03084389912838681
0,"(3.0, 20.0, 0.7, 0.0)",0.20204502985236011,0.01566207762850147,0.031029194650797454
0,"(3.0, 20.0, 0.7, 0.0)",0.20870797073145778,0.013961347553744119,0.03718405146850756
0,"(3.0, 20.0, 0.7, 0.0)",0.21754488243524545,0.0314030112273036,0.04925553854675879
0,"(3.0, 20.0, 0.7, 0.0)",0.21260923810768323,0.013312061478635062,0.01595712560013851
0,"(3.0, 20.0, 0.7, 0.0)",0.20088730067320798,0.01093564541937364,0.008481129391457287
0,"(3.0, 20.0, 0.7, 0.0)",0.19453954102057414,0.026992917794589344,0.0227600249342661
0,"(3.0, 20.0, 0.7, 0.0)",0.21309165716194767,0.013363270564743068,0.01945314669810294
0,"(3.0, 20.0, 0.7, 0.0)",0.22355121410753143,0.010631993625883629,0.004793686665648167
0,"(3.0, 20.0, 0.7, 0.0)",0.20907972048619738,0.005853557037803991,0.013078957584546025
0,"(3.0, 20.0, 0.7, 0.0)",0.22183101381004305,0.0054116112596771515,0.006811600717269606
0,"(3.0, 20.0, 0.7, 0.0)",0.2057774393624813,0.02547245531454001,0.0432455456718257
0,"(3.0, 20.0, 0.7, 0.0)",0.21997507143312792,0.010671980771470801,0.0006441470953650885
0,"(3.0, 20.0, 0.7, 0.0)",0.19598832443829187,0.027599957927411545,0.04993663142689364
0,"(3.0, 20.0, 0.7, 0.3)",0.19493127630758725,0.010682617104931014,0.011073865611638478
0,"(3.0, 20.0, 0.7, 0.3)",0.19700620192952933,0.01946171857347756,0.008262137315272255
0,"(3.0, 20.0, 0.7, 0.3)",0.19209051775381694,0.02714033103923663,0.01821607025598926
0,"(3.0, 20.0, 0.7, 0.3)",0.23284242538494387,0.03833764268741313,0.06472525552806996
0,"(3.0, 20.0, 0.7, 0.3)",0.20060236212814272,0.023095883841005138,0.03331455032457242
0,"(3.0, 20.0, 0.7, 0.3)",0.19191026409216927,0.013264337070811205,0.01740993403806934
0,"(3.0, 20.0, 0.7, 0.3)",0.21443049817046517,0.023876362618148184,0.00668616848609993
0,"(3.0, 20.0, 0.7, 0.3)",0.21252577860410002,0.018006055930828158,0.0012287662087238083
0,"(3.0, 20.0, 0.7, 0.3)",0.21566649169322802,0.014456349473358499,0.0052211262189194585
0,"(3.0, 20.0, 0.7, 0.3)",0.2192874883987607,0.001720685737233607,0.008258107715533924
0,"(3.0, 20.0, 0.7, 0.3)",0.22768208529057693,0.017741433735044776,0.013556955492737721
0,"(3.0, 20.0, 0.7, 0.3)",0.21651350271339012,0.03454741005869488,0.06710407566872378
0,"(3.0, 20.0, 0.7, 0.3)",0.1953827735882221,0.018769061399595444,0.04347169786999894
0,"(3.0, 20.0, 0.7, 0.3)",0.21689456971988635,0.036732517668492726,0.041168699743619364
0,"(3.0, 20.0, 0.7, 0.3)",0.21217373443224305,0.01593630665153989,0.018033901442165323
0,"(3.0, 20.0, 0.7, 0.6)",0.2070510860814862,0.008011712951317751,0.015721395381274483
0,"(3.0, 20.0, 0.7, 0.6)",0.23247337412867675,0.009203160632979657,0.011182842822412997
0,"(3.0, 20.0, 0.7, 0.6)",0.18737520235147043,0.013433009875753577,0.0010566882180507164
0,"(3.0, 20.0, 0.7, 0.6)",0.20236573047469647,0.026659569363581603,0.025754708017988737
0,"(3.0, 20.0, 0.7, 0.6)",0.1843155772310182,0.009363221973332836,0.0219543255843635
0,"(3.0, 20.0, 0.7, 0.6)",0.1991914148855929,0.03260107702288484,0.04237056167589692
0,"(3.0, 20.0, 0.7, 0.6)",0.19795484994276868,0.01929213143823527,0.012042076705504279
0,"(3.0, 20.0, 0.7, 0.6)",0.1984512699652739,0.011304220966699141,0.016232390172027156
0,"(3.0, 20.0, 0.7, 0.6)",0.20390406110267062,0.009453349570808234,0.0032255993093115443
0,"(3.0, 20.0, 0.7, 0.6)",0.21774893460163464,0.03295411659836667,0.018139723465102175
0,"(3.0, 20.0, 0.7, 0.6)",0.21767733570802802,0.0074111158649912134,0.0071600344074602695
0,"(3.0, 20.0, 0.7, 0.6)",0.2242777001979426,0.0031517183935376725,0.005119867816715029
0,"(3.0, 20.0, 0.7, 0.6)",0.20093853044325788,0.018088790466437077,0.011576168290913014
0,"(3.0, 20.0, 0.7, 0.6)",0.22079395332643642,0.012247993575615457,0.023416636070977326
0,"(3.0, 20.0, 0.7, 0.6)",0.21074006363842746,0.022187468049932546,0.01893258165375311
0,"(3.0, 20.0, 0.7, -0.3)",0.2148455265592173,0.009945684357968831,0.01113457780611693
0,"(3.0, 20.0, 0.7, -0.3)",0.20391509395755333,0.02421379671554824,0.03554910102665776
0,"(3.0, 20.0, 0.7, -0.3)",0.21833029171184512,0.010926663004293014,0.013584434934728051
0,"(3.0, 20.0, 0.7, -0.3)",0.20101731017017327,0.019768399262395597,0.027645718522021134
0,"(3.0, 20.0, 0.7, -0.3)",0.19443671904079005,0.02101484857441349,0.03781760324232142
0,"(3.0, 20.0, 0.7, -0.3)",0.2030396085511027,0.008421606873309173,0.012312823135381734
0,"(3.0, 20.0, 0.7, -0.3)",0.2105535927141232,0.008095198461459674,0.012768963325100913
0,"(3.0, 20.0, 0.7, -0.3)",0.19083973739727256,0.030281105326533053,0.04989239899152542
0,"(3.0, 20.0, 0.7, -0.3)",0.20324769717734525,0.004037390034850041,0.0007653520567689753
0,"(3.0, 20.0, 0.7, -0.3)",0.20514855958051592,0.013987933751621773,0.030861740824828843
0,"(3.0, 20.0, 0.7, -0.3)",0.2258470678518445,0.02266852637431893,0.016799801851804297
0,"(3.0, 20.0, 0.7, -0.3)",0.1943422320043101,0.010237530499560332,0.02134891709471276
0,"(3.0, 20.0, 0.7, -0.3)",0.20532047447955537,0.03416351894531222,0.054212911709107026
0,"(3.0, 20.0, 0.7, -0.3)",0.19983565282175683,0.01075643048042818,0.016027810073999227
0,"(3.0, 20.0, 0.7, -0.3)",0.20348851565562845,0.02684567951631278,0.036511468720437534
1,"(1.5, 8.0, 0.3, 0.0)",0.3036981425656712,0.07459955065498347,0.11072327322656861
1,"(1.5, 8.0, 0.3, 0.0)",0.2878912992460131,0.10196277378955698,0.12968428468574666
1,"(1.5, 8.0, 0.3, 0.0)",0.2691396669706942,0.09554369691048747,0.14620677497125056
1,"(1.5, 8.0, 0.3, 0.0)",0.30687383976558147,0.07682380097635422,0.09434702468676193
1,"(1.5, 8.0, 0.3, 0.0)",0.2732580989441148,0.09875120420113503,0.1281578910690402
1,"(1.5, 8.0, 0.3, 0.0)",0.27911797626107726,0.08690385062277162,0.14367746720643715
1,"(1.5, 8.0, 0.3, 0.0)",0.2903060662513052,0.07617637519412146,0.10163004715666935
1,"(1.5, 8.0, 0.3, 0.0)",0.29991823242060944,0.08666047188147197,0.13244788074056668
1,"(1.5, 8.0, 0.3, 0.0)",0.30072337608783384,0.08926733736755543,0.12867510422710615
1,"(1.5, 8.0, 0.3, 0.0)",0.28945960916113134,0.06979190261050561,0.09643537300449001
1,"(1.5, 8.0, 0.3, 0.0)",0.2784237078290265,0.09289313597352966,0.14830009666488486
1,"(1.5, 8.0, 0.3, 0.0)",0.29376361187334527,0.05225938701657018,0.10248927073462633
1,"(1.5, 8.0, 0.3, 0.0)",0.286677262294761,0.09256676741736247,0.14211236149536854
1,"(1.5, 8.0, 0.3, 0.0)",0.2872763173930166,0.09410489434548586,0.14242909540958393
1,"(1.5, 8.0, 0.3, 0.0)",0.2775458447406002,0.0858703790698605,0.11408981530606144
1,"(1.5, 8.0, 0.3, 0.3)",0.2855213859258378,0.08073876215467601,0.08540518592590995
1,"(1.5, 8.0, 0.3, 0.3)",0.30168784944347066,0.09114351212070104,0.10643540719791922
1,"(1.5, 8.0, 0.3, 0.3)",0.2884942491916671,0.10237499123400506,0.11906454407102762
1,"(1.5, 8.0, 0.3, 0.3)",0.304054325708626,0.09559258560157302,0.08985325811040745
1,"(1.5, 8.0, 0.3, 0.3)",0.2963912282882153,0.0739864436375669,0.10013570067382904
1,"(1.5, 8.0, 0.3, 0.3)",0.2726750588485183,0.08853405492615629,0.1059076819971938
1,"(1.5, 8.0, 0.3, 0.3)",0.2964193215714295,0.0860794149680193,0.09368385537301527
1,"(1.5, 8.0, 0.3, 0.3)",0.2971719202938106,0.10417330721186102,0.1332389742100093
1,"(1.5, 8.0, 0.3, 0.3)",0.2981949712771579,0.08348697788792958,0.05662135782760069
1,"(1.5, 8.0, 0.3, 0.3)",0.2855699141087269,0.08820624816840683,0.1116017598549508
1,"(1.5, 8.0, 0.3, 0.3)",0.2865865872249235,0.09237126196919698,0.09807236721874557
1,"(1.5, 8.0, 0.3, 0.3)",0.3087882753988222,0.05852773302925973,0.06207509207867479
1,"(1.5, 8.0, 0.3, 0.3)",0.2804187257654514,0.08532821776230604,0.0843923320579405
1,"(1.5, 8.0, 0.3, 0.3)",0.30541210050663825,0.08399772639884462,0.0990219049726968
1,"(1.5, 8.0, 0.3, 0.3)",0.2640124840492576,0.06784216470508686,0.06404792550922966
1,"(1.5, 8.0, 0.3, 0.6)",0.27314732393643065,0.08222929412274294,0.05174024936925847
1,"(1.5, 8.0, 0.3, 0.6)",0.28468577227547315,0.10079696510653458,0.07087038600511875
1,"(1.5, 8.0, 0.3, 0.6)",0.2947099737560369,0.08778998752467038,0.059799695607527736
1,"(1.5, 8.0, 0.3, 0.6)",0.2674577348118853,0.07126744837521737,0.08246130841163035
1,"(1.5, 8.0, 0.3, 0.6)",0.3053858059830425,0.08263037021979014,0.029015845049813693
1,"(1.5, 8.0, 0.3, 0.6)",0.30262757124822326,0.09548736968617433,0.04533365310206494
1,"(1.5, 8.0, 0.3, 0.6)",0.29726552905599984,0.08206432837043298,0.006593705293832741
1,"(1.5, 8.0, 0.3, 0.6)",0.29637476503879906,0.08613205509123534,0.08165753915623086
1,"(1.5, 8.0, 0.3, 0.6)",0.28318753799030827,0.09372171813068753,0.05753431168875389
1,"(1.5, 8.0, 0.3, 0.6)",0.2655126574904917,0.09378152193550437,0.04207222628857932
1,"(1.5, 8.0, 0.3, 0.6)",0.275739343738778,0.06445741654921078,0.020785483780740188
1,"(1.5, 8.0, 0.3, 0.6)",0.29834684353078894,0.07700036998175797,0.03142338285714019
1,"(1.5, 8.0, 0.3, 0.6)",0.2856259437410724,0.09493636574683872,0.05677622481935107
1,"(1.5, 8.0, 0.3, 0.6)",0.29721803694058724,0.07996964085767455,0.053604356846047585
1,"(1.5, 8.0, 0.3, 0.6)",0.2881788332944828,0.0949401006384244,0.08050210471303343
1,"(1.5, 8.0, 0.3, -0.3)",0.2716066538013606,0.08839683323360192,0.15368998546829404
1,"(1.5, 8.0, 0.3, -0.3)",0.29977063804488213,0.09197401537789918,0.16518478977048723
1,"(1.5, 8.0, 0.3, -0.3)",0.28191079423699406,0.05748927420915417,0.0892778733974704
1,"(1.5, 8.0, 0.3, -0.3)",0.3087644980218781,0.08719825184746266,0.15612870981609372
1,"(1.5, 8.0, 0.3, -0.3)",0.29394914190846927,0.0893185269518113,0.14985164041667387
1,"(1.5, 8.0, 0.3, -0.3)",0.27678258825136426,0.08656273177499507,0.16719915800588314
1,"(1.5, 8.0, 0.3, -0.3)",0.2785548307567932,0.09796481721138994,0.17678167525998045
1,"(1.5, 8.0, 0.3, -0.3)",0.2804050376771453,0.09656842805892507,0.1704744420144677
1,"(1.5, 8.0, 0.3, -0.3)",0.2790857001560246,0.06562918711700116,0.09525968737672752
1,"(1.5, 8.0, 0.3, -0.3)",0.30013543523484,0.07223715365562378,0.10580526117188693
1,"(1.5, 8.0, 0.3, -0.3)",0.2757670729310916,0.0891842263767545,0.16317168332282428
1,"(1.5, 8.0, 0.3, -0.3)",0.27966548379336503,0.08976949592943528,0.14650005280868417
1,"(1.5, 8.0, 0.3, -0.3)",0.3003402168727623,0.07336594160573051,0.13636891525152217
1,"(1.5, 8.0, 0.3, -0.3)",0.2716744737591823,0.07412596193631982,0.1297737530346823
1,"(1.5, 8.0, 0.3, -0.3)",0.29020993400463707,0.07423397564659207,0.1195883358181975
1,"(1.5, 8.0, 0.7, 0.0)",0.19875584503973487,0.023156682197161826,0.029539660281558966
1,"(1.5, 8.0, 0.7, 0.0)",0.19526587442228366,0.021516916566793776,0.0225259331615848
1,"(1.5, 8.0, 0.7, 0.0)",0.21986652137449453,0.024034266388268777,0.07262799469087722
1,"(1.5, 8.0, 0.7, 0.0)",0.188789171115713,0.0194356142197174,0.02028837173345055
1,"(1.5, 8.0, 0.7, 0.0)",0.19479658128822439,0.01608877295437805,0.007440406592653659
1,"(1.5, 8.0, 0.7, 0.0)",0.1994945903477131,0.0037031236313408433,0.00719517369916467
1,"(1.5, 8.0, 0.7, 0.0)",0.19351877434985706,0.01982751147947992,0.015483390865078661
1,"(1.5, 8.0, 0.7, 0.0)",0.18659281239921124,0.016196839443802902,0.0014021272595674539
1,"(1.5, 8.0, 0.7, 0.0)",0.18991085817532233,0.024153896527086438,0.04207460841994015
1,"(1.5, 8.0, 0.7, 0.0)",0.2039272982430797,0.01364888514232021,0.002520043797780147
1,"(1.5, 8.0, 0.7, 0.0)",0.18423515256913867,0.011948357447022828,0.00498811869982374
1,"(1.5, 8.0, 0.7, 0.0)",0.1936370317943154,0.015750990318576408,0.0011762772199794824
1,"(1.5, 8.0, 0.7, 0.0)",0.19207271687532865,0.027148489901223094,0.037321861536267154
1,"(1.5, 8.0, 0.7, 0.0)",0.19522783705732255,0.028779257310043938,0.04574028483434889
1,"(1.5, 8.0, 0.7, 0.0)",0.21506820752462003,0.011434848784312335,0.01502951227530458
1,"(1.5, 8.0, 0.7, 0.3)",0.1981635797533852,0.015963667958769467,0.011977832336431682
1,"(1.5, 8.0, 0.7, 0.3)",0.21542816148145888,0.013998569942474948,0.01675183247293499
1,"(1.5, 8.0, 0.7, 0.3)",0.18952195775074657,0.009449737810413805,0.0009122581130409646
1,"(1.5, 8.0, 0.7, 0.3)",0.19855111773620443,0.013716864480377788,0.012648539209640042
1,"(1.5, 8.0, 0.7, 0.3)",0.19483874334392315,0.03708595985905083,0.03518356798301436
1,"(1.5, 8.0, 0.7, 0.3)",0.19002765339047187,0.018564340939143054,0.018161883117504107
1,"(1.5, 8.0, 0.7, 0.3)",0.19363805921634192,0.013316102798788476,0.007761838262429821
1,"(1.5, 8.0, 0.7, 0.3)",0.20980695177218442,0.010429328280282313,0.0139507668232004
1,"(1.5, 8.0, 0.7, 0.3)",0.2105117254143995,0.02042379713293474,0.027725716601166628
1,"(1.5, 8.0, 0.7, 0.3)",0.1982048077098298,0.020876246470833304,0.012320451277432642
1,"(1.5, 8.0, 0.7, 0.3)",0.19521451310039636,0.0134750930019647,0.03581201608584572
1,"(1.5, 8.0, 0.7, 0.3)",0.2056350996191783,0.0059393824833093856,0.004508281997991581
1,"(1.5, 8.0, 0.7, 0.3)",0.188627767848902,0.011162027226397253,0.013474470185740994
1,"(1.5, 8.0, 0.7, 0.3)",0.18717503010695954,0.015069256614699378,0.03300446901847276
1,"(1.5, 8.0, 0.7, 0.3)",0.19183599717619254,0.015076038852159912,0.012805014322376573
1,"(1.5, 8.0, 0.7, 0.6)",0.20966852165318728,0.01789064013570474,0.022214550076956607
1,"(1.5, 8.0, 0.7, 0.6)",0.21195254419984733,0.02892923531702174,0.020060952382978003
1,"(1.5, 8.0, 0.7, 0.6)",0.18768790842536065,0.010003375266780967,0.0035476647129244476
1,"(1.5, 8.0, 0.7, 0.6)",0.20213110296065873,0.010966972835159683,0.024883905535088235
1,"(1.5, 8.0, 0.7, 0.6)",0.19827048175238832,0.03417126915697599,0.011368397275730135
1,"(1.5, 8.0, 0.7, 0.6)",0.19441903852350662,0.02341286864038583,0.0016088128159867932
1,"(1.5, 8.0, 0.7, 0.6)",0.1874537940488016,0.028836667536928262,0.02132106572007686
1,"(1.5, 8.0, 0.7, 0.6)",0.2005710412483785,0.015529509153337062,0.0032620448858464712
1,"(1.5, 8.0, 0.7, 0.6)",0.19339529724129706,0.021900948682869736,0.004736820345756065
1,"(1.5, 8.0, 0.7, 0.6)",0.22049164592701082,0.010501414343381366,0.023753706509600958
1,"(1.5, 8.0, 0.7, 0.6)",0.1981128472797875,0.018684454388532612,0.02052104502383245
1,"(1.5, 8.0, 0.7, 0.6)",0.19308180585692772,0.02049457335376126,0.012751703381358448
1,"(1.5, 8.0, 0.7, 0.6)",0.1864487175906292,0.030167835367994278,0.00757510743232781
1,"(1.5, 8.0, 0.7, 0.6)",0.1961108499823842,0.018833316126368405,0.0010470648106515323
1,"(1.5, 8.0, 0.7, 0.6)",0.1895387859850728,0.009556003745814112,0.04189974181440359
1,"(1.5, 8.0, 0.7, -0.3)",0.20786666580115679,0.008518679014968722,0.017042373380451448
1,"(1.5, 8.0, 0.7, -0.3)",0.20269713626164154,0.008876781237776687,0.011641920817406337
1,"(1.5, 8.0, 0.7, -0.3)",0.19688451227075815,0.013717089456283804,0.01618872170779495
1,"(1.5, 8.0, 0.7, -0.3)",0.19107001696315135,0.02668768981210845,0.03591895740816442
1,"(1.5, 8.0, 0.7, -0.3)",0.19721032325680035,0.02301184405767409,0.05031733212874645
1,"(1.5, 8.0, 0.7, -0.3)",0.18641290863956855,0.028321626208363093,0.055820268841883625
1,"(1.5, 8.0, 0.7, -0.3)",0.19620677179276005,0.03475774061025294,0.0727788765896138
1,"(1.5, 8.0, 0.7, -0.3)",0.1775505585770753,0.019803030539352284,0.047799535599432286
1,"(1.5, 8.0, 0.7, -0.3)",0.21980258371306638,0.029385165074687136,0.06173506991063871
1,"(1.5, 8.0, 0.7, -0.3)",0.19338695682014262,0.01397670468206369,0.03641965494824295
1,"(1.5, 8.0, 0.7, -0.3)",0.19086709345078365,0.039840762696147225,0.06496641273388182
1,"(1.5, 8.0, 0.7, -0.3)",0.2158371041261062,0.008030221212473987,0.005536958722899055
1,"(1.5, 8.0, 0.7, -0.3)",0.21599350013138457,0.00933098484186723,0.013471297427849027
1,"(1.5, 8.0, 0.7, -0.3)",0.21630093038111442,0.01914078259183849,0.06227347954036677
1,"(1.5, 8.0, 0.7, -0.3)",0.218786209910861,0.027757134701954733,0.05148108460096967
1,"(1.5, 20.0, 0.3, 0.0)",0.2348110512342254,0.05121728623893651,0.06738980070899236
1,"(1.5, 20.0, 0.3, 0.0)",0.2507368378425183,0.04989688232801737,0.04902236734144583
1,"(1.5, 20.0, 0.3, 0.0)",0.2610968923384952,0.04295618684129665,0.05942618279362977
1,"(1.5, 20.0, 0.3, 0.0)",0.25087270153613145,0.06709077912555506,0.10740902299487942
1,"(1.5, 20.0, 0.3, 0.0)",0.26048023140816046,0.05638915129115174,0.08552293789430787
1,"(1.5, 20.0, 0.3, 0.0)",0.24816815862009856,0.06195913765526262,0.06654064080207966
1,"(1.5, 20.0, 0.3, 0.0)",0.23175182251568002,0.0358092202292154,0.03500966439735187
1,"(1.5, 20.0, 0.3, 0.0)",0.24298143675264644,0.04944407947434115,0.07826650492971998
1,"(1.5, 20.0, 0.3, 0.0)",0.24742543050180776,0.047148469483571764,0.0623429036037948
1,"(1.5, 20.0, 0.3, 0.0)",0.2695298504900604,0.04288193003989749,0.03424334945253715
1,"(1.5, 20.0, 0.3, 0.0)",0.2344795095137434,0.05071218100353314,0.09498220249674305
1,"(1.5, 20.0, 0.3, 0.0)",0.24940654125938763,0.041678802277581806,0.038111783701959556
1,"(1.5, 20.0, 0.3, 0.0)",0.23572727693285844,0.05912737792671041,0.08841634226998929
1,"(1.5, 20.0, 0.3, 0.0)",0.2556193913381251,0.048130797015822124,0.07293380919730863
1,"(1.5, 20.0, 0.3, 0.0)",0.23082098161410697,0.03286070979449207,0.038752934575513764
1,"(1.5, 20.0, 0.3, 0.3)",0.24610806588485196,0.03597008967210735,0.042807097483186674
1,"(1.5, 20.0, 0.3, 0.3)",0.24056099205297787,0.03973255864657932,0.012009367681353966
1,"(1.5, 20.0, 0.3, 0.3)",0.23633014885872972,0.04820812916035511,0.04615342666104727
1,"(1.5, 20.0, 0.3, 0.3)",0.2377892744680783,0.04433726760182233,0.030497905355672206
1,"(1.5, 20.0, 0.3, 0.3)",0.26251943851495085,0.05485583091660973,0.05845053888998475
1,"(1.5, 20.0, 0.3, 0.3)",0.2537765942896411,0.06327904767613723,0.0648187334054744
1,"(1.5, 20.0, 0.3, 0.3)",0.2515746716444746,0.05591348056790213,0.041514760147824514
1,"(1.5, 20.0, 0.3, 0.3)",0.2587741279457523,0.056413435565437986,0.07457532947537993
1,"(1.5, 20.0, 0.3, 0.3)",0.24163884626750556,0.049273584279850846,0.0059073592518890106
1,"(1.5, 20.0, 0.3, 0.3)",0.23335346506332155,0.04793983148759684,0.06613888723227523
1,"(1.5, 20.0, 0.3, 0.3)",0.24167297323161208,0.052656141243943244,0.06594444047731773
1,"(1.5, 20.0, 0.3, 0.3)",0.27737419208986946,0.06190084343714286,0.04092844056610412
1,"(1.5, 20.0, 0.3, 0.3)",0.24078606789196716,0.04117724159707459,0.024239734297601512
1,"(1.5, 20.0, 0.3, 0.3)",0.23677554491384778,0.054954534681586176,0.057611664907467164
1,"(1.5, 20.0, 0.3, 0.3)",0.2700010462410903,0.03232139824106661,0.009864129514993714
1,"(1.5, 20.0, 0.3, 0.6)",0.25375652029798246,0.055982830228817004,0.047624101459572854
1,"(1.5, 20.0, 0.3, 0.6)",0.2651063422246217,0.05521710453134976,0.009155753540913691
1,"(1.5, 20.0, 0.3, 0.6)",0.2449423427867929,0.0587204750794077,0.023298799379231072
1,"(1.5, 20.0, 0.3, 0.6)",0.24110288099959454,0.03045397806117278,0.012102053769909693
1,"(1.5, 20.0, 0.3, 0.6)",0.23780037496780168,0.04299955156936419,0.002441363412902131
1,"(1.5, 20.0, 0.3, 0.6)",0.2647894054694031,0.04695501643957156,0.0021125344424839376
1,"(1.5, 20.0, 0.3, 0.6)",0.25264658779815174,0.04947441850818379,0.009525799087624742
1,"(1.5, 20.0, 0.3, 0.6)",0.2593172897600937,0.06793612488985834,0.03781270619352428
1,"(1.5, 20.0, 0.3, 0.6)",0.23761052454378268,0.04367233818364269,0.0217951455176133
1,"(1.5, 20.0, 0.3, 0.6)",0.25405995418690286,0.048324286427489205,0.044383420594516165
1,"(1.5, 20.0, 0.3, 0.6)",0.2536033988489087,0.03273451805266703,0.020687572990282677
1,"(1.5, 20.0, 0.3, 0.6)",0.25972498573743064,0.03929007073131263,0.004476076488430847
1,"(1.5, 20.0, 0.3, 0.6)",0.2477398554827604,0.043109088166979115,0.012804983981315132
1,"(1.5, 20.0, 0.3, 0.6)",0.2403802058983484,0.06644314369806037,0.01733039121226665
1,"(1.5, 20.0, 0.3, 0.6)",0.2436345243044069,0.04389785549411673,0.03507213519058672
1,"(1.5, 20.0, 0.3, -0.3)",0.25517768756439885,0.03543521032497421,0.08086230191490262
1,"(1.5, 20.0, 0.3, -0.3)",0.23846633418231283,0.062366571346587296,0.09871810693320882
1,"(1.5, 20.0, 0.3, -0.3)",0.2284731026041763,0.04717511586694689,0.07246308842618232
1,"(1.5, 20.0, 0.3, -0.3)",0.2361383179669929,0.05169622268753149,0.09204841449661405
1,"(1.5, 20.0, 0.3, -0.3)",0.23256154154002917,0.049583066829702704,0.0893344851386173
1,"(1.5, 20.0, 0.3, -0.3)",0.23886970847286476,0.06213528305397209,0.10243358521363133
1,"(1.5, 20.0, 0.3, -0.3)",0.24145047773885342,0.0360631404869457,0.06287686557410099
1,"(1.5, 20.0, 0.3, -0.3)",0.24814597047235454,0.045215073246411386,0.06444185136658565
1,"(1.5, 20.0, 0.3, -0.3)",0.2512046654383553,0.0737865553938043,0.128425467908573
1,"(1.5, 20.0, 0.3, -0.3)",0.24549466007717022,0.042578898828411926,0.07938571949468498
1,"(1.5, 20.0, 0.3, -0.3)",0.24500730429018264,0.059119635231286494,0.07550349268362
1,"(1.5, 20.0, 0.3, -0.3)",0.24762836529959437,0.024498493057620196,0.03862773872476444
1,"(1.5, 20.0, 0.3, -0.3)",0.25808570219510324,0.045840674890142985,0.07583837846996255
1,"(1.5, 20.0, 0.3, -0.3)",0.24866403435944034,0.041665581164486376,0.07813586208330925
1,"(1.5, 20.0, 0.3, -0.3)",0.24177547634913502,0.04746153727292768,0.09237716641543248
1,"(1.5, 20.0, 0.7, 0.0)",0.1793017364737777,0.01167956226064526,0.015954081016697597
1,"(1.5, 20.0, 0.7, 0.0)",0.20141977442982612,0.013819125701415302,0.017460552034841648
1,"(1.5, 20.0, 0.7, 0.0)",0.18674592862962253,0.003589607885079227,0.011162937562516184
1,"(1.5, 20.0, 0.7, 0.0)",0.18233393796481445,0.0034649563895601254,0.0008528406757102314
1,"(1.5, 20.0, 0.7, 0.0)",0.19601975593122556,0.018373609735717444,0.026038078413934684
1,"(1.5, 20.0, 0.7, 0.0)",0.17792388100728523,0.023088497186090184,0.016309955647998642
1,"(1.5, 20.0, 0.7, 0.0)",0.19879340315981014,0.004794481021682562,0.007391111244558601
1,"(1.5, 20.0, 0.7, 0.0)",0.18395675098387984,0.005760999233559327,0.0012113329106555604
1,"(1.5, 20.0, 0.7, 0.0)",0.17969606011060804,0.0077376366002871455,0.015261608154034212
1,"(1.5, 20.0, 0.7, 0.0)",0.1933483533089877,0.02395444595091567,0.036634492997623
1,"(1.5, 20.0, 0.7, 0.0)",0.18544637587493218,0.008304854630877267,0.007341111167503245
1,"(1.5, 20.0, 0.7, 0.0)",0.1778127060337277,0.013466752800835535,0.02271318762407626
1,"(1.5, 20.0, 0.7, 0.0)",0.1779728819236723,0.01259675980710473,0.01071848998438707
1,"(1.5, 20.0, 0.7, 0.0)",0.17132475218296683,0.002312439669119648,0.005338442606642513
1,"(1.5, 20.0, 0.7, 0.0)",0.17879100637546935,0.017469279813494776,0.023408706048324568
1,"(1.5, 20.0, 0.7, 0.3)",0.1768265393902277,0.0062822020693174,0.004831927425863025
1,"(1.5, 20.0, 0.7, 0.3)",0.17636162191333446,0.004592093604674274,0.012116623495122214
1,"(1.5, 20.0, 0.7, 0.3)",0.18095588543493435,0.014452857878878178,0.009172967533300325
1,"(1.5, 20.0, 0.7, 0.3)",0.1814554392225542,0.016683608677956818,0.019001361210716716
1,"(1.5, 20.0, 0.7, 0.3)",0.20412199854059654,0.015200696537290503,0.011347771017675257
1,"(1.5, 20.0, 0.7, 0.3)",0.19333421932328948,0.020088559885183876,0.00329615675973427
1,"(1.5, 20.0, 0.7, 0.3)",0.1886050276453437,0.011803753772917314,0.004225874155074472
1,"(1.5, 20.0, 0.7, 0.3)",0.1800341307016194,0.006166465458902204,0.019756799172022887
1,"(1.5, 20.0, 0.7, 0.3)",0.17822771433075524,0.031501273565085364,0.037995255365537384
1,"(1.5, 20.0, 0.7, 0.3)",0.1851488051298374,0.0056119088157434716,0.02066989931039398
1,"(1.5, 20.0, 0.7, 0.3)",0.18495168901645634,0.01025747568913149,0.018341737207653308
1,"(1.5, 20.0, 0.7, 0.3)",0.18805282853906716,0.0017868249191931307,0.0133976415221162
1,"(1.5, 20.0, 0.7, 0.3)",0.1784053663279722,0.0030769405530629568,0.013358733849819782
1,"(1.5, 20.0, 0.7, 0.3)",0.17464244143160823,0.011373108017356803,0.007587208004899759
1,"(1.5, 20.0, 0.7, 0.3)",0.18506335843015903,0.019636159437011247,0.03150632138298093
1,"(1.5, 20.0, 0.7, 0.6)",0.1883033163173904,0.010615693026407524,0.02209743542437037
1,"(1.5, 20.0, 0.7, 0.6)",0.17936583753232616,0.0267811893565304,0.03185166148740648
1,"(1.5, 20.0, 0.7, 0.6)",0.19739950343063212,0.02496021278988636,0.014136836590628477
1,"(1.5, 20.0, 0.7, 0.6)",0.1798683358941787,0.014809141951692029,0.06049114227864494
1,"(1.5, 20.0, 0.7, 0.6)",0.1860999641966914,0.005729439779444623,0.02358401186074044
1,"(1.5, 20.0, 0.7, 0.6)",0.19650334936091163,0.0183413183935196,0.043623192571608405
1,"(1.5, 20.0, 0.7, 0.6)",0.20235155200921662,0.015696163581262135,0.05451404645768809
1,"(1.5, 20.0, 0.7, 0.6)",0.17976689789056846,0.008959727426732678,0.030305963815193016
1,"(1.5, 20.0, 0.7, 0.6)",0.2037356035895495,0.007874817998072436,0.03119917816467166
1,"(1.5, 20.0, 0.7, 0.6)",0.18570103984738606,0.02073709503230159,0.02041678052847451
1,"(1.5, 20.0, 0.7, 0.6)",0.18208441743401466,0.0053820650751359445,0.017255597699628256
1,"(1.5, 20.0, 0.7, 0.6)",0.1926580045497186,0.04593755576420688,0.07455410869727785
1,"(1.5, 20.0, 0.7, 0.6)",0.20108273149416855,0.00747092240725411,0.00634152861383952
1,"(1.5, 20.0, 0.7, 0.6)",0.19345731033572042,0.01610245699169577,0.0237444660457633
1,"(1.5, 20.0, 0.7, 0.6)",0.18009531439977122,0.006612875070325819,0.0013540695896006039
1,"(1.5, 20.0, 0.7, -0.3)",0.17929931472644556,0.00995474124837914,0.0028711045084719444
1,"(1.5, 20.0, 0.7, -0.3)",0.1917963461284221,0.0036437290291160274,0.03462624048747731
1,"(1.5, 20.0, 0.7, -0.3)",0.18438994043748003,0.025200704705378496,0.008588480870486137
1,"(1.5, 20.0, 0.7, -0.3)",0.18226646875511932,0.011954441444411934,0.032450969807451546
1,"(1.5, 20.0, 0.7, -0.3)",0.17550541355866842,0.012384090347178911,0.012993845255238723
1,"(1.5, 20.0, 0.7, -0.3)",0.18185289077876954,0.004025001179843279,0.00664578440807384
1,"(1.5, 20.0, 0.7, -0.3)",0.1789196976026885,0.012511371575722574,0.001476882108669919
1,"(1.5, 20.0, 0.7, -0.3)",0.19651760814340985,0.015039172051367289,0.01502936230794294
1,"(1.5, 20.0, 0.7, -0.3)",0.1702209608986912,0.02477834964211223,0.028520285458674355
1,"(1.5, 20.0, 0.7, -0.3)",0.17416848924718037,0.009359778672428432,0.013418275837334903
1,"(1.5, 20.0, 0.7, -0.3)",0.17459621703980605,0.005175578724613716,0.004579955875593011
1,"(1.5, 20.0, 0.7, -0.3)",0.1846273706849528,0.010878842598881389,0.014429724940809407
1,"(1.5, 20.0, 0.7, -0.3)",0.19268000417829897,0.0005751958284233583,0.011892980345974635
1,"(1.5, 20.0, 0.7, -0.3)",0.16766672491370965,0.012581356263022592,0.008318693942910738
1,"(1.5, 20.0, 0.7, -0.3)",0.184714416081874,0.008791218527178346,0.01671614440784097
1,"(3.0, 8.0, 0.3, 0.0)",0.42669363324563614,0.1801905348920705,0.2521399459234326
1,"(3.0, 8.0, 0.3, 0.0)",0.423985247603731,0.15487990665238427,0.21108059296244086
1,"(3.0, 8.0, 0.3, 0.0)",0.4256166012654643,0.14498276371875862,0.23524705475925778
1,"(3.0, 8.0, 0.3, 0.0)",0.43745019956947695,0.17734226850489176,0.23369099186693765
1,"(3.0, 8.0, 0.3, 0.0)",0.4288835554610366,0.15872240001562044,0.2614833040956248
1,"(3.0, 8.0, 0.3, 0.0)",0.42563455649403614,0.1380770594343279,0.15320811413015445
1,"(3.0, 8.0, 0.3, 0.0)",0.4329566364557645,0.15238574133209748,0.20890369885717774
1,"(3.0, 8.0, 0.3, 0.0)",0.4220066260192709,0.1633747518263613,0.23266193541463576
1,"(3.0, 8.0, 0.3, 0.0)",0.4332752952122149,0.1747201593359513,0.27574706766925505
1,"(3.0, 8.0, 0.3, 0.0)",0.4444924484511469,0.17971162291438358,0.22183164536380406
1,"(3.0, 8.0, 0.3, 0.0)",0.44534568467211116,0.17091478689901018,0.24504926659683068
1,"(3.0, 8.0, 0.3, 0.0)",0.4344070582083699,0.16164738914752252,0.21862583895223597
1,"(3.0, 8.0, 0.3, 0.0)",0.4184605296664861,0.17107913700185784,0.23848920747226288
1,"(3.0, 8.0, 0.3, 0.0)",0.4170401198109255,0.16027549477548098,0.25395417096824424
1,"(3.0, 8.0, 0.3, 0.0)",0.46002223749501914,0.16101662041905018,0.20885276369754902
1,"(3.0, 8.0, 0.3, 0.3)",0.4225534703845778,0.1475154760784032,0.2052041234763875
1,"(3.0, 8.0, 0.3, 0.3)",0.43182533044585664,0.16215462733251562,0.1930006069521495
1,"(3.0, 8.0, 0.3, 0.3)",0.42364287497850206,0.1595706683280771,0.16611913219596763
1,"(3.0, 8.0, 0.3, 0.3)",0.4528165132098547,0.16904227399152383,0.182549013024786
1,"(3.0, 8.0, 0.3, 0.3)",0.4262458540880943,0.1478327026084003,0.18183820599954137
1,"(3.0, 8.0, 0.3, 0.3)",0.4118820974866406,0.15501336642285835,0.1806890593982402
1,"(3.0, 8.0, 0.3, 0.3)",0.44553680238689797,0.1581684400190393,0.15516362455564625
1,"(3.0, 8.0, 0.3, 0.3)",0.4324997762576245,0.17910914913811538,0.19726545349750468
1,"(3.0, 8.0, 0.3, 0.3)",0.433987977981317,0.1603155347260703,0.20331931406658343
1,"(3.0, 8.0, 0.3, 0.3)",0.445028521750757,0.1405509086348884,0.10825758143264652
1,"(3.0, 8.0, 0.3, 0.3)",0.4281162593687809,0.16439824043406226,0.18655056116810353
1,"(3.0, 8.0, 0.3, 0.3)",0.4267369922915372,0.17060265212517245,0.17514950342107882
1,"(3.0, 8.0, 0.3, 0.3)",0.43942298569916594,0.1666575129337513,0.16580525269812707
1,"(3.0, 8.0, 0.3, 0.3)",0.4343566617719179,0.16527068000819156,0.17129805765827566
1,"(3.0, 8.0, 0.3, 0.3)",0.4387244008853926,0.19591964242494475,0.28761966178211784
1,"(3.0, 8.0, 0.3, 0.6)",0.44524717092774335,0.16893045976834364,0.14828915206433946
1,"(3.0, 8.0, 0.3, 0.6)",0.4678513500083299,0.18440372383351922,0.14310871065967978
1,"(3.0, 8.0, 0.3, 0.6)",0.4558151854976522,0.15689702074136558,0.05908387185406383
1,"(3.0, 8.0, 0.3, 0.6)",0.453912084936435,0.16842870004986366,0.10361523046997556
1,"(3.0, 8.0, 0.3, 0.6)",0.43393949902765433,0.1443534421937689,0.15976325549833525
1,"(3.0, 8.0, 0.3, 0.6)",0.4346333310121365,0.17380303536213115,0.13643271786326405
1,"(3.0, 8.0, 0.3, 0.6)",0.4298262441719227,0.16354592801385093,0.1435056214129915
1,"(3.0, 8.0, 0.3, 0.6)",0.4524198587926409,0.18762659841069373,0.14030618412906515
1,"(3.0, 8.0, 0.3, 0.6)",0.43613911470437294,0.15748926790837414,0.11590800601711537
1,"(3.0, 8.0, 0.3, 0.6)",0.418316558402098,0.13390786929824405,0.1241795058494044
1,"(3.0, 8.0, 0.3, 0.6)",0.45558722046306843,0.17597771199340495,0.14394692423313193
1,"(3.0, 8.0, 0.3, 0.6)",0.42260857135498064,0.17030643930127987,0.13276763907211908
1,"(3.0, 8.0, 0.3, 0.6)",0.4702912123909714,0.1676746876456332,0.08386430631731923
1,"(3.0, 8.0, 0.3, 0.6)",0.4382318275971821,0.17311777994289268,0.16356214435876515
1,"(3.0, 8.0, 0.3, 0.6)",0.4229603298671976,0.17313784947567123,0.1690443368605088
1,"(3.0, 8.0, 0.3, -0.3)",0.4222557161950701,0.15006260750529377,0.23029042330983351
1,"(3.0, 8.0, 0.3, -0.3)",0.4181265822205844,0.17504730939902635,0.2837598749046579
1,"(3.0, 8.0, 0.3, -0.3)",0.4384030833646272,0.20177294460106654,0.31587983785000695
1,"(3.0, 8.0, 0.3, -0.3)",0.44287571248157237,0.17944423328185333,0.2828213442966234
1,"(3.0, 8.0, 0.3, -0.3)",0.42282313242381214,0.16564932161883306,0.2810084379845872
1,"(3.0, 8.0, 0.3, -0.3)",0.422509629344474,0.16316216466726408,0.27143890635491985
1,"(3.0, 8.0, 0.3, -0.3)",0.4240663179297902,0.16924286240870168,0.2919301116832207
1,"(3.0, 8.0, 0.3, -0.3)",0.4278737776298002,0.1578222238341762,0.27310618621251326
1,"(3.0, 8.0, 0.3, -0.3)",0.4272184663569997,0.17393495592422736,0.27676330567893004
1,"(3.0, 8.0, 0.3, -0.3)",0.42874577725766877,0.16288245356297604,0.25809166496785263
1,"(3.0, 8.0, 0.3, -0.3)",0.42678160582532265,0.15551864064499643,0.2508501653223565
1,"(3.0, 8.0, 0.3, -0.3)",0.4509373526723031,0.17490554082506238,0.2956639686159086
1,"(3.0, 8.0, 0.3, -0.3)",0.41028320074071295,0.14399352426525458,0.24537888190490076
1,"(3.0, 8.0, 0.3, -0.3)",0.4305115349756829,0.15776738318105354,0.24465925449053572
1,"(3.0, 8.0, 0.3, -0.3)",0.4406067243091205,0.17579622503499137,0.27966636222712626
1,"(3.0, 8.0, 0.7, 0.0)",0.25772878968778157,0.04455686542947346,0.07342276651483015
1,"(3.0, 8.0, 0.7, 0.0)",0.26472788797125035,0.07167463224239956,0.08967067727376143
1,"(3.0, 8.0, 0.7, 0.0)",0.28572049136897837,0.07588057171730833,0.08798118772791863
1,"(3.0, 8.0, 0.7, 0.0)",0.25962416246093595,0.046508509330468684,0.07019636444713573
1,"(3.0, 8.0, 0.7, 0.0)",0.24431176409625754,0.05359304763870565,0.06654417921884992
1,"(3.0, 8.0, 0.7, 0.0)",0.26062767395174335,0.05047558396049623,0.06649044254789649
1,"(3.0, 8.0, 0.7, 0.0)",0.2823804574319231,0.06943384391032414,0.09879728969304313
1,"(3.0, 8.0, 0.7, 0.0)",0.26723250311480057,0.06656514699453586,0.09416328186945044
1,"(3.0, 8.0, 0.7, 0.0)",0.2835345945818407,0.04863343207404558,0.08106702093273022
1,"(3.0, 8.0, 0.7, 0.0)",0.273151571678506,0.07714573292918003,0.1250914257656528
1,"(3.0, 8.0, 0.7, 0.0)",0.24177265461182199,0.049933342473456266,0.047331788469066716
1,"(3.0, 8.0, 0.7, 0.0)",0.2703946140059362,0.04128200257969694,0.05918421201762181
1,"(3.0, 8.0, 0.7, 0.0)",0.2459529576269303,0.0524458980993332,0.06879845722145905
1,"(3.0, 8.0, 0.7, 0.0)",0.2521178581803137,0.03649009082519594,0.04352252316533889
1,"(3.0, 8.0, 0.7, 0.0)",0.2542507087468656,0.05543100969783654,0.05567015811393006
1,"(3.0, 8.0, 0.7, 0.3)",0.2558663765472665,0.03555201599793811,0.0308829852366741
1,"(3.0, 8.0, 0.7, 0.3)",0.25215665255394193,0.04530734843669215,0.011035540679808609
1,"(3.0, 8.0, 0.7, 0.3)",0.2648543799370787,0.05477893187739391,0.041957254242723785
1,"(3.0, 8.0, 0.7, 0.3)",0.2773160626847465,0.06250300363944761,0.04094025387794886
1,"(3.0, 8.0, 0.7, 0.3)",0.2642266245026271,0.053824127955182766,0.07059011223688749
1,"(3.0, 8.0, 0.7, 0.3)",0.2652137506281431,0.05936713305552632,0.050246085417381625
1,"(3.0, 8.0, 0.7, 0.3)",0.2744743116790487,0.053440351872459324,0.06204887659536684
1,"(3.0, 8.0, 0.7, 0.3)",0.25694267370385415,0.04152779646116067,0.06135140957206042
1,"(3.0, 8.0, 0.7, 0.3)",0.257733045689709,0.058167352565009045,0.05901042511378973
1,"(3.0, 8.0, 0.7, 0.3)",0.2548963640368386,0.0547262573500884,0.06400714929434503
1,"(3.0, 8.0, 0.7, 0.3)",0.2628038265551852,0.06979555287906081,0.08309837865856862
1,"(3.0, 8.0, 0.7, 0.3)",0.2505645402086848,0.05690151145292255,0.0600766783435307
1,"(3.0, 8.0, 0.7, 0.3)",0.26549079081788496,0.05771411783141622,0.07318576656264231
1,"(3.0, 8.0, 0.7, 0.3)",0.2625983172520255,0.06373756571058342,0.08105597852070279
1,"(3.0, 8.0, 0.7, 0.3)",0.2674035658798173,0.05283567780928511,0.07623578234912554
1,"(3.0, 8.0, 0.7, 0.6)",0.2746902459808327,0.05079528150044976,0.038035544888962214
1,"(3.0, 8.0, 0.7, 0.6)",0.2666395724378382,0.053455194540019235,0.03103583021567058
1,"(3.0, 8.0, 0.7, 0.6)",0.27725714983691674,0.05014387534196252,0.05016465222493327
1,"(3.0, 8.0, 0.7, 0.6)",0.25483907031939756,0.04491028191433011,0.017474615681726924
1,"(3.0, 8.0, 0.7, 0.6)",0.24768148203768475,0.04162138762129808,0.022895523926444117
1,"(3.0, 8.0, 0.7, 0.6)",0.2746015262002373,0.05332275280294274,0.02389674840957534
1,"(3.0, 8.0, 0.7, 0.6)",0.26665821748137386,0.056673250043900225,0.009590310622048737
1,"(3.0, 8.0, 0.7, 0.6)",0.28003920426125484,0.04302212295684593,0.015655204078035112
1,"(3.0, 8.0, 0.7, 0.6)",0.2574093591070559,0.043029022705054265,0.03762102383215504
1,"(3.0, 8.0, 0.7, 0.6)",0.24848233095207217,0.04199493891782513,0.05173593535879828
1,"(3.0, 8.0, 0.7, 0.6)",0.2506137632006234,0.05470514614342603,0.04163352348376348
1,"(3.0, 8.0, 0.7, 0.6)",0.2470187676199932,0.031142322995276528,0.01963669988164307
1,"(3.0, 8.0, 0.7, 0.6)",0.2584514415937523,0.062381899552411246,0.0415784026124455
1,"(3.0, 8.0, 0.7, 0.6)",0.25897733423869923,0.04805402733073749,0.05106106202406657
1,"(3.0, 8.0, 0.7, 0.6)",0.27898403505410896,0.05607087065590188,0.06137228840495634
1,"(3.0, 8.0, 0.7, -0.3)",0.24318879180292577,0.06340884801696522,0.11883755143444663
1,"(3.0, 8.0, 0.7, -0.3)",0.26838130962065065,0.05751538175423132,0.07933409286125581
1,"(3.0, 8.0, 0.7, -0.3)",0.27050552823764096,0.05014778435459388,0.09645288097683213
1,"(3.0, 8.0, 0.7, -0.3)",0.26703765390731243,0.06142496130600472,0.11781866165024546
1,"(3.0, 8.0, 0.7, -0.3)",0.2736407756676794,0.0465805616673014,0.07747093600401556
1,"(3.0, 8.0, 0.7, -0.3)",0.27398516009440604,0.055262701007072534,0.08861086627992965
1,"(3.0, 8.0, 0.7, -0.3)",0.2620233896452605,0.050117799429776344,0.08035488724050044
1,"(3.0, 8.0, 0.7, -0.3)",0.2779541283238214,0.051757948286031974,0.08537965594328245
1,"(3.0, 8.0, 0.7, -0.3)",0.2539119831479909,0.046461221527773766,0.061362085466718064
1,"(3.0, 8.0, 0.7, -0.3)",0.25228430834598825,0.04786549028373899,0.07849091441582079
1,"(3.0, 8.0, 0.7, -0.3)",0.24643568642139477,0.06391480067355704,0.1014434838844851
1,"(3.0, 8.0, 0.7, -0.3)",0.2658657237118882,0.0413752281864439,0.08176040547475516
1,"(3.0, 8.0, 0.7, -0.3)",0.26185275688260834,0.05955601236796859,0.11786822862281188
1,"(3.0, 8.0, 0.7, -0.3)",0.24908986947952722,0.04106130326201396,0.05687275015162374
1,"(3.0, 8.0, 0.7, -0.3)",0.2634229742386619,0.06341398545353938,0.11904503273971923
1,"(3.0, 20.0, 0.3, 0.0)",0.38618442318379637,0.11322526503862651,0.11831137907196432
1,"(3.0, 20.0, 0.3, 0.0)",0.3583577362802107,0.09675486321424542,0.14882533810765564
1,"(3.0, 20.0, 0.3, 0.0)",0.3750063082019979,0.09224046474540692,0.12497716652552082
1,"(3.0, 20.0, 0.3, 0.0)",0.3685998423356204,0.1208130419895399,0.18225641039508034
1,"(3.0, 20.0, 0.3, 0.0)",0.36119817499011553,0.08437089401119069,0.1463001872207137
1,"(3.0, 20.0, 0.3, 0.0)",0.37467687020784496,0.09977310497784009,0.1501384554994427
1,"(3.0, 20.0, 0.3, 0.0)",0.392075955191299,0.11392023399575546,0.1329001114154007
1,"(3.0, 20.0, 0.3, 0.0)",0.3824257081574189,0.10157077585179719,0.16763610312604893
1,"(3.0, 20.0, 0.3, 0.0)",0.3505920513460413,0.09343467977475717,0.14659037695933108
1,"(3.0, 20.0, 0.3, 0.0)",0.36416412526698727,0.09844209845227359,0.1471356984353287
1,"(3.0, 20.0, 0.3, 0.0)",0.40214461626486575,0.11857495741224167,0.1624432857930862
1,"(3.0, 20.0, 0.3, 0.0)",0.37475911294959696,0.0992190644911981,0.13018474137059055
1,"(3.0, 20.0, 0.3, 0.0)",0.36780732152143414,0.10988892383703242,0.1769781937959367
1,"(3.0, 20.0, 0.3, 0.0)",0.3602098181596972,0.09655335924860098,0.1328741641629385
1,"(3.0, 20.0, 0.3, 0.0)",0.35662145392056677,0.09718526788503334,0.1384969635719968
1,"(3.0, 20.0, 0.3, 0.3)",0.37917966930401914,0.09180008193309463,0.10951121136642694
1,"(3.0, 20.0, 0.3, 0.3)",0.3910205261572015,0.1426809588188409,0.17292375542427463
1,"(3.0, 20.0, 0.3, 0.3)",0.3621529709738487,0.10893871017692303,0.09977799712625712
1,"(3.0, 20.0, 0.3, 0.3)",0.365335821611547,0.0883565327249074,0.14259062405625222
1,"(3.0, 20.0, 0.3, 0.3)",0.3540121888088985,0.108776506898693,0.1190033249494653
1,"(3.0, 20.0, 0.3, 0.3)",0.36970245529163726,0.08418947178650771,0.07778708924923006
1,"(3.0, 20.0, 0.3, 0.3)",0.36606524105210797,0.12021057821785708,0.13420792775988222
1,"(3.0, 20.0, 0.3, 0.3)",0.3513256581461297,0.10396861882892328,0.13059793487018334
1,"(3.0, 20.0, 0.3, 0.3)",0.3766629932296658,0.11766623250149832,0.12651751825517765
1,"(3.0, 20.0, 0.3, 0.3)",0.39288672516626433,0.1638940440818757,0.14335739331749764
1,"(3.0, 20.0, 0.3, 0.3)",0.3718057523077749,0.10486754159951284,0.12387366355293183
1,"(3.0, 20.0, 0.3, 0.3)",0.3724599751111848,0.11314216021462786,0.13352624089095722
1,"(3.0, 20.0, 0.3, 0.3)",0.3725450810321954,0.07721326004986051,0.09275156945515395
1,"(3.0, 20.0, 0.3, 0.3)",0.3832834525480302,0.08247368041149383,0.10229733567562427
1,"(3.0, 20.0, 0.3, 0.3)",0.36414270913921365,0.09748261924355384,0.12837828258718798
1,"(3.0, 20.0, 0.3, 0.6)",0.3603560287784038,0.10762094182999404,0.07173745766228956
1,"(3.0, 20.0, 0.3, 0.6)",0.3630463111636952,0.10578567951591089,0.0866422638169384
1,"(3.0, 20.0, 0.3, 0.6)",0.35659564169232116,0.11703309070780632,0.10845896344588413
1,"(3.0, 20.0, 0.3, 0.6)",0.3580145774714123,0.09279711600177909,0.10582808434173518
1,"(3.0, 20.0, 0.3, 0.6)",0.386716933774023,0.09663524137095836,0.056155101945071895
1,"(3.0, 20.0, 0.3, 0.6)",0.34964233745074835,0.10896641252238748,0.10094907989112345
1,"(3.0, 20.0, 0.3, 0.6)",0.3651622321136385,0.10843932036351034,0.07478036049901693
1,"(3.0, 20.0, 0.3, 0.6)",0.360291084055979,0.09100819689191209,0.0818815133042019
1,"(3.0, 20.0, 0.3, 0.6)",0.3502994073779879,0.10364550921820692,0.0816998692224793
1,"(3.0, 20.0, 0.3, 0.6)",0.3952416452127586,0.10373007458005357,0.0877680902357314
1,"(3.0, 20.0, 0.3, 0.6)",0.35937661985550484,0.07849179907933768,0.038477923440292106
1,"(3.0, 20.0, 0.3, 0.6)",0.3853066530504443,0.10106131255696837,0.09463919066611659
1,"(3.0, 20.0, 0.3, 0.6)",0.37481218307760844,0.0832365672400972,0.0944524076203277
1,"(3.0, 20.0, 0.3, 0.6)",0.3716001791425983,0.10251642931168004,0.08865124397879454
1,"(3.0, 20.0, 0.3, 0.6)",0.3764951938819897,0.11231489496597913,0.09055016400703098
1,"(3.0, 20.0, 0.3, -0.3)",0.37134080482641485,0.10656930868438153,0.18980443395418867
1,"(3.0, 20.0, 0.3, -0.3)",0.36488533944988755,0.09891224177306635,0.16167645804694697
1,"(3.0, 20.0, 0.3, -0.3)",0.3694037430462024,0.0846994964320158,0.13838842704842946
1,"(3.0, 20.0, 0.3, -0.3)",0.3634546857313572,0.10327330695027781,0.1821807483044866
1,"(3.0, 20.0, 0.3, -0.3)",0.37438174193274804,0.10773806228407778,0.16675006589074837
1,"(3.0, 20.0, 0.3, -0.3)",0.3849321288054611,0.10772191435210576,0.1942037802039831
1,"(3.0, 20.0, 0.3, -0.3)",0.41063554654535184,0.09948882807799309,0.1644314698850522
1,"(3.0, 20.0, 0.3, -0.3)",0.36816958186594306,0.10093761288716419,0.17261136772351104
1,"(3.0, 20.0, 0.3, -0.3)",0.37959226133842505,0.09288870434155716,0.14381945267941365
1,"(3.0, 20.0, 0.3, -0.3)",0.37852406190503196,0.14606350031330706,0.24793252181701853
1,"(3.0, 20.0, 0.3, -0.3)",0.37706961993797733,0.11416891706938248,0.18545971174765263
1,"(3.0, 20.0, 0.3, -0.3)",0.35973440821991426,0.10620746191993757,0.1676718657594023
1,"(3.0, 20.0, 0.3, -0.3)",0.39421234946633815,0.10470247120431764,0.16112712857951372
1,"(3.0, 20.0, 0.3, -0.3)",0.35649744691618923,0.11712148971179492,0.18616190025389923
1,"(3.0, 20.0, 0.3, -0.3)",0.38485418984279784,0.08996226959514497,0.1298334562296306
1,"(3.0, 20.0, 0.7, 0.0)",0.1973620058750538,0.014591096048284014,0.0048620428216494815
1,"(3.0, 20.0, 0.7, 0.0)",0.2012668959680098,0.0029317963814041725,0.0035555300400380574
1,"(3.0, 20.0, 0.7, 0.0)",0.1893340498969808,0.02352200732745935,0.039389837313234644
1,"(3.0, 20.0, 0.7, 0.0)",0.20371728739330922,0.013040090360148415,0.02961090221331375
1,"(3.0, 20.0, 0.7, 0.0)",0.22567150540674297,0.027092332486692072,0.0416241548864793
1,"(3.0, 20.0, 0.7, 0.0)",0.20153458224706872,0.027975154284632486,0.05935091536775072
1,"(3.0, 20.0, 0.7, 0.0)",0.2183885366089914,0.024890135977639005,0.02242046937483
1,"(3.0, 20.0, 0.7, 0.0)",0.19469405771281606,0.02547675705639718,0.006951554813920069
1,"(3.0, 20.0, 0.7, 0.0)",0.2257820807721912,0.012215312914719556,0.03233196572210062
1,"(3.0, 20.0, 0.7, 0.0)",0.20171260127383744,0.023961385850902017,0.045001187774471596
1,"(3.0, 20.0, 0.7, 0.0)",0.19047297937454422,0.007280475615083715,0.04545257728904062
1,"(3.0, 20.0, 0.7, 0.0)",0.19650900855499454,0.011250955635567994,0.034023234753006726
1,"(3.0, 20.0, 0.7, 0.0)",0.2186972360524063,0.008370291401708307,0.014849253905461879
1,"(3.0, 20.0, 0.7, 0.0)",0.20890622710796453,0.017987601626268335,0.02171726311682587
1,"(3.0, 20.0, 0.7, 0.0)",0.1903669546366782,0.01439585435371904,0.02558158560828705
1,"(3.0, 20.0, 0.7, 0.3)",0.19759238400949553,0.007897039881808787,0.022751278479939963
1,"(3.0, 20.0, 0.7, 0.3)",0.2375259112607913,0.011777256698176863,0.027266353573948354
1,"(3.0, 20.0, 0.7, 0.3)",0.21866735446352387,0.00873761167828313,0.02983254450784223
1,"(3.0, 20.0, 0.7, 0.3)",0.1970415641372747,0.017829888630718216,0.018076710687110253
1,"(3.0, 20.0, 0.7, 0.3)",0.19375078665624762,0.0034836511005671422,0.029057243802729005
1,"(3.0, 20.0, 0.7, 0.3)",0.21949634478396035,0.015283070803676413,0.008035148867242548
1,"(3.0, 20.0, 0.7, 0.3)",0.20956559438815914,0.006350223264068422,0.03633848519410954
1,"(3.0, 20.0, 0.7, 0.3)",0.2272056630467107,0.03437721535073979,0.03648354392739739
1,"(3.0, 20.0, 0.7, 0.3)",0.1930268172633411,0.008407162819957792,0.02078555015692185
1,"(3.0, 20.0, 0.7, 0.3)",0.20271189893049596,0.02455534142495619,0.011366784884557557
1,"(3.0, 20.0, 0.7, 0.3)",0.20673227858523302,0.021873753112200633,0.02069014613331177
1,"(3.0, 20.0, 0.7, 0.3)",0.21304935821044252,0.009524202214545419,0.013183695432244846
1,"(3.0, 20.0, 0.7, 0.3)",0.20060938974127615,0.014947795521074836,0.0077218969226979794
1,"(3.0, 20.0, 0.7, 0.3)",0.2116399425264065,0.015443206445233226,0.0019424803094434395
1,"(3.0, 20.0, 0.7, 0.3)",0.21928823822610805,0.017652883819203602,0.04712865018243573
1,"(3.0, 20.0, 0.7, 0.6)",0.21976089029229823,0.010962209928620847,0.0038682445617213013
1,"(3.0, 20.0, 0.7, 0.6)",0.2262993836806104,0.02817762252723255,0.00019311517683684443
1,"(3.0, 20.0, 0.7, 0.6)",0.19815591344193428,0.003649940317111744,0.008108785850734268
1,"(3.0, 20.0, 0.7, 0.6)",0.19593320991324226,0.005403534546011279,0.007483803552434498
1,"(3.0, 20.0, 0.7, 0.6)",0.19453048842392962,0.00810347229527908,0.010090617662634749
1,"(3.0, 20.0, 0.7, 0.6)",0.22250647337557156,0.009533392546004826,0.008248793759143336
1,"(3.0, 20.0, 0.7, 0.6)",0.2261724186630119,0.0032744316879163016,0.04100138277534837
1,"(3.0, 20.0, 0.7, 0.6)",0.18908085745515696,0.024569449081560446,0.009409714648094258
1,"(3.0, 20.0, 0.7, 0.6)",0.20801490328462346,0.01606259360544171,0.020000815543013584
1,"(3.0, 20.0, 0.7, 0.6)",0.19933891241361745,0.028841596397698677,0.020466257434275548
1,"(3.0, 20.0, 0.7, 0.6)",0.22474359066545938,0.02071865784382343,0.02469468280847198
1,"(3.0, 20.0, 0.7, 0.6)",0.19937548985909836,0.03833064444416445,0.01836351855961027
1,"(3.0, 20.0, 0.7, 0.6)",0.20397349782795493,0.026582777209576802,0.033912467063664575
1,"(3.0, 20.0, 0.7, 0.6)",0.20033298975082348,0.023881103030451545,0.015139450840234048
1,"(3.0, 20.0, 0.7, 0.6)",0.19128677247149367,0.0075222324766608395,0.018464607968641467
1,"(3.0, 20.0, 0.7, -0.3)",0.2127891024432636,0.014417230548956272,0.06885870368453695
1,"(3.0, 20.0, 0.7, -0.3)",0.21983571653324935,0.02316628506036844,0.044352812464818925
1,"(3.0, 20.0, 0.7, -0.3)",0.1989269203614005,0.02475176622157349,0.025424051707950923
1,"(3.0, 20.0, 0.7, -0.3)",0.20478145162392525,0.04915436125093686,0.0854727553212733
1,"(3.0, 20.0, 0.7, -0.3)",0.20187677527126585,0.03184880110820343,0.04448397721195718
1,"(3.0, 20.0, 0.7, -0.3)",0.21823424609650519,0.010407423788178827,0.020283771584617583
1,"(3.0, 20.0, 0.7, -0.3)",0.21079088760794765,0.018336069300966207,0.020290610837808032
1,"(3.0, 20.0, 0.7, -0.3)",0.200846881810856,0.01678032528438944,0.022729441845470433
1,"(3.0, 20.0, 0.7, -0.3)",0.2131964004253859,0.03658350041312386,0.06558233854474249
1,"(3.0, 20.0, 0.7, -0.3)",0.20225455078054283,0.024940054314922966,0.044871321521721796
1,"(3.0, 20.0, 0.7, -0.3)",0.20482682077416053,0.007954255887999695,0.015697996378974732
1,"(3.0, 20.0, 0.7, -0.3)",0.19069000839593586,0.01818556319336695,0.030095930718905706
1,"(3.0, 20.0, 0.7, -0.3)",0.22679538897186852,0.024665918175448498,0.05566776605622614
1,"(3.0, 20.0, 0.7, -0.3)",0.2004801513783534,0.019895232245380257,0.03568725753341173
1,"(3.0, 20.0, 0.7, -0.3)",0.20821952018869083,0.011562463189549677,0.019304612068561156
2,"(1.5, 8.0, 0.3, 0.0)",0.3044522756423788,0.0776011290919878,0.11157669084132293
2,"(1.5, 8.0, 0.3, 0.0)",0.2778029770644317,0.08332013264134863,0.13238727834812525
2,"(1.5, 8.0, 0.3, 0.0)",0.2790539065356735,0.06877633259889249,0.0873480845284722
2,"(1.5, 8.0, 0.3, 0.0)",0.27621832016781334,0.08046850736334854,0.12562697529886258
2,"(1.5, 8.0, 0.3, 0.0)",0.27520426828951194,0.08359406310075657,0.10771609111196545
2,"(1.5, 8.0, 0.3, 0.0)",0.2741723309557645,0.08445648567115704,0.11672479795278967
2,"(1.5, 8.0, 0.3, 0.0)",0.28466821695124317,0.0931447209452454,0.13769734055990757
2,"(1.5, 8.0, 0.3, 0.0)",0.2784837994972711,0.08996776039686749,0.12360574363598809
2,"(1.5, 8.0, 0.3, 0.0)",0.29315070486327965,0.08802156217711121,0.1384589015973705
2,"(1.5, 8.0, 0.3, 0.0)",0.30588013283190424,0.09298933741321458,0.14028725252586582
2,"(1.5, 8.0, 0.3, 0.0)",0.27841237148983106,0.08455301245824165,0.11542348434697303
2,"(1.5, 8.0, 0.3, 0.0)",0.27953756781530026,0.09078415647273874,0.15513427705302174
2,"(1.5, 8.0, 0.3, 0.0)",0.3026788229879852,0.07560493752756448,0.11981290226158658
2,"(1.5, 8.0, 0.3, 0.0)",0.2907438535803313,0.09811722911589205,0.13097829270908812
2,"(1.5, 8.0, 0.3, 0.0)",0.30321548488518413,0.06896384935424349,0.09225220854235383
2,"(1.5, 8.0, 0.3, 0.3)",0.27400389669211433,0.07884545604688498,0.09498638062712006
2,"(1.5, 8.0, 0.3, 0.3)",0.2899664706566748,0.08951521942624308,0.11634248613051623
2,"(1.5, 8.0, 0.3, 0.3)",0.30634251089349807,0.09282779259020624,0.06440068574710978
2,"(1.5, 8.0, 0.3, 0.3)",0.27559752115192615,0.0713000377265256,0.08406711403891598
2,"(1.5, 8.0, 0.3, 0.3)",0.2793998362640636,0.09403345453845235,0.1048382033191344
2,"(1.5, 8.0, 0.3, 0.3)",0.2949640475216872,0.06787160551999938,0.09112357100698887
2,"(1.5, 8.0, 0.3, 0.3)",0.28538612907545113,0.09568088657602902,0.09328587644434361
2,"(1.5, 8.0, 0.3, 0.3)",0.28950077203691615,0.07892178996271249,0.08400297722055017
2,"(1.5, 8.0, 0.3, 0.3)",0.2898902740966714,0.08088536181751971,0.07063680690209106
2,"(1.5, 8.0, 0.3, 0.3)",0.3057559400533795,0.07859697874093174,0.09237190177760257
2,"(1.5, 8.0, 0.3, 0.3)",0.2850071415406137,0.0853363871563837,0.06495506254871586
2,"(1.5, 8.0, 0.3, 0.3)",0.27676941737667865,0.09326806223512907,0.10084655359443362
2,"(1.5, 8.0, 0.3, 0.3)",0.3006294837784922,0.09453736915220823,0.08456435363369263
2,"(1.5, 8.0, 0.3, 0.3)",0.2980816880322259,0.10700385977243687,0.1552262181634847
2,"(1.5, 8.0, 0.3, 0.3)",0.29169403875645405,0.09136464490067575,0.1136775371331229
2,"(1.5, 8.0, 0.3, 0.6)",0.2692210412785917,0.07210564056332291,0.05426851571244695
2,"(1.5, 8.0, 0.3, 0.6)",0.28401615160658394,0.07774964325804445,0.07420364549493308
2,"(1.5, 8.0, 0.3, 0.6)",0.28903535202766917,0.08656635689754233,0.034255455534068835
2,"(1.5, 8.0, 0.3, 0.6)",0.29439797018005553,0.07152216074080897,0.0191047579468564
2,"(1.5, 8.0, 0.3, 0.6)",0.27568475287229943,0.07410186115925388,0.03232022283454006
2,"(1.5, 8.0, 0.3, 0.6)",0.29097421000868856,0.1051993441161293,0.0943477360313687
2,"(1.5, 8.0, 0.3, 0.6)",0.29230868894191364,0.10334853547467515,0.09741905247421401
2,"(1.5, 8.0, 0.3, 0.6)",0.2731245002362419,0.07637917879097544,0.059391788204757434
2,"(1.5, 8.0, 0.3, 0.6)",0.27513715376148595,0.09584147634230822,0.08794625949259549
2,"(1.5, 8.0, 0.3, 0.6)",0.2776379267734864,0.05932133044219745,0.048341790567387743
2,"(1.5, 8.0, 0.3, 0.6)",0.28431499804009613,0.0695442140692123,0.05098650814683614
2,"(1.5, 8.0, 0.3, 0.6)",0.2777822705886179,0.08972662223113115,0.07113842397850911
2,"(1.5, 8.0, 0.3, 0.6)",0.27898577090278387,0.0760740527546322,0.040676711204709504
2,"(1.5, 8.0, 0.3, 0.6)",0.28635481690009873,0.07756418758876382,0.03970788825243954
2,"(1.5, 8.0, 0.3, 0.6)",0.28188493497596506,0.08612148231585726,0.04708139819664314
2,"(1.5, 8.0, 0.3, -0.3)",0.29058994527741133,0.07898074061704075,0.13317204721252107
2,"(1.5, 8.0, 0.3, -0.3)",0.30990362998420534,0.07554021806156175,0.13327542249896807
2,"(1.5, 8.0, 0.3, -0.3)",0.3018728054303367,0.08756695327911712,0.1344177337414485
2,"(1.5, 8.0, 0.3, -0.3)",0.2961308281858076,0.06110069775015203,0.0936604398807721
2,"(1.5, 8.0, 0.3, -0.3)",0.29488405419733277,0.09458700428298783,0.16894477289288234
2,"(1.5, 8.0, 0.3, -0.3)",0.3030606318708219,0.08111358218403375,0.13637412686600836
2,"(1.5, 8.0, 0.3, -0.3)",0.27355812198845136,0.08648291843158185,0.13281456162042016
2,"(1.5, 8.0, 0.3, -0.3)",0.2822498572912411,0.0701894244127268,0.11206224712071133
2,"(1.5, 8.0, 0.3, -0.3)",0.3062805183779803,0.08340548550899118,0.1626171310277016
2,"(1.5, 8.0, 0.3, -0.3)",0.29312153697382837,0.10240975490244342,0.1668962695539582
2,"(1.5, 8.0, 0.3, -0.3)",0.27840498459021323,0.08166310857182835,0.1343838470956129
2,"(1.5, 8.0, 0.3, -0.3)",0.28088029971000916,0.09665493557653904,0.16121447489695884
2,"(1.5, 8.0, 0.3, -0.3)",0.2776779266332291,0.07211169923727101,0.14106678320893717
2,"(1.5, 8.0, 0.3, -0.3)",0.29521065584144035,0.09672645014739334,0.1869565092056762
2,"(1.5, 8.0, 0.3, -0.3)",0.2985313137322095,0.08643667127395005,0.1487570944586638
2,"(1.5, 8.0, 0.7, 0.0)",0.18899710580121332,0.016919049797492924,0.03169306234122082
2,"(1.5, 8.0, 0.7, 0.0)",0.1997503036068568,0.025285457107553366,0.030773452506837273
2,"(1.5, 8.0, 0.7, 0.0)",0.19047301807571002,0.02934237509906057,0.03798217355400846
2,"(1.5, 8.0, 0.7, 0.0)",0.20014715782483705,0.026693893242826117,0.03227220859760682
2,"(1.5, 8.0, 0.7, 0.0)",0.19670551531730418,0.011151823486416301,0.0027083579868221186
2,"(1.5, 8.0, 0.7, 0.0)",0.19817877563766154,0.019687333012535668,0.06712540073797713
2,"(1.5, 8.0, 0.7, 0.0)",0.1996914173142839,0.010047085165296288,0.01614654980011343
2,"(1.5, 8.0, 0.7, 0.0)",0.19748799490951272,0.012805701052101215,0.003032239010032356
2,"(1.5, 8.0, 0.7, 0.0)",0.19530424552714643,0.013775409376221237,0.028678185418548274
2,"(1.5, 8.0, 0.7, 0.0)",0.1810085561278253,0.01720930093757289,0.01610283633523535
2,"(1.5, 8.0, 0.7, 0.0)",0.2007536833643454,0.039863612806497084,0.08215332449897605
2,"(1.5, 8.0, 0.7, 0.0)",0.18984455814113332,0.008759220756655028,0.023730438797378905
2,"(1.5, 8.0, 0.7, 0.0)",0.1916841916933728,0.026674638166269804,0.02997656379343283
2,"(1.5, 8.0, 0.7, 0.0)",0.1977212680163445,0.022485589488693614,0.054618928355615104
2,"(1.5, 8.0, 0.7, 0.0)",0.19594873460306178,0.012448004661361645,0.021284665656576607
2,"(1.5, 8.0, 0.7, 0.3)",0.1905055821855638,0.02175977703190657,0.009339139002509711
2,"(1.5, 8.0, 0.7, 0.3)",0.18898930398086136,0.015518943886030145,0.007001437251932918
2,"(1.5, 8.0, 0.7, 0.3)",0.18910921463751465,0.017135375828816857,0.023688109565189297
2,"(1.5, 8.0, 0.7, 0.3)",0.19106311523274672,0.022260410422984878,0.02571948537948865
2,"(1.5, 8.0, 0.7, 0.3)",0.19443051981202564,0.036209835388497424,0.054632730125911966
2,"(1.5, 8.0, 0.7, 0.3)",0.19800755358648361,0.0385137304579497,0.014128822179765521
2,"(1.5, 8.0, 0.7, 0.3)",0.19797793298228902,0.02831211218618268,0.008593584351156203
2,"(1.5, 8.0, 0.7, 0.3)",0.20053887670961046,0.02705339320518696,0.0019478692634862238
2,"(1.5, 8.0, 0.7, 0.3)",0.18598773883048042,0.02403226167394501,0.03056693117360365
2,"(1.5, 8.0, 0.7, 0.3)",0.18999690729355803,0.021450288446194676,0.014988612419288616
2,"(1.5, 8.0, 0.7, 0.3)",0.22229934127304107,0.03011298457929401,0.0378907838063256
2,"(1.5, 8.0, 0.7, 0.3)",0.19112861723192046,0.0038201262041872575,0.03642163534629961
2,"(1.5, 8.0, 0.7, 0.3)",0.19183766382611167,0.020014342247611783,0.00405875568335623
2,"(1.5, 8.0, 0.7, 0.3)",0.21790725325135774,0.01683009141546976,0.002619877360625411
2,"(1.5, 8.0, 0.7, 0.3)",0.21025399714031656,0.018111470428066045,0.00900277943067529
2,"(1.5, 8.0, 0.7, 0.6)",0.20088899355356973,0.022273754511331068,0.0007352595357410507
2,"(1.5, 8.0, 0.7, 0.6)",0.1855110847457647,0.025627511916830326,0.0031856077286620543
2,"(1.5, 8.0, 0.7, 0.6)",0.20092267569027972,0.02254507575221254,0.006708976213383622
2,"(1.5, 8.0, 0.7, 0.6)",0.21574633490960565,0.007562006347615724,0.0304669944622038
2,"(1.5, 8.0, 0.7, 0.6)",0.1926758205552235,0.02982977024228739,0.01279192007705432
2,"(1.5, 8.0, 0.7, 0.6)",0.2013458779888343,0.007412546079302751,0.022510790786088863
2,"(1.5, 8.0, 0.7, 0.6)",0.2185907979439905,0.02904120369702612,0.013924894668641663
2,"(1.5, 8.0, 0.7, 0.6)",0.20972425815675194,0.006972360733673355,0.006860859428107435
2,"(1.5, 8.0, 0.7, 0.6)",0.20260702307438178,0.013281052312925423,0.02494491759526296
2,"(1.5, 8.0, 0.7, 0.6)",0.19136649698244115,0.010529193099236944,0.012948808906521947
2,"(1.5, 8.0, 0.7, 0.6)",0.18334049111391054,0.01810668430392892,0.012270168088434508
2,"(1.5, 8.0, 0.7, 0.6)",0.1955646589180552,0.032195590878731806,0.002049081423480814
2,"(1.5, 8.0, 0.7, 0.6)",0.1915595763235386,0.013189919029959585,0.012043457624085097
2,"(1.5, 8.0, 0.7, 0.6)",0.2086425403740798,0.029987325592903957,0.02582125386098344
2,"(1.5, 8.0, 0.7, 0.6)",0.20140999032468754,0.011778484578816584,0.009279977793335004
2,"(1.5, 8.0, 0.7, -0.3)",0.21877891814361186,0.015476523333741832,0.03157106165334156
2,"(1.5, 8.0, 0.7, -0.3)",0.19047337577738332,0.020318186640611025,0.02806714391818721
2,"(1.5, 8.0, 0.7, -0.3)",0.1933098739109452,0.02144447840290531,0.026343823147664036
2,"(1.5, 8.0, 0.7, -0.3)",0.19390746608673048,0.03808827588481711,0.057007102392847564
2,"(1.5, 8.0, 0.7, -0.3)",0.19344626381697078,0.04272625050161516,0.07293199979177745
2,"(1.5, 8.0, 0.7, -0.3)",0.18531657373533336,0.019823426245830666,0.03785635275346744
2,"(1.5, 8.0, 0.7, -0.3)",0.19837910328470804,0.02309573847988955,0.05852888069713735
2,"(1.5, 8.0, 0.7, -0.3)",0.19842236177285028,0.008070895873940609,0.03127189659304097
2,"(1.5, 8.0, 0.7, -0.3)",0.1942259235391474,0.013460836613630511,0.020733325964748417
2,"(1.5, 8.0, 0.7, -0.3)",0.19330493424289283,0.024221028448006554,0.06904469438187322
2,"(1.5, 8.0, 0.7, -0.3)",0.19163051712735257,0.028169576327998214,0.05326036390702393
2,"(1.5, 8.0, 0.7, -0.3)",0.21337849518884502,0.01795933135212635,0.04712055698487161
2,"(1.5, 8.0, 0.7, -0.3)",0.19301613270520335,0.024565058133546813,0.03926794425295976
2,"(1.5, 8.0, 0.7, -0.3)",0.19558843244284552,0.024748521233009413,0.05770961763109872
2,"(1.5, 8.0, 0.7, -0.3)",0.18684813419293783,0.03567923413382823,0.06898957530011307
2,"(1.5, 20.0, 0.3, 0.0)",0.25785451685100086,0.02624809191408506,0.04701549587931586
2,"(1.5, 20.0, 0.3, 0.0)",0.2628621892178775,0.04181584193867882,0.03986308371961167
2,"(1.5, 20.0, 0.3, 0.0)",0.24697594218829202,0.03586021652668481,0.05053767143114518
2,"(1.5, 20.0, 0.3, 0.0)",0.249327458049885,0.03601231818958295,0.057345051547625925
2,"(1.5, 20.0, 0.3, 0.0)",0.24645459000728426,0.05540856168245656,0.08241634125149266
2,"(1.5, 20.0, 0.3, 0.0)",0.23977346401778674,0.03133413356393511,0.036685522149146
2,"(1.5, 20.0, 0.3, 0.0)",0.2389171263593976,0.04170394148048706,0.10576196692759976
2,"(1.5, 20.0, 0.3, 0.0)",0.24857034484461044,0.04858711958242301,0.09650271312545144
2,"(1.5, 20.0, 0.3, 0.0)",0.2443122194532704,0.0614163034675661,0.08177361118874082
2,"(1.5, 20.0, 0.3, 0.0)",0.2647517220255316,0.04696881221824334,0.05473959352581925
2,"(1.5, 20.0, 0.3, 0.0)",0.2522915074279012,0.05591254602533147,0.10200320767724946
2,"(1.5, 20.0, 0.3, 0.0)",0.23630246577900407,0.0506783553785598,0.0710477504167093
2,"(1.5, 20.0, 0.3, 0.0)",0.2437732930023748,0.0522614322136743,0.07652460750388546
2,"(1.5, 20.0, 0.3, 0.0)",0.2650864895058493,0.04842985192679561,0.07109680439115285
2,"(1.5, 20.0, 0.3, 0.0)",0.26827328329515254,0.048891532328984244,0.07263359481791332
2,"(1.5, 20.0, 0.3, 0.3)",0.2411949215724111,0.06672756583144324,0.07355141988017921
2,"(1.5, 20.0, 0.3, 0.3)",0.24389230650993388,0.043130905994439805,0.02860572907431469
2,"(1.5, 20.0, 0.3, 0.3)",0.254909046158693,0.05908629147439892,0.07361778333420266
2,"(1.5, 20.0, 0.3, 0.3)",0.23556293860251065,0.039515087575114904,0.046639302398235216
2,"(1.5, 20.0, 0.3, 0.3)",0.23732999618844586,0.06476902795720085,0.037970780738426635
2,"(1.5, 20.0, 0.3, 0.3)",0.2463191681190643,0.044420209714530756,0.013638937719649746
2,"(1.5, 20.0, 0.3, 0.3)",0.24237842702893725,0.05289146631978825,0.06082794203707964
2,"(1.5, 20.0, 0.3, 0.3)",0.25902040099371815,0.022706731415211068,0.003264461347379344
2,"(1.5, 20.0, 0.3, 0.3)",0.22963528449592546,0.05727521466371943,0.05358430094331368
2,"(1.5, 20.0, 0.3, 0.3)",0.23894776814036234,0.05556706891687313,0.04812760461921317
2,"(1.5, 20.0, 0.3, 0.3)",0.25742378350127876,0.052683258192393057,0.06388752479322668
2,"(1.5, 20.0, 0.3, 0.3)",0.23982833059342235,0.06954530974838014,0.08176491103769146
2,"(1.5, 20.0, 0.3, 0.3)",0.2519598424256483,0.0377695451696074,0.023971334976351732
2,"(1.5, 20.0, 0.3, 0.3)",0.26219217353394764,0.042800290309432554,0.02521037689285066
2,"(1.5, 20.0, 0.3, 0.3)",0.24906793270380934,0.05886763891955127,0.050021798526411754
2,"(1.5, 20.0, 0.3, 0.6)",0.24601463995295514,0.046718532547016633,0.0077545417129201155
2,"(1.5, 20.0, 0.3, 0.6)",0.2467714088359097,0.05329676319287635,0.0003596933699598903
2,"(1.5, 20.0, 0.3, 0.6)",0.24501426070872645,0.058374727186658926,0.05347469823675888
2,"(1.5, 20.0, 0.3, 0.6)",0.24887637806639315,0.05445387581465577,0.05070309968082043
2,"(1.5, 20.0, 0.3, 0.6)",0.26443324682618696,0.05117905616583862,0.006250717965623043
2,"(1.5, 20.0, 0.3, 0.6)",0.23526863325921565,0.03941192814473993,0.03376064758350972
2,"(1.5, 20.0, 0.3, 0.6)",0.2549604984360234,0.05440594392993514,0.05224365906222772
2,"(1.5, 20.0, 0.3, 0.6)",0.24662645758502702,0.044274118029079434,0.02093233236053682
2,"(1.5, 20.0, 0.3, 0.6)",0.24069234380244178,0.057117885793630085,0.012366635262168746
2,"(1.5, 20.0, 0.3, 0.6)",0.2422789643356466,0.0280073772281757,0.016046898334955984
2,"(1.5, 20.0, 0.3, 0.6)",0.24782726225665028,0.05942427216663704,0.03772451550560629
2,"(1.5, 20.0, 0.3, 0.6)",0.2356513370630422,0.027154739461038413,0.019761058958800204
2,"(1.5, 20.0, 0.3, 0.6)",0.23218888895380968,0.059016248757589596,0.054745107066872745
2,"(1.5, 20.0, 0.3, 0.6)",0.24134508565318435,0.046364221520603266,0.019173530315149234
2,"(1.5, 20.0, 0.3, 0.6)",0.24485559404572949,0.04265299911567344,0.03598607576261026
2,"(1.5, 20.0, 0.3, -0.3)",0.2348780565309715,0.039904347566103504,0.08047811012151973
2,"(1.5, 20.0, 0.3, -0.3)",0.24521046185401707,0.0549008595442706,0.0699842923102949
2,"(1.5, 20.0, 0.3, -0.3)",0.24241777456998614,0.050229046960174384,0.06443132840439025
2,"(1.5, 20.0, 0.3, -0.3)",0.24111766421761407,0.04031845925278166,0.07860445356960177
2,"(1.5, 20.0, 0.3, -0.3)",0.25181390833417716,0.046193194277996286,0.07238285121952748
2,"(1.5, 20.0, 0.3, -0.3)",0.23826787909483227,0.04177352584942218,0.07165562067148379
2,"(1.5, 20.0, 0.3, -0.3)",0.249941531788742,0.03946081729855644,0.07377528308619441
2,"(1.5, 20.0, 0.3, -0.3)",0.23532063470868803,0.04515421544667442,0.06397567081118094
2,"(1.5, 20.0, 0.3, -0.3)",0.24691648890180645,0.058573359820240256,0.10257638209526299
2,"(1.5, 20.0, 0.3, -0.3)",0.23416985426863118,0.059694104478112076,0.08125819524248046
2,"(1.5, 20.0, 0.3, -0.3)",0.26281513176786486,0.06442993552418308,0.12784349865587386
2,"(1.5, 20.0, 0.3, -0.3)",0.26201549183195394,0.047504979005947856,0.09657912739411101
2,"(1.5, 20.0, 0.3, -0.3)",0.2619465479742863,0.050941382007556824,0.07850858838143937
2,"(1.5, 20.0, 0.3, -0.3)",0.24764782884001718,0.06781309216676279,0.11923226646709706
2,"(1.5, 20.0, 0.3, -0.3)",0.2627002622435663,0.05429891275784793,0.10120554925425163
2,"(1.5, 20.0, 0.7, 0.0)",0.1763946940430055,0.008025206600142276,0.0025130889262596767
2,"(1.5, 20.0, 0.7, 0.0)",0.19511462841927735,0.006426775530950279,0.01745777817994032
2,"(1.5, 20.0, 0.7, 0.0)",0.18269789167440442,0.007491106321068863,0.009895593652414991
2,"(1.5, 20.0, 0.7, 0.0)",0.17603931273373283,0.01753472022619862,0.028677214027467812
2,"(1.5, 20.0, 0.7, 0.0)",0.189535554947624,0.020460945423599775,0.013317610778857958
2,"(1.5, 20.0, 0.7, 0.0)",0.1690857790703592,0.003762295621389078,0.018898643748558985
2,"(1.5, 20.0, 0.7, 0.0)",0.17235062984183547,0.008191579905537316,0.004614132993708608
2,"(1.5, 20.0, 0.7, 0.0)",0.18557993334905493,0.021235012003159248,0.041979515668287615
2,"(1.5, 20.0, 0.7, 0.0)",0.19469245551988446,0.008345990055116603,0.016225503763961147
2,"(1.5, 20.0, 0.7, 0.0)",0.19547030913845453,0.018282865805209547,0.023311035117998813
2,"(1.5, 20.0, 0.7, 0.0)",0.17370740985194044,0.014833461188709873,0.018653350106637046
2,"(1.5, 20.0, 0.7, 0.0)",0.16556682248787066,0.010473229184622568,0.004705745981024911
2,"(1.5, 20.0, 0.7, 0.0)",0.17571972969328323,0.009768060740165119,0.013751196483438477
2,"(1.5, 20.0, 0.7, 0.0)",0.17610637660532458,0.007068334678653421,0.018342938429360522
2,"(1.5, 20.0, 0.7, 0.0)",0.1775036247766847,0.0076824991032330425,0.0040540101489887626
2,"(1.5, 20.0, 0.7, 0.3)",0.18022705108759626,0.010755060794063853,0.009540122981460897
2,"(1.5, 20.0, 0.7, 0.3)",0.2080692035267701,0.006576811957172857,0.013541714757774548
2,"(1.5, 20.0, 0.7, 0.3)",0.19206774694157522,0.019150091825292703,0.0037307489122677673
2,"(1.5, 20.0, 0.7, 0.3)",0.175569940032274,0.006074626223743884,0.007419914063605981
2,"(1.5, 20.0, 0.7, 0.3)",0.18901586684329974,0.015029012479955584,0.016288526657549207
2,"(1.5, 20.0, 0.7, 0.3)",0.20704023721799486,0.0016863445943974265,0.039539558338768765
2,"(1.5, 20.0, 0.7, 0.3)",0.19423772368259312,0.004539709482546783,0.0059177813536797075
2,"(1.5, 20.0, 0.7, 0.3)",0.1988877312605259,0.007038742444632873,0.010716539806028713
2,"(1.5, 20.0, 0.7, 0.3)",0.17732960880178006,0.007945827383202486,0.0008370753386663932
2,"(1.5, 20.0, 0.7, 0.3)",0.17003434407674164,0.019566087556167733,0.031016624336608345
2,"(1.5, 20.0, 0.7, 0.3)",0.18045673140780794,0.004964077742924844,0.005526698276513198
2,"(1.5, 20.0, 0.7, 0.3)",0.1746103880889167,0.0108894021983732,0.010408220375458743
2,"(1.5, 20.0, 0.7, 0.3)",0.18523808411973708,0.011157026115352187,0.02074095015379207
2,"(1.5, 20.0, 0.7, 0.3)",0.2070848462703096,0.003046549706669288,0.0029460258206188694
2,"(1.5, 20.0, 0.7, 0.3)",0.1750889948462977,0.013296819914280777,0.01759222923576953
2,"(1.5, 20.0, 0.7, 0.6)",0.19949169788295468,0.021655971469146995,0.06550184735232656
2,"(1.5, 20.0, 0.7, 0.6)",0.176934554542712,0.021557936870780003,0.035361827196675355
2,"(1.5, 20.0, 0.7, 0.6)",0.19038013843770052,0.026428316708656197,0.018211225047929158
2,"(1.5, 20.0, 0.7, 0.6)",0.1899416475080103,0.013702872344834693,0.03761313037072145
2,"(1.5, 20.0, 0.7, 0.6)",0.17631829715861402,0.0117097418185228,0.02228830813774474
2,"(1.5, 20.0, 0.7, 0.6)",0.17536804540102247,0.003532382143794144,0.022664081259125668
2,"(1.5, 20.0, 0.7, 0.6)",0.1819036632697752,0.0024436391768456467,0.01508072307234154
2,"(1.5, 20.0, 0.7, 0.6)",0.20394393917531062,0.008171751657406467,0.011675859241252251
2,"(1.5, 20.0, 0.7, 0.6)",0.182967968299871,0.007711763997082843,0.0025631438408388885
2,"(1.5, 20.0, 0.7, 0.6)",0.19293855582666414,0.02076221562992564,0.025445673759870724
2,"(1.5, 20.0, 0.7, 0.6)",0.1682745800863979,0.004837713845774583,0.0014046151454996103
2,"(1.5, 20.0, 0.7, 0.6)",0.17101684304077117,0.0071379819994069615,0.012073878105727243
2,"(1.5, 20.0, 0.7, 0.6)",0.18441428081171363,0.0018344367649987259,0.02709550962824081
2,"(1.5, 20.0, 0.7, 0.6)",0.17686052381279369,0.00938456673777377,0.03731102983199208
2,"(1.5, 20.0, 0.7, 0.6)",0.19056700803583765,0.019215510412579073,0.04968355006456249
2,"(1.5, 20.0, 0.7, -0.3)",0.17657940767758423,0.00911921090489376,0.03037778718699924
2,"(1.5, 20.0, 0.7, -0.3)",0.1721468243362525,0.0216749462846898,0.007917217133424082
2,"(1.5, 20.0, 0.7, -0.3)",0.1943317876981946,0.014207612024565885,0.014037762435918477
2,"(1.5, 20.0, 0.7, -0.3)",0.19537862396930472,0.02510318037080128,0.04464548895688303
2,"(1.5, 20.0, 0.7, -0.3)",0.1707106850528273,0.014915010393221184,0.005644798738071
2,"(1.5, 20.0, 0.7, -0.3)",0.20011042985399335,0.006063854682806236,0.015498984558925955
2,"(1.5, 20.0, 0.7, -0.3)",0.18546515822049545,0.00865534685842917,0.021082783497762048
2,"(1.5, 20.0, 0.7, -0.3)",0.1777382799871095,0.01227339881499101,0.015238468760063295
2,"(1.5, 20.0, 0.7, -0.3)",0.17673829015417142,0.005823048948524034,0.01331937324676713
2,"(1.5, 20.0, 0.7, -0.3)",0.17523399595603378,0.012016481213380614,0.010704519435695836
2,"(1.5, 20.0, 0.7, -0.3)",0.1905358359417587,0.015698947291775345,0.00923563013205797
2,"(1.5, 20.0, 0.7, -0.3)",0.1799336009139446,0.008322677732744532,0.0020705236576721298
2,"(1.5, 20.0, 0.7, -0.3)",0.18769981579872205,0.008273228049202719,0.012393126218419148
2,"(1.5, 20.0, 0.7, -0.3)",0.1917507275238159,0.005065224713162841,0.027456729539739655
2,"(1.5, 20.0, 0.7, -0.3)",0.1862293052496105,0.01024642089393446,0.00999416516026086
2,"(3.0, 8.0, 0.3, 0.0)",0.4301905021910223,0.14017639951398753,0.16466948214781318
2,"(3.0, 8.0, 0.3, 0.0)",0.4389377216488642,0.16390272712701348,0.25717324559667354
2,"(3.0, 8.0, 0.3, 0.0)",0.426170701542662,0.16875441778095013,0.23549631772080204
2,"(3.0, 8.0, 0.3, 0.0)",0.46412469495747555,0.15680025024768374,0.23057289308759366
2,"(3.0, 8.0, 0.3, 0.0)",0.45534234039427934,0.16120778412252812,0.1855296094748029
2,"(3.0, 8.0, 0.3, 0.0)",0.421702921543341,0.1684147457417009,0.22937824280543007
2,"(3.0, 8.0, 0.3, 0.0)",0.4370083264998774,0.18465733826578856,0.26417863122297325
2,"(3.0, 8.0, 0.3, 0.0)",0.4390011920029653,0.16620438319639153,0.2792362167602418
2,"(3.0, 8.0, 0.3, 0.0)",0.44025265503528327,0.17481181992783545,0.24247675064595553
2,"(3.0, 8.0, 0.3, 0.0)",0.4156564628632525,0.1700435557593123,0.22522019311739605
2,"(3.0, 8.0, 0.3, 0.0)",0.4253069107648204,0.1423140136952339,0.23612425513041213
2,"(3.0, 8.0, 0.3, 0.0)",0.4287384538479882,0.17172996428877063,0.2882781554453353
2,"(3.0, 8.0, 0.3, 0.0)",0.44068886753615644,0.1463381697166155,0.22893274537167096
2,"(3.0, 8.0, 0.3, 0.0)",0.43297516115769313,0.16534330396344465,0.25615451275618684
2,"(3.0, 8.0, 0.3, 0.0)",0.44094572478846883,0.17952517811592417,0.25828331591984943
2,"(3.0, 8.0, 0.3, 0.3)",0.4334058247748962,0.1750179986275302,0.19947667564216953
2,"(3.0, 8.0, 0.3, 0.3)",0.417235214812651,0.1630594554473377,0.21216787998155073
2,"(3.0, 8.0, 0.3, 0.3)",0.4299193099533253,0.1650515511230639,0.14914378760663105
2,"(3.0, 8.0, 0.3, 0.3)",0.42047290016028316,0.14249846462065507,0.18942080266410866
2,"(3.0, 8.0, 0.3, 0.3)",0.4311911557210051,0.15648974575561714,0.17182275251627743
2,"(3.0, 8.0, 0.3, 0.3)",0.444617501455103,0.1604407873064868,0.19228597091835997
2,"(3.0, 8.0, 0.3, 0.3)",0.4284430115826724,0.16736532117092917,0.19157381525622386
2,"(3.0, 8.0, 0.3, 0.3)",0.4206265591052527,0.16701511732801566,0.19411304826384468
2,"(3.0, 8.0, 0.3, 0.3)",0.4382708418932666,0.17272350730968622,0.179703884660662
2,"(3.0, 8.0, 0.3, 0.3)",0.4395617610199134,0.16699433471380232,0.2124351310950212
2,"(3.0, 8.0, 0.3, 0.3)",0.4326079047127507,0.15861974466572915,0.15015061442381583
2,"(3.0, 8.0, 0.3, 0.3)",0.4396002653670396,0.16675290541150622,0.1681614801780742
2,"(3.0, 8.0, 0.3, 0.3)",0.41875545558459837,0.17416799182562182,0.18846770728086115
2,"(3.0, 8.0, 0.3, 0.3)",0.42883915056360455,0.14915237532002124,0.15507016444352484
2,"(3.0, 8.0, 0.3, 0.3)",0.4395315982196967,0.15487742817270234,0.17415928877703823
2,"(3.0, 8.0, 0.3, 0.6)",0.4340056084436487,0.17030337000108897,0.08940450692859958
2,"(3.0, 8.0, 0.3, 0.6)",0.4552259884222597,0.17515485883102455,0.17466577714240028
2,"(3.0, 8.0, 0.3, 0.6)",0.43036562085179775,0.17784400747668228,0.12197719967791887
2,"(3.0, 8.0, 0.3, 0.6)",0.43275781575314554,0.16170289017648654,0.10785992711647241
2,"(3.0, 8.0, 0.3, 0.6)",0.44664281460290794,0.17890006287280502,0.126525647467564
2,"(3.0, 8.0, 0.3, 0.6)",0.42096082644130906,0.1421382499310344,0.091212962639875
2,"(3.0, 8.0, 0.3, 0.6)",0.4310583573091634,0.16338622896486044,0.12490045367754954
2,"(3.0, 8.0, 0.3, 0.6)",0.4166210886203027,0.1666145296278314,0.12011028237875143
2,"(3.0, 8.0, 0.3, 0.6)",0.46627496484359676,0.16821541558376096,0.1411801831854227
2,"(3.0, 8.0, 0.3, 0.6)",0.44528762860065607,0.18754694918338632,0.135711892721448
2,"(3.0, 8.0, 0.3, 0.6)",0.40991543515228096,0.16381186715110752,0.1214234564689618
2,"(3.0, 8.0, 0.3, 0.6)",0.44603179864369225,0.15492469731494718,0.08964467137475651
2,"(3.0, 8.0, 0.3, 0.6)",0.4383627761668566,0.14413335239510916,0.13536671200790806
2,"(3.0, 8.0, 0.3, 0.6)",0.45140169706415534,0.1891564057643631,0.18368403512281262
2,"(3.0, 8.0, 0.3, 0.6)",0.44457021274731734,0.1671703660254793,0.13433869234031404
2,"(3.0, 8.0, 0.3, -0.3)",0.42983334264810724,0.17766114201188543,0.28105488769994214
2,"(3.0, 8.0, 0.3, -0.3)",0.44447124901001483,0.18724814103230103,0.3085513662920727
2,"(3.0, 8.0, 0.3, -0.3)",0.41649597086502166,0.166008629663136,0.2640856182615643
2,"(3.0, 8.0, 0.3, -0.3)",0.4277459250641771,0.1706949538624345,0.3133924060474138
2,"(3.0, 8.0, 0.3, -0.3)",0.4095939378691915,0.16039990519538816,0.2436518268117922
2,"(3.0, 8.0, 0.3, -0.3)",0.4335641833495887,0.16585715323817474,0.2769482831293937
2,"(3.0, 8.0, 0.3, -0.3)",0.45505127699261017,0.1862662760660383,0.30726267245286376
2,"(3.0, 8.0, 0.3, -0.3)",0.42001166636697934,0.16429593933652842,0.2592013907943347
2,"(3.0, 8.0, 0.3, -0.3)",0.44143352348048565,0.16627736011742034,0.2636484282841618
2,"(3.0, 8.0, 0.3, -0.3)",0.45848512414246023,0.18130574316656722,0.2870280338664273
2,"(3.0, 8.0, 0.3, -0.3)",0.435249073233339,0.18036120631944197,0.288330482221383
2,"(3.0, 8.0, 0.3, -0.3)",0.41040928565847967,0.1590376840160519,0.25319651603598103
2,"(3.0, 8.0, 0.3, -0.3)",0.422450957375642,0.1649751814299354,0.2737788062325546
2,"(3.0, 8.0, 0.3, -0.3)",0.45676273171319737,0.1999178149255747,0.33085998140950945
2,"(3.0, 8.0, 0.3, -0.3)",0.41395845790122004,0.16554177268840875,0.27690610041682717
2,"(3.0, 8.0, 0.7, 0.0)",0.2796906738030842,0.04819965444179952,0.08549688912210218
2,"(3.0, 8.0, 0.7, 0.0)",0.27667424643842986,0.05508326664277674,0.0725406449316992
2,"(3.0, 8.0, 0.7, 0.0)",0.28103879248173674,0.03804673977938133,0.05066444441292717
2,"(3.0, 8.0, 0.7, 0.0)",0.27414588420436975,0.048028902164150455,0.06837603131577819
2,"(3.0, 8.0, 0.7, 0.0)",0.30347676701962645,0.1260481528883579,0.16911446824011467
2,"(3.0, 8.0, 0.7, 0.0)",0.2691629399508131,0.09187902030543649,0.11751279455598684
2,"(3.0, 8.0, 0.7, 0.0)",0.26424170486101917,0.06200645633113977,0.10535121785717116
2,"(3.0, 8.0, 0.7, 0.0)",0.24703412212523002,0.03804630768702055,0.061145827978981604
2,"(3.0, 8.0, 0.7, 0.0)",0.27415141149575584,0.06059719059719093,0.07531739416611671
2,"(3.0, 8.0, 0.7, 0.0)",0.2657912176397923,0.06862486293565628,0.11073123268178531
2,"(3.0, 8.0, 0.7, 0.0)",0.24487032100057682,0.05058482375661266,0.07605350294850055
2,"(3.0, 8.0, 0.7, 0.0)",0.2763649434659587,0.04938881827318253,0.0672854362541413
2,"(3.0, 8.0, 0.7, 0.0)",0.25355779400497447,0.07113024074440255,0.12482833207278166
2,"(3.0, 8.0, 0.7, 0.0)",0.25556057689481554,0.06567218233938088,0.10485358127817967
2,"(3.0, 8.0, 0.7, 0.0)",0.2658847399144148,0.06222351480516708,0.09256643429975497
2,"(3.0, 8.0, 0.7, 0.3)",0.2677030496162631,0.06617735704542183,0.0678237444555232
2,"(3.0, 8.0, 0.7, 0.3)",0.25649012275583793,0.05504729745197423,0.06505544622390369
2,"(3.0, 8.0, 0.7, 0.3)",0.26761770219662145,0.06148271194670607,0.039714925470432316
2,"(3.0, 8.0, 0.7, 0.3)",0.28737237832672824,0.06950049273021364,0.10828324748081553
2,"(3.0, 8.0, 0.7, 0.3)",0.2579264240769925,0.04676567804009024,0.05376114163618073
2,"(3.0, 8.0, 0.7, 0.3)",0.25871371566486256,0.05336250779755414,0.07211218694397559
2,"(3.0, 8.0, 0.7, 0.3)",0.2822721528498431,0.042698384692029245,0.03007317602164994
2,"(3.0, 8.0, 0.7, 0.3)",0.2537217649732021,0.06866941216225309,0.07109477750932269
2,"(3.0, 8.0, 0.7, 0.3)",0.26878630911495605,0.059971930633706094,0.08639293618740762
2,"(3.0, 8.0, 0.7, 0.3)",0.26353923521512235,0.043168414705205826,0.04720119159055658
2,"(3.0, 8.0, 0.7, 0.3)",0.27453341091118955,0.05463340078286194,0.053290749988597064
2,"(3.0, 8.0, 0.7, 0.3)",0.2563163453734245,0.049860524685312546,0.04357046268262499
2,"(3.0, 8.0, 0.7, 0.3)",0.25722598451957124,0.030337367101135326,0.018298831560271456
2,"(3.0, 8.0, 0.7, 0.3)",0.28302393172739054,0.04614017769482115,0.041937774595759425
2,"(3.0, 8.0, 0.7, 0.3)",0.2544921684790348,0.0497707737859443,0.07260685772382391
2,"(3.0, 8.0, 0.7, 0.6)",0.2735291463734697,0.05140599111014654,0.035221985245947884
2,"(3.0, 8.0, 0.7, 0.6)",0.26960015551077143,0.04699686609602405,0.005684951581382602
2,"(3.0, 8.0, 0.7, 0.6)",0.2857430548185845,0.05982233776022383,0.05545592257251286
2,"(3.0, 8.0, 0.7, 0.6)",0.24955512800493998,0.04583563239198907,0.023691651662751667
2,"(3.0, 8.0, 0.7, 0.6)",0.26088669839478995,0.04254144096787149,0.02314110127528357
2,"(3.0, 8.0, 0.7, 0.6)",0.25427753174215195,0.05252551583257037,0.042875702876656874
2,"(3.0, 8.0, 0.7, 0.6)",0.27307491411161244,0.05797856921059652,0.016412697862782544
2,"(3.0, 8.0, 0.7, 0.6)",0.284129353133623,0.07761776943431387,0.022685444628077533
2,"(3.0, 8.0, 0.7, 0.6)",0.28518438183692524,0.062256741745790434,0.05443382719485257
2,"(3.0, 8.0, 0.7, 0.6)",0.25881117553808813,0.0638002018139383,0.07073990675328412
2,"(3.0, 8.0, 0.7, 0.6)",0.26186641812417094,0.06566700700898576,0.042077509066594576
2,"(3.0, 8.0, 0.7, 0.6)",0.2581610798540904,0.06801502423457606,0.05794629131137352
2,"(3.0, 8.0, 0.7, 0.6)",0.2580045181581855,0.051787892124217194,0.06050545088451109
2,"(3.0, 8.0, 0.7, 0.6)",0.2566344050923657,0.0729137202645278,0.04507958682350477
2,"(3.0, 8.0, 0.7, 0.6)",0.24957050372105188,0.0447714410078468,0.05055415090990545
2,"(3.0, 8.0, 0.7, -0.3)",0.26643487479982014,0.06233011049141757,0.10311158334693893
2,"(3.0, 8.0, 0.7, -0.3)",0.26844251189821816,0.051629379208781856,0.06915431949726702
2,"(3.0, 8.0, 0.7, -0.3)",0.2779068787968919,0.0468316643755009,0.0891235073543859
2,"(3.0, 8.0, 0.7, -0.3)",0.2590975230507882,0.051182125242591914,0.11210228204958561
2,"(3.0, 8.0, 0.7, -0.3)",0.2881988342988798,0.044749926383654604,0.08425741187473035
2,"(3.0, 8.0, 0.7, -0.3)",0.2574727853146396,0.06392045132374768,0.11707582556819496
2,"(3.0, 8.0, 0.7, -0.3)",0.2550399842554794,0.06996425457623912,0.1130362489480703
2,"(3.0, 8.0, 0.7, -0.3)",0.26276014522945806,0.03787558554952275,0.054968506978494425
2,"(3.0, 8.0, 0.7, -0.3)",0.28158436065573406,0.055926397363895264,0.07623347404127312
2,"(3.0, 8.0, 0.7, -0.3)",0.2592539154431127,0.058922692605518856,0.08668670151612368
2,"(3.0, 8.0, 0.7, -0.3)",0.26226174974048666,0.07215243317013931,0.11758656264584566
2,"(3.0, 8.0, 0.7, -0.3)",0.24752924077705768,0.04761595194320001,0.08764053444173481
2,"(3.0, 8.0, 0.7, -0.3)",0.28003393857724085,0.09803472460266804,0.16550492156526353
2,"(3.0, 8.0, 0.7, -0.3)",0.2848216810701547,0.04916500314829175,0.07937673200659923
2,"(3.0, 8.0, 0.7, -0.3)",0.2753190022826132,0.058346495793024866,0.106689383022613
2,"(3.0, 20.0, 0.3, 0.0)",0.36151643677279066,0.11765055239751665,0.17481466729251105
2,"(3.0, 20.0, 0.3, 0.0)",0.35756841188007593,0.09846477868736314,0.11964656232192805
2,"(3.0, 20.0, 0.3, 0.0)",0.3664046250869278,0.11851854362630676,0.1636697764006536
2,"(3.0, 20.0, 0.3, 0.0)",0.38497847233524357,0.11213689957168582,0.16673660357297937
2,"(3.0, 20.0, 0.3, 0.0)",0.3768923900060227,0.12667661359304594,0.1787373665297185
2,"(3.0, 20.0, 0.3, 0.0)",0.3844479809262855,0.1190852368601405,0.15572329506364557
2,"(3.0, 20.0, 0.3, 0.0)",0.37278791810676226,0.1124131376048414,0.1460830446038739
2,"(3.0, 20.0, 0.3, 0.0)",0.3774784243768101,0.12229233248082272,0.17857773129692767
2,"(3.0, 20.0, 0.3, 0.0)",0.3640963216364992,0.1022671965218156,0.15174754930386136
2,"(3.0, 20.0, 0.3, 0.0)",0.34674242792167365,0.1005409506863566,0.15038527794219725
2,"(3.0, 20.0, 0.3, 0.0)",0.36840107783469783,0.10809523504856466,0.1532628892981247
2,"(3.0, 20.0, 0.3, 0.0)",0.3780477739648311,0.10543099198972827,0.14692816915915063
2,"(3.0, 20.0, 0.3, 0.0)",0.3846884175706756,0.14734540339047153,0.19983315685114356
2,"(3.0, 20.0, 0.3, 0.0)",0.357068401095705,0.11089892745758778,0.15994831101625007
2,"(3.0, 20.0, 0.3, 0.0)",0.3617192004731565,0.10271029757502559,0.15333207778370728
2,"(3.0, 20.0, 0.3, 0.3)",0.39785482068236233,0.10743248632756486,0.126488263718203
2,"(3.0, 20.0, 0.3, 0.3)",0.344644376428772,0.09675131727065289,0.10631174863921311
2,"(3.0, 20.0, 0.3, 0.3)",0.3712293004725547,0.11571130138206254,0.1409525756464025
2,"(3.0, 20.0, 0.3, 0.3)",0.3948846674066886,0.10798660266212168,0.1113456744720609
2,"(3.0, 20.0, 0.3, 0.3)",0.34915516370799304,0.10302525507089078,0.1539673372076562
2,"(3.0, 20.0, 0.3, 0.3)",0.35856271888474056,0.11205789219375428,0.09305783533719403
2,"(3.0, 20.0, 0.3, 0.3)",0.3681090035904723,0.10107560330225906,0.11533218987419591
2,"(3.0, 20.0, 0.3, 0.3)",0.38319886540159875,0.1036819765511039,0.11744789164116431
2,"(3.0, 20.0, 0.3, 0.3)",0.38165314994474137,0.0910270059449434,0.11359231142150739
2,"(3.0, 20.0, 0.3, 0.3)",0.36297936665313124,0.09625523515668388,0.11121654971728567
2,"(3.0, 20.0, 0.3, 0.3)",0.3799377682057353,0.09977816156474861,0.14104601417713925
2,"(3.0, 20.0, 0.3, 0.3)",0.36477719101738504,0.0857309360290559,0.12125728874303388
2,"(3.0, 20.0, 0.3, 0.3)",0.38249291354704973,0.10895606667911006,0.14029892113873244
2,"(3.0, 20.0, 0.3, 0.3)",0.3637687245587311,0.09365229086598337,0.13718780233304573
2,"(3.0, 20.0, 0.3, 0.3)",0.36374943465012555,0.10707406842037148,0.12678048056576197
2,"(3.0, 20.0, 0.3, 0.6)",0.3673689193885728,0.10029018858963856,0.0811498877815211
2,"(3.0, 20.0, 0.3, 0.6)",0.3877228390930374,0.11563079595644488,0.06450106141173118
2,"(3.0, 20.0, 0.3, 0.6)",0.35762394546860105,0.1027986264012366,0.10333281905185654
2,"(3.0, 20.0, 0.3, 0.6)",0.35486028016978455,0.09338038809930072,0.03669903113379602
2,"(3.0, 20.0, 0.3, 0.6)",0.37590661445779555,0.09210978005779769,0.03837096732138878
2,"(3.0, 20.0, 0.3, 0.6)",0.3617665576199607,0.11202443170936038,0.08582213695868157
2,"(3.0, 20.0, 0.3, 0.6)",0.36286241326772817,0.0828967040594002,0.06347595187012445
2,"(3.0, 20.0, 0.3, 0.6)",0.36031753012641826,0.09991112083391651,0.06250074855220111
2,"(3.0, 20.0, 0.3, 0.6)",0.369582894093782,0.10726531612702828,0.08500967524158787
2,"(3.0, 20.0, 0.3, 0.6)",0.36358383582211434,0.11786441831132044,0.10647013570246333
2,"(3.0, 20.0, 0.3, 0.6)",0.36695048216425075,0.09999487603720847,0.011886607618746048
2,"(3.0, 20.0, 0.3, 0.6)",0.35891443120205724,0.09211835449216244,0.06364409723943565
2,"(3.0, 20.0, 0.3, 0.6)",0.3702631830916693,0.11960266910308892,0.06709597808414758
2,"(3.0, 20.0, 0.3, 0.6)",0.3909252460721734,0.1175316672398723,0.08502858731777474
2,"(3.0, 20.0, 0.3, 0.6)",0.38542867397096864,0.06807168807939146,0.035492346630155325
2,"(3.0, 20.0, 0.3, -0.3)",0.37423373343330535,0.07866539612165124,0.11754400657183783
2,"(3.0, 20.0, 0.3, -0.3)",0.3683101267192861,0.11282040591852627,0.1889788260793992
2,"(3.0, 20.0, 0.3, -0.3)",0.35709175652563835,0.09293772476087248,0.1448818418205846
2,"(3.0, 20.0, 0.3, -0.3)",0.3518685833284907,0.10440356325572675,0.1726205917089656
2,"(3.0, 20.0, 0.3, -0.3)",0.3916210760390186,0.08366414498870345,0.12015897461831848
2,"(3.0, 20.0, 0.3, -0.3)",0.37978669408364835,0.1020968027637863,0.16575311654200586
2,"(3.0, 20.0, 0.3, -0.3)",0.4067879396854824,0.1523168327169684,0.2508456690845895
2,"(3.0, 20.0, 0.3, -0.3)",0.36771735135054573,0.10391323221644311,0.17966490526951961
2,"(3.0, 20.0, 0.3, -0.3)",0.3587457438002094,0.11538033453844698,0.18363794618769624
2,"(3.0, 20.0, 0.3, -0.3)",0.37274263007442426,0.1192602732231729,0.1534931240557995
2,"(3.0, 20.0, 0.3, -0.3)",0.3500053886764194,0.09739620325226617,0.18154170325138885
2,"(3.0, 20.0, 0.3, -0.3)",0.3489862815510436,0.09590790880661659,0.16975988036099743
2,"(3.0, 20.0, 0.3, -0.3)",0.3710686212170723,0.09510013129673767,0.14199338521965021
2,"(3.0, 20.0, 0.3, -0.3)",0.3663782138334112,0.11198141779577186,0.1721395164756414
2,"(3.0, 20.0, 0.3, -0.3)",0.365880168473113,0.10887636638860543,0.1634138516335799
2,"(3.0, 20.0, 0.7, 0.0)",0.21575543157154714,0.023478319643311707,0.01602676099337419
2,"(3.0, 20.0, 0.7, 0.0)",0.204238356639678,0.0155577635953279,0.007453951634055933
2,"(3.0, 20.0, 0.7, 0.0)",0.19361441416923708,0.008099902809159287,0.011053093366895084
2,"(3.0, 20.0, 0.7, 0.0)",0.19751957230855632,0.011728891277613673,0.006973952666249339
2,"(3.0, 20.0, 0.7, 0.0)",0.22766358002688064,0.016489150672978514,0.023800094012515594
2,"(3.0, 20.0, 0.7, 0.0)",0.19099376144736457,0.0176717531624484,0.021912682134385797
2,"(3.0, 20.0, 0.7, 0.0)",0.20707577462836158,0.0037740646175410397,0.010508119169806207
2,"(3.0, 20.0, 0.7, 0.0)",0.20371097434523078,0.014101271150378514,0.058427162530266585
2,"(3.0, 20.0, 0.7, 0.0)",0.20271836604841165,0.009199867116721272,0.005274885114670891
2,"(3.0, 20.0, 0.7, 0.0)",0.21807071024865904,0.009730947511464638,0.01770702028397153
2,"(3.0, 20.0, 0.7, 0.0)",0.1917730254141256,0.013310697744509659,0.001072318351638124
2,"(3.0, 20.0, 0.7, 0.0)",0.19281019229528318,0.018850263783068755,0.009089833367440292
2,"(3.0, 20.0, 0.7, 0.0)",0.20825028812704882,0.01991821813936334,0.014374200710440377
2,"(3.0, 20.0, 0.7, 0.0)",0.20884331709259768,0.009765366373890139,0.012839229316233158
2,"(3.0, 20.0, 0.7, 0.0)",0.19173213266319694,0.021846878279000226,0.0054542022148043046
2,"(3.0, 20.0, 0.7, 0.3)",0.21576496441534987,0.023288316102877404,0.012952297940545865
2,"(3.0, 20.0, 0.7, 0.3)",0.20026022189783443,0.015705007732346177,0.027707918652990493
2,"(3.0, 20.0, 0.7, 0.3)",0.21333325014404791,0.021399121709227753,0.0013757566329024584
2,"(3.0, 20.0, 0.7, 0.3)",0.218964922186346,0.01438183372988533,0.014219750440183976
2,"(3.0, 20.0, 0.7, 0.3)",0.19715533085228654,0.018973702916338597,0.027392571523935594
2,"(3.0, 20.0, 0.7, 0.3)",0.22491277708211857,0.022698544653091846,0.03583773187228845
2,"(3.0, 20.0, 0.7, 0.3)",0.22294490614420714,0.01550896362338472,0.017015782287139736
2,"(3.0, 20.0, 0.7, 0.3)",0.19760904973464904,0.013312953840321828,0.04046939700533336
2,"(3.0, 20.0, 0.7, 0.3)",0.2224917085380364,0.008472852943679943,0.014391517249969787
2,"(3.0, 20.0, 0.7, 0.3)",0.19949011604024897,0.022650149435860856,0.015424662973472003
2,"(3.0, 20.0, 0.7, 0.3)",0.20626012636447796,0.023304842044279184,0.010589821161615554
2,"(3.0, 20.0, 0.7, 0.3)",0.2153509766431949,0.025844159978897663,0.028532321446510522
2,"(3.0, 20.0, 0.7, 0.3)",0.19720621337535282,0.009912890412745679,0.00041634920594901814
2,"(3.0, 20.0, 0.7, 0.3)",0.22026307510521415,0.02390717320508906,0.004232803706176291
2,"(3.0, 20.0, 0.7, 0.3)",0.20707303959248188,0.037175354093457846,0.024013426315165898
2,"(3.0, 20.0, 0.7, 0.6)",0.19007860391380532,0.023371768315817443,0.02044404579099579
2,"(3.0, 20.0, 0.7, 0.6)",0.2143749274006752,0.01686106323564629,0.007159025699441823
2,"(3.0, 20.0, 0.7, 0.6)",0.2130467957473136,0.02514587975867766,0.014431165756229714
2,"(3.0, 20.0, 0.7, 0.6)",0.21138811593726825,0.0019029879779643988,0.032898679042650425
2,"(3.0, 20.0, 0.7, 0.6)",0.19937589729240499,0.03339058497210767,0.001980664524388498
2,"(3.0, 20.0, 0.7, 0.6)",0.19878628719067282,0.02865715137776026,0.005954622406719512
2,"(3.0, 20.0, 0.7, 0.6)",0.21207963507511216,0.02710420724063556,0.005244052302157076
2,"(3.0, 20.0, 0.7, 0.6)",0.19074017262981222,0.012439412418187024,0.0003127110571932157
2,"(3.0, 20.0, 0.7, 0.6)",0.2051695828479696,0.01445609260625802,0.01638560659385835
2,"(3.0, 20.0, 0.7, 0.6)",0.2069392884595569,0.02053227502896582,0.010450665018536753
2,"(3.0, 20.0, 0.7, 0.6)",0.22270310448502634,0.021726894129985297,0.024987342451455063
2,"(3.0, 20.0, 0.7, 0.6)",0.2054858107700992,0.022484775737447338,0.0024800882945092972
2,"(3.0, 20.0, 0.7, 0.6)",0.20776592673462485,0.012492889658804573,0.02207057434896953
2,"(3.0, 20.0, 0.7, 0.6)",0.20303255527257205,0.013942001866648734,0.0035073170202171156
2,"(3.0, 20.0, 0.7, 0.6)",0.19524650921224834,0.027713035159339983,0.003463827918404494
2,"(3.0, 20.0, 0.7, -0.3)",0.20487061255903358,0.016088885190026714,0.03210787301820961
2,"(3.0, 20.0, 0.7, -0.3)",0.20231385136484437,0.03865881208745092,0.07556170417808339
2,"(3.0, 20.0, 0.7, -0.3)",0.204129947733674,0.013820868362157235,0.029854521023015668
2,"(3.0, 20.0, 0.7, -0.3)",0.22439987106566228,0.03461847324428091,0.0449150178302391
2,"(3.0, 20.0, 0.7, -0.3)",0.20096949180407897,0.01998973106984936,0.0001664181838938461
2,"(3.0, 20.0, 0.7, -0.3)",0.19129802105256355,0.02627301058092213,0.03930508117781972
2,"(3.0, 20.0, 0.7, -0.3)",0.21913189636180413,0.019287885574625463,0.025797736712554364
2,"(3.0, 20.0, 0.7, -0.3)",0.19168540575165727,0.025386831161594348,0.05027394372720728
2,"(3.0, 20.0, 0.7, -0.3)",0.19822064129183492,0.015556505097007234,0.024619475343524932
2,"(3.0, 20.0, 0.7, -0.3)",0.1942421817188389,0.010862424914531266,0.02455117041384458
2,"(3.0, 20.0, 0.7, -0.3)",0.19987345297457487,0.011877979977862774,0.00877872015563863
2,"(3.0, 20.0, 0.7, -0.3)",0.2134548332490135,0.021631288612055544,0.018469272208234244
2,"(3.0, 20.0, 0.7, -0.3)",0.2234428902368209,0.008009081573401966,0.03993218620088168
2,"(3.0, 20.0, 0.7, -0.3)",0.20535953521886546,0.012169481365204904,0.0022026822603642415
2,"(3.0, 20.0, 0.7, -0.3)",0.1985563686536589,0.015986057888822236,0.03245306894994737
